tic gt tpeak labels pred_s0992
229944109.0 0 1808.844250306577 0 0.0016389092
445410746.0 0 1805.5563970684336 0 0.0015350546
331780550.0 0 1809.1813578567921 0 0.0005417247
347768506.0 0 1805.2442930988377 0 0.0017886014
233629196.0 0 1812.385866191936 0 0.0021305347
229748836.0 0 1812.386148366143 0 0.00023710956
427766763.0 0 1797.0553628876457 0 0.0006934184
130083516.0 1 1795.1827995757753 1 0.99999446
390170776.0 1 1797.139776137706 1 1.0
233079895.0 1 1811.239875266335 1 0.9999925
275146861.0 1 1799.0970435376244 1 0.9999653
139553692.0 0 1809.1410603448255 0 0.0013059817
267882450.0 0 1805.1985978979587 0 0.00039395606
26439243.0 1 1805.5579826466449 1 0.9999522
347581893.0 1 1793.9317349980083 1 1.0
302468363.0 1 1810.3698906091354 1 0.9999992
235709858.0 0 1812.3450137685304 0 0.00041653297
377507360.0 1 1795.2842205617364 1 0.9999868
385245132.0 1 1797.7865767193418 1 0.9999739
94448601.0 1 1798.453762495035 1 0.9999986
299332103.0 0 1809.1606284246282 0 0.0002921495
316629077.0 1 1798.4320356029018 1 0.9998373
417746712.0 0 1812.3673901646855 0 0.00013822693
219800917.0 1 1794.323099213907 1 1.0
405414542.0 1 1797.4956025957513 1 0.9998693
372389105.0 0 1805.2420174422061 0 0.00034446793
367089929.0 1 1796.3463625388201 1 1.0
258627737.0 0 1805.2829308461585 0 0.0010786678
321819483.0 0 1808.887486486495 0 0.00051613897
139532737.0 1 1797.495178420349 1 0.99988616
233080784.0 1 1810.323165863295 1 0.99998945
428606311.0 1 1797.472200722201 1 0.99878484
422533069.0 1 1799.1397987660507 1 0.9961619
192320564.0 1 1810.9533068626629 1 0.9999797
332870266.0 0 1809.2023477820762 0 0.00027427552
245470004.0 1 1795.9525867046425 1 0.99996567
436861165.0 0 1796.6414726933483 0 0.0034592277
327189417.0 1 1797.015668106432 1 0.9998621
250560831.0 0 1808.8695912534563 0 0.00055436627
359432099.0 0 1796.9100025866217 0 0.00054889056
233724202.0 0 1797.9689058450863 0 0.0025986442
377672342.0 1 1797.6386860482012 1 1.0
322310532.0 1 1795.3044477421474 1 0.99999636
259266180.0 0 1812.365631423346 0 0.0003439544
269414794.0 1 1797.32623283249 1 0.99995947
416046064.0 1 1793.7242480486411 1 0.9999296
194779555.0 1 1811.4536995418362 1 0.9991599
283840173.0 1 1806.285123735164 1 0.99971527
396006762.0 0 1812.3472591346356 0 0.00074675627
271754473.0 0 1808.8679112428883 0 0.0010676836
104316130.0 0 1808.8490844944956 0 0.0023406805
283933555.0 1 1797.576937585975 1 0.9999999
356340576.0 1 1798.1139023296853 1 0.99684715
422533317.0 1 1795.5772776013891 1 0.9997323
378861516.0 0 1800.3054818335218 0 0.00011345551
251172551.0 0 1793.3901038138363 0 0.0030924957
229497700.0 1 1798.7823280215107 1 0.99996656
385401741.0 1 1810.1402593258656 1 0.9999973
241049137.0 0 1805.2027647659788 0 0.0017686151
241005693.0 0 1805.2443037777311 0 0.00012267962
279002856.0 0 1805.326834921049 0 0.0034593444
390521483.0 0 1805.2026109910491 0 0.0009659574
407416720.0 0 1805.2238762630568 0 0.0013185951
431960980.0 1 1796.5783939886092 1 0.99996567
321720499.0 1 1796.887600766284 1 0.99999946
346787412.0 1 1797.3702547125827 1 0.99999595
256482129.0 1 1799.0355193511327 1 0.999987
241024734.0 0 1812.3899751211118 0 0.0010052017
396267528.0 0 1797.8474384751628 0 0.0031629407
403832971.0 1 1810.1812115790133 1 0.99999887
264918797.0 0 1812.3486784602446 0 0.00056573417
245701169.0 1 1805.5152802863413 1 1.0
233527009.0 0 1797.9691133526132 0 0.00083588116
259130225.0 1 1794.9490967432173 1 1.0
270015117.0 0 1796.9095936576848 0 0.0004470439
34821228.0 1 1798.0373031952952 1 0.99999994
452995303.0 1 1795.0146504101767 1 0.99940187
400336887.0 1 1796.9514868664533 1 0.9999999
436883430.0 1 1796.4747905612962 1 0.9999836
54204641.0 1 1794.4730150248067 1 0.99989516
178143596.0 1 1806.0370043695727 1 0.9987965
250473966.0 0 1808.8695396572718 0 0.00024597894
249898079.0 0 1796.8281217371855 0 0.0031823672
245707562.0 0 1805.2029190715734 0 0.0004351008
441807965.0 0 1805.1988117228434 0 0.00042492794
284971496.0 0 1805.217950977784 0 0.0009685913
256347735.0 0 1805.2416799031575 0 0.00021988733
284535029.0 0 1812.7016102886041 0 0.0019439148
252103748.0 0 1809.285470384023 0 0.0029690657
367241683.0 1 1798.7214437660605 1 0.99997973
436860179.0 0 1809.016302914273 0 0.0019670576
354798248.0 1 1793.9321480755395 1 0.99797916
378589986.0 1 1805.7428333544815 1 0.9999999
418134290.0 0 1805.2222836044218 0 0.0014110121
229944109.0 0 1812.3441908902778 0 0.00060646405
229788338.0 1 1798.2612857133051 1 0.99973524
285384380.0 1 1796.7870677780345 1 0.9996603
12550101.0 1 1796.5771773647668 1 0.99999756
219109953.0 1 1798.5319088423794 1 0.9999895
219779428.0 0 1808.8438042408002 0 0.003914535
94455316.0 0 1793.1410072931294 0 0.001096097
307115630.0 0 1805.514835695504 0 0.00021984287
250866967.0 1 1805.8488754997572 1 0.9997896
385444288.0 0 1796.8048912726817 0 0.0025043197
49942082.0 1 1798.2857373472461 1 0.9999946
286482458.0 1 1798.3897461438928 1 0.99997675
441797422.0 1 1805.9278410797492 1 0.9999938
359134285.0 1 1810.2430946271631 1 0.9997514
250475148.0 0 1808.869500384763 0 0.0006754047
403626895.0 0 1812.3484266492453 0 0.0014488609
229800570.0 0 1808.8653270850516 0 0.0005564476
268850495.0 0 1812.7841669707782 0 0.0017827589
354013125.0 1 1794.4733567421417 1 0.99999815
441802006.0 1 1794.6154643914558 1 0.9999864
402953332.0 1 1811.0335679454286 1 0.9994742
94335288.0 0 1809.1204809546555 0 0.0015198672
279565723.0 0 1808.8675056792088 0 0.00049961987
326210045.0 1 1805.6571997675262 1 0.9998895
407118556.0 1 1798.3679482324594 1 0.9999865
438262949.0 0 1808.9330959971892 0 0.0015627213
219772326.0 0 1797.9685021853873 0 0.000671306
256108894.0 0 1805.5561815364863 0 0.00041537813
245399809.0 0 1793.3275221369374 0 0.0007849958
351686387.0 1 1794.95164791033 1 0.99999946
376997143.0 0 1805.1980805316202 0 0.00083749846
332984339.0 1 1794.1190358907202 1 0.99998105
28778281.0 1 1798.4741588034028 1 0.99390453
5639198.0 0 1808.9118724808854 0 0.009251246
368452048.0 1 1798.5557264395134 1 0.99994093
238721667.0 1 1811.494709793601 1 0.99999934
219900578.0 0 1808.844395754463 0 0.000692814
270137767.0 0 1808.8677692212486 0 0.0030800884
316552547.0 1 1799.8045918626929 1 0.99999917
138122553.0 0 1809.1204556295888 0 0.0013927951
327508381.0 1 1799.6407344430888 1 0.99994534
192471870.0 1 1794.057452704866 1 0.9983443
265010455.0 0 1805.202702063244 0 0.0011506425
284714811.0 0 1809.3893204002886 0 0.0008991842
94671657.0 0 1812.891441747161 0 0.0011441094
34753451.0 0 1796.6414736549564 0 0.0036809933
315520526.0 1 1797.1191853211772 1 0.99998665
307276485.0 0 1805.2441529852624 0 0.0018150505
84161760.0 1 1806.3683624355617 1 0.99909705
301480359.0 1 1796.2238687657975 1 0.999999
356978759.0 1 1799.260307497522 1 0.99995315
229512467.0 0 1805.198872038654 0 0.00022391943
445378752.0 1 1810.7021561286049 1 0.9999822
288314361.0 0 1794.1992594305643 0 0.0002758942
373701453.0 1 1795.493633957156 1 0.79787326
327703444.0 1 1797.1199402151442 1 0.99231684
21018135.0 1 1799.2182480714898 1 0.9999993
139464423.0 1 1793.6202690517223 1 0.99862003
444445708.0 1 1810.2850223952385 1 0.99999744
352408429.0 0 1793.324782064193 0 0.0012760583
320493641.0 1 1811.389309944997 1 0.9999949
279285973.0 1 1798.4724757391562 1 0.99999946
250455085.0 0 1805.2237708718865 0 0.0038948245
65165362.0 0 1812.453444140659 0 0.0048066494
395769456.0 1 1805.3889580197429 1 0.925698
302313993.0 1 1800.328212600081 1 0.9999817
395944886.0 0 1800.3053800860284 0 0.0004884893
238771755.0 1 1793.682435091067 1 0.99999654
229401156.0 0 1812.3443133551957 0 0.00038617826
332568616.0 0 1812.7022468397724 0 0.00017101606
65351247.0 0 1808.9117450509934 0 0.0036265259
321682751.0 0 1805.2416649100778 0 0.00029104998
408703881.0 0 1800.3049032223294 0 0.00063846115
370212062.0 1 1800.0775084073662 1 0.9993949
420850745.0 0 1796.6394826193546 0 0.0021293822
390040549.0 1 1799.3688162773049 1 0.9968282
184588451.0 0 1800.140994416189 0 0.001022096
26432739.0 1 1796.6204041757853 1 0.9999999
240897927.0 1 1798.015153412634 1 0.9999481
252116309.0 1 1810.2854761481208 1 0.8980314
285280982.0 0 1809.2035132714122 0 0.002160874
264612637.0 1 1798.2443212007531 1 0.99985516
240993834.0 0 1805.2027006586402 0 0.0013291637
85486829.0 0 1809.1830032338057 0 0.0033549406
250709705.0 0 1796.640541061268 0 0.0022309378
367003633.0 1 1798.7004989639197 1 0.9999629
406845242.0 0 1812.3679666295445 0 0.00018263809
417699430.0 0 1808.866061217476 0 0.0008411358
417607351.0 0 1796.8250198295693 0 0.0008893454
444413797.0 0 1793.139287942388 0 0.00029006376
326257345.0 1 1797.470063884671 1 0.99992526
301259781.0 1 1799.8697504831473 1 0.9999966
203035428.0 1 1810.578290100334 1 0.99989283
376964669.0 1 1798.1591026354122 1 0.99969983
353083186.0 0 1808.8473867734008 0 0.00017597096
251817717.0 1 1805.7446332260938 1 0.99995244
345915530.0 1 1796.8482967664113 1 0.99826616
250454268.0 0 1796.76544745723 0 0.0014360189
237014073.0 1 1796.886989509427 1 0.9999649
285578995.0 1 1794.0769312093873 1 0.99999964
250923701.0 1 1799.8279573547634 1 0.9999986
374211362.0 0 1808.9313526862238 0 0.0011531716
302476679.0 0 1805.2446823749403 0 0.0010989881
375985267.0 1 1798.0339051061278 1 0.9999988
373626245.0 1 1798.181379904086 1 0.9999999
26435247.0 0 1809.1205593751336 0 0.0016522383
397803860.0 1 1810.3889869468615 1 0.9999794
445303963.0 0 1809.2021190359073 0 0.0010638443
240764205.0 0 1809.2021210348034 0 0.0010890829
385048098.0 0 1805.2035590981038 0 0.0017882626
289581773.0 0 1812.4896424175952 0 0.00030579758
358909502.0 0 1805.200851038343 0 0.00068910304
389962223.0 0 1808.843544533326 0 0.0001373481
63466196.0 0 1812.6824371758412 0 0.001333718
291959014.0 0 1793.140751902683 0 0.0006194132
377201663.0 1 1805.658999163114 1 0.9999998
403744320.0 1 1811.390438926593 1 0.9988399
233719821.0 1 1796.7190287875187 1 0.99899894
116218714.0 1 1794.557331518086 1 1.0
366635780.0 1 1795.7212105676017 1 0.99998486
352406822.0 0 1805.241375977585 0 0.0001707241
417749569.0 1 1795.430161659577 1 0.9999765
353002246.0 1 1796.6599602427675 1 1.0
367862410.0 1 1799.28429920648 1 0.99998283
378585324.0 1 1795.4303790061356 1 0.9999784
378366908.0 0 1805.2014628042434 0 0.00077071873
13456596.0 0 1808.9105576043685 0 0.0009074741
407462577.0 1 1795.492816743814 1 0.99997437
184587091.0 0 1805.4951268719697 0 0.0038765783
395586623.0 0 1812.34732838522 0 0.00077716314
285936441.0 1 1810.2866676436493 1 0.99726105
270005883.0 0 1809.3704121541225 0 0.0024577936
445293991.0 0 1805.681205693859 0 0.0005916198
368508592.0 1 1799.2846886437321 1 0.9999218
445259470.0 1 1798.4938829526786 1 0.99999183
379528619.0 1 1798.222537581978 1 0.7097143
256695842.0 0 1808.9105945914107 0 0.0009243133
419745366.0 1 1798.847627614406 1 0.99999326
83425443.0 0 1805.2431395869576 0 0.0009289724
256642325.0 1 1810.7626392711657 1 0.99994564
373394521.0 0 1808.8885210089086 0 0.0010383743
52426624.0 0 1812.7019355847253 0 0.0028442265
259107632.0 1 1798.2030004738456 1 0.9999809
289355048.0 1 1796.6597668034126 1 0.999995
104317112.0 0 1796.8905753515517 0 0.003070294
396355329.0 0 1809.1599614556721 0 0.0007417748
104059935.0 0 1805.2031833416 0 0.0006742464
279378661.0 1 1798.6177924745634 1 0.9996398
34691690.0 0 1812.3913356817177 0 0.0030935586
292324789.0 1 1796.2448387439347 1 0.9999985
372356717.0 1 1810.1404283409354 1 0.9999984
250776044.0 0 1812.348721760793 0 0.0024053566
268842033.0 0 1812.36749037713 0 6.26524e-05
94279774.0 1 1796.3078128140978 1 0.9999984
279606294.0 1 1796.5549821761479 1 0.99999976
435167321.0 0 1812.367430483355 0 0.0009454519
258801567.0 0 1812.3445427980457 0 0.00014594203
250560326.0 1 1798.9738586198625 1 0.99998134
377165286.0 0 1812.3646585731121 0 0.0018597727
370059938.0 0 1812.7022791800925 0 0.0023137664
137991091.0 1 1793.4537804696588 1 0.9999761
63559370.0 1 1793.2662316137614 1 0.99986464
283133292.0 1 1806.0765886089428 1 0.9882371
395652803.0 1 1795.5971935520847 1 0.999775
71853056.0 0 1809.0359342334239 0 0.0009875582
390521861.0 1 1794.6816211196012 1 0.9999424
381733616.0 0 1809.078531822213 0 0.0019763892
292725056.0 0 1812.3697612553146 0 0.0012192763
229910664.0 1 1798.0110751971406 1 0.9999732
283244040.0 0 1805.6184374058014 0 0.0014171813
77420789.0 1 1797.0371270492535 1 0.9999915
327010874.0 1 1793.390592197561 1 0.99999756
333801983.0 1 1794.92894657737 1 1.0
199572965.0 0 1812.364476913887 0 0.00275744
229491564.0 0 1805.2197563007 0 0.00016724002
445189935.0 1 1799.5564880915745 1 0.9999956
407163612.0 1 1810.243100820511 1 0.9997077
422533925.0 0 1796.6397275281247 0 0.82347196
407381866.0 1 1810.8487325096617 1 0.99998534
286240747.0 0 1812.4952294657296 0 0.0033142383
436848926.0 0 1796.6414343713811 0 0.005315432
26619955.0 1 1793.516140532302 1 0.9998999
251298307.0 1 1797.640209354701 1 0.99964255
353604021.0 0 1805.2852860546823 0 0.00064687955
85489202.0 1 1796.2038129997393 1 0.9999617
424438254.0 1 1797.3234505017508 1 0.999989
237079307.0 1 1795.7411805386291 1 0.99922025
347769273.0 1 1810.4942799758853 1 0.99999994
305099994.0 1 1810.3452991807937 1 0.9994687
390019727.0 0 1797.9685795762505 0 9.748859e-05
236966496.0 0 1793.4077620421112 0 0.0019612731
283841421.0 0 1805.5559844997483 0 0.0028772973
198457602.0 0 1805.1972090606846 0 0.0007796465
377027389.0 1 1794.6591431338784 1 0.999027
373695206.0 0 1808.9521113125384 0 0.013484137
381687627.0 1 1810.224355250804 1 0.999988
405623715.0 1 1794.994808795923 1 0.99999964
251653385.0 0 1800.39007951186 0 0.0054895896
445490752.0 1 1795.9735989330595 1 0.99997926
230021635.0 1 1798.8029812133095 1 0.9998454
165550566.0 1 1810.760075233669 1 0.99999905
184734764.0 0 1812.7657641796977 0 0.00087273505
445350626.0 1 1793.4107332899432 1 0.99998456
73637730.0 0 1796.6412716033176 0 0.0031951244
381687387.0 0 1800.1410887668856 0 0.0011002251
68092901.0 0 1812.5159934454605 0 0.0071973274
422562711.0 0 1796.909224899627 0 0.00031332567
117615813.0 0 1805.2240703965806 0 0.00038320775
198457602.0 0 1808.8430297757757 0 0.0018411577
368892341.0 1 1797.034769068425 1 0.9999786
327508064.0 0 1796.6407759941462 0 0.0021674302
322338839.0 1 1796.8276609504123 1 0.9999937
418698185.0 1 1810.4305664269034 1 0.9999856
299436180.0 0 1812.3486128836364 0 0.00031340364
428955419.0 1 1799.4297226842427 1 0.99999917
366070209.0 1 1797.9093978554224 1 0.99997544
219877284.0 1 1796.510730884753 1 0.9999531
385104615.0 0 1808.95335713778 0 0.004744522
381685255.0 0 1809.2032184070579 0 0.00017488368
264404726.0 0 1808.8668690977677 0 0.0019766083
259097836.0 1 1796.8448115991137 1 0.99999446
359556000.0 1 1798.7603812970017 1 0.9997439
202838286.0 1 1797.8284451787194 1 0.9999483
416043293.0 1 1810.4115077677272 1 0.99955887
312555694.0 1 1795.2856294362327 1 0.9999995
116849668.0 0 1808.8907841480282 0 0.0027430232
353782215.0 0 1794.4061598299995 0 0.00016555883
77173994.0 0 1809.1411408772915 0 0.0013194896
400819374.0 1 1796.202106459433 1 0.9999998
357819964.0 1 1797.7851700263625 1 0.9997476
250767169.0 1 1798.1404558318832 1 0.99942094
331325154.0 1 1797.3480507935928 1 0.99997884
54202529.0 0 1812.7020568415367 0 0.0012163747
251230924.0 1 1811.369401180203 1 0.9997807
444487133.0 1 1799.1184463197537 1 0.9999762
291886727.0 1 1797.807387247531 1 0.9999575
256206548.0 1 1797.7642990183854 1 0.9999938
269597733.0 0 1793.4076845046625 0 0.00063544617
50348977.0 1 1795.1398206839226 1 0.99966073
259003334.0 0 1812.344701100585 0 0.00032646782
316330990.0 0 1793.3899824612936 0 0.0020573023
392571731.0 0 1805.1980167689153 0 0.00019432876
288242861.0 1 1798.3035200117943 1 0.9999823
374395706.0 1 1810.3064864944165 1 0.9185025
418175781.0 1 1805.9931471203297 1 0.99996006
63505904.0 1 1805.786917490044 1 0.9999941
376835878.0 0 1805.2215010479536 0 0.0013691221
408196356.0 1 1797.5370501912935 1 0.9888865
94608286.0 0 1805.5163814574908 0 0.0021687278
186743440.0 1 1794.7244547728803 1 0.99985826
455954904.0 1 1796.3258772787574 1 0.9996825
287151566.0 1 1798.1560085347576 1 0.9999934
259001008.0 1 1799.2822920694414 1 0.9995132
420654334.0 0 1808.846839491135 0 0.0020712654
201244584.0 1 1793.5367140974524 1 0.99991506
367429972.0 1 1798.929714219647 1 0.99999857
191726462.0 0 1796.6405097652214 0 0.0007256258
279270131.0 0 1809.1600038718964 0 0.001828461
302074041.0 0 1812.3697902172169 0 0.0003244139
224605215.0 0 1805.197272641757 0 0.0011962303
229794951.0 1 1795.6154044047162 1 0.99999756
67635275.0 0 1812.4534602210672 0 0.001316724
229744228.0 0 1808.886015778098 0 0.00039169195
77423868.0 0 1812.432834163189 0 0.003747952
396615115.0 1 1794.9117619635988 1 0.99996585
201382737.0 1 1805.9120902371994 1 0.9997519
427551335.0 1 1805.3258473744531 1 0.9998429
139377072.0 0 1809.2034824715838 0 0.0032374416
236968622.0 0 1812.3658009859112 0 0.059508983
229585958.0 0 1805.198912037609 0 0.00029794313
264078912.0 1 1796.4498851708568 1 1.0
348308612.0 1 1797.0778174196696 1 0.99999905
308712908.0 1 1810.5359101465876 1 0.9999945
362221920.0 0 1812.5120137529823 0 0.00022488312
436846978.0 0 1808.9537999329702 0 0.0011573067
116409684.0 1 1795.84874902462 1 0.9999548
177805493.0 1 1793.4743274628838 1 0.99992627
194813094.0 1 1795.1201659064352 1 0.99783015
241005693.0 1 1799.473567133645 1 0.99998623
272538760.0 0 1812.3678749524954 0 0.0010274379
354844793.0 0 1805.2645081124983 0 0.00091245293
385041366.0 1 1796.89070355442 1 0.9999982
326860407.0 0 1805.2029147086073 0 0.0009878456
241132335.0 0 1812.369508536913 0 0.0003949258
85400410.0 0 1796.6413593283216 0 0.001178786
177825946.0 0 1805.224495875515 0 0.0019137221
240823702.0 1 1799.265105630748 1 0.99999964
351364107.0 0 1800.409776360906 0 0.00091911707
272538760.0 1 1794.8890914763583 1 0.99999666
250803739.0 0 1812.348638644903 0 0.0018075336
387955876.0 1 1810.7623236868085 1 0.9958268
308369594.0 1 1798.3696270676273 1 0.99991864
311939866.0 0 1805.5562084830156 0 0.00014051858
371470493.0 0 1812.3496413945131 0 0.004618141
230075794.0 0 1808.8438033461057 0 0.002039537
351545508.0 1 1797.1599752444595 1 0.99934417
240912683.0 1 1806.3691433917932 1 0.9999726
388440365.0 0 1805.2005594847049 0 0.0010390244
322055307.0 0 1805.241747584455 0 0.00034850242
265198364.0 1 1794.4942971349778 1 0.99991345
13842660.0 1 1795.3063555325757 1 0.99987215
115918132.0 0 1812.348894680216 0 0.00018283339
229444113.0 1 1794.4073382159418 1 0.99999636
232621338.0 0 1797.9684276422163 0 0.0031977743
372199588.0 1 1805.681819990075 1 0.9999923
388635005.0 0 1808.8466634690922 0 0.0016992455
101304091.0 1 1797.7037973776403 1 0.9983111
399858557.0 1 1797.6174715719078 1 0.9999753
275460266.0 1 1797.3266784348875 1 0.99998754
271760298.0 0 1808.8470551823618 0 0.0013619977
233238631.0 0 1808.9276723353269 0 0.009326503
372060884.0 1 1795.6795508327893 1 0.9999021
403401901.0 1 1810.8066467480696 1 0.9999644
428516141.0 1 1794.8280128197746 1 0.9984753
35023339.0 1 1797.4956121338803 1 0.99973536
348223782.0 1 1810.6191587191963 1 0.99999964
352113276.0 0 1812.347212015307 0 0.0030576831
235937156.0 0 1812.36643757217 0 0.0025040384
255924170.0 1 1805.366176285802 1 0.9999803
359247721.0 0 1805.5557778570305 0 0.0005737495
198187013.0 0 1808.8433435633735 0 0.0029808003
433079908.0 1 1795.3077103618923 1 0.9999999
229703476.0 0 1808.9692932892328 0 0.0003457455
312344648.0 1 1810.1604140077643 1 0.9999722
332152659.0 1 1794.244119832468 1 0.99999744
94365784.0 1 1796.182887406639 1 0.9998959
187029874.0 0 1805.5159800298281 0 0.00068790035
292850091.0 0 1796.6409067498603 0 0.0020519414
256476907.0 0 1809.2226297480358 0 0.0011583462
426141801.0 0 1812.3468340267561 0 0.00028691697
302159302.0 0 1812.348989727838 0 0.0012454239
331711087.0 0 1796.63995098688 0 0.00089393096
63584575.0 0 1805.5160156664942 0 0.0017540407
359679715.0 1 1805.3435973981848 1 0.939828
368603344.0 1 1796.6182368801842 1 0.99553776
83149066.0 1 1805.8056305622974 1 0.99989057
288854677.0 0 1812.6394226850434 0 0.001053384
118295878.0 0 1808.911947130433 0 0.0030633963
116761333.0 0 1808.84894524349 0 0.00048915704
54051137.0 1 1799.5769530518571 1 0.9999779
104196403.0 0 1812.3491879305843 0 0.0013494691
298315900.0 1 1800.4093858864455 1 0.9999933
331727723.0 0 1805.2011533348696 0 0.00036274063
354470651.0 1 1810.9944229987307 1 0.9999314
5724371.0 1 1795.3705521001352 1 0.98929864
251170140.0 1 1806.390324887531 1 0.99998266
178138752.0 0 1793.1410026655678 0 0.0020638579
321443552.0 0 1812.3872809562383 0 3.1419582e-05
418034300.0 1 1810.9951829148304 1 0.9998714
329350530.0 0 1808.9680074600851 0 4.4945395e-05
347427410.0 1 1798.6825889092156 1 0.9996341
245720110.0 0 1805.202691994994 0 0.0020375776
245621333.0 1 1806.1193105147677 1 0.99999934
77632054.0 0 1793.1413548788216 0 0.00358125
316464758.0 1 1810.824891269809 1 0.99974114
83723784.0 0 1812.347262661577 0 0.0003461838
241121187.0 1 1794.4529824161068 1 0.9999839
400435225.0 0 1812.6814276675289 0 0.0032108435
357097766.0 0 1812.3849070968251 0 0.00060249167
139408806.0 1 1798.3495161798478 1 0.99997914
286410310.0 1 1797.2231597931218 1 0.9999199
410743006.0 1 1793.807194040802 1 0.99999434
82556366.0 0 1805.2648689753573 0 0.0004349399
301910192.0 1 1797.2240450982406 1 0.99970376
21023589.0 1 1798.3080759355305 1 0.99999
420303412.0 1 1794.5332495028565 1 0.99986887
453223094.0 0 1812.6814674184457 0 0.0024977862
165499818.0 0 1812.3429709989082 0 0.001978918
256479484.0 0 1808.9730171054252 0 8.687502e-05
251619693.0 0 1805.2029229616307 0 0.0008195731
229437475.0 0 1793.4072223877902 0 0.00076300366
336294668.0 0 1808.84618953797 0 0.0008436502
90770012.0 1 1806.4121729197273 1 0.9999703
117658865.0 1 1798.3488677432676 1 1.0
431769742.0 0 1805.224241308703 0 0.00044739645
13702883.0 0 1805.2647951120746 0 0.0003421279
445322851.0 0 1812.7019028448321 0 3.2411106e-05
302393832.0 1 1799.1613997953746 1 1.0
399018929.0 1 1799.1816889568038 1 0.9999978
375605159.0 0 1800.3255481741262 0 0.00038402365
94725941.0 0 1805.5372237238914 0 0.0024894432
68038052.0 0 1808.8910262545442 0 0.0003597711
399207947.0 1 1795.22300247188 1 0.988352
410811678.0 1 1794.1611870608872 1 0.9999963
252099924.0 1 1795.68140472381 1 0.99999243
422563048.0 0 1805.2216815999927 0 0.0015883974
291958823.0 0 1805.2240081661253 0 0.00012658136
275857387.0 1 1810.951989541547 1 0.9999407
235953370.0 0 1793.137152250197 0 8.891603e-05
436848526.0 1 1794.0997847167848 1 0.99997264
129907117.0 1 1798.391147533476 1 0.9999303
233535135.0 0 1808.9898522000367 0 0.0007164618
285506890.0 1 1794.3695629550107 1 0.99999356
265470867.0 1 1794.410934841626 1 0.9999187
265091431.0 0 1808.848611694192 0 0.0011464335
321681351.0 1 1795.3251142110055 1 0.99999934
368023334.0 1 1805.784435227802 1 0.99996203
198537044.0 1 1798.1974512716197 1 0.9999466
286318509.0 1 1794.9537205177141 1 0.9999986
245374473.0 0 1805.2029097260076 0 0.0006993985
395584718.0 0 1812.3682500911639 0 0.00034097163
12417513.0 1 1797.5357175963327 1 0.9999429
370073677.0 0 1809.2023877669544 0 0.0015324712
387829719.0 0 1812.3454354120481 0 0.0006975271
428517150.0 0 1805.2241061590455 0 0.00065743964
395525198.0 0 1812.367910040383 0 0.0010892444
280414812.0 1 1794.6393919167517 1 0.99961466
137908045.0 1 1794.7245337397687 1 0.99950624
406535523.0 1 1797.6582507182982 1 0.9999854
453305405.0 0 1809.202375357984 0 0.00054155645
381808575.0 1 1810.9118596848284 1 0.99989015
288508794.0 1 1796.4700705951554 1 0.9984938
396566592.0 1 1796.576548327125 1 0.9999699
357669546.0 1 1811.035663988293 1 0.9896368
428204663.0 0 1793.3905445507564 0 0.0016594739
116985098.0 1 1794.9321724838924 1 0.99997735
285046835.0 0 1805.6601445408342 0 0.00023604734
301566719.0 1 1799.9113153595447 1 0.9999722
353897321.0 1 1797.4894046526804 1 0.99999803
353989515.0 0 1805.197505185165 0 0.0015835644
53803650.0 1 1793.5770325268381 1 0.99994606
419246815.0 0 1793.2435729814822 0 0.0005460545
422708676.0 0 1808.8677356586843 0 0.00111724
251331850.0 0 1805.2028643910471 0 0.0013926997
308615088.0 1 1793.5153372361783 1 0.9999975
116057769.0 0 1793.3279104483843 0 0.00046951845
427585756.0 1 1795.888312075247 1 0.9999864
357827739.0 0 1794.3477619012876 0 0.0029368126
117326282.0 0 1793.1405811914487 0 0.0013268517
241046345.0 1 1794.7445404672599 1 0.99999857
50941668.0 0 1808.910827262892 0 0.0021962642
412113665.0 1 1795.3462805978645 1 0.99995303
292001899.0 0 1812.557207619997 0 0.0032573398
327124311.0 1 1797.2852871340317 1 1.0
444463996.0 0 1805.2224573111216 0 0.0006911199
327249607.0 1 1795.7644365501214 1 0.99975806
245503288.0 0 1796.827786811635 0 0.00018090333
192528136.0 1 1796.4950671617692 1 0.9992399
317596624.0 1 1798.0548752066707 1 0.99999666
219846355.0 0 1793.177327385378 0 0.00037785308
256112843.0 1 1798.1395013021465 1 0.99999744
177763189.0 0 1805.2661986767496 0 0.0011404814
381652131.0 1 1798.5159106375552 1 0.9997349
256601288.0 1 1797.0981603538542 1 0.99812526
323189838.0 1 1810.345936026369 1 0.9999968
186984424.0 1 1795.1202021514262 1 0.99981177
26619266.0 1 1795.8078970302124 1 0.99999094
139505001.0 1 1795.7243402710365 1 0.9996918
53799079.0 1 1798.5979652188457 1 0.9999979
390804313.0 1 1797.764632550481 1 0.99993014
240933714.0 1 1811.4524639951032 1 0.99987257
235941004.0 1 1799.9079525498405 1 0.9999973
366197595.0 0 1796.70183676699 0 0.0016487035
49721563.0 0 1808.9108116215007 0 0.00058081816
202867375.0 0 1809.1407751845825 0 0.0012667973
385197850.0 1 1793.4948894200156 1 0.99999607
285938556.0 1 1797.8281495606009 1 0.9998468
285280909.0 0 1805.349429002677 0 0.001968743
81381397.0 1 1796.1189850809192 1 0.99890965
329249778.0 1 1810.1765004202234 1 0.9999773
72080973.0 1 1810.3690746457291 1 0.9999775
90569440.0 1 1795.8911920168086 1 0.9999892
256615590.0 0 1808.8657265560266 0 0.0006772501
235938997.0 0 1805.199669552465 0 0.00014309521
233518095.0 1 1806.363755949448 1 0.99941367
285685590.0 1 1798.5772345372773 1 0.9999308
285686830.0 0 1812.4105914973763 0 0.00031751394
320272215.0 0 1805.5353400885315 0 0.0021802795
265344857.0 1 1797.7425505177478 1 0.9999914
441806671.0 1 1797.6365696960497 1 0.99996525
362217321.0 1 1810.2806744497802 1 0.9999998
272823545.0 0 1808.8679592195617 0 0.0021014214
264028468.0 1 1798.6373490851179 1 0.99983543
396446258.0 0 1808.8890151164996 0 0.0017910192
372390508.0 1 1794.5337838371622 1 0.99999917
284539228.0 1 1797.5767063306653 1 0.9999998
302471073.0 1 1794.161441862839 1 0.9999181
186943162.0 0 1812.6200254631763 0 0.0012626384
445302812.0 0 1805.5563494419446 0 0.00048769044
275856923.0 0 1805.2852825012753 0 0.001449709
22815944.0 1 1796.0789559333166 1 0.99975425
352928514.0 0 1796.8057800705233 0 0.00090937875
322209219.0 0 1808.8875708935786 0 0.00065964105
352279989.0 1 1798.3891181282427 1 0.99999905
441797142.0 0 1808.8445634017924 0 0.00026550912
272426187.0 0 1796.9097892485258 0 0.0016814739
428472783.0 0 1805.6809658483498 0 0.0009439614
219821367.0 0 1805.2811777243037 0 0.000306246
359586929.0 1 1796.9062162429875 1 0.9999987
428299068.0 1 1794.7863817952118 1 0.99993986
332048480.0 0 1805.5356267039633 0 0.00029510987
250802701.0 1 1806.1612358903255 1 0.9999718
284044554.0 1 1805.951664813178 1 0.9988543
270011530.0 0 1793.4095853416798 0 5.8944333e-05
184564285.0 1 1794.8076146480905 1 0.9999995
251812214.0 1 1796.3277832955846 1 0.99998516
436844413.0 0 1793.1414374619415 0 0.0013318046
319918612.0 1 1799.202090506255 1 0.999992
116011953.0 1 1811.2448963972697 1 0.9998936
250767874.0 0 1812.3695006367977 0 0.0003914025
178076631.0 1 1793.3911371339575 1 0.9999939
444113356.0 0 1805.2027127600725 0 0.0021098955
94668322.0 1 1810.912191227423 1 0.9999874
77353547.0 0 1800.1413633513728 0 0.00021263093
354472298.0 0 1805.2237417616961 0 0.00054967956
444116234.0 0 1808.8484749921593 0 0.00027013203
184680608.0 1 1796.4534226242477 1 0.9997934
274805576.0 0 1796.8053231766437 0 0.0002215621
65495624.0 0 1796.640773274689 0 0.0044725332
264332168.0 1 1810.220988393079 1 0.99999475
371423396.0 1 1793.9123313168457 1 1.0
117521729.0 1 1796.348878478288 1 0.9999358
53864341.0 1 1794.7644289694676 1 0.99999565
270127418.0 0 1808.8469240884438 0 0.004416703
117028747.0 1 1796.7239273716589 1 0.9999999
13258369.0 1 1794.8687620409034 1 0.98696566
63505893.0 1 1794.1829496343794 1 0.9991738
407460551.0 1 1796.451061361938 1 0.9999813
50450585.0 0 1805.306440218762 0 0.002476563
272330700.0 0 1808.8678939953104 0 0.0011615139
327136798.0 1 1805.6822176567503 1 0.99996275
229948350.0 0 1805.2194442005073 0 0.00026480708
403521340.0 0 1808.869240209929 0 0.0011686073
301739819.0 1 1810.2656216831047 1 0.9998812
94610224.0 1 1810.8705780346143 1 0.99990726
390021469.0 0 1805.2185392032425 0 0.00072044757
376366791.0 1 1811.3046419580246 1 0.99818444
354382905.0 0 1808.8465599223207 0 0.0014990582
370766649.0 1 1794.2234953294123 1 0.99999934
256642304.0 0 1812.3876088847421 0 0.0005977511
444720882.0 0 1805.306163382561 0 0.0017934658
286118364.0 0 1805.2648518423207 0 0.00035863777
390579628.0 0 1812.4314349111842 0 0.0013418153
279715687.0 0 1805.2858435883097 0 0.0019294262
368603344.0 0 1805.2015629817686 0 0.003007834
280414997.0 0 1805.2854421834045 0 0.0010910009
50192248.0 1 1797.0981996019661 1 0.9999862
347500892.0 1 1794.0158034795782 1 0.99548
94369870.0 1 1805.8704589582558 1 0.99999684
233501129.0 1 1796.4486864242697 1 0.999993
372335737.0 1 1794.4505190302789 1 0.9982704
250834403.0 0 1808.8696013040724 0 0.0008337676
356310937.0 1 1810.3637473629267 1 0.99741733
372497842.0 1 1795.4102594053072 1 0.9999637
28760973.0 0 1809.0573339611017 0 0.001348088
84160930.0 1 1810.222455164016 1 0.9999922
249886811.0 1 1799.7864137652412 1 0.99999446
356892980.0 1 1806.364351569875 1 0.9999984
289263382.0 0 1812.3890340575533 0 0.012633952
229641835.0 1 1795.1783376660633 1 0.9999979
353171074.0 0 1794.3475137480477 0 0.0018368248
348305610.0 0 1812.3694229811063 0 7.432502e-05
279355033.0 1 1810.472962381794 1 0.99998456
401084952.0 1 1798.202693458925 1 0.9994121
63404060.0 1 1798.3286048001014 1 0.9999273
232681328.0 0 1809.2396089645624 0 0.000568577
327257774.0 0 1805.2237397241638 0 0.000200371
320504104.0 1 1805.968439214151 1 0.9987314
431965436.0 0 1805.2659458559426 0 0.0012530892
301570089.0 1 1796.3487458454633 1 0.9999926
245705581.0 0 1805.2028765372004 0 0.0007262207
259234905.0 1 1795.407370750224 1 0.9999159
252181839.0 1 1796.1815039268815 1 0.9999986
375648373.0 0 1812.3461696857253 0 0.0025234772
399200958.0 0 1812.6814184617313 0 0.0024078854
50850448.0 0 1805.26469833707 0 0.0024935592
177913636.0 0 1808.9119086641638 0 0.0017553881
139426979.0 1 1795.4744322158149 1 0.9998115
259297927.0 0 1805.2659359569989 0 0.0011115173
258829991.0 0 1805.219686917742 0 9.8639895e-05
333068970.0 0 1805.53576189593 0 0.001920779
236971368.0 1 1799.2827173580336 1 0.99999154
65485425.0 0 1796.6407257574353 0 0.0033936598
229685749.0 0 1808.9263724311688 0 0.002154845
387357975.0 0 1812.3869170460907 0 0.00021632636
259237610.0 0 1812.365709102912 0 0.0017877417
431955916.0 0 1808.911805774716 0 0.0033084503
377734862.0 1 1798.0761185371869 1 0.9992287
270725122.0 0 1808.8469212372304 0 0.0010075524
50942363.0 1 1795.9523747829257 1 0.9993134
10343822.0 1 1798.9522794875838 1 0.9919723
94542928.0 0 1796.6412132278178 0 0.0018864262
229598099.0 1 1799.0530598695136 1 0.9999929
233124721.0 1 1810.7395878697846 1 0.99962115
410622822.0 0 1805.203031525856 0 0.002692057
366587892.0 1 1810.7836317436966 1 0.99999946
377978347.0 0 1812.3467860554324 0 0.0006475038
138021514.0 0 1805.5788337919844 0 0.0011513206
322057079.0 1 1793.7210641503145 1 0.9997656
375715297.0 1 1799.4714087524324 1 0.99999803
422977211.0 0 1812.4324031071174 0 0.0006709222
352775725.0 0 1809.1598759552287 0 0.00050062354
387561871.0 0 1805.199656852757 0 0.00085570867
117271063.0 0 1805.20308129718 0 0.0005393362
331508183.0 0 1809.1815044763528 0 0.0011499642
405666081.0 0 1796.640813002957 0 0.0034664597
432070155.0 0 1808.9118411119862 0 0.0012506484
232636428.0 1 1799.4896016789978 1 1.0
419751436.0 1 1799.7643275075584 1 0.9998113
270065787.0 0 1812.787043487543 0 0.0036443349
427591563.0 0 1812.367254083297 0 0.0032998149
441729288.0 0 1808.865418578022 0 0.00063120347
422558821.0 1 1795.5758756370801 1 0.9999999
203088943.0 0 1809.3282333197224 0 0.0046211453
375913362.0 1 1796.1589884308953 1 0.9999968
372135581.0 1 1793.8462781141993 1 0.9998102
268516134.0 1 1797.9510721034644 1 1.0
444142359.0 0 1812.369466627044 0 0.0012302182
229444113.0 0 1812.3445663197128 0 0.00057567353
354538713.0 1 1806.1196028644024 1 0.9999902
333112922.0 0 1805.3275362452505 0 0.0017759139
403827847.0 0 1797.8479961878716 0 0.00046393942
229958869.0 0 1805.2401098272594 0 6.500728e-05
299436219.0 0 1796.6405289802838 0 0.0006069006
321911339.0 1 1805.9500751504092 1 0.99999964
241023899.0 1 1799.1610532590717 1 0.9999996
445257457.0 1 1799.9729850496312 1 0.9999554
420112174.0 0 1808.845136981724 0 0.00014157797
389968212.0 0 1808.843432643785 0 0.0007040701
288408695.0 1 1796.5952940182272 1 0.99998283
245396933.0 0 1812.3485109900585 0 0.00028436419
289139601.0 1 1799.2014929440654 1 0.99986875
194730782.0 0 1805.2662181582841 0 0.003621087
286240486.0 1 1806.245393806327 1 0.9999794
279498483.0 0 1805.2643303344391 0 0.00030336244
229711339.0 0 1808.8447401436947 0 0.00036057027
251441472.0 1 1795.9941541702444 1 0.9974457
50937987.0 0 1808.9107540481875 0 0.0020487916
117802168.0 1 1797.390509828537 1 0.9999507
420288206.0 0 1809.3684367816502 0 0.0007421874
269911786.0 0 1808.9329612864212 0 0.0036632542
346121512.0 0 1808.848524848803 0 0.0012029428
327365295.0 1 1793.3061454669594 1 0.9888451
431778580.0 0 1808.9118641161567 0 0.002493737
104028697.0 1 1805.7864514564271 1 0.99994993
118418150.0 0 1805.2870986656521 0 0.0032698666
332987130.0 1 1810.6396891004842 1 0.9998813
219806085.0 0 1812.3437579386075 0 0.0030694737
389962223.0 1 1800.0728416676932 1 0.9999843
192838962.0 1 1795.057564434556 1 0.99888325
427605489.0 0 1796.805736491358 0 0.00023824624
137125232.0 1 1797.3055955531602 1 0.9997833
390804313.0 0 1808.9106085420788 0 0.0010132949
322267413.0 1 1810.2208923285361 1 0.9998845
353935927.0 1 1799.8018769978557 1 0.9983742
264612485.0 0 1796.8276405946472 0 0.0004929341
422385876.0 0 1793.3250448162485 0 0.0004548587
383674728.0 0 1808.9688595683724 0 0.00031425338
245395537.0 0 1793.3276188025332 0 0.0015107675
192842270.0 1 1795.8074566661614 1 0.99969476
129870771.0 1 1795.786952607732 1 0.99996144
377065893.0 1 1797.4716323027774 1 0.99971664
321592850.0 1 1799.512560840794 1 0.9999838
351882649.0 0 1796.9099655718421 0 0.00038962503
323059832.0 0 1812.4083184798433 0 0.0007927231
417767562.0 0 1796.805061968729 0 0.0013231195
302394399.0 0 1808.8697710835536 0 0.0005370143
354250797.0 1 1800.1193919661043 1 0.999997
284310633.0 1 1810.7433068848256 1 0.9999916
381656536.0 1 1794.2868132236172 1 0.9992333
251356078.0 1 1810.4320344046564 1 0.9987512
230391000.0 1 1793.9276965500412 1 0.99999595
256695655.0 1 1797.0563272602622 1 0.9999979
394120946.0 1 1805.5950316995813 1 0.9980851
252133898.0 0 1809.410551420926 0 7.265951e-05
353237896.0 1 1795.181046072829 1 0.99976265
81301757.0 0 1794.3478595543245 0 0.00046368918
352349228.0 0 1812.3871698073392 0 0.0016206517
21018496.0 0 1797.9682533141154 0 0.000972461
334810832.0 0 1808.8669254821427 0 0.000525884
453234100.0 0 1808.8483423565103 0 0.0027687764
249856791.0 1 1799.0571954161064 1 0.99998623
354869862.0 0 1805.203071093097 0 0.00051770185
279067445.0 0 1805.535033841993 0 0.002518217
54202529.0 1 1793.4938890881913 1 0.99988335
292006341.0 1 1798.8073893860637 1 0.9997414
192558373.0 1 1797.8909870068246 1 0.9995427
444756920.0 0 1812.6605851732145 0 0.0006742316
21177643.0 0 1805.307975422139 0 0.00230792
308442061.0 1 1810.285935399232 1 0.9999916
259941442.0 0 1812.348425005818 0 0.024066048
104206630.0 1 1799.4947654247865 1 0.99999845
250519273.0 1 1795.9321976617116 1 0.9997216
245398600.0 1 1793.7025572058255 1 0.9999886
370273679.0 0 1809.1606407230756 0 0.003022544
424097378.0 1 1810.4953403356953 1 0.99977916
255828282.0 0 1812.5120415846536 0 0.0012226031
385240776.0 1 1798.8908474007835 1 0.99999434
177972767.0 1 1795.3285584547775 1 0.99998957
327392518.0 0 1805.223778005268 0 0.0011646304
428739935.0 0 1808.8467978819358 0 0.00035798945
427335936.0 0 1805.2216501212972 0 0.00014313507
259948028.0 1 1796.577645586502 1 0.9999728
232983794.0 1 1810.5525065561274 1 0.99865997
50194798.0 0 1808.9107419322368 0 0.0010759031
275465084.0 0 1805.2854408557653 0 0.00025645667
433143724.0 0 1793.1410991154949 0 0.003472614
229510813.0 0 1812.3655258547578 0 0.00072234886
403118244.0 1 1798.2828558297138 1 0.99999803
81827615.0 0 1805.2026060180353 0 0.00056699215
279765124.0 1 1797.242662923007 1 0.9997869
233719572.0 1 1811.0313533861245 1 0.9999958
301991922.0 1 1794.1820229566558 1 0.999995
428734994.0 1 1794.0553287287241 1 0.9999999
319599315.0 0 1805.5351495153504 0 0.00034454168
403581621.0 1 1798.535753834033 1 0.9997677
375072586.0 1 1797.6194096995985 1 0.9999955
237299382.0 1 1797.574614307331 1 0.9950063
441802173.0 1 1810.2823356605156 1 0.99999976
359592195.0 1 1805.722371024119 1 0.9999586
265472792.0 0 1805.2026870777377 0 0.0012802418
82160623.0 1 1795.1189107526354 1 0.9995018
387286746.0 0 1805.2203526174744 0 0.0024456345
387329606.0 1 1805.7829404916392 1 0.99997944
368020837.0 0 1808.8676876323652 0 0.00039732107
241029211.0 1 1793.3487011186064 1 0.997616
377292876.0 0 1805.1982880697099 0 0.002883374
240968626.0 0 1812.494141585143 0 0.0024543516
387601052.0 1 1798.9081185884206 1 0.99967176
198555348.0 0 1808.8435503353794 0 0.006160645
374925208.0 0 1794.3483399074819 0 0.0024002234
420538276.0 0 1809.0978687819309 0 0.008632699
423946500.0 1 1800.116221426689 1 0.99974346
104314704.0 1 1797.5155217321205 1 0.9999454
279375962.0 1 1793.596004598364 1 0.99999917
50692559.0 1 1798.973146934475 1 0.9999943
320186525.0 0 1805.5352155465387 0 0.0011593949
372796235.0 0 1797.8479615733415 0 0.0020280357
445421702.0 0 1812.702062267065 0 0.0020833602
125737097.0 1 1794.6203861874037 1 0.99993
264293712.0 1 1810.6792722714722 1 0.999997
275762183.0 0 1805.5142817851515 0 0.00197134
67635471.0 1 1793.2659633761716 1 0.99954134
359542220.0 1 1793.8268505682054 1 1.0
291958823.0 1 1798.599083893401 1 0.9997573
240751928.0 1 1794.2441142652422 1 1.0
292937697.0 1 1794.1199286728956 1 0.9822655
283018595.0 0 1812.3471465059238 0 0.0024963892
308712174.0 1 1798.5360609263394 1 0.9999975
240898427.0 1 1795.9943615429954 1 0.99999934
230027601.0 0 1805.1985541886147 0 0.00031596757
308715091.0 1 1793.3903521688298 1 0.99999785
444454334.0 0 1793.1393640511449 0 0.0012508222
387628952.0 0 1805.5539304992076 0 0.00010963731
233503779.0 1 1795.9487897837816 1 0.9996045
305678104.0 1 1795.8665594343638 1 0.99992543
407431893.0 1 1795.849027682639 1 0.99999815
376978573.0 1 1798.3023499704232 1 0.99941385
349918057.0 0 1812.3451450846355 0 0.0002294389
455894899.0 1 1798.7632687727926 1 0.9958874
285425945.0 1 1794.5571043901396 1 0.9989188
68157879.0 0 1793.141153803037 0 0.0017110939
301173087.0 1 1794.9946661401443 1 0.9999997
230086115.0 0 1808.844039143736 0 0.0015349663
428322685.0 1 1798.702922222837 1 0.99984974
331792218.0 0 1805.2007765641226 0 0.0021522872
83216201.0 0 1808.888891500023 0 0.002058153
428749676.0 1 1806.2634962500265 1 0.9997639
400409117.0 0 1808.8655811588505 0 0.00017266274
407389216.0 0 1805.2220174629522 0 0.00069545745
417662736.0 1 1805.304857935765 1 0.9992838
430328310.0 0 1812.578088935548 0 0.0022519876
240899568.0 0 1805.2234122501256 0 0.00029870993
302547240.0 0 1812.3682835066793 0 0.00028139
34620499.0 1 1810.2455438500115 1 0.99902856
427611698.0 1 1799.5142786117772 1 0.9999994
271239538.0 0 1805.2220488507642 0 0.00041978812
420108995.0 1 1810.3032631346305 1 0.999993
332154083.0 1 1796.3690819496903 1 0.9999918
444524034.0 1 1798.7020736687023 1 0.99998075
189679333.0 1 1797.9116836648018 1 0.99999976
450144875.0 1 1799.0567787652558 1 0.9999846
445142001.0 0 1805.5562177326788 0 0.0013607778
233724202.0 1 1811.1354245035932 1 0.9999947
219791737.0 1 1795.3647651271199 1 0.99999976
406598861.0 1 1806.1384882556401 1 0.99999064
83059902.0 1 1810.347336998736 1 0.9999957
251360274.0 1 1805.4319344523683 1 0.9999639
186990258.0 1 1810.9534032676045 1 0.99996924
308218238.0 0 1805.2442779709966 0 0.00025453226
321909827.0 1 1794.5126616402872 1 0.99998176
332367733.0 0 1800.6608226992657 0 0.013478201
137124726.0 1 1798.8681495561225 1 0.99997115
186670567.0 1 1795.3286573493315 1 0.9999359
229713082.0 1 1797.7819534181635 1 0.9999984
186713109.0 0 1796.6411531346032 0 0.00082478236
399449430.0 0 1812.4103379152095 0 0.00031256635
395409158.0 0 1796.8056159128114 0 0.00016953454
251547304.0 0 1796.827870714765 0 0.001429601
402371867.0 0 1805.4952237942337 0 0.0011760489
395942641.0 0 1805.2013975283548 0 0.00019250759
359247721.0 1 1794.9726075863114 1 0.9999999
186601097.0 1 1793.286814840783 1 0.9999962
117114207.0 0 1808.9116384639647 0 0.0031268976
264300167.0 1 1805.844977470631 1 0.9992707
12733815.0 0 1805.2649312083413 0 0.00420403
376193302.0 1 1810.6812680659705 1 1.0
264699419.0 1 1796.9500990848417 1 0.9999843
264915759.0 0 1805.2237650431532 0 0.00029170193
387632643.0 1 1800.24142653239 1 0.9999922
289137531.0 0 1812.3473098417094 0 0.0002767412
116374908.0 0 1812.5782345297005 0 9.8876175e-05
301338074.0 1 1810.6404920209197 1 0.9999944
240910761.0 1 1793.8068981140989 1 0.98503613
186717969.0 1 1798.5577402601023 1 0.99985236
251465199.0 0 1808.8486711460619 0 0.0027208081
388076858.0 0 1805.4498824534237 0 8.376487e-05
316322598.0 1 1796.681827026355 1 0.9999603
390021758.0 1 1798.8020166540348 1 0.99995136
387506178.0 0 1812.3870389105973 0 0.00020560494
378043919.0 1 1794.6180086174675 1 0.9999949
256102034.0 0 1796.6396050740539 0 0.0001487376
428052096.0 1 1797.5781696429085 1 0.99965024
302088188.0 0 1808.9324673523272 0 0.001152751
418222756.0 1 1799.658450204704 1 0.9978299
198408880.0 0 1812.3847748525136 0 0.0010911225
332266624.0 0 1805.556503439985 0 0.0014788827
412353519.0 0 1805.22109938726 0 0.0011628763
184691423.0 1 1797.3285657846857 1 0.9999978
229682917.0 1 1810.6766230268584 1 0.98118657
83218083.0 0 1793.4099077561118 0 0.0004931932
428170179.0 0 1805.2238666571736 0 0.0015320145
354786452.0 1 1794.6599153733366 1 0.999796
376355921.0 0 1797.8474847628788 0 0.0032521358
352033634.0 1 1810.5766822567732 1 0.9998247
373126975.0 1 1794.7426340613565 1 0.9987742
20999728.0 0 1796.641378001115 0 0.0013955875
434533224.0 1 1797.617705208965 1 0.9999996
283018612.0 1 1811.388837092 1 0.9907159
403038542.0 0 1796.640800380657 0 0.004120437
427473603.0 0 1808.8466043689941 0 0.0004782608
245583260.0 0 1796.8278241044966 0 0.001802963
192320467.0 0 1812.4741263187598 0 0.0035789097
275465944.0 1 1796.972832053216 1 0.9994674
52183436.0 1 1798.8061939273953 1 0.9994796
367856665.0 1 1798.511580725861 1 0.99975497
249920086.0 0 1808.848848306032 0 0.00050613156
368516895.0 1 1805.2640735139407 1 0.99927145
308120144.0 0 1812.494101763862 0 0.0021740887
250861644.0 0 1812.3488167823496 0 0.0018412303
421684975.0 1 1793.9522129278491 1 0.99979466
270324877.0 0 1805.2219669157969 0 0.0008855564
403831420.0 1 1796.0145583417168 1 1.0
376295940.0 1 1796.034924086123 1 0.99999917
52945191.0 0 1793.1395671238931 0 0.0013346181
13837118.0 0 1805.2649085594855 0 0.0016243932
455898357.0 0 1808.846420290228 0 0.0009089919
232624262.0 0 1805.3431496856283 0 0.00038878224
177762383.0 1 1797.724525286555 1 0.9992239
177824144.0 1 1805.3495716011475 1 0.99999046
279521778.0 0 1805.200890857783 0 0.00071265077
427842531.0 0 1800.409395509201 0 8.581903e-05
403038960.0 1 1793.5991351811608 1 0.55820704
332568616.0 1 1795.3899777013662 1 0.99999994
52624378.0 1 1795.6185606588201 1 0.99999774
373061469.0 0 1808.8885018291421 0 0.0011606921
23051058.0 1 1794.8078634466174 1 0.9999986
249879393.0 0 1808.890543299989 0 0.002705164
450009373.0 1 1796.2022430146656 1 0.99989027
192794239.0 1 1793.7866359144653 1 0.9987364
284892452.0 1 1798.4682990592585 1 0.9999481
250911080.0 1 1811.4114067219818 1 0.99995947
219851935.0 0 1812.3438988949583 0 0.00033113084
348509982.0 0 1808.8485574005895 0 0.0009591286
245664758.0 1 1810.119384038555 1 0.99978083
434893628.0 1 1806.117534920254 1 0.9996666
435742094.0 0 1812.3467229641317 0 0.010460095
362258492.0 0 1805.1994182609776 0 0.00079602195
199614232.0 1 1805.780570405014 1 0.99999934
237239465.0 1 1810.970419286913 1 0.9999982
198413518.0 1 1805.9263089582516 1 0.9999995
367145336.0 1 1795.8464135509282 1 0.9995923
346594521.0 0 1793.1412568534074 0 0.0018533797
138049355.0 1 1794.8703585931416 1 0.99999994
270007793.0 0 1812.3496104979363 0 0.003335317
138017683.0 1 1796.8287763492258 1 0.9995256
421111304.0 0 1809.1599960130459 0 0.0014120828
130060453.0 1 1795.2660407881212 1 0.99999577
104194295.0 0 1808.8490999821554 0 0.0033509026
410614931.0 0 1805.2236455685847 0 0.00022900115
235686753.0 1 1793.8033138923804 1 0.9999845
301884525.0 1 1805.5163594824658 1 0.9990828
288381465.0 1 1799.7409157818124 1 0.99999875
192471665.0 1 1793.2241111966398 1 0.9998456
139559534.0 0 1812.5577046919298 0 0.00049053744
192795719.0 1 1805.76600509548 1 0.99960387
331710072.0 0 1812.7021824414244 0 0.00045036708
338162462.0 1 1798.3049072412582 1 0.9998647
283139717.0 0 1805.5561030105641 0 0.0021798469
317320211.0 0 1805.2006985604676 0 0.00015119812
418035265.0 1 1797.953461692298 1 0.9999635
343269511.0 1 1794.7621458832216 1 0.99994785
417234885.0 0 1793.3057804481032 0 0.00041922988
367944612.0 0 1808.8467537244726 0 0.00028399436
117501993.0 0 1805.203273465593 0 0.0003655426
368681767.0 1 1806.4099916200153 1 1.0
258701778.0 0 1808.8447934547967 0 0.001558729
422706950.0 0 1793.4094863593284 0 0.00064040575
279600257.0 0 1797.848001985723 0 0.0013197673
256099225.0 1 1798.972875576999 1 0.997919
383677123.0 1 1796.5525884658116 1 0.9999949
331202927.0 0 1796.6397741705002 0 0.002710964
94368942.0 0 1805.5371499484743 0 0.0012845803
279437019.0 1 1796.4102595851523 1 0.9998905
433205608.0 0 1805.5576701250009 0 0.00285267
377906251.0 0 1812.3466961707118 0 0.0002630632
233541199.0 0 1812.3856365303948 0 0.00014168062
395925318.0 0 1805.2223789583406 0 0.0046784887
320597807.0 1 1810.6394062411719 1 0.99972194
284141104.0 1 1797.6185783130604 1 0.99999833
192883327.0 0 1808.8493661561922 0 0.0015453884
373958040.0 0 1797.847902039321 0 1.1952268e-05
116051521.0 0 1812.3489017184754 0 0.00028698728
259238217.0 1 1794.3033832880835 1 0.9999796
21162454.0 1 1811.4056399124242 1 0.999963
12903003.0 1 1798.827414226198 1 0.9999814
264077998.0 1 1794.0331637695056 1 1.0
186627799.0 0 1812.4328078823762 0 0.0023473306
65199347.0 1 1805.7035310171932 1 0.9996608
403434609.0 0 1812.7022783765765 0 0.0019331116
356785763.0 0 1808.8448070933948 0 5.341584e-05
407354446.0 1 1810.6807078956908 1 0.9986711
279375991.0 0 1812.3876062010086 0 0.0021370975
165552414.0 0 1812.4681158915917 0 0.0018191985
322437547.0 1 1797.0127713769039 1 0.9999981
229980400.0 0 1796.9072269624457 0 0.0010027073
252187980.0 0 1793.1400126884757 0 0.004118678
384816045.0 1 1794.4109147015845 1 0.9998667
192652602.0 0 1812.432520031227 0 0.003386909
283024823.0 0 1808.8681042199892 0 0.00020754542
258546796.0 1 1793.8245683117639 1 0.99990976
331713257.0 0 1809.1606594636648 0 0.000651674
252197115.0 0 1805.5564056745786 0 0.00043930867
427472557.0 1 1799.700913254533 1 0.99875206
352926197.0 0 1812.430890760988 0 0.00083006127
372500632.0 1 1794.701885413625 1 0.99957323
402951575.0 0 1808.8668639669847 0 0.00018023446
434437133.0 1 1798.2843709809158 1 0.99999785
116016135.0 1 1796.4947051969348 1 0.99997
374917952.0 1 1799.556905545188 1 0.99999857
200771162.0 1 1798.0159707588334 1 0.99995816
349977780.0 0 1796.8245542460022 0 0.0015619308
256721289.0 0 1809.0752245034246 0 0.99999964
387948683.0 0 1808.908056365083 0 0.0010597572
240897599.0 1 1806.0983302444429 1 0.99996805
264295185.0 1 1794.9083413319242 1 0.9996042
232623982.0 1 1805.3848718284412 1 0.99999964
385253969.0 1 1794.4317153513266 1 0.9999926
22844577.0 0 1808.9329445783515 0 0.0016920012
160600097.0 1 1810.4073578767566 1 0.9999286
84216009.0 1 1798.4308723451802 1 0.99998415
398327107.0 1 1810.450503209444 1 0.9999866
400821431.0 0 1812.4520951092134 0 0.0010874781
385553813.0 1 1794.9329608470805 1 0.99967813
81596781.0 0 1808.9107220940875 0 0.0014200939
350697003.0 0 1812.3665265447646 0 0.0005468738
259941442.0 0 1805.2026213096037 0 0.005773115
417616933.0 1 1794.3871529987828 1 0.9998987
449983897.0 1 1796.0771206439106 1 0.9999935
229402514.0 1 1797.6154079799944 1 0.9994518
436840066.0 0 1808.8496224902988 0 0.0015512947
192835526.0 0 1796.6407686598275 0 0.0039246147
28913612.0 1 1793.2454936464826 1 0.999975
274980088.0 0 1808.8677129670543 0 0.00023941461
129761727.0 1 1798.224455404695 1 0.99827296
288392957.0 0 1805.3453750619594 0 0.003014819
12905830.0 0 1812.4107988978008 0 0.00095589453
420682215.0 1 1810.5760207515184 1 0.9999856
184687209.0 0 1809.3282532068665 0 0.0043957513
250454834.0 0 1796.640470578191 0 0.0025778043
445536159.0 1 1793.7859946980016 1 0.99980986
12867182.0 1 1797.0342341637563 1 0.9999054
264699894.0 0 1796.6375614115366 0 0.005863014
240980634.0 0 1793.1404051479253 0 0.00066191
72028676.0 1 1799.6402312103935 1 0.9999014
403681809.0 0 1805.244305835083 0 0.00021475849
366436126.0 1 1794.5534859885295 1 0.9979913
374028888.0 0 1809.0355168117574 0 0.0015502668
312343214.0 1 1795.6815476393303 1 0.99999136
268944634.0 1 1795.1179429548931 1 0.99999976
417645419.0 1 1798.304075980512 1 0.99997115
395651443.0 0 1812.3474542854517 0 0.0018490992
427476631.0 0 1796.909273574559 0 0.0013051659
373704783.0 1 1811.535402402051 1 0.9999888
252186590.0 1 1800.3690843965978 1 0.99998814
81509186.0 1 1797.2440411932062 1 0.9999596
77322543.0 1 1811.4537026510588 1 0.99688965
192739190.0 1 1797.6825454283514 1 0.9999842
67716224.0 1 1795.3911057108646 1 0.99875766
285792542.0 0 1812.4106759407953 0 0.0002841918
252814483.0 1 1797.5988034704983 1 0.99998206
90648458.0 1 1794.6620580803046 1 0.9935768
201039571.0 1 1794.6618088284092 1 0.99999017
331751703.0 0 1796.8047104553834 0 0.0012804448
302147082.0 1 1797.95348001924 1 0.9999898
21129787.0 0 1805.2037553073308 0 0.0022615455
417667304.0 0 1805.2216341310182 0 0.00020782601
373329826.0 1 1798.9092090414847 1 0.9999989
12743893.0 1 1796.1396576673244 1 0.999997
389693567.0 0 1805.3269374628771 0 0.0010004154
251252845.0 0 1808.8485503973116 0 0.001855422
283939546.0 1 1793.743532705605 1 0.9999688
28872596.0 0 1809.1831353425246 0 0.031576816
26502738.0 1 1795.4328070887675 1 0.9999998
285273628.0 1 1811.2660360402306 1 0.99997693
376039083.0 0 1805.221347827157 0 0.0002472727
104066414.0 1 1798.2239530046234 1 0.9999518
252829817.0 0 1805.2032502900656 0 0.0021719455
420545370.0 1 1797.9726891952114 1 0.99999684
292721975.0 1 1797.8700793928435 1 0.9999975
422614706.0 1 1799.7635758323 1 0.9989285
230077679.0 1 1798.6981673624362 1 0.99889195
83148011.0 1 1795.076581877624 1 0.9999802
279257633.0 1 1794.8893833103066 1 0.99999857
53969220.0 0 1805.5354492858262 0 0.0017717099
359482562.0 0 1808.9270962824858 0 0.0010875973
384653267.0 1 1810.9318878166935 1 0.99983245
347577498.0 1 1797.6608354236116 1 0.99997973
288532331.0 1 1811.2032724965304 1 0.99992204
353691613.0 1 1797.8891270974013 1 1.0
305641906.0 1 1795.2624088333528 1 0.99999464
200791980.0 0 1812.4328697540082 0 0.0042111687
235989189.0 0 1800.1788849662144 0 0.0047044232
395944878.0 1 1798.6386803967748 1 0.9996757
453255825.0 0 1812.6814089573281 0 0.0006682188
12829691.0 0 1794.3479475221868 0 0.0013761702
251100825.0 1 1794.8066384078652 1 0.9995008
202897195.0 0 1808.8490291228452 0 0.00033167048
388434752.0 1 1805.7423914686883 1 0.99997944
29017767.0 1 1798.1206090855087 1 0.99999756
400440603.0 1 1811.3482197798735 1 0.99999315
285517354.0 1 1798.932264737747 1 0.99999094
82095405.0 0 1808.910680655667 0 0.0035933997
245418888.0 1 1795.7442214201649 1 0.9999806
77494370.0 0 1796.6412913747904 0 0.0029312829
377982815.0 0 1812.3676349561968 0 0.0003065802
184689724.0 1 1794.6617858078453 1 0.99974257
241097195.0 0 1793.1405959124777 0 0.00011205584
288497879.0 1 1794.724264984222 1 0.99989927
398237621.0 0 1805.304055153971 0 0.000332294
302774308.0 0 1812.4102042650964 0 0.002077319
388507257.0 1 1797.992330353204 1 0.9999951
63624912.0 0 1809.0576200119376 0 0.002048895
343269564.0 0 1812.3451513309283 0 0.0016851054
285668713.0 0 1812.3488378324341 0 0.0013690556
67418975.0 0 1812.5989942927906 0 0.0019483336
418082911.0 0 1805.3076140920452 0 0.0018801258
50050546.0 0 1808.931396941837 0 0.0011030514
71928965.0 0 1805.5358431065108 0 0.0006775225
445483401.0 0 1808.8484216915278 0 0.0004541834
229407537.0 1 1796.9280818032923 1 0.99946076
67519745.0 0 1793.1410021134934 0 0.0019153777
46428036.0 1 1796.8288930819492 1 0.9999629
201112408.0 1 1797.0577731726958 1 0.9999912
192532362.0 0 1808.9116543126297 0 0.0033310398
229761994.0 1 1794.38618907603 1 0.99999917
441742116.0 1 1798.4486624921544 1 0.9998053
240885637.0 1 1811.160770620736 1 0.99997956
270931638.0 0 1808.8469246950817 0 0.00072971365
407456259.0 0 1808.8468497776648 0 0.0005720442
202354046.0 0 1805.1974986991418 0 0.0004978504
285905264.0 1 1795.7437551395146 1 1.0
383677166.0 0 1805.198359467216 0 0.00018144303
370274722.0 0 1809.2022885046897 0 0.0009771587
367242405.0 0 1805.2005713994072 0 0.00059409445
275603383.0 0 1805.1998986968858 0 0.00032911033
348676276.0 0 1812.3485831921535 0 0.00045005704
354315124.0 1 1798.8277593604512 1 0.99998516
398021209.0 0 1808.9518364960356 0 0.00040735793
387448344.0 0 1812.366174589716 0 0.00015827872
77351883.0 1 1810.3703365783176 1 0.9986956
352116923.0 0 1808.847368392907 0 0.0021256842
422429615.0 1 1794.3458854090482 1 0.99994123
389842621.0 0 1805.514625962536 0 0.0012287116
431927528.0 0 1793.1407831306117 0 0.0053712428
192536159.0 1 1798.2241799709884 1 0.9906043
236780192.0 1 1805.7187289732892 1 0.9924583
67570451.0 1 1795.3284343110472 1 0.9999847
428614032.0 0 1812.3471464814234 0 0.0008228049
417419499.0 1 1810.4934984405377 1 0.999996
279666773.0 0 1793.4095131279448 0 0.0037475957
101169160.0 0 1805.4747000243246 0 0.002081436
326964352.0 0 1808.8486531105734 0 0.00083103904
200799609.0 0 1796.6410787351244 0 0.0035626902
415875125.0 1 1798.0782734247896 1 0.99999875
285532266.0 1 1795.3061209400826 1 0.99902606
10423067.0 0 1812.4522587439071 0 0.00045516054
283738003.0 0 1809.159950031765 0 0.00084053684
13214018.0 0 1808.8674368550394 0 0.0018226549
219740187.0 0 1800.176910928403 0 0.013307543
265343830.0 0 1805.2008423636184 0 0.00022651168
453223521.0 0 1812.68147590971 0 0.00281084
229967781.0 1 1799.6986042267656 1 0.99870574
229597834.0 0 1808.844725947435 0 0.002059499
233497465.0 0 1794.1987197475942 0 0.00046039387
279085391.0 1 1798.3890365093046 1 0.9999217
229438746.0 0 1812.3651179682388 0 0.0008722823
445372883.0 1 1797.9523528678649 1 1.0
233623696.0 1 1797.3236703797706 1 0.9999518
68092901.0 0 1805.3702215615167 0 0.0003742952
453150220.0 0 1796.639859068584 0 0.00081031513
67461271.0 1 1798.9951930583609 1 0.99999964
370998869.0 1 1805.2860302849704 1 0.99999636
312678281.0 1 1811.2646375654956 1 0.99999994
21021749.0 1 1796.9121812026092 1 0.99827045
323060389.0 1 1795.700068741272 1 0.99999785
186627799.0 1 1793.2869627051916 1 0.99944973
326785892.0 1 1797.2642834873661 1 0.9930816
385149969.0 1 1796.0366076865982 1 0.99964595
368592012.0 0 1812.388652695077 0 8.2382085e-06
269713861.0 0 1805.2011487375296 0 0.0018724941
10972836.0 0 1809.0355348596556 0 0.003552828
245476001.0 1 1811.5359287320491 1 0.99997497
116989469.0 0 1808.9532659156207 0 0.0013370948
233501988.0 1 1795.4692043499117 1 0.99999934
219878140.0 1 1797.969346121296 1 0.9999867
427731711.0 1 1806.1384424336986 1 0.9999926
408896648.0 1 1793.5545324685686 1 0.9999998
264157795.0 1 1805.5125557315955 1 0.9985168
367330067.0 1 1805.3462561058266 1 0.99999976
256375216.0 0 1812.3447233608415 0 0.00025644104
449985007.0 0 1812.7017275417516 0 0.0005564762
420135110.0 1 1796.2619511119983 1 1.0
316521687.0 1 1798.4316871740307 1 0.9998987
184612384.0 0 1805.390828855828 0 0.0024687625
326209833.0 1 1805.2821101859265 1 0.9992054
445273980.0 1 1810.7020375498669 1 0.9999981
286408579.0 0 1808.910758388274 0 0.0002501169
346782253.0 1 1796.5160969495735 1 0.99987173
401326744.0 0 1805.2217690310765 0 0.000120268065
321853793.0 0 1805.3042210147394 0 0.0014188855
250560868.0 1 1795.7446691060306 1 0.9999542
445496494.0 0 1812.3691992462336 0 0.00031135054
192295908.0 1 1796.7033285459386 1 0.99892545
327394173.0 0 1808.8486987619906 0 0.00050143956
397279639.0 1 1798.4934616647731 1 0.9997089
117110659.0 1 1798.1197969735551 1 0.9999287
138016137.0 1 1796.3703629880536 1 0.99999946
191725102.0 0 1812.369284640679 0 0.0011775112
321984127.0 1 1799.908469495848 1 0.99979895
292694387.0 1 1811.2863866545379 1 0.999872
265348946.0 1 1798.70107098201 1 0.99946433
403692337.0 1 1794.2861698520203 1 0.9999875
331551927.0 1 1806.012782934872 1 0.99994063
405612280.0 1 1797.744950333156 1 0.9995557
201185068.0 0 1812.3912386581026 0 0.001228992
83800829.0 0 1805.243138061564 0 0.0002905969
233236346.0 0 1797.6983975015835 0 0.0020993862
245505921.0 0 1793.327800738012 0 0.00014026114
402779051.0 1 1798.3060681153606 1 0.9994538
407206498.0 0 1796.9098128098399 0 0.000580563
398306925.0 1 1795.5338340687301 1 0.9999253
452998092.0 1 1795.1188861873984 1 0.9999785
445256908.0 1 1794.7230216546511 1 0.9999876
354251900.0 1 1796.3902730937587 1 0.9999819
46480453.0 1 1798.3497018546507 1 0.9984014
396659113.0 0 1793.3054968631745 0 0.00020870252
400199647.0 0 1796.9099147484783 0 0.0011814227
258632561.0 0 1796.9078522419377 0 0.00045883897
338718387.0 0 1812.367136624086 0 0.00024229383
129912361.0 0 1805.578451577343 0 0.0030136397
233743035.0 0 1797.9691044220572 0 0.006735502
184659255.0 0 1809.182413289613 0 0.0019536947
378197423.0 0 1808.8885594002486 0 0.0011533465
354962851.0 0 1794.347813181396 0 0.0014628076
359253700.0 1 1806.0349186655155 1 0.99986255
284169037.0 1 1805.7181367976475 1 0.9965048
82500760.0 1 1795.7439616822599 1 0.99999434
445228077.0 0 1812.7018651518706 0 0.00021218417
116209912.0 0 1793.3278534441806 0 0.00059707894
404393926.0 0 1793.3252273105948 0 0.0010348902
240924874.0 1 1810.348270492403 1 0.99999905
116848602.0 1 1806.0366023553506 1 0.9998229
320185670.0 1 1794.077025819796 1 0.99992955
184590700.0 1 1797.6200737642107 1 0.999997
372501667.0 1 1796.493521299357 1 0.9999982
269888243.0 1 1797.9330573055756 1 0.99725085
286405890.0 1 1798.5563712698363 1 0.9999734
366558772.0 1 1794.929568518172 1 0.99997777
235981025.0 0 1793.1371715826554 0 0.0024995855
417830496.0 1 1795.078656653908 1 1.0
331207311.0 1 1805.9522765102488 1 0.9999136
431778273.0 1 1810.682694451474 1 0.99764794
219898902.0 1 1796.9065042999168 1 0.9998294
301911058.0 0 1808.8490443099847 0 0.0010365138
320497858.0 1 1796.264697777357 1 0.99977124
379528619.0 0 1808.9517854706432 0 0.002241798
237293755.0 1 1810.2829716851552 1 0.9982176
259006009.0 0 1796.9074695110453 0 0.0036554052
54459231.0 1 1805.972938294463 1 0.99980414
326969027.0 0 1805.2446776580048 0 0.00021411324
249862386.0 1 1805.890476241539 1 0.999969
235937156.0 1 1799.1371627057415 1 0.99847525
372195923.0 1 1798.2651935739684 1 0.99999994
378924841.0 1 1799.0556418942801 1 0.9986603
406678050.0 0 1800.3050034322048 0 0.00014976229
370947467.0 0 1808.8900822369162 0 0.0016627113
331385890.0 1 1811.3063227719515 1 0.9999924
428118911.0 0 1808.890758420976 0 0.0018072503
250577024.0 1 1797.5986921502474 1 0.9999921
449988211.0 1 1810.9517354973545 1 0.997318
67631564.0 1 1797.0162139158435 1 0.9999753
229458191.0 0 1805.1987882147357 0 0.00020411964
219428801.0 0 1793.1768301979607 0 0.0006360221
82242979.0 0 1805.2856169178237 0 0.0005236484
417643330.0 1 1811.137366124877 1 0.9999944
431891777.0 1 1793.557312502914 1 0.99981177
264726849.0 0 1808.8693904139163 0 0.00013944156
236784418.0 0 1797.9689978717804 0 0.97734296
377165051.0 1 1805.843934141395 1 0.999449
20768756.0 0 1796.6407688057807 0 0.003363945
431802820.0 1 1796.453378343242 1 0.9998655
362219768.0 0 1812.3453377558847 0 0.003055364
433080059.0 0 1805.3700356566928 0 0.002404726
374391190.0 0 1812.4107295019217 0 0.0018955141
251716018.0 0 1808.8485290472092 0 0.00054043584
407021492.0 0 1812.3472912395735 0 0.001051089
245391213.0 1 1805.9944882875925 1 0.9999827
327189822.0 0 1813.0986196531546 0 0.0037257157
403431248.0 0 1809.16073720425 0 0.00040386332
245705643.0 0 1796.8278170219253 0 0.0029453281
292722039.0 1 1795.3909146959418 1 0.99999976
406535088.0 0 1796.6373998270392 0 0.00018071992
301173023.0 1 1795.3488327068358 1 0.9998263
356785627.0 1 1805.5530832210588 1 0.99996305
315937034.0 0 1812.3485604645114 0 0.0005904684
229476915.0 0 1796.9072503715588 0 0.0006015042
321724494.0 1 1797.6792736529478 1 0.9999978
372060884.0 0 1808.8669114296176 0 0.00020656246
230384685.0 0 1800.4067741462522 0 0.00015513791
433497105.0 0 1808.8494932429358 0 0.001741927
431801658.0 1 1795.4950693218373 1 0.99999744
445234574.0 0 1805.5354633782442 0 0.0007093448
359388299.0 0 1805.301739090872 0 0.0008009762
82500760.0 0 1808.9108659625651 0 0.0025798033
368101245.0 1 1798.4513278901663 1 0.9999998
418374805.0 1 1810.5758382266292 1 0.9998839
315917180.0 0 1812.34540632606 0 0.00013889217
427511029.0 0 1805.2008008229363 0 0.0004780824
200937431.0 0 1812.4328042948016 0 0.003004916
269107060.0 1 1798.9303741548556 1 0.99995637
10344074.0 0 1808.9314251277488 0 0.0010050687
389979213.0 0 1812.7021789837622 0 0.00097381976
359585725.0 0 1797.968805641682 0 0.0010466889
301417546.0 1 1810.2236828806685 1 0.9999444
94473350.0 0 1800.1412639708303 0 0.00072265835
326555997.0 1 1794.8268902860614 1 0.99790823
445430159.0 0 1800.139646480951 0 0.0003896674
306564418.0 1 1797.9108253640338 1 0.9997405
117265799.0 0 1812.3490748470383 0 0.0015374025
259967322.0 1 1794.783367148263 1 0.99999857
378527314.0 0 1805.2428640596286 0 0.0008004153
12707627.0 0 1796.909260590517 0 0.00075315614
385241357.0 1 1796.7032935820243 1 0.999989
377334685.0 0 1793.409077408372 0 0.00039955045
65746968.0 0 1808.91176509937 0 0.0013578915
379375782.0 1 1796.4308910848388 1 0.9999547
331928059.0 1 1806.3888338299648 1 0.9999983
400500239.0 0 1812.3691630738497 0 0.0016396646
427548884.0 1 1796.3675842236119 1 0.9999999
368593849.0 0 1812.367791213556 0 0.00042636125
423745367.0 1 1797.1607047197904 1 0.9999527
418083239.0 0 1805.3700986683036 0 0.001042109
377785772.0 0 1805.198901578825 0 0.00075153663
28910232.0 1 1795.1830798376682 1 0.99974334
21119455.0 1 1798.7039047933326 1 0.9999429
279925142.0 0 1793.3051066325763 0 0.000117822776
285510909.0 0 1793.140253492895 0 0.00029809287
322208121.0 0 1812.345819558462 0 0.00043368997
418029110.0 1 1806.1824582789136 1 0.99999714
366581371.0 1 1798.7829988637861 1 0.9999876
381592391.0 1 1811.1615955429809 1 0.99993587
192295673.0 0 1805.2867160881628 0 0.0029650074
433496867.0 1 1798.4952392547493 1 0.99999994
432148578.0 1 1794.4532706534774 1 0.9997156
192558960.0 1 1795.9326011919466 1 0.9999756
200795756.0 0 1805.2035884845598 0 0.0021711653
71696581.0 0 1812.3899878160914 0 0.00030972488
326535837.0 0 1805.2014810272285 0 0.00055782957
274985708.0 1 1811.4095465489138 1 0.9999987
317474626.0 0 1793.4091494525067 0 4.7284444e-05
65687856.0 0 1808.8492874333053 0 0.0033376715
445302944.0 1 1794.431509656165 1 0.9999999
252854757.0 1 1799.5780751400328 1 0.9998783
129685635.0 0 1805.5784193940742 0 0.0023462826
397234375.0 0 1808.9517543993584 0 0.0009973202
390579360.0 1 1811.3480859506878 1 0.999952
270137853.0 1 1794.909729911555 1 0.9999863
445633848.0 1 1794.348496208406 1 0.9999774
250556682.0 0 1808.8488303792637 0 0.0024015403
403921171.0 1 1796.3683317290338 1 0.99996555
377906251.0 1 1796.5345131399456 1 0.99975944
272226485.0 0 1808.8679596023376 0 0.0011337023
72148529.0 0 1812.3692151011355 0 0.0011492049
378648975.0 1 1799.2013339341954 1 0.99992764
129790498.0 0 1812.7033999430134 0 0.0015026268
264391632.0 1 1811.2616499513422 1 0.99987984
235715965.0 1 1805.8450010626375 1 0.9998612
177804915.0 0 1805.2036000538458 0 0.0026697451
353488648.0 0 1812.5353680101198 0 0.00088309596
403438475.0 1 1799.2024407950585 1 0.9982742
416097930.0 1 1797.8909580588052 1 0.99982995
410651000.0 1 1793.4321006902442 1 0.99999493
370939271.0 0 1805.5149587896508 0 0.00043478384
287150450.0 0 1808.8436620036468 0 0.0018666001
293192866.0 1 1795.2448691709808 1 0.99999267
388508051.0 0 1808.8465289190747 0 0.0045452723
230052512.0 0 1805.2196746348927 0 0.00019560066
326814571.0 1 1798.4932770296741 1 0.99992967
240985115.0 1 1795.2652233768051 1 0.9995331
369280155.0 1 1796.6602327838475 1 1.0
331848311.0 1 1811.4719905292332 1 0.9995605
352112720.0 1 1796.9513968220522 1 0.99721265
428526894.0 0 1809.2641916931343 0 0.0015827799
139430610.0 0 1809.2034905315938 0 0.003642957
370351107.0 0 1805.5358036201378 0 0.00026880967
229744487.0 1 1799.1568941837738 1 0.9999963
219866098.0 1 1811.260693105932 1 0.99999684
376773631.0 1 1799.1591149064268 1 0.99963254
401320107.0 1 1796.8051033183467 1 0.9999885
250936633.0 0 1808.8698019813976 0 0.00010011478
418256655.0 0 1809.1167217466239 0 0.0005605106
285124298.0 0 1809.16004203859 0 0.014029803
21131390.0 1 1797.5997707989336 1 0.9999966
12986516.0 0 1812.410771465891 0 0.0005906986
428458355.0 0 1805.514327568423 0 0.00047210345
363756038.0 1 1794.6811028644636 1 0.9998145
428378991.0 0 1796.9099495412459 0 0.0013588901
367915022.0 0 1812.3883272970147 0 7.098163e-05
233632143.0 1 1796.9694052569746 1 0.99933594
139556415.0 1 1810.9742516344315 1 0.9990612
395506519.0 1 1811.263992593924 1 0.9995197
302239138.0 0 1805.2030386434037 0 0.00015333679
194736550.0 1 1806.0994608643275 1 0.99999565
375843942.0 1 1805.3254957393574 1 0.9999997
256206317.0 1 1800.0976225671086 1 0.9999698
338925619.0 0 1796.9091125104874 0 0.00065753056
268728170.0 1 1797.5969186426992 1 0.9932563
410742036.0 1 1798.3906696986899 1 0.9999716
286216188.0 1 1797.7230357051956 1 0.99999684
285567910.0 0 1812.3697738175185 0 0.00017007775
12830328.0 1 1796.66049639516 1 0.99997526
101097458.0 1 1795.0161442075296 1 0.99993616
312682043.0 0 1812.702034241854 0 0.0006811708
224601763.0 0 1796.676334201707 0 0.001951995
118270850.0 0 1812.5368028926916 0 0.0025047737
399260561.0 0 1812.4520997375068 0 0.00065332564
279874917.0 1 1795.9928177120617 1 0.9997541
285512509.0 0 1812.3488289051015 0 0.0009763564
302148465.0 1 1795.9950638723178 1 0.99995524
233682617.0 1 1794.0726791660147 1 0.9999942
410477422.0 0 1808.869456996975 0 0.0003217045
400677803.0 1 1811.4105477895691 1 0.9999918
312779538.0 0 1809.2229201674616 0 0.0019915805
309125699.0 0 1805.2028720819162 0 0.0008095642
420579244.0 1 1810.159570155906 1 0.9999741
403877913.0 1 1799.4106733426008 1 0.9999847
357034919.0 0 1797.968649759457 0 0.0015147676
348672078.0 1 1796.2443298913545 1 0.9999774
270811822.0 1 1795.1597376172815 1 0.9999917
297818602.0 1 1810.26438126855 1 0.999997
229494089.0 1 1805.2612639578922 1 0.9932784
331388241.0 0 1805.514808480846 0 0.000435643
235954162.0 0 1805.1998956194557 0 0.00054548983
256348172.0 1 1797.4084754170408 1 0.999999
251703686.0 0 1805.2028567846132 0 0.012544401
71926571.0 1 1797.4942886329427 1 0.9999799
178045889.0 0 1800.3285289536475 0 0.00017247681
280132950.0 1 1799.181085405769 1 0.999987
387959719.0 1 1793.470811507291 1 0.9999994
400606739.0 1 1795.39025586963 1 0.9999978
372117591.0 1 1805.6193983395744 1 0.99900323
346014568.0 0 1812.4107578923497 0 0.0025411583
370269511.0 0 1809.202384710296 0 0.0013187483
420454310.0 0 1805.222347929172 0 0.001083881
302077481.0 1 1810.53637670424 1 0.9999837
405668462.0 0 1805.2447605818604 0 0.00023616057
326914072.0 1 1810.1403127137028 1 0.99997604
272785728.0 1 1795.510379864308 1 0.99993545
270526373.0 1 1795.4075329558168 1 1.0
445410590.0 0 1800.1398132595502 0 9.783652e-05
245512147.0 0 1812.3486231477752 0 0.00054438994
82390118.0 0 1805.3491890820696 0 0.0016414953
53710811.0 0 1809.472899107564 0 0.0021636742
400344508.0 1 1799.7640229210392 1 0.99960446
192289069.0 1 1805.724263803458 1 0.999941
415961316.0 0 1808.8488581734318 0 0.0027506405
116849668.0 1 1794.4531471046819 1 0.99952364
319911870.0 0 1796.6395079674178 0 0.0015096853
379317065.0 1 1794.5144129149332 1 0.9999999
384602727.0 1 1796.973498862113 1 0.99999857
279195015.0 1 1811.3475189574033 1 0.9999959
334485891.0 0 1793.3255461252288 0 0.0003070734
241028343.0 0 1805.2235734841088 0 0.00054922444
387508159.0 0 1812.366128210368 0 0.00054633355
354539097.0 0 1812.369464164647 0 0.0002800203
104150966.0 1 1810.2031301929296 1 0.99999976
263931085.0 1 1797.2392453198647 1 0.998768
256696297.0 0 1808.9939159318144 0 0.002941463
365944803.0 1 1795.513612121935 1 0.999917
12005022.0 1 1799.514783072664 1 0.9999953
259129583.0 0 1796.9073686596482 0 0.00024305598
434717882.0 0 1808.8674759092517 0 0.0013462534
372392680.0 0 1812.38773211253 0 0.00023754832
327246099.0 0 1805.5559598629177 0 0.0010306387
256509568.0 0 1808.8655230112754 0 0.0018006988
219865448.0 1 1796.8022067336562 1 0.99999636
327392642.0 0 1808.8695269362868 0 0.0009028484
274982633.0 0 1793.3051347201097 0 0.00010933997
308618724.0 0 1800.1402069040992 0 0.010455516
270553130.0 1 1798.4513992198058 1 0.9994447
236816554.0 1 1799.302326729635 1 0.9999853
292976044.0 1 1810.2657318149481 1 0.9999997
397765205.0 1 1796.9512544162912 1 0.9999943
284606209.0 1 1798.597664351374 1 0.99996185
230080458.0 0 1808.8441347966261 0 0.00049755815
385240485.0 1 1806.1409410140886 1 0.9999794
241079003.0 1 1806.3070592655833 1 0.9994158
372976059.0 1 1805.88755176206 1 0.9999987
271839625.0 0 1808.8470054700158 0 0.0020970749
230090786.0 1 1797.219015284247 1 1.0
264915221.0 1 1794.8903554049266 1 0.9999998
403398796.0 1 1810.1817324367687 1 0.99997634
347427161.0 1 1795.6825524496717 1 0.9945454
219112822.0 1 1794.6985541071904 1 0.99959403
13279533.0 0 1812.346512702821 0 0.00123768
407319154.0 0 1800.3054911751492 0 0.00055994675
200877900.0 1 1795.307572205675 1 0.9999244
320187565.0 0 1793.2645661804497 0 0.0010896474
250505667.0 1 1798.1195331737213 1 0.9999981
278858569.0 0 1812.4935450837233 0 0.0021457574
284314464.0 0 1812.7016416700255 0 0.0011777966
403257785.0 1 1795.0144114899945 1 0.9999961
192377859.0 0 1793.1407900076165 0 0.0023799357
331868822.0 0 1808.846678585272 0 0.0012022944
258514303.0 1 1799.4495663258795 1 0.98747116
410237933.0 1 1799.9919649890987 1 0.9999798
28912459.0 0 1812.7872415876363 0 0.004423092
389636332.0 0 1809.2021222052958 0 0.000195129
353377658.0 0 1805.3060947045585 0 0.0009410179
403941367.0 0 1809.0352431327747 0 0.0018265072
264194097.0 1 1796.345843589387 1 0.9999658
251408385.0 1 1793.4110904839704 1 0.9999946
267543049.0 1 1805.324313348565 1 0.9999531
201239488.0 1 1796.1618069847332 1 0.9999543
407028353.0 1 1797.3470729451178 1 0.9989034
279763747.0 1 1811.1383672406434 1 0.9999997
293065676.0 0 1808.8698003370016 0 0.0026405791
250834313.0 0 1808.8696053159665 0 0.0004950004
311822551.0 1 1796.0979364303164 1 0.999898
186742638.0 0 1808.849538428876 0 0.002062173
292822594.0 0 1808.8906790845758 0 0.0015208459
432096389.0 1 1795.5574707343208 1 0.9999508
353779523.0 1 1805.2393254133958 1 0.9999568
235933764.0 0 1812.366590363728 0 0.0009641553
419745119.0 1 1794.0560208415757 1 0.9999889
354786581.0 0 1808.9309649616896 0 0.00039074355
90552859.0 0 1805.4747138632424 0 0.0022732595
423036802.0 0 1808.8484895641525 0 0.0005197949
240890658.0 0 1808.8482741076045 0 0.0016104961
126026800.0 1 1799.308030845077 1 0.999176
378538179.0 1 1810.8262411315056 1 0.9999951
356894234.0 1 1799.0520219905036 1 0.99934053
332869735.0 1 1795.5149694630827 1 0.99998593
378734910.0 1 1811.263747359207 1 0.99998105
410232396.0 1 1795.0753899179495 1 0.9998294
422385635.0 0 1808.8664488105935 0 0.00041042207
126023725.0 0 1809.2037541113204 0 0.0013178186
385200736.0 1 1810.3285300509995 1 0.9999937
379525328.0 1 1810.5142220016055 1 1.0
279191380.0 1 1811.3266763917766 1 0.999795
427578829.0 0 1809.245631037348 0 0.0034470193
428297327.0 1 1797.473994986295 1 1.0
334491923.0 1 1794.1588609132116 1 0.999896
374391716.0 0 1805.2649063899305 0 0.00016908524
101354250.0 1 1805.7455202417573 1 0.9999999
307117697.0 1 1797.1817133161308 1 0.9999859
21124393.0 1 1800.3016815790415 1 0.99999565
433202107.0 0 1809.1410919006755 0 0.0034027065
368919419.0 1 1806.0141210681797 1 0.9999357
399133359.0 0 1809.1815675211647 0 0.0005990541
54790509.0 1 1806.306268850002 1 0.9999999
236878480.0 1 1806.4282543432216 1 0.9995084
284807014.0 1 1811.222475902511 1 0.9999958
65571459.0 1 1797.3698845017088 1 0.9999537
312680867.0 1 1810.5146111148224 1 0.9999885
407515876.0 0 1808.86731105787 0 0.00022681014
28961660.0 1 1796.7039353152802 1 0.9999993
90667435.0 0 1793.1411749903589 0 0.0032579063
407387075.0 1 1811.5571204323319 1 0.9999982
275712942.0 1 1796.2433919423697 1 0.9999948
307041476.0 0 1812.3897265417006 0 0.0009273863
317836705.0 0 1812.3674752075246 0 0.0030195096
377503705.0 0 1808.8465012085564 0 0.0005908717
445372883.0 0 1809.2021557494859 0 0.00017086024
420454088.0 1 1798.8682436688405 1 0.9994247
82377199.0 1 1794.370224530644 1 0.999575
366762412.0 0 1796.8254767111753 0 0.003414518
238740657.0 0 1805.2450408233865 0 0.0021335434
117749081.0 0 1796.6406892594778 0 0.0033462718
410549960.0 0 1812.348585999019 0 0.00030137453
352424791.0 1 1810.9725044665536 1 0.9999989
312675993.0 1 1796.5354864695669 1 0.9999999
368516895.0 0 1812.389006306451 0 0.0011835498
12984854.0 1 1811.119080013868 1 0.9997323
444559308.0 1 1799.3477932891913 1 0.9999913
436924819.0 1 1796.4747623113526 1 0.9999694
286576659.0 0 1794.3481313503185 0 0.0007066358
245400997.0 0 1805.2026128516363 0 0.0016321277
367287906.0 1 1810.3880246797082 1 0.9999808
326259962.0 0 1812.3659339680496 0 0.00045955292
219114041.0 1 1797.386185752643 1 0.99999833
82376456.0 1 1810.4323422692626 1 0.9999866
264404726.0 1 1794.4291843220512 1 0.99996996
264990086.0 0 1808.8466103737887 0 0.00017716392
410807017.0 1 1796.8280753630766 1 0.99929297
400734823.0 0 1794.3480222455466 0 0.0004658055
286237833.0 0 1793.1412282896947 0 0.00069250376
269662631.0 0 1805.1994178913635 0 0.00022163287
68156985.0 1 1796.2036446540612 1 0.9997636
269419535.0 0 1793.4096677405603 0 0.0032423432
390812753.0 0 1808.9108451590776 0 0.0021863375
198178704.0 0 1805.197336444636 0 0.0007069676
191773672.0 1 1793.307273009558 1 0.9998896
398182391.0 0 1805.4935776460352 0 0.0028611924
256206317.0 0 1805.6809319536985 0 0.0023918652
428053550.0 1 1797.9532270846344 1 1.0
202902861.0 0 1809.1199610047727 0 0.0035037047
377338476.0 1 1806.284058570478 1 0.99996054
192320467.0 1 1796.9532461431247 1 0.9996507
354542410.0 1 1806.3069836956358 1 0.99998033
233608021.0 1 1799.4483768337468 1 0.9999858
399018039.0 0 1800.139984385766 0 0.0046553244
388505285.0 1 1797.4088518568697 1 0.9999929
354308924.0 0 1808.8903561665359 0 0.00030685627
399079021.0 1 1810.4733014457065 1 0.99997884
61045741.0 0 1808.9954305111787 0 0.0012445991
256696984.0 1 1797.7646272156214 1 0.9999998
306183346.0 1 1795.827481763674 1 0.9999926
445108124.0 0 1812.7018233209553 0 0.0007635888
252848972.0 0 1809.0158292306114 0 0.0017320705
117529773.0 1 1799.8905435583986 1 0.9999938
11156887.0 1 1811.2856801395815 1 0.999996
372209149.0 0 1808.8460781422436 0 0.0003978991
376260525.0 1 1796.222570508335 1 0.99999565
286475902.0 0 1797.8482654633829 0 0.0018673277
270325883.0 1 1795.847118159766 1 0.99989754
251816411.0 1 1796.0778645880077 1 0.9997368
285507494.0 0 1805.2028178433513 0 0.00080028875
374613118.0 1 1805.47350487868 1 0.9999998
251658487.0 1 1811.1610935430901 1 0.9999986
229800613.0 1 1793.7612859568958 1 0.9961467
73728595.0 0 1808.953699966587 0 0.003300781
305564076.0 1 1796.8040257993237 1 0.99983484
327346800.0 1 1797.828166036927 1 0.99999285
279085391.0 0 1808.8682661532698 0 0.001155428
431874993.0 1 1797.1200073466787 1 0.99999934
359498291.0 0 1794.4064448490242 0 0.0036860683
65445035.0 0 1796.6406627155488 0 0.0038257975
65643666.0 0 1793.1407062203714 0 0.0034741256
301572524.0 0 1805.244702881619 0 0.021420375
63345593.0 0 1805.3492980754716 0 0.0011811063
289571943.0 1 1811.1977101491593 1 0.999981
444497375.0 1 1799.368631850275 1 0.9998621
245714191.0 1 1797.5569257303848 1 0.9998899
233051580.0 0 1812.4477033559574 0 0.002246248
398015474.0 1 1798.5974241181755 1 0.9983716
285738504.0 0 1800.1406854678987 0 0.00053941127
192597317.0 1 1796.5158469551388 1 0.9973908
302385579.0 0 1800.3905465306939 0 0.0004044856
249920086.0 1 1795.0779832119129 1 0.9999681
50850412.0 0 1805.2646970671174 0 0.001057358
420497818.0 1 1797.389113316383 1 0.9999765
445132208.0 1 1798.993948796661 1 0.99999976
116759542.0 1 1796.2447142602211 1 0.9994278
403262379.0 1 1799.0352605365952 1 0.9999831
326918763.0 0 1808.8695201979478 0 0.0010139565
398327078.0 1 1793.5961223458505 1 0.9999966
374787265.0 1 1798.4733462679378 1 0.99999654
292609933.0 0 1812.3696805706386 0 0.0008972885
398265577.0 1 1797.2837009991576 1 0.9999801
409525877.0 1 1797.9532428458178 1 0.99998564
236905036.0 0 1812.3448260280668 0 0.00042045955
284143800.0 1 1797.7227895564079 1 0.9999944
396200112.0 0 1812.34697401225 0 0.0018793582
420114439.0 0 1812.3451353640787 0 0.00034818196
5735606.0 0 1793.141380636402 0 0.003546625
375779530.0 1 1795.3880543053276 1 0.9999145
312338309.0 1 1794.285632822985 1 0.999866
359483261.0 0 1794.4063980470498 0 0.0021903014
396387220.0 1 1805.9099949349045 1 0.99996924
117321693.0 0 1793.3280324034047 0 0.0007590454
332367537.0 1 1811.4522941796758 1 0.9999946
13771812.0 0 1808.9108321482017 0 0.0013479956
323306240.0 0 1812.38776223141 0 0.0025228963
264293640.0 1 1796.8458849545973 1 0.99999666
129914931.0 0 1793.1411464582607 0 0.001187764
348315037.0 0 1796.8276511091904 0 0.00059819396
250891951.0 1 1805.661297080866 1 0.9998546
373704964.0 1 1798.3479110890903 1 0.9984947
250922234.0 1 1798.557070670297 1 0.9999923
353735167.0 1 1811.4060776246672 1 0.99998516
366104924.0 0 1812.6807088626317 0 0.0018081727
245718848.0 1 1799.119339462737 1 0.9999437
198158730.0 1 1796.8846492828272 1 0.9995376
406518730.0 1 1798.095706568583 1 0.9999999
52424565.0 1 1798.9937388513204 1 0.9998693
249834950.0 1 1810.348879018588 1 0.99998116
130059549.0 1 1797.3077709982447 1 0.99873364
321595539.0 0 1805.2416247166234 0 0.00046663964
367866882.0 1 1798.7841853203918 1 0.99989885
376838130.0 0 1805.2214826203299 0 0.0018438613
292466626.0 0 1793.1408337647126 0 0.0013288726
396574921.0 1 1795.1618034435592 1 0.9999198
269667140.0 0 1805.199312564241 0 0.0013621139
230087876.0 1 1794.3856261650337 1 0.99999994
376085702.0 0 1808.8468869623448 0 0.00011124309
233658981.0 1 1798.280984393248 1 0.9880089
399449058.0 1 1797.6603573919092 1 0.9999999
251718420.0 0 1812.411088080838 0 0.0028949485
84059267.0 0 1805.2015488874424 0 0.00028171937
117399022.0 0 1793.1405871796305 0 0.0034333267
445536159.0 0 1812.3484163981163 0 0.00024720695
358909502.0 0 1808.8466390311773 0 0.0021560397
194609095.0 0 1808.849468761881 0 0.0032593068
418032156.0 1 1799.0992399473016 1 0.999882
445297310.0 0 1805.6604242609728 0 0.00027059627
403258444.0 0 1809.201646033691 0 0.0013605788
251707475.0 1 1794.0776026415203 1 0.9999978
377503705.0 1 1794.9925978048877 1 0.99993604
331790583.0 1 1796.1800445612316 1 0.9997314
65439076.0 1 1796.66170130409 1 0.99998206
219801998.0 1 1798.364535718718 1 0.99997336
317713444.0 1 1795.0134192581324 1 1.0
354869471.0 1 1805.8280898475266 1 0.9990718
65571459.0 0 1808.8908993330701 0 0.004743869
435594199.0 0 1805.262542632381 0 0.001402079
400127135.0 0 1805.2219601554884 0 0.00092678115
445647231.0 0 1812.390196326192 0 0.0018664419
192646201.0 1 1798.0159681468451 1 0.99995744
373280365.0 0 1812.3467771617914 0 0.0001681245
351546522.0 1 1795.159959936474 1 0.9999964
116888474.0 0 1808.8489346205629 0 0.00065090676
428531053.0 0 1805.203297510422 0 0.0036596118
35027041.0 1 1793.162262931021 1 1.0
407349073.0 1 1795.9514708627942 1 0.98144406
178109331.0 1 1794.3701346809407 1 0.9986415
428208125.0 0 1805.2032677624186 0 0.0020494375
427689082.0 0 1808.8468522292721 0 0.002434961
192735590.0 1 1798.994934884875 1 0.9999843
357100479.0 0 1794.406234050811 0 0.0019285834
201002282.0 0 1812.4328568963708 0 0.0033057716
422356318.0 1 1798.4495227308475 1 0.99999595
279878476.0 1 1810.7842803305111 1 0.9999951
428121854.0 1 1798.2031378517186 1 0.99994487
83055357.0 0 1812.6598049669535 0 0.0006355382
367460770.0 1 1798.1406308486883 1 0.9999927
289210388.0 1 1797.680560284571 1 0.9995044
229785418.0 1 1794.594732764045 1 0.9999996
431955353.0 0 1805.2034139977693 0 0.0012565252
331388241.0 0 1809.16057397263 0 0.002428599
229997695.0 0 1812.3861248636813 0 0.0001541657
418417655.0 0 1805.201511618118 0 0.0005472101
444743857.0 0 1808.9520894700777 0 0.0011275661
137082590.0 1 1798.493174675161 1 0.9999995
445555922.0 0 1812.3900344059496 0 0.0009417444
305430992.0 0 1793.1399509644107 0 0.0021090365
279288205.0 0 1812.3675348245945 0 0.0004925571
420850781.0 1 1806.368558576932 1 0.99997336
186985167.0 0 1812.6824226099982 0 0.0020895696
237015972.0 1 1795.0119822527283 1 0.99999857
12478352.0 1 1797.931628005269 1 0.99992853
177708876.0 0 1812.4118958907159 0 0.0026795366
251203875.0 0 1805.202885039277 0 0.0015185841
177991199.0 0 1805.2245419913593 0 0.002677399
376994656.0 1 1798.4066143226212 1 0.99893063
298730341.0 0 1808.96855535567 0 0.0004426972
347943876.0 1 1810.452631641617 1 0.99999994
280465934.0 1 1811.347844961088 1 0.9999602
250561884.0 1 1794.4737911200943 1 0.99992913
229458009.0 0 1805.2196337633604 0 0.00022322622
192740281.0 0 1812.453477765354 0 0.0046610637
445488145.0 0 1808.8693473823687 0 0.00060197787
90648961.0 0 1812.7247101329542 0 0.0020525155
149978934.0 1 1805.9331156674696 1 0.95218074
406267557.0 1 1797.7002251148933 1 0.9997104
312677422.0 0 1793.452133009876 0 0.00043942488
423952295.0 1 1805.8252283538964 1 0.99999887
420537127.0 1 1795.9102429213133 1 0.9999994
406855717.0 1 1799.2611342055825 1 0.99992496
420110245.0 0 1808.887508596659 0 0.0010347974
390464391.0 0 1808.9107065862215 0 0.001523851
307479729.0 1 1795.5158063848066 1 0.9988226
416098303.0 0 1793.1408779031906 0 0.0020429718
420268169.0 1 1795.2623972750885 1 0.9994868
130155097.0 0 1805.4952410274875 0 0.0017298581
311821411.0 1 1796.8896155117382 1 0.9999946
250605587.0 0 1808.8487121238313 0 0.0005622792
72148529.0 0 1805.2234859593339 0 0.0024018132
332677471.0 1 1793.2857838278246 1 0.9997417
381686314.0 0 1812.640926688315 0 0.0015927191
407352723.0 0 1805.2432310620177 0 0.0010732854
81908388.0 0 1808.9107846229215 0 0.00070238765
236767649.0 0 1808.844448305814 0 0.9249087
431994502.0 0 1812.6827839643672 0 0.0013941898
356199311.0 1 1798.6764043862945 1 0.99997497
201377542.0 0 1809.0786079726604 0 0.0032565412
348316528.0 0 1796.8276151496143 0 0.00022009414
332272396.0 0 1793.1400117972498 0 0.010558337
235685605.0 0 1812.3867975116675 0 0.0001734353
117614888.0 1 1795.2655581339777 1 0.99999654
50610083.0 1 1798.8482261020915 1 0.9999888
104150440.0 0 1796.8280424070767 0 0.00042829377
116062134.0 1 1799.4739826152334 1 0.9980216
399717223.0 1 1798.9717295865312 1 0.99994034
422895464.0 1 1797.8490703588468 1 0.99998385
250711787.0 0 1805.22391653306 0 0.00045300927
354788350.0 0 1793.3904629696362 0 0.0008421182
445608664.0 0 1793.3277693452321 0 0.00021579237
46678383.0 0 1809.12065379369 0 0.0017910107
251200709.0 1 1797.223557963638 1 0.99997073
237115411.0 0 1797.9685979342783 0 0.036638893
428162244.0 1 1795.3697154219517 1 0.99996424
77222689.0 1 1810.9120225810886 1 0.9990617
353726056.0 1 1797.7436488500064 1 0.9999627
327397734.0 0 1812.369559259783 0 0.001028618
230019755.0 1 1798.448705607425 1 0.99999285
420267547.0 0 1805.2000306351213 0 0.0025371981
279704777.0 1 1811.3051036085708 1 0.999996
321987520.0 1 1798.616828880703 1 0.9999981
272930528.0 1 1810.9095532196957 1 0.9979158
301639635.0 0 1812.3489730300735 0 0.0005868429
401079326.0 0 1812.3489118119076 0 0.00013586548
256433907.0 1 1797.0336395809138 1 0.9999966
250746947.0 0 1812.3696621751637 0 0.0003654433
29108129.0 0 1793.1413729197589 0 0.0036477058
230074876.0 1 1794.8022994019866 1 0.9996693
272787246.0 1 1810.51061546114 1 0.9986306
238776669.0 0 1805.3285077903288 0 0.00025412856
250494958.0 0 1812.369472783418 0 0.00027441228
283134835.0 0 1809.2019394424265 0 0.0020611864
389839603.0 0 1796.639663009661 0 0.0070317006
238655860.0 1 1798.4113434147366 1 0.9999913
353489254.0 1 1797.1603127208357 1 1.0
264614790.0 0 1808.8693537746708 0 0.000909267
268729392.0 0 1793.4094784279075 0 0.01916744
378383081.0 1 1795.5765213237405 1 0.9999998
241036953.0 0 1800.1401910349075 0 0.013184737
444527030.0 0 1809.3061506814101 0 0.00028699852
292725807.0 1 1794.1615588562474 1 0.9998875
410439084.0 1 1805.952706136416 1 0.99953914
264174508.0 0 1812.3450233781848 0 0.0004827048
288408131.0 1 1795.5534651230282 1 0.9999995
241119694.0 1 1811.369552009396 1 0.9999987
378650885.0 0 1805.2429883497543 0 0.00018492046
51961039.0 1 1806.41035454363 1 0.99999714
202929625.0 0 1808.8698595591231 0 0.0005087106
77633175.0 1 1810.9537481257726 1 0.99999934
201355636.0 1 1795.932572927718 1 0.9999428
373785642.0 1 1797.639681518371 1 0.99992
240735918.0 1 1799.1606513172214 1 0.9999595
332865327.0 1 1810.493890200233 1 0.9999919
251103507.0 0 1796.890078808198 0 0.0030298955
52179130.0 1 1799.3061163475907 1 0.99999076
376407837.0 1 1799.7631900080041 1 0.9951226
406536209.0 0 1805.2000056593652 0 0.001850389
81597042.0 1 1798.7022385795603 1 1.0
348615115.0 1 1810.3275174410649 1 0.99949396
229403199.0 0 1812.9693232395273 0 0.0006458797
139532660.0 0 1805.3701566910756 0 0.0018332972
418085296.0 0 1805.265845859464 0 0.0005953634
286315939.0 0 1805.2037598394195 0 0.0023150635
338161462.0 1 1800.3673668422591 1 0.9992666
340905225.0 0 1812.4702254963743 0 0.0027854154
49937439.0 1 1798.7647925545855 1 0.99996716
63403914.0 0 1812.7866024707691 0 0.0012511155
321447827.0 1 1798.4500468505141 1 0.99983203
321600884.0 1 1795.9905131116461 1 1.0
252848527.0 0 1809.0158306149387 0 0.0036351164
352358226.0 1 1810.7850225564089 1 0.9998382
250828300.0 0 1812.36967992837 0 0.0019645316
186629856.0 0 1812.516132651306 0 0.001119598
316845444.0 0 1812.3488952438174 0 0.00077977136
137961193.0 0 1800.328758882512 0 0.000386947
370947698.0 0 1808.8900847624645 0 0.00048312367
309133946.0 1 1796.0570698468212 1 0.9999979
65205803.0 0 1812.3491914627098 0 0.002130393
73626790.0 0 1812.3494745238513 0 0.0062650708
279384366.0 1 1805.576067507644 1 0.9999998
83528970.0 0 1793.410044340116 0 0.0016532417
426419025.0 1 1806.016375966032 1 0.9999776
20770479.0 1 1806.0365934565582 1 0.9998678
396111546.0 1 1798.5348858115717 1 1.0
387602720.0 1 1800.4705652607922 1 0.999999
198554899.0 0 1812.4267628379125 0 0.006473296
419524702.0 1 1806.035035512733 1 0.9999976
82493179.0 1 1795.8899211154135 1 0.9999697
26435015.0 0 1805.5372093172373 0 0.0035589188
399358798.0 0 1812.7022779621661 0 0.0011192376
240979790.0 1 1805.2651795617621 1 0.99999875
316447896.0 0 1805.2029821709925 0 0.00088333455
219877628.0 1 1797.1983473430007 1 0.9999999
387996029.0 1 1810.4080558868227 1 0.9999459
400506011.0 0 1809.1607432139053 0 0.00062997267
264247035.0 0 1808.8450071579095 0 0.0002645217
372630691.0 0 1800.13977765629 0 0.0006915623
117037903.0 1 1796.6196241403657 1 0.9999924
259460349.0 0 1805.2658855908062 0 0.0028414153
308219626.0 0 1793.140183254845 0 0.00013003108
285569113.0 0 1796.8905232516756 0 0.0024642516
21124393.0 0 1805.2390929703731 0 0.00013235536
292613411.0 0 1809.182364536146 0 0.0014595031
403431219.0 0 1812.681511810312 0 5.257822e-06
424093566.0 1 1810.9121321058133 1 0.9999751
229484366.0 0 1808.8653395914641 0 0.00065632124
285331232.0 0 1812.8892849393337 0 0.0009027799
436866363.0 1 1806.2455033572478 1 0.9999946
81303965.0 0 1805.285652742872 0 0.0017127246
315940355.0 1 1795.3900553006763 1 0.9999995
219794529.0 0 1812.3852448927723 0 0.0008022113
252812191.0 1 1810.9740191088094 1 0.9998769
321824026.0 0 1796.8251404075277 0 0.0046158074
229787746.0 1 1797.5530208997648 1 0.99999744
312856774.0 0 1800.1398683992356 0 0.004207749
178175702.0 0 1805.2037069059695 0 0.0071790465
419745107.0 1 1810.7642056806867 1 0.9995404
334678928.0 0 1794.1987275501094 0 0.00039226966
399203662.0 1 1793.8897651488583 1 0.9999966
445278656.0 0 1812.6603798714748 0 0.0011910304
11063082.0 0 1812.4104348768976 0 0.006218103
236779479.0 0 1812.3645127253003 0 0.0006789245
331863833.0 0 1796.640015307678 0 0.0020518454
370695361.0 1 1797.7857935082939 1 0.9999932
302390056.0 0 1796.8279156452338 0 0.00053476705
196948284.0 1 1793.3279707040929 1 0.99999917
308288258.0 1 1797.265392528706 1 0.9997725
73488347.0 0 1796.6412835699439 0 0.0012756486
250636476.0 1 1795.9113323592676 1 0.99956894
307640555.0 0 1812.3485718834413 0 0.003672987
403944798.0 0 1808.9937096762046 0 0.0023528612
327570157.0 1 1799.8905425040498 1 0.9999587
229610772.0 0 1794.1989449477987 0 0.0014557871
252862134.0 0 1812.3698095214027 0 0.00057150057
396010549.0 1 1795.2431668778404 1 0.99995184
376111907.0 1 1806.2004917370036 1 0.9999983
376230355.0 0 1796.8256020424606 0 0.00041944813
284539300.0 1 1805.8474861665097 1 1.0
445643360.0 0 1793.3902579733115 0 0.000447722
251328660.0 0 1796.890197962903 0 0.0005145729
387508159.0 1 1799.1371977902647 1 0.9999213
21099543.0 1 1796.0997369683816 1 0.99947226
390168532.0 0 1809.202256987811 0 0.0005102771
201246217.0 1 1806.1620350900946 1 0.999857
275855120.0 0 1808.93127428059 0 0.0014633671
399084016.0 0 1812.7856358816825 0 0.009191436
34713020.0 1 1793.9331036501883 1 0.9645276
71844721.0 1 1799.3691191582514 1 0.99994916
265343830.0 0 1812.3466706571398 0 0.00023369023
368737937.0 1 1797.972324781959 1 1.0
445221603.0 0 1793.1396697713803 0 0.00079534296
381848109.0 1 1795.6617859913688 1 0.9997815
444112191.0 1 1798.1818733079979 1 0.99993944
444139884.0 0 1808.848605163847 0 0.00075717614
219848566.0 0 1793.1770990700797 0 0.0014515789
83729128.0 0 1808.868118436585 0 0.0003393364
372391590.0 0 1805.2420251660633 0 0.003075572
186594028.0 1 1810.641059424047 1 0.99999815
184683802.0 1 1794.3911199096062 1 0.9992298
73690810.0 1 1798.8495996060753 1 0.99951035
359249364.0 1 1796.9726051663122 1 0.99840266
381779577.0 1 1793.8911879683521 1 0.99998724
397803860.0 0 1793.409909714044 0 0.00034296044
240984691.0 0 1805.2234330003516 0 0.00021773262
13456257.0 1 1810.7230666542755 1 0.99844056
236765030.0 0 1812.3859504150846 0 0.0003946063
149904096.0 1 1796.245395111552 1 0.99981403
377253743.0 1 1794.36516188774 1 0.99978775
417735434.0 1 1810.5532922067139 1 0.99991566
385445155.0 0 1800.304788843493 0 0.0011316104
237098134.0 0 1808.8440049768376 0 0.00033642608
289352104.0 0 1808.868163361431 0 0.00026740684
306182652.0 0 1805.5148687791868 0 0.00015959083
279501959.0 0 1812.4103544481989 0 0.0024326644
343409567.0 0 1800.3245487989182 0 0.0042033456
410467298.0 1 1796.1402785717382 1 0.9999618
396455299.0 1 1793.5127103723898 1 0.9999998
245581679.0 1 1797.744540056613 1 0.99990124
285906063.0 1 1798.8062681668287 1 0.999999
428605069.0 0 1808.9741636415322 0 0.0010198457
285238128.0 0 1808.8485793329376 0 0.0007344438
453153922.0 0 1812.6810875379736 0 0.000270199
250829566.0 1 1798.765652777131 1 0.9999408
332571096.0 1 1810.3065184706995 1 0.9999984
399443433.0 0 1812.5562773506344 0 0.011958383
291885128.0 0 1793.1407965177805 0 0.0011967899
403118244.0 0 1812.345246798733 0 0.00046907016
308712011.0 0 1805.2026542879964 0 0.00046258577
302385579.0 0 1812.5780323150877 0 0.00051601743
434893544.0 0 1812.3465749588258 0 0.0009484609
233072454.0 1 1798.1353920986596 1 0.99990857
357101501.0 0 1805.1974735800525 0 0.00024326697
129905237.0 0 1809.2659146259764 0 0.0034175795
229605268.0 1 1811.1992351449974 1 1.0
71693616.0 0 1809.1608079874563 0 0.0021637804
177820510.0 0 1808.8703006863766 0 0.0019652897
245533304.0 1 1799.4527677850406 1 0.9999895
10344074.0 1 1796.8897653918502 1 0.9993323
285181325.0 0 1809.1202139297172 0 0.0022588444
94547394.0 1 1806.0787968678048 1 0.9909935
270667006.0 1 1795.8262947917863 1 0.9999664
251430659.0 0 1812.3486951718744 0 0.0025421798
399135065.0 1 1795.785886265445 1 0.99978054
431763114.0 1 1793.4324789925952 1 0.99992234
389415385.0 0 1812.7020534606243 0 0.015498483
387448750.0 1 1797.2414091632716 1 0.99996907
269597733.0 1 1811.553261930381 1 0.9999987
410737350.0 1 1810.5156675491419 1 0.99993706
353881162.0 0 1793.1407932743064 0 0.003221956
68000294.0 0 1812.3494142774025 0 0.0032839787
201258150.0 1 1806.0162692417305 1 1.0
67390878.0 1 1796.703484442351 1 0.99993616
256375216.0 1 1795.4700090955303 1 0.99999243
403877251.0 1 1794.4521849397497 1 0.99999565
323054666.0 0 1793.137509713524 0 0.0020080006
250686151.0 1 1805.9320577997391 1 0.9999889
283251110.0 1 1794.9101826429076 1 1.0
445515145.0 1 1793.4526056809893 1 0.99999696
137260061.0 0 1800.3056407322108 0 0.0012375013
280315636.0 0 1805.2646678189803 0 0.0009194503
285435004.0 0 1812.7016224404317 0 0.00051753456
434626140.0 0 1808.8466531800864 0 0.0011770731
10965765.0 0 1812.410609941042 0 0.00018099685
241041614.0 0 1808.8691559949027 0 0.00034878158
26530036.0 1 1796.8495653275838 1 0.99990964
241000835.0 0 1812.3481994645804 0 0.0006136494
200797446.0 1 1805.641144932099 1 0.9996502
279008024.0 0 1809.1394639743464 0 0.0008968022
264336056.0 1 1810.8251900381388 1 1.0
241022477.0 1 1810.8482848697647 1 0.9998975
301478384.0 0 1805.2448061929654 0 0.0024606755
378042730.0 0 1805.242823489578 0 0.0008962927
353241692.0 0 1805.3059813238553 0 0.0005124782
407316644.0 0 1808.8471664480844 0 0.0009826337
376680397.0 1 1795.388270633827 1 0.9999752
286121361.0 0 1805.389783380824 0 0.00022757155
26530386.0 1 1797.3495898651115 1 0.99216646
236712642.0 1 1799.9264626848922 1 0.9995195
348444259.0 1 1794.7026283394803 1 0.99999905
198538313.0 0 1812.3433527018972 0 0.0050195423
229751795.0 0 1793.40716694789 0 0.0017692491
376113790.0 0 1808.8463179361584 0 0.0006565865
256557483.0 1 1806.0947827213045 1 1.0
385445253.0 0 1808.8465675264968 0 0.00022372675
275149358.0 0 1808.867846324156 0 0.0008915038
20875355.0 0 1805.4951391749116 0 0.0019483079
410651000.0 0 1812.3487634884364 0 0.0006182124
50269558.0 0 1808.9107758627904 0 0.0029166443
26534393.0 0 1812.7663435591219 0 0.0035333706
219870762.0 0 1805.1984640954063 0 0.00011736951
326962793.0 0 1805.2028820219364 0 0.0010338274
352573876.0 0 1808.910048895352 0 0.00055912224
409713105.0 1 1798.4503179117198 1 0.9999964
229476774.0 1 1794.2822851510023 1 0.9999934
192290822.0 0 1812.3699966039733 0 0.002049525
71748745.0 0 1805.5149282863747 0 0.0011158441
308374326.0 0 1812.3900234705209 0 0.0010000566
198556409.0 1 1811.0934564917636 1 0.9997183
229489998.0 1 1797.3032795286113 1 0.9999709
444113390.0 0 1805.2027107924905 0 0.002036874
65487030.0 0 1808.911805676093 0 0.0040018763
67635530.0 1 1793.307627910848 1 0.9981657
452944756.0 0 1809.1810819862217 0 0.00050868915
26396354.0 1 1797.8494816417879 1 0.99999225
219899510.0 0 1805.239871981312 0 0.00016926222
245392223.0 0 1808.8902918856868 0 8.0107486e-05
353024137.0 1 1799.243574682347 1 1.0
272924777.0 1 1795.284886136309 1 0.99993324
409530625.0 0 1812.6615199255593 0 0.0017536876
251325923.0 0 1805.2027351941244 0 0.0025068999
351468959.0 1 1798.8057051957085 1 0.9999749
376497215.0 0 1808.9922175823435 0 0.00032069703
370345974.0 0 1805.5148690580293 0 0.00020805957
77547034.0 1 1797.7453917171636 1 0.9999978
326816881.0 1 1805.451508360026 1 0.9998645
306183477.0 1 1810.2021760032117 1 1.0
302076473.0 1 1794.8071933953454 1 0.9999947
192246961.0 1 1810.4532730648186 1 0.9989113
375787555.0 1 1796.2631151775183 1 0.9999981
159455573.0 1 1806.365766691383 1 1.0
452945261.0 1 1795.6188551971804 1 0.9999972
331868822.0 0 1805.2007847399486 0 0.00026228183
394122320.0 0 1794.1992058770097 0 0.00021006686
240875231.0 1 1796.3276821230893 1 0.9999731
410506199.0 0 1805.244344249077 0 0.0026248943
250858590.0 1 1794.8071444716888 1 0.9999681
241028159.0 0 1812.369218897042 0 0.00040350005
184564324.0 1 1797.2867733375283 1 0.9999282
387331780.0 1 1795.2830108845696 1 0.9999623
229774203.0 1 1794.7821917431702 1 0.99999917
12903268.0 0 1808.9107713470294 0 0.00033153992
94372127.0 0 1805.578809875575 0 0.001325028
321853793.0 0 1808.9500070841614 0 0.001739607
320498088.0 0 1809.1810932554424 0 0.0007877655
256486409.0 0 1812.4106941661094 0 0.0020240846
200798478.0 0 1796.6410385296904 0 0.0020213758
258957263.0 0 1809.3031355918695 0 0.0046725967
65355029.0 0 1812.4325775670304 0 0.0015466941
452941702.0 0 1800.1812204783319 0 0.0031437804
332478393.0 1 1798.2598860829094 1 1.0
235991061.0 1 1810.4916116100335 1 0.9999279
275059964.0 0 1812.3469359907958 0 0.0020093494
329290321.0 1 1798.23891546673 1 0.9997089
229782694.0 1 1805.4070461234883 1 0.99989104
22711623.0 1 1793.495263953127 1 0.9999132
186623509.0 0 1812.370178294814 0 0.0023056373
265307425.0 1 1799.5542239962626 1 0.99965537
366835587.0 1 1798.3254613695863 1 0.9999751
420107276.0 0 1812.3660456302268 0 0.00039828278
201104005.0 1 1811.349480461407 1 0.99996895
219776118.0 0 1797.968587626201 0 0.013788082
423952295.0 0 1812.9501176395565 0 0.0011878462
229511521.0 0 1808.8447025924727 0 0.001749075
366561246.0 1 1805.699578864538 1 0.99966854
415963300.0 1 1794.4324609533132 1 0.9994401
364186408.0 1 1796.429030276879 1 0.9998257
354241879.0 0 1796.9090459216557 0 8.050471e-05
351361362.0 0 1808.8471450881725 0 0.00029144093
395409868.0 1 1795.5973012839952 1 0.9999581
322338879.0 1 1797.4526673346315 1 0.9999999
368165075.0 1 1799.596898889616 1 0.9998827
240701337.0 1 1798.7439764219478 1 0.9984105
202870694.0 1 1795.8909086587953 1 0.9998559
184732477.0 0 1809.057558603625 0 0.00021390693
275458486.0 0 1796.805156214765 0 0.002091154
428256292.0 0 1812.4323323630747 0 0.0012515599
370073713.0 1 1799.369175591559 1 0.99998087
83417835.0 0 1793.4100092776384 0 0.004256767
275361605.0 1 1805.7011742901389 1 0.99968684
65438359.0 0 1805.2660407951194 0 0.0022025253
85524349.0 0 1793.1412453747687 0 0.0014224328
230023671.0 0 1793.4073298171227 0 0.00074295024
235687126.0 1 1799.3660992028838 1 0.999972
301415506.0 1 1794.9112474008566 1 0.9999999
284148066.0 0 1809.3059668363478 0 0.001489958
192420860.0 0 1805.2241255981187 0 0.0022693984
139507011.0 0 1809.1409989345166 0 0.0034108348
233612467.0 0 1808.864966695263 0 0.00025088427
428733965.0 1 1796.3262186067018 1 0.99999875
264155741.0 0 1812.4084457163501 0 0.00015178983
10707331.0 1 1795.8896758908313 1 0.9999931
383646165.0 1 1806.0523235656715 1 0.999996
302318972.0 1 1794.8905620963117 1 0.999622
359039683.0 0 1812.3888502254154 0 0.0009796357
247407601.0 1 1810.5163196699857 1 0.9997902
427475064.0 0 1812.4715411030274 0 0.00032447607
403521659.0 0 1808.8484125187383 0 0.00046088282
192653365.0 1 1796.1823982693202 1 0.9999748
289095239.0 1 1799.763684666298 1 0.9999939
428383514.0 0 1793.4100313746442 0 0.0002850471
366865150.0 1 1805.825452752829 1 0.99999976
433693135.0 0 1805.2215743805639 0 0.002407333
278923875.0 0 1812.6602185021309 0 0.0015404219
354841244.0 0 1797.8478210215453 0 0.0026232817
117266204.0 1 1795.8697660210541 1 0.9998227
201179295.0 1 1797.7243066044118 1 0.9997119
271916638.0 1 1811.4720156483295 1 0.99961746
240783236.0 0 1805.5564222092426 0 9.473107e-05
256459777.0 1 1798.9283212487467 1 0.9999947
236995753.0 0 1808.8450150593035 0 0.0008918381
292051524.0 1 1796.640666162371 1 0.99998796
434724040.0 1 1795.8052282829558 1 1.0
279521486.0 0 1793.4093683267088 0 0.00012723023
83527909.0 0 1805.2015725715041 0 0.0003483714
365945775.0 0 1793.4094828135599 0 8.4959174e-05
407385394.0 0 1809.2239027860808 0 0.004686435
369359946.0 1 1795.368673597257 1 0.9905512
398210583.0 1 1794.9935021942379 1 0.99925345
229590708.0 1 1796.761501800664 1 0.9999904
422540290.0 1 1811.5563385806063 1 0.9999999
445643908.0 0 1812.34859859745 0 0.00012296831
435680812.0 0 1793.3047178312665 0 0.00046277515
264224536.0 0 1805.3250959983197 0 0.00056183664
353782215.0 0 1797.9685936328046 0 0.00020329241
400193642.0 0 1805.2015072766114 0 0.0007976051
351883459.0 0 1805.2432859782841 0 0.0068220193
275768701.0 1 1796.6603555047452 1 0.99979854
428392420.0 1 1805.3698749494447 1 0.99984515
269321890.0 0 1808.8468353269002 0 0.00082200166
237306098.0 1 1795.0746600895607 1 0.9999899
65288358.0 0 1812.4118534611607 0 0.0022786204
51952457.0 1 1811.535158523776 1 0.9994412
12000757.0 1 1795.3063110545856 1 0.99999976
10602946.0 0 1812.452212797246 0 0.0010480004
418140826.0 1 1799.3890404197637 1 0.998408
301736993.0 1 1797.3905284252737 1 0.99999624
317845833.0 0 1812.3465959444432 0 0.00017164616
302389258.0 1 1796.5778877579592 1 0.99983054
252170321.0 1 1798.2231592586022 1 0.99999964
229938797.0 0 1796.9071183622734 0 0.053086087
307276813.0 0 1808.9107272413717 0 0.0026685214
240924388.0 0 1808.8899934106125 0 0.00026245695
288470551.0 0 1808.9704550179888 0 0.0027956553
28757422.0 1 1798.1200476217386 1 0.9999931
357827646.0 1 1797.2228057070727 1 1.0
417663305.0 1 1805.8673688385438 1 0.9999637
139502796.0 1 1797.057825390156 1 0.99999106
194731674.0 0 1805.2661878797744 0 0.0011583295
384833748.0 0 1808.848781215684 0 0.000692613
327011327.0 0 1808.8486924594017 0 0.0021147362
245590002.0 1 1811.036057068008 1 0.9999948
264726710.0 0 1796.8277263740713 0 0.0019448532
367288168.0 0 1808.8880231978053 0 0.00013850955
250505348.0 0 1793.1403558494949 0 0.00012074079
265186608.0 0 1812.3467474794613 0 0.0015830752
302778742.0 1 1810.2646493266639 1 0.9988843
186713109.0 1 1806.0786900108242 1 0.9997034
84222439.0 0 1812.3680773415897 0 0.0002398126
129817128.0 0 1809.1408448730995 0 0.002776484
441805251.0 1 1797.0945768483225 1 0.99997133
322264780.0 0 1808.991781240532 0 0.00024999672
288316004.0 0 1808.9492833996162 0 0.00038671118
194736550.0 0 1793.1409282031714 0 0.0034018233
186985308.0 0 1809.2033299132527 0 0.0032569142
288610611.0 1 1795.7203255755487 1 0.9996557
63583905.0 1 1794.4328765141256 1 0.99997556
316136055.0 0 1812.3485536677197 0 0.0010640506
365732243.0 1 1796.3664357977125 1 0.9999992
376364806.0 1 1794.5964813095661 1 0.99999416
385556396.0 0 1805.4747706866094 0 0.0033697726
117495405.0 1 1797.848859693285 1 0.99999785
286327867.0 1 1796.535604732339 1 0.99992526
398358143.0 1 1798.3041577393449 1 0.9999775
233608478.0 1 1806.0733386111172 1 0.9999936
52073229.0 0 1800.1393909518868 0 0.006088888
52713606.0 0 1809.1811114187963 0 0.010931964
200800648.0 1 1795.4119255113146 1 0.99999684
65647263.0 0 1805.2658504821861 0 0.0029541603
315723563.0 1 1805.7237047634599 1 0.9999156
308527098.0 0 1812.3484184861127 0 0.002043487
428798145.0 0 1793.305097824959 0 0.00049747183
407395720.0 1 1805.8468136657123 1 0.99999934
250458788.0 0 1796.640607207608 0 0.00066915527
308711003.0 0 1812.3899935063032 0 0.0025483998
427846146.0 0 1793.4095312712107 0 0.00051869074
389848430.0 1 1795.0561603466065 1 0.99058914
445233986.0 1 1810.8061575747627 1 0.9999983
149905154.0 1 1806.141445668061 1 0.9995312
407312229.0 0 1805.2223027853265 0 0.00071239745
387270996.0 0 1812.3666774921155 0 0.0019293764
192377212.0 0 1805.2033947410773 0 0.0014087363
270013850.0 1 1799.5970491116332 1 0.9997174
293187737.0 0 1809.0783390205306 0 0.0014012896
279722552.0 0 1805.2026073039988 0 0.001235586
293067496.0 0 1809.1823585479265 0 0.0019543744
301740928.0 1 1811.140641310813 1 0.9998575
256457534.0 0 1808.8448243820358 0 0.00013344087
355820555.0 1 1798.0153183558264 1 0.99997014
52941152.0 1 1797.4104756111376 1 0.9999406
292002880.0 0 1805.3490848286046 0 0.0013039968
264552077.0 0 1805.2234570741603 0 0.000596817
63583905.0 0 1805.34938860143 0 0.0010270997
28998249.0 0 1793.1413950624992 0 0.0033914864
249918677.0 0 1805.2030855052792 0 0.0009525402
403436721.0 1 1795.8690529397672 1 0.9999234
230396131.0 0 1812.3858533208534 0 0.00030816527
445141659.0 0 1812.6810530556968 0 0.0014436597
192687418.0 1 1797.536668371553 1 0.9999998
417339069.0 0 1809.2434391796487 0 0.00037041135
279085922.0 0 1805.2224083298775 0 3.3006178e-05
241107939.0 0 1812.3693930861068 0 0.001806829
354871888.0 0 1805.2030128141837 0 0.00097437797
407382233.0 0 1793.2865005703482 0 0.0011644342
436844413.0 0 1809.2662836161255 0 0.0012738664
264180515.0 1 1795.9708283116818 1 0.99999905
420114439.0 0 1808.8451409680752 0 6.118767e-05
444450192.0 1 1800.0560463011961 1 0.9999944
327297211.0 0 1800.1405336324763 0 0.00056363776
49937439.0 0 1808.9107030155478 0 0.0010763935
230025052.0 0 1796.907190654963 0 0.0002270713
250859182.0 0 1796.6405102585175 0 0.0029199868
65694286.0 0 1805.224361117027 0 0.0044690627
201186407.0 0 1809.1204399956207 0 0.0011949935
285908697.0 0 1805.3896036616904 0 0.00085239
376296101.0 0 1805.3684270068368 0 0.0022985076
316442745.0 0 1796.8277682442322 0 0.0006421883
272426717.0 0 1808.8470851351333 0 0.001403562
101130685.0 0 1793.1411228397114 0 0.005893809
427755261.0 1 1811.3259287717635 1 0.9999995
403338682.0 0 1812.6808047246736 0 0.09573313
284904031.0 0 1805.3012786321406 0 2.035151e-06
186745213.0 0 1809.1202707344833 0 0.0042420663
403877209.0 1 1796.9314170504936 1 0.9999936
347564997.0 1 1796.661676548342 1 0.99897283
129867987.0 1 1798.3702286376865 1 0.9999968
385100596.0 1 1806.411771155487 1 0.9998065
275137021.0 1 1810.8469748371886 1 0.9999997
229673427.0 1 1798.5738960306694 1 0.9999944
26619684.0 0 1805.6205640121684 0 0.002070274
250798686.0 1 1793.2030176464477 1 0.9999838
370073677.0 1 1799.1191780330496 1 0.9999988
265196030.0 0 1812.6194606081217 0 0.00095212506
194737902.0 1 1796.2452166924688 1 0.9986396
229968704.0 0 1796.9070441501087 0 0.0012274636
336291443.0 1 1793.5548294005246 1 0.99999887
405667011.0 0 1796.7032726498785 0 0.0008157417
354316193.0 1 1797.2236231828256 1 0.9999964
389538123.0 0 1805.5563320213455 0 0.00060944294
68095491.0 1 1811.4536116821002 1 0.9999659
77268684.0 0 1805.412146868949 0 0.0038325347
372335090.0 1 1810.9502285949443 1 0.9989664
388583953.0 1 1797.4922491133027 1 0.9999847
434539833.0 1 1805.534228597495 1 0.9998241
285046853.0 0 1812.701705796825 0 0.000260184
138054017.0 1 1796.3287574728322 1 0.99996984
83417770.0 0 1796.9099889440743 0 0.0011866847
85591467.0 1 1795.4120717524324 1 0.9999353
264052273.0 1 1793.7622888531534 1 0.99991107
428526514.0 0 1809.2016913919 0 0.0009046838
441805642.0 0 1808.8447791236076 0 0.0006305097
229740698.0 0 1812.4695567837332 0 0.00032575123
194663265.0 0 1812.6620878364088 0 0.0030696923
348135223.0 0 1805.2027283110485 0 0.00011150393
249916249.0 0 1805.2240073205799 0 0.00083260535
199571960.0 0 1805.19723692275 0 0.0021140017
402809727.0 0 1808.9727127481383 0 0.009476452
117808557.0 0 1793.1406084634991 0 0.0078034145
403338682.0 1 1799.1394430807343 1 0.9999759
12869279.0 1 1806.2424436053639 1 0.99999493
369141038.0 0 1812.3682423656537 0 0.00061419595
256927408.0 1 1799.3451219065284 1 0.9999998
331856982.0 1 1796.848292161202 1 0.99999976
352113030.0 1 1799.8472331925188 1 0.9999919
367424517.0 0 1805.3462706026219 0 0.00014299959
270666058.0 0 1812.346855901904 0 0.0003169656
285506758.0 0 1800.1403881704573 0 0.007992016
186745213.0 0 1793.1410135103333 0 0.0062171575
415875125.0 0 1809.0572387421694 0 0.0014698158
165528504.0 0 1794.4057239652986 0 0.002141226
389545459.0 0 1805.5356083357983 0 6.778796e-05
85486318.0 0 1805.537181006178 0 0.0010657122
346675119.0 1 1793.4746373348412 1 0.99887604
286316649.0 0 1812.3494043257842 0 0.0028835188
368683747.0 1 1795.7434024880613 1 0.9999926
445644731.0 0 1812.3485831494586 0 0.005413569
354599985.0 1 1793.2645509550196 1 0.99999076
441810984.0 1 1797.178119024692 1 0.9999996
352810984.0 1 1811.4537820158591 1 0.99963737
445563048.0 0 1805.2235969361234 0 0.0020051608
312339154.0 1 1797.5147840600082 1 0.9998517
49941084.0 0 1808.9107895413313 0 0.00035422307
240902506.0 1 1797.6611435612872 1 0.99986225
444410082.0 1 1799.1808713429205 1 0.9999929
428383173.0 1 1798.9516637833688 1 0.89092386
327441682.0 1 1799.5572505547764 1 0.9999927
394127971.0 1 1796.9702461646925 1 0.9999997
245512147.0 1 1793.9735539891344 1 0.999909
240976971.0 0 1805.244245262528 0 0.0001174909
383676077.0 1 1799.0524427206908 1 0.99971414
366110508.0 1 1795.347684558611 1 0.9999848
411576289.0 1 1811.366746623907 1 0.9999372
385556749.0 0 1805.6206143850864 0 0.002711369
297692703.0 0 1812.4101747510174 0 0.0020292385
13280154.0 1 1811.1590450078581 1 0.99988294
387566207.0 1 1797.8873285964285 1 0.99969774
252809986.0 0 1808.8490792608177 0 0.0005753749
428207929.0 1 1793.6615004243195 1 0.99998486
236886008.0 1 1796.9493341292114 1 0.9990191
326858407.0 1 1811.2235314953048 1 0.99997574
288531391.0 1 1796.869972573921 1 0.99998623
418257050.0 0 1812.595857022918 0 0.00016960003
288428722.0 0 1812.3451692509939 0 0.0002802569
138116477.0 1 1805.6205306713623 1 0.9999996
369728583.0 0 1812.6599168176494 0 0.0008364398
376366791.0 0 1796.8255947017037 0 0.00020167783
233680651.0 0 1812.3853366771805 0 0.00094259443
103952689.0 1 1796.6198553320048 1 0.9998624
387879324.0 0 1805.2206049724282 0 0.0002791681
104196730.0 1 1796.6197998544988 1 0.9999913
331981453.0 1 1799.618963849287 1 0.99999416
12644136.0 0 1812.410741099667 0 0.00045727537
194853002.0 0 1805.2661217963907 0 0.00082561665
390581221.0 1 1796.7229881484495 1 0.9999967
377192025.0 0 1808.8439590307237 0 0.0016297727
388431117.0 0 1805.2007307531178 0 0.00059136865
407315823.0 1 1806.326373802156 1 0.99764645
232631089.0 1 1811.1557113839535 1 0.99978375
236937071.0 0 1812.386587594276 0 0.00068415864
240823702.0 0 1808.8690537208313 0 0.0014342463
292614592.0 1 1797.682562130852 1 0.9987822
52261415.0 0 1809.2020113366732 0 0.0005357767
138114716.0 1 1795.7871463324598 1 0.99998397
426147441.0 1 1805.9508174651155 1 0.999953
407518484.0 0 1796.8047578624016 0 0.00040040206
347946105.0 0 1805.2234510309236 0 0.0018143955
376976038.0 0 1794.406682321982 0 0.002637524
250458788.0 1 1805.8280401400873 1 0.9999954
186714186.0 0 1812.4952602278927 0 0.0023260987
279262790.0 1 1796.4100530581695 1 0.9949188
347403391.0 1 1799.4528331667848 1 0.9999986
251007909.0 0 1808.848737948974 0 0.0006308059
444365309.0 0 1796.9099854336 0 0.0011572101
377972715.0 0 1808.867595399719 0 0.0009252399
241048110.0 1 1800.1195678794893 1 0.999962
219895512.0 0 1805.3648243210164 0 0.00016833466
322134641.0 1 1811.4916359980677 1 0.99931306
256977889.0 1 1810.1157214170116 1 0.9999284
353381493.0 1 1799.5767256288484 1 0.99999994
265432302.0 1 1796.6387392909628 1 0.9999387
22739134.0 1 1811.432816355665 1 0.99999845
321825581.0 0 1796.8251438940347 0 0.007500369
229444187.0 0 1805.1988347619324 0 3.729275e-05
21097612.0 1 1810.9744226898833 1 0.9990498
256607858.0 0 1812.431697784221 0 0.0017502309
308716455.0 0 1812.3484646724025 0 0.00036214356
12485365.0 1 1795.9522813938177 1 0.99998784
321688898.0 1 1798.3042607290865 1 0.99999946
298356285.0 1 1794.971881615336 1 0.9999717
334486683.0 0 1805.2419836932422 0 0.00065337145
229594701.0 0 1794.1989754997376 0 0.00048238007
275145921.0 0 1808.8679133736812 0 0.00033980017
388038756.0 0 1793.3249953472964 0 0.0003805571
230050565.0 1 1799.6571138486127 1 0.9909607
219801675.0 0 1794.4062842630294 0 0.0021473935
90572951.0 1 1794.0787250416881 1 0.9931362
302546433.0 1 1794.0987047286114 1 0.9999911
366911574.0 0 1793.1379013458795 0 0.00015949819
184590042.0 0 1805.5783167027616 0 0.00023936763
240995020.0 0 1805.2235715658037 0 0.0005830009
331605323.0 0 1812.827058504015 0 9.749445e-05
52358497.0 1 1794.5769563019057 1 0.99999493
444524949.0 0 1793.1396081990176 0 0.0001901334
292853707.0 0 1808.8698451756563 0 0.000844751
423035053.0 1 1798.0776762131625 1 0.99995565
385153973.0 1 1796.9948933760827 1 0.9999335
82979741.0 0 1812.388873846688 0 0.00034776694
363811005.0 0 1800.409803942276 0 0.012582817
71693616.0 0 1805.5150215009587 0 0.00038862758
377159410.0 1 1798.198270510404 1 0.9944103
408621438.0 0 1805.3684411438496 0 0.0018637769
319911472.0 0 1812.680857676997 0 0.00041461564
233006770.0 1 1796.6361290653645 1 0.9999432
390118003.0 1 1798.556320741574 1 0.9999913
428381104.0 1 1799.3891369373061 1 0.9999981
233744262.0 0 1808.8858549099052 0 0.0019802153
207493891.0 1 1805.2597720659403 1 1.0
322388345.0 1 1799.9294055803143 1 0.9999984
237199243.0 1 1810.116173409331 1 0.9999999
398160829.0 0 1808.8682805741046 0 0.00025290428
445564020.0 0 1812.369343917913 0 0.00073996035
387332343.0 1 1799.1996278499898 1 0.9977546
353483103.0 1 1797.03506198095 1 0.9999913
63467989.0 0 1796.6412182730755 0 0.0017208265
28911691.0 0 1809.2248014453237 0 0.00265616
259384968.0 0 1793.1409089613444 0 0.0010819384
65749412.0 0 1809.1616938883262 0 0.003011772
406267226.0 1 1795.2002759000789 1 0.9999881
321983526.0 0 1808.866648492172 0 0.0010205889
374041654.0 0 1797.8482584391697 0 0.0005161916
445336151.0 0 1793.2438870367305 0 0.0011153882
352406822.0 0 1812.3871481278495 0 0.00046809777
436840961.0 0 1812.599499639806 0 0.008053756
372863935.0 1 1805.8689903964498 1 0.9999997
237080213.0 0 1796.9078518843103 0 0.0019150313
241133018.0 1 1794.390547543456 1 0.99999094
423745428.0 1 1794.514935582967 1 0.9892192
271029879.0 0 1808.8678378791633 0 0.0009687219
272532292.0 0 1812.3678497460633 0 0.0003005949
137260807.0 1 1796.2014624726914 1 0.99999994
430327641.0 0 1793.1409058527674 0 0.0027532082
427473603.0 1 1798.3884396213355 1 0.99999964
219897213.0 1 1796.0318051811653 1 0.99998975
245554309.0 1 1805.7236354252416 1 0.99999857
12902989.0 0 1805.2649425423936 0 0.0004172887
272625420.0 1 1805.7638449707651 1 0.9999343
243279280.0 1 1796.073470141069 1 1.0
270919139.0 0 1812.3469135825321 0 0.2867733
406965293.0 0 1809.180795911005 0 0.00015496007
387697639.0 1 1797.4706433217427 1 0.99999106
354744762.0 0 1812.6808082553214 0 0.001320913
410731150.0 1 1793.5155749274131 1 0.05394328
312544144.0 1 1793.4730807061412 1 0.999997
279608953.0 1 1806.1175021860763 1 0.9999986
67465915.0 0 1812.6614484832498 0 0.0015533668
370850223.0 0 1805.2442493960834 0 0.00028157007
298729586.0 1 1805.4895421160716 1 0.9999796
322265512.0 1 1797.9710611059363 1 0.9999999
269239512.0 1 1796.6804280634913 1 0.99999875
245426946.0 0 1805.2444707929005 0 0.00017831058
265198364.0 0 1812.3485759552732 0 0.0021650244
270127418.0 0 1805.2011821817925 0 0.0014422981
427800065.0 0 1805.2010336485923 0 0.0002870913
184730439.0 1 1797.7034414865425 1 0.9999794
230005098.0 0 1793.4072830899343 0 0.0017149543
279840730.0 1 1795.8272501873978 1 0.999904
94336594.0 0 1796.6411165499567 0 0.0016165645
284145319.0 1 1798.493637790044 1 0.9999937
400606031.0 0 1805.244371323353 0 0.0028144713
240889961.0 0 1796.640201855812 0 6.569578e-05
233071926.0 0 1805.281155676458 0 0.0024187153
264721727.0 0 1808.8669451255112 0 0.00093299994
250553211.0 0 1796.7237951077313 0 0.00047172065
34821762.0 0 1812.4330197836787 0 0.0029339867
404113234.0 1 1793.3877151738038 1 0.9997178
198187903.0 0 1812.343371204179 0 0.000512453
422660772.0 0 1808.8674812856968 0 0.00024741303
286221625.0 1 1795.3064915170398 1 0.9999926
292467716.0 1 1796.932560330072 1 0.99904805
279352847.0 1 1795.0352450784046 1 1.0
230381450.0 1 1806.0110850824651 1 0.99998057
236876182.0 0 1805.2200545516623 0 6.62112e-05
83149868.0 0 1793.4098870570651 0 5.022676e-05
420302086.0 1 1797.0541190814677 1 0.99996614
272728914.0 0 1808.847069587035 0 0.0003044107
81681261.0 0 1805.264946963255 0 0.0013947238
301478384.0 1 1798.640627083516 1 0.9994488
395944886.0 0 1793.3052322646342 0 9.5295894e-05
378990638.0 1 1800.4098186859994 1 0.6774071
240881939.0 1 1798.4109456338824 1 0.9999893
444756920.0 0 1809.1606348530358 0 0.0005595805
186766107.0 0 1808.849503036519 0 0.0033227613
177881146.0 0 1793.1410453760373 0 0.0012586976
189630428.0 0 1805.5156483476585 0 0.0024944805
192529825.0 1 1811.1825635313912 1 0.9996237
445293146.0 0 1812.6810528145293 0 0.002512851
272040335.0 1 1795.38906091354 1 0.99997056
194658685.0 0 1796.641013293526 0 0.004506989
67635471.0 0 1812.4534542918896 0 0.002802042
327789293.0 0 1808.8696391203741 0 0.00096719887
396202094.0 1 1795.9930007420496 1 0.9994559
192496880.0 1 1795.4534074662363 1 0.9999784
258803068.0 0 1805.3031275391859 0 6.829022e-05
420902019.0 0 1805.3846248311324 0 0.0010470086
327575969.0 1 1796.2032623572009 1 0.9999865
229594694.0 1 1796.615660110134 1 0.99986947
72077975.0 1 1796.015045750262 1 0.9918923
229614265.0 1 1798.3867237643367 1 1.0
379165795.0 1 1810.1807442826653 1 0.9999995
445105009.0 1 1795.3895525803723 1 0.99998486
269707889.0 1 1794.8679415955096 1 0.9999997
428705952.0 1 1796.200879314799 1 0.99999523
236762131.0 1 1795.5737422783964 1 0.99994665
198390247.0 1 1810.3430649279285 1 0.99978334
271752432.0 0 1805.2013363186725 0 0.00069021876
250476986.0 0 1805.2028198433027 0 0.0030921532
420454310.0 0 1808.8681308923292 0 0.0011998203
287081097.0 0 1808.9265016410836 0 0.0002496456
357888190.0 1 1810.9726379242727 1 0.9998844
381781755.0 1 1796.7661685637013 1 0.9999928
256562158.0 0 1812.3863261733864 0 0.00035482142
270005818.0 0 1809.3704082237211 0 0.0033799778
403589370.0 1 1798.4703036307078 1 0.9999999
130058767.0 1 1794.8911467681035 1 0.99999607
389962222.0 0 1805.1977620948692 0 0.0003617728
233733156.0 0 1793.4067817920316 0 0.0003722228
385336673.0 1 1798.5778711685346 1 0.9988763
327570310.0 1 1811.411155759088 1 0.93395865
251548965.0 1 1793.8903188542802 1 0.99996644
348764696.0 1 1797.8288122549272 1 0.99993783
399433294.0 1 1797.13986148033 1 0.99999994
348607686.0 1 1798.1818370711428 1 1.0
50116665.0 0 1808.9523339051796 0 0.003543266
271838045.0 0 1793.5555138890322 0 0.00010094553
184681084.0 1 1794.474262737081 1 0.99997145
10346566.0 0 1812.4938552471513 0 0.0023471708
283736464.0 0 1805.2224652898851 0 0.0015662318
81825223.0 0 1808.848463910405 0 0.0013791077
10868459.0 0 1805.2856209741149 0 0.0007263826
412359278.0 1 1810.179318799522 1 0.99999535
264180453.0 1 1798.1583514559334 1 0.99981433
403525927.0 1 1794.036013696444 1 0.9999893
377339554.0 0 1805.242413334083 0 0.0008617111
84167720.0 0 1812.680662674669 0 0.0043472894
196919077.0 1 1795.786308910753 1 0.9999941
445235410.0 1 1806.389623607325 1 0.99996805
250969095.0 1 1799.0988261038565 1 0.99999994
381806049.0 0 1812.6202424260919 0 0.0018630817
284600641.0 0 1812.6599125789294 0 0.0043471083
397918716.0 0 1805.3058839592425 0 0.000523611
269821975.0 0 1805.2220044928902 0 0.0027918809
407018663.0 1 1795.451722643881 1 1.0
285429087.0 1 1794.4329668411126 1 0.99999386
250860873.0 1 1798.5155782164065 1 0.9999986
354424466.0 1 1797.846604522738 1 0.9999152
289581126.0 1 1797.0725940209118 1 0.9998843
65159437.0 0 1812.4326090727993 0 0.0035575747
288267701.0 0 1796.636958241166 0 0.0026754886
235938689.0 1 1793.1995474510363 1 0.9925798
129688290.0 1 1810.6825964599993 1 0.99995184
360020372.0 1 1805.2410205561944 1 0.9999798
353551702.0 1 1796.514416891221 1 0.9999765
405433405.0 0 1793.1413210668304 0 0.0017643077
65282366.0 1 1798.0991904769044 1 0.99998176
407415290.0 0 1796.7655710783738 0 0.00053737964
348766679.0 0 1812.7247912524458 0 0.0025904065
283837124.0 0 1809.180861139211 0 0.00086819526
283251438.0 1 1793.4310230245355 1 0.9982248
387696625.0 1 1799.1164571817726 1 0.9999431
400606498.0 1 1806.265207509435 1 0.99992156
307206821.0 0 1796.6400111854718 0 0.00091436104
332868986.0 0 1793.1399507820447 0 0.00023808182
241068188.0 0 1812.3692623237725 0 0.00027625376
12492766.0 0 1808.9105991737913 0 0.0034471175
315724612.0 1 1794.973472519185 1 0.99970734
449936752.0 0 1796.8905692578767 0 0.00041440912
402775546.0 0 1812.4101256457814 0 0.0004359793
230122533.0 0 1793.177052085347 0 0.00041074614
240956901.0 0 1808.8900182738305 0 0.0013703189
137124994.0 0 1793.3055403519322 0 0.00036300806
200774699.0 0 1800.1411229913583 0 0.0025960205
375981890.0 1 1794.9089744541814 1 0.99983937
63470895.0 0 1809.1409048209352 0 0.0029911262
320049623.0 0 1793.1396074024979 0 0.0012064943
377337529.0 0 1812.3881196803604 0 0.00039259772
309232490.0 1 1805.3278350324833 1 0.99999934
83049624.0 0 1805.5349348598993 0 0.0004572793
230381879.0 1 1795.7403091973183 1 0.9997406
420899839.0 1 1797.8849591181997 1 0.99984366
348678323.0 0 1812.3486225551765 0 0.00016033654
292693203.0 0 1796.64069053191 0 0.0005361814
353989037.0 1 1798.7600262653557 1 0.9976296
367360355.0 1 1805.6797291914183 1 0.99999815
368444244.0 0 1793.4094880975254 0 0.00096833525
354174615.0 1 1810.5366588403556 1 0.9996773
406839755.0 0 1805.5559921937831 0 0.0016730257
389984460.0 1 1799.3688650230238 1 0.99999535
441763244.0 0 1812.3653994823492 0 0.0037083502
405480955.0 0 1805.4747654878554 0 0.0031476743
240997801.0 0 1805.24430072468 0 0.00025142086
445515448.0 0 1808.8692583235702 0 0.0001433603
354969420.0 1 1798.4726424996004 1 0.95237595
258958363.0 1 1810.9491281277274 1 0.9974306
445560431.0 0 1812.3484515515604 0 0.0019822733
5735456.0 1 1798.787148431397 1 0.9999139
85431003.0 0 1809.224580460064 0 0.0033512914
245760583.0 1 1811.223733211749 1 0.99995047
236776931.0 1 1805.3230885403445 1 0.9999914
11237412.0 1 1796.6606472377969 1 0.99998647
229445310.0 0 1805.1987521778372 0 0.0002969823
285042236.0 0 1793.1394668237515 0 0.0018808185
251408385.0 0 1812.348754510563 0 0.00029515655
245426282.0 1 1810.6402749270342 1 0.9999969
359135647.0 0 1796.9099897037597 0 0.012244637
293062767.0 0 1812.5573211304334 0 0.0012299042
71849965.0 0 1808.8900210348195 0 0.00055740046
139353786.0 0 1796.6410865689545 0 0.0034903348
237209325.0 0 1805.199486056062 0 5.404757e-05
13610498.0 0 1812.410799256846 0 0.0019876324
349918057.0 1 1799.7619799694432 1 0.99999964
116367144.0 0 1808.8906287838656 0 0.006652318
240982081.0 0 1805.2026934439914 0 0.0015789565
331818664.0 1 1805.5759088343027 1 0.9989781
369242172.0 1 1794.659932586674 1 0.99925643
54465943.0 1 1798.5561700129538 1 0.99998534
367075604.0 1 1793.8462818747823 1 0.9995659
292001961.0 1 1794.765808775135 1 0.9996712
192298077.0 0 1793.1408660025013 0 0.0036788376
178105698.0 0 1809.1204310777377 0 0.0027255425
250709403.0 0 1800.1405339089154 0 0.00078402954
186944085.0 1 1794.8702604652915 1 0.9999962
390857560.0 1 1798.4312879354857 1 0.9999676
235990124.0 0 1793.1371953796554 0 7.21263e-05
219893598.0 0 1805.198512760172 0 0.0002651752
285874358.0 1 1811.18235717885 1 0.9998758
407390548.0 1 1805.9928088966092 1 0.9999917
63472118.0 1 1796.4328370519331 1 0.99945
327392518.0 1 1795.5155729631958 1 0.9997944
68037944.0 1 1794.2034785625895 1 0.998965
348234805.0 0 1805.202754200399 0 0.0005013093
322056447.0 1 1793.5127382555856 1 0.9938333
10871935.0 1 1796.1814860795369 1 0.99995714
241134818.0 1 1798.9114353580405 1 0.9999929
200937294.0 0 1796.6409477038753 0 0.0033004563
427146378.0 1 1805.4916156682305 1 0.99987423
409522915.0 0 1809.0991002985236 0 0.003120157
332048456.0 0 1805.5147909430295 0 0.00014973842
372261202.0 1 1810.9502475465563 1 0.99965733
427805690.0 0 1812.5133577428005 0 0.00052453036
354132782.0 0 1812.4116322280947 0 0.004293258
351877621.0 1 1796.7434127490753 1 1.0
12643216.0 1 1794.3898487293018 1 0.9999988
203036823.0 1 1796.9116496942308 1 0.99993724
410779897.0 0 1812.3459038374851 0 2.9799676e-05
399084016.0 0 1805.6399143341741 0 0.007215299
376896502.0 0 1805.2007212512813 0 0.00067553984
407115748.0 0 1793.4097141285006 0 0.00035463442
282874128.0 0 1793.4099572219338 0 3.0382447e-05
407316442.0 0 1805.2013583612872 0 0.0035219088
12648082.0 1 1795.827424489896 1 0.9999998
200861882.0 0 1812.4536798303234 0 0.0032011322
237290140.0 0 1793.3245476652346 0 0.00042262246
402894602.0 1 1806.1993932752832 1 0.9996265
10163538.0 0 1805.410564847555 0 0.00028647034
94371127.0 0 1800.1411819824302 0 0.0010277012
13350523.0 0 1805.2648993091711 0 0.00021692988
407155918.0 1 1798.5972840005527 1 0.9999987
264249642.0 1 1810.88642968647 1 0.9999979
235714772.0 1 1798.5324501639054 1 0.9999947
403744320.0 0 1793.3900990713437 0 0.0016550708
336168332.0 1 1805.9292059275776 1 0.9999959
336390873.0 1 1811.5127872538214 1 0.9975326
250684105.0 0 1805.2029579847447 0 0.0035964705
186598107.0 1 1794.4536490777386 1 0.9999763
240976971.0 1 1796.723537588202 1 1.0
444116234.0 0 1812.348453781948 0 0.00019192918
256619170.0 0 1808.8447398453661 0 0.00030059202
54624637.0 0 1812.9102125872028 0 0.0020652246
417616933.0 0 1805.24150923093 0 0.00014329376
284439764.0 1 1794.0769934248503 1 0.99999666
348438240.0 0 1808.9108766473353 0 3.5768295e-05
196946286.0 1 1798.7862912489538 1 0.9999422
247017338.0 0 1812.4536609687407 0 0.0032774906
116498460.0 1 1794.057240533445 1 0.9999994
378588925.0 1 1797.7428265482797 1 0.999967
308446775.0 1 1811.3902026034727 1 0.9999741
327706187.0 0 1800.1405989537886 0 0.0005260943
347502127.0 0 1812.495151086355 0 0.0022626433
186988331.0 0 1812.8283186170788 0 0.0014032618
376676771.0 0 1808.8880977640908 0 0.0009089049
251651770.0 1 1796.8067211902257 1 0.99999595
422305222.0 1 1796.804037210702 1 0.99857974
433350686.0 0 1809.161943771037 0 0.0035556888
184736138.0 1 1796.703449396343 1 0.9985239
237237907.0 0 1805.345389586424 0 0.0003961001
375908419.0 0 1812.3878910238798 0 0.00016115533
84220093.0 0 1808.8890038476582 0 0.000330774
427335936.0 1 1798.2425889015692 1 0.9999818
390854538.0 0 1808.91090330645 0 0.00049707893
305048005.0 0 1809.2021706427915 0 0.00048568007
418709743.0 0 1805.2222808883312 0 0.00039510202
400439167.0 1 1805.827432869425 1 0.9999999
230002702.0 0 1793.4071308468265 0 0.00044654345
418409824.0 1 1810.8055701852545 1 0.9999945
401494831.0 1 1799.6592628032301 1 0.9999869
233060935.0 1 1810.1769951796298 1 1.0
307207934.0 0 1809.2022585081234 0 0.0020436759
240972989.0 0 1805.2233536934236 0 0.003958563
249862238.0 1 1797.952952575069 1 0.99999315
408890999.0 0 1812.3874929262638 0 0.00018065632
229711350.0 0 1794.1988769749894 0 0.001924711
320188390.0 1 1810.8684413482938 1 0.99999905
245465143.0 0 1793.3276570527723 0 0.0018046355
73693030.0 0 1812.5160878900322 0 0.0015645662
285544398.0 1 1794.1395523632143 1 1.0
435161010.0 1 1798.5135553732255 1 0.998026
372347173.0 0 1805.2029108702998 0 0.0027805455
264170681.0 1 1805.5114775148866 1 0.9999947
51960998.0 0 1809.201970241362 0 0.00032679015
354474739.0 0 1808.8487609495032 0 0.0025792143
390574978.0 0 1808.9107100305491 0 0.0006140256
251381815.0 0 1805.202645920669 0 0.0020958032
271021609.0 0 1796.9096329920383 0 0.0008773224
400405706.0 0 1808.8444888348138 0 0.0011749085
379322275.0 1 1795.1602164919882 1 0.99996424
309132457.0 1 1795.848763218422 1 0.9999814
401494474.0 0 1805.2010193777255 0 0.0010719325
63563165.0 0 1793.1413073597546 0 0.002200178
312679604.0 1 1797.5148885280892 1 0.9999944
235944823.0 0 1796.6372327935978 0 0.0016175067
137959883.0 1 1796.5371081524095 1 0.9999999
399797101.0 1 1811.4300364051276 1 0.99996245
301741759.0 0 1805.2032129375411 0 0.0019485443
455893540.0 0 1812.3671658952358 0 0.0006876434
241027303.0 1 1810.4526147682711 1 0.9999765
269707580.0 0 1796.9095747416113 0 0.00061798265
285940626.0 0 1812.3699501969884 0 0.0021704433
201380599.0 1 1793.9950813306632 1 0.9995209
311704789.0 1 1793.6814613413 1 0.999909
427802651.0 1 1797.1593704268432 1 0.9999563
329440598.0 0 1794.4056500559357 0 0.0029611182
192464394.0 0 1808.8492482379527 0 0.0020314355
186810509.0 0 1812.349418499974 0 0.001107903
246973941.0 1 1793.4123257216263 1 0.99867004
284891619.0 0 1805.2805679045277 0 0.0015223701
349920226.0 0 1805.2202074235624 0 0.001216384
367144411.0 0 1805.2005371174814 0 0.00046541533
353989758.0 1 1800.135114663256 1 0.99977046
299436194.0 0 1808.8487020192458 0 0.00022934769
412113747.0 1 1796.2420910176177 1 0.99947107
82620725.0 0 1808.848497095786 0 0.001322892
367092770.0 1 1810.471347819254 1 0.9999994
368512025.0 0 1805.201290077203 0 0.00034157303
287196085.0 1 1795.9904139805112 1 0.99997306
138117599.0 0 1796.6412248186436 0 0.0012510916
284719314.0 1 1810.9934662335963 1 0.9999975
410232617.0 1 1793.8670614809007 1 0.999942
264612485.0 1 1806.3068318059086 1 0.9999951
331716412.0 1 1793.4317134844366 1 0.9983328
415837366.0 0 1793.140751362624 0 0.00011383611
301906843.0 1 1793.5780455066556 1 0.9999993
137960933.0 1 1797.4954034143987 1 0.999999
403258511.0 1 1793.2019115528014 1 0.99999064
199715780.0 0 1793.176278569697 0 0.0015554583
387836053.0 0 1812.7206139539428 0 0.00010078711
405482715.0 1 1794.974647561133 1 0.91945565
322444219.0 0 1796.8253423799565 0 0.0006415946
453232562.0 1 1794.9318390834383 1 0.9999989
385593497.0 1 1798.5162978892565 1 0.9994641
315758001.0 0 1793.1373536598803 0 0.0009106342
309125960.0 1 1793.4113306060506 1 0.99995816
400737514.0 1 1798.0356205011403 1 0.99984264
191728260.0 1 1797.1614307968327 1 0.99982625
285539582.0 0 1809.201933669721 0 0.0004145249
283026336.0 1 1797.7641391099608 1 0.9998651
317393518.0 0 1805.2008005999244 0 0.00044574987
445181630.0 0 1812.7018824299867 0 0.00036739864
34850354.0 0 1805.474735777938 0 0.0024605296
358947971.0 0 1796.639258930189 0 0.0010931878
245633586.0 1 1795.2653230701662 1 0.99988097
370594543.0 0 1793.1401619887556 0 0.000994674
402442892.0 0 1793.407634508607 0 0.0023454977
200792112.0 1 1805.349514803207 1 0.99999666
275768382.0 1 1796.3686664366728 1 0.9993629
316515420.0 0 1805.2028548408412 0 0.0004647056
351608447.0 0 1796.805534401934 0 0.0011253463
311929784.0 1 1799.5563394460116 1 0.99732065
53014825.0 0 1809.3059937844916 0 0.00041723644
436870583.0 1 1797.9330715294332 1 1.0
377150632.0 1 1796.0550553734056 1 0.9988635
288299418.0 1 1799.2199989390574 1 0.999966
418034412.0 1 1796.7659861739153 1 0.99999684
232636875.0 1 1798.9479929145937 1 0.9972341
83141432.0 0 1805.2223745859367 0 0.0007027555
245503288.0 1 1806.0153387792764 1 0.9991299
356862553.0 1 1810.3859481614343 1 0.99851996
317714340.0 0 1808.8884045742318 0 0.00011248814
354468365.0 0 1796.6403282154881 0 0.0015650183
251116926.0 1 1798.0360170406418 1 0.9999964
199572965.0 1 1799.3225848665 1 0.99998546
417559438.0 1 1796.19994842404 1 0.9999942
279847952.0 0 1805.2026419331614 0 0.0008440824
177992116.0 1 1806.1203375209946 1 0.99784034
272831301.0 0 1805.2014381889942 0 0.00037893347
72031664.0 1 1799.2443080994217 1 0.9999835
322325511.0 0 1812.3875976269574 0 0.0007983077
400745295.0 0 1805.2649162602188 0 0.00055935927
291998735.0 0 1812.390448475294 0 0.00040847633
396484827.0 1 1797.013485521082 1 0.9999421
186600825.0 1 1796.641042607149 1 0.99997795
428298321.0 1 1796.911458881289 1 0.99999267
232675613.0 1 1797.948171203029 1 0.9999113
390045150.0 0 1805.3062089327707 0 0.00081197004
198392180.0 1 1811.5305028286848 1 0.99999684
229487136.0 0 1808.8445628707166 0 0.00062289304
251296491.0 0 1812.348672722044 0 0.0032652
256433240.0 1 1798.3043776326947 1 0.998941
139509192.0 1 1798.412030770316 1 0.9987561
292469923.0 1 1799.932458277477 1 0.99964213
292465644.0 0 1809.0781546298365 0 0.003281493
269701889.0 1 1805.7843866597063 1 0.99992037
322224442.0 0 1805.2234355422058 0 0.000860525
200858018.0 1 1799.8077088927282 1 0.99999595
327337815.0 1 1798.4322974724337 1 0.9999997
308216332.0 0 1805.3276822448677 0 0.0019484375
418708766.0 0 1805.2223513934862 0 0.0035827653
233534075.0 1 1796.8232292706814 1 0.99993944
65642073.0 0 1812.3493905893063 0 0.0033830998
376288980.0 0 1796.9090760232612 0 0.00092356594
389641227.0 1 1798.7645744600748 1 0.9999935
291955034.0 1 1797.2032920324277 1 0.9999927
301904071.0 0 1812.369666297706 0 0.0013426758
308445921.0 0 1800.140425688445 0 4.865298e-05
436860165.0 0 1793.1414206684171 0 0.0013029632
367283166.0 1 1798.0756732435148 1 0.999991
233210830.0 1 1810.7192049329224 1 0.99999505
312549913.0 1 1798.7857347501802 1 0.99997115
406261792.0 0 1793.3252806338335 0 0.001114021
52364483.0 0 1809.2227649217286 0 0.0021148347
452991627.0 1 1796.7853744823892 1 0.9999835
22842245.0 1 1793.891366397539 1 0.9999691
251195002.0 0 1805.2026793021585 0 0.0014146981
20894098.0 0 1812.4116247175425 0 0.0026095603
249898079.0 1 1811.2655889561966 1 0.99999875
53865269.0 0 1809.2643976807353 0 0.004757622
323058312.0 1 1799.4083687691998 1 0.76470387
252168478.0 1 1794.09823026908 1 0.9999875
331320467.0 0 1796.639821660869 0 0.0009193198
390803914.0 1 1810.7647722577758 1 0.9996574
245581701.0 0 1796.8278625666646 0 0.0034647307
264405683.0 0 1805.220992900339 0 0.0003961588
63472430.0 0 1793.1412118158717 0 0.0023319256
203032941.0 1 1810.8908418067185 1 0.99990773
366821603.0 0 1805.2004612769208 0 0.0029881685
284917511.0 1 1795.3685518224504 1 0.99954027
348232466.0 1 1798.6193500828283 1 0.99999833
309052604.0 1 1796.0569278711446 1 0.9999883
388133217.0 1 1795.1166718354648 1 0.9999911
230393741.0 1 1798.8862168910578 1 0.9999901
376843726.0 0 1805.2006398247797 0 0.0004051748
326257955.0 0 1808.8657835171225 0 0.00042648587
354255041.0 0 1796.6403813965876 0 0.0002219448
285237671.0 1 1810.7852170223584 1 0.9949087
407349073.0 0 1812.3680814407558 0 7.458766e-05
117398218.0 1 1794.8073196771832 1 0.99999076
341839327.0 0 1808.9266774834073 0 0.05989858
417750006.0 1 1797.9718192467706 1 0.99999744
427111667.0 0 1812.3456077833443 0 0.0008198759
427345964.0 0 1793.4090854038943 0 0.00020658511
379378830.0 0 1812.4310859370923 0 0.0015988143
428322685.0 0 1805.2030501557874 0 0.0001766828
251459295.0 0 1800.3901475151572 0 0.00030889243
20707145.0 0 1796.6408904124858 0 0.0035731448
279375974.0 1 1805.8876520864544 1 0.99976385
424437726.0 1 1810.9067790366494 1 0.9999883
186970106.0 0 1805.495201142783 0 0.0017820656
374475282.0 0 1809.1608001412565 0 0.0025749197
139533844.0 0 1812.6409471640973 0 0.0033301595
311939072.0 1 1806.1187085198512 1 0.9999963
353684207.0 1 1795.5768169593207 1 1.0
20771909.0 0 1808.911636700309 0 0.0031015323
370595795.0 1 1810.1192563985464 1 0.999995
177886801.0 0 1805.2244638988004 0 0.0029049003
186769524.0 1 1798.1410138626395 1 0.99956435
370949218.0 1 1798.3485199859465 1 1.0
332260437.0 1 1794.2856810637454 1 0.9999965
381807163.0 1 1795.8078252980372 1 0.99999845
224604943.0 1 1798.218189857367 1 0.9994158
251249526.0 1 1797.869213732868 1 0.9964052
445370620.0 0 1809.306280295391 0 0.0020172708
52265831.0 0 1812.7018926384085 0 0.0032927382
389408952.0 0 1809.1813613208972 0 0.0007625352
335696480.0 1 1799.9504965544231 1 0.9999697
378290764.0 0 1796.9099155851577 0 0.00023812066
452940508.0 0 1809.201853610441 0 0.0016192942
436855249.0 0 1809.016291168683 0 0.00059502956
125735589.0 0 1796.6413276099752 0 0.0013600484
400676475.0 0 1812.4521789956523 0 0.0007137325
54204641.0 0 1812.7020278801467 0 0.004325668
264051652.0 1 1796.4914613168328 1 0.9999914
104064704.0 1 1797.099003822475 1 0.99997693
237238595.0 1 1811.1371420134215 1 0.99999845
117306552.0 0 1812.3696966040295 0 0.00083178614
332684363.0 0 1800.1397723653808 0 0.0005168149
285909383.0 0 1808.9521270897292 0 0.00033855846
229580770.0 0 1812.3448412868868 0 0.00075425726
237101514.0 0 1808.8441631916867 0 0.00096133247
367947120.0 0 1805.2009756782109 0 0.0005549772
428053623.0 0 1808.8907474577254 0 0.0021852562
192468117.0 1 1810.7451903197687 1 0.9999264
230129388.0 1 1794.0728318643755 1 0.9999005
331710452.0 0 1809.181437418382 0 0.0017522625
400895472.0 1 1795.9521225887397 1 0.99993795
317708873.0 0 1808.8465765993722 0 0.00038859405
417853286.0 0 1812.3471373571297 0 7.910409e-05
374036037.0 1 1797.639810347306 1 0.9995147
137078349.0 1 1798.0763015904133 1 0.99877787
252201292.0 1 1811.1187211392219 1 0.9999798
192877702.0 1 1793.4115749091138 1 0.9995929
387271308.0 1 1806.0750048078478 1 0.9999991
286327999.0 0 1808.9107609799098 0 0.0011683127
186986122.0 0 1793.1409343517903 0 0.0018711668
229510522.0 1 1799.7824182161228 1 0.99999267
320606986.0 0 1812.6809053693453 0 0.0024145504
302157740.0 0 1796.8906142799724 0 0.0005246221
268722615.0 1 1805.450957219668 1 0.9999815
250825174.0 0 1812.3487633508487 0 0.00025540646
403259861.0 0 1812.7015903747745 0 0.001075617
431893317.0 1 1805.5367030465761 1 0.99512815
240982081.0 0 1812.3483278523524 0 0.0012649742
302686987.0 0 1797.8478603854155 0 0.0029864246
52861961.0 0 1809.160399680471 0 0.009626981
81604363.0 0 1794.3480273031303 0 0.000978737
13703489.0 0 1808.9106511230946 0 0.0032055473
374917304.0 1 1796.806914859641 1 0.99991053
259255376.0 0 1808.9533029470779 0 0.0029891292
249856862.0 0 1808.8488441123802 0 0.00070467027
445423597.0 0 1805.5146899565984 0 0.00030027836
252814483.0 0 1812.3489593863947 0 0.0091584865
426141606.0 1 1806.242721668515 1 0.99999726
334802172.0 1 1805.679496861896 1 0.99983144
249893633.0 0 1808.848797510078 0 0.41671777
400949386.0 1 1795.8491904145753 1 0.9958054
73691743.0 0 1809.161953458953 0 0.0033987404
129916255.0 1 1797.5577974089972 1 0.9943738
435742004.0 0 1805.2008614347646 0 0.0002029258
418710087.0 0 1800.4098262806249 0 0.0016146041
331324439.0 1 1795.723068479481 1 0.9999858
186939338.0 0 1793.1409494514965 0 0.0039632567
200873044.0 0 1796.6411097823263 0 0.0014927598
189685363.0 0 1805.3907037747142 0 0.0010144713
302069283.0 0 1812.348952126834 0 0.00035098862
235946111.0 1 1796.0538060574384 1 0.9999815
379632635.0 1 1796.5560035679002 1 0.99983215
406679025.0 0 1805.242580780037 0 0.0012467045
390049080.0 0 1812.5352563098484 0 0.00050892774
333733223.0 0 1805.199535846483 0 0.00090751937
321546971.0 0 1805.2415912135693 0 0.0008031337
293065676.0 1 1794.4948441912939 1 0.9999659
326149115.0 1 1800.0133277899445 1 0.99998754
400388934.0 1 1810.9305388075513 1 0.9999509
366502502.0 0 1793.3253229901568 0 0.0014964838
250922655.0 0 1808.890403821437 0 0.0003223231
233071614.0 0 1794.4062979378766 0 0.000496048
81458165.0 1 1795.7647229773402 1 0.99999505
423952435.0 1 1797.4711593775094 1 0.99991155
400250310.0 1 1805.8472077356907 1 0.9999574
233544425.0 1 1795.3026732769 1 0.99999976
292152018.0 0 1812.5779734004445 0 0.00027096286
308618372.0 0 1808.8900950584095 0 0.0013148792
321601554.0 1 1794.3445189584693 1 0.9998914
347116617.0 1 1811.4514989185382 1 0.99991214
390927619.0 1 1798.431379401966 1 1.0
219872762.0 1 1794.218868148159 1 0.9999999
203091094.0 1 1795.3283612061161 1 0.9999783
405413202.0 0 1800.141472779854 0 0.0013041433
255865742.0 1 1797.0329243685148 1 0.8861307
317028902.0 0 1812.3487480085378 0 0.5772641
373456920.0 0 1812.4927164265562 0 0.00022829871
452963896.0 0 1809.1603250804412 0 0.0009821942
288381315.0 0 1797.699178128951 0 0.00016383172
286117516.0 0 1805.2648687730969 0 0.00090779876
445639006.0 0 1808.8694894233456 0 0.000715914
387696625.0 0 1812.3453954162962 0 0.0007681344
289536658.0 1 1794.6140558798584 1 0.9999106
434724444.0 0 1805.2217088916314 0 0.00050894206
284801652.0 1 1805.2203437300648 1 0.99822205
286013049.0 1 1794.9524090637979 1 0.99999976
219797699.0 0 1805.3019634726375 0 0.0014015371
118421268.0 1 1794.058083247663 1 0.9999902
396267528.0 0 1794.3473631053682 0 0.0030605448
241081158.0 0 1796.6405605481204 0 0.0028119548
423455690.0 0 1808.931454762128 0 0.0009060895
63506391.0 1 1794.9745773090451 1 0.9999975
256977179.0 1 1810.4281690619566 1 0.9999422
366782962.0 0 1805.20044044827 0 0.0004380581
405491316.0 1 1805.9539603697103 1 0.9999669
285344141.0 0 1796.6412084954559 0 0.00384075
233514389.0 0 1797.9680928242933 0 0.0034364264
366563358.0 0 1793.1371873293692 0 0.00095565914
317596370.0 0 1805.2423847782304 0 0.0009417138
275062328.0 0 1809.1801926393216 0 0.00044753595
269703842.0 1 1794.6595538867025 1 0.9999985
337550536.0 1 1794.5549419116821 1 0.9967128
201185915.0 0 1809.1204227553558 0 0.001973703
20703587.0 1 1794.4323789821094 1 0.9999997
229442981.0 0 1793.4074076155373 0 0.0001646897
237227917.0 1 1793.2828189966597 1 0.9261041
20805366.0 1 1810.8075214040066 1 0.999938
308962533.0 1 1795.994570769858 1 0.9999989
285533267.0 1 1794.8894695698991 1 0.9993418
233576783.0 0 1808.8651273031862 0 0.0013514574
237217548.0 1 1811.5535389607344 1 0.99962914
445533207.0 1 1811.4318243734137 1 0.9999976
396061742.0 1 1797.4098296567831 1 0.99614036
368611425.0 1 1795.055575054239 1 0.99999
368168198.0 0 1796.9094955942837 0 0.00031593713
332577163.0 0 1805.514908270529 0 0.00048928225
428170921.0 1 1796.494648333469 1 0.99982643
400246637.0 0 1812.3679296389191 0 0.00037293514
444754389.0 1 1797.5773090817006 1 0.99998975
354250098.0 0 1812.348245510028 0 0.0008952254
238716646.0 1 1798.3281913755534 1 0.9999944
403259861.0 1 1796.1394094067473 1 0.9999996
445370379.0 1 1797.2023030029038 1 0.98916984
46479770.0 1 1794.1621380012389 1 0.9999665
230137150.0 0 1805.2817119002646 0 0.00028297596
250496363.0 1 1794.5155012380785 1 0.9986228
317836431.0 1 1797.7633129728263 1 0.99999887
453234100.0 1 1799.6192803261997 1 0.99001575
417340054.0 1 1797.3476289029782 1 0.99999326
453278013.0 0 1800.1401559525677 0 0.00028946015
198159870.0 1 1795.0309154668494 1 0.9964499
50520093.0 0 1812.4108670313751 0 0.0029316815
284214790.0 0 1800.139294691408 0 0.0012468566
196947078.0 0 1796.6404533718735 0 0.0010398831
418981815.0 1 1805.4516171696137 1 0.99963987
71928965.0 1 1794.1192027005195 1 0.999999
101407303.0 0 1793.1412612512702 0 0.003432663
444138949.0 0 1808.8485861631466 0 0.0013696672
366116219.0 0 1812.3885962211543 0 9.340066e-05
403685735.0 1 1806.140226464739 1 0.9999902
379324008.0 0 1809.1602524692296 0 0.0020036965
50519916.0 0 1808.9317008539824 0 0.001368905
326817214.0 0 1808.8472688781756 0 0.0010277883
445383420.0 0 1805.5146990861422 0 0.00061115506
322345879.0 0 1812.3486489571812 0 0.0006292105
54458365.0 0 1809.327076229328 0 0.0016490623
256577928.0 0 1805.2210181634562 0 0.0003526433
259237935.0 0 1805.2199685963428 0 0.00052410876
422533317.0 0 1805.5564097519302 0 0.00019837328
450004241.0 1 1794.1189376415107 1 0.9999995
245721512.0 1 1795.4317317996436 1 0.99998915
279566917.0 1 1810.57584032051 1 0.9999256
21283108.0 0 1797.9684713167671 0 0.00043096297
230084082.0 0 1805.1978891876238 0 0.0009850538
117270306.0 1 1793.5987523058357 1 0.9999985
398337224.0 0 1812.3667595445709 0 0.0012398303
422252745.0 1 1797.410410563147 1 0.9999476
268948084.0 1 1794.5762433668074 1 0.99997514
201002282.0 1 1795.9534910102734 1 0.9999982
21124830.0 1 1806.1765023497196 1 0.99999887
302470991.0 0 1812.348987399642 0 0.00036067548
240982932.0 1 1798.619448115236 1 0.9976879
420295248.0 1 1797.5769276104938 1 0.99999267
407028353.0 0 1812.3886463101878 0 0.00022429894
194808696.0 0 1809.1829365309598 0 0.0017362084
229458009.0 1 1796.4697847229154 1 0.9999016
192736246.0 0 1796.6407544052638 0 0.00142488
237232295.0 1 1798.1578987405924 1 0.9999918
315613916.0 1 1805.2237498700126 1 0.9994387
54269985.0 0 1793.1394769521132 0 0.0007515649
233533858.0 0 1808.864753293053 0 0.0006706844
10353856.0 0 1805.3062613920163 0 0.0018493957
441742141.0 1 1796.2402997369081 1 0.9994183
67517753.0 0 1809.1406670701167 0 0.0019798235
219095076.0 1 1798.6151546658164 1 0.999987
331363487.0 1 1798.4300185985976 1 0.9999892
417748796.0 0 1808.8466245239108 0 0.0048599094
372723747.0 1 1795.8062540034723 1 0.99998826
83048837.0 0 1805.514091140618 0 0.0020447692
201360067.0 1 1811.0579712767785 1 0.9999971
370212311.0 1 1794.4525345128422 1 1.0
410472267.0 0 1796.6402578117375 0 0.00024289267
238660312.0 1 1798.0780430537618 1 0.99985385
73625562.0 0 1812.4535979557827 0 0.0017246117
387998687.0 0 1808.8455794726437 0 0.00073445315
357678363.0 1 1798.5561837783282 1 0.9992443
428414457.0 1 1798.618408674386 1 0.99998456
373236148.0 0 1808.8885816543154 0 0.00053194934
229456600.0 0 1812.3863028280896 0 0.00013909454
312459904.0 1 1810.243675074685 1 0.999982
453230738.0 0 1812.389964308287 0 0.00061924465
20767198.0 0 1796.6408441143637 0 0.0016738089
237098134.0 0 1805.198100915639 0 0.00021147323
367737917.0 1 1794.678223079301 1 0.99994874
402775546.0 1 1798.4934282998695 1 0.9965667
229782870.0 0 1812.3444747727287 0 0.00066576415
410865841.0 0 1808.890782521073 0 0.0019958026
428209530.0 0 1793.140515766769 0 0.003363034
285676351.0 1 1796.1196604765335 1 0.9999139
251815533.0 0 1793.3903040797325 0 0.014796122
354316349.0 0 1796.640296154639 0 0.001556511
445367333.0 0 1793.2022579427814 0 0.00014645084
230133460.0 1 1794.9272624322969 1 0.9999851
49853206.0 1 1799.327126686497 1 0.99999076
198538353.0 1 1796.5305629757993 1 0.9999932
433350615.0 0 1812.5367627710111 0 0.004412513
420106840.0 0 1808.8452930897952 0 0.00022925563
358824770.0 0 1808.8466139426298 0 0.00089473376
118441967.0 1 1794.1413863781838 1 0.9995349
289094785.0 0 1805.2012102210483 0 0.0017437555
395505258.0 0 1808.8472387457432 0 0.0014944844
400127098.0 1 1797.8051503172926 1 0.9998697
264157430.0 0 1797.1374893796965 0 0.001890899
232640371.0 1 1798.4064307414883 1 0.99999666
405459712.0 1 1794.7038059457286 1 0.9994016
422977211.0 1 1798.4949372200863 1 0.99999875
327137540.0 1 1793.578205117797 1 0.9998645
354798248.0 0 1808.8490885558401 0 0.0027345275
288611623.0 1 1798.9702128195722 1 0.9999578
347586508.0 0 1805.2443895744123 0 0.00012349182
418982014.0 0 1796.9098043563192 0 0.0012980526
367185621.0 1 1793.2421144428006 1 0.99993896
198390031.0 0 1797.9680046277995 0 0.003570129
396242679.0 1 1796.951389353578 1 0.99735516
268320718.0 1 1793.9286930588876 1 0.99968594
246973941.0 0 1805.20380053992 0 0.0037068496
65641116.0 0 1808.9119077299506 0 0.00352133
240829983.0 0 1808.9732201952563 0 0.018506767
118421181.0 0 1805.287128727414 0 0.0034094881
233008980.0 0 1808.844411631902 0 0.0013480964
332377663.0 1 1800.2857187166182 1 1.0
250722413.0 0 1812.3485898142826 0 0.00013913342
441718331.0 1 1794.3027113984542 1 0.9999243
101130984.0 1 1795.5578386840557 1 0.99999493
346852957.0 0 1805.203619163484 0 0.0011943415
52260830.0 1 1798.035474179319 1 0.9999844
441791928.0 0 1808.8449824283339 0 0.15801397
406267319.0 0 1805.2209251714696 0 0.0010362063
265000874.0 0 1796.890103494966 0 0.0020866187
250720272.0 1 1798.0362388646047 1 0.99999225
258680455.0 1 1810.9931632054254 1 0.9993996
293188044.0 0 1805.3492304316421 0 0.0006050968
373232181.0 0 1812.3468626924302 0 0.00018049535
449997222.0 1 1810.2226817750723 1 0.9993829
22845012.0 0 1805.370513598152 0 0.004337711
356087112.0 1 1797.634893076783 1 0.9999986
436934619.0 0 1808.9538330670246 0 0.002723862
194805333.0 0 1808.8494949134854 0 0.0030863788
388134305.0 0 1808.991474835636 0 0.0014306232
245509612.0 1 1796.9944907820154 1 0.9999934
279375962.0 0 1812.3876083098794 0 0.00015588483
77324915.0 0 1805.3495399907038 0 0.004115912
251199878.0 0 1793.3901330476342 0 6.104476e-05
373456920.0 1 1805.36774054583 1 0.999999
453303485.0 1 1806.0982945801663 1 0.9999965
348607534.0 0 1805.2026933844813 0 0.0009470712
354841987.0 0 1808.931255957445 0 0.00015134843
351610703.0 1 1796.5764692660136 1 0.9999095
250660751.0 1 1798.5988327174603 1 0.9999769
428773302.0 1 1810.7216980250832 1 0.9991387
403037892.0 0 1809.1406337359124 0 0.0031479255
428606661.0 1 1795.4930227005048 1 0.99999726
255879260.0 0 1796.6394398435134 0 0.0035105175
373959997.0 1 1810.9729716177433 1 0.99999946
354694730.0 0 1805.5560507410562 0 0.00188285
52038497.0 1 1798.4101942946031 1 0.99999577
366972822.0 0 1796.6379193527268 0 0.0006707828
356978150.0 1 1805.6559658275555 1 0.9990414
409522234.0 1 1810.390767022293 1 0.9996693
436846978.0 0 1812.453710609489 0 0.0012653369
394121705.0 1 1797.09498588931 1 0.99999875
83142000.0 0 1812.3680594117723 0 0.0015720258
444140186.0 0 1812.7860844195557 0 0.0009016679
348672128.0 1 1797.3485082692184 1 0.9999913
186985837.0 0 1812.7032250705715 0 0.0013782963
256416606.0 0 1812.7018988251255 0 0.00059394276
192740281.0 0 1805.3076604988487 0 0.0019860393
374222981.0 0 1809.035596493923 0 0.00044606288
407415975.0 0 1796.7656053094177 0 0.23809953
400344508.0 0 1805.2222692685216 0 0.00021615809
351538646.0 0 1812.368155408564 0 0.0010977566
230079118.0 1 1798.0104252183266 1 0.9988386
333865930.0 1 1810.4498220988053 1 1.0
71696581.0 0 1805.2442713038063 0 0.00030329477
288853174.0 1 1796.451848276372 1 0.99999547
292324789.0 0 1805.2447859160477 0 7.076724e-05
321450937.0 0 1808.9915798797306 0 0.00072824024
160618155.0 1 1805.8652889191846 1 0.9999952
137126056.0 0 1805.2014736303688 0 0.0006144819
445402441.0 1 1797.0771735431792 1 0.99996126
422389585.0 1 1798.3249958919457 1 0.99999994
433283165.0 0 1812.7659966658864 0 0.010672843
302476679.0 1 1797.0987895982396 1 0.9999994
65159558.0 0 1805.2242396927898 0 0.003214895
177709925.0 0 1812.5785980081941 0 0.0024323948
192529825.0 0 1796.6408308031873 0 0.0028546317
285280982.0 1 1793.8911816960547 1 0.9999582
445592469.0 1 1799.014995720305 1 0.99985385
370857442.0 1 1794.0357624465767 1 0.9999943
229683910.0 1 1797.4888987176355 1 0.99999636
250661165.0 0 1812.3487158215432 0 0.0014414446
116992839.0 0 1808.8699321658403 0 0.0016684128
117868677.0 1 1795.578000004423 1 0.9999866
445546957.0 0 1812.4107250229235 0 0.00020781472
445564070.0 1 1794.0361083483172 1 0.9999955
77451620.0 1 1805.5371272739815 1 0.9999743
387269721.0 0 1812.7834279190542 0 0.00039305387
230001021.0 0 1808.8859014449624 0 0.00026838278
198159870.0 0 1805.2185694652221 0 0.0017238124
364184823.0 0 1808.8873603310026 0 0.00020583974
219860187.0 0 1812.5110904273308 0 0.0010692924
77322543.0 0 1793.141329122945 0 0.0007964203
298734683.0 1 1798.6146851851347 1 0.9999803
445315985.0 0 1809.202055259027 0 0.0009995555
245400997.0 0 1808.8484464014111 0 0.0005081105
49712862.0 1 1799.4938702333775 1 0.9668855
375787430.0 0 1812.5753585424197 0 0.00021726043
367949619.0 1 1800.2425730171651 1 0.9999932
194783674.0 1 1805.8494375933005 1 0.99989706
299493136.0 0 1808.8877131569989 0 0.00032815474
241035265.0 1 1805.6192125357736 1 0.9999981
403746970.0 0 1793.390010406819 0 0.0019234337
420268169.0 0 1812.3668426342708 0 0.0012793867
366782088.0 1 1805.4295996255848 1 0.99998057
427647772.0 1 1798.7223801225439 1 0.9999997
250934637.0 0 1805.2240141455902 0 0.00030079496
288854677.0 0 1809.1394138126307 0 0.0018019808
427555786.0 1 1794.5134868066543 1 0.9999954
385101074.0 0 1796.6407924700554 0 0.0031453765
415959499.0 0 1805.4948730743513 0 0.0006575634
229639831.0 1 1797.1989374254285 1 0.99999547
410474261.0 1 1799.5153150028457 1 0.9999975
381807163.0 0 1812.5577190873325 0 0.0018100722
201187252.0 1 1796.6619464022738 1 0.99999946
28914297.0 1 1798.1205544747754 1 0.99994045
284207676.0 0 1793.1394420459433 0 0.00032640403
289354991.0 0 1808.868199548005 0 0.0007760649
375905662.0 0 1805.2004794282952 0 0.0014124446
370763683.0 1 1805.2443736104071 1 0.99995965
441812532.0 1 1798.5945291960084 1 0.9999997
432015131.0 1 1811.1619176021852 1 0.9999292
431775050.0 1 1793.8073266329313 1 0.9999999
259384433.0 1 1805.9951294481052 1 0.9996764
229442981.0 1 1805.3031018736108 1 0.99999994
376994854.0 1 1799.2607808011028 1 1.0
256661026.0 1 1794.282581642058 1 0.9999978
301642812.0 0 1812.3489418626245 0 0.00042496322
13277778.0 1 1798.5967814697267 1 0.9999971
65351340.0 1 1795.7240311155692 1 0.99999
265291150.0 1 1805.5359783613187 1 0.99929446
240808670.0 1 1795.285808611309 1 0.9999988
81688370.0 0 1805.2026220652263 0 0.00034380538
309137526.0 1 1797.3694999414715 1 0.9999924
250454963.0 0 1812.3486524581708 0 0.0021029878
292720939.0 0 1812.6406539728498 0 0.0035886902
405625413.0 0 1812.3904535845054 0 0.0013999095
247404039.0 0 1812.5787542452479 0 0.002908391
250897228.0 1 1797.4948155127056 1 0.9999944
427956433.0 1 1796.4094784118079 1 0.99620175
441717793.0 1 1794.8028817966704 1 0.99999815
229448888.0 0 1796.9072038352085 0 0.00052201183
423461498.0 1 1799.3479213574008 1 0.9999943
250962119.0 1 1794.0571188809354 1 0.9997546
289208457.0 1 1810.263844095569 1 0.9998612
299492187.0 0 1808.8668868765683 0 0.00026949123
353733033.0 1 1798.9479554390796 1 0.99995565
292607265.0 0 1805.2240403654632 0 0.0005601755
264305111.0 0 1812.3876773588922 0 0.0026989419
315757230.0 0 1812.491657008615 0 0.0032011154
104150354.0 0 1793.3279780363634 0 4.749586e-05
381806049.0 0 1805.4745185652748 0 0.004187769
82094777.0 1 1796.3688321156062 1 0.9999996
415959842.0 1 1811.3904059497715 1 0.9998705
258628565.0 1 1798.3662795786536 1 0.99997234
427689755.0 1 1805.3885668243886 1 0.99997795
359584949.0 0 1808.8437235391737 0 0.0016779732
347688587.0 0 1812.3484532270204 0 0.0006253467
178139182.0 0 1793.1410222404172 0 0.0025080696
418223087.0 1 1805.6792720031797 1 0.9999836
422612121.0 0 1805.2217871683072 0 0.0005079362
452943219.0 0 1796.6396323603335 0 0.00029920816
449987928.0 1 1810.9309124745178 1 0.9999999
245398036.0 0 1808.84850828775 0 0.0017272276
259143396.0 1 1794.8281212315012 1 0.9999946
230384124.0 1 1796.3026292410764 1 0.9999043
431992623.0 1 1795.328294811779 1 0.99999464
73448829.0 1 1797.4329934827686 1 0.9982223
28913670.0 1 1795.7455343864613 1 0.999938
264730191.0 1 1811.4109764699983 1 0.9999998
22735738.0 0 1805.287158903997 0 0.0022406923
375985983.0 1 1794.5755682945444 1 0.99999756
196788556.0 1 1795.0987620623748 1 0.99524075
329084479.0 0 1805.1998540026968 0 0.000164412
400194383.0 0 1812.347150478118 0 0.0008507606
445231304.0 1 1799.285498990682 1 0.99979705
202954152.0 0 1809.0992000423364 0 0.0018476282
230003870.0 0 1793.4071965375026 0 0.0024646935
34820374.0 0 1793.1414512565689 0 0.0031502757
284207578.0 1 1797.1394245237839 1 0.99994004
396343734.0 0 1812.3473394024406 0 0.0007628295
233129338.0 1 1806.1773291844568 1 0.99866986
116850886.0 0 1808.9324505939442 0 0.0029461319
320499425.0 1 1810.2596099403734 1 0.9104122
269820061.0 0 1812.5134784888908 0 0.0005431636
203094809.0 0 1796.6409011670378 0 0.0032176985
256581455.0 1 1795.9711618848617 1 0.99999046
301835445.0 1 1798.6612842378715 1 0.9999975
230011847.0 0 1805.2194800997956 0 0.000109849534
346723607.0 0 1805.5372477218039 0 0.0033938612
406899460.0 0 1812.3680422023194 0 0.00037624192
189598287.0 0 1805.6197751407751 0 0.002656999
241022632.0 0 1812.3899158535326 0 0.00065435417
279765760.0 0 1808.846747124027 0 0.000103776794
376546667.0 0 1805.221459174389 0 0.0004305499
73565824.0 0 1809.161934809481 0 0.0010219107
270441804.0 1 1799.3887681991228 1 0.999971
20872863.0 0 1805.4117580953568 0 0.0010966487
264309188.0 1 1793.8458940760331 1 0.9999953
11246577.0 0 1794.3480227715809 0 0.0018526671
270230875.0 0 1805.2011709451826 0 0.004026199
12110841.0 0 1809.1605071742085 0 0.0031100612
389636332.0 1 1795.2229962794893 1 0.99999684
250586032.0 1 1793.9739097183617 1 0.99999994
331314073.0 0 1809.2022954941622 0 0.0010945206
285181188.0 1 1797.4329069402377 1 0.9999629
372114999.0 1 1794.140088706542 1 0.9999568
357820669.0 1 1796.264343846751 1 0.99999344
416098108.0 0 1805.2660414403606 0 0.0010327892
377204994.0 0 1808.8464855618552 0 0.003840907
400506361.0 0 1805.5357800870077 0 0.0016970695
420850137.0 1 1811.389321002144 1 0.99997133
249830559.0 1 1810.973735583756 1 0.99997926
396388563.0 1 1811.305969418469 1 0.998135
410651644.0 1 1797.390451956685 1 0.9999996
308717191.0 1 1797.848750049469 1 0.99999595
240933918.0 0 1805.2026446744037 0 0.0005912013
323301167.0 1 1796.2213470968493 1 0.99851173
372197986.0 0 1805.2026850985383 0 0.002289136
233621863.0 0 1812.3441032483129 0 0.0020714516
251838877.0 1 1798.4525537270079 1 0.99999934
376976038.0 1 1805.5106527010025 1 0.9999834
94371007.0 0 1805.474607093284 0 0.002378247
282784786.0 1 1794.7642698924838 1 0.99996865
373018350.0 0 1805.2008570090952 0 0.0029419523
240808670.0 0 1809.2021852983805 0 0.00035509485
433977596.0 0 1808.8673374609102 0 0.0005153759
302627980.0 1 1797.3266255288645 1 0.9993837
68000621.0 1 1797.59946472576 1 0.99963856
229502273.0 0 1805.1988683682314 0 0.0004094127
83812940.0 1 1810.4306847164253 1 0.9850535
449937974.0 0 1805.2865795295438 0 0.0044721337
421381550.0 0 1809.2434357682832 0 0.003917999
387239641.0 1 1794.8871499549816 1 0.9999942
90667435.0 0 1796.6412547519626 0 0.003312051
322055601.0 1 1794.0127255145915 1 0.9999988
177886618.0 1 1799.5786008096193 1 0.99186313
196918940.0 1 1799.2654312105853 1 0.99999994
265007029.0 0 1805.2026294617765 0 0.0006137898
264224989.0 1 1805.2834406580987 1 0.9999999
431989510.0 0 1812.4326582432975 0 0.003359877
415901876.0 1 1797.2449840859667 1 0.9999743
71849965.0 1 1799.5984395945445 1 0.999989
192489455.0 1 1794.3907060746144 1 0.99976224
13456596.0 1 1795.1187689245453 1 0.99998623
299330938.0 1 1795.327579850984 1 0.9999126
240891813.0 1 1810.556529591691 1 0.9996252
229674024.0 0 1808.8447669617328 0 0.0001778813
372112312.0 1 1811.2234459473489 1 0.99648654
219741444.0 1 1796.4263163201572 1 0.9984361
229769044.0 1 1794.96973538087 1 0.9999844
353956367.0 1 1796.9324318327199 1 0.99848294
20872572.0 0 1793.1408383432758 0 0.0027298569
139408139.0 1 1811.1409960264957 1 0.99996865
366582053.0 0 1793.1371864230741 0 0.00030207005
377146412.0 0 1808.846499772676 0 0.00042334705
229512750.0 1 1796.7406900037802 1 0.9999994
354382330.0 1 1810.554874946113 1 0.99994123
230112337.0 1 1795.0731228278082 1 0.99950933
366637868.0 1 1797.4919816142292 1 0.99999213
426082998.0 1 1810.3259878562128 1 0.99990684
368028401.0 0 1805.2011839578424 0 0.061671093
379481591.0 1 1811.431004052171 1 1.0
230127811.0 1 1795.4899923549222 1 0.9999986
352674335.0 0 1805.2224877696 0 0.0015339371
230018535.0 1 1810.2817702530083 1 0.99991757
252148311.0 0 1812.702003779187 0 0.000235265
396062171.0 0 1808.8682790363289 0 0.0012123713
299335635.0 1 1796.2653121012622 1 0.99999976
118300110.0 1 1810.1619136553325 1 0.9999733
417662947.0 1 1794.4715014651572 1 0.9996514
327120572.0 0 1805.535067013776 0 0.0007560156
286409037.0 0 1805.264910555366 0 0.00096029165
278855680.0 1 1798.972654078571 1 0.99978745
85486856.0 1 1794.4746509771662 1 0.9999919
101259135.0 1 1796.1621070588085 1 0.9999816
235942843.0 1 1810.4288050456025 1 0.99981046
322055289.0 1 1806.1792358153702 1 0.9999995
326810027.0 1 1793.786423189355 1 0.9999912
192552870.0 1 1794.5782446445464 1 0.997265
396208925.0 1 1795.1178640206606 1 0.9999885
354404238.0 0 1808.8486453705602 0 0.0014561823
279521486.0 1 1811.2216064803886 1 0.9999936
280412792.0 1 1799.9937814096904 1 0.999997
359548396.0 1 1799.5142068413543 1 0.9999425
417456401.0 0 1805.2644405901394 0 0.00213085
331389565.0 0 1809.2022697718814 0 0.00046667477
149979036.0 0 1805.474779337213 0 0.001259542
444135376.0 1 1793.7650779960286 1 0.96265113
367463682.0 0 1812.3487604918637 0 0.001818639
405415022.0 1 1799.3706102006447 1 0.9999787
65749412.0 1 1805.5366564068206 1 0.99999523
292613411.0 1 1796.120000571395 1 0.29888237
292469923.0 0 1812.7864170975931 0 0.0060574133
419751930.0 0 1796.6392428557463 0 0.0015814572
177804060.0 0 1805.307733003283 0 0.0029191582
444588743.0 0 1793.1395179979438 0 0.0022089838
396198189.0 1 1799.722054402545 1 0.9979906
53961649.0 0 1809.3895435005982 0 0.00053348835
252183064.0 0 1809.2021938622456 0 0.0029456066
20703587.0 0 1805.203273559032 0 0.0016593799
20801285.0 0 1793.1408423603743 0 0.0019293893
233209941.0 0 1812.364881180496 0 0.00015380509
103946306.0 1 1799.6196285112921 1 0.9999911
241092480.0 0 1812.3693977650846 0 0.025428161
374695963.0 0 1805.2026628157016 0 0.0028760866
428775428.0 0 1793.3049293541344 0 0.00018447191
302235453.0 1 1793.577861735946 1 1.0
352902799.0 0 1812.3494316777162 0 0.0034890086
445402441.0 0 1805.5562516056948 0 0.0006883184
265189652.0 1 1795.7637900546706 1 0.99999946
359588051.0 0 1812.3850474451774 0 0.0005753063
219855237.0 0 1808.8438938405857 0 0.00034160833
270929379.0 1 1806.2011592994893 1 0.9999993
436924709.0 0 1793.1414133680555 0 0.0007212417
354600017.0 0 1812.7016690828286 0 0.0010569985
249881771.0 0 1808.8489607475199 0 0.0015664495
104029331.0 0 1812.3489460755354 0 0.00036566614
251224729.0 0 1808.8487002024824 0 0.00040329143
333067722.0 1 1793.223298987023 1 0.99999964
200777759.0 1 1796.599477386428 1 0.99999607
250746187.0 0 1793.1406489596948 0 8.4479056e-05
399763482.0 1 1798.88846728759 1 0.9999973
28690469.0 0 1793.1409245991783 0 0.0018463782
374129736.0 1 1810.9939728451648 1 0.999256
29018316.0 1 1797.1622456222335 1 0.99686795
445224414.0 0 1812.7018365649456 0 0.0013202225
192593596.0 1 1810.6824787006378 1 0.99935883
338718387.0 0 1808.8672246302901 0 0.00087301695
403336243.0 1 1810.764226961674 1 0.99999803
371000432.0 1 1795.765178560913 1 0.9999858
288633162.0 1 1805.9078966087766 1 0.99995065
436879848.0 1 1806.2871903357734 1 0.99999154
272831301.0 1 1794.6807946362467 1 0.999951
417843052.0 1 1799.328470558887 1 0.9996208
321688478.0 1 1796.0334485469155 1 0.9999379
445324142.0 0 1805.5562264612643 0 0.00025671575
333112922.0 1 1794.4109661532116 1 0.99999315
366470628.0 0 1812.3669000272068 0 0.002708315
63677963.0 1 1797.9744983102576 1 0.999998
279753804.0 0 1805.2648452493665 0 0.0005116518
308785248.0 1 1810.9109460522504 1 0.9999999
237011192.0 1 1798.9702622753707 1 0.9998947
250456709.0 0 1812.3903705278137 0 0.002326682
421307285.0 0 1812.344064080848 0 0.00087686314
251123022.0 0 1796.827829651922 0 0.0008746085
21120914.0 0 1812.9327178602216 0 0.00273128
194670356.0 1 1798.4326937477367 1 0.99992347
336819422.0 0 1793.3256792013044 0 0.00094992283
368611685.0 1 1799.3681072756958 1 0.99988914
449991108.0 1 1793.410324391635 1 0.99999994
403622718.0 1 1793.369265760363 1 0.9997426
219112671.0 1 1794.2401975595742 1 0.9999823
403746452.0 0 1805.2028068124469 0 0.00031560208
288636282.0 1 1810.4286063628113 1 0.9962324
251626846.0 1 1797.056969346477 1 0.99999464
316138176.0 1 1795.7441745068386 1 0.999983
236776528.0 1 1805.5313749853528 1 0.9994806
315775727.0 1 1798.8040856329335 1 0.99995935
445372883.0 0 1805.5564030058388 0 6.398753e-05
398069666.0 0 1805.2643712636893 0 0.00023658948
186629856.0 1 1793.578619997332 1 0.99917305
65196007.0 0 1796.6408777814 0 0.0036725914
230384546.0 1 1806.2191705377945 1 0.9992051
309235278.0 0 1805.244411185987 0 0.00013141168
319847776.0 1 1794.5978933101267 1 0.999852
398306011.0 1 1797.5545212888458 1 1.0
63471618.0 1 1797.1827967370702 1 0.99995846
435355210.0 1 1798.6385779991117 1 0.9998046
192297712.0 1 1797.0367443570422 1 0.9999979
427588201.0 0 1796.9091813062707 0 0.00050480274
312467981.0 1 1810.535436713321 1 0.9999633
279568639.0 0 1808.8675561061107 0 0.0011881266
292322983.0 1 1806.3697975737405 1 0.99974203
270014616.0 0 1796.9095929832115 0 0.0018035664
396574801.0 1 1795.578465838139 1 0.9999788
288945163.0 1 1795.5768187725425 1 0.9999072
285083594.0 1 1796.2027612095194 1 0.9999875
256645287.0 0 1808.8668129939037 0 0.0034955533
326788321.0 0 1805.5558236156824 0 0.001651589
34750272.0 1 1795.6830861055428 1 0.97179985
129864940.0 1 1797.1618377599968 1 0.99997956
436843124.0 1 1795.8498004434634 1 0.99981284
400951601.0 1 1799.1407835788048 1 0.9999901
249916590.0 1 1810.244786970721 1 0.9994621
28961645.0 0 1809.120626864351 0 0.0034202312
453184239.0 1 1795.764991009043 1 0.99999917
292001899.0 1 1794.3908062826506 1 0.9999958
269893200.0 0 1808.9121135419844 0 0.0013800951
412353000.0 0 1805.2419228515794 0 0.0007279856
400254698.0 1 1805.3679935298524 1 0.9999532
229597519.0 0 1794.1987714421832 0 0.0017380152
83806793.0 1 1811.451436935325 1 0.99996454
396662379.0 0 1796.8054171129916 0 0.0008751954
428705952.0 0 1812.3468038103358 0 0.0004540793
417843137.0 1 1794.8910337446057 1 0.99999845
233514389.0 0 1794.4056591129083 0 0.003415459
229499393.0 1 1811.4697348517052 1 0.9998091
252192240.0 1 1797.0566137221126 1 0.99998754
431760686.0 0 1808.9743062042342 0 0.0032488748
381585159.0 1 1796.5993831652765 1 0.9998833
428054344.0 1 1805.307422855566 1 0.99996203
308289231.0 0 1793.140366598354 0 0.00014416897
370212288.0 1 1811.4940142431958 1 0.99994767
395925044.0 1 1800.493129811749 1 0.99999875
129762002.0 0 1805.5993587377031 0 0.0005427196
192536159.0 0 1805.3075716773203 0 0.0023219683
22814039.0 0 1796.6413699104548 0 0.002477583
377416971.0 1 1805.9507592789628 1 0.9999837
229445310.0 1 1795.094758547793 1 0.99999267
237290140.0 1 1805.220377118863 1 0.99789315
352807799.0 1 1811.203687330605 1 0.9999681
366975840.0 0 1812.3462763330672 0 0.00029219236
441722462.0 0 1805.1985898880332 0 0.00014022745
395658146.0 1 1796.3262940993418 1 0.999912
250554398.0 0 1808.869590971787 0 0.0006215024
450157798.0 1 1793.80691355735 1 1.0
327245482.0 1 1794.181174570288 1 1.0
85524349.0 0 1800.1413243549393 0 0.00045680878
101037444.0 0 1809.1205331357894 0 0.0013268958
323304257.0 1 1805.4920685557615 1 0.99982405
417310592.0 1 1793.5559716866626 1 0.9995317
268516426.0 0 1796.9094199629671 0 0.002331017
198184398.0 1 1795.426390050497 1 0.9999988
178106889.0 1 1795.4536071392556 1 0.9999946
395696619.0 1 1794.8886924818332 1 0.99997103
258958811.0 0 1812.3657565715737 0 0.0004181239
398024704.0 0 1805.3477584736675 0 0.0005653304
288734931.0 1 1811.011977235763 1 0.9999654
374303249.0 1 1798.452342242171 1 0.9999972
245421634.0 0 1812.3485055911449 0 0.0021080049
270553187.0 0 1805.2220966502373 0 0.0018927295
405482889.0 1 1811.391487450578 1 0.9999234
12986516.0 1 1797.5565961858636 1 0.99936146
252817841.0 1 1798.4946032125968 1 0.99922043
77543001.0 1 1793.2246530743494 1 0.9999363
65165362.0 1 1796.8074365880839 1 0.9998176
289723597.0 0 1797.968343826358 0 0.0002426878
34620321.0 1 1795.7248030576511 1 0.99999714
445450149.0 1 1796.7652023116036 1 0.99996346
322060987.0 0 1808.8875333627677 0 0.00012411561
233132351.0 1 1799.6356180204543 1 0.99999624
307640507.0 1 1795.5358305159468 1 0.99998623
116214066.0 0 1812.3906225154774 0 0.0015815407
445235922.0 0 1796.6398010127496 0 0.0012509312
116760547.0 1 1797.4322015702744 1 0.9979134
316322253.0 0 1796.8901781793184 0 0.0012683233
284807429.0 1 1795.9934419916103 1 0.99975806
377978347.0 1 1795.9512080542456 1 0.99988776
407391200.0 0 1805.2011089442792 0 0.00012295927
192467947.0 0 1808.974376711348 0 0.0034185087
370596684.0 0 1808.8484595913515 0 0.0011590476
428067663.0 1 1796.786477368823 1 0.9999994
289093425.0 0 1808.8470229863503 0 0.0025365371
378280451.0 0 1812.367876899941 0 0.0007307812
312862956.0 1 1799.5773710566539 1 0.99999756
229966242.0 0 1812.3858567580457 0 0.0003789606
415837750.0 0 1805.2031415002264 0 0.0006660349
139579405.0 0 1796.6411229043758 0 0.0012582662
286025926.0 1 1810.9531671931368 1 0.99994713
288406303.0 0 1805.2410529498193 0 3.361711e-05
235683276.0 1 1806.17843731549 1 0.9999769
403948749.0 1 1799.5769960406205 1 0.9993843
252866189.0 1 1794.5155310281168 1 0.99986
444594142.0 1 1798.4938137275974 1 0.99955875
264454096.0 0 1809.3876815222977 0 0.0007773164
316491478.0 0 1809.0721073221016 0 0.0003753148
372269137.0 1 1797.4525457466666 1 0.9999909
434263751.0 1 1795.4926921799674 1 0.99948305
444497412.0 0 1796.6394729631866 0 0.0015509091
192652602.0 0 1808.9325341232475 0 0.0033742848
298358846.0 0 1812.3674940452959 0 0.000623473
177993784.0 1 1795.4743268484588 1 0.99996454
415961061.0 0 1805.2239170970047 0 0.00041879746
444356097.0 1 1793.80599469147 1 0.99930716
453272088.0 0 1809.1607914048375 0 0.0012578976
423948197.0 1 1810.4917959170025 1 0.9999283
177992848.0 0 1793.1409908599749 0 0.0043992796
422922286.0 0 1812.6616879199664 0 0.0044489265
52437210.0 0 1812.8060697012054 0 0.28789154
251325954.0 1 1805.4944041779029 1 0.99997216
450142397.0 1 1798.3692111125001 1 0.99991953
410615958.0 0 1808.8693888477246 0 0.0014318955
306183336.0 0 1812.7020983040336 0 0.00017835564
192693142.0 1 1794.870060515116 1 0.9992947
312339132.0 1 1794.4314850277249 1 0.9999949
369825016.0 0 1796.9102318843566 0 0.64227146
403877251.0 0 1808.9316372577157 0 0.0007448906
327581427.0 1 1795.9936397242477 1 0.9998515
420176421.0 0 1808.8869531865757 0 0.00086023734
292465093.0 0 1812.3489114637734 0 0.004443
139533981.0 1 1794.1202392725925 1 0.9999864
302148491.0 1 1805.4950982847893 1 0.9937642
398325962.0 0 1808.867237829372 0 0.00037769426
319920120.0 1 1798.243803386095 1 0.9997271
259097101.0 1 1796.4073697202507 1 0.99995995
403742835.0 1 1805.9112648519579 1 0.999994
353779523.0 0 1797.9686136659734 0 0.00022172906
347494001.0 1 1795.0573940385011 1 0.9999501
402658915.0 1 1797.115775345498 1 0.99993294
422353035.0 1 1794.2621666729333 1 0.999985
285237181.0 0 1796.6395854577283 0 0.005224441
65287349.0 0 1793.1407764222872 0 0.0033021697
117621693.0 1 1810.5990739950641 1 0.99999547
270065714.0 0 1809.3079273540768 0 0.0034066217
194783674.0 0 1793.1408991191154 0 0.01001472
332869735.0 0 1809.1815009912457 0 0.0012524246
245392252.0 1 1798.0152623537217 1 0.9999984
65749395.0 1 1797.994848471465 1 1.0
428472302.0 1 1795.5352599043765 1 0.99998134
177968181.0 1 1810.9744758372785 1 0.9999099
308959220.0 0 1793.3696773353392 0 0.0005960183
268332837.0 0 1796.6371338847584 0 0.0013588882
22746976.0 1 1810.3078835388244 1 0.99986535
198237420.0 1 1805.8642369648435 1 0.99994683
433283420.0 0 1793.1410685661615 0 0.0011829062
322338839.0 0 1805.2443724267303 0 0.00024186546
192651412.0 0 1793.140740386895 0 0.0015353223
177821128.0 1 1811.286974596251 1 0.99949664
160586222.0 0 1805.1984887661338 0 0.00046550983
191773391.0 1 1796.1405967345627 1 0.98329914
367241905.0 0 1805.2422507450488 0 0.00083163
279195613.0 1 1795.4102511395 1 0.9999632
417607351.0 1 1811.1788739382218 1 0.9999646
354548262.0 1 1797.9736905276586 1 0.9999198
373058009.0 0 1812.3677046587138 0 0.0005832399
357046368.0 0 1794.405957647326 0 0.00043258633
376368590.0 0 1808.8880155045867 0 0.0173313
229597834.0 0 1812.3447372244245 0 0.000669599
268428072.0 1 1796.678896960921 1 0.9999958
186597420.0 1 1798.3703899102054 1 0.99999654
264298907.0 1 1794.0326409907311 1 0.99999875
399013326.0 0 1809.202252898174 0 0.0006979087
199525869.0 1 1806.259980550621 1 0.99999934
311833578.0 1 1796.1605086280513 1 0.99569696
230027382.0 0 1812.3650963474963 0 0.000136787
312250970.0 0 1793.1397155372824 0 0.0012188753
51029031.0 1 1796.1189047602063 1 0.5729114
412359232.0 0 1808.8668466128743 0 0.0006448805
229611301.0 0 1812.3447580789846 0 0.0021972
240770097.0 0 1805.5147613753832 0 0.00019696141
230086115.0 1 1800.4897455976186 1 0.9999843
292058043.0 1 1799.3491643846442 1 0.9999976
346627004.0 1 1810.2454550498205 1 0.99976426
13363403.0 0 1805.2648968836431 0 0.00011628801
309126202.0 1 1798.2446461446016 1 0.99997574
264252568.0 0 1808.8450049679384 0 0.000906659
10868208.0 0 1808.9106004503508 0 0.0003512944
54265677.0 1 1799.9310725940572 1 0.99898756
445361290.0 0 1812.8060827133231 0 0.0013311026
264897135.0 0 1805.2004633105157 0 0.0023372953
359312949.0 0 1805.4681219230467 0 9.911134e-05
367532344.0 1 1805.4946453328823 1 0.9997237
321598171.0 1 1795.5126156473918 1 0.9999979
240882665.0 1 1805.619170841448 1 0.99994063
321684196.0 0 1808.991630337613 0 0.0001865277
63782213.0 1 1797.4120406995773 1 0.9996626
201111651.0 1 1795.1827564237838 1 0.9999996
224596196.0 1 1795.6763235352375 1 0.99673104
348025858.0 0 1812.3485162021618 0 0.00088525855
341816088.0 1 1806.0306427028863 1 0.9999982
353937836.0 0 1794.4062572934542 0 0.0026533485
219099780.0 1 1810.4486027179025 1 0.9999998
219092927.0 1 1810.323411334179 1 0.99992627
249945361.0 1 1799.4323833927222 1 0.99995583
366587671.0 1 1810.5544726570056 1 0.9999987
289263532.0 0 1808.8681987772934 0 0.0005244471
245700119.0 0 1805.202756759015 0 0.0005020816
399588188.0 1 1810.3893586741972 1 0.9998134
259100944.0 0 1808.8449011767063 0 0.005549486
251201370.0 0 1808.8486680539017 0 0.0009440977
71930893.0 1 1794.3899767886317 1 0.99999034
159539998.0 0 1812.3867875890778 0 0.0009995413
301566719.0 0 1808.8488165168494 0 0.0058357297
322261825.0 0 1805.2209659381385 0 0.0012740655
177995000.0 0 1808.8494168340637 0 0.0035074763
192690272.0 1 1796.4742622044137 1 0.99916196
81451527.0 1 1796.0771653608413 1 0.99986166
348311663.0 1 1810.348556034433 1 0.99996924
65356037.0 0 1808.8909299268457 0 0.004237674
67518987.0 1 1794.5784404559204 1 0.9999556
396527515.0 0 1805.2015556173994 0 0.00025674023
389913634.0 1 1805.8016777647783 1 0.9202854
423948083.0 1 1799.137833726592 1 0.9985637
445633103.0 1 1793.8484723157346 1 0.9999423
240892011.0 0 1793.3484872823176 0 0.0015467
219428871.0 1 1794.3018099931255 1 0.99998426
236760882.0 1 1797.1360516003633 1 0.9999979
240903642.0 0 1812.3482436084223 0 0.0006708781
22842245.0 0 1805.3079529055085 0 0.00097470253
292610590.0 0 1808.8489423004287 0 0.000849871
34622929.0 1 1796.308060083973 1 0.9994859
289043754.0 1 1805.7430394171206 1 0.99997145
316249661.0 0 1812.3904956754805 0 0.00021550103
390579628.0 0 1805.285557738841 0 0.001779766
10702178.0 1 1794.8272572386024 1 0.999997
338718899.0 1 1797.1382938717552 1 0.9983503
46616986.0 1 1810.5997912048824 1 0.56675667
368727477.0 0 1808.8891092396725 0 0.0001981551
316623566.0 0 1796.8277407324501 0 0.0007286793
403742640.0 0 1808.869638648235 0 0.00013822969
372349959.0 0 1808.8488371384374 0 0.000668922
255995855.0 0 1812.4495008802453 0 0.0004984623
237011192.0 0 1812.3449945364346 0 0.00060796033
366556362.0 0 1808.8878095728692 0 0.00022508281
428388736.0 0 1805.2032846900613 0 0.0020960923
230084677.0 0 1812.3440626176714 0 0.004363501
229948115.0 0 1805.2194714743025 0 0.0022647586
452883240.0 1 1795.347724978543 1 0.99995065
427649941.0 1 1805.4300409741702 1 0.999948
73486963.0 1 1796.8287014444725 1 0.9999986
160520703.0 0 1794.1982000208757 0 0.0012537254
427950161.0 1 1796.4926772061615 1 0.99999934
368738288.0 1 1797.0139989065 1 0.9999705
435362507.0 1 1811.0758181642188 1 0.99989754
453250707.0 0 1809.160694608739 0 0.002664917
256696297.0 1 1800.0980154859396 1 0.99999255
384983276.0 1 1810.1618535499144 1 0.9929364
428605931.0 0 1808.8679697950963 0 0.00045633307
201116684.0 1 1796.0576036007346 1 0.9999652
249940864.0 1 1805.5780500867393 1 0.9999996
348025785.0 0 1793.327690299408 0 3.5533372e-05
235954162.0 0 1812.3666369423092 0 0.00048974605
327789293.0 0 1805.223888783178 0 0.00014685246
354466165.0 0 1808.8693567868706 0 0.0005487441
367423172.0 1 1805.8462586143369 1 0.9999988
229497381.0 0 1812.344550333564 0 6.0022914e-05
272784070.0 1 1793.3022425213771 1 0.9999436
395521835.0 1 1810.3472954998872 1 0.9999166
67634988.0 0 1808.8493552239545 0 0.001193268
219897695.0 1 1797.6360183598092 1 0.99995106
422451468.0 0 1808.8874134990522 0 0.0007248586
444078430.0 0 1796.8278648011428 0 0.0012107533
279288205.0 0 1808.8676085783059 0 0.00064396515
249830333.0 0 1812.348714159969 0 0.00086523086
345782594.0 1 1805.61808853697 1 0.9993088
137205513.0 1 1794.1385318699654 1 0.9999458
401494592.0 1 1811.4718721571746 1 0.9999926
235686198.0 1 1810.865873292135 1 0.99855644
264172903.0 1 1797.178391345999 1 1.0
129903219.0 0 1809.1200315632611 0 0.0027255022
291890860.0 0 1796.786551919504 0 0.0011899706
285681305.0 0 1805.3688369722336 0 0.00024506016
249921263.0 1 1806.1613207231694 1 0.9999983
68002143.0 1 1798.036894581713 1 0.9993129
237293455.0 1 1796.0120937207416 1 0.9999434
241125585.0 0 1808.8694098877238 0 0.0069592595
192317597.0 0 1812.4949946799588 0 0.0018505238
269667140.0 1 1799.1160479933037 1 0.9999967
424438076.0 0 1812.552529848119 0 0.00024952402
229474843.0 0 1805.2195465785946 0 0.0054742177
245390572.0 1 1811.2236420038835 1 0.99999887
368738288.0 0 1808.8473502639392 0 0.00083892536
445368635.0 0 1805.5146629793833 0 0.00090779574
250867463.0 1 1794.1405224430393 1 0.9999986
83343204.0 1 1811.2431844923672 1 0.9999934
219810107.0 1 1805.7813627539756 1 0.9993178
376994775.0 0 1805.1981637233494 0 0.00023177634
428747635.0 1 1798.0757406555094 1 0.9999961
283344958.0 0 1812.8685332551122 0 0.00012524708
418256655.0 0 1805.4709232720475 0 4.1039835e-05
436848526.0 0 1805.3705414882031 0 0.00027359225
450009479.0 0 1805.535409306388 0 0.00020545698
235713902.0 1 1805.720300759498 1 0.9997271
433140578.0 0 1805.4953173170088 0 0.00087705743
28693825.0 1 1810.1197856049407 1 1.0
101407235.0 1 1794.6621254782451 1 0.9997895
201181969.0 1 1795.5992437550963 1 0.99999934
331607710.0 1 1806.3063292782365 1 0.99999046
316047081.0 0 1808.84879051636 0 0.0006889373
376408914.0 1 1811.2838371716414 1 0.9999987
417339069.0 1 1795.3684171140608 1 0.9999419
237210250.0 1 1793.9703407291984 1 0.99316907
275362451.0 1 1795.180316086632 1 0.99974674
322346243.0 0 1812.3486599876426 0 0.0005462814
116141144.0 0 1809.2863843104772 0 0.0005374813
264728694.0 1 1798.7651944934507 1 0.99997306
354109094.0 0 1812.7021415981808 0 0.0014056017
233571443.0 1 1799.2817157184852 1 0.99878085
265204271.0 0 1805.2026206609041 0 0.0048025683
351553757.0 0 1812.3472161028978 0 0.0017776908
389970188.0 0 1805.3229320693272 0 0.0010076604
286177742.0 1 1794.9121207369587 1 0.99998534
322390336.0 0 1796.825301933777 0 0.00078972
192590256.0 1 1798.1408428871873 1 0.9826389
422384169.0 0 1805.241189657446 0 0.00096601405
347688471.0 0 1793.3901273424158 0 0.0007942686
302160540.0 1 1798.5990677730306 1 1.0
321600484.0 1 1799.5739815751954 1 0.99998957
192558373.0 0 1812.3493477464774 0 0.0031781604
398156989.0 0 1805.3475952392866 0 9.3840354e-05
356056062.0 1 1810.8860454185894 1 0.99999136
387528535.0 1 1810.9288037401855 1 0.9979106
418372588.0 1 1797.388480070186 1 0.9998465
284889425.0 1 1797.0098108462705 1 0.9991765
82618423.0 1 1795.3690835583277 1 0.9999665
453185259.0 0 1809.3064724547064 0 0.0010288244
264077432.0 1 1797.7831841162251 1 0.999933
402810602.0 1 1795.8476042080117 1 0.99999934
373695206.0 1 1799.1187836136257 1 0.7428229
35082807.0 1 1796.1414114928434 1 0.99997175
71741380.0 0 1793.1401818927127 0 0.00014139207
235978781.0 1 1797.470548744032 1 0.9929169
357678363.0 0 1808.9729001142532 0 0.0026550097
452961054.0 1 1798.4313759595912 1 0.99999374
354288232.0 0 1812.346500543567 0 0.00033705114
347946105.0 1 1799.452608968592 1 0.9999941
359339341.0 0 1812.3888441839788 0 4.8922546e-05
73623909.0 1 1794.0786996738505 1 0.9987496
369352998.0 1 1798.930812286843 1 0.99998146
278855364.0 0 1805.2851677040535 0 0.00057748565
362219454.0 0 1808.8873074495718 0 0.001116495
283251929.0 1 1794.6185308610097 1 0.99983
201300054.0 1 1797.2660862833388 1 0.9999998
301994288.0 0 1809.140496968857 0 0.0012240852
377255243.0 0 1794.406727609353 0 0.00096190453
198159522.0 1 1795.3432730471045 1 0.9999998
207402722.0 1 1794.176249480459 1 0.99967587
35200562.0 1 1797.6413482525443 1 0.99645334
445410590.0 0 1793.1398711361971 0 0.0011040238
63626295.0 0 1809.0368464938795 0 0.007053719
65159476.0 1 1793.43235000187 1 0.9972926
230131062.0 0 1808.844350307758 0 0.0012114893
252124251.0 0 1812.7019747296517 0 0.00041856497
192647436.0 1 1795.0784447128633 1 0.9977161
71688124.0 0 1805.5357137617284 0 0.0002717535
252143445.0 0 1812.6812478360962 0 8.259776e-05
434717882.0 1 1798.5968336559122 1 0.9992449
250601664.0 0 1796.640590185348 0 0.0005095437
407517568.0 1 1796.4715242228567 1 0.99999857
359256653.0 1 1796.6600096094382 1 0.99999535
272415400.0 0 1812.3677596269367 0 0.001476071
398308220.0 1 1799.1379465124282 1 0.9999979
264917481.0 0 1805.2028928659743 0 0.0020399117
34753451.0 1 1805.9539566516544 1 0.99979454
191773499.0 1 1794.3281080499553 1 0.9998592
403117926.0 1 1800.053601206956 1 0.9999831
12708463.0 1 1810.8881563738414 1 0.99999595
270015117.0 0 1793.4096327283746 0 0.000694076
420295661.0 1 1793.8477144186372 1 1.0
374479027.0 0 1793.14006912381 0 0.00011823683
241049173.0 1 1794.6404081080236 1 0.9989296
94548312.0 1 1798.4536217939583 1 0.9999969
407389500.0 1 1799.6595076872343 1 0.9999697
184590042.0 0 1812.7239784251258 0 0.0026475377
445300077.0 1 1798.3480810507576 1 0.9999935
229650991.0 0 1812.532657360543 0 0.0018543238
251702778.0 1 1794.161041291486 1 0.9999389
402442745.0 0 1808.8449876927034 0 0.00057949516
351958171.0 1 1811.0555969066772 1 0.9999999
250531946.0 0 1805.2029311399715 0 0.00038398925
319599158.0 1 1811.3266858249315 1 0.9999881
436870404.0 1 1796.495578419242 1 0.9996457
198413518.0 0 1797.9679992756546 0 0.0021621871
420295645.0 1 1810.1600107102988 1 0.9999775
264801594.0 1 1810.2860463152779 1 0.9995708
331714637.0 0 1809.1606869934624 0 0.0008624759
396344576.0 1 1796.6178265539993 1 0.9999417
353505793.0 0 1796.637650852345 0 0.0020052209
301266153.0 1 1798.7030498595327 1 0.9999953
201356318.0 1 1794.0158732418422 1 0.97679454
396028046.0 1 1797.7221279876337 1 0.99019647
118334690.0 0 1793.141385042446 0 0.0013895062
418218507.0 0 1808.9708923091619 0 0.002930246
422354492.0 0 1805.1995102597994 0 0.0003676332
423034236.0 1 1796.0151758707782 1 0.99999887
381583700.0 1 1794.8493070800066 1 0.9999983
275858205.0 0 1805.3268590250354 0 0.0048836675
407390845.0 1 1799.3052857882815 1 0.9999852
354541797.0 0 1796.6404026501957 0 0.0013639273
229496251.0 1 1794.1573403790874 1 0.9999988
431925339.0 1 1796.3699718589128 1 0.99998367
12415594.0 1 1795.8689899300405 1 0.99319375
403335736.0 0 1812.7016754162914 0 0.0003798098
259144034.0 0 1805.2241002249339 0 0.0008599837
279711204.0 0 1805.2009643404208 0 0.0020246885
331603658.0 0 1812.7437514605372 0 0.0022947865
117619327.0 0 1808.9532908710398 0 0.006278836
444492163.0 1 1793.3477130197832 1 0.9994151
436930306.0 0 1793.141373223944 0 0.0020590748
357746262.0 1 1797.1808851014111 1 0.99841607
444500656.0 0 1809.3269070638091 0 0.0033124653
279926110.0 1 1796.5356145697356 1 0.99943864
286315939.0 1 1793.8496918064664 1 0.9967456
235678217.0 0 1805.2200382019764 0 0.00035021314
302089547.0 1 1806.0782672143634 1 0.9999983
229443411.0 1 1797.9698299080194 1 0.9961653
395653848.0 0 1808.868115201762 0 0.00039621623
47518812.0 0 1794.4060778203632 0 0.0033950596
427866488.0 0 1808.8884754555781 0 0.0005389354
452963866.0 1 1797.618923846111 1 0.9999505
251459295.0 0 1793.3900163694523 0 0.0022592733
312682246.0 0 1812.6811964368549 0 0.0004854896
370602955.0 1 1805.2442480184816 1 0.9998958
54721478.0 1 1811.2437758259698 1 0.998922
243297793.0 1 1794.0319420145738 1 0.9999988
390165432.0 1 1796.6606370185843 1 0.9999986
326258980.0 0 1805.345082432527 0 0.00096938014
346781234.0 0 1805.2036934470311 0 0.0020053545
326632451.0 0 1805.2222426785152 0 0.00023677721
420552290.0 1 1796.1184471835427 1 0.9997596
284145168.0 0 1812.660056020607 0 0.00039449456
363810550.0 0 1812.3680071008573 0 0.0002031229
410773762.0 1 1798.9711652851604 1 0.999999
65358511.0 1 1810.120179575625 1 0.9999501
252841611.0 0 1805.2447807030312 0 0.0006619504
327364701.0 0 1812.6599371098798 0 0.0018673111
116611892.0 0 1808.8490515011092 0 0.0004375644
35014268.0 1 1810.5163889256744 1 0.9999931
270324183.0 0 1796.9095799717863 0 0.012226317
241027976.0 1 1794.890418170603 1 0.9999996
192466803.0 1 1794.2034042510734 1 0.99976844
137159262.0 0 1805.2013328800224 0 0.0017892009
387675673.0 0 1808.8871393924583 0 0.00042092058
311820958.0 0 1809.1810781020372 0 0.004092936
427867897.0 1 1810.7634303482 1 0.9998178
71691701.0 0 1796.6400022431467 0 0.0013644445
427519378.0 1 1798.1383584760874 1 0.9999998
285178066.0 1 1811.1826379413021 1 0.9999942
445356907.0 0 1812.701977170218 0 0.00012315795
138122604.0 1 1794.0161352304983 1 0.9999521
301331679.0 0 1796.8278968914558 0 0.0068327216
251430659.0 1 1798.431943672998 1 0.99996907
366068119.0 0 1808.846849924475 0 0.00025423153
316953722.0 1 1794.3275886370354 1 0.9999867
250720272.0 0 1805.2237253014769 0 0.00093475234
201112646.0 0 1805.537078690405 0 0.0016868456
305678997.0 0 1812.3453531802666 0 0.0023657132
241022632.0 1 1797.077690963448 1 0.9999823
334804299.0 0 1812.7835118565354 0 0.0012049112
240940049.0 0 1813.098149139567 0 0.00031488165
233233781.0 1 1796.4691717325559 1 0.99998945
359982726.0 1 1799.720145099496 1 0.99978054
275055370.0 1 1796.0554495591568 1 0.9999794
230380918.0 1 1796.219583649238 1 0.9999965
307117358.0 0 1809.18145914384 0 0.00031647462
240962467.0 1 1810.1607441969995 1 0.9999919
35117954.0 1 1797.5164205185292 1 0.99996835
46502622.0 0 1793.1413331334193 0 0.0034307598
85400817.0 0 1808.8496476091323 0 0.00321857
333803315.0 0 1808.9705430539673 0 0.00043541697
289622680.0 1 1794.343648531259 1 0.9993187
353173655.0 0 1808.9101491991396 0 0.008307262
353929217.0 1 1794.8704633362065 1 0.96579754
279726148.0 0 1808.910890433923 0 0.0011345234
368599330.0 0 1812.3468768678965 0 0.00052667863
186719960.0 0 1805.2245265755537 0 0.0009768849
441812532.0 0 1805.1987414586126 0 5.97492e-05
385555160.0 0 1805.5581003957702 0 0.0043515908
444439472.0 0 1809.201657464396 0 0.0012808747
230014869.0 0 1808.844596491313 0 0.0006899405
445558560.0 1 1793.931819143246 1 0.9999995
286409527.0 0 1808.9316203870205 0 0.001549312
117327185.0 1 1795.0781398930114 1 0.99999374
427383588.0 0 1805.2007539934887 0 0.00020196724
52260867.0 0 1809.20202157667 0 0.0003404566
305430833.0 0 1796.7649379473291 0 0.0019136937
370430421.0 1 1794.1190667387446 1 0.9999925
14038149.0 0 1808.952493209236 0 0.0008005626
233501988.0 0 1805.219348499938 0 5.0396506e-05
375719362.0 1 1794.096466277906 1 0.99999946
445311096.0 0 1809.1812996278225 0 0.0005802844
305047853.0 1 1795.4941391488187 1 0.9999496
184588451.0 0 1796.641028592577 0 0.0017422207
237293896.0 1 1797.5329660030354 1 0.4591331
421683849.0 0 1809.2018829353556 0 0.00036457184
279670446.0 0 1808.8678203731079 0 0.0013676254
289723597.0 1 1805.6140388865747 1 1.0
312142585.0 1 1796.2647419349273 1 0.99999976
400814245.0 0 1805.306441550336 0 0.00023120691
264897914.0 0 1793.137800674176 0 0.00055622694
264915759.0 1 1795.348681134689 1 0.99999386
432046871.0 0 1805.3075783693498 0 0.0016643695
444495288.0 0 1812.8267821334416 0 0.00033231205
184659682.0 1 1795.4742548415004 1 0.9980055
229510813.0 0 1808.8655870076504 0 0.0008711991
229605375.0 0 1812.3659442891935 0 0.0008097865
285506890.0 0 1812.3485441078633 0 0.0010432488
357048961.0 1 1805.65611773546 1 0.9993274
235685605.0 1 1798.199278739364 1 0.99999636
370269511.0 1 1795.4316795647726 1 0.99996746
11158635.0 0 1797.8482412007604 0 0.00068555993
445632761.0 1 1797.1401707018151 1 1.0
308529167.0 0 1812.4733631041038 0 0.003156085
402977148.0 0 1808.8467587322523 0 0.002047139
237209648.0 0 1812.387030184983 0 0.0011709199
417843514.0 0 1793.1410760691151 0 0.0019555907
347681653.0 0 1805.2028292138689 0 0.0009788788
326856571.0 0 1808.8903329130146 0 0.001291288
435355173.0 1 1798.61775535469 1 0.99965686
284316014.0 0 1809.2017300724362 0 0.00012676991
252101423.0 1 1799.9939082155552 1 0.9998434
116849798.0 0 1812.3907739737292 0 0.0033624105
312466656.0 0 1809.1813337099898 0 0.00056725973
22739283.0 0 1809.0162195626558 0 0.0024437949
198279732.0 0 1808.9060180666631 0 0.0034344397
299492988.0 0 1808.8877183345564 0 4.5755787e-05
354160716.0 0 1812.3899398176789 0 0.0013977834
444113917.0 0 1808.8901922718978 0 8.196191e-05
52341315.0 0 1796.6393738723007 0 0.0017688257
46428036.0 0 1805.578972804701 0 0.0052060476
332802700.0 1 1795.4942004960233 1 0.99999845
72084719.0 1 1796.619078464063 1 1.0
396533038.0 1 1799.2014134990152 1 0.99997896
251650602.0 0 1808.8485560054273 0 0.00047333227
387563791.0 1 1798.3456249112314 1 0.9999997
422827667.0 1 1798.5324823138353 1 0.99999994
265188499.0 0 1796.9095975778687 0 0.00091318786
275186724.0 1 1810.7219498485981 1 0.999997
351606357.0 1 1796.8263606428707 1 0.9957977
354046724.0 1 1797.1377202676367 1 0.99999934
445245390.0 0 1809.2020277832623 0 0.0014528952
292274351.0 1 1798.0573041484656 1 0.9999981
203037041.0 1 1797.515810255277 1 0.99999845
327606180.0 0 1805.2030341162224 0 0.0012457917
387675673.0 0 1805.2413682784438 0 0.0004811365
200935514.0 0 1793.140857361707 0 0.0026386557
376298461.0 1 1800.1185365235378 1 0.99999917
444334200.0 1 1793.8894022378788 1 0.9989774
403751764.0 0 1796.639881864451 0 0.0013021402
428208284.0 1 1811.1824118572224 1 0.99986404
403691682.0 1 1794.6819875764209 1 0.99986905
268378643.0 1 1805.7414725117358 1 0.9999989
368889209.0 0 1797.1598506230528 0 0.0010352343
116218054.0 1 1794.3489718992653 1 0.99994546
364179456.0 0 1805.2623231184732 0 0.0004049669
403117926.0 0 1808.8451623367382 0 0.00017110886
445560130.0 1 1796.3485405448234 1 0.9999963
50607892.0 1 1795.7232221781512 1 0.9999742
332872308.0 1 1797.535871825525 1 0.9998102
118389968.0 0 1812.453577126554 0 0.0016566379
354253718.0 1 1796.8070014963373 1 0.9999917
452913014.0 0 1793.139720410383 0 0.00030384524
83142000.0 0 1808.8681367545437 0 0.000122013575
236759538.0 1 1797.4900197594652 1 0.9991389
116374908.0 0 1809.07825266187 0 0.00084448385
387763343.0 1 1797.0331879989014 1 0.9999895
309235372.0 0 1812.3901055692636 0 8.017068e-05
252860768.0 1 1799.0154613117672 1 0.9999623
265390268.0 0 1808.8456578659282 0 0.00045177512
327396263.0 1 1797.8698209505317 1 0.999482
82560838.0 1 1797.1604561416725 1 0.99997216
285424819.0 0 1809.202838570039 0 0.0020144936
229446898.0 1 1794.8446836193975 1 0.99995834
192252686.0 1 1798.7659859185526 1 0.9996694
238802411.0 0 1793.140909947331 0 0.0018117462
229977698.0 1 1795.2196074185551 1 0.9998411
452882061.0 0 1805.514199998922 0 0.0011154483
289139323.0 0 1800.3056750257995 0 0.0030664534
28875006.0 1 1798.5163858636536 1 0.9999612
445308298.0 0 1809.1813475819283 0 0.0013397761
245499939.0 0 1805.2027680512908 0 0.001132336
362260536.0 1 1810.115814303329 1 0.999984
376843726.0 1 1799.3881899289324 1 1.0
337001974.0 1 1794.117354503171 1 0.9999996
433283420.0 0 1796.641102694711 0 0.0011788623
250866926.0 0 1805.2238786373523 0 0.0005266768
232984664.0 1 1795.1143569485755 1 0.9999803
238793257.0 1 1794.7866178136107 1 0.9998637
81681682.0 1 1795.5564580350301 1 0.99937457
399202034.0 1 1795.2023091458302 1 0.9999953
219791854.0 0 1805.1981382827419 0 8.78793e-05
375081930.0 0 1812.3484100635098 0 0.00041357227
49718546.0 1 1796.1398152740278 1 0.9999823
196739142.0 1 1795.327865266938 1 0.9995589
139374736.0 1 1798.1826781628947 1 0.99999833
279441950.0 0 1812.5559761606 0 0.0037399908
256925930.0 0 1805.2199521105547 0 0.00027463713
331325154.0 0 1809.3270943046186 0 0.0031441867
230380918.0 0 1808.844467868497 0 0.0004507545
445488829.0 1 1799.4319294589238 1 0.99999607
139463633.0 1 1796.807736916916 1 0.9998372
351538646.0 0 1808.8682031626383 0 0.0013756669
245723918.0 1 1810.431786037172 1 0.9980277
400505163.0 0 1796.6400219813333 0 0.0026768274
258954643.0 0 1805.2197059811958 0 3.5548488e-05
333783724.0 1 1797.3872131255105 1 0.9995604
293127200.0 1 1811.5156127696491 1 0.99984765
139431605.0 0 1805.4952648696649 0 0.0012210982
399197082.0 0 1812.473259043681 0 0.13646802
53800027.0 0 1805.6812296864673 0 0.0021765241
233738083.0 0 1812.3441402022495 0 0.001466124
332814610.0 1 1795.4106555065684 1 0.9999964
287151482.0 1 1796.0310200392366 1 0.9999739
272415400.0 1 1796.8054930479786 1 0.9999653
252109307.0 1 1793.931647499042 1 0.9999959
312252628.0 0 1809.2019409906345 0 0.002021857
445563048.0 0 1808.869390549511 0 0.0012559353
377068335.0 0 1793.4091058748525 0 3.151802e-05
240995323.0 0 1808.8484653980927 0 0.00059667474
117028823.0 0 1805.2031931116148 0 9.90913e-05
368730227.0 0 1796.9099064959935 0 0.0017904567
184680906.0 1 1810.1407267439515 1 0.99997556
291888805.0 1 1810.20296081761 1 0.9999256
381732587.0 1 1797.6826950564114 1 0.9896419
71980557.0 0 1805.2026209722007 0 0.00040846074
428460631.0 0 1805.2866424168824 0 0.0029664484
138117383.0 1 1796.2870621940701 1 0.99998677
283251783.0 1 1793.7018627186003 1 0.9999984
65202284.0 1 1798.2866582266104 1 0.9999122
327361569.0 1 1795.514537230111 1 0.99998164
233612242.0 0 1812.3441181012063 0 0.0028829789
332152659.0 0 1812.6605475905685 0 0.0009634772
203105437.0 1 1793.4950811582353 1 0.9996791
235938869.0 0 1812.3663593595495 0 0.0033913637
289583047.0 0 1800.176656529546 0 0.0031534787
445666747.0 1 1799.1817769261575 1 0.99999946
372189172.0 1 1798.8278631115722 1 0.9999287
367079240.0 1 1805.49165309122 1 0.99469906
331793189.0 1 1795.034280362686 1 0.9999946
233193894.0 0 1794.1982961153446 0 0.00029828647
377159956.0 1 1805.635568503442 1 0.99999636
431768929.0 0 1805.2659360595205 0 0.0007777625
293127200.0 0 1793.1406891111692 0 1.4175052e-05
353853561.0 1 1811.0519043826723 1 0.9999933
94542690.0 0 1812.766432232144 0 0.0017457862
270811822.0 0 1812.3885581670634 0 0.0015661096
292695766.0 1 1806.036526297113 1 0.9999936
326972582.0 0 1812.3903166332095 0 0.0010284195
240957101.0 0 1808.89000949449 0 0.0009443663
408891476.0 1 1798.2211329583383 1 0.99999887
370950181.0 0 1805.2235130357171 0 0.0018388412
271749807.0 0 1805.2430183628983 0 8.226432e-05
245391330.0 1 1805.4111529337376 1 0.99719787
83723784.0 0 1808.8473382042891 0 0.0004522723
14045089.0 0 1808.9107006442898 0 0.0016211625
441734844.0 1 1796.3653268398293 1 0.9999995
399762535.0 0 1812.34705557428 0 0.00061751815
450128755.0 1 1799.3486427197413 1 0.9999956
271912478.0 1 1797.1389429174665 1 0.9995693
377973762.0 1 1799.3469221331181 1 0.9999905
289269714.0 1 1810.3262185045126 1 0.9998768
367838290.0 0 1808.8447856196947 0 0.00036326738
395769189.0 1 1810.909860613884 1 0.9993428
354117541.0 1 1797.2419191507113 1 0.99991506
269708304.0 1 1795.0762752984265 1 0.999995
288633162.0 0 1813.0538027987232 0 0.010103941
10867335.0 0 1812.431389730308 0 0.0002885553
252145274.0 0 1809.202134335787 0 0.0018120878
316246858.0 1 1796.6402144906099 1 0.99998486
264546305.0 1 1794.6792075307417 1 0.9999986
402204433.0 1 1795.3491948834603 1 0.9999762
270065787.0 0 1805.6412875306294 0 0.0027207849
354643553.0 0 1796.8905244495406 0 5.662712e-05
359034933.0 0 1793.4100322414301 0 0.0004170515
445513724.0 0 1793.1400701061343 0 0.00012753389
390660986.0 1 1810.473360656921 1 0.99996775
230011156.0 0 1812.3859655609338 0 0.00047915222
279191045.0 1 1799.076902095606 1 0.9999251
240964770.0 0 1808.8483506108732 0 0.0021372265
292058320.0 1 1810.4947946900409 1 0.99998987
82981337.0 0 1812.6805484627453 0 0.0012691789
396606311.0 1 1810.3891891258495 1 0.99946666
331718137.0 1 1811.0980985175854 1 0.99999964
301639841.0 1 1811.390658562957 1 0.99999774
232601695.0 1 1805.8438486706914 1 0.9999797
271344174.0 0 1793.40982328291 0 0.00061681314
366077287.0 1 1796.451254507949 1 0.9995648
65488320.0 0 1805.265983852783 0 0.0032035613
427846146.0 0 1796.909511669442 0 0.0010394531
63791013.0 1 1797.0161598470827 1 0.99986655
302236716.0 0 1812.3487750146533 0 0.00032176278
319841362.0 1 1796.806326593808 1 1.0
403627005.0 0 1812.3900929778488 0 0.002021701
420108114.0 1 1810.3450688881169 1 0.9998533
348136441.0 1 1795.577666168915 1 0.9999646
288497796.0 1 1810.4741933869493 1 0.9995038
126023935.0 1 1796.9537708422502 1 0.99571747
268849947.0 0 1812.3675138498402 0 0.00029394065
321821691.0 0 1808.845772668918 0 0.0027630972
400333648.0 0 1808.8471165576839 0 0.0015556181
364186291.0 0 1812.4914144560014 0 0.0038602836
406518264.0 1 1805.9499264655403 1 0.999998
279762020.0 1 1795.6604921219705 1 0.99921745
353882327.0 0 1805.2243107936943 0 0.00040266334
34977849.0 0 1809.1830726720143 0 0.0013344936
348506671.0 1 1794.9734873500738 1 0.99998945
269662631.0 1 1799.2202929186633 1 0.99998176
233617131.0 0 1808.844414780825 0 0.00029284527
68152527.0 1 1810.1618872816548 1 0.9999955
365942256.0 0 1805.2218293771793 0 0.000110345274
379609130.0 1 1795.639090851684 1 0.999723
407429103.0 0 1800.3053113734054 0 0.0002702871
332377663.0 0 1812.7021949314992 0 0.99999917
337286503.0 0 1808.8670939388956 0 0.00046201068
117401886.0 0 1805.22403028352 0 0.00054809824
375653671.0 1 1796.3255090091268 1 0.9996937
410773652.0 0 1805.2210417271895 0 0.0004210857
403256913.0 1 1795.4102586996175 1 0.99994123
405491068.0 1 1796.7454954789255 1 0.9962513
353381540.0 0 1797.8475371166005 0 0.0007187709
384811988.0 0 1808.8485231424995 0 0.0017628832
245556881.0 0 1805.202858528187 0 0.0014327583
251387790.0 1 1805.6402711511432 1 0.99999374
320280832.0 1 1800.2437669252568 1 0.9996776
316629077.0 0 1812.3905486624992 0 0.00074875826
353808537.0 1 1811.4473157287478 1 0.9983099
422386791.0 1 1797.783313527546 1 0.9999996
301994288.0 1 1805.5155074755403 1 0.9999596
308287122.0 1 1799.4112520614412 1 0.998822
230377874.0 1 1798.552572540826 1 0.9991963
401326744.0 1 1798.325929634045 1 0.99999654
199714030.0 0 1812.343007979591 0 0.00033144985
28677372.0 0 1809.1198088522522 0 0.0013909162
320387028.0 0 1796.6811955036737 0 0.0013335687
385445253.0 1 1794.2004615320516 1 0.9999764
250861781.0 0 1805.2030848083132 0 0.0028658488
364074339.0 1 1811.449772885075 1 1.0
12223216.0 0 1805.264958682718 0 0.0014792137
312779937.0 0 1809.2020916663212 0 0.0014101282
428118911.0 1 1794.9115300571464 1 0.9999434
368893419.0 0 1805.2223566634912 0 0.00021697598
359554876.0 1 1797.6977911450795 1 0.9998584
240701287.0 0 1793.1398875260643 0 0.00054399256
279067445.0 1 1793.8268099704421 1 0.9832862
240943389.0 1 1796.2859741694012 1 0.9998916
264077911.0 1 1793.9289923269266 1 0.9992308
389772196.0 1 1795.1605909639031 1 0.99886966
374481448.0 1 1811.1817380947257 1 0.99997985
233629196.0 0 1805.2401239404337 0 0.00014257536
275603017.0 0 1805.1999002493626 0 0.00053499953
229618363.0 0 1805.1993249122063 0 0.0007752581
331782770.0 0 1812.7020885291488 0 0.0010722359
191704569.0 1 1810.4944127564418 1 0.999999
250607560.0 0 1812.3486001888546 0 0.0020299815
423928432.0 1 1811.2619397257008 1 0.9999344
424438076.0 0 1805.4067521895586 0 9.3839364e-05
364075691.0 0 1808.8871598093401 0 0.0015887357
403689697.0 1 1810.2653008110185 1 0.9999746
65281295.0 1 1796.5366186953736 1 0.99909633
250586032.0 0 1812.3695939307127 0 0.00035803858
194854202.0 0 1805.2661631709818 0 0.0020379596
65287866.0 0 1812.41186900043 0 0.0034399307
353604021.0 1 1796.8476851923886 1 0.9998337
178040892.0 1 1795.4953455126424 1 0.99999815
396554866.0 0 1812.6199811391302 0 0.0014606196
390399845.0 0 1808.8484483986433 0 0.00272732
251231553.0 0 1808.8485554629017 0 0.00094738975
256583918.0 0 1805.2418778479134 0 0.0007362223
275420983.0 0 1793.325090454353 0 0.00013378884
374605557.0 0 1805.285803242205 0 0.00039899835
397283958.0 1 1800.222939611699 1 0.9999942
387809787.0 1 1793.5957522527726 1 0.9999785
241082413.0 0 1808.8904496625516 0 0.00015236203
229606711.0 0 1808.844858108603 0 0.0011744826
345915846.0 1 1799.6400149718756 1 0.9999806
396265575.0 1 1794.2430705155778 1 0.9998165
406680218.0 1 1796.346786004596 1 0.9999998
256384489.0 1 1795.2824440291722 1 0.99980485
332687102.0 0 1809.3065734233082 0 0.0021540034
372389869.0 1 1793.637947910628 1 0.99999136
378588478.0 1 1797.9719722900131 1 0.99999374
379604231.0 0 1794.3476600356319 0 0.0021749858
130156535.0 0 1809.1409438314206 0 0.0036487475
374475282.0 1 1797.8483361147782 1 0.99997663
13214018.0 0 1805.2216908156558 0 0.0024021515
289385086.0 1 1798.0141033546338 1 0.996197
453205176.0 1 1796.5774280851504 1 0.99992377
368515150.0 1 1794.8681991346928 1 0.9999228
21228448.0 1 1798.3434886570462 1 0.99997675
347492507.0 1 1797.1824769055265 1 0.9984106
21124393.0 0 1812.3848095290534 0 0.00028569112
116891017.0 0 1812.3488642216628 0 0.00049677154
258628143.0 0 1808.8870417433275 0 0.0010609522
408682037.0 1 1798.9926009143867 1 0.99987674
52034693.0 0 1805.5352169254577 0 0.00021966668
259882992.0 0 1808.8455623462758 0 0.0024812722
201239488.0 0 1805.2869872207434 0 0.004474005
406679046.0 0 1805.2425851056669 0 0.0005905945
308618427.0 1 1796.3069065198226 1 0.99999547
192464679.0 1 1796.8491947921043 1 0.9998307
192423066.0 0 1805.390867049838 0 0.0026346433
436881455.0 0 1809.0996716976128 0 0.0018796086
445350626.0 0 1809.2021607126703 0 0.00060608995
284083936.0 1 1797.3078688420876 1 0.99998826
445228074.0 1 1796.1604665801287 1 0.9999933
50050546.0 1 1795.5770845804714 1 0.9999972
354152498.0 1 1810.2859014775522 1 0.99999917
434723934.0 0 1812.3465709075836 0 0.00083899254
139532804.0 0 1805.4743309373707 0 0.0005647609
259269325.0 1 1811.2198288486886 1 0.9999921
376197050.0 1 1799.4100038471079 1 0.99994314
359441382.0 0 1812.6807066803476 0 0.0025068389
255993442.0 0 1805.1994897644222 0 0.00086266204
408896648.0 0 1808.8875700067613 0 0.0007102953
77321254.0 1 1795.3080030808549 1 0.99999416
431870216.0 0 1793.1407334780522 0 0.0035213798
265201832.0 1 1797.2025957503774 1 0.99999934
378283890.0 0 1805.2013875310652 0 0.0008274035
445641309.0 0 1805.2028731812347 0 0.0006267148
417764939.0 1 1798.7841055630297 1 0.9991228
444754389.0 0 1809.202258121336 0 0.0007252711
201363790.0 1 1805.724484250266 1 0.99818516
422426616.0 1 1799.1999806692313 1 0.9999794
354833741.0 1 1796.3060120640012 1 0.9999922
230133460.0 0 1805.1982152658284 0 0.00016762558
312680360.0 0 1812.6812247187233 0 0.0017247923
250722413.0 1 1793.890315236815 1 0.99999964
395944878.0 0 1805.2012893923593 0 0.0008948659
90645490.0 1 1796.1411898189267 1 0.99998915
319716802.0 1 1795.3479180517816 1 0.999998
357678363.0 0 1812.4728891157847 0 0.0025130385
20805612.0 0 1808.9533613124086 0 0.0015719465
431770990.0 0 1808.8700634598358 0 0.003468122
230083123.0 0 1796.6772821839995 0 0.0005182993
65574779.0 0 1812.3701824280106 0 0.0017607145
302077929.0 0 1808.8488772707517 0 0.0031882902
186937670.0 0 1805.557624544398 0 0.0026456132
259248402.0 0 1808.8697994047827 0 0.0030280007
441738038.0 0 1808.8447816220196 0 0.0009205083
77262080.0 0 1808.9120828802402 0 0.0013273982
431767523.0 0 1793.140743926561 0 0.0026447303
302141157.0 1 1799.2032632888577 1 1.0
219099780.0 0 1794.1985512230556 0 0.00048129522
284599257.0 1 1794.3475401758512 1 1.0
359312949.0 1 1796.8432206475193 1 0.999873
200772795.0 1 1805.5161331207164 1 0.9998869
379164948.0 1 1805.7016247912861 1 0.99996555
63466196.0 0 1809.1825476185036 0 0.001765434
249834355.0 0 1808.8697086852544 0 0.000923775
288533608.0 0 1809.1200190301586 0 0.0033674287
237232810.0 1 1794.1787425789828 1 0.9998511
288318622.0 0 1808.8663650672604 0 0.002762091
347690442.0 1 1794.8275965863027 1 0.99993974
283027755.0 0 1812.3680499135926 0 0.000391574
50118192.0 0 1812.410703346208 0 0.0020349296
377973597.0 0 1812.3675099328173 0 0.00090119254
194854749.0 1 1810.5370271401384 1 1.0
285466374.0 0 1805.4120304084151 0 0.0003383773
264614791.0 1 1797.4318518812252 1 0.9999991
258775864.0 1 1797.7822892781544 1 0.9999815
410736506.0 1 1797.8696980002717 1 0.99996
396471469.0 1 1798.9095984762641 1 0.9999898
427930656.0 1 1795.7845350882321 1 0.9999999
445248036.0 1 1799.410484424085 1 0.9999835
94371127.0 0 1796.6410942592338 0 0.0019128241
445608162.0 0 1808.8694878261363 0 0.00022613686
400894508.0 1 1794.5771337364258 1 0.999748
368591185.0 1 1796.5138346821977 1 0.99991494
201377730.0 1 1797.2242332147957 1 0.9999928
385341834.0 0 1812.348786046941 0 0.00041430644
400612609.0 1 1795.8068150416266 1 0.9999964
269412448.0 1 1811.3884441118098 1 0.9999678
288672953.0 1 1805.4494953473304 1 0.99997205
327450977.0 1 1793.4104044257233 1 1.0
379483266.0 1 1798.4933558249977 1 0.9999981
201303091.0 0 1796.640955502362 0 0.001273218
301416430.0 0 1805.2029162394426 0 0.00024495483
139535266.0 1 1797.9120095738597 1 0.9999568
251714102.0 0 1796.8275105486666 0 0.0010981315
331516361.0 1 1794.9940376676934 1 0.9998914
418140600.0 1 1799.305727005506 1 0.99903816
331866906.0 0 1808.9719897377815 0 0.0017841494
237102372.0 0 1800.364434787073 0 0.0016717495
160618937.0 1 1798.9904476281529 1 0.99999475
198361834.0 0 1793.176475325053 0 0.0015134305
283144397.0 0 1812.7017584145124 0 0.004738494
272330171.0 0 1793.409807789995 0 0.00035314425
288600444.0 0 1805.2412030073008 0 0.00073207624
326630427.0 0 1812.3471149643249 0 0.0006067294
126027166.0 0 1809.2454800453238 0 0.0017943248
367463317.0 1 1797.1613647926465 1 0.9999208
49941084.0 1 1796.8273601190301 1 0.9999241
265389051.0 0 1796.8276544108428 0 0.0008104407
320272629.0 1 1796.3480274090732 1 1.0
370697248.0 0 1805.514983661605 0 0.001306984
390019727.0 0 1794.406150006868 0 0.0012507996
312257532.0 1 1796.5770464299926 1 0.9989799
403394718.0 1 1796.8895914916388 1 1.0
288624453.0 1 1798.5783100716021 1 0.99999946
199549440.0 0 1800.1766097445657 0 0.0051385527
137886126.0 0 1800.1413952428782 0 0.0013696555
436849953.0 1 1806.2663065922236 1 0.99988943
279266421.0 0 1805.222441573931 0 0.0001682942
250661165.0 1 1795.7446746387973 1 0.99998677
297819072.0 0 1808.9101611874605 0 0.0032336863
405430735.0 1 1793.9330372377572 1 0.99998677
90694177.0 1 1794.1411614249787 1 0.999987
117314464.0 1 1810.286473949273 1 0.99997854
13844534.0 0 1812.4314288820287 0 0.00046987616
250969124.0 1 1797.2863141783118 1 0.9999993
444355382.0 1 1796.055992964554 1 0.9999694
348234290.0 1 1795.3902014241908 1 0.9999975
288611323.0 1 1799.6576748129874 1 0.999999
445630982.0 0 1793.3275854833398 0 9.829717e-05
187030106.0 1 1798.2452150236559 1 0.9999451
83046167.0 1 1811.3889278095196 1 0.9976253
401088630.0 1 1810.2444484013868 1 0.995303
278923875.0 1 1798.4727389501345 1 0.999897
427473464.0 0 1812.3881975512763 0 0.0015666501
139404880.0 1 1795.8076902662438 1 0.9998377
251278457.0 1 1805.8071211436193 1 0.9998974
252865941.0 0 1812.390751551133 0 0.0025085993
249886811.0 0 1808.890559573568 0 3.972415e-06
202927849.0 1 1793.8282814737076 1 0.99952763
241046656.0 1 1806.1818854317994 1 0.9999661
427444797.0 1 1811.1173394676982 1 0.99999505
94668322.0 0 1793.1409988612916 0 0.0018877893
241059614.0 0 1793.1401683136064 0 0.00028966332
405430735.0 0 1805.4748207600562 0 0.0034910382
353020190.0 0 1812.493505070302 0 0.0022464136
21227979.0 1 1797.3434489883246 1 0.99995
34750272.0 0 1808.8705548777077 0 0.0012038649
336543055.0 0 1805.2004634045725 0 0.00039682668
83218083.0 1 1811.4722024662424 1 0.9990467
255879260.0 0 1793.1394369994182 0 0.00015693282
302073435.0 1 1805.7031907369962 1 0.99999344
250603022.0 1 1799.4530363884562 1 0.9999969
13214018.0 1 1796.5135231431761 1 0.9997836
272228578.0 1 1798.4306904279454 1 0.9998239
275762966.0 1 1796.5766667478433 1 0.9999384
311934601.0 1 1794.8898469303701 1 0.99999976
237238823.0 1 1793.449586895105 1 1.0
54993535.0 0 1809.202177380654 0 0.0011526572
396162820.0 1 1805.2639361018378 1 0.99997866
268518486.0 1 1805.8676235858734 1 0.9997448
101304091.0 0 1812.7454583858512 0 0.0018359553
285541718.0 0 1812.7018629143552 0 0.0008989097
433500994.0 0 1812.5370360006066 0 0.000904776
28830046.0 0 1809.182268316092 0 0.0030023055
250799418.0 0 1808.890464218675 0 0.0010524994
388506340.0 0 1812.367227350688 0 0.003114045
407493498.0 0 1805.2012128820907 0 0.0010351731
452995303.0 0 1809.1810726411227 0 0.0012488164
311831093.0 1 1795.0979640592866 1 0.99999994
94605993.0 1 1800.3703927538916 1 0.99999934
377900716.0 1 1796.5137400532528 1 0.9999672
198360670.0 1 1797.3222246891664 1 0.99973243
402659092.0 0 1793.4077795532974 0 0.0006926839
418221469.0 1 1806.3042916284426 1 0.99968517
308120970.0 0 1812.3482990192044 0 0.0009077607
21132776.0 0 1808.953673390084 0 0.0029430955
362104664.0 1 1810.323521780199 1 0.99996525
250580072.0 0 1808.8694831936684 0 0.0010164692
139463870.0 1 1810.536811245802 1 0.999998
302078137.0 1 1794.2237928352943 1 0.9999939
265379820.0 1 1796.86955810032 1 0.9999799
196921585.0 0 1805.2444743442063 0 0.0009908718
321720499.0 0 1805.2208006236406 0 0.0007736584
301575691.0 1 1811.0364262241026 1 0.99999684
240969171.0 0 1805.202656078474 0 0.001532969
306188097.0 0 1793.1400498919443 0 8.696495e-05
237114243.0 0 1808.8432486377787 0 0.003402548
292721975.0 0 1805.5158388896014 0 0.0019161708
415961545.0 0 1808.869699824708 0 0.002199278
366382499.0 0 1796.8253009630687 0 0.0017546252
308956522.0 0 1812.3693098362503 0 7.528804e-05
355824233.0 1 1798.244384081334 1 0.999451
432046871.0 0 1808.9534556762776 0 0.0016647293
198413518.0 0 1794.405516865302 0 0.001934831
240815660.0 0 1808.8482434849318 0 0.002807274
372510824.0 1 1797.410056084034 1 0.9996278
199526211.0 0 1812.4477576403945 0 0.0005341188
284045395.0 0 1809.1599437776263 0 0.0011374538
285467081.0 1 1798.974650802942 1 0.99878234
445236558.0 1 1799.2439542358375 1 0.9999903
359593072.0 0 1808.88897458906 0 0.0022481403
338370730.0 1 1799.1382350247109 1 0.9978589
177912351.0 0 1808.932767005339 0 0.0028040546
252159372.0 0 1805.535632012515 0 0.0017598062
390464852.0 1 1797.9105945701203 1 0.99999994
387998687.0 1 1796.0332910651377 1 0.9998718
308877060.0 0 1805.2236297376442 0 0.0013401782
101216724.0 1 1796.9953647497296 1 0.9992666
308716542.0 0 1812.3693010474226 0 0.00044438674
229688549.0 0 1794.405932598462 0 0.0017899249
229701227.0 1 1811.2405427555211 1 0.9944819
389538863.0 0 1812.764592336639 0 0.039528947
445342657.0 0 1812.7020449283907 0 0.00029463816
445555125.0 1 1810.8067062674454 1 0.9999959
291882540.0 0 1793.140808316234 0 0.0032736452
240990984.0 0 1805.2025990288132 0 0.0020957603
343562954.0 0 1805.1995308843495 0 0.00016297479
250494958.0 1 1798.1612878480034 1 0.9999707
116410271.0 0 1805.2030460025783 0 0.0001201736
50360587.0 0 1808.9108286574408 0 0.0009569502
378764744.0 1 1795.1389084391271 1 0.99997777
94543883.0 0 1793.1410947374375 0 0.0021040007
199617093.0 0 1805.2597700126514 0 0.0016848833
28693825.0 0 1793.1409586525913 0 0.0013077293
455898357.0 1 1797.4091546280404 1 0.9999997
129685192.0 1 1793.286797780674 1 0.9999909
77543001.0 0 1796.7038453765117 0 0.00287961
327296784.0 1 1794.6197276340122 1 0.99999726
13454275.0 1 1810.681444222798 1 0.9999945
28909637.0 0 1800.1414438299998 0 0.0029034421
321546971.0 1 1800.137513162298 1 1.0
366830370.0 1 1793.9503495074634 1 0.99885714
374917633.0 0 1812.3484953856837 0 0.00080574304
415957476.0 0 1812.348799510119 0 0.000596627
101128203.0 1 1795.641264971843 1 0.9991897
374219745.0 0 1808.9521953629242 0 0.003726528
421306911.0 1 1799.0526922025465 1 0.9999312
52178333.0 0 1809.3685222215042 0 0.00041350923
327446804.0 1 1798.2227532367383 1 0.999995
331984288.0 0 1805.556352078103 0 0.00037200112
453161937.0 1 1796.556238039942 1 0.9999839
415974904.0 1 1793.557596866356 1 0.9996497
366717545.0 1 1797.8046330938198 1 0.99519295
421684975.0 0 1805.5146904519033 0 0.00055321853
229511624.0 0 1805.1989270463791 0 0.0013620557
177886801.0 0 1808.870293745171 0 0.0031945673
417667585.0 0 1805.2008081453112 0 0.0014761912
366759941.0 1 1810.7003741000185 1 0.999994
372339636.0 1 1797.3462864845335 1 0.9999982
373458532.0 0 1793.3052575897543 0 0.0002176936
445422322.0 0 1793.1398458808665 0 0.00052591483
186968146.0 1 1798.9951734252177 1 0.99995226
299437154.0 1 1797.2238375398965 1 1.0
256198836.0 1 1794.0352909658334 1 0.7907968
366073361.0 0 1808.8469102497668 0 0.0008096113
384842388.0 1 1796.265223638104 1 0.9999997
292727416.0 1 1811.098888508551 1 0.99987024
138124840.0 1 1795.5371077113675 1 0.9999987
289090826.0 0 1793.3053823035787 0 0.00056827656
229672218.0 1 1805.511050857173 1 0.9999872
346720823.0 0 1809.1205537200756 0 0.0011758558
250858403.0 0 1808.9321115179207 0 0.0017068029
367768136.0 1 1806.0338651898956 1 0.99996614
203035294.0 0 1809.1616525012982 0 0.0033341458
345782594.0 0 1793.4099809115557 0 0.00026151628
235710948.0 1 1796.1992504658588 1 0.99994683
400677415.0 0 1809.0980514922242 0 0.0031713394
240832899.0 1 1799.0358328584493 1 0.99996036
229676619.0 1 1797.0517097396153 1 0.9938918
284534077.0 1 1796.4934681833097 1 0.99999994
229943407.0 0 1808.8441865290565 0 0.0011683607
350131938.0 1 1798.01283876896 1 0.9999657
264922559.0 0 1808.848618464083 0 0.001417273
237216182.0 1 1806.4287028166293 1 0.99919456
26533207.0 1 1795.786994753639 1 0.99999887
250499075.0 0 1805.2447364171167 0 0.00032616357
381804997.0 1 1797.9536565096648 1 0.9999997
252860786.0 1 1798.5571190730311 1 0.99999905
396012717.0 0 1793.3055795732785 0 0.00021298337
444797593.0 0 1812.5144729010897 0 0.0027258017
431874093.0 0 1808.9118950037557 0 0.0016845529
396557391.0 0 1805.5783900524816 0 0.0015111911
435074220.0 1 1796.9927834244986 1 0.9996323
255872513.0 1 1796.3270728107302 1 0.99998814
259238677.0 0 1793.407583326144 0 0.00076018146
445320591.0 1 1794.2438298288178 1 0.9999999
354798745.0 0 1808.8490764665157 0 0.002154848
427867729.0 1 1797.034377260399 1 1.0
372192668.0 1 1800.20278824084 1 0.9999886
298733065.0 1 1797.9686791835827 1 0.9954168
35114056.0 0 1812.6205277254367 0 0.00333708
259945770.0 0 1812.3692990770965 0 0.0035268725
194734225.0 0 1793.1409077396427 0 0.0034616808
377065893.0 0 1808.8673152309052 0 0.00075849256
20768880.0 1 1810.4740900991244 1 0.9999676
428740772.0 1 1810.763443656995 1 0.99999905
367283228.0 1 1796.9090138879578 1 0.99993575
302079289.0 0 1812.3696432850156 0 0.00029149343
63781713.0 0 1805.3702325865245 0 0.001955327
29017767.0 0 1812.8289211515182 0 0.003585159
264619741.0 1 1795.8069642649477 1 0.99997693
28874439.0 0 1796.6413899708114 0 0.0032755767
347569897.0 0 1793.1406153430007 0 0.0016379561
288600444.0 1 1795.9077344880602 1 0.9999482
271021609.0 1 1811.0969010103267 1 0.99996114
265349418.0 1 1810.9301660826316 1 1.0
233617131.0 0 1812.344383149434 0 0.00037069956
433501482.0 0 1812.4328429834782 0 0.0036198054
137084975.0 1 1797.263822399073 1 0.99844015
83729128.0 0 1812.368049638294 0 0.00037946852
219772418.0 1 1799.1351410210425 1 0.99998415
400535190.0 0 1809.2023137648387 0 0.0004905522
126027254.0 1 1795.620478882756 1 0.99999326
385105618.0 0 1793.1406648474772 0 0.0028386537
445195302.0 0 1805.5562964800117 0 0.0016453109
77566604.0 0 1800.1412387276464 0 0.0007871648
73691743.0 1 1798.6203853566078 1 0.9999977
241092543.0 1 1805.8695051413204 1 1.0
233528701.0 0 1805.198188593161 0 0.0003497981
407208818.0 0 1793.4097362094678 0 0.00020415097
316620896.0 1 1795.390127046073 1 0.9999577
219899123.0 1 1811.5106609795987 1 0.9998198
104146382.0 0 1805.202985388793 0 0.00045076504
452941403.0 0 1812.7017718270654 0 0.14724238
400940947.0 1 1796.5141511429551 1 0.95770633
286010389.0 1 1794.3898694156499 1 0.99999976
404001140.0 1 1795.555922794742 1 0.99999267
441762659.0 1 1796.5112202361956 1 0.9999485
417229861.0 1 1797.8056253365758 1 0.99887985
240900846.0 1 1793.3694853228953 1 0.99999964
455898107.0 1 1805.5964966699398 1 0.990034
403825746.0 1 1810.2438551918792 1 1.0
436871428.0 0 1808.9329782071236 0 0.0034397447
338992133.0 0 1805.2215614758902 0 0.0012068776
26623000.0 0 1809.1204910321728 0 0.0029840574
418698082.0 1 1798.930791599604 1 0.9999692
251199885.0 0 1805.20279024531 0 0.00022704272
12000757.0 0 1805.3688752463443 0 0.0009902159
240824997.0 0 1805.2025300492612 0 0.0002643921
373704783.0 0 1797.8479040723578 0 0.0026178404
245552416.0 1 1805.536094745437 1 0.99999225
417229335.0 1 1795.8264147914103 1 0.9999982
275767819.0 1 1797.7020041105018 1 0.9995512
233569063.0 0 1808.86511370363 0 0.0012823811
250747748.0 0 1793.1405856203583 0 0.0005253817
403341982.0 1 1799.5768729107092 1 0.9999463
327002250.0 1 1796.951842297792 1 0.99999875
389977486.0 1 1798.4106582708207 1 0.9999772
101093971.0 0 1805.4747122890194 0 0.0021855296
321684196.0 1 1794.63760761997 1 0.99999976
302227871.0 1 1794.1823053787432 1 0.9999844
390734129.0 1 1811.4108576223473 1 0.99957407
319918348.0 0 1796.6396255594095 0 0.002316694
184684700.0 0 1809.0575585088654 0 0.0017802236
316629404.0 0 1812.348872391017 0 9.823121e-05
320270508.0 0 1805.5144804398965 0 0.0005581798
428458355.0 1 1796.5561133634362 1 0.99999005
306553760.0 0 1812.6604801480285 0 0.001680521
407206498.0 0 1793.409807115184 0 0.00042401432
186912006.0 1 1793.4952855697154 1 0.9998213
366759175.0 0 1812.5128572704916 0 0.00011910171
29059895.0 1 1797.891444912728 1 0.99863815
94608286.0 0 1809.1622514471935 0 0.0019654734
407383381.0 1 1810.223812520383 1 0.99849117
354381881.0 1 1798.409093167213 1 0.9999997
312973583.0 1 1795.764841653127 1 0.99976903
373901030.0 0 1797.8480999886606 0 0.0041383463
322266557.0 1 1796.8877444080188 1 0.99991167
390408582.0 0 1805.2649159506739 0 0.0006276133
387445084.0 1 1793.6997571976638 1 0.9999958
256197521.0 1 1798.3686497780964 1 0.9726678
268330571.0 0 1808.9082366105283 0 0.000868227
241024734.0 1 1793.4528047961578 1 0.99987906
376122544.0 0 1808.9105152667416 0 0.0011495273
301884046.0 1 1811.1829023149435 1 0.99927264
10974183.0 1 1810.5563390277728 1 0.99999994
396490980.0 1 1796.7450381379067 1 0.999983
178043173.0 1 1805.3286779946134 1 0.99999994
252101699.0 1 1796.4522729199948 1 0.9999855
186912619.0 0 1805.4743017491337 0 0.002049212
240818476.0 1 1795.6817340649702 1 0.99749404
233201264.0 1 1805.948348819277 1 0.9984214
279374603.0 1 1798.0126862829618 1 0.99999934
327366723.0 1 1798.9518818958597 1 0.99823195
428751418.0 0 1808.84669468526 0 0.00045492308
417700830.0 0 1808.8450949109235 0 0.00033694494
229749398.0 1 1805.8235984317362 1 0.9999986
378287918.0 1 1797.9515347196173 1 0.9999919
272418829.0 1 1799.8263276313573 1 0.99995655
126064149.0 0 1809.203737558167 0 0.0031930446
367241683.0 0 1805.2422546981797 0 0.0006029069
186622908.0 0 1796.6410411447375 0 0.0020516384
229790559.0 1 1797.51134567292 1 0.9999994
83813702.0 1 1811.0765051272372 1 0.99993825
240950642.0 0 1808.8900499007177 0 0.0019390953
353020190.0 1 1796.3060271025308 1 0.9999999
320179989.0 0 1805.5351995513865 0 0.0012068467
381584330.0 1 1796.3910035961085 1 0.9999313
264619741.0 0 1805.2028185755896 0 0.00020109044
316523968.0 1 1794.0358085108883 1 0.99915665
264988967.0 0 1812.3882072469946 0 0.0007699021
452988805.0 0 1809.201815280242 0 0.00088764797
259000554.0 0 1812.3655708782658 0 0.0017413866
354465329.0 1 1799.3903069205635 1 0.99996156
323298973.0 1 1797.262977832976 1 0.99985826
302547752.0 0 1812.3474768222331 0 0.00016217766
445227290.0 0 1809.306099269132 0 6.0008042e-05
444628469.0 0 1812.6603295785787 0 0.002175046
292194484.0 0 1809.1406484048457 0 0.003543249
284084579.0 1 1810.6204844465951 1 0.99998134
326629304.0 1 1799.2848636994706 1 0.9999518
376768797.0 1 1805.6589724420394 1 0.99972135
77258274.0 1 1795.787144545515 1 0.9999876
321544207.0 0 1812.3873455826265 0 0.00027140553
292517099.0 1 1793.4949119262099 1 0.9999993
352580584.0 1 1799.972329623534 1 0.99999344
378528078.0 1 1799.5137540609771 1 0.99992067
301734237.0 0 1812.3487775463664 0 0.00031432678
219864233.0 1 1795.1566827236559 1 0.9999776
390050991.0 1 1800.0978417899817 1 0.999991
431964306.0 0 1812.4952046344463 0 0.0033991665
302684625.0 1 1811.1603927963595 1 0.99985415
82343498.0 1 1810.3484112197834 1 0.9889364
352808034.0 1 1796.4327151503237 1 0.99997365
235931223.0 0 1812.4081560020752 0 0.0017421342
282885769.0 0 1808.8888410410907 0 0.00054118823
455823832.0 1 1796.804311487589 1 0.9999714
238702563.0 1 1797.0782982970204 1 0.998097
83143741.0 0 1812.388880749716 0 0.003661532
232624945.0 1 1798.28069396485 1 0.99999976
445643360.0 0 1800.390320830588 0 0.0023223436
353175133.0 1 1811.5143314033728 1 1.0
229943407.0 1 1794.6777718567457 1 0.9999946
378589875.0 0 1805.2011682825694 0 0.0007236714
256507075.0 1 1799.7627621837453 1 0.9999953
367413485.0 1 1799.0570731104126 1 0.9999994
149978934.0 0 1793.1411664090037 0 0.0034631256
219428871.0 0 1812.4477660555117 0 0.0022777228
427318175.0 1 1797.742396849105 1 0.9997959
417766930.0 0 1805.2217218701112 0 0.00086985884
189674221.0 0 1805.3490051747926 0 0.0021546665
192553942.0 1 1805.9950751566769 1 0.99999815
233202047.0 1 1794.7189787303657 1 1.0
404104771.0 1 1797.6793225276135 1 0.9998671
232608223.0 1 1793.885178236704 1 0.9999703
229937398.0 0 1812.3442671781559 0 0.0021839049
390018994.0 0 1812.3434080083039 0 0.0008608141
445513724.0 1 1811.1400329170165 1 0.9999992
308778838.0 1 1797.7028066470336 1 0.9999878
397368311.0 1 1793.287255687557 1 0.9999923
233009424.0 0 1805.1986755783098 0 0.0004019885
418085899.0 1 1810.1199818532991 1 0.9992868
65647263.0 0 1812.411735753402 0 0.0029543934
235686753.0 0 1812.3657856964546 0 0.00038303286
354381885.0 0 1812.388179800565 0 0.0005321083
279210810.0 1 1798.2852572400602 1 0.9990886
240928116.0 0 1809.3065301715608 0 0.00022206758
233732719.0 0 1808.8859270436847 0 0.0013704728
287081097.0 1 1793.4054661924429 1 0.9999977
399722259.0 0 1808.8466494099548 0 0.00019933835
245477282.0 0 1805.223460271883 0 0.001028621
356870192.0 1 1794.40690747951 1 0.99999094
192684721.0 0 1808.8491658985627 0 0.002821349
388074219.0 1 1810.5955641213884 1 0.99999624
139463078.0 0 1809.1201322936536 0 0.003325722
184589180.0 0 1809.0574526716516 0 0.0017704159
65693455.0 1 1805.3702220687233 1 0.9999504
427768985.0 1 1805.8260543268395 1 0.9999684
305295004.0 0 1808.8453421629877 0 0.0018469213
116611548.0 1 1806.2032078524524 1 0.99998444
255866485.0 0 1808.84523571207 0 0.0001574094
270023069.0 0 1793.409726800034 0 0.0004361142
229409037.0 1 1797.136318339524 1 0.99970114
321820098.0 0 1808.9708046535902 0 0.000511754
229609915.0 0 1812.5325997864838 0 0.00086253625
255865349.0 0 1793.3246340487437 0 0.00011807256
387829719.0 0 1808.8455040774843 0 0.000793916
381686314.0 1 1796.1201843339197 1 0.9999989
241136221.0 1 1797.9738768100958 1 0.9998308
29109245.0 0 1809.1831149409616 0 0.0011645268
258771780.0 0 1805.2614638595596 0 0.0013374138
192249306.0 1 1797.953323777988 1 0.99968815
428748285.0 1 1794.242268390631 1 0.9999258
252106595.0 1 1810.1813388902963 1 0.99990654
286313019.0 0 1805.4952928586972 0 0.0011775924
403742835.0 0 1793.327649099004 0 0.0011911909
370074844.0 1 1793.6816600448117 1 0.9999988
298730256.0 1 1798.9687302874552 1 0.9999998
441791928.0 1 1794.88646367643 1 0.9995396
84055288.0 0 1808.8472712962198 0 0.0029497368
11057188.0 0 1805.306255181624 0 0.00035737295
394048824.0 0 1794.199352198555 0 0.001072262
201115644.0 1 1797.9118498454923 1 0.9999775
230133595.0 1 1797.4065110615677 1 0.9988551
327093958.0 0 1812.3485675495754 0 0.0015345147
387288160.0 1 1811.0328341163408 1 0.9999517
252838174.0 0 1805.2238538376491 0 0.0020457094
444332679.0 1 1811.409971722735 1 0.9999997
245510544.0 1 1797.4528070592683 1 0.9999818
81382470.0 1 1796.2023541485185 1 0.9978774
367351684.0 1 1811.5130429056924 1 0.99995434
10869447.0 1 1797.2856168268504 1 0.99993944
184689868.0 0 1812.7448669297617 0 0.0045061056
400669401.0 0 1794.3483015488914 0 0.00038367676
50768405.0 1 1795.494063073148 1 0.9999857
201112742.0 0 1812.6829394893182 0 0.001375863
67712917.0 0 1805.2868924670026 0 0.0019078273
236786470.0 1 1805.760618561149 1 0.99999905
395730765.0 1 1800.6179548810558 1 0.99954075
308374326.0 0 1805.2443442179417 0 0.00026314874
259000034.0 0 1793.4074174266452 0 0.0005310954
259000689.0 0 1793.4073639937787 0 0.0021657476
322339309.0 0 1812.3693454338584 0 0.00016175142
407423533.0 0 1812.3677401319733 0 9.759816e-05
403572572.0 0 1812.389979497934 0 0.00030182567
201182476.0 1 1805.516123597063 1 0.99531114
178141302.0 1 1806.3079419232165 1 0.9999653
417704740.0 1 1795.7631691369945 1 0.9999898
435742422.0 0 1796.8047061517389 0 0.002507018
240981938.0 1 1805.9110153548625 1 0.99999
256320703.0 0 1805.5145714067078 0 0.00043584759
308444845.0 1 1793.6404298285538 1 0.99999946
233630253.0 1 1796.886169777809 1 0.99972534
369999875.0 0 1809.1605895345388 0 0.00039735247
323300561.0 0 1808.8669800244704 0 0.000307768
52522362.0 1 1805.9311266926006 1 0.99999404
237230628.0 0 1808.9285818022697 0 0.00020405465
376839554.0 0 1808.8464218465492 0 0.0007284977
67765541.0 1 1793.411920569132 1 0.9999434
374300622.0 0 1797.8481104108844 0 0.0014480622
241087313.0 0 1812.3693777355224 0 0.0018112048
396234904.0 1 1795.2643277982645 1 1.0
252107303.0 1 1796.119077547552 1 0.9999933
426141862.0 0 1808.8468704009679 0 0.00079651666
366197595.0 1 1806.2225600713118 1 0.9999441
241068188.0 1 1798.494554574154 1 1.0
292466276.0 0 1812.5780973263995 0 0.0013508875
184731934.0 0 1805.4951080779288 0 0.00041205858
348517267.0 0 1812.3486032597755 0 0.00022618321
415975425.0 1 1797.4742389401536 1 0.99999
410551842.0 1 1810.6403360979975 1 0.99966776
252159739.0 1 1796.3065897882266 1 0.99999046
309239263.0 1 1795.702761668215 1 0.99999785
285280909.0 1 1798.0786781118268 1 0.9999365
370849212.0 0 1796.640125471687 0 0.00012512448
13845301.0 1 1798.3271667786858 1 0.99986583
251702667.0 0 1808.8487305752867 0 0.0020603717
366758238.0 1 1797.137843542251 1 0.9999943
236904409.0 0 1808.844942207008 0 0.00094691326
394121889.0 0 1808.8449855753013 0 0.0011556097
420176421.0 0 1812.3869541362326 0 0.00022569764
357825368.0 1 1797.1811879236259 1 0.9999073
378292347.0 1 1797.5557563827874 1 0.99998724
200773031.0 1 1795.9951539724552 1 0.9999308
367331713.0 1 1810.5336654062269 1 0.9999981
348435439.0 0 1805.2650478195214 0 0.0008977136
369994518.0 1 1793.3272823346529 1 0.9999989
406683158.0 0 1793.4093968498235 0 0.00011011687
353853673.0 1 1799.4686421407816 1 0.9999832
117624488.0 0 1793.3279322042522 0 0.00030161857
12746179.0 1 1795.5145941008884 1 0.9996467
424439575.0 1 1797.7191130137778 1 0.99999505
292322994.0 1 1799.3281985835815 1 0.9998408
265427465.0 0 1805.221710181213 0 0.00046613129
400435272.0 1 1810.5564622375666 1 1.0
81452605.0 1 1795.8687818747605 1 0.99806684
51954528.0 1 1806.0561098662024 1 0.99999917
252114410.0 1 1794.5357463908178 1 0.999999
353505333.0 1 1799.2418323892125 1 0.99994427
376373526.0 1 1799.4090182916043 1 0.99972564
367838656.0 0 1812.3657023339606 0 0.00052466115
396208476.0 1 1796.1803329742736 1 0.99987406
371008358.0 0 1812.6607525628474 0 0.0043035275
308960472.0 1 1805.577878805719 1 0.99997205
101262272.0 1 1797.4537886885116 1 0.999989
293124916.0 1 1798.3699841256575 1 0.99998415
46505710.0 1 1811.141451985117 1 0.99996793
256697252.0 1 1797.2437770008735 1 1.0
333866833.0 1 1795.678940972352 1 0.99999386
83347119.0 0 1805.5349814242659 0 0.00074158655
387763343.0 0 1805.2205607385076 0 0.0007135849
332864971.0 0 1796.6398433515456 0 0.0017301587
444413484.0 0 1809.1599417699083 0 0.0021565505
177708876.0 0 1808.9119228657162 0 0.002305962
251203875.0 1 1799.2236661331997 1 0.999981
390018754.0 0 1812.3434426572908 0 0.0012420239
428414343.0 0 1812.7015156617001 0 0.0005066002
50509016.0 0 1812.452321196706 0 0.0028580325
415963236.0 1 1810.2238987288656 1 1.0
445309724.0 0 1796.6398873518694 0 0.0021153924
433139697.0 0 1812.6409777161691 0 0.0030321018
312545949.0 1 1794.348034702284 1 0.99999183
385198417.0 0 1805.2034401662838 0 0.0011144436
331814268.0 0 1808.8471022787096 0 0.001718357
67390198.0 1 1796.0992772391476 1 0.9995997
233129271.0 1 1797.0107329190498 1 0.99998087
250560249.0 1 1805.619653246761 1 0.99999285
427635111.0 1 1796.95102689793 1 0.9998174
354643717.0 0 1808.849039740141 0 0.0023207357
54128263.0 0 1812.7020345429169 0 0.00021966876
233151478.0 0 1805.2397836624975 0 0.00025792627
355824233.0 0 1808.848738815702 0 0.0019904682
395408858.0 0 1805.201516718597 0 0.0008809403
289355620.0 0 1796.8055699250233 0 0.00045512585
354314386.0 0 1805.2235721455656 0 0.00065485167
285176229.0 1 1795.9329073676397 1 0.9999977
68095368.0 0 1812.5577578000812 0 0.0036137428
353175462.0 1 1811.4935057701284 1 0.99741954
352684915.0 0 1808.9101637219549 0 0.0052220323
199709723.0 0 1808.8431432281911 0 0.002023222
272825522.0 0 1812.367884083404 0 0.00033230666
201104965.0 1 1796.1200689206546 1 0.030821295
292052265.0 0 1805.2030644625675 0 0.00012734116
194673250.0 1 1794.4118840835574 1 0.9983643
159465927.0 0 1805.3032861894892 0 0.0036934197
378988247.0 0 1808.847382669833 0 0.0017490775
116497006.0 0 1808.8699235707943 0 0.00028551085
265099046.0 1 1795.5778602040753 1 0.999998
219807827.0 1 1799.6769798720068 1 0.9999997
149926534.0 1 1795.578710652248 1 0.9997932
232649480.0 0 1805.1978792467178 0 0.00028951207
335952082.0 0 1808.8428906353015 0 0.0021320782
363759314.0 0 1796.7851721745171 0 0.0013647681
301647374.0 1 1805.8488607589572 1 0.9999904
422305222.0 0 1808.8454893901196 0 0.00044695102
12906712.0 1 1810.4104824296621 1 0.99999976
365947827.0 0 1809.2427577198548 0 0.00019585896
396533243.0 1 1811.0974106335034 1 0.999859
286314572.0 0 1796.6412840760518 0 0.00431469
229976071.0 1 1799.386098892048 1 0.99999946
229510522.0 0 1805.1990026165008 0 0.0013140016
230050758.0 1 1797.7613194556598 1 0.9999955
354690272.0 1 1798.1396064355988 1 1.0
186600172.0 1 1798.3910917303635 1 0.99990904
240985115.0 0 1805.2025880920926 0 0.0002624304
327088598.0 0 1805.2863900658217 0 0.0008595658
271338810.0 0 1808.8678415057843 0 0.00014967818
282877324.0 0 1793.4099148090197 0 0.0018640681
85400103.0 0 1808.9537030022357 0 0.0014313455
251786433.0 1 1797.494197953755 1 0.99999714
332477246.0 1 1797.7809430964999 1 0.9999948
428614032.0 0 1808.8471785316829 0 0.00077267113
237210806.0 1 1811.4286731983927 1 0.99999964
452883240.0 0 1812.701523326256 0 0.0012202018
301105242.0 0 1805.2030942805936 0 0.0006938183
229398552.0 1 1798.2822587087405 1 0.9999998
367427051.0 0 1812.9711119165806 0 0.00058191497
233011228.0 1 1796.1777030535436 1 0.9999997
403525927.0 0 1812.369202143935 0 0.0016657867
117265334.0 1 1795.4114520336884 1 0.99999815
63561453.0 1 1795.2036835363645 1 0.99997777
260030920.0 0 1805.223627780741 0 0.00038008668
347949540.0 1 1811.4108475605208 1 0.99999684
320599604.0 1 1799.2438228043643 1 0.99999046
186966008.0 0 1812.6199113559333 0 0.0019229248
116754534.0 1 1794.6823263821475 1 0.999946
301644721.0 0 1805.2031070584146 0 0.0015657562
77222689.0 0 1796.6413525414725 0 0.00154983
370065062.0 1 1797.1817352613173 1 0.99855363
416400914.0 0 1796.9068153004475 0 0.0026163904
117754740.0 1 1799.3072356367263 1 0.99999064
233089591.0 0 1812.3855227366919 0 8.951564e-05
420025256.0 1 1811.555888556658 1 0.99252594
230136137.0 1 1797.6354401255576 1 0.9976074
327190106.0 1 1799.9322586605872 1 0.99977046
278849474.0 1 1794.4931741087773 1 1.0
264546812.0 0 1812.410817346891 0 0.0006989311
434626115.0 1 1810.367451843215 1 0.9986124
317836693.0 0 1812.3883079401696 0 0.0022746206
233738106.0 1 1810.739986342367 1 0.99952936
445349361.0 0 1805.5356012964796 0 0.0049955677
229439935.0 1 1798.0946596906545 1 0.9997487
34754039.0 1 1797.287322990774 1 0.99999166
312143908.0 0 1805.5146142515496 0 0.0010677213
320606769.0 0 1809.201837164036 0 0.0015606494
396388563.0 0 1797.8474500971674 0 0.0030349137
10963444.0 0 1808.9106758077132 0 0.00079882593
399787877.0 1 1797.6147171842713 1 0.99397564
420267425.0 0 1808.8667362733825 0 0.00059529924
256747530.0 0 1808.844928820644 0 0.0012284314
230131062.0 0 1805.1984682835612 0 0.0005577057
117324648.0 0 1805.2240921643793 0 0.0017551982
250711787.0 1 1799.036453520294 1 0.99989593
353878210.0 0 1797.9684450135992 0 0.0030843155
250563009.0 0 1812.3694688626285 0 0.0008405733
83971277.0 0 1805.3264998948007 0 0.0002101933
219812409.0 0 1808.9269834288557 0 0.002064346
352511824.0 0 1796.8057633852777 0 0.00033736794
272627433.0 1 1797.0556398917247 1 0.9999293
427646714.0 1 1798.4932779109563 1 0.9998858
229583094.0 0 1812.3450599740627 0 0.0004026539
184608281.0 0 1809.0575274801936 0 0.0018148145
312056017.0 1 1794.306239419687 1 0.9999697
291887568.0 1 1797.1198450068773 1 0.9994069
233501129.0 0 1805.198832960036 0 0.00031688585
407417249.0 1 1793.4531866734953 1 0.9999842
85400893.0 1 1794.9746958977842 1 0.99433726
452998092.0 0 1805.5562101707867 0 0.0007403331
256607524.0 1 1794.91076289939 1 0.99995667
377099523.0 1 1806.385530370658 1 1.0
354791642.0 1 1811.0991403490893 1 0.9998077
271155172.0 1 1811.326122855861 1 0.99996674
387412215.0 1 1798.9914137261464 1 0.9999555
289352450.0 1 1811.2640131642654 1 0.9996476
240983691.0 0 1812.348282806623 0 0.0003992599
271331502.0 1 1799.7220799912882 1 0.99999154
250703688.0 0 1793.1403186181897 0 0.00046806879
385508077.0 0 1812.68314526229 0 0.0021272213
368515911.0 0 1793.409877476888 0 0.0010805494
422514153.0 0 1808.8456484992878 0 0.0002659345
389693567.0 0 1812.4727225749111 0 0.0022693109
377202392.0 1 1799.6173556619183 1 0.99999475
275367941.0 0 1808.8470909648245 0 0.00048523126
327140909.0 0 1809.0777904626602 0 0.001199177
352836311.0 1 1810.5975272105961 1 0.99897254
233524952.0 1 1797.3235326224976 1 0.92310864
264543810.0 1 1793.9501375324403 1 0.99998665
416098303.0 0 1796.6409509487355 0 0.0020377832
