tic gt tpeak labels pred_s0114
288636477.0 0.0 1808.8869606750327 0 4.247059e-10
288298443.0 1.0 1810.1370073185353 1 1.0
403258444.0 0.0 1812.7015524852488 0 0.00035088987
427799780.0 1.0 1798.2219332069824 1 1.0
350132837.0 0.0 1808.8460296128058 0 7.135871e-10
368444926.0 1.0 1798.5552989386222 1 1.0
388505285.0 1.0 1797.4088518568697 1 1.0
245377365.0 0.0 1812.6611365075137 0 1.2321568e-07
34689530.0 0.0 1805.2872390507496 0 0.0007325686
245396933.0 0.0 1812.3485109900585 0 2.5878596e-10
219865448.0 1.0 1796.8022067336562 1 1.0
323124975.0 0.0 1812.3666891824707 0 0.0006345719
410773762.0 1.0 1798.9711652851604 1 1.0
251676695.0 1.0 1799.348589153624 1 0.9999967
366634784.0 1.0 1795.5962375165552 1 0.99988335
396011533.0 0.0 1808.9100570648343 0 0.00043034286
224599914.0 0.0 1796.676270492697 0 0.0006111361
314592584.0 1.0 1806.4286200104368 1 0.9999992
233083160.0 1.0 1805.8436849748757 1 0.9999985
219087622.0 0.0 1808.8444674827226 0 1.8808883e-08
378992100.0 0.0 1808.868097517527 0 2.3048361e-07
372342661.0 1.0 1798.0337476482578 1 0.99999917
73565824.0 0.0 1809.161934809481 0 0.00012370147
230393870.0 1.0 1805.406996223033 1 1.0
370763409.0 1.0 1805.8277063161252 1 0.9999998
219897695.0 0.0 1805.1985766378991 0 6.856271e-07
445593178.0 1.0 1797.6608384573851 1 0.99999964
258354968.0 0.0 1796.9075354865154 0 2.5068817e-17
129817624.0 0.0 1809.1200093363275 0 0.0004346825
353691613.0 1.0 1797.8891270974013 1 1.0
302148491.0 0.0 1809.1200744804698 0 0.00091143366
327252839.0 1.0 1793.8685477187157 1 1.0
61000338.0 0.0 1805.3913447526484 0 0.00024469453
431872617.0 1.0 1797.453424828527 1 1.0
389975250.0 1.0 1793.2231109389077 1 0.9977508
21149817.0 1.0 1806.1347917430235 1 0.9999952
376678450.0 1.0 1795.1591342721101 1 0.99999684
198178704.0 1.0 1794.9680447527192 1 1.0
308710959.0 0.0 1793.1402000651767 0 5.5396357e-16
50608787.0 1.0 1795.4106974547806 1 1.0
397919960.0 0.0 1808.910090293532 0 0.0007666869
21019480.0 0.0 1808.8429844211164 0 0.0001489606
232604113.0 0.0 1812.4893059348724 0 0.00010118743
376197050.0 0.0 1809.0143137815264 0 0.00060616154
453306587.0 1.0 1799.4315976809705 1 1.0
407929323.0 1.0 1811.5373234409005 1 1.0
285238128.0 0.0 1808.8485793329376 0 2.2657599e-07
83144877.0 1.0 1796.4307806669078 1 0.99989355
235937356.0 1.0 1797.2204891155102 1 1.0
235982769.0 0.0 1805.2205818615482 0 5.997078e-09
265007029.0 0.0 1808.8484721889588 0 3.2728192e-05
284044554.0 1.0 1805.951664813178 1 0.99999976
352797149.0 1.0 1797.9951796654689 1 0.99999833
264918968.0 1.0 1794.1194137341854 1 1.0
379377701.0 1.0 1798.8893379701178 1 1.0
315809365.0 0.0 1812.5124528856998 0 8.276749e-09
445432676.0 1.0 1797.827391725134 1 1.0
219895512.0 0.0 1805.3648243210164 0 1.3111989e-09
229799968.0 1.0 1797.9071452783796 1 0.9999789
269713861.0 1.0 1796.180483437774 1 1.0
101347969.0 0.0 1805.4747184359926 0 0.0011188142
280021293.0 1.0 1793.5772978711527 1 0.99999994
377206061.0 0.0 1808.846497599142 0 1.9495681e-12
288346006.0 0.0 1808.8659784035062 0 3.5753056e-17
400538556.0 1.0 1797.4316439939932 1 1.0
265186608.0 0.0 1808.8468395733155 0 0.0010264366
237230628.0 0.0 1808.9285818022697 0 3.2778373e-14
302391058.0 0.0 1812.369650432569 0 0.00020008863
235938870.0 0.0 1805.1996566905752 0 7.1244654e-06
250532394.0 0.0 1812.3694771313335 0 3.4507987e-06
21032363.0 1.0 1810.572276932659 1 0.9999998
298313179.0 1.0 1810.325933020328 1 1.0
268378850.0 1.0 1794.782975178286 1 0.9999941
357687042.0 1.0 1797.5102840318414 1 0.99999994
305827001.0 0.0 1809.202236664501 0 6.0720853e-05
354384776.0 0.0 1812.346529604622 0 2.7219832e-05
238756275.0 1.0 1796.6615816159156 1 1.0
139403998.0 0.0 1812.6409216255672 0 0.0004373021
317031900.0 0.0 1808.8488044723915 0 4.997115e-07
353610464.0 0.0 1812.4104525764021 0 0.00030699436
265276221.0 1.0 1799.5550821624597 1 1.0
358909502.0 0.0 1808.8466390311773 0 5.910305e-05
388039816.0 1.0 1795.3041593436894 1 1.0
72082905.0 0.0 1805.5149097015333 0 2.270794e-11
453251282.0 1.0 1799.5774310735344 1 1.0
436872141.0 0.0 1796.6414456336881 0 0.00033604333
270656988.0 0.0 1805.2220808800282 0 0.00079979125
265088628.0 1.0 1795.3692732341915 1 0.9998987
233052028.0 0.0 1805.2394801155872 0 1.1754405e-05
346541084.0 0.0 1809.224781968343 0 0.00068732066
378538179.0 1.0 1810.8262411315056 1 1.0
323189100.0 1.0 1795.0126774590556 1 0.99990094
192646201.0 0.0 1808.9743568650028 0 4.2566207e-05
445562406.0 0.0 1805.202749686821 0 5.516609e-12
283016587.0 0.0 1793.409881516695 0 6.695163e-13
233735589.0 0.0 1805.1980072599806 0 9.6735874e-08
34786329.0 1.0 1796.683140697896 1 0.9999999
94370813.0 0.0 1805.4746008931106 0 0.00039966186
346596467.0 0.0 1809.1206184589473 0 0.0004973007
376774061.0 0.0 1812.3463641343708 0 4.8210605e-08
264331531.0 1.0 1795.15840450501 1 1.0
368404959.0 1.0 1797.7850020955864 1 0.99988145
370600386.0 1.0 1811.369221832427 1 0.99999994
347484337.0 1.0 1794.4109375855965 1 1.0
71973961.0 0.0 1809.16073976415 0 0.0010604989
396554866.0 1.0 1793.411734120901 1 1.0
422658409.0 1.0 1806.034225167473 1 1.0
82619428.0 1.0 1798.806691062275 1 1.0
245397163.0 0.0 1805.2026947200661 0 8.0302146e-07
71975420.0 1.0 1796.3691754029692 1 0.99999946
83527909.0 1.0 1797.5766698519608 1 1.0
428209812.0 1.0 1794.2030416290431 1 0.9998641
311824512.0 1.0 1793.4312417841704 1 1.0
450131149.0 1.0 1796.0568870345523 1 0.9999999
256641663.0 1.0 1794.0336509609972 1 0.99999595
359388299.0 1.0 1796.9893045761432 1 0.9999994
50850448.0 0.0 1808.9105572559995 0 4.9829872e-05
240989742.0 1.0 1794.869349851263 1 1.0
284045505.0 1.0 1796.993383189214 1 1.0
400676475.0 1.0 1795.6604864075914 1 1.0
298732314.0 0.0 1808.8433921786007 0 3.0694287e-13
219772940.0 0.0 1805.2601539494344 0 4.0711308e-05
264918797.0 0.0 1805.202862898204 0 2.2604358e-11
192529148.0 0.0 1812.3909123835488 0 0.0005219986
265296274.0 1.0 1795.0776448243976 1 0.99994475
233500987.0 1.0 1810.1364707038801 1 1.0
444494788.0 1.0 1797.5352662156977 1 1.0
232620122.0 0.0 1808.8847643590218 0 4.625771e-11
398337224.0 0.0 1812.3667595445709 0 1.1849545e-05
356785678.0 0.0 1805.1989296271995 0 1.6865741e-06
83051368.0 0.0 1796.6392567669934 0 0.0012376527
130156446.0 0.0 1805.536836078326 0 0.00048047173
67639081.0 1.0 1797.1203396428537 1 1.0
252192522.0 1.0 1795.2857858752686 1 1.0
52424461.0 1.0 1793.4312451295164 1 0.9919016
369142891.0 0.0 1805.2224984591724 0 3.556083e-05
274982633.0 1.0 1810.6802460061272 1 1.0
284809242.0 0.0 1812.7015898417035 0 2.1233038e-08
245398036.0 1.0 1796.3901108306534 1 1.0
441737397.0 1.0 1794.511453003959 1 0.99999946
198159522.0 1.0 1795.3432730471045 1 1.0
65648779.0 0.0 1805.2658215093657 0 0.000679174
237232167.0 1.0 1805.6370763436298 1 0.99660015
331865214.0 0.0 1812.8259708011292 0 0.0004414896
354744093.0 0.0 1796.639461367291 0 0.0006186866
376407837.0 1.0 1799.7631900080041 1 0.9999606
396200234.0 0.0 1805.2012376403668 0 3.979134e-06
428747635.0 1.0 1798.0757406555094 1 1.0
403257785.0 1.0 1795.0144114899945 1 1.0
315925327.0 1.0 1796.0957265777922 1 0.99999964
399449430.0 0.0 1812.4103379152095 0 1.797842e-07
372630691.0 0.0 1796.6397676027968 0 2.5900239e-05
377785772.0 0.0 1805.198901578825 0 0.00016773479
149852368.0 1.0 1798.9119180305856 1 1.0
297780648.0 1.0 1797.826754580543 1 1.0
240868409.0 1.0 1805.8900031566207 1 1.0
335157206.0 0.0 1800.3254677930752 0 0.00016835678
104307892.0 1.0 1805.265550718813 1 0.9999999
347570373.0 0.0 1796.6406907061137 0 0.00071586185
395692498.0 1.0 1798.014059603469 1 0.9955394
407928263.0 1.0 1796.8704471745916 1 1.0
353241077.0 0.0 1809.0143488934054 0 0.0004904751
73448829.0 1.0 1797.4329934827686 1 0.9999784
337551849.0 1.0 1796.4923988518992 1 0.9999944
309140428.0 0.0 1800.1402556778207 0 3.2465865e-05
238717278.0 1.0 1806.1405711929638 1 1.0
445187532.0 1.0 1799.848096563234 1 0.99999887
387628952.0 1.0 1798.553996593257 1 0.99999803
229399638.0 1.0 1810.469479864685 1 1.0
26647896.0 1.0 1810.8705560836788 1 1.0
21020376.0 0.0 1808.8429202601517 0 0.0007596489
307206516.0 1.0 1799.8691467793028 1 0.9999989
229713082.0 1.0 1797.7819534181635 1 1.0
396385069.0 1.0 1810.5348767674661 1 1.0
321688478.0 1.0 1796.0334485469155 1 1.0
377967107.0 0.0 1793.4095298168975 0 2.0372222e-09
229459572.0 1.0 1811.323564760679 1 1.0
117031971.0 1.0 1796.2863109000461 1 1.0
251816139.0 1.0 1794.786177680639 1 0.9999981
192295673.0 0.0 1808.9325425140094 0 0.0008010926
345915530.0 1.0 1796.8482967664113 1 0.9999999
428112325.0 0.0 1812.3488839732777 0 6.1886917e-06
331780777.0 0.0 1812.6812864582564 0 6.923068e-05
50117756.0 1.0 1798.5981108492672 1 1.0
268377432.0 0.0 1808.8665193289394 0 1.1153282e-05
327584184.0 1.0 1806.2225856943214 1 0.99999547
407515221.0 0.0 1808.8465465241677 0 3.7579848e-06
444079346.0 1.0 1806.390369028409 1 0.9999986
219105638.0 0.0 1805.2402313224527 0 9.320739e-09
259096715.0 0.0 1805.1989985524358 0 5.6946812e-11
104035467.0 0.0 1796.8279673961497 0 1.8631853e-08
354542776.0 1.0 1794.5570349538025 1 1.0
192527935.0 1.0 1793.6616917205588 1 0.9973552
229593136.0 1.0 1799.6779924296668 1 0.9999999
445317944.0 0.0 1805.5145964236874 0 1.6761169e-07
230377295.0 1.0 1796.4276139742062 1 1.0
201242199.0 1.0 1798.3701115127783 1 0.9999999
359037474.0 1.0 1800.0349253153217 1 0.9999987
302471025.0 1.0 1798.2448288801738 1 0.99999994
394119708.0 1.0 1805.2618315503823 1 0.99998987
184681829.0 0.0 1812.640705842694 0 0.00054258894
77632054.0 1.0 1811.2454336623641 1 1.0
279435154.0 0.0 1812.556275042411 0 4.2627133e-14
309128520.0 0.0 1812.3485643371075 0 2.0026853e-05
241088287.0 1.0 1810.5985489388236 1 1.0
284921350.0 0.0 1809.201822506336 0 2.0322466e-05
428531053.0 0.0 1805.203297510422 0 0.0003193759
428381274.0 1.0 1805.4099039348196 1 1.0
196891391.0 1.0 1794.0779896003633 1 1.0
419246700.0 1.0 1797.931051128137 1 1.0
250744488.0 0.0 1808.8488564731865 0 1.4639102e-15
302088795.0 1.0 1798.0157898698321 1 0.99999994
259384433.0 1.0 1805.9951294481052 1 1.0
279982431.0 1.0 1810.38650463358 1 0.9998998
63468121.0 0.0 1812.661667449092 0 0.00014575775
129688895.0 0.0 1809.2242965353307 0 3.3108285e-05
49792372.0 1.0 1797.6816113030716 1 1.0
186985167.0 1.0 1796.474318978208 1 1.0
83802860.0 1.0 1794.722424046181 1 1.0
332809791.0 0.0 1796.639846323872 0 0.00010496892
326788321.0 1.0 1793.4935152522382 1 1.0
410439084.0 1.0 1805.952706136416 1 0.9999998
372510824.0 1.0 1797.410056084034 1 0.9999999
354703941.0 1.0 1794.8061703282542 1 0.99999994
229954275.0 0.0 1808.8445217390115 0 8.255395e-07
83911284.0 0.0 1805.5141320809234 0 0.00019508843
444355382.0 1.0 1796.055992964554 1 0.99999756
308218975.0 0.0 1793.14018301725 0 4.1183192e-08
395525114.0 0.0 1805.2011739397892 0 9.3478724e-05
317277382.0 1.0 1793.9712619371373 1 0.9999628
387531415.0 1.0 1810.8453604490708 1 0.9999857
317836431.0 0.0 1808.8674820214114 0 2.5500064e-12
327392160.0 0.0 1805.2029591227174 0 1.9340896e-09
428071624.0 0.0 1808.8488985730582 0 1.1186191e-07
396265575.0 1.0 1794.2430705155778 1 0.99999994
269516739.0 0.0 1812.3884647870955 0 6.7895465e-19
298735259.0 1.0 1798.2189321144579 1 1.0
327136798.0 1.0 1805.6822176567503 1 1.0
117170419.0 1.0 1799.8904845462648 1 1.0
279722552.0 0.0 1805.2026073039988 0 6.6847306e-06
285792542.0 1.0 1796.4940124446127 1 1.0
52855338.0 0.0 1809.202013603369 0 4.50914e-05
116992839.0 0.0 1808.8699321658403 0 5.770208e-08
444584799.0 1.0 1798.4936286655268 1 1.0
445423597.0 0.0 1805.5146899565984 0 7.656932e-09
200861882.0 0.0 1812.4536798303234 0 0.00039557388
230018510.0 0.0 1808.844301090879 0 1.1144649e-05
194731674.0 1.0 1794.59937120161 1 1.0
301099672.0 1.0 1798.7030358413547 1 1.0
250505768.0 1.0 1810.140275652154 1 1.0
427587763.0 1.0 1798.5966615156767 1 1.0
372054524.0 0.0 1805.2211342859011 0 1.7159336e-07
392571260.0 1.0 1799.5105537832312 1 0.99998224
415904440.0 0.0 1812.4946517345174 0 3.7778452e-06
117261980.0 1.0 1795.869823061602 1 0.9999998
83523034.0 1.0 1797.5349382101701 1 0.9999432
236985679.0 0.0 1808.8658834529795 0 0.0002365227
333068970.0 0.0 1805.53576189593 0 2.5570682e-05
427643087.0 0.0 1794.3475809622623 0 0.00048369323
237290140.0 1.0 1805.220377118863 1 0.9999991
453013071.0 1.0 1793.952306365308 1 1.0
229452426.0 1.0 1805.9072174809378 1 1.0
373147132.0 0.0 1808.8467051367154 0 6.769945e-11
431989510.0 0.0 1812.4326582432975 0 0.0006160364
229448888.0 1.0 1811.2611013862822 1 1.0
322342246.0 1.0 1810.5360881272059 1 1.0
198187777.0 1.0 1811.2183063811053 1 0.9999981
331605179.0 1.0 1797.8272560483686 1 1.0
419531065.0 0.0 1805.5559756030914 0 4.2761835e-07
312678281.0 0.0 1796.6399347990096 0 2.3098845e-09
269809621.0 1.0 1796.7638412588026 1 1.0
376884266.0 0.0 1805.1990873754514 0 0.00013162715
235941529.0 0.0 1805.2205497916682 0 0.0003599567
316624116.0 0.0 1805.2029168384583 0 8.1424284e-10
202898850.0 1.0 1810.9948048256679 1 1.0
341817101.0 0.0 1808.8433242088458 0 0.00069520494
367430441.0 1.0 1799.179708311038 1 1.0
395689933.0 1.0 1799.8681261781683 1 0.99999994
301906019.0 0.0 1805.2031006011784 0 2.3286328e-08
65282093.0 0.0 1812.3701607629803 0 0.0006140294
11996922.0 1.0 1795.1812096190458 1 1.0
285569113.0 0.0 1796.8905232516756 0 0.00019411209
373130261.0 1.0 1811.2219042051893 1 0.9995716
368023334.0 1.0 1805.784435227802 1 1.0
232608223.0 1.0 1793.885178236704 1 0.99999946
259463324.0 0.0 1812.474064314333 0 0.00059680815
334797608.0 1.0 1797.2389675166796 1 1.0
229794951.0 1.0 1795.6154044047162 1 1.0
238654651.0 0.0 1796.6404656835446 0 1.5806141e-06
400500239.0 0.0 1812.3691630738497 0 2.3018865e-05
422663383.0 0.0 1808.8468345117594 0 8.233008e-05
331852103.0 0.0 1808.8677422795836 0 9.076547e-08
241019013.0 0.0 1808.889988891222 0 5.1210973e-09
376976038.0 0.0 1794.406682321982 0 8.838876e-06
82402411.0 1.0 1794.8897138615953 1 1.0
441723615.0 1.0 1797.8863795651378 1 1.0
201354823.0 1.0 1794.3074947916784 1 1.0
20801155.0 1.0 1805.4742324738452 1 0.99970037
233740411.0 1.0 1799.927416186852 1 1.0
240833283.0 1.0 1797.2025049993542 1 1.0
353895169.0 0.0 1797.9684889254024 0 0.0011240976
445278771.0 1.0 1799.473188382453 1 1.0
219855237.0 1.0 1797.4271433344038 1 0.99999195
233496435.0 0.0 1808.8443957105435 0 9.507656e-09
247017338.0 0.0 1812.4536609687407 0 0.00043907276
61085649.0 0.0 1805.2039720252208 0 0.0005390219
355820555.0 1.0 1798.0153183558264 1 1.0
245720110.0 1.0 1797.8692966921333 1 0.99999803
336819422.0 0.0 1812.3461528162982 0 1.093323e-06
186940635.0 1.0 1810.4741302376744 1 1.0
400245262.0 1.0 1797.8890388177667 1 0.9999976
241110573.0 1.0 1798.9736294233903 1 0.9999999
377785833.0 0.0 1796.9073959003733 0 5.927934e-05
10964753.0 0.0 1805.306507717129 0 6.8581134e-11
237299943.0 0.0 1805.1996766736247 0 5.083745e-05
265064120.0 1.0 1797.325994024139 1 1.0
283734531.0 0.0 1808.8682172229521 0 9.492966e-06
237210806.0 1.0 1811.4286731983927 1 1.0
229608012.0 1.0 1810.1572547419532 1 1.0
198240448.0 0.0 1808.8434153109974 0 0.0011532189
387288587.0 0.0 1812.3661707783112 0 0.0004921732
387270000.0 1.0 1794.3457373685806 1 1.0
28912459.0 1.0 1793.4122148479523 1 1.0
22739283.0 0.0 1809.0162195626558 0 0.00016261077
427731760.0 0.0 1805.3259547034754 0 0.0013978381
387329804.0 1.0 1795.6997121980207 1 1.0
288383496.0 1.0 1796.1993069780792 1 0.9999998
359483261.0 1.0 1811.218632665184 1 0.9999998
203092829.0 0.0 1809.1825430374126 0 0.00027466146
353779320.0 0.0 1797.968580765172 0 2.042758e-06
72084686.0 1.0 1793.9523920047325 1 0.9999991
117028823.0 1.0 1795.3488988245588 1 1.0
433977145.0 1.0 1811.4922794281586 1 0.9999999
256695655.0 1.0 1797.0563272602622 1 1.0
229509726.0 0.0 1812.3656126540423 0 5.8126034e-08
348021754.0 1.0 1795.7651194735495 1 0.9999914
233534075.0 1.0 1796.8232292706814 1 0.9999998
352928643.0 0.0 1796.80577467686 0 5.6317675e-09
417599180.0 1.0 1805.387369297724 1 1.0
284356911.0 0.0 1794.4059640644334 0 0.0005823014
452963896.0 1.0 1798.1397476780976 1 1.0
453309323.0 0.0 1812.68141375889 0 1.03877705e-11
292199463.0 1.0 1810.4113868515049 1 0.9999998
241013863.0 1.0 1794.7029203283698 1 1.0
321912075.0 0.0 1805.2000810941684 0 3.1006093e-09
302471073.0 0.0 1808.8490148780081 0 5.0241564e-08
407420033.0 1.0 1799.4532844429466 1 0.9999993
54057589.0 0.0 1805.6602407528599 0 1.773054e-13
245553108.0 1.0 1796.6402127513945 1 1.0
322265512.0 1.0 1797.9710611059363 1 1.0
229675113.0 1.0 1806.094381545269 1 0.99999404
82555123.0 1.0 1798.5981185523192 1 0.9972232
331608773.0 1.0 1799.6189181318894 1 0.99999994
387632808.0 0.0 1808.845444231309 0 1.9589308e-09
418409922.0 0.0 1808.847297357593 0 0.0005915149
354924973.0 1.0 1798.0351701343782 1 0.99999964
316134610.0 0.0 1812.348587990205 0 6.196927e-07
351366878.0 1.0 1805.701496109069 1 1.0
240892011.0 1.0 1800.535910686843 1 0.9999858
10702234.0 0.0 1812.4522449048063 0 1.4468927e-09
232636428.0 1.0 1799.4896016789978 1 1.0
250799458.0 1.0 1799.0571876959375 1 1.0
186942549.0 1.0 1796.1411121564693 1 1.0
354255461.0 1.0 1810.4318926103997 1 0.99915934
368681767.0 0.0 1796.6391909900115 0 0.00053730706
272052964.0 0.0 1808.8678641319646 0 2.466299e-07
241044669.0 1.0 1805.3901691540318 1 1.0
431774463.0 1.0 1795.1823442515229 1 0.99999994
285165976.0 1.0 1811.2234489391444 1 1.0
396601990.0 0.0 1805.2221739893764 0 0.0023840568
51957711.0 1.0 1805.8269973808901 1 0.92968565
370515546.0 0.0 1812.3691499177664 0 0.0010092125
354467640.0 1.0 1795.8486341940484 1 1.0
20801285.0 1.0 1810.4116956882594 1 0.9999988
346890573.0 0.0 1808.9119383871357 0 0.00060242874
249886811.0 1.0 1799.7864137652412 1 1.0
450142786.0 1.0 1793.9524737652484 1 0.9999961
405404007.0 1.0 1798.9331029669104 1 0.99998873
397928441.0 1.0 1795.6185343994841 1 1.0
293123279.0 1.0 1796.2242384582778 1 1.0
233575573.0 1.0 1795.323579508019 1 1.0
333070599.0 1.0 1796.9108829455922 1 1.0
10602946.0 1.0 1796.2439006980753 1 0.9999996
81822846.0 0.0 1797.8482470811716 0 0.0014068828
104025123.0 0.0 1808.8488330708396 0 1.6642393e-07
65569519.0 1.0 1810.140864166095 1 0.99999845
65642073.0 0.0 1812.3493905893063 0 0.00014622227
73727913.0 0.0 1808.9328933830293 0 0.0010889589
389903129.0 1.0 1799.34786234223 1 0.7366272
265426901.0 1.0 1810.7425668167368 1 0.99999976
63626295.0 0.0 1805.3911115886015 0 0.00030727722
72086713.0 1.0 1798.9941393546173 1 1.0
50519243.0 1.0 1811.4525227616953 1 1.0
116268704.0 0.0 1808.8907274683086 0 1.10191065e-08
396611800.0 1.0 1797.7449475505985 1 0.99999547
189630800.0 0.0 1809.1613599391665 0 0.00042700555
373019696.0 1.0 1798.3259072046465 1 1.0
20771909.0 1.0 1798.18247458927 1 1.0
354241911.0 0.0 1808.8673414167154 0 5.5857226e-06
308877502.0 1.0 1798.7028620855062 1 1.0
279501959.0 0.0 1812.4103544481989 0 0.00070014276
445423597.0 1.0 1799.2022777397242 1 1.0
428118911.0 0.0 1805.2449372434594 0 2.102422e-05
346783822.0 0.0 1812.432725436601 0 0.0002542749
441797422.0 0.0 1797.698607523153 0 3.913754e-07
371426535.0 0.0 1805.2872711613227 0 0.0010384723
101255786.0 0.0 1793.1411323364503 0 0.00059130334
289041721.0 1.0 1805.8262366464385 1 0.99999994
331324242.0 1.0 1810.514587189602 1 1.0
285163606.0 1.0 1810.8901669258776 1 0.99999624
301998159.0 1.0 1798.3072718130754 1 0.99999934
61085210.0 0.0 1796.6414879333859 0 0.0006929702
417573303.0 0.0 1800.1371180375827 0 6.7010915e-05
117113742.0 0.0 1809.03662565617 0 0.0010057784
397234375.0 0.0 1808.9517543993584 0 0.00019364418
201358522.0 1.0 1794.8909878683917 1 0.99999964
374303452.0 0.0 1805.2857163009987 0 5.4633524e-08
450133593.0 0.0 1808.8693882763546 0 0.0016203948
137082911.0 1.0 1810.597417218487 1 1.0
428008661.0 0.0 1808.8468442466033 0 3.663362e-16
94542928.0 1.0 1806.1205653010709 1 0.9999982
384811988.0 1.0 1795.30664901427 1 1.0
427648130.0 0.0 1805.200911888434 0 4.525817e-06
326731589.0 1.0 1797.4515527301116 1 0.9999987
252112763.0 1.0 1799.0982495908424 1 0.99999994
399716885.0 1.0 1805.9301852618019 1 1.0
378650885.0 1.0 1799.9513683951764 1 0.9999978
284148066.0 0.0 1809.3059668363478 0 7.420103e-05
65349433.0 1.0 1797.4949723765917 1 1.0
233008980.0 1.0 1796.1567093066349 1 1.0
192877594.0 1.0 1793.515739896236 1 0.9999998
420286437.0 1.0 1796.7207584445007 1 1.0
407208197.0 1.0 1796.8472657453642 1 0.9998626
375785288.0 1.0 1795.8047606309008 1 1.0
241136743.0 1.0 1805.7029632651886 1 1.0
219762117.0 1.0 1810.135457570864 1 1.0
379632635.0 0.0 1812.5352834124312 0 0.00034507847
444527225.0 1.0 1793.1813108453548 1 1.0
402206511.0 1.0 1810.8489904443456 1 1.0
337286503.0 1.0 1794.9923394829818 1 0.99999964
289091017.0 1.0 1798.3679485216621 1 1.0
381807163.0 0.0 1812.5577190873325 0 0.00083471317
387881331.0 0.0 1808.8455309534986 0 9.901005e-07
233524952.0 1.0 1797.3235326224976 1 0.7204768
302089879.0 1.0 1794.5573893992837 1 1.0
275637998.0 0.0 1808.9727822855573 0 0.000173741
332148451.0 1.0 1799.5358763408085 1 1.0
370515855.0 0.0 1796.6401268818422 0 1.2647263e-05
298315900.0 1.0 1800.4093858864455 1 1.0
307479729.0 0.0 1805.3075048273674 0 0.00022273639
201376176.0 1.0 1797.0784429283074 1 1.0
388580179.0 0.0 1796.8047627480016 0 0.0010002195
230136239.0 1.0 1794.9687826345378 1 0.9999999
354404238.0 1.0 1799.4737575279014 1 0.9975095
238720199.0 1.0 1810.9321655956635 1 0.99999845
362260073.0 0.0 1808.8450349689533 0 2.1370619e-11
329153862.0 1.0 1795.2198016740822 1 1.0
306188113.0 1.0 1811.3688436413536 1 0.9999999
390737538.0 1.0 1797.8064835149103 1 1.0
279568639.0 0.0 1805.2217642307812 0 1.0568531e-06
63587103.0 1.0 1806.1619329757891 1 1.0
326781720.0 0.0 1809.3057458939732 0 0.00042506855
359585100.0 1.0 1797.635549581421 1 1.0
376891083.0 0.0 1805.200675248281 0 4.122058e-20
259238677.0 1.0 1810.9075114264401 1 1.0
251385603.0 1.0 1795.8692644125838 1 0.9999923
402810602.0 1.0 1795.8476042080117 1 1.0
373956403.0 0.0 1805.3062362343792 0 3.3273015e-08
201182198.0 0.0 1805.203611968633 0 0.0013168281
394130990.0 1.0 1810.2824838655029 1 0.9999992
20807873.0 0.0 1812.41156440683 0 0.0009921925
293062767.0 0.0 1812.5573211304334 0 0.00045255676
126060228.0 1.0 1805.891337286731 1 1.0
403583863.0 0.0 1809.1607631855713 0 5.218335e-05
240983691.0 1.0 1796.327775386265 1 0.9999559
271912478.0 0.0 1808.847059970311 0 2.2985855e-06
241133018.0 0.0 1812.3695323795175 0 2.4835338e-09
229407454.0 1.0 1797.8447362089864 1 0.99999493
327259553.0 0.0 1800.1405403213291 0 3.0751203e-06
417747675.0 0.0 1793.409143410426 0 1.0467245e-15
230007539.0 0.0 1805.1986535777137 0 2.5176748e-08
192645806.0 0.0 1809.0160076482348 0 0.00064188975
284169188.0 0.0 1808.8847271985235 0 2.1707541e-10
347493989.0 0.0 1812.4324979420708 0 0.00020771904
256696297.0 0.0 1805.3480665760312 0 5.410599e-12
308873121.0 0.0 1808.8902824189738 0 1.0574579e-06
250831077.0 0.0 1812.3488083095856 0 4.0920804e-06
178042966.0 0.0 1812.4328276340407 0 0.0010011086
327506428.0 1.0 1798.057336201818 1 0.9999996
12989429.0 1.0 1811.4105002233255 1 0.9999996
22813086.0 1.0 1797.8289116708052 1 1.0
256476907.0 0.0 1805.57683300314 0 5.8112673e-06
331865214.0 1.0 1805.7008708938054 1 0.98731416
251764767.0 1.0 1797.5985631095264 1 0.997883
306565643.0 0.0 1809.2022058916793 0 1.5461916e-05
427383642.0 0.0 1800.4091310112246 0 2.3692878e-10
427336319.0 1.0 1796.5967685806684 1 0.9999996
423461304.0 1.0 1796.7021304456136 1 1.0
284316356.0 0.0 1796.764378814146 0 4.0527466e-05
395388022.0 0.0 1808.8682083033445 0 5.0247356e-05
370696018.0 0.0 1812.6815469462274 0 2.0706113e-05
366197595.0 1.0 1806.2225600713118 1 1.0
249949014.0 1.0 1794.8697296219887 1 1.0
265343830.0 0.0 1812.3466706571398 0 5.2664535e-09
280185494.0 1.0 1798.222849792354 1 1.0
445496137.0 1.0 1796.8067975399495 1 0.99997556
233544651.0 0.0 1796.906798534514 0 0.00073252956
388601862.0 1.0 1805.929946157947 1 0.9999922
359249299.0 0.0 1809.4515374742978 0 4.3790795e-05
428165157.0 1.0 1798.8071675502163 1 0.9999947
250709848.0 0.0 1812.348749360779 0 0.00016932872
420107276.0 0.0 1808.8660346386293 0 6.831706e-05
233129271.0 0.0 1805.2398495887585 0 3.0904717e-09
428328845.0 0.0 1808.8906986211514 0 4.7331048e-07
302774308.0 0.0 1805.2643085022985 0 9.776519e-05
269330349.0 1.0 1796.617838079955 1 1.0
416092741.0 0.0 1796.640759859224 0 0.0005708674
26505391.0 0.0 1812.620503767365 0 0.00042695305
373958960.0 1.0 1810.3896206134757 1 1.0
397761814.0 0.0 1808.8680233894727 0 3.112607e-05
250576814.0 0.0 1808.8486388309068 0 1.8193157e-05
326814571.0 0.0 1812.3471593496283 0 8.811128e-12
250825963.0 1.0 1799.6614021085365 1 1.0
271146189.0 1.0 1805.4929578849524 1 1.0
354633354.0 1.0 1796.7656553638026 1 0.98019385
63400628.0 1.0 1793.912033187764 1 1.0
445234958.0 0.0 1805.5563021403987 0 3.8980734e-09
269893200.0 1.0 1796.2663192595135 1 0.99999887
376260907.0 1.0 1799.4101098347182 1 0.9999873
433414105.0 1.0 1810.8076482507565 1 1.0
375853698.0 0.0 1805.2421531087107 0 5.2966045e-20
28778281.0 1.0 1798.4741588034028 1 0.9999302
240837021.0 0.0 1793.1401866029303 0 2.01718e-05
396600509.0 1.0 1810.2640639481458 1 0.99999994
390023279.0 0.0 1805.2396331294144 0 5.2699284e-07
202957300.0 1.0 1795.661636259829 1 1.0
428526894.0 1.0 1798.118481808684 1 1.0
235716285.0 1.0 1794.8865604251282 1 1.0
191767122.0 0.0 1805.2028524847883 0 0.0009933775
280321119.0 1.0 1799.555977881532 1 1.0
265432302.0 1.0 1796.6387392909628 1 0.9999982
160584469.0 1.0 1810.219885067063 1 0.99999994
279664094.0 0.0 1812.3675538608693 0 6.330843e-06
435167321.0 1.0 1795.5552546383783 1 0.99999565
403620225.0 1.0 1795.2025435148619 1 0.99999994
251100825.0 1.0 1794.8066384078652 1 0.99999994
436863245.0 1.0 1797.8705815623157 1 0.99999994
285506890.0 0.0 1812.3485441078633 0 1.2927502e-05
250661165.0 0.0 1812.3487158215432 0 7.466737e-05
240997801.0 1.0 1795.9527711020337 1 1.0
302624376.0 1.0 1798.597577588494 1 0.9999999
259269522.0 0.0 1796.9074678887478 0 0.0006538427
368165075.0 0.0 1808.8676887307615 0 3.3998424e-07
229957565.0 1.0 1798.948607040376 1 1.0
403750431.0 1.0 1794.6816077912463 1 1.0
22739840.0 0.0 1796.6414276120556 0 0.0006922418
434437099.0 0.0 1808.8466422415077 0 1.2060269e-07
200860735.0 1.0 1795.26594235562 1 0.99999994
444139884.0 0.0 1808.848605163847 0 3.5726362e-08
21123849.0 1.0 1800.3016440096542 1 1.0
348506748.0 1.0 1806.3068682221565 1 0.999999
302147319.0 0.0 1809.015956432517 0 0.00042452992
22735738.0 0.0 1805.287158903997 0 0.00063076685
335036468.0 0.0 1805.2420279631601 0 1.2621393e-13
400193642.0 1.0 1798.639133341933 1 1.0
236898982.0 0.0 1805.2200106383934 0 4.7046915e-13
406678551.0 1.0 1795.638334581258 1 1.0
240794356.0 1.0 1800.2232232654044 1 0.9999948
400603282.0 1.0 1799.7234818118468 1 0.9999965
291953555.0 0.0 1805.3281470901782 0 1.0441933e-09
309055529.0 1.0 1799.7444049379003 1 1.0
366382499.0 1.0 1810.7627221356743 1 1.0
398181867.0 0.0 1812.4518727572681 0 0.00028880272
115918132.0 1.0 1797.5571707473403 1 1.0
72088388.0 0.0 1812.6607415052633 0 0.00016066819
186966017.0 0.0 1809.2866588147647 0 4.521386e-05
390021469.0 0.0 1805.2185392032425 0 2.2627102e-10
431954712.0 0.0 1805.3075647321466 0 0.0011626923
347577498.0 1.0 1797.6608354236116 1 1.0
268842104.0 1.0 1798.9302572294353 1 0.9999998
198516348.0 1.0 1806.1977745367192 1 1.0
407422055.0 1.0 1805.534349316655 1 1.0
322203081.0 0.0 1796.8252308752687 0 1.7249427e-05
252132971.0 1.0 1794.5982403076805 1 0.9999876
178046390.0 1.0 1797.661849358651 1 1.0
327093958.0 1.0 1796.0988910136641 1 1.0
326731542.0 1.0 1805.8264328065077 1 1.0
428121854.0 0.0 1808.8906690445406 0 1.7394203e-07
322055307.0 1.0 1796.7835267553633 1 1.0
366835587.0 0.0 1805.2212798831645 0 1.6031992e-13
63508192.0 1.0 1795.953639000807 1 0.9999433
258066027.0 1.0 1799.1414029830912 1 0.9999704
245426946.0 1.0 1794.7443926094047 1 1.0
436872012.0 0.0 1808.8496647572883 0 0.00065214495
259948028.0 0.0 1805.223525621353 0 2.0562739e-08
370594119.0 1.0 1793.89015529083 1 0.99999994
202930273.0 0.0 1812.3697844405162 0 1.3460665e-10
378152218.0 0.0 1812.367694998861 0 0.00011748227
280251263.0 0.0 1797.8475065263044 0 0.00026056106
376964401.0 0.0 1796.9091179776813 0 5.1192154e-07
452939758.0 1.0 1806.1394179738252 1 1.0
405413202.0 0.0 1793.141370264306 0 0.0009895157
278928515.0 1.0 1794.6808965853913 1 1.0
389415331.0 1.0 1806.035464102007 1 1.0
287140229.0 0.0 1796.676678301516 0 0.0006258168
399017512.0 1.0 1797.014994122323 1 0.9998315
199548113.0 0.0 1808.8434527296472 0 2.9379493e-10
67422158.0 0.0 1809.1823048356412 0 0.00059254334
229740686.0 1.0 1810.865392622531 1 1.0
118301995.0 0.0 1808.9327709527797 0 0.0002452605
275603938.0 1.0 1796.741720232211 1 1.0
83345935.0 1.0 1796.5559727261607 1 1.0
308287975.0 0.0 1793.1404284964117 0 1.2190054e-13
203036823.0 0.0 1809.3699286268557 0 0.0004144635
377740011.0 1.0 1796.4094356074534 1 1.0
373782682.0 1.0 1795.868774779565 1 0.9999955
270544204.0 1.0 1799.1596972880645 1 0.99999994
445113626.0 0.0 1805.5562487195857 0 1.2161461e-05
229612569.0 1.0 1796.157336901421 1 1.0
417701468.0 0.0 1808.8450481100363 0 3.9970098e-07
203037041.0 1.0 1797.515810255277 1 1.0
201031814.0 1.0 1793.9950863583272 1 0.9997946
118270197.0 0.0 1812.4326216707846 0 0.0005636579
366109081.0 1.0 1796.34766100036 1 0.9998701
279846335.0 1.0 1805.8692900559365 1 0.9999478
77568692.0 1.0 1805.7246410182668 1 0.9999984
370074990.0 0.0 1812.7022931269491 0 5.5507753e-19
34715957.0 1.0 1811.2455193390597 1 1.0
13192821.0 1.0 1799.514888085393 1 0.9998712
453157257.0 1.0 1799.3479782245454 1 1.0
219849169.0 0.0 1793.177181064274 0 0.00029859916
280131907.0 1.0 1796.11846213815 1 1.0
427846146.0 0.0 1796.909511669442 0 0.0007892321
422540420.0 0.0 1812.702148418771 0 2.7970029e-09
240897127.0 1.0 1811.53567927127 1 1.0
444790081.0 1.0 1810.368738112514 1 1.0
317472178.0 0.0 1808.8675005546413 0 3.4959164e-13
353733301.0 1.0 1797.7604933394155 1 1.0
289581126.0 1.0 1797.0725940209118 1 1.0
377503705.0 0.0 1805.2007514070017 0 4.814176e-09
292153303.0 0.0 1793.140739273984 0 1.798545e-13
233083367.0 0.0 1805.4270542583745 0 1.5193399e-11
256316596.0 0.0 1809.3269537485578 0 0.0004480749
200799609.0 0.0 1796.6410787351244 0 0.0007310765
449997222.0 1.0 1810.2226817750723 1 0.9999914
192552870.0 0.0 1808.9742061201823 0 0.0007194977
241005693.0 1.0 1799.473567133645 1 1.0
385507212.0 1.0 1795.1412848017205 1 1.0
53620088.0 1.0 1797.0352966192102 1 1.0
12000797.0 1.0 1797.2855008869894 1 0.99987984
412353519.0 1.0 1799.7003659535812 1 0.9999588
116714368.0 0.0 1805.2030278864274 0 0.024770109
368441497.0 0.0 1796.9095688186521 0 1.445701e-09
233010382.0 0.0 1797.6988819123621 0 3.367011e-07
387446706.0 1.0 1794.6164095332826 1 1.0
251151172.0 0.0 1805.2446142489014 0 3.1701872e-09
229765734.0 0.0 1812.3444960946208 0 3.8676498e-09
415909163.0 0.0 1808.8904564293061 0 0.00031420452
333733312.0 0.0 1797.1162344471168 0 2.2139839e-06
13215740.0 0.0 1809.0549206485268 0 0.0002076555
81302179.0 0.0 1794.347878205129 0 0.00012926792
288405583.0 1.0 1800.657922536435 1 1.0
370761841.0 0.0 1808.8484926391377 0 4.0947492e-05
374963114.0 1.0 1795.431628489451 1 0.999992
385041366.0 1.0 1796.89070355442 1 1.0
241068179.0 1.0 1793.9112572537297 1 0.9999949
327296784.0 1.0 1794.6197276340122 1 1.0
427950611.0 1.0 1795.2843290036571 1 0.99999946
235934176.0 0.0 1812.4079680616715 0 0.0007187754
272625675.0 0.0 1812.3470192079687 0 4.699347e-09
13702883.0 0.0 1805.2647951120746 0 2.403811e-09
359340124.0 1.0 1805.4306304906618 1 0.9999973
192794133.0 1.0 1797.411700840295 1 1.0
240957101.0 1.0 1799.3277045258496 1 1.0
279348496.0 1.0 1799.1393005145512 1 1.0
395942600.0 1.0 1799.4513145307035 1 1.0
219894697.0 1.0 1810.2817588147143 1 1.0
349256622.0 0.0 1809.2246254425177 0 6.1012226e-05
375787555.0 1.0 1796.2631151775183 1 0.9999997
420536298.0 1.0 1795.0977009507362 1 0.9999996
229683910.0 1.0 1797.4888987176355 1 1.0
245701169.0 0.0 1812.6402605040414 0 1.1532895e-07
65177335.0 0.0 1812.3679720375274 0 7.1155447e-12
192489455.0 1.0 1794.3907060746144 1 0.9999996
348139750.0 0.0 1793.3275631288502 0 0.0008433175
10874313.0 1.0 1798.9940487231731 1 0.99999934
264801730.0 1.0 1799.6193372410964 1 0.9999996
289040840.0 0.0 1808.930337967542 0 6.370892e-07
104033130.0 1.0 1795.3907012822879 1 1.0
28696645.0 0.0 1805.3491029285071 0 0.00097102235
65167516.0 1.0 1806.3284919789992 1 0.99996376
374211362.0 1.0 1797.8688181828882 1 1.0
288532331.0 1.0 1811.2032724965304 1 1.0
292274351.0 1.0 1798.0573041484656 1 0.9999997
398157908.0 0.0 1797.8475078952813 0 0.00024852494
288854677.0 0.0 1809.1394138126307 0 0.0001733875
378043919.0 0.0 1812.346835604008 0 2.7490169e-05
236787464.0 1.0 1810.1562596640383 1 1.0
368400931.0 1.0 1798.4515726532395 1 1.0
368601926.0 1.0 1806.2432554351915 1 1.0
389979397.0 0.0 1812.7021774940101 0 3.907175e-10
52038299.0 1.0 1810.8892599036164 1 1.0
264992451.0 1.0 1796.471776845217 1 1.0
288608782.0 1.0 1793.8452950500161 1 1.0
201163245.0 0.0 1805.2661628994376 0 0.00069969747
192295673.0 0.0 1805.2867160881628 0 0.00070998026
308367105.0 1.0 1797.1403696972127 1 0.9999971
275465285.0 0.0 1797.8478180766926 0 4.6531623e-06
149904096.0 1.0 1796.245395111552 1 1.0
301647259.0 0.0 1812.3696532142014 0 1.3607614e-15
332806662.0 0.0 1805.5565246362544 0 5.8779415e-10
455891655.0 1.0 1796.7007940617484 1 0.99999565
366782088.0 0.0 1796.8254550518018 0 3.6076804e-09
255996202.0 1.0 1794.8038507221263 1 1.0
252807272.0 0.0 1796.640662502545 0 0.27632758
354698370.0 1.0 1797.2434477625645 1 0.99999934
309302609.0 0.0 1805.202886993686 0 2.5687822e-07
374775107.0 1.0 1794.5569657231526 1 0.9999999
233049401.0 1.0 1799.4481869753345 1 1.0
21021749.0 0.0 1808.8494632660827 0 0.00013114793
400818833.0 0.0 1812.4729825998477 0 0.00030190224
117268901.0 1.0 1793.5571289812965 1 0.99999917
230050758.0 1.0 1797.7613194556598 1 1.0
332503315.0 0.0 1812.4889601943169 0 8.343831e-12
397919960.0 1.0 1797.1808920442559 1 1.0
445443651.0 1.0 1806.1192384881801 1 1.0
177765196.0 0.0 1800.141093307699 0 0.00034045076
445633857.0 0.0 1812.3485199714628 0 2.715121e-15
245424467.0 1.0 1798.8068834185594 1 1.0
449932613.0 0.0 1812.3698373937598 0 0.0002185717
312543164.0 0.0 1812.7019573900882 0 1.9997443e-16
292817901.0 0.0 1809.3490449397436 0 0.0006328787
186622908.0 1.0 1806.0369180893406 1 0.99823534
256476907.0 1.0 1797.9726970993488 1 0.99999666
252114410.0 0.0 1812.7229497507305 0 1.061336e-07
63472118.0 0.0 1805.391025358905 0 0.00033795816
35154430.0 0.0 1809.203980371049 0 0.0010386929
374391716.0 0.0 1805.2649063899305 0 4.6451892e-10
347560231.0 1.0 1796.6617671260394 1 1.0
250863950.0 0.0 1812.3697054821498 0 4.3812694e-08
35024921.0 1.0 1811.5372008525453 1 1.0
292613020.0 0.0 1809.0990171451094 0 0.0005044215
77454066.0 1.0 1797.9538217951554 1 1.0
396325024.0 1.0 1798.013661331649 1 0.9999999
352810077.0 1.0 1793.7243924965135 1 0.99999744
426143816.0 1.0 1794.7843034868329 1 1.0
264302834.0 0.0 1805.1990683920765 0 6.5589325e-06
331551186.0 1.0 1805.2627877429575 1 1.0
192651412.0 1.0 1806.1409035854958 1 0.9997854
251658487.0 0.0 1796.8276125510442 0 7.631028e-06
264249642.0 1.0 1810.88642968647 1 1.0
275638034.0 1.0 1799.4517902510163 1 1.0
428390815.0 1.0 1795.2446833143308 1 0.99964786
327092844.0 1.0 1810.5569077181879 1 1.0
101037328.0 0.0 1805.4746827390525 0 0.001148652
395408162.0 0.0 1812.3681722882397 0 0.0003990655
288629022.0 1.0 1795.0367957977787 1 1.0
233719432.0 0.0 1812.343813349874 0 2.4173688e-10
229673190.0 1.0 1810.698983258512 1 0.9999996
229799968.0 0.0 1805.2195975661077 0 2.9727595e-08
259238677.0 0.0 1796.9075757955525 0 2.3406244e-12
326630427.0 1.0 1797.139048386928 1 0.9999966
403220303.0 1.0 1796.3478419810126 1 1.0
444113639.0 0.0 1793.327607306985 0 2.7265248e-17
184736774.0 1.0 1797.286766523183 1 1.0
376298461.0 0.0 1808.9519927667754 0 1.724232e-06
343465961.0 0.0 1793.324710303601 0 4.920594e-08
52034693.0 1.0 1799.2227641956488 1 0.9999851
349976631.0 1.0 1806.3035600519308 1 1.0
275361038.0 1.0 1806.3469751128991 1 0.9999998
284214915.0 1.0 1806.0558933292875 1 0.99999994
319918348.0 0.0 1796.6396255594095 0 0.00046520866
403873760.0 0.0 1805.2647591096832 0 2.332179e-06
240891698.0 1.0 1811.4731711431211 1 1.0
435745260.0 0.0 1793.3047473028498 0 0.00032432575
250747121.0 1.0 1795.494793188951 1 1.0
367333600.0 1.0 1794.7838586072228 1 1.0
370688453.0 1.0 1794.9316223861945 1 1.0
240982932.0 1.0 1798.619448115236 1 0.99999803
308291638.0 0.0 1812.390002385842 0 1.0740664e-10
370951651.0 1.0 1810.2651444026806 1 1.0
348509982.0 1.0 1798.2027242713912 1 0.9999999
420900038.0 1.0 1800.364116404507 1 0.99997884
229771286.0 1.0 1811.282027408096 1 1.0
366117573.0 1.0 1805.638727470377 1 0.99999994
268516426.0 0.0 1800.4093719587006 0 7.953535e-06
376038929.0 1.0 1793.5964253309498 1 1.0
327730967.0 0.0 1793.1406955704492 0 2.8801912e-07
241140473.0 1.0 1795.7236957701496 1 1.0
402373908.0 0.0 1796.6413144731214 0 0.00050320994
348021019.0 0.0 1793.3275744714108 0 2.8080335e-18
331207347.0 1.0 1794.1190546194705 1 1.0
250712045.0 1.0 1795.223959375213 1 0.99997306
230123115.0 0.0 1805.1979682759643 0 2.3588068e-08
415961061.0 1.0 1797.8281650597978 1 1.0
423953959.0 0.0 1796.8253017451348 0 7.016916e-07
270656988.0 1.0 1795.6597551309249 1 1.0
236889847.0 0.0 1808.844966411653 0 8.828108e-07
237252708.0 0.0 1805.199476692946 0 4.371069e-12
374702218.0 0.0 1808.9108229601559 0 5.479794e-07
336539909.0 1.0 1796.596448431868 1 1.0
240998575.0 0.0 1808.8691908623653 0 7.4939715e-05
241112788.0 1.0 1800.1820391109327 1 1.0
331784082.0 1.0 1799.5147446800645 1 0.9998866
376039083.0 1.0 1793.9297634293137 1 1.0
20771698.0 0.0 1793.140738969497 0 0.00017269436
22942969.0 1.0 1794.16223006792 1 1.0
233202047.0 1.0 1794.7189787303657 1 1.0
328997916.0 1.0 1798.5948053286143 1 1.0
247400181.0 1.0 1810.3079742795073 1 0.99999976
129902079.0 1.0 1798.8493698382163 1 1.0
191725141.0 0.0 1812.369287544103 0 5.8979813e-12
94547394.0 1.0 1806.0787968678048 1 0.9991897
399795259.0 1.0 1805.742726295284 1 0.9995357
410237933.0 0.0 1805.2001965874094 0 1.708672e-05
406899365.0 0.0 1812.3680412862932 0 0.0016098239
229506841.0 1.0 1799.9281177304676 1 1.0
252817841.0 1.0 1798.4946032125968 1 0.9999897
371008358.0 0.0 1805.5149941442376 0 4.6169822e-05
410553028.0 1.0 1795.494643383366 1 1.0
104066685.0 1.0 1794.0988793189601 1 1.0
436937635.0 1.0 1810.3913379960954 1 0.9999998
83901967.0 1.0 1797.8893053493846 1 1.0
292823501.0 0.0 1805.2240267583657 0 1.1044592e-11
240991300.0 0.0 1808.8900244807026 0 0.00024375244
372788920.0 1.0 1798.7645037002874 1 0.99999493
357047118.0 1.0 1797.2601632581914 1 1.0
398306925.0 0.0 1812.3672283331764 0 0.99999267
241096955.0 0.0 1808.8904499726339 0 1.4774671e-05
387998423.0 1.0 1805.6789699532198 1 1.0
395653848.0 0.0 1805.222249419039 0 2.819312e-12
373704964.0 0.0 1809.1604207559192 0 0.00033994773
186762155.0 1.0 1810.4327922327113 1 1.0
237219972.0 0.0 1794.199449887491 0 3.3777476e-06
366108257.0 1.0 1796.9726447640992 1 0.9999999
348309175.0 0.0 1805.202818588209 0 1.7748196e-05
67711929.0 0.0 1793.1410455812704 0 0.0006077753
52260830.0 1.0 1798.035474179319 1 1.0
279783181.0 0.0 1796.9096031973988 0 3.873698e-08
357590680.0 0.0 1809.1396798615096 0 3.585227e-05
299492187.0 1.0 1798.0127520132285 1 1.0
348135324.0 0.0 1805.2235595926686 0 8.197426e-07
269913134.0 0.0 1800.1413804500487 0 6.6548114e-11
116370996.0 1.0 1799.7448657775838 1 1.0
85591216.0 1.0 1799.3287696510342 1 0.99964684
327008633.0 0.0 1808.8486349691418 0 3.9972653e-07
270725969.0 1.0 1799.3470907113717 1 1.0
54051951.0 0.0 1793.139414941718 0 8.447542e-10
389464375.0 1.0 1810.5352616771977 1 0.99736124
67660597.0 0.0 1805.307729284383 0 6.7474524e-05
50615604.0 1.0 1810.3690318573017 1 1.0
397926054.0 1.0 1798.0144124018982 1 0.9999999
269101075.0 0.0 1796.9095071838574 0 5.8424186e-14
322056447.0 0.0 1805.2417411117738 0 0.0009769222
34854963.0 0.0 1796.7248180103443 0 0.0005825066
130089272.0 0.0 1812.724276005648 0 0.00086433435
286240608.0 0.0 1809.0161591514495 0 0.00076029665
230001021.0 0.0 1812.3858313214982 0 1.9799256e-12
256661035.0 1.0 1798.865837168424 1 0.9999986
424277703.0 0.0 1808.9106732576988 0 0.00050827663
264912503.0 1.0 1795.0778019245085 1 1.0
405621717.0 1.0 1796.203119939201 1 0.9998196
427590219.0 1.0 1798.0967354711645 1 0.99999994
251325954.0 1.0 1805.4944041779029 1 0.9999987
417764939.0 0.0 1805.2216363287073 0 6.7186924e-08
441763501.0 1.0 1810.4694875944667 1 0.99999917
255866485.0 0.0 1805.1994579428429 0 1.363126e-14
21023317.0 1.0 1810.9744348072977 1 0.99999964
82240511.0 1.0 1795.8687774943935 1 0.99999994
302546370.0 1.0 1799.223779043806 1 0.9999996
83972041.0 1.0 1798.4515595723956 1 1.0
194813094.0 1.0 1795.1201659064352 1 0.99928725
376849011.0 1.0 1811.4692261914413 1 0.99992216
354476188.0 1.0 1811.3257125258963 1 1.0
332870266.0 1.0 1798.473308963066 1 1.0
356699780.0 0.0 1812.3647382360853 0 1.8317563e-05
377307906.0 0.0 1805.1983359359017 0 3.1948104e-11
65350258.0 0.0 1808.9326081161466 0 0.0007318593
63585561.0 1.0 1794.7453490230723 1 1.0
192736246.0 1.0 1811.4950204001916 1 1.0
410238053.0 0.0 1808.8459510449663 0 2.409613e-05
238769619.0 1.0 1795.3907149027118 1 1.0
117619327.0 1.0 1797.03650128112 1 0.99999774
12488194.0 1.0 1795.9730866716493 1 1.0
265384170.0 1.0 1810.9736840119642 1 1.0
390663014.0 0.0 1805.2650483062632 0 0.00012375599
311233370.0 1.0 1805.8234358889993 1 0.99999976
326634540.0 0.0 1808.8471648681775 0 3.7279614e-07
396449567.0 1.0 1810.6184570300109 1 1.0
308721541.0 0.0 1797.0153982466336 0 0.0001126339
444112191.0 1.0 1798.1818733079979 1 1.0
405794529.0 1.0 1793.9086104761038 1 1.0
334801215.0 0.0 1812.387670688353 0 1.12878555e-17
288624796.0 0.0 1793.140749901709 0 0.00081676187
396299458.0 0.0 1812.930655421463 0 6.8100635e-06
26392753.0 1.0 1795.9537400252461 1 0.99997663
441795027.0 0.0 1808.8448781590207 0 1.2429938e-09
332687102.0 1.0 1793.2650754378053 1 0.99999994
285167164.0 1.0 1811.0776455292923 1 1.0
367334334.0 0.0 1808.8670295118075 0 6.376314e-12
420393578.0 1.0 1806.0141631676954 1 1.0
321724494.0 0.0 1805.2416509133595 0 1.8131181e-13
251116926.0 1.0 1798.0360170406418 1 1.0
346674638.0 1.0 1811.0995948862098 1 0.9995382
321825581.0 0.0 1809.1999463318245 0 5.0611932e-09
410651644.0 1.0 1797.390451956685 1 1.0
285909383.0 0.0 1808.9521270897292 0 2.8172594e-06
350734770.0 1.0 1793.3870752331134 1 0.9999994
279921346.0 0.0 1796.8048079716903 0 0.00017311412
375853516.0 0.0 1796.8255678374983 0 4.5348572e-14
375719827.0 1.0 1794.3256204617899 1 1.0
250454268.0 1.0 1811.4944792066217 1 1.0
445483401.0 1.0 1799.1818071072971 1 0.99999964
370847962.0 1.0 1811.473383018983 1 1.0
235942843.0 0.0 1796.637067039263 0 0.00019832165
332804344.0 0.0 1805.5149080696317 0 1.0122468e-05
256428331.0 0.0 1805.2417898777105 0 2.034824e-11
417832396.0 1.0 1793.1620583079973 1 1.0
292520007.0 0.0 1808.8697594951439 0 2.7561071e-05
72083045.0 0.0 1812.6606651617901 0 9.6709165e-15
317708745.0 0.0 1812.4715654073457 0 2.8463402e-11
256416606.0 0.0 1812.7018988251255 0 1.3323663e-08
368312092.0 1.0 1796.5552887606673 1 1.0
63466006.0 0.0 1809.0992246091646 0 0.0010003963
219794529.0 0.0 1808.885249520951 0 5.086356e-06
417333013.0 1.0 1795.7015000825625 1 1.0
5735456.0 1.0 1798.787148431397 1 0.9999989
359584236.0 0.0 1808.843818473499 0 0.0002509228
316320759.0 1.0 1794.0359764282396 1 1.0
431900282.0 0.0 1808.870160737166 0 0.001225478
316047081.0 1.0 1796.1819225125946 1 1.0
233608478.0 1.0 1806.0733386111172 1 1.0
280260187.0 0.0 1808.9313764523786 0 0.0018440246
399761735.0 0.0 1805.2008434120114 0 1.5203852e-05
372789078.0 0.0 1809.0145082424938 0 5.1078523e-08
200774792.0 1.0 1796.7868949880688 1 1.0
83972584.0 1.0 1798.3682155213417 1 0.9999999
370516152.0 0.0 1808.8900536512676 0 4.7919443e-08
229474989.0 1.0 1793.7614424679682 1 1.0
177993784.0 1.0 1795.4743268484588 1 1.0
199617322.0 1.0 1798.759771355134 1 1.0
61010410.0 1.0 1795.266469384812 1 0.9999852
201186407.0 0.0 1812.620447191646 0 0.00060650357
137263395.0 1.0 1794.5139073691744 1 0.9999828
366124483.0 0.0 1808.8431604977372 0 6.177172e-10
445132434.0 0.0 1812.7019577430306 0 0.0004804289
351878278.0 1.0 1795.9725588606232 1 1.0
331748279.0 0.0 1793.3046381794925 0 2.6017669e-10
398105150.0 1.0 1794.9726561220425 1 0.99999994
428664438.0 0.0 1812.3889481157394 0 2.0825948e-10
233531243.0 0.0 1812.4692625438888 0 1.0058438e-05
26498937.0 1.0 1795.0578391370989 1 1.0
301338226.0 0.0 1812.3488044441588 0 9.864846e-05
353551702.0 1.0 1796.514416891221 1 0.9999994
317512062.0 0.0 1793.4091908423477 0 1.3560135e-17
346120142.0 1.0 1793.4732036980517 1 0.9999996
428706982.0 0.0 1808.846869353653 0 4.9024297e-06
372497842.0 0.0 1805.5142848748435 0 3.9061808e-07
241111570.0 1.0 1793.6403188442778 1 1.0
53961649.0 1.0 1799.3688048557437 1 1.0
54523829.0 0.0 1809.2018946318663 0 0.0013075137
240901555.0 1.0 1793.286182302801 1 1.0
265429233.0 0.0 1796.9094552472018 0 1.5160024e-06
230091823.0 1.0 1795.6563738205018 1 1.0
94372523.0 1.0 1796.724477866322 1 1.0
243277687.0 1.0 1796.0943536630914 1 1.0
22815019.0 0.0 1812.4119777668172 0 0.0012784067
378942024.0 1.0 1799.6601150107465 1 0.9575475
250744053.0 1.0 1796.203077021545 1 1.0
376676771.0 0.0 1812.3880200368776 0 8.106452e-07
374778630.0 0.0 1812.348496866122 0 7.005858e-05
377192025.0 0.0 1812.3438920658332 0 1.9538384e-06
436930028.0 1.0 1793.3705322989333 1 0.9999506
376231996.0 1.0 1806.2630399656323 1 1.0
256555639.0 1.0 1798.8241723945546 1 1.0
101259135.0 1.0 1796.1621070588085 1 0.99999994
390735522.0 0.0 1812.410828917626 0 1.3529247e-08
275062328.0 0.0 1812.6801957920238 0 7.5629775e-13
73565824.0 1.0 1793.2662026020942 1 1.0
52521425.0 1.0 1793.577018666473 1 0.9999222
399580151.0 0.0 1812.6616529134576 0 0.0007780805
372195923.0 1.0 1798.2651935739684 1 1.0
373232181.0 1.0 1796.3885519218181 1 0.9999994
420025122.0 1.0 1799.056091520888 1 1.0
346658674.0 1.0 1806.0140728867043 1 1.0
129902079.0 0.0 1805.5159768111766 0 1.910265e-05
377075568.0 1.0 1798.3674373820133 1 1.0
384816045.0 1.0 1794.4109147015845 1 0.9999522
449987191.0 0.0 1793.1395798609988 0 2.7527622e-09
352770261.0 1.0 1811.1183952764231 1 1.0
251600815.0 0.0 1812.3486488633503 0 1.8241501e-06
335037725.0 0.0 1808.846110831625 0 8.547258e-06
398265577.0 1.0 1797.2837009991576 1 1.0
256108894.0 0.0 1805.5561815364863 0 5.291343e-09
332375965.0 1.0 1799.4524305718367 1 0.99997956
308712011.0 1.0 1793.5985703263302 1 0.9999997
389693567.0 0.0 1805.3269374628771 0 5.1341012e-05
452880907.0 1.0 1805.9725025349871 1 0.9999997
229511624.0 1.0 1796.594907231109 1 1.0
368738288.0 1.0 1797.0139989065 1 0.9999998
71698199.0 0.0 1805.2443194600153 0 4.227675e-05
265308438.0 0.0 1796.825048479623 0 0.00042451132
376289868.0 0.0 1808.867201389783 0 1.4279837e-05
116989897.0 1.0 1793.6197821860637 1 1.0
346021008.0 1.0 1800.556678667542 1 0.9999903
410731150.0 1.0 1793.5155749274131 1 0.19864327
331213323.0 1.0 1794.82755586104 1 1.0
250746234.0 1.0 1797.9531688564125 1 0.9999999
405413202.0 1.0 1810.9747986066684 1 1.0
402846490.0 0.0 1805.2009998205301 0 1.597768e-10
298289622.0 0.0 1805.3431164160447 0 1.4910202e-05
400948624.0 0.0 1812.3492051966068 0 0.00059784146
441812491.0 1.0 1810.2195949602537 1 1.0
104146382.0 1.0 1798.6404274557606 1 0.9999892
307481084.0 1.0 1798.8074349975786 1 1.0
240873488.0 1.0 1805.7025728450494 1 1.0
403037892.0 0.0 1809.1406337359124 0 0.00030002597
327002250.0 1.0 1796.951842297792 1 1.0
264301081.0 0.0 1793.407541729776 0 2.8730037e-07
376843726.0 1.0 1799.3881899289324 1 1.0
138114716.0 0.0 1809.1205671076893 0 0.0005298301
428304744.0 0.0 1796.8904637036603 0 6.684112e-06
383674071.0 0.0 1805.198164947064 0 8.380604e-10
423030351.0 0.0 1808.869482460274 0 8.2545976e-13
256720880.0 1.0 1794.950384603985 1 0.99999475
264177021.0 0.0 1812.3667090917622 0 0.0006867272
453153922.0 0.0 1812.6810875379736 0 9.775386e-14
426147441.0 0.0 1800.3049542314532 0 6.3110673e-07
379377151.0 1.0 1796.8684609620452 1 0.99999917
323191761.0 0.0 1808.9709799579023 0 0.0010514236
251815089.0 1.0 1799.0570734371747 1 1.0
327570310.0 1.0 1811.411155759088 1 0.99661595
444596356.0 0.0 1805.8271541631682 0 1.0226333e-07
52341315.0 0.0 1793.1393611589247 0 0.0013290694
422607630.0 1.0 1805.909209689948 1 1.0
308294275.0 0.0 1812.3899648089762 0 1.7375944e-15
381804180.0 0.0 1809.1618966098067 0 0.00041875918
354798745.0 0.0 1808.8490764665157 0 0.0005597624
219880348.0 0.0 1805.1981834732837 0 3.6447815e-12
449999349.0 0.0 1796.7021305850476 0 0.0002482938
399084672.0 0.0 1809.1606894346658 0 1.4566437e-05
52636840.0 1.0 1794.5354707434267 1 1.0
354473925.0 1.0 1810.4736986627415 1 1.0
21149241.0 1.0 1810.1555237968773 1 1.0
388526700.0 1.0 1798.2631816610406 1 0.9999993
85400687.0 0.0 1793.141355875855 0 0.00035280554
10346984.0 0.0 1809.0355451223484 0 1.0587875e-09
388508051.0 1.0 1796.6380860381523 1 1.0
315917180.0 0.0 1812.34540632606 0 6.034399e-14
326999702.0 1.0 1796.8477259272172 1 1.0
357671841.0 1.0 1798.5148474909975 1 0.9999999
292469458.0 1.0 1795.3074963201943 1 1.0
284921350.0 0.0 1805.556045806885 0 3.9736445e-09
288851273.0 1.0 1799.1603040381142 1 0.9999548
241115630.0 1.0 1793.7446488964986 1 0.9999757
372133964.0 1.0 1805.70030932196 1 1.0
35027041.0 1.0 1793.162262931021 1 1.0
371008358.0 0.0 1812.6607525628474 0 0.00024942055
235938869.0 0.0 1812.3663593595495 0 2.4624222e-05
20770479.0 1.0 1806.0365934565582 1 0.99999976
347494001.0 1.0 1795.0573940385011 1 1.0
129688290.0 1.0 1810.6825964599993 1 1.0
445493196.0 1.0 1805.744345514839 1 1.0
366069438.0 0.0 1808.8884920600758 0 2.8405345e-09
52430192.0 1.0 1797.4313423317635 1 0.99999803
219870762.0 1.0 1796.0525474348847 1 0.9999971
407319154.0 0.0 1793.305444925718 0 7.6010693e-13
73522048.0 0.0 1805.5578297427837 0 0.00070528896
258775864.0 1.0 1797.7822892781544 1 1.0
445533207.0 1.0 1811.4318243734137 1 1.0
322055289.0 1.0 1806.1792358153702 1 1.0
417667304.0 0.0 1812.3673956833957 0 6.0309846e-13
400505163.0 1.0 1810.3274150223701 1 1.0
326856261.0 0.0 1812.3485711915364 0 2.785691e-06
394121705.0 1.0 1797.09498588931 1 1.0
249879393.0 0.0 1812.390503233076 0 5.2122783e-07
264076873.0 0.0 1796.6373970069087 0 3.387059e-05
427759460.0 0.0 1812.3676027476813 0 4.8471025e-05
359035765.0 1.0 1797.5141461675016 1 1.0
354183230.0 1.0 1810.9739992163784 1 0.99999833
252840221.0 1.0 1796.494589823065 1 0.99999964
428075672.0 1.0 1811.0779694037567 1 0.99999905
202926467.0 0.0 1796.6408629744665 0 0.00023552176
354546333.0 0.0 1805.2027549443717 0 5.6186775e-09
269820835.0 0.0 1812.3468114539257 0 0.00013757878
397917393.0 0.0 1793.305725507349 0 1.1138198e-12
116050831.0 1.0 1798.4113758477376 1 1.0
10791936.0 0.0 1797.847847099429 0 0.018427595
366504330.0 0.0 1793.3253729540174 0 2.8218556e-09
327258368.0 0.0 1808.8694878265142 0 3.2547925e-06
352035677.0 1.0 1794.9100698714838 1 1.0
367838290.0 1.0 1796.657236279165 1 1.0
444079306.0 1.0 1810.2028449707063 1 1.0
453013071.0 0.0 1805.5354319019148 0 2.9715902e-05
65749395.0 1.0 1797.994848471465 1 1.0
264248108.0 1.0 1796.3241922266325 1 1.0
366504330.0 0.0 1796.8253654709058 0 6.1919036e-06
372508222.0 0.0 1805.5558273640725 0 3.5302865e-08
387833965.0 1.0 1805.7414659230167 1 1.0
397798356.0 1.0 1806.1180790158608 1 1.0
229447803.0 0.0 1809.1568947631197 0 1.202992e-09
237117125.0 1.0 1797.239209650217 1 0.999999
250601664.0 0.0 1796.640590185348 0 1.1680839e-08
284455934.0 1.0 1798.9069301982202 1 1.0
251496887.0 1.0 1797.3484902785667 1 1.0
312544937.0 1.0 1798.4730273412533 1 0.9999999
400251675.0 0.0 1812.367891186447 0 3.484299e-10
252128466.0 1.0 1796.9106154323388 1 0.999995
329249157.0 0.0 1805.2388895424315 0 1.5487823e-16
351960181.0 0.0 1796.8056716645758 0 1.2718068e-07
129913816.0 0.0 1809.2867886713025 0 0.0009922581
326630427.0 0.0 1805.2014345372668 0 5.71036e-09
285683507.0 0.0 1805.264719972641 0 1.9050888e-09
367329364.0 0.0 1808.8461871337622 0 1.9553167e-06
252833791.0 0.0 1812.3906855941345 0 2.597722e-09
408094673.0 0.0 1812.3458115843991 0 1.5052825e-07
403332896.0 1.0 1810.907770742894 1 1.0
422385876.0 1.0 1811.4705754857346 1 0.99999845
445234461.0 1.0 1795.493944096551 1 0.9999997
72079821.0 1.0 1797.1191687290484 1 1.0
285738504.0 0.0 1796.6406097856272 0 0.0010039958
366470375.0 1.0 1810.908577931324 1 1.0
445295393.0 0.0 1800.1396377432209 0 7.3065635e-08
427474084.0 1.0 1805.5133457832096 1 0.9999996
240922295.0 0.0 1796.6403358719538 0 0.00037747505
312973583.0 1.0 1795.764841653127 1 0.9999963
320323424.0 1.0 1795.2816463094293 1 1.0
129909334.0 1.0 1794.91190497102 1 0.9999898
433971311.0 1.0 1797.4092127356773 1 0.9999847
368611425.0 0.0 1808.8889223926337 0 7.971478e-06
22815233.0 1.0 1795.078926689601 1 0.99999976
347768273.0 0.0 1793.3275607976768 0 8.342938e-09
258680192.0 0.0 1812.388986113393 0 0.00011872513
12903476.0 1.0 1795.3273901065463 1 0.9999987
400385986.0 0.0 1793.5558475323207 0 6.5452497e-09
422540420.0 1.0 1797.3689516445943 1 0.99950355
235935188.0 0.0 1793.1370891050071 0 2.6687162e-12
354791247.0 0.0 1808.9324559455256 0 0.00066153135
326962013.0 0.0 1793.1405174669212 0 1.6083796e-08
258829108.0 1.0 1799.5113103231758 1 1.0
198187903.0 0.0 1812.343371204179 0 2.7525018e-06
118338964.0 1.0 1810.51608831522 1 1.0
65281295.0 1.0 1796.5366186953736 1 0.99998766
445528023.0 0.0 1808.8484787003845 0 0.00034331687
366782088.0 1.0 1805.4295996255848 1 1.0
139408139.0 1.0 1811.1409960264957 1 0.99999803
366590181.0 0.0 1793.1377853857125 0 2.2172358e-14
118441967.0 1.0 1794.1413863781838 1 0.9999998
252841611.0 0.0 1812.3906515158187 0 9.358245e-07
289358749.0 0.0 1805.2012753211968 0 1.07236485e-11
421684975.0 1.0 1793.9522129278491 1 1.0
286413076.0 0.0 1805.2650220413143 0 0.0005073908
432092222.0 1.0 1794.3907357141118 1 0.9999485
367246552.0 0.0 1796.6380286545768 0 0.00042280726
450134765.0 0.0 1793.3275988613477 0 1.703531e-08
428661029.0 1.0 1797.638986267781 1 1.0
364121297.0 0.0 1796.8246892800896 0 0.00011385674
250454834.0 1.0 1810.4320161923192 1 0.9999957
85524941.0 0.0 1796.6413235780026 0 0.00050181383
240995020.0 1.0 1797.0987182797448 1 1.0
387696320.0 1.0 1797.9081490090634 1 1.0
367360176.0 0.0 1808.8880664124267 0 2.1851405e-07
354795273.0 1.0 1793.2863543350784 1 1.0
256412794.0 0.0 1812.9519356625856 0 2.5619187e-10
351553757.0 0.0 1808.8472492658202 0 0.0004247457
427866488.0 1.0 1799.8468953529234 1 1.0
283243957.0 1.0 1795.180979314751 1 1.0
316449921.0 1.0 1799.0361532240104 1 0.9999962
323125943.0 1.0 1796.8667538523644 1 0.9999955
250742583.0 1.0 1797.015526751877 1 0.9999998
420393578.0 0.0 1793.1393067222707 0 1.5360574e-10
73523720.0 1.0 1811.4952810094687 1 1.0
381592014.0 0.0 1805.5575708132267 0 8.5361546e-10
237114243.0 0.0 1808.8432486377787 0 0.00059986825
229648375.0 1.0 1797.0323973876812 1 0.9999997
333067722.0 1.0 1793.223298987023 1 1.0
354404238.0 0.0 1808.8486453705602 0 0.000101591955
326629304.0 1.0 1799.2848636994706 1 1.0
12225771.0 1.0 1797.0356942684905 1 1.0
332257870.0 0.0 1793.1398173747689 0 5.458327e-10
138018046.0 1.0 1810.453851706773 1 1.0
369731616.0 0.0 1812.7015525167537 0 5.0223553e-05
21022150.0 1.0 1798.6205157019956 1 0.99999815
230006531.0 0.0 1812.3444622040631 0 2.1706947e-07
450157798.0 1.0 1793.80691355735 1 1.0
129988007.0 1.0 1795.2035931420724 1 1.0
359343088.0 1.0 1799.243151300436 1 1.0
54052752.0 0.0 1805.6185651671926 0 9.7639124e-05
308720388.0 0.0 1812.3485017681608 0 5.0135688e-05
367463682.0 0.0 1805.2030113066292 0 1.9707384e-06
219738079.0 0.0 1812.343533637139 0 0.026844082
312976168.0 0.0 1809.2021058426583 0 1.6067232e-16
319599158.0 1.0 1811.3266858249315 1 0.9964055
203090766.0 0.0 1812.5990749522787 0 4.5735986e-05
395409158.0 0.0 1796.8056159128114 0 8.587069e-05
250524333.0 0.0 1812.3696160099382 0 4.2537515e-08
417701468.0 1.0 1799.803480103127 1 0.9999043
275854772.0 1.0 1811.4313164267785 1 1.0
279441950.0 0.0 1809.0559651326723 0 1.0246448e-05
370598467.0 1.0 1794.1193879023642 1 1.0
312340630.0 1.0 1795.09818407124 1 0.99807173
139505590.0 1.0 1796.9951507918447 1 0.9999843
65285254.0 1.0 1795.620070597304 1 1.0
104034595.0 1.0 1796.3279280347135 1 1.0
288408543.0 1.0 1806.3454116554765 1 1.0
292006771.0 1.0 1793.7865431288672 1 0.9999998
354845248.0 1.0 1810.61869575894 1 1.0
236889847.0 0.0 1812.3448942176306 0 1.2919905e-06
237116860.0 1.0 1797.3225844813892 1 1.0
116497006.0 1.0 1798.5781975470518 1 0.999206
417841294.0 1.0 1793.9742437309947 1 0.9999988
20801404.0 1.0 1794.9533713885592 1 0.99999994
20766043.0 1.0 1798.640916468276 1 1.0
420393578.0 0.0 1796.6392848522237 0 4.4310636e-07
420901037.0 1.0 1806.3847498660853 1 0.99992234
288536399.0 0.0 1809.140858018478 0 0.00039299784
444448076.0 1.0 1798.5560943497992 1 1.0
331860110.0 1.0 1810.53565557211 1 1.0
264174508.0 0.0 1812.3450233781848 0 1.2406501e-07
422562711.0 0.0 1796.909224899627 0 9.768375e-11
289623768.0 1.0 1796.447490335948 1 0.99999857
139464538.0 0.0 1805.578588598426 0 0.00013985115
302079289.0 1.0 1799.0571479423143 1 0.9999923
251435981.0 0.0 1808.848588938042 0 4.4671733e-06
353989378.0 1.0 1810.1349190484157 1 1.0
67631564.0 1.0 1797.0162139158435 1 1.0
377027389.0 1.0 1794.6591431338784 1 0.9999093
336540239.0 0.0 1812.3461225802043 0 3.53947e-06
240924874.0 1.0 1810.348270492403 1 1.0
54129839.0 0.0 1812.7645529333313 0 3.0062697e-12
274950225.0 1.0 1811.2845214841975 1 1.0
308367932.0 0.0 1805.2027934903192 0 3.597171e-11
397241626.0 1.0 1811.347877070327 1 1.0
374307857.0 0.0 1812.4107846002598 0 1.0843695e-09
194663265.0 0.0 1812.6620878364088 0 0.00047522108
327367339.0 1.0 1794.5560955067644 1 1.0
366714584.0 0.0 1808.8462039845049 0 3.3343665e-07
264845137.0 0.0 1793.1378411963017 0 4.9953544e-09
428258542.0 0.0 1808.8698713568895 0 1.7548002e-05
320183639.0 0.0 1809.1809286711818 0 0.000115044015
233051580.0 1.0 1797.8852909894972 1 0.99999994
351538646.0 1.0 1798.222440617619 1 1.0
332260437.0 0.0 1809.202216812391 0 0.0001423166
301740928.0 1.0 1811.140641310813 1 0.99999994
252840221.0 0.0 1805.2030720482571 0 4.1705712e-11
379607725.0 1.0 1798.055885587208 1 1.0
441742141.0 1.0 1796.2402997369081 1 1.0
82628548.0 0.0 1797.8481514412026 0 0.00056055904
250476986.0 0.0 1805.2028198433027 0 0.0001482641
238745406.0 1.0 1797.6824578281364 1 0.9978288
229590106.0 1.0 1795.5113781358834 1 1.0
367283166.0 1.0 1798.0756732435148 1 0.9999961
229998685.0 1.0 1796.5112787216065 1 0.9999973
373145877.0 1.0 1797.8883557425745 1 0.99999845
387999276.0 1.0 1811.3455484215665 1 1.0
354399795.0 0.0 1796.6405435207291 0 9.224139e-06
348614669.0 1.0 1798.2441740582487 1 1.0
46616324.0 1.0 1805.933148114784 1 0.9999999
268318466.0 1.0 1799.24130472153 1 0.9999452
435590228.0 0.0 1808.9291806993947 0 0.0006337832
200916812.0 1.0 1797.765997918264 1 1.0
229703605.0 1.0 1796.0526637201062 1 1.0
395769189.0 1.0 1810.909860613884 1 0.99999976
251149633.0 1.0 1805.2445730023417 1 0.9999994
422454680.0 0.0 1796.8250331281836 0 4.2157382e-05
445351233.0 0.0 1793.1398833930757 0 1.0649133e-14
412353000.0 0.0 1808.8876701173342 0 2.1707729e-08
29058289.0 1.0 1796.2038628275975 1 0.99994296
126027415.0 0.0 1809.349633212245 0 0.00085968827
249856791.0 1.0 1799.0571954161064 1 0.99773085
385045501.0 0.0 1805.2867977638289 0 8.431648e-05
28759028.0 1.0 1794.8075024829257 1 1.0
368728753.0 1.0 1811.139054683814 1 0.99999475
82011667.0 0.0 1808.848456848909 0 0.00019508695
83625098.0 1.0 1793.2643028964728 1 0.9999994
353929217.0 1.0 1794.8704633362065 1 0.9985533
376773631.0 1.0 1799.1591149064268 1 0.9999313
275421016.0 1.0 1810.491431762296 1 0.9999999
327124382.0 1.0 1794.5144902713066 1 1.0
83724610.0 0.0 1808.8681610372673 0 8.831082e-06
229937398.0 1.0 1796.5319975031487 1 0.9999999
389767650.0 0.0 1805.556436266367 0 1.1673838e-13
445142354.0 0.0 1805.660373043457 0 1.2593141e-07
356978150.0 0.0 1809.2809210729383 0 0.00055044505
22738919.0 0.0 1793.1413847080053 0 0.0007021761
335692090.0 1.0 1795.80475510929 1 1.0
353896432.0 1.0 1797.302048004493 1 0.9998441
286239722.0 1.0 1798.7246551286992 1 0.99999994
390927619.0 1.0 1798.431379401966 1 1.0
354926421.0 1.0 1810.2645439645112 1 1.0
186601097.0 1.0 1793.286814840783 1 1.0
67570629.0 0.0 1796.640912549593 0 0.00055715156
332149528.0 1.0 1793.4525485383697 1 0.9999994
240976971.0 1.0 1796.723537588202 1 1.0
241073627.0 0.0 1796.640173637128 0 0.00123403
186804244.0 1.0 1793.5160184076597 1 0.99999094
201001570.0 1.0 1798.4743611125414 1 0.99987125
356981516.0 1.0 1800.2601704510564 1 1.0
26502726.0 1.0 1798.182877376085 1 1.0
229643330.0 1.0 1795.0324258802075 1 1.0
343409467.0 1.0 1794.5121563831876 1 1.0
192841010.0 0.0 1809.0576350385165 0 0.00048688572
249952332.0 0.0 1805.2238279377625 0 3.835911e-07
293068905.0 0.0 1812.6615131855685 0 0.00058800995
400826646.0 1.0 1798.910790574806 1 0.9536401
35202211.0 1.0 1795.5579089997977 1 0.9999993
346022245.0 0.0 1796.8899727783473 0 0.00052927213
20768756.0 0.0 1796.6407688057807 0 0.0006065354
392570037.0 0.0 1805.239481197041 0 1.1794091e-09
387881576.0 0.0 1793.3249535894258 0 7.2999257e-10
368683921.0 1.0 1796.305909855374 1 1.0
63508433.0 0.0 1805.5160104130573 0 6.4296373e-06
428737364.0 1.0 1796.57606792237 1 1.0
354253270.0 0.0 1796.6403197240652 0 8.567306e-07
354013819.0 0.0 1809.2022595261767 0 6.690256e-05
354798745.0 1.0 1796.2446988674603 1 1.0
420288020.0 0.0 1809.2018241546732 0 0.00036395926
374786637.0 1.0 1795.3483413037452 1 0.9998497
319846728.0 1.0 1799.9520150319743 1 1.0
71926571.0 1.0 1797.4942886329427 1 1.0
286123416.0 1.0 1796.4313489216418 1 0.9999984
63719737.0 1.0 1796.7662061740555 1 1.0
347583014.0 0.0 1808.8692892130878 0 1.9783422e-05
428749676.0 1.0 1806.2634962500265 1 0.9999996
236982290.0 0.0 1808.845027656019 0 3.5766251e-07
320270508.0 0.0 1812.660114251266 0 4.411339e-08
408703366.0 1.0 1794.3465371227783 1 1.0
387563791.0 1.0 1798.3456249112314 1 1.0
358899929.0 1.0 1795.805202734245 1 1.0
275367941.0 0.0 1808.8470909648245 0 4.4919187e-07
403742835.0 1.0 1805.9112648519579 1 1.0
12909458.0 1.0 1794.3687679111756 1 1.0
52178333.0 0.0 1809.3685222215042 0 1.3232433e-09
428962867.0 0.0 1796.9090457699315 0 3.680958e-15
265196030.0 0.0 1809.1194755341078 0 1.7036504e-07
12800999.0 1.0 1796.5967736835455 1 1.0
233684141.0 0.0 1800.4269188362741 0 3.217622e-05
445430159.0 1.0 1810.8478224787832 1 1.0
94548312.0 1.0 1798.4536217939583 1 1.0
353238522.0 1.0 1799.1602323689247 1 1.0
196976276.0 1.0 1794.1404470660727 1 0.9999999
186937670.0 0.0 1805.557624544398 0 0.00038931318
369280326.0 0.0 1797.847743825452 0 6.9525695e-06
400812058.0 0.0 1805.285651977528 0 8.672718e-09
186912126.0 0.0 1809.057585194956 0 0.0005167629
376373526.0 1.0 1799.4090182916043 1 0.9999997
67391250.0 0.0 1809.2032507956912 0 1.2281954e-05
317781135.0 0.0 1793.3049190015463 0 6.9353644e-07
444627858.0 1.0 1794.743780956382 1 0.9999995
264224374.0 1.0 1796.8458503932143 1 1.0
390516045.0 1.0 1810.4941790368243 1 1.0
400245262.0 0.0 1805.22226016583 0 8.58327e-07
149852367.0 1.0 1806.0160969958224 1 1.0
284432363.0 1.0 1806.2434991256564 1 1.0
198457318.0 0.0 1812.426430235832 0 0.000489383
285270246.0 1.0 1797.391190773616 1 0.9999999
307636167.0 1.0 1796.3901046689755 1 1.0
395584718.0 1.0 1799.4723394493976 1 1.0
327089094.0 1.0 1799.2864885252227 1 0.99998033
5734416.0 0.0 1793.141360138874 0 4.9376857e-05
308618372.0 0.0 1808.8900950584095 0 3.8981752e-06
256456968.0 1.0 1797.3033212691028 1 0.99998546
65281034.0 1.0 1798.1408137430205 1 1.0
309129322.0 1.0 1810.661098768282 1 0.99961656
65356161.0 1.0 1797.2657607894214 1 1.0
403750431.0 0.0 1805.2026817734006 0 2.5714087e-38
20767198.0 1.0 1811.0158190855045 1 0.9999997
394091886.0 0.0 1808.8664841401135 0 7.1987495e-05
283024848.0 0.0 1805.2223477571167 0 7.049417e-09
262970270.0 0.0 1794.4056754824328 0 0.00059251935
321983526.0 1.0 1796.221033290162 1 1.0
444408005.0 0.0 1808.8890428029638 0 5.610733e-05
251714729.0 1.0 1794.3899584330256 1 1.0
82094001.0 0.0 1805.2648598540895 0 1.9351724e-05
269892765.0 1.0 1798.328808211842 1 0.99999964
376408914.0 1.0 1811.2838371716414 1 1.0
275136810.0 1.0 1794.9927135764058 1 0.9999951
367916000.0 0.0 1812.3466879904383 0 3.7773952e-07
13360021.0 1.0 1798.8065974989076 1 0.9995395
436848408.0 0.0 1809.0163041108854 0 0.00039771438
372505614.0 1.0 1794.1809821269999 1 1.0
77351883.0 0.0 1793.141240387072 0 0.0002650536
417482250.0 1.0 1798.7852937451396 1 0.9998662
449931115.0 1.0 1795.5361961031406 1 0.9950984
104307892.0 0.0 1793.327778392362 0 4.6088194e-14
54619508.0 1.0 1796.4938856218826 1 1.0
184678124.0 1.0 1796.9327587857026 1 0.9999946
237285803.0 1.0 1793.5953425639761 1 1.0
398074434.0 0.0 1809.0558868409923 0 3.8180733e-05
272538760.0 0.0 1805.2222334613457 0 3.8919272e-05
428458033.0 1.0 1793.972805216567 1 1.0
302773940.0 1.0 1799.4516867837465 1 0.9999987
301649441.0 1.0 1795.8904101382118 1 1.0
329248962.0 1.0 1798.280572847823 1 0.9999998
235952714.0 0.0 1793.1371158852553 0 0.0007438159
377104716.0 0.0 1812.6563005673565 0 2.5444266e-10
327013587.0 1.0 1795.7865612026624 1 1.0
319600299.0 1.0 1797.3269568362387 1 0.9999997
139430973.0 0.0 1805.4743948732591 0 2.6526377e-06
368611287.0 1.0 1793.9722258438842 1 1.0
278929589.0 1.0 1799.430902429726 1 0.9999986
84055883.0 1.0 1797.576571484449 1 1.0
230011190.0 0.0 1796.907077804536 0 4.818073e-06
408194873.0 1.0 1800.0788293014543 1 0.99999976
436933196.0 1.0 1799.3289561654517 1 0.9999999
424427029.0 0.0 1812.4285942130334 0 7.693637e-23
326535837.0 0.0 1812.3471455660656 0 3.5546992e-07
279192702.0 0.0 1809.2017499103843 0 0.00027731512
359250620.0 1.0 1797.5351014054756 1 1.0
370947639.0 1.0 1805.5984553203505 1 1.0
434887090.0 1.0 1811.1590948031671 1 0.99999946
423952295.0 1.0 1805.8252283538964 1 1.0
385255784.0 1.0 1795.1192636631674 1 0.9999283
291954501.0 1.0 1796.9741126345893 1 0.9999976
233732719.0 0.0 1805.2401134995237 0 1.28686324e-17
365735749.0 0.0 1812.3455705406795 0 1.5959717e-09
269039656.0 1.0 1798.7219962101904 1 1.0
219803316.0 1.0 1799.3019332483095 1 1.0
251593309.0 0.0 1805.2026465179094 0 3.8482185e-07
400336887.0 1.0 1796.9514868664533 1 1.0
233514389.0 0.0 1794.4056591129083 0 0.0006451095
129864835.0 1.0 1796.9743425235486 1 0.99998224
444756506.0 1.0 1795.160673722612 1 0.99999994
373456959.0 0.0 1805.2010805504594 0 3.8707554e-07
327188668.0 1.0 1799.015685333621 1 0.99972606
434723934.0 0.0 1812.3465709075836 0 1.7811934e-05
229948350.0 0.0 1805.2194442005073 0 6.160043e-13
323060437.0 0.0 1812.5125124422814 0 0.00014764855
435745248.0 0.0 1808.8466817768742 0 9.281857e-05
427473464.0 1.0 1794.8468105425566 1 0.99993676
288500479.0 0.0 1805.7033132245815 0 1.5495929e-05
202903640.0 0.0 1796.6409082885343 0 5.7653247e-05
308288288.0 1.0 1798.5362120883337 1 1.0
374298294.0 1.0 1810.4314422486245 1 1.0
278929672.0 1.0 1797.9100534077777 1 1.0
305394733.0 1.0 1797.4706368969123 1 1.0
178141302.0 1.0 1806.3079419232165 1 1.0
359677885.0 0.0 1797.968942077772 0 1.6308863e-05
366917981.0 0.0 1808.8462899527137 0 7.143111e-15
354255910.0 1.0 1794.2237538390946 1 0.9999998
192496629.0 1.0 1810.890989006744 1 0.9999764
435590191.0 0.0 1800.3250493984622 0 0.00014560577
264917454.0 1.0 1810.9320500097479 1 1.0
126023278.0 0.0 1812.8495170373715 0 0.00060206366
52425282.0 0.0 1809.493640059661 0 5.078263e-07
291840706.0 1.0 1796.0157304819916 1 1.0
233201781.0 0.0 1805.198210311287 0 2.3750214e-07
398286958.0 0.0 1796.6380129472914 0 3.960208e-12
384808035.0 0.0 1805.2027264678497 0 5.8269645e-05
233055311.0 0.0 1805.4896234873572 0 1.9527281e-08
379251709.0 1.0 1794.6810206708785 1 1.0
279193368.0 0.0 1812.6600012320625 0 0.00081229926
284605286.0 0.0 1805.5350879382172 0 1.7769388e-11
452885326.0 0.0 1809.1599837955537 0 6.7720124e-05
368021107.0 0.0 1793.4094093085903 0 3.921392e-09
400613911.0 1.0 1805.9526319906663 1 0.9976892
219797992.0 0.0 1797.968582490847 0 0.00035319035
407431975.0 0.0 1805.203080786022 0 2.8074695e-08
269708304.0 0.0 1808.8468671479384 0 6.351894e-11
49718546.0 1.0 1796.1398152740278 1 1.0
72088388.0 0.0 1809.1607923983868 0 4.3066426e-05
252848972.0 1.0 1794.682293117191 1 0.9999717
236780192.0 1.0 1805.7187289732892 1 0.99990773
235991281.0 1.0 1795.5539606840348 1 0.9999992
94368942.0 1.0 1796.3702968826353 1 1.0
12870455.0 0.0 1796.909284615195 0 0.0001587821
292726064.0 1.0 1810.3281007191417 1 1.0
365673252.0 1.0 1793.7831428362106 1 1.0
251119777.0 1.0 1797.0569119694217 1 0.9999999
275582418.0 0.0 1812.4312634571481 0 1.3416852e-05
398327163.0 0.0 1812.367175102768 0 4.118521e-05
312776148.0 1.0 1795.6188830421574 1 1.0
445288594.0 0.0 1809.3269799402735 0 3.544698e-12
383675933.0 1.0 1810.1564578669022 1 0.9999947
240993844.0 1.0 1793.9737104898402 1 0.99992526
428007141.0 1.0 1799.5968823073763 1 0.9999999
418111641.0 0.0 1800.3055193437235 0 3.8547273e-07
256719848.0 1.0 1798.5337000575857 1 1.0
315617593.0 1.0 1795.869504031848 1 1.0
129906798.0 1.0 1796.1619698350148 1 0.99999994
279926110.0 1.0 1796.5356145697356 1 0.9999999
275690797.0 0.0 1812.3440963943463 0 1.9703628e-05
264552077.0 0.0 1805.2234570741603 0 1.1180401e-09
137265019.0 1.0 1798.5555064335904 1 1.0
422978531.0 0.0 1796.6407183502884 0 0.00062151015
375651957.0 1.0 1811.5545241832583 1 1.0
375600883.0 0.0 1812.3461678570086 0 2.3035848e-12
297652268.0 1.0 1796.8478308040455 1 1.0
302622700.0 1.0 1798.6809925535497 1 1.0
250860873.0 0.0 1812.369630994811 0 4.6400178e-10
302159302.0 1.0 1795.1406502375164 1 1.0
94278396.0 0.0 1793.141002531641 0 0.0005629953
388001352.0 0.0 1805.3040356132587 0 2.0896272e-05
354379210.0 1.0 1798.0131642606245 1 0.99999565
399449530.0 0.0 1812.4103369313682 0 6.686001e-05
65354954.0 1.0 1796.6198708000327 1 1.0
407420628.0 1.0 1798.099108252579 1 1.0
408703648.0 0.0 1812.346732123403 0 4.7136902e-07
21124830.0 1.0 1806.1765023497196 1 1.0
250506248.0 0.0 1805.202818059678 0 9.3836555e-08
65647263.0 0.0 1805.2658504821861 0 0.000607068
219743911.0 1.0 1799.7598059305535 1 1.0
12323892.0 1.0 1795.9104179764781 1 1.0
326920516.0 0.0 1796.6405116113492 0 2.74529e-06
251713103.0 1.0 1805.9110003658354 1 0.9999999
139465772.0 0.0 1809.1202661305238 0 0.00080107385
269700744.0 0.0 1805.1992893157376 0 1.700288e-08
395925044.0 0.0 1805.2223604106414 0 2.1694461e-06
400948361.0 1.0 1810.1200771201518 1 0.9999989
286358692.0 1.0 1805.495396341513 1 0.9999999
130058966.0 0.0 1809.1201764670627 0 0.00046790484
192414419.0 0.0 1808.9118559608655 0 0.0006405941
251656307.0 0.0 1812.348550229811 0 6.239509e-06
377673668.0 0.0 1805.2218696105629 0 1.6602966e-06
186600148.0 0.0 1812.349390217397 0 0.00091994373
346119463.0 1.0 1795.2648975905952 1 0.99999946
331381156.0 0.0 1793.3897422174105 0 7.4344433e-09
219743966.0 0.0 1808.884919229474 0 5.4348853e-08
334491923.0 1.0 1794.1588609132116 1 0.9999998
347501177.0 0.0 1805.4534646912932 0 3.6110374e-05
351960181.0 1.0 1805.451519171689 1 0.9999949
350071311.0 0.0 1812.3456935998702 0 0.00036777675
118421181.0 1.0 1793.1830884577698 1 0.9999999
353684207.0 1.0 1795.5768169593207 1 1.0
418035265.0 0.0 1808.9534931357252 0 0.00063594995
52941152.0 0.0 1809.472866114662 0 4.7623457e-06
229453016.0 1.0 1798.1156204461731 1 1.0
71745456.0 1.0 1796.0775553691333 1 1.0
422660772.0 0.0 1808.8674812856968 0 1.1930726e-09
67515568.0 1.0 1810.2449057464125 1 0.9999999
191774184.0 0.0 1796.6405506975277 0 0.00011143972
251549942.0 0.0 1805.3279549356564 0 2.505636e-08
186984305.0 0.0 1812.8074564221813 0 2.4651972e-05
285675402.0 0.0 1805.244810275957 0 1.1567344e-12
331852103.0 1.0 1794.2007978793636 1 1.0
84220093.0 0.0 1805.243230933234 0 4.945599e-10
238793423.0 1.0 1798.8283316823456 1 0.9999438
240922958.0 0.0 1805.202639557763 0 9.947609e-07
372862659.0 1.0 1798.806489331296 1 1.0
258957263.0 1.0 1805.6781606893867 1 0.9999991
378925488.0 0.0 1808.847292971745 0 3.637398e-05
292938268.0 0.0 1812.6822922115477 0 0.0005697931
269665234.0 1.0 1810.1366543827085 1 1.0
72146422.0 1.0 1793.3692700472375 1 1.0
352117309.0 1.0 1796.1390425194174 1 1.0
269104472.0 1.0 1797.1803721000174 1 1.0
116374151.0 0.0 1812.4324214717738 0 0.0006094818
444666147.0 0.0 1812.68137601359 0 3.54966e-18
399132496.0 1.0 1799.9941342312343 1 1.0
381585037.0 1.0 1795.1410538614084 1 1.0
256929656.0 1.0 1799.1992537087767 1 0.9999941
376364878.0 1.0 1806.1588790028366 1 1.0
275419484.0 1.0 1798.5541602017852 1 1.0
453268379.0 0.0 1805.556584281594 0 1.5304522e-05
433143783.0 0.0 1805.4952648112815 0 0.00087941176
444666147.0 1.0 1799.827315488622 1 0.99999976
434539965.0 1.0 1795.805225133615 1 1.0
359248446.0 1.0 1797.3684239004672 1 1.0
428388929.0 1.0 1796.9114443265796 1 1.0
286174182.0 1.0 1799.70371261358 1 1.0
83140795.0 1.0 1797.8683179117227 1 0.999998
251304077.0 0.0 1796.890061128961 0 0.00038850773
301100724.0 1.0 1810.8071610015975 1 1.0
269516542.0 0.0 1793.409709764985 0 1.42665905e-11
250964652.0 0.0 1805.2029194520428 0 3.0685815e-06
177762383.0 1.0 1797.724525286555 1 0.9998029
445558560.0 0.0 1808.8484597307045 0 3.944307e-07
251814892.0 0.0 1809.5363272865968 0 0.00025027717
229937398.0 0.0 1808.8443196684455 0 0.00027676972
407354446.0 1.0 1810.6807078956908 1 0.9999929
453255825.0 1.0 1795.0148542109991 1 1.0
101257302.0 0.0 1805.537244539473 0 0.0007357099
264908916.0 0.0 1805.221416221311 0 2.0935627e-14
230004102.0 0.0 1805.2195515642445 0 1.2670921e-08
353483103.0 1.0 1797.03506198095 1 1.0
165502101.0 1.0 1797.3018197147076 1 1.0
192469855.0 1.0 1810.140965051891 1 1.0
327606431.0 0.0 1812.369527040933 0 0.00057082175
445339573.0 1.0 1799.3480857681232 1 1.0
379325503.0 1.0 1795.680941037535 1 1.0
368236561.0 0.0 1805.2220830241258 0 2.5895014e-08
421691676.0 1.0 1793.535581493716 1 1.0
332812687.0 0.0 1812.6604579991133 0 1.9767203e-06
291955034.0 1.0 1797.2032920324277 1 1.0
329288821.0 1.0 1798.363874622499 1 0.99999887
235987367.0 0.0 1812.4081231867603 0 9.079418e-09
400127078.0 1.0 1794.9509179177326 1 0.99999964
137082911.0 0.0 1800.3056785513666 0 3.446744e-16
356111878.0 0.0 1797.9683389557015 0 0.00040199136
201266486.0 1.0 1795.0159135756642 1 1.0
90648458.0 1.0 1794.6620580803046 1 0.99955976
235900826.0 1.0 1810.282889500605 1 1.0
104308566.0 1.0 1796.098671874752 1 0.9999996
400348885.0 0.0 1808.847211179 0 2.51864e-12
201037942.0 0.0 1805.203629888881 0 0.00013141255
435594384.0 0.0 1793.1375383185252 0 0.7899928
302141157.0 1.0 1799.2032632888577 1 1.0
352835398.0 1.0 1796.5141223105568 1 1.0
405482298.0 1.0 1798.6622150691635 1 1.0
302623269.0 1.0 1797.9726241412752 1 1.0
196893036.0 0.0 1812.348384691297 0 7.286571e-07
235983657.0 1.0 1795.3247236770756 1 0.9999991
233719821.0 0.0 1805.1981168027266 0 1.917614e-10
129982189.0 0.0 1812.6408020304746 0 0.00055317
394120946.0 0.0 1794.199186588018 0 1.15350176e-07
417843514.0 0.0 1793.1410760691151 0 0.00041184458
270007793.0 0.0 1808.8496654784233 0 0.0006156558
52522526.0 1.0 1805.8477867417992 1 1.0
199666744.0 1.0 1799.592962728447 1 1.0
28757422.0 1.0 1798.1200476217386 1 1.0
427519320.0 0.0 1800.4091762439355 0 2.5878562e-20
385200006.0 1.0 1793.9949777684917 1 1.0
348316603.0 0.0 1805.2234806903812 0 2.2027709e-09
250746187.0 1.0 1811.3072028753743 1 0.9999999
137908566.0 1.0 1793.661984263995 1 1.0
352835550.0 1.0 1805.8891707668408 1 0.9999612
366637868.0 1.0 1797.4919816142292 1 1.0
445528023.0 1.0 1795.5151935653635 1 1.0
186767719.0 0.0 1812.411909321216 0 0.0004309156
229643330.0 0.0 1808.8450012103751 0 0.00043071387
308960472.0 1.0 1805.577878805719 1 1.0
400734823.0 1.0 1810.9730633154165 1 1.0
289621931.0 0.0 1796.6768480701073 0 0.0005451862
178080594.0 1.0 1794.703473275732 1 0.9999991
235934001.0 1.0 1795.3245083798108 1 1.0
94670730.0 1.0 1798.849570598099 1 1.0
396532275.0 1.0 1796.5347627128717 1 0.9999979
229701637.0 0.0 1805.2404800832721 0 1.7798591e-15
241019013.0 1.0 1794.1818593651333 1 1.0
433496867.0 0.0 1812.4120051185573 0 0.0003074003
308533665.0 1.0 1794.5777528520644 1 1.0
427550560.0 1.0 1798.8675927549934 1 1.0
315730249.0 0.0 1808.8485422517729 0 1.5080786e-06
65649567.0 1.0 1799.8074189483468 1 1.0
368240927.0 0.0 1812.3677548557914 0 1.7992396e-15
403041738.0 1.0 1799.682280146853 1 0.999994
306553056.0 1.0 1810.7647275193738 1 0.99999976
229706100.0 0.0 1808.8655660410236 0 0.0004527054
264732493.0 1.0 1797.8692882793093 1 1.0
327604783.0 1.0 1810.452857913313 1 1.0
379252395.0 1.0 1797.1394063521648 1 0.9999994
427473603.0 1.0 1798.3884396213355 1 1.0
400669401.0 1.0 1811.2024852652 1 1.0
192836247.0 1.0 1795.9115605944044 1 0.9999586
369830392.0 1.0 1797.5353227450717 1 1.0
375656795.0 0.0 1805.242129739386 0 2.1652152e-06
279210810.0 0.0 1808.9102699182793 0 2.0240222e-07
301421405.0 0.0 1808.8488499231753 0 4.264357e-07
333870463.0 1.0 1800.1997856476291 1 1.0
408731262.0 1.0 1798.0964176270356 1 0.9999994
352776778.0 1.0 1797.118144796015 1 0.99925214
233050037.0 0.0 1794.4064050573222 0 0.00034868802
265197412.0 0.0 1800.390239831059 0 4.3254365e-09
445253223.0 1.0 1810.9518932586236 1 0.99999845
229465250.0 1.0 1799.8240466048399 1 1.0
117802168.0 1.0 1797.390509828537 1 0.9999999
101405451.0 1.0 1797.8705073867477 1 0.9999999
354253072.0 1.0 1793.5153127171695 1 1.0
292938268.0 1.0 1797.6408029186916 1 1.0
230070089.0 1.0 1811.2606770029806 1 0.99999785
285339084.0 1.0 1799.243504707485 1 1.0
420454310.0 1.0 1795.1807521306696 1 1.0
10510046.0 0.0 1808.9938280520694 0 0.008484
369994722.0 0.0 1793.1397768983709 0 1.5672974e-14
301913655.0 0.0 1805.2031406847914 0 4.3691998e-13
323055860.0 0.0 1805.220879952955 0 2.3641598e-05
288527254.0 1.0 1796.2617228961446 1 0.99999964
357100913.0 1.0 1798.843739565848 1 1.0
67765649.0 0.0 1812.474392527953 0 0.0006380706
280624277.0 0.0 1808.9104194640079 0 0.000508918
256508512.0 1.0 1797.241967484332 1 1.0
445608678.0 0.0 1812.3486092107476 0 1.5428171e-13
364186408.0 1.0 1796.429030276879 1 1.0
445133661.0 0.0 1809.1604367961465 0 7.3289294e-07
445375820.0 1.0 1797.702423153608 1 1.0
418220541.0 0.0 1805.2001106776008 0 2.4421652e-05
347564997.0 1.0 1796.661676548342 1 0.99999535
377606832.0 0.0 1793.4095062186595 0 7.343839e-12
428737982.0 0.0 1808.8885862489237 0 8.36947e-25
379165795.0 1.0 1810.1807442826653 1 1.0
372136154.0 1.0 1797.7212483435933 1 1.0
10972083.0 0.0 1812.4730150666107 0 4.8111633e-05
94371127.0 1.0 1806.1621199820136 1 1.0
374774403.0 0.0 1808.9107753808755 0 1.0974477e-07
250578040.0 1.0 1795.4111496991895 1 0.99837154
388504261.0 0.0 1808.8465386183736 0 5.136816e-07
332685563.0 0.0 1805.2650242593497 0 2.3663036e-07
229502772.0 1.0 1799.6364422391168 1 0.9999955
272048500.0 1.0 1810.555352507722 1 0.9999967
331847635.0 1.0 1805.3469931317663 1 1.0
441718331.0 1.0 1794.3027113984542 1 1.0
428049386.0 1.0 1797.848907993575 1 0.9999999
434723934.0 1.0 1796.3677326487227 1 1.0
375786456.0 0.0 1796.8255985345154 0 3.8511308e-13
51883112.0 1.0 1798.2018907572299 1 0.9999999
82095970.0 0.0 1797.847979011539 0 0.0004986609
283734531.0 1.0 1798.0766392798773 1 1.0
403336243.0 1.0 1810.764226961674 1 1.0
54522412.0 1.0 1797.3477347886528 1 1.0
245426282.0 0.0 1796.827738293015 0 1.1200841e-14
422989858.0 1.0 1799.4888592447373 1 1.0
357827287.0 1.0 1797.7644910984588 1 0.9999986
270327387.0 1.0 1799.0345881027354 1 1.0
377146412.0 0.0 1805.20072934499 0 3.259482e-05
395605396.0 0.0 1808.8473177290662 0 5.7345335e-07
245701625.0 0.0 1796.8277208080028 0 0.00032715144
229402752.0 1.0 1796.0737860903557 1 1.0
12903268.0 1.0 1795.431552674549 1 1.0
445318332.0 1.0 1810.1603348190442 1 1.0
327258586.0 1.0 1796.3071986545608 1 1.0
250860873.0 1.0 1798.5155782164065 1 1.0
275764063.0 1.0 1798.2017900460235 1 0.9999991
405461997.0 0.0 1800.4539736137342 0 4.1560474e-11
301739427.0 0.0 1812.3489181053462 0 1.2540742e-07
283738003.0 1.0 1795.4309037951632 1 0.9996017
372112312.0 1.0 1811.2234459473489 1 0.9953409
50192248.0 1.0 1797.0981996019661 1 0.9999998
53864130.0 0.0 1793.1394140801292 0 1.09039636e-13
275603383.0 0.0 1805.1998986968858 0 1.7651953e-09
285173025.0 0.0 1805.5994118905169 0 6.2912055e-05
83347824.0 1.0 1796.1184516949806 1 1.0
219849526.0 1.0 1793.2189545621143 1 1.0
251204655.0 0.0 1805.202903507698 0 0.00010595679
368372568.0 1.0 1810.930295268098 1 0.9999894
272625420.0 1.0 1805.7638449707651 1 0.9999999
322325511.0 0.0 1812.3875976269574 0 3.846773e-07
389916767.0 0.0 1808.8437380948792 0 0.00036422742
402442892.0 0.0 1812.428398002467 0 1.5251953e-16
301338156.0 0.0 1800.140561280089 0 8.314846e-10
292725056.0 0.0 1805.2240534014966 0 0.0002993471
236001043.0 1.0 1795.033160900496 1 1.0
284720720.0 1.0 1795.3061585182922 1 1.0
367006741.0 0.0 1805.2004710054846 0 2.579203e-09
400246637.0 1.0 1797.6598613602087 1 1.0
372501667.0 0.0 1805.535068808657 0 2.9093511e-05
256101052.0 0.0 1812.701886942569 0 1.9977089e-12
81451546.0 1.0 1799.4105670023646 1 1.0
387702651.0 1.0 1798.5540375910434 1 0.9999986
196948542.0 1.0 1797.5154403343508 1 1.0
219772326.0 0.0 1794.4060124404898 0 1.0970289e-05
421684343.0 1.0 1799.6814504096615 1 1.0
362260073.0 0.0 1812.3450318818707 0 2.669442e-10
250798686.0 0.0 1800.1822127635721 0 3.7341078e-11
298729586.0 1.0 1805.4895421160716 1 1.0
402810411.0 0.0 1812.451844117567 0 0.0012430584
316437797.0 0.0 1796.8901180493906 0 3.386167e-10
422427453.0 0.0 1793.3250513164955 0 7.2550392e-09
370945972.0 1.0 1810.7650269166197 1 1.0
406267319.0 1.0 1797.700232546509 1 1.0
409522234.0 1.0 1810.390767022293 1 0.9999996
431860012.0 1.0 1796.5365628665982 1 1.0
287151130.0 0.0 1793.1769482854222 0 0.00024540364
250659976.0 0.0 1808.869570687013 0 1.8008106e-07
301575757.0 1.0 1798.4531181695074 1 1.0
73727867.0 1.0 1798.6830136455665 1 0.99999976
326785892.0 1.0 1797.2642834873661 1 0.99999523
375072586.0 0.0 1805.20273791425 0 7.548494e-13
359334262.0 0.0 1805.222363799125 0 1.0329561e-08
432016632.0 0.0 1809.3076998573365 0 0.0006642577
265307600.0 1.0 1810.4500662913192 1 0.99999464
138116477.0 1.0 1805.6205306713623 1 1.0
138055117.0 1.0 1800.0162638200145 1 1.0
352928312.0 0.0 1812.5974794948258 0 6.3471336e-05
267882450.0 0.0 1805.1985978979587 0 8.9515055e-08
28909637.0 1.0 1810.2664261948244 1 0.99999976
116218115.0 1.0 1798.7240409834017 1 0.9999086
444523410.0 1.0 1796.4520741141819 1 1.0
192779786.0 0.0 1805.2658361639703 0 2.7403194e-10
286239722.0 0.0 1812.5368964211032 0 0.0006949182
400672334.0 1.0 1795.4312011686873 1 1.0
374615310.0 0.0 1808.848536716465 0 7.330821e-06
233212343.0 1.0 1796.573578185738 1 0.99999946
258958430.0 1.0 1810.886634284182 1 1.0
370760722.0 1.0 1795.4318783143622 1 1.0
34647589.0 1.0 1794.2663702416628 1 0.99997246
336089155.0 0.0 1793.3256532144364 0 4.3704342e-09
240867646.0 0.0 1808.8899051246392 0 0.00044113287
236816016.0 1.0 1797.3649179831748 1 0.9999994
233525922.0 1.0 1800.1983810640652 1 0.99988383
233576744.0 0.0 1808.8443035753446 0 0.00023173548
444113917.0 1.0 1794.6817879228117 1 1.0
284209781.0 0.0 1812.7641644008004 0 2.4385818e-07
332367595.0 1.0 1798.5358367341844 1 0.9999998
240940049.0 1.0 1805.9733308419973 1 1.0
82005597.0 1.0 1810.9733956571151 1 1.0
378534239.0 1.0 1805.4096642675001 1 0.9999869
245633586.0 0.0 1808.8695565934502 0 3.2963115e-08
192587735.0 1.0 1794.9117233156953 1 1.0
403332619.0 0.0 1805.1994124698099 0 6.064822e-08
138125163.0 0.0 1809.516389182501 0 0.0009670118
240763508.0 1.0 1797.1190707799572 1 1.0
307480468.0 1.0 1794.0365849181242 1 0.9999995
52183610.0 0.0 1805.6811480586443 0 0.00044778857
308956522.0 1.0 1793.8487335879188 1 1.0
400740141.0 1.0 1796.952341013014 1 1.0
378863199.0 0.0 1808.8471932780542 0 4.1688745e-06
63676031.0 1.0 1794.4954161344742 1 1.0
400743825.0 1.0 1799.2232780507093 1 0.99980766
398158881.0 1.0 1811.1391759799922 1 1.0
332374007.0 0.0 1805.5565720490752 0 0.00032027904
233621863.0 0.0 1812.3441032483129 0 0.0014790489
219873753.0 1.0 1796.9898799968992 1 0.999972
348765912.0 1.0 1794.4328483868555 1 1.0
26623000.0 0.0 1809.1204910321728 0 0.060758736
398021209.0 1.0 1797.2434807646166 1 0.9998995
302617953.0 1.0 1796.847814946276 1 0.9999962
427519017.0 0.0 1812.3465180590674 0 2.2689863e-13
444672785.0 1.0 1794.514675083497 1 0.9999539
67519745.0 1.0 1810.7240355084534 1 1.0
53708157.0 1.0 1806.4312369898485 1 0.9999997
235933312.0 1.0 1810.6373159079305 1 1.0
63676243.0 0.0 1796.6412206810785 0 0.00045331148
284048692.0 1.0 1799.1599921985212 1 0.9999999
377330765.0 0.0 1793.4091387604403 0 5.9521435e-17
270230875.0 0.0 1808.8469176754345 0 2.8614679e-05
348679280.0 0.0 1808.8695202327256 0 5.293424e-16
200737784.0 1.0 1795.2035166699995 1 1.0
424277703.0 0.0 1805.264816384316 0 0.00016696804
326817307.0 0.0 1793.41003360523 0 7.942647e-15
395520430.0 1.0 1798.138944032852 1 1.0
194609095.0 1.0 1798.2243855575434 1 1.0
275695227.0 1.0 1810.348005495173 1 1.0
420470524.0 0.0 1808.8889850182964 0 1.7920972e-09
410865445.0 1.0 1798.9948085948245 1 1.0
367095724.0 0.0 1805.221359888743 0 7.328657e-12
186762851.0 1.0 1798.4328219832414 1 0.99993247
444358462.0 0.0 1809.159937863272 0 6.956363e-06
207402722.0 0.0 1805.197225596595 0 2.3478556e-11
398075379.0 1.0 1806.2641734174654 1 1.0
435362311.0 1.0 1796.367831905399 1 0.99998724
229787746.0 1.0 1797.5530208997648 1 1.0
251360274.0 1.0 1805.4319344523683 1 1.0
29059895.0 0.0 1812.7664325323751 0 0.00044657005
331603658.0 0.0 1809.243823328825 0 0.00021392365
399207947.0 1.0 1795.22300247188 1 0.997309
373147876.0 1.0 1796.0341838366417 1 1.0
237197619.0 1.0 1794.178461594273 1 0.9779648
139461292.0 1.0 1793.4326702795493 1 0.99999994
407208197.0 0.0 1812.3680000754155 0 0.00036577028
292525417.0 0.0 1793.140870057587 0 0.00021770316
139535572.0 1.0 1793.2453402122649 1 1.0
116550420.0 0.0 1812.3697324318991 0 1.3652053e-10
320497858.0 0.0 1812.6809833066802 0 0.40977904
403429160.0 1.0 1795.1400404478088 1 1.0
453150474.0 1.0 1799.7648030124756 1 1.0
186596928.0 1.0 1798.7245530749237 1 1.0
274841110.0 0.0 1805.2011532523754 0 7.253209e-10
229439645.0 1.0 1805.5111610661381 1 0.99999774
441768186.0 1.0 1805.7613851943895 1 1.0
312852845.0 1.0 1797.8689549385156 1 1.0
322444203.0 0.0 1805.221054053817 0 6.485871e-06
370947467.0 0.0 1808.8900822369162 0 1.8798048e-05
431969624.0 1.0 1810.7033959200307 1 0.9999639
354131033.0 0.0 1812.536605203534 0 2.309929e-06
347425100.0 1.0 1793.8700929723411 1 1.0
308618435.0 0.0 1812.390015117466 0 5.052759e-05
387994159.0 1.0 1806.1373464861103 1 1.0
376354679.0 0.0 1805.2852130974368 0 3.968185e-12
297781311.0 1.0 1811.306071705186 1 1.0
346843561.0 0.0 1809.1598800596093 0 0.00067136774
282789488.0 1.0 1799.847465800955 1 1.0
270731261.0 1.0 1797.43050805463 1 0.9999999
249921967.0 1.0 1799.5571176209057 1 1.0
354174643.0 1.0 1795.8281404824493 1 0.99995327
402831735.0 1.0 1797.8049234936284 1 0.999942
233076423.0 1.0 1799.5313633545466 1 0.99999934
445354473.0 1.0 1797.493943264022 1 0.9999975
255803881.0 1.0 1810.1186186235218 1 1.0
452913492.0 1.0 1810.1602268569513 1 1.0
235990068.0 1.0 1797.845577381892 1 1.0
353696943.0 1.0 1796.3476304410478 1 0.99994946
445363889.0 1.0 1793.7646870928945 1 1.0
117265799.0 0.0 1805.2032353543725 0 2.666171e-07
410812779.0 1.0 1797.3487311752467 1 1.0
279288205.0 0.0 1812.3675348245945 0 2.2754527e-09
374134939.0 0.0 1812.5772114221 0 9.438364e-09
354466165.0 1.0 1796.911115178061 1 1.0
359129916.0 0.0 1796.909906829365 0 2.0464297e-06
264052922.0 0.0 1805.3665883253577 0 3.034458e-08
353483855.0 0.0 1808.9518787449936 0 0.00028026788
431893993.0 1.0 1793.8697524024549 1 1.0
279388205.0 0.0 1812.3675808755208 0 1.4078787e-09
265189652.0 0.0 1805.2219441868863 0 5.9771508e-09
381687259.0 0.0 1809.1410210860504 0 0.00076357205
455955987.0 1.0 1810.2214001653117 1 0.99999994
240823702.0 0.0 1812.3689453329523 0 5.4029215e-07
65279171.0 0.0 1808.9742268972257 0 0.00064582005
353381540.0 0.0 1797.8475371166005 0 6.8900945e-06
348521184.0 1.0 1795.7236665070043 1 0.9999426
82398035.0 0.0 1808.9106316927523 0 0.00043865043
366105704.0 1.0 1810.7432614458087 1 0.99999905
292324789.0 1.0 1796.2448387439347 1 1.0
341814845.0 1.0 1799.8431854218343 1 0.9999813
192593596.0 1.0 1810.6824787006378 1 0.9999995
233729853.0 0.0 1805.4479940086815 0 3.069139e-11
385245132.0 1.0 1797.7865767193418 1 0.99999994
200873044.0 0.0 1793.141020972804 0 1.6271051e-05
139506131.0 1.0 1798.3076896454588 1 0.99928313
399739308.0 0.0 1796.8046810939277 0 0.0005914287
301839649.0 0.0 1808.8488429196202 0 6.5948865e-05
362131922.0 1.0 1799.7394344924205 1 1.0
359035765.0 0.0 1805.222364476611 0 5.6534045e-05
387808343.0 1.0 1796.0957243831353 1 1.0
299331839.0 0.0 1805.5357176382192 0 5.8902024e-06
67635471.0 1.0 1793.2659633761716 1 0.9999997
250452231.0 1.0 1806.3069951189616 1 1.0
405584859.0 1.0 1810.6165794099088 1 1.0
229962453.0 0.0 1805.1987656531098 0 6.1293726e-09
139406919.0 1.0 1794.3285465440713 1 0.9999999
219428808.0 1.0 1793.9684985400197 1 1.0
316246858.0 1.0 1796.6402144906099 1 1.0
366779985.0 1.0 1810.6378894475547 1 1.0
178138398.0 0.0 1805.2244833766035 0 0.0005327272
116270235.0 0.0 1805.2031792505638 0 2.784746e-05
21031335.0 0.0 1794.4057500929628 0 0.00075319526
20801830.0 0.0 1808.9117328973255 0 0.0007264384
198186332.0 0.0 1808.8436365329685 0 0.00020462785
232607992.0 0.0 1805.197643189254 0 3.2707771e-06
326857402.0 1.0 1798.1821914876432 1 1.0
356056098.0 0.0 1808.844365841833 0 7.010344e-13
288345149.0 1.0 1799.8244117938998 1 1.0
347951190.0 1.0 1798.3066512798869 1 1.0
236890613.0 1.0 1806.1991549724296 1 0.9999658
427439249.0 0.0 1812.3673537599582 0 7.875019e-08
280132950.0 0.0 1812.4103765071304 0 0.00023490413
235991061.0 1.0 1810.4916116100335 1 0.9999953
427323656.0 0.0 1812.3673086657204 0 0.0022615371
347484337.0 0.0 1808.8484562058259 0 1.4097779e-10
370696018.0 0.0 1809.181593874182 0 7.775431e-06
184686035.0 0.0 1812.682389340453 0 3.9296952e-05
418085296.0 1.0 1798.9324689753137 1 0.99999946
250767066.0 0.0 1800.1404610535321 0 1.0867141e-11
65205361.0 0.0 1805.2658325448308 0 0.0005008393
334490408.0 0.0 1808.8669242317703 0 2.0776786e-14
413172096.0 1.0 1795.3046447758734 1 1.0
192838401.0 0.0 1793.1408798631837 0 0.0006385667
379248646.0 0.0 1794.3475535607336 0 0.0003691544
272732649.0 0.0 1805.2013403410515 0 0.0009042404
387675673.0 1.0 1798.283137675483 1 0.9999996
219894351.0 0.0 1812.365221603364 0 4.7615774e-08
445666260.0 0.0 1808.8484697155993 0 1.5146833e-05
286317131.0 1.0 1794.2663001654626 1 0.9999969
186742638.0 0.0 1808.849538428876 0 0.0008268452
252154065.0 0.0 1805.6188534596884 0 1.5969324e-06
403337962.0 1.0 1806.1393172415244 1 1.0
311929784.0 1.0 1799.5563394460116 1 0.99998325
376926539.0 1.0 1798.3858099739825 1 1.0
240918279.0 1.0 1797.0776771467345 1 0.9999961
348676140.0 1.0 1806.2027953324286 1 0.9999962
399585928.0 1.0 1796.6616185834996 1 1.0
177800448.0 1.0 1794.474434772517 1 0.9999993
238776669.0 1.0 1797.974310980519 1 0.99999994
285691407.0 1.0 1798.6398642703216 1 0.9999999
427548098.0 0.0 1800.4091937853277 0 9.463947e-08
126098160.0 0.0 1805.4747102593285 0 0.0097806435
259110245.0 1.0 1795.3280137506817 1 0.9999999
82240853.0 1.0 1795.639589519073 1 0.99999505
423033740.0 1.0 1796.5776971272912 1 0.99999696
332983286.0 1.0 1810.2022663656717 1 1.0
252866189.0 1.0 1794.5155310281168 1 0.9999819
396115493.0 0.0 1796.8055259908126 0 1.1991537e-07
67461088.0 1.0 1793.9744280420407 1 0.99999976
407159055.0 1.0 1799.8265172470335 1 0.9997694
194665311.0 0.0 1805.2037092786416 0 0.0005871002
354183708.0 0.0 1805.328102710874 0 3.806096e-07
229408771.0 0.0 1805.2195218301006 0 8.400724e-13
250709403.0 0.0 1800.1405339089154 0 3.7453053e-06
396452882.0 0.0 1808.9088706575044 0 1.4563882e-07
129822207.0 1.0 1797.95362347605 1 0.9999954
360020323.0 1.0 1805.407682402469 1 0.9999985
323142242.0 0.0 1796.6375741791837 0 6.135424e-05
321681351.0 1.0 1795.3251142110055 1 1.0
374029463.0 0.0 1794.3479685483826 0 8.596389e-06
192253254.0 0.0 1812.3493171490682 0 0.0004960556
376122880.0 1.0 1811.4105128581493 1 0.99999994
351549537.0 0.0 1796.9099017498045 0 7.007894e-06
20707145.0 1.0 1806.411733488135 1 1.0
308119982.0 0.0 1812.4732665597544 0 1.1706889e-12
352358427.0 1.0 1811.055861652066 1 0.9999997
441796790.0 1.0 1806.1362977563426 1 1.0
51952461.0 1.0 1810.9726682505043 1 1.0
400742797.0 0.0 1808.9315738047737 0 3.220963e-10
230128918.0 0.0 1808.843930822068 0 0.0003705669
233052028.0 1.0 1797.2395290465533 1 1.0
235931223.0 0.0 1808.9081268013033 0 0.00053402054
247013493.0 0.0 1793.2248354917494 0 0.00066311855
346782636.0 1.0 1793.3910304204626 1 0.9999999
90645609.0 1.0 1795.9120135616904 1 0.99999475
429001549.0 1.0 1805.533906276284 1 0.9998822
320493641.0 1.0 1811.389309944997 1 1.0
259036208.0 1.0 1799.5114134030046 1 1.0
249951515.0 0.0 1805.2030226601926 0 0.00012225546
323058876.0 1.0 1793.991750180466 1 1.0
251356078.0 1.0 1810.4320344046564 1 0.99999976
238778017.0 0.0 1812.3492417210518 0 0.00034604705
237255903.0 1.0 1798.8870499947866 1 1.0
351364605.0 1.0 1797.8056260100943 1 1.0
407493298.0 1.0 1799.0970360761216 1 1.0
366109182.0 0.0 1812.6807512225562 0 5.5974265e-08
229937458.0 1.0 1793.9695383535682 1 1.0
241134818.0 1.0 1798.9114353580405 1 1.0
288634851.0 1.0 1795.03271468314 1 1.0
329351229.0 1.0 1810.7388267047677 1 1.0
351876969.0 1.0 1794.1809189469166 1 0.99999136
245589652.0 1.0 1795.473488507547 1 0.99999774
332870514.0 0.0 1812.7022828424936 0 3.7387962e-15
250662613.0 1.0 1798.953065247008 1 1.0
178043173.0 1.0 1805.3286779946134 1 1.0
400948502.0 1.0 1797.0575785192666 1 1.0
428606311.0 1.0 1797.472200722201 1 0.999982
240882867.0 0.0 1800.1401192221979 0 9.442696e-05
71697808.0 0.0 1812.3900200728997 0 1.05885704e-07
71847196.0 0.0 1809.1816109812949 0 1.3535809e-05
398017574.0 0.0 1794.3474864473578 0 0.0008368786
366115711.0 0.0 1805.2220415690592 0 0.00097078364
232626808.0 0.0 1805.2809459008522 0 2.2384976e-08
420493687.0 1.0 1796.9097379255984 1 1.0
373704746.0 0.0 1812.452059651791 0 6.8588943e-06
22900833.0 0.0 1812.3495219262252 0 0.00076400035
71980235.0 1.0 1795.7026537263334 1 1.0
428071634.0 0.0 1812.3488752260007 0 1.6275052e-07
100999346.0 1.0 1796.1411578730842 1 1.0
237230354.0 1.0 1794.449419797798 1 0.9999453
390734825.0 1.0 1795.160663305218 1 1.0
436848926.0 0.0 1793.1414276814298 0 0.0004972805
422389865.0 0.0 1809.179063743074 0 1.3628179e-16
367417261.0 0.0 1812.3486390070357 0 1.7001718e-06
348438240.0 1.0 1798.7650242865411 1 1.0
390526915.0 1.0 1797.3273899705948 1 1.0
229744228.0 1.0 1795.9277562943096 1 1.0
219092532.0 0.0 1797.6984660713167 0 0.00010640928
403831420.0 0.0 1808.9937486973124 0 0.000946902
372058047.0 1.0 1797.5962340221802 1 0.99999774
288600444.0 0.0 1812.407951577887 0 5.0073327e-06
186600172.0 1.0 1798.3910917303635 1 1.0
285233603.0 0.0 1809.2018949470564 0 0.00017752056
351364107.0 0.0 1800.409776360906 0 1.8278879e-05
256206317.0 1.0 1800.0976225671086 1 1.0
238655167.0 1.0 1793.8071897491395 1 1.0
357740731.0 0.0 1797.847579187699 0 1.4302683e-12
301566719.0 1.0 1799.9113153595447 1 0.99999994
232616852.0 0.0 1808.8854868689957 0 2.2270508e-15
280035962.0 0.0 1812.3448701259983 0 7.727668e-08
10240617.0 0.0 1808.9104778521971 0 0.0012325512
400500239.0 0.0 1808.8692320827245 0 1.0015539e-07
237233098.0 0.0 1805.1996093371383 0 9.212184e-09
369087619.0 0.0 1805.2224640772688 0 7.663447e-13
367413485.0 1.0 1799.0570731104126 1 1.0
326555997.0 0.0 1809.264093093388 0 0.004664255
406963641.0 0.0 1812.6807285410982 0 9.910688e-07
445140600.0 1.0 1798.1813549031592 1 1.0
34620499.0 1.0 1810.2455438500115 1 0.99999815
366759941.0 1.0 1810.7003741000185 1 1.0
186746448.0 1.0 1805.9535716361174 1 1.0
251621620.0 0.0 1812.3904725159646 0 0.000109646506
52942889.0 0.0 1809.3270091389218 0 2.6881685e-06
251228690.0 0.0 1796.890174933769 0 7.721573e-05
52522362.0 0.0 1796.6395076927563 0 0.0002546687
77352946.0 1.0 1798.7454973769359 1 1.0
159509763.0 1.0 1797.886515211542 1 1.0
196884302.0 1.0 1795.2863096043448 1 1.0
312862575.0 1.0 1798.0982291340342 1 1.0
308782916.0 1.0 1796.0985643296915 1 1.0
410549837.0 0.0 1812.348581248059 0 3.739115e-09
137124485.0 0.0 1808.8682563379973 0 4.2115655e-10
65354954.0 0.0 1805.203362845012 0 0.0014634647
373236148.0 0.0 1812.3885562931162 0 1.3948737e-11
83530784.0 1.0 1798.0975421679034 1 1.0
65647263.0 0.0 1812.411735753402 0 0.0006221591
434533043.0 0.0 1805.2009139514387 0 3.6126885e-08
229409893.0 0.0 1805.198603983994 0 4.096033e-15
368023395.0 0.0 1808.8885697906856 0 4.4594137e-09
385555051.0 0.0 1809.2039535090669 0 0.0005938333
184680608.0 0.0 1812.7031643125383 0 0.0018970963
418700562.0 1.0 1796.534863660163 1 0.9999996
396299458.0 1.0 1805.8058486873888 1 0.9999994
433693404.0 0.0 1808.867315343724 0 1.4929635e-14
82094001.0 1.0 1797.72305917895 1 1.0
191703558.0 1.0 1794.557200752309 1 1.0
410238246.0 0.0 1805.2210428280714 0 2.326446e-14
400677633.0 0.0 1808.9105613332467 0 0.001415717
322266120.0 1.0 1810.158415721361 1 1.0
376118396.0 1.0 1799.3269777117366 1 0.7522076
298663328.0 0.0 1794.4062284286713 0 0.00024212571
53860786.0 0.0 1809.326813908003 0 0.00040236823
436857992.0 0.0 1812.6203817902717 0 0.00049677934
245400997.0 0.0 1805.2026128516363 0 1.4280353e-07
390050010.0 0.0 1797.8478082174631 0 4.349177e-05
192494845.0 1.0 1805.8910315230294 1 1.0
241137329.0 0.0 1793.1404832803253 0 2.258188e-17
191726615.0 1.0 1797.8905004669577 1 1.0
288600444.0 0.0 1805.2412030073008 0 8.9626235e-09
101255786.0 1.0 1806.245542456173 1 0.9999973
219113860.0 1.0 1797.7612273694813 1 0.99997497
415904454.0 0.0 1812.3488189752504 0 7.3961055e-05
26439243.0 1.0 1805.5579826466449 1 1.0
305564076.0 1.0 1796.8040257993237 1 1.0
420455609.0 0.0 1805.2214274596436 0 1.8959254e-05
347110104.0 0.0 1793.431010088812 0 7.549047e-06
34576161.0 1.0 1798.0163979209083 1 1.0
353778045.0 1.0 1798.718516727554 1 1.0
250522727.0 1.0 1796.1822719751783 1 0.9999998
387261892.0 0.0 1796.637415993383 0 0.0003254892
331365684.0 1.0 1806.2840430387375 1 0.99999905
53974288.0 1.0 1798.3895668596122 1 0.9998813
250776985.0 0.0 1796.6405268380993 0 2.1637268e-06
184588988.0 0.0 1796.6409913816804 0 0.00043036832
352900732.0 0.0 1808.8494924777026 0 0.0006341983
406677499.0 1.0 1798.2424434318714 1 0.9999916
279261247.0 0.0 1812.4309830922355 0 4.7234413e-12
366189548.0 1.0 1796.6602824682884 1 1.0
85593353.0 1.0 1798.5580289118411 1 1.0
287151130.0 1.0 1805.5728806700981 1 1.0
54993535.0 0.0 1809.202177380654 0 3.891215e-06
72088550.0 0.0 1809.1607984044088 0 0.00024545
283134835.0 0.0 1805.5561683717567 0 4.9950994e-08
53714098.0 1.0 1798.743850751158 1 1.0
192804146.0 1.0 1798.0575624592725 1 1.0
445178942.0 0.0 1809.1810958757417 0 4.4895118e-10
236786957.0 0.0 1797.9690386394248 0 5.2442733e-08
321825581.0 1.0 1805.5750125711434 1 1.0
26537443.0 0.0 1800.141248987566 0 8.631714e-05
200877900.0 1.0 1795.307572205675 1 0.9999952
385041366.0 0.0 1812.4325064285267 0 0.0006901402
385043137.0 1.0 1806.1617247066526 1 1.0
396298899.0 0.0 1809.3057615617613 0 1.4452655e-05
46427607.0 0.0 1812.8914466357926 0 0.0053400435
396487188.0 1.0 1810.59666490649 1 0.99998146
398266530.0 1.0 1797.6586685205637 1 1.0
317468012.0 1.0 1794.7840520706116 1 0.9999244
405321655.0 1.0 1793.8877541345532 1 0.99999917
428773302.0 1.0 1810.7216980250832 1 0.9998837
427767103.0 0.0 1805.2010878098415 0 1.030474e-13
385048597.0 1.0 1811.182744311965 1 1.0
275136662.0 0.0 1805.2011156270685 0 1.2934049e-05
359042640.0 0.0 1808.9722323304725 0 1.2643786e-08
104035630.0 1.0 1798.1196590142702 1 0.99996686
402810411.0 1.0 1797.7226353182264 1 0.039759893
383674728.0 0.0 1805.3230720313907 0 8.091308e-10
343412658.0 1.0 1799.074618176414 1 1.0
52526153.0 0.0 1809.306024568742 0 0.0055901688
406899460.0 0.0 1808.8681246523713 0 2.6088364e-05
10343822.0 0.0 1805.2856153600546 0 4.931413e-06
420288020.0 1.0 1796.5353114858474 1 1.0
77544026.0 1.0 1799.2872146363768 1 0.9999999
366779985.0 0.0 1800.1378914445584 0 1.3944507e-11
445410590.0 0.0 1793.1398711361971 0 8.440577e-08
399018039.0 0.0 1793.1400149964193 0 3.65483e-14
194658100.0 1.0 1795.1826285969835 1 1.0
288383205.0 1.0 1811.157780534382 1 0.9999987
219812434.0 1.0 1810.4061529875185 1 1.0
387998139.0 1.0 1799.5957397483703 1 1.0
194781550.0 1.0 1796.328502147837 1 1.0
331551030.0 1.0 1795.3045479275365 1 1.0
274948374.0 1.0 1796.9719149179343 1 1.0
353781664.0 0.0 1805.2392202210622 0 5.682656e-12
335964619.0 1.0 1810.8220914741553 1 0.99999994
396487188.0 0.0 1796.804770204404 0 0.00024663348
317031900.0 1.0 1796.6402565542094 1 0.9999968
428750898.0 0.0 1808.846744296638 0 3.854812e-05
288268718.0 1.0 1796.9909525325272 1 1.0
247012234.0 1.0 1796.933143318675 1 1.0
320497478.0 1.0 1806.1139278773865 1 0.9999997
284316014.0 1.0 1795.0560484656319 1 1.0
192933252.0 1.0 1806.1409308363113 1 0.99999976
258771780.0 0.0 1805.2614638595596 0 3.0883883e-05
245377299.0 0.0 1805.202846899765 0 9.167626e-06
219895311.0 1.0 1796.4690101245553 1 1.0
302070732.0 1.0 1798.182367752381 1 0.9979046
431874093.0 0.0 1808.9118950037557 0 0.0011497419
428383173.0 0.0 1805.2224273202462 0 2.270507e-05
327735146.0 0.0 1812.3487487224684 0 0.0002897415
406960606.0 0.0 1796.6393831262087 0 2.3576645e-08
376367045.0 0.0 1793.3255983056001 0 1.6247153e-11
12001796.0 1.0 1796.9105229897257 1 1.0
184732285.0 1.0 1811.2449927729865 1 0.99999994
403114692.0 0.0 1796.8245307614948 0 0.00014035199
410232617.0 0.0 1808.8667986739922 0 8.2517335e-09
421308025.0 1.0 1806.0941183554442 1 1.0
291884210.0 1.0 1793.78668328171 1 1.0
264917995.0 1.0 1795.6819643647377 1 0.99999994
264544411.0 1.0 1794.8042868902223 1 0.9999999
400155617.0 0.0 1793.3051300019206 0 1.0026394e-15
370763683.0 1.0 1805.2443736104071 1 1.0
250506049.0 1.0 1794.0153368462172 1 1.0
272330171.0 0.0 1793.409807789995 0 6.8735034e-10
366033349.0 0.0 1812.367684514095 0 1.6884816e-09
379598894.0 0.0 1794.3478098283808 0 0.013225224
335037725.0 1.0 1799.9713030746204 1 1.0
445360957.0 1.0 1795.3479925975585 1 0.99999934
398025929.0 0.0 1808.9936026508049 0 0.0005769856
53973931.0 0.0 1796.6395719254963 0 0.00054836425
278923875.0 0.0 1812.6602185021309 0 4.791844e-07
201376991.0 1.0 1798.3076128177056 1 1.0
359039683.0 0.0 1805.2431641198953 0 2.6616743e-07
237209325.0 1.0 1797.2202955943771 1 1.0
359339341.0 0.0 1805.2431443485202 0 3.7346526e-09
417485408.0 0.0 1805.2644021765789 0 2.8012013e-05
116409684.0 0.0 1812.348867544762 0 7.8441225e-08
83528424.0 1.0 1796.826676795251 1 0.99999946
359497366.0 1.0 1811.2393997296028 1 0.99997973
28910232.0 0.0 1812.683077073386 0 0.0007671213
192651412.0 0.0 1793.140740386895 0 7.74151e-05
385556396.0 1.0 1796.8704696176917 1 1.0
178045889.0 1.0 1793.349241608973 1 1.0
265060498.0 1.0 1794.4916356619485 1 0.99358994
307119640.0 1.0 1794.7443226842847 1 1.0
427545763.0 1.0 1797.4538938807743 1 0.9999999
251246679.0 1.0 1796.9108793833104 1 0.999998
229688549.0 1.0 1810.7808880191303 1 1.0
271753302.0 1.0 1798.7222977972003 1 0.99999833
444454334.0 0.0 1793.1393640511449 0 1.2148616e-06
232631089.0 0.0 1794.4058896322595 0 0.0010370985
13608268.0 0.0 1812.4108430335227 0 2.6028787e-10
346787628.0 0.0 1812.453604317867 0 0.0005649288
250749199.0 1.0 1805.765523097863 1 1.0
449987191.0 1.0 1810.597589913223 1 0.9999999
444596356.0 0.0 1809.4729425585454 0 9.075982e-06
311930276.0 0.0 1805.514568174873 0 5.6866415e-05
85489202.0 1.0 1796.2038129997393 1 1.0
321916167.0 0.0 1812.345721388542 0 0.00010157287
320377841.0 0.0 1805.5352513887233 0 2.725287e-10
389914002.0 0.0 1808.8433466506463 0 6.6190037e-06
67955850.0 1.0 1794.7867453276522 1 1.0
374917048.0 1.0 1806.0777436003598 1 1.0
385100596.0 0.0 1793.1407293860148 0 0.000683252
346656093.0 0.0 1809.3056679267902 0 7.975663e-05
240829983.0 1.0 1798.2026214597263 1 0.9681894
353781664.0 0.0 1812.3849314777203 0 2.3696756e-11
249894681.0 1.0 1811.1613123079983 1 1.0
192649619.0 1.0 1805.6618027470038 1 1.0
306553760.0 1.0 1794.765044965785 1 1.0
384807657.0 0.0 1796.8276038317404 0 0.0006876971
83523146.0 1.0 1798.7849310901738 1 1.0
34781193.0 0.0 1796.6414281475288 0 0.00060104404
388441088.0 0.0 1805.200476266006 0 3.966279e-08
312769926.0 0.0 1812.6810688915548 0 8.501258e-09
338157306.0 1.0 1795.2424045408472 1 1.0
433075908.0 0.0 1805.6826740212457 0 0.0003603878
323189838.0 1.0 1810.345936026369 1 1.0
269663675.0 1.0 1794.9494300639801 1 1.0
445366279.0 1.0 1795.9105601088809 1 0.99999976
418409922.0 0.0 1812.3472069631166 0 0.00020045106
368893419.0 1.0 1796.1389842530448 1 0.99998206
327297209.0 1.0 1793.7030883883062 1 1.0
238655860.0 0.0 1805.244536953706 0 3.3359804e-05
20894098.0 1.0 1797.536653264582 1 1.0
389545459.0 0.0 1805.5356083357983 0 1.4959144e-13
245536481.0 1.0 1793.515117366457 1 1.0
269703842.0 1.0 1794.6595538867025 1 1.0
252838174.0 0.0 1805.2238538376491 0 1.5072828e-08
63584281.0 0.0 1809.1201066545364 0 0.0007884184
369238838.0 0.0 1805.2852313532708 0 1.0337257e-06
392569148.0 0.0 1808.8434796268712 0 0.0012268084
435594240.0 0.0 1808.8458691356202 0 0.0003710526
331364868.0 1.0 1810.9922581940964 1 1.0
370347825.0 1.0 1795.202465101204 1 0.9999998
219812657.0 0.0 1808.843704996372 0 0.003822199
445109637.0 0.0 1805.6603395551683 0 0.0007806713
387877670.0 1.0 1806.428959944979 1 1.0
397241147.0 0.0 1805.2645338053583 0 5.452526e-08
237238590.0 1.0 1797.845427976322 1 1.0
77351883.0 1.0 1810.3703365783176 1 0.9999999
376366791.0 1.0 1811.3046419580246 1 1.0
415963300.0 1.0 1794.4324609533132 1 0.9999998
237203352.0 0.0 1812.3452111953338 0 1.1112101e-15
184657370.0 1.0 1794.4535409911973 1 0.99999976
368919231.0 0.0 1808.8682676628766 0 3.019234e-08
374479861.0 1.0 1793.515093916325 1 1.0
81912531.0 1.0 1810.785655977888 1 0.9998923
50945018.0 1.0 1797.181630236822 1 0.9999898
427755261.0 0.0 1796.909417822015 0 2.9096875e-13
387758745.0 0.0 1805.3039484004114 0 9.464254e-08
445196229.0 1.0 1796.8689153967216 1 1.0
407418902.0 0.0 1808.869726698973 0 0.00033026858
129907117.0 1.0 1798.391147533476 1 1.0
251175181.0 1.0 1810.2235489954317 1 0.99999934
350129648.0 1.0 1798.1999824458903 1 1.0
299440040.0 0.0 1805.2028667632676 0 3.339068e-16
278997002.0 1.0 1797.8056927874043 1 0.999994
376085503.0 0.0 1796.8052078722988 0 0.00027650778
240968630.0 0.0 1812.3483141331099 0 2.4833795e-07
426140192.0 1.0 1811.179770720337 1 1.0
441762659.0 0.0 1812.344732439734 0 1.053426e-15
372798658.0 1.0 1797.6188380008916 1 1.0
250601232.0 1.0 1811.5362978407145 1 0.99999976
435446518.0 0.0 1800.4093808911355 0 0.024855293
331793189.0 0.0 1805.2428040934292 0 8.378609e-13
433563497.0 1.0 1794.7661149926887 1 1.0
241032248.0 1.0 1811.5566171997918 1 0.9999996
233193894.0 1.0 1810.8858767109439 1 1.0
13456257.0 0.0 1794.3479322600542 0 0.00012174755
68039151.0 1.0 1805.641094862183 1 1.0
292200979.0 1.0 1794.494960000322 1 0.9999986
241074221.0 1.0 1806.2860679348523 1 0.99999875
250743350.0 1.0 1811.3904450184186 1 1.0
28909637.0 0.0 1793.1413536209345 0 0.0004999571
285085550.0 1.0 1810.7651757427557 1 1.0
240962269.0 1.0 1798.8484453099088 1 1.0
326819671.0 0.0 1808.847283705248 0 0.0003501519
65687856.0 1.0 1798.4741329273586 1 1.0
306564214.0 0.0 1796.640007253974 0 0.0006961228
423929529.0 1.0 1795.1996296575946 1 1.0
445616574.0 1.0 1793.5567622667613 1 1.0
311821944.0 0.0 1812.7018056712818 0 2.9174345e-09
250864528.0 0.0 1812.3696888176291 0 9.830188e-14
299332103.0 0.0 1805.5148843357993 0 1.0424887e-07
285035316.0 1.0 1806.0353100165105 1 0.9999998
376848788.0 0.0 1808.885942533833 0 1.1608255e-12
280317619.0 1.0 1799.2853443675447 1 0.99999714
199685245.0 0.0 1805.1971471166466 0 6.7333834e-15
65353238.0 1.0 1796.348986514589 1 1.0
245459588.0 1.0 1810.2445327599366 1 1.0
390526557.0 1.0 1797.3273989839997 1 1.0
394050555.0 1.0 1811.3456990587404 1 1.0
288622835.0 1.0 1794.1198556390923 1 0.137498
369029897.0 0.0 1808.868305769575 0 8.7843375e-14
283939546.0 1.0 1793.743532705605 1 0.9999976
410472445.0 0.0 1793.140263346961 0 1.5798494e-21
258701914.0 1.0 1805.5114942475916 1 0.9999993
118300960.0 1.0 1796.9330058033397 1 0.9999997
94336594.0 1.0 1810.620505909507 1 1.0
301262558.0 1.0 1796.369853488867 1 1.0
323400312.0 0.0 1808.846181338288 0 3.5243667e-07
405668127.0 0.0 1812.348780653031 0 5.872641e-07
374307857.0 0.0 1805.2649839344888 0 2.7998632e-13
404105255.0 1.0 1795.0960218471614 1 1.0
94725358.0 0.0 1809.2039207174187 0 0.0008834528
302088188.0 1.0 1796.4741369729063 1 1.0
200855360.0 1.0 1797.0785749024224 1 1.0
250803626.0 0.0 1808.848686795673 0 3.5529608e-06
219815015.0 1.0 1799.5313079144717 1 1.0
352515466.0 0.0 1805.2850846889307 0 4.6660347e-08
308785248.0 0.0 1793.1403196401493 0 2.1634546e-10
77174736.0 1.0 1794.453768210926 1 1.0
53014825.0 0.0 1812.8059500953805 0 1.2821253e-07
327295478.0 0.0 1805.2029239010546 0 1.733683e-06
291999091.0 1.0 1794.1823462340938 1 1.0
354744964.0 1.0 1794.5144682710024 1 1.0
77543148.0 1.0 1793.3079961926908 1 0.999999
364184877.0 0.0 1796.824887311127 0 0.00034866508
255972378.0 1.0 1795.3893195023632 1 1.0
449987191.0 0.0 1800.1394908555956 0 1.7755881e-05
347116431.0 1.0 1796.7851633941398 1 1.0
256721981.0 0.0 1796.825359562012 0 4.7189802e-05
83340134.0 0.0 1800.1392104707277 0 0.000659602
346926316.0 1.0 1799.3683974698388 1 1.0
420303412.0 1.0 1794.5332495028565 1 0.9999308
229977698.0 1.0 1795.2196074185551 1 0.99999005
83058270.0 1.0 1798.576736539272 1 1.0
346627320.0 0.0 1805.2663374410454 0 0.0004995805
229457242.0 1.0 1797.1989887960601 1 1.0
272134931.0 1.0 1794.8263559851155 1 1.0
54124771.0 1.0 1797.0146356476776 1 1.0
229590708.0 1.0 1796.761501800664 1 1.0
375905083.0 1.0 1810.6587471751086 1 0.9999993
367245170.0 1.0 1797.8254676960846 1 0.9999967
320047799.0 1.0 1810.1393257997192 1 0.99986666
184739114.0 1.0 1796.8494261099922 1 1.0
387561655.0 0.0 1812.3453619637294 0 1.0362118e-05
403520936.0 0.0 1809.056729327367 0 2.922901e-07
286639654.0 0.0 1812.348471028445 0 0.000186638
117490267.0 0.0 1796.8279270464734 0 0.00037670814
444365309.0 1.0 1805.3682425120298 1 1.0
90763724.0 0.0 1793.141074817832 0 0.0004608119
367144411.0 0.0 1812.346326441886 0 6.081298e-14
428383173.0 0.0 1812.3681329458877 0 0.0012554928
404393926.0 0.0 1793.3252273105948 0 2.2846576e-05
370857929.0 0.0 1805.514933821871 0 2.8529457e-06
390246523.0 1.0 1795.3478620220494 1 0.99999505
402208218.0 0.0 1805.4950020032672 0 0.00048812132
292722039.0 1.0 1795.3909146959418 1 1.0
427090982.0 0.0 1805.1999223998653 0 9.614761e-08
444492029.0 0.0 1812.7017495503467 0 7.0309625e-07
232634864.0 1.0 1799.3223943652513 1 0.999999
396208925.0 1.0 1795.1178640206606 1 1.0
400744294.0 1.0 1795.764909518509 1 1.0
229605375.0 0.0 1812.3659442891935 0 7.8704973e-16
184684359.0 0.0 1812.6408028973563 0 0.00084582757
139352404.0 0.0 1793.1409763580282 0 0.0004788851
192690272.0 1.0 1796.4742622044137 1 1.0
264739005.0 0.0 1812.4108231859796 0 4.0681238e-07
272532614.0 1.0 1795.8681727281241 1 1.0
418134659.0 1.0 1794.9306878798268 1 1.0
359483261.0 0.0 1794.4063980470498 0 0.00029715567
299436180.0 0.0 1800.3488347246737 0 5.2845376e-08
378468339.0 1.0 1795.930624025928 1 1.0
265097462.0 0.0 1805.20290456023 0 2.4577443e-05
316839069.0 1.0 1806.202837001932 1 0.99999857
389909640.0 1.0 1796.056325494277 1 1.0
22735738.0 1.0 1797.1622709345945 1 0.9999833
138125163.0 1.0 1805.891395508961 1 0.99999976
241049699.0 1.0 1797.0986980665502 1 1.0
423954138.0 0.0 1812.3876648616329 0 1.9138702e-16
272751309.0 0.0 1805.2812048910796 0 7.1683576e-07
388434752.0 0.0 1796.8048272577137 0 3.3158634e-07
269235540.0 1.0 1797.6179540930982 1 1.0
83053056.0 1.0 1795.139296699995 1 1.0
455961098.0 1.0 1810.9297131061458 1 1.0
418140826.0 0.0 1812.3679728699562 0 7.941355e-06
219900578.0 1.0 1800.1776690737909 1 0.9999768
250605587.0 1.0 1797.244611175163 1 1.0
233093902.0 0.0 1797.968798171007 0 5.051026e-10
237228300.0 0.0 1808.8453102224528 0 3.7730294e-09
327365295.0 0.0 1800.2852195592593 0 0.00045362677
353897321.0 1.0 1797.4894046526804 1 1.0
444527167.0 1.0 1811.2227800818184 1 1.0
396606311.0 1.0 1810.3891891258495 1 0.9999897
258803588.0 1.0 1799.594871929482 1 0.9999977
219878185.0 0.0 1797.6985246570775 0 1.5167485e-06
428210451.0 0.0 1808.849132290588 0 0.00050155836
83351459.0 0.0 1809.2015310128247 0 0.0005149205
431764216.0 1.0 1798.495134805392 1 1.0
326964593.0 1.0 1810.9110953505974 1 0.9999998
250499200.0 1.0 1798.3906246169568 1 1.0
436855249.0 1.0 1795.6830865884685 1 1.0
256563614.0 1.0 1794.3034111473812 1 0.99990845
427588106.0 1.0 1805.7216351099762 1 1.0
322391933.0 0.0 1808.845927381475 0 9.3243725e-15
434717882.0 1.0 1798.5968336559122 1 0.9999866
428483140.0 1.0 1799.8892246834007 1 1.0
264801594.0 1.0 1810.2860463152779 1 0.9377805
365673252.0 0.0 1805.1995852255964 0 2.946992e-09
139535266.0 1.0 1797.9120095738597 1 0.9999999
389964624.0 1.0 1799.927090471409 1 1.0
233198485.0 0.0 1808.8857083856153 0 5.6368914e-21
264405683.0 0.0 1805.220992900339 0 1.1048739e-08
375982652.0 1.0 1794.7839690750884 1 1.0
358824770.0 0.0 1808.8466139426298 0 7.352462e-06
431988112.0 1.0 1794.2031332104889 1 1.0
236982088.0 0.0 1808.865847889187 0 3.2165792e-10
229737720.0 1.0 1805.9903724902535 1 0.9999997
54618494.0 0.0 1812.702049189535 0 1.6238431e-06
415982164.0 1.0 1796.8282552768685 1 0.9999875
347577400.0 0.0 1797.848335964282 0 1.9325404e-07
285512509.0 1.0 1793.7862161753621 1 0.9999247
349978900.0 0.0 1793.3246177415897 0 2.096658e-12
229463961.0 1.0 1810.1779828001245 1 1.0
348669192.0 0.0 1805.2026435155124 0 3.899295e-08
50362630.0 0.0 1808.9107926737474 0 8.484011e-08
387448360.0 0.0 1805.2204606872695 0 0.0031801083
306563210.0 1.0 1795.8275392759256 1 1.0
289353720.0 0.0 1808.889063823023 0 1.2698404e-12
264192554.0 0.0 1805.2001063510984 0 2.8049865e-15
13701065.0 0.0 1794.3479549331196 0 3.3728185e-05
288470386.0 0.0 1793.136827847367 0 0.0011885082
256206548.0 0.0 1809.2017420790746 0 8.3262705e-07
250632099.0 0.0 1812.3696312529987 0 3.0404463e-13
28690841.0 1.0 1796.8075318999993 1 0.9999998
322382169.0 1.0 1798.700246900085 1 1.0
77353547.0 1.0 1810.641233821122 1 1.0
275765126.0 1.0 1799.0560458788468 1 1.0
343465424.0 1.0 1793.4705370257868 1 1.0
428119363.0 1.0 1796.9532091128785 1 1.0
230086038.0 1.0 1795.5313712474178 1 1.0
417334073.0 0.0 1812.3890983621482 0 0.0012524466
307598058.0 1.0 1810.1404378875125 1 1.0
196948284.0 1.0 1793.3279707040929 1 1.0
12830328.0 1.0 1796.66049639516 1 1.0
308716455.0 0.0 1812.3484646724025 0 6.9310196e-18
302159005.0 0.0 1800.3906892394248 0 1.0077635e-09
445515145.0 1.0 1793.4526056809893 1 1.0
366074571.0 1.0 1796.4303645097182 1 0.99999994
286118364.0 0.0 1812.4106525580964 0 4.412709e-09
353483868.0 1.0 1796.410093743774 1 0.999918
348305768.0 1.0 1796.7444734491658 1 1.0
84215051.0 1.0 1811.0556868728202 1 1.0
322326087.0 1.0 1805.825172456613 1 1.0
399077011.0 0.0 1793.1401856976802 0 3.5113363e-15
402204723.0 1.0 1810.7239158698292 1 0.9999967
286005545.0 0.0 1808.931474275377 0 0.0011570586
367910882.0 1.0 1794.0132824692348 1 1.0
288390651.0 0.0 1808.845228917463 0 4.6441236e-11
358940756.0 1.0 1795.5550049278233 1 1.0
235710175.0 1.0 1810.6575927225833 1 0.9999987
403572572.0 0.0 1812.389979497934 0 2.915104e-09
250749984.0 1.0 1796.411357601397 1 1.0
117039358.0 1.0 1794.3279508126109 1 0.99974316
333069322.0 1.0 1810.4315184550455 1 1.0
289354182.0 1.0 1796.659809147123 1 1.0
307203654.0 1.0 1806.369096948683 1 1.0
184736774.0 0.0 1805.5575196099883 0 0.0023470402
289088840.0 0.0 1808.8473105721835 0 2.3026548e-11
252812191.0 1.0 1810.9740191088094 1 0.9992168
230092490.0 1.0 1811.0938251734003 1 0.9999999
444721814.0 1.0 1794.9519351290699 1 1.0
280132950.0 1.0 1799.181085405769 1 1.0
338718387.0 0.0 1812.367136624086 0 5.9262914e-07
186620867.0 0.0 1808.9328174947411 0 0.0005176991
347577498.0 0.0 1805.3066922744165 0 1.3795623e-06
245477282.0 1.0 1796.327550313401 1 0.9999994
368023395.0 0.0 1812.3885236875549 0 1.744124e-13
240947496.0 1.0 1796.036141680319 1 1.0
377982815.0 1.0 1794.8262594254343 1 1.0
35114056.0 1.0 1796.3080448888222 1 0.9999996
198242039.0 1.0 1796.8433878412623 1 1.0
378469006.0 1.0 1796.6389438506837 1 1.0
399075008.0 0.0 1805.556627891953 0 3.245213e-08
406597100.0 1.0 1795.4302887687895 1 1.0
427646714.0 0.0 1805.2433286385242 0 3.246149e-11
406596531.0 1.0 1800.0552641645697 1 1.0
259035773.0 0.0 1805.219721418864 0 1.0433062e-11
117403657.0 1.0 1794.34880940952 1 1.0
84167346.0 0.0 1805.5349839623484 0 1.1792561e-09
308712323.0 1.0 1798.265235200858 1 1.0
289141364.0 1.0 1806.4097654542793 1 1.0
229782278.0 1.0 1798.969633990187 1 1.0
160550586.0 1.0 1797.5736401592526 1 1.0
367455923.0 0.0 1805.2212583451487 0 5.957507e-16
11332906.0 1.0 1795.2853733311804 1 0.9999999
229684969.0 0.0 1808.8640794668702 0 0.0008373716
192653365.0 0.0 1812.4116615309247 0 0.0008026437
305831965.0 1.0 1797.8899908133337 1 1.0
246975525.0 0.0 1808.849534445836 0 0.0006115332
10867335.0 0.0 1812.431389730308 0 1.1510979e-12
389903129.0 0.0 1808.993672365978 0 0.00029127425
445494939.0 0.0 1805.2234819519986 0 8.616369e-11
12550101.0 1.0 1796.5771773647668 1 1.0
374481212.0 0.0 1805.2026350998046 0 4.521014e-07
229685749.0 1.0 1798.8430930001816 1 1.0
284605286.0 1.0 1793.8059942122522 1 0.9999988
348316603.0 1.0 1794.0567478402331 1 1.0
279266822.0 1.0 1798.2015276251216 1 1.0
241032248.0 0.0 1793.1402264190808 0 1.8818137e-12
427867729.0 0.0 1808.8676238675741 0 0.00051725766
11155965.0 0.0 1812.4523192681338 0 5.938155e-07
376193476.0 0.0 1812.431265559836 0 6.4680935e-06
376774061.0 0.0 1805.2006801450846 0 9.2804904e-12
367070819.0 1.0 1797.013074616152 1 1.0
348234290.0 1.0 1795.3902014241908 1 1.0
370756231.0 1.0 1794.3275924915008 1 1.0
49937439.0 0.0 1808.9107030155478 0 0.00020459975
264699894.0 1.0 1810.950295952581 1 1.0
245705643.0 0.0 1796.8278170219253 0 0.00058139634
236969371.0 0.0 1805.1993044678516 0 0.00057968765
366073468.0 1.0 1799.88865247959 1 0.99999917
315756326.0 0.0 1793.1373431460215 0 5.4288957e-05
396470773.0 1.0 1797.5346456691193 1 0.99896324
417852492.0 1.0 1796.3265700473762 1 0.9999824
289536614.0 0.0 1805.3016236145263 0 3.9369256e-06
427512971.0 0.0 1793.4091925756 0 7.0867784e-19
73488298.0 0.0 1796.6412814451912 0 0.00038751843
347426578.0 1.0 1794.6408879664384 1 0.99997085
356862844.0 0.0 1805.1984901586704 0 2.9929118e-11
367334334.0 1.0 1799.242148796034 1 1.0
366476203.0 0.0 1805.3461276071193 0 2.844049e-06
116989469.0 0.0 1808.9532659156207 0 0.0005847628
237047947.0 0.0 1805.1993842717832 0 3.848847e-13
237279039.0 0.0 1793.4078116540286 0 3.914009e-13
350131938.0 1.0 1798.01283876896 1 1.0
285423993.0 1.0 1797.2446794588175 1 0.99999994
129763338.0 1.0 1797.6410373006258 1 1.0
279840730.0 1.0 1795.8272501873978 1 1.0
34749561.0 1.0 1793.4747602371465 1 1.0
272223802.0 1.0 1797.3473409749963 1 1.0
377255272.0 0.0 1812.385524055942 0 2.5400043e-10
407428238.0 1.0 1794.6803156450712 1 1.0
420654605.0 1.0 1805.721792547944 1 0.9999998
398338705.0 1.0 1810.7626180437596 1 0.9986387
12415594.0 0.0 1805.2857125029816 0 2.602169e-10
346717973.0 1.0 1793.8285873780248 1 0.9999752
396007878.0 0.0 1805.2014687112714 0 6.6096254e-05
264170681.0 0.0 1793.4074475835791 0 0.00011767557
368607348.0 1.0 1797.34726647515 1 1.0
271756175.0 1.0 1810.5970223037402 1 0.99999994
117495734.0 0.0 1812.3698151132699 0 4.3943505e-08
292470970.0 1.0 1799.3699317574617 1 0.99999994
186599765.0 1.0 1794.6202357961279 1 0.9999479
450004241.0 1.0 1794.1189376415107 1 1.0
286007239.0 1.0 1810.2023388436412 1 1.0
186967134.0 0.0 1805.4950463429434 0 6.047987e-05
83222077.0 0.0 1805.2223556052702 0 1.9434071e-10
251270856.0 0.0 1808.8486739044345 0 4.8315782e-05
417700830.0 1.0 1795.907709006711 1 1.0
396490668.0 1.0 1798.557529470119 1 1.0
312250970.0 0.0 1793.1397155372824 0 6.8214184e-10
308778838.0 1.0 1797.7028066470336 1 1.0
264726849.0 0.0 1812.3693541424634 0 1.0186608e-17
255863611.0 0.0 1812.366201979087 0 5.132073e-11
317836693.0 0.0 1812.3883079401696 0 0.00020753097
444332679.0 1.0 1811.409971722735 1 1.0
285533267.0 1.0 1794.8894695698991 1 0.99999946
229458009.0 1.0 1796.4697847229154 1 0.9999999
316953722.0 1.0 1794.3275886370354 1 0.99999976
259096715.0 0.0 1812.3447702789526 0 7.547037e-10
409713395.0 0.0 1796.8253437433896 0 0.00019839956
63676754.0 1.0 1793.1620376564902 1 1.0
387631445.0 1.0 1805.9288640057316 1 1.0
453014309.0 1.0 1810.8061349186853 1 1.0
422750826.0 0.0 1808.8472356351317 0 2.9215122e-05
21130365.0 1.0 1795.7247409957433 1 0.9999812
245464799.0 1.0 1811.494420195402 1 1.0
229412041.0 0.0 1812.3652325650828 0 1.3693061e-08
117663428.0 1.0 1796.6198029072514 1 0.9999997
11055693.0 1.0 1797.0562427123086 1 1.0
426082998.0 1.0 1810.3259878562128 1 0.99999493
445496494.0 1.0 1799.3484630149783 1 0.99999946
230383405.0 1.0 1797.9484591052042 1 0.9999994
384989742.0 1.0 1798.036657546349 1 1.0
198517139.0 1.0 1797.0514138634564 1 0.9999995
238771118.0 1.0 1795.7449430689971 1 1.0
428547777.0 0.0 1809.2642983972846 0 1.3616384e-12
259251778.0 0.0 1812.3907253487916 0 1.0242023e-08
13081670.0 0.0 1794.3480640550595 0 0.00025106993
270331501.0 1.0 1796.9096732498258 1 1.0
275420983.0 1.0 1811.5122428395314 1 1.0
434626013.0 1.0 1805.5759125585093 1 0.9999998
316623675.0 1.0 1798.8902929066842 1 0.9999998
229651191.0 0.0 1805.199334890137 0 2.9450606e-08
285786859.0 0.0 1805.264920902215 0 6.4675633e-06
177886801.0 0.0 1805.2244638988004 0 0.00022357618
279927545.0 1.0 1795.2855235759887 1 1.0
230380918.0 1.0 1796.219583649238 1 1.0
235945948.0 1.0 1798.4704853384467 1 0.99999994
54624637.0 0.0 1809.410252772613 0 6.744384e-08
331546423.0 0.0 1808.8668797223695 0 4.369994e-08
63404060.0 0.0 1805.4743099746504 0 0.00057091616
191769057.0 0.0 1805.223771910796 0 0.00046185128
279086014.0 1.0 1796.8265066916179 1 1.0
54369064.0 0.0 1793.1396833717592 0 2.8070755e-14
389973542.0 0.0 1805.5147451530017 0 0.0013861457
129762002.0 1.0 1797.224445153153 1 1.0
420843726.0 0.0 1793.1395224991666 0 2.9545257e-05
410237584.0 1.0 1794.9503888807258 1 1.0
192318362.0 0.0 1808.9116592390376 0 0.00092569273
422838727.0 1.0 1797.0555033575488 1 1.0
331814763.0 0.0 1812.3470777580899 0 2.955723e-09
375850981.0 1.0 1797.8672673724006 1 1.0
410546545.0 1.0 1798.5361877216135 1 1.0
238723149.0 0.0 1805.5365564230015 0 0.0008082396
184658972.0 0.0 1809.182424945801 0 0.000642586
444142359.0 1.0 1793.473593049933 1 1.0
284044554.0 0.0 1796.6392358704938 0 0.00021047046
359482562.0 0.0 1808.9270962824858 0 6.6895285e-05
445439566.0 0.0 1805.5149953037007 0 6.6329445e-13
219815015.0 0.0 1808.906287104486 0 8.664673e-11
370594119.0 0.0 1808.8484103221308 0 5.8087355e-08
279285973.0 1.0 1798.4724757391562 1 1.0
301839649.0 1.0 1795.702959500977 1 0.9999884
322388823.0 0.0 1808.8459097800803 0 9.316511e-08
397928557.0 0.0 1794.3476869067836 0 0.0057260836
186809114.0 0.0 1812.3703057083176 0 0.00029964492
311828730.0 1.0 1796.9520684258766 1 0.9999902
376843726.0 0.0 1805.2006398247797 0 1.19938e-11
354118916.0 0.0 1805.221057275738 0 6.342927e-10
436850576.0 0.0 1808.8704505419887 0 0.0006338695
250553211.0 0.0 1796.7237951077313 0 7.887102e-09
230076586.0 0.0 1805.1981078412657 0 4.1838972e-09
370598467.0 0.0 1812.3692390759568 0 8.398313e-06
241137329.0 1.0 1811.0778527839122 1 1.0
348021685.0 1.0 1797.035962766441 1 0.9999999
374480651.0 1.0 1796.2234658909472 1 0.9975406
278854318.0 0.0 1808.9517995330716 0 0.0010086808
347395622.0 0.0 1800.3276497700772 0 5.007205e-07
219848566.0 0.0 1796.6771247200481 0 0.0004713388
138122878.0 0.0 1809.1204696909354 0 0.00058622955
315822077.0 1.0 1805.3695958623043 1 1.0
357825368.0 1.0 1797.1811879236259 1 1.0
399208880.0 0.0 1805.3063404541567 0 2.8049203e-09
410704431.0 0.0 1812.3490665628465 0 3.0387503e-07
374702834.0 1.0 1797.5149813883124 1 1.0
307594213.0 0.0 1793.3277877063167 0 1.4869532e-10
278922614.0 1.0 1799.1811089957416 1 0.99889815
252814483.0 1.0 1797.5988034704983 1 1.0
308446598.0 1.0 1793.9321669140113 1 0.99999875
346846355.0 0.0 1805.2037344382004 0 0.00086970255
336539375.0 0.0 1808.8670363250942 0 1.0582594e-07
400677633.0 0.0 1805.2647367539178 0 0.00013857533
368597251.0 0.0 1808.8677862756554 0 3.884025e-16
390733454.0 1.0 1794.4731826245772 1 1.0
420452526.0 0.0 1808.8889895908962 0 1.7764934e-07
51042610.0 1.0 1799.2646520727135 1 1.0
312344983.0 1.0 1795.3690074323795 1 1.0
444112903.0 0.0 1805.2027225914653 0 2.3229088e-05
381687259.0 1.0 1793.1618721468226 1 1.0
398264569.0 0.0 1808.8666145357524 0 0.00053155987
177969189.0 0.0 1805.2661162513887 0 0.00059259613
367949619.0 1.0 1800.2425730171651 1 0.9999988
81821765.0 0.0 1812.410884666646 0 1.1108158e-06
292462641.0 1.0 1793.7031521734086 1 1.0
137126056.0 0.0 1805.2014736303688 0 1.1462841e-05
420470952.0 0.0 1805.2223437087357 0 1.489932e-09
265063020.0 1.0 1810.2008165620755 1 0.9998572
233077155.0 1.0 1797.4271006933545 1 0.99999607
13621230.0 1.0 1810.7022471683142 1 1.0
434626112.0 0.0 1812.346570526355 0 9.3992725e-07
83349574.0 1.0 1795.0142728180488 1 1.0
252098986.0 1.0 1795.3688822797642 1 0.9999998
177886801.0 1.0 1795.8285403505506 1 0.99999946
377307906.0 1.0 1794.5110261671646 1 0.9993455
289623768.0 0.0 1812.364251147271 0 7.5762847e-07
252828738.0 1.0 1797.5573387524748 1 0.9999995
264305859.0 1.0 1796.783403408199 1 0.9903515
396442496.0 1.0 1794.5128956732697 1 0.99998873
279845407.0 1.0 1795.9315604135445 1 1.0
28998249.0 1.0 1811.3081148355088 1 0.99999994
405794741.0 1.0 1799.0960171141808 1 0.9999969
192375836.0 1.0 1795.5574185104451 1 0.9999994
13775156.0 0.0 1808.9107699483159 0 0.002290889
275690639.0 1.0 1795.8443806604064 1 1.0
196845710.0 0.0 1812.3900438949288 0 0.0009386391
83904706.0 1.0 1797.9309899431703 1 1.0
406962924.0 1.0 1798.9726574322378 1 1.0
117270306.0 0.0 1812.348952346355 0 1.7865197e-05
417702994.0 1.0 1795.3257471985455 1 0.99998134
54993453.0 0.0 1805.55638532147 0 1.5363742e-13
400737801.0 0.0 1812.4522734358518 0 2.1881904e-06
405492210.0 1.0 1805.953937512534 1 1.0
229740254.0 0.0 1793.4070351461476 0 4.388381e-05
54884919.0 1.0 1798.6187602522343 1 0.99999994
323058876.0 0.0 1809.095823902032 0 5.5345257e-08
301912557.0 1.0 1798.3489909186499 1 0.99948525
71976852.0 1.0 1798.4733887931973 1 1.0
237237666.0 1.0 1795.4078466695848 1 1.0
186770500.0 1.0 1797.4743802835121 1 1.0
82398035.0 1.0 1798.5354525307284 1 0.9999995
259003334.0 1.0 1797.6364940673304 1 1.0
264678973.0 1.0 1811.0752627083223 1 1.0
83525725.0 1.0 1795.0974906868207 1 1.0
250506585.0 1.0 1794.8694888377647 1 0.99999124
265292826.0 0.0 1812.3485140111 0 6.8506974e-06
376848651.0 1.0 1795.8651733644083 1 1.0
240882665.0 1.0 1805.619170841448 1 0.9995746
390857560.0 1.0 1798.4312879354857 1 1.0
352809161.0 1.0 1795.9535802283374 1 0.9999979
331314111.0 0.0 1796.6399838528719 0 1.1570474e-05
375911768.0 1.0 1798.9714399315064 1 0.9999966
177991756.0 0.0 1793.141042501059 0 0.00056114036
63781622.0 0.0 1809.057644633026 0 0.0005001339
402977148.0 0.0 1808.8467587322523 0 1.92255e-05
397368109.0 1.0 1806.0580291109716 1 0.9995504
420110341.0 1.0 1796.1164563996615 1 0.9999994
63584575.0 1.0 1797.0786447863795 1 1.0
265293758.0 1.0 1794.598408795845 1 0.9999999
54262058.0 1.0 1806.0352321900612 1 1.0
445336581.0 0.0 1809.1812039683218 0 3.577711e-11
336122547.0 1.0 1794.4707616521277 1 0.9999999
400440479.0 1.0 1810.3274052553256 1 0.99999994
230395809.0 1.0 1794.5944711483178 1 0.9995742
435589948.0 0.0 1808.8467942211648 0 7.016791e-17
367753470.0 1.0 1811.0325629403828 1 1.0
256579869.0 1.0 1794.3045192140435 1 1.0
423952295.0 0.0 1812.9501176395565 0 2.4849376e-08
252195782.0 0.0 1812.6812828468228 0 5.6255647e-08
229980504.0 1.0 1810.6570463386274 1 0.99999994
367859105.0 0.0 1808.8466815122533 0 7.7824313e-07
444487133.0 0.0 1805.5350868020025 0 2.5658026e-06
343562430.0 0.0 1805.241216095084 0 8.201107e-11
13196860.0 1.0 1796.2022452293947 1 0.9999798
433693135.0 0.0 1805.2215743805639 0 0.00048621968
301643759.0 1.0 1795.5780919147644 1 0.9999999
445187532.0 0.0 1805.5563217157999 0 1.07555725e-05
377292900.0 0.0 1796.9067803780206 0 8.208521e-12
377035146.0 1.0 1799.2424743098027 1 0.9999988
192553942.0 1.0 1805.9950751566769 1 1.0
405668894.0 1.0 1811.5362736634343 1 0.99349874
376355459.0 1.0 1795.5141375066594 1 1.0
137058189.0 1.0 1796.9095585379964 1 0.99999934
101302409.0 0.0 1800.141397497246 0 2.0655565e-10
444588743.0 0.0 1793.1395179979438 0 0.00065351464
21017686.0 1.0 1805.2870992660587 1 1.0
250773561.0 0.0 1796.6404127533508 0 1.09677885e-05
186968436.0 1.0 1797.3493671614608 1 0.9999996
298599455.0 1.0 1798.0931747143218 1 1.0
395508745.0 1.0 1795.6389796281894 1 0.99994546
399857092.0 0.0 1805.2427885234117 0 1.6398145e-15
67635530.0 1.0 1793.307627910848 1 0.9999952
431969154.0 1.0 1794.9531147113005 1 1.0
200739100.0 0.0 1805.2661381273524 0 0.00031103517
250747121.0 0.0 1808.8488864212227 0 2.6308956e-07
82163508.0 0.0 1805.265034482747 0 4.2053957e-06
441737848.0 1.0 1805.2197991752087 1 0.99990445
322390336.0 1.0 1805.6376534811236 1 1.0
272785627.0 0.0 1805.1980218411318 0 7.5360936e-13
50695492.0 0.0 1812.4107942226346 0 0.00037713858
251786133.0 1.0 1798.2025526549369 1 0.9999943
399925056.0 0.0 1796.8050752775018 0 4.523413e-05
177824288.0 0.0 1812.495357158004 0 7.491221e-05
312059043.0 0.0 1809.4935318140433 0 8.003142e-11
445405072.0 1.0 1799.5563746082755 1 1.0
405626004.0 0.0 1805.2239869264295 0 6.036015e-09
453175969.0 0.0 1805.5355158486545 0 9.292973e-13
198212263.0 1.0 1811.2809440732049 1 0.99999976
337003738.0 1.0 1793.6173331011062 1 1.0
139580499.0 0.0 1812.5576018191437 0 0.00035885756
343466658.0 0.0 1805.199520181939 0 2.505249e-08
326920516.0 0.0 1793.1405370314571 0 6.463758e-15
433970898.0 0.0 1808.8465282905172 0 2.5538213e-06
12824047.0 1.0 1795.514555250188 1 1.0
10702178.0 1.0 1794.8272572386024 1 1.0
354782715.0 1.0 1811.0769674793128 1 0.9999988
237238149.0 1.0 1805.9704141720579 1 0.99997365
301739181.0 1.0 1811.4114235015945 1 1.0
359344439.0 1.0 1797.9932233176535 1 1.0
67521094.0 1.0 1796.016074368819 1 1.0
192772713.0 1.0 1793.890919009767 1 1.0
229784390.0 1.0 1799.3862726042973 1 1.0
301572524.0 0.0 1812.3904887686347 0 3.1296392e-17
322203043.0 0.0 1808.8458927208917 0 8.39437e-08
444836801.0 0.0 1805.5565105780324 0 1.6235832e-09
250709848.0 0.0 1808.8488086201166 0 0.00012744624
366581371.0 1.0 1798.7829988637861 1 1.0
138125367.0 1.0 1794.5162832753047 1 1.0
269104472.0 0.0 1805.201061727683 0 0.00034038263
369246625.0 0.0 1805.2644230628716 0 4.8293805e-05
367146924.0 0.0 1805.2214133695393 0 9.096044e-08
265071495.0 0.0 1805.2216139863401 0 6.819616e-07
444627858.0 0.0 1805.5562581869226 0 2.8485276e-08
399717223.0 0.0 1805.200982151194 0 3.793174e-07
319599315.0 0.0 1812.680815585778 0 3.347258e-11
351615184.0 1.0 1798.2641267486338 1 0.9999999
284811760.0 0.0 1793.1392312413407 0 0.0011121194
427769945.0 1.0 1805.4302145713996 1 0.99994564
245638319.0 1.0 1806.3903686269555 1 0.99939007
250661165.0 1.0 1795.7446746387973 1 1.0
251786133.0 0.0 1808.848513095719 0 4.9098744e-05
251298307.0 1.0 1797.640209354701 1 1.0
252126746.0 0.0 1805.5563197096196 0 2.2719744e-13
198516593.0 1.0 1797.9058173279413 1 0.999988
233236302.0 0.0 1808.8859448881783 0 2.321746e-15
233498931.0 1.0 1794.4275775330734 1 1.0
302148465.0 1.0 1795.9950638723178 1 1.0
388581730.0 1.0 1805.4505065225176 1 0.999996
305047853.0 0.0 1809.181355814507 0 6.502191e-05
428706277.0 0.0 1812.3468205898648 0 8.312545e-18
399740559.0 1.0 1796.2633812985648 1 1.0
84055883.0 0.0 1812.3472166846425 0 7.937234e-05
389915157.0 1.0 1798.176987500008 1 1.0
390521483.0 1.0 1795.306643999148 1 0.99999946
372640507.0 1.0 1796.4913434797058 1 1.0
399449997.0 1.0 1799.1811766922183 1 1.0
400613480.0 0.0 1805.223478534062 0 5.7094045e-08
378194502.0 0.0 1805.2011582324478 0 1.5467682e-13
428458522.0 1.0 1795.9727825038879 1 0.9999172
399447181.0 1.0 1796.910396321801 1 0.99999917
400897019.0 1.0 1798.3264246238298 1 1.0
410498550.0 1.0 1793.8072049966277 1 0.9999999
356893432.0 1.0 1797.3645272464153 1 1.0
233232997.0 1.0 1794.656523976408 1 0.9999999
22661968.0 0.0 1805.474226037399 0 0.0001885661
26530386.0 1.0 1797.3495898651115 1 0.99811345
73448905.0 1.0 1794.8079926613568 1 0.99999493
201240739.0 1.0 1795.8284252811732 1 1.0
85431635.0 1.0 1797.8287759223183 1 0.9999998
117617573.0 0.0 1793.140588444569 0 4.0709803e-17
332802700.0 0.0 1812.702302932905 0 2.0709241e-07
356975809.0 0.0 1805.218323116595 0 1.85129e-08
81750872.0 0.0 1808.9107215005236 0 0.000102253725
240793803.0 1.0 1794.5566657996649 1 1.0
367417542.0 1.0 1811.2236739514742 1 1.0
229483885.0 0.0 1805.198779929993 0 3.3857667e-10
292004169.0 1.0 1797.2658259817135 1 0.9999798
270437886.0 1.0 1795.9304246183594 1 1.0
275687911.0 1.0 1797.2612804459366 1 1.0
238745362.0 0.0 1812.6616239939212 0 0.00051867665
250918383.0 1.0 1799.0154738371778 1 1.0
81302179.0 1.0 1811.2856292981571 1 0.9999993
256100945.0 1.0 1810.701927044076 1 0.99999774
378283636.0 0.0 1793.4098680537445 0 4.490825e-16
250686151.0 0.0 1793.1403867363401 0 1.5840302e-15
431839149.0 1.0 1805.8702049671447 1 1.0
11233927.0 0.0 1812.410674688242 0 0.00028506643
229951035.0 0.0 1796.9069118172965 0 0.00020575675
436879227.0 0.0 1796.641437435176 0 0.00026226233
118418619.0 1.0 1795.2247344749157 1 1.0
366714555.0 0.0 1808.8670320190688 0 1.3495069e-16
353935927.0 1.0 1799.8018769978557 1 0.9999971
375081930.0 0.0 1805.202639619379 0 3.1142406e-07
229448349.0 1.0 1805.8653331060652 1 0.99999994
77633791.0 0.0 1808.9745903441335 0 0.0005514898
10346984.0 1.0 1799.6605590784684 1 1.0
392536382.0 1.0 1805.9480065925816 1 1.0
408580118.0 0.0 1805.2646386240835 0 5.3810487e-05
240957999.0 1.0 1806.244212562248 1 1.0
308527098.0 1.0 1794.1403584730033 1 1.0
326918763.0 0.0 1805.2237830537943 0 0.0008041733
302074432.0 1.0 1797.223959589176 1 1.0
269890059.0 1.0 1797.307963497388 1 1.0
251467384.0 1.0 1806.0362025912739 1 0.99999976
331508564.0 1.0 1793.9525655805703 1 1.0
286002069.0 1.0 1797.243868295008 1 0.9992233
359483336.0 1.0 1797.0313421254089 1 0.9999896
186744946.0 1.0 1797.474423718588 1 0.99999833
403572572.0 1.0 1796.8276095644112 1 0.99999994
186719254.0 1.0 1797.1827880165652 1 0.99999994
376200464.0 0.0 1794.3476360321035 0 2.1147083e-05
279499733.0 0.0 1812.4519323146644 0 0.00034821464
13770801.0 0.0 1805.2650158144359 0 6.515908e-05
51963510.0 1.0 1795.0145773592317 1 1.0
278923875.0 1.0 1798.4727389501345 1 0.99999917
73692255.0 0.0 1793.1412066882879 0 0.00032354228
334806256.0 0.0 1812.3460143038128 0 1.7584108e-07
284141104.0 1.0 1797.6185783130604 1 1.0
387957258.0 0.0 1808.9498631323604 0 0.0019795406
233210830.0 1.0 1810.7192049329224 1 1.0
240889961.0 0.0 1796.640201855812 0 8.298057e-09
316449921.0 0.0 1808.8487995269275 0 0.0013293201
259096259.0 0.0 1793.4074458234873 0 1.2516697e-10
200774699.0 0.0 1800.1411229913583 0 0.0001102481
229686191.0 0.0 1812.6762507867145 0 6.837057e-19
85596217.0 1.0 1810.4329584635495 1 0.99999964
252195327.0 1.0 1797.2440358387753 1 1.0
275642603.0 1.0 1797.0351644580546 1 0.9999993
233501912.0 1.0 1796.6359113842605 1 1.0
241000835.0 0.0 1812.3481994645804 0 1.9556357e-07
417231521.0 1.0 1805.7015572551115 1 1.0
258461145.0 1.0 1805.9076020512928 1 1.0
229912765.0 1.0 1795.511295826212 1 1.0
315940355.0 1.0 1795.3900553006763 1 1.0
245421429.0 1.0 1793.7234147254592 1 0.9999938
229767389.0 1.0 1806.2194772197402 1 0.99999976
65486972.0 1.0 1794.2865519229351 1 0.99999994
319845690.0 1.0 1806.2019037569044 1 1.0
395944886.0 1.0 1805.2429586476178 1 0.9718456
192933357.0 0.0 1796.6408088730825 0 0.00064099324
292610590.0 0.0 1808.8489423004287 0 9.254198e-10
367451586.0 0.0 1805.2421111465417 0 7.5860257e-06
302475930.0 1.0 1811.1613551162493 1 1.0
365944803.0 0.0 1805.2010705670637 0 5.367268e-06
319915341.0 0.0 1812.6808944209192 0 0.0008040921
71689825.0 0.0 1812.6606634834839 0 5.3187033e-09
246968305.0 0.0 1812.4535495028856 0 0.00049432775
233211441.0 1.0 1811.261032758715 1 1.0
329440598.0 0.0 1794.4056500559357 0 0.00059286336
403589370.0 1.0 1798.4703036307078 1 1.0
269934186.0 0.0 1796.9095645906787 0 1.2981535e-06
116369824.0 1.0 1810.3907015057143 1 1.0
285426820.0 1.0 1796.8704414591652 1 0.99999636
65644954.0 0.0 1812.349306086801 0 0.0006763323
159455573.0 1.0 1806.365766691383 1 1.0
203094809.0 1.0 1810.9741455683895 1 1.0
284913647.0 1.0 1798.5143056558184 1 1.0
400948624.0 1.0 1797.5575778240996 1 1.0
84166798.0 1.0 1811.368203572393 1 1.0
229609915.0 1.0 1805.407548384244 1 1.0
229583582.0 1.0 1797.949102003957 1 0.99999994
252135934.0 0.0 1809.202258969952 0 4.4838413e-05
72080973.0 1.0 1810.3690746457291 1 0.9999984
251812214.0 0.0 1812.3487637680707 0 9.6580865e-15
54790509.0 1.0 1806.306268850002 1 1.0
73641522.0 1.0 1796.5788472053325 1 0.99837995
251811476.0 0.0 1808.8487446397025 0 0.00029971832
374613118.0 0.0 1809.0984721558302 0 7.360168e-14
431767433.0 1.0 1798.120038685148 1 0.9998703
422385712.0 1.0 1794.7000208808306 1 0.8834293
343409567.0 1.0 1810.1993381144466 1 0.99999994
259168895.0 1.0 1798.9489995984013 1 1.0
402205169.0 1.0 1793.6617562877175 1 1.0
83971277.0 0.0 1812.4722124556924 0 2.3366538e-06
65162758.0 1.0 1798.682388466765 1 0.4551918
194607919.0 1.0 1795.1617859831874 1 1.0
118444464.0 0.0 1805.2871512694285 0 2.048554e-06
251154203.0 1.0 1794.3486212060118 1 0.99999994
307275760.0 0.0 1812.3480862759493 0 1.3139872e-05
365890232.0 0.0 1812.346841218647 0 3.5680743e-05
388605142.0 1.0 1794.8048702533654 1 1.0
192842270.0 1.0 1795.8074566661614 1 0.99999994
229401568.0 0.0 1793.4071426092887 0 2.0668939e-16
354691224.0 1.0 1799.5145589815445 1 1.0
275056113.0 1.0 1800.1804378850914 1 0.9999999
235930427.0 1.0 1799.5537532072756 1 0.9999902
427766780.0 1.0 1795.4512054547467 1 0.99999994
272931593.0 1.0 1811.2637127311261 1 0.9999989
395408858.0 1.0 1795.7639158729921 1 1.0
235716285.0 0.0 1805.199247729545 0 0.00023868504
312682043.0 0.0 1812.702034241854 0 3.3599044e-06
433354584.0 1.0 1796.1202834710489 1 1.0
398308220.0 1.0 1799.1379465124282 1 1.0
418032156.0 1.0 1799.0992399473016 1 0.9999995
13260352.0 1.0 1796.0978867709428 1 1.0
233519583.0 1.0 1797.0724031341645 1 0.99976265
49942082.0 1.0 1798.2857373472461 1 1.0
63676243.0 1.0 1810.120131298646 1 0.99999887
236712642.0 0.0 1805.1973904536674 0 3.019444e-06
279594697.0 0.0 1808.993621794125 0 0.000110781446
397235932.0 1.0 1798.8059363937498 1 0.9999903
90572951.0 1.0 1794.0787250416881 1 0.9999875
398264736.0 0.0 1812.3666484341811 0 0.00094769767
237079824.0 1.0 1795.8661931695274 1 1.0
51952457.0 1.0 1811.535158523776 1 0.99999905
241092543.0 0.0 1796.6403906040728 0 8.9676586e-11
229961793.0 0.0 1796.9071345747082 0 1.4894398e-05
348526604.0 0.0 1808.8485783211338 0 1.8005527e-06
67390198.0 1.0 1796.0992772391476 1 1.0
366200164.0 1.0 1798.180953493944 1 0.9999999
360020372.0 0.0 1793.4077692299245 0 1.6763173e-12
177825946.0 0.0 1808.8703221584842 0 0.0006622028
408574985.0 0.0 1805.285323267728 0 2.6641706e-06
104025123.0 1.0 1796.6195819813972 1 1.0
400677633.0 1.0 1797.5147026112554 1 1.0
137126056.0 0.0 1812.347345572576 0 1.9373123e-05
279085643.0 0.0 1793.3056195535169 0 3.480698e-18
192595658.0 1.0 1798.015809213632 1 0.9999994
83960401.0 0.0 1805.534961477305 0 8.082145e-05
292058968.0 0.0 1812.7030468447535 0 0.0005495274
241128049.0 1.0 1810.7860792383242 1 1.0
5735054.0 1.0 1797.745471925558 1 0.9999958
422978599.0 0.0 1805.2657632337193 0 0.00089131057
388435585.0 1.0 1805.9715093044879 1 0.9999999
428614032.0 1.0 1798.7222072323727 1 1.0
317066357.0 1.0 1797.408685731463 1 1.0
405794590.0 0.0 1796.825216647385 0 1.5280328e-05
317596370.0 0.0 1808.8882189342412 0 1.1775198e-11
191701812.0 0.0 1805.244474104422 0 1.0373727e-05
65569519.0 0.0 1793.1405551776593 0 0.0006560842
428052096.0 1.0 1797.5781696429085 1 0.9999997
433355244.0 1.0 1798.2660170989836 1 1.0
52425081.0 0.0 1809.4936410701312 0 6.6969523e-09
67463313.0 1.0 1796.6825929102713 1 1.0
372342607.0 1.0 1805.6378373902671 1 0.9999999
233047241.0 1.0 1798.1353340195856 1 0.9999998
240943389.0 0.0 1805.244181548238 0 9.553247e-07
403262085.0 1.0 1796.5352891375514 1 1.0
251381815.0 0.0 1805.202645920669 0 0.00021997665
289208457.0 1.0 1810.263844095569 1 0.99999994
431761180.0 1.0 1811.0576584425678 1 1.0
230075794.0 1.0 1797.489460019067 1 0.9999511
240950642.0 1.0 1799.3902542142487 1 1.0
256420922.0 1.0 1796.014503014819 1 0.99999946
302237829.0 1.0 1795.8279267716318 1 0.9999999
286410896.0 0.0 1808.910824948007 0 3.0299642e-08
388507792.0 0.0 1808.8465368916648 0 1.0542669e-06
332256495.0 1.0 1796.743969866143 1 0.9973085
270016039.0 0.0 1812.68012297893 0 7.102145e-13
428955419.0 0.0 1805.2422411133743 0 1.2141281e-09
348021685.0 0.0 1812.3484348498262 0 1.0520948e-07
230027382.0 0.0 1805.2194051002866 0 6.9979875e-09
417232111.0 1.0 1796.7432171987464 1 1.0
388440365.0 0.0 1808.8672587807375 0 1.5835517e-06
251646422.0 0.0 1805.2027796992827 0 0.0001316442
241027303.0 1.0 1810.4526147682711 1 0.99999994
406762303.0 1.0 1795.2437196368169 1 1.0
250480498.0 0.0 1805.2028514803042 0 1.6154846e-08
240889961.0 1.0 1810.3274165337934 1 1.0
403825849.0 1.0 1799.4313810614346 1 0.9999973
331605179.0 0.0 1809.2646305994535 0 2.74211e-05
375083158.0 1.0 1794.5567411095603 1 1.0
116725072.0 1.0 1810.9741032332772 1 1.0
370940171.0 0.0 1809.1816124755937 0 9.754361e-10
265146654.0 1.0 1797.0958029991618 1 0.9999569
63624912.0 0.0 1809.0576200119376 0 0.0011526763
450009479.0 1.0 1799.660527301167 1 1.0
21177643.0 0.0 1805.307975422139 0 0.00032410384
238800398.0 1.0 1793.6199989308163 1 0.999971
436883059.0 0.0 1805.2664233628798 0 0.00062169944
397985531.0 0.0 1812.3682337490663 0 8.152568e-12
445115636.0 1.0 1811.097810000051 1 1.0
368592012.0 1.0 1798.4929778186695 1 1.0
53800463.0 0.0 1796.6396086014497 0 0.00019778572
312143908.0 0.0 1805.5146142515496 0 0.0012752071
368683747.0 1.0 1795.7434024880613 1 1.0
308618724.0 0.0 1800.1402069040992 0 5.7911013e-05
427843440.0 1.0 1810.159299092036 1 1.0
401008091.0 1.0 1794.6817487397261 1 0.9999997
431772219.0 0.0 1805.2033263568333 0 0.00048715752
418222756.0 1.0 1799.658450204704 1 0.99999744
270328518.0 1.0 1810.7635344688083 1 0.9999995
441714502.0 0.0 1808.8448395528762 0 8.77131e-05
312342254.0 1.0 1794.3482535179048 1 1.0
422921362.0 0.0 1809.140872685185 0 0.0004918304
238660312.0 1.0 1798.0780430537618 1 1.0
10794298.0 1.0 1811.4729170410515 1 1.0
192794133.0 0.0 1812.4951070998318 0 0.00063849945
404105255.0 0.0 1808.845756995263 0 8.2335055e-07
428071634.0 1.0 1795.0779813355234 1 0.99999917
353554876.0 1.0 1794.805984128103 1 1.0
191772763.0 1.0 1795.0989755705164 1 1.0
61045741.0 0.0 1812.4953201558199 0 0.0004119602
375548065.0 0.0 1805.2212620085677 0 1.3193056e-07
274837414.0 0.0 1805.2220940993302 0 9.4831475e-21
331855822.0 0.0 1796.6399307282918 0 0.0008131032
450142786.0 0.0 1805.2026275674987 0 0.00011286495
353074821.0 0.0 1809.0143380541126 0 4.4305652e-05
237239261.0 0.0 1805.199610105675 0 2.2282347e-09
416098108.0 0.0 1808.9118806317992 0 0.0006095234
278933172.0 1.0 1805.5766023299634 1 1.0
229437475.0 0.0 1793.4072223877902 0 1.5292424e-07
201114052.0 0.0 1800.1411169518137 0 0.00011281621
445189105.0 1.0 1810.1603973886959 1 1.0
63587593.0 0.0 1808.9326910938078 0 0.00054070796
236995753.0 1.0 1795.8869426703925 1 0.9999999
240897491.0 1.0 1794.7651724050816 1 0.99999946
184691852.0 1.0 1811.4116697954373 1 0.99999946
229449468.0 1.0 1810.3028399420955 1 0.999922
219845453.0 1.0 1794.052060890901 1 0.999989
376867499.0 0.0 1808.844409499423 0 8.2176285e-07
245391330.0 0.0 1793.3277234626414 0 2.3392668e-09
399081275.0 1.0 1798.6608790081516 1 0.9999999
352901690.0 1.0 1806.3911200664295 1 1.0
280326335.0 1.0 1796.4725821853563 1 1.0
236886746.0 1.0 1797.7201789034013 1 1.0
28779291.0 1.0 1795.4117542509784 1 0.9999999
410499150.0 1.0 1797.786327842614 1 1.0
240982081.0 1.0 1795.3070227681953 1 1.0
370000773.0 0.0 1796.6398888131982 0 0.0010389156
444588743.0 1.0 1810.5561338542707 1 1.0
301737507.0 1.0 1794.9530175019836 1 0.99999994
308367502.0 0.0 1808.8485320455698 0 0.00026728268
272415400.0 0.0 1805.2220603884712 0 0.00048879697
449984473.0 1.0 1799.327057445793 1 1.0
354541077.0 1.0 1797.2862614329997 1 1.0
137125650.0 0.0 1805.22233042538 0 4.58189e-08
403688942.0 1.0 1797.744442758325 1 0.9999999
403343837.0 1.0 1795.2019525307667 1 1.0
370763683.0 0.0 1793.1402316212113 0 5.4164357e-11
412353000.0 1.0 1796.8254238906063 1 1.0
177804915.0 0.0 1805.2036000538458 0 0.00056647894
229944109.0 0.0 1812.3441908902778 0 2.844899e-07
219812657.0 0.0 1812.3436974730678 0 0.00025993353
284314615.0 1.0 1799.9726629434101 1 0.99999136
348315037.0 1.0 1805.952682125325 1 1.0
396681009.0 1.0 1810.1182517619854 1 1.0
229512645.0 1.0 1805.740521463291 1 1.0
82402866.0 0.0 1812.4108515056807 0 7.890136e-05
271909132.0 1.0 1811.2636441755071 1 0.9999978
236762499.0 0.0 1794.1986650942322 0 0.00027464418
431897913.0 1.0 1800.0366266557894 1 1.0
252131621.0 1.0 1797.72318672863 1 1.0
235978860.0 0.0 1808.949828275303 0 0.0012315266
445409133.0 1.0 1806.3480227328955 1 0.99999887
338718926.0 0.0 1812.3463011423394 0 0.00020755612
94372706.0 0.0 1800.2245684255486 0 7.552477e-11
387270996.0 1.0 1794.512411355772 1 1.0
407349073.0 1.0 1795.9514708627942 1 0.9999999
265174270.0 1.0 1799.409452736065 1 1.0
47518456.0 1.0 1810.614128881944 1 1.0
427546254.0 0.0 1805.599806076766 0 0.00037537937
82376286.0 0.0 1809.1407111689005 0 0.00053809176
268330571.0 1.0 1797.8871919821308 1 1.0
354602320.0 0.0 1809.2017992588114 0 6.8180685e-07
219801675.0 0.0 1794.4062842630294 0 0.0010460329
265343830.0 1.0 1796.8466316175352 1 1.0
286015306.0 0.0 1808.952395493652 0 0.0009155292
219812449.0 0.0 1808.9269931643944 0 0.00059602875
198555348.0 0.0 1808.8435503353794 0 0.00017362955
331780550.0 1.0 1797.6398262169214 1 0.9999995
240958964.0 1.0 1796.1401647587675 1 1.0
374702303.0 1.0 1797.1191598777893 1 0.8191861
402208781.0 1.0 1796.995117063301 1 0.9999987
77633175.0 1.0 1810.9537481257726 1 1.0
374034693.0 0.0 1797.8481159055868 0 1.970974e-07
389959358.0 1.0 1805.405930825354 1 1.0
388042567.0 0.0 1805.2206788513695 0 9.615274e-05
81692196.0 0.0 1805.2650091503785 0 7.418886e-05
431866149.0 1.0 1797.0573873442945 1 0.99999994
249916820.0 0.0 1808.8489594911787 0 1.0437683e-05
370697966.0 1.0 1794.1191634713653 1 1.0
366195226.0 1.0 1810.8058266836788 1 1.0
367102444.0 1.0 1793.9290872011563 1 1.0
352406943.0 1.0 1793.6789367892354 1 1.0
229968364.0 1.0 1798.3444966167901 1 1.0
219772856.0 0.0 1797.9684840165312 0 0.00046032303
347691008.0 1.0 1797.9942780628614 1 1.0
396356450.0 0.0 1805.5350382617783 0 0.00012702281
353726056.0 1.0 1797.7436488500064 1 1.0
297648040.0 1.0 1797.8892279268953 1 0.9998435
301903852.0 0.0 1793.3904411068709 0 3.5843417e-08
289349845.0 0.0 1805.2013409728038 0 1.774161e-12
390579360.0 0.0 1794.347862079237 0 4.50075e-05
65445035.0 1.0 1810.870036698699 1 1.0
420135110.0 1.0 1796.2619511119983 1 1.0
377283077.0 1.0 1805.4716095956396 1 0.999992
219895134.0 1.0 1811.4066289085395 1 1.0
354840028.0 1.0 1797.764530271151 1 1.0
399582774.0 0.0 1796.6409353684098 0 0.002291905
55087427.0 1.0 1811.0352747382638 1 1.0
301909936.0 1.0 1794.6615090974851 1 1.0
255924631.0 0.0 1805.2411575168771 0 2.539215e-10
359126726.0 0.0 1796.9098492487592 0 2.8351396e-06
279006040.0 1.0 1795.326880420411 1 1.0
240969171.0 1.0 1797.2444619030305 1 0.9999998
384727178.0 1.0 1798.556964424691 1 0.99994004
385153988.0 1.0 1795.3906914391769 1 0.9999999
331711087.0 0.0 1796.63995098688 0 8.942417e-06
72083045.0 0.0 1805.5149078693587 0 3.5590905e-14
312056017.0 0.0 1812.701778709094 0 3.6454854e-05
229713082.0 0.0 1808.8444123937809 0 1.752218e-08
422456301.0 1.0 1797.3875226492432 1 1.0
274979725.0 1.0 1810.4302368642316 1 1.0
395937903.0 1.0 1795.3473363959442 1 1.0
332812687.0 1.0 1795.6606105018845 1 0.9999995
424462041.0 1.0 1798.6774059618028 1 0.99996984
21131417.0 0.0 1808.9953717105668 0 0.00054716936
263970541.0 0.0 1805.199826140547 0 1.2837272e-06
388583953.0 1.0 1797.4922491133027 1 0.9999999
72031888.0 0.0 1812.3691705416256 0 9.20339e-19
385556743.0 0.0 1809.1831305760884 0 0.0005402713
65158028.0 0.0 1812.411816347253 0 0.000899951
270014077.0 1.0 1795.6804274934436 1 1.0
20895709.0 0.0 1812.390726353001 0 0.00072196545
387332780.0 1.0 1793.3663895765442 1 1.0
288639748.0 0.0 1808.8872330236086 0 0.00014368247
370850223.0 1.0 1793.8900879005537 1 1.0
139378214.0 0.0 1809.1410430001251 0 0.00041429736
389545459.0 1.0 1798.806475932158 1 1.0
417748796.0 0.0 1808.8466245239108 0 4.1297695e-05
301644776.0 0.0 1805.2031053276141 0 4.616813e-12
63782948.0 1.0 1794.5996060328198 1 0.9999995
130086309.0 0.0 1805.370101465547 0 9.600323e-05
233679313.0 1.0 1795.7809245827218 1 0.99999976
415900632.0 1.0 1794.0782802607062 1 1.0
317011115.0 1.0 1797.7629830798155 1 1.0
398018454.0 0.0 1808.9517510201104 0 1.6824548e-05
308711972.0 0.0 1809.1192526007549 0 1.7419735e-07
250473966.0 1.0 1793.9529545387913 1 1.0
252135934.0 1.0 1798.5774526965338 1 0.9999962
375905662.0 0.0 1812.3462314426752 0 1.7471965e-14
353559854.0 1.0 1799.5350954410167 1 0.99999946
251296491.0 1.0 1794.4526951156206 1 0.99999267
368234072.0 0.0 1805.2429358197107 0 7.5817997e-07
65487030.0 0.0 1808.911805676093 0 0.00054725545
101097458.0 0.0 1805.6413166680331 0 0.00018224928
367331490.0 0.0 1808.9920266873025 0 0.0025361557
233006556.0 1.0 1798.531913807786 1 1.0
237114505.0 1.0 1798.530906074686 1 1.0
390735522.0 0.0 1808.910822336802 0 0.00017625792
417765877.0 0.0 1808.8466778587226 0 0.00056101714
335695410.0 1.0 1795.9922285921684 1 0.9999986
272219327.0 1.0 1798.3681121572977 1 1.0
249886190.0 0.0 1812.3488733340996 0 1.7344587e-06
192292290.0 0.0 1812.432447436582 0 0.0007211095
50941842.0 1.0 1797.0357165579562 1 0.99999964
26618543.0 0.0 1805.474730635249 0 0.0011320864
321852496.0 1.0 1798.6792818623605 1 1.0
12709880.0 1.0 1796.1384694297253 1 0.99996966
77173813.0 0.0 1805.4953522705537 0 0.0003401914
302469603.0 0.0 1796.8281982960584 0 0.00036522825
256601288.0 1.0 1797.0981603538542 1 0.9999976
13215740.0 0.0 1812.5548306587698 0 2.9587997e-07
252099744.0 1.0 1797.1397257878925 1 0.99999994
313425355.0 1.0 1810.4264916508207 1 1.0
321595539.0 0.0 1805.2416247166234 0 2.887003e-11
139557796.0 0.0 1812.640951993477 0 0.0004699366
81823285.0 1.0 1810.8484181652677 1 1.0
327731514.0 0.0 1805.2239175217603 0 0.0011729252
412120265.0 1.0 1799.346202793717 1 1.0
312852988.0 0.0 1805.6396920227646 0 1.267292e-05
46619081.0 1.0 1797.6830445303378 1 0.9999998
399079021.0 0.0 1796.6401218950737 0 5.6118515e-05
395690912.0 1.0 1805.3265894638948 1 1.0
292148671.0 1.0 1811.2447219029366 1 1.0
229940765.0 0.0 1805.2402512512217 0 1.5612269e-06
331780777.0 1.0 1796.9523274776 1 1.0
395408420.0 1.0 1805.680662117649 1 0.99999994
83343650.0 1.0 1795.7643051353527 1 1.0
376993141.0 1.0 1805.4688408104269 1 1.0
410865841.0 0.0 1808.890782521073 0 0.0014649726
186990680.0 1.0 1794.5160974785856 1 1.0
427391133.0 1.0 1795.2634701850493 1 0.77150345
77425415.0 0.0 1805.495379984265 0 0.00051918504
219885612.0 1.0 1795.6775656960992 1 1.0
82098328.0 0.0 1812.4106950364185 0 0.00025900512
54997270.0 0.0 1812.702103745716 0 1.3059943e-10
252844535.0 0.0 1796.8280681538063 0 0.19442233
285909383.0 0.0 1812.4521138591492 0 3.4838448e-07
400533293.0 1.0 1793.5982518626083 1 0.99999875
403751764.0 0.0 1796.639881864451 0 3.3599357e-05
354798248.0 0.0 1805.2032186347049 0 3.8631726e-10
259460349.0 1.0 1799.0575302085963 1 1.0
251438046.0 1.0 1795.2025507434664 1 0.9999997
285540005.0 1.0 1798.6812459133162 1 1.0
449930132.0 0.0 1808.8697441661723 0 7.975062e-05
118302467.0 1.0 1805.8078744508841 1 1.0
403921171.0 1.0 1796.3683317290338 1 0.99999887
101350264.0 1.0 1797.8288099954846 1 1.0
250583161.0 1.0 1794.9738038927446 1 0.9906949
255868505.0 0.0 1808.9077174881675 0 2.7210166e-18
398156203.0 0.0 1805.4934611490019 0 7.14451e-06
289580634.0 1.0 1811.4475538785036 1 1.0
327137540.0 1.0 1793.578205117797 1 1.0
452946080.0 0.0 1812.701830587638 0 0.00062700344
312460576.0 0.0 1805.5562656478855 0 1.29806894e-11
246965067.0 0.0 1812.3493802490248 0 0.0005492986
352511710.0 1.0 1795.3682430571314 1 0.9999996
219739434.0 1.0 1794.718159877449 1 0.9999791
51022694.0 0.0 1805.2649925737767 0 1.9972093e-05
353238522.0 0.0 1809.0561002830482 0 0.00054992817
137081831.0 1.0 1805.8474532439368 1 1.0
116491846.0 0.0 1812.369862713143 0 3.4075903e-08
189674221.0 1.0 1793.6616950371563 1 1.0
398071533.0 0.0 1805.2851571660976 0 1.6628319e-05
13081670.0 0.0 1797.8481139705427 0 2.8634535e-08
419745119.0 0.0 1809.1808927679365 0 4.1797996e-08
331981453.0 1.0 1799.618963849287 1 0.99999964
229787986.0 0.0 1812.3654135405866 0 2.4140066e-09
219817359.0 0.0 1808.8437627607798 0 0.00011495015
353956975.0 1.0 1799.07829016421 1 1.0
376683392.0 0.0 1796.9090406677958 0 6.961447e-08
241002232.0 0.0 1812.410694891151 0 0.00031707258
46428036.0 0.0 1805.578972804701 0 0.00050231995
203105313.0 0.0 1809.1408664223811 0 0.00015766956
427444797.0 1.0 1811.1173394676982 1 1.0
373782050.0 1.0 1795.827096433988 1 1.0
235678769.0 0.0 1812.3868107377668 0 3.972041e-15
272725742.0 1.0 1797.9721991692709 1 0.9999999
372339636.0 0.0 1812.346061205262 0 6.1823916e-06
388507792.0 1.0 1796.5131006436739 1 0.9999691
236905036.0 0.0 1812.3448260280668 0 1.35698015e-11
90671343.0 0.0 1812.6204912160304 0 0.0013730386
403922845.0 0.0 1812.3474873637524 0 1.2420003e-10
377982815.0 0.0 1805.221952351844 0 1.7151816e-10
372789078.0 1.0 1796.4728217238273 1 1.0
399434191.0 1.0 1811.0981189436895 1 0.9999999
364116705.0 1.0 1796.5955109693534 1 1.0
445401584.0 0.0 1805.5562419982095 0 4.2004202e-11
284534077.0 1.0 1796.4934681833097 1 1.0
236878480.0 1.0 1806.4282543432216 1 0.99998474
268722615.0 1.0 1805.450957219668 1 1.0
398160826.0 0.0 1805.2224342289749 0 2.4392102e-06
21227811.0 1.0 1797.926756999519 1 0.9999937
389979213.0 0.0 1805.5564330648913 0 2.0519542e-10
309055202.0 0.0 1812.3900429637254 0 1.9893819e-06
5735829.0 1.0 1795.1205449071383 1 1.0
370351780.0 1.0 1798.0775591059949 1 1.0
229703485.0 0.0 1812.9484370903842 0 1.5966362e-08
383676129.0 1.0 1810.9273138446492 1 0.99999946
420454160.0 1.0 1799.4515679789752 1 1.0
368460012.0 1.0 1810.4097329069566 1 0.99999976
186988331.0 0.0 1812.8283186170788 0 0.00045293113
12903003.0 1.0 1798.827414226198 1 0.9999778
230007539.0 0.0 1812.344368666764 0 0.0006274037
229954064.0 1.0 1795.9488162463306 1 1.0
367330067.0 1.0 1805.3462561058266 1 1.0
377275360.0 0.0 1793.4091981753431 0 2.1880868e-15
77226815.0 0.0 1805.2870593354426 0 4.3199847e-07
292725807.0 0.0 1812.3489003995294 0 2.2702415e-07
367836078.0 1.0 1797.699106796541 1 1.0
116132971.0 0.0 1805.2241071495364 0 1.3071979e-05
395845979.0 1.0 1798.013593264694 1 0.9999996
229788998.0 0.0 1805.2194839510623 0 1.4679354e-09
275465944.0 1.0 1796.972832053216 1 0.999993
230052512.0 0.0 1805.2196746348927 0 2.948627e-10
288405583.0 0.0 1793.5744485470245 0 2.4907487e-07
288513991.0 1.0 1800.512091658676 1 0.99998605
129685626.0 0.0 1812.7241038569691 0 0.00068224344
368515911.0 0.0 1812.6806507020174 0 1.1182655e-05
229404994.0 1.0 1796.803068154822 1 1.0
252137181.0 0.0 1812.7021964190176 0 0.0009244332
104314366.0 1.0 1797.5571793897013 1 1.0
230385707.0 1.0 1798.531904882855 1 1.0
230025126.0 1.0 1810.8861389512397 1 0.9999997
445357045.0 0.0 1809.202051229014 0 9.617114e-11
236817192.0 0.0 1797.9689685764206 0 3.0866537e-05
395731538.0 0.0 1812.3473121411678 0 3.2282471e-06
258628565.0 1.0 1798.3662795786536 1 1.0
229507398.0 0.0 1793.4074324858261 0 4.52071e-11
366782962.0 0.0 1812.34620922466 0 7.344559e-05
327295126.0 0.0 1808.8486876354814 0 6.065655e-07
229944543.0 1.0 1800.0944281441575 1 1.0
285468431.0 0.0 1805.2661998670494 0 0.0010040078
250519273.0 1.0 1795.9321976617116 1 0.99999976
259102772.0 1.0 1795.6158129398962 1 1.0
331212224.0 1.0 1800.0774744663183 1 0.99999934
385442492.0 0.0 1796.8051185498614 0 2.6867314e-05
351538646.0 0.0 1812.368155408564 0 0.00013712994
115915199.0 1.0 1800.0571116470408 1 0.9999997
416097043.0 1.0 1796.140896286373 1 0.99999946
363761462.0 0.0 1805.2221028728106 0 5.012639e-09
283736464.0 0.0 1805.2224652898851 0 4.654165e-06
327253355.0 1.0 1794.826862133061 1 0.9999963
245377299.0 1.0 1797.6403095683852 1 0.9999999
274842485.0 0.0 1808.8469147238065 0 1.4828154e-10
385104615.0 0.0 1808.95335713778 0 0.00042437762
388076313.0 1.0 1794.8249967214108 1 1.0
352844686.0 0.0 1812.451844041806 0 8.492205e-06
357097802.0 1.0 1798.0517967296137 1 1.0
289092806.0 1.0 1798.0969680562378 1 1.0
12745517.0 1.0 1794.4104260408192 1 0.99989474
12901964.0 1.0 1799.7857297571627 1 1.0
322439942.0 0.0 1808.8876873700674 0 5.4154523e-08
12735766.0 0.0 1797.8481862327171 0 0.0007115897
165528054.0 1.0 1796.8014513605303 1 1.0
412113747.0 1.0 1796.2420910176177 1 0.9996052
321909827.0 0.0 1805.2417438170485 0 4.6406187e-14
192534191.0 0.0 1805.3075033692744 0 2.0171607e-05
372276096.0 1.0 1811.182075484465 1 1.0
279264829.0 0.0 1808.993372002087 0 0.0010845808
407538847.0 1.0 1798.2210887471479 1 0.9999998
354316193.0 0.0 1812.3692929454498 0 1.2478545e-06
306554715.0 0.0 1805.5564915164578 0 1.0312379e-07
101128337.0 1.0 1805.5580815007647 1 1.0
235934090.0 0.0 1796.6370245275766 0 0.0011340664
387262737.0 1.0 1794.7415735462143 1 0.99987346
302390056.0 0.0 1796.8279156452338 0 3.6163635e-07
316053491.0 1.0 1795.03608722003 1 1.0
394048859.0 1.0 1797.8868997207203 1 1.0
427644146.0 1.0 1799.5142607058492 1 1.0
357820669.0 1.0 1796.264343846751 1 1.0
292195263.0 0.0 1796.640778909729 0 0.00021897494
26619266.0 0.0 1805.537242701854 0 0.00013176327
65165535.0 1.0 1794.6407228030112 1 1.0
256197394.0 1.0 1799.5769808455782 1 0.9998802
54881936.0 1.0 1799.556198387445 1 0.99999946
20801601.0 0.0 1805.2034176255536 0 5.478677e-05
353379359.0 0.0 1805.5143674571916 0 1.6798493e-10
52033890.0 1.0 1799.6602748905473 1 1.0
229739909.0 0.0 1808.8861030372652 0 1.4186827e-09
63587593.0 1.0 1797.287105583499 1 0.99948055
352954057.0 1.0 1810.8661712326698 1 1.0
251253598.0 0.0 1805.2027197795298 0 3.1311247e-06
20801601.0 0.0 1812.3491801980877 0 0.0006896602
237229640.0 1.0 1799.5535499837272 1 1.0
398015474.0 0.0 1805.2432986966094 0 7.0692054e-06
264402353.0 0.0 1796.637597489151 0 0.2048964
434893544.0 1.0 1798.888507884351 1 0.9998939
299443783.0 0.0 1793.1403733855982 0 5.0724952e-11
63398430.0 1.0 1794.3495281938 1 1.0
301910192.0 1.0 1797.2240450982406 1 1.0
35026766.0 1.0 1795.0164441496586 1 0.9999999
376896502.0 0.0 1812.3464067426876 0 5.2832e-06
236969748.0 1.0 1810.824223415765 1 0.9983157
233193490.0 1.0 1805.7818116748867 1 0.9805774
289266028.0 1.0 1794.1804313986186 1 0.9999999
65288358.0 0.0 1812.4118534611607 0 0.0003499827
104152774.0 0.0 1793.328067666241 0 4.2068484e-12
383648474.0 1.0 1810.2400477677866 1 0.99999964
312260696.0 0.0 1809.3060871440277 0 3.284463e-07
372498972.0 1.0 1799.847692145022 1 1.0
450008897.0 0.0 1809.181157249335 0 9.429023e-06
219844285.0 1.0 1795.7816486224335 1 1.0
233744262.0 0.0 1808.8858549099052 0 0.00041732035
445528411.0 0.0 1808.8693193707602 0 7.7214154e-17
359250736.0 1.0 1797.243437234342 1 1.0
372115175.0 0.0 1812.3693206756104 0 4.0560863e-06
399260485.0 1.0 1795.8479636870659 1 0.99999636
403332596.0 0.0 1805.2202552077606 0 3.2317204e-13
50511347.0 0.0 1808.910705037888 0 0.000354284
236776788.0 0.0 1812.3646182827254 0 1.5699486e-10
321823361.0 0.0 1805.1999942362675 0 1.2211605e-07
301100630.0 0.0 1805.2030554093833 0 1.9355306e-05
233719747.0 0.0 1797.969004442844 0 5.5083656e-05
373695206.0 1.0 1799.1187836136257 1 0.9916911
311939072.0 1.0 1806.1187085198512 1 1.0
264248108.0 0.0 1808.8657410956323 0 2.3001182e-06
445300077.0 0.0 1809.202062598196 0 5.2006396e-07
390040700.0 0.0 1809.1812753088252 0 3.0821502e-07
279920446.0 0.0 1793.3049084014208 0 2.035349e-10
420107705.0 1.0 1795.0117313280061 1 1.0
191703469.0 1.0 1796.6821723546695 1 0.99867624
271142488.0 0.0 1808.8678474739054 0 4.131313e-05
200878679.0 1.0 1805.3910901493914 1 0.9999365
378151783.0 1.0 1795.7638985783274 1 1.0
237068799.0 0.0 1805.2826639745324 0 4.476404e-07
308221236.0 1.0 1796.4944097051032 1 1.0
34820136.0 0.0 1805.3081368277365 0 0.00052943657
389532495.0 1.0 1797.160403439786 1 0.9999996
269913134.0 0.0 1793.1413334294487 0 0.00010669917
370001718.0 0.0 1809.2231201744066 0 4.0508534e-05
400607752.0 1.0 1794.411125292041 1 1.0
241030146.0 1.0 1799.661096517507 1 1.0
73570531.0 1.0 1799.3287942172442 1 0.99999917
417304324.0 1.0 1798.3267010516129 1 1.0
322338839.0 1.0 1796.8276609504123 1 1.0
373702514.0 0.0 1812.6603515301208 0 0.00027590684
399260485.0 0.0 1812.4520997729535 0 2.396223e-15
20869155.0 0.0 1805.3282634210702 0 0.00097610254
375657466.0 0.0 1805.2004674954171 0 4.1248263e-09
250913559.0 1.0 1796.3906328169066 1 1.0
279927077.0 1.0 1794.9938688831453 1 1.0
186967848.0 1.0 1810.6616457712842 1 0.9999997
445437012.0 1.0 1796.7649781585144 1 1.0
354132782.0 1.0 1794.3489050916482 1 0.99999994
292725807.0 0.0 1805.2031878532182 0 2.1336561e-08
249952446.0 1.0 1798.6404699366212 1 0.9999995
285092220.0 1.0 1796.0988675308945 1 1.0
321824026.0 0.0 1809.3874138285605 0 1.65838e-13
264332761.0 1.0 1797.8250748139926 1 1.0
251103507.0 0.0 1796.890078808198 0 0.00052246905
415902272.0 0.0 1805.4948671814611 0 0.00066407287
436927705.0 0.0 1796.6414872495436 0 0.0005062553
219812449.0 1.0 1797.8436987144257 1 0.99995434
259168895.0 0.0 1808.9280537967857 0 8.757271e-10
241034823.0 1.0 1797.7859646901852 1 1.0
312150943.0 1.0 1810.9519499085484 1 1.0
356340605.0 1.0 1806.3221343430428 1 1.0
235978781.0 1.0 1797.470548744032 1 0.99482214
348637510.0 1.0 1793.1829140909033 1 0.9999983
428053550.0 1.0 1797.9532270846344 1 1.0
83223699.0 1.0 1810.5972680078498 1 0.99999076
67418484.0 0.0 1812.6614721716264 0 0.00026796374
264104888.0 0.0 1805.3042000634914 0 1.8195882e-05
292978133.0 0.0 1812.7032004985542 0 0.00015811219
394118689.0 1.0 1794.3035537897902 1 1.0
453223094.0 0.0 1809.1815271740065 0 2.5767029e-05
308527098.0 0.0 1808.848505617553 0 0.00015101128
387327964.0 1.0 1810.2413032185946 1 1.0
396714041.0 1.0 1797.659640750959 1 0.99999905
381780229.0 0.0 1812.6202421543674 0 0.0005851656
399580598.0 0.0 1805.5575960395365 0 0.00071082683
53619313.0 1.0 1794.4311026305668 1 1.0
235681559.0 0.0 1812.3452505889663 0 1.512763e-07
177763019.0 1.0 1799.182844935019 1 1.0
284455777.0 1.0 1797.6569643920027 1 0.99998784
258464386.0 1.0 1796.8453773857846 1 1.0
385196535.0 0.0 1812.5158972368852 0 0.0005718101
230381450.0 1.0 1806.0110850824651 1 1.0
203093393.0 0.0 1796.6409669754885 0 0.00073385215
13529474.0 1.0 1797.056551296899 1 1.0
201002282.0 0.0 1812.4328568963708 0 0.00030148373
348305420.0 1.0 1794.4944428116112 1 1.0
192532107.0 0.0 1793.1406723907016 0 0.002245249
428740427.0 0.0 1805.200942198899 0 8.622705e-06
352114421.0 0.0 1805.201453781453 0 1.3120608e-07
177968691.0 1.0 1805.891139157817 1 1.0
444456349.0 0.0 1812.7015971876167 0 5.3146398e-08
284720496.0 0.0 1809.201822151915 0 2.605474e-08
259253729.0 0.0 1808.8907754726913 0 3.7077268e-06
250746947.0 0.0 1812.3696621751637 0 2.6981356e-12
399134174.0 0.0 1805.5566362104134 0 4.9204817e-05
284083762.0 0.0 1805.4746269316963 0 0.0014944774
34712929.0 1.0 1794.0164417649598 1 0.9999975
252859391.0 0.0 1808.8488815888315 0 3.5998375e-09
374615310.0 0.0 1805.202738288835 0 1.719974e-05
403431248.0 0.0 1809.16073720425 0 4.199523e-11
117110388.0 0.0 1812.3698721617554 0 0.001070496
23079792.0 1.0 1800.2038348734648 1 0.9999996
453255515.0 1.0 1796.8273511501488 1 1.0
427555552.0 0.0 1800.4092652582503 0 3.7788976e-07
449982740.0 1.0 1796.6604706316805 1 1.0
378856799.0 0.0 1808.8681106326126 0 0.002596449
264309188.0 0.0 1809.0126280432091 0 8.609253e-06
364182146.0 1.0 1795.2832130265872 1 1.0
117751345.0 1.0 1811.2032729917214 1 1.0
256383835.0 1.0 1795.3866244200278 1 1.0
65746968.0 0.0 1808.91176509937 0 0.0005612511
436850576.0 0.0 1805.2246819788043 0 0.00065210543
321683420.0 1.0 1799.2625683826795 1 0.99953437
366760881.0 0.0 1793.3254431531527 0 1.7368004e-10
279868497.0 1.0 1805.2218959198342 1 0.99999905
369821282.0 0.0 1809.1808019583193 0 1.7045244e-06
302477419.0 1.0 1805.4738289692823 1 1.0
327393407.0 0.0 1793.1405360243075 0 1.2652695e-18
67712917.0 1.0 1798.1410476617166 1 0.99825996
353929683.0 1.0 1811.4956120672666 1 0.99999946
320272629.0 1.0 1796.3480274090732 1 1.0
370073677.0 1.0 1799.1191780330496 1 0.99999994
117808557.0 0.0 1793.1406084634991 0 0.00045539057
317596733.0 0.0 1808.8674006864546 0 3.2244486e-07
367150148.0 0.0 1796.825563103453 0 1.1256076e-06
229483119.0 1.0 1798.5114461572675 1 1.0
240891813.0 1.0 1810.556529591691 1 0.99999994
200739100.0 0.0 1812.411990819993 0 0.00077663304
401086140.0 1.0 1810.452857093584 1 1.0
366559173.0 1.0 1805.5961841026726 1 1.0
407346196.0 1.0 1798.1597013413143 1 0.9999903
237233098.0 0.0 1808.866283658721 0 2.5429578e-09
359253239.0 1.0 1810.9306476158936 1 1.0
316449045.0 1.0 1798.6403361337475 1 1.0
256694232.0 0.0 1808.910640377175 0 0.00014273748
63693147.0 1.0 1798.224473883343 1 1.0
340905225.0 0.0 1812.4702254963743 0 0.0004721361
250537311.0 1.0 1797.994516206109 1 1.0
354116108.0 1.0 1806.42936822082 1 0.9954479
292154296.0 1.0 1797.7657724679366 1 1.0
427610978.0 0.0 1796.743416807157 0 0.005075537
288610611.0 0.0 1808.9080224637755 0 6.471496e-05
241029560.0 0.0 1796.6403251300228 0 6.734654e-05
237239185.0 0.0 1812.4704570415824 0 2.6279788e-05
302548030.0 1.0 1799.8682698418063 1 1.0
367416829.0 0.0 1808.9320318066 0 1.7473131e-14
192530033.0 0.0 1808.8492340257549 0 0.00062010606
326782912.0 1.0 1797.4309753938624 1 1.0
199614232.0 1.0 1805.780570405014 1 1.0
230124490.0 0.0 1794.1983243156221 0 1.114586e-10
240932261.0 1.0 1798.9527022308641 1 1.0
452913014.0 0.0 1793.139720410383 0 2.2570248e-10
250742279.0 1.0 1795.4530107367254 1 0.9998342
198189225.0 1.0 1795.9475866192072 1 0.99999505
445287403.0 0.0 1809.2020030292915 0 1.2313164e-08
198237139.0 1.0 1796.4265390029645 1 1.0
350696387.0 0.0 1796.637054957403 0 1.7154917e-07
288629022.0 0.0 1805.3076822218231 0 4.284815e-09
405613397.0 1.0 1806.369759575602 1 1.0
264405683.0 1.0 1795.220931840663 1 0.99999994
320607414.0 1.0 1793.7228996031274 1 0.99998254
331848311.0 0.0 1800.30515769918 0 0.0004612958
230075032.0 0.0 1805.198240548875 0 1.3069343e-09
347395622.0 1.0 1806.3068089008384 1 1.0
236001043.0 0.0 1805.2208108909263 0 1.1168534e-06
240829983.0 0.0 1805.3274830090677 0 6.5118994e-10
233747416.0 0.0 1809.0730314717841 0 5.980199e-07
433413587.0 1.0 1811.0994471815295 1 1.0
366197526.0 0.0 1809.1600061580812 0 7.3835336e-06
354868776.0 1.0 1794.3903700469623 1 1.0
372060884.0 0.0 1812.3668567934192 0 7.722585e-06
348678270.0 1.0 1806.2653465851834 1 0.99999386
441765316.0 1.0 1800.4490756988173 1 0.9999867
138113677.0 1.0 1797.0579550782663 1 0.99999976
21018496.0 1.0 1810.4680409377609 1 0.99968493
103949646.0 0.0 1805.2031265261978 0 1.4525141e-05
410238163.0 1.0 1799.575310295564 1 1.0
50760502.0 0.0 1805.285829936465 0 1.2050041e-06
367335420.0 0.0 1808.8462003113068 0 6.73473e-08
417764831.0 1.0 1798.0340908400037 1 0.99999994
286215854.0 1.0 1796.8271707986387 1 0.99999845
12832101.0 0.0 1808.9105981833532 0 6.159983e-05
265200915.0 1.0 1795.6817581308615 1 1.0
255871355.0 1.0 1798.202085868577 1 0.99999994
285943293.0 0.0 1808.8490556705212 0 0.00031799168
229640571.0 0.0 1805.21984293415 0 5.486755e-07
283134306.0 1.0 1798.4729225673834 1 0.9999995
249892132.0 1.0 1794.077860569784 1 0.9999994
317319739.0 1.0 1810.4506683623533 1 1.0
392570348.0 0.0 1805.2186855297691 0 5.715236e-11
301909673.0 0.0 1808.8490315446995 0 0.00022358386
352912180.0 0.0 1793.3248412819905 0 5.006057e-16
428111890.0 1.0 1797.765510694236 1 0.9999988
302684625.0 0.0 1794.3476672527188 0 1.7247206e-05
240855740.0 0.0 1793.140257707406 0 4.931283e-13
372728867.0 0.0 1808.972848191113 0 0.0003687583
252192522.0 0.0 1809.2022551024615 0 0.00028429696
320490006.0 1.0 1797.0562167193762 1 1.0
71930971.0 1.0 1811.4107172787863 1 1.0
335480540.0 0.0 1805.221217880214 0 4.3316214e-12
346721195.0 1.0 1806.287211939998 1 1.0
335998937.0 1.0 1796.4089343052142 1 1.0
317474626.0 0.0 1793.4091494525067 0 5.694218e-17
137991091.0 0.0 1812.7871930908436 0 5.246614e-08
184682330.0 1.0 1793.2660152166036 1 0.9999834
347838840.0 1.0 1806.0776856113807 1 0.9999879
177998597.0 1.0 1806.0995704114673 1 1.0
327394173.0 0.0 1812.3486032793915 0 1.2633714e-07
390897188.0 0.0 1808.9108359807508 0 1.0656955e-18
229794951.0 0.0 1805.198656080468 0 3.2894951e-09
284535029.0 0.0 1805.5558883871847 0 0.00018561736
424426625.0 1.0 1799.4284277617728 1 1.0
435820310.0 1.0 1796.9926021745562 1 0.99999374
427643791.0 1.0 1797.9725941010026 1 1.0
129988007.0 0.0 1805.516034730416 0 0.00093076826
200800648.0 1.0 1795.4119255113146 1 1.0
321598097.0 0.0 1793.3251424094876 0 0.0005485158
407026659.0 0.0 1812.346939040621 0 1.2884129e-05
263969675.0 1.0 1797.137054649895 1 0.9999986
316491478.0 0.0 1809.0721073221016 0 3.7707415e-09
288516356.0 0.0 1805.2202071104082 0 1.4510916e-08
258680618.0 1.0 1799.514066231971 1 0.9999995
63778561.0 1.0 1796.9954662162206 1 0.99995023
284479874.0 0.0 1805.2193329775043 0 1.9091861e-07
441805704.0 1.0 1795.615497325209 1 0.9999993
331793719.0 1.0 1796.367579119416 1 1.0
233233781.0 0.0 1805.281692399833 0 1.955445e-08
436938270.0 1.0 1795.5372344916027 1 1.0
278849465.0 0.0 1793.305656432623 0 1.0077235e-12
308618372.0 1.0 1797.786069186918 1 0.9999998
359250620.0 0.0 1805.6599617628228 0 2.2342237e-08
395652231.0 1.0 1795.9722430806778 1 0.99119794
436872200.0 0.0 1805.2038969633988 0 0.00038733546
353319337.0 1.0 1799.2227199498138 1 1.0
373705833.0 1.0 1798.0770935925818 1 1.0
52187517.0 0.0 1809.326984303067 0 5.8003145e-05
431758389.0 1.0 1796.7240677235502 1 0.99999917
12905578.0 0.0 1805.3066628096515 0 8.19508e-09
346897431.0 1.0 1811.2870619813596 1 0.9998263
275694782.0 0.0 1794.347701321032 0 0.0028378977
441717722.0 0.0 1808.844800601214 0 5.991504e-11
399719108.0 1.0 1799.1589572235357 1 1.0
251710163.0 0.0 1808.8485826728293 0 0.00010675606
396615833.0 1.0 1797.9118180226205 1 1.0
83417989.0 0.0 1796.9099836871276 0 8.807883e-07
305564076.0 0.0 1812.3662352149236 0 0.0002455354
347494661.0 0.0 1812.3491494868601 0 0.000323246
452941403.0 0.0 1812.7017718270654 0 0.0005661778
198209098.0 1.0 1810.885216148062 1 1.0
12415594.0 0.0 1808.9315379935872 0 4.554286e-09
236998036.0 0.0 1796.9078178357493 0 8.4822124e-05
278929672.0 0.0 1812.430912035056 0 2.6571158e-08
126097648.0 1.0 1798.6829696092573 1 0.9999998
308711003.0 1.0 1796.2652033342843 1 1.0
251224729.0 1.0 1796.9944386472196 1 1.0
91417200.0 1.0 1795.099823473022 1 1.0
406683158.0 0.0 1793.4093968498235 0 3.9357698e-21
192691135.0 1.0 1795.1409389235478 1 0.999999
359678669.0 1.0 1811.031114165523 1 0.99865174
327601972.0 1.0 1796.5989794319498 1 1.0
351877621.0 0.0 1805.5142240731338 0 3.3429933e-05
327296784.0 0.0 1808.869512394686 0 8.464883e-06
11996922.0 0.0 1812.639598704988 0 6.18805e-12
422562711.0 1.0 1810.700785058001 1 1.0
196947078.0 1.0 1810.7443073976224 1 0.9999895
233622431.0 1.0 1796.906868607563 1 1.0
367463682.0 1.0 1799.036358562256 1 1.0
378200361.0 1.0 1796.222048999729 1 1.0
387812829.0 0.0 1812.387176331773 0 1.4122539e-10
388042668.0 0.0 1805.2415097053247 0 4.796218e-14
10971161.0 1.0 1798.6813877680074 1 0.9999999
450145946.0 0.0 1800.3901537300335 0 7.841001e-07
118301995.0 1.0 1795.1830253669123 1 1.0
202927965.0 1.0 1811.3281954681865 1 1.0
307038476.0 1.0 1797.1399884096331 1 0.99999964
445637177.0 1.0 1799.056953559723 1 1.0
332046053.0 1.0 1798.2439752176113 1 1.0
94279049.0 1.0 1798.2036716586306 1 1.0
256719848.0 0.0 1808.8668894558314 0 2.272213e-09
316962389.0 0.0 1808.8485373214437 0 0.0015597928
250480498.0 1.0 1798.119549817085 1 1.0
81593786.0 1.0 1810.5775010388254 1 0.9999993
192593945.0 1.0 1796.5573910566413 1 1.0
292053892.0 0.0 1808.9947342443465 0 7.6158016e-05
399859253.0 0.0 1805.2216560488785 0 2.6100934e-06
402977148.0 1.0 1795.3882522657466 1 1.0
285387651.0 0.0 1812.3493371714674 0 0.0007742976
202838286.0 1.0 1797.8284451787194 1 0.9999979
285430777.0 0.0 1805.5161085928578 0 1.6028713e-05
449940126.0 1.0 1797.1823203448394 1 1.0
302683008.0 1.0 1810.556106954218 1 0.99791294
407461964.0 0.0 1796.8053026826772 0 3.0297242e-06
359034933.0 1.0 1810.1389366021872 1 0.9999999
82247058.0 1.0 1797.4939689615126 1 1.0
341873787.0 1.0 1796.8864973415753 1 1.0
348672053.0 1.0 1796.786000894823 1 0.9999761
301734237.0 1.0 1799.5571287809094 1 0.99999905
432017950.0 0.0 1812.3493482397132 0 0.00068522844
230019755.0 1.0 1798.448705607425 1 1.0
63791013.0 0.0 1805.599387457094 0 0.0003298532
400823137.0 0.0 1805.2026177120913 0 5.384835e-07
408364757.0 0.0 1796.8253067991266 0 0.0004455725
302543243.0 1.0 1806.1831007257804 1 1.0
320384437.0 1.0 1805.8268503146398 1 1.0
265460768.0 1.0 1810.7845173893672 1 0.9999545
418261053.0 1.0 1799.2834628954927 1 0.9999992
229645753.0 1.0 1799.365769304108 1 1.0
367283061.0 0.0 1805.3256376475622 0 5.5133133e-13
428738590.0 1.0 1797.9926642548896 1 1.0
369825016.0 1.0 1806.3058961136037 1 1.0
264157795.0 1.0 1805.5125557315955 1 0.9999992
83618308.0 1.0 1799.055940324777 1 0.99999666
353892213.0 0.0 1808.953686975786 0 0.0004988703
401009243.0 1.0 1805.5153551456713 1 0.99999845
117811891.0 1.0 1806.1823924148769 1 1.0
250520042.0 0.0 1812.3487160986494 0 2.1033811e-06
275484400.0 1.0 1794.6807668674332 1 0.9999945
137991883.0 1.0 1793.5996162804017 1 1.0
71973961.0 1.0 1793.6191167164886 1 1.0
54523829.0 0.0 1805.556089730597 0 0.000880516
229960428.0 0.0 1796.9070296538355 0 1.14082795e-05
83216201.0 1.0 1794.8473657412862 1 1.0
232628233.0 0.0 1808.9267044621192 0 0.005367698
192532362.0 0.0 1808.9116543126297 0 0.00061217614
259002281.0 0.0 1805.2196642775186 0 4.273145e-16
82094754.0 0.0 1794.347949301176 0 0.00050030206
201154752.0 0.0 1812.349491615877 0 0.00077981816
270815076.0 0.0 1808.888663403027 0 1.4759166e-05
275853812.0 1.0 1811.243863511513 1 0.9994497
219805875.0 1.0 1798.5104877685574 1 1.0
116489170.0 1.0 1797.5155508777004 1 0.99999934
250773561.0 1.0 1811.2236756325608 1 1.0
194783338.0 0.0 1800.1410315613662 0 1.8233811e-08
367817978.0 0.0 1796.7630226132121 0 0.00020783335
435161010.0 1.0 1798.5135553732255 1 0.99999696
401088630.0 0.0 1796.8900408121194 0 0.00050627894
256205070.0 1.0 1795.8268249457253 1 0.96850616
420130536.0 1.0 1797.8243846662683 1 0.99999994
34887502.0 0.0 1805.537253374001 0 0.00069618825
354313367.0 0.0 1812.390147826586 0 1.8007255e-05
13454275.0 1.0 1810.681444222798 1 1.0
264727023.0 0.0 1805.2027430474707 0 5.7971764e-13
422563390.0 1.0 1797.6384094740692 1 1.0
192881189.0 1.0 1793.474210947698 1 1.0
243355919.0 0.0 1793.4069972468076 0 0.0006988874
317473563.0 1.0 1794.5341906069382 1 0.9999961
419246479.0 0.0 1793.1393128346385 0 1.8618749e-11
116217056.0 0.0 1805.2448886227821 0 2.5068072e-08
251389173.0 1.0 1793.702633719292 1 0.99999976
258680192.0 1.0 1794.743234016927 1 1.0
366115511.0 0.0 1793.4096262648952 0 4.6929626e-12
308529807.0 1.0 1798.8277331166153 1 1.0
130060945.0 0.0 1805.5159710835317 0 2.192e-06
433496600.0 1.0 1793.1617261366964 1 0.9999998
370941985.0 0.0 1809.181641354585 0 0.00027969317
316053078.0 1.0 1806.3488083337631 1 1.0
292154839.0 1.0 1796.7449699712363 1 0.9999971
272048514.0 0.0 1808.8887308924097 0 5.1833236e-08
321823361.0 0.0 1808.8457549592292 0 2.1722086e-07
264991121.0 0.0 1796.909238751458 0 9.818149e-06
452911445.0 0.0 1809.1811157138854 0 7.7734065e-08
374215294.0 1.0 1810.7021041920934 1 1.0
327093958.0 0.0 1812.3485675495754 0 0.00035039466
354541405.0 0.0 1808.8903038288688 0 1.8729344e-11
403752230.0 0.0 1812.6814587667013 0 0.000203901
269597203.0 1.0 1795.345185502527 1 1.0
312774447.0 1.0 1798.9521789986657 1 0.9993915
192588827.0 1.0 1793.3283145080325 1 1.0
311929094.0 0.0 1805.5562146907298 0 6.97888e-11
249942013.0 0.0 1805.20309111196 0 1.5210913e-06
410736221.0 0.0 1809.2656952999218 0 1.8241175e-09
347688587.0 0.0 1812.3484532270204 0 1.644212e-07
237013719.0 1.0 1793.616212880156 1 0.9999159
370508912.0 1.0 1798.848307306801 1 0.992844
165501698.0 1.0 1810.1767345741127 1 1.0
327124382.0 0.0 1812.701577544284 0 0.0005083922
200878679.0 0.0 1809.016116271843 0 0.0006317276
13775416.0 1.0 1794.535649893757 1 1.0
301417546.0 0.0 1796.8278641346697 0 8.638227e-06
256927408.0 1.0 1799.3451219065284 1 1.0
198280569.0 0.0 1808.8432015500655 0 0.0007476539
420539239.0 0.0 1809.1395576865896 0 2.585697e-07
301912273.0 0.0 1805.2031890416308 0 6.849873e-05
233497899.0 0.0 1812.3449304739595 0 8.825671e-17
201159384.0 0.0 1805.6204293052801 0 0.00090968766
417767562.0 0.0 1812.617541266842 0 2.891182e-06
336002233.0 1.0 1797.304729737571 1 1.0
433283112.0 0.0 1812.661865121584 0 0.0004388382
421111304.0 1.0 1800.1392402216122 1 1.0
11996922.0 0.0 1809.1396155339723 0 4.7549214e-17
377153171.0 0.0 1805.2007399183608 0 6.0650755e-06
445302944.0 1.0 1794.431509656165 1 1.0
308717191.0 1.0 1797.848750049469 1 1.0
160551319.0 0.0 1812.3653046951626 0 1.2909322e-07
376401744.0 1.0 1806.0547584118067 1 1.0
327190106.0 1.0 1799.9322586605872 1 1.0
302076473.0 1.0 1794.8071933953454 1 0.99999976
160603434.0 0.0 1794.1987458469512 0 1.2996273e-07
326816881.0 1.0 1805.451508360026 1 0.99998176
292523038.0 0.0 1812.6822744650474 0 0.00011656212
12869279.0 0.0 1796.9092692042493 0 8.943928e-05
71849965.0 1.0 1799.5984395945445 1 1.0
407461964.0 0.0 1800.3053209556467 0 2.2764306e-08
352406822.0 0.0 1805.241375977585 0 9.562572e-18
233132351.0 1.0 1799.6356180204543 1 0.9999871
240735918.0 0.0 1809.2020871592824 0 4.0784907e-05
236776985.0 0.0 1805.2189329104979 0 3.902398e-07
327292056.0 0.0 1805.203065337634 0 1.4574945e-06
332871066.0 0.0 1812.7231233809046 0 0.00015692684
348316528.0 1.0 1805.6818155054084 1 0.9999984
258137125.0 0.0 1796.6413125762365 0 0.00069748546
250834403.0 1.0 1798.452983067766 1 0.9998587
352675936.0 1.0 1798.743370473954 1 1.0
332253512.0 1.0 1797.4522535511592 1 0.99998695
94543269.0 0.0 1809.1206011194135 0 0.0006345919
117520490.0 1.0 1798.6406315198856 1 0.99992037
305294894.0 1.0 1794.0331145372613 1 1.0
256557975.0 0.0 1812.3862777105576 0 3.8948986e-07
390808805.0 0.0 1812.410764563101 0 0.00037159244
272144627.0 1.0 1806.076282358716 1 0.9994628
200778436.0 1.0 1794.2868967426662 1 1.0
287087736.0 1.0 1797.0099821025224 1 1.0
356107902.0 0.0 1794.405797699184 0 0.00019504549
444143080.0 1.0 1799.3486766069136 1 0.99999994
229948115.0 0.0 1805.2194714743025 0 1.7013796e-10
377052250.0 0.0 1805.1980382922495 0 8.196307e-06
241083223.0 1.0 1793.3280484210595 1 1.0
316247031.0 0.0 1796.8902244082747 0 0.010484382
286224091.0 1.0 1796.264913648642 1 1.0
390464391.0 0.0 1808.9107065862215 0 3.5367302e-06
418417802.0 1.0 1810.3472264346747 1 1.0
229644238.0 0.0 1794.1989680073148 0 1.9442917e-08
369352998.0 0.0 1805.2850668973078 0 7.937704e-09
331779742.0 0.0 1812.806295068669 0 3.2588754e-13
35014268.0 1.0 1810.5163889256744 1 1.0
28690469.0 1.0 1810.578079287732 1 1.0
326258091.0 0.0 1796.9076041717422 0 0.000118684824
256105914.0 1.0 1794.7646390428906 1 0.9999991
94479468.0 1.0 1805.8704999486993 1 1.0
230381879.0 1.0 1795.7403091973183 1 0.99999994
327447382.0 1.0 1800.0144031405812 1 1.0
369141038.0 0.0 1805.222437851898 0 0.0003099402
251153933.0 1.0 1794.9528070446713 1 1.0
302543213.0 0.0 1793.1412069639696 0 0.0006709411
264721727.0 1.0 1797.2626175704777 1 0.99999726
241082070.0 0.0 1812.3695531636463 0 8.9237273e-10
265427465.0 0.0 1812.3675327811736 0 3.4898602e-07
129913816.0 1.0 1793.7035791194705 1 1.0
353988152.0 1.0 1797.468380204605 1 1.0
72029696.0 1.0 1797.1402043256946 1 1.0
312149741.0 1.0 1800.1813772124892 1 1.0
280564777.0 1.0 1810.806446452588 1 0.9999996
327189417.0 1.0 1797.015668106432 1 0.9999744
201115644.0 1.0 1797.9118498454923 1 1.0
194782794.0 1.0 1795.3492669872455 1 0.99999523
302476679.0 0.0 1805.2446823749403 0 4.8346474e-06
22876072.0 0.0 1808.849600532982 0 0.0005792044
256581455.0 1.0 1795.9711618848617 1 1.0
67515195.0 0.0 1809.0782872768239 0 1.4264865e-06
186745213.0 0.0 1809.1202707344833 0 0.00040082022
352039322.0 0.0 1805.2433099882962 0 5.818857e-09
26435015.0 1.0 1793.286965793346 1 1.0
389701415.0 1.0 1811.368718998695 1 0.9999997
219113492.0 0.0 1808.8445608433476 0 7.298874e-12
13084580.0 1.0 1810.7649067286773 1 1.0
269607811.0 1.0 1811.4301095394785 1 1.0
219802551.0 1.0 1810.4477114791036 1 1.0
116556436.0 0.0 1805.223923592705 0 6.3641295e-15
256582440.0 1.0 1799.4919529540905 1 1.0
200937300.0 1.0 1796.6201150629834 1 0.99999917
12414915.0 0.0 1812.4523313518305 0 3.8604995e-07
84334396.0 1.0 1811.3914499732862 1 1.0
424118390.0 1.0 1794.474226110565 1 0.9999817
441805251.0 1.0 1797.0945768483225 1 1.0
338650529.0 0.0 1812.3462983071722 0 3.8642384e-06
362258291.0 0.0 1808.866145457036 0 5.293277e-18
433144331.0 1.0 1796.0995110855067 1 0.99999887
21017577.0 0.0 1796.6414235537359 0 0.0005808159
412881554.0 1.0 1810.2210024027627 1 1.0
305048005.0 0.0 1809.2021706427915 0 1.6625514e-09
418410652.0 0.0 1808.8680831974943 0 6.776537e-06
312680867.0 1.0 1810.5146111148224 1 1.0
376257732.0 0.0 1808.910468257374 0 6.8907516e-06
399128525.0 0.0 1793.1398550276256 0 2.3039363e-12
117621888.0 0.0 1805.203214820349 0 2.908036e-08
381786657.0 1.0 1793.3076663882496 1 0.99993855
428770950.0 0.0 1796.8051467251805 0 4.6390267e-10
428607506.0 1.0 1799.5971611378725 1 0.99999994
250521009.0 1.0 1796.265568792913 1 0.9999994
12824638.0 0.0 1812.6396261441 0 1.7453723e-07
368028955.0 0.0 1796.9096000255963 0 1.4035204e-11
378472481.0 1.0 1796.7013820719062 1 0.99993765
252102785.0 0.0 1805.5563597681748 0 7.7067796e-07
198189225.0 0.0 1812.385308109081 0 1.4401886e-06
301910192.0 0.0 1805.224067310339 0 9.90353e-10
428395248.0 1.0 1794.4112112264531 1 1.0
81301632.0 1.0 1811.2647740970915 1 1.0
390897172.0 1.0 1810.6191870730574 1 0.9999999
53965262.0 1.0 1806.4313053793283 1 0.99999994
316631223.0 1.0 1795.6402427989058 1 0.9999999
368110961.0 0.0 1808.8677226760788 0 6.13523e-10
268948397.0 1.0 1796.8887128975193 1 1.0
29015282.0 0.0 1793.1413601076038 0 0.0005111902
229594685.0 1.0 1805.4490652294955 1 0.9999988
327365295.0 0.0 1809.160025980971 0 0.0002942819
426088403.0 1.0 1796.4928813864979 1 0.9999992
116893406.0 0.0 1812.369724353695 0 3.7502347e-13
256665532.0 1.0 1796.4075304016892 1 1.0
445407622.0 1.0 1793.181465979031 1 1.0
285233768.0 0.0 1800.1395232871753 0 0.00013825184
434533043.0 1.0 1798.2427259166875 1 1.0
403307587.0 1.0 1794.8687630376996 1 1.0
326210250.0 0.0 1812.3449149226653 0 1.4472421e-22
241100835.0 1.0 1810.1403293517246 1 0.99999946
249856862.0 0.0 1808.8488441123802 0 4.4606216e-09
390050909.0 1.0 1799.9728396307783 1 0.9999999
65202284.0 0.0 1812.3493019537245 0 0.0005190451
233532450.0 1.0 1810.823247312077 1 1.0
82013521.0 0.0 1805.2650333940035 0 0.00040988543
201256979.0 0.0 1805.620391324737 0 0.00034391915
245554309.0 1.0 1805.7236354252416 1 1.0
445612124.0 1.0 1795.140208303227 1 1.0
252853767.0 0.0 1793.3904632178346 0 0.00024994096
309128520.0 0.0 1808.848654748076 0 4.5776258e-05
91416849.0 1.0 1797.4748349539154 1 1.0
186742638.0 1.0 1797.05785647964 1 1.0
116756730.0 0.0 1796.8281468112282 0 0.00043716558
444079306.0 0.0 1793.3277959592697 0 1.452838e-17
418206285.0 0.0 1808.847408781439 0 8.024579e-09
317708745.0 1.0 1796.054859987802 1 0.9999999
416096872.0 0.0 1793.1408259369114 0 0.00071162864
356340576.0 1.0 1798.1139023296853 1 0.9999795
84059267.0 1.0 1796.7224688899382 1 0.9999969
428661029.0 0.0 1812.3680569681962 0 8.199951e-06
177973770.0 0.0 1808.8495292727775 0 0.00040063477
390805964.0 0.0 1797.8480318721004 0 1.6306576e-05
284441721.0 1.0 1795.8894528288909 1 1.0
316255089.0 0.0 1805.20295574078 0 0.08315517
332676561.0 1.0 1796.952471880247 1 1.0
353819995.0 1.0 1810.6976973568026 1 0.9999998
229587523.0 1.0 1805.470036751258 1 1.0
399721521.0 0.0 1812.3467963397106 0 5.6076317e-08
240899191.0 0.0 1808.8691385973132 0 3.0974427e-08
240990984.0 0.0 1812.3482545081201 0 0.00023861429
366327738.0 0.0 1793.3252898094538 0 2.1154764e-13
433286727.0 1.0 1796.5785764492464 1 1.0
372788131.0 0.0 1812.4936308331587 0 0.00018490461
433350686.0 0.0 1809.161943771037 0 0.0018480927
238745713.0 0.0 1808.9116677937807 0 0.000311819
332802700.0 1.0 1795.4942004960233 1 1.0
54532032.0 1.0 1793.3271040909044 1 0.99999946
346723607.0 0.0 1805.5372477218039 0 0.00066601037
387601052.0 0.0 1808.866318744133 0 6.408698e-08
192732741.0 1.0 1797.5366172939632 1 0.9999963
137961093.0 0.0 1805.4746269908956 0 0.0007681967
280411662.0 0.0 1805.3272008918768 0 2.7607788e-05
237099307.0 1.0 1796.5521175976899 1 1.0
397979231.0 0.0 1808.9101533546493 0 0.002852061
83723784.0 1.0 1796.1808436755323 1 0.99999976
445258233.0 1.0 1794.1188904588653 1 0.9999993
198237904.0 0.0 1805.2185890520468 0 5.1474738e-11
332051887.0 1.0 1798.8691078605711 1 1.0
250828307.0 1.0 1795.5573098929897 1 1.0
359556000.0 1.0 1798.7603812970017 1 1.0
397982006.0 1.0 1794.7016638294747 1 0.0532648
372576782.0 0.0 1812.472270271719 0 3.8898762e-07
194560468.0 0.0 1812.3495110408683 0 0.0005762533
67570683.0 0.0 1805.4741184315562 0 0.00054993475
422384512.0 0.0 1800.324581052181 0 0.00047467597
241029560.0 1.0 1811.5150332045744 1 1.0
240701287.0 1.0 1806.118816289275 1 0.99999976
347425550.0 1.0 1800.1201672639372 1 1.0
63466814.0 0.0 1805.3493339848249 0 0.00018898693
259000033.0 1.0 1798.9282282132233 1 0.9901368
348671782.0 1.0 1797.6610039005177 1 0.9970447
285274020.0 0.0 1805.3078347482144 0 8.675176e-05
349296554.0 0.0 1793.1411560899917 0 0.00066759565
264294796.0 1.0 1799.012560790649 1 1.0
406790363.0 0.0 1808.86667194444 0 2.4086457e-05
240972384.0 1.0 1793.411016671116 1 1.0
285441223.0 1.0 1795.9102069880462 1 0.99954844
422712358.0 0.0 1808.8677857493626 0 9.344146e-09
13946145.0 1.0 1798.9523022027543 1 0.9999946
73449656.0 1.0 1805.849536745988 1 1.0
428210990.0 1.0 1810.9324664918165 1 0.999786
452966668.0 1.0 1798.4313516059553 1 1.0
321598171.0 1.0 1795.5126156473918 1 1.0
354920892.0 1.0 1795.5141543857806 1 0.9999914
445349361.0 1.0 1794.1815948657647 1 0.9999999
241015899.0 0.0 1808.8900926306314 0 5.095894e-05
407354512.0 0.0 1812.5556840810407 0 7.826742e-08
452961054.0 0.0 1809.16029766171 0 0.000167821
65161111.0 1.0 1810.7033895613458 1 0.9999304
251619693.0 0.0 1808.8487712204076 0 0.001111826
160552210.0 1.0 1796.469339193261 1 1.0
229701637.0 1.0 1797.5113041294949 1 1.0
436844839.0 1.0 1794.7664190434023 1 0.9999998
54367735.0 0.0 1809.1604076415224 0 1.0900227e-06
192317597.0 1.0 1797.9324719134154 1 1.0
312675993.0 1.0 1796.5354864695669 1 1.0
192377212.0 0.0 1808.8492240840014 0 0.019612793
416092741.0 1.0 1811.3492144084132 1 1.0
445439566.0 1.0 1794.7650310868028 1 1.0
245466885.0 1.0 1810.5985514226982 1 0.99999815
379598894.0 1.0 1810.8062279815151 1 0.6858526
354792100.0 1.0 1796.1406137385413 1 0.99999857
343327003.0 0.0 1796.8246101177954 0 0.00024827532
116367033.0 1.0 1796.5571955647017 1 1.0
292320190.0 1.0 1794.8700009566471 1 0.9999885
203035428.0 1.0 1810.578290100334 1 0.9999999
357828616.0 1.0 1797.9311213829508 1 0.9999999
194608246.0 1.0 1793.9326026028339 1 0.9999755
377335006.0 1.0 1798.950734002571 1 0.99999946
249953542.0 1.0 1806.1612911087025 1 0.99999976
5721825.0 1.0 1793.328833297005 1 0.99999994
427546254.0 1.0 1796.0996847625368 1 0.9999998
289723181.0 0.0 1812.3639668160968 0 4.77793e-10
255922200.0 0.0 1812.3870234039812 0 0.00022802266
71852651.0 0.0 1796.6401966143474 0 1.0843762e-23
219851698.0 1.0 1805.8230785641788 1 0.9999883
240781453.0 0.0 1805.535570044635 0 1.4755941e-08
378528078.0 1.0 1799.5137540609771 1 0.9999998
264614323.0 1.0 1796.4110016019652 1 1.0
229510866.0 1.0 1797.2824360385803 1 1.0
270056075.0 0.0 1809.182946565215 0 0.0006079256
259002404.0 1.0 1811.1779427731053 1 1.0
445556961.0 1.0 1811.1609034370867 1 0.9999995
419524702.0 1.0 1806.035035512733 1 1.0
283738003.0 0.0 1809.159950031765 0 3.2460044e-05
409530925.0 0.0 1805.3908210409354 0 1.548369e-12
308782484.0 1.0 1805.7234672564834 1 1.0
327340427.0 1.0 1794.2240719713209 1 1.0
275484539.0 0.0 1808.9726917653252 0 0.00058886915
415838822.0 0.0 1809.1614154879414 0 0.00054421666
196920554.0 1.0 1793.494622228839 1 0.99999976
237117163.0 0.0 1808.9057331037172 0 0.000101792495
252101699.0 0.0 1809.1604399432679 0 1.4956743e-05
288406303.0 0.0 1812.386972824865 0 2.6047962e-17
421966022.0 1.0 1795.2437480883164 1 1.0
279525032.0 1.0 1795.7842812077008 1 1.0
241101185.0 1.0 1793.1612619557213 1 1.0
284442246.0 1.0 1799.6810877981682 1 1.0
116009307.0 1.0 1798.3073840497545 1 0.99999905
377294784.0 0.0 1797.9691663736367 0 0.00046741558
370210775.0 0.0 1796.639990109368 0 5.3081916e-05
434626140.0 1.0 1797.7427088700533 1 0.9999979
229956001.0 1.0 1795.802933728579 1 1.0
13463522.0 0.0 1805.2008692515276 0 0.00027810995
396343570.0 1.0 1797.8888080875095 1 0.99999976
366914551.0 0.0 1805.2004892971195 0 4.3765974e-17
377202633.0 1.0 1810.679769557772 1 1.0
297819072.0 0.0 1805.2642797537064 0 4.0214343e-07
445421702.0 1.0 1793.5773617289933 1 0.9999998
265006263.0 1.0 1796.36918345661 1 1.0
405491316.0 1.0 1805.9539603697103 1 0.99999964
71688124.0 0.0 1812.6814598083108 0 0.00012601232
199522144.0 1.0 1810.864321108545 1 0.9999997
63509032.0 1.0 1798.7036641909067 1 0.9999999
308716772.0 0.0 1812.348473724845 0 0.0001393129
427446922.0 0.0 1793.4090997012688 0 7.9401674e-10
250776985.0 1.0 1810.8904393245443 1 1.0
219772418.0 1.0 1799.1351410210425 1 1.0
399198469.0 0.0 1805.2442544397413 0 1.233519e-08
229703077.0 0.0 1812.3860175367097 0 3.2013202e-06
237237678.0 0.0 1796.6370228206642 0 0.00039724793
279762324.0 1.0 1795.9521730888616 1 1.0
49848701.0 0.0 1812.4106710844655 0 1.2414942e-05
449983897.0 0.0 1805.5144394740018 0 8.960632e-07
229958520.0 0.0 1808.885850217258 0 5.5244817e-13
101095409.0 1.0 1796.1203473066432 1 0.9999998
322061740.0 1.0 1806.4084106565265 1 0.9774173
333070085.0 0.0 1793.1400348112602 0 1.452526e-08
192782452.0 1.0 1795.4323982012738 1 0.9999976
67461612.0 1.0 1796.6618695739762 1 1.0
200771162.0 1.0 1798.0159707588334 1 1.0
396236895.0 0.0 1805.2431744073197 0 0.0009958404
398103462.0 0.0 1812.4519117209086 0 6.8213785e-07
282877324.0 1.0 1810.201358652013 1 1.0
445340270.0 0.0 1805.5563404036802 0 1.857494e-05
381808575.0 1.0 1810.9118596848284 1 0.9999984
203035294.0 1.0 1795.8283764325402 1 0.99997383
396600461.0 0.0 1812.493257830981 0 1.4293204e-06
396238604.0 1.0 1798.8682049494116 1 0.9999988
399264427.0 1.0 1794.7020227984408 1 1.0
396299458.0 0.0 1793.2643943551984 0 1.780616e-05
286014173.0 0.0 1812.4315576139418 0 0.00032367648
405795050.0 0.0 1808.8666703039792 0 2.3647213e-05
63587128.0 1.0 1795.7246173914964 1 0.9999998
378043919.0 1.0 1794.6180086174675 1 1.0
116212174.0 1.0 1797.3488353740413 1 1.0
308875829.0 1.0 1810.9735419253457 1 0.99926406
348766679.0 0.0 1805.5789201484129 0 2.578918e-05
331324873.0 0.0 1805.5354856312324 0 7.867412e-07
129789870.0 1.0 1796.370309553159 1 1.0
410743006.0 0.0 1808.9532777865277 0 0.0002554391
388506515.0 0.0 1805.2007685375736 0 1.17110936e-07
286408579.0 0.0 1808.910758388274 0 2.6841187e-07
422976947.0 1.0 1793.8490644713045 1 0.9999965
302158868.0 1.0 1800.4323514418754 1 1.0
83808214.0 1.0 1810.8889564860056 1 1.0
202979326.0 1.0 1795.9324440324126 1 0.99999994
63344672.0 1.0 1793.578649089062 1 0.9999881
137908045.0 1.0 1794.7245337397687 1 0.999995
233212465.0 1.0 1805.5319358840338 1 0.99999994
376978867.0 1.0 1810.781230377661 1 0.99987864
399358798.0 1.0 1798.9523721682615 1 0.9999996
103952694.0 1.0 1806.2865781782334 1 0.9999996
5735606.0 1.0 1811.3910072138274 1 0.99997056
436861207.0 0.0 1805.2039006914656 0 0.00015213832
302544817.0 1.0 1794.6829710947557 1 0.99999917
366417300.0 0.0 1805.241957523258 0 8.570715e-12
264992538.0 0.0 1805.2216856147709 0 6.9065613e-12
353079913.0 1.0 1795.743313263298 1 1.0
364179456.0 0.0 1805.2623231184732 0 3.692908e-05
22815944.0 1.0 1796.0789559333166 1 0.9999997
354250098.0 0.0 1808.8483281404294 0 2.7715964e-06
388439859.0 1.0 1810.5548077542087 1 0.9999303
232602742.0 0.0 1805.4060373428795 0 0.00010296388
264996547.0 0.0 1793.4093777899875 0 1.08475816e-13
125734952.0 1.0 1799.0163522959006 1 1.0
288501120.0 1.0 1798.0366294264982 1 1.0
82163508.0 1.0 1796.764884039909 1 1.0
302074208.0 0.0 1808.89065331351 0 2.4110318e-06
138021649.0 1.0 1795.6203924714966 1 0.99995273
219114041.0 1.0 1797.386185752643 1 1.0
126097646.0 1.0 1793.30783934859 1 0.9999997
83523034.0 0.0 1808.8472911871356 0 5.6364033e-06
373458532.0 1.0 1810.7427762087182 1 1.0
433977596.0 1.0 1799.450839725928 1 1.0
326964352.0 1.0 1797.807204317061 1 1.0
250560249.0 0.0 1796.6405288648516 0 1.9058075e-06
26396354.0 1.0 1797.8494816417879 1 1.0
65282331.0 1.0 1794.8699459328864 1 0.9999959
251701903.0 1.0 1794.786077940467 1 1.0
270014762.0 0.0 1812.3467903689736 0 8.128947e-05
198206610.0 0.0 1808.8851829632335 0 8.858505e-10
198553494.0 1.0 1810.2601872708315 1 1.0
346541355.0 0.0 1805.5997784299009 0 0.00031076066
424462041.0 0.0 1812.5730719119751 0 1.6447047e-18
137125650.0 1.0 1799.7431025042245 1 0.99999934
353020190.0 1.0 1796.3060271025308 1 1.0
21023589.0 0.0 1805.287108289572 0 0.0011493519
256716627.0 1.0 1810.8459999622728 1 0.9999997
233057431.0 1.0 1805.9270942117128 1 0.9999924
315812258.0 1.0 1793.491583017018 1 0.9999998
286476556.0 1.0 1797.2649034774317 1 1.0
289385117.0 0.0 1805.3267524757334 0 9.5081945e-05
322443520.0 0.0 1808.8876557518072 0 1.726818e-14
240832085.0 1.0 1797.2442190764016 1 0.99999684
402814827.0 1.0 1795.9306922731898 1 0.9999997
444529086.0 1.0 1811.368773712078 1 0.99999976
200916812.0 0.0 1805.2036176658744 0 6.476584e-05
298729586.0 0.0 1797.9688251983494 0 4.538295e-13
20801747.0 1.0 1793.807540861616 1 0.9999992
416543860.0 0.0 1805.5140665851013 0 1.6560206e-11
279441587.0 1.0 1798.2642067133577 1 0.9225831
350073184.0 0.0 1808.9916456894791 0 5.013248e-06
293187690.0 0.0 1809.1825010884343 0 0.00022082143
198161549.0 1.0 1810.6562435076091 1 1.0
229676619.0 1.0 1797.0517097396153 1 0.99999934
83964493.0 0.0 1805.2432521682342 0 8.961728e-05
353895169.0 1.0 1810.468344131558 1 1.0
431897913.0 0.0 1808.8492619754015 0 0.0011208032
237291609.0 1.0 1805.741138453205 1 1.0
13266774.0 1.0 1794.8271906091304 1 1.0
406679025.0 1.0 1799.5967306665586 1 1.0
445451024.0 0.0 1812.3692301871276 0 0.00011360621
453229743.0 1.0 1797.4943053169845 1 0.9999973
373329826.0 1.0 1798.9092090414847 1 1.0
373149548.0 0.0 1808.867654377984 0 2.6873551e-12
50126886.0 1.0 1797.6608205171515 1 1.0
331852678.0 0.0 1796.6398539379595 0 0.0014175058
453305405.0 0.0 1809.202375357984 0 3.6783146e-10
256665863.0 1.0 1798.8241430671735 1 0.99999905
35158104.0 1.0 1798.8496881175786 1 1.0
278855601.0 1.0 1798.7434831651979 1 0.9999994
427518970.0 0.0 1796.9091915617787 0 1.6829876e-08
264915759.0 1.0 1795.348681134689 1 1.0
376683996.0 1.0 1798.5340165196917 1 1.0
327396011.0 1.0 1805.5571814248672 1 1.0
384985022.0 1.0 1798.4326651602612 1 1.0
384596822.0 1.0 1798.6403741779952 1 0.9999996
284717791.0 1.0 1797.1186941620913 1 1.0
199616876.0 0.0 1793.176292558515 0 0.0006029909
184563903.0 0.0 1812.6406356953833 0 0.00042779616
104146528.0 1.0 1797.3695814222215 1 1.0
73571779.0 1.0 1811.3078305367035 1 0.9999995
353853673.0 0.0 1809.010228420982 0 0.0012633494
356980849.0 1.0 1798.1561180639667 1 1.0
352033634.0 1.0 1810.5766822567732 1 0.9999935
374607615.0 0.0 1808.9316675867437 0 1.5374395e-08
289571826.0 1.0 1796.6351266079412 1 1.0
256696297.0 1.0 1800.0980154859396 1 1.0
265096336.0 1.0 1798.6611675007255 1 0.9999996
279726148.0 0.0 1808.910890433923 0 0.0032142284
348611993.0 1.0 1806.3484347762203 1 1.0
445303886.0 0.0 1796.639841074802 0 7.373381e-09
367329365.0 0.0 1796.8255601225546 0 0.00027343634
378989257.0 1.0 1797.4098478570006 1 1.0
399506268.0 0.0 1808.846664481169 0 1.16658105e-08
235991503.0 0.0 1809.2000039149625 0 3.123326e-05
116134601.0 1.0 1811.203228575366 1 1.0
396261687.0 1.0 1799.201157868899 1 1.0
398075536.0 1.0 1806.3058372069627 1 1.0
357668748.0 0.0 1808.9523245410235 0 0.00028381706
292003046.0 0.0 1805.4949210618424 0 2.945789e-07
286238796.0 0.0 1812.5576982917512 0 0.00049552036
20706357.0 1.0 1793.7658178243203 1 0.99999475
431772219.0 1.0 1797.7656989183072 1 0.9999997
301908201.0 1.0 1799.7448244905322 1 1.0
354288215.0 0.0 1805.2215661537473 0 1.6201267e-14
230389367.0 1.0 1794.6360833912647 1 1.0
224601763.0 1.0 1806.1555152360913 1 0.99999976
271021225.0 1.0 1805.597001531577 1 1.0
370274722.0 0.0 1805.5565039977357 0 3.4868262e-07
285743835.0 1.0 1800.0157253348873 1 1.0
415880847.0 1.0 1805.4322263375905 1 0.9999998
420108971.0 0.0 1812.3449334812935 0 0.00012771314
219877284.0 1.0 1796.510730884753 1 1.0
308715091.0 1.0 1793.3903521688298 1 1.0
275761713.0 1.0 1795.5557602966537 1 1.0
432090580.0 0.0 1800.14084559995 0 4.2755543e-14
10428530.0 1.0 1795.118853871237 1 1.0
416098303.0 1.0 1810.141051530953 1 1.0
453267278.0 1.0 1810.6189948870472 1 1.0
26530386.0 0.0 1809.2664199893104 0 0.0006101976
177824144.0 0.0 1808.9745597560077 0 0.0009073789
192558373.0 0.0 1812.3493477464774 0 0.00035542995
366869323.0 1.0 1806.3254586287267 1 1.0
402894184.0 0.0 1793.40779947903 0 1.3427645e-16
34885028.0 1.0 1796.0164679257216 1 1.0
431800434.0 1.0 1795.682532288368 1 0.9999999
278928515.0 0.0 1808.9934610210767 0 0.00090563466
54721476.0 0.0 1796.8897199456721 0 8.396009e-07
286216188.0 1.0 1797.7230357051956 1 1.0
229435185.0 1.0 1794.0323369648006 1 0.9974494
250560249.0 1.0 1805.619653246761 1 1.0
373146721.0 0.0 1812.3466899293849 0 7.146718e-20
420113293.0 0.0 1812.3658387871958 0 2.8358864e-15
424384003.0 1.0 1795.7823816899133 1 1.0
321824026.0 1.0 1805.7624876525501 1 0.99999994
28834478.0 1.0 1796.1830683815815 1 0.9999818
53712338.0 0.0 1812.8061911750794 0 4.922843e-07
395655726.0 0.0 1808.847085108462 0 1.3255799e-07
368523229.0 1.0 1796.8683750169519 1 1.0
356349492.0 1.0 1806.3013637254517 1 0.9999997
375653671.0 0.0 1808.8462329671931 0 6.345994e-07
50050546.0 0.0 1808.931396941837 0 1.8529188e-05
406703290.0 0.0 1805.5142601590137 0 3.2605327e-05
10697108.0 1.0 1797.9107049880856 1 1.0
410742133.0 0.0 1808.9533042338303 0 0.0004872395
360020372.0 0.0 1808.8659862355753 0 3.061972e-06
375787430.0 1.0 1799.9922381358513 1 0.9999998
71698199.0 1.0 1796.3902127541662 1 1.0
118298039.0 0.0 1805.2037062040517 0 0.00046419687
383675284.0 1.0 1805.9689200462692 1 0.999998
63589145.0 0.0 1805.39105144902 0 1.893246e-05
233500987.0 0.0 1797.6987638686417 0 2.0857255e-08
252171903.0 0.0 1812.7020607657882 0 6.74206e-11
317473241.0 0.0 1805.2008565021831 0 2.8296894e-11
336001704.0 1.0 1799.783857639424 1 0.99999994
233682766.0 1.0 1793.57264217064 1 1.0
71926955.0 0.0 1793.1400968131402 0 9.5123474e-14
427340265.0 1.0 1796.34669908967 1 0.99999726
354423408.0 0.0 1800.4090673874923 0 1.4149481e-07
430328310.0 0.0 1812.578088935548 0 0.0010675925
178138378.0 1.0 1793.8910007827294 1 1.0
233619153.0 0.0 1808.8858209972652 0 2.613952e-06
385555051.0 1.0 1793.8495595019294 1 0.99999535
410237775.0 0.0 1793.3254085267647 0 4.960212e-14
407152708.0 0.0 1805.2013366048152 0 2.1826017e-15
55081629.0 1.0 1793.41042741485 1 1.0
354288232.0 0.0 1812.346500543567 0 1.2237759e-05
13265514.0 1.0 1794.8896593747836 1 1.0
377068335.0 0.0 1793.4091058748525 0 1.2297484e-12
256516118.0 1.0 1806.2198872433098 1 1.0
72029694.0 1.0 1810.4109283162356 1 0.9999999
417860187.0 0.0 1808.8680851091203 0 8.338349e-07
286013049.0 1.0 1794.9524090637979 1 1.0
395408629.0 0.0 1812.3681946458223 0 0.00026022835
101305633.0 0.0 1812.7662356546898 0 0.0007128817
444335238.0 1.0 1805.9933976378588 1 1.0
427147592.0 0.0 1793.3251532357765 0 2.2601844e-12
323307661.0 1.0 1796.6171740356401 1 0.9999971
219870762.0 0.0 1805.1984640954063 0 2.1224139e-11
184653871.0 1.0 1811.2449701880032 1 1.0
262881432.0 0.0 1805.301468555184 0 6.1455635e-06
433139697.0 1.0 1798.7244434292315 1 1.0
402205360.0 1.0 1795.4117551105967 1 1.0
387632808.0 1.0 1793.491515268259 1 0.8383633
390336654.0 0.0 1805.556401348325 0 3.562694e-12
186985837.0 0.0 1812.7032250705715 0 0.0003048562
238747421.0 1.0 1811.4117079160064 1 1.0
230383405.0 0.0 1805.198343160357 0 5.983181e-14
369142891.0 0.0 1808.868318552585 0 1.4855982e-05
104035482.0 0.0 1805.22387920022 0 9.383927e-15
230011847.0 0.0 1812.3651911534578 0 2.8532177e-10
364176411.0 0.0 1793.1373521394967 0 0.002071563
417554759.0 0.0 1812.4520939423562 0 4.2348527e-10
194784743.0 1.0 1796.7451892256038 1 0.9999246
264224485.0 0.0 1812.4084571390883 0 4.8520803e-07
129817466.0 0.0 1812.6199254324151 0 0.0006007276
427345990.0 1.0 1798.7007410478436 1 1.0
229489998.0 1.0 1797.3032795286113 1 1.0
192467947.0 0.0 1808.974376711348 0 0.00062970666
262970608.0 0.0 1812.3428083287647 0 0.0005526114
235686198.0 1.0 1810.865873292135 1 1.0
241073627.0 0.0 1809.2025081899465 0 0.0007682004
236762131.0 1.0 1795.5737422783964 1 1.0
230377874.0 1.0 1798.552572540826 1 1.0
379378830.0 1.0 1795.1809990108989 1 1.0
445592469.0 1.0 1799.014995720305 1 0.9979354
399018929.0 0.0 1812.702299031305 0 0.00052250695
415902272.0 0.0 1809.1406131262854 0 0.0002538493
354155895.0 0.0 1812.3692485056952 0 8.446375e-05
186988331.0 1.0 1798.9743989458777 1 0.99999785
332493254.0 1.0 1798.4106128944907 1 1.0
308217319.0 0.0 1808.8484103317364 0 7.4793626e-08
81917019.0 1.0 1797.4522302566809 1 1.0
316841578.0 1.0 1805.7237370796956 1 0.9999511
348234504.0 1.0 1810.7443771976216 1 0.99998164
256197521.0 1.0 1798.3686497780964 1 0.98640764
407244881.0 1.0 1796.1182891186663 1 1.0
402810602.0 0.0 1808.9935136561592 0 4.22838e-07
367864478.0 1.0 1811.47172673127 1 1.0
289136888.0 1.0 1800.2013893750843 1 0.99999994
230070252.0 0.0 1808.8438942272192 0 3.2672557e-07
237283383.0 1.0 1806.1787303978463 1 1.0
53974376.0 0.0 1805.5353576439993 0 1.7314265e-07
343411508.0 1.0 1796.5538208435062 1 0.99999964
284055502.0 0.0 1809.2016795526488 0 4.2799766e-05
427606918.0 1.0 1797.2432914613175 1 0.9999991
259172391.0 1.0 1794.1159172150146 1 0.99857396
236785877.0 0.0 1794.406700511547 0 0.00044805734
50520921.0 0.0 1808.9317209067083 0 0.0008956536
278924624.0 1.0 1797.9935511183742 1 1.0
250861463.0 1.0 1794.8489174220247 1 0.99999934
50517423.0 1.0 1799.285752188229 1 1.0
403578375.0 1.0 1799.7024519589736 1 1.0
130059549.0 1.0 1797.3077709982447 1 0.99999994
406966886.0 0.0 1812.6806995576515 0 9.663916e-06
427593232.0 0.0 1808.867141684694 0 1.3701568e-05
352834780.0 1.0 1811.0766328353836 1 0.99999774
351546522.0 1.0 1795.159959936474 1 1.0
280073408.0 1.0 1806.4075694500402 1 1.0
237209648.0 1.0 1797.2619858430303 1 0.99873656
316491549.0 1.0 1810.1762457882899 1 1.0
192253565.0 0.0 1812.3493156791396 0 0.00060429604
280322140.0 1.0 1798.930890840853 1 0.9999999
431862833.0 1.0 1806.1200038706843 1 0.99999994
236775651.0 1.0 1811.114506600756 1 1.0
407415975.0 0.0 1796.7656053094177 0 0.67287534
347393155.0 0.0 1796.827576029998 0 6.1096145e-08
20873121.0 0.0 1808.8700802335652 0 1.1090735e-05
377334685.0 1.0 1810.7214631018778 1 1.0
241082413.0 1.0 1793.7864201387729 1 1.0
399718322.0 1.0 1805.5341876954212 1 1.0
229910664.0 1.0 1798.0110751971406 1 1.0
233732898.0 0.0 1805.2400823185305 0 2.8381482e-15
354129904.0 0.0 1805.2032068736264 0 6.04595e-08
406267523.0 1.0 1793.9919370150762 1 1.0
312544144.0 0.0 1805.6604402995654 0 6.034648e-07
116723709.0 0.0 1808.8490705278755 0 3.816939e-07
82392790.0 1.0 1797.7647923418015 1 1.0
246968057.0 1.0 1805.5787746115245 1 0.99999934
374475628.0 1.0 1810.598291952307 1 1.0
367837900.0 1.0 1796.0113529838611 1 0.9999992
394121889.0 1.0 1796.5325016935485 1 0.99999976
117172717.0 0.0 1793.3278323349339 0 4.679862e-14
347494568.0 1.0 1797.2865826961809 1 1.0
283029678.0 0.0 1805.2223914087172 0 1.5583853e-05
376366791.0 0.0 1793.325601905298 0 2.8425372e-22
256640603.0 0.0 1805.241891580719 0 1.0814217e-17
308442619.0 1.0 1795.1403315714197 1 1.0
385107167.0 0.0 1796.6408022097305 0 3.822928e-06
255982340.0 1.0 1793.9103564728857 1 1.0
394091886.0 0.0 1812.3665237112436 0 5.214518e-06
219872762.0 1.0 1794.218868148159 1 1.0
116844228.0 1.0 1797.8697201897871 1 0.9999909
240910761.0 1.0 1793.8068981140989 1 0.9999971
359249299.0 1.0 1793.160151102416 1 1.0
302160781.0 0.0 1808.8699055439458 0 0.00024181334
370997556.0 1.0 1805.4318892782585 1 1.0
177824288.0 1.0 1798.9328658912582 1 0.9999997
284535180.0 1.0 1795.5351180932053 1 1.0
299433663.0 0.0 1812.3694042241455 0 7.579488e-08
408358548.0 0.0 1808.8458961240754 0 7.51431e-08
358902936.0 1.0 1797.4927073784893 1 0.9995939
431767917.0 1.0 1796.328314517954 1 1.0
418372795.0 1.0 1794.7633946130704 1 1.0
402372496.0 0.0 1805.5369294227091 0 0.00010926252
63560111.0 1.0 1811.432525511514 1 1.0
233621863.0 1.0 1794.865174884161 1 1.0
35114056.0 0.0 1812.6205277254367 0 0.00050030655
298599455.0 0.0 1805.2180522011797 0 1.2957599e-09
363810550.0 1.0 1797.7222980510876 1 1.0
279193062.0 1.0 1799.3269222857916 1 1.0
349918802.0 0.0 1805.1993775496715 0 1.4279293e-20
288610611.0 0.0 1812.4080628187494 0 5.0713687e-05
269888243.0 1.0 1797.9330573055756 1 0.9999949
369092932.0 1.0 1796.0973072059987 1 1.0
433206212.0 1.0 1795.849355424903 1 1.0
252145751.0 1.0 1797.9106107714904 1 0.9999998
428752289.0 1.0 1795.8880524274464 1 1.0
378052256.0 0.0 1812.3676931164593 0 3.591154e-05
229912768.0 1.0 1797.782114419244 1 1.0
28960181.0 1.0 1797.2872873336378 1 1.0
385340540.0 0.0 1812.348819110491 0 5.433019e-12
14036687.0 0.0 1805.2650171423904 0 1.8340055e-08
376994854.0 0.0 1805.1981736607786 0 3.2654692e-14
306183812.0 0.0 1809.1813568002267 0 5.5311805e-08
240874160.0 0.0 1805.2025653067374 0 6.2330727e-09
21189624.0 0.0 1794.405980143602 0 9.960589e-10
366099730.0 0.0 1812.4723026373122 0 1.6005937e-05
368312493.0 1.0 1811.034362737539 1 0.9999935
407572458.0 0.0 1793.1378237405613 0 5.976495e-11
385198035.0 1.0 1795.3699421791239 1 1.0
369035535.0 0.0 1809.2017853186128 0 3.9083525e-10
251485444.0 0.0 1812.3488092861637 0 6.320994e-07
265380247.0 0.0 1805.2029487622615 0 0.00030879377
233498959.0 1.0 1806.4069226710183 1 1.0
275259192.0 1.0 1811.1178551623698 1 1.0
34647018.0 0.0 1808.849694857828 0 0.0008123109
275195403.0 0.0 1812.3471335563643 0 0.0006456868
444802579.0 0.0 1794.347907020746 0 3.9164083e-06
46428036.0 0.0 1812.724773526397 0 0.00049767346
72078090.0 1.0 1797.0775450630201 1 1.0
352794833.0 0.0 1812.411934301368 0 0.0005630968
65081990.0 1.0 1805.4744111011184 1 1.0
241022632.0 0.0 1812.3899158535326 0 1.7633926e-08
427519017.0 1.0 1795.9925285037416 1 0.9999979
428550907.0 0.0 1812.368004947026 0 3.1387455e-05
390739904.0 1.0 1798.8064403270075 1 1.0
288536399.0 1.0 1796.2659084310737 1 1.0
407382233.0 0.0 1793.2865005703482 0 6.172744e-10
271142488.0 1.0 1796.5347594386626 1 1.0
376086617.0 0.0 1808.8468449356008 0 1.1545699e-06
417747375.0 1.0 1810.638254861285 1 1.0
403831420.0 1.0 1796.0145583417168 1 1.0
351547920.0 1.0 1796.1182726689258 1 0.9967078
316552139.0 0.0 1808.887813307609 0 0.0013789744
293185126.0 1.0 1796.7033010811726 1 1.0
427738956.0 1.0 1795.328689620967 1 1.0
323301167.0 0.0 1812.3877461164152 0 5.907907e-10
50451900.0 0.0 1812.4105933114254 0 0.0002993959
178138244.0 1.0 1810.9953058055378 1 0.99999845
406635762.0 1.0 1805.367745149519 1 0.99999994
272231084.0 1.0 1799.201482072844 1 1.0
367854050.0 0.0 1812.3657690915102 0 5.4908076e-15
186985308.0 0.0 1805.5575644011335 0 0.00022881605
400951517.0 1.0 1797.994943598353 1 1.0
165501791.0 1.0 1810.5934223218155 1 0.9999999
309130381.0 0.0 1805.202870211562 0 1.7413437e-11
397984607.0 1.0 1795.4723715629987 1 1.0
337831656.0 0.0 1793.4091379497247 0 1.2974014e-10
308445921.0 1.0 1805.2653400351 1 1.0
286239119.0 0.0 1808.8494768855242 0 3.9958573e-05
372124049.0 1.0 1805.4112154389586 1 1.0
375980588.0 0.0 1793.3256725038304 0 5.579136e-08
348313828.0 1.0 1810.4943423641862 1 0.9999998
250969095.0 1.0 1799.0988261038565 1 1.0
271331502.0 1.0 1799.7220799912882 1 1.0
10351005.0 1.0 1795.0354389951538 1 0.9999996
359432099.0 1.0 1805.32657982742 1 1.0
453308338.0 1.0 1796.8690579834301 1 1.0
192840108.0 1.0 1794.661677628866 1 0.99999994
389968212.0 1.0 1796.739476254464 1 1.0
240940049.0 0.0 1800.140098175709 0 5.670438e-10
238721865.0 1.0 1810.911398375292 1 1.0
352956457.0 0.0 1808.8873508518866 0 0.00013261712
326820184.0 0.0 1812.3680196453483 0 5.585152e-05
285129764.0 0.0 1809.1808681593182 0 2.2624468e-05
229496251.0 0.0 1812.3652990970495 0 1.6646202e-09
65205361.0 1.0 1796.4948442917637 1 0.9999999
356820922.0 0.0 1812.3447768461251 0 5.4630556e-10
229740698.0 0.0 1812.4695567837332 0 1.4093057e-16
252197115.0 1.0 1795.160672461494 1 1.0
366517287.0 1.0 1805.6580663911523 1 0.9999994
333803009.0 0.0 1805.4289062040168 0 4.695155e-16
219801998.0 1.0 1798.364535718718 1 0.9999984
321688898.0 1.0 1798.3042607290865 1 1.0
83149868.0 1.0 1810.1388765453314 1 1.0
417555505.0 0.0 1805.51460790632 0 7.6601997e-10
229615654.0 0.0 1805.1990072085523 0 4.95373e-09
229943446.0 0.0 1805.1984252821533 0 1.6406025e-08
271333406.0 1.0 1795.8263165887486 1 0.9999973
252844535.0 1.0 1810.8699030845185 1 0.9999991
250858590.0 1.0 1794.8071444716888 1 0.99999946
366471232.0 0.0 1805.241960292404 0 9.722116e-10
302692537.0 1.0 1798.7644133641018 1 0.99959767
116756730.0 1.0 1805.9532406697822 1 1.0
434539833.0 1.0 1805.534228597495 1 0.99807805
373512918.0 0.0 1805.2426975379992 0 1.5787574e-08
389838241.0 1.0 1799.6813603018759 1 0.99999785
372392680.0 0.0 1812.38773211253 0 2.2943454e-16
327337815.0 1.0 1798.4322974724337 1 1.0
285338552.0 1.0 1798.3476859463792 1 0.9999952
369439063.0 0.0 1808.973068252665 0 0.0010185825
403403675.0 0.0 1809.1607961217114 0 3.8334715e-08
396200112.0 1.0 1799.076279638293 1 0.9999998
241028650.0 1.0 1796.1612083871696 1 1.0
285046835.0 1.0 1794.8893754655528 1 1.0
149910006.0 0.0 1805.4747540233732 0 0.0005729489
139580499.0 1.0 1797.432722385438 1 0.9999998
309133240.0 0.0 1793.1404196892474 0 4.0015104e-17
240796922.0 1.0 1796.3691041854192 1 1.0
366590719.0 0.0 1812.4086425471012 0 2.7823598e-05
371001989.0 0.0 1793.1401233290999 0 8.5919244e-13
445531976.0 1.0 1795.78611734193 1 1.0
229706100.0 1.0 1797.6155439122529 1 1.0
129908519.0 1.0 1795.2661203848722 1 0.9999999
288611764.0 1.0 1798.2202254448493 1 1.0
312974144.0 1.0 1810.5146113680678 1 1.0
417735594.0 0.0 1796.9909531962383 0 8.225964e-12
359257337.0 1.0 1798.6599803441532 1 1.0
83529554.0 0.0 1812.3681031571534 0 0.00056761346
372135581.0 1.0 1793.8462781141993 1 1.0
403262397.0 0.0 1812.6807903169004 0 0.00023668354
338645864.0 0.0 1796.9091350190447 0 0.00013663396
376197050.0 1.0 1799.4100038471079 1 1.0
265300454.0 1.0 1799.411144564695 1 1.0
385043781.0 1.0 1793.7657248763337 1 0.99999815
358907911.0 1.0 1806.2841952793299 1 1.0
252150729.0 1.0 1796.2022001810285 1 1.0
240904723.0 1.0 1795.931910837509 1 0.9999997
347583744.0 1.0 1810.4734563804868 1 1.0
422845822.0 1.0 1797.953986009982 1 1.0
165502101.0 0.0 1797.3018197147076 99 2.2953179e-08
139505590.0 0.0 1796.9951507918447 99 0.0007488347
427391133.0 0.0 1795.2634701850493 99 0.63334143
375083158.0 0.0 1794.5567411095603 99 1.9753371e-10
49942082.0 0.0 1798.2857373472461 99 9.367816e-11
237285803.0 0.0 1793.5953425639761 99 4.1555265e-10
236816016.0 0.0 1797.3649179831748 99 1.4283188e-06
369830392.0 0.0 1797.5353227450717 99 8.82917e-06
445318332.0 0.0 1810.1603348190442 99 9.156565e-09
352035677.0 0.0 1794.9100698714838 99 1.762519e-07
232634864.0 0.0 1799.3223943652513 99 0.00012205163
284048692.0 0.0 1799.1599921985212 99 2.2468303e-08
292462641.0 0.0 1793.7031521734086 99 9.193422e-12
336122547.0 0.0 1794.4707616521277 99 1.7862749e-06
408731262.0 0.0 1798.0964176270356 99 9.291327e-07
230019755.0 0.0 1798.448705607425 99 3.7146755e-09
445637177.0 0.0 1799.056953559723 99 7.454268e-12
292006771.0 0.0 1793.7865431288672 99 1.5824813e-06
236001043.0 0.0 1795.033160900496 99 1.5998912e-06
405492210.0 0.0 1805.953937512534 99 2.5209412e-09
202898850.0 0.0 1810.9948048256679 99 2.3210134e-13
433977596.0 0.0 1799.450839725928 99 1.7365727e-09
403921171.0 0.0 1796.3683317290338 99 9.631392e-06
51952457.0 0.0 1811.535158523776 99 2.5345358e-05
241140473.0 0.0 1795.7236957701496 99 2.525707e-08
288634851.0 0.0 1795.03271468314 99 1.4887274e-13
250746234.0 0.0 1797.9531688564125 99 4.3462937e-06
250742583.0 0.0 1797.015526751877 99 4.8741696e-12
402831735.0 0.0 1797.8049234936284 99 9.953374e-05
347395622.0 0.0 1806.3068089008384 99 1.6614321e-13
417852492.0 0.0 1796.3265700473762 99 3.015749e-05
241134818.0 0.0 1798.9114353580405 99 1.1433834e-06
250969095.0 0.0 1799.0988261038565 99 1.5216212e-16
331212224.0 0.0 1800.0774744663183 99 0.00190043
269330349.0 0.0 1796.617838079955 99 8.8295575e-14
307119640.0 0.0 1794.7443226842847 99 4.8012255e-10
240962269.0 0.0 1798.8484453099088 99 2.0360773e-08
326782912.0 0.0 1797.4309753938624 99 2.9572357e-08
269890059.0 0.0 1797.307963497388 99 1.6499217e-07
236878480.0 0.0 1806.4282543432216 99 0.0038056583
288405583.0 0.0 1800.657922536435 99 2.2841844e-09
285046835.0 0.0 1794.8893754655528 99 2.4128004e-09
237237666.0 0.0 1795.4078466695848 99 1.2322155e-07
452966668.0 0.0 1798.4313516059553 99 1.4032883e-10
237283383.0 0.0 1806.1787303978463 99 1.8065265e-11
229782278.0 0.0 1798.969633990187 99 2.1362724e-10
312852845.0 0.0 1797.8689549385156 99 1.1401409e-10
336539909.0 0.0 1796.596448431868 99 2.5532916e-08
407493298.0 0.0 1799.0970360761216 99 6.858388e-11
125734952.0 0.0 1799.0163522959006 99 9.766214e-11
82555123.0 0.0 1798.5981185523192 99 5.470742e-05
319845690.0 0.0 1806.2019037569044 99 2.5914135e-08
238721865.0 0.0 1810.911398375292 99 2.77852e-09
327337815.0 0.0 1798.4322974724337 99 8.4655164e-07
199614232.0 0.0 1805.780570405014 99 2.948119e-11
233532450.0 0.0 1810.823247312077 99 4.372062e-08
240924874.0 0.0 1810.348270492403 99 3.7476263e-12
245377299.0 0.0 1797.6403095683852 99 7.375072e-08
229912768.0 0.0 1797.782114419244 99 8.121307e-13
369825016.0 0.0 1806.3058961136037 99 4.285974e-07
256197394.0 0.0 1799.5769808455782 99 0.0001637947
191726615.0 0.0 1797.8905004669577 99 6.0644168e-12
229675113.0 0.0 1806.094381545269 99 4.568248e-06
370756231.0 0.0 1794.3275924915008 99 7.1024706e-09
387332780.0 0.0 1793.3663895765442 99 1.6164596e-18
12909458.0 0.0 1794.3687679111756 99 1.9549682e-07
198517139.0 0.0 1797.0514138634564 99 3.1190316e-07
22815233.0 0.0 1795.078926689601 99 9.666171e-07
320047799.0 0.0 1810.1393257997192 99 0.003305142
445187532.0 0.0 1799.848096563234 99 1.9519202e-06
410553028.0 0.0 1795.494643383366 99 3.2082996e-11
101128337.0 0.0 1805.5580815007647 99 1.4220449e-06
433144331.0 0.0 1796.0995110855067 99 2.6390064e-05
455955987.0 0.0 1810.2214001653117 99 2.1796838e-09
422976947.0 0.0 1793.8490644713045 99 6.4759966e-05
421308025.0 0.0 1806.0941183554442 99 1.0890143e-09
376408914.0 0.0 1811.2838371716414 99 3.2233577e-11
354840028.0 0.0 1797.764530271151 99 4.1618103e-13
259002404.0 0.0 1811.1779427731053 99 9.215874e-09
407208197.0 0.0 1796.8472657453642 99 3.6833695e-05
250860873.0 0.0 1798.5155782164065 99 1.5670068e-11
117619327.0 0.0 1797.03650128112 99 2.5073892e-05
259000033.0 0.0 1798.9282282132233 99 0.0007056342
219113860.0 0.0 1797.7612273694813 99 0.00035653447
250505768.0 0.0 1810.140275652154 99 3.679764e-08
298729586.0 0.0 1805.4895421160716 99 5.5943333e-11
387696320.0 0.0 1797.9081490090634 99 3.6257057e-09
73523720.0 0.0 1811.4952810094687 99 3.938738e-09
186762851.0 0.0 1798.4328219832414 99 5.821211e-05
327584184.0 0.0 1806.2225856943214 99 0.0012648966
420654605.0 0.0 1805.721792547944 99 3.5228855e-09
367413485.0 0.0 1799.0570731104126 99 4.5132365e-09
229512645.0 0.0 1805.740521463291 99 2.1109803e-11
385507212.0 0.0 1795.1412848017205 99 1.0619556e-07
313425355.0 0.0 1810.4264916508207 99 1.5476829e-17
315822077.0 0.0 1805.3695958623043 99 7.716419e-11
428390815.0 0.0 1795.2446833143308 99 0.0002666431
329153862.0 0.0 1795.2198016740822 99 2.814078e-13
315617593.0 0.0 1795.869504031848 99 4.899625e-12
280317619.0 0.0 1799.2853443675447 99 6.13172e-10
400505163.0 0.0 1810.3274150223701 99 1.0050958e-08
403220303.0 0.0 1796.3478419810126 99 2.8065245e-10
83528424.0 0.0 1796.826676795251 99 1.8517494e-05
383675284.0 0.0 1805.9689200462692 99 3.2830633e-07
63344672.0 0.0 1793.578649089062 99 7.024749e-06
229673190.0 0.0 1810.698983258512 99 1.1464855e-06
186804244.0 0.0 1793.5160184076597 99 0.0008760906
428752289.0 0.0 1795.8880524274464 99 9.0321495e-15
352835398.0 0.0 1796.5141223105568 99 1.828954e-08
251467384.0 0.0 1806.0362025912739 99 1.9323656e-05
219845453.0 0.0 1794.052060890901 99 0.00031158363
278997002.0 0.0 1797.8056927874043 99 9.3119276e-08
400734823.0 0.0 1810.9730633154165 99 2.978454e-14
21124830.0 0.0 1806.1765023497196 99 9.53193e-13
422563390.0 0.0 1797.6384094740692 99 1.220604e-09
312680867.0 0.0 1810.5146111148224 99 1.1103518e-08
275421016.0 0.0 1810.491431762296 99 2.4293703e-08
353895169.0 0.0 1810.468344131558 99 7.007974e-14
352675936.0 0.0 1798.743370473954 99 1.3756673e-08
428483140.0 0.0 1799.8892246834007 99 3.0684148e-06
219895311.0 0.0 1796.4690101245553 99 8.593334e-13
420288020.0 0.0 1796.5353114858474 99 2.2470559e-07
423929529.0 0.0 1795.1996296575946 99 6.0282486e-09
278933172.0 0.0 1805.5766023299634 99 2.4348074e-19
359340124.0 0.0 1805.4306304906618 99 4.11431e-06
353956975.0 0.0 1799.07829016421 99 1.0136576e-07
450004241.0 0.0 1794.1189376415107 99 4.5935806e-08
229483119.0 0.0 1798.5114461572675 99 4.638056e-09
251701903.0 0.0 1794.786077940467 99 7.4257025e-07
353988152.0 0.0 1797.468380204605 99 2.294088e-08
252848972.0 0.0 1794.682293117191 99 1.5044219e-05
428661029.0 0.0 1797.638986267781 99 4.2413038e-07
198516593.0 0.0 1797.9058173279413 99 7.305135e-05
435362311.0 0.0 1796.367831905399 99 4.3161974e-05
377027389.0 0.0 1794.6591431338784 99 6.339963e-07
270014077.0 0.0 1795.6804274934436 99 2.2020104e-09
229463961.0 0.0 1810.1779828001245 99 2.156614e-15
272134931.0 0.0 1794.8263559851155 99 3.6124017e-14
298599455.0 0.0 1798.0931747143218 99 9.420805e-10
233740411.0 0.0 1799.927416186852 99 3.4188183e-09
83053056.0 0.0 1795.139296699995 99 5.5638627e-09
308960472.0 0.0 1805.577878805719 99 5.041466e-11
72029694.0 0.0 1810.4109283162356 99 2.31557e-07
431872617.0 0.0 1797.453424828527 99 4.923138e-08
54124771.0 0.0 1797.0146356476776 99 1.4410089e-06
130059549.0 0.0 1797.3077709982447 99 3.3707424e-06
292470970.0 0.0 1799.3699317574617 99 6.1850396e-06
441723615.0 0.0 1797.8863795651378 99 7.099494e-08
10602946.0 0.0 1796.2439006980753 99 1.3719118e-07
326731589.0 0.0 1797.4515527301116 99 0.0003065571
444721814.0 0.0 1794.9519351290699 99 3.4014973e-09
82392790.0 0.0 1797.7647923418015 99 4.78193e-11
432092222.0 0.0 1794.3907357141118 99 0.0009833678
317708745.0 0.0 1796.054859987802 99 4.4505173e-09
200800648.0 0.0 1795.4119255113146 99 8.605768e-09
229439645.0 0.0 1805.5111610661381 99 3.465626e-05
85596217.0 0.0 1810.4329584635495 99 3.8456396e-06
191772763.0 0.0 1795.0989755705164 99 7.3429784e-10
285339084.0 0.0 1799.243504707485 99 1.7933486e-07
271331502.0 0.0 1799.7220799912882 99 8.276413e-10
396200112.0 0.0 1799.076279638293 99 3.6658657e-06
263969675.0 0.0 1797.137054649895 99 7.3995143e-06
356893432.0 0.0 1797.3645272464153 99 2.7482662e-07
410773762.0 0.0 1798.9711652851604 99 1.9976165e-13
431862833.0 0.0 1806.1200038706843 99 6.9291633e-07
53714098.0 0.0 1798.743850751158 99 8.93799e-09
65161111.0 0.0 1810.7033895613458 99 0.00018559826
307203654.0 0.0 1806.369096948683 99 1.2392654e-09
301839649.0 0.0 1795.702959500977 99 1.3278983e-06
331981453.0 0.0 1799.618963849287 99 1.0568047e-08
321683420.0 0.0 1799.2625683826795 99 0.000553097
201354823.0 0.0 1794.3074947916784 99 2.5088625e-07
405668894.0 0.0 1811.5362736634343 99 0.0033054056
396299458.0 0.0 1805.8058486873888 99 5.2741134e-06
81301632.0 0.0 1811.2647740970915 99 7.1174844e-16
376678450.0 0.0 1795.1591342721101 99 2.5959732e-06
387270996.0 0.0 1794.512411355772 99 8.0430204e-11
368404959.0 0.0 1797.7850020955864 99 2.1156351e-08
256929656.0 0.0 1799.1992537087767 99 3.638746e-08
421691676.0 0.0 1793.535581493716 99 8.063692e-08
137263395.0 0.0 1794.5139073691744 99 0.0011125172
289581126.0 0.0 1797.0725940209118 99 3.110183e-07
230383405.0 0.0 1797.9484591052042 99 2.2831439e-06
403307587.0 0.0 1794.8687630376996 99 3.389104e-08
269665234.0 0.0 1810.1366543827085 99 9.861975e-12
229452426.0 0.0 1805.9072174809378 99 1.5363842e-08
387632808.0 0.0 1793.491515268259 99 0.017815484
12903003.0 0.0 1798.827414226198 99 0.03665911
84059267.0 0.0 1796.7224688899382 99 7.2293874e-06
11996922.0 0.0 1795.1812096190458 99 7.667441e-16
395937903.0 0.0 1795.3473363959442 99 9.284959e-18
251154203.0 0.0 1794.3486212060118 99 4.850359e-07
388039816.0 0.0 1795.3041593436894 99 8.0740925e-09
445407622.0 0.0 1793.181465979031 99 3.214761e-08
407349073.0 0.0 1795.9514708627942 99 4.8462066e-06
34749561.0 0.0 1793.4747602371465 99 5.8159495e-09
232636428.0 0.0 1799.4896016789978 99 7.4733713e-20
235937356.0 0.0 1797.2204891155102 99 2.7785728e-07
327570310.0 0.0 1811.411155759088 99 0.16609925
265200915.0 0.0 1795.6817581308615 99 0.00032052645
332149528.0 0.0 1793.4525485383697 99 2.6541207e-07
288408543.0 0.0 1806.3454116554765 99 4.5948054e-09
289580634.0 0.0 1811.4475538785036 99 2.4028604e-14
327189417.0 0.0 1797.015668106432 99 0.00090919586
417599180.0 0.0 1805.387369297724 99 1.3174794e-08
272219327.0 0.0 1798.3681121572977 99 3.714472e-08
241101185.0 0.0 1793.1612619557213 99 1.1863964e-07
51883112.0 0.0 1798.2018907572299 99 4.8470525e-08
441737848.0 0.0 1805.2197991752087 99 0.0012707761
427769945.0 0.0 1805.4302145713996 99 0.022645183
312774447.0 0.0 1798.9521789986657 99 1.0306967e-05
194609095.0 0.0 1798.2243855575434 99 1.3190174e-07
256665532.0 0.0 1796.4075304016892 99 3.1295488e-10
445140600.0 0.0 1798.1813549031592 99 3.2003476e-07
77544026.0 0.0 1799.2872146363768 99 1.634444e-07
201240739.0 0.0 1795.8284252811732 99 7.497408e-14
229449468.0 0.0 1810.3028399420955 99 1.8758246e-07
289571826.0 0.0 1796.6351266079412 99 1.9135532e-06
418261053.0 0.0 1799.2834628954927 99 1.7511288e-06
280185494.0 0.0 1798.222849792354 99 1.093288e-11
374480651.0 0.0 1796.2234658909472 99 0.71271807
407354446.0 0.0 1810.6807078956908 99 4.353302e-05
372058047.0 0.0 1797.5962340221802 99 1.3521401e-06
426088403.0 0.0 1796.4928813864979 99 8.189833e-08
368523229.0 0.0 1796.8683750169519 99 5.7516027e-09
73565824.0 0.0 1793.2662026020942 99 3.1206314e-06
396714041.0 0.0 1797.659640750959 99 0.002420839
229701637.0 0.0 1797.5113041294949 99 5.899264e-12
256695655.0 0.0 1797.0563272602622 99 1.7069728e-11
252128466.0 0.0 1796.9106154323388 99 2.7244923e-06
274979725.0 0.0 1810.4302368642316 99 1.2850271e-08
444494788.0 0.0 1797.5352662156977 99 5.7812244e-08
198516348.0 0.0 1806.1977745367192 99 1.04146714e-07
433971311.0 0.0 1797.4092127356773 99 0.00032280004
420303412.0 0.0 1794.5332495028565 99 0.00051968
269713861.0 0.0 1796.180483437774 99 4.7946632e-14
264721727.0 0.0 1797.2626175704777 99 6.1932915e-06
186770500.0 0.0 1797.4743802835121 99 2.4760476e-08
358899929.0 0.0 1795.805202734245 99 2.6120048e-10
389838241.0 0.0 1799.6813603018759 99 1.9638812e-05
366759941.0 0.0 1810.7003741000185 99 5.798471e-09
104307892.0 0.0 1805.265550718813 99 1.8146818e-07
229998685.0 0.0 1796.5112787216065 99 4.7887846e-05
22815944.0 0.0 1796.0789559333166 99 9.368782e-07
240958964.0 0.0 1796.1401647587675 99 4.5720494e-09
347484337.0 0.0 1794.4109375855965 99 2.5315114e-10
327190106.0 0.0 1799.9322586605872 99 4.18527e-09
230377874.0 0.0 1798.552572540826 99 1.5511226e-10
251786133.0 0.0 1798.2025526549369 99 9.782444e-07
284455934.0 0.0 1798.9069301982202 99 5.997664e-08
265063020.0 0.0 1810.2008165620755 99 0.0
82619428.0 0.0 1798.806691062275 99 0.0
397368109.0 0.0 1806.0580291109716 99 0.0
279086014.0 0.0 1796.8265066916179 99 0.0
28909637.0 0.0 1810.2664261948244 99 0.0
229784390.0 0.0 1799.3862726042973 99 0.0
284442246.0 0.0 1799.6810877981682 99 0.0
394050555.0 0.0 1811.3456990587404 99 0.0
83140795.0 0.0 1797.8683179117227 99 0.0
229706100.0 0.0 1797.6155439122529 99 0.0
229448349.0 0.0 1805.8653331060652 99 0.0
428052096.0 0.0 1797.5781696429085 99 0.0
336539909.0 0.0 1796.596448431868 99 0.0
52430192.0 0.0 1797.4313423317635 99 0.0
320607414.0 0.0 1793.7228996031274 99 0.0
265426901.0 0.0 1810.7425668167368 99 0.0
416092741.0 0.0 1811.3492144084132 99 0.0
422456301.0 0.0 1797.3875226492432 99 0.0
11055693.0 0.0 1797.0562427123086 99 0.0
235716285.0 0.0 1794.8865604251282 99 0.0
252112763.0 0.0 1799.0982495908424 99 0.0
377982815.0 0.0 1794.8262594254343 99 0.0
356340605.0 0.0 1806.3221343430428 99 0.0
388505285.0 0.0 1797.4088518568697 99 0.0
346120142.0 0.0 1793.4732036980517 99 0.0
186746448.0 0.0 1805.9535716361174 99 0.0
427473603.0 0.0 1798.3884396213355 99 0.0
83901967.0 0.0 1797.8893053493846 99 0.0
104307892.0 0.0 1805.265550718813 99 0.0
387262737.0 0.0 1794.7415735462143 99 0.0
90645609.0 0.0 1795.9120135616904 99 0.0
279441587.0 0.0 1798.2642067133577 99 0.0
21032363.0 0.0 1810.572276932659 99 0.0
250506049.0 0.0 1794.0153368462172 99 0.0
352954057.0 0.0 1810.8661712326698 99 0.0
255996202.0 0.0 1794.8038507221263 99 0.0
256456968.0 0.0 1797.3033212691028 99 0.0
289571826.0 0.0 1796.6351266079412 99 0.0
65445035.0 0.0 1810.870036698699 99 0.0
65354954.0 0.0 1796.6198708000327 99 0.0
427336319.0 0.0 1796.5967685806684 99 0.0
237285803.0 0.0 1793.5953425639761 99 0.0
271021225.0 0.0 1805.597001531577 99 0.0
396261687.0 0.0 1799.201157868899 99 0.0
285533267.0 0.0 1794.8894695698991 99 0.0
269235540.0 0.0 1797.6179540930982 99 0.0
373705833.0 0.0 1798.0770935925818 99 0.0
285338552.0 0.0 1798.3476859463792 99 0.0
272048500.0 0.0 1810.555352507722 99 0.0
241088287.0 0.0 1810.5985489388236 99 0.0
376038929.0 0.0 1793.5964253309498 99 0.0
241134818.0 0.0 1798.9114353580405 99 0.0
192489455.0 0.0 1794.3907060746144 99 0.0
240763508.0 0.0 1797.1190707799572 99 0.0
427738956.0 0.0 1795.328689620967 99 0.0
189674221.0 0.0 1793.6616950371563 99 0.0
312974144.0 0.0 1810.5146113680678 99 0.0
435820310.0 0.0 1796.9926021745562 99 0.0
200771162.0 0.0 1798.0159707588334 99 0.0
364186408.0 0.0 1796.429030276879 99 0.0
444079346.0 0.0 1806.390369028409 99 0.0
250454834.0 0.0 1810.4320161923192 99 0.0
346782636.0 0.0 1793.3910304204626 99 0.0
347425550.0 0.0 1800.1201672639372 99 0.0
229998685.0 0.0 1796.5112787216065 99 0.0
235937356.0 0.0 1797.2204891155102 99 8.417459e-34
77568692.0 0.0 1805.7246410182668 99 0.0
219870762.0 0.0 1796.0525474348847 99 0.0
256383835.0 0.0 1795.3866244200278 99 0.0
444527167.0 0.0 1811.2227800818184 99 0.0
400951517.0 0.0 1797.994943598353 99 6.2058545e-37
302088188.0 0.0 1796.4741369729063 99 0.0
233501912.0 0.0 1796.6359113842605 99 0.0
116009307.0 0.0 1798.3073840497545 99 0.0
34749561.0 0.0 1793.4747602371465 99 0.0
403688942.0 0.0 1797.744442758325 99 0.0
354183230.0 0.0 1810.9739992163784 99 0.0
398075536.0 0.0 1806.3058372069627 99 0.0
395408858.0 0.0 1795.7639158729921 99 0.0
308527098.0 0.0 1794.1403584730033 99 0.0
237283383.0 0.0 1806.1787303978463 99 0.0
301739181.0 0.0 1811.4114235015945 99 0.0
427843440.0 0.0 1810.159299092036 99 0.0
13529474.0 0.0 1797.056551296899 99 0.0
149852368.0 0.0 1798.9119180305856 99 0.0
335692090.0 0.0 1795.80475510929 99 0.0
433286727.0 0.0 1796.5785764492464 99 0.0
233077155.0 0.0 1797.4271006933545 99 0.0
21227811.0 0.0 1797.926756999519 99 0.0
353020190.0 0.0 1796.3060271025308 99 0.0
389415331.0 0.0 1806.035464102007 99 0.0
245426946.0 0.0 1794.7443926094047 99 0.0
269713861.0 0.0 1796.180483437774 99 0.0
350131938.0 0.0 1798.01283876896 99 0.0
367102444.0 0.0 1793.9290872011563 99 0.0
367283166.0 0.0 1798.0756732435148 99 0.0
375083158.0 0.0 1794.5567411095603 99 0.0
347494568.0 0.0 1797.2865826961809 99 0.0
405482298.0 0.0 1798.6622150691635 99 0.0
63344672.0 0.0 1793.578649089062 99 0.0
381808575.0 0.0 1810.9118596848284 99 0.0
309129322.0 0.0 1810.661098768282 99 0.0
288298443.0 0.0 1810.1370073185353 99 0.0
431800434.0 0.0 1795.682532288368 99 0.0
347560231.0 0.0 1796.6617671260394 99 0.0
452939758.0 0.0 1806.1394179738252 99 0.0
269890059.0 0.0 1797.307963497388 99 0.0
433206212.0 0.0 1795.849355424903 99 0.0
82402411.0 0.0 1794.8897138615953 99 0.0
249921967.0 0.0 1799.5571176209057 99 0.0
232634864.0 0.0 1799.3223943652513 99 0.0
269809621.0 0.0 1796.7638412588026 99 0.0
348021685.0 0.0 1797.035962766441 99 0.0
357687042.0 0.0 1797.5102840318414 99 0.0
307598058.0 0.0 1810.1404378875125 99 0.0
428749676.0 0.0 1806.2634962500265 99 0.0
63778561.0 0.0 1796.9954662162206 99 0.0
63585561.0 0.0 1794.7453490230723 99 0.0
302237829.0 0.0 1795.8279267716318 99 0.0
326964352.0 0.0 1797.807204317061 99 0.0
365673252.0 0.0 1793.7831428362106 99 0.0
331793719.0 0.0 1796.367579119416 99 0.0
403262085.0 0.0 1796.5352891375514 99 0.0
196948542.0 0.0 1797.5154403343508 99 0.0
377202633.0 0.0 1810.679769557772 99 0.0
445637177.0 0.0 1799.056953559723 99 0.0
400336887.0 0.0 1796.9514868664533 99 0.0
366197595.0 0.0 1806.2225600713118 99 0.0
284913647.0 0.0 1798.5143056558184 99 0.0
278924624.0 0.0 1797.9935511183742 99 7.0473304e-36
353319337.0 0.0 1799.2227199498138 99 0.0
67390198.0 0.0 1796.0992772391476 99 0.0
67463313.0 0.0 1796.6825929102713 99 0.0
368893419.0 0.0 1796.1389842530448 99 0.0
275853812.0 0.0 1811.243863511513 99 9.23619e-37
441737848.0 0.0 1805.2197991752087 99 0.0
352797149.0 0.0 1797.9951796654689 99 0.0
288513991.0 0.0 1800.512091658676 99 0.0
278922614.0 0.0 1799.1811089957416 99 2.0074862e-13
377027389.0 0.0 1794.6591431338784 99 0.0
28757422.0 0.0 1798.1200476217386 99 0.0
50945018.0 0.0 1797.181630236822 99 2.2143214e-35
65081990.0 0.0 1805.4744111011184 99 0.0
420107705.0 0.0 1795.0117313280061 99 0.0
284455777.0 0.0 1797.6569643920027 99 0.0
377075568.0 0.0 1798.3674373820133 99 0.0
236890613.0 0.0 1806.1991549724296 99 0.0
308442619.0 0.0 1795.1403315714197 99 0.0
418700562.0 0.0 1796.534863660163 99 0.0
229612569.0 0.0 1796.157336901421 99 0.0
427643791.0 0.0 1797.9725941010026 99 0.0
406677499.0 0.0 1798.2424434318714 99 0.0
327188668.0 0.0 1799.015685333621 99 0.0
358902936.0 0.0 1797.4927073784893 99 0.0
34647589.0 0.0 1794.2663702416628 99 0.0
288383496.0 0.0 1796.1993069780792 99 0.0
192691135.0 0.0 1795.1409389235478 99 0.0
360020323.0 0.0 1805.407682402469 99 0.0
129913816.0 0.0 1793.7035791194705 99 0.0
370598467.0 0.0 1794.1193879023642 99 0.0
194813094.0 0.0 1795.1201659064352 99 0.0
372133964.0 0.0 1805.70030932196 99 0.0
230389367.0 0.0 1794.6360833912647 99 0.0
252197115.0 0.0 1795.160672461494 99 0.0
259110245.0 0.0 1795.3280137506817 99 0.0
229683910.0 0.0 1797.4888987176355 99 0.0
84055883.0 0.0 1797.576571484449 99 0.0
343411508.0 0.0 1796.5538208435062 99 0.0
389959358.0 0.0 1805.405930825354 99 0.0
379598894.0 0.0 1810.8062279815151 99 0.00087365985
240891813.0 0.0 1810.556529591691 99 0.0
322055307.0 0.0 1796.7835267553633 99 0.0
449940126.0 0.0 1797.1823203448394 99 0.0
177886801.0 0.0 1795.8285403505506 99 0.0
427546254.0 0.0 1796.0996847625368 99 0.0
229594685.0 0.0 1805.4490652294955 99 0.0
251467384.0 0.0 1806.0362025912739 99 0.0
229767389.0 0.0 1806.2194772197402 99 0.0
384816045.0 0.0 1794.4109147015845 99 0.0
229402752.0 0.0 1796.0737860903557 99 0.0
373329826.0 0.0 1798.9092090414847 99 0.0
81917019.0 0.0 1797.4522302566809 99 0.0
250662613.0 0.0 1798.953065247008 99 0.0
327253355.0 0.0 1794.826862133061 99 0.0
366195226.0 0.0 1810.8058266836788 99 0.0
284048692.0 0.0 1799.1599921985212 99 0.0
441763501.0 0.0 1810.4694875944667 99 0.0
351538646.0 0.0 1798.222440617619 99 0.0
402810602.0 0.0 1795.8476042080117 99 0.0
201240739.0 0.0 1795.8284252811732 99 0.0
229459572.0 0.0 1811.323564760679 99 0.0
403578375.0 0.0 1799.7024519589736 99 0.0
405621717.0 0.0 1796.203119939201 99 0.0
298729586.0 0.0 1805.4895421160716 99 0.0
444355382.0 0.0 1796.055992964554 99 0.0
348315037.0 0.0 1805.952682125325 99 0.0
275761713.0 0.0 1795.5557602966537 99 0.0
417232111.0 0.0 1796.7432171987464 99 0.0
81451546.0 0.0 1799.4105670023646 99 0.0
434723934.0 0.0 1796.3677326487227 99 0.0
398265577.0 0.0 1797.2837009991576 99 0.0
129864835.0 0.0 1796.9743425235486 99 0.0
377307906.0 0.0 1794.5110261671646 99 0.0
332051887.0 0.0 1798.8691078605711 99 0.0
65486972.0 0.0 1794.2865519229351 99 0.0
376683996.0 0.0 1798.5340165196917 99 0.0
219801998.0 0.0 1798.364535718718 99 0.0
445375820.0 0.0 1797.702423153608 99 0.0
67461612.0 0.0 1796.6618695739762 99 0.0
160584469.0 0.0 1810.219885067063 99 0.0
428388929.0 0.0 1796.9114443265796 99 0.0
245377299.0 0.0 1797.6403095683852 99 0.0
370688453.0 0.0 1794.9316223861945 99 0.0
237229640.0 0.0 1799.5535499837272 99 0.0
82392790.0 0.0 1797.7647923418015 99 0.0
20766043.0 0.0 1798.640916468276 99 0.0
285035316.0 0.0 1806.0353100165105 99 0.0
115915199.0 0.0 1800.0571116470408 99 0.0
316631223.0 0.0 1795.6402427989058 99 0.0
240882665.0 0.0 1805.619170841448 99 0.0
399718322.0 0.0 1805.5341876954212 99 0.0
240950642.0 0.0 1799.3902542142487 99 0.0
184732285.0 0.0 1811.2449927729865 99 0.0
407159055.0 0.0 1799.8265172470335 99 0.0
224601763.0 0.0 1806.1555152360913 99 0.0
352835550.0 0.0 1805.8891707668408 99 0.0
73523720.0 0.0 1811.4952810094687 99 0.0
433563497.0 0.0 1794.7661149926887 99 0.0
387632808.0 0.0 1793.491515268259 99 0.0
366109081.0 0.0 1796.34766100036 99 0.0
335964619.0 0.0 1810.8220914741553 99 0.0
315617593.0 0.0 1795.869504031848 99 0.0
116756730.0 0.0 1805.9532406697822 99 0.0
368683921.0 0.0 1796.305909855374 99 0.0
359497366.0 0.0 1811.2393997296028 99 0.0
370073677.0 0.0 1799.1191780330496 99 0.0
374917048.0 0.0 1806.0777436003598 99 0.0
367949619.0 0.0 1800.2425730171651 99 0.0
20767198.0 0.0 1811.0158190855045 99 0.0
403750431.0 0.0 1794.6816077912463 99 0.0
284605286.0 0.0 1793.8059942122522 99 1.0729031e-33
219428808.0 0.0 1793.9684985400197 99 0.0
376843726.0 0.0 1799.3881899289324 99 0.0
67461088.0 0.0 1793.9744280420407 99 0.0
385048597.0 0.0 1811.182744311965 99 0.0
81912531.0 0.0 1810.785655977888 99 0.0
279868497.0 0.0 1805.2218959198342 99 0.0
388039816.0 0.0 1795.3041593436894 99 0.0
376678450.0 0.0 1795.1591342721101 99 0.0
251701903.0 0.0 1794.786077940467 99 0.0
