tic gt tpeak labels pred_s0123
347687318.0 1.0 1798.2651998994518 1 0.99931645
34819390.0 1.0 1797.4956198590608 1 1.0
327001139.0 1.0 1799.535158366624 1 0.99997365
331814268.0 0.0 1812.3470710223448 0 5.2036535e-06
189674221.0 0.0 1805.3490051747926 0 0.013620644
350132371.0 0.0 1805.1794268423168 3 2.909602e-22
177800448.0 1.0 1794.474434772517 1 0.9999955
241027976.0 0.0 1808.8693298210053 0 0.011007417
424572302.0 1.0 1799.0774208866153 1 0.9999872
63468121.0 1.0 1797.7662116275528 1 1.0
428795527.0 0.0 1809.5761974631555 3 1.2328951e-09
35225770.0 0.0 1809.2664765792665 0 0.0033079502
348607534.0 1.0 1798.3276725263902 1 0.9999906
387833904.0 0.0 1793.324929735936 0 0.0007889141
402372446.0 1.0 1796.3912079510453 1 1.0
233079659.0 0.0 1807.489832016091 3 7.94729e-21
387448360.0 1.0 1796.8039058420025 1 1.0
237104365.0 0.0 1794.6354309449382 2 3.1310384e-12
336540239.0 1.0 1797.263106844898 1 0.9999999
274949415.0 0.0 1812.3469955169905 0 6.633092e-22
427475064.0 1.0 1805.3466842764933 1 1.0
67568294.0 1.0 1793.8285898178003 1 0.99999803
322208884.0 1.0 1806.366772196192 1 0.99990326
240815660.0 1.0 1794.5360417309596 1 0.9999993
54116017.0 1.0 1794.764437754356 1 0.999709
21178009.0 1.0 1805.5162952184278 1 0.9999995
376499580.0 0.0 1797.9090574359548 3 0.0
453223094.0 0.0 1809.1815271740065 0 6.0575155e-07
130061105.0 1.0 1798.7451738909801 1 0.9999999
251100825.0 1.0 1794.8066384078652 1 0.9999995
305435383.0 0.0 1809.2022421214233 0 0.000116271614
320504104.0 1.0 1805.968439214151 1 0.99999994
94372467.0 1.0 1796.0369542722476 1 0.99999833
219879302.0 1.0 1797.5940410291037 1 1.0
84168650.0 0.0 1794.555933768745 2 1.2227587e-10
378854472.0 1.0 1795.4306998219624 1 0.9999996
278850732.0 1.0 1799.9307973009834 1 0.99999934
366470628.0 1.0 1795.2003276992189 1 0.99983454
399207947.0 1.0 1795.22300247188 1 0.9987366
289723181.0 1.0 1800.3641615792783 1 0.999999
372114438.0 1.0 1794.5567493151852 1 0.99990076
352033634.0 1.0 1810.5766822567732 1 0.9999897
250610534.0 1.0 1794.6820158404287 1 0.99999964
326968938.0 1.0 1794.2240355838414 1 1.0
317402981.0 1.0 1806.2423442729953 1 0.9999989
321734164.0 1.0 1796.6792803390604 1 1.0
407928263.0 0.0 1812.7664685611232 0 4.1553235e-06
415902272.0 0.0 1809.1406131262854 0 0.008156808
279522672.0 1.0 1810.5341212602937 1 0.9998674
284889047.0 1.0 1800.0098821220126 1 0.99998266
51029712.0 0.0 1808.9106998821312 0 0.0035117602
449997889.0 0.0 1812.7017891424925 0 0.00044096613
445593043.0 1.0 1797.7650017321023 1 0.9999999
241067505.0 1.0 1799.7028997142506 1 0.99999934
252826739.0 1.0 1810.744969094242 1 1.0
232615019.0 1.0 1798.5100373518617 1 0.99999994
445536653.0 1.0 1796.2443309033288 1 0.9999975
198388252.0 0.0 1802.2805482048393 3 0.0
50187642.0 1.0 1796.5982887994999 1 0.9999994
356820646.0 0.0 1811.2822039041805 3 0.0
307207934.0 1.0 1796.9316523728342 1 0.9806341
399799675.0 1.0 1795.700731388304 1 0.99999046
308223707.0 0.0 1796.1611824133934 2 2.2961504e-07
12481463.0 1.0 1799.2648945139051 1 0.99999994
251811476.0 1.0 1798.3486362595297 1 0.9999338
429031045.0 1.0 1805.804353412148 1 1.0
389545459.0 1.0 1798.806475932158 1 0.9999999
403307131.0 0.0 1796.639561887138 0 0.010745073
54049295.0 1.0 1795.8686508805315 1 0.99999994
202839485.0 0.0 1806.8491695905172 3 3.0219306e-07
192472815.0 1.0 1793.9740771457373 1 0.99999917
445223944.0 0.0 1809.2019222978736 0 0.0009094875
12647445.0 1.0 1794.598255649266 1 0.99999964
327258368.0 0.0 1812.3693924856577 0 2.0134157e-06
352954787.0 0.0 1800.3039101720126 3 0.0
194673158.0 0.0 1793.141016751653 0 0.0047712037
399740559.0 0.0 1808.8469058639287 0 9.0543435e-05
326914202.0 0.0 1805.8279418794098 2 4.8205815e-16
408703119.0 0.0 1799.3049869105225 2 6.4435875e-25
441736971.0 1.0 1810.3448799788443 1 0.99999493
269039656.0 1.0 1798.7219962101904 1 1.0
307038586.0 0.0 1793.556698756502 2 3.4348323e-20
406267557.0 1.0 1797.7002251148933 1 0.99998945
265349418.0 1.0 1810.9301660826316 1 1.0
444140186.0 0.0 1812.7860844195557 0 1.0640348e-13
233079659.0 0.0 1812.8231476788853 3 2.90162e-23
10602308.0 1.0 1811.535545217716 1 1.0
177992394.0 1.0 1811.1828116137967 1 1.0
65357008.0 1.0 1810.12013265197 1 0.9999629
301162104.0 1.0 1794.8072443681508 1 0.9999998
385443544.0 0.0 1808.8468344727894 0 3.698233e-12
403525927.0 0.0 1808.869263878576 0 0.00012986304
117662217.0 0.0 1812.3699182990667 0 8.1756305e-08
389631988.0 1.0 1799.8897522204934 1 0.9999976
445381452.0 1.0 1806.2647175579823 1 0.9999995
104148789.0 1.0 1795.432129071083 1 0.9999992
366784073.0 0.0 1798.2838262169234 2 1.0412674e-17
366637868.0 0.0 1808.9086690313907 0 4.419068e-09
229770438.0 0.0 1805.2196851306783 0 9.383749e-05
428958057.0 0.0 1812.388113886956 0 1.6890601e-18
375657170.0 0.0 1805.61712200009 2 4.6679984e-06
445443651.0 1.0 1806.1192384881801 1 1.0
103952689.0 1.0 1796.6198553320048 1 1.0
289357650.0 1.0 1799.3263018353696 1 0.9999993
418134659.0 1.0 1794.9306878798268 1 1.0
245512147.0 1.0 1793.9735539891344 1 0.99996346
229945319.0 1.0 1795.8237237666315 1 0.99999994
428549685.0 0.0 1805.6810581955979 0 0.0009930695
73693973.0 1.0 1795.2871437010394 1 0.994866
449937545.0 1.0 1810.5782814386628 1 0.99999994
428795527.0 0.0 1798.5760044840617 3 7.6970856e-08
362218331.0 1.0 1793.4702567841543 1 0.9996358
264153890.0 1.0 1805.4708434896272 1 0.9999957
278856459.0 1.0 1796.8893309683672 1 0.99999744
401286142.0 0.0 1806.1180749617524 2 0.0
240832085.0 0.0 1805.5149113565894 0 6.693356e-15
404113711.0 1.0 1798.1584800661797 1 0.99999994
431837541.0 1.0 1806.182662010579 1 1.0
367681735.0 0.0 1798.2817730483648 3 0.0
264294812.0 0.0 1808.9918036412362 0 1.38917384e-14
284809168.0 0.0 1809.2016429327161 0 2.1059984e-06
82554765.0 1.0 1796.4105812669404 1 0.9999283
353878590.0 1.0 1797.474296907152 1 0.9999986
388439836.0 1.0 1806.054785774672 1 0.9999974
445189105.0 0.0 1796.6398438705953 0 6.393254e-08
255970097.0 0.0 1805.743437777276 0 2.1244967e-10
374563067.0 1.0 1810.8483813456285 1 0.9999998
453154029.0 0.0 1796.1397565725426 2 3.043276e-29
404654596.0 1.0 1795.6377001649112 1 0.9999941
229586108.0 1.0 1797.5530576424526 1 1.0
233679313.0 1.0 1795.7809245827218 1 0.9999929
77543937.0 0.0 1810.1204482184103 2 1.2357481e-17
219849958.0 0.0 1794.9274513206167 2 3.9042562e-13
401495049.0 1.0 1796.9925382004417 1 0.9999989
418257102.0 0.0 1806.7209220345078 3 7.8069014e-37
279266421.0 1.0 1799.1598955514835 1 1.0
392571860.0 1.0 1798.5939618701025 1 1.0
285905317.0 1.0 1798.8896226054367 1 0.9999785
245462642.0 1.0 1794.2443965986279 1 1.0
279566917.0 0.0 1793.409272041075 0 3.8507811e-19
186746813.0 1.0 1810.6827023735825 1 0.9999899
279284536.0 1.0 1795.4933325388272 1 1.0
400819374.0 1.0 1796.202106459433 1 1.0
272420313.0 1.0 1805.5137662405991 1 0.99929816
67765649.0 1.0 1805.3494699481278 1 0.9999728
50934824.0 1.0 1810.1190225598834 1 0.99984217
431968168.0 1.0 1798.8282476830657 1 0.9999858
256506463.0 1.0 1811.1792834491762 1 0.99999684
298356329.0 1.0 1799.1801896798202 1 0.99998087
200731418.0 1.0 1797.5160606385139 1 0.9995513
20767856.0 1.0 1796.0783073880027 1 0.99967897
301100564.0 0.0 1808.8488514774594 0 0.0024490082
233525922.0 1.0 1800.1983810640652 1 0.9999295
445366885.0 0.0 1798.4522203975378 2 3.526395e-24
230074997.0 0.0 1796.906445790182 2 5.6400515e-29
101258958.0 1.0 1795.703775030265 1 1.0
275370398.0 1.0 1798.2219079734386 1 1.0
270335224.0 1.0 1799.2846681117903 1 0.99951005
431768693.0 0.0 1795.0365872156524 2 4.3384143e-10
432070155.0 1.0 1794.890726808707 1 0.9999988
400251883.0 0.0 1805.722188969861 2 6.660418e-09
68153389.0 1.0 1798.3285268895916 1 0.99999386
271338321.0 0.0 1798.2846941008845 2 3.9317732e-16
401009243.0 1.0 1805.5153551456713 1 0.99997234
35023339.0 1.0 1797.4956121338803 1 0.9999895
250861781.0 1.0 1793.6614196271762 1 0.9999997
356701798.0 0.0 1810.5526271174247 3 0.0
263930898.0 1.0 1797.4059296957112 1 0.99999416
390168532.0 0.0 1809.202256987811 0 2.7799741e-08
321450937.0 1.0 1794.4500909105182 1 0.99999666
389961846.0 1.0 1806.2393641967537 1 1.0
376301901.0 1.0 1797.160352425946 1 0.999981
265307600.0 1.0 1810.4500662913192 1 0.99998164
230083123.0 0.0 1793.177227812593 0 2.139905e-11
265427465.0 0.0 1812.3675327811736 0 2.2519922e-07
240873079.0 0.0 1804.7442822773273 3 0.0
11151802.0 1.0 1798.098122245552 1 1.0
104062459.0 0.0 1812.3490692731868 0 1.0211846e-05
229953415.0 1.0 1798.7820597153539 1 0.9999999
366099730.0 0.0 1812.4723026373122 0 7.294852e-07
138021649.0 1.0 1795.6203924714966 1 0.9999209
288624796.0 1.0 1810.11999814725 1 1.0
374308432.0 1.0 1811.4316347576244 1 0.99966854
319716340.0 0.0 1810.2434498853322 2 3.1160674e-19
427737930.0 1.0 1793.30783992042 1 1.0
177916290.0 1.0 1798.5786382802048 1 0.9999772
138048716.0 1.0 1811.0371116170315 1 0.99999654
346844080.0 1.0 1798.2453251714844 1 0.9999999
349294422.0 0.0 1795.1829794037546 3 2.4719013e-22
308219626.0 0.0 1793.140183254845 0 2.1440395e-11
418032156.0 0.0 1805.3700859137955 0 8.746763e-06
348678244.0 0.0 1794.1611342571 2 2.960896e-21
372112312.0 0.0 1793.327516831101 0 0.005071438
224604943.0 0.0 1806.3848808612302 2 6.317808e-15
229773924.0 1.0 1810.7195983811084 1 0.99999994
284080402.0 0.0 1809.1205145521064 0 0.0032950004
406891026.0 1.0 1797.9307114352189 1 1.0
400668024.0 1.0 1796.6191941587474 1 0.999987
396059992.0 0.0 1807.2017179572738 3 0.00014855676
410500645.0 0.0 1794.869609197297 2 5.0959397e-16
256647044.0 0.0 1797.6378283531071 2 7.4326407e-17
356892546.0 1.0 1798.6768787295528 1 0.99999976
427579590.0 0.0 1805.5373098862017 0 0.0025766508
237236072.0 1.0 1795.9911028833737 1 0.9990381
326969027.0 1.0 1797.0990022814 1 1.0
29020970.0 1.0 1795.4330566144129 1 0.9999967
229598099.0 1.0 1799.0530598695136 1 0.99998647
184684876.0 1.0 1798.7660626543684 1 0.999999
312471759.0 1.0 1797.1606102342982 1 0.9999996
101036391.0 1.0 1794.4327966460207 1 0.9999976
317836353.0 0.0 1811.5341349850703 2 8.930866e-24
285181196.0 0.0 1811.0993295803348 3 0.00017895545
229676244.0 0.0 1811.7824048878347 3 4.192771e-21
367754564.0 0.0 1808.907854446761 0 0.0017414727
332477475.0 1.0 1805.9058549291285 1 0.9999999
229407392.0 0.0 1811.5112056929743 2 2.0321725e-17
334679038.0 0.0 1808.84489600382 0 0.00015354878
400674996.0 1.0 1797.243796052704 1 0.99999994
331612419.0 1.0 1797.6398376053903 1 0.9999999
94455316.0 0.0 1793.1410072931294 0 0.0018610486
21190190.0 1.0 1797.9476418649433 1 0.99999994
311821411.0 1.0 1796.8896155117382 1 1.0
291887568.0 0.0 1805.2239358336192 0 6.3817867e-09
376088257.0 1.0 1796.0966618563039 1 0.99999905
249884710.0 0.0 1809.1197996031697 0 1.2362036e-05
229610965.0 1.0 1798.6156069590745 1 0.9999996
198416591.0 0.0 1811.4681711748651 3 0.0
332497602.0 1.0 1810.6188545614689 1 0.9999982
202839485.0 0.0 1806.0158469189798 3 1.133247e-09
456130400.0 0.0 1810.5785611006092 3 0.0
308712908.0 1.0 1810.5359101465876 1 0.9999937
229703412.0 1.0 1797.031860422304 1 1.0
284148066.0 1.0 1798.3478006096593 1 0.9999996
329083941.0 1.0 1796.3250160954292 1 0.9999993
365947827.0 0.0 1809.2427577198548 0 3.3332445e-28
71698199.0 1.0 1796.3902127541662 1 0.9999994
233569928.0 0.0 1793.4069497314704 0 0.00022153357
229676244.0 0.0 1811.574068538551 3 1.6939343e-15
258874878.0 0.0 1805.1990886113792 0 6.6736025e-06
65205803.0 1.0 1796.1823206950112 1 0.9998606
235989720.0 1.0 1799.1580708197396 1 1.0
230122533.0 0.0 1793.177052085347 0 1.7680316e-10
416049559.0 1.0 1798.8075693300198 1 0.9999388
126063387.0 0.0 1793.8912336491946 2 0.007150998
11431521.0 1.0 1799.410661190213 1 0.99999815
117490267.0 0.0 1796.8279270464734 0 0.0017499528
445336151.0 0.0 1793.2438870367305 0 3.1142928e-14
137962981.0 1.0 1798.4537901922463 1 0.9999281
312672257.0 1.0 1806.2646054235686 1 0.9999985
237117553.0 0.0 1799.7391002599122 2 1.0723308e-17
118389968.0 0.0 1812.453577126554 0 0.0039898898
332983286.0 0.0 1793.1398949205443 0 2.73894e-10
387260984.0 1.0 1810.6579200887538 1 0.9999861
308618427.0 1.0 1796.3069065198226 1 1.0
379530164.0 1.0 1797.472607338043 1 1.0
50509016.0 1.0 1799.077228638291 1 0.9999999
285510317.0 0.0 1793.4736058433366 2 0.00018958161
241087623.0 1.0 1805.3278125187985 1 0.99999833
302385823.0 0.0 1799.0780279076166 2 1.4451838e-15
268394120.0 0.0 1796.6371723952868 0 3.1813283e-08
219900027.0 0.0 1797.1149829863002 3 0.0
326815804.0 0.0 1808.5139336344093 3 0.15912065
207402821.0 1.0 1794.259534671023 1 1.0
350697003.0 0.0 1812.3665265447646 0 1.9284693e-08
445288111.0 1.0 1793.7646911260872 1 0.9999957
219741444.0 1.0 1796.4263163201572 1 0.9999809
427767103.0 0.0 1805.2010878098415 0 7.507226e-21
354258570.0 1.0 1798.8280182793287 1 0.9999999
34716032.0 1.0 1799.766451248404 1 0.9999908
230001477.0 1.0 1798.8236289731656 1 0.99999785
285181196.0 0.0 1797.2454067958706 3 1.4946428e-20
346627403.0 0.0 1805.5788314444712 3 0.0
394121889.0 0.0 1808.8449855753013 0 3.722059e-05
104058673.0 1.0 1794.8072040842806 1 0.999942
331516361.0 1.0 1794.9940376676934 1 0.9999711
301909087.0 0.0 1800.599028649401 3 3.331882e-22
307117358.0 1.0 1799.8274992343524 1 0.9999547
245469137.0 0.0 1793.3275662310812 0 1.7170483e-09
441765083.0 1.0 1806.240750213488 1 0.99999905
311934395.0 1.0 1797.0148193093744 1 1.0
280033934.0 0.0 1805.8867828072716 3 0.0
368892974.0 1.0 1805.555671822787 1 0.9999999
269697721.0 0.0 1806.3452460283174 3 0.0
238660312.0 1.0 1798.0780430537618 1 0.99999654
400441468.0 1.0 1798.0567038944303 1 0.99999934
402894184.0 1.0 1810.3450795051256 1 0.99999934
445483993.0 0.0 1799.3901529774598 2 1.4680068e-26
418257102.0 0.0 1797.0751438336092 3 0.0
285238128.0 1.0 1797.0778667675397 1 0.99994165
12006387.0 1.0 1796.2231217501533 1 0.9999944
302393787.0 0.0 1799.3280657834905 2 1.697224e-33
117501993.0 1.0 1797.4323464009644 1 1.0
13033579.0 1.0 1810.450695674716 1 1.0
229510389.0 1.0 1796.0116496349367 1 0.9999999
129686075.0 0.0 1798.9951773463645 2 1.4198454e-07
186667279.0 1.0 1810.2244468316067 1 0.9998226
429001380.0 1.0 1799.783878008672 1 0.99999976
192471870.0 0.0 1808.9534034984424 0 0.0030552463
421334653.0 1.0 1798.615113097842 1 1.0
186720659.0 1.0 1810.2245236575677 1 0.99999183
288510263.0 1.0 1806.1784850687081 1 1.0
331814763.0 1.0 1798.5138060018385 1 0.9999997
241079003.0 0.0 1793.1404595516144 0 3.7551897e-12
353989378.0 1.0 1810.1349190484157 1 0.9999984
177828016.0 1.0 1810.8077356094552 1 0.9997586
326633766.0 1.0 1798.0348299599677 1 1.0
397282402.0 1.0 1795.035251629634 1 1.0
10353856.0 1.0 1797.1812295188388 1 0.9967142
259934757.0 1.0 1811.2650332136177 1 1.0
331605323.0 1.0 1794.5980937344657 1 1.0
367816432.0 1.0 1806.2423544192209 1 1.0
265090830.0 0.0 1799.2860462290141 2 1.6842392e-20
428257299.0 0.0 1812.24485888121 3 0.0
333956519.0 0.0 1810.4706678814534 2 7.599278e-15
423948197.0 1.0 1810.4917959170025 1 0.99999374
293064149.0 1.0 1793.8490774196482 1 1.0
390021728.0 0.0 1797.7812035120426 3 0.0
399788405.0 0.0 1794.8438463381121 3 0.0
445346861.0 0.0 1793.139976152265 0 1.9398135e-19
396615018.0 0.0 1806.5367579692875 3 3.6188424e-18
137082911.0 0.0 1793.3055706344032 0 4.172025e-12
370691294.0 0.0 1796.0565701698881 2 2.8223674e-20
379378830.0 1.0 1795.1809990108989 1 0.9999999
116273644.0 1.0 1811.1822456016114 1 0.9999935
264615805.0 0.0 1798.8902183280952 3 3.357847e-05
427515476.0 1.0 1798.3049414542336 1 1.0
445515145.0 1.0 1793.4526056809893 1 0.9999995
192468117.0 1.0 1810.7451903197687 1 0.9999971
456130400.0 0.0 1793.3491805484066 3 0.0
34786329.0 0.0 1805.3706334330213 0 0.0032307995
372217648.0 1.0 1799.283724560988 1 0.9602362
82392612.0 1.0 1794.2867272500232 1 0.9999995
54715950.0 0.0 1805.5563556169889 0 2.347081e-11
219851909.0 1.0 1795.4896100299798 1 0.99999034
230386284.0 0.0 1806.4277091858264 3 0.0
250821007.0 1.0 1796.5362370458492 1 0.99998796
378287918.0 1.0 1797.9515347196173 1 1.0
368240927.0 0.0 1812.3677548557914 0 6.3717804e-23
403883514.0 0.0 1796.827467558588 0 0.0034134064
229443205.0 1.0 1797.0531921876475 1 0.9999215
249954147.0 0.0 1798.9320829149144 2 0.00024134622
434972915.0 1.0 1795.1178129991224 1 0.9999549
384816045.0 1.0 1794.4109147015845 1 0.99923956
372630691.0 0.0 1796.6397676027968 0 3.4347656e-07
415962763.0 1.0 1796.2865933082949 1 0.99999774
320043149.0 1.0 1811.4518432452344 1 0.9999997
445245263.0 0.0 1805.5562777564262 0 1.3149183e-06
12733815.0 1.0 1799.1399075506301 1 1.0
428121854.0 0.0 1812.3906423549938 0 5.9344825e-13
235952599.0 0.0 1795.4704652220848 2 1.810759e-06
376199712.0 1.0 1810.181167608174 1 0.9999986
387411425.0 1.0 1798.908106616739 1 0.99998087
311233370.0 1.0 1805.8234358889993 1 0.9999982
61000856.0 1.0 1805.6413301343575 1 0.9999968
445425975.0 0.0 1805.55631703544 0 1.390664e-05
399788405.0 0.0 1806.9061560959371 3 0.0
280408301.0 1.0 1794.8476350524816 1 0.9999882
321600323.0 1.0 1798.1365131391344 1 0.9999987
468343249.0 0.0 1806.7635061240323 3 0.0
428381519.0 1.0 1799.1599724382786 1 0.9999978
357672824.0 0.0 1798.3898761392268 2 1.7108005e-21
332377663.0 1.0 1800.2857187166182 1 1.0
12834319.0 1.0 1798.973105416311 1 0.9999991
323124948.0 1.0 1794.9500744753004 1 0.9999681
34691690.0 1.0 1796.6206201267232 1 0.9999994
272782935.0 1.0 1810.1564157226326 1 0.99984455
233524766.0 0.0 1812.3859546765157 0 3.6369874e-17
334490271.0 0.0 1805.2003304808275 0 8.571108e-12
285236231.0 0.0 1809.2019284566563 0 0.0003231132
445555125.0 1.0 1810.8067062674454 1 0.9999994
13100138.0 1.0 1811.179862850443 1 0.99999994
366517381.0 0.0 1809.4080577570846 3 0.0
302390302.0 0.0 1805.2029871496616 0 8.606149e-08
280321964.0 0.0 1797.0767014726935 3 0.0
389963202.0 1.0 1811.531156236172 1 0.99999946
416195512.0 1.0 1811.1355818009697 1 1.0
316623754.0 1.0 1811.036294547745 1 0.99999535
359546833.0 1.0 1798.9308959233426 1 1.0
11996922.0 1.0 1795.1812096190458 1 1.0
256507852.0 1.0 1797.033634395029 1 1.0
65202284.0 0.0 1812.3493019537245 0 0.0036617212
420114772.0 0.0 1811.407681769993 3 2.7644182e-23
265188671.0 1.0 1810.1176453599019 1 0.99827105
49942082.0 1.0 1798.2857373472461 1 1.0
149979036.0 1.0 1795.3079027869035 1 0.99999994
377984842.0 1.0 1798.826230698732 1 1.0
373456922.0 1.0 1810.5135639412097 1 0.9999971
249893819.0 1.0 1796.3487843483729 1 1.0
130084489.0 0.0 1794.7660700985725 2 2.085754e-11
396206067.0 0.0 1808.8472845677957 0 3.0535304e-08
259148497.0 0.0 1798.6822283170798 2 1.2612392e-13
67391250.0 0.0 1809.2032507956912 0 5.61082e-08
94279774.0 0.0 1805.6204960205325 0 0.0015855274
229769044.0 0.0 1808.8863869207223 0 6.566861e-08
233075787.0 1.0 1805.9689415101889 1 0.99999994
264916477.0 0.0 1805.2029167926742 0 2.3410789e-09
118341388.0 1.0 1795.1622596312563 1 0.99999446
280626089.0 0.0 1810.681366590923 3 5.9351246e-14
280033934.0 0.0 1808.678426337626 3 0.0
292725056.0 1.0 1797.6199365287557 1 0.99991894
435820383.0 0.0 1808.8468011017344 0 7.729943e-05
288391801.0 0.0 1794.8449140824187 3 0.0
297647356.0 0.0 1799.4517049278295 3 2.2997833e-08
241033083.0 1.0 1799.4526519485546 1 0.9999999
396339551.0 0.0 1807.9725834293818 3 3.926244e-08
233659371.0 0.0 1794.8019233940374 2 2.9197353e-34
35118298.0 1.0 1797.8497411392934 1 0.99999607
230005211.0 1.0 1798.219739377683 1 1.0
240735918.0 0.0 1812.7019787743889 0 1.9230158e-05
367452800.0 0.0 1806.1379253722082 2 2.8166118e-21
12105480.0 0.0 1812.4315241291774 0 2.208162e-14
359553226.0 1.0 1797.3021013563364 1 0.9999971
376042183.0 1.0 1799.3047709535288 1 0.999988
422389865.0 1.0 1799.5749931365447 1 1.0
116053815.0 1.0 1796.8904313033036 1 0.9999985
299433775.0 1.0 1805.3903891747239 1 1.0
229741985.0 0.0 1807.8863948280057 3 0.0022572037
338647367.0 1.0 1797.388280878593 1 0.99999636
219802551.0 1.0 1810.4477114791036 1 0.9999992
421110675.0 0.0 1807.6809551397685 3 0.0
368801396.0 1.0 1793.618429347229 1 1.0
436873913.0 0.0 1794.7872931402833 3 1.8072172e-06
387948683.0 0.0 1796.8249289114226 0 3.4491008e-05
286025926.0 1.0 1810.9531671931368 1 1.0
279723138.0 0.0 1798.5566309533128 2 4.900082e-16
385443181.0 1.0 1795.117506334775 1 0.99999994
372500632.0 1.0 1794.701885413625 1 0.99999696
35154187.0 0.0 1805.6206224984783 0 0.0017148645
10697108.0 0.0 1808.9106858644627 0 7.0328733e-16
431802078.0 1.0 1805.4952341141072 1 0.9999994
187037456.0 1.0 1797.7660784487703 1 1.0
302084500.0 1.0 1796.182638843546 1 0.9999566
268378931.0 0.0 1808.8665961600764 0 0.00058242655
53971841.0 1.0 1799.6396129959637 1 0.99999344
348234153.0 0.0 1805.2027367920728 0 1.3231279e-23
194736844.0 0.0 1794.7868119063894 3 1.105597e-06
291955034.0 0.0 1809.0572888463914 0 0.0031037235
229616660.0 0.0 1796.1989515047585 2 6.65939e-20
333706339.0 0.0 1797.2205143842152 2 4.2314795e-13
255970097.0 1.0 1793.6601283832376 1 0.99999326
184739277.0 0.0 1810.1825523408693 3 0.0
67467358.0 1.0 1794.3077329637902 1 1.0
367095724.0 1.0 1795.8046999092971 1 0.9999999
367280190.0 0.0 1798.346433870838 2 1.9259467e-24
445258233.0 1.0 1794.1188904588653 1 0.9999551
403746970.0 1.0 1805.4111234011943 1 1.0
241125924.0 1.0 1794.3486297010775 1 0.999966
394119895.0 1.0 1797.9909528145079 1 1.0
396208531.0 1.0 1795.9511677239102 1 0.9999999
186595806.0 0.0 1808.5578219988129 3 4.7127524e-26
415960247.0 1.0 1796.9739604824156 1 0.9999994
259167484.0 1.0 1795.1782281015262 1 0.9999914
322054600.0 0.0 1798.9709948451123 2 1.17820945e-26
445612139.0 1.0 1799.5777463162894 1 0.9999997
332872308.0 0.0 1809.202394976159 0 4.662033e-15
192467947.0 0.0 1808.974376711348 0 0.0031603288
230383405.0 0.0 1805.198343160357 0 1.5512759e-18
284044554.0 0.0 1793.1392393897265 0 1.3938006e-09
229940743.0 0.0 1805.2194188715816 0 1.4495261e-19
68155874.0 1.0 1795.8702523254583 1 0.9999387
445366279.0 1.0 1795.9105601088809 1 0.9999923
418221375.0 0.0 1797.8459365414824 2 1.5183518e-15
178047504.0 1.0 1810.5577994096584 1 0.9999872
367098380.0 1.0 1795.6582714284118 1 1.0
320603979.0 1.0 1793.5563068212407 1 0.9999996
12745517.0 1.0 1794.4104260408192 1 0.99999815
307986689.0 0.0 1808.8436878844673 0 5.442668e-05
396486931.0 0.0 1799.4090521832188 3 4.9133615e-35
450009079.0 0.0 1795.618928143027 2 3.6443816e-29
308121688.0 1.0 1798.2235655353204 1 0.99999964
444449012.0 1.0 1796.5769311729825 1 0.99983644
200877900.0 1.0 1795.307572205675 1 0.99998987
375782393.0 0.0 1808.8462619826914 0 1.3788553e-05
258393109.0 1.0 1798.844843822068 1 1.0
198281154.0 1.0 1797.7183208303395 1 0.99999994
117750330.0 1.0 1805.4949362045627 1 0.9999897
200731353.0 1.0 1794.0368097431665 1 0.9999114
372723747.0 1.0 1795.8062540034723 1 0.9999999
233048233.0 1.0 1810.343821758263 1 0.99999946
376896502.0 0.0 1812.3464067426876 0 3.808641e-06
284439068.0 0.0 1798.7228087193164 2 2.7695655e-18
470710327.0 0.0 1804.3680783738057 3 0.0
116374184.0 0.0 1804.0574356697514 3 1.8302539e-10
51031423.0 1.0 1795.556329066401 1 0.9999953
312856774.0 1.0 1805.9731044792256 1 1.0
422608295.0 1.0 1806.1383835772294 1 1.0
229461186.0 0.0 1803.5529162833473 3 0.0
356820646.0 0.0 1795.3862663350696 3 0.0
404001140.0 1.0 1795.555922794742 1 1.0
238720684.0 1.0 1805.7864605263337 1 1.0
311188690.0 1.0 1794.8441814583803 1 1.0
264296106.0 0.0 1798.3250736152024 2 6.800174e-19
403429160.0 1.0 1795.1400404478088 1 0.9999992
331606863.0 0.0 1806.4104792427543 2 6.835744e-14
5738204.0 1.0 1793.6621904421086 1 0.9999985
428958057.0 1.0 1799.534004957763 1 0.23242994
283845173.0 1.0 1793.5770054419627 1 0.99999535
269697721.0 0.0 1798.2411373750363 3 0.0
435822412.0 0.0 1799.7426230339213 2 3.9001835e-10
370511668.0 1.0 1797.1191979280602 1 0.9999979
177993560.0 0.0 1808.9119427160413 0 0.0030767326
252843510.0 1.0 1810.1615377340634 1 0.9999998
358906560.0 1.0 1799.3676281573273 1 0.99999994
420129036.0 1.0 1794.6160610246704 1 1.0
237081125.0 0.0 1797.4078681962249 2 9.804168e-09
331385890.0 0.0 1793.1398584417082 0 8.7782587e-10
356871641.0 1.0 1811.010914589492 1 0.012224791
139460937.0 0.0 1807.2035006203544 3 1.8053054e-13
200738352.0 1.0 1797.182709474349 1 0.99999875
376682461.0 0.0 1810.5130492409244 2 2.2162505e-18
256665863.0 1.0 1798.8241430671735 1 0.9999968
306183336.0 0.0 1805.5564679808438 0 8.606224e-21
82402411.0 1.0 1794.8897138615953 1 0.99999785
433354775.0 1.0 1810.2660741956574 1 0.9999738
246980397.0 1.0 1799.0997695988624 1 0.99999714
252132971.0 1.0 1794.5982403076805 1 0.9998071
272831479.0 1.0 1810.9304521894696 1 0.99999994
229609565.0 1.0 1798.0742011557572 1 1.0
372073838.0 0.0 1798.2212421050137 2 2.2499508e-13
326885582.0 1.0 1810.9723923801778 1 0.99908805
299440040.0 1.0 1796.9737794219072 1 1.0
417549683.0 0.0 1797.4101300782293 2 1.7055089e-29
256200897.0 0.0 1793.139411888124 0 3.2556592e-12
441734144.0 0.0 1801.4697855976367 3 0.0
385401741.0 0.0 1796.8900778618383 0 1.0435686e-08
238702093.0 1.0 1794.015839644348 1 0.9999838
279846262.0 1.0 1795.2232291286332 1 0.9999999
178106889.0 1.0 1795.4536071392556 1 0.99999976
359588051.0 1.0 1797.6353446653818 1 1.0
349294422.0 0.0 1796.4121689098254 3 1.2272795e-22
387877670.0 1.0 1806.428959944979 1 1.0
265276170.0 1.0 1805.9925936034865 1 0.9961391
347840674.0 1.0 1793.9318579329683 1 0.9998327
284304587.0 1.0 1796.2850113266384 1 1.0
468293391.0 0.0 1799.4091398567177 3 0.0
269107060.0 1.0 1798.9303741548556 1 0.99999964
53714098.0 0.0 1812.8270130889564 0 2.196717e-12
237219972.0 1.0 1805.7411365764558 1 0.99987936
256640561.0 0.0 1807.8043687437444 3 1.9092267e-22
138117990.0 1.0 1811.1204616326606 1 0.9999918
237239185.0 0.0 1808.9704565535078 0 0.00049823633
353733301.0 1.0 1797.7604933394155 1 0.99999946
279509403.0 0.0 1800.6603342006977 3 6.3276134e-11
117039312.0 0.0 1805.2031084221844 0 1.30242e-13
82160790.0 1.0 1794.4105649676192 1 1.0
354380484.0 0.0 1808.888193802073 0 3.13219e-20
368460012.0 1.0 1810.4097329069566 1 0.9999743
237099046.0 0.0 1808.844158212056 0 1.1748452e-08
433283480.0 1.0 1793.7660689177314 1 1.0
251306946.0 0.0 1797.5358622528072 2 3.1544458e-27
329172512.0 1.0 1798.3847982295938 1 0.9999998
232634196.0 0.0 1810.1557269809568 3 6.1980264e-36
26391975.0 0.0 1798.8496482984722 2 8.2882594e-05
376122544.0 1.0 1797.7020303644424 1 1.0
129864288.0 0.0 1812.5574964920997 0 0.0026184404
288513991.0 1.0 1800.512091658676 1 0.9999632
12733668.0 1.0 1796.9732254475812 1 0.9999982
230005561.0 0.0 1811.4279131755209 2 7.3510696e-31
302690254.0 1.0 1795.8061462678536 1 0.9999991
400385986.0 1.0 1806.1181467559795 1 1.0
333068559.0 0.0 1797.5774850674327 2 6.6251105e-34
399133359.0 1.0 1795.3483349180972 1 0.9999977
308446598.0 1.0 1793.9321669140113 1 0.9999351
34820374.0 1.0 1805.7039722929885 1 0.99993813
309126202.0 1.0 1798.2446461446016 1 1.0
241017755.0 0.0 1810.8066519202084 2 1.1210872e-13
444079955.0 1.0 1805.6611899272361 1 0.99999964
327441658.0 1.0 1799.3697529598933 1 0.9998021
369093117.0 1.0 1797.2848300554942 1 1.0
83341634.0 1.0 1796.2642742406542 1 0.99999565
269521288.0 0.0 1812.3467816761395 0 0.00033196626
370354966.0 1.0 1798.4109706041725 1 0.9999992
203095395.0 1.0 1793.6200176233933 1 0.9999991
200939418.0 0.0 1811.1828631078865 3 0.00010135488
21099190.0 1.0 1798.2872006826665 1 0.99999857
130088399.0 0.0 1809.1618172008612 0 0.012845353
13615331.0 0.0 1796.0772900375252 2 5.089308e-34
264727290.0 0.0 1796.452709854986 2 1.7640807e-06
256415038.0 0.0 1797.1396061091766 2 4.00569e-12
357097802.0 1.0 1798.0517967296137 1 0.9999997
229676244.0 0.0 1801.0739063003145 3 6.547202e-19
302073635.0 1.0 1811.2239821471542 1 0.9999878
279081935.0 0.0 1805.8059209878766 3 0.00028779588
269697721.0 0.0 1804.2827629518813 3 0.0
284479874.0 1.0 1797.552820277147 1 1.0
252809234.0 0.0 1799.5781727158972 2 3.8668056e-22
317473241.0 1.0 1799.7633757266567 1 0.9999635
137260807.0 1.0 1796.2014624726914 1 1.0
11437325.0 0.0 1805.1399322974066 3 0.0
455893540.0 0.0 1805.2214850608386 0 1.8173624e-06
416191404.0 0.0 1812.3653171807205 0 8.250351e-12
52947067.0 0.0 1793.5145293173312 2 1.3581968e-19
285429087.0 1.0 1794.4329668411126 1 0.99999774
192422597.0 1.0 1796.578271896088 1 0.9999988
198188619.0 1.0 1796.572628366503 1 0.99999136
5674169.0 0.0 1804.18287924505 3 1.9724322e-16
219810835.0 0.0 1810.1353423053818 2 2.896743e-38
376111907.0 1.0 1806.2004917370036 1 0.9932141
389914002.0 0.0 1808.8433466506463 0 1.2712154e-06
256719848.0 1.0 1798.5337000575857 1 1.0
219900027.0 0.0 1799.6774958225271 3 0.0
445356709.0 0.0 1812.6603087361832 0 3.6323887e-05
408358548.0 1.0 1794.7211665191483 1 0.9999824
369821282.0 0.0 1805.5350528546455 0 3.121484e-07
444591798.0 1.0 1794.0354262933 1 0.9998861
229488713.0 1.0 1796.886546530998 1 0.9996671
184611444.0 0.0 1812.6406618886674 0 0.00011530958
200861882.0 0.0 1808.953677898143 0 0.003121342
370602743.0 1.0 1795.8484492628277 1 0.9984817
372132547.0 1.0 1798.8670355665176 1 0.9999999
356788410.0 1.0 1799.5529497975915 1 1.0
54056658.0 1.0 1795.4727252179382 1 0.99989814
308287975.0 1.0 1806.1402695395207 1 0.99786365
332476437.0 1.0 1799.260055229712 1 1.0
83970704.0 1.0 1810.722256016159 1 0.99999994
252809641.0 1.0 1799.2239865339625 1 0.9931572
299443090.0 0.0 1799.6612060675095 3 7.63001e-15
264615805.0 0.0 1797.9318791859596 3 4.8582656e-06
297648040.0 0.0 1812.4519177724096 0 0.0047572204
292323343.0 0.0 1793.557350250666 2 8.419639e-07
177797304.0 1.0 1795.6619596281005 1 0.9999908
270066455.0 1.0 1796.4120621692634 1 0.99956334
13776165.0 0.0 1795.2648122609332 2 4.448053e-14
357745373.0 0.0 1805.305927929585 0 5.59346e-18
250773561.0 1.0 1811.2236756325608 1 0.9999998
329246901.0 0.0 1797.9682718089082 0 4.0060603e-14
444403357.0 1.0 1810.2014693431172 1 0.99999624
399857092.0 1.0 1795.200945956865 1 0.9999974
269665710.0 1.0 1811.553278466073 1 0.9999998
260034780.0 1.0 1796.9528659802859 1 0.99984515
396615018.0 0.0 1795.1200922487972 3 2.822112e-18
421111304.0 1.0 1800.1392402216122 1 1.0
230386284.0 0.0 1808.4901840461066 3 0.0
240860073.0 0.0 1808.8691066843483 0 0.006244632
72078392.0 1.0 1795.7441994675717 1 0.9999986
219743911.0 1.0 1799.7598059305535 1 1.0
396201681.0 0.0 1804.9929334136314 3 0.0
400506011.0 1.0 1796.7441599800798 1 0.9999972
316328592.0 1.0 1796.8274975663426 1 0.9999999
433140550.0 1.0 1793.3078369355728 1 0.99999994
320268279.0 0.0 1807.931057998587 3 0.0
428383194.0 1.0 1797.8266738439804 1 1.0
455960348.0 1.0 1795.7841671120154 1 0.99999434
353020190.0 1.0 1796.3060271025308 1 1.0
138019199.0 1.0 1799.37054958276 1 0.9999992
428772568.0 0.0 1805.2009187404553 0 2.9178476e-12
259249564.0 1.0 1805.6823078431742 1 1.0
101092826.0 1.0 1796.432968424935 1 0.9999912
46536205.0 1.0 1795.7663144550413 1 0.9999904
315937374.0 0.0 1796.9941795640598 3 7.8666575e-38
285561333.0 1.0 1799.5782259516454 1 0.99999815
370595729.0 0.0 1805.2234917019914 0 1.1326218e-05
200777559.0 0.0 1797.5370049129024 2 0.00031116122
12987231.0 1.0 1794.8690800605336 1 1.0
355821069.0 1.0 1793.9943579872252 1 1.0
302314973.0 1.0 1811.3907158871045 1 0.9959584
258354794.0 1.0 1795.032539336742 1 0.9796649
293066086.0 0.0 1804.244864124646 3 0.0
354926863.0 0.0 1807.2437152888829 3 4.7150614e-23
428795527.0 0.0 1806.8469925392883 3 9.67499e-08
137886126.0 1.0 1810.6205523846963 1 0.9999954
286004911.0 0.0 1805.2648070432515 0 2.2180124e-08
365947827.0 0.0 1796.9303728322184 0 5.789324e-38
130062493.0 0.0 1805.3492924752095 0 0.0003866848
278933172.0 0.0 1793.30565084772 0 0.013349107
366109288.0 1.0 1794.285173119541 1 0.99999875
332046053.0 1.0 1798.2439752176113 1 1.0
284809818.0 0.0 1798.660057120171 2 1.3383827e-15
65286918.0 1.0 1797.245066154965 1 0.9999978
200739444.0 0.0 1808.8494815158558 0 0.003316302
21017577.0 1.0 1810.2869500268291 1 0.99996734
312060302.0 0.0 1809.3268905439086 3 0.0
445133704.0 0.0 1798.0565111464598 3 0.0
357737232.0 1.0 1797.7018934541695 1 0.9999845
427949309.0 1.0 1794.7843798097156 1 1.0
369730003.0 1.0 1794.7227784222496 1 1.0
316739463.0 1.0 1810.9527336721012 1 1.0
433140578.0 1.0 1798.0786834541896 1 0.99999964
408703648.0 1.0 1794.0339963081087 1 0.9999972
52435076.0 1.0 1794.3062745434106 1 0.9999944
292816129.0 1.0 1797.182429114765 1 0.9999989
52942173.0 1.0 1806.1812323688036 1 0.9999984
63563668.0 0.0 1808.9118448730305 0 0.00402689
354542410.0 1.0 1806.3069836956358 1 1.0
400253601.0 1.0 1797.2222735008952 1 0.9999999
284137266.0 1.0 1798.2435156855115 1 1.0
269597815.0 1.0 1805.4075222401182 1 0.9999997
265060498.0 0.0 1808.8457053806237 0 0.0039795833
63348577.0 1.0 1797.3286847036638 1 0.99999994
331365684.0 1.0 1806.2840430387375 1 0.9999801
249887658.0 1.0 1805.7863842203403 1 0.9999959
240958964.0 0.0 1805.244202669603 0 4.2953934e-21
53807560.0 0.0 1805.6602621508835 0 6.8812543e-18
390333233.0 1.0 1796.1605048074507 1 1.0
249860155.0 0.0 1799.05707099808 2 8.731867e-18
354285315.0 0.0 1799.4924110022835 2 7.3212603e-25
400951517.0 1.0 1797.994943598353 1 0.9999999
323122801.0 0.0 1810.1167397775555 2 0.0001278718
272135862.0 1.0 1800.3679585858126 1 0.9999434
368373338.0 1.0 1796.597109731334 1 1.0
61045741.0 1.0 1796.7664892806927 1 0.99997663
375072586.0 1.0 1797.6194096995985 1 0.9999816
370947698.0 1.0 1796.9526479066171 1 0.9999999
116138966.0 0.0 1811.4531033260873 2 3.6531898e-08
118297745.0 1.0 1810.8910291353477 1 1.0
272781956.0 0.0 1811.8648961644171 3 0.0
63673727.0 1.0 1798.4328797399614 1 0.99997884
321912075.0 1.0 1799.2626446521188 1 0.9999998
397798076.0 1.0 1796.8055825511851 1 1.0
416052380.0 1.0 1805.4325444338278 1 0.99998045
272324340.0 0.0 1810.7428870883161 3 0.0
335795763.0 0.0 1795.783911599046 2 5.910781e-25
101257302.0 1.0 1794.3288363439776 1 0.9999898
356820646.0 0.0 1808.9071909017875 3 0.0
368598073.0 1.0 1797.9303311697176 1 1.0
235684629.0 0.0 1805.3661144807074 2 1.1169747e-12
235991503.0 0.0 1809.2000039149625 0 0.00017281921
374926086.0 0.0 1808.9525082889757 0 0.0
428166456.0 0.0 1796.6821015415567 2 2.9735599e-30
320498088.0 1.0 1799.8688105143804 1 1.0
445579215.0 1.0 1799.223297680264 1 0.9999984
301569101.0 0.0 1795.3695348124268 2 1.1382679e-10
233495004.0 0.0 1795.4904858362322 2 0.0
280251798.0 0.0 1809.1392909346405 0 2.084651e-05
94448601.0 1.0 1798.453762495035 1 1.0
397926054.0 0.0 1805.389424202921 0 2.7296183e-15
327584184.0 1.0 1806.2225856943214 1 0.99984866
372197986.0 0.0 1805.2026850985383 0 0.013388723
35087539.0 1.0 1810.7664076378337 1 0.9969955
369824992.0 0.0 1793.9935984654614 2 1.9563033e-19
317470793.0 0.0 1798.471682322594 3 0.0
229710948.0 1.0 1798.115502778163 1 1.0
372640507.0 0.0 1812.6159983331386 0 4.904099e-06
372640394.0 1.0 1793.5330616841222 1 0.9999998
358939997.0 1.0 1797.388359047125 1 1.0
351467703.0 1.0 1805.30565238011 1 0.99963814
407425077.0 1.0 1810.971968907664 1 0.9999996
396574801.0 1.0 1795.578465838139 1 0.99999726
245422824.0 1.0 1795.890144147942 1 0.986807
256352113.0 0.0 1801.5959355311877 3 0.0
54721476.0 0.0 1796.8897199456721 0 1.8256625e-06
286024276.0 0.0 1808.8490259951711 0 0.00015232571
238717278.0 1.0 1806.1405711929638 1 1.0
251361825.0 1.0 1806.1402398323908 1 0.99988204
198457457.0 0.0 1810.3013919216032 3 0.0
255993777.0 0.0 1801.2620564417766 3 0.00010079528
219800917.0 1.0 1794.323099213907 1 1.0
233608490.0 0.0 1798.1151148919098 2 5.584494e-22
237277760.0 0.0 1811.3244568885434 3 0.0
441734144.0 0.0 1807.011528884532 3 0.0
250742140.0 1.0 1800.3696828929003 1 0.9999966
346627004.0 1.0 1810.2454550498205 1 0.99996245
68097989.0 1.0 1811.245300222746 1 0.9999684
252181174.0 1.0 1796.0773237325534 1 0.99999994
370946106.0 1.0 1796.7026081612532 1 0.9999998
407017121.0 1.0 1795.7850795992786 1 0.9999993
229775786.0 1.0 1797.4905851133246 1 1.0
288633162.0 0.0 1813.0538027987232 0 0.000103965394
327583823.0 0.0 1796.8477503382278 3 4.5579915e-26
444722592.0 0.0 1797.1394621302745 2 0.0
116412425.0 0.0 1808.8697791893917 0 4.7947528e-11
378374218.0 1.0 1805.8055829271495 1 1.0
275705307.0 0.0 1805.3479387505877 0 1.2093105e-07
116849798.0 1.0 1797.0156981155146 1 0.9999605
403438475.0 1.0 1799.2024407950585 1 0.9999972
316846761.0 1.0 1796.5778269798898 1 0.9999949
359588615.0 0.0 1798.6353822204633 3 8.673049e-09
184731325.0 0.0 1805.3492434096481 0 0.002969328
268055290.0 1.0 1805.5948293401525 1 0.9999875
420545835.0 0.0 1809.1599953378643 0 0.00068316207
302317838.0 1.0 1795.2864403248825 1 0.9999965
67570629.0 1.0 1800.3908742244228 1 0.9999999
279872508.0 1.0 1797.888704749078 1 0.99990433
73571779.0 1.0 1811.3078305367035 1 0.99998504
116849668.0 0.0 1812.3907697307673 0 0.003936759
230052393.0 1.0 1798.886417564474 1 1.0
372209149.0 1.0 1797.9504340888177 1 1.0
319915099.0 1.0 1795.993740155046 1 0.9999715
312342254.0 0.0 1812.6603739456484 0 0.0001258352
321916217.0 1.0 1794.7627038443193 1 0.99999475
445279509.0 1.0 1806.3897019200742 1 0.99999535
83729128.0 0.0 1805.222344404392 0 2.1391782e-07
389701415.0 0.0 1796.6396093127357 0 8.3769984e-05
129792010.0 1.0 1795.1202369883865 1 0.99999154
436883430.0 0.0 1812.4746097584145 0 0.003651798
284925600.0 0.0 1805.1186114824516 3 0.0
256485103.0 0.0 1808.9315062021637 0 0.00014056239
326785892.0 1.0 1797.2642834873661 1 0.9999401
12479247.0 1.0 1795.514917101472 1 1.0
399832249.0 0.0 1805.2636463654608 2 7.482926e-13
279840730.0 1.0 1795.8272501873978 1 1.0
373322787.0 1.0 1798.326036479752 1 1.0
315757230.0 0.0 1812.491657008615 0 0.007365303
279670446.0 0.0 1808.8678203731079 0 0.0031632024
192320887.0 1.0 1805.432499024189 1 0.9999892
427585571.0 1.0 1805.429930867778 1 0.9999981
332986008.0 1.0 1794.8689951936396 1 0.9999999
352424791.0 1.0 1810.9725044665536 1 0.9999987
116722635.0 1.0 1810.3907037519966 1 0.9999983
249892632.0 1.0 1805.8904480097597 1 0.9999991
370505821.0 0.0 1796.0357362263524 2 8.587209e-27
139553692.0 1.0 1795.7661370625685 1 0.9999999
331552874.0 0.0 1805.241959020965 0 7.1531565e-27
322129850.0 1.0 1797.5335154491415 1 0.99996966
348677199.0 1.0 1810.244458527912 1 0.9999941
12833774.0 1.0 1811.3897872913444 1 1.0
445314500.0 1.0 1810.6812114766428 1 1.0
258777137.0 0.0 1798.657423179675 3 1.3620228e-16
250657621.0 0.0 1798.9112252425373 2 1.9799834e-26
251147493.0 0.0 1795.0777332168861 2 5.804531e-33
13456257.0 0.0 1797.847987311037 0 8.9884394e-05
233208885.0 0.0 1801.4901108354284 3 0.0
428170921.0 1.0 1796.494648333469 1 0.99999833
21151579.0 1.0 1805.5932380301747 1 0.99999964
116141144.0 0.0 1812.7863702760574 0 6.075015e-14
418981411.0 1.0 1810.4099142039693 1 0.99999857
229676244.0 0.0 1807.5531757467984 3 1.8421375e-17
309137189.0 1.0 1805.8694171254035 1 0.9999998
453185328.0 0.0 1809.2023120905346 0 2.2487372e-09
82344570.0 0.0 1797.5565252192548 2 2.986223e-30
202957300.0 1.0 1795.661636259829 1 1.0
388602832.0 0.0 1809.9090695689506 3 0.0
319601211.0 1.0 1797.076975268571 1 1.0
263968694.0 0.0 1809.9703711692684 3 6.6182235e-24
202840977.0 0.0 1805.515798282615 0 0.0062716356
184679932.0 0.0 1797.93262716355 3 0.01214883
224601458.0 1.0 1798.697251745461 1 0.99999887
354717307.0 1.0 1793.723785702719 1 1.0
251722098.0 0.0 1812.3486606517733 0 4.6243213e-16
245701169.0 1.0 1805.5152802863413 1 1.0
327583823.0 0.0 1811.347462996126 3 1.4685799e-31
71745412.0 0.0 1797.0983894016601 2 0.010174665
307115630.0 1.0 1798.8482878866985 1 0.9999612
255925189.0 1.0 1796.699588840297 1 0.9999999
332809791.0 0.0 1796.639846323872 0 0.005201042
388636790.0 0.0 1811.117388671456 2 4.1565657e-17
417267059.0 0.0 1812.3473757896475 0 2.6447804e-14
11430249.0 1.0 1799.410638737674 1 1.0
235938870.0 0.0 1805.1996566905752 0 9.425843e-07
233533858.0 1.0 1797.260745408923 1 0.9999983
377733327.0 0.0 1798.5136303192885 2 1.2619554e-22
83142000.0 0.0 1808.8681367545437 0 5.0090143e-10
343465961.0 1.0 1805.886989077286 1 0.999979
116269543.0 1.0 1794.682252156197 1 0.9999974
22871953.0 1.0 1797.3289124376897 1 1.0
202839485.0 0.0 1812.2240752238165 3 9.509967e-11
390580411.0 0.0 1797.514639374147 2 1.3251398e-28
233121609.0 0.0 1798.5524001450267 2 1.2474242e-15
233578304.0 1.0 1795.2609328609353 1 0.99999946
54989899.0 1.0 1800.0771921484134 1 0.99979156
327349858.0 1.0 1794.6197948919403 1 1.0
65641116.0 1.0 1795.7033641421456 1 0.99999905
427976465.0 1.0 1796.8678728342986 1 0.9999999
299443090.0 0.0 1804.3486597981725 3 1.1985295e-22
101347969.0 1.0 1794.5371323647066 1 1.0
301909087.0 0.0 1811.7448168550393 3 1.1721858e-12
435590704.0 1.0 1795.1590755622176 1 0.9999996
399587190.0 0.0 1812.3698590438385 3 0.0015204962
117113742.0 1.0 1805.4116186221656 1 0.9999998
118297614.0 0.0 1805.287018607876 0 0.0024899854
232621439.0 0.0 1805.3850466708097 0 6.7406674e-08
435593818.0 1.0 1797.430137118824 1 0.99999994
85593353.0 1.0 1798.5580289118411 1 0.99999946
385593497.0 1.0 1798.5162978892565 1 0.9999898
10242532.0 1.0 1798.6604379745736 1 0.99999887
235945948.0 1.0 1798.4704853384467 1 0.99998885
251201080.0 0.0 1796.8902282218394 0 3.9954162e-10
118389230.0 0.0 1803.7246213598244 3 7.96737e-17
420017095.0 1.0 1798.1395255573175 1 1.0
68038052.0 1.0 1794.4534873232599 1 0.99960834
232602742.0 0.0 1805.4060373428795 0 0.000201394
194736550.0 0.0 1793.1409282031714 0 0.0031434202
269420198.0 0.0 1805.2011312034927 0 0.0012176
379164948.0 0.0 1796.8057838106495 0 1.4678895e-06
385105755.0 0.0 1799.5783075290285 3 0.0
301421405.0 1.0 1799.2446832826658 1 0.99999857
452960580.0 1.0 1799.306350577984 1 0.9999981
322207212.0 0.0 1808.8667124320555 0 8.536501e-24
50769806.0 0.0 1797.8482387076235 0 5.2620606e-05
52178399.0 1.0 1794.0144359328406 1 1.0
312146548.0 0.0 1805.5563369671336 0 0.0033264596
285431684.0 0.0 1793.1412284692365 0 0.0031735352
264912872.0 1.0 1795.6819866060798 1 0.9999977
356700022.0 1.0 1806.2189198145213 1 0.99999994
275151247.0 0.0 1794.5343701933741 2 2.642725e-35
428529282.0 1.0 1810.430872719298 1 1.0
333869028.0 1.0 1799.491408032807 1 0.9999999
378730202.0 0.0 1796.909797418837 0 4.539083e-13
258064502.0 1.0 1796.0996247169846 1 0.99999964
434437489.0 0.0 1812.0548716290539 3 0.0
230001302.0 0.0 1805.427663123122 2 1.5933225e-09
327140909.0 0.0 1809.0777904626602 0 0.00071091286
289723525.0 0.0 1800.2808110201129 2 1.1835114e-07
326815804.0 0.0 1809.5555748947568 3 3.0392415e-05
13466218.0 1.0 1796.409324584087 1 0.9997911
389984460.0 0.0 1812.764606105459 0 0.0025205503
394118963.0 0.0 1794.2826923690557 2 8.968423e-06
201376175.0 0.0 1805.224443823015 0 0.002722299
63395860.0 1.0 1794.2870376527076 1 1.0
387953782.0 0.0 1808.991483333533 0 0.0036112953
90763415.0 1.0 1811.2871346004163 1 0.9999998
237238149.0 1.0 1805.9704141720579 1 0.9999758
427589964.0 0.0 1806.1800042112131 2 4.580479e-07
402981829.0 1.0 1797.3255482957404 1 1.0
229506350.0 0.0 1794.6990347585584 2 2.4455863e-12
285444688.0 0.0 1798.0560915613112 2 0.0
149904096.0 0.0 1805.5372449051952 0 0.0037886885
329153633.0 1.0 1800.2615839914974 1 0.99989796
416049179.0 0.0 1812.453470659134 0 0.0023847055
383675803.0 1.0 1798.1357462256428 1 0.99999976
367753822.0 1.0 1811.1784869185165 1 0.9998533
376994854.0 1.0 1799.2607808011028 1 0.9993845
424461577.0 0.0 1797.0107133266579 3 0.0
279523704.0 0.0 1808.867476458575 0 5.733008e-07
365942256.0 1.0 1799.221849142266 1 0.9999996
199682999.0 0.0 1798.1763367146457 2 1.5287896e-12
387879000.0 1.0 1806.1997644374403 1 1.0
385045501.0 1.0 1798.9117242194413 1 0.9999983
200739316.0 0.0 1800.141066367924 0 0.00033526385
397802293.0 0.0 1805.2015092652953 0 8.573527e-05
377251803.0 0.0 1811.864652294712 3 0.0
184695625.0 1.0 1811.0157279522348 1 0.9999756
366917987.0 1.0 1795.0755051053402 1 1.0
321592850.0 1.0 1799.512560840794 1 0.99999976
428068513.0 1.0 1797.7031246038143 1 0.99999785
308956593.0 1.0 1806.286111097348 1 1.0
256640207.0 0.0 1810.6793193993115 3 0.0
12633223.0 1.0 1795.1384184868625 1 0.9999983
288391801.0 0.0 1803.490863227354 3 0.0
139404880.0 0.0 1812.7033764471107 0 0.0033655744
396339551.0 0.0 1807.4725785015182 3 7.883419e-06
269697721.0 0.0 1806.1994139628894 3 0.0
258954643.0 0.0 1812.3654712043851 0 1.5244375e-18
245622846.0 1.0 1798.8484598931586 1 0.9999948
54531427.0 0.0 1805.6187388257638 0 3.4442977e-17
415961002.0 1.0 1796.5781674155824 1 0.9999999
354129904.0 0.0 1805.2032068736264 0 2.268479e-10
354714473.0 0.0 1805.244786364964 0 9.199725e-11
245760863.0 1.0 1796.3070233002293 1 0.99999994
35225770.0 1.0 1793.4328816538666 1 0.9999996
201111823.0 1.0 1794.0368808237774 1 1.0
192549473.0 0.0 1793.8908897976505 2 2.782742e-05
160617954.0 1.0 1796.5942243900327 1 1.0
279192862.0 1.0 1798.9310926373423 1 0.999998
356862553.0 0.0 1796.9068247744117 0 1.6189002e-05
279509403.0 0.0 1807.6187269003144 3 0.058511607
288516589.0 0.0 1810.7203241831821 2 3.1126665e-21
367836078.0 1.0 1797.699106796541 1 1.0
346014568.0 0.0 1812.4107578923497 0 0.0005921035
376767400.0 0.0 1805.2006411143777 0 1.2160585e-13
407416709.0 1.0 1796.3281466477529 1 0.999998
375779881.0 1.0 1805.4087978198786 1 1.0
53619313.0 0.0 1805.5560857853336 0 3.5815746e-15
22876522.0 1.0 1805.891315598474 1 0.9999535
81450691.0 1.0 1796.5355428818182 1 0.99999976
445133704.0 0.0 1810.7020549393455 3 0.0
246971898.0 1.0 1795.6831305150106 1 0.9999965
368919231.0 1.0 1797.0765986943486 1 0.99999064
366380245.0 0.0 1812.4710736225775 0 0.002702727
427955700.0 1.0 1797.6594532334125 1 0.9998968
272142126.0 0.0 1805.2221113861822 0 0.0016143066
279187055.0 1.0 1797.8268575613306 1 0.99999994
452998092.0 0.0 1805.5562101707867 0 1.914359e-05
415880847.0 0.0 1796.6406598778012 0 1.6304925e-06
250575960.0 1.0 1797.9737261733912 1 0.9999991
326999425.0 1.0 1796.3477424394998 1 0.9999998
357101320.0 0.0 1810.3228372363012 2 1.3477613e-26
192739060.0 1.0 1806.3284521908995 1 1.0
452972519.0 0.0 1797.7437407774964 2 1.5653265e-13
284052327.0 1.0 1806.3475121269703 1 0.99999917
337551849.0 1.0 1796.4923988518992 1 0.99999243
354397412.0 1.0 1795.7029414542374 1 1.0
230386284.0 0.0 1805.7402174532194 3 0.0
219851698.0 1.0 1805.8230785641788 1 0.9998283
396198189.0 1.0 1799.722054402545 1 0.9994669
291960505.0 0.0 1793.1406714770167 0 9.158993e-09
354928111.0 0.0 1794.7227670425075 2 2.680015e-08
13350647.0 0.0 1797.5148422593559 2 1.3107275e-11
229676244.0 0.0 1808.4906899284572 3 1.1252201e-06
65650616.0 0.0 1796.6407105607464 0 0.0026055933
236780192.0 0.0 1794.4064655366974 0 0.0656951
264178274.0 1.0 1796.4708217602426 1 0.99999505
199688472.0 0.0 1797.5096689135023 3 2.5469247e-38
305165331.0 1.0 1794.8247257452094 1 0.9999996
383622633.0 1.0 1810.8224132372409 1 1.0
450128755.0 1.0 1799.3486427197413 1 1.0
269697721.0 0.0 1806.886907976685 3 0.0
200792606.0 0.0 1809.7245203447055 3 1.3913429e-14
350696123.0 0.0 1797.4703610554843 2 8.942637e-07
249892153.0 1.0 1796.1403874276411 1 0.9999976
63788948.0 0.0 1808.9952376825393 0 5.083336e-10
402894571.0 1.0 1795.3661540754097 1 1.0
398071993.0 0.0 1794.472577622582 2 3.2687876e-06
198517221.0 1.0 1795.9055302486818 1 0.9999977
286327060.0 1.0 1799.0565093568991 1 1.0
251307055.0 1.0 1799.6608997830594 1 0.99998474
68153354.0 0.0 1812.411826296028 0 0.012135692
219096077.0 1.0 1805.469570174555 1 0.99999934
385045501.0 0.0 1808.9326446337186 0 0.0031491688
445363169.0 0.0 1797.3688266804725 2 5.4807203e-23
352775340.0 0.0 1805.2223875959735 0 2.0999351e-09
249886116.0 1.0 1810.4322353664384 1 1.0
301909936.0 1.0 1794.6615090974851 1 1.0
229408771.0 0.0 1812.3652237759936 0 3.4539114e-12
445663911.0 1.0 1810.8693370153046 1 0.9999318
54213390.0 0.0 1794.7228275057887 2 5.920576e-32
255993777.0 0.0 1806.8036413785355 3 0.007829776
186714826.0 1.0 1795.7452275692988 1 0.99999875
279878348.0 0.0 1793.4093840154183 0 6.5060253e-18
279266822.0 0.0 1812.3682610446544 0 4.92231e-20
366517337.0 0.0 1799.9497088722756 3 0.0
453254771.0 1.0 1796.056509924915 1 0.9999998
444452053.0 1.0 1797.1602159246354 1 0.9999295
428210451.0 0.0 1808.849132290588 0 0.003215162
71932148.0 1.0 1805.9940925052547 1 1.0
420295558.0 1.0 1811.1183326580212 1 0.9999969
368738288.0 0.0 1812.3473293675984 0 8.968831e-09
366782088.0 0.0 1793.32545030463 0 4.1313227e-16
302071120.0 1.0 1797.7657128245867 1 0.99999994
252106610.0 0.0 1795.1607325269777 2 2.677408e-09
377192659.0 0.0 1806.4064414457528 3 0.0
177995472.0 0.0 1809.2661002646917 3 0.0032368293
263930790.0 0.0 1811.6348370346607 3 0.0
372060791.0 0.0 1793.3254055011282 0 1.9956665e-13
13198814.0 1.0 1797.2438808434779 1 1.0
252164466.0 0.0 1793.1400105778205 0 6.4572622e-12
186944085.0 1.0 1794.8702604652915 1 1.0
20801601.0 0.0 1812.3491801980877 0 0.0051153577
366676693.0 0.0 1808.846196000856 0 2.9249528e-19
241120119.0 1.0 1810.640390633166 1 0.9999972
235978781.0 1.0 1797.470548744032 1 0.98974043
433143724.0 1.0 1811.182692391305 1 0.9999978
399127774.0 0.0 1812.702221831536 0 4.906671e-14
359676320.0 0.0 1811.7187551550298 3 5.574445e-08
375599392.0 0.0 1804.3462829775126 3 1.1536253e-31
352410653.0 0.0 1808.845601673598 0 0.0055223866
250454268.0 1.0 1811.4944792066217 1 1.0
354117049.0 1.0 1798.2419170584199 1 0.9999998
192690692.0 0.0 1796.640947495857 0 0.0034281653
83338703.0 1.0 1793.5767610300625 1 0.9999997
370999422.0 0.0 1799.7652110362915 2 1.6391445e-31
229769498.0 1.0 1805.969805040498 1 1.0
219753577.0 1.0 1810.2396727539108 1 0.9997491
250921683.0 1.0 1798.3903864258564 1 0.99999994
397241626.0 1.0 1811.347877070327 1 1.0
198280388.0 0.0 1793.5306479936316 3 0.0
265273133.0 0.0 1812.3468106263526 0 3.6440701e-07
251151172.0 0.0 1808.890450944597 0 6.22111e-10
377255243.0 0.0 1794.406727609353 0 1.8033244e-08
403589370.0 1.0 1798.4703036307078 1 1.0
356896048.0 1.0 1800.0100957577342 1 0.9998377
436873841.0 1.0 1810.3288204792555 1 0.999999
28909094.0 1.0 1797.4538954306488 1 0.9999998
194777614.0 1.0 1799.3703761130766 1 1.0
445608162.0 0.0 1805.2236750141365 0 2.0904145e-14
53803071.0 1.0 1810.3894585199014 1 0.9999994
250472919.0 1.0 1805.3071246285108 1 0.99999994
82245832.0 0.0 1808.9107737477273 0 1.8177008e-07
177826386.0 1.0 1810.4952981987772 1 0.99997056
322267867.0 1.0 1793.8044560918488 1 1.0
240847512.0 0.0 1800.1399947912912 0 5.21894e-11
317836431.0 0.0 1812.4507959720793 0 1.3342787e-23
203034972.0 0.0 1812.5574389735657 0 0.0041773818
198457457.0 0.0 1799.0097689217127 3 0.0
390737957.0 1.0 1794.88974790766 1 0.99999934
245499542.0 0.0 1797.056869250988 2 2.7501733e-14
256716627.0 1.0 1810.8459999622728 1 0.999988
250825963.0 0.0 1808.8488386718395 0 1.5850763e-07
284214790.0 0.0 1800.139294691408 0 1.2991827e-06
255993777.0 0.0 1798.7829224198279 3 0.019883571
230114042.0 0.0 1810.1773477934823 2 1.2396031e-28
445196229.0 1.0 1796.8689153967216 1 1.0
73565936.0 1.0 1794.1203804355994 1 0.99999994
11437325.0 0.0 1795.9732442098514 3 0.0
415975425.0 0.0 1812.8698652842295 0 0.0015193535
233496887.0 1.0 1810.677930685666 1 0.9999679
375075140.0 1.0 1805.9736344168173 1 1.0
279597885.0 1.0 1798.409990098982 1 1.0
396208925.0 0.0 1810.1181144164811 2 8.960172e-33
50265754.0 1.0 1810.3481911936833 1 0.99999803
367817978.0 1.0 1793.2838062921812 1 0.9999993
229751802.0 0.0 1806.2821496361116 3 0.0
192529148.0 1.0 1799.1200604766948 1 0.9999973
327006143.0 0.0 1796.7018745733392 2 1.4350387e-28
317596624.0 1.0 1798.0548752066707 1 1.0
116723709.0 0.0 1808.8490705278755 0 2.0347455e-08
65436239.0 1.0 1805.6410451928832 1 0.99999934
373146721.0 1.0 1797.5549566485038 1 1.0
372390508.0 0.0 1808.846138892625 0 2.0150559e-12
288266366.0 0.0 1797.6990481450982 0 0.00014233669
259040812.0 0.0 1795.3241229582363 2 1.1036438e-08
118391572.0 1.0 1806.0162973875665 1 0.99996626
302470991.0 1.0 1797.5364899360654 1 0.9999998
434893323.0 0.0 1805.846747822751 3 0.0
293186737.0 1.0 1811.0365863050754 1 0.99999905
219429140.0 0.0 1805.30178407806 0 1.2751916e-13
348670894.0 1.0 1793.8484417150069 1 1.0
149858556.0 0.0 1796.6412671893065 0 0.004630068
104308566.0 0.0 1812.3489299999449 0 0.0006962768
203039113.0 0.0 1799.515749336924 2 1.2127701e-08
435679839.0 1.0 1798.5552650536904 1 1.0
319719472.0 0.0 1798.2229300911079 2 2.5780687e-15
265296856.0 1.0 1805.9944391366225 1 0.9999769
353079913.0 1.0 1795.743313263298 1 1.0
236999323.0 0.0 1808.8659362319054 0 1.930779e-06
390579240.0 1.0 1795.8062221558191 1 0.9999997
369283121.0 0.0 1812.4310465655158 0 2.8446693e-05
35087539.0 0.0 1793.1413673579102 0 0.003411208
333072716.0 1.0 1799.452600512193 1 1.0
233496887.0 0.0 1794.1984987712556 0 2.8271838e-09
269697721.0 0.0 1811.8243607760394 3 0.0
117803621.0 0.0 1796.3072002462998 2 1.0799203e-26
229712901.0 0.0 1805.2402887445144 0 3.0271382e-20
376365580.0 1.0 1798.971443164075 1 0.99998957
359035174.0 0.0 1796.3475013941961 2 6.5856504e-27
67418975.0 1.0 1794.911901082754 1 1.0
354792954.0 1.0 1794.9947739411402 1 0.99999905
236901571.0 1.0 1811.3866869766593 1 0.999962
35023383.0 1.0 1800.245627897765 1 0.9999966
445231304.0 0.0 1805.5562352048225 0 0.00072803133
20772755.0 0.0 1796.6408367076951 0 0.0031996518
50848156.0 1.0 1796.8896450534692 1 1.0
116989897.0 1.0 1793.6197821860637 1 0.9999986
372113117.0 0.0 1805.2026428019012 0 9.272249e-06
350697296.0 1.0 1810.637027214503 1 1.0
338650529.0 1.0 1800.4715390499168 1 0.9999999
368596977.0 1.0 1795.9720256159844 1 1.0
71847068.0 0.0 1793.348338135833 3 1.6251123e-22
271444121.0 0.0 1805.492987048292 2 7.501928e-14
229741985.0 0.0 1795.3655526820596 3 3.5490055e-05
241139024.0 0.0 1808.8903354049903 0 1.6674245e-07
270015117.0 0.0 1793.4096327283746 0 2.386299e-22
275367846.0 0.0 1805.2221002598849 0 4.1637748e-30
327795075.0 1.0 1794.4949030280923 1 1.0
400605150.0 1.0 1806.3693330145206 1 0.99999976
428007141.0 0.0 1805.201015908708 0 3.842446e-08
241061382.0 0.0 1808.9733610555008 0 6.202634e-30
399739308.0 1.0 1810.888259544627 1 0.9999879
237115994.0 0.0 1812.510118108666 0 0.005912557
256640207.0 0.0 1808.26268322368 3 0.0
269321890.0 1.0 1795.347069377791 1 0.9999858
441726010.0 1.0 1796.8444373330826 1 1.0
387237428.0 1.0 1799.8038302061207 1 0.9999955
347397508.0 0.0 1800.3276968216446 0 5.9029844e-07
67418484.0 1.0 1793.6202096924335 1 0.99999887
139378835.0 0.0 1812.141008205315 3 1.0089873e-08
445384709.0 1.0 1795.598125333578 1 0.99999946
238770492.0 0.0 1812.4532909835045 0 0.0031680188
415882263.0 1.0 1799.3490441133638 1 0.9999999
379534002.0 1.0 1798.5560999826923 1 0.8577731
284913939.0 1.0 1798.4518149790317 1 0.9999972
186811892.0 1.0 1796.9743420356683 1 1.0
381807163.0 0.0 1805.3494875772358 0 0.0034234847
255993777.0 0.0 1794.4704737012057 3 0.002880429
264252568.0 0.0 1808.8450049679384 0 4.413975e-06
52029930.0 0.0 1793.1395391080605 0 0.0
311235091.0 1.0 1805.656355682419 1 0.99999833
285386267.0 0.0 1812.3493765145183 0 0.012014067
285796620.0 0.0 1810.868944717443 2 2.1435102e-35
332503596.0 0.0 1797.968303663853 0 4.5418787e-05
403684483.0 1.0 1796.3693123717808 1 1.0
424461577.0 0.0 1801.4898200451278 3 0.0
269041537.0 0.0 1796.7636639800746 2 8.9782445e-24
11153481.0 1.0 1800.285663391636 1 0.999993
445287089.0 0.0 1794.1188792626995 3 0.0
186595806.0 0.0 1805.4536753997907 3 0.0
315816069.0 1.0 1811.2028843276569 1 0.9999998
251547304.0 1.0 1806.0779742845698 1 0.9999999
252106595.0 1.0 1810.1813388902963 1 0.99999964
177825946.0 1.0 1798.9744573238725 1 0.9999999
377154735.0 1.0 1794.7425030883153 1 0.99998015
65643666.0 1.0 1810.3910071467876 1 0.99999964
331978614.0 1.0 1793.9315458162307 1 0.999998
26432264.0 0.0 1806.1830416657526 3 0.020343395
268516426.0 0.0 1800.4093719587006 0 0.000103045415
370696018.0 1.0 1794.3066208607684 1 1.0
259129583.0 0.0 1796.9073686596482 0 4.4373227e-15
264178791.0 1.0 1795.2208014523349 1 0.9999998
275137273.0 0.0 1793.90940371971 2 1.6604897e-26
422963897.0 0.0 1812.3491445909142 0 0.003386346
54992644.0 1.0 1794.2439041723214 1 1.0
369246686.0 1.0 1799.4101898897097 1 0.99289083
250703530.0 1.0 1797.223677577625 1 1.0
398371489.0 1.0 1794.0124205744098 1 0.9999985
192877594.0 0.0 1812.4742588083611 0 0.0033659036
352693463.0 1.0 1798.637012398888 1 0.9999922
352576117.0 1.0 1797.8682881006305 1 0.99999994
378734900.0 1.0 1798.2221578169426 1 0.99957
232602742.0 1.0 1798.4893458472454 1 0.9999994
453306348.0 0.0 1794.0357636685533 2 4.999103e-34
387505561.0 1.0 1795.1581181318543 1 1.0
373906194.0 1.0 1810.472993150041 1 0.999999
50615084.0 0.0 1794.8480461856093 2 1.6506058e-19
364186053.0 1.0 1794.4082090352802 1 0.9999941
327011327.0 1.0 1794.0572832096223 1 0.9999996
270127418.0 0.0 1812.3468258323712 0 0.0059027
428418890.0 0.0 1805.5142031201153 0 0.0008676887
351608268.0 1.0 1805.722224902668 1 0.9971169
224597631.0 0.0 1805.1972283944801 0 4.3977e-10
241030146.0 0.0 1805.2443350675144 0 1.3082474e-07
322321400.0 1.0 1799.3043936428746 1 1.0
373789223.0 1.0 1794.8688957572 1 1.0
229461186.0 0.0 1799.532164114015 3 0.0
396242679.0 1.0 1796.951389353578 1 0.9954843
368679344.0 1.0 1805.9932642055644 1 1.0
317473563.0 1.0 1794.5341906069382 1 0.9999716
315933339.0 0.0 1810.9944477868526 2 0.6726502
219895512.0 0.0 1805.3648243210164 0 9.886289e-12
327005888.0 1.0 1797.8893536488067 1 0.99999297
192740281.0 1.0 1795.8700583096395 1 0.99994934
445593178.0 1.0 1797.6608384573851 1 0.9999956
366200164.0 1.0 1798.180953493944 1 0.9999973
453223094.0 0.0 1812.6814674184457 0 0.00076784904
422663383.0 0.0 1808.8468345117594 0 0.00013694739
198187903.0 0.0 1812.343371204179 0 1.6307475e-06
331794703.0 0.0 1808.846828428634 0 1.308123e-06
436929253.0 1.0 1795.5372582193575 1 0.9999996
417831350.0 1.0 1794.8287004758688 1 1.0
406966826.0 0.0 1809.201609968392 0 7.384139e-05
396032107.0 1.0 1806.430788108612 1 1.0
354156315.0 1.0 1806.1610652664706 1 1.0
245701625.0 1.0 1810.4736140731254 1 0.99999833
316246858.0 1.0 1796.6402144906099 1 0.9999996
385241357.0 0.0 1808.870103560896 0 0.003595331
332682397.0 1.0 1797.889827990573 1 1.0
298734307.0 0.0 1808.8436540770897 3 0.0
83519105.0 1.0 1810.9513806691486 1 0.9999996
450144143.0 1.0 1796.890062196728 1 0.9999914
229741985.0 0.0 1805.8030619392102 3 0.00025566056
338159479.0 0.0 1794.6174431186507 3 0.0
116723709.0 1.0 1798.4948358951287 1 1.0
403683276.0 1.0 1794.1192518253802 1 0.99972665
388601256.0 1.0 1795.3673912427475 1 0.9999996
395407537.0 1.0 1797.9513671829543 1 0.9999341
372498972.0 1.0 1799.847692145022 1 1.0
359257257.0 0.0 1810.9930987294745 2 1.9395107e-26
219109908.0 0.0 1804.0110926151026 3 0.0
389974554.0 1.0 1794.0564381618224 1 0.99994856
53867382.0 1.0 1797.1395045656861 1 1.0
129763338.0 1.0 1797.6410373006258 1 0.9999994
445637206.0 1.0 1810.640269341648 1 0.99993247
359334319.0 0.0 1811.0139119185744 2 3.9846303e-11
301830522.0 1.0 1795.5364150809487 1 0.99999875
229676244.0 0.0 1798.428028670939 3 7.694742e-18
230069067.0 1.0 1794.1564429823486 1 1.0
373515841.0 0.0 1805.2011377136387 0 7.875834e-11
427515306.0 0.0 1793.4091189039525 0 2.1076511e-13
230386284.0 0.0 1809.511004834337 3 0.0
434973232.0 0.0 1798.4301987842018 2 7.867165e-16
238655860.0 1.0 1798.4113434147366 1 0.9999973
320269111.0 1.0 1795.2021434155597 1 1.0
286237833.0 0.0 1793.1412282896947 0 7.3932206e-05
249943198.0 0.0 1798.8489592527762 3 0.0
5674169.0 0.0 1795.5996977864083 3 0.0002664423
323298971.0 1.0 1811.3461111726824 1 0.9999962
235687238.0 0.0 1798.4285741060794 2 1.0048099e-16
445616870.0 0.0 1812.3484667271414 0 3.53314e-17
315915227.0 1.0 1797.762361810494 1 0.999973
377190161.0 0.0 1800.6149599891348 3 3.7921863e-38
399125898.0 1.0 1795.9731894381434 1 0.99999994
255868754.0 0.0 1808.9493980155773 0 1.5562604e-06
229583582.0 0.0 1812.345075032295 0 5.4343453e-27
315816069.0 0.0 1793.3900939751056 0 1.3736596e-07
219900027.0 0.0 1809.9900473233274 3 0.0
256107818.0 1.0 1796.3896047820522 1 0.9999998
139534336.0 0.0 1809.2660348409506 0 0.0019964192
137961193.0 0.0 1800.328758882512 0 1.0176109e-06
392536382.0 1.0 1805.9480065925816 1 1.0
52625026.0 1.0 1797.1810791823268 1 0.99999875
396339551.0 0.0 1804.1808722295573 3 7.242064e-11
288391801.0 0.0 1810.8451127980618 3 0.0
50944567.0 0.0 1812.4317232827566 0 1.2153873e-07
198354443.0 0.0 1812.4471932178562 3 0.0
90688352.0 1.0 1811.2246309408515 1 0.99998486
323306240.0 1.0 1794.0547158298102 1 0.99993175
279383529.0 0.0 1794.6387391168255 2 8.0432e-12
352673368.0 0.0 1796.2015786121613 2 2.3407561e-25
358906083.0 0.0 1797.784312425713 2 2.3587188e-10
322394542.0 1.0 1800.6169046151315 1 1.0
399718581.0 0.0 1805.8049869834197 2 4.8981375e-24
403431248.0 1.0 1797.8691494406157 1 0.99997604
207493891.0 1.0 1805.2597720659403 1 1.0
271232494.0 1.0 1799.638881663721 1 0.9999955
286566392.0 0.0 1809.1815079087053 3 2.0551211e-34
378851958.0 1.0 1795.8474296839927 1 0.9999996
235687126.0 0.0 1808.8661428652044 0 3.8210009e-13
81681261.0 1.0 1797.9939974586875 1 1.0
240911239.0 0.0 1793.9527093934764 3 0.0
422260475.0 0.0 1795.556254129699 2 1.4378524e-13
28778281.0 1.0 1798.4741588034028 1 0.9997814
428737982.0 1.0 1795.221850756994 1 0.99697804
376196655.0 1.0 1795.3057838622312 1 0.99999684
359498024.0 0.0 1810.801996609555 2 3.7341647e-11
229673957.0 1.0 1805.573907058347 1 0.9999979
403750431.0 0.0 1805.2026817734006 0 0.0
387567226.0 1.0 1793.9290093190377 1 0.9999952
149926534.0 0.0 1812.6206287021253 0 0.006622177
265345292.0 1.0 1796.5967338645662 1 0.99999726
50850179.0 0.0 1796.910404542527 2 1.3080555e-18
233546032.0 0.0 1812.5939403168204 0 5.0277584e-24
400672148.0 1.0 1795.4311946027005 1 0.9999893
229609915.0 1.0 1805.407548384244 1 1.0
46479459.0 1.0 1810.6414468489152 1 1.0
305642658.0 1.0 1796.4498798765267 1 0.9999989
34977849.0 0.0 1809.1830726720143 0 0.002183939
49852860.0 1.0 1811.1605588917544 1 0.9999999
301333136.0 0.0 1796.4945329955865 2 1.4890274e-18
229956001.0 1.0 1795.802933728579 1 1.0
219791737.0 1.0 1795.3647651271199 1 1.0
12320313.0 1.0 1796.868853822448 1 1.0
255974337.0 1.0 1793.2226893360926 1 0.99993104
186618759.0 1.0 1811.4953309206255 1 0.99999994
233201781.0 0.0 1805.198210311287 0 3.8925702e-07
12740603.0 0.0 1812.4106095014927 0 9.7861535e-05
407430974.0 0.0 1812.3468846751018 0 5.59953e-08
256105914.0 0.0 1805.5562213839378 0 6.157101e-11
241094044.0 0.0 1798.369617833848 2 3.6107828e-29
424117382.0 1.0 1794.411689428194 1 0.9999801
54124771.0 1.0 1797.0146356476776 1 0.99999523
301742358.0 1.0 1798.2032236171315 1 1.0
137159489.0 1.0 1805.5763633567308 1 0.9999821
287151976.0 0.0 1798.4267356873006 3 1.5209768e-06
372274808.0 0.0 1805.2028348327688 0 0.003278365
129912361.0 1.0 1794.8701685559977 1 0.99999774
406681219.0 1.0 1796.138498523633 1 0.9999996
240986393.0 0.0 1812.3482097793074 0 7.778758e-20
366124483.0 1.0 1799.2808214377753 1 0.9999958
312053774.0 1.0 1793.9104625339385 1 0.99999636
252860786.0 1.0 1798.5571190730311 1 1.0
192777538.0 1.0 1796.0991340729647 1 0.9999821
453175969.0 1.0 1797.5355921841551 1 0.99999315
372685857.0 0.0 1810.5330402407246 2 4.890215e-07
270005818.0 0.0 1805.7246056329247 0 0.0011163716
251199878.0 0.0 1793.3901330476342 0 1.3838666e-17
323304257.0 1.0 1805.4920685557615 1 0.9999995
229441036.0 0.0 1798.761372202143 2 2.2250027e-24
377159927.0 0.0 1810.9687972725778 2 1.8952025e-12
385253969.0 0.0 1805.2027444872438 0 0.00022112821
233747337.0 1.0 1798.656505476495 1 0.9999925
441801042.0 0.0 1808.8445204608872 0 0.008483567
53620394.0 1.0 1798.035303039778 1 1.0
428050483.0 1.0 1811.2656273355972 1 0.9999998
375720697.0 0.0 1812.7836863990508 0 2.6724452e-23
279375974.0 1.0 1805.8876520864544 1 0.99995047
265343830.0 0.0 1808.8466780271897 0 5.3879484e-10
316322253.0 0.0 1796.8901781793184 0 1.3491978e-05
301829346.0 0.0 1798.6406556005275 2 1.3679841e-17
351686387.0 1.0 1794.95164791033 1 1.0
126024478.0 1.0 1793.5370958696644 1 0.99999154
250473901.0 1.0 1798.9112990519093 1 0.99999994
468293391.0 0.0 1800.992490818368 3 0.0
292004169.0 1.0 1797.2658259817135 1 0.9999356
198457457.0 0.0 1797.405611634165 3 0.0
285909464.0 0.0 1797.8479098620885 0 1.9406137e-18
245461142.0 0.0 1796.5569630770324 2 3.5395208e-13
420302086.0 0.0 1812.4084921640124 0 9.75326e-18
237254566.0 0.0 1812.34525243648 0 1.23248845e-20
453183154.0 0.0 1799.6190926673473 2 3.0188407e-24
396339551.0 0.0 1797.659927899379 3 3.6130675e-08
67465915.0 1.0 1797.3909457150219 1 1.0
177823340.0 0.0 1794.0578308347622 3 7.1786785e-11
367093938.0 0.0 1798.3672636170172 2 1.2047471e-19
453251282.0 1.0 1799.5774310735344 1 0.99999446
366975840.0 0.0 1812.3462763330672 0 9.420687e-16
373511009.0 1.0 1793.992494812706 1 1.0
46632748.0 1.0 1805.7456452433075 1 0.9999221
366192468.0 1.0 1806.014282418776 1 0.99999934
250558504.0 1.0 1795.4531006000354 1 1.0
302774308.0 1.0 1799.20171296891 1 0.9999983
436878522.0 1.0 1805.8914072424636 1 0.9999998
456130400.0 0.0 1805.307712197524 3 0.0
396359096.0 1.0 1797.1393187615358 1 1.0
389636912.0 0.0 1794.410479300914 2 1.3984475e-20
240977190.0 0.0 1805.2234207631143 0 4.017901e-09
219900583.0 1.0 1805.6985437386097 1 0.99999297
444758186.0 1.0 1811.4105843128875 1 0.9999998
247006585.0 1.0 1795.0789641546567 1 0.9999997
378366908.0 0.0 1808.8472123393367 0 0.00026593375
396577008.0 0.0 1796.682539337564 0 0.0024419576
233720276.0 0.0 1805.2398518250811 3 0.0
49853206.0 1.0 1799.327126686497 1 1.0
252168478.0 1.0 1794.09823026908 1 0.99999994
14041818.0 1.0 1797.9940291332703 1 1.0
292818871.0 0.0 1795.8908915364643 2 1.8096256e-05
445288344.0 1.0 1795.910509380457 1 0.99999565
186623509.0 0.0 1812.370178294814 0 0.003391074
434979598.0 1.0 1797.7010944518083 1 1.0
236714759.0 0.0 1796.4266465030478 2 2.2850619e-30
186594578.0 1.0 1811.0160796851433 1 0.9999998
250538889.0 1.0 1793.9737187528192 1 0.99996895
118301840.0 0.0 1810.3493903656308 2 4.9461888e-23
308960472.0 1.0 1805.577878805719 1 0.9999999
353958670.0 0.0 1808.9116896303854 0 0.0033240784
427444797.0 1.0 1811.1173394676982 1 1.0
255993777.0 0.0 1804.9703363634123 3 0.00024430736
200924954.0 1.0 1795.8701797519122 1 0.99999964
389768025.0 1.0 1799.4523037325114 1 0.9999999
285046853.0 1.0 1793.201876446585 1 1.0
285865452.0 1.0 1805.453126386869 1 0.9999999
359493787.0 0.0 1796.8229396202255 2 3.674782e-09
219897213.0 1.0 1796.0318051811653 1 0.99999833
312145776.0 0.0 1812.6811105604806 0 2.4533637e-07
396063010.0 0.0 1806.0556994735236 2 1.5674752e-16
317470793.0 0.0 1795.5550126051862 3 0.0
408896872.0 1.0 1798.158635801799 1 1.0
229476155.0 0.0 1797.7821928665626 2 2.6828081e-06
403692337.0 1.0 1794.2861698520203 1 0.99994886
116991977.0 0.0 1808.9532728378008 3 6.4174806e-08
364120476.0 0.0 1800.4080566439618 2 4.3250123e-18
396681001.0 1.0 1796.1596632269989 1 0.9999999
269516542.0 1.0 1810.7635112129144 1 1.0
284565098.0 1.0 1796.0111790022456 1 0.999995
347839949.0 0.0 1812.348487431039 0 6.8986618e-12
184739277.0 0.0 1812.4324878677323 3 0.0
229608237.0 1.0 1796.7822411395314 1 0.9999361
22900833.0 1.0 1796.0789532011547 1 0.99994665
395772043.0 1.0 1795.8885450914966 1 0.99999994
327011327.0 0.0 1808.8486924594017 0 0.00028369908
397235932.0 1.0 1798.8059363937498 1 0.99975145
395925044.0 1.0 1800.493129811749 1 0.999545
137080326.0 1.0 1796.7639339031225 1 1.0
308122849.0 0.0 1805.244356017501 0 1.29766e-08
83343204.0 1.0 1811.2431844923672 1 1.0
326919607.0 1.0 1794.2655791191034 1 1.0
264615805.0 0.0 1802.411062626345 3 3.470322e-30
362257073.0 0.0 1795.5950774357436 2 2.3359192e-12
229741985.0 0.0 1799.3655585204992 3 1.3939795e-05
229741985.0 0.0 1798.8447245665504 3 2.8140237e-06
441806671.0 0.0 1808.8867056329277 0 6.5986777e-19
245664583.0 1.0 1797.223489883243 1 0.9999965
374701021.0 0.0 1797.306697080872 2 1.5577142e-20
192735487.0 0.0 1793.890670259805 2 9.442552e-18
249886194.0 1.0 1806.1614360418325 1 1.0
348765912.0 1.0 1794.4328483868555 1 0.9999999
317139492.0 1.0 1797.890232481059 1 0.99999887
357746262.0 0.0 1805.410138425625 0 2.4783e-07
407021492.0 1.0 1798.7016462668737 1 1.0
198280388.0 0.0 1808.6765981518126 3 0.0
374392135.0 0.0 1812.4523739065194 0 2.3460024e-11
233006271.0 0.0 1794.1983924885428 0 9.289241e-19
353937836.0 0.0 1794.4062572934542 0 0.0033693397
374391716.0 1.0 1795.7648385457474 1 0.9999456
229958602.0 0.0 1796.073588027238 2 1.7607228e-28
366073361.0 1.0 1796.055330944411 1 0.999992
52950869.0 1.0 1795.7227896432132 1 0.99997956
436869712.0 0.0 1806.3288772644635 3 0.00020029553
283018595.0 1.0 1795.6807284972147 1 0.99999416
82629486.0 1.0 1797.618962454734 1 1.0
265463349.0 0.0 1796.9097052614447 0 4.9041745e-07
240989742.0 1.0 1794.869349851263 1 1.0
418258973.0 0.0 1805.7209531798599 2 7.137229e-11
77543148.0 0.0 1808.932945429155 0 0.0040932256
202839485.0 0.0 1806.43250859626 3 1.1629487e-08
356894234.0 1.0 1799.0520219905036 1 0.99999386
354744964.0 1.0 1794.5144682710024 1 1.0
301417572.0 1.0 1798.7862099681563 1 0.9999997
430327641.0 1.0 1811.098934666405 1 0.9999985
351366878.0 1.0 1805.701496109069 1 1.0
84161396.0 1.0 1810.2432817534702 1 1.0
192736246.0 0.0 1793.1406822096442 0 0.004670364
20771909.0 0.0 1812.411597317018 0 0.0027137734
129866835.0 1.0 1810.5783517045024 1 1.0
388602496.0 1.0 1795.2006242750492 1 0.9999997
77354467.0 1.0 1797.6413519392397 1 0.99999565
240930239.0 0.0 1805.244180242709 0 4.1733867e-07
409531698.0 1.0 1797.995073640572 1 0.99999756
436860165.0 1.0 1805.7038620639519 1 0.99996483
130085965.0 1.0 1795.7034840060383 1 1.0
302230381.0 1.0 1796.2030739955242 1 1.0
230010850.0 1.0 1805.7402330147547 1 0.9999971
369904634.0 0.0 1795.473378551606 2 1.2474385e-30
331324611.0 1.0 1798.5980565149941 1 1.0
352579758.0 1.0 1798.2014622019728 1 1.0
279008024.0 1.0 1797.056117361913 1 0.99999297
34753451.0 1.0 1805.9539566516544 1 0.9999812
378527735.0 1.0 1796.5970807591564 1 0.9999998
333868181.0 0.0 1809.3871740926156 3 4.150926e-24
269913100.0 1.0 1811.5162820860073 1 0.9999987
63563165.0 1.0 1810.536798778976 1 0.99997777
321852498.0 1.0 1800.1584323400316 1 0.9997153
347581893.0 0.0 1812.369231265656 0 9.603065e-09
389970188.0 0.0 1808.9687193686973 0 0.0002551066
230118328.0 1.0 1798.4066293724532 1 0.99999917
289087967.0 1.0 1797.847279954506 1 0.9999996
428395248.0 1.0 1794.4112112264531 1 0.9999999
73625562.0 1.0 1796.6621317763002 1 0.99999887
288312840.0 0.0 1809.9076356876203 3 1.551698e-23
229446898.0 0.0 1812.3651573685727 0 3.3963075e-11
351537785.0 1.0 1797.139098707243 1 1.0
275458486.0 1.0 1805.3260663997492 1 0.9999999
240861443.0 1.0 1794.95265551553 1 0.99998504
431964306.0 0.0 1812.4952046344463 0 0.003134328
417485408.0 1.0 1799.326839197671 1 0.99999815
399739234.0 0.0 1797.7838888537406 2 1.5234462e-37
352515466.0 0.0 1805.2850846889307 0 5.3344507e-09
407213856.0 1.0 1799.76377384435 1 0.9999909
249916820.0 1.0 1797.1823018920184 1 1.0
354471156.0 0.0 1810.827774591503 2 8.112409e-08
299443090.0 0.0 1793.786221268884 3 9.948254e-16
399016229.0 0.0 1809.2023136968655 0 5.4696503e-08
201108289.0 1.0 1806.037004518426 1 0.99999046
259379928.0 1.0 1805.3282866768945 1 0.9999884
308878987.0 1.0 1810.7859544985365 1 1.0
417456401.0 1.0 1797.9310286448829 1 1.0
63587103.0 0.0 1793.1413015324688 0 7.951294e-05
375853985.0 0.0 1794.6172434268958 3 6.4789237e-35
264845137.0 0.0 1793.1378411963017 0 2.285427e-16
308618724.0 1.0 1810.4525511472534 1 0.9999999
444670678.0 0.0 1796.806396676924 2 1.9770242e-19
26502738.0 1.0 1795.4328070887675 1 1.0
396343734.0 0.0 1812.3473394024406 0 9.556705e-06
338929826.0 0.0 1799.1174915785484 2 2.4315799e-32
236873930.0 1.0 1796.1576824503843 1 0.9999206
343621038.0 0.0 1799.7829360429726 2 3.2339135e-33
367681735.0 0.0 1800.0943038858277 3 0.0
381784985.0 1.0 1810.7035166829571 1 0.99999136
368022804.0 0.0 1793.4094636314308 0 1.4493156e-12
279662725.0 1.0 1797.2219178944085 1 0.9999673
186969690.0 0.0 1812.5783437778045 0 0.008062782
94546443.0 1.0 1800.2037169141431 1 1.0
366471232.0 1.0 1794.5336721731153 1 0.9999989
377165246.0 1.0 1797.5524566281958 1 1.0
379376585.0 0.0 1809.0351855185738 3 7.522138e-07
302230381.0 0.0 1812.3905855910334 0 2.6590117e-12
312544144.0 1.0 1793.4730807061412 1 1.0
238776669.0 0.0 1805.3285077903288 0 1.0060326e-10
390950483.0 0.0 1812.5332087731774 0 0.003851796
316491563.0 0.0 1810.1345773550884 2 3.0051814e-07
194783674.0 0.0 1793.1408991191154 0 0.0038910487
378653515.0 1.0 1797.409772375447 1 0.9999999
241093362.0 1.0 1796.9737568672433 1 0.9999976
403256619.0 1.0 1797.3269095971202 1 1.0
229772765.0 0.0 1805.2194660660036 0 9.49987e-22
229741985.0 0.0 1800.2197261043384 3 2.1451201e-14
390660465.0 1.0 1798.6815749759544 1 0.9999996
301884101.0 1.0 1811.224571477542 1 0.9999993
230113967.0 1.0 1794.447947786261 1 0.99999976
400440192.0 1.0 1798.4316702106623 1 1.0
233720276.0 0.0 1809.635650049205 3 0.0
289090826.0 1.0 1811.4930452987567 1 1.0
385204712.0 1.0 1797.5575635471678 1 0.99999493
28874439.0 1.0 1805.724771623081 1 0.99994695
279606294.0 0.0 1805.2216052739723 0 1.7438936e-18
94725358.0 0.0 1805.5580484347108 0 0.014260918
367737917.0 1.0 1794.678223079301 1 0.99999994
192496880.0 1.0 1795.4534074662363 1 1.0
444139263.0 1.0 1796.0152107815638 1 0.9999997
12644136.0 0.0 1808.910765557635 0 1.696747e-05
184612384.0 1.0 1795.536763949132 1 1.0
178109331.0 1.0 1794.3701346809407 1 0.99986786
219817359.0 0.0 1808.8437627607798 0 0.004223843
321852992.0 1.0 1806.3041960899627 1 1.0
238723023.0 0.0 1793.140845210257 0 0.0031108402
81820148.0 1.0 1794.452252746217 1 1.0
352979549.0 0.0 1795.6164583524792 3 0.0
427643087.0 0.0 1794.3475809622623 0 0.004578573
1981434198.0 0.0 1807.6998311367984 3 0.0
241049173.0 0.0 1808.8485082730685 0 3.1961347e-10
271763434.0 1.0 1799.0972332647095 1 0.9996147
233131228.0 1.0 1798.5313005322153 1 0.99999154
377292876.0 1.0 1794.4068175596678 1 0.9999999
418134085.0 0.0 1808.847222693017 0 2.2455728e-10
381652131.0 1.0 1798.5159106375552 1 0.9999897
433283484.0 1.0 1797.0577629415154 1 0.99999994
445311096.0 0.0 1809.1812996278225 0 4.9609457e-06
240878989.0 0.0 1806.389888428413 2 1.2480349e-09
82496351.0 1.0 1805.5151168541463 1 0.9999952
192880679.0 0.0 1805.3493617361587 0 1.3388976e-05
241140375.0 1.0 1799.2028708734088 1 0.99998075
14045089.0 0.0 1808.9107006442898 0 0.006112553
374965171.0 0.0 1805.3066887765121 0 1.819626e-11
427471138.0 1.0 1795.7634277496343 1 1.0
417852503.0 1.0 1798.805706658664 1 0.99998426
453308338.0 1.0 1796.8690579834301 1 1.0
428463677.0 0.0 1812.5574625112806 0 0.0011180489
264615805.0 0.0 1811.0151856262478 3 1.516399e-05
198414763.0 1.0 1811.426258232376 1 4.2994023e-17
83340134.0 1.0 1811.5139857451688 1 1.0
307038476.0 0.0 1805.5356733555031 0 3.822188e-06
301837361.0 1.0 1799.6820950810234 1 0.993361
83897099.0 1.0 1799.3683931720907 1 0.9999947
279374603.0 1.0 1798.0126862829618 1 1.0
233688045.0 1.0 1797.906393478396 1 1.0
445276947.0 1.0 1796.4940478194053 1 1.0
347484337.0 0.0 1808.8484562058259 0 2.4856048e-09
192418828.0 0.0 1808.9325269970193 0 0.0040545347
285329040.0 0.0 1795.910368753709 2 1.1154691e-24
279190312.0 1.0 1795.7644213423785 1 0.99997747
61000534.0 1.0 1810.120378560129 1 0.9999998
235982927.0 0.0 1804.4080947918374 3 1.5552703e-17
366638446.0 1.0 1797.3878285788649 1 0.99998075
235902559.0 1.0 1805.6164824334214 1 0.9999983
10796796.0 1.0 1810.4104635112983 1 0.9999936
426082782.0 1.0 1799.034395495619 1 1.0
317155340.0 1.0 1797.471081115391 1 1.0
353561105.0 1.0 1795.2849920857254 1 0.99996626
415975425.0 1.0 1797.4742389401536 1 1.0
284215241.0 0.0 1805.9725612939312 2 1.0461935e-30
137959629.0 1.0 1806.3080247179817 1 0.99999964
381687387.0 1.0 1810.1826805132519 1 1.0
321681351.0 0.0 1805.2208092485569 0 3.883237e-25
279270312.0 1.0 1810.3266438424705 1 1.0
240897659.0 1.0 1796.3068315567689 1 0.99999964
286324944.0 1.0 1798.8898984326124 1 1.0
288610944.0 0.0 1806.1164187305176 2 3.1378496e-26
240979790.0 0.0 1808.8900865976912 0 4.4844137e-09
259948028.0 0.0 1805.223525621353 0 1.2017271e-07
279768163.0 1.0 1798.2844013731212 1 1.0
387329606.0 1.0 1805.7829404916392 1 0.9999933
10432390.0 1.0 1810.722963958955 1 1.0
348308612.0 1.0 1797.0778174196696 1 0.99999994
232624945.0 1.0 1798.28069396485 1 0.9999999
229435185.0 0.0 1808.865464470492 0 7.359291e-07
284145059.0 1.0 1794.2019997287275 1 1.0
230395786.0 0.0 1796.5944490809106 2 1.2451742e-13
67461612.0 1.0 1796.6618695739762 1 1.0
365596592.0 0.0 1810.2619814553468 2 5.2176918e-20
101407303.0 0.0 1793.1412612512702 0 0.0031185495
251354626.0 1.0 1798.077812966807 1 1.0
232672899.0 0.0 1798.427252074898 2 5.370285e-31
116492734.0 0.0 1812.3698845950787 0 1.0937079e-06
275766362.0 0.0 1811.1604711041618 2 7.763894e-23
54618494.0 1.0 1796.3063656801187 1 0.99999994
354250797.0 1.0 1800.1193919661043 1 0.99999934
390737538.0 1.0 1797.8064835149103 1 1.0
275603383.0 1.0 1798.1375280117545 1 0.99996495
381461128.0 1.0 1805.2662818481242 1 0.9999807
240950052.0 0.0 1793.1403537148803 0 0.015933381
192687253.0 0.0 1796.474144669751 2 1.25257466e-29
229952574.0 1.0 1797.5320115830182 1 0.9999994
445434937.0 0.0 1799.1399373855152 2 4.3039334e-31
367329365.0 1.0 1811.2211407723507 1 0.9999869
104214822.0 0.0 1794.661196461178 2 1.6748237e-17
71746759.0 1.0 1794.5150057951976 1 1.0
441767294.0 1.0 1799.1985768310299 1 1.0
129982687.0 1.0 1793.5576202642078 1 1.0
265348860.0 1.0 1797.8052382471794 1 0.9999992
104065450.0 0.0 1799.2031680666717 2 3.0763172e-12
367003787.0 1.0 1805.2213154786107 1 1.0
101352391.0 1.0 1794.6203399237625 1 1.0
327571477.0 1.0 1796.0781418310335 1 1.0
417860124.0 0.0 1812.3680010663447 0 4.7480203e-15
139402637.0 0.0 1793.1411643430238 0 0.0057763183
353381493.0 0.0 1805.3059366440991 0 4.631658e-19
256617828.0 0.0 1793.4075874213784 0 0.001296883
308783036.0 0.0 1793.1402378820235 0 2.4058806e-12
202929625.0 1.0 1798.932414443823 1 0.9999962
395943254.0 1.0 1793.9094594800881 1 0.9999989
250503118.0 1.0 1810.3070140786015 1 0.9999862
357828616.0 1.0 1797.9311213829508 1 0.99997735
396238721.0 1.0 1793.9306107203868 1 0.99999934
321548549.0 1.0 1796.4084165351774 1 0.9998082
468293391.0 0.0 1809.8675541331968 3 0.0
5674169.0 0.0 1803.8703868065454 3 1.610398e-17
423996177.0 1.0 1796.1814631552572 1 0.9999997
396339551.0 0.0 1812.514283716805 3 1.702015e-07
250558036.0 1.0 1805.765567853678 1 0.9998919
202930998.0 0.0 1810.7656517197238 2 8.7551925e-08
329349894.0 1.0 1811.36370782275 1 0.9997353
49716613.0 0.0 1805.2648588676298 0 0.000984135
271529113.0 0.0 1796.0138481616377 3 1.6155448e-36
445667833.0 0.0 1798.2650801830341 2 1.5734942e-26
321857254.0 1.0 1811.1582398969679 1 0.99999684
427647872.0 1.0 1798.7015399816676 1 0.99654275
285430698.0 1.0 1793.9536929951596 1 1.0
240858439.0 1.0 1796.452771880668 1 1.0
292322983.0 1.0 1806.3697975737405 1 0.9999795
13774230.0 1.0 1799.4940758292369 1 0.99999976
331928059.0 1.0 1806.3888338299648 1 1.0
229676244.0 0.0 1803.5114458779262 3 2.7807533e-12
264468462.0 1.0 1805.512692818256 1 1.0
250557707.0 1.0 1798.7864679643596 1 0.9999996
389842621.0 1.0 1797.9938040029556 1 1.0
385241357.0 1.0 1796.7032935820243 1 0.9999996
301480359.0 0.0 1808.8488906260038 0 2.7383232e-05
370761841.0 1.0 1793.911067863893 1 0.9999984
251007909.0 1.0 1795.4320447161672 1 0.9999977
301909265.0 0.0 1805.2032047593877 0 1.7840348e-13
245629676.0 1.0 1805.8486495447505 1 1.0
198280388.0 0.0 1794.9889898191693 3 0.0
399587190.0 0.0 1796.5782309431993 3 0.0016155989
199682938.0 1.0 1810.6555945550303 1 0.9999986
196920546.0 0.0 1800.8695231032218 3 0.0
82236941.0 1.0 1795.702243949042 1 1.0
269807963.0 1.0 1796.7013247113275 1 1.0
26620393.0 1.0 1797.849576688219 1 0.99999994
387561871.0 1.0 1795.8456197065793 1 0.9994533
252126746.0 1.0 1795.8272444998106 1 0.99999905
432015131.0 1.0 1811.1619176021852 1 0.9999971
268377304.0 0.0 1794.0328866902485 2 2.1142065e-16
282879174.0 1.0 1811.4304874089519 1 0.999998
292153303.0 0.0 1797.3907386884857 2 1.73395e-33
94370813.0 0.0 1805.4746008931106 0 9.0134505e-05
235991281.0 0.0 1808.90829688876 0 0.0032184082
399788405.0 0.0 1804.7395222200053 3 0.0
378380377.0 1.0 1805.2639043009058 1 1.0
286409527.0 1.0 1797.6398119597777 1 0.9999996
237229642.0 1.0 1794.5952301290802 1 0.99902004
322205419.0 1.0 1797.450239014021 1 0.9999982
245589110.0 1.0 1798.681875509283 1 1.0
334798380.0 1.0 1799.6346669204868 1 0.99996513
192530033.0 1.0 1796.703323403086 1 0.9999996
408194432.0 1.0 1806.2247518362042 1 0.9999992
428258542.0 1.0 1796.2863090788724 1 1.0
243316942.0 0.0 1808.844125683872 0 2.997845e-05
229494283.0 0.0 1793.407323238563 0 0.030318882
20771698.0 0.0 1793.140738969497 0 0.008933309
63589110.0 1.0 1810.7450774258546 1 1.0
450005818.0 1.0 1806.2854170398691 1 1.0
241059838.0 1.0 1810.973278352036 1 1.0
13462999.0 0.0 1812.3465223811306 0 0.0008293485
270726904.0 1.0 1810.3885657364515 1 0.99999964
362216315.0 1.0 1811.5513516761625 1 0.9999833
368335896.0 0.0 1797.7013935578566 2 2.3322708e-10
312140866.0 0.0 1793.1397279572031 0 2.3893825e-18
291838547.0 1.0 1798.8281050338335 1 1.0
192933930.0 0.0 1812.3492457254338 0 0.0067614717
104063161.0 1.0 1796.2865322452542 1 1.0
196778038.0 1.0 1806.306836488602 1 1.0
428071624.0 0.0 1805.2030698000885 0 5.248597e-07
405414590.0 1.0 1793.4121994283992 1 0.9999792
427767269.0 0.0 1799.5969927897688 3 1.6687651e-32
251816520.0 1.0 1798.3279038262467 1 1.0
381584248.0 0.0 1794.1826796738874 2 1.2556473e-12
354798745.0 1.0 1796.2446988674603 1 1.0
452945409.0 1.0 1811.4518610676346 1 0.99998915
322437547.0 1.0 1797.0127713769039 1 1.0
367532344.0 0.0 1809.1196120410214 0 1.7567417e-16
385251418.0 1.0 1797.494245085461 1 1.0
67635471.0 1.0 1793.2659633761716 1 0.9999926
388078636.0 1.0 1799.7208018967626 1 0.9999469
309138041.0 1.0 1793.369498483546 1 0.9999816
367334334.0 1.0 1799.242148796034 1 0.99999994
377278259.0 0.0 1806.2840710440862 3 7.396156e-13
320051246.0 0.0 1793.1395745125078 0 4.5625236e-22
256205283.0 0.0 1810.264244311923 2 1.018408e-10
77352946.0 0.0 1812.4328383736447 0 0.0049199024
376676648.0 1.0 1798.4299436805034 1 0.99999994
229512467.0 1.0 1798.8448262286936 1 0.9999269
329174586.0 1.0 1800.155840845159 1 1.0
20875355.0 1.0 1796.4951169982778 1 0.99999887
116054123.0 1.0 1810.661343102558 1 0.9999838
241120346.0 1.0 1793.5571884659412 1 0.99999964
191704473.0 1.0 1794.6405808257614 1 0.9999958
65749395.0 0.0 1812.4325436200863 0 0.0033020284
408733027.0 0.0 1808.846952446126 0 2.092896e-06
297653673.0 0.0 1794.5561701099414 2 1.475861e-20
22952424.0 1.0 1798.1413017226796 1 0.99999404
289722957.0 0.0 1806.9890079054305 3 9.673907e-37
84166798.0 1.0 1811.368203572393 1 1.0
428118368.0 1.0 1795.9740384196002 1 0.9999976
367947120.0 1.0 1799.9509906093683 1 0.9997029
305831987.0 1.0 1798.72331087956 1 1.0
77259822.0 1.0 1794.2036986437874 1 1.0
229444187.0 1.0 1793.7823347496742 1 0.99999446
320186525.0 0.0 1812.6808759402115 0 1.6748513e-07
230007539.0 1.0 1797.1779462252712 1 1.0
289380104.0 0.0 1795.9927118178234 2 1.6597589e-29
235685605.0 1.0 1798.199278739364 1 1.0
280326335.0 1.0 1796.4725821853563 1 1.0
21149817.0 0.0 1797.968287922425 0 0.003465195
377978347.0 0.0 1805.2010922541992 0 1.3914851e-08
240780577.0 1.0 1796.4107706511913 1 1.0
368319105.0 0.0 1801.4720357335593 3 0.0
357034919.0 0.0 1797.968649759457 0 0.004165764
423460844.0 1.0 1796.2647423660283 1 0.9999995
252112676.0 0.0 1799.3274141141849 2 8.742617e-14
83144877.0 1.0 1796.4307806669078 1 0.99991965
264915759.0 0.0 1805.2237650431532 0 3.5616548e-08
34785312.0 1.0 1797.3081563409721 1 0.99998313
177968181.0 1.0 1810.9744758372785 1 1.0
453299744.0 0.0 1812.38994339672 0 1.9812932e-12
256579869.0 1.0 1794.3045192140435 1 0.9999887
259945770.0 1.0 1799.9526486280038 1 0.99997807
367681735.0 0.0 1799.5734616297116 3 0.0
410474261.0 1.0 1799.5153150028457 1 0.9999996
256352113.0 0.0 1811.4708193351696 3 0.0
418222726.0 0.0 1796.8251141972294 0 0.0034703575
387764556.0 0.0 1805.199757002722 0 5.444711e-08
61010410.0 1.0 1795.266469384812 1 0.99996513
229998685.0 1.0 1796.5112787216065 1 0.99990803
417704716.0 0.0 1797.1798454445598 2 1.2982171e-05
301641453.0 1.0 1805.9948767793087 1 0.99997187
445236014.0 0.0 1793.452334959177 2 1.5398209e-25
275853812.0 1.0 1811.243863511513 1 0.99947107
264052288.0 1.0 1797.3248253099289 1 0.99999994
279920844.0 1.0 1800.200830392073 1 0.9999172
241027976.0 1.0 1794.890418170603 1 1.0
366504045.0 0.0 1805.2003166990362 0 0.0008952573
71975603.0 1.0 1799.181682488839 1 1.0
285936139.0 1.0 1798.0156625315262 1 0.999999
116062134.0 1.0 1799.4739826152334 1 0.999368
445342657.0 1.0 1796.8690118012025 1 0.999997
256433142.0 1.0 1805.9709128449265 1 1.0
431836271.0 1.0 1798.8283348572882 1 0.99999547
247008991.0 0.0 1805.2038339126113 0 0.0037135247
269234325.0 1.0 1799.1387718028714 1 1.0
219115831.0 1.0 1811.2400048474806 1 0.99998474
410779545.0 0.0 1810.616752611344 2 0.0
198414763.0 0.0 1794.4054799707496 0 0.01074848
343409467.0 0.0 1812.3451194755712 0 0.00445332
160583165.0 1.0 1810.6568916256895 1 0.9999973
68154886.0 1.0 1797.9952280979728 1 0.9999998
237279939.0 1.0 1795.366171055467 1 1.0
312552149.0 1.0 1811.2437524735544 1 0.9544461
431857490.0 1.0 1796.6616405816194 1 0.9999789
332503596.0 1.0 1810.4056995696728 1 0.9989878
370759945.0 1.0 1798.2026977899231 1 1.0
397798163.0 1.0 1810.222209703715 1 0.9999994
65350258.0 1.0 1794.7865405792281 1 0.9999899
292688492.0 1.0 1810.3907315870733 1 0.99996275
353878210.0 0.0 1797.822613535937 2 7.901052e-18
198206706.0 1.0 1794.1558775656893 1 1.0
21001553.0 1.0 1796.8497046673376 1 0.9999957
308295216.0 1.0 1798.1818834050637 1 0.9999908
332476739.0 1.0 1805.614256708805 1 0.9999979
292322941.0 1.0 1796.9532084208647 1 0.9993566
229751802.0 0.0 1794.407165267782 3 0.0
428735490.0 1.0 1811.0761677582852 1 0.998119
407515221.0 1.0 1794.7422132807962 1 0.9992306
444497375.0 1.0 1799.368631850275 1 0.99997634
46616986.0 0.0 1800.1414185141628 0 1.2955828e-15
403117863.0 0.0 1805.199362520205 0 5.6555987e-06
403340700.0 1.0 1793.8894628493556 1 1.0
308290702.0 1.0 1799.3902665071278 1 0.99998003
406960606.0 0.0 1812.7015872885697 0 2.785917e-13
198209214.0 0.0 1798.010021796245 2 5.6969114e-25
428518844.0 1.0 1794.722488571941 1 0.99818194
357667795.0 1.0 1797.3064100256897 1 1.0
240991290.0 0.0 1798.4735492140135 2 4.73895e-17
373063252.0 1.0 1796.4509010480813 1 0.9999998
346849974.0 1.0 1796.4952592838938 1 1.0
374029463.0 1.0 1810.7855196186692 1 0.9999998
82376852.0 0.0 1809.0782413390125 0 0.01574916
240966282.0 1.0 1806.056812135692 1 0.9999955
420136842.0 1.0 1796.7618451358253 1 0.99158025
436870928.0 0.0 1812.4120522708579 0 0.0033914656
366517381.0 0.0 1801.7830500012656 3 0.0
321445815.0 1.0 1794.7000722186042 1 0.99998724
321688056.0 1.0 1805.3250096928302 1 0.9999978
445133704.0 0.0 1811.6603586681001 3 0.0
395736802.0 1.0 1797.8264727461262 1 0.99999964
250800464.0 0.0 1808.8696010158546 0 8.0537905e-07
341839327.0 1.0 1799.3225816023794 1 0.99996865
353783180.0 1.0 1810.9685062415072 1 0.99986863
417831560.0 1.0 1793.8078557446947 1 1.0
245392252.0 1.0 1798.0152623537217 1 1.0
83417770.0 0.0 1793.4100111761322 0 5.326499e-17
230386284.0 0.0 1806.0943799657819 3 0.0
50041754.0 1.0 1797.3690371712528 1 1.0
28913526.0 0.0 1805.4747742732204 0 0.0034323444
322209219.0 1.0 1793.575276960108 1 0.99991167
52031533.0 1.0 1793.4936667727677 1 0.999998
387810926.0 1.0 1798.116559001889 1 1.0
272221252.0 1.0 1799.618113820811 1 1.0
376351234.0 1.0 1810.118808888764 1 1.0
50760369.0 1.0 1811.0150076505718 1 0.9999735
229412041.0 1.0 1796.0321948989042 1 1.0
236815198.0 0.0 1812.6147429507514 0 0.00032380116
198457457.0 0.0 1794.5722969547974 3 0.0
319917593.0 0.0 1793.1396529945398 0 5.356664e-14
275853812.0 0.0 1794.3477343275297 0 5.984101e-08
237306098.0 0.0 1805.199695532472 0 0.000100827776
450145946.0 1.0 1810.9110412965126 1 0.999996
424566272.0 1.0 1795.6605813006365 1 1.0
279722552.0 1.0 1796.0149151833452 1 1.0
53799292.0 1.0 1796.827129526816 1 1.0
251246937.0 0.0 1799.7859191232392 2 4.442605e-16
192380205.0 1.0 1795.9534410246692 1 0.9359326
372638786.0 0.0 1805.2620458800184 0 3.679353e-10
416046064.0 1.0 1793.7242480486411 1 0.99999976
327585721.0 1.0 1795.4310641688912 1 1.0
422922286.0 1.0 1798.849314313613 1 0.9999992
353238522.0 0.0 1809.0561002830482 0 0.008741227
192253237.0 0.0 1812.4326506369807 0 0.008995829
445231476.0 0.0 1811.243613297634 2 4.197177e-11
196748740.0 0.0 1811.1816859383468 2 0.0
390336999.0 1.0 1796.3689155486913 1 1.0
199709723.0 1.0 1797.6764265042214 1 1.0
410238053.0 1.0 1797.4086713803538 1 0.99999994
83967037.0 0.0 1805.2223864877578 0 2.2283627e-06
346542599.0 1.0 1794.3913105319402 1 0.9999664
367069851.0 0.0 1798.6172553316599 2 0.99950296
347576125.0 1.0 1799.5358176549107 1 0.73492736
378589986.0 1.0 1805.7428333544815 1 1.0
258628143.0 1.0 1795.0121405245804 1 0.9999998
259112884.0 0.0 1805.2449200314966 0 0.00010637865
384989742.0 1.0 1798.036657546349 1 0.9999995
269516739.0 0.0 1812.3884647870955 0 4.3465456e-26
288313472.0 0.0 1805.2409957043765 0 7.7971633e-16
327121928.0 0.0 1805.1392589749755 3 4.7803165e-37
349294422.0 0.0 1798.9122069888451 3 1.7879178e-21
235950428.0 1.0 1806.1788930765272 1 1.0
192317597.0 1.0 1797.9324719134154 1 1.0
286221085.0 0.0 1810.6608266562573 2 1.65522e-05
406707397.0 0.0 1796.2853134223867 2 1.028585e-13
280627136.0 1.0 1811.4522548155383 1 0.99999446
370271012.0 0.0 1812.6814510806769 0 0.0013252995
308221746.0 1.0 1796.3485996693375 1 0.99999976
235935385.0 1.0 1795.0121402093823 1 1.0
230001393.0 0.0 1805.2193395120526 0 5.185757e-07
385554497.0 1.0 1795.3287820687387 1 0.9999998
381733616.0 0.0 1809.078531822213 0 0.0147205
292981879.0 0.0 1794.6407054639853 2 3.7294853e-20
199682624.0 0.0 1805.3223401717235 0 2.101773e-10
26621342.0 1.0 1805.9955165342103 1 0.9999958
243316942.0 1.0 1797.4276982707397 1 1.0
186595806.0 0.0 1812.0369471907716 3 1.9527117e-32
194609095.0 1.0 1798.2243855575434 1 0.9999989
358907018.0 0.0 1796.7843026066116 2 7.626327e-08
285181196.0 0.0 1796.078746194392 3 5.14391e-15
245622887.0 1.0 1799.0359627381579 1 0.9999682
301338074.0 1.0 1810.6404920209197 1 0.9999771
431837250.0 1.0 1799.328373687951 1 0.98635834
468343249.0 0.0 1794.8675459256633 3 0.0
346452259.0 0.0 1799.3266043252336 2 4.0264103e-12
366577761.0 0.0 1795.866356840331 2 1.9042534e-05
417644776.0 1.0 1796.9290379709312 1 1.0
327259175.0 0.0 1811.1819489665531 3 2.5695761e-11
71982142.0 1.0 1795.1193819640948 1 1.0
101094594.0 1.0 1793.8911612763875 1 0.9992401
264615805.0 0.0 1801.0568936111706 3 0.0
270666490.0 0.0 1812.3885176998313 0 0.0029269631
293184665.0 1.0 1794.5157680759958 1 1.0
334489941.0 1.0 1793.8255053712246 1 1.0
402978556.0 0.0 1808.8465647906353 0 9.935123e-06
453299744.0 0.0 1805.244228943688 0 8.479006e-06
353688578.0 0.0 1808.9518501534528 0 0.00048368124
192298077.0 1.0 1810.7034535358946 1 0.99999994
356868588.0 0.0 1805.1986957013637 0 1.6490722e-09
192378128.0 0.0 1808.9950922383132 0 0.0031694255
368020837.0 0.0 1808.8676876323652 0 1.3217003e-08
412887381.0 1.0 1793.8254932371499 1 0.99999446
404646951.0 1.0 1810.9707051652515 1 0.99999994
351692998.0 0.0 1805.5141717646386 0 0.0008809449
410551435.0 0.0 1805.2029605697908 0 5.7992554e-13
264730556.0 1.0 1800.1818397032287 1 0.99999946
353934550.0 1.0 1799.3433462858493 1 0.999998
302477419.0 1.0 1805.4738289692823 1 1.0
302628369.0 0.0 1797.3891628133647 2 2.711663e-38
436869712.0 0.0 1812.3079223351044 3 0.0019267567
408707646.0 1.0 1810.4925858804615 1 0.9999999
252828738.0 1.0 1797.5573387524748 1 0.9999973
293066086.0 0.0 1794.47403062808 3 0.0
376848788.0 0.0 1808.885942533833 0 4.1885996e-13
381545723.0 1.0 1796.8909369921523 1 0.999994
29015143.0 0.0 1805.5789682152365 0 0.0023341554
385045501.0 0.0 1812.432637565399 0 0.0007522664
428249910.0 1.0 1810.7865000752297 1 0.99995357
230016516.0 0.0 1808.8444509835358 0 6.970698e-11
369439063.0 1.0 1796.6603315538073 1 1.0
387506865.0 0.0 1808.8454044593052 0 1.4595959e-05
333785546.0 0.0 1798.2414383171645 2 1.7932857e-22
377153246.0 1.0 1799.471651553169 1 1.0
229615654.0 1.0 1796.0323026171832 1 0.9999935
400438131.0 0.0 1809.1607059178982 0 2.852151e-10
5674169.0 0.0 1797.8288366826355 3 0.00027182422
279081935.0 0.0 1811.514245738599 3 0.00010667313
468343249.0 0.0 1808.9926837815296 3 0.0
229674725.0 0.0 1794.9068090346223 2 1.6739221e-33
434626036.0 1.0 1810.8257753822115 1 0.99999917
186911536.0 1.0 1795.9119793187153 1 0.99997085
256694232.0 1.0 1796.6396975812 1 0.999955
245391330.0 1.0 1805.4111529337376 1 0.99991083
236878035.0 0.0 1793.4076977217899 0 1.4487741e-08
68092901.0 0.0 1805.3702215615167 0 5.860684e-12
312862566.0 1.0 1794.9315865375113 1 1.0
372335737.0 0.0 1808.8669483064364 0 2.3773364e-10
350132371.0 0.0 1801.033647735225 3 7.89201e-27
351883459.0 1.0 1799.4932965263165 1 0.99999756
13769508.0 1.0 1800.3066873155542 1 0.99998695
73626719.0 0.0 1812.495303071388 0 0.0002005407
308366236.0 0.0 1808.8484877712176 0 7.984262e-08
52637292.0 1.0 1794.4313136646044 1 1.0
191765861.0 0.0 1812.3693085387438 0 5.6045708e-24
395693664.0 1.0 1798.9931767057822 1 0.99892753
373701453.0 0.0 1809.1395154484658 0 0.0025779488
407423533.0 1.0 1794.8468749394553 1 0.9976442
468343249.0 0.0 1805.6384990444988 3 0.0
177914599.0 1.0 1795.5160135941044 1 0.99999934
238740657.0 0.0 1805.2450408233865 0 2.0343676e-05
348019467.0 1.0 1799.390096820236 1 0.99992937
422259529.0 1.0 1795.0147190077664 1 0.9999997
139535572.0 0.0 1805.4953187359151 0 0.006108834
50350463.0 1.0 1811.1399845646736 1 0.9999994
436860179.0 0.0 1805.3705349016554 0 0.010050864
352114901.0 0.0 1800.0556311138255 2 1.903565e-26
192377859.0 1.0 1810.140907308343 1 0.99998647
46479350.0 0.0 1809.1831237579295 0 0.0033764967
71742290.0 1.0 1798.6609872057443 1 0.9999924
388077369.0 0.0 1812.9706137925011 0 6.2724187e-16
237228300.0 0.0 1808.8453102224528 0 1.3473966e-06
354382958.0 1.0 1800.6382888441628 1 1.0
428071634.0 1.0 1795.0779813355234 1 0.9999165
323448225.0 0.0 1793.5964188729195 2 1.646821e-25
198237745.0 1.0 1798.8851174811161 1 0.9999983
302315617.0 1.0 1796.6615390036836 1 0.9999721
272331853.0 1.0 1795.4930976221892 1 0.70836294
237236072.0 0.0 1793.8661050197484 2 1.2352923e-11
312555342.0 0.0 1806.2854868154875 2 1.0339667e-28
117321693.0 1.0 1811.3907283431433 1 0.99999994
399085736.0 0.0 1797.3274203463532 2 0.0
68001591.0 0.0 1805.2036020278651 0 0.009094572
288513991.0 0.0 1808.8872230967888 0 0.00023068128
445133704.0 0.0 1807.139655771627 3 0.0
444527225.0 1.0 1793.1813108453548 1 0.9999927
367332426.0 0.0 1794.9297136292262 2 3.867955e-15
219759300.0 0.0 1799.4892981420517 2 1.4433303e-05
412353535.0 1.0 1799.7836866391378 1 0.99999094
366327738.0 0.0 1793.3252898094538 0 1.0030215e-16
229676244.0 0.0 1797.26134215736 3 7.4044015e-16
84222439.0 1.0 1797.9724413943802 1 0.9999999
264468462.0 0.0 1800.1376352131133 0 1.0878833e-12
259003334.0 0.0 1812.344701100585 0 4.4284115e-15
83529554.0 1.0 1796.1183653199655 1 0.99998885
351691094.0 0.0 1809.201671384107 0 3.8460557e-18
436840066.0 1.0 1797.474773623868 1 0.99995154
326259625.0 1.0 1796.9910293689752 1 1.0
384660138.0 1.0 1794.4526089847716 1 1.0
229769044.0 0.0 1805.2405609228088 0 2.7391566e-08
116986989.0 1.0 1796.2030903274429 1 0.9999428
445196931.0 1.0 1794.473084048188 1 1.0
308285846.0 0.0 1812.3484575515035 0 4.1601547e-07
315937374.0 0.0 1797.6191947027023 3 9.1899284e-32
354744093.0 0.0 1796.639461367291 0 0.0014354467
348668302.0 0.0 1798.9734330802494 2 0.0
354109094.0 1.0 1798.9524616551103 1 0.9999995
427643387.0 0.0 1799.2017908641342 2 2.3836028e-17
319712910.0 0.0 1811.1183887958532 2 2.5692528e-11
192804146.0 1.0 1798.0575624592725 1 0.99999905
352774529.0 1.0 1811.5349133418754 1 0.9999649
366911606.0 0.0 1805.2212675575122 0 1.625167e-12
348525618.0 1.0 1796.5360950126817 1 0.99927074
292725387.0 1.0 1796.2032541228707 1 0.99999803
130086309.0 0.0 1809.0783842730086 0 0.0030860472
250506407.0 1.0 1796.5778363606091 1 1.0
160619246.0 0.0 1797.0113719170272 2 3.5805936e-10
453160746.0 0.0 1796.1396048829927 2 3.2050665e-17
354799429.0 0.0 1794.4737996329204 2 6.2559784e-16
377251803.0 0.0 1799.3024180797843 3 0.0
335794492.0 1.0 1798.867186474606 1 0.9999455
367245376.0 0.0 1798.6171521188564 2 1.9176241e-26
286174355.0 1.0 1793.6829024980134 1 0.9999287
399075008.0 0.0 1805.556627891953 0 4.381762e-12
445594352.0 0.0 1810.3066671233494 2 7.037765e-14
373239639.0 0.0 1797.159262080224 2 5.004666e-15
34885040.0 1.0 1811.1414036078177 1 1.0
308443186.0 0.0 1805.2444084249894 0 3.0064857e-07
233084151.0 1.0 1806.0105185658454 1 0.9999957
348140525.0 1.0 1797.9942614118763 1 0.99999887
292153303.0 1.0 1811.2238838620597 1 1.0
395408858.0 0.0 1805.201516718597 0 1.600759e-08
230386284.0 0.0 1798.9069645397074 3 0.0
407163612.0 0.0 1796.909875442957 0 4.6413148e-05
264331531.0 1.0 1795.15840450501 1 1.0
251599364.0 1.0 1799.431864886751 1 0.99999976
359135923.0 0.0 1811.3264159406299 2 1.4420873e-17
286217231.0 0.0 1805.2648529212386 0 3.019577e-07
63468874.0 1.0 1810.4534449532161 1 0.9999986
399925798.0 1.0 1806.3676544750133 1 0.9999849
353989515.0 0.0 1812.343250582874 0 0.0030269732
316131319.0 1.0 1805.9111360558277 1 0.9999996
298783660.0 1.0 1805.3851176860044 1 0.99967444
192416924.0 1.0 1810.5992516189392 1 0.9999879
418709743.0 1.0 1798.3265404727788 1 0.99997014
322338950.0 0.0 1805.2443727069092 0 3.838633e-10
21124830.0 1.0 1806.1765023497196 1 1.0
329173773.0 0.0 1810.7183395206926 2 3.1551928e-19
422778838.0 0.0 1805.660377196398 0 9.56449e-10
376112832.0 1.0 1811.5129396833338 1 1.0
293066086.0 0.0 1811.2239442468406 3 0.0
35082867.0 1.0 1795.183063783523 1 0.9999994
288508201.0 1.0 1798.699537047711 1 0.9999995
370211258.0 1.0 1797.723333056966 1 0.9999992
279754247.0 1.0 1797.0563195434797 1 0.9999972
259001008.0 1.0 1799.2822920694414 1 0.9999872
431777441.0 0.0 1796.6408182280957 0 0.0025471142
72088388.0 0.0 1812.6607415052633 0 0.001060558
410437804.0 1.0 1810.1193108920475 1 0.9998638
198388252.0 0.0 1799.551385366527 3 0.0
302686226.0 1.0 1811.0771354084156 1 0.9994539
322438770.0 0.0 1794.1585982789054 2 1.0304163e-33
375985983.0 1.0 1794.5755682945444 1 0.9998426
409530925.0 1.0 1793.8283552641792 1 0.9997293
186665508.0 1.0 1795.370165316949 1 0.999974
403576874.0 1.0 1793.4524676093213 1 1.0
390858559.0 1.0 1811.4939815574169 1 0.9999718
450008513.0 0.0 1806.3270710273914 2 5.551547e-07
284083936.0 0.0 1809.120460504009 0 0.0029561666
83964493.0 0.0 1805.2432521682342 0 9.834013e-07
229773974.0 1.0 1798.490484441291 1 1.0
284721446.0 0.0 1805.722709928634 0 1.7659948e-15
229594685.0 1.0 1805.4490652294955 1 1.0
198237904.0 1.0 1793.822631807999 1 1.0
436869712.0 0.0 1800.3497713152885 3 6.135638e-14
428249301.0 0.0 1796.3904415183856 3 9.988694e-35
199682504.0 1.0 1796.259806121729 1 0.9999944
416543860.0 1.0 1793.4101172935477 1 0.9999916
292057323.0 1.0 1797.93253693759 1 0.99999267
417735580.0 1.0 1795.9701362537473 1 0.9999997
422533281.0 1.0 1796.6397777209622 1 1.0
422540162.0 1.0 1793.3481212401605 1 0.99986637
387259626.0 0.0 1812.199361221667 3 6.9889504e-11
346890573.0 0.0 1808.9119383871357 0 0.0030100546
424384833.0 0.0 1812.365621764571 0 0.001672919
384808035.0 0.0 1808.8485893617649 0 0.0067610936
279711204.0 1.0 1796.9926972392138 1 0.9999996
283133497.0 1.0 1793.2854600569704 1 1.0
138017750.0 0.0 1804.7455203614795 3 6.623083e-36
240901555.0 1.0 1793.286182302801 1 0.9999981
416098108.0 1.0 1795.2450830971773 1 0.99999994
251678412.0 1.0 1794.1193600097015 1 0.99999994
279765124.0 1.0 1797.242662923007 1 0.9999926
285181196.0 0.0 1811.8701401493374 3 6.388986e-05
359388299.0 1.0 1796.9893045761432 1 0.99998844
280257684.0 1.0 1797.639490914331 1 0.99999964
383646537.0 1.0 1797.7816274487054 1 0.9999999
117867823.0 1.0 1810.6198726972793 1 0.99999493
353605798.0 0.0 1794.347715475092 0 0.00046606487
201382711.0 0.0 1805.578752074551 0 4.5969482e-05
237078705.0 0.0 1795.5328419448929 2 0.0
82557937.0 0.0 1798.5980140316365 2 1.31400095e-27
268516426.0 1.0 1805.8884428186939 1 0.9999999
321819483.0 0.0 1808.887486486495 0 1.839616e-10
233208885.0 0.0 1799.5317688752932 3 0.0
192290461.0 1.0 1810.5991895774598 1 0.9998621
315728513.0 1.0 1810.5360934278174 1 0.99999964
271140982.0 1.0 1806.3053984774738 1 0.99999994
362104422.0 0.0 1805.1984497151282 0 2.496413e-17
259169227.0 1.0 1794.7407197195525 1 0.9999832
238660312.0 0.0 1805.2028954822729 0 1.0180151e-07
73568673.0 0.0 1795.5370347570984 2 3.0365878e-05
256796832.0 1.0 1798.5116459451042 1 1.0
349294422.0 0.0 1806.974758388431 3 5.323134e-22
241022477.0 0.0 1800.1401536698975 0 5.0400142e-11
83800874.0 1.0 1795.9307167508389 1 0.9999865
240922958.0 0.0 1808.8483750334078 0 0.00022437572
230087876.0 1.0 1794.3856261650337 1 1.0
420545581.0 0.0 1794.0143173318604 2 1.8236658e-16
455897511.0 0.0 1808.8672516465492 0 0.00036395265
249948775.0 1.0 1796.9947609154167 1 1.0
269414794.0 1.0 1797.32623283249 1 0.9999903
229478698.0 1.0 1794.3240388966622 1 0.999993
280033934.0 0.0 1811.449234524019 3 0.0
186668498.0 1.0 1798.2245075983546 1 0.9999987
199548893.0 1.0 1795.3221246113335 1 1.0
410471884.0 1.0 1797.9735755910876 1 1.0
422339909.0 0.0 1812.366201288352 0 9.431708e-05
441734144.0 0.0 1809.2823916742382 3 0.0
307479373.0 0.0 1797.7241772801945 2 4.7387367e-12
292464514.0 1.0 1795.3282494253574 1 0.99999875
229950969.0 1.0 1810.6774836038169 1 0.9998231
377281799.0 1.0 1794.9925865593134 1 0.9999997
400818833.0 1.0 1796.3062877211432 1 0.9999968
326920516.0 1.0 1810.3485789483816 1 1.0
11055693.0 1.0 1797.0562427123086 1 1.0
285273517.0 0.0 1812.4118355680441 0 0.026755894
408703881.0 1.0 1810.284186680814 1 0.999989
28910232.0 1.0 1795.1830798376682 1 0.9999975
12743937.0 1.0 1798.868854099364 1 0.9997674
400739091.0 1.0 1798.3064932302725 1 0.99999976
368023395.0 1.0 1795.0344826554335 1 1.0
250576814.0 1.0 1798.2653663094832 1 0.9999428
427440292.0 0.0 1805.200811151494 0 1.9647317e-08
279345941.0 1.0 1799.5350332906019 1 0.99999833
284432363.0 1.0 1806.2434991256564 1 0.99999994
258829991.0 1.0 1796.6989142742266 1 0.99999946
306554426.0 1.0 1810.3688727973533 1 1.0
436847958.0 1.0 1797.412307928426 1 0.9997436
385444672.0 0.0 1797.2214982014798 2 1.9615512e-32
468343249.0 0.0 1800.4301194270163 3 0.0
327011577.0 0.0 1795.0572884467176 2 9.806094e-24
347943876.0 1.0 1810.452631641617 1 1.0
398286958.0 1.0 1805.3047244166485 1 1.0
199526571.0 0.0 1797.6143077268848 2 1.2918105e-18
370996301.0 1.0 1795.9319291794277 1 0.9999984
445353925.0 1.0 1799.2022709443397 1 0.9999997
283028516.0 0.0 1808.8473048534972 0 0.000941238
353820067.0 0.0 1797.7603157068231 2 0.0
372341806.0 0.0 1812.3877430864293 0 2.702615e-13
326815804.0 0.0 1798.097462430735 3 0.015259752
388507792.0 1.0 1796.5131006436739 1 0.99989957
358901093.0 1.0 1797.8676944333704 1 1.0
422518813.0 0.0 1799.2003333976181 2 1.4014538e-13
398263917.0 1.0 1797.6998314713635 1 0.99999976
307601586.0 1.0 1796.2442784609777 1 1.0
422613887.0 1.0 1796.992745833812 1 1.0
335036101.0 0.0 1805.221194663444 0 1.0943808e-06
428395071.0 0.0 1805.2447974660151 0 2.069213e-24
34555155.0 1.0 1805.537231317445 1 0.99999976
444112903.0 1.0 1799.2026976671777 1 0.99999994
187030256.0 0.0 1805.3492981452453 0 0.0028837083
65687856.0 1.0 1798.4741329273586 1 0.9999994
199617322.0 0.0 1812.4473900028718 0 3.0057487e-07
251275040.0 0.0 1808.8487692573447 0 1.2320879e-05
278929672.0 0.0 1812.430912035056 0 1.7358713e-12
229399917.0 1.0 1811.3444446735746 1 1.0
65159437.0 1.0 1798.9533155392671 1 0.9999989
444756920.0 0.0 1809.1606348530358 0 6.7980586e-12
250496462.0 1.0 1811.0570437847964 1 0.9998863
315757718.0 0.0 1799.0957624743357 2 0.0
229741985.0 0.0 1809.0947275726148 3 0.0039104265
219794085.0 0.0 1811.5518113984415 2 2.822921e-17
198280388.0 0.0 1798.4056784133568 3 0.0
230000484.0 0.0 1808.9067729854112 0 6.190368e-22
271437773.0 0.0 1795.2223283227129 2 6.220358e-30
272043015.0 1.0 1799.618134460149 1 1.0
237235121.0 0.0 1793.40777845626 0 1.6580415e-17
399832124.0 1.0 1799.2844014632149 1 0.99999994
354470651.0 1.0 1810.9944229987307 1 1.0
240972445.0 0.0 1797.1609888345222 2 1.1102207e-34
327392160.0 1.0 1796.8905801260337 1 0.99999994
421110379.0 1.0 1810.160120513295 1 0.9999397
436839307.0 0.0 1805.2038844412382 0 0.0031493278
192294190.0 0.0 1793.1406970539763 0 0.0022260372
348514639.0 1.0 1810.640262827715 1 0.9999989
352035677.0 1.0 1794.9100698714838 1 0.9999997
256429161.0 0.0 1797.0752087361618 2 1.2108654e-27
423745424.0 1.0 1795.410786352433 1 1.0
412359280.0 0.0 1805.2419306757174 0 1.0332448e-21
286567037.0 1.0 1796.8896453922655 1 0.9999423
184691852.0 1.0 1811.4116697954373 1 0.9999689
251622978.0 0.0 1799.1404307998812 2 0.0038404656
192739188.0 0.0 1808.8701240519256 0 0.0069634593
362105169.0 1.0 1799.1777526558326 1 0.9999564
269697721.0 0.0 1812.0951913614856 3 0.0
5674169.0 0.0 1793.0372189434588 3 0.00071618496
256926659.0 1.0 1810.5115577861714 1 1.0
352422973.0 1.0 1797.6184022101095 1 0.9995998
280033934.0 0.0 1805.3242872198748 3 0.0
306188097.0 1.0 1810.3480375038264 1 0.9999985
229741985.0 0.0 1809.6155604552293 3 0.0024950965
353565609.0 0.0 1811.7434487227906 3 0.0
353605798.0 1.0 1811.3478751117775 1 0.9999999
259100944.0 1.0 1795.3866385864217 1 0.99987376
184589180.0 0.0 1809.0574526716516 0 0.008204255
23051870.0 0.0 1805.474750048583 0 0.0020606439
385105039.0 1.0 1798.8491026337967 1 1.0
359312949.0 1.0 1796.8432206475193 1 0.99999255
321443552.0 0.0 1812.3872809562383 0 1.1999546e-18
272135392.0 1.0 1795.0971800121006 1 0.99999994
387681619.0 1.0 1796.7623498071735 1 0.99999845
177881461.0 0.0 1805.2870245085508 0 0.005802389
410742133.0 1.0 1794.0155619390446 1 0.9999992
312675561.0 0.0 1800.1396338216184 0 1.1399076e-11
428163192.0 1.0 1795.6196884337617 1 0.99999934
301740176.0 0.0 1805.5156616450097 2 1.6208186e-26
240748813.0 1.0 1810.8687447905022 1 1.0
100999346.0 0.0 1805.537131987921 0 0.0036354307
219900027.0 0.0 1806.906698764171 3 0.0
453229743.0 1.0 1797.4943053169845 1 0.99992436
396442479.0 0.0 1795.1795733117744 2 3.9873014e-21
13351941.0 0.0 1809.3066005290689 3 0.0
385591488.0 1.0 1794.4329132949729 1 0.9999879
302391058.0 0.0 1812.369650432569 0 3.548358e-08
49712375.0 1.0 1799.0771824412693 1 1.0
104150440.0 0.0 1796.8280424070767 0 6.2140826e-12
453225036.0 0.0 1796.6400013623331 0 0.0053498517
357669546.0 1.0 1811.035663988293 1 0.9909115
317589926.0 1.0 1797.7009071769307 1 0.999947
81913717.0 0.0 1805.264730297406 0 2.121748e-05
368516895.0 1.0 1805.2640735139407 1 0.9999999
229581777.0 0.0 1805.7196702007484 2 0.0
241037511.0 0.0 1805.7442872209015 2 0.00042697688
67767538.0 0.0 1796.6410211228197 0 0.0027689121
251324483.0 1.0 1811.161057630966 1 0.9998689
417257911.0 1.0 1798.6185123483954 1 0.9999938
444797901.0 0.0 1808.9936744502265 0 0.0032456506
272324340.0 0.0 1806.847150472914 3 0.0
376288684.0 1.0 1795.9924044119398 1 0.9996121
292847360.0 0.0 1796.4116058837853 2 2.526224e-18
299443090.0 0.0 1797.3070512912682 3 1.0628206e-19
398181867.0 0.0 1812.4518727572681 0 0.00034090888
417573303.0 0.0 1800.1371180375827 0 0.00045178324
275258737.0 1.0 1810.1595416158816 1 1.0
46629578.0 1.0 1810.4123003100535 1 0.9926478
292613411.0 0.0 1809.182364536146 0 0.0031037854
219092595.0 1.0 1810.9693206824513 1 0.99999994
421110675.0 0.0 1796.8268869569572 3 0.0
94336979.0 1.0 1797.1619776272112 1 1.0
346843561.0 0.0 1809.1598800596093 0 0.003661029
192253254.0 1.0 1794.2242877952776 1 0.99999964
378761239.0 0.0 1808.8470972523662 0 3.1198235e-13
186620867.0 1.0 1799.120325955662 1 0.99998116
184736598.0 1.0 1811.557382556683 1 0.999995
292609316.0 0.0 1793.5573249135962 2 1.1452956e-36
366676700.0 0.0 1794.1171113236467 2 1.3952351e-19
302077929.0 0.0 1808.8488772707517 0 0.010644599
401003492.0 1.0 1805.3276609027566 1 1.0
348670281.0 1.0 1795.2234449969433 1 1.0
445354294.0 1.0 1794.7439657374762 1 0.999865
390950483.0 1.0 1796.054167028456 1 0.99999994
256457534.0 1.0 1798.095001580623 1 1.0
376870509.0 0.0 1812.3658271819863 0 1.1328929e-12
116404265.0 1.0 1797.1613537481162 1 0.9999998
251807924.0 1.0 1799.3693863976885 1 0.99992204
308216332.0 0.0 1805.3276822448677 0 9.0995933e-10
379598769.0 1.0 1811.4937243922864 1 0.99994826
292725652.0 1.0 1811.098936364436 1 0.9999998
372393777.0 0.0 1796.8879752124074 2 2.9093897e-23
194673250.0 1.0 1794.4118840835574 1 0.99999976
467574373.0 0.0 1810.037102509572 3 0.0020823632
346893597.0 0.0 1805.3286179665188 0 0.0036113262
395414063.0 1.0 1796.9096025306583 1 1.0
366914405.0 0.0 1796.0755211911737 2 4.1436116e-19
377075568.0 1.0 1798.3674373820133 1 1.0
289992867.0 1.0 1805.2840123730778 1 0.9999927
298781232.0 0.0 1811.3019756929662 2 3.739789e-18
241041295.0 1.0 1796.1818083005155 1 0.9999996
264464710.0 0.0 1793.137570887523 0 0.0051187365
117759728.0 1.0 1810.8489032155278 1 0.9999997
250834615.0 1.0 1811.5362273339513 1 0.9999999
279840549.0 1.0 1795.827245090819 1 1.0
384806782.0 0.0 1805.2027677827255 0 2.7226117e-06
252123804.0 0.0 1794.7855098702119 2 8.169676e-08
308779324.0 0.0 1794.7236315445132 2 3.2182847e-14
368925759.0 0.0 1810.3059195602068 2 2.8830395e-12
285168064.0 1.0 1811.0360008498797 1 0.99999565
377807773.0 1.0 1805.7426657886429 1 0.99999994
264615805.0 0.0 1796.7235368775473 3 3.3886387e-08
450139087.0 1.0 1793.5775092424392 1 0.99998146
406841154.0 0.0 1812.6807938015431 0 0.0006784206
396339551.0 0.0 1805.7017252439173 3 3.370729e-09
250559856.0 1.0 1810.6195933591127 1 0.99999976
403685063.0 1.0 1798.5151834928959 1 1.0
320524371.0 1.0 1811.4262586652494 1 0.99998295
370689898.0 0.0 1809.160722468593 0 4.0855175e-06
428741266.0 1.0 1797.5341292192404 1 1.0
269889563.0 1.0 1797.0163208026102 1 0.9999999
378861516.0 1.0 1810.138801886716 1 0.9999998
54997270.0 0.0 1805.5563683239254 0 6.100846e-12
49718546.0 1.0 1796.1398152740278 1 1.0
431778580.0 1.0 1795.140818557151 1 0.99999994
129870604.0 1.0 1810.1617940259912 1 1.0
441734144.0 0.0 1807.9698747978587 3 0.0
403589503.0 0.0 1810.4702001930823 2 5.7534216e-21
409446950.0 0.0 1798.8253015883543 2 0.028725248
347760499.0 1.0 1799.4316817140552 1 0.9999888
49731618.0 1.0 1811.3067167633706 1 0.99999976
235982927.0 0.0 1809.4914540516054 3 1.5935832e-10
280021968.0 0.0 1808.848468076252 0 0.0016363163
192739181.0 1.0 1797.8700476966308 1 0.99995875
315937374.0 0.0 1812.1402332299972 3 4.4908722e-33
419524812.0 1.0 1794.7434269323883 1 0.99999976
445549786.0 1.0 1810.6816119016455 1 0.9999999
272781956.0 1.0 1797.1979320879768 1 0.99999917
431802078.0 0.0 1793.1408073806138 0 0.010927742
191726615.0 1.0 1797.8905004669577 1 1.0
389767846.0 0.0 1796.8689659914933 2 5.77882e-16
275420653.0 0.0 1805.199877207673 0 3.1013863e-07
383675087.0 1.0 1797.3648437807012 1 0.9999995
229461186.0 0.0 1809.59445691119 3 0.0
427444885.0 0.0 1805.2215875979796 0 6.9162365e-07
280183701.0 1.0 1797.0769149317814 1 0.99998903
258459247.0 0.0 1812.344926099749 0 2.7554262e-16
366241770.0 1.0 1794.8684085229456 1 1.0
372392503.0 1.0 1796.4296294424078 1 1.0
50769806.0 1.0 1811.119169573421 1 0.99999547
285091583.0 0.0 1796.6405603552855 0 1.3398914e-05
308289643.0 0.0 1806.2860351347103 2 3.0734906e-38
308958329.0 1.0 1797.5154532397592 1 0.9999983
396714371.0 1.0 1810.8890789128611 1 1.0
160550823.0 0.0 1805.1986881370162 0 1.266814e-12
13266774.0 1.0 1794.8271906091304 1 1.0
198390031.0 1.0 1806.1138240226646 1 0.99999976
370000773.0 1.0 1810.452247203431 1 0.99999994
287087736.0 1.0 1797.0099821025224 1 1.0
20875993.0 1.0 1795.140901254515 1 0.9999763
347113041.0 1.0 1811.2014720955353 1 0.9999154
353376331.0 0.0 1797.3477479565115 2 5.9379627e-08
28673030.0 1.0 1798.807478293658 1 0.9999992
269609504.0 0.0 1798.3469912098915 3 5.9327813e-18
356915106.0 1.0 1798.0725472018048 1 0.9999846
250476228.0 0.0 1796.1195401474263 2 5.9797154e-13
399827917.0 1.0 1799.99241696384 1 0.99999577
90645609.0 1.0 1795.9120135616904 1 0.9999882
317840566.0 1.0 1798.700971666929 1 0.9999317
359540080.0 0.0 1811.1807706266027 2 1.868373e-09
305679026.0 0.0 1800.0331308334933 2 1.9212939e-17
250919377.0 0.0 1794.2862353990138 2 6.304091e-36
65200579.0 0.0 1808.4951770845796 3 0.013398211
275190266.0 1.0 1810.2011158861058 1 0.9903784
331981940.0 1.0 1799.389786624812 1 1.0
331787298.0 0.0 1805.5563773016986 0 1.736574e-11
376891083.0 0.0 1805.200675248281 0 1.8265826e-24
117175528.0 0.0 1804.5155949404977 3 0.0
274802651.0 1.0 1797.5759817837054 1 0.9999949
264737623.0 0.0 1812.410845577078 0 3.715601e-05
308294275.0 0.0 1808.8900433425267 0 6.015869e-12
321447046.0 0.0 1808.9915894418268 0 3.8797502e-06
291890676.0 0.0 1805.2447938451503 0 2.061711e-06
264913049.0 0.0 1796.5153358799644 2 4.9056382e-23
14039615.0 0.0 1797.8482326004123 0 0.0106316665
433977629.0 0.0 1806.1382317993164 3 1.7626852e-28
229800570.0 0.0 1805.2195256167636 0 2.0455235e-20
372433150.0 1.0 1800.4318052973229 1 0.9999994
255923863.0 1.0 1795.5746382823702 1 0.9999972
229741985.0 0.0 1808.0530614619026 3 0.0036236788
370947639.0 1.0 1805.5984553203505 1 0.9999998
258510183.0 1.0 1811.553427758224 1 0.9999994
238793257.0 1.0 1794.7866178136107 1 0.99999845
83960401.0 0.0 1805.534961477305 0 2.9121271e-05
199709566.0 1.0 1796.42637925835 1 0.99994206
259237610.0 0.0 1812.365709102912 0 2.2282189e-08
390021728.0 0.0 1805.9268991099843 3 0.0
201104005.0 1.0 1811.349480461407 1 0.99999934
54210732.0 0.0 1809.2853173134652 0 0.0028289023
335478236.0 0.0 1793.325575164422 0 1.597997e-13
241136743.0 1.0 1805.7029632651886 1 0.9999998
359676404.0 1.0 1810.989615561892 1 0.9999984
249919744.0 1.0 1794.244654000001 1 0.99999434
12868115.0 0.0 1805.409115720285 2 9.952361e-22
219761155.0 1.0 1799.3437985442345 1 0.9999972
250991748.0 1.0 1800.01555281649 1 1.0
230001021.0 1.0 1794.698678833981 1 0.9999995
332492712.0 1.0 1793.723127013171 1 0.99999994
436860165.0 0.0 1793.1414206684171 0 0.002314058
284539228.0 0.0 1809.2016143900062 0 0.0015555227
13351941.0 0.0 1810.8899280021915 3 0.0
428784674.0 0.0 1798.5550223106545 3 1.04888335e-14
83800829.0 1.0 1796.847376140044 1 1.0
444834762.0 0.0 1809.1606109753513 0 0.0005228569
245534262.0 1.0 1793.6401701681189 1 0.9999648
312344648.0 1.0 1810.1604140077643 1 1.0
21097612.0 1.0 1810.9744226898833 1 0.99998033
405623817.0 0.0 1812.348723076466 0 2.9362966e-06
35114534.0 1.0 1797.7663971759666 1 0.99999905
441797142.0 1.0 1796.4902915455755 1 1.0
292052265.0 1.0 1794.5364605857833 1 0.9999987
235714559.0 0.0 1805.4700071249601 2 4.176035e-17
406965293.0 1.0 1798.7851251319075 1 0.9999979
354623752.0 1.0 1796.619576287493 1 0.9999995
285683056.0 1.0 1794.7021341601787 1 0.9999652
235682901.0 0.0 1812.3451705851858 0 8.349642e-12
369238838.0 1.0 1794.8476266554055 1 0.99999857
280321964.0 0.0 1799.2434101078836 3 7.38747e-32
285181196.0 0.0 1799.162058374169 3 3.8433215e-10
375843849.0 0.0 1796.2214621743751 2 0.0
250499307.0 1.0 1795.1406225911824 1 1.0
417608828.0 0.0 1810.9080782263322 2 8.5973165e-32
390854527.0 1.0 1810.3900729189165 1 0.99530405
331791199.0 1.0 1800.1175439810609 1 0.99865997
445234958.0 1.0 1798.3689234969638 1 0.9999937
245502642.0 0.0 1794.7652442369647 2 0.0
238345875.0 1.0 1799.1414712946112 1 0.99999964
269820061.0 0.0 1809.013578224272 0 0.0038113098
398284092.0 1.0 1810.6379720916989 1 0.99999946
441741529.0 0.0 1796.594645188005 2 5.4742246e-22
400250310.0 1.0 1805.8472077356907 1 0.9999999
272833124.0 0.0 1805.2014203189815 0 6.07051e-10
292058043.0 1.0 1799.3491643846442 1 1.0
332257870.0 0.0 1800.1398024138944 0 1.3806553e-05
348235541.0 1.0 1799.765268421447 1 1.0
288855753.0 0.0 1812.4310365959477 0 1.5143686e-27
369144882.0 1.0 1797.8058917330143 1 0.99985695
373458532.0 0.0 1793.3052575897543 0 5.5987313e-26
282785712.0 1.0 1805.8890682922477 1 1.0
422424701.0 0.0 1808.9290690037603 0 0.008871918
368169571.0 0.0 1805.9928110288067 2 4.6158573e-14
427930656.0 0.0 1805.2219445917692 0 6.1989674e-15
329246824.0 0.0 1799.3849452093966 3 0.0
252854084.0 0.0 1805.2448426247793 0 2.5546447e-09
331605179.0 1.0 1797.8272560483686 1 1.0
347427161.0 1.0 1795.6825524496717 1 0.99984366
421110675.0 0.0 1810.8684022364562 3 0.0
428784368.0 1.0 1796.325854961701 1 0.99999857
376867499.0 0.0 1808.844409499423 0 8.9896524e-10
327292106.0 0.0 1805.2030652334615 0 0.0071474607
367188489.0 0.0 1808.8672178522697 0 1.3652394e-13
279779079.0 0.0 1805.2011823281412 0 1.9873628e-17
285331383.0 1.0 1795.6811529190743 1 0.9999995
302016174.0 1.0 1806.3074757131737 1 0.99999887
436844847.0 0.0 1810.2454142241077 2 2.8741395e-12
83140060.0 1.0 1796.9308353132542 1 0.99999976
275580805.0 1.0 1795.3683883629615 1 1.0
68002143.0 1.0 1798.036894581713 1 0.99999994
251333542.0 1.0 1811.3487422209132 1 0.9998957
203033783.0 1.0 1810.3491841211653 1 0.9999983
423952295.0 0.0 1793.3253498464494 0 1.15557945e-07
293067496.0 1.0 1797.1199375754204 1 1.0
405789247.0 1.0 1795.8044043378532 1 0.9997234
288312457.0 1.0 1797.9074143563566 1 0.9999998
265195046.0 0.0 1805.2028272011444 0 9.1243855e-05
256433240.0 0.0 1805.2000909361002 0 3.0642952e-19
26433178.0 1.0 1798.3496256988442 1 0.9999994
269238622.0 0.0 1805.909426613778 3 0.0
302186200.0 1.0 1793.4323656058782 1 0.9999669
263930790.0 0.0 1812.7598174850546 3 0.0
367944612.0 1.0 1799.2426165949953 1 0.9999976
264615805.0 0.0 1808.6193745166738 3 0.014489702
264153624.0 0.0 1795.199961187006 2 8.947952e-09
230378763.0 1.0 1799.2401516689192 1 0.99888456
370350272.0 0.0 1796.8691898419322 2 2.231973e-32
359249299.0 0.0 1809.4515374742978 0 5.5069345e-06
83051368.0 1.0 1805.9307745196127 1 0.9999961
312774962.0 1.0 1794.9730355103918 1 0.9991874
423996365.0 1.0 1799.0562922428066 1 0.99999917
327508064.0 1.0 1811.3279540153628 1 1.0
229683919.0 0.0 1805.1971845664546 0 8.046538e-10
137084084.0 1.0 1798.4930775256244 1 0.99999994
233573290.0 1.0 1798.1774768952887 1 0.99997234
235929644.0 0.0 1794.8038523631699 2 1.2330298e-19
256649141.0 1.0 1806.0960850359163 1 0.9999981
402980539.0 0.0 1796.3674292224239 2 4.630524e-13
77226324.0 1.0 1797.7454031109614 1 0.99999917
14037881.0 1.0 1810.639993724583 1 0.99999994
366191508.0 1.0 1798.0769142227225 1 0.99992275
55001583.0 0.0 1799.077156421633 2 8.435276e-32
392124871.0 1.0 1795.7652105510706 1 1.0
28998182.0 1.0 1798.891471655213 1 0.99999744
401008091.0 1.0 1794.6817487397261 1 0.99999547
272049136.0 0.0 1796.909775209058 0 7.268592e-05
269104192.0 0.0 1796.9095432165104 0 3.0714673e-09
229914096.0 1.0 1793.7820825609615 1 0.9999994
201099203.0 1.0 1810.5371240219947 1 1.0
453011533.0 0.0 1810.8477611341164 2 1.9857603e-13
417303984.0 1.0 1798.618376168127 1 0.9999999
389767650.0 1.0 1796.5772989491109 1 0.9999998
400951648.0 1.0 1805.7241354025477 1 0.9999998
230023809.0 0.0 1797.407276705663 2 3.0710332e-28
229799968.0 0.0 1805.2195975661077 0 1.1394734e-06
444584299.0 1.0 1810.5143961066879 1 1.0
250520042.0 0.0 1812.3487160986494 0 2.6882842e-07
1981434198.0 0.0 1795.7624379824733 3 0.0
288381315.0 1.0 1811.4285295136985 1 1.0
308125835.0 1.0 1799.452918416933 1 0.9999894
321865922.0 0.0 1805.2417299274475 0 1.3854804e-13
272833124.0 1.0 1795.9932519256313 1 0.99881774
428053550.0 1.0 1797.9532270846344 1 1.0
250558800.0 1.0 1799.2447522715092 1 0.9999999
250743313.0 0.0 1794.2030395597533 2 7.104833e-19
129911791.0 0.0 1796.640977890922 0 0.0025770292
316250867.0 0.0 1810.5780189581174 3 0.0
229712938.0 1.0 1796.5319780649377 1 1.0
285344141.0 1.0 1811.2034885504609 1 0.9999978
415977699.0 0.0 1797.9532921981468 2 3.5364255e-12
240940049.0 1.0 1805.9733308419973 1 0.99999994
233072454.0 1.0 1798.1353920986596 1 0.99999964
12109538.0 0.0 1809.139647152928 0 1.9214424e-15
50610083.0 0.0 1808.952473629547 0 0.0010100319
326532827.0 0.0 1810.1805526013259 2 1.7439094e-30
333061870.0 0.0 1805.5564322318428 0 8.358005e-09
403999744.0 1.0 1811.1602809013023 1 0.99999666
366717545.0 1.0 1797.8046330938198 1 0.9994465
389631736.0 1.0 1795.7647522267623 1 1.0
251270856.0 1.0 1797.9110874421392 1 0.99996793
417735556.0 0.0 1793.532660353399 0 2.869511e-12
315774811.0 1.0 1794.2415755382178 1 1.0
309140602.0 0.0 1805.2443647253947 0 6.556591e-14
416093379.0 1.0 1797.0366209728788 1 0.99999917
346787618.0 1.0 1805.807812124535 1 0.999998
450008897.0 1.0 1793.6814534419652 1 0.99995863
21099718.0 0.0 1795.1205850987915 2 8.200435e-37
233525703.0 0.0 1797.6775995832063 2 2.1670103e-10
302078629.0 1.0 1795.7237988226493 1 1.0
432148594.0 1.0 1793.4115704143703 1 0.9999882
240824997.0 1.0 1797.681852686714 1 1.0
5734166.0 0.0 1808.8494184741182 0 0.0089418795
312060302.0 0.0 1807.368600109282 3 0.0
433500900.0 0.0 1808.8495508487817 0 0.0046533146
250936633.0 1.0 1793.536480680296 1 0.99999934
331517660.0 1.0 1811.3896441378988 1 0.99999833
428551226.0 0.0 1811.4930226884678 2 6.956602e-27
90766316.0 1.0 1794.1620442740493 1 0.9999999
13081670.0 0.0 1797.8481139705427 0 7.628638e-05
285798854.0 0.0 1812.5980583219841 0 8.049273e-05
256802026.0 1.0 1810.407265616012 1 1.0
101097682.0 0.0 1809.2663415775403 0 0.0031109792
116500586.0 1.0 1795.390530651501 1 0.9999998
21031335.0 0.0 1794.4057500929628 0 0.0036846793
81450691.0 0.0 1808.9315552347368 0 3.620392e-05
351366878.0 0.0 1809.326462852425 0 4.4962962e-06
374960751.0 1.0 1798.3274549599569 1 1.0
250656206.0 0.0 1805.2653354144804 2 0.011602102
352358226.0 1.0 1810.7850225564089 1 1.0
396339551.0 0.0 1806.7225704293646 3 1.3221339e-08
445516436.0 1.0 1798.7026620679947 1 1.0
101348176.0 1.0 1796.808011136311 1 0.99999934
65352609.0 1.0 1797.2031925667789 1 1.0
256666535.0 1.0 1810.8655255814194 1 0.9999888
252096958.0 0.0 1794.9730056263338 3 0.0
240911239.0 0.0 1809.639930537 3 0.0
272781956.0 0.0 1803.6147268172354 3 7.6668626e-22
271651238.0 1.0 1805.5346051841677 1 0.9999723
367839215.0 1.0 1806.1157826226865 1 0.9999999
331365131.0 1.0 1810.3464439745842 1 0.9999995
316552132.0 0.0 1793.32546304206 0 9.347541e-11
338646504.0 1.0 1797.8882786543857 1 0.99999887
272622914.0 0.0 1799.6806459613983 3 0.0
422561112.0 0.0 1812.367347661856 0 1.4693555e-13
410866817.0 1.0 1796.0155967063542 1 0.9999963
264615805.0 0.0 1793.5985045564858 3 5.097662e-12
376038929.0 1.0 1793.5964253309498 1 0.9999999
349382069.0 1.0 1810.6621192536657 1 0.9996581
322202599.0 1.0 1795.8044036040767 1 1.0
400535342.0 1.0 1796.8273703455752 1 0.99999994
229591436.0 1.0 1810.8243173446292 1 1.0
298649709.0 1.0 1811.0303491727725 1 0.99998003
235985790.0 0.0 1795.0955567791661 2 2.0881645e-09
389916767.0 1.0 1797.198037780306 1 1.0
202839485.0 0.0 1796.9325604655915 3 1.0732974e-06
410644567.0 1.0 1794.9323407284658 1 1.0
396208925.0 0.0 1812.3889672894834 0 2.972525e-13
288497879.0 0.0 1812.7241526877528 0 0.004059098
326730047.0 0.0 1799.5556823900858 2 2.7099323e-26
77223936.0 1.0 1797.807994915659 1 0.9999997
233499659.0 1.0 1797.1568523478697 1 1.0
428680774.0 0.0 1811.07676058352 2 7.6186657e-06
264552077.0 0.0 1808.8692753782798 0 1.2957345e-10
354600017.0 0.0 1812.7016690828286 0 1.43283605e-05
116887235.0 1.0 1799.4530646614337 1 0.9999858
278924624.0 1.0 1797.9935511183742 1 0.99999964
387507677.0 1.0 1794.0539407827803 1 0.9999971
200871515.0 0.0 1809.1204498878574 0 0.0037973805
307276176.0 1.0 1805.9941238690155 1 0.9990237
269697721.0 0.0 1800.7202886222544 3 0.0
67422158.0 1.0 1798.682501428369 1 0.9999908
450154232.0 0.0 1793.890256598533 2 5.3837066e-21
63508544.0 0.0 1794.2453383590882 2 4.9562954e-11
468293391.0 0.0 1794.0132320776906 3 0.0
68098870.0 1.0 1811.2244318736002 1 0.9999917
252197115.0 1.0 1795.160672461494 1 0.9999991
399788405.0 0.0 1812.5102409094761 3 0.0
251170424.0 1.0 1793.619330697577 1 0.9999968
233200039.0 0.0 1805.4069714716893 2 1.03307714e-25
65278804.0 1.0 1793.6822875193313 1 0.9998455
34576161.0 1.0 1798.0163979209083 1 0.9999997
198415175.0 0.0 1805.1972098712288 0 9.019066e-15
445228585.0 0.0 1810.2852596038372 2 1.971516e-37
269697721.0 0.0 1796.7411454948185 3 0.0
192558373.0 1.0 1797.8909870068246 1 0.99999845
284809242.0 1.0 1798.1184054098205 1 0.99999845
422985007.0 0.0 1805.2028808385408 0 1.8148738e-15
427596446.0 0.0 1793.4093338974833 0 4.658777e-16
233065340.0 0.0 1805.3230248996547 0 1.4115968e-10
385105755.0 0.0 1797.8699433988509 3 0.0
1981434198.0 0.0 1804.3457015106312 3 0.0
116890331.0 0.0 1811.20305073853 3 1.04346996e-10
422353035.0 0.0 1805.2204439339077 0 0.010073464
138016765.0 0.0 1800.141280029912 0 0.00025739463
334491083.0 0.0 1808.8460816716713 0 5.856522e-07
259166390.0 0.0 1796.9074601239245 0 4.323691e-05
370763787.0 0.0 1798.3069109599796 2 2.6391689e-20
81509327.0 1.0 1810.285873694526 1 1.0
233544425.0 1.0 1795.3026732769 1 1.0
250515809.0 1.0 1806.3279112752919 1 0.9999985
405614141.0 1.0 1798.5781813650167 1 1.0
317713910.0 0.0 1805.784248342119 2 2.1078373e-23
292149765.0 1.0 1797.703194175348 1 1.0
406958575.0 1.0 1806.0349391542031 1 1.0
399787877.0 1.0 1797.6147171842713 1 0.99990296
359630463.0 1.0 1806.0522008597377 1 0.9999999
373626245.0 1.0 1798.181379904086 1 1.0
194657940.0 1.0 1810.80777213409 1 0.99999976
358826784.0 1.0 1806.1591798593051 1 1.0
116498460.0 1.0 1794.057240533445 1 0.99999994
177710159.0 1.0 1797.6619320915936 1 0.99976707
327183309.0 1.0 1793.6197037716602 1 0.99999946
186600548.0 0.0 1812.3910406453997 0 0.0025395632
49714663.0 0.0 1805.2856436832633 0 1.5335914e-15
279603463.0 1.0 1797.2425506847 1 0.99999994
401499859.0 1.0 1811.1177442384337 1 0.99999875
53710811.0 1.0 1795.4313494800524 1 0.9999999
444764488.0 0.0 1809.2021837940085 0 9.071118e-05
116611548.0 1.0 1806.2032078524524 1 0.9999999
245664558.0 1.0 1793.7026021330505 1 1.0
198354443.0 0.0 1807.3846758758466 3 0.0
450131149.0 1.0 1796.0568870345523 1 0.999999
312346840.0 1.0 1800.0147380945757 1 0.99999994
365945520.0 1.0 1797.930300964196 1 0.9999897
302079024.0 1.0 1797.8904783038543 1 0.9975824
374034693.0 0.0 1797.8481159055868 0 5.815009e-12
359252453.0 0.0 1812.7014411857444 0 0.34754997
428555385.0 1.0 1805.4096890620876 1 0.9999999
285181196.0 0.0 1809.9535281752956 3 1.626286e-05
390021728.0 0.0 1805.0102474696098 3 0.0
309299903.0 0.0 1812.3901495451694 0 1.1367416e-08
241013578.0 0.0 1796.6403874870225 0 1.7102772e-06
13529474.0 1.0 1797.056551296899 1 0.9999999
259263205.0 0.0 1793.1407479392226 0 0.002055805
198354443.0 0.0 1802.3638340783648 3 0.0
77357818.0 1.0 1793.2870850500394 1 0.9999992
229403092.0 1.0 1799.7195651083916 1 1.0
186765819.0 0.0 1809.0786795529445 0 0.013624878
320382480.0 0.0 1798.1186399601804 2 2.252516e-34
354630005.0 0.0 1812.369498134375 0 3.5696467e-05
405415257.0 1.0 1793.6830120402192 1 1.0
374390935.0 1.0 1810.5774118630036 1 1.0
90552859.0 1.0 1795.287087196442 1 1.0
417342241.0 0.0 1808.9518463778757 0 0.010518659
201244429.0 0.0 1793.1408613839228 0 0.009767762
270811822.0 0.0 1812.3885581670634 0 0.00036385068
252173759.0 1.0 1805.8271615351734 1 0.99999946
77454066.0 1.0 1797.9538217951554 1 0.9999997
353895287.0 1.0 1797.3435159738242 1 0.99999994
302141157.0 1.0 1799.2032632888577 1 1.0
275189451.0 0.0 1795.200958488146 2 7.4112934e-17
116209912.0 0.0 1796.827920909262 0 3.530096e-09
129990283.0 1.0 1797.036794878595 1 0.9999991
21189379.0 0.0 1812.4680834015703 0 0.010331531
252833791.0 0.0 1812.3906855941345 0 1.8226759e-11
11157751.0 1.0 1798.0357286573385 1 1.0
199571336.0 1.0 1797.9265658172724 1 1.0
365885995.0 1.0 1798.388755707189 1 1.0
270441187.0 0.0 1808.8677584998798 0 1.6960707e-12
235937657.0 0.0 1809.345656629339 0 1.9049953e-08
129981619.0 0.0 1798.4743419575111 2 8.98328e-05
396339551.0 0.0 1794.889034489626 3 2.5566442e-05
236759538.0 1.0 1797.4900197594652 1 0.99996406
431776690.0 1.0 1806.2242852360862 1 0.9999969
348670544.0 0.0 1794.5567762201335 3 2.944188e-13
441805642.0 1.0 1796.0113202034474 1 0.99999917
251381815.0 1.0 1800.410926437955 1 0.9999996
299439137.0 1.0 1805.5778786120786 1 0.9999544
406637306.0 1.0 1811.0968605630396 1 1.0
305294281.0 1.0 1805.699549847312 1 0.99999934
353319015.0 1.0 1798.8685363767047 1 0.9984585
348675180.0 1.0 1811.1610706074289 1 0.99999875
49847125.0 0.0 1798.660631116098 2 9.158338e-22
230386284.0 0.0 1796.865321008896 3 0.0
428964062.0 1.0 1797.26317345521 1 0.9999988
240911239.0 0.0 1800.5567979252044 3 0.0
367095517.0 0.0 1812.3879873002297 0 2.783994e-17
65572200.0 1.0 1794.7865061575146 1 0.99999887
129686740.0 1.0 1796.391056921562 1 1.0
415961316.0 1.0 1795.8698535345052 1 0.99999857
5613228.0 1.0 1794.2454819886243 1 0.9999991
410498550.0 0.0 1812.3694320083462 0 0.00037862296
235982927.0 0.0 1806.9497758790806 3 9.20781e-09
378366908.0 1.0 1798.2640864158486 1 1.0
384986656.0 1.0 1796.1409012023953 1 0.99999875
354693951.0 0.0 1796.3270595771921 2 2.0622387e-13
269045189.0 0.0 1796.9094491069188 0 2.1449025e-11
229452426.0 0.0 1798.3239932259703 2 3.2097036e-17
177824144.0 0.0 1796.641178341163 0 0.0032014211
326149070.0 0.0 1800.7424972524384 3 9.317946e-28
444636785.0 0.0 1811.285222122577 2 8.491544e-05
396116177.0 0.0 1805.4931078427533 2 2.8841758e-21
293066086.0 0.0 1809.3489746559676 3 0.0
256601288.0 1.0 1797.0981603538542 1 0.9999523
351876969.0 1.0 1794.1809189469166 1 0.9999995
288391801.0 0.0 1801.0949997501061 3 0.0
308619582.0 1.0 1797.702693926095 1 1.0
347577400.0 1.0 1810.660831601925 1 0.9999999
192293019.0 0.0 1812.3699256236653 0 0.012287544
272324340.0 0.0 1806.4096606012572 3 0.0
129983974.0 0.0 1797.5368717062333 2 1.8520952e-08
427585109.0 1.0 1796.2841626662575 1 1.0
390407159.0 1.0 1798.9315394634866 1 0.99985313
427751281.0 1.0 1796.0968680609433 1 1.0
272622914.0 0.0 1800.99312411658 3 0.0
34623448.0 1.0 1794.18305145155 1 0.9999983
230132253.0 0.0 1805.2605386960588 0 6.958506e-14
385199932.0 1.0 1793.5157980009874 1 0.99999976
229937458.0 1.0 1793.9695383535682 1 1.0
275581140.0 0.0 1798.1393102988845 2 1.7197035e-16
219814601.0 0.0 1798.6147313580839 2 6.1198474e-18
436849325.0 1.0 1798.6622411618457 1 0.9999615
322341921.0 1.0 1797.994413666694 1 1.0
250453538.0 0.0 1794.9320796130153 3 2.0659959e-08
292941615.0 1.0 1811.057280660259 1 0.9999938
288637274.0 1.0 1796.3036222756532 1 0.9999983
1981434198.0 0.0 1811.3872844898256 3 0.0
260030371.0 1.0 1805.6611146925704 1 1.0
219091675.0 1.0 1810.1362096854514 1 1.0
321916644.0 0.0 1810.5124299867339 2 5.1119783e-18
264615805.0 0.0 1796.8485378448052 3 1.0371382e-05
256642304.0 1.0 1798.971118755507 1 0.99864304
240816017.0 1.0 1798.4526399925137 1 1.0
269888580.0 1.0 1810.5371217703603 1 0.99999994
406762707.0 1.0 1797.7853568331711 1 1.0
289139323.0 1.0 1806.3473773445 1 1.0
20871003.0 1.0 1798.8699908259498 1 0.99999183
272785131.0 1.0 1798.3226966391258 1 1.0
50934407.0 1.0 1798.264733202219 1 1.0
237277760.0 0.0 1794.4911589402543 3 0.0
265379820.0 1.0 1796.86955810032 1 0.9999975
240940111.0 0.0 1793.1401568081158 0 1.07328315e-08
233120505.0 1.0 1810.8854814461824 1 0.9999994
403336243.0 1.0 1810.764226961674 1 1.0
292845371.0 0.0 1799.8698402158977 2 2.689036e-20
232634196.0 0.0 1798.9058436730404 3 0.0
445618904.0 1.0 1799.619279085439 1 1.0
308294275.0 1.0 1798.577681568668 1 1.0
50850448.0 0.0 1805.26469833707 0 0.018127896
275361605.0 1.0 1805.7011742901389 1 0.99330217
400946968.0 0.0 1805.3701725591702 0 7.708699e-10
341817206.0 1.0 1810.6766673874022 1 0.99983954
219900027.0 0.0 1803.8025165916085 3 0.0
444749895.0 1.0 1799.6397286110696 1 1.0
316491478.0 0.0 1809.0721073221016 0 9.2903074e-11
81751236.0 0.0 1797.5355410936704 2 1.901686e-25
63676031.0 1.0 1794.4954161344742 1 0.99999976
264456995.0 0.0 1805.2210094768973 0 0.0
178106481.0 0.0 1805.2037333305987 0 0.00988097
372192668.0 1.0 1800.20278824084 1 0.9999904
285441223.0 1.0 1795.9102069880462 1 0.99988985
264615805.0 0.0 1794.6818505384726 3 4.3452287e-06
200878679.0 0.0 1809.016116271843 0 0.0024447716
348678323.0 0.0 1812.3486225551765 0 2.995361e-08
270546862.0 0.0 1799.0972263460806 2 3.423042e-30
327183309.0 0.0 1812.3485519239764 0 2.5469878e-12
65350906.0 1.0 1795.7657132480251 1 0.9999954
65167801.0 1.0 1810.1618536243388 1 0.99999857
12000757.0 0.0 1805.3688752463443 0 1.0563007e-12
264157795.0 1.0 1805.5125557315955 1 0.9999897
453011701.0 0.0 1793.139773118635 0 1.0384243e-30
377334685.0 1.0 1810.7214631018778 1 0.9999986
233079659.0 0.0 1796.3648727312918 3 1.09885425e-24
456130400.0 0.0 1808.1202259200406 3 0.0
65690328.0 1.0 1810.286870864294 1 0.9999926
407380852.0 1.0 1810.3070410245546 1 1.0
427727571.0 1.0 1799.3260053352344 1 1.0
73624393.0 0.0 1805.537018638985 0 0.0013880957
305395401.0 1.0 1805.8246184714042 1 0.9999807
372134379.0 1.0 1794.95041874185 1 0.99999976
389959930.0 0.0 1797.80183249537 2 2.1707645e-08
285676093.0 0.0 1806.4323399859798 2 1.09309585e-05
424097780.0 1.0 1794.6616992170743 1 0.99999183
139406919.0 1.0 1794.3285465440713 1 0.99999875
198457457.0 0.0 1809.093061353279 3 0.0
233657197.0 1.0 1798.0311836458952 1 1.0
375713672.0 1.0 1811.0962031836405 1 1.0
301911058.0 0.0 1808.8490443099847 0 0.00051203556
201356721.0 1.0 1795.0784212945082 1 0.9999991
251325954.0 0.0 1812.619414539463 0 4.420875e-05
230023671.0 0.0 1793.4073298171227 0 4.8220636e-06
232614486.0 0.0 1794.7393349493748 2 1.8074186e-08
264306747.0 0.0 1793.3458719200028 2 8.483396e-38
453011104.0 0.0 1805.5353905462737 0 6.94081e-07
264220342.0 0.0 1808.8449137472626 0 1.4272932e-11
307276485.0 1.0 1797.4734770894606 1 0.9999984
149852368.0 0.0 1812.5160371274922 0 0.0021864895
390737887.0 0.0 1808.9316020707909 0 2.6566909e-06
432150130.0 0.0 1808.911934989344 0 0.0030594047
116273526.0 0.0 1808.8489207624013 0 9.04679e-07
279594697.0 1.0 1798.1185103416005 1 0.99999946
245396933.0 0.0 1808.8485309086575 0 8.007291e-08
241053869.0 1.0 1799.3276612692766 1 0.9999992
408100890.0 0.0 1797.4711181296725 2 6.3260124e-21
368887984.0 1.0 1795.7015575857886 1 1.0
28778281.0 0.0 1809.2031043102388 0 0.0032160943
283028516.0 1.0 1797.2016772051131 1 0.9994342
376774313.0 1.0 1810.4505819704593 1 0.9999992
396388563.0 1.0 1811.305969418469 1 0.9999715
395862665.0 0.0 1793.4514572242806 0 4.147431e-15
229676244.0 0.0 1805.948984452205 3 1.9305087e-07
46616986.0 1.0 1810.5997912048824 1 0.9969947
392226535.0 1.0 1795.9528063946332 1 0.99999964
387675673.0 0.0 1808.8871393924583 0 4.8748825e-13
366104924.0 1.0 1796.6600915491713 1 0.99999994
256616215.0 1.0 1810.8032271573295 1 0.9999999
251169213.0 1.0 1796.3069133799759 1 1.0
346730890.0 1.0 1799.7017529374132 1 0.9999941
418257102.0 0.0 1796.6584783321136 3 1.0034863e-35
67571969.0 1.0 1810.1618272823557 1 0.9999998
456130400.0 0.0 1807.0577221533729 3 0.0
258874878.0 1.0 1797.1991063302655 1 1.0
249889812.0 1.0 1798.2029550000286 1 1.0
434437489.0 0.0 1808.3674561993514 3 0.0
327121759.0 0.0 1806.3058968594125 3 4.797667e-24
275150367.0 1.0 1796.2219281818218 1 0.99999976
320268279.0 0.0 1807.472736373769 3 0.0
403584839.0 0.0 1796.366826174933 2 4.0152312e-11
240762893.0 1.0 1805.910580771494 1 1.0
71929855.0 1.0 1795.2650151533014 1 0.9796945
359126726.0 1.0 1805.2639309531953 1 0.9999998
198388252.0 0.0 1797.9680555828245 3 0.0
50694186.0 1.0 1798.8065142763535 1 1.0
104032340.0 0.0 1795.807342085263 2 1.7356157e-09
333804930.0 0.0 1812.3871293871523 0 6.9778634e-06
245589652.0 1.0 1795.473488507547 1 0.9999994
315611638.0 0.0 1808.8487255817536 0 0.0020391014
264992538.0 1.0 1798.6800905980892 1 1.0
13951199.0 1.0 1799.5774085415899 1 1.0
356701798.0 0.0 1808.4276032847272 3 0.0
410867405.0 1.0 1799.3906888007616 1 0.99999905
11437325.0 0.0 1794.2440618964185 3 0.0
418306839.0 1.0 1810.6168183382047 1 0.9999722
285940626.0 1.0 1800.0781457164828 1 0.99994105
370594119.0 0.0 1808.8484103221308 0 1.6726148e-06
428751351.0 1.0 1799.3049222648397 1 1.0
368727477.0 1.0 1794.7849833173311 1 0.99989724
26505494.0 1.0 1797.2453200381676 1 1.0
284013155.0 1.0 1798.76608971445 1 1.0
326815708.0 1.0 1810.597209971287 1 0.9999801
116754534.0 1.0 1794.6823263821475 1 0.99999744
395846187.0 0.0 1812.3471326894403 0 1.2047906e-08
400605818.0 0.0 1796.6402272689788 0 1.712033e-30
316491685.0 0.0 1805.197101386414 0 5.7921365e-13
184733749.0 0.0 1811.078361173487 2 1.3796533e-27
417643330.0 1.0 1811.137366124877 1 0.9999997
65573652.0 1.0 1794.4532163483452 1 0.99999887
275150367.0 0.0 1805.2011551373 0 0.00013175937
415838822.0 1.0 1795.807480684514 1 0.9994003
364176784.0 1.0 1805.3665650308626 1 1.0
422563390.0 1.0 1797.6384094740692 1 0.99999994
468293391.0 0.0 1803.5341818996092 3 0.0
245426946.0 1.0 1794.7443926094047 1 0.9999919
13697650.0 1.0 1798.5562552314766 1 1.0
219428801.0 1.0 1810.3436111221313 1 1.0
54617860.0 1.0 1810.2437528035973 1 1.0
240751928.0 1.0 1794.2441142652422 1 1.0
398266747.0 1.0 1811.4920577277724 1 1.0
312670265.0 0.0 1795.3272883768557 2 3.3919179e-07
278855601.0 1.0 1798.7434831651979 1 0.9999769
378369971.0 1.0 1799.4307182178181 1 1.0
366475367.0 0.0 1805.2836285891465 2 8.24769e-09
219091083.0 1.0 1805.802797186092 1 0.99999934
279723571.0 0.0 1793.8898277648977 2 1.1801794e-19
376367045.0 1.0 1806.2838672469377 1 1.0
317845833.0 0.0 1812.3465959444432 0 1.0306611e-16
366021095.0 0.0 1812.3681177117066 0 0.0
353782281.0 1.0 1798.135262799529 1 0.99999994
184656128.0 1.0 1793.3702539932688 1 1.0
268944966.0 0.0 1809.2009802480625 3 1.3609304e-11
434263702.0 1.0 1805.3675355580424 1 0.9999963
363762845.0 0.0 1800.4096625670543 0 7.550151e-09
334487981.0 1.0 1793.6171936493602 1 1.0
428611573.0 1.0 1796.763776286003 1 0.9997127
366197526.0 1.0 1799.826810669418 1 0.9999996
428385852.0 1.0 1795.6197227345813 1 0.9999886
305722326.0 0.0 1812.4912789187047 0 1.4144667e-05
418034412.0 0.0 1808.9535281146398 0 0.0031151907
394091364.0 1.0 1798.9912561106696 1 0.99998033
207500004.0 1.0 1810.3430734949457 1 0.9999999
265254247.0 1.0 1793.9708857165533 1 0.9999987
367423172.0 1.0 1805.8462586143369 1 0.9999993
269043855.0 1.0 1797.1594668163546 1 0.99995697
264738932.0 1.0 1798.5358302167901 1 0.999998
288629228.0 1.0 1810.2243208327295 1 0.999986
229474843.0 1.0 1793.490614967445 1 0.9999996
251651770.0 1.0 1796.8067211902257 1 0.9999999
407383039.0 1.0 1794.8907093538505 1 1.0
233659603.0 0.0 1793.2394827120613 2 1.0994242e-17
54124640.0 0.0 1797.993801337568 2 1.0282247e-08
178044452.0 1.0 1795.8701908892908 1 0.9999998
317779648.0 0.0 1794.0339851012448 2 2.1147103e-35
285909464.0 1.0 1810.222957232618 1 1.0
445490678.0 0.0 1799.6194368081856 2 3.860093e-18
250866926.0 1.0 1795.7447199377862 1 0.99997056
85431098.0 1.0 1797.0370763774752 1 0.9999999
279209448.0 1.0 1798.160216997927 1 1.0
12905250.0 0.0 1798.5566301443296 2 5.4166845e-37
249916590.0 1.0 1810.244786970721 1 0.99927676
419745119.0 0.0 1805.5351125374038 0 9.399093e-09
233088505.0 1.0 1799.218766638643 1 1.0
298358846.0 0.0 1808.867542502219 0 1.0978706e-07
420497818.0 1.0 1797.389113316383 1 0.99999994
245465143.0 0.0 1793.3276570527723 0 0.0038055445
348311202.0 0.0 1794.1193834311123 2 3.4520314e-25
198458701.0 1.0 1796.8846837086671 1 0.9999445
13104681.0 1.0 1794.6594007356136 1 0.9999961
46502622.0 1.0 1810.5789751470304 1 0.99998784
312472253.0 0.0 1805.556311947449 0 0.00058933685
389984460.0 1.0 1799.3688650230238 1 1.0
116057769.0 1.0 1810.9947265574208 1 0.9999624
265459402.0 1.0 1811.2428220504012 1 0.99942994
229676244.0 0.0 1802.1364237128378 3 7.403566e-13
445133704.0 0.0 1811.9936814172847 3 0.0
367145825.0 1.0 1794.033923342065 1 0.99996036
317470793.0 0.0 1811.8257791054164 3 0.0
283238372.0 1.0 1795.7227224672897 1 0.9999998
284145424.0 1.0 1796.722817137552 1 1.0
347491782.0 1.0 1797.932511004072 1 0.999972
445402441.0 1.0 1797.0771735431792 1 1.0
198457457.0 0.0 1807.8847311400152 3 0.0
445496340.0 0.0 1796.6401237029118 0 1.4294735e-10
256197521.0 1.0 1798.3686497780964 1 0.99580264
82978060.0 1.0 1811.243058634141 1 1.0
367184787.0 0.0 1797.7004698563971 2 1.0871628e-32
316250867.0 0.0 1794.14025347853 3 2.8528775e-38
368684270.0 0.0 1797.2434015875967 2 1.1013864e-21
420262766.0 1.0 1795.1579824587452 1 0.9999915
418205133.0 1.0 1796.347245222906 1 0.9999993
428112325.0 1.0 1793.9321336786893 1 0.99999833
378856603.0 0.0 1805.8056337221944 2 5.763133e-09
256349356.0 1.0 1805.5541900360188 1 0.9999864
389960546.0 1.0 1799.6559985575714 1 0.99999785
428207929.0 0.0 1812.3490565048003 0 0.0006211453
422827667.0 0.0 1812.3451288312458 0 6.5113266e-14
233572209.0 0.0 1811.2398094178836 2 8.489346e-17
433202107.0 1.0 1798.3286686117333 1 0.9999995
264469090.0 0.0 1808.9085360686477 0 3.866574e-12
302147728.0 1.0 1793.890905070541 1 0.9998273
332865327.0 1.0 1810.493890200233 1 0.9999987
196892875.0 0.0 1795.1820961191245 2 3.4952071e-22
252096958.0 0.0 1805.4520886937494 3 0.0
35023082.0 0.0 1796.0372735413212 2 0.00095636916
333784173.0 1.0 1795.5955644570965 1 1.0
270326987.0 0.0 1805.2219767958882 0 9.650122e-13
46677685.0 1.0 1796.578857610515 1 0.9999944
270929379.0 1.0 1806.2011592994893 1 1.0
376837028.0 1.0 1798.492410135904 1 0.9998697
251683296.0 1.0 1810.411319132196 1 0.99981934
375081930.0 1.0 1795.7234528628717 1 0.9999989
252854352.0 1.0 1810.2032023574097 1 0.9999883
311832748.0 0.0 1793.8271807338015 2 6.560577e-34
375849652.0 1.0 1798.5547721227902 1 1.0
441720520.0 0.0 1805.1990709516067 0 2.1917186e-17
420451590.0 0.0 1812.3681042532614 0 3.3365246e-05
334490309.0 1.0 1798.5129526861258 1 0.99999994
23051058.0 1.0 1794.8078634466174 1 1.0
271237862.0 1.0 1805.805384906914 1 0.99999994
264194165.0 1.0 1806.40842023363 1 0.9999861
229676244.0 0.0 1805.323974654578 3 4.042549e-26
192473556.0 0.0 1796.640764010889 0 0.0076046498
94278854.0 1.0 1796.0369412105126 1 0.99997205
359042902.0 0.0 1808.847230714684 0 2.6441654e-05
399925836.0 1.0 1795.1174188010734 1 0.99992716
424283926.0 0.0 1796.223144199616 2 7.863819e-20
238747382.0 1.0 1797.265867596986 1 1.0
416049443.0 0.0 1809.057642397693 0 0.003016736
420018203.0 1.0 1798.5769090933727 1 0.9999979
317841495.0 1.0 1794.8676055043945 1 0.9999472
424572623.0 0.0 1798.848228369271 2 7.7048363e-28
352912180.0 0.0 1793.3248412819905 0 1.1353251e-22
81449434.0 0.0 1797.8481173197429 0 0.00027425066
90648458.0 1.0 1794.6620580803046 1 0.9998427
354308924.0 1.0 1796.5779994074373 1 1.0
237115411.0 0.0 1797.9685979342783 0 0.004066984
270815160.0 1.0 1810.1178013186427 1 0.99999833
237279039.0 1.0 1805.261941876151 1 0.99999523
428046623.0 0.0 1805.2447001687183 0 4.9761355e-09
357101501.0 1.0 1800.072565177432 1 1.0
21178341.0 1.0 1795.953923460654 1 0.9999791
456130400.0 0.0 1794.7450484570772 3 0.0
63508192.0 0.0 1812.5574696877432 0 0.0031828103
373705833.0 0.0 1808.9104368438188 0 0.012664776
426090237.0 1.0 1797.3054196620258 1 0.9999916
374558064.0 0.0 1808.9107929798467 0 2.5435421e-26
202959060.0 0.0 1794.9324053966575 2 1.3953605e-30
72149122.0 1.0 1811.5359129342341 1 0.9999962
399738195.0 1.0 1805.659242075754 1 0.9999827
374692353.0 1.0 1796.8486135038872 1 1.0
255993777.0 0.0 1797.241275026988 3 0.018706378
433075966.0 1.0 1810.7659242106122 1 0.9999977
445407735.0 1.0 1810.1812462257785 1 0.99999994
268321917.0 1.0 1798.9913009458894 1 0.9998491
433202107.0 0.0 1805.4953058183578 0 0.0031680777
50268710.0 1.0 1797.5356576111499 1 0.99995923
139378834.0 0.0 1794.641193203592 3 4.539655e-09
292609660.0 0.0 1799.453162426321 2 1.3481293e-14
256719750.0 1.0 1795.4503941138 1 0.99918336
375852634.0 1.0 1810.6587408285707 1 0.9999995
366557556.0 0.0 1794.0753949858079 3 0.0
252178122.0 0.0 1793.1397491400685 0 1.2750102e-15
332053527.0 1.0 1810.5356339192024 1 0.99999875
399788405.0 0.0 1799.5729363733622 3 0.0
237234109.0 1.0 1811.1578323855513 1 1.0
284046169.0 1.0 1796.2016875992088 1 1.0
94452232.0 1.0 1798.828691247901 1 0.9999999
400744994.0 1.0 1799.681585021095 1 1.0
241013310.0 0.0 1808.681807576758 3 2.5242244e-30
354744762.0 0.0 1809.1808991493854 0 0.0081942165
269612329.0 1.0 1810.9509481360062 1 0.99999905
368110961.0 1.0 1797.8261222038009 1 0.99999905
445229311.0 0.0 1794.5354995830908 2 1.0813334e-35
445334311.0 1.0 1799.7229823532873 1 0.9999993
178139320.0 1.0 1795.891086425903 1 0.9999989
104060742.0 1.0 1798.140664851424 1 0.999993
85591467.0 1.0 1795.4120717524324 1 0.9999958
233006527.0 1.0 1811.4279546063517 1 1.0
376200886.0 1.0 1799.7019462559342 1 1.0
201112742.0 0.0 1809.182934435295 0 0.003425436
219092998.0 0.0 1798.0942071954548 2 3.417174e-21
419752040.0 1.0 1798.2433061842803 1 0.99999845
434724040.0 1.0 1795.8052282829558 1 1.0
219738018.0 0.0 1793.1765849151327 0 2.5110686e-10
283019241.0 1.0 1798.2015498819085 1 0.9999944
240884458.0 0.0 1805.2442374050845 0 6.990899e-07
376112177.0 0.0 1808.8463057671704 0 6.9836874e-22
251753645.0 0.0 1793.8902340113564 2 1.4798092e-10
198354443.0 0.0 1803.8638357555492 3 0.0
177804060.0 1.0 1794.6826217634411 1 0.9999981
367754564.0 1.0 1798.9701735304186 1 0.99999595
285279587.0 1.0 1793.599607028377 1 0.9998928
192298244.0 0.0 1808.9534729626646 0 0.0032343012
233005405.0 1.0 1795.6355150875484 1 1.0
379605120.0 1.0 1795.7643142622933 1 0.99995214
270127418.0 1.0 1797.3680051092579 1 0.9999971
65486972.0 1.0 1794.2865519229351 1 0.9999995
327735377.0 1.0 1799.1823527060426 1 0.99994105
251387790.0 1.0 1805.6402711511432 1 1.0
285669283.0 1.0 1799.223787536014 1 1.0
229614957.0 0.0 1808.8449895427505 0 2.64623e-07
275484816.0 1.0 1796.264103406428 1 0.9999976
445351659.0 1.0 1794.2856985451012 1 0.99999875
428662070.0 0.0 1793.4098340043213 0 1.5728044e-18
10607010.0 1.0 1795.7231387647678 1 0.9999999
356981516.0 1.0 1800.2601704510564 1 0.99999905
331364868.0 1.0 1810.9922581940964 1 1.0
269697721.0 0.0 1804.6994262279688 3 3.4227482e-34
104146528.0 1.0 1797.3695814222215 1 0.9999983
50361542.0 0.0 1805.2649664734024 0 0.006627157
241084052.0 1.0 1810.3487004063772 1 0.9999993
54624637.0 0.0 1809.410252772613 0 2.8368138e-06
367360067.0 0.0 1808.908897025622 0 4.175462e-13
186595861.0 0.0 1809.0994849533683 0 0.9736696
368503644.0 1.0 1805.8053759488428 1 0.9999999
408197402.0 1.0 1811.3288337756437 1 1.0
200939418.0 0.0 1811.766196264312 3 0.00033461017
308778838.0 1.0 1797.7028066470336 1 1.0
378761239.0 1.0 1796.3679737161847 1 1.0
431891777.0 1.0 1793.557312502914 1 0.9999943
354115138.0 0.0 1808.866857185094 0 5.0131178e-20
354044210.0 0.0 1797.3460691177902 2 2.5674065e-18
467574373.0 0.0 1811.0995920621592 3 0.0037649937
359676320.0 0.0 1799.281449529594 3 1.3379618e-07
233208885.0 0.0 1795.0734154816419 3 0.0
293066086.0 0.0 1809.8489668949014 3 0.0
396615018.0 0.0 1804.9117703439372 3 2.077664e-28
118390626.0 0.0 1812.4535905451185 0 0.009263885
376978573.0 1.0 1798.3023499704232 1 0.99994576
427591305.0 0.0 1793.721313986254 2 1.1875336e-08
177913636.0 1.0 1793.953442038146 1 0.9999939
366759175.0 1.0 1798.3670536494114 1 1.0
370763322.0 1.0 1799.390254895661 1 0.9997214
468293391.0 0.0 1805.4508636669811 3 0.0
428249301.0 0.0 1801.786399928457 3 1.9149617e-35
353238851.0 0.0 1794.4935012205037 2 0.006564342
395731538.0 0.0 1812.3473121411678 0 5.5348313e-12
293066086.0 0.0 1801.4532119062362 3 1.1001918e-25
308877502.0 1.0 1798.7028620855062 1 0.9999973
348440696.0 0.0 1808.8692627040105 0 1.0685019e-05
323194250.0 0.0 1796.8254561334427 0 5.49029e-13
367429972.0 1.0 1798.929714219647 1 1.0
258829795.0 1.0 1800.2613660429329 1 0.999999
250891951.0 1.0 1805.661297080866 1 0.9999549
366327258.0 1.0 1795.2836093179678 1 1.0
186990195.0 1.0 1810.1409252519363 1 0.9999986
321447827.0 1.0 1798.4500468505141 1 0.99999195
403525927.0 1.0 1794.036013696444 1 0.9999997
366677623.0 1.0 1810.7003456056455 1 1.0
370756231.0 1.0 1794.3275924915008 1 0.9999894
396012426.0 1.0 1805.8891398661092 1 0.9993495
390516952.0 1.0 1796.098219598844 1 0.9999926
366517381.0 0.0 1797.970536802888 3 0.0
264615805.0 0.0 1811.2651829905158 3 7.1549505e-07
129909190.0 1.0 1796.9535814050982 1 0.9999978
359039530.0 1.0 1799.6599122023486 1 0.9999876
264464740.0 0.0 1805.8876882864781 2 5.7167067e-15
258510805.0 0.0 1808.886770386111 0 1.9935293e-05
444762975.0 0.0 1797.88974794608 2 1.9932737e-28
252118886.0 1.0 1795.2647913997746 1 1.0
421388870.0 0.0 1793.1393758339007 0 4.606779e-11
138049179.0 1.0 1797.4537308286835 1 0.9999987
52261415.0 0.0 1805.5562327795817 0 4.4335334e-11
331785004.0 1.0 1793.8480676862373 1 0.9999947
1981434198.0 0.0 1795.4499399118372 3 0.0
332985234.0 1.0 1794.327343644211 1 0.99999666
353018022.0 1.0 1799.4310259980393 1 1.0
50115636.0 0.0 1810.598142685535 2 1.7217419e-27
229960907.0 1.0 1810.552698662751 1 1.0
435362316.0 1.0 1799.5969373280377 1 0.99998575
230122533.0 1.0 1805.8438660415422 1 1.0
230018866.0 0.0 1805.2193440464232 0 1.1571632e-11
229782694.0 1.0 1805.4070461234883 1 0.99968046
415959842.0 1.0 1811.3904059497715 1 0.99999994
118444191.0 0.0 1793.1414463252554 0 0.003004643
373126975.0 0.0 1812.4509755129452 0 1.10101645e-14
345915846.0 1.0 1799.6400149718756 1 0.9999994
397234871.0 1.0 1799.9517204000663 1 0.9999982
441716335.0 1.0 1794.6569023833674 1 0.99999434
359483336.0 1.0 1797.0313421254089 1 0.99996066
441734144.0 0.0 1799.8447620220109 3 0.0
198354443.0 0.0 1797.884667247426 3 0.0
376838130.0 0.0 1805.2214826203299 0 1.37067955e-05
82398035.0 1.0 1798.5354525307284 1 0.99999714
367460770.0 1.0 1798.1406308486883 1 0.99999994
332367911.0 0.0 1809.3065162213975 0 0.0001590083
377276042.0 1.0 1795.1591919326877 1 0.9999896
219812449.0 0.0 1808.9269931643944 0 0.004214017
307111164.0 0.0 1810.6397945886345 2 2.1552244e-11
240873079.0 0.0 1796.6611039227819 3 0.0
367361207.0 1.0 1797.4296690744172 1 0.9999571
256502109.0 0.0 1795.6794674374953 2 8.2374e-22
250458788.0 1.0 1805.8280401400873 1 1.0
233198485.0 0.0 1808.8857083856153 0 1.1592559e-21
374303249.0 1.0 1798.452342242171 1 0.99999994
65436914.0 1.0 1795.0367086602812 1 0.99999976
427869035.0 1.0 1799.8468219630481 1 0.99993664
196919646.0 1.0 1798.7237395266184 1 1.0
452961054.0 0.0 1809.16029766171 0 0.0015715543
255879260.0 1.0 1810.618484131649 1 0.9999999
396449567.0 1.0 1810.6184570300109 1 1.0
177800120.0 0.0 1796.974489654677 2 2.771938e-22
317470793.0 0.0 1809.3258027025693 3 0.0
251438046.0 1.0 1795.2025507434664 1 0.9999999
229776076.0 0.0 1801.3030398092483 3 4.78018e-33
240911239.0 0.0 1805.0775446017458 3 0.0
46629059.0 1.0 1811.0998084930345 1 0.99999005
301915974.0 1.0 1794.245624535025 1 0.9999997
34977849.0 1.0 1798.0372552859208 1 0.9993282
52178333.0 0.0 1809.3685222215042 0 1.955198e-09
359040380.0 0.0 1796.9099302289455 0 1.2494966e-06
445233065.0 1.0 1805.8895950344377 1 1.0
139507941.0 1.0 1798.6619694484953 1 1.0
427277109.0 0.0 1797.283453217205 2 4.91974e-12
256623973.0 0.0 1806.219807176319 2 2.5055504e-34
270241552.0 1.0 1810.5134854597807 1 1.0
441807493.0 1.0 1797.4280104173965 1 1.0
236877576.0 0.0 1796.9076484868124 0 2.0412624e-06
406839053.0 1.0 1796.3478236083888 1 0.9999993
452972908.0 1.0 1794.2646039190508 1 1.0
251145401.0 1.0 1810.4111358671041 1 1.0
354119199.0 1.0 1811.0543361189993 1 0.99999946
307040154.0 0.0 1795.9525622674792 3 5.6703528e-05
352954787.0 0.0 1807.699600749065 3 0.0
396385069.0 1.0 1810.5348767674661 1 1.0
34750737.0 1.0 1810.995507718821 1 0.99999493
21162454.0 1.0 1811.4056399124242 1 0.999999
420850695.0 0.0 1805.5144065511736 0 4.170385e-09
271760298.0 0.0 1808.8470551823618 0 2.3674474e-08
283243380.0 0.0 1793.1393176772447 0 2.0158097e-08
269697721.0 0.0 1807.4285698761632 3 3.7658055e-38
241132335.0 1.0 1798.3488509534895 1 1.0
264545579.0 0.0 1805.6377031625432 2 1.6442833e-27
403688433.0 0.0 1808.973614506453 0 0.001987027
444742482.0 1.0 1794.910393520006 1 1.0
317146115.0 0.0 1805.2026865929279 0 4.176604e-08
178108742.0 1.0 1810.4744662590108 1 0.9999724
308533786.0 1.0 1799.6402326955122 1 0.9999991
337642995.0 0.0 1796.9090583876216 0 2.1999837e-08
326630342.0 0.0 1798.680693865291 3 1.6857844e-32
184733513.0 1.0 1798.911940407934 1 0.9999999
65281295.0 1.0 1796.5366186953736 1 0.9999759
288299705.0 0.0 1797.4908918960898 2 9.375381e-14
13351941.0 0.0 1807.7232697068334 3 0.0
235686753.0 0.0 1812.3657856964546 0 1.8532815e-09
347395173.0 1.0 1806.0568030920424 1 1.0
367855504.0 1.0 1798.7614006045596 1 0.999986
288469777.0 0.0 1810.86609080809 2 1.9164564e-16
346717973.0 1.0 1793.8285873780248 1 0.9999149
428773302.0 1.0 1810.7216980250832 1 0.99984103
427611406.0 1.0 1796.7434321929409 1 1.0
219794282.0 1.0 1810.9685179361852 1 0.99997103
396265357.0 0.0 1805.2432580199206 0 7.339603e-14
333957646.0 1.0 1794.929637297262 1 0.9999996
434626115.0 0.0 1793.4094420645615 0 2.309484e-16
441738034.0 1.0 1796.2404509821663 1 0.99999994
139534336.0 1.0 1794.9119356912718 1 0.99999535
265383833.0 0.0 1808.848696522087 0 9.55378e-06
370998392.0 0.0 1812.3484430400088 0 5.215772e-16
258777137.0 0.0 1794.574090137849 2 2.836631e-24
229676244.0 0.0 1804.9906361214425 3 8.459507e-25
292056732.0 1.0 1810.2239731335746 1 0.99999994
280409874.0 1.0 1798.6811522799487 1 1.0
366517287.0 1.0 1805.6580663911523 1 0.9999976
320500801.0 1.0 1798.7438548683924 1 1.0
259248433.0 0.0 1805.2239406518838 0 2.2135343e-14
270056075.0 1.0 1799.8288148833817 1 1.0
20802417.0 1.0 1811.5158911348767 1 0.9999891
445506244.0 1.0 1796.8274336799857 1 1.0
298663019.0 0.0 1794.4061967355067 0 8.158659e-21
28913134.0 1.0 1795.8705599238817 1 0.9999568
52178333.0 1.0 1796.951939044457 1 0.9999994
366118640.0 1.0 1799.9266084045896 1 0.9999998
441726292.0 0.0 1796.365351163541 2 3.220113e-11
279606076.0 0.0 1793.409154208082 0 5.373991e-32
372749088.0 1.0 1799.199834695476 1 1.0
445419168.0 0.0 1797.1815612783012 2 1.7936745e-12
406965391.0 0.0 1796.6393065265233 0 9.649568e-10
238799688.0 1.0 1793.890806255309 1 0.9999989
445320345.0 1.0 1811.3061143430812 1 0.9999904
332984914.0 1.0 1794.2648518700191 1 0.9999828
453253153.0 1.0 1796.9940518853718 1 0.99998766
427683464.0 1.0 1795.784410783854 1 0.99998754
270441187.0 1.0 1795.3263110788757 1 0.9999995
237011192.0 1.0 1798.9702622753707 1 1.0
81687866.0 0.0 1798.9942104080803 2 2.582165e-21
73488843.0 0.0 1795.120478465006 2 1.2188045e-07
270238334.0 1.0 1806.3052600810943 1 0.99999946
251175882.0 1.0 1797.4109299518132 1 1.0
251521810.0 0.0 1805.202724141409 0 6.0693124e-05
405668961.0 0.0 1797.8073214851115 2 3.6736057e-16
408896537.0 0.0 1798.3878029803955 2 6.9363376e-10
50759520.0 0.0 1812.4524880907086 0 0.00041137155
83148011.0 1.0 1795.076581877624 1 0.99997985
431969154.0 1.0 1794.9531147113005 1 0.99999976
230010080.0 1.0 1800.6569391352482 1 0.9999994
126097648.0 1.0 1798.6829696092573 1 0.99999857
264614323.0 1.0 1796.4110016019652 1 1.0
418220541.0 1.0 1798.9917733857983 1 1.0
279201903.0 1.0 1795.5140477742918 1 1.0
445224816.0 1.0 1794.3062625114 1 1.0
63560370.0 1.0 1794.9328232523185 1 0.9999933
270919139.0 1.0 1796.53475551494 1 0.99998474
198416591.0 0.0 1798.5931841174536 3 0.0
316439223.0 0.0 1808.848701619713 0 1.3256676e-05
470710327.0 0.0 1811.0137602589832 3 0.0
366868814.0 1.0 1805.992132039905 1 0.9989453
312253968.0 0.0 1799.3687621494066 2 7.494684e-31
199526211.0 1.0 1795.8432979563217 1 1.0
256665863.0 0.0 1812.3446961115844 0 1.5773627e-05
387877670.0 0.0 1796.8249087340307 0 0.010061783
348133278.0 0.0 1794.4527387907506 2 0.0
292272018.0 0.0 1794.5157547492263 2 1.1685002e-20
233629196.0 0.0 1808.8859110074977 0 1.181796e-09
317713444.0 1.0 1795.0134192581324 1 0.99999994
407319154.0 0.0 1793.305444925718 0 3.089584e-15
65159528.0 1.0 1795.7032410557658 1 0.9999995
235927708.0 1.0 1795.8869805641184 1 0.9999999
376838039.0 1.0 1811.4922168907406 1 0.99999994
233569063.0 1.0 1794.7402368691105 1 0.999995
12318702.0 1.0 1796.9730593766253 1 0.99881643
354258570.0 0.0 1808.8695294527408 0 3.9727716e-21
11432232.0 1.0 1799.9315091751553 1 0.9999998
201376249.0 0.0 1793.140824100429 0 0.0027372662
184564607.0 1.0 1796.7867937601263 1 0.9998037
308609691.0 1.0 1811.4735045122927 1 0.9999966
301269489.0 0.0 1795.1612395158224 2 1.207883e-38
245481970.0 0.0 1808.8485577446918 0 0.00013501555
235678225.0 0.0 1805.199206632816 0 2.2768034e-16
352929692.0 1.0 1810.743269111043 1 0.99999785
54993593.0 1.0 1794.3480918737846 1 1.0
445354473.0 1.0 1797.493943264022 1 0.9999345
305678104.0 0.0 1808.9079669607422 0 6.995448e-07
377509676.0 0.0 1808.867561612362 0 2.1308718e-14
444143080.0 1.0 1799.3486766069136 1 0.9999989
198354443.0 0.0 1801.8638337638565 3 0.0
375721950.0 0.0 1812.387857857217 0 1.719624e-13
229676244.0 0.0 1794.3029574416812 3 5.225977e-13
445302812.0 1.0 1795.36899626166 1 0.999992
279265624.0 0.0 1799.0974392763235 2 3.2428593e-07
203094295.0 1.0 1796.3284217767875 1 0.9999999
427852234.0 0.0 1808.867687886763 0 2.1019124e-11
395605126.0 0.0 1805.2431026091494 0 1.8664023e-05
237197609.0 1.0 1795.740957127629 1 1.0
445272392.0 1.0 1795.0772751180534 1 0.99999994
237113608.0 1.0 1799.8640727080297 1 0.999665
229676244.0 0.0 1800.657232684529 3 3.6655705e-16
445221603.0 1.0 1811.1394094252994 1 0.9999998
317840959.0 0.0 1798.4092978327378 2 0.0
332045851.0 1.0 1793.2231444295396 1 0.9999992
165553977.0 0.0 1811.3222638038585 2 1.2372669e-32
71695764.0 0.0 1808.8692006452286 0 0.00037316117
245374992.0 0.0 1798.0987019920424 2 8.290028e-26
250520042.0 1.0 1805.223834614336 1 1.0
388038756.0 0.0 1793.3249953472964 0 1.0928015e-16
249943198.0 0.0 1798.0364541239842 3 0.0
399587190.0 0.0 1793.1823569228943 3 0.0007034956
233732719.0 1.0 1795.0109989195855 1 0.9993828
219877787.0 1.0 1796.3858854491427 1 0.9999987
235982927.0 0.0 1801.033071245674 3 6.0277588e-15
444722602.0 0.0 1794.9519443222573 2 1.1836929e-17
348522947.0 0.0 1805.2028386351249 0 8.349583e-11
422456301.0 1.0 1797.3875226492432 1 0.99999917
230380918.0 0.0 1808.844467868497 0 2.3565718e-08
192528133.0 1.0 1810.4534632177417 1 0.999983
288508794.0 1.0 1796.4700705951554 1 1.0
422517498.0 0.0 1805.2002466710983 0 1.2929381e-09
403520127.0 0.0 1812.369150156863 0 8.227422e-06
301565475.0 0.0 1808.848850950391 0 3.1795142e-12
82013473.0 1.0 1795.6606933234361 1 1.0
377338476.0 0.0 1796.909155940116 0 6.9343005e-05
366108257.0 1.0 1796.9726447640992 1 0.9999967
67634988.0 0.0 1808.8493552239545 0 0.0025555308
305296425.0 0.0 1798.0956445416418 2 7.2548197e-16
326809006.0 1.0 1795.1613549606157 1 1.0
245704264.0 1.0 1794.4735826916074 1 0.9999996
308445921.0 0.0 1812.390160758651 0 1.0240731e-16
292398977.0 1.0 1805.3906889236637 1 0.9999999
385041088.0 0.0 1796.6406866624034 0 0.0030369575
395696619.0 0.0 1812.3472521918807 0 0.00034764962
165528727.0 0.0 1799.051546555335 2 1.2381759e-28
280414812.0 1.0 1794.6393919167517 1 0.999994
279440865.0 1.0 1794.8058639574654 1 0.9999988
237015403.0 0.0 1798.491091303788 2 2.0125742e-20
258461145.0 1.0 1805.9076020512928 1 1.0
14039615.0 1.0 1810.2024639875171 1 1.0
235673225.0 0.0 1805.2201180723764 0 1.8005708e-16
327140903.0 1.0 1800.3071271221047 1 0.9999996
317470793.0 0.0 1803.4925055145375 3 0.0
354791642.0 0.0 1800.1406903790285 0 1.546991e-11
410549209.0 1.0 1793.8071404683944 1 0.9999998
82567393.0 1.0 1795.1188704847173 1 0.99998146
397282584.0 1.0 1794.8477559427636 1 1.0
346850482.0 1.0 1811.3703703400074 1 0.9999995
279565723.0 1.0 1796.1592331661195 1 1.0
338071673.0 0.0 1805.5130928994788 3 4.1215506e-37
387332343.0 1.0 1799.1996278499898 1 0.99999934
13100462.0 0.0 1812.3673256128168 0 9.526421e-06
104034595.0 1.0 1796.3279280347135 1 0.9999991
428390815.0 1.0 1795.2446833143308 1 0.99982876
308288288.0 1.0 1798.5362120883337 1 0.99999994
251405039.0 0.0 1796.8902435514076 0 4.251213e-05
436879227.0 0.0 1796.641437435176 0 6.521193e-05
367407955.0 0.0 1798.515310543297 2 0.2804011
129901574.0 1.0 1810.9117316392703 1 0.99991775
428119363.0 1.0 1796.9532091128785 1 0.99999565
445534524.0 0.0 1805.2027025837026 0 9.790228e-07
272622914.0 0.0 1802.2847677968234 3 1.8490882e-30
101130685.0 1.0 1811.0996913781864 1 0.9997977
270325883.0 1.0 1795.847118159766 1 0.9999654
52364483.0 1.0 1799.5353558024033 1 1.0
395392811.0 0.0 1797.4094076348995 2 5.0087373e-10
396339551.0 0.0 1804.7017125808527 3 1.4201344e-12
285426820.0 0.0 1805.391178525839 0 0.0039589973
269696430.0 0.0 1793.4911028639876 2 1.230138e-38
235928615.0 1.0 1794.387056881339 1 1.0
245668764.0 0.0 1799.244256921507 2 8.302621e-19
385145227.0 0.0 1796.1201175382835 2 1.5148402e-11
356820347.0 1.0 1805.7195981747245 1 1.0
85432268.0 0.0 1805.7663186540676 0 0.0006723406
198213459.0 1.0 1797.0932846236235 1 0.9999994
252822077.0 1.0 1797.411370563471 1 1.0
285507649.0 1.0 1811.1818823269089 1 0.99998283
368021107.0 0.0 1793.4094093085903 0 3.5867304e-22
279257392.0 0.0 1812.4519117395153 0 0.009175858
401325284.0 1.0 1795.4716651141298 1 0.9999913
445483401.0 0.0 1805.2026224570066 0 4.538217e-13
117757362.0 1.0 1805.8905688393083 1 0.99999833
271651238.0 0.0 1793.4097906231575 0 9.8308335e-20
376020871.0 0.0 1799.0748945855353 2 3.58013e-05
251300790.0 0.0 1795.660948607558 2 5.684465e-20
289267065.0 1.0 1794.1803529093709 1 1.0
351468959.0 1.0 1798.8057051957085 1 0.99999976
219878140.0 0.0 1805.2194143865502 0 7.3526523e-09
331312861.0 0.0 1805.5565619107667 0 3.8344479e-07
352954787.0 0.0 1806.2204645623428 3 0.0
245560145.0 1.0 1805.9112644931076 1 0.99999195
5674169.0 0.0 1809.2660653098642 3 0.0006766333
375787430.0 1.0 1799.9922381358513 1 0.9995416
240986393.0 0.0 1805.2025451124746 0 5.260811e-09
407430974.0 1.0 1797.80519177632 1 0.99999887
250800464.0 0.0 1812.3695487758453 0 4.311286e-09
320278122.0 1.0 1796.2438824856338 1 1.0
311929784.0 1.0 1799.5563394460116 1 0.9999603
388580179.0 1.0 1810.596553881213 1 0.9999996
326732337.0 0.0 1793.4099344456745 0 5.2874325e-15
428775758.0 0.0 1800.0966871880835 2 1.9006272e-10
379629573.0 1.0 1799.180880777829 1 1.0
395838628.0 0.0 1812.3474510034812 0 5.292121e-06
259127073.0 1.0 1795.1990683819124 1 0.99999994
94672101.0 1.0 1795.099491145766 1 0.99999994
392536812.0 0.0 1805.5729561113665 3 0.0
264615805.0 0.0 1807.6610478464706 3 1.3682154e-07
269697721.0 0.0 1804.4077619355298 3 0.0
259251778.0 1.0 1796.078053381448 1 1.0
230386284.0 0.0 1810.177663391139 3 0.0
12491397.0 1.0 1811.0564354814767 1 0.9999968
256197394.0 0.0 1810.4102021994067 2 1.2496361e-06
288379925.0 0.0 1805.2410129363145 0 2.3495823e-28
307986689.0 0.0 1805.1978337622418 0 1.0041126e-12
82494674.0 1.0 1797.640002047394 1 1.0
13523448.0 0.0 1812.4106427717602 0 2.2586528e-05
400745295.0 1.0 1797.473232132447 1 0.9999999
232607992.0 0.0 1805.197643189254 0 2.706192e-05
275421642.0 1.0 1810.324781397711 1 1.0
403619966.0 0.0 1805.515023059234 0 1.0468444e-07
389535695.0 0.0 1805.5562881951578 0 0.0016171095
418410759.0 0.0 1796.076610805444 2 4.829276e-28
22844899.0 1.0 1798.1414464545696 1 0.9999994
250454834.0 1.0 1810.4320161923192 1 0.9999393
423995974.0 1.0 1795.9940265874843 1 0.99999696
314591391.0 0.0 1796.824606663407 0 7.9734167e-07
264405384.0 1.0 1793.5334235565729 1 0.9999069
431989925.0 0.0 1800.1408427189408 0 4.986254e-09
358907018.0 1.0 1805.6800445630608 1 1.0
65161111.0 1.0 1810.7033895613458 1 0.99987787
21019354.0 0.0 1810.3429712989275 2 7.412626e-31
302233801.0 0.0 1794.4529301682 2 2.41328e-12
288391976.0 1.0 1797.365825136615 1 0.9999996
265191295.0 1.0 1806.3260951517095 1 1.0
196921585.0 0.0 1805.2444743442063 0 4.5806828e-05
203036823.0 1.0 1796.9116496942308 1 0.9999884
255993777.0 0.0 1795.6996264624418 3 0.005216653
307594213.0 1.0 1811.1197164511489 1 0.9999991
252864374.0 0.0 1812.3698744203236 0 1.1983287e-10
241114434.0 1.0 1793.890430414866 1 1.0
104063583.0 1.0 1795.7448593642694 1 1.0
381848109.0 0.0 1808.8911179957192 0 0.0031512908
374298294.0 1.0 1810.4314422486245 1 1.0
403589585.0 0.0 1808.845260507285 0 0.013625078
264026843.0 1.0 1797.2207082339407 1 1.0
264406486.0 1.0 1793.7208965279297 1 0.9999579
368597162.0 0.0 1808.8677901977353 0 2.6078705e-08
240794356.0 1.0 1800.2232232654044 1 0.999997
359676320.0 0.0 1800.781425367386 3 7.6134606e-13
245502480.0 1.0 1798.8069559299984 1 0.99957
417831403.0 1.0 1795.7870571427063 1 0.9999997
229706410.0 0.0 1810.4071773489256 2 2.9772077e-27
445140600.0 1.0 1798.1813549031592 1 0.9999996
186742935.0 1.0 1810.7036759560058 1 0.9999995
280031189.0 0.0 1812.3449551589385 0 4.661736e-09
264805538.0 1.0 1805.8902956599895 1 0.9999997
422339759.0 0.0 1795.9290343970442 2 8.382242e-12
241128049.0 1.0 1810.7860792383242 1 1.0
237283383.0 1.0 1806.1787303978463 1 1.0
241135505.0 0.0 1805.932173815875 2 8.169494e-07
297647356.0 0.0 1795.9099633554085 3 9.842254e-10
373897045.0 1.0 1810.9939612254873 1 1.0
301642782.0 1.0 1810.2031355497775 1 1.0
229461186.0 0.0 1795.11558368407 3 0.0
286410896.0 1.0 1797.9315240777032 1 0.9999586
184680151.0 1.0 1794.578457295748 1 1.0
198207488.0 0.0 1808.9686080734712 0 3.896934e-06
233079895.0 1.0 1811.239875266335 1 0.99999994
357049557.0 1.0 1811.2186573478184 1 0.99998313
263970541.0 1.0 1797.928880370079 1 0.99999905
312852988.0 0.0 1805.6396920227646 0 3.6966958e-05
403037785.0 0.0 1795.6408550473222 3 0.0
230396449.0 0.0 1797.1360482312875 2 5.7409147e-06
82098328.0 0.0 1795.472936984922 2 0.00024734088
302232063.0 0.0 1793.7029777010282 2 3.1613132e-19
396609776.0 1.0 1794.4323855049279 1 0.9992381
399445814.0 0.0 1811.0562538032068 2 1.5676814e-20
334485253.0 0.0 1797.700473645781 2 2.5253293e-17
399347352.0 0.0 1805.3063044715893 0 0.00014219708
427279383.0 1.0 1796.2001405846324 1 0.99996144
352424791.0 0.0 1797.847511641934 0 6.417318e-06
250457379.0 1.0 1799.0572393432267 1 1.0
229706100.0 0.0 1808.8655660410236 0 0.017965537
322325511.0 0.0 1805.2418468334733 0 7.575546e-11
352775340.0 1.0 1796.8473360982102 1 1.0
279202263.0 0.0 1796.4307433141028 2 3.2551167e-32
400248487.0 0.0 1805.2013988727645 0 2.333718e-07
302467549.0 0.0 1808.8907073912999 0 5.3642316e-07
250750880.0 0.0 1793.6404750659804 2 4.293741e-09
427689082.0 1.0 1798.201172571042 1 0.9998535
468293391.0 0.0 1804.1591871251533 3 0.0
367333600.0 1.0 1794.7838586072228 1 1.0
279726148.0 1.0 1794.7439428447105 1 1.0
445367333.0 0.0 1793.2022579427814 0 4.5253718e-17
252831127.0 1.0 1810.8490928519766 1 0.21034178
291884210.0 1.0 1793.78668328171 1 0.9999999
252824777.0 0.0 1795.3697423692042 2 7.6067283e-31
264248108.0 1.0 1796.3241922266325 1 0.99999994
332490404.0 0.0 1793.4315141107872 2 7.434577e-15
400435272.0 1.0 1810.5564622375666 1 1.0
233074697.0 1.0 1798.073261055797 1 0.99999994
117759728.0 0.0 1796.827908270627 0 8.5144025e-09
334800701.0 1.0 1797.0129935144805 1 0.98662865
116217056.0 1.0 1796.5989761553512 1 0.99998266
264922703.0 1.0 1798.1610553827845 1 1.0
202977876.0 0.0 1812.3489784988933 0 1.3847237e-07
387448344.0 1.0 1799.8455340289938 1 1.0
375787301.0 0.0 1808.8462670045876 0 1.3754711e-11
229766854.0 1.0 1795.156985059653 1 0.99993765
367095972.0 1.0 1793.9088536207114 1 0.9999995
233211441.0 1.0 1811.261032758715 1 0.9998614
455823355.0 1.0 1794.0960159945041 1 1.0
312549913.0 1.0 1798.7857347501802 1 0.9999999
230379564.0 1.0 1798.0735761555086 1 1.0
293066086.0 0.0 1804.7031939615456 3 0.0
279872031.0 1.0 1810.326054026488 1 1.0
302157746.0 0.0 1808.8698095305206 0 8.827159e-12
420267425.0 1.0 1794.2415274460739 1 0.9999995
117031971.0 1.0 1796.2863109000461 1 1.0
302089547.0 0.0 1793.1407003651532 0 0.0031796698
352110251.0 0.0 1798.28484681142 3 3.3892736e-22
366557556.0 0.0 1803.9711834059303 3 0.0
417609927.0 1.0 1795.949983561155 1 1.0
410506199.0 0.0 1812.390053762781 0 2.822345e-07
116845132.0 1.0 1796.2447195854206 1 1.0
26618543.0 1.0 1794.9536945213697 1 1.0
200791980.0 0.0 1812.4328697540082 0 0.0035029359
428071828.0 1.0 1793.4112795194326 1 1.0
259129583.0 1.0 1806.1781184783026 1 1.0
410738746.0 0.0 1793.8903590415116 2 1.7928602e-31
368234072.0 1.0 1797.6388507130016 1 0.9999962
377192675.0 0.0 1797.3649629005904 3 1.0713661e-05
367350931.0 1.0 1805.5130346424091 1 0.9999956
396195920.0 1.0 1796.784475922978 1 0.99999946
394120578.0 1.0 1795.0533857721323 1 0.99998224
241111222.0 0.0 1805.2236205455147 0 9.6835225e-05
77567925.0 0.0 1805.2871102688352 0 0.0032000397
366678663.0 0.0 1808.8878528394926 0 8.6497295e-11
250834313.0 1.0 1796.0363088955685 1 0.9999874
322266694.0 1.0 1810.7625606587792 1 0.9999999
186762155.0 1.0 1810.4327922327113 1 0.99999887
117615934.0 1.0 1794.2864069139032 1 0.9787642
445297794.0 1.0 1799.639689947682 1 0.99999994
347583014.0 1.0 1794.20259845156 1 0.9907405
332874961.0 0.0 1805.327529047555 0 3.0077872e-06
101221317.0 1.0 1793.724547062317 1 0.99979776
51952457.0 1.0 1811.535158523776 1 0.9999713
354694730.0 0.0 1805.5560507410562 0 0.00021553515
233720276.0 0.0 1796.448256915905 3 0.0
322135864.0 0.0 1812.3457658478465 0 5.835211e-11
259126645.0 0.0 1806.2615305623765 3 4.739261e-38
194856864.0 1.0 1798.787018337229 1 0.99999917
264996606.0 1.0 1805.9925527447708 1 0.99999815
235976698.0 1.0 1798.2414111126125 1 0.99999976
240999935.0 1.0 1794.161024814091 1 1.0
445634917.0 0.0 1805.2235824051445 0 8.948893e-12
388566542.0 1.0 1795.4298128062314 1 0.99999976
408358723.0 1.0 1805.2626482262574 1 0.99999183
219113492.0 0.0 1805.1987163621918 0 4.3495826e-14
272785627.0 0.0 1805.1980218411318 0 1.6919e-15
252162295.0 1.0 1793.6191765546969 1 0.9989542
126026800.0 1.0 1799.308030845077 1 0.99969053
445231304.0 1.0 1799.285498990682 1 1.0
117314464.0 1.0 1810.286473949273 1 0.9999998
283145011.0 1.0 1799.01440997296 1 1.0
245547001.0 1.0 1811.3068039988284 1 1.0
427607121.0 0.0 1799.951639678525 2 8.201026e-38
445139857.0 1.0 1810.1811392115287 1 0.99999994
421110675.0 0.0 1798.1185485929025 3 0.0
353243566.0 0.0 1794.3474408727216 0 2.011087e-05
159539998.0 1.0 1797.928190647943 1 0.9999591
199688472.0 0.0 1811.9264052687788 3 1.845861e-37
288535158.0 1.0 1793.8701159205486 1 0.9999955
316387020.0 0.0 1806.2830743966251 2 5.385762e-13
233732770.0 1.0 1797.6151413763737 1 0.9999998
240998748.0 1.0 1810.1608193180448 1 0.9999838
264469090.0 1.0 1798.6585090859671 1 0.9999991
117868583.0 0.0 1812.9115152842514 0 1.2940135e-13
240969171.0 1.0 1797.2444619030305 1 0.9998883
49792372.0 1.0 1797.6816113030716 1 1.0
264293712.0 1.0 1810.6792722714722 1 0.9999998
348316528.0 1.0 1805.6818155054084 1 0.99991375
235903532.0 1.0 1794.6161756459824 1 0.9999987
251360274.0 1.0 1805.4319344523683 1 0.99999994
428388030.0 1.0 1797.661489385513 1 1.0
445246199.0 0.0 1794.4105732246417 2 1.6180599e-15
376891085.0 0.0 1796.0549469985122 3 1.5806817e-28
396339551.0 0.0 1798.6599476993526 3 8.2251785e-07
406598195.0 1.0 1799.0760742650582 1 0.9999999
285273517.0 1.0 1795.0996481920217 1 0.99999905
252865746.0 0.0 1812.3907466333237 0 1.2029656e-07
200925883.0 0.0 1796.6410015715476 0 0.0034507185
331791672.0 0.0 1805.5758977725955 2 1.5912006e-08
385444249.0 1.0 1797.3257416442987 1 1.0
365890232.0 0.0 1812.346841218647 0 3.8030046e-07
353565609.0 0.0 1807.9309309494274 3 0.0
229676244.0 0.0 1795.46964449512 3 3.1092667e-17
390049765.0 0.0 1808.951967028579 0 1.374546e-10
229674711.0 0.0 1797.6985263789538 0 1.1231627e-06
229790888.0 1.0 1793.6780594550999 1 1.0
256316947.0 1.0 1796.7229158921564 1 0.9999999
383675284.0 1.0 1805.9689200462692 1 0.99996465
186938347.0 0.0 1796.6410135403019 0 0.0002617652
250556056.0 0.0 1812.369578525628 0 7.480968e-25
269240011.0 0.0 1793.4096315659515 0 7.4019185e-23
49939398.0 0.0 1797.2231566292112 2 1.4461879e-22
417607351.0 0.0 1796.8250198295693 0 0.00033158454
367360176.0 0.0 1808.8880664124267 0 2.4037211e-15
116616937.0 1.0 1811.4324137523604 1 1.0
428170660.0 1.0 1806.0780475559409 1 1.0
445495082.0 1.0 1797.7651608239553 1 0.9999996
139378835.0 0.0 1809.0369106095297 3 4.318924e-09
410807677.0 0.0 1796.8280527388897 0 5.515641e-07
427759460.0 1.0 1798.5136253057872 1 0.9999999
285181196.0 0.0 1812.2659616400272 3 3.2172353e-05
327439228.0 0.0 1808.8696658154624 0 0.001783291
269950014.0 0.0 1809.1203984748443 0 0.0034125582
289722957.0 0.0 1809.1973053889847 3 2.0560246e-25
241036606.0 0.0 1797.244372341266 2 1.3000594e-10
198354443.0 0.0 1793.4263404745363 3 0.0
20869155.0 1.0 1797.369894460647 1 0.9999429
341840202.0 0.0 1794.405818140821 0 5.127775e-12
388434752.0 0.0 1796.8048272577137 0 2.2438044e-10
202953580.0 1.0 1798.265950216183 1 1.0
251275040.0 1.0 1795.890325888549 1 0.9997113
292522054.0 1.0 1795.6824447116392 1 1.0
354470695.0 1.0 1795.9737442693586 1 0.99999315
292976211.0 0.0 1796.6408783780084 0 0.0050523654
236779479.0 1.0 1797.218971238993 1 0.9998995
229674517.0 0.0 1808.8654103542028 0 1.3416593e-15
63690302.0 1.0 1796.057969500155 1 0.9998984
312862941.0 0.0 1810.847988098493 3 0.000107872394
366758263.0 1.0 1799.3461927095232 1 0.9999987
346022245.0 0.0 1796.8899727783473 0 0.0052565965
258679267.0 1.0 1805.4307385894147 1 0.99999917
117867310.0 1.0 1799.6406259351118 1 0.9965876
184685168.0 1.0 1793.4535668022213 1 1.0
400535914.0 1.0 1799.2856899189755 1 0.9999999
81602148.0 1.0 1798.9522109806558 1 0.9999847
65282366.0 1.0 1798.0991904769044 1 0.9999983
285533949.0 1.0 1797.9519753776055 1 0.99999994
280411756.0 0.0 1808.9730830418105 0 0.0028862553
367863228.0 1.0 1811.4092524180367 1 1.0
270020239.0 1.0 1796.4096592272876 1 0.9999974
21162415.0 0.0 1805.530750883663 2 5.8087082e-21
322442826.0 1.0 1797.1378341923094 1 0.99995035
237114243.0 0.0 1808.8432486377787 0 0.0031343324
269238622.0 0.0 1801.0136958730009 3 0.0
433000531.0 1.0 1793.995251176624 1 0.9999919
352511824.0 0.0 1796.8057633852777 0 5.6110094e-09
326914032.0 0.0 1794.2447931667843 2 8.8765047e-13
288500479.0 0.0 1805.7033132245815 0 2.8154169e-05
229458247.0 1.0 1796.1364433647323 1 0.9999997
101405451.0 0.0 1809.2038671879059 0 0.0035777842
192378128.0 1.0 1794.057485729517 1 0.9999987
117752371.0 1.0 1794.015539936822 1 0.9999993
229476840.0 1.0 1796.969738358385 1 0.999965
359584236.0 1.0 1797.1773202933955 1 0.99992424
73523692.0 0.0 1808.9745071932743 0 0.0015197289
445636447.0 1.0 1811.3902461477242 1 0.9999998
258511314.0 1.0 1799.2827849300168 1 1.0
331856444.0 1.0 1798.3899326036112 1 1.0
230002684.0 1.0 1797.719558667845 1 1.0
364180130.0 0.0 1793.3248492960968 0 2.2318725e-08
445373500.0 0.0 1809.1813348140363 0 0.0015651793
54057589.0 0.0 1805.6602407528599 0 7.311187e-17
263968694.0 0.0 1796.1786067944001 3 1.1583182e-22
279204281.0 0.0 1806.5559176496088 3 1.435846e-32
350132371.0 0.0 1795.8878670832248 3 3.5693495e-10
235982927.0 0.0 1806.116438156677 3 6.84801e-11
400252751.0 1.0 1806.0555094362073 1 1.0
445133704.0 0.0 1812.6394939880324 3 0.0
285668908.0 1.0 1810.7030087944672 1 0.9999755
219104494.0 1.0 1811.1153602522 1 1.0
235938689.0 0.0 1805.1996461835595 0 1.3610892e-14
272825553.0 1.0 1805.7430505659727 1 0.99999124
390740976.0 1.0 1797.9522271842359 1 0.9999887
398018377.0 0.0 1796.5350392632563 2 6.9380946e-37
356701798.0 0.0 1798.7608265349797 3 0.0
264615805.0 0.0 1809.7026987613083 3 1.1114307e-07
376114509.0 1.0 1797.92999821052 1 0.9999918
271343047.0 1.0 1799.6180562135455 1 0.99931455
72082905.0 0.0 1812.66066628211 0 4.2269058e-13
137057165.0 1.0 1793.9093722554862 1 0.97532326
326859016.0 1.0 1805.7028394646898 1 0.9999991
233093871.0 0.0 1805.2812226170445 0 1.7056719e-10
237277760.0 0.0 1799.5328256854207 3 0.0
83901271.0 0.0 1799.2226143278035 2 2.832282e-18
321820968.0 0.0 1797.054292965069 2 7.779043e-38
354788350.0 1.0 1810.744913851074 1 0.99997735
323301918.0 0.0 1803.992068320256 3 0.99818665
350695632.0 1.0 1797.3661316642551 1 0.99999887
249954317.0 1.0 1794.1403550191824 1 0.9998132
251430659.0 1.0 1798.431943672998 1 0.99997884
408896537.0 1.0 1810.47087474087 1 0.9999715
436869712.0 0.0 1797.3706121305481 3 0.0015737009
376288537.0 1.0 1798.950701994664 1 0.9999785
67571745.0 1.0 1795.8701679555159 1 0.9999981
402204433.0 1.0 1795.3491948834603 1 1.0
441734144.0 0.0 1798.5322425554714 3 0.0
407028083.0 0.0 1800.4095613675886 0 4.9079414e-15
396339551.0 0.0 1811.4934447553908 3 1.7015542e-07
252101699.0 0.0 1809.1604399432679 0 2.4375452e-06
458842028.0 0.0 1798.5145994194017 3 2.7280897e-14
10351734.0 0.0 1810.889614541817 2 6.9730656e-37
372339636.0 1.0 1797.3462864845335 1 1.0
264615805.0 0.0 1800.6818926512042 3 7.848933e-14
104144400.0 1.0 1798.5154783006615 1 1.0
26432264.0 1.0 1795.3495182497998 1 0.9999998
445254295.0 1.0 1806.160338540618 1 1.0
326914534.0 1.0 1796.4739614531068 1 0.9999981
198212008.0 1.0 1797.926725529082 1 0.99996895
77547034.0 1.0 1797.7453917171636 1 1.0
229482423.0 1.0 1810.3862765790475 1 1.0
346728774.0 0.0 1798.3267393837298 2 6.4849714e-12
264248397.0 1.0 1806.4074117179675 1 0.999996
354465328.0 1.0 1806.3902512405825 1 1.0
279845407.0 1.0 1795.9315604135445 1 1.0
130088399.0 1.0 1794.1202487450646 1 0.99999785
233060505.0 1.0 1797.1563057804058 1 0.999981
356340346.0 0.0 1799.3013459594167 3 2.3459302e-34
396486931.0 0.0 1798.388198971236 3 0.0
399925976.0 0.0 1812.3468667092325 0 3.6379172e-06
232629077.0 0.0 1797.6766627770933 3 2.0359856e-29
422541014.0 1.0 1794.4105524168745 1 0.99934924
349294422.0 0.0 1806.34975858412 3 6.619341e-22
362258905.0 1.0 1797.9701564975117 1 1.0
118418982.0 1.0 1806.2246086279097 1 1.0
274804128.0 1.0 1794.7010560607337 1 0.9999998
292466276.0 1.0 1798.1199806734735 1 0.9999831
366033349.0 0.0 1812.367684514095 0 1.8857821e-14
272231084.0 1.0 1799.201482072844 1 1.0
251459587.0 1.0 1794.7025523609748 1 0.9999999
407020691.0 0.0 1810.2848458161675 2 1.3575819e-13
377783489.0 1.0 1811.13644934791 1 1.0
265288769.0 1.0 1806.390108644654 1 0.9999991
191722813.0 1.0 1793.8489366237834 1 0.99996454
268842033.0 0.0 1808.867575012964 0 2.715458e-11
250479710.0 0.0 1796.6403532761065 0 1.508646e-12
377292876.0 0.0 1805.1982880697099 0 1.0855985e-05
194813094.0 1.0 1795.1201659064352 1 0.9996769
251387081.0 1.0 1798.0568361928724 1 1.0
445278771.0 1.0 1799.473188382453 1 1.0
375853985.0 0.0 1803.9296705566157 3 2.3782218e-28
354014375.0 1.0 1797.7025264027384 1 1.0
194814044.0 1.0 1794.4742824383893 1 0.9999388
400734823.0 1.0 1810.9730633154165 1 1.0
329170577.0 0.0 1794.198823450149 0 0.0040603112
177804841.0 0.0 1808.8494264993976 0 0.0034662886
445550119.0 1.0 1798.0774887510945 1 1.0
63466196.0 0.0 1812.6824371758412 0 0.0020216561
422659847.0 0.0 1797.7634160620905 2 1.1622515e-32
116055835.0 1.0 1810.7446759119007 1 1.0
347304991.0 0.0 1809.2015751982951 0 0.0004398947
431990620.0 0.0 1805.2451223902012 0 0.003286814
452990089.0 1.0 1794.4311910370693 1 0.99999946
348672078.0 0.0 1805.2443710397015 0 0.0005489063
77268414.0 1.0 1798.3496834959735 1 0.99999976
83418863.0 0.0 1797.4516386863152 2 6.9430125e-24
291839937.0 0.0 1812.3696277851482 0 8.972339e-05
13844534.0 1.0 1799.514702200142 1 0.9999995
284720496.0 0.0 1809.201822151915 0 4.0371498e-10
269517888.0 1.0 1796.0138255789027 1 0.99997216
82094101.0 1.0 1795.6396732565922 1 1.0
52782496.0 1.0 1797.0561366173372 1 0.9449224
445362697.0 1.0 1794.8063254386543 1 1.0
354541797.0 1.0 1810.9735860395806 1 0.999909
265275932.0 0.0 1812.3675665498795 0 9.4980684e-20
247003756.0 1.0 1811.0786504386358 1 0.99999696
13608268.0 1.0 1796.306623300522 1 1.0
117267276.0 0.0 1805.515693054456 2 1.5072028e-30
410477422.0 1.0 1796.4529592984618 1 1.0
275705307.0 1.0 1798.6811500872539 1 0.99999994
394121889.0 0.0 1812.3449738156773 0 0.00018661201
268320718.0 0.0 1805.1997513683625 0 7.888548e-05
337286503.0 1.0 1794.9923394829818 1 0.99999005
327398586.0 1.0 1795.4324468774728 1 1.0
67635034.0 0.0 1808.953518015623 0 0.0031381529
103949646.0 1.0 1793.536342186727 1 1.0
309054541.0 1.0 1810.660897730516 1 1.0
224605072.0 0.0 1810.8848489851482 3 0.0
240873079.0 0.0 1806.3484080776527 3 8.702159e-36
241094543.0 1.0 1799.1613010702304 1 0.9999992
251817717.0 0.0 1796.827847035835 0 2.6900407e-06
264916477.0 0.0 1808.8487476648897 0 2.342302e-05
178105783.0 1.0 1810.182920773971 1 0.9999997
370074990.0 0.0 1809.2023637136263 0 8.527826e-13
264615805.0 0.0 1808.36937642295 3 2.257329e-07
293128261.0 1.0 1794.9532058316142 1 0.9999992
230116393.0 0.0 1793.5519646197063 2 2.1779157e-33
104066414.0 0.0 1808.849001692465 0 5.9756577e-09
434437454.0 0.0 1800.4092852731646 0 1.5879988e-05
389968088.0 1.0 1811.3433771463172 1 0.9990815
320384373.0 0.0 1809.2017769958204 0 5.0388776e-06
428258441.0 0.0 1798.328025818442 2 2.0444564e-11
289269714.0 0.0 1793.305165534845 0 4.7258726e-09
407415975.0 0.0 1793.2656147155722 0 1.5673549e-17
285424819.0 0.0 1812.702760412063 0 7.685842e-06
405479774.0 1.0 1797.1622102461424 1 0.9999642
397984607.0 0.0 1805.2432795546513 0 2.289275e-12
331207347.0 0.0 1805.5147805620632 0 1.2859337e-09
341816900.0 0.0 1799.905852434635 2 2.5225583e-08
83813702.0 1.0 1811.0765051272372 1 0.99995464
445318327.0 1.0 1796.5355315177192 1 1.0
372393589.0 0.0 1808.8461349837917 0 1.6020841e-16
405668127.0 1.0 1795.119879605801 1 0.9999916
49723289.0 0.0 1797.5774468355808 2 6.485486e-32
279209662.0 1.0 1798.764394320438 1 0.9999971
427388381.0 1.0 1805.3674683962695 1 0.99959654
327511918.0 0.0 1811.4320083350187 2 3.2632402e-06
366871747.0 0.0 1798.2837300123706 2 0.0
392569857.0 1.0 1805.4686240447272 1 0.99999756
418134085.0 0.0 1805.2014597875204 0 1.0460716e-08
84161764.0 0.0 1810.1182758083444 2 8.3435956e-15
240981884.0 1.0 1793.9737121699854 1 0.99999696
232604113.0 1.0 1798.635090665848 1 1.0
104029899.0 0.0 1796.5780899781078 2 1.1745808e-08
240966941.0 1.0 1811.2650220114701 1 1.0
12476048.0 0.0 1805.264940013141 0 4.1806245e-10
129685192.0 1.0 1793.286797780674 1 0.9999991
252140076.0 1.0 1799.348233972922 1 0.42463514
199550402.0 0.0 1805.1976307582738 0 3.8555927e-09
376085503.0 1.0 1811.3260514055155 1 0.9999999
311704577.0 1.0 1796.4731025870256 1 0.999996
286566392.0 0.0 1804.8481349249873 3 0.0
376042183.0 0.0 1812.3670706155779 0 6.858969e-13
327003852.0 0.0 1798.4309615534671 2 2.5039933e-05
377607369.0 0.0 1799.8885954143148 2 3.404485e-08
403527307.0 1.0 1798.2651487481855 1 0.9999986
178082630.0 1.0 1794.0784793023024 1 0.9999988
378856963.0 1.0 1798.4723037200329 1 0.999745
54263663.0 1.0 1799.368546720498 1 1.0
230007539.0 0.0 1812.344368666764 0 0.016659422
302074432.0 1.0 1797.223959589176 1 1.0
288383370.0 0.0 1811.0953321842433 2 5.949698e-30
396339551.0 0.0 1803.4725289801834 3 1.3464152e-18
308872468.0 0.0 1797.7446072819755 2 3.8444807e-07
265460678.0 1.0 1797.5138067478722 1 0.9999977
388528434.0 1.0 1798.3463519014542 1 1.0
346594521.0 0.0 1793.1412568534074 0 0.0067029647
373784572.0 0.0 1805.2855137720685 0 8.897789e-07
356701798.0 0.0 1806.2817457459034 3 0.0
233499510.0 1.0 1797.3026330989096 1 0.99999994
334170524.0 1.0 1793.7630157491476 1 1.0
444365129.0 1.0 1795.3266628444264 1 1.0
258749904.0 0.0 1795.2846481644558 2 1.4765003e-16
12711861.0 0.0 1808.8465521441137 0 2.9976445e-07
354045867.0 1.0 1811.4501385013673 1 0.99998266
359584236.0 0.0 1808.843818473499 0 3.2093321e-06
229910746.0 0.0 1800.2193815487249 3 0.0
417748796.0 1.0 1796.68002027497 1 0.9999995
387527438.0 1.0 1795.6789865623373 1 0.99997634
13194487.0 1.0 1798.9731734322993 1 0.9999887
289540625.0 0.0 1795.426736987701 2 0.0
255922229.0 0.0 1794.512177723342 2 3.2965292e-13
299443090.0 0.0 1802.0153531445783 3 0.0
432053734.0 1.0 1796.8491832665334 1 0.9999992
192290822.0 1.0 1795.8491165490218 1 0.99985915
359585725.0 1.0 1806.38532322385 1 1.0
250519273.0 1.0 1795.9321976617116 1 0.9999942
410474209.0 0.0 1812.3901075473248 0 1.4818036e-17
410470983.0 0.0 1805.3275367541705 0 1.6669475e-06
264730832.0 1.0 1805.3276767286243 1 0.99995226
265292969.0 1.0 1810.5568570329663 1 1.0
316053491.0 1.0 1795.03608722003 1 0.99999976
441723615.0 1.0 1797.8863795651378 1 0.99999446
404393926.0 1.0 1806.30414253123 1 0.9999824
369731587.0 1.0 1795.3269058684211 1 1.0
422613311.0 1.0 1797.1594043646112 1 1.0
399445087.0 1.0 1799.639623540082 1 0.99999785
332049827.0 1.0 1796.1815736691683 1 0.9877391
354641620.0 0.0 1805.2032004906027 0 6.5884618e-09
428169511.0 1.0 1793.4945544197285 1 1.0
264612485.0 0.0 1793.3276016718462 0 6.0256177e-16
284900223.0 1.0 1805.5723348048548 1 1.0
317508292.0 1.0 1793.9506559924107 1 0.9999993
311937588.0 0.0 1794.9105954396323 2 7.227723e-38
418257102.0 0.0 1800.4292971908515 3 0.0
359632086.0 0.0 1805.1978349743708 0 7.596647e-21
353565609.0 0.0 1798.4308207936292 3 0.0
403037785.0 0.0 1802.3907839392893 3 6.8485463e-18
387679023.0 1.0 1795.3248703528811 1 1.0
381683151.0 1.0 1797.4743677509084 1 1.0
138017750.0 0.0 1797.3496203985533 3 0.017043345
366069438.0 1.0 1795.9510354085032 1 0.9999999
407514969.0 0.0 1796.804775146919 0 0.0001785944
83809264.0 1.0 1797.7016677966285 1 0.99999726
270812636.0 1.0 1805.4512315733552 1 0.9942172
240957744.0 0.0 1811.0565956617038 2 6.528229e-32
398337224.0 0.0 1812.3667595445709 0 3.4768178e-05
384601642.0 1.0 1796.1818513857793 1 1.0
149858796.0 1.0 1805.8914330299392 1 0.9999999
351610703.0 0.0 1805.222316658131 0 4.0918446e-09
368965706.0 0.0 1799.513954472535 2 1.266601e-35
250834615.0 0.0 1793.1404420441056 0 0.00028284866
444356631.0 1.0 1796.680964420139 1 0.99990326
292153735.0 1.0 1795.7865983349495 1 0.99993396
219797992.0 1.0 1811.2185435396655 1 0.9999999
453162411.0 0.0 1812.9101272284722 0 1.8027288e-16
251459295.0 0.0 1796.8900897226329 0 0.0006845255
53870458.0 1.0 1798.9937347210625 1 0.9999999
264028672.0 0.0 1793.1372866763952 0 0.0044743866
357885862.0 1.0 1795.8684512010175 1 0.9999998
367681652.0 1.0 1800.1359484890977 1 0.99973726
376373526.0 1.0 1799.4090182916043 1 0.999991
367081033.0 1.0 1798.8874478796185 1 0.9999995
376978658.0 0.0 1799.198156810507 2 4.4516462e-24
291959014.0 0.0 1809.0572583274743 0 5.612934e-10
250798686.0 1.0 1793.2030176464477 1 0.9999268
11999540.0 1.0 1798.6813167316855 1 0.9998229
415975420.0 1.0 1811.2657379383488 1 1.0
192419996.0 1.0 1795.61988902143 1 0.9999881
26533207.0 0.0 1798.807902238954 3 0.030292397
352763802.0 1.0 1795.3245904770836 1 1.0
129913926.0 1.0 1793.9327526458267 1 0.9999998
404001661.0 1.0 1798.9517761171314 1 0.998897
385401741.0 1.0 1810.1402593258656 1 0.99994487
372508222.0 0.0 1809.2015971396754 0 4.4230095e-11
229585356.0 0.0 1806.719621993811 3 0.0
368168910.0 0.0 1795.597012160886 2 8.8216523e-35
288379925.0 0.0 1808.8868951932895 0 2.5787357e-09
184693363.0 1.0 1794.7660686308398 1 0.9999998
406762510.0 1.0 1793.7645708038056 1 1.0
424439575.0 1.0 1797.7191130137778 1 1.0
292275397.0 1.0 1795.4115260749506 1 0.999999
264454096.0 1.0 1805.7418356942264 1 0.99980384
237116530.0 1.0 1798.5726325297187 1 0.9999995
139378834.0 0.0 1812.1410082456725 3 1.0089873e-08
129816859.0 1.0 1797.2451469042146 1 0.9999962
420843228.0 0.0 1794.74369570641 2 9.044109e-31
354177359.0 0.0 1808.8491239350149 0 0.009608092
20876588.0 0.0 1811.2242019299226 3 2.694888e-10
336119492.0 0.0 1809.0957770170435 0 0.00013606461
129758596.0 1.0 1810.22419553739 1 0.999747
82095970.0 1.0 1811.035671354278 1 0.99999976
192496425.0 1.0 1795.1409207675324 1 0.99997133
359334262.0 1.0 1796.1808124606803 1 1.0
26533207.0 0.0 1807.620532464501 3 0.035047024
21017577.0 0.0 1796.6414235537359 0 0.0025479258
381804997.0 1.0 1797.9536565096648 1 1.0
233079659.0 0.0 1811.3648190491365 3 8.336883e-30
362219768.0 1.0 1794.5743737035427 1 1.0
422517498.0 1.0 1793.9712121958992 1 0.9999998
219863986.0 0.0 1797.6984540294543 0 1.7005329e-10
233158676.0 1.0 1811.1982990287968 1 0.9999988
299443090.0 0.0 1794.973721983255 3 3.7102734e-19
321593112.0 0.0 1809.1166001252852 0 6.1406126e-06
349294422.0 0.0 1808.8497544660418 3 9.913662e-17
285685738.0 1.0 1810.6397510942104 1 1.0
308959166.0 0.0 1796.6404942652612 0 1.1365925e-07
445579215.0 0.0 1805.2858007533516 0 9.195076e-11
362219454.0 1.0 1794.8662671507414 1 0.9999989
252839146.0 1.0 1799.6196214949773 1 0.9999661
52426624.0 1.0 1799.9104369748957 1 0.9999815
292469923.0 1.0 1799.932458277477 1 0.99997854
219857956.0 0.0 1806.2399043721261 2 1.1341359e-20
198388252.0 0.0 1805.093046792599 3 0.0
390857560.0 0.0 1805.2855607233932 0 0.001063675
432048882.0 1.0 1796.3491063493684 1 0.99998087
353505793.0 1.0 1806.0335063096647 1 1.0
350132837.0 1.0 1795.1795419838272 1 0.98346496
12415594.0 1.0 1795.8689899300405 1 0.99991125
230382818.0 1.0 1799.594324321956 1 0.99999994
445305294.0 0.0 1812.9312030154397 0 2.8221278e-22
367092233.0 1.0 1806.3672134817205 1 0.9999695
335798015.0 1.0 1793.5547908681267 1 1.0
320497478.0 1.0 1806.1139278773865 1 0.99999213
298735259.0 1.0 1798.2189321144579 1 0.99999994
28780319.0 1.0 1810.661481820085 1 0.99999994
278997002.0 1.0 1797.8056927874043 1 0.99999994
250801736.0 1.0 1810.4320465953774 1 0.9999998
427518693.0 0.0 1812.34651702252 0 4.894815e-08
375605159.0 1.0 1811.4086723441987 1 0.9999996
116129895.0 0.0 1808.8490446014641 0 1.0779628e-08
362966746.0 1.0 1797.3259513596101 1 0.9999998
5674169.0 0.0 1808.641085666266 3 0.00037426094
229792315.0 0.0 1812.3864874203664 0 6.0220773e-05
354381885.0 1.0 1795.7424287759986 1 0.99999946
351958775.0 0.0 1795.8264411982684 2 3.6856537e-36
285439844.0 1.0 1799.6185038679234 1 0.9999999
129817466.0 1.0 1795.0784442007916 1 0.9999892
445297794.0 0.0 1809.306194004712 0 2.4678362e-05
50686628.0 1.0 1797.4312669402136 1 1.0
354129904.0 1.0 1797.098906233134 1 0.9999989
236878145.0 1.0 1795.720146638679 1 1.0
129911839.0 0.0 1794.0576389419589 2 5.3583865e-12
321443552.0 1.0 1795.3667412582 1 1.0
5674169.0 0.0 1794.6413737163714 3 0.00019218757
256720439.0 1.0 1793.5754020393188 1 0.99999785
308285846.0 1.0 1799.8278962938384 1 1.0
194857064.0 1.0 1799.7245408292547 1 0.99999905
359249364.0 0.0 1805.5974558250964 0 1.32468385e-11
255922200.0 0.0 1812.3870234039812 0 0.003044771
240998575.0 1.0 1795.4944072628123 1 0.99999976
366195369.0 0.0 1793.1393850942798 0 0.0006466077
433351349.0 1.0 1811.3077665641965 1 0.9999828
233720276.0 0.0 1794.260775102654 3 0.0
272928738.0 1.0 1797.4098208892676 1 1.0
91400386.0 1.0 1794.0164884750345 1 0.9999998
12707938.0 1.0 1806.2007706631866 1 0.99995893
192690338.0 1.0 1793.9950527699425 1 1.0
229676244.0 0.0 1807.6573440072823 3 7.537792e-20
165551354.0 1.0 1810.8642014557777 1 0.99999994
389916867.0 1.0 1797.5313521593848 1 0.99999785
83426957.0 1.0 1811.4096855622902 1 0.9999985
284532199.0 1.0 1811.2850019385949 1 1.0
28875006.0 0.0 1812.683032450095 0 0.0033351695
444140965.0 0.0 1812.369438818227 0 9.199261e-09
198280388.0 0.0 1811.1141230363928 3 0.0
280164550.0 1.0 1796.8452001604342 1 0.9995807
235933200.0 0.0 1799.4913421768633 2 6.6422054e-15
410440661.0 1.0 1799.7027580486165 1 0.99999964
317470793.0 0.0 1793.888341212595 3 0.0
418698378.0 1.0 1810.2430718131186 1 0.99999696
241078868.0 0.0 1809.661164216502 3 0.0
63589145.0 1.0 1798.3911672847269 1 0.99998593
51029031.0 0.0 1808.9107163068359 0 0.023200123
356701798.0 0.0 1804.1358880659998 3 0.0
392536812.0 0.0 1806.156280104893 3 0.0
229461186.0 0.0 1812.0110721719732 3 0.0
22872830.0 1.0 1810.4953555650484 1 0.99999756
283251110.0 1.0 1794.9101826429076 1 1.0
410736221.0 1.0 1805.6406668369616 1 0.99995536
357822012.0 1.0 1796.4310663621072 1 0.99999934
293062484.0 1.0 1795.5158264488532 1 0.9999989
368735398.0 1.0 1805.409729516183 1 0.99999624
302309480.0 0.0 1811.1197161258358 2 3.3263914e-17
50122168.0 1.0 1811.2024659272033 1 0.99999374
384842902.0 0.0 1795.9527009549192 2 7.1280945e-20
299443090.0 0.0 1806.7027916945533 3 3.8673374e-29
366517381.0 0.0 1795.8038598362732 3 0.0
445486200.0 1.0 1798.7860370850174 1 1.0
250713220.0 0.0 1805.223941512006 0 5.7032466e-11
431874993.0 0.0 1808.8702021804918 0 0.0033552786
433699236.0 0.0 1808.8464889881939 0 5.0468843e-06
301338393.0 0.0 1805.6405544013974 2 2.8503266e-08
407422055.0 1.0 1805.534349316655 1 0.99999994
28779248.0 0.0 1797.9950550290466 2 3.1073356e-16
285788057.0 1.0 1795.6190743593504 1 0.9999981
10605393.0 1.0 1810.3064333875743 1 0.99999976
436883430.0 0.0 1808.974686408318 0 0.003336122
77451620.0 1.0 1805.5371272739815 1 0.9998386
377306452.0 1.0 1811.1355812906731 1 0.9999996
352955893.0 1.0 1795.7623551098986 1 1.0
354602800.0 0.0 1805.5352324974797 0 7.425887e-08
186592797.0 0.0 1805.3493729374977 0 2.1902235e-05
73448768.0 1.0 1794.3496671414298 1 0.99818087
219091027.0 0.0 1810.2194645503141 2 4.7520928e-32
192797375.0 1.0 1810.3702093680306 1 0.9999995
372269200.0 0.0 1808.848550541342 0 0.0007381633
255993777.0 0.0 1811.1369032287978 3 0.0058021443
21189379.0 0.0 1805.3223858270514 0 4.3170992e-05
400613911.0 1.0 1805.9526319906663 1 0.9994821
67714659.0 0.0 1800.141063132643 0 0.00010881252
450134143.0 0.0 1797.9943417551178 2 1.720231e-13
373900397.0 1.0 1798.8272786480836 1 0.9999997
270323569.0 0.0 1805.305285677835 2 7.049636e-23
357675863.0 1.0 1794.8482460539622 1 0.9999944
238653412.0 1.0 1799.4945939988984 1 1.0
452941403.0 0.0 1812.7017718270654 0 0.0007225684
280322140.0 0.0 1808.9101908255318 0 1.8930961e-05
445379425.0 1.0 1806.1605876035644 1 1.0
321732923.0 0.0 1797.8459434370104 2 5.3800095e-29
101223529.0 1.0 1794.661985877558 1 0.9999976
265004788.0 1.0 1796.6400114571202 1 0.99999696
236815701.0 1.0 1796.92744990488 1 0.9999974
71697381.0 1.0 1794.077683930537 1 0.9999984
230027382.0 1.0 1798.3445376648729 1 0.99993956
288497796.0 1.0 1810.4741933869493 1 0.9999939
101219416.0 0.0 1793.1411003458827 0 0.0028480552
385557679.0 0.0 1812.724811068207 0 0.0031324613
256306757.0 1.0 1795.576893181921 1 1.0
286217231.0 0.0 1808.9107144564002 0 9.599818e-06
327121759.0 0.0 1794.347776054994 3 2.2254878e-23
299443090.0 0.0 1810.2235590946327 3 3.0815402e-18
184690200.0 1.0 1795.2451552374914 1 0.99998015
232673247.0 1.0 1810.6770668271315 1 0.9999801
450136832.0 1.0 1810.4318223659898 1 1.0
453253005.0 1.0 1797.306553209449 1 1.0
385105755.0 0.0 1798.7241260228877 3 0.0
337465539.0 1.0 1806.3880166999331 1 0.9999716
317065894.0 1.0 1794.9295237187966 1 0.9988303
34750272.0 1.0 1795.6830861055428 1 0.99867123
401084204.0 1.0 1794.640121359231 1 1.0
353730394.0 1.0 1806.25997480209 1 0.99999744
410698991.0 0.0 1796.8903722030695 0 1.974383e-07
418257102.0 0.0 1799.1793029018418 3 0.0
285232880.0 0.0 1793.2437097495942 2 5.0359124e-18
275141419.0 1.0 1795.4929324326467 1 0.9999462
308711972.0 1.0 1805.4943163777336 1 0.9999996
450003259.0 1.0 1794.1605791705783 1 0.9977233
265470867.0 1.0 1794.410934841626 1 0.9999991
297778089.0 1.0 1810.202116497272 1 0.9999993
354424466.0 0.0 1808.846564208004 0 2.2044865e-08
203091945.0 1.0 1793.7867221207396 1 1.0
445367374.0 1.0 1799.3480580384328 1 0.99999994
192587088.0 0.0 1800.2034911228147 3 1.3967705e-13
405321539.0 1.0 1796.5335505162384 1 0.9999998
101354250.0 1.0 1805.7455202417573 1 1.0
334258576.0 1.0 1810.7210100958102 1 0.9999982
428257299.0 0.0 1810.328181583951 3 0.0
359586060.0 1.0 1805.5519645459224 1 0.99995464
81908388.0 1.0 1795.0772268908381 1 1.0
50052128.0 1.0 1794.5353779518546 1 0.99999887
346783822.0 1.0 1796.7035349763241 1 1.0
387998423.0 1.0 1805.6789699532198 1 0.9999999
229583582.0 1.0 1797.949102003957 1 0.99870884
366760089.0 0.0 1805.2004110352927 0 5.1664274e-30
329246824.0 0.0 1811.7182275204923 3 0.0
139532660.0 1.0 1794.5576549596235 1 0.9999956
362104646.0 0.0 1812.344357819657 0 0.001303171
251306584.0 1.0 1806.2026230682577 1 0.9999982
72028676.0 1.0 1799.6402312103935 1 0.9999082
149921857.0 1.0 1795.703752416645 1 0.9999671
372057967.0 0.0 1808.8669040004636 0 4.336124e-05
347581893.0 1.0 1793.9317349980083 1 1.0
366189548.0 1.0 1796.6602824682884 1 0.99999976
229782278.0 1.0 1798.969633990187 1 1.0
406837454.0 1.0 1799.4936420656593 1 1.0
202839485.0 0.0 1794.8700534170384 3 2.501515e-08
279509403.0 0.0 1797.1811174972693 3 0.04729116
34715957.0 1.0 1811.2455193390597 1 1.0
229401086.0 1.0 1799.1778996333421 1 0.9993386
229741985.0 0.0 1800.4072262311076 3 3.9365815e-28
83812531.0 0.0 1799.076701615077 3 4.544908e-15
279704777.0 1.0 1811.3051036085708 1 1.0
346594286.0 1.0 1796.47467863795 1 0.9996166
245424467.0 1.0 1798.8068834185594 1 0.99999964
196748984.0 1.0 1793.7445550629764 1 0.999978
192253565.0 1.0 1794.1201110474854 1 0.99999994
264615805.0 0.0 1808.4943755036948 3 1.7104142e-06
138016765.0 0.0 1796.6412309841016 0 0.003177476
301831915.0 1.0 1796.8280486086185 1 0.9999945
72029696.0 1.0 1797.1402043256946 1 1.0
368166671.0 1.0 1805.5760841341914 1 0.99999976
315809565.0 1.0 1793.5124199965462 1 0.9999974
434717527.0 0.0 1805.200923604092 0 1.4288393e-05
388435585.0 1.0 1805.9715093044879 1 0.99999857
115919370.0 1.0 1811.5572669846838 1 0.99981534
388602832.0 0.0 1808.429895378249 3 0.0
373953568.0 1.0 1797.827055738274 1 0.9999497
264304927.0 1.0 1811.345997094234 1 1.0
237291130.0 1.0 1811.2202720914177 1 1.0
52630300.0 1.0 1793.8270115422497 1 0.99999964
129980679.0 1.0 1793.3077167493936 1 0.99999994
421691437.0 0.0 1800.13947698642 0 5.9461563e-12
368312092.0 1.0 1796.5552887606673 1 1.0
256480739.0 0.0 1798.3687994532002 2 6.880182e-13
379164948.0 1.0 1805.7016247912861 1 0.9998047
280033934.0 0.0 1801.9284782293441 3 0.0
229980118.0 1.0 1796.782251579993 1 1.0
71932148.0 0.0 1793.327434295323 0 1.098034e-22
139378834.0 0.0 1810.0785558705109 3 8.943518e-08
230380918.0 1.0 1796.219583649238 1 0.99999994
436882477.0 1.0 1810.703828532008 1 0.9999157
198517828.0 0.0 1809.4473988685857 0 0.001767835
378992100.0 0.0 1808.868097517527 0 8.562128e-18
317013036.0 0.0 1794.3463218851534 2 9.899301e-32
260028116.0 0.0 1795.2026718093748 2 6.1620373e-18
192466212.0 0.0 1812.4951191014954 0 0.0017996749
230011931.0 1.0 1797.4071087999605 1 0.9999987
286328028.0 0.0 1808.973258700656 0 1.8850704e-10
396615018.0 0.0 1808.1825742364063 3 6.3108825e-19
270930675.0 1.0 1800.0970744512745 1 1.0
117801360.0 1.0 1811.4531284144382 1 1.0
272323346.0 0.0 1805.2221935782065 0 3.765603e-09
247400166.0 1.0 1810.2454757268617 1 0.99999917
229676244.0 0.0 1808.6990264024826 3 7.1854416e-08
311830172.0 1.0 1795.3896134522201 1 1.0
354399081.0 1.0 1799.1196655034496 1 1.0
348444259.0 0.0 1812.3693067213208 0 3.417626e-16
377279511.0 1.0 1794.6383883817464 1 0.9999768
399718322.0 1.0 1805.5341876954212 1 0.9999997
247008899.0 1.0 1793.5581718098604 1 0.99990475
77260066.0 1.0 1795.1203873755883 1 0.9999997
237208852.0 1.0 1795.9285830185036 1 0.9999998
385402078.0 0.0 1793.7649915657898 2 3.2655184e-22
372217400.0 0.0 1805.7836574756743 2 8.617378e-06
240873079.0 0.0 1805.5359292419848 3 0.0
441738440.0 0.0 1805.2196045377277 2 1.6672347e-36
431776481.0 1.0 1798.6616642373 1 0.99999994
129763447.0 1.0 1810.9116886064842 1 0.99999905
375600883.0 0.0 1808.8462304495145 0 2.2357018e-09
230007539.0 0.0 1805.1986535777137 0 1.9175536e-12
470710327.0 0.0 1800.5139803414106 3 0.0
284357742.0 0.0 1810.4690966727644 2 4.127558e-16
326819671.0 1.0 1797.6391765790177 1 0.9999986
52945191.0 1.0 1811.2852818413544 1 1.0
280071241.0 1.0 1810.6367823496187 1 1.0
117260298.0 0.0 1805.2449070634395 0 0.0001541504
233208885.0 0.0 1794.5942465005394 3 0.0
415836214.0 1.0 1794.869845108005 1 0.99999964
445300077.0 1.0 1798.3480810507576 1 0.9999997
301470022.0 1.0 1805.6613782833842 1 0.9999997
389909640.0 1.0 1796.056325494277 1 1.0
378585919.0 0.0 1799.3053612742367 2 5.9950614e-14
335480540.0 1.0 1795.4713971982499 1 1.0
81917019.0 1.0 1797.4522302566809 1 0.99999994
229751802.0 0.0 1809.386308528755 3 0.0
245422412.0 1.0 1794.1817763575693 1 0.99999994
219772326.0 0.0 1797.9685021853873 0 5.6655896e-08
341840183.0 1.0 1798.989097475936 1 0.9999991
444465045.0 0.0 1810.764032086808 2 6.616478e-07
245399303.0 1.0 1799.1401142924924 1 1.0
444492163.0 1.0 1793.3477130197832 1 0.9999948
387877452.0 1.0 1793.6166111433079 1 1.0
396602795.0 1.0 1796.9302611055666 1 1.0
420844059.0 1.0 1797.4727863305293 1 0.9999995
178109914.0 1.0 1805.8702542766696 1 0.9999999
83812531.0 0.0 1806.9724168156522 3 9.2052485e-12
116987954.0 1.0 1797.6198148436588 1 0.99999976
452915157.0 1.0 1799.181272837573 1 0.9999911
378588553.0 1.0 1798.4719780899352 1 0.9999998
292521707.0 1.0 1793.8907741710777 1 1.0
81451527.0 1.0 1796.0771653608413 1 0.999981
289357318.0 1.0 1805.7222213591776 1 1.0
73446163.0 1.0 1794.5995652520855 1 0.9999981
321721023.0 1.0 1793.616811023178 1 1.0
49942621.0 0.0 1811.3066487734143 2 5.3395406e-06
326815804.0 0.0 1805.3890035377058 3 1.0615745e-06
82620725.0 1.0 1795.869099914867 1 0.99972045
366830370.0 1.0 1793.9503495074634 1 0.9996519
286013049.0 1.0 1794.9524090637979 1 1.0
302389677.0 1.0 1811.286286723129 1 0.99999684
445189295.0 1.0 1797.6815007828018 1 1.0
117266204.0 1.0 1795.8697660210541 1 0.99999434
229761994.0 0.0 1805.2402989356674 0 1.2947411e-06
249953542.0 1.0 1806.1612911087025 1 0.99999857
453182308.0 1.0 1811.3480277538224 1 0.999999
428412764.0 0.0 1812.7014969342472 0 0.00089156494
367453933.0 1.0 1793.5755497088307 1 1.0
410473112.0 1.0 1797.7861164054896 1 1.0
354542776.0 1.0 1794.5570349538025 1 1.0
12984854.0 1.0 1811.119080013868 1 0.99999654
427933343.0 1.0 1797.7636148189376 1 0.999999
256509726.0 1.0 1810.9696371625064 1 0.9997683
275761795.0 1.0 1811.1393682553128 1 1.0
233501141.0 1.0 1796.573683846852 1 1.0
387757211.0 1.0 1799.9915440178786 1 0.9999441
445258408.0 0.0 1798.7646896700023 2 5.006726e-06
317714210.0 1.0 1794.6384403120803 1 0.9999969
315937374.0 0.0 1793.9732667852397 3 0.0
357129008.0 1.0 1805.968646163428 1 0.99972844
237285803.0 1.0 1793.5953425639761 1 1.0
72148043.0 1.0 1798.077676678408 1 0.9999992
399829373.0 1.0 1811.5136670167014 1 0.99999994
428750898.0 1.0 1794.6590675028576 1 0.9999977
333063055.0 1.0 1796.4731742380272 1 0.9999998
387410857.0 0.0 1793.3247953532018 0 1.5432735e-06
398016107.0 0.0 1798.7224552892767 2 3.2859767e-28
369728298.0 0.0 1809.2016881606958 0 2.8034086e-05
198158554.0 0.0 1808.8431943801381 0 0.0036524383
299332103.0 1.0 1798.8691711744902 1 0.9999937
240897491.0 1.0 1794.7651724050816 1 0.9999988
117806874.0 1.0 1805.682424703904 1 1.0
395651443.0 1.0 1795.5972863824152 1 0.9999754
104150224.0 1.0 1805.973945515089 1 1.0
327250458.0 0.0 1809.180818374647 0 3.838344e-08
354798745.0 0.0 1808.8490764665157 0 0.000674953
408890640.0 0.0 1796.8253295350191 0 7.912056e-08
428740800.0 1.0 1810.138441017983 1 0.99999934
236771428.0 1.0 1799.0529675349014 1 1.0
259096259.0 0.0 1793.4074458234873 0 1.603167e-15
377983165.0 1.0 1796.930410998593 1 0.99996287
259387215.0 0.0 1805.2034614895338 0 0.0012215961
319916989.0 0.0 1809.1601843865385 0 2.69728e-07
353565609.0 0.0 1805.6600798199574 3 0.0
301331679.0 0.0 1796.8278968914558 0 6.9407706e-06
85526810.0 1.0 1795.4955079602144 1 0.9997886
399262667.0 0.0 1805.3062742404652 0 9.3020045e-12
326532943.0 0.0 1808.847257761393 0 0.0025461924
271529113.0 0.0 1793.68053448719 3 4.748708e-38
301639841.0 1.0 1811.390658562957 1 1.0
289092343.0 0.0 1810.6804513990187 2 1.8130156e-19
352406822.0 0.0 1805.241375977585 0 5.7602984e-20
400248487.0 1.0 1795.597356781426 1 0.99998444
420900038.0 1.0 1800.364116404507 1 0.9999404
379084220.0 0.0 1805.2014224885995 0 1.6926687e-07
400940488.0 0.0 1804.847484476776 3 0.8509495
396064878.0 0.0 1793.3052939360537 0 2.229872e-16
177804235.0 0.0 1796.6409967184359 0 0.0040118424
407061894.0 1.0 1796.1390038136049 1 0.9999959
252841977.0 0.0 1812.3698293251196 0 0.0006688926
50695261.0 1.0 1798.285696677544 1 1.0
203037041.0 0.0 1809.119924070913 0 0.0011037751
230074678.0 1.0 1806.4067544537522 1 0.99999964
434533224.0 1.0 1797.617705208965 1 1.0
202839835.0 1.0 1797.70338127713 1 0.99996316
280031408.0 0.0 1798.928444510125 2 0.0
233050322.0 1.0 1810.406302218218 1 1.0
73728595.0 1.0 1798.703810527027 1 0.9999999
387262737.0 0.0 1805.3666520759796 0 8.6856836e-08
198354443.0 0.0 1794.6555045994307 3 0.0
240957246.0 1.0 1806.1192419616232 1 0.9640649
322391933.0 1.0 1796.9502933874955 1 1.0
252852200.0 1.0 1799.4114825306933 1 0.9999966
54364874.0 1.0 1796.7021049385417 1 1.0
299331839.0 1.0 1799.5774968403457 1 0.9998525
272426464.0 0.0 1808.8470814870257 0 0.0013889928
252864392.0 0.0 1811.3907085168498 2 1.1087405e-17
398069666.0 1.0 1796.8268389104387 1 1.0
293125627.0 0.0 1809.0782002774765 0 0.0039225216
240701337.0 1.0 1798.7439764219478 1 0.9999567
116212469.0 0.0 1793.7446128687193 2 7.108388e-18
418030334.0 1.0 1798.6824882892881 1 0.9999819
362219768.0 0.0 1812.3453377558847 0 4.3737696e-06
200792924.0 1.0 1810.9536790173763 1 1.0
444499978.0 0.0 1809.1810667261525 0 3.6096449e-06
323139966.0 0.0 1796.6167617482843 2 1.627922e-12
357046213.0 0.0 1799.8850425205048 2 2.296885e-31
237290140.0 1.0 1805.220377118863 1 0.9999165
255802749.0 0.0 1812.597750333227 3 0.0
366714555.0 0.0 1808.8670320190688 0 2.2307473e-17
410737792.0 1.0 1811.2448223456554 1 0.9999998
427440292.0 1.0 1796.0134222984852 1 0.9995265
428259011.0 1.0 1793.5362438592988 1 0.9999563
34786930.0 1.0 1798.203971876074 1 0.9999997
250803626.0 0.0 1808.848686795673 0 3.5263679e-09
396573191.0 0.0 1805.5158828216968 3 5.0385587e-20
256312697.0 1.0 1794.2020048111456 1 0.9996696
395695392.0 1.0 1806.2848122315152 1 0.9999985
52181396.0 0.0 1797.6603278722957 2 1.0676905e-12
403434609.0 1.0 1794.4940503338262 1 1.0
139373516.0 1.0 1796.7035846595575 1 0.9999981
251707475.0 1.0 1794.0776026415203 1 1.0
265383570.0 1.0 1796.2444503058355 1 1.0
250832855.0 1.0 1798.5363688600673 1 1.0
26533207.0 0.0 1811.1622143308266 3 0.03905708
250799836.0 0.0 1805.2446551012624 0 1.9026527e-12
312675561.0 0.0 1799.118810392362 2 1.006867e-30
236971449.0 1.0 1796.5952624515692 1 1.0
395579121.0 0.0 1796.2220544721674 2 1.0780078e-16
428795527.0 0.0 1810.9512141789103 3 8.564078e-09
441737953.0 1.0 1798.8863439753175 1 0.9998564
432015131.0 0.0 1800.1409360827968 0 2.2176197e-07
400407608.0 1.0 1793.803187455551 1 1.0
256640207.0 0.0 1807.1376962140869 3 0.0
269104192.0 1.0 1810.2217798099887 1 1.0
198354443.0 0.0 1793.8846728814033 3 0.0
421117884.0 1.0 1796.0351553547234 1 1.0
370938403.0 1.0 1793.2440843978623 1 0.9883041
270542698.0 0.0 1805.2220719909328 0 4.3183387e-05
370209274.0 1.0 1811.098133312492 1 1.0
407517568.0 1.0 1796.4715242228567 1 1.0
369275335.0 0.0 1796.6603550829145 2 1.5215658e-09
327259175.0 0.0 1800.3071819402467 3 4.731987e-28
374923231.0 1.0 1795.6817418650553 1 1.0
265004082.0 0.0 1812.3484515653827 0 1.8227542e-05
317470793.0 0.0 1800.555013787501 3 0.0
410503622.0 1.0 1810.2859969663202 1 0.9999984
369279350.0 1.0 1798.7853072189007 1 0.9999593
395943632.0 1.0 1794.5969312021396 1 0.9994753
52940035.0 1.0 1796.243829859206 1 0.9999993
269326491.0 0.0 1805.2010415666211 0 9.1742863e-10
256112843.0 1.0 1798.1395013021465 1 1.0
289264036.0 1.0 1799.972290712272 1 0.99391085
265193530.0 0.0 1798.3069776657142 2 2.3467454e-11
252103833.0 1.0 1798.01480879342 1 0.9999975
367145711.0 1.0 1796.7839210700035 1 0.9999995
264730832.0 0.0 1808.9526598808443 0 5.773318e-10
186987168.0 1.0 1797.0160048262996 1 0.9999991
434973203.0 1.0 1799.7635137954524 1 1.0
192555038.0 0.0 1793.1408020491265 0 0.013078531
445577880.0 1.0 1798.7649887782077 1 0.9892126
264175806.0 1.0 1810.2823958881004 1 1.0
420500461.0 0.0 1805.3268316402105 3 2.0925308e-27
49656844.0 0.0 1811.535525819925 2 2.8300243e-26
177826793.0 0.0 1811.0577775966726 2 5.1883002e-05
410704161.0 0.0 1812.3490599054694 0 3.692249e-12
238802411.0 1.0 1805.536840666741 1 0.9999888
235935188.0 0.0 1793.1370891050071 0 1.8346556e-16
116613570.0 0.0 1808.8699309447043 0 2.9648383e-15
279275608.0 0.0 1805.5558516600504 0 5.2203543e-22
279923822.0 1.0 1805.450950279348 1 0.99999684
377204994.0 1.0 1799.4924165406742 1 0.9999886
317317635.0 1.0 1794.8879060679526 1 0.9999355
237068799.0 0.0 1805.2826639745324 0 1.5885774e-08
198392180.0 1.0 1811.5305028286848 1 1.0
428067638.0 1.0 1811.099001623669 1 1.0
392536812.0 0.0 1795.5314576125033 3 0.0
421692092.0 1.0 1796.868852297208 1 1.0
83424220.0 1.0 1796.2849086540882 1 0.9999989
198354443.0 0.0 1808.363845220389 3 0.0
236871714.0 0.0 1793.5535040629675 2 1.7569866e-27
229676244.0 0.0 1796.6363313716756 3 5.2028353e-16
117401886.0 1.0 1796.3072436036425 1 0.99999875
445608678.0 0.0 1812.3486092107476 0 5.42054e-18
420295248.0 1.0 1797.5769276104938 1 1.0
308875829.0 1.0 1810.9735419253457 1 0.9999508
302617877.0 1.0 1797.3061556698804 1 0.9997611
322261825.0 0.0 1805.2209659381385 0 2.1265885e-06
292469458.0 1.0 1795.3074963201943 1 0.99999887
405668961.0 1.0 1797.6406558792505 1 0.9999992
435167469.0 0.0 1812.3466078679164 0 8.0708907e-07
275636326.0 1.0 1797.8685410328017 1 0.9999991
236768822.0 1.0 1794.6984213229337 1 0.9999999
203008425.0 1.0 1796.349059898106 1 0.9999996
357099943.0 1.0 1805.7601695219848 1 0.99528015
279610102.0 0.0 1812.3465999820296 0 1.9798433e-07
258547695.0 1.0 1806.1160371692113 1 0.99999994
293189507.0 1.0 1795.2241912917953 1 0.9999996
264615805.0 0.0 1806.098556031911 3 3.7895865e-05
229401568.0 1.0 1810.573473295935 1 1.0
366557556.0 0.0 1811.1377794523862 3 0.0
312544937.0 1.0 1798.4730273412533 1 0.9999984
49854515.0 1.0 1810.639716680654 1 0.9999986
250964658.0 0.0 1798.286242027915 2 9.2193804e-26
71698199.0 0.0 1812.3900289026055 0 2.6283196e-05
200697851.0 1.0 1794.974263011744 1 1.0
376965007.0 1.0 1806.3673356108409 1 0.99996877
370947125.0 1.0 1810.1400572798177 1 0.9995637
240897594.0 0.0 1808.8482659857277 0 0.001396056
320179989.0 0.0 1812.6808599637789 0 0.0004274656
192379313.0 1.0 1793.8283680013756 1 0.9999797
46479770.0 1.0 1794.1621380012389 1 0.9999991
373514445.0 0.0 1808.8469212542586 0 3.0739224e-13
5674169.0 0.0 1794.9747037921652 3 0.00017645385
117118030.0 0.0 1808.849053649151 0 2.9128963e-05
367143265.0 1.0 1810.8254904431833 1 0.9999975
316468859.0 1.0 1797.3668513870505 1 0.99999756
353853850.0 0.0 1798.5727785590266 2 1.16202355e-05
302470040.0 0.0 1794.2448143715892 2 1.632955e-14
423455690.0 1.0 1797.8688966459226 1 1.0
410865445.0 0.0 1805.244907713454 0 2.370039e-13
292195734.0 1.0 1799.4115727528133 1 0.99992794
368375792.0 0.0 1808.888698738477 0 2.296578e-09
252168457.0 1.0 1794.973228788834 1 0.9999992
247006412.0 0.0 1808.8495568415526 0 0.002710754
192778416.0 0.0 1793.5573838130622 2 5.388534e-07
12550101.0 0.0 1809.0147397632547 0 0.0015827474
312460816.0 1.0 1795.598055743783 1 1.0
219853888.0 1.0 1794.6150489935007 1 0.9999992
224605072.0 0.0 1794.9264717165947 3 0.0
449936752.0 1.0 1806.3282428585649 1 0.9989161
256509568.0 0.0 1805.2197675549362 0 2.4584601e-13
445287089.0 0.0 1811.9519412194484 3 0.0
436860165.0 0.0 1809.3287956561724 0 0.0018580368
445370379.0 1.0 1797.2023030029038 1 0.9998531
379160838.0 0.0 1794.222559045315 2 0.0
230025052.0 1.0 1805.2820655555577 1 0.99999917
82689230.0 0.0 1808.9524085813555 0 1.2056853e-07
377054078.0 0.0 1811.239773644011 2 8.77326e-20
338652915.0 1.0 1799.6799049830627 1 1.0
275854772.0 1.0 1811.4313164267785 1 1.0
245393879.0 1.0 1793.7860010609709 1 0.9999959
349294422.0 0.0 1799.8288851128889 3 1.0465661e-20
232605278.0 0.0 1810.4896510820704 2 5.6967605e-17
422612577.0 0.0 1805.5134501521713 2 1.91376e-13
285339891.0 1.0 1794.0976590616494 1 0.99999994
10964753.0 1.0 1799.827338576411 1 1.0
284807429.0 1.0 1795.9934419916103 1 0.9999842
366471687.0 0.0 1798.9086665401735 2 3.2585457e-17
251103507.0 0.0 1808.848517763429 0 0.0033715295
233746837.0 0.0 1797.1357450382902 2 0.0
445663911.0 0.0 1793.327607735412 0 1.0166856e-23
186595806.0 0.0 1807.4119979188727 3 1.3874066e-34
229942307.0 0.0 1805.1984376858832 0 2.2794236e-05
293066086.0 0.0 1793.5573566788319 3 0.0
65643891.0 0.0 1793.1407009502466 0 0.0035696256
285181196.0 0.0 1801.0787039280813 3 5.965238e-09
420454160.0 1.0 1799.4515679789752 1 1.0
436864646.0 0.0 1806.0163517555256 2 2.4840732e-17
219107801.0 1.0 1799.5317799905354 1 1.0
350134739.0 0.0 1798.0753601571862 2 5.9681984e-16
357716723.0 0.0 1811.3223830758382 2 1.0954731e-23
322443520.0 1.0 1799.9711341554485 1 0.99999994
354112857.0 0.0 1798.9943707002926 2 1.2588664e-33
241111570.0 1.0 1793.6403188442778 1 0.9999997
272426187.0 1.0 1805.409655369567 1 1.0
245721512.0 1.0 1795.4317317996436 1 0.9999994
250451391.0 0.0 1796.6403383864251 0 0.00018182401
332813784.0 0.0 1812.7021466431947 0 2.9851622e-16
50192248.0 1.0 1797.0981996019661 1 0.9999972
418182095.0 1.0 1794.7218938346327 1 0.9999738
72088388.0 1.0 1794.68166952198 1 0.99999964
431761788.0 1.0 1795.8283256795114 1 0.9999953
198407968.0 1.0 1810.9266298467217 1 0.99999976
251435981.0 1.0 1798.8068309829196 1 0.9999996
445536159.0 1.0 1793.7859946980016 1 0.9999978
49938487.0 1.0 1796.3481152182883 1 0.9999979
264797541.0 0.0 1797.827556236616 2 8.696686e-13
327440316.0 0.0 1811.3695545364194 2 1.6278907e-16
219853736.0 1.0 1798.7401441429884 1 1.0
275482818.0 1.0 1796.1600838369068 1 0.99999094
288313472.0 1.0 1799.699243365859 1 0.9999472
116374184.0 0.0 1805.8282747760652 3 8.1956904e-07
249892880.0 0.0 1799.5154435152797 2 4.9157824e-34
200877923.0 1.0 1795.9117520009895 1 0.9999992
34787896.0 1.0 1798.6414562160287 1 1.0
331859125.0 1.0 1810.6606318918884 1 1.0
381733616.0 1.0 1797.0785777873166 1 0.99999887
367911059.0 1.0 1795.9716202376396 1 1.0
229614158.0 1.0 1799.7200916403945 1 1.0
83055897.0 0.0 1799.8475747894392 2 8.724762e-36
35087539.0 0.0 1796.6414177398915 0 0.0034295518
354837672.0 1.0 1798.4520544749248 1 1.0
445319458.0 0.0 1810.2436467811458 2 9.869071e-15
374132843.0 0.0 1808.9314365926864 0 2.772453e-06
289094230.0 0.0 1805.2011534460426 0 1.4458014e-15
178139182.0 1.0 1806.4328534179797 1 0.99999577
385240485.0 1.0 1806.1409410140886 1 0.99999756
72079125.0 1.0 1798.723355791635 1 1.0
402372496.0 0.0 1812.6825778700825 0 0.003802265
410705101.0 1.0 1798.8489498797555 1 0.99999243
445276947.0 0.0 1796.4940478194053 99 1.3916903e-18
351608268.0 0.0 1805.722224902668 99 0.4894737
332984914.0 0.0 1794.2648518700191 99 1.794379e-05
445334311.0 0.0 1799.7229823532873 99 2.1528242e-08
252854352.0 0.0 1810.2032023574097 99 4.0667e-07
284565098.0 0.0 1796.0111790022456 99 7.914538e-06
410474261.0 0.0 1799.5153150028457 99 6.48968e-10
250558036.0 0.0 1805.765567853678 99 0.011635307
291838547.0 0.0 1798.8281050338335 99 7.0973096e-17
317596624.0 0.0 1798.0548752066707 99 1.4775994e-08
347113041.0 0.0 1811.2014720955353 99 2.3759083e-05
397798163.0 0.0 1810.222209703715 99 1.3679291e-10
77357818.0 0.0 1793.2870850500394 99 5.468936e-10
322341921.0 0.0 1797.994413666694 99 3.2510907e-09
321857254.0 0.0 1811.1582398969679 99 1.2277902e-10
354788350.0 0.0 1810.744913851074 99 1.1255013e-05
229476840.0 0.0 1796.969738358385 99 5.2918915e-07
368679344.0 0.0 1805.9932642055644 99 4.688853e-13
309138041.0 0.0 1793.369498483546 99 0.00045127797
305294281.0 0.0 1805.699549847312 99 1.2955965e-13
308618427.0 0.0 1796.3069065198226 99 2.0031336e-13
387998423.0 0.0 1805.6789699532198 99 1.6721233e-17
83148011.0 0.0 1795.076581877624 99 9.723449e-14
264194165.0 0.0 1806.40842023363 99 3.1955013e-05
229775786.0 0.0 1797.4905851133246 99 9.792547e-12
412353535.0 0.0 1799.7836866391378 99 8.91606e-16
219096077.0 0.0 1805.469570174555 99 2.2355953e-09
65643666.0 0.0 1810.3910071467876 99 1.4720014e-12
387810926.0 0.0 1798.116559001889 99 1.1689989e-36
51952457.0 0.0 1811.535158523776 99 8.3128136e-05
315774811.0 0.0 1794.2415755382178 99 2.3123457e-19
444527225.0 0.0 1793.1813108453548 99 8.37047e-15
316468859.0 0.0 1797.3668513870505 99 4.140811e-07
292398977.0 0.0 1805.3906889236637 99 4.7543627e-12
311188690.0 0.0 1794.8441814583803 99 1.00816904e-13
444112903.0 0.0 1799.2026976671777 99 8.950543e-17
379598769.0 0.0 1811.4937243922864 99 0.0014751176
396195920.0 0.0 1796.784475922978 99 4.4114327e-15
13697650.0 0.0 1798.5562552314766 99 9.975116e-32
184564607.0 0.0 1796.7867937601263 99 8.481402e-09
260034780.0 0.0 1796.9528659802859 99 0.05429341
198407968.0 0.0 1810.9266298467217 99 1.8729565e-14
65572200.0 0.0 1794.7865061575146 99 4.649568e-10
353505793.0 0.0 1806.0335063096647 99 4.9818375e-26
434533224.0 0.0 1797.617705208965 99 4.5667086e-12
400951648.0 0.0 1805.7241354025477 99 1.8198056e-12
321688056.0 0.0 1805.3250096928302 99 8.00952e-12
268055290.0 0.0 1805.5948293401525 99 2.8297018e-10
272331853.0 0.0 1795.4930976221892 99 0.7646889
405321539.0 0.0 1796.5335505162384 99 1.192282e-11
192468117.0 0.0 1810.7451903197687 99 1.2914673e-08
229474843.0 0.0 1793.490614967445 99 2.7885644e-06
445370379.0 0.0 1797.2023030029038 99 2.753254e-05
50192248.0 0.0 1797.0981996019661 99 2.3830955e-08
394120578.0 0.0 1795.0533857721323 99 8.359346e-12
53870458.0 0.0 1798.9937347210625 99 1.8391404e-12
116723709.0 0.0 1798.4948358951287 99 2.7425284e-12
14039615.0 0.0 1810.2024639875171 99 0.0
317317635.0 0.0 1794.8879060679526 99 4.753976e-05
402204433.0 0.0 1795.3491948834603 99 1.7180776e-12
356820347.0 0.0 1805.7195981747245 99 6.708328e-17
186665508.0 0.0 1795.370165316949 99 8.68604e-06
445515145.0 0.0 1793.4526056809893 99 2.7133428e-13
403999744.0 0.0 1811.1602809013023 99 8.3980675e-16
396385069.0 0.0 1810.5348767674661 99 3.9384893e-13
250473901.0 0.0 1798.9112990519093 99 7.2630655e-07
67422158.0 0.0 1798.682501428369 99 7.001121e-07
327795075.0 0.0 1794.4949030280923 99 1.7622298e-26
13266774.0 0.0 1794.8271906091304 99 3.857042e-20
272420313.0 0.0 1805.5137662405991 99 6.487217e-07
279840730.0 0.0 1795.8272501873978 99 2.267435e-15
308288288.0 0.0 1798.5362120883337 99 2.0870024e-12
265292969.0 0.0 1810.5568570329663 99 4.3598428e-13
327585721.0 0.0 1795.4310641688912 99 1.0400334e-12
232673247.0 0.0 1810.6770668271315 99 5.361845e-06
279345941.0 0.0 1799.5350332906019 99 2.5570291e-16
389768025.0 0.0 1799.4523037325114 99 3.6458437e-13
255879260.0 0.0 1810.618484131649 99 3.4290657e-16
192690338.0 0.0 1793.9950527699425 99 9.901329e-12
338647367.0 0.0 1797.388280878593 99 1.1489457e-09
196778038.0 0.0 1806.306836488602 99 1.9372356e-16
101347969.0 0.0 1794.5371323647066 99 1.7312556e-23
422517498.0 0.0 1793.9712121958992 99 1.1646265e-16
390858559.0 0.0 1811.4939815574169 99 4.0397067e-06
332497602.0 0.0 1810.6188545614689 99 2.5527974e-10
241120346.0 0.0 1793.5571884659412 99 1.4419075e-11
11153481.0 0.0 1800.285663391636 99 0.0034238917
331978614.0 0.0 1793.9315458162307 99 4.47322e-10
332476739.0 0.0 1805.614256708805 99 1.332297e-09
68153389.0 0.0 1798.3285268895916 99 1.2218409e-09
256802026.0 0.0 1810.407265616012 99 5.8976516e-13
251599364.0 0.0 1799.431864886751 99 5.452304e-13
403525927.0 0.0 1794.036013696444 99 8.2167684e-10
270066455.0 0.0 1796.4120621692634 99 2.9779815e-07
366517287.0 0.0 1805.6580663911523 99 5.837368e-06
279603463.0 0.0 1797.2425506847 99 3.641335e-12
368598073.0 0.0 1797.9303311697176 99 2.0211345e-15
394119895.0 0.0 1797.9909528145079 99 2.5410076e-36
417485408.0 0.0 1799.326839197671 99 2.0662948e-16
289992867.0 0.0 1805.2840123730778 99 1.2609127e-06
73565936.0 0.0 1794.1203804355994 99 1.7006118e-20
35087539.0 0.0 1810.7664076378337 99 0.038771845
358901093.0 0.0 1797.8676944333704 99 3.0691088e-23
445189295.0 0.0 1797.6815007828018 99 3.564025e-20
317065894.0 0.0 1794.9295237187966 99 2.4294935e-05
94448601.0 0.0 1798.453762495035 99 1.9185943e-29
12320313.0 0.0 1796.868853822448 99 3.2161703e-20
377204994.0 0.0 1799.4924165406742 99 2.580791e-10
240897659.0 0.0 1796.3068315567689 99 1.0337276e-10
219428801.0 0.0 1810.3436111221313 99 3.3603213e-14
104146528.0 0.0 1797.3695814222215 99 5.1805943e-16
219092595.0 0.0 1810.9693206824513 99 7.633545e-12
381461128.0 0.0 1805.2662818481242 99 2.3474757e-14
279662725.0 0.0 1797.2219178944085 99 7.1942425e-09
274804128.0 0.0 1794.7010560607337 99 1.2698846e-11
441723615.0 0.0 1797.8863795651378 99 3.55089e-08
376196655.0 0.0 1795.3057838622312 99 4.328977e-09
368166671.0 0.0 1805.5760841341914 99 1.13922e-16
309054541.0 0.0 1810.660897730516 99 1.262789e-10
441797142.0 0.0 1796.4902915455755 99 6.76317e-22
12743937.0 0.0 1798.868854099364 99 0.00017855472
83800874.0 0.0 1795.9307167508389 99 9.675772e-07
194673250.0 0.0 1794.4118840835574 99 1.0185997e-15
285669283.0 0.0 1799.223787536014 99 2.8431098e-16
433140550.0 0.0 1793.3078369355728 99 4.7679726e-13
366868814.0 0.0 1805.992132039905 99 2.553982e-06
256666535.0 0.0 1810.8655255814194 99 5.271275e-07
312549913.0 0.0 1798.7857347501802 99 2.071205e-22
72028676.0 0.0 1799.6402312103935 99 0.14903231
178082630.0 0.0 1794.0784793023024 99 7.3973595e-08
34753451.0 0.0 1805.9539566516544 99 3.5443952e-06
186811892.0 0.0 1796.9743420356683 99 3.746161e-16
368887984.0 0.0 1795.7015575857886 99 6.6188175e-20
428735490.0 0.0 1811.0761677582852 99 0.0010389942
450144143.0 0.0 1796.890062196728 99 9.0065996e-08
354119199.0 0.0 1811.0543361189993 99 5.3677406e-14
445234958.0 0.0 1798.3689234969638 99 2.509674e-06
366241770.0 0.0 1794.8684085229456 99 1.6607777e-30
403336243.0 0.0 1810.764226961674 99 5.0402255e-11
441765083.0 0.0 1806.240750213488 99 8.717558e-10
238793257.0 0.0 1794.7866178136107 99 1.9304988e-10
275603383.0 0.0 1798.1375280117545 99 1.8562719e-06
256509726.0 0.0 1810.9696371625064 99 1.4116316e-05
130061105.0 0.0 1798.7451738909801 99 1.9729544e-13
372392503.0 0.0 1796.4296294424078 99 6.122112e-18
299331839.0 0.0 1799.5774968403457 99 4.9388706e-09
101348176.0 0.0 1796.808011136311 99 2.8315603e-09
104058673.0 0.0 1794.8072040842806 99 1.5970969e-07
34691690.0 0.0 1796.6206201267232 99 2.8167442e-11
241033083.0 0.0 1799.4526519485546 99 5.1352005e-13
137084084.0 0.0 1798.4930775256244 99 4.7957494e-15
251707475.0 0.0 1794.0776026415203 99 2.7000591e-17
284913939.0 0.0 1798.4518149790317 99 2.2740514e-09
250798686.0 0.0 1793.2030176464477 99 3.889462e-11
406598195.0 0.0 1799.0760742650582 99 7.0682626e-10
420136842.0 0.0 1796.7618451358253 99 0.00024015422
334487981.0 0.0 1793.6171936493602 99 3.8319467e-10
251387790.0 0.0 1805.6402711511432 99 1.9276229e-16
389842621.0 0.0 1797.9938040029556 99 3.1371234e-31
423455690.0 0.0 1797.8688966459226 99 9.105432e-35
72088388.0 0.0 1794.68166952198 99 4.8565214e-11
285273517.0 0.0 1795.0996481920217 99 6.106506e-11
275150367.0 0.0 1796.2219281818218 99 2.371951e-14
63468121.0 0.0 1797.7662116275528 99 4.96092e-26
427440292.0 0.0 1796.0134222984852 99 1.5007564e-05
240901555.0 0.0 1793.286182302801 99 7.0604633e-13
367092233.0 0.0 1806.3672134817205 99 4.3461338e-07
312774962.0 0.0 1794.9730355103918 99 0.22323817
194657940.0 0.0 1810.80777213409 99 2.7667651e-12
270919139.0 0.0 1796.53475551494 99 1.7105985e-13
116217056.0 0.0 1796.5989761553512 99 1.5621181e-12
331516361.0 0.0 1794.9940376676934 99 1.7403855e-06
20871003.0 0.0 1798.8699908259498 99 2.718316e-09
279754247.0 0.0 1797.0563195434797 99 5.8196473e-12
428169511.0 0.0 1793.4945544197285 99 1.5408858e-12
94372467.0 0.0 1796.0369542722476 99 4.776295e-12
129909190.0 0.0 1796.9535814050982 99 8.9229395e-11
12647445.0 0.0 1794.598255649266 99 8.956933e-09
377292876.0 0.0 1794.4068175596678 99 6.449618e-12
235902559.0 0.0 1805.6164824334214 99 2.1939695e-09
321592850.0 0.0 1799.512560840794 99 4.9403855e-07
83970704.0 0.0 1810.722256016159 99 3.4133316e-13
387507677.0 0.0 1794.0539407827803 99 2.4608539e-16
444356631.0 0.0 1796.680964420139 99 0.0033334407
184612384.0 0.0 1795.536763949132 99 4.860085e-20
235989720.0 0.0 1799.1580708197396 99 1.7856229e-26
72148043.0 0.0 1798.077676678408 99 1.2115342e-10
237197609.0 0.0 1795.740957127629 99 1.5620994e-28
415975420.0 0.0 1811.2657379383488 99 1.1225631e-25
241087623.0 0.0 1805.3278125187985 99 4.653851e-11
441807493.0 0.0 1797.4280104173965 99 4.9392296e-16
420262766.0 0.0 1795.1579824587452 99 2.2729741e-06
399799675.0 0.0 1795.700731388304 99 2.291376e-06
384601642.0 0.0 1796.1818513857793 99 3.5684051e-09
359039530.0 0.0 1799.6599122023486 99 9.877135e-07
250936633.0 0.0 1793.536480680296 99 2.4105866e-25
378287918.0 0.0 1797.9515347196173 99 1.5552941e-17
289723181.0 0.0 1800.3641615792783 99 1.1859486e-09
186944085.0 0.0 1794.8702604652915 99 6.146044e-20
117314464.0 0.0 1810.286473949273 99 3.1908973e-13
229956001.0 0.0 1795.802933728579 99 1.7029661e-15
396242679.0 0.0 1796.951389353578 99 0.00012109997
126097648.0 0.0 1798.6829696092573 99 3.8488806e-11
265460678.0 0.0 1797.5138067478722 99 2.393648e-10
331605323.0 0.0 1794.5980937344657 99 5.4119438e-11
219794282.0 0.0 1810.9685179361852 99 3.185488e-05
63589145.0 0.0 1798.3911672847269 99 3.0781464e-07
334798380.0 0.0 1799.6346669204868 99 3.9970964e-06
341817206.0 0.0 1810.6766673874022 99 1.5308084e-05
201356721.0 0.0 1795.0784212945082 99 6.020409e-10
194814044.0 0.0 1794.4742824383893 99 0.00011567919
198206706.0 0.0 1794.1558775656893 99 6.993774e-27
270812636.0 0.0 1805.4512315733552 99 2.7208752e-15
63468874.0 0.0 1810.4534449532161 99 4.9039635e-08
230087876.0 0.0 1794.3856261650337 99 5.7906285e-15
50694186.0 0.0 1798.8065142763535 99 0.0
331364868.0 0.0 1810.9922581940964 99 7.591928e-20
377279511.0 0.0 1794.6383883817464 99 1.4140294e-07
408896537.0 0.0 1810.47087474087 99 2.6998896e-05
312856774.0 0.0 1805.9731044792256 99 3.901516e-17
327183309.0 0.0 1793.6197037716602 99 4.440306e-10
83897099.0 0.0 1799.3683931720907 99 4.469353e-07
34885040.0 0.0 1811.1414036078177 99 2.2948748e-20
83809264.0 0.0 1797.7016677966285 99 4.3626777e-10
321721023.0 0.0 1793.616811023178 99 3.651713e-23
427955700.0 0.0 1797.6594532334125 99 3.1880353e-11
233079895.0 0.0 1811.239875266335 99 3.9579258e-13
320497478.0 0.0 1806.1139278773865 99 6.097886e-07
397282402.0 0.0 1795.035251629634 99 4.562106e-22
333072716.0 0.0 1799.452600512193 99 1.0791555e-09
270241552.0 0.0 1810.5134854597807 99 3.8931144e-18
73693973.0 0.0 1795.2871437010394 99 1.7305657e-08
288513991.0 0.0 1800.512091658676 99 2.13807e-06
368596977.0 0.0 1795.9720256159844 99 3.038198e-20
272781956.0 0.0 1797.1979320879768 99 1.0523623e-10
279522672.0 0.0 1810.5341212602937 99 6.4258243e-06
311704577.0 0.0 1796.4731025870256 99 1.3373278e-09
129686740.0 0.0 1796.391056921562 99 1.5894294e-15
351686387.0 0.0 1794.95164791033 99 2.3634211e-17
245721512.0 0.0 1795.4317317996436 99 1.5461565e-07
316131319.0 0.0 1805.9111360558277 99 3.035321e-15
392571860.0 0.0 1798.5939618701025 99 5.7924785e-17
320269111.0 0.0 1795.2021434155597 99 5.811761e-23
203091945.0 0.0 1793.7867221207396 99 8.417444e-15
229960907.0 0.0 1810.552698662751 99 8.068351e-20
269039656.0 0.0 1798.7219962101904 99 1.3092843e-17
247003756.0 0.0 1811.0786504386358 99 1.3084195e-11
395651443.0 0.0 1795.5972863824152 99 9.6721855e-08
63676031.0 0.0 1794.4954161344742 99 1.2997751e-16
265296856.0 0.0 1805.9944391366225 99 3.4962935e-11
229403092.0 0.0 1799.7195651083916 99 0.0
10602308.0 0.0 1811.535545217716 99 0.0
427751281.0 0.0 1796.0968680609433 99 0.0
233544425.0 0.0 1795.3026732769 99 0.0
280326335.0 0.0 1796.4725821853563 99 0.0
424097780.0 0.0 1794.6616992170743 99 0.0
22872830.0 0.0 1810.4953555650484 99 0.0
279840549.0 0.0 1795.827245090819 99 0.0
198414763.0 0.0 1811.426258232376 99 0.0
219853736.0 0.0 1798.7401441429884 99 0.0
417643330.0 0.0 1811.137366124877 99 0.0
21178341.0 0.0 1795.953923460654 99 0.0
268055290.0 0.0 1805.5948293401525 99 0.0
177826386.0 0.0 1810.4952981987772 99 0.0
101221317.0 0.0 1793.724547062317 99 0.0
13100138.0 0.0 1811.179862850443 99 0.0
250801736.0 0.0 1810.4320465953774 99 0.0
139507941.0 0.0 1798.6619694484953 99 0.0
233499659.0 0.0 1797.1568523478697 99 0.0
433354775.0 0.0 1810.2660741956574 99 0.0
35118298.0 0.0 1797.8497411392934 99 0.0
14037881.0 0.0 1810.639993724583 99 0.0
264805538.0 0.0 1805.8902956599895 99 0.0
177800448.0 0.0 1794.474434772517 99 0.0
415961002.0 0.0 1796.5781674155824 99 0.0
298783660.0 0.0 1805.3851176860044 99 0.0
396238721.0 0.0 1793.9306107203868 99 0.0
427585571.0 0.0 1805.429930867778 99 0.0
392571860.0 0.0 1798.5939618701025 99 0.0
129901574.0 0.0 1810.9117316392703 99 0.0
422259529.0 0.0 1795.0147190077664 99 0.0
192253565.0 0.0 1794.1201110474854 99 0.0
241067505.0 0.0 1799.7028997142506 99 0.0
347943876.0 0.0 1810.452631641617 99 0.0
401325284.0 0.0 1795.4716651141298 99 0.0
52942173.0 0.0 1806.1812323688036 99 0.0
14041818.0 0.0 1797.9940291332703 99 0.0
377279511.0 0.0 1794.6383883817464 99 0.0
374303249.0 0.0 1798.452342242171 99 0.0
236873930.0 0.0 1796.1576824503843 99 0.0
200731353.0 0.0 1794.0368097431665 99 0.0
284565098.0 0.0 1796.0111790022456 99 0.0
389909640.0 0.0 1796.056325494277 99 0.0
129763447.0 0.0 1810.9116886064842 99 0.0
376038929.0 0.0 1793.5964253309498 99 0.0
258510183.0 0.0 1811.553427758224 99 0.0
20869155.0 0.0 1797.369894460647 99 0.0
418182095.0 0.0 1794.7218938346327 99 0.0
378380377.0 0.0 1805.2639043009058 99 0.0
138021649.0 0.0 1795.6203924714966 99 0.0
407017121.0 0.0 1795.7850795992786 99 0.0
444527225.0 0.0 1793.1813108453548 99 0.0
12987231.0 0.0 1794.8690800605336 99 0.0
71975603.0 0.0 1799.181682488839 99 0.0
293189507.0 0.0 1795.2241912917953 99 0.0
63560370.0 0.0 1794.9328232523185 99 0.0
200877923.0 0.0 1795.9117520009895 99 0.0
251360274.0 0.0 1805.4319344523683 99 0.0
357675863.0 0.0 1794.8482460539622 99 0.0
199682938.0 0.0 1810.6555945550303 99 0.0
401009243.0 0.0 1805.5153551456713 99 0.0
311235091.0 0.0 1805.656355682419 99 0.0
348019467.0 0.0 1799.390096820236 99 0.0
362219768.0 0.0 1794.5743737035427 99 0.0
320269111.0 0.0 1795.2021434155597 99 0.0
289723181.0 0.0 1800.3641615792783 99 0.0
444591798.0 0.0 1794.0354262933 99 0.0
322267867.0 0.0 1793.8044560918488 99 0.0
334800701.0 0.0 1797.0129935144805 99 0.0
249919744.0 0.0 1794.244654000001 99 0.0
200697851.0 0.0 1794.974263011744 99 0.0
269889563.0 0.0 1797.0163208026102 99 0.0
428385852.0 0.0 1795.6197227345813 99 0.0
283251110.0 0.0 1794.9101826429076 99 0.0
250936633.0 0.0 1793.536480680296 99 0.0
367429972.0 0.0 1798.929714219647 99 0.0
279597885.0 0.0 1798.409990098982 99 0.0
326819671.0 0.0 1797.6391765790177 99 0.0
333784173.0 0.0 1795.5955644570965 99 0.0
422563390.0 0.0 1797.6384094740692 99 0.0
434533224.0 0.0 1797.617705208965 99 0.0
407380852.0 0.0 1810.3070410245546 99 0.0
283019241.0 0.0 1798.2015498819085 99 0.0
352775340.0 0.0 1796.8473360982102 99 0.0
233679313.0 0.0 1795.7809245827218 99 0.0
265345292.0 0.0 1796.5967338645662 99 0.0
385401741.0 0.0 1810.1402593258656 99 0.0
405415257.0 0.0 1793.6830120402192 99 0.0
352929692.0 0.0 1810.743269111043 99 0.0
366189548.0 0.0 1796.6602824682884 99 0.0
203095395.0 0.0 1793.6200176233933 99 0.0
327441658.0 0.0 1799.3697529598933 99 0.0
279522672.0 0.0 1810.5341212602937 99 0.0
450008897.0 0.0 1793.6814534419652 99 0.0
359483336.0 0.0 1797.0313421254089 99 0.0
238655860.0 0.0 1798.4113434147366 99 0.0
445334311.0 0.0 1799.7229823532873 99 0.0
400407608.0 0.0 1793.803187455551 99 0.0
286324944.0 0.0 1798.8898984326124 99 0.0
317065894.0 0.0 1794.9295237187966 99 0.0
445379425.0 0.0 1806.1605876035644 99 0.0
434979598.0 0.0 1797.7010944518083 99 0.0
347687318.0 0.0 1798.2651998994518 99 0.0
116987954.0 0.0 1797.6198148436588 99 0.0
368373338.0 0.0 1796.597109731334 99 0.0
83341634.0 0.0 1796.2642742406542 99 0.0
13697650.0 0.0 1798.5562552314766 99 0.0
238802411.0 0.0 1805.536840666741 99 0.0
230001477.0 0.0 1798.8236289731656 99 0.0
322209219.0 0.0 1793.575276960108 99 0.0
347113041.0 0.0 1811.2014720955353 99 0.0
387260984.0 0.0 1810.6579200887538 99 0.0
177710159.0 0.0 1797.6619320915936 99 0.0
445536653.0 0.0 1796.2443309033288 99 0.0
347427161.0 0.0 1795.6825524496717 99 0.0
53620394.0 0.0 1798.035303039778 99 0.0
229790888.0 0.0 1793.6780594550999 99 0.0
327349858.0 0.0 1794.6197948919403 99 0.0
332053527.0 0.0 1810.5356339192024 99 0.0
229583582.0 0.0 1797.949102003957 99 0.0
230118328.0 0.0 1798.4066293724532 99 0.0
383675284.0 0.0 1805.9689200462692 99 0.0
433075966.0 0.0 1810.7659242106122 99 0.0
20875355.0 0.0 1796.4951169982778 99 0.0
368735398.0 0.0 1805.409729516183 99 0.0
229476840.0 0.0 1796.969738358385 99 0.0
356894234.0 0.0 1799.0520219905036 99 0.0
233048233.0 0.0 1810.343821758263 99 0.0
233088505.0 0.0 1799.218766638643 99 0.0
240957246.0 0.0 1806.1192419616232 99 0.0
427759460.0 0.0 1798.5136253057872 99 0.0
94278854.0 0.0 1796.0369412105126 99 0.0
72149122.0 0.0 1811.5359129342341 99 0.0
353605798.0 0.0 1811.3478751117775 99 0.0
264248397.0 0.0 1806.4074117179675 99 0.0
341817206.0 0.0 1810.6766673874022 99 0.0
352033634.0 0.0 1810.5766822567732 99 0.0
233732719.0 0.0 1795.0109989195855 99 0.0
116611548.0 0.0 1806.2032078524524 99 0.0
450144143.0 0.0 1796.890062196728 99 0.0
232624945.0 0.0 1798.28069396485 99 0.0
251324483.0 0.0 1811.161057630966 99 0.0
308875829.0 0.0 1810.9735419253457 99 0.0
400745295.0 0.0 1797.473232132447 99 0.0
396609776.0 0.0 1794.4323855049279 99 0.0
337551849.0 0.0 1796.4923988518992 99 0.0
301338074.0 0.0 1810.6404920209197 99 0.0
269104192.0 0.0 1810.2217798099887 99 0.0
370211258.0 0.0 1797.723333056966 99 0.0
192422597.0 0.0 1796.578271896088 99 0.0
428388030.0 0.0 1797.661489385513 99 0.0
422533281.0 0.0 1796.6397777209622 99 0.0
430327641.0 0.0 1811.098934666405 99 0.0
52940035.0 0.0 1796.243829859206 99 0.0
259945770.0 0.0 1799.9526486280038 99 0.0
288510263.0 0.0 1806.1784850687081 99 0.0
184685168.0 0.0 1793.4535668022213 99 0.0
245391330.0 0.0 1805.4111529337376 99 0.0
403527307.0 0.0 1798.2651487481855 99 0.0
364186053.0 0.0 1794.4082090352802 99 0.0
116269543.0 0.0 1794.682252156197 99 0.0
356896048.0 0.0 1800.0100957577342 99 0.0
445300077.0 0.0 1798.3480810507576 99 0.0
338652915.0 0.0 1799.6799049830627 99 0.0
381545723.0 0.0 1796.8909369921523 99 0.0
285561333.0 0.0 1799.5782259516454 99 0.0
245664583.0 0.0 1797.223489883243 99 0.0
202839835.0 0.0 1797.70338127713 99 0.0
415959842.0 0.0 1811.3904059497715 99 0.0
354381885.0 0.0 1795.7424287759986 99 0.0
230379564.0 0.0 1798.0735761555086 99 0.0
34820374.0 0.0 1805.7039722929885 99 0.0
219104494.0 0.0 1811.1153602522 99 0.0
77454066.0 0.0 1797.9538217951554 99 0.0
240998575.0 0.0 1795.4944072628123 99 0.0
366069438.0 0.0 1795.9510354085032 99 0.0
219428801.0 0.0 1810.3436111221313 99 0.0
264738932.0 0.0 1798.5358302167901 99 0.0
354397412.0 0.0 1795.7029414542374 99 0.0
270726904.0 0.0 1810.3885657364515 99 0.0
264304927.0 0.0 1811.345997094234 99 0.0
85526810.0 0.0 1795.4955079602144 99 0.0
326259625.0 0.0 1796.9910293689752 99 0.0
258461145.0 0.0 1805.9076020512928 99 0.0
441716335.0 0.0 1794.6569023833674 99 0.0
397798163.0 0.0 1810.222209703715 99 0.0
307115630.0 0.0 1798.8482878866985 99 0.0
389974554.0 0.0 1794.0564381618224 99 0.0
178047504.0 0.0 1810.5577994096584 99 0.0
50694186.0 0.0 1798.8065142763535 99 0.0
233525922.0 0.0 1800.1983810640652 99 0.0
54364874.0 0.0 1796.7021049385417 99 0.0
224601458.0 0.0 1798.697251745461 99 0.0
241120346.0 0.0 1793.5571884659412 99 0.0
229598099.0 0.0 1799.0530598695136 99 0.0
186990195.0 0.0 1810.1409252519363 99 0.0
245399303.0 0.0 1799.1401142924924 99 0.0
284046169.0 0.0 1796.2016875992088 99 0.0
229512467.0 0.0 1798.8448262286936 99 0.0
245589110.0 0.0 1798.681875509283 99 0.0
396198189.0 0.0 1799.722054402545 99 0.0
354744964.0 0.0 1794.5144682710024 99 0.0
353895287.0 0.0 1797.3435159738242 99 0.0
129816859.0 0.0 1797.2451469042146 99 0.0
288629228.0 0.0 1810.2243208327295 99 0.0
229980118.0 0.0 1796.782251579993 99 0.0
245393879.0 0.0 1793.7860010609709 99 0.0
82236941.0 0.0 1795.702243949042 99 0.0
373900397.0 0.0 1798.8272786480836 99 0.0
272831479.0 0.0 1810.9304521894696 99 0.0
417852503.0 0.0 1798.805706658664 99 0.0
14039615.0 0.0 1810.2024639875171 99 0.0
251361825.0 0.0 1806.1402398323908 99 0.0
117757362.0 0.0 1805.8905688393083 99 0.0
251707475.0 0.0 1794.0776026415203 99 0.0
436929253.0 0.0 1795.5372582193575 99 0.0
377075568.0 0.0 1798.3674373820133 99 0.0
280414812.0 0.0 1794.6393919167517 99 0.0
387679023.0 0.0 1795.3248703528811 99 0.0
308619582.0 0.0 1797.702693926095 99 0.0
395695392.0 0.0 1806.2848122315152 99 0.0
256719750.0 0.0 1795.4503941138 99 0.0
250576814.0 0.0 1798.2653663094832 99 0.0
186911536.0 0.0 1795.9119793187153 99 0.0
301470022.0 0.0 1805.6613782833842 99 0.0
54618494.0 0.0 1796.3063656801187 99 0.0
331978614.0 0.0 1793.9315458162307 99 0.0
184736598.0 0.0 1811.557382556683 99 0.0
72148043.0 0.0 1798.077676678408 99 0.0
256719848.0 0.0 1798.5337000575857 99 0.0
229950969.0 0.0 1810.6774836038169 99 0.0
417485408.0 0.0 1799.326839197671 99 0.0
241111570.0 0.0 1793.6403188442778 99 0.0
406681219.0 0.0 1796.138498523633 99 0.0
398263917.0 0.0 1797.6998314713635 99 0.0
455823355.0 0.0 1794.0960159945041 99 0.0
421110379.0 0.0 1810.160120513295 99 0.0
13529474.0 0.0 1797.056551296899 99 0.0
250538889.0 0.0 1793.9737187528192 99 0.0
387877670.0 0.0 1806.428959944979 99 0.0
250558800.0 0.0 1799.2447522715092 99 0.0
235935385.0 0.0 1795.0121402093823 99 0.0
71932148.0 0.0 1805.9940925052547 99 0.0
434626036.0 0.0 1810.8257753822115 99 0.0
315728513.0 0.0 1810.5360934278174 99 0.0
368516895.0 0.0 1805.2640735139407 99 0.0
264922703.0 0.0 1798.1610553827845 99 0.0
399799675.0 0.0 1795.700731388304 99 0.0
94372467.0 0.0 1796.0369542722476 99 0.0
72028676.0 0.0 1799.6402312103935 99 0.0
