tic gt tpeak labels pred_s0133
251282599.0 0.0 1809.0570345043354 4 1.985166e-09
400823288.0 1.0 1810.9318082523662 1 0.9999983
118389230.0 0.0 1799.4538474556239 3 0.0008575525
453271501.0 1.0 1793.556704721263 1 0.9999997
417853483.0 1.0 1805.9930819230572 1 0.9997677
201186971.0 1.0 1795.5369101218273 1 0.9999349
396717670.0 1.0 1798.8057716581684 1 0.99992627
403939834.0 1.0 1798.451738337516 1 0.9999996
291887423.0 0.0 1795.411522234103 2 3.8512377e-11
83726119.0 1.0 1796.28497997177 1 0.9999445
240882665.0 1.0 1805.619170841448 1 0.9894585
353808537.0 1.0 1811.4473157287478 1 0.9980721
229942478.0 1.0 1805.2192580889302 1 0.9999891
259264759.0 1.0 1797.7200418627995 1 0.9900212
445297572.0 0.0 1805.9729272646764 2 1.2482305e-06
402658915.0 1.0 1797.115775345498 1 0.9999927
402978255.0 0.0 1805.2007456221615 0 8.3947064e-08
83415409.0 1.0 1811.409784730302 1 0.9999994
275762183.0 1.0 1799.4724982488692 1 0.99996203
229585958.0 0.0 1797.0113564683706 4 0.0
117167920.0 1.0 1794.68212822902 1 0.9990908
321915925.0 1.0 1806.42918110158 1 0.9999874
271142488.0 1.0 1796.5347594386626 1 0.99998677
365889578.0 1.0 1796.4303393735277 1 0.99998903
368165075.0 1.0 1799.596898889616 1 0.999871
389970188.0 0.0 1805.3229320693272 0 0.00040299777
376118396.0 1.0 1799.3269777117366 1 0.9955869
372640507.0 0.0 1812.6159983331386 0 6.427951e-06
219428871.0 1.0 1794.3018099931255 1 0.9999963
292823501.0 1.0 1798.474068318158 1 0.99999803
427590219.0 0.0 1808.84663911994 0 5.5643075e-05
118421181.0 1.0 1793.1830884577698 1 0.9999105
255993777.0 0.0 1797.241275026988 3 0.00019822014
441810984.0 1.0 1797.178119024692 1 0.99999917
198189413.0 1.0 1797.4891925702536 1 0.9999209
323304373.0 1.0 1811.4294389483275 1 1.0
264699419.0 1.0 1796.9500990848417 1 0.9999364
198416591.0 0.0 1800.9681782202542 3 5.1064325e-37
434717882.0 1.0 1798.5968336559122 1 0.9999403
230073824.0 1.0 1793.6978850374035 1 0.99994814
377150632.0 1.0 1796.0550553734056 1 0.99984705
452915009.0 0.0 1808.0352618511706 4 0.002132271
415880296.0 1.0 1797.8281264941868 1 0.99938655
200935730.0 0.0 1805.2869280710754 0 0.00041543358
356896048.0 1.0 1800.0100957577342 1 0.9981438
372393589.0 1.0 1795.158823278101 1 0.9999957
264732493.0 0.0 1808.848462956745 0 7.283049e-08
292324789.0 0.0 1805.2447859160477 0 1.1268391e-09
269697721.0 0.0 1809.9077134108184 3 6.018608e-17
388581024.0 1.0 1811.554827817807 1 0.9999969
104151375.0 1.0 1797.8280902149188 1 0.9997449
68152958.0 0.0 1812.5160074250919 0 0.001375234
445291780.0 1.0 1810.3477447964462 1 0.9999998
403259861.0 1.0 1796.1394094067473 1 0.99999976
34754679.0 1.0 1798.4956396631628 1 0.9999451
251007909.0 0.0 1808.848737948974 0 9.4074485e-06
12642732.0 0.0 1795.598186636759 2 6.693226e-12
367287170.0 1.0 1810.8255403686521 1 0.999818
63404192.0 1.0 1810.3075052224635 1 0.9998411
331866937.0 1.0 1800.0343397074755 1 0.9999387
117114712.0 1.0 1795.82817583968 1 0.97587216
264898803.0 1.0 1795.8460864120025 1 0.9999939
375983121.0 1.0 1796.4297876263593 1 0.9999577
353001694.0 0.0 1808.1183295408448 4 3.3961443e-23
444527030.0 0.0 1809.3061506814101 0 1.2196479e-06
199688472.0 0.0 1804.7180282637776 3 1.2694393e-22
366782088.0 1.0 1805.4295996255848 1 0.9999569
202354046.0 1.0 1794.613959985267 1 0.99999696
268330571.0 0.0 1808.9082366105283 0 5.8099533e-05
365945775.0 0.0 1793.4094828135599 0 4.3476876e-12
396012717.0 0.0 1793.3055795732785 0 4.6175504e-13
251514597.0 1.0 1796.7858885127837 1 0.9999755
291890860.0 0.0 1796.786551919504 0 0.00013538981
233194792.0 0.0 1805.1981651950116 0 3.1266314e-05
444495288.0 0.0 1812.8267821334416 0 9.410164e-08
403037785.0 0.0 1805.099069115733 3 6.117323e-34
354382905.0 0.0 1808.8465599223207 0 0.00013049836
302074456.0 1.0 1795.0780998914963 1 0.99998885
265386739.0 1.0 1793.4734880167398 1 0.9999991
301742762.0 1.0 1793.640676530383 1 0.9998569
192536159.0 0.0 1805.3075716773203 0 0.000118956414
187030959.0 1.0 1810.911655136461 1 0.9998972
94473350.0 0.0 1793.1410698373031 0 0.000711802
359631579.0 0.0 1805.947885442425 4 1.7420951e-29
101262272.0 1.0 1797.4537886885116 1 0.99994344
116412425.0 0.0 1812.3697684108142 0 1.5661823e-07
233512880.0 1.0 1798.1139715930549 1 0.99962544
10787683.0 1.0 1798.6187588059806 1 0.9999834
302158243.0 1.0 1799.5989905601514 1 0.9999942
85597037.0 1.0 1797.9954302479375 1 0.9999412
192294921.0 0.0 1805.9533553732786 2 2.2279497e-13
255882140.0 1.0 1796.1393860458647 1 0.9994138
431835847.0 1.0 1810.4118174848556 1 0.9997006
357743677.0 1.0 1796.0557075635513 1 0.9999998
309133946.0 1.0 1796.0570698468212 1 0.99999815
375843849.0 0.0 1796.2214621743751 2 2.52748e-16
323189838.0 1.0 1810.345936026369 1 0.99999875
368889209.0 1.0 1810.2640250422428 1 0.99995196
22813209.0 1.0 1806.2246307480768 1 0.9999624
284599499.0 0.0 1805.5558332689425 0 6.776891e-07
256319026.0 1.0 1798.368778120607 1 0.99999994
233497050.0 1.0 1810.8238302891027 1 0.9998816
301909087.0 0.0 1807.2865237941744 3 3.667304e-09
372630142.0 1.0 1798.3272850917301 1 0.9997382
426153517.0 0.0 1808.9329774252647 0 0.0021001548
245722819.0 1.0 1795.4108681749256 1 1.0
269697721.0 0.0 1797.5536411614755 3 2.9468184e-16
13941859.0 1.0 1799.1397078270406 1 0.99999523
321551203.0 1.0 1799.6375489332547 1 0.99999946
284891619.0 0.0 1805.2805679045277 0 6.7239494e-06
238652771.0 1.0 1799.0779673684399 1 0.9999968
312854635.0 1.0 1800.0773124489383 1 0.9998821
410506199.0 0.0 1805.244344249077 0 0.0014604994
343327003.0 0.0 1793.3246696301005 0 2.559281e-05
378203660.0 0.0 1806.0138092260177 4 1.6317136e-06
159539998.0 0.0 1812.3867875890778 0 9.59673e-09
285943293.0 0.0 1805.203184259439 0 1.3106201e-07
94455316.0 0.0 1793.1410072931294 0 0.00015971246
230018866.0 1.0 1799.3652943278437 1 0.99955297
354255790.0 1.0 1793.598747982322 1 0.99999857
229461186.0 0.0 1799.9279896128664 3 5.7131595e-28
352113276.0 0.0 1805.2013999145606 0 6.323433e-05
302071120.0 1.0 1799.2032234093806 1 0.99998057
251487142.0 1.0 1796.515365387938 1 0.99993163
403521659.0 0.0 1805.2026272769049 0 1.5276419e-07
237011192.0 0.0 1812.3449945364346 0 9.962941e-06
270325883.0 1.0 1795.847118159766 1 0.99999595
52854146.0 1.0 1797.972924796738 1 0.99984753
68092901.0 0.0 1805.3702215615167 0 1.5744685e-06
397283958.0 1.0 1800.222939611699 1 0.9999685
191773391.0 0.0 1808.890334745547 0 0.004033501
365594910.0 1.0 1798.3664199449806 1 0.9994599
186808848.0 1.0 1810.2036715734112 1 0.9999998
264912503.0 1.0 1795.0778019245085 1 0.9999561
198280388.0 0.0 1793.5306479936316 3 0.0
233737301.0 0.0 1810.8648581313869 2 5.0980315e-08
51042611.0 0.0 1810.3480920813 2 6.593983e-12
284055502.0 0.0 1805.5559026696 0 4.3497374e-05
5735456.0 1.0 1798.787148431397 1 0.9985546
297693817.0 1.0 1795.7224947826257 1 0.9999896
293062767.0 1.0 1796.3699813778535 1 0.9999473
353077789.0 0.0 1810.6600887243267 3 8.7764507e-10
52437210.0 0.0 1812.8060697012054 0 0.025427002
366563433.0 0.0 1810.158074061237 4 1.9894925e-07
250531562.0 1.0 1806.1612658406877 1 0.99999934
187038125.0 0.0 1809.1204635889628 0 0.0005013613
427578829.0 0.0 1809.245631037348 0 0.0015206353
384986198.0 1.0 1794.3700460146506 1 0.999966
240911239.0 0.0 1800.1401378247435 3 2.1192877e-29
354253718.0 1.0 1796.8070014963373 1 0.9999912
436877248.0 0.0 1798.3706307401292 2 0.00077545864
71688745.0 1.0 1794.0357364659078 1 0.9999973
378365749.0 1.0 1806.3889385816778 1 0.99999315
232620122.0 0.0 1808.8847643590218 0 2.2409246e-07
233079659.0 0.0 1811.3648190491365 3 8.477496e-11
192587439.0 1.0 1796.6617655143227 1 0.9992018
237209648.0 0.0 1812.387030184983 0 8.6385895e-05
383676129.0 1.0 1810.9273138446492 1 0.9999018
434626115.0 0.0 1793.4094420645615 0 2.7808582e-09
323400312.0 1.0 1797.4921406445246 1 0.9999981
71929379.0 1.0 1797.5567020408764 1 0.9995047
359249364.0 1.0 1796.9726051663122 1 0.9996831
370063119.0 0.0 1809.5565479885847 4 4.7051084e-15
320178673.0 0.0 1797.7853506271072 4 4.660801e-17
229609382.0 0.0 1798.3866608348612 4 0.0
11148410.0 0.0 1811.2855526432131 2 1.900954e-17
327089071.0 0.0 1810.7445416736823 4 2.8314998e-10
46629228.0 1.0 1794.1829974720054 1 0.9999996
375785288.0 1.0 1795.8047606309008 1 0.999994
198280388.0 0.0 1805.2598995212054 3 1.08004225e-29
353988130.0 1.0 1798.2183665972743 1 0.9999992
83143741.0 0.0 1812.388880749716 0 0.00010576297
104311730.0 0.0 1805.2030894526542 0 8.461717e-05
376843726.0 1.0 1799.3881899289324 1 1.0
233089957.0 0.0 1810.8022708714097 2 7.264579e-13
236971009.0 1.0 1806.240941834546 1 0.99986494
233049931.0 1.0 1797.9897530273652 1 0.99942917
194807348.0 1.0 1806.01621775906 1 0.99990135
272544161.0 1.0 1810.5137525290356 1 0.9999999
192739900.0 1.0 1794.349180126794 1 0.9999878
241051286.0 1.0 1800.036096090501 1 0.999992
81681261.0 0.0 1805.264946963255 0 0.0001418473
420448703.0 0.0 1797.451673405926 3 0.00024911185
229975232.0 1.0 1810.6983753284733 1 1.0
51954721.0 1.0 1796.6186948613429 1 0.9999997
450008870.0 0.0 1805.535416479609 0 6.529848e-05
445633848.0 1.0 1794.348496208406 1 0.9999998
285122164.0 0.0 1795.7435053429497 2 2.2886432e-11
268523571.0 0.0 1800.4719496384623 4 3.0796444e-05
12481013.0 1.0 1794.8273628924644 1 0.99985266
405794678.0 1.0 1798.783513354464 1 0.99994946
348309067.0 1.0 1805.9736512796405 1 0.9999948
354470651.0 1.0 1810.9944229987307 1 0.99999565
241112788.0 0.0 1805.2445039330205 0 1.7596062e-06
201300177.0 1.0 1796.9119070979732 1 0.9999997
407019919.0 1.0 1797.2641842438197 1 0.9999932
285596906.0 0.0 1798.305988090144 2 3.4361326e-11
420132595.0 0.0 1795.8242333715555 2 5.2954716e-13
322261915.0 1.0 1805.5126337803704 1 0.9990734
453157579.0 1.0 1796.806332468128 1 0.99999833
390526168.0 1.0 1810.5983691926917 1 0.9997458
77543001.0 1.0 1793.2246530743494 1 0.99991906
236786957.0 1.0 1810.3646462980525 1 0.99998176
444797593.0 0.0 1812.5144729010897 0 0.00094157876
308787475.0 0.0 1799.0987169541606 4 1.9519836e-15
396269431.0 1.0 1798.7014777477025 1 0.9980944
348607534.0 0.0 1805.2026933844813 0 4.5789722e-08
390860499.0 1.0 1798.8897524191375 1 0.9998956
293126849.0 1.0 1795.1407233597906 1 0.9999997
269697721.0 0.0 1804.5535940717534 3 4.2244035e-11
292720639.0 0.0 1793.1408504661176 0 0.00019586718
55085866.0 1.0 1795.3270186323527 1 0.9999878
395393753.0 1.0 1797.805278736332 1 0.99988294
237228952.0 0.0 1810.741071043193 4 1.1943129e-36
301831915.0 0.0 1805.2239210068012 0 7.3039926e-05
285236231.0 1.0 1799.0979071217682 1 0.99997216
400538361.0 0.0 1806.3066275832805 2 6.014188e-06
269697721.0 0.0 1796.8661448629719 3 5.557312e-15
445274213.0 1.0 1794.618992756128 1 0.9999924
420842891.0 1.0 1799.7645253438204 1 0.9999961
312680360.0 0.0 1812.6812247187233 0 0.0004319194
420106840.0 0.0 1808.8452930897952 0 2.0297414e-08
71926571.0 0.0 1808.8900337954442 0 0.00016097502
283026336.0 1.0 1797.7641391099608 1 0.998341
241115151.0 1.0 1799.8487940318844 1 0.9999993
83349559.0 0.0 1798.7017333214228 4 3.455376e-26
268516426.0 0.0 1796.9094199629671 0 0.00032979224
390404687.0 0.0 1808.9108513713095 0 0.0002093369
77266121.0 0.0 1805.578690125587 0 0.00015221072
427553282.0 1.0 1799.7426140710709 1 0.9998523
402371867.0 0.0 1805.4952237942337 0 0.00023516004
410700500.0 1.0 1795.3903864839008 1 0.999999
256351480.0 1.0 1810.637482782331 1 0.9999294
441791928.0 0.0 1808.8449824283339 0 0.00013017548
71696581.0 0.0 1812.3899878160914 0 1.5610378e-07
356891943.0 0.0 1805.197530463929 0 8.354106e-06
233079659.0 0.0 1810.635654729441 3 1.385268e-07
233206362.0 1.0 1794.9273833700388 1 0.9999981
275466706.0 1.0 1794.8894838932636 1 0.9999726
385251418.0 1.0 1797.494245085461 1 0.9999997
198455685.0 1.0 1810.780650629758 1 0.9999867
356820646.0 0.0 1804.136328633421 3 2.9729056e-35
233625475.0 0.0 1812.3858484349919 0 1.8780079e-06
326962793.0 0.0 1805.2028820219364 0 4.0946983e-05
256796784.0 0.0 1793.4075779134969 0 0.00038529412
94335288.0 0.0 1809.1204809546555 0 0.000117952935
323407079.0 0.0 1795.304709029345 4 5.2760663e-31
83048050.0 1.0 1799.6391634505212 1 0.9998725
396028046.0 1.0 1797.7221279876337 1 0.9991491
219789581.0 1.0 1805.7809559195393 1 0.9999882
34749696.0 1.0 1795.1206055747607 1 0.9999774
327398586.0 1.0 1795.4324468774728 1 0.9999999
301332738.0 1.0 1795.11951253685 1 0.9999559
233095262.0 1.0 1806.0522868528005 1 1.0
207490777.0 0.0 1808.8431007354095 0 0.00015259815
275370398.0 1.0 1798.2219079734386 1 0.99999994
259109253.0 1.0 1810.7031761076205 1 0.9999892
322345341.0 1.0 1806.2028539194498 1 0.99999595
367245170.0 0.0 1808.8671655652727 0 1.5902864e-06
357745049.0 1.0 1811.2017657375916 1 0.839586
229684646.0 0.0 1794.4058911235852 0 0.00014103013
240911239.0 0.0 1794.3693730105053 3 3.798858e-32
21001720.0 1.0 1797.5163730075387 1 0.9999707
269662309.0 0.0 1809.2827469211554 4 5.728144e-07
301269499.0 1.0 1796.8279198519626 1 0.99998575
359441382.0 0.0 1812.6807066803476 0 0.000471934
240969171.0 0.0 1805.202656078474 0 2.6223783e-05
265276221.0 0.0 1812.3675629042143 0 1.4172054e-10
444361618.0 1.0 1799.2017115154158 1 1.0
358900245.0 0.0 1812.3466203637975 0 0.00021750708
198213494.0 0.0 1806.0517257702536 2 6.324826e-11
279925142.0 0.0 1793.3051066325763 0 8.457957e-10
68095491.0 1.0 1811.4536116821002 1 0.99986637
67631564.0 1.0 1797.0162139158435 1 0.99996066
452880907.0 1.0 1805.9725025349871 1 0.9999884
250660751.0 1.0 1798.5988327174603 1 0.99998295
417234885.0 1.0 1811.3474578376224 1 1.0
321735367.0 1.0 1794.4084635340453 1 0.9999102
233575573.0 1.0 1795.323579508019 1 0.99999636
395858078.0 1.0 1805.513780961127 1 0.9987639
71690780.0 0.0 1795.2233043322278 4 6.678087e-09
285685590.0 1.0 1795.7022061677485 1 0.99998415
250585671.0 1.0 1796.4530700907271 1 0.9999983
441807965.0 0.0 1805.1988117228434 0 3.4508506e-07
46506379.0 1.0 1793.328826356303 1 0.99882513
411576835.0 1.0 1797.929543749933 1 0.99118364
309232490.0 0.0 1793.1404322396975 0 1.4687924e-09
359441731.0 1.0 1797.389322542408 1 0.9999624
388044512.0 1.0 1810.32471214994 1 0.999986
377165319.0 0.0 1810.9480257652797 2 1.3133731e-14
191765861.0 0.0 1795.4738256220949 4 1.2522278e-26
251328660.0 0.0 1793.3901293962087 0 7.942746e-05
235681559.0 1.0 1794.8034963556863 1 0.9998698
284046473.0 1.0 1796.9516841703417 1 0.99999917
336539375.0 1.0 1797.3047745694973 1 0.9999929
198407968.0 0.0 1796.6766166173848 0 0.0005298327
369035535.0 1.0 1793.993468304986 1 0.9999966
73689467.0 1.0 1811.266166131964 1 0.9999937
258353492.0 1.0 1798.5324852370645 1 0.9999995
250861644.0 0.0 1812.3488167823496 0 0.0001339756
85528058.0 0.0 1809.120476252269 0 0.0005404634
395409868.0 1.0 1795.5973012839952 1 0.9999057
238740657.0 1.0 1798.8700136697898 1 0.99999577
373019696.0 1.0 1798.3259072046465 1 0.9999921
65165362.0 0.0 1812.453444140659 0 0.0023262512
377611935.0 0.0 1799.7636394350966 4 4.440255e-10
333067722.0 1.0 1793.223298987023 1 0.9994853
374301759.0 0.0 1808.9523426522508 0 5.841297e-09
137908045.0 0.0 1805.4746398678246 0 0.00088311016
289357318.0 0.0 1809.3472401865888 0 0.00026070466
251710163.0 1.0 1796.2025915546014 1 0.9999752
34644961.0 1.0 1797.5373259687096 1 0.9999712
65166937.0 0.0 1808.8909882740675 0 0.0006310582
399506153.0 1.0 1811.2632990744644 1 0.99999714
67635471.0 0.0 1812.4534542918896 0 0.0006625188
65437396.0 1.0 1806.0160801081283 1 0.99994576
264305111.0 0.0 1812.3876773588922 0 0.0010272572
370343447.0 1.0 1796.3273690255473 1 1.0
322224442.0 0.0 1805.2234355422058 0 1.0183858e-05
280072919.0 0.0 1805.2201182574108 0 2.4132076e-05
322472540.0 0.0 1805.6585452403365 2 6.005219e-08
137126056.0 0.0 1805.2014736303688 0 6.884866e-06
71689825.0 0.0 1812.6606634834839 0 4.024856e-10
312548989.0 1.0 1793.2229661060478 1 0.9999988
427654632.0 1.0 1811.3049680775828 1 0.99987614
71928888.0 0.0 1798.9942154207502 4 8.3517267e-35
445311096.0 0.0 1809.1812996278225 0 9.699002e-06
94455054.0 1.0 1810.7246725367147 1 0.99995553
308711003.0 0.0 1812.3899935063032 0 0.00040972722
387562659.0 0.0 1805.3038501275316 0 8.388174e-07
427553122.0 0.0 1793.409347551741 0 1.7910867e-08
418710087.0 0.0 1800.4098262806249 0 2.9923638e-05
366557556.0 0.0 1800.367040269614 3 5.2953437e-23
397760770.0 1.0 1811.3471844954563 1 0.99998957
67517660.0 1.0 1793.8908945915684 1 0.9999474
186938854.0 1.0 1795.286816743685 1 0.9999993
292053892.0 0.0 1812.494655215842 0 9.816577e-08
274806124.0 1.0 1805.9928754867235 1 0.99999374
367837900.0 1.0 1796.0113529838611 1 0.9999293
309302242.0 1.0 1810.4944335557182 1 0.9999878
292850923.0 1.0 1798.036740467594 1 1.0
202979326.0 1.0 1795.9324440324126 1 0.9999553
445236558.0 1.0 1799.2439542358375 1 0.9999979
13463522.0 0.0 1805.2008692515276 0 5.3847043e-06
441812532.0 0.0 1805.1987414586126 0 1.5909865e-10
403745997.0 1.0 1794.140068454346 1 0.99998665
23051670.0 1.0 1795.932878776298 1 1.0
288533608.0 0.0 1809.1200190301586 0 0.0019155937
378042832.0 1.0 1796.3054764756157 1 0.99993217
81603793.0 1.0 1796.431390181547 1 0.9999963
367533791.0 0.0 1807.4113456129624 4 7.959004e-35
229442981.0 1.0 1805.3031018736108 1 0.9999993
219855237.0 0.0 1808.8438938405857 0 2.8477566e-06
415963236.0 0.0 1793.1407937761326 0 0.0016657178
368789799.0 0.0 1796.8056774853983 0 6.8258106e-07
370272245.0 0.0 1805.8273786825346 2 4.898691e-08
200799609.0 0.0 1796.6410787351244 0 0.0012098202
417229861.0 1.0 1798.4722971662395 1 0.99999374
323055860.0 1.0 1798.5958784997351 1 0.9999999
77321521.0 0.0 1812.4328490174175 0 0.00012141933
250747748.0 0.0 1793.1405856203583 0 4.801748e-06
441802006.0 0.0 1808.8447749745487 0 8.388502e-07
252857747.0 0.0 1808.8905972715643 0 2.0744438e-10
374041654.0 0.0 1797.8482584391697 0 4.9519824e-09
63783616.0 1.0 1805.911989531398 1 0.99997973
71747343.0 1.0 1798.3483327193157 1 0.9999973
374298294.0 1.0 1810.4314422486245 1 1.0
219772992.0 0.0 1798.7810076987557 2 0.0032534206
259038262.0 0.0 1811.3447948241019 2 5.002236e-10
375911768.0 1.0 1798.9714399315064 1 0.9998953
396026652.0 0.0 1799.3470030691128 2 1.4063878e-11
356701798.0 0.0 1809.490115220192 3 1.786894e-22
229676244.0 0.0 1802.344760397667 3 1.6678683e-09
433977427.0 1.0 1811.15895130757 1 0.9999676
230079214.0 1.0 1811.0731693406055 1 0.99999964
50617003.0 0.0 1808.9106593914403 0 0.0001359343
12708463.0 1.0 1810.8881563738414 1 0.9999999
288299705.0 0.0 1797.4908918960898 2 4.5446923e-06
235946111.0 1.0 1796.0538060574384 1 0.9999384
201038968.0 1.0 1810.8078649551182 1 0.9999534
288391801.0 0.0 1805.7825573602477 3 5.1870554e-33
198416591.0 0.0 1811.8015048977134 3 3.3429314e-30
292696381.0 1.0 1797.6616186906185 1 0.9999996
264615805.0 0.0 1801.2860609319948 3 3.1347763e-10
71980046.0 1.0 1795.2859823940926 1 0.9998509
301338226.0 0.0 1812.3488044441588 0 0.0009136003
323057105.0 1.0 1796.200042975636 1 0.9998453
94331975.0 1.0 1795.432852939503 1 0.9999994
420131483.0 0.0 1812.3451216017836 0 3.604656e-08
279659374.0 1.0 1795.6176822089592 1 0.9998746
384652879.0 1.0 1810.3485614189 1 0.9999914
367681735.0 0.0 1807.7819323912051 3 9.210131e-27
336007473.0 1.0 1795.9074434873387 1 0.99998444
395942600.0 1.0 1799.4513145307035 1 0.9999999
322346150.0 0.0 1795.7445046107077 4 3.1897907e-20
389768025.0 0.0 1805.556438471295 0 5.7633506e-06
71688812.0 0.0 1809.1606915926309 0 7.999169e-05
256803595.0 1.0 1798.3658985409181 1 0.9999997
372347959.0 0.0 1796.5152852410429 2 4.714052e-09
417748603.0 0.0 1796.68001084597 2 1.1844484e-05
352175100.0 1.0 1798.2403338168417 1 0.99998826
378767256.0 1.0 1797.513975215929 1 0.9999257
428392420.0 1.0 1805.3698749494447 1 0.99980897
240901271.0 1.0 1798.9944287520566 1 0.9972642
444592766.0 1.0 1795.4104485384096 1 0.9999889
192836247.0 1.0 1795.9115605944044 1 0.9998089
52341315.0 0.0 1796.6393738723007 0 0.00019191417
279385477.0 0.0 1808.8676655862591 0 6.641848e-07
422895464.0 1.0 1797.8490703588468 1 0.9999913
452968676.0 1.0 1811.3060280355276 1 0.9999948
397803860.0 1.0 1810.3889869468615 1 0.9999818
278996962.0 1.0 1806.0765871526648 1 0.9998509
359247721.0 0.0 1805.5557778570305 0 1.787328e-06
50521439.0 1.0 1797.2649711772992 1 0.9999559
353169627.0 1.0 1797.7641555453347 1 1.0
189630428.0 0.0 1805.5156483476585 0 0.00062084734
289139323.0 0.0 1793.3055895506564 0 1.13579e-05
28911935.0 1.0 1799.3914749383905 1 0.99989927
233568688.0 1.0 1798.8859874531056 1 0.9998481
350734393.0 0.0 1796.6370692363769 0 0.00031531544
445141659.0 0.0 1812.6810530556968 0 5.3911877e-05
233126978.0 1.0 1799.156499986889 1 0.9999983
264298907.0 1.0 1794.0326409907311 1 0.99995923
369994585.0 0.0 1808.3063650393606 4 3.2266531e-27
11158635.0 0.0 1797.8482412007604 0 1.1623898e-08
250835336.0 0.0 1809.68206913633 4 5.0673354e-13
390803914.0 1.0 1810.7647722577758 1 0.9999027
374692663.0 0.0 1805.20275649259 0 0.00019552122
84161760.0 0.0 1796.6393496536725 0 0.00031296056
13212836.0 0.0 1810.742390211939 4 6.502911e-22
326817339.0 0.0 1809.7430736261322 4 1.9684593e-20
308873121.0 1.0 1795.6404794004663 1 0.99988174
118389968.0 1.0 1798.6413568168532 1 0.99992824
117265799.0 0.0 1812.3490748470383 0 0.00031227805
63623869.0 0.0 1799.5577996245702 3 3.545404e-29
423948443.0 1.0 1805.5752259700932 1 0.97843516
271656934.0 0.0 1796.388983573424 2 5.717921e-10
367360355.0 1.0 1805.6797291914183 1 0.99990404
250538889.0 0.0 1808.8694995322076 0 1.9062699e-13
444500656.0 0.0 1809.3269070638091 0 0.0008161305
192377859.0 0.0 1793.1407900076165 0 0.00016861994
352921296.0 1.0 1798.5560408108272 1 0.9999356
292275122.0 1.0 1799.6823381786764 1 0.99998087
245399354.0 0.0 1798.9109431996228 4 2.3919856e-07
229792801.0 1.0 1798.6364430906808 1 0.9999264
201114052.0 0.0 1800.1411169518137 0 0.00068778364
229482784.0 1.0 1794.1365314939546 1 0.999995
83140060.0 1.0 1796.9308353132542 1 0.99999684
187029874.0 0.0 1805.5159800298281 0 0.00038026212
390245651.0 0.0 1809.7228487935442 4 1.1247403e-18
63626295.0 0.0 1809.0368464938795 0 0.001991248
353077789.0 0.0 1801.4725993938605 3 5.532064e-09
301739819.0 1.0 1810.2656216831047 1 0.999271
410865696.0 1.0 1810.703286430948 1 0.9999963
366822700.0 1.0 1794.4296538127028 1 0.9999996
381585159.0 1.0 1796.5993831652765 1 0.99997747
335692090.0 0.0 1812.3668858807239 0 3.6735966e-07
408896648.0 0.0 1808.8875700067613 0 3.0988764e-07
82094777.0 1.0 1796.3688321156062 1 0.9999428
286174182.0 1.0 1799.70371261358 1 0.99998856
90665863.0 1.0 1796.1203408714766 1 0.9998922
201181969.0 1.0 1795.5992437550963 1 0.99999684
249893819.0 1.0 1796.3487843483729 1 0.99999857
14039191.0 1.0 1798.5149142790494 1 0.99960464
372640507.0 1.0 1796.4913434797058 1 0.9999827
285568403.0 1.0 1811.515600445424 1 0.9986963
433079908.0 1.0 1795.3077103618923 1 0.9999997
378153141.0 1.0 1794.513902149302 1 0.9999984
90768863.0 1.0 1798.5579619927666 1 0.999867
250558685.0 0.0 1812.3904293200785 0 6.2660525e-05
322209219.0 1.0 1793.575276960108 1 0.9996265
280568468.0 1.0 1811.5146501207428 1 0.99995416
184693363.0 1.0 1794.7660686308398 1 0.99999124
428423633.0 1.0 1794.4712678390983 1 0.99995357
291888721.0 1.0 1795.890624032482 1 0.99941355
359676320.0 0.0 1811.2187628039778 3 2.3943583e-08
427647423.0 1.0 1798.8057360396413 1 0.9968213
284892548.0 1.0 1810.364150121623 1 0.99989307
449996434.0 0.0 1808.035223536229 4 7.128883e-20
285176229.0 0.0 1805.536957286101 0 9.9597164e-05
388076858.0 1.0 1799.970786280255 1 0.99998707
288300199.0 1.0 1794.8660020467705 1 0.99995524
427633373.0 1.0 1806.0759452921732 1 0.998385
407421695.0 1.0 1811.3904747375811 1 0.99999976
365884514.0 0.0 1795.1596373151588 2 3.2671457e-10
333112922.0 1.0 1794.4109661532116 1 0.9999989
292465093.0 0.0 1812.3489114637734 0 0.00046999645
428795527.0 0.0 1809.5761974631555 3 4.4730295e-06
401087496.0 1.0 1805.9735964311906 1 0.9999755
192652602.0 1.0 1798.974136857225 1 0.9998271
407456259.0 0.0 1808.8468497776648 0 9.649789e-06
412353432.0 0.0 1805.2210863336802 0 6.160422e-16
424391542.0 1.0 1797.5325031058592 1 0.99999505
116210764.0 1.0 1811.3072068950714 1 0.99999946
352979549.0 0.0 1796.7622880306496 3 3.5414383e-32
398327078.0 1.0 1793.5961223458505 1 0.99999416
377192025.0 0.0 1808.8439590307237 0 6.261525e-05
229608237.0 0.0 1808.8864701861703 0 0.00027775622
229676244.0 0.0 1796.1988238724184 3 9.580181e-16
29020967.0 1.0 1796.0997335575792 1 0.99996006
363810440.0 0.0 1808.8680585278025 0 2.2058961e-07
269043776.0 1.0 1795.1803249314346 1 0.9999394
317393385.0 1.0 1798.013315513907 1 0.9999853
326788321.0 1.0 1793.4935152522382 1 0.99999183
201239488.0 0.0 1805.2869872207434 0 0.002140735
381781755.0 0.0 1809.1411086109292 0 0.0018736682
198354443.0 0.0 1798.0305005285059 3 3.4957758e-17
272824396.0 1.0 1798.9098349941298 1 0.9999909
5672332.0 1.0 1806.0369905951743 1 0.99992156
396325024.0 1.0 1798.013661331649 1 0.99998343
398105051.0 1.0 1798.5560295598725 1 0.9999999
250661165.0 1.0 1795.7446746387973 1 0.9999448
375712663.0 1.0 1798.138070065748 1 0.9999872
229966406.0 0.0 1795.9486385242608 2 3.639156e-06
312779757.0 1.0 1795.6814274938856 1 0.99999845
104150354.0 0.0 1793.3279780363634 0 9.0137753e-10
420551869.0 0.0 1796.910207135617 2 1.0126251e-12
441734144.0 0.0 1801.8031237355906 3 5.561745e-30
258958811.0 0.0 1812.3657565715737 0 4.0192476e-06
336089155.0 1.0 1810.1794776102076 1 0.9999989
395769315.0 0.0 1810.743182564319 2 5.6741326e-12
85487429.0 1.0 1797.3080408844512 1 0.9998605
366872353.0 1.0 1810.9295827057533 1 0.99998593
331782675.0 0.0 1795.973118674167 2 5.6848467e-08
445490752.0 1.0 1795.9735989330595 1 0.9999758
410438587.0 1.0 1795.3487215048606 1 0.99998915
400612609.0 1.0 1795.8068150416266 1 0.9999918
398210583.0 1.0 1794.9935021942379 1 0.99996465
370945972.0 0.0 1793.1400867640791 0 6.635594e-08
327365690.0 0.0 1812.7015925598848 0 0.14317024
376849001.0 1.0 1796.3026194924983 1 0.99996716
67765649.0 0.0 1812.474392527953 0 0.00068702374
194732209.0 1.0 1797.0577352262465 1 0.9999954
13619204.0 1.0 1798.3897263195483 1 0.99996394
368241733.0 1.0 1799.1595392109703 1 0.99999636
271834720.0 1.0 1797.6388042367582 1 0.9997483
369281625.0 1.0 1811.2644617890976 1 0.99999964
402204433.0 1.0 1795.3491948834603 1 0.9999828
356824114.0 1.0 1798.2609916437002 1 0.9999549
453157638.0 1.0 1793.8271864773124 1 0.999997
229792315.0 0.0 1808.8864982313103 0 4.3627067e-05
192648163.0 0.0 1812.5159975543734 0 0.00073789613
385554826.0 0.0 1794.6829236596668 2 9.2722684e-11
240911239.0 0.0 1801.3901173411823 3 0.0
332864971.0 0.0 1793.1398380995697 0 9.426667e-06
416401395.0 1.0 1805.9899318020555 1 0.9999977
315937374.0 0.0 1812.7444023666608 3 8.445908e-23
348672124.0 0.0 1808.890190383318 0 6.338893e-12
241098754.0 1.0 1799.5780369615766 1 0.9999996
317393518.0 0.0 1805.2008005999244 0 5.62432e-07
347393155.0 0.0 1796.827576029998 0 6.4023106e-06
177804915.0 0.0 1805.2036000538458 0 0.00070460205
232610389.0 0.0 1805.1977375682768 0 5.6158533e-06
315827764.0 0.0 1808.848837632341 0 2.9874386e-06
372347173.0 0.0 1805.2029108702998 0 0.0006628579
420024734.0 1.0 1796.3686834892678 1 0.9999924
101406660.0 1.0 1806.058071781286 1 0.9997473
264721727.0 0.0 1808.8669451255112 0 6.2437146e-05
265463349.0 1.0 1811.201212247522 1 0.9986889
346022245.0 1.0 1811.098513167172 1 0.99962497
292319773.0 1.0 1799.4116730927765 1 0.9999999
116849668.0 0.0 1808.8907841480282 0 0.0007068558
356978270.0 1.0 1800.2393870711517 1 0.9984275
450145177.0 0.0 1805.202679357553 0 0.0004816346
12746179.0 1.0 1795.5145941008884 1 0.99920326
192290822.0 0.0 1812.3699966039733 0 0.00051472324
434893323.0 0.0 1808.5758506738814 3 3.812811e-24
252862134.0 1.0 1796.3696143217169 1 0.9999516
249899475.0 1.0 1794.6198230637206 1 0.9999831
284717791.0 1.0 1797.1186941620913 1 0.99999464
229592755.0 0.0 1794.7613698496605 4 5.8903876e-10
237254753.0 1.0 1799.5119831476475 1 0.99994206
368455910.0 1.0 1799.597271599067 1 0.9999955
353077265.0 0.0 1799.597608785588 4 0.0
387897997.0 1.0 1797.699942988473 1 0.99979925
229969436.0 0.0 1797.9904078997324 2 9.5679264e-20
116993296.0 0.0 1807.4324175082772 4 8.2443795e-22
366637868.0 1.0 1797.4919816142292 1 0.999995
264247035.0 0.0 1808.8450071579095 0 2.4765893e-07
312466656.0 0.0 1809.1813337099898 0 5.891264e-07
233503220.0 0.0 1797.9279875545596 4 1.2403032e-28
245586219.0 0.0 1796.5777501036368 2 7.372962e-12
367337981.0 1.0 1794.8463322779787 1 0.99985534
301416430.0 0.0 1805.2029162394426 0 2.71025e-09
229741985.0 0.0 1796.2197208664336 3 4.9932667e-05
53711036.0 1.0 1805.8271185918475 1 0.9999622
241027893.0 1.0 1806.3902306907012 1 1.0
73488347.0 1.0 1806.2870296533602 1 0.9994406
392536812.0 0.0 1804.9896324416802 3 4.5256356e-30
372069658.0 1.0 1796.6170523928936 1 0.9999943
177992394.0 0.0 1793.141011105269 0 0.00033167747
50940794.0 1.0 1797.38986704886 1 0.9999934
441737846.0 0.0 1805.198966719764 0 1.429419e-10
299439137.0 0.0 1809.2028109669493 0 0.00033926492
420455846.0 1.0 1794.6169878392288 1 0.9999476
302771680.0 1.0 1796.3267384941562 1 0.9999128
428381323.0 1.0 1798.4933116308177 1 0.9999929
400533293.0 1.0 1793.5982518626083 1 0.99991053
370351780.0 1.0 1798.0775591059949 1 0.99957895
264102908.0 1.0 1810.5542561518114 1 0.99998236
445199845.0 1.0 1794.7021861853677 1 0.99988765
408574985.0 1.0 1795.5143240522027 1 0.99997497
356699780.0 0.0 1812.3647382360853 0 0.0008889408
452940132.0 0.0 1799.5353717179282 4 8.491439e-20
301839649.0 0.0 1808.8488429196202 0 4.726623e-05
264405683.0 0.0 1805.220992900339 0 1.8858509e-06
407061655.0 1.0 1796.159842166384 1 0.9997216
348677323.0 1.0 1805.4111588706414 1 0.9958279
327295754.0 0.0 1798.5780166381003 2 3.8938097e-06
399013326.0 1.0 1796.5148767746389 1 0.99999976
417644348.0 1.0 1798.0748644011176 1 0.999875
251650602.0 0.0 1808.8485560054273 0 0.00012830857
196845377.0 1.0 1811.0359347639048 1 1.0
353168934.0 0.0 1805.7433267450258 4 0.00097456836
354012390.0 1.0 1794.0150035878348 1 0.99996525
81596281.0 0.0 1794.910523570636 4 1.031597e-09
399717223.0 1.0 1798.9717295865312 1 0.99990845
373626245.0 0.0 1812.4313309695813 0 2.2696925e-06
348132881.0 0.0 1798.7236152761234 4 1.1028131e-11
444623717.0 0.0 1809.2021230483217 0 8.366158e-12
348519253.0 1.0 1798.8903542926303 1 0.9999233
256112843.0 1.0 1798.1395013021465 1 0.9999967
366517337.0 0.0 1798.2622021790178 3 6.0125664e-34
368406088.0 1.0 1797.2017054649502 1 1.0
264194165.0 0.0 1796.6375142335348 0 0.00037374237
194808696.0 0.0 1809.1829365309598 0 0.00020923092
428662801.0 0.0 1810.8681082993223 4 1.3744263e-20
282791613.0 0.0 1795.680823222942 2 4.183181e-08
292934249.0 1.0 1800.3907350568388 1 0.9999608
65160776.0 1.0 1796.2240437770938 1 0.99999464
431955353.0 0.0 1805.2034139977693 0 0.0002545369
230386284.0 0.0 1810.177663391139 3 2.2284095e-16
405403009.0 1.0 1796.808037180912 1 0.99999994
139408806.0 1.0 1798.3495161798478 1 0.99992704
368230795.0 1.0 1795.0346393834948 1 0.9999882
178143596.0 1.0 1806.0370043695727 1 0.99991345
198239774.0 1.0 1799.3222860959681 1 0.9999958
445630886.0 1.0 1797.556802700373 1 0.99999946
420442787.0 1.0 1795.8892802574437 1 0.99998826
52632057.0 1.0 1794.6603822311577 1 0.9999516
373280365.0 0.0 1812.3467771617914 0 1.40429375e-08
264915759.0 0.0 1805.2237650431532 0 2.652997e-06
284317185.0 1.0 1797.5768879793027 1 0.9998722
315823307.0 1.0 1793.452722973152 1 0.99999917
340905225.0 0.0 1812.4702254963743 0 0.00072120153
353171074.0 0.0 1794.3475137480477 0 0.000235808
13703489.0 0.0 1808.9106511230946 0 0.0015680187
405626004.0 1.0 1793.6824471942116 1 0.98748285
326914834.0 1.0 1794.8073295005943 1 0.9942462
354158535.0 1.0 1795.3486369642126 1 0.9999936
12114295.0 0.0 1794.4729978167886 2 6.343189e-11
250722413.0 1.0 1793.890315236815 1 0.999999
271529021.0 0.0 1799.2846417862145 3 4.049675e-21
403434609.0 1.0 1794.4940503338262 1 0.9999997
378925488.0 0.0 1808.847292971745 0 0.00020785812
405794529.0 1.0 1793.9086104761038 1 0.9999631
455961151.0 1.0 1795.8258268825089 1 0.9999952
251178606.0 1.0 1811.244304885664 1 0.9999156
388509461.0 1.0 1811.263091276347 1 0.9984365
354800244.0 0.0 1800.0572471033001 4 7.2786156e-06
353778314.0 1.0 1811.322418074184 1 0.99999374
292324789.0 1.0 1796.2448387439347 1 0.9999999
116614823.0 1.0 1794.9948393339855 1 0.97049063
279849549.0 1.0 1795.3482213109608 1 0.9999949
417852566.0 1.0 1795.0348765829535 1 0.9999404
229942774.0 1.0 1795.3027460824712 1 1.0
367102444.0 0.0 1805.241648190129 0 3.489553e-10
422657796.0 1.0 1810.1800170582767 1 0.99999887
177879138.0 1.0 1810.8494196477357 1 0.9997943
332498538.0 0.0 1809.2855579521595 0 2.1696889e-07
444793909.0 1.0 1811.1186715016984 1 0.99999285
186714186.0 0.0 1812.4952602278927 0 0.00046773758
407385394.0 0.0 1809.2239027860808 0 0.0022030608
252162260.0 1.0 1798.8274659072604 1 0.9999898
260030920.0 0.0 1805.223627780741 0 6.05128e-08
422707503.0 1.0 1805.7844234846132 1 0.9999893
229741985.0 0.0 1806.32389526078 3 6.17147e-06
229676244.0 0.0 1795.46964449512 3 1.403641e-07
256428331.0 1.0 1795.3877176846918 1 0.99999857
373147253.0 1.0 1796.4924724610091 1 0.99999905
279526102.0 1.0 1810.3257668178153 1 0.9999911
470710327.0 0.0 1801.0556381592469 3 6.00666e-24
399585106.0 1.0 1810.9949545394084 1 0.99985176
53712608.0 0.0 1796.9522163413908 4 4.6256173e-35
417599180.0 0.0 1809.0332577416277 0 8.024052e-07
284603121.0 0.0 1805.6808863663605 0 0.0002631952
314593087.0 1.0 1796.3662364207376 1 0.9992773
245423600.0 1.0 1810.306889501698 1 0.9999963
84216009.0 1.0 1798.4308723451802 1 0.99999857
21015450.0 1.0 1810.697054817567 1 0.99991596
329246824.0 0.0 1805.2599158407593 3 0.0
326198730.0 0.0 1805.2632979432553 2 4.145878e-09
410553846.0 1.0 1798.2654344887144 1 0.99998605
259271820.0 1.0 1794.6159467038312 1 0.99998075
229759631.0 1.0 1795.3029896474868 1 1.0
387876925.0 1.0 1810.970588780434 1 0.9914548
395769456.0 1.0 1805.3889580197429 1 0.79724634
256927919.0 0.0 1794.7618632718707 2 6.764406e-15
401087272.0 1.0 1806.41110916592 1 0.9996335
285333364.0 1.0 1798.306104391761 1 0.9999959
118389403.0 1.0 1796.7663572955676 1 0.9999805
65647263.0 0.0 1812.411735753402 0 0.00078861864
407028083.0 1.0 1811.0761568544824 1 0.99998206
279262790.0 1.0 1796.4100530581695 1 0.99926174
381849076.0 0.0 1808.849482904273 0 0.00168795
326632451.0 0.0 1805.2222426785152 0 3.0277664e-07
289267065.0 1.0 1794.1803529093709 1 0.9999982
229741985.0 0.0 1804.928061942127 3 5.989671e-20
202931538.0 0.0 1809.3281881540477 4 1.6487804e-12
229943407.0 0.0 1808.8441865290565 0 3.371842e-06
84220093.0 0.0 1808.8890038476582 0 1.13903886e-10
250476986.0 1.0 1799.4528493778496 1 0.999898
186664494.0 0.0 1805.8493972722458 2 6.405524e-05
284143448.0 1.0 1799.014438085113 1 0.999995
420887802.0 0.0 1808.8430159804007 0 6.604308e-05
378379050.0 1.0 1799.347340887127 1 0.9999564
236776931.0 0.0 1808.9480276712509 0 4.468196e-06
249916590.0 1.0 1810.244786970721 1 0.9991971
354156485.0 1.0 1797.0570423544739 1 0.99968547
199682236.0 0.0 1793.7180567046883 2 3.074811e-11
198457457.0 0.0 1808.6972288654708 3 0.0
219848631.0 0.0 1795.802102035903 4 0.0005326592
347768092.0 0.0 1811.4734131084658 2 1.3827736e-06
289355048.0 1.0 1796.6597668034126 1 0.9999925
395587589.0 1.0 1795.597107520028 1 0.9999879
357526872.0 1.0 1797.5100080385403 1 0.9999999
358946394.0 1.0 1797.4517563430336 1 0.9998725
238702563.0 1.0 1797.0782982970204 1 0.99975604
337643921.0 0.0 1808.8463129770646 0 4.940362e-07
390021728.0 0.0 1810.760155791073 3 4.204742e-33
11151705.0 1.0 1796.806445554343 1 0.28940347
398325962.0 1.0 1794.804610265685 1 0.9950655
77492014.0 1.0 1798.1829380699633 1 0.9998671
308601293.0 0.0 1797.2445552077336 4 4.7667115e-08
268377278.0 1.0 1793.38703083459 1 0.9999625
326972582.0 0.0 1812.3903166332095 0 9.194154e-05
252109307.0 1.0 1793.931647499042 1 0.9999978
184731492.0 1.0 1798.8076678199209 1 0.9999887
312143908.0 0.0 1805.5146142515496 0 8.6576234e-05
14035064.0 1.0 1810.348386389586 1 0.99990124
405417261.0 0.0 1800.1414159331773 0 1.9547722e-05
389538863.0 0.0 1812.764592336639 0 0.0062953946
358907780.0 0.0 1808.8674922505713 0 5.474321e-10
251459295.0 0.0 1793.3900163694523 0 0.0008117318
178082636.0 1.0 1798.8493988310292 1 0.9998115
396681493.0 1.0 1806.1806437045948 1 0.9999987
398339875.0 1.0 1811.0751332841523 1 0.9999811
315934342.0 0.0 1808.848572611553 0 0.0006345278
256197521.0 0.0 1805.5144336357505 0 2.8596557e-07
316249661.0 0.0 1805.2446100379857 0 9.7008964e-08
28833075.0 1.0 1794.4956025264732 1 0.9999912
417663305.0 1.0 1805.8673688385438 1 0.99929136
252197115.0 0.0 1805.5564056745786 0 1.6717646e-05
288611623.0 1.0 1798.9702128195722 1 0.95712805
219894400.0 0.0 1805.2401600519115 0 1.5781493e-08
436870404.0 1.0 1796.495578419242 1 0.9999063
357819964.0 1.0 1797.7851700263625 1 0.9995359
192423066.0 0.0 1805.390867049838 0 0.00017604747
284433549.0 0.0 1809.2017898161475 0 1.8223574e-06
331984288.0 0.0 1805.556352078103 0 2.9712517e-06
279185619.0 1.0 1798.847660499725 1 0.9999925
28913496.0 1.0 1800.3497607261575 1 0.034559608
428208125.0 0.0 1805.2032677624186 0 8.146897e-05
280033934.0 0.0 1810.0742473592868 3 9.115822e-28
350695632.0 1.0 1797.3661316642551 1 0.9998532
378052256.0 1.0 1794.8055863490679 1 0.9999996
198536561.0 1.0 1794.5309320748217 1 0.72886217
424097378.0 0.0 1800.1410283161572 0 5.911675e-05
289385086.0 1.0 1796.1390572088455 1 0.9995955
81915894.0 0.0 1805.2648257188725 0 0.00012953533
264294981.0 1.0 1805.512616221608 1 0.9999857
256476305.0 1.0 1796.7227062527375 1 0.99994797
317470793.0 1.0 1796.9508481603164 1 1.0
230051023.0 1.0 1795.5738664231471 1 0.9998132
455893446.0 0.0 1812.3671524428196 0 1.4653671e-05
250503853.0 1.0 1806.3903829425617 1 0.9999846
359548396.0 1.0 1799.5142068413543 1 0.99996334
284913961.0 1.0 1793.639317122721 1 0.9999922
177995472.0 0.0 1795.4951587016376 3 0.00050012465
400126233.0 0.0 1806.284582561946 4 3.3658406e-20
229674172.0 1.0 1805.7196620432696 1 0.999997
368592012.0 0.0 1812.388652695077 0 6.2134975e-17
308294675.0 1.0 1811.1608380868443 1 0.999833
352836311.0 1.0 1810.5975272105961 1 0.9997406
326857449.0 1.0 1797.5988613092704 1 0.999995
194609095.0 0.0 1808.849468761881 0 0.0018704954
397926071.0 1.0 1796.2644010195502 1 0.9999995
138122878.0 0.0 1809.1204696909354 0 0.0016328559
271029879.0 0.0 1808.8678378791633 0 4.5888957e-08
272532614.0 1.0 1795.8681727281241 1 0.9999844
51952457.0 1.0 1811.535158523776 1 0.9997864
326918763.0 0.0 1808.8695201979478 0 0.00021701222
52942046.0 0.0 1812.7019657870328 0 7.438319e-08
233540097.0 1.0 1799.6357170442411 1 0.9998409
376880697.0 1.0 1805.5951408076246 1 0.99998677
275641606.0 0.0 1797.3684364148264 2 4.0847535e-05
265181645.0 1.0 1799.534510270857 1 0.99994826
406261792.0 0.0 1793.3252806338335 0 2.1822822e-05
10604634.0 1.0 1811.2855806061812 1 0.99999976
94279774.0 0.0 1805.6204960205325 0 0.0007091843
399018929.0 0.0 1812.702299031305 0 0.00040744827
348432819.0 1.0 1810.4109160963976 1 0.9999703
428484763.0 1.0 1810.3890667252151 1 1.0
351364321.0 1.0 1805.930599637006 1 0.9999991
101096710.0 1.0 1796.6203168252289 1 0.9999219
177970339.0 0.0 1808.8702385180381 0 0.0001992194
407389216.0 0.0 1805.2220174629522 0 1.2761628e-06
94373607.0 1.0 1797.1828594743881 1 0.99996996
288535966.0 1.0 1798.6201038129414 1 0.99996996
334807001.0 1.0 1811.1377095131786 1 0.99974185
441727298.0 1.0 1810.803282365453 1 0.999984
428734142.0 1.0 1796.3470431374071 1 0.9999754
270815973.0 1.0 1799.4305484344259 1 0.9999955
12901320.0 1.0 1794.9106646654104 1 0.99999446
265276170.0 0.0 1796.8050744095115 0 9.184586e-07
12002857.0 1.0 1796.0772050655296 1 1.0
343621957.0 1.0 1796.137188081131 1 0.99995464
359677192.0 1.0 1796.9482035823987 1 0.20551209
370505821.0 0.0 1796.0357362263524 2 7.964723e-14
198239019.0 1.0 1805.239272540281 1 0.9998183
256506463.0 1.0 1811.1792834491762 1 0.9999666
198416591.0 0.0 1797.239021753386 3 9.040296e-35
327731481.0 1.0 1805.5364061294 1 0.99999887
375985010.0 1.0 1798.0755725075994 1 0.99998575
408619713.0 1.0 1796.785093127628 1 0.9997741
235982927.0 0.0 1806.116438156677 3 2.3236421e-07
101000305.0 1.0 1800.0787745474183 1 0.99985725
444526282.0 1.0 1810.701947308992 1 0.9999877
326535837.0 0.0 1805.2014810272285 0 3.1250128e-08
139374201.0 0.0 1805.5576699729622 0 4.0573137e-05
240934907.0 1.0 1795.8903622952403 1 0.9996397
317468086.0 1.0 1799.0132435240089 1 0.9999806
327731283.0 1.0 1806.0363857338589 1 0.99999917
407118556.0 1.0 1798.3679482324594 1 0.99999964
63310637.0 0.0 1797.3077657734502 3 0.00020190331
359586929.0 1.0 1796.9062162429875 1 1.0
432095130.0 1.0 1811.1619497760773 1 0.99907
301644721.0 0.0 1805.2031070584146 0 0.0002938832
354540836.0 1.0 1811.3486068146362 1 0.9999998
370073713.0 1.0 1799.369175591559 1 0.99995893
428679899.0 1.0 1797.8682743630063 1 0.9888835
422369172.0 0.0 1794.783027868337 2 1.2250113e-10
238739074.0 0.0 1812.453382053613 0 0.0011896889
308446111.0 1.0 1794.640484754776 1 0.9999982
348025785.0 1.0 1810.8901987991421 1 0.9997307
201039995.0 1.0 1797.745234271572 1 0.9999555
82402866.0 0.0 1812.4108515056807 0 0.000499854
327394173.0 0.0 1808.8486987619906 0 1.2450511e-05
288603143.0 1.0 1797.762106940229 1 0.99974763
354602909.0 1.0 1796.3479080869508 1 0.9999928
433000531.0 0.0 1812.682401403868 0 0.00015652484
251280159.0 0.0 1796.8278238185821 0 2.6771754e-06
367818419.0 1.0 1799.9921882288759 1 0.9998993
366976802.0 1.0 1799.450551039378 1 0.9991977
376368735.0 1.0 1799.4297824572097 1 0.9998778
258461391.0 0.0 1798.1993576749685 4 1.2826191e-17
301478384.0 1.0 1798.640627083516 1 0.99999404
410498550.0 1.0 1793.8072049966277 1 0.99997675
21002519.0 1.0 1799.1141176392089 1 0.9999988
245662844.0 1.0 1811.3485793034188 1 0.99998426
229770438.0 0.0 1805.2196851306783 0 6.7680826e-06
139463078.0 0.0 1809.1201322936536 0 0.0007619262
292525417.0 0.0 1793.140870057587 0 0.00051707134
10865230.0 1.0 1810.8688699255215 1 0.99999124
252112763.0 1.0 1799.0982495908424 1 0.9998631
403253435.0 1.0 1797.5353061547619 1 1.0
49719801.0 0.0 1808.9316082618082 0 2.0163145e-05
268332946.0 1.0 1795.9079729775033 1 0.99963087
326537212.0 0.0 1807.2430957247132 4 1.2935206e-27
29059895.0 0.0 1809.266470030146 0 0.0014852512
26647932.0 0.0 1796.6411873723148 0 0.00039784124
199715780.0 0.0 1793.176278569697 0 0.00036782774
372976233.0 0.0 1798.7207779456824 2 0.0011259683
178105783.0 1.0 1810.182920773971 1 0.99998355
285567422.0 0.0 1793.328014767389 0 4.4520575e-11
390404687.0 1.0 1798.3482504777714 1 0.99997723
412881746.0 0.0 1793.6796435654314 2 8.598734e-06
289570189.0 1.0 1806.4059070788928 1 1.0
441722558.0 1.0 1794.552654696647 1 0.9999479
198280388.0 0.0 1795.4889926947333 3 0.0
233122437.0 0.0 1797.6566962711613 2 3.90984e-06
285509064.0 0.0 1809.5152089694366 4 2.962441e-23
229398282.0 1.0 1796.6781360358323 1 0.99999946
370683704.0 0.0 1793.1400083614712 0 3.1337217e-07
334490271.0 0.0 1805.2003304808275 0 5.140418e-07
373238020.0 1.0 1794.7218345032072 1 0.99993557
241064755.0 0.0 1812.3483827727453 0 5.6313867e-05
415963236.0 1.0 1810.2238987288656 1 1.0
327789293.0 1.0 1797.5989997821903 1 0.9999407
347690159.0 1.0 1795.4109419126335 1 0.9999796
389695576.0 0.0 1794.3477851756236 0 8.4618805e-06
428118368.0 0.0 1805.2449283288813 0 1.666575e-08
431805355.0 1.0 1798.2866770772205 1 0.9999912
81593786.0 1.0 1810.5775010388254 1 0.99948543
20871333.0 1.0 1796.5366526821979 1 0.99998796
337004549.0 1.0 1810.3670502626446 1 0.99998045
101223529.0 0.0 1805.5371833987042 0 0.00015463446
427323622.0 1.0 1798.700844198396 1 0.9999889
359435528.0 1.0 1799.0558827120544 1 0.9999971
233120533.0 1.0 1805.760522638204 1 0.9999665
366100704.0 1.0 1795.9516663823883 1 0.9999009
427318175.0 1.0 1797.742396849105 1 0.999956
347484350.0 1.0 1793.494259789516 1 0.9998453
165551119.0 0.0 1797.510162447136 4 3.932945e-15
229960907.0 0.0 1793.4071172591337 0 1.0844157e-05
229511624.0 0.0 1805.1989270463791 0 1.8608523e-07
83812531.0 0.0 1799.076701615077 3 3.3251823e-08
279343709.0 1.0 1794.4723405597583 1 0.9999832
219087622.0 1.0 1797.823584532554 1 0.99996156
252100978.0 1.0 1794.0147692011697 1 0.99986434
118298815.0 1.0 1810.3077421226433 1 0.99999154
376296101.0 0.0 1805.3684270068368 0 0.000761872
117521729.0 1.0 1796.348878478288 1 0.9999737
12980862.0 1.0 1794.4730851892732 1 0.99999845
229759564.0 1.0 1810.9279630423555 1 0.99977463
274951377.0 0.0 1794.8887093154246 4 4.460247e-24
427766763.0 0.0 1797.0553628876457 0 2.5408039e-05
279893616.0 1.0 1806.1593167700414 1 0.9999831
67637448.0 1.0 1795.9952422184956 1 0.9999774
103948885.0 1.0 1810.348921252634 1 0.99997276
20706357.0 1.0 1793.7658178243203 1 0.9998346
291961909.0 1.0 1799.1197982190133 1 0.999974
453162411.0 0.0 1812.9101272284722 0 1.09480084e-07
274953163.0 1.0 1799.4304380966912 1 0.99999774
251231553.0 0.0 1808.8485554629017 0 0.0003163009
387238000.0 1.0 1794.5746878683658 1 0.9974166
357101501.0 0.0 1805.1974735800525 0 5.9223535e-08
356310937.0 1.0 1810.3637473629267 1 0.9992561
422755799.0 0.0 1794.7430564998106 2 1.1904184e-05
332476477.0 1.0 1806.1141917043824 1 0.9999556
285681305.0 0.0 1805.3688369722336 0 3.4286984e-06
422661364.0 0.0 1797.034334636529 2 0.059608657
315728193.0 1.0 1805.702724158487 1 0.9998591
445133704.0 0.0 1798.7023343633168 3 0.0
256500983.0 1.0 1810.450092059486 1 0.99999785
403337962.0 1.0 1806.1393172415244 1 0.9999997
284044554.0 0.0 1796.6392358704938 0 0.0011100243
251006946.0 0.0 1794.5153966685439 2 2.022072e-11
402448481.0 1.0 1811.3242289038335 1 0.99999756
194671339.0 1.0 1805.4744710418313 1 0.9999815
230026310.0 0.0 1793.4071803225143 0 4.419051e-09
410622822.0 0.0 1805.203031525856 0 4.3376665e-05
436871428.0 0.0 1808.9329782071236 0 0.0008020725
194854202.0 0.0 1805.2661631709818 0 0.00040457252
230377874.0 1.0 1798.552572540826 1 0.9999948
376085702.0 1.0 1794.9301814407197 1 0.9998975
275694782.0 0.0 1794.347701321032 0 0.0037248058
347484337.0 0.0 1805.2026440554275 0 2.3984812e-08
272330700.0 0.0 1808.8678939953104 0 9.9567354e-05
407431893.0 1.0 1795.849027682639 1 0.99999845
315755525.0 0.0 1798.554096581756 2 9.461207e-06
240911922.0 0.0 1809.473251037413 3 5.8927975e-12
399857965.0 1.0 1805.8677002751756 1 0.9998473
278856459.0 0.0 1805.3060333695466 0 0.00028954513
403741100.0 1.0 1805.6196443058336 1 0.99977803
406678551.0 1.0 1795.638334581258 1 0.9999863
288516356.0 1.0 1795.8242557030414 1 0.9999996
200774699.0 0.0 1800.1411229913583 0 0.00071985915
10797347.0 1.0 1796.285448110545 1 1.0
406517945.0 1.0 1811.3457807791922 1 0.999991
178082659.0 1.0 1798.2868918829142 1 0.9993822
376847031.0 1.0 1796.1154179513192 1 0.9999993
341839327.0 0.0 1808.9266774834073 0 0.03188178
455865668.0 1.0 1795.3467045743134 1 0.999987
445236696.0 1.0 1795.3481692577845 1 0.99999595
374917952.0 1.0 1799.556905545188 1 0.99997634
236972554.0 1.0 1794.6577722206673 1 0.99999326
422962376.0 0.0 1808.974247372411 0 0.0019282162
240979625.0 1.0 1811.3900128277533 1 0.99993443
233632871.0 0.0 1805.2192253657709 0 4.9959917e-13
233005299.0 0.0 1808.1565310554192 4 1.4614054e-07
357672070.0 1.0 1810.4523870352352 1 0.99986815
117173053.0 0.0 1799.1404604603756 4 8.964196e-28
52526153.0 1.0 1797.9519309895923 1 0.99606395
50050546.0 0.0 1808.931396941837 0 5.021215e-05
177765196.0 0.0 1800.141093307699 0 0.0004016581
279061151.0 1.0 1796.2641823850863 1 0.9999648
357101501.0 1.0 1800.072565177432 1 0.99999607
445236014.0 0.0 1793.452334959177 2 1.3830865e-12
441764441.0 0.0 1797.0529334772134 4 0.0
422748933.0 1.0 1806.0137620166704 1 0.999959
445568014.0 0.0 1806.2235075061776 2 3.7024403e-08
5722393.0 1.0 1811.203502431074 1 0.99998665
94541716.0 1.0 1795.8078196509741 1 0.9999982
327732339.0 1.0 1794.3907715838327 1 0.9999285
370343522.0 1.0 1794.6606997583244 1 0.9956068
299492988.0 0.0 1808.8877183345564 0 6.703734e-14
434717759.0 1.0 1799.701002290924 1 0.9999938
229439269.0 1.0 1796.448822204499 1 0.99999905
312862575.0 1.0 1798.0982291340342 1 0.99987274
403037892.0 1.0 1794.4116839728347 1 0.99845755
271531069.0 0.0 1796.9096379390753 0 4.9457205e-05
241078868.0 0.0 1793.8487890584777 3 3.887814e-19
367681879.0 0.0 1806.05279053679 2 6.315396e-12
396575973.0 0.0 1809.1617186164713 0 0.0016841856
50942363.0 1.0 1795.9523747829257 1 0.9997606
402975785.0 1.0 1796.430086944234 1 0.9999584
229497973.0 1.0 1798.9698331708612 1 0.99998426
319910521.0 1.0 1810.3892357264515 1 0.99999756
259461265.0 0.0 1812.3699701525309 0 1.3019098e-07
368375292.0 1.0 1795.4096578567808 1 0.99932265
422611996.0 0.0 1794.7219082869258 4 2.3155999e-14
403038960.0 1.0 1793.5991351811608 1 0.6900785
249892509.0 1.0 1795.661227412349 1 1.0
399203662.0 0.0 1809.202253155704 0 0.00056669343
240781407.0 1.0 1798.639879325805 1 0.9997019
381687387.0 0.0 1800.1410887668856 0 1.1360413e-05
160552204.0 0.0 1806.4695320664157 4 1.2217806e-12
50517423.0 1.0 1799.285752188229 1 0.9999968
292003360.0 0.0 1812.5780999254514 0 0.00010782076
335952082.0 0.0 1808.8428906353015 0 0.0009191748
354969330.0 0.0 1796.8684520681968 4 1.0066256e-14
245557201.0 1.0 1794.7861159373347 1 0.99990684
288853174.0 1.0 1796.451848276372 1 0.9999602
312977863.0 1.0 1810.3895505571118 1 1.0
399585928.0 1.0 1796.6616185834996 1 0.999949
268844165.0 1.0 1796.3469824458716 1 0.99998677
332049544.0 0.0 1795.8690647241688 2 6.6037464e-13
374482767.0 0.0 1806.1818309514647 2 8.5656974e-16
229676244.0 0.0 1809.0323647705607 3 7.8639975e-13
422563048.0 0.0 1805.2216815999927 0 9.49426e-06
229977326.0 0.0 1812.3651300243218 0 4.7583865e-07
399197082.0 0.0 1812.473259043681 0 0.0022528246
433563574.0 1.0 1810.4537631186656 1 0.99966305
137992267.0 0.0 1809.1205472249974 0 0.00022071575
311821944.0 0.0 1805.556143271815 0 6.8579107e-09
241090100.0 0.0 1796.6402975790227 0 8.420046e-06
235686753.0 1.0 1793.8033138923804 1 0.9986069
390408794.0 0.0 1808.3065982280511 4 2.293405e-12
117403022.0 0.0 1810.5365154448534 2 1.0689867e-08
323059832.0 1.0 1794.5125706056779 1 0.9999994
306182652.0 0.0 1805.5148687791868 0 5.405081e-07
235934090.0 0.0 1810.032942292923 4 9.849906e-12
240940049.0 0.0 1813.098149139567 0 7.105235e-09
252143020.0 0.0 1796.639853392136 0 0.00011529429
52266477.0 1.0 1810.4102545073356 1 0.6765004
177992848.0 1.0 1806.3911416457663 1 0.9999821
373063252.0 1.0 1796.4509010480813 1 0.99981743
250800148.0 1.0 1799.036331589949 1 0.9999824
419531065.0 0.0 1805.5559756030914 0 7.835462e-07
245699332.0 0.0 1797.9110156603492 4 5.6021595e-06
83149985.0 1.0 1798.2848650105557 1 0.9999999
327790567.0 0.0 1805.7238275530237 4 2.4032241e-24
230112337.0 0.0 1805.1982679073842 0 0.00015183701
83149710.0 0.0 1796.4098780474212 4 3.5358636e-13
431763108.0 1.0 1797.9742526357957 1 0.9999188
377861043.0 0.0 1793.6366113763386 2 6.078846e-05
279875902.0 1.0 1806.3260496635014 1 0.99941784
403521659.0 0.0 1808.8484125187383 0 4.7873864e-06
229951763.0 1.0 1800.5944003774455 1 0.99995327
420295663.0 1.0 1794.368544447064 1 0.99963266
65197590.0 0.0 1808.8702578770046 0 0.00022214952
410806284.0 1.0 1794.1405309590493 1 0.9999977
256412935.0 1.0 1794.014644120663 1 1.0
259385456.0 1.0 1797.4743212333929 1 0.9999585
453229743.0 0.0 1812.3899476497884 0 1.9172433e-06
249920084.0 1.0 1799.244687906848 1 0.99137604
284314615.0 0.0 1812.7016413782649 0 2.6808011e-05
73487019.0 1.0 1798.7245364947444 1 0.9999978
399086335.0 1.0 1810.49396574446 1 0.99999917
356310929.0 1.0 1811.5304014027984 1 0.9999358
252141713.0 0.0 1796.6398866314264 0 0.000116477684
54051137.0 1.0 1799.5769530518571 1 0.9999675
63623869.0 0.0 1810.2450758563082 3 2.8910486e-29
403746196.0 1.0 1795.1817601114246 1 1.0
232627162.0 1.0 1800.0727190700081 1 0.9999947
417735836.0 0.0 1799.7825721409936 2 1.6018248e-08
316839069.0 1.0 1806.202837001932 1 0.99944973
71974989.0 0.0 1807.7024490901836 4 2.2088707e-28
385240776.0 0.0 1812.3701122390469 0 0.00038579133
359982726.0 0.0 1812.3449834586063 0 6.5724987e-07
374393406.0 0.0 1808.931533589353 0 9.463383e-05
252141764.0 0.0 1798.098207420882 4 4.494509e-24
292000184.0 1.0 1805.7031452728831 1 0.9994225
378048262.0 0.0 1805.201201538606 0 9.667298e-08
233525078.0 0.0 1812.6983999454571 0 2.6274323e-05
236815701.0 1.0 1796.92744990488 1 0.99999744
233057068.0 0.0 1812.6769945852213 0 1.2899787e-06
275856923.0 0.0 1805.2852825012753 0 0.00031025804
129688296.0 0.0 1809.2243013364077 0 0.00056889385
453277314.0 0.0 1812.389991711934 0 5.8624184e-05
81382470.0 1.0 1796.2023541485185 1 0.9995476
308712908.0 1.0 1810.5359101465876 1 0.99996907
219738983.0 1.0 1794.1137904839734 1 0.9997601
116754534.0 1.0 1794.6823263821475 1 0.9999727
289092359.0 0.0 1808.6804430146378 4 8.89799e-15
55085515.0 1.0 1797.1395348261397 1 0.9999991
184684618.0 1.0 1793.9327723238973 1 0.9999976
229437389.0 1.0 1797.823815858565 1 0.99999964
407052538.0 1.0 1796.847125376492 1 0.99991125
117752754.0 1.0 1798.2656178497639 1 0.9999975
35154187.0 1.0 1797.0788226012412 1 0.99809223
379248646.0 1.0 1811.4101691563744 1 0.9998845
384805458.0 1.0 1806.2653180390232 1 0.9999809
269888243.0 1.0 1797.9330573055756 1 0.99952435
250712175.0 1.0 1795.4947981319167 1 0.9999875
378288273.0 0.0 1793.4099190359482 0 1.200583e-09
301641054.0 0.0 1805.2240606709358 0 4.5873054e-05
368241993.0 1.0 1795.8887120191323 1 0.9999412
365884007.0 1.0 1811.11777861781 1 0.9999805
293188343.0 1.0 1793.8492485530276 1 0.99988216
269893200.0 1.0 1796.2663192595135 1 0.99979526
375985267.0 1.0 1798.0339051061278 1 1.0
395502308.0 0.0 1796.6386005177978 2 4.3440462e-17
428074524.0 1.0 1798.4112673510142 1 0.9999828
52364483.0 0.0 1809.2227649217286 0 0.00012513845
368738288.0 0.0 1808.8473502639392 0 3.4965835e-06
250803662.0 1.0 1797.8278895332112 1 0.9999837
445195302.0 1.0 1797.3480971338709 1 0.99998575
50266875.0 0.0 1812.4315476432944 0 0.00013767852
284314464.0 0.0 1812.7016416700255 0 0.000116301984
82982711.0 1.0 1799.1391414028633 1 0.999951
436878249.0 0.0 1808.8705295951129 0 8.592753e-05
251224729.0 0.0 1808.8487002024824 0 5.2859185e-08
449986076.0 0.0 1795.806247268676 2 2.3920722e-07
352911434.0 1.0 1810.9287019457015 1 0.9997273
377251803.0 0.0 1798.7399300002387 3 1.5317906e-30
252101699.0 1.0 1796.4522729199948 1 0.99995404
65196007.0 0.0 1796.6408777814 0 0.0020317237
274806038.0 0.0 1810.8886902213542 2 0.00066419033
241033594.0 0.0 1808.8483143492015 0 0.00033047583
352406943.0 1.0 1793.6789367892354 1 0.9999982
395652808.0 0.0 1800.0972675385715 4 0.0
331717791.0 1.0 1793.3900092334977 1 0.9999999
379167252.0 0.0 1808.8682132581864 0 6.257022e-06
85431635.0 0.0 1805.745462066148 0 0.0013508018
406637799.0 1.0 1810.2010561950306 1 0.99999964
366561246.0 1.0 1805.699578864538 1 0.9999962
275421393.0 1.0 1810.3872794498977 1 0.9999996
322321784.0 1.0 1797.9919059291403 1 0.9990147
366582053.0 0.0 1793.1371864230741 0 1.1900282e-07
417665707.0 1.0 1799.7424573107608 1 0.99981827
116274364.0 0.0 1806.3280616013703 4 3.9081896e-32
83141432.0 0.0 1805.2223745859367 0 3.5969364e-08
423461306.0 1.0 1799.4313316369403 1 0.99952096
332568616.0 0.0 1812.7022468397724 0 3.6326138e-09
445631556.0 0.0 1794.2651129200224 2 1.11546855e-10
26621692.0 1.0 1797.6411930819588 1 0.99982846
230396560.0 1.0 1797.3443717506748 1 0.99970174
94372467.0 1.0 1796.0369542722476 1 0.99994636
353173655.0 0.0 1808.9101491991396 0 0.0008371055
202954633.0 1.0 1797.8075990337409 1 0.99999875
312978515.0 0.0 1796.7647216990308 0 2.8154137e-10
52073229.0 0.0 1800.1393909518868 0 0.0010957657
238747433.0 1.0 1795.265843758603 1 0.99997747
349257127.0 1.0 1806.0788098709725 1 0.9999635
12905578.0 0.0 1805.3066628096515 0 1.6973901e-06
275693524.0 1.0 1800.21947055891 1 0.9999991
354319204.0 1.0 1797.1195631196497 1 0.9998515
279521778.0 0.0 1805.200890857783 0 0.0012429194
264052273.0 0.0 1812.408229600531 0 6.5151977e-07
381686576.0 1.0 1795.8701960511553 1 0.9999999
450149056.0 1.0 1811.3069371051702 1 0.99996245
293066086.0 0.0 1801.4532119062362 3 5.439326e-26
256372162.0 1.0 1796.7199306999562 1 0.99988496
116559495.0 1.0 1794.0780440049793 1 0.9999981
423455690.0 0.0 1808.931454762128 0 4.737454e-05
52424203.0 1.0 1810.722772115069 1 0.9999874
428257299.0 0.0 1810.328181583951 3 1.03398026e-32
50189810.0 0.0 1798.4941068673957 3 4.9806395e-19
285046853.0 0.0 1812.701705796825 0 3.128892e-06
417607351.0 1.0 1811.1788739382218 1 0.9999994
289723597.0 1.0 1805.6140388865747 1 0.9999999
389407516.0 1.0 1806.4314126856864 1 0.9999538
82171885.0 1.0 1810.5358897175029 1 0.99982834
401003990.0 1.0 1796.5774891069896 1 1.0
385335725.0 1.0 1810.34880201988 1 0.9998671
287138872.0 1.0 1797.6767087903236 1 1.0
370420562.0 1.0 1799.6817998298793 1 0.9999905
445229311.0 0.0 1794.5354995830908 2 3.733822e-15
201185068.0 0.0 1812.3912386581026 0 0.00028845354
118295715.0 1.0 1810.5785618074372 1 0.99989635
345915846.0 1.0 1799.6400149718756 1 0.9999744
407210141.0 0.0 1796.9096987509122 0 5.319951e-09
256619170.0 0.0 1808.8447398453661 0 3.6376327e-06
396454437.0 1.0 1796.3670263028177 1 0.9999856
396339551.0 0.0 1810.743439853562 3 3.917912e-05
258803822.0 1.0 1797.990743851141 1 0.9999665
229583094.0 0.0 1812.3450599740627 0 1.3053989e-05
275367529.0 0.0 1801.68043567214 3 1.2413345e-14
347691279.0 1.0 1797.306768476373 1 1.0
316515420.0 0.0 1805.2028548408412 0 5.360909e-06
264615805.0 0.0 1804.661060786909 3 1.4226969e-15
373958324.0 1.0 1798.8062503791111 1 0.9975447
292942043.0 1.0 1810.5781397613516 1 0.9999991
50360587.0 0.0 1808.9108286574408 0 0.00021683208
445245390.0 0.0 1805.5562749314893 0 0.00045923304
387994393.0 1.0 1805.9290020332578 1 0.9995435
232674121.0 0.0 1808.8438737830618 0 0.000373261
194856864.0 1.0 1798.787018337229 1 0.9999376
375853985.0 0.0 1803.9296705566157 3 4.1885536e-12
331928059.0 1.0 1806.3888338299648 1 1.0
331855180.0 0.0 1808.2231108830933 4 1.2080319e-13
126098229.0 1.0 1794.9953554548795 1 0.9998662
233615836.0 0.0 1798.5110249201487 2 0.0043839747
343326607.0 1.0 1797.0329460960522 1 0.9999327
362105169.0 1.0 1799.1777526558326 1 0.9998049
229472865.0 0.0 1807.1154868634978 4 7.7115644e-22
385241265.0 1.0 1796.3074525924815 1 0.9999444
396682476.0 1.0 1805.5555159434327 1 0.9999991
400339049.0 1.0 1799.6806510840615 1 0.9999958
194736844.0 0.0 1800.8702555115647 3 4.88568e-13
400500239.0 0.0 1812.3691630738497 0 7.452645e-05
258831164.0 0.0 1812.3447993112597 0 0.00012131182
241034823.0 1.0 1797.7859646901852 1 0.9999992
264468462.0 0.0 1800.1376352131133 0 1.8684345e-08
441795507.0 0.0 1797.6990549603167 0 0.0001421918
241080896.0 1.0 1793.4113808143916 1 0.99997175
378988247.0 0.0 1808.847382669833 0 0.000587412
286010581.0 1.0 1811.4107330138306 1 0.99966294
229947859.0 0.0 1796.5737682988097 2 6.5712275e-10
29017767.0 0.0 1812.8289211515182 0 0.0009947129
326962793.0 1.0 1795.5988572816973 1 0.99997306
311708401.0 0.0 1798.7438214797319 4 1.0917343e-17
407163612.0 1.0 1810.243100820511 1 0.9999919
403332896.0 1.0 1810.907770742894 1 0.99999005
269662831.0 0.0 1796.0327968634824 4 5.129554e-06
283252091.0 0.0 1799.639364472968 2 1.5310836e-15
63465362.0 1.0 1795.3703529762881 1 0.99988586
287151976.0 0.0 1809.426810310299 3 0.00017251547
445235922.0 0.0 1796.6398010127496 0 3.472915e-06
279701423.0 1.0 1810.9924996728364 1 0.9999963
445616870.0 0.0 1812.3484667271414 0 1.7436621e-09
321552528.0 1.0 1795.2625885419584 1 0.99999213
389985611.0 0.0 1794.868821525704 4 2.0061324e-23
406856927.0 0.0 1808.8859031141042 0 1.8030065e-06
390337133.0 0.0 1798.681424652178 2 1.929273e-10
352924207.0 0.0 1812.4934376904148 0 0.00302184
367330067.0 1.0 1805.3462561058266 1 0.9999995
63348754.0 1.0 1810.8700127753223 1 0.99999976
332475115.0 1.0 1798.4681023256855 1 0.999996
288381315.0 0.0 1797.699178128951 0 8.081519e-09
298733065.0 1.0 1797.9686791835827 1 0.99663544
321683420.0 1.0 1799.2625683826795 1 0.99737644
284313388.0 1.0 1795.1393404727755 1 0.9999827
421307285.0 0.0 1812.344064080848 0 3.6888552e-09
431899940.0 1.0 1793.4740104172133 1 0.9998935
396339551.0 0.0 1802.1808427482626 3 4.0680735e-07
428390387.0 1.0 1797.2655820684636 1 1.0
249879182.0 0.0 1796.89053754867 0 3.5623485e-05
368683747.0 1.0 1795.7434024880613 1 0.9999999
233496319.0 0.0 1797.7817024859842 4 3.7714766e-27
326210045.0 1.0 1805.6571997675262 1 0.99990267
286173604.0 1.0 1796.9953594263561 1 0.99999976
376637457.0 1.0 1796.159046022435 1 0.9997155
35114670.0 1.0 1810.2455662424263 1 0.9999711
129822984.0 0.0 1798.8285775087923 2 0.00044252948
431778273.0 1.0 1810.682694451474 1 0.9995816
287138770.0 1.0 1811.3226782841573 1 0.99998194
241026771.0 1.0 1796.2862114253464 1 0.9999995
428549685.0 0.0 1805.6810581955979 0 0.00019423242
54715166.0 1.0 1797.681382694915 1 0.9999986
376881728.0 1.0 1797.28263838375 1 0.99988604
403626792.0 1.0 1805.6818606753968 1 0.92439693
400947995.0 1.0 1798.724282838258 1 0.99993455
288514758.0 0.0 1797.4909835145772 2 0.00027828742
285684806.0 1.0 1796.8480347329032 1 0.99981296
279599877.0 1.0 1796.3896121608777 1 1.0
241000835.0 0.0 1812.3481994645804 0 1.0726982e-05
433977371.0 1.0 1796.5758981610354 1 0.9999983
129870140.0 0.0 1793.1411549796107 0 0.0018031768
207438369.0 1.0 1797.9888453094406 1 0.9995481
240684915.0 1.0 1799.243948040645 1 1.0
348517267.0 0.0 1812.3486032597755 0 5.4222635e-08
336543055.0 0.0 1805.2004634045725 0 1.2919138e-07
377606709.0 1.0 1795.9094745384111 1 0.9997636
268056283.0 1.0 1810.6156364008073 1 0.9999792
366068119.0 0.0 1808.846849924475 0 1.2439823e-10
359557211.0 1.0 1811.051971756001 1 0.9999732
292608881.0 1.0 1794.9531856868468 1 0.9999982
376253643.0 1.0 1797.1186747508889 1 0.9998391
26619684.0 0.0 1805.6205640121684 0 0.0015323004
256352113.0 0.0 1809.1375181946119 3 6.983564e-27
50192248.0 1.0 1797.0981996019661 1 0.99994123
251548965.0 1.0 1793.8903188542802 1 0.99997866
275424226.0 0.0 1808.8664541238734 0 0.00028475924
21024419.0 1.0 1797.1205536801754 1 0.9999782
312150095.0 0.0 1799.9730381040017 4 2.5887607e-23
366762412.0 0.0 1796.8254767111753 0 1.3089681e-08
327189822.0 0.0 1813.0986196531546 0 0.00023662015
289358013.0 1.0 1794.3886964222663 1 0.9993911
433791342.0 1.0 1806.0965679766525 1 0.99985284
376637108.0 0.0 1799.5340129016529 4 4.4997893e-18
421684246.0 1.0 1794.9103351943054 1 1.0
117758211.0 0.0 1799.9737962066472 4 8.9525235e-17
229456600.0 0.0 1796.9073672492884 0 2.5692868e-06
311832549.0 0.0 1809.2435948497155 4 2.8202642e-12
232645223.0 1.0 1798.8647173284462 1 0.9999891
315612971.0 1.0 1796.4527404083494 1 0.9998214
403745495.0 1.0 1797.1401709752097 1 0.99994326
338072401.0 1.0 1797.2215868196677 1 0.99996865
81382674.0 0.0 1808.910867291159 0 0.0001804439
410651644.0 1.0 1797.390451956685 1 0.99999774
271749513.0 1.0 1797.9515044535813 1 0.9999989
397984001.0 1.0 1806.0974802048486 1 0.9999884
341872321.0 0.0 1808.8651487341322 0 8.2523326e-07
177991199.0 0.0 1805.2245419913593 0 0.00072875567
264172306.0 1.0 1793.8866968067707 1 0.9999655
359589504.0 1.0 1796.739672655878 1 0.9999582
334492377.0 1.0 1798.721289667042 1 0.9842266
444836801.0 0.0 1805.5565105780324 0 4.6035193e-06
229446898.0 1.0 1794.8446836193975 1 0.99995315
312337570.0 1.0 1799.2855547954573 1 0.9997006
250744292.0 1.0 1799.3072571657062 1 0.99999964
279212305.0 0.0 1805.951980984144 4 8.06583e-27
369030913.0 1.0 1794.8683325173834 1 0.9999989
409524356.0 1.0 1797.349133422365 1 0.99978054
285536806.0 1.0 1795.0353773641905 1 0.9999788
238661093.0 1.0 1797.786342041671 1 0.9999993
291955034.0 1.0 1797.2032920324277 1 0.999944
356915621.0 1.0 1811.030663800134 1 0.99999493
327297211.0 1.0 1810.9111421297455 1 1.0
348229487.0 0.0 1796.8275994108153 0 1.1528468e-06
422384169.0 0.0 1805.241189657446 0 2.8378387e-05
316136270.0 1.0 1794.2024166860717 1 0.999989
177880459.0 1.0 1795.078551123973 1 0.99999857
85524349.0 1.0 1806.1829934298041 1 0.99960506
327606993.0 1.0 1798.4740098574293 1 0.99999565
396566592.0 1.0 1796.576548327125 1 0.99987686
255872660.0 1.0 1805.9936539351543 1 0.99999607
323309264.0 0.0 1805.7628928695526 2 8.910844e-08
130063363.0 1.0 1793.766038474397 1 0.9999123
229974301.0 1.0 1796.865352337052 1 0.9998408
116016135.0 1.0 1798.0572281152315 1 0.9998966
455961763.0 1.0 1796.9299730187802 1 0.9984656
354595540.0 1.0 1811.0350026867666 1 0.9999996
319599388.0 0.0 1805.5351520834454 0 0.0004975266
308120144.0 0.0 1812.494101763862 0 9.7756325e-05
200939418.0 0.0 1798.9535717537797 3 0.00027672193
372630385.0 1.0 1799.0564486028802 1 1.0
415962730.0 1.0 1796.0365915942127 1 0.9999586
230075965.0 0.0 1795.218541050736 4 6.711395e-11
67461749.0 0.0 1793.141054938772 0 0.00092145294
285736210.0 1.0 1794.99469379905 1 0.999816
327345144.0 1.0 1798.2240331464752 1 1.0
431932339.0 1.0 1794.7448819021502 1 0.9840665
240798197.0 1.0 1794.5358399614254 1 0.9999835
177764869.0 1.0 1797.453577433463 1 0.99999475
366327738.0 0.0 1793.3252898094538 0 8.372216e-10
13702883.0 0.0 1805.2647951120746 0 3.920213e-07
354547377.0 0.0 1805.223616522367 0 1.1460666e-05
367145378.0 1.0 1799.2839107978848 1 0.9991462
327094634.0 1.0 1798.1197416029238 1 0.9999338
316328592.0 1.0 1796.8274975663426 1 0.9999862
312852988.0 1.0 1799.6606090637874 1 0.999935
410502040.0 0.0 1796.6403849658786 0 0.041592028
274983517.0 0.0 1797.367751476429 2 2.9891535e-14
186970106.0 0.0 1805.495201142783 0 0.00015491898
332684363.0 0.0 1800.1397723653808 0 8.739009e-05
306564243.0 1.0 1794.327530709747 1 0.9364085
415959532.0 1.0 1811.4322229969475 1 0.99982214
68156985.0 1.0 1796.2036446540612 1 0.9999173
374219745.0 1.0 1798.5771409362392 1 0.9999111
186627861.0 1.0 1810.9744973500112 1 0.99999017
233659371.0 0.0 1794.8019233940374 2 2.703678e-16
422657370.0 0.0 1795.534336638872 2 9.464419e-06
398357997.0 1.0 1805.9501087482238 1 0.9999558
396268080.0 0.0 1805.3266925214052 0 1.6466566e-06
198388252.0 0.0 1812.1972214333023 3 1.2837496e-25
387898662.0 1.0 1799.5749152257515 1 0.9999276
332575246.0 1.0 1798.8900364961169 1 0.99995893
116218788.0 0.0 1805.30744306878 0 6.6615125e-05
237235736.0 0.0 1805.199373258372 0 6.5728195e-10
85400817.0 0.0 1808.8496476091323 0 0.0007752145
371426487.0 1.0 1797.849827986817 1 0.9994908
71926521.0 0.0 1793.1401135651536 0 2.1688866e-11
320186410.0 1.0 1796.6395172154214 1 0.99983054
51022694.0 1.0 1796.5565524940985 1 0.99998623
186912619.0 0.0 1805.4743017491337 0 0.0004697555
415982533.0 1.0 1811.5573113538521 1 0.9999907
250742815.0 1.0 1797.515536160063 1 0.99999326
322442826.0 0.0 1805.2210583188212 0 9.860939e-08
245391213.0 1.0 1805.9944882875925 1 0.9999862
284316356.0 1.0 1810.3267107168454 1 0.9999971
201013581.0 1.0 1796.8492729874604 1 0.9999519
356107902.0 0.0 1794.405797699184 0 0.0012222206
399623373.0 0.0 1794.3475121124306 0 6.323276e-05
249862386.0 1.0 1805.890476241539 1 0.9999265
177913636.0 0.0 1808.9119086641638 0 0.00014643771
452971988.0 0.0 1798.8687394422618 4 4.618325e-17
286236415.0 0.0 1806.8286191549657 4 5.7405865e-17
348607534.0 1.0 1798.3276725263902 1 0.99959695
366564576.0 1.0 1798.0747068401465 1 0.9998162
184693785.0 1.0 1799.078516696538 1 0.99983245
372860434.0 1.0 1797.1814509632716 1 0.99999064
72088388.0 0.0 1809.1607923983868 0 0.00061333104
240716624.0 1.0 1810.535367610282 1 0.9999989
445555922.0 0.0 1812.3900344059496 0 4.280442e-05
116498460.0 1.0 1794.057240533445 1 0.99999976
299443783.0 0.0 1796.6403738523525 0 7.691105e-06
260030939.0 1.0 1794.6194022108514 1 0.9997898
308716455.0 0.0 1812.3484646724025 0 2.493827e-11
351685860.0 1.0 1798.3058140916778 1 0.999999
90648961.0 0.0 1812.7247101329542 0 0.00030281197
333062830.0 1.0 1798.2231668380157 1 0.9999959
445288344.0 1.0 1795.910509380457 1 0.9999338
249830330.0 0.0 1796.8278985466889 0 4.1264125e-06
258352236.0 1.0 1810.4074417515221 1 0.99999803
305165331.0 1.0 1794.8247257452094 1 0.99993515
423948019.0 1.0 1798.867003396174 1 0.99998665
352113030.0 1.0 1799.8472331925188 1 0.9998669
373146721.0 1.0 1797.5549566485038 1 0.9999936
235678217.0 0.0 1805.2200382019764 0 2.3654711e-07
46424916.0 0.0 1796.6413738045458 0 0.0011539427
368597251.0 0.0 1812.3677434025183 0 2.667677e-09
194673367.0 1.0 1797.3911145414213 1 0.999832
13529474.0 1.0 1797.056551296899 1 0.99986863
434437544.0 1.0 1799.7217694853923 1 0.99988776
13037815.0 0.0 1796.9093179644858 0 0.00011483709
423031237.0 1.0 1795.7444266436853 1 0.9998831
240920492.0 1.0 1794.556969231756 1 0.9999942
283738003.0 0.0 1809.159950031765 0 3.503384e-05
399262667.0 0.0 1805.3062742404652 0 0.00020724168
230133460.0 0.0 1805.1982152658284 0 6.490983e-09
240932992.0 1.0 1795.7236048845111 1 0.99990606
192653272.0 1.0 1795.036546141382 1 0.99998623
409521560.0 1.0 1797.8076059121024 1 0.9999079
348520238.0 1.0 1806.1403692262304 1 0.9999599
394091225.0 1.0 1796.0120244526315 1 0.9998551
191773391.0 1.0 1796.1405967345627 1 0.99282545
420498788.0 1.0 1798.618358720638 1 0.324806
354743036.0 0.0 1795.4936637963422 4 7.0672585e-27
441738038.0 0.0 1808.8447816220196 0 3.714917e-05
194673250.0 1.0 1794.4118840835574 1 0.9998488
241078868.0 0.0 1808.2653560330257 3 1.3152181e-14
396446258.0 0.0 1808.8890151164996 0 0.00015297286
186804244.0 1.0 1793.5160184076597 1 0.9999507
410773652.0 1.0 1798.2836824017766 1 0.9999951
387631215.0 0.0 1799.4497922812657 2 2.4447947e-06
241040337.0 0.0 1794.7445607103002 4 2.358515e-15
403874094.0 1.0 1795.6395699414927 1 0.9999739
327246099.0 1.0 1793.6395103144139 1 0.9999986
199525869.0 1.0 1806.259980550621 1 0.99999976
420579244.0 1.0 1810.159570155906 1 0.9999882
67461115.0 1.0 1811.203233877388 1 0.9999995
367093775.0 1.0 1799.1589323838616 1 1.0
233530865.0 1.0 1794.2818982641675 1 1.0
287081013.0 1.0 1805.488975893469 1 0.99999946
237082307.0 1.0 1805.5535598187405 1 0.9999533
258774711.0 1.0 1794.407185066029 1 0.99999905
116493592.0 1.0 1798.4948685225118 1 0.9999989
232634196.0 0.0 1805.1349416973508 3 7.039874e-25
26394201.0 1.0 1793.7452901045713 1 0.99999964
229500175.0 1.0 1793.7824966726164 1 0.9997477
240873079.0 0.0 1810.3691239007355 3 0.0
199716496.0 0.0 1804.6556939274649 3 1.689457e-21
259004297.0 1.0 1793.9699192896767 1 0.9999996
377192491.0 1.0 1798.5316205475701 1 0.99997866
453254806.0 0.0 1809.5564390594513 4 1.5918866e-23
229456592.0 0.0 1795.865709622303 2 1.0708298e-11
288312840.0 0.0 1796.2199379930573 3 1.058069e-16
192736246.0 0.0 1796.6407544052638 0 0.000115469564
270013380.0 1.0 1797.9512265853175 1 0.99997896
250651261.0 0.0 1808.7029030892784 4 2.6603518e-15
83417770.0 0.0 1796.9099889440743 0 3.521365e-05
264295185.0 1.0 1794.9083413319242 1 0.9998019
240882665.0 0.0 1796.6401586897805 0 6.408059e-06
82392457.0 0.0 1805.3490828921815 0 0.0017128951
315937374.0 0.0 1804.2651564367086 3 7.212197e-21
403403675.0 1.0 1796.4525567072526 1 0.9999463
366555552.0 0.0 1798.8045112530037 2 3.0477573e-05
445361831.0 0.0 1810.2019602160462 2 1.1571025e-05
421684975.0 0.0 1805.5146904519033 0 4.4521366e-05
219429288.0 1.0 1811.0517677655082 1 0.9999617
400748348.0 1.0 1796.2023169099382 1 0.99999684
365946059.0 0.0 1796.9928230974099 4 2.2469868e-36
233724046.0 0.0 1806.0730026527747 2 0.00031099393
375081930.0 0.0 1805.202639619379 0 5.2231206e-07
302476291.0 1.0 1811.3488422122855 1 0.0356828
192378128.0 0.0 1808.9950922383132 0 0.0022507461
245400997.0 0.0 1808.8484464014111 0 8.697023e-06
237230046.0 1.0 1794.9077399380085 1 0.99952126
288428994.0 1.0 1799.0117381380712 1 0.9999256
390018754.0 1.0 1797.6770152091754 1 0.9999511
402809727.0 0.0 1808.9727127481383 0 0.0012102638
372626719.0 1.0 1793.9939825464378 1 0.9999099
229676619.0 0.0 1805.2808550995376 0 3.0072902e-16
373147303.0 0.0 1794.8466210731688 4 0.0
65571459.0 0.0 1808.8908993330701 0 0.0022871157
238769619.0 0.0 1808.9116233188818 0 0.0008765841
200732860.0 1.0 1799.495314557828 1 0.9999917
302318830.0 1.0 1798.890614455902 1 0.99423003
264294796.0 0.0 1812.4709800223302 0 3.032252e-09
403255797.0 0.0 1793.1394696785685 0 5.7438727e-13
422541258.0 0.0 1810.5562670135039 4 8.44953e-20
251459295.0 0.0 1800.3901475151572 0 1.5557598e-05
403692188.0 1.0 1797.1820296530186 1 1.0
256643181.0 1.0 1797.9086418065742 1 0.9998895
82005597.0 1.0 1810.9733956571151 1 0.9999717
346675119.0 0.0 1805.2663391912472 0 6.686021e-05
367183663.0 1.0 1806.1588583862851 1 0.9995861
322057079.0 0.0 1808.8458233550773 0 5.1200727e-06
364177674.0 1.0 1797.8248863295705 1 0.99998516
275137021.0 1.0 1810.8469748371886 1 1.0
286313019.0 0.0 1805.4952928586972 0 0.00059359724
233055944.0 1.0 1797.947879353628 1 0.9998335
34854963.0 1.0 1793.2456173224753 1 0.99987847
354468365.0 0.0 1793.1403186460877 0 1.11300906e-07
367330723.0 1.0 1811.262808369786 1 0.99999523
12408220.0 1.0 1795.8272215261406 1 0.99997246
85432909.0 0.0 1811.0162916458876 2 0.0017961937
282792471.0 1.0 1805.930661010963 1 0.99999595
116274572.0 0.0 1808.9113921235537 4 4.5962197e-15
186595806.0 0.0 1802.3703463327101 3 3.436494e-14
315922570.0 0.0 1810.3037911111348 4 2.153661e-24
317708298.0 1.0 1799.5131880554748 1 0.9997377
77322543.0 0.0 1793.141329122945 0 1.0480913e-05
377611935.0 1.0 1794.784551949973 1 0.9999962
408364941.0 1.0 1795.9503210855132 1 0.99973863
251118058.0 1.0 1794.3484854067501 1 0.9999987
259005535.0 1.0 1799.470015935957 1 0.9999858
352283883.0 1.0 1796.9097649050168 1 0.99996895
104034355.0 1.0 1797.848776218654 1 0.99987257
337831812.0 1.0 1798.3673935875777 1 0.99930143
428046623.0 1.0 1795.5987867193746 1 0.9999976
52713606.0 0.0 1809.1811114187963 0 0.00012543461
398021209.0 0.0 1808.9518364960356 0 5.076684e-08
316448700.0 1.0 1806.4321414752592 1 0.9997882
240999935.0 0.0 1808.8899832518928 0 3.9349376e-05
331388241.0 0.0 1805.514808480846 0 2.0603351e-05
198553884.0 0.0 1808.8433174294955 0 0.0012951068
265472761.0 1.0 1810.3485294371055 1 0.99998474
292980098.0 1.0 1811.0781575668636 1 0.9999732
348235541.0 1.0 1799.765268421447 1 0.99996144
359037242.0 1.0 1811.493056090591 1 0.9999989
279608953.0 1.0 1806.1175021860763 1 0.99999654
249923393.0 1.0 1794.3903508312492 1 0.999996
385206186.0 1.0 1794.4532755383632 1 0.9999858
10347760.0 1.0 1799.077205036653 1 0.9999889
189684363.0 1.0 1798.8074385294974 1 0.9999783
368509333.0 1.0 1811.367869548899 1 0.9999892
311704789.0 1.0 1793.6814613413 1 0.9999574
368516895.0 0.0 1812.389006306451 0 3.978542e-06
299434398.0 0.0 1798.4946640987046 4 1.322253e-26
331717791.0 0.0 1805.5565557496288 0 7.1767505e-07
394128514.0 1.0 1806.2202934394625 1 0.9999538
194732914.0 1.0 1793.4742990950838 1 0.99996144
229708715.0 1.0 1811.4276064337726 1 0.99999833
379161757.0 1.0 1799.6183860128706 1 0.9999995
432070155.0 0.0 1808.9118411119862 0 0.0003554174
366506022.0 1.0 1796.242026032254 1 0.99833256
407538847.0 1.0 1798.2210887471479 1 0.9997945
219755984.0 0.0 1794.4059491111423 0 0.00082131464
317392253.0 0.0 1799.7216738082348 2 3.9959012e-15
332155506.0 0.0 1795.1398801733376 2 0.0040931324
410736506.0 1.0 1797.8696980002717 1 0.99998766
445618532.0 0.0 1808.8692954645444 0 7.57284e-12
219088437.0 1.0 1798.219242411565 1 0.99573237
368734113.0 1.0 1794.0555793804697 1 0.9999963
354401921.0 0.0 1809.2653797300618 0 5.507712e-09
271767147.0 1.0 1806.201260503613 1 0.9999994
279720659.0 0.0 1806.1818216434392 2 1.4530373e-10
418083239.0 0.0 1805.3700986683036 0 0.00018161541
418306720.0 1.0 1793.1584316986439 1 0.9998192
403118244.0 1.0 1798.2828558297138 1 0.99999994
292398977.0 0.0 1809.0156276465366 0 1.8038414e-05
307275760.0 0.0 1812.3480862759493 0 6.393216e-05
453161937.0 1.0 1796.556238039942 1 0.99988073
356786817.0 0.0 1794.2824145233224 2 8.9876654e-17
90688775.0 0.0 1812.8079725720318 0 0.001702472
20872572.0 0.0 1793.1408383432758 0 0.0015081757
341873787.0 1.0 1796.8864973415753 1 0.9999862
285575365.0 1.0 1794.660298897947 1 0.9999488
407158463.0 0.0 1808.8472606772823 0 0.00014193429
354682785.0 1.0 1798.035424320118 1 0.99998003
232609354.0 1.0 1797.614641627276 1 0.9999884
283841421.0 0.0 1812.7016722479682 0 1.1192717e-06
50850448.0 0.0 1805.26469833707 0 0.0003477469
373128383.0 0.0 1795.5343762776845 3 3.858706e-27
255871892.0 1.0 1798.7229099229896 1 0.9999376
305047721.0 1.0 1796.6191658782354 1 0.99987215
117525001.0 1.0 1794.9945729680078 1 0.99995923
192835535.0 1.0 1796.7032693495712 1 0.99997413
395925286.0 1.0 1805.3057125316911 1 0.99982697
259001008.0 1.0 1799.2822920694414 1 0.9994144
272629574.0 1.0 1806.3054671363352 1 0.9999953
22750653.0 1.0 1805.9121604424136 1 0.99990433
376112177.0 1.0 1796.8047274602295 1 1.0
445560431.0 0.0 1812.3484515515604 0 0.00022527584
250605587.0 0.0 1808.8487121238313 0 3.323219e-05
268632047.0 0.0 1805.2009932939895 0 7.269424e-06
192313589.0 1.0 1794.786763318957 1 0.99976254
422340534.0 1.0 1810.7828888731779 1 0.9999974
241026963.0 1.0 1794.4112377757858 1 0.9998224
417264296.0 1.0 1810.1183215915407 1 0.99999815
366246585.0 1.0 1811.2639782745107 1 0.99995494
431803761.0 1.0 1810.391057556285 1 0.9997725
189637855.0 1.0 1798.724117539587 1 0.9999491
326814571.0 1.0 1798.4932770296741 1 0.9997329
428747304.0 1.0 1810.2008863541157 1 0.9999268
445309901.0 1.0 1793.2857442087952 1 0.9870438
22900399.0 1.0 1811.1204010376061 1 0.9999726
403391877.0 1.0 1796.2437062446866 1 0.9999774
341870510.0 0.0 1812.365471686682 0 1.5671265e-11
402779051.0 0.0 1809.0144276227043 0 0.0005483851
398339310.0 1.0 1795.5123441494884 1 0.99925053
396339551.0 0.0 1800.6808179923967 3 8.204929e-10
21227979.0 1.0 1797.3434489883246 1 0.9999957
292269490.0 1.0 1795.3700410401016 1 0.99919367
366561961.0 1.0 1805.741291097691 1 0.9948722
219819894.0 1.0 1811.0103589867585 1 0.99989486
308292040.0 1.0 1794.5985712631484 1 0.9999495
411576289.0 1.0 1811.366746623907 1 0.999985
230014869.0 0.0 1808.844596491313 0 6.4377305e-06
22845012.0 0.0 1805.370513598152 0 0.002309471
229594752.0 1.0 1794.323981792033 1 0.7777672
265191346.0 0.0 1793.409673647309 0 8.809099e-11
336007473.0 0.0 1812.3866552947018 0 8.352015e-12
298600923.0 1.0 1810.8638194765751 1 0.99992603
116755759.0 1.0 1798.994878416487 1 0.9999093
400127098.0 0.0 1805.201131083363 0 3.6807576e-06
374392307.0 0.0 1798.119017914923 2 1.1325215e-08
403688069.0 1.0 1794.515216315137 1 0.8452127
347586190.0 1.0 1794.8901855146803 1 0.999999
297694418.0 1.0 1794.5975155489862 1 0.9999999
428112325.0 1.0 1793.9321336786893 1 0.99998504
233743035.0 1.0 1806.219022178214 1 0.99992305
235982927.0 0.0 1807.8039467200176 3 2.9080343e-07
390575242.0 0.0 1805.2856777303682 0 1.0127393e-08
233072275.0 1.0 1810.6144377145902 1 0.9999253
428213465.0 1.0 1793.807116132728 1 0.9999676
403341982.0 1.0 1799.5768729107092 1 0.999985
372502168.0 1.0 1810.7849555057896 1 0.999988
54206670.0 0.0 1812.701999304594 0 5.9670097e-06
284057015.0 1.0 1796.4120046462574 1 0.9999997
406968582.0 1.0 1797.7434190499519 1 0.99999636
359343088.0 1.0 1799.243151300436 1 0.9999874
71691223.0 1.0 1798.5149923306699 1 0.9999638
372356717.0 1.0 1810.1404283409354 1 0.9999964
230074876.0 1.0 1794.8022994019866 1 0.99989843
268318443.0 0.0 1810.658168866909 2 9.329002e-14
186988202.0 1.0 1798.9743907568527 1 0.99993575
368104582.0 1.0 1798.0554401453178 1 0.99999875
359542220.0 1.0 1793.8268505682054 1 1.0
312063195.0 0.0 1808.868610665225 4 8.8369115e-27
292323343.0 0.0 1793.557350250666 2 0.00065417896
377337529.0 0.0 1812.3881196803604 0 1.9064024e-07
395944878.0 0.0 1805.2012893923593 0 5.9706592e-05
350697003.0 0.0 1812.3665265447646 0 3.3207632e-06
436881455.0 0.0 1809.0996716976128 0 0.0006490462
331727323.0 0.0 1799.6386060068266 4 6.3861625e-30
52712900.0 0.0 1793.7645449500706 2 0.1408256
10871928.0 1.0 1794.5981388251514 1 0.9995522
264404052.0 1.0 1799.4709354984486 1 0.9997191
376971463.0 0.0 1803.9506634370412 3 0.86242014
421972494.0 0.0 1795.347921633787 2 8.675782e-08
427952421.0 0.0 1808.8676203068171 0 0.00010810378
229942117.0 1.0 1793.9694697929413 1 0.99997896
367424962.0 1.0 1794.1172509444173 1 0.99992365
202839485.0 0.0 1798.599228242031 3 0.0001079927
259145023.0 0.0 1805.2449218193717 0 1.746258e-05
307480719.0 1.0 1798.474117073203 1 0.9999998
236983437.0 0.0 1800.4077297169665 4 7.427962e-10
401007633.0 1.0 1794.1192110949555 1 0.9998741
264335086.0 1.0 1798.1584233620956 1 0.9999731
256645287.0 1.0 1793.7628628968087 1 1.0
433203028.0 1.0 1798.245342217213 1 0.99999803
441807493.0 1.0 1797.4280104173965 1 1.0
194612913.0 1.0 1810.432921482718 1 0.99976164
252178122.0 1.0 1810.3479152981408 1 0.9999996
302547752.0 0.0 1812.3474768222331 0 2.884137e-10
160520893.0 0.0 1805.6776664466065 4 0.0
275186724.0 1.0 1810.7219498485981 1 0.99999446
116218868.0 1.0 1794.0989768112725 1 0.99924177
245508690.0 0.0 1793.3902962319858 0 1.3747016e-06
435362324.0 1.0 1797.9511262104618 1 0.999976
420302118.0 1.0 1798.8874828339342 1 0.99999344
292150215.0 1.0 1794.4740062741776 1 0.999967
445558560.0 1.0 1793.931819143246 1 1.0
83970419.0 1.0 1797.4932566398988 1 0.99986076
289589219.0 1.0 1798.572411810544 1 0.99999964
13266774.0 1.0 1794.8271906091304 1 0.99999976
200939369.0 1.0 1793.1617583424147 1 0.99999595
353565609.0 0.0 1808.701769156639 3 0.0
256202198.0 1.0 1798.9935579042155 1 0.9682536
35202211.0 0.0 1805.6205901565993 0 0.0017449071
202841130.0 1.0 1798.5783285937766 1 0.9999999
348133402.0 1.0 1811.056894032022 1 0.9999255
301904034.0 1.0 1811.453007783423 1 1.0
233689439.0 1.0 1810.7398683013253 1 0.075352
229973262.0 1.0 1811.4901970762608 1 0.9999486
327337815.0 1.0 1798.4322974724337 1 0.9999844
258744984.0 1.0 1794.6806645546892 1 0.9998018
375081930.0 0.0 1812.3484100635098 0 9.721318e-06
54265033.0 1.0 1795.3268727800566 1 0.99984294
387448750.0 1.0 1797.2414091632716 1 0.99999714
428388196.0 0.0 1805.244966073777 0 0.00026308728
139355123.0 1.0 1795.6828386184784 1 0.99999887
84164944.0 0.0 1797.430967151379 4 7.145517e-13
444363067.0 1.0 1795.3058692200905 1 0.9999953
428164915.0 0.0 1805.2030500900912 0 1.4478962e-07
302313993.0 1.0 1800.328212600081 1 0.9999442
368966258.0 0.0 1805.45150710955 4 0.0
399737240.0 1.0 1798.1175788580708 1 0.99999166
264403001.0 1.0 1796.2417546289323 1 0.99996984
317710072.0 0.0 1805.2007978663555 0 4.702834e-13
445632992.0 0.0 1810.0985225973218 4 7.6271165e-26
336294668.0 0.0 1808.84618953797 0 2.2897157e-05
422610724.0 1.0 1797.076028495572 1 0.9983031
288638868.0 0.0 1798.6160960986633 2 6.104876e-11
405460005.0 1.0 1806.3289373678936 1 0.99998647
371221124.0 1.0 1795.846223121889 1 0.981941
149858556.0 1.0 1810.7873032828554 1 0.99999917
240829983.0 1.0 1798.2026214597263 1 0.9571999
73448768.0 0.0 1805.4120821364947 0 0.0003680817
251103371.0 1.0 1798.7442710026778 1 0.9998506
117168781.0 1.0 1796.4113053554122 1 0.99999094
306188097.0 0.0 1793.1400498919443 0 7.941546e-10
345918635.0 1.0 1798.4107278268739 1 0.9999476
368521861.0 0.0 1809.180810166417 0 5.5536447e-08
194613825.0 1.0 1796.537007601315 1 0.999997
199716496.0 0.0 1799.426506555236 3 7.994779e-30
264917995.0 1.0 1795.6819643647377 1 0.99967295
272932171.0 0.0 1794.8473069985312 2 4.2435735e-07
116494019.0 0.0 1812.3907534674408 0 2.0478593e-07
250481535.0 1.0 1797.952921087968 1 0.9999852
272825522.0 0.0 1812.367884083404 0 2.9136e-07
252162561.0 1.0 1811.139731994174 1 0.9999943
285238354.0 0.0 1807.36944777927 4 1.0665853e-27
118334690.0 0.0 1793.141385042446 0 0.0005437347
116274802.0 1.0 1795.869602466102 1 0.9999601
288532331.0 1.0 1811.2032724965304 1 0.9999828
241130079.0 1.0 1806.4112060011178 1 0.99999416
63584281.0 0.0 1809.1201066545364 0 0.0002680496
385256840.0 0.0 1796.9734915284898 2 2.9567061e-15
396006762.0 0.0 1812.3472591346356 0 4.0432005e-05
322055307.0 0.0 1812.3874553402727 0 1.7828103e-09
198242039.0 1.0 1796.8433878412623 1 0.99996465
392125509.0 0.0 1805.2028972102007 0 9.0159295e-07
272221182.0 1.0 1805.2221716116308 1 0.99999946
278998583.0 1.0 1810.368332581157 1 0.9994182
271142749.0 0.0 1805.3262648191094 4 3.9166403e-07
370947467.0 0.0 1808.8900822369162 0 0.00017742206
396486678.0 0.0 1798.4090834496944 2 3.7449766e-07
403921171.0 0.0 1812.4100835414047 0 4.684982e-06
240962467.0 1.0 1810.1607441969995 1 0.9999731
264221447.0 0.0 1812.3449904289723 0 3.8427763e-07
285181196.0 0.0 1808.7868919625118 3 0.00042348812
319917521.0 1.0 1799.410404101227 1 0.9998953
118303352.0 1.0 1794.2247695266183 1 0.99978447
427737203.0 1.0 1796.2037794410212 1 1.0
445319070.0 1.0 1797.1813454311866 1 0.99998266
428171024.0 1.0 1796.5779863544276 1 0.9999961
390467942.0 1.0 1798.681526787625 1 0.97227305
347404232.0 1.0 1795.390289728041 1 0.9999993
73566257.0 1.0 1794.6412340585684 1 0.9998843
283016994.0 0.0 1808.0555540999976 4 1.0538188e-32
301906843.0 1.0 1793.5780455066556 1 0.9964381
251466714.0 1.0 1805.9528553972066 1 0.99989873
278923875.0 0.0 1812.6602185021309 0 0.0001071011
117658865.0 1.0 1798.3488677432676 1 0.99999934
420114772.0 0.0 1811.407681769993 3 1.1073932e-15
241064755.0 1.0 1799.6819812905599 1 0.99997914
332477246.0 1.0 1797.7809430964999 1 0.9999568
245428312.0 1.0 1797.8277960875162 1 0.99997956
444413797.0 0.0 1793.139287942388 0 5.5905616e-06
192736120.0 0.0 1805.2866827048588 0 9.880078e-05
238656028.0 0.0 1812.348495988235 0 0.000110643676
302077729.0 1.0 1806.3072258495517 1 0.99999744
250536327.0 0.0 1798.2444822188356 4 1.0501448e-21
346926316.0 1.0 1799.3683974698388 1 0.99999595
431836942.0 1.0 1798.9533563137982 1 0.99999213
366554083.0 1.0 1800.1169825736733 1 0.99999577
184682330.0 1.0 1793.2660152166036 1 0.99976224
259253789.0 0.0 1810.5991124695488 2 3.2373745e-07
387633055.0 1.0 1797.1581275280612 1 0.999809
82240853.0 0.0 1808.9106570737326 0 0.00018670066
194672668.0 0.0 1808.9328565283543 0 0.0008165785
250457353.0 1.0 1795.2030762663287 1 0.99979055
456130400.0 0.0 1807.0577221533729 3 6.3324155e-12
202839485.0 0.0 1795.7033904978746 3 4.5580327e-05
370212288.0 1.0 1811.4940142431958 1 0.99998784
377419014.0 1.0 1797.9300650894131 1 0.999993
309138041.0 1.0 1793.369498483546 1 0.9999722
331749911.0 1.0 1795.0758432070295 1 0.9999981
444492029.0 1.0 1793.9102135512799 1 0.9999991
269422151.0 1.0 1799.5971014025515 1 0.9999436
374702111.0 1.0 1795.1816491660343 1 0.98494774
256582233.0 1.0 1795.0544980909947 1 0.9999924
390736947.0 1.0 1797.7439981241737 1 0.9999942
312769926.0 0.0 1812.6810688915548 0 6.577785e-07
350132371.0 0.0 1798.9711708111106 3 7.311544e-11
445228077.0 0.0 1812.7018651518706 0 1.9573204e-06
321823778.0 1.0 1811.3040240482637 1 0.99998283
397282402.0 0.0 1805.2646062625918 0 1.3076504e-05
411582686.0 1.0 1795.5545808045636 1 0.99999994
199572965.0 0.0 1812.364476913887 0 1.1320723e-06
346846355.0 0.0 1808.8495519349258 0 0.00076219003
198416591.0 0.0 1800.6348454966405 3 1.2947496e-35
376500394.0 0.0 1806.59644225042 4 5.7306502e-18
104143203.0 1.0 1806.1822419555344 1 0.9999868
367681735.0 0.0 1799.5734616297116 3 8.100335e-19
428069875.0 1.0 1805.6614581407448 1 0.99999356
427807689.0 1.0 1797.055190020093 1 0.9999823
410773652.0 0.0 1805.2210417271895 0 1.8038213e-10
271236952.0 1.0 1794.9305575391963 1 0.99999577
137959883.0 1.0 1796.5371081524095 1 1.0
385555160.0 1.0 1796.0579484014136 1 0.999857
198188278.0 0.0 1810.9476719359664 2 1.9259515e-08
436882696.0 1.0 1797.516490058611 1 0.9998279
286407109.0 1.0 1799.3480970982857 1 0.99989045
353375342.0 1.0 1810.2228289220152 1 1.0
346845146.0 0.0 1799.3475952499869 2 1.2612585e-13
194781390.0 1.0 1796.0993356696713 1 0.9999914
259130855.0 1.0 1796.240804402891 1 0.99992234
82167490.0 1.0 1794.077417721248 1 0.99990237
417453027.0 1.0 1799.3267015127167 1 0.99990404
192553942.0 0.0 1793.140754089761 0 0.0007979582
285181196.0 0.0 1797.2454067958706 3 8.032711e-09
326815804.0 0.0 1805.3890035377058 3 3.1487558e-05
407062243.0 0.0 1810.5972186714002 2 8.202182e-12
219877628.0 1.0 1797.1983473430007 1 1.0
34692264.0 1.0 1793.5789513797286 1 0.99999964
245505921.0 0.0 1793.327800738012 0 4.569127e-07
426983804.0 1.0 1799.141496361843 1 0.9998017
252864374.0 1.0 1805.244837670656 1 0.9999934
288267230.0 1.0 1806.095282990378 1 0.9999969
138055117.0 1.0 1800.0162638200145 1 0.9999999
236787464.0 1.0 1810.1562596640383 1 0.99990475
377500022.0 0.0 1793.4093297224315 0 2.825091e-05
285092220.0 0.0 1812.3694567141963 0 2.5408161e-08
230393741.0 0.0 1808.8861102846195 0 1.3941602e-12
389910268.0 0.0 1805.5563344478705 0 0.00062971417
367815584.0 1.0 1796.9492143654363 1 0.99996585
284539228.0 1.0 1797.5767063306653 1 1.0
326630427.0 0.0 1812.3471149643249 0 1.8786874e-07
137122809.0 1.0 1811.3474470678082 1 0.999931
407311680.0 0.0 1808.8472833388585 0 0.00036064713
279209131.0 1.0 1796.8685308938777 1 0.99999726
302546370.0 1.0 1799.223779043806 1 0.99995184
230070317.0 1.0 1795.4478106481595 1 0.99999124
198457457.0 0.0 1806.2805693978466 3 3.0917368e-33
444834852.0 0.0 1811.556413292632 2 3.4254773e-12
317061647.0 0.0 1799.5337598023505 4 0.0
367360176.0 1.0 1797.575564250283 1 0.99147546
192841637.0 1.0 1799.1408731276788 1 0.9998961
219790403.0 1.0 1799.1352993390065 1 0.9999888
353781664.0 1.0 1799.26016456119 1 0.99999905
82098328.0 0.0 1808.9106700347513 0 0.00095231517
422540796.0 1.0 1793.2022402308407 1 0.9999829
428660189.0 1.0 1811.4930554416273 1 0.9999998
399270011.0 1.0 1797.1187038823277 1 0.99885577
269107060.0 0.0 1808.84682924049 0 4.3978867e-05
250772110.0 1.0 1798.0778771461455 1 0.9999789
250553209.0 1.0 1798.3904626414844 1 0.99999946
353492326.0 0.0 1795.118645969678 2 2.7355918e-11
435446518.0 1.0 1805.2842919566215 1 0.9999924
233577417.0 1.0 1796.4485086662314 1 0.99998736
398156989.0 0.0 1805.3475952392866 0 6.2232846e-09
198457457.0 0.0 1801.4264226937853 3 7.748181e-31
444743857.0 0.0 1808.9520894700777 0 0.00018891109
390466580.0 1.0 1796.598120771141 1 0.9999998
54128297.0 1.0 1806.2854719651223 1 0.9620722
352762432.0 1.0 1797.074572702039 1 0.99998206
269697721.0 0.0 1797.1369768324946 3 1.9537279e-14
316491482.0 0.0 1806.6137945616172 4 9.569917e-16
250774747.0 1.0 1806.0571006618009 1 0.9999608
431834695.0 1.0 1794.3073345942216 1 0.99991214
65575298.0 0.0 1812.3701971982234 0 0.0004949119
270324877.0 0.0 1805.2219669157969 0 8.764195e-07
245421634.0 0.0 1812.3485055911449 0 0.00053555897
67997878.0 1.0 1811.1615610652505 1 0.99951184
77426875.0 1.0 1795.2454445283076 1 0.999962
347485763.0 1.0 1797.3275945948644 1 0.9999977
388037253.0 0.0 1809.0956817598367 0 4.2656218e-08
279609631.0 1.0 1797.7217516721998 1 0.9999984
219772418.0 1.0 1799.1351410210425 1 0.99999934
407387075.0 1.0 1811.5571204323319 1 0.99998647
264294812.0 0.0 1808.9918036412362 0 1.5000499e-08
285544398.0 0.0 1805.5561302798683 0 0.00011613687
251721478.0 1.0 1810.2653144002431 1 0.99998236
348637653.0 1.0 1796.0788254940674 1 0.999788
286482705.0 1.0 1797.3897168358494 1 0.9999856
424277539.0 0.0 1796.05641895741 2 8.244101e-05
373617273.0 1.0 1799.9107105917144 1 0.9999961
116613570.0 0.0 1808.8699309447043 0 1.00818156e-07
85486799.0 0.0 1796.6413407330583 0 0.0019752479
255993442.0 1.0 1794.36630444643 1 0.99999833
137907136.0 1.0 1794.5787431517538 1 0.99999976
235982927.0 0.0 1800.1788978418772 3 4.845666e-08
378464092.0 1.0 1798.3264897268334 1 0.99998957
428209530.0 0.0 1793.140515766769 0 0.0019288165
321443552.0 0.0 1812.3872809562383 0 1.337912e-09
81604363.0 0.0 1794.3480273031303 0 1.1393221e-05
271837269.0 0.0 1811.1385973077358 2 3.8040728e-20
316449921.0 1.0 1799.0361532240104 1 0.9985068
199682624.0 1.0 1793.3222838123954 1 0.9998867
374693211.0 1.0 1796.2235824504558 1 0.99999434
417642904.0 0.0 1808.8874074385035 4 1.6027499e-09
250475148.0 0.0 1808.869500384763 0 3.4001044e-08
353853673.0 1.0 1799.4686421407816 1 0.99989307
445488145.0 0.0 1808.8693473823687 0 5.6239856e-05
326723199.0 1.0 1806.367999309978 1 0.9987784
240891813.0 1.0 1810.556529591691 1 0.99992305
320492837.0 0.0 1810.3684953078948 4 0.16300948
256804410.0 0.0 1805.9699787614752 4 3.2444538e-18
331791672.0 0.0 1805.5758977725955 2 0.00028122746
406535088.0 0.0 1796.6373998270392 0 1.4033646e-08
396203652.0 1.0 1798.2223276195355 1 0.9984465
91436583.0 0.0 1796.6415011194947 0 0.00058105955
34688749.0 1.0 1794.2247553345483 1 0.9999851
389764181.0 1.0 1793.5980536031695 1 0.9999998
308220194.0 1.0 1796.3693640495246 1 0.9999805
252817998.0 1.0 1799.2446218992334 1 0.9904392
420473035.0 1.0 1796.388998373832 1 0.999998
299335638.0 0.0 1805.2444142063196 0 9.148029e-06
445356907.0 0.0 1805.5562960069958 0 1.2590021e-06
372262222.0 1.0 1793.4713178422924 1 0.9999987
229585958.0 0.0 1805.198912037609 0 4.48704e-09
400606498.0 1.0 1806.265207509435 1 0.999903
431895613.0 1.0 1797.5781641250273 1 0.9999999
377504191.0 1.0 1794.7842647664027 1 0.99011034
354539917.0 0.0 1805.2237434337621 0 3.7814567e-05
201357578.0 1.0 1795.453467961887 1 0.9999768
264699894.0 0.0 1796.6375614115366 0 0.00025244488
34691690.0 1.0 1796.6206201267232 1 0.9999668
314590152.0 1.0 1796.9704840804304 1 0.99996513
81452605.0 1.0 1795.8687818747605 1 0.9997263
184681829.0 1.0 1798.6201287320741 1 0.99949473
368311879.0 1.0 1798.1386237634104 1 0.9999994
250553237.0 1.0 1798.7446294567737 1 0.9999602
52036676.0 1.0 1795.5768998845047 1 0.9999861
200997309.0 1.0 1797.1201637639385 1 0.9999877
368599655.0 0.0 1808.867733195711 0 5.7571754e-07
372792951.0 1.0 1810.952055673366 1 1.0
104314423.0 1.0 1797.2030058485125 1 0.99995416
285507165.0 1.0 1794.2237187779774 1 0.9999625
292720321.0 1.0 1795.5575066064234 1 0.9999625
412359154.0 1.0 1799.5128756432903 1 0.9964732
372639533.0 1.0 1799.5329731833535 1 0.9999172
436863245.0 0.0 1808.9121295802029 0 0.00012903898
233093015.0 1.0 1798.3854920461931 1 0.9999995
312776148.0 1.0 1795.6188830421574 1 0.9999997
374918457.0 0.0 1798.5152243954947 4 6.2652478e-15
191772387.0 0.0 1812.3485884016288 0 0.0017611342
233680651.0 0.0 1812.3853366771805 0 3.222986e-09
46479350.0 1.0 1794.8080041393735 1 0.9996778
377143974.0 1.0 1805.8256959370885 1 0.9969453
287151718.0 1.0 1797.322627269588 1 0.9999322
271237545.0 0.0 1797.0346931591428 4 7.4413824e-16
331546203.0 1.0 1795.6379255504478 1 0.9998955
269893200.0 0.0 1808.9121135419844 0 0.0003740885
26618253.0 1.0 1797.4537514801093 1 0.9999827
289271022.0 1.0 1797.5762094312392 1 0.9999994
435161383.0 1.0 1805.3467250916265 1 0.9999537
308778220.0 1.0 1795.8903386936588 1 0.9999034
117754937.0 1.0 1799.7655705103027 1 0.99996644
445529185.0 0.0 1795.1818885845878 2 4.6520948e-18
275190471.0 0.0 1798.4094125026452 2 8.932438e-08
445349410.0 1.0 1811.2229566024846 1 0.9999945
405612354.0 1.0 1797.161619174672 1 0.9999986
198237165.0 1.0 1811.4266986947223 1 0.9999317
367422687.0 1.0 1794.5130480926953 1 0.9999998
272783415.0 1.0 1796.6563598686132 1 0.9998903
388606331.0 1.0 1795.7006024622335 1 0.9999569
192246961.0 0.0 1793.1406519420948 0 0.000722374
219099780.0 1.0 1810.4486027179025 1 1.0
327439579.0 1.0 1794.369909708892 1 0.9999802
444122743.0 0.0 1798.0567376060071 4 5.631104e-08
347496529.0 0.0 1808.995008441994 0 0.002342886
323060389.0 0.0 1808.950035698849 0 0.0011138497
230386284.0 0.0 1797.2194837711172 3 5.2940014e-19
289352104.0 0.0 1808.868163361431 0 1.9792732e-07
352118260.0 1.0 1796.1807443130092 1 1.0
420114727.0 1.0 1799.678504018212 1 0.9998659
450153505.0 1.0 1794.7444201331932 1 0.9999988
82343498.0 1.0 1810.3484112197834 1 0.9989558
230071415.0 0.0 1793.1771575772816 0 0.000130587
407461089.0 1.0 1810.951110593732 1 0.9999589
400744994.0 0.0 1812.4315381904844 0 9.579847e-05
373702514.0 1.0 1796.8061782713924 1 0.99999833
279262088.0 0.0 1794.764229419648 2 1.6020877e-08
428614032.0 0.0 1812.3471464814234 0 2.6742058e-05
357099943.0 0.0 1809.3851212384598 0 1.778483e-06
250473966.0 0.0 1808.8695396572718 0 2.3049965e-07
441734144.0 0.0 1807.3240329718742 3 9.171157e-32
256417788.0 1.0 1794.6187244492935 1 0.99998844
117522865.0 0.0 1812.3698183461045 0 1.4900156e-11
445450961.0 0.0 1808.869286484717 0 2.4321567e-08
285906063.0 1.0 1798.8062681668287 1 0.9999866
327137793.0 1.0 1805.41134049083 1 0.99998015
198388252.0 0.0 1807.8430478324108 3 2.2089898e-27
20875993.0 1.0 1795.140901254515 1 0.99976933
323058312.0 1.0 1799.4083687691998 1 0.94101065
349294422.0 0.0 1792.9954327907299 3 4.006994e-07
396604038.0 1.0 1810.930657848352 1 1.0
229439064.0 0.0 1810.4068564265715 4 1.4105965e-31
396241216.0 0.0 1805.88914371436 2 1.9497457e-13
264698494.0 1.0 1806.262705193287 1 0.9914023
269697721.0 0.0 1796.1786484705613 3 3.8857077e-12
49949467.0 0.0 1810.140016993847 2 0.00057710387
265191865.0 1.0 1793.7652849091846 1 0.9997323
402205169.0 0.0 1809.0573196103776 0 0.00048321788
240903642.0 0.0 1812.3482436084223 0 1.3252845e-05
419253783.0 1.0 1796.2851400352722 1 0.99997616
270015117.0 0.0 1796.9095936576848 0 1.4600892e-06
315827148.0 0.0 1793.4735876018497 2 4.6990817e-15
233008631.0 1.0 1798.1150795210133 1 0.9999748
283143602.0 0.0 1805.5560427041294 0 3.4998558e-07
288428722.0 0.0 1812.3451692509939 0 4.5681813e-07
67635471.0 1.0 1793.2659633761716 1 0.99984545
307478527.0 0.0 1805.286725683205 0 9.6517346e-05
5674169.0 0.0 1800.6829559869243 3 2.0336829e-05
385556396.0 1.0 1796.8704696176917 1 0.9999517
367535296.0 1.0 1799.161433044471 1 0.99996483
237302848.0 1.0 1793.8870694410566 1 0.996574
377419150.0 1.0 1798.8467200536809 1 0.9999787
445336581.0 1.0 1799.0771935402272 1 0.9999992
302472291.0 1.0 1796.5572653126042 1 0.9999907
229487644.0 1.0 1806.1779876431983 1 0.99978054
322262620.0 0.0 1808.262595593118 3 1.5960843e-09
418177914.0 1.0 1799.951557564378 1 0.9999875
52637626.0 1.0 1811.4519899310526 1 1.0
399358798.0 0.0 1812.7022779621661 0 0.00014864843
348135223.0 0.0 1812.3485047426793 0 4.3515397e-06
399450540.0 0.0 1795.951968513803 2 1.8561444e-05
315730280.0 1.0 1799.0358955337035 1 0.99999547
202354046.0 0.0 1805.1974986991418 0 2.1664608e-05
50122161.0 1.0 1798.0982193477034 1 0.999962
292850091.0 0.0 1796.6409067498603 0 0.00054679066
249884710.0 0.0 1812.619754504594 0 5.008618e-08
307640555.0 0.0 1812.3485718834413 0 0.00045948263
252120401.0 1.0 1799.7022303078988 1 1.0
333112922.0 0.0 1808.9733028574449 0 6.451784e-07
428326637.0 1.0 1805.515598033711 1 0.99999774
331793908.0 1.0 1794.0758361747048 1 0.9999897
347690325.0 0.0 1793.4109164075883 2 0.00065618334
348223782.0 1.0 1810.6191587191963 1 0.99999875
73730331.0 1.0 1798.7662230243998 1 0.9999729
50848156.0 1.0 1796.8896450534692 1 0.99999636
177968827.0 0.0 1805.3077997955927 0 0.0006665549
219429377.0 0.0 1795.4891561814932 4 0.00074929727
243297282.0 0.0 1805.281727123666 4 2.2150063e-27
445319458.0 0.0 1810.2436467811458 2 6.727078e-07
410779590.0 1.0 1795.7420569985704 1 0.9999982
445607819.0 1.0 1805.5153516334994 1 0.9998861
444124524.0 1.0 1798.6609541086916 1 0.99997026
287081097.0 0.0 1808.9265016410836 0 4.3728835e-07
299492302.0 1.0 1793.8460861720419 1 0.99999756
417310918.0 1.0 1798.0558853853074 1 0.99996156
305294894.0 0.0 1808.8453358188049 0 0.00027388745
230392235.0 1.0 1795.49027468072 1 0.99995947
178041326.0 1.0 1794.5578194532363 1 0.9999998
256375216.0 1.0 1795.4700090955303 1 0.9999144
468293391.0 0.0 1801.3049941303955 3 3.442078e-32
421691767.0 1.0 1794.5147416151042 1 0.9999988
302074041.0 0.0 1812.3697902172169 0 3.4627516e-07
224605072.0 0.0 1804.9056569131133 3 4.7069876e-25
233724202.0 1.0 1811.1354245035932 1 0.99999434
338427075.0 1.0 1797.596578148619 1 0.99990183
34577942.0 1.0 1798.0373120771214 1 0.9997217
202927680.0 1.0 1795.9741374450211 1 0.9999111
445229538.0 1.0 1810.4519379777894 1 0.99998647
374779684.0 0.0 1809.2651806479575 4 3.9439328e-35
322267413.0 0.0 1800.408546275992 0 3.595949e-07
230006861.0 1.0 1800.282116941512 1 0.9999873
259255376.0 1.0 1796.0781439565476 1 0.999985
417766930.0 0.0 1805.2217218701112 0 3.0115527e-10
302776074.0 1.0 1795.826803822107 1 1.0
435263915.0 0.0 1810.6800024053282 2 7.125634e-06
53962783.0 1.0 1794.410497447753 1 0.9996657
312555694.0 1.0 1795.2856294362327 1 0.9999994
198361226.0 1.0 1798.905716511261 1 1.0
264026982.0 1.0 1797.3456146096946 1 0.9999397
255882329.0 1.0 1796.6393816632453 1 0.99997985
388508756.0 1.0 1810.7423181098852 1 0.9999436
251786433.0 1.0 1797.494197953755 1 0.9999613
29053936.0 1.0 1799.4122931328664 1 0.99695873
198242676.0 0.0 1803.4682185908052 3 2.5906634e-11
293066086.0 0.0 1807.9531603404153 3 1.7605809e-14
444533010.0 1.0 1795.3063379243115 1 1.0
251757983.0 1.0 1810.5571741575582 1 0.99998754
312257532.0 1.0 1796.5770464299926 1 0.99999017
387530516.0 1.0 1810.282893386675 1 0.9993273
275463340.0 1.0 1796.1185165948175 1 0.99999917
184588451.0 0.0 1796.641028592577 0 0.00023092092
297772608.0 1.0 1795.1602588655549 1 0.99999917
374691551.0 1.0 1793.306954045448 1 0.9998804
117114207.0 0.0 1808.9116384639647 0 0.00078785745
444792237.0 1.0 1797.6395547426027 1 0.99962765
236985082.0 1.0 1799.0535924337235 1 0.999936
178175453.0 1.0 1810.7453595864417 1 0.999923
160618494.0 0.0 1795.5944015252649 2 1.898319e-14
372123888.0 0.0 1793.3277997088057 0 1.5730645e-08
394121705.0 1.0 1797.09498588931 1 0.9999975
368515911.0 1.0 1805.5557157026174 1 0.9999995
455960348.0 1.0 1795.7841671120154 1 0.9999569
267542061.0 0.0 1809.30361842111 4 4.6714278e-32
299335547.0 1.0 1810.6401554821575 1 0.9994161
104029331.0 0.0 1812.3489460755354 0 2.7913743e-06
364181444.0 1.0 1796.6790297180503 1 0.9995268
229594701.0 1.0 1805.6157372176326 1 0.9999903
11431124.0 0.0 1805.2648298165964 0 2.476865e-08
118418150.0 0.0 1805.2870986656521 0 0.00064876484
104143893.0 1.0 1798.4113278204559 1 0.9999496
252129099.0 0.0 1795.4523003467787 4 3.119893e-29
50117636.0 1.0 1811.369027801009 1 0.99997824
436873913.0 0.0 1796.7664646490289 3 0.00023088351
387286746.0 0.0 1808.8661221959403 0 6.752055e-05
219774911.0 0.0 1800.0313799502358 4 5.4819607e-06
316627444.0 1.0 1810.7863849554308 1 0.99997854
232640354.0 0.0 1812.5311926083743 0 1.1369232e-09
444795690.0 0.0 1799.3686542525888 2 4.79573e-06
302386283.0 1.0 1796.5154838619571 1 0.9999514
73691743.0 1.0 1798.6203853566078 1 0.99997
370430421.0 1.0 1794.1190667387446 1 0.99998504
317470793.0 0.0 1799.7216815522934 3 4.9357113e-37
315518878.0 0.0 1800.0775599825433 4 1.2077667e-05
20705070.0 1.0 1798.9116427894587 1 0.9998747
10974155.0 1.0 1799.0771719601285 1 0.9999931
219895134.0 1.0 1811.4066289085395 1 0.99996835
29109245.0 1.0 1795.9538836475917 1 0.9999935
49942082.0 1.0 1798.2857373472461 1 0.99999815
302084099.0 1.0 1796.995145691018 1 0.9999635
194809464.0 1.0 1795.203641643577 1 0.99954706
377611329.0 0.0 1811.8258658726395 3 4.519902e-25
354643717.0 0.0 1808.849039740141 0 0.0004174662
224608302.0 0.0 1809.3015711444762 4 8.2177636e-27
286482458.0 1.0 1798.3897461438928 1 0.9999386
407425314.0 1.0 1810.6178182502042 1 0.9998738
445633092.0 1.0 1796.0359989991525 1 0.9999427
417735594.0 0.0 1796.9909531962383 0 9.506552e-08
201237472.0 0.0 1812.6620940071275 0 0.00020351815
12644309.0 1.0 1798.5149177892436 1 0.13252552
200778468.0 1.0 1811.4329289677282 1 0.9999161
101216819.0 1.0 1796.0578395779023 1 0.99981886
292200979.0 0.0 1805.2865470289137 0 1.3378332e-05
445181450.0 0.0 1793.8271843026957 3 1.0992827e-15
374475282.0 0.0 1809.1608001412565 0 0.0008813147
283251783.0 1.0 1793.7018627186003 1 0.9999985
317508727.0 1.0 1797.3882110638488 1 0.9999998
400246637.0 0.0 1812.3679296389191 0 4.1314932e-10
232617923.0 0.0 1808.676684278132 4 4.731024e-38
322392678.0 1.0 1795.2836467585753 1 0.9999905
378856233.0 0.0 1805.2223125834382 0 5.0280382e-06
385403805.0 1.0 1810.2443648257517 1 0.9998219
265378806.0 0.0 1808.890429830143 0 0.0003009774
428257299.0 0.0 1805.2031261430761 3 1.3506812e-31
409713395.0 0.0 1796.8253437433896 0 2.562803e-05
383647375.0 1.0 1797.61507255069 1 0.9998928
385337099.0 0.0 1806.4321520932488 4 1.2574764e-15
432014461.0 1.0 1810.6202652886368 1 0.9999619
453011533.0 0.0 1810.8477611341164 2 7.633757e-06
396486931.0 0.0 1804.5341403687455 3 5.343859e-17
116374908.0 0.0 1809.07825266187 0 8.269072e-06
83812531.0 0.0 1795.1184035211334 3 9.530151e-09
396208135.0 1.0 1796.471965361159 1 0.9999628
375851370.0 1.0 1793.6589567784947 1 0.99997014
237080213.0 0.0 1796.9078518843103 0 0.00025197476
259274062.0 0.0 1793.4074739020245 0 1.2663051e-07
396062171.0 0.0 1808.8682790363289 0 9.768597e-05
77354448.0 1.0 1798.4746868715683 1 0.99986076
104146577.0 1.0 1796.7654069578812 1 0.90944046
455898212.0 0.0 1798.0966448124973 2 7.411369e-08
399433700.0 1.0 1805.9106763067239 1 0.99999994
445354648.0 1.0 1798.9939270341627 1 0.9997211
312766850.0 0.0 1794.764679827498 4 8.979035e-06
427548884.0 1.0 1796.3675842236119 1 0.9999812
427512948.0 1.0 1796.6383461658172 1 0.9999797
332477068.0 1.0 1797.3226479364764 1 0.9997234
301421405.0 1.0 1799.2446832826658 1 0.9999672
192882689.0 0.0 1796.640943614806 0 0.002156252
265196030.0 0.0 1793.3276687620635 0 0.000100785284
371006659.0 1.0 1798.869212598865 1 0.9999938
388434752.0 1.0 1806.3882272383057 1 0.99999523
200876634.0 0.0 1812.3494883285077 0 0.00011842492
250476986.0 0.0 1805.2028198433027 0 0.00029529535
199616876.0 0.0 1809.5097360894629 0 0.0008498301
403827847.0 0.0 1797.8479961878716 0 1.9375322e-07
118270850.0 0.0 1812.5368028926916 0 0.000992296
258801567.0 0.0 1812.3445427980457 0 1.4588529e-09
403944798.0 0.0 1805.3478691595274 0 5.78556e-06
418374518.0 1.0 1796.096462217116 1 0.9999934
348138357.0 0.0 1799.1193195877 4 2.6412967e-18
285239772.0 1.0 1793.9529304462865 1 0.99998075
275421924.0 0.0 1797.200040387008 2 7.133265e-08
229585356.0 0.0 1803.886276173682 3 6.5925236e-31
370211039.0 0.0 1805.5565950686348 0 6.6068054e-07
256502781.0 1.0 1799.241931710106 1 0.9945311
285467081.0 1.0 1798.974650802942 1 0.99988896
65691592.0 1.0 1795.9950281733832 1 0.99998504
348025586.0 1.0 1798.7652331238532 1 0.9999591
236889847.0 0.0 1812.3448942176306 0 2.063871e-06
272143443.0 0.0 1796.9097473033764 0 1.4951074e-06
452944756.0 0.0 1809.1810819862217 0 4.761914e-06
343269564.0 0.0 1812.3451513309283 0 0.00039941716
252106213.0 1.0 1794.327396001211 1 0.99999994
354793969.0 1.0 1806.2866494152854 1 0.99989605
307111490.0 1.0 1797.3275992450574 1 0.99997866
370687899.0 0.0 1805.5149606100317 0 7.178268e-06
354548329.0 1.0 1798.494523481887 1 0.99999887
139432465.0 1.0 1798.6620263191369 1 0.99987566
356866714.0 1.0 1794.5529704157257 1 0.99999964
354288215.0 0.0 1808.8673727064745 0 1.2639572e-07
94477002.0 1.0 1796.1410534763902 1 0.9999998
198555348.0 0.0 1808.8435503353794 0 0.0004250501
428606311.0 1.0 1797.472200722201 1 0.9976867
192371525.0 1.0 1805.8076058375816 1 0.99993867
354314386.0 0.0 1805.2235721455656 0 6.5671757e-06
445364484.0 1.0 1796.431357521335 1 0.99997514
427737930.0 0.0 1805.5789300436888 0 0.0005042495
284080203.0 1.0 1811.0580119107872 1 0.9999969
286326437.0 1.0 1794.8897793170336 1 0.9998757
117754740.0 1.0 1799.3072356367263 1 0.99998224
94334437.0 0.0 1806.0996475300633 2 6.871359e-05
184608038.0 1.0 1794.1619070272604 1 0.9996574
81386428.0 1.0 1795.4941404877075 1 0.9998789
358829327.0 1.0 1797.013483532653 1 0.7648847
329172512.0 1.0 1798.3847982295938 1 0.99999964
348235706.0 1.0 1794.1818952448073 1 0.9983494
403254664.0 1.0 1794.701979373908 1 0.9999958
275690049.0 1.0 1794.6152793313217 1 0.9999998
14114016.0 1.0 1796.7647083684553 1 0.9999517
279062647.0 0.0 1793.3059001420543 2 4.3208183e-05
388605142.0 1.0 1794.8048702533654 1 0.9998421
450009479.0 1.0 1799.660527301167 1 0.9999883
453305325.0 1.0 1799.0149621307355 1 0.9983754
235680772.0 1.0 1806.386780350134 1 0.99999285
251296364.0 1.0 1797.3069171388543 1 0.99999374
229676244.0 0.0 1811.6782367101503 3 3.478016e-11
270321615.0 1.0 1799.0761815489789 1 0.9999976
50617774.0 1.0 1810.5356451219213 1 0.99994975
302476679.0 1.0 1797.0987895982396 1 0.9999743
373332929.0 1.0 1797.8258597180325 1 0.99998516
399788405.0 0.0 1799.1562765202 3 1.6483586e-35
354255910.0 0.0 1805.22366922786 0 5.858081e-06
293128261.0 1.0 1794.9532058316142 1 0.9999478
375850472.0 1.0 1810.4712453249767 1 0.99999917
12645158.0 1.0 1798.1607657650022 1 0.9999963
400404915.0 0.0 1799.3029633242454 4 8.81921e-32
202904195.0 1.0 1796.2659344548995 1 0.9999544
256425726.0 1.0 1795.5977463826946 1 0.9935605
10163538.0 0.0 1805.410564847555 0 2.5229685e-06
245374473.0 0.0 1805.2029097260076 0 7.183596e-06
250748273.0 1.0 1794.5572434074365 1 0.99995416
445562406.0 0.0 1808.8485445992033 0 3.2770572e-07
364185907.0 1.0 1795.2207071752268 1 0.99999845
422660772.0 0.0 1808.8674812856968 0 2.360811e-06
269909241.0 1.0 1798.9955399082946 1 0.9998703
94668900.0 0.0 1809.1205276171231 0 0.00010775056
369238838.0 1.0 1794.8476266554055 1 0.99997646
241046656.0 0.0 1796.6403694091905 0 0.0002549989
369731587.0 1.0 1795.3269058684211 1 0.9999991
126027254.0 1.0 1795.620478882756 1 0.9999609
250828300.0 0.0 1812.36967992837 0 0.00012827628
233512441.0 1.0 1796.7597542608873 1 0.9998731
315937374.0 0.0 1808.5152083002836 3 4.6595203e-25
13837293.0 0.0 1799.1190258016188 4 0.010925696
353989515.0 0.0 1805.197505185165 0 4.8946185e-06
238738301.0 1.0 1797.745099609887 1 0.9999973
186763551.0 0.0 1796.6411703905483 0 0.00039898942
192471665.0 0.0 1796.7033401155434 0 0.00012699823
428612019.0 1.0 1806.13880037095 1 0.9999823
83719555.0 0.0 1796.4517401172466 2 4.6653397e-05
395408858.0 0.0 1805.201516718597 0 8.73696e-05
139465168.0 1.0 1798.703669479287 1 0.9999999
77420789.0 1.0 1797.0371270492535 1 0.99996656
366591179.0 1.0 1793.450292895321 1 0.999988
178082184.0 1.0 1805.995273772208 1 0.9999928
54057589.0 1.0 1797.4727573677862 1 0.9999999
375783301.0 0.0 1797.6797175912766 4 0.0
417453021.0 1.0 1796.3891530802766 1 0.9999535
312682043.0 0.0 1812.702034241854 0 0.00014619384
354699041.0 0.0 1798.2018408736167 4 6.8521747e-34
444358462.0 1.0 1796.7017714248575 1 0.99998784
237208852.0 1.0 1795.9285830185036 1 0.9999975
126062713.0 1.0 1796.6621450634832 1 0.99995697
385049038.0 1.0 1811.5368943303342 1 0.9999614
445278656.0 0.0 1812.6603798714748 0 3.219599e-05
240701337.0 0.0 1809.1603978082076 0 0.0005851594
374842163.0 0.0 1808.452717706508 4 2.1302612e-15
368402529.0 1.0 1798.8057770973455 1 0.99999064
427948876.0 1.0 1794.6593893189058 1 0.9999889
445350626.0 0.0 1809.2021607126703 0 2.3623098e-08
444142556.0 0.0 1807.7445085803286 4 2.4587948e-08
374479027.0 0.0 1793.14006912381 0 1.19085925e-07
372060791.0 0.0 1793.3254055011282 0 7.298596e-08
229744228.0 0.0 1808.886015778098 0 1.6917462e-05
309237684.0 1.0 1795.9319056687373 1 0.99999624
219848566.0 0.0 1794.7812773011515 2 0.0011804451
346782253.0 1.0 1796.5160969495735 1 0.99998844
50615441.0 1.0 1799.4939511282869 1 0.9999894
269707580.0 0.0 1796.9095747416113 0 1.422642e-05
12483442.0 1.0 1798.8065126364277 1 0.99995005
194736550.0 0.0 1793.1409282031714 0 0.0014800408
241110670.0 1.0 1797.098631624303 1 1.0
369828750.0 1.0 1793.2436803108021 1 0.9999795
302160540.0 0.0 1808.8698996631224 0 1.8140117e-08
241084052.0 1.0 1810.3487004063772 1 0.99994886
229740698.0 0.0 1812.4695567837332 0 8.6592705e-11
63674732.0 0.0 1795.4746347885457 4 2.7583141e-19
427594357.0 0.0 1795.0342756736727 2 0.014498632
22739134.0 1.0 1811.432816355665 1 0.99999964
275765941.0 0.0 1810.3687743176633 4 3.133542e-08
50772699.0 1.0 1794.8272894514957 1 0.9992292
356341118.0 1.0 1797.072307800033 1 0.9999635
359388299.0 0.0 1812.4475282906985 0 0.00029145952
319713849.0 1.0 1795.9936927812164 1 0.9999999
336749293.0 0.0 1812.36696799644 0 6.4935215e-05
117173417.0 1.0 1795.6612363126133 1 0.99998736
327000169.0 1.0 1805.868379118653 1 1.0
379159594.0 1.0 1793.4725866239444 1 0.99998695
77173813.0 0.0 1812.6410622229214 0 0.0009061664
353077789.0 0.0 1795.951729811961 3 7.4012654e-09
417700830.0 0.0 1808.8450949109235 0 6.759451e-08
372060884.0 1.0 1795.6795508327893 1 0.99999124
312766854.0 1.0 1810.8478005565626 1 0.9999991
424461577.0 0.0 1799.2398501279374 3 1.8561782e-36
420470524.0 1.0 1796.3265602890467 1 0.99999833
292462641.0 1.0 1793.7031521734086 1 0.9999999
252808973.0 1.0 1793.4322143325744 1 0.9999117
196919077.0 1.0 1795.786308910753 1 0.99998343
387696625.0 0.0 1812.3453954162962 0 3.302192e-05
259144809.0 1.0 1797.3281484541094 1 0.9999999
331849016.0 1.0 1795.0341096821774 1 0.9999603
83056649.0 1.0 1799.035078837074 1 0.9999983
219096147.0 1.0 1805.9695552690941 1 1.0
192529148.0 1.0 1799.1200604766948 1 0.99990475
278933172.0 1.0 1805.5766023299634 1 1.0
367430441.0 1.0 1799.179708311038 1 0.9999993
250706914.0 0.0 1808.5570655626893 4 5.1678332e-20
117170145.0 1.0 1794.7862305826445 1 0.999639
334801172.0 1.0 1798.575472618064 1 0.9999899
235999054.0 1.0 1798.3039272299116 1 0.99886924
229676244.0 0.0 1799.2822097804667 3 6.097471e-06
319719472.0 0.0 1798.2229300911079 2 2.7312774e-07
410472997.0 0.0 1808.8901518418957 0 2.7777966e-07
397368112.0 0.0 1805.2872064792514 0 0.00060310215
71852651.0 1.0 1810.8067247722727 1 1.0
331719793.0 0.0 1797.2649393815545 4 1.8397567e-17
63345593.0 0.0 1805.3492980754716 0 4.4829132e-05
445513724.0 0.0 1793.1400701061343 0 7.646223e-08
411582097.0 1.0 1805.8252180632403 1 0.99999964
192320467.0 0.0 1812.4741263187598 0 0.0011619721
233547085.0 1.0 1806.0940092849683 1 0.99985516
83425443.0 0.0 1805.2431395869576 0 1.2208268e-05
50771941.0 0.0 1797.9731950804837 4 0.0021522678
286574198.0 0.0 1812.4107925460114 0 0.00057970424
229510813.0 0.0 1808.8655870076504 0 3.6179175e-05
390045150.0 0.0 1805.3062089327707 0 1.0084851e-08
390929643.0 1.0 1795.6603669834535 1 0.9999134
241059614.0 0.0 1793.1401683136064 0 1.1963681e-06
20999148.0 0.0 1796.6414041231078 0 0.001013954
378647446.0 1.0 1798.3679676750853 1 0.99999267
377251803.0 0.0 1811.864652294712 3 6.4156314e-31
317009088.0 0.0 1809.012825808382 0 7.62572e-11
417843137.0 1.0 1794.8910337446057 1 1.0
348132881.0 0.0 1807.8277687122368 4 3.0850876e-21
229493442.0 1.0 1811.261174669663 1 0.9999968
366027775.0 1.0 1798.5554547712848 1 0.9999982
192466212.0 0.0 1812.4951191014954 0 0.0009161129
335157865.0 1.0 1806.3045114399818 1 0.9999976
250454963.0 0.0 1805.202934240393 0 3.1117816e-06
116556486.0 1.0 1796.161317204438 1 0.9997476
279947590.0 1.0 1805.8468528181586 1 0.9999678
354715128.0 1.0 1806.3489814909456 1 0.9999604
255802749.0 0.0 1793.4313077457105 3 1.4243183e-33
441763913.0 0.0 1806.4070493902389 4 0.0
271021609.0 0.0 1796.9096329920383 0 3.7483746e-06
357034919.0 1.0 1810.4684948105455 1 0.99999154
301797663.0 1.0 1810.8496062588542 1 0.99958605
269912856.0 1.0 1793.3288513134885 1 0.9999859
390575949.0 1.0 1797.0563715014407 1 0.99989474
385200736.0 1.0 1810.3285300509995 1 0.9999702
238655883.0 0.0 1794.53639216001 2 1.3656655e-11
118270197.0 0.0 1812.4326216707846 0 7.3101044e-05
327604783.0 0.0 1793.1405978574692 0 3.4684814e-12
366072761.0 0.0 1797.2219724727152 3 3.854317e-22
270817603.0 1.0 1794.8889670557091 1 0.9999999
396442464.0 1.0 1794.7212359608036 1 0.99498105
271153607.0 1.0 1805.597119223153 1 0.99976194
416192978.0 0.0 1799.386433906579 2 9.924652e-10
285508830.0 1.0 1797.869498954821 1 0.99998957
321447827.0 1.0 1798.4500468505141 1 0.99990803
252813913.0 1.0 1806.3906174244285 1 0.9999895
286358307.0 1.0 1805.5370826923381 1 0.9999999
316138176.0 1.0 1795.7441745068386 1 0.9999621
329246824.0 0.0 1804.07242109719 3 3.2047383e-31
238721865.0 1.0 1810.911398375292 1 0.9999623
399788405.0 0.0 1810.7810989701645 3 9.018449e-37
352674335.0 0.0 1805.2224877696 0 1.831501e-06
317393518.0 0.0 1808.8466110064687 0 3.9268973e-05
258870732.0 1.0 1794.9489512134794 1 0.99600303
353988152.0 0.0 1812.530670206233 0 1.939361e-09
264615805.0 0.0 1810.4110254227664 3 1.96452e-05
280164086.0 1.0 1799.136823539912 1 0.99999917
256607833.0 1.0 1797.4316419337724 1 0.999997
252140076.0 0.0 1805.9522989762022 3 7.2008453e-13
117521093.0 1.0 1806.4115328754776 1 0.9999998
395942641.0 1.0 1793.9303640764426 1 0.98567903
470710327.0 0.0 1793.3474031569856 3 2.5330555e-26
396574801.0 1.0 1795.578465838139 1 0.9999958
388507792.0 0.0 1808.8465368916648 0 2.5521691e-05
269697721.0 0.0 1798.3869698376138 3 2.607411e-17
352979549.0 0.0 1806.0539035530371 3 8.157664e-36
50456236.0 0.0 1808.9106316098669 0 3.5905749e-12
445108634.0 0.0 1812.8684920803976 0 2.1606778e-07
444414317.0 1.0 1799.8267504085086 1 0.99964374
5735606.0 1.0 1811.3910072138274 1 0.9986193
268842104.0 0.0 1812.3883180159976 0 8.7833925e-08
249879393.0 0.0 1812.390503233076 0 8.795009e-06
219894715.0 1.0 1805.4483916861 1 0.9999734
379604950.0 0.0 1798.118525207409 2 5.2329924e-08
194736525.0 1.0 1795.1618083405144 1 0.9996096
118443239.0 0.0 1798.099735070511 2 3.012946e-06
420176421.0 0.0 1808.8869531865757 0 1.6496259e-09
408705295.0 1.0 1794.4509485532528 1 0.9997751
390804313.0 1.0 1797.764632550481 1 0.9999909
387330110.0 1.0 1806.0329199141922 1 0.9999374
376891085.0 0.0 1798.200761269978 3 1.8011076e-15
445531896.0 0.0 1799.4527937931537 4 1.5338528e-25
63507807.0 0.0 1793.1411549129953 0 0.0015695858
343326255.0 1.0 1811.1368521175345 1 0.99988186
233100081.0 1.0 1800.3438830045448 1 0.99966943
301104468.0 0.0 1800.3281436831785 0 3.0562023e-07
235711420.0 1.0 1806.3866021023725 1 0.9999667
199549104.0 0.0 1808.84326641688 0 4.284101e-05
427545992.0 1.0 1795.5371819282557 1 0.9990589
312856774.0 0.0 1800.1398683992356 0 0.0015925167
362221920.0 0.0 1812.5120137529823 0 4.7974086e-10
129906353.0 1.0 1795.578609540326 1 0.9999485
116992557.0 1.0 1793.64060588361 1 0.99999064
427727543.0 1.0 1797.7218469196978 1 0.9999777
269102846.0 0.0 1793.4095689737733 0 3.4786498e-09
251430659.0 0.0 1812.3486951718744 0 0.0006984167
441806671.0 1.0 1797.6365696960497 1 0.9999902
397984607.0 1.0 1795.4723715629987 1 0.99999744
236816554.0 1.0 1799.302326729635 1 0.99541485
417750404.0 1.0 1806.0759591792669 1 0.9993835
240736902.0 1.0 1810.3062392464276 1 0.9999751
321916029.0 0.0 1797.9918258739406 4 8.5994026e-07
247008991.0 1.0 1793.6206677181701 1 0.9999299
186713109.0 0.0 1796.6411531346032 0 2.0984896e-09
52184919.0 0.0 1795.4937255647042 2 0.00033966106
348138277.0 1.0 1806.3484948386315 1 0.9999459
356981405.0 1.0 1810.8225465553473 1 0.99997133
229511521.0 0.0 1812.3446369154517 0 5.119976e-05
404898257.0 1.0 1798.3876622943187 1 0.99999803
399350228.0 1.0 1811.2229884612289 1 0.9994176
251807924.0 0.0 1805.2027946770409 0 1.3312533e-06
444116234.0 0.0 1808.8484749921593 0 9.4607583e-07
77223184.0 0.0 1797.5788714010398 2 2.8451495e-05
101405233.0 1.0 1799.4121790591735 1 0.99999464
256347735.0 0.0 1805.2416799031575 0 5.0729815e-10
368919231.0 1.0 1797.0765986943486 1 0.99982494
356701798.0 0.0 1807.3442577511983 3 1.3322446e-30
192377212.0 0.0 1805.2033947410773 0 0.00068030175
445428859.0 0.0 1798.9105079608937 4 5.225246e-18
333733223.0 0.0 1805.199535846483 0 3.702895e-05
82162663.0 1.0 1798.702398647636 1 0.9998469
72148529.0 0.0 1805.2234859593339 0 0.00025064565
315829013.0 1.0 1798.0361538195998 1 0.9999456
415909616.0 0.0 1805.223841920053 2 1.5129116e-06
435822257.0 0.0 1805.2008735434995 0 8.062251e-06
400818694.0 0.0 1806.7230129491213 4 0.014662573
376868304.0 1.0 1795.1778858896319 1 0.9999857
387560718.0 1.0 1798.2830712596308 1 0.9999841
285181188.0 0.0 1809.2243833816626 0 0.00011026534
370074866.0 1.0 1794.785829358466 1 0.9999947
81908388.0 0.0 1808.9107846229215 0 2.6820338e-05
233210176.0 1.0 1794.7190226355285 1 0.998223
432052384.0 1.0 1805.9952428273616 1 0.99972355
63472118.0 1.0 1796.4328370519331 1 0.9999574
396385069.0 1.0 1810.5348767674661 1 0.9999948
1981434198.0 0.0 1805.8665186820285 3 1.9752085e-33
286409037.0 0.0 1805.264910555366 0 8.0208614e-05
229938728.0 1.0 1797.4487712084456 1 0.99995166
418417106.0 1.0 1811.3888876901822 1 0.99991673
356199531.0 1.0 1798.9055568125843 1 0.99672306
63469253.0 1.0 1810.3284358909534 1 0.9999208
50121533.0 1.0 1795.681499008392 1 0.9998524
279202207.0 1.0 1795.2223900118354 1 0.99994963
331362705.0 1.0 1806.0965403819816 1 0.99980277
322055307.0 0.0 1805.241747584455 0 4.3280007e-10
272822330.0 0.0 1794.3890328984232 3 3.1578073e-18
436873841.0 1.0 1810.3288204792555 1 0.9998506
101261261.0 1.0 1795.0787072895857 1 1.0
288639748.0 0.0 1808.8872330236086 0 0.00020939037
452945606.0 1.0 1797.4730019092249 1 0.9999316
317011115.0 0.0 1812.3460997940197 0 1.6660241e-06
354869862.0 0.0 1805.203071093097 0 8.659672e-06
63400096.0 1.0 1793.2244993372176 1 0.99999976
399832230.0 0.0 1808.8678584915442 0 8.438646e-05
374222981.0 0.0 1809.035596493923 0 5.0677145e-06
410498478.0 0.0 1811.536121988973 2 3.23054e-07
237204910.0 0.0 1806.2828870711385 4 5.6595107e-30
265295800.0 1.0 1805.7860795258084 1 0.9995549
449936752.0 0.0 1796.8905692578767 0 1.2479861e-05
116611892.0 0.0 1808.8490515011092 0 1.4699903e-05
317394570.0 0.0 1798.1591330272827 4 2.7588234e-31
384811988.0 0.0 1808.8485231424995 0 0.0004390407
192883327.0 0.0 1808.8493661561922 0 1.940526e-05
399208880.0 1.0 1794.8688118770824 1 0.5842201
417734986.0 1.0 1805.678385475646 1 0.99999833
51877910.0 0.0 1799.7226131090501 2 4.204667e-23
233089143.0 1.0 1810.3646144430536 1 0.97880805
322442322.0 0.0 1805.4293866942317 4 5.8779817e-15
397234039.0 1.0 1797.7433008956773 1 1.0
305430833.0 1.0 1811.18129239484 1 0.9997276
397756161.0 0.0 1796.7432390597155 2 0.0022885348
28692929.0 1.0 1798.0991837963134 1 0.9999433
406704112.0 1.0 1793.6186129794237 1 1.0
139405202.0 1.0 1796.495173100448 1 0.99940056
238802637.0 1.0 1793.724265417934 1 0.9999835
50360947.0 1.0 1794.6815132696818 1 1.0
308874659.0 0.0 1808.848633087232 0 0.0002340102
240898791.0 0.0 1797.5568575595269 4 1.233405e-21
198457457.0 0.0 1798.613937695638 3 0.0
275141419.0 1.0 1795.4929324326467 1 0.99986947
418134659.0 0.0 1808.8471798751953 0 4.3102684e-08
354420707.0 0.0 1809.3673328706468 4 2.1973025e-32
237237907.0 0.0 1805.345389586424 0 1.4003347e-06
370760535.0 0.0 1809.4317881446468 4 5.2476503e-36
352902799.0 0.0 1812.3494316777162 0 0.0011924868
403117863.0 0.0 1805.199362520205 0 0.00049800775
240884901.0 1.0 1805.890069091792 1 0.999959
219778705.0 1.0 1806.3647548798997 1 0.9997608
453180486.0 1.0 1798.181537652383 1 0.9999991
362257716.0 0.0 1794.1993099927472 0 6.294824e-05
427767035.0 1.0 1811.3051506360337 1 0.9998597
434437489.0 0.0 1812.0548716290539 3 1.3897476e-27
256721640.0 1.0 1794.9087051688675 1 0.99997294
192417076.0 0.0 1798.8908865253507 4 6.6648557e-12
353726056.0 1.0 1797.7436488500064 1 0.9999586
237221322.0 0.0 1797.1370566647988 4 5.26202e-11
288537609.0 1.0 1793.7449967464422 1 0.99987197
431778580.0 0.0 1808.9118641161567 0 0.0009269857
407382233.0 0.0 1793.2865005703482 0 4.499261e-09
12988543.0 0.0 1805.2650070503746 0 8.288803e-09
165528504.0 0.0 1794.4057239652986 0 8.543745e-05
307957969.0 0.0 1795.2184927962182 2 4.873141e-18
350071311.0 1.0 1799.5749511905296 1 0.99993473
67467396.0 1.0 1796.12022124945 1 0.9996325
292003755.0 1.0 1799.9116612340758 1 0.9998483
375852951.0 1.0 1806.17964322721 1 0.9999922
264226749.0 0.0 1809.970932288601 4 9.27104e-09
252201292.0 1.0 1811.1187211392219 1 0.9999921
177916290.0 0.0 1805.3078505113544 0 0.00016273269
374131310.0 0.0 1799.6397872097452 4 2.4530341e-11
65204166.0 0.0 1805.4325419643928 2 0.00049236865
423034236.0 1.0 1796.0151758707782 1 0.99999934
207493891.0 0.0 1796.6763519133824 0 1.1342591e-09
280025167.0 1.0 1798.3691556353112 1 1.0
278997738.0 1.0 1810.9724602578156 1 0.99921453
400819374.0 1.0 1796.202106459433 1 0.9999999
417461649.0 1.0 1800.0978988818433 1 0.999928
259112884.0 0.0 1805.2449200314966 0 9.785705e-05
400338769.0 1.0 1797.9098351064258 1 0.9999786
377027922.0 1.0 1798.8882790762477 1 0.99997073
265425888.0 0.0 1793.3050859119378 0 4.8318034e-12
470710327.0 0.0 1804.3680783738057 3 4.108717e-26
280074018.0 1.0 1795.6992971596558 1 0.9999181
390657145.0 0.0 1805.2649143654407 0 2.1502142e-08
352808034.0 0.0 1812.4120239811746 0 9.417295e-06
192423364.0 0.0 1810.3492024637974 2 5.8323294e-05
372112312.0 1.0 1811.2234459473489 1 0.99976146
267882450.0 0.0 1805.1985978979587 0 1.484371e-07
72089021.0 0.0 1806.2233413131605 4 0.0026463217
321857254.0 1.0 1811.1582398969679 1 0.9999752
285561333.0 0.0 1812.4740460649937 0 0.00021067464
372200398.0 0.0 1798.0567575638906 2 1.4192288e-10
46479770.0 1.0 1794.1621380012389 1 0.99992836
376994854.0 1.0 1799.2607808011028 1 0.9999976
405415513.0 1.0 1793.26632630207 1 0.9999352
308873121.0 0.0 1805.2445276036449 0 0.00036688813
250531946.0 0.0 1805.2029311399715 0 6.661737e-06
354385277.0 0.0 1800.8257592053149 3 2.9234046e-10
317838761.0 1.0 1805.70089717507 1 0.9999358
219848566.0 0.0 1793.1770990700797 0 0.00038748057
453251525.0 1.0 1805.8898823983009 1 0.9999902
395692166.0 1.0 1796.0973687708654 1 0.99999946
399126956.0 0.0 1810.1814108044853 2 6.6943094e-20
82629486.0 1.0 1797.618962454734 1 0.9999923
327252474.0 1.0 1793.4727285460126 1 0.9999136
352930608.0 0.0 1794.65981964355 2 1.3384752e-14
416098303.0 0.0 1793.1408779031906 0 0.0007564333
54882522.0 1.0 1794.618694292009 1 0.9999999
104146382.0 0.0 1805.202985388793 0 9.728205e-09
367418490.0 1.0 1810.4320578046872 1 0.99307084
315929104.0 1.0 1795.4526951297476 1 0.99999744
286174182.0 0.0 1805.349480558916 0 0.00012062365
77354160.0 1.0 1806.0788163177087 1 0.9998277
316250641.0 1.0 1797.4944988190475 1 0.99987024
327448564.0 1.0 1800.0560867293946 1 0.9999666
232649480.0 0.0 1805.1978792467178 0 3.3214728e-06
321684196.0 0.0 1808.991630337613 0 1.7640871e-10
337286503.0 0.0 1808.8670939388956 0 1.6500475e-06
229943739.0 0.0 1809.3858735723452 4 8.705431e-17
367430078.0 0.0 1812.3461374346048 0 8.4944946e-10
428173225.0 1.0 1796.140549306668 1 0.99682075
396265357.0 1.0 1795.3264133198338 1 0.999989
270137767.0 0.0 1808.8677692212486 0 0.0008740137
184739358.0 1.0 1793.8911190245258 1 0.9999951
419531006.0 0.0 1805.5351140350465 0 1.5766562e-06
332260435.0 0.0 1796.1398465265208 2 2.6112208e-05
230025052.0 0.0 1796.907190654963 0 9.950635e-07
323127267.0 0.0 1810.1791625203675 2 2.0833751e-16
13214018.0 0.0 1808.8674368550394 0 0.00040216613
250581291.0 0.0 1798.6820853276558 4 2.2690538e-22
370688888.0 0.0 1812.6606934442054 0 0.0030500717
233743203.0 1.0 1796.9066391275242 1 0.9999157
373784572.0 1.0 1795.8271480552646 1 1.0
139463395.0 1.0 1797.2452239823747 1 0.9999691
129916255.0 1.0 1797.5577974089972 1 0.9998097
250914470.0 0.0 1807.973910999572 4 0.0
11061640.0 1.0 1797.1187231263818 1 0.99999624
333069792.0 1.0 1796.515026194191 1 0.99995553
232616609.0 0.0 1808.8437420814596 0 0.00074476603
272331853.0 0.0 1812.346969552826 0 4.8947587e-08
427647772.0 1.0 1798.7223801225439 1 0.9999984
333784173.0 1.0 1795.5955644570965 1 1.0
311831093.0 1.0 1795.0979640592866 1 1.0
323302430.0 0.0 1805.2003868232694 0 1.093855e-05
432148578.0 1.0 1794.4532706534774 1 0.9981253
365942256.0 0.0 1805.2218293771793 0 5.1808504e-09
352929692.0 0.0 1796.805722684624 0 1.3959012e-06
301741759.0 0.0 1805.2032129375411 0 4.7465685e-09
353565609.0 0.0 1798.0349807701614 3 4.085382e-34
250836671.0 1.0 1810.7028527009456 1 0.9999678
292519399.0 0.0 1806.3697723271493 2 2.9778036e-16
387288160.0 1.0 1811.0328341163408 1 0.99999535
297647356.0 0.0 1806.514315529749 3 1.7515717e-05
258461391.0 0.0 1796.3243734365901 4 2.273953e-19
420453164.0 1.0 1797.1807734897643 1 0.9999765
441763244.0 0.0 1812.3653994823492 0 7.703305e-05
233008172.0 0.0 1806.8445581172687 4 4.0900052e-23
198279370.0 1.0 1796.0518510934576 1 0.99999994
240818476.0 1.0 1795.6817340649702 1 0.99952203
378194509.0 0.0 1809.1802414618687 4 2.215053e-08
240892323.0 1.0 1805.9941328325347 1 0.9999978
139408139.0 1.0 1811.1409960264957 1 0.99990827
288391801.0 0.0 1808.9075924678257 3 0.0
298732513.0 1.0 1797.1353082221813 1 0.9999998
331785033.0 1.0 1798.1605629086737 1 0.99124575
233208885.0 0.0 1794.5942465005394 3 1.2897647e-29
394122320.0 1.0 1806.0325467420373 1 0.99999696
245589652.0 1.0 1795.473488507547 1 0.99987966
417616777.0 1.0 1794.9496554087168 1 0.99906933
139553692.0 1.0 1795.7661370625685 1 0.99998695
387270886.0 1.0 1806.2208238142975 1 0.9999942
270931123.0 0.0 1808.0344429623076 4 1.8776079e-20
250744364.0 1.0 1806.265550597958 1 0.9998982
374213957.0 0.0 1795.3478989647942 4 6.994841e-07
255976741.0 1.0 1797.0560837985795 1 0.9986899
288318622.0 0.0 1808.8663650672604 0 0.0013452093
245759596.0 0.0 1805.3903936867462 2 0.00034670948
353730642.0 1.0 1798.0309819236468 1 0.99999535
269697721.0 0.0 1811.6785289283907 3 4.7865255e-20
265196030.0 0.0 1812.6194606081217 0 2.5890395e-10
272324340.0 0.0 1812.0553514600047 3 5.171178e-23
433564723.0 0.0 1805.2662137521631 0 0.00039542932
280033934.0 0.0 1803.9284642992416 3 3.1042742e-34
28961645.0 0.0 1805.4748141442678 0 0.0013509496
235905828.0 1.0 1798.1787492680892 1 0.9999838
445110528.0 0.0 1812.7018579765409 0 0.00011860529
84334396.0 1.0 1811.3914499732862 1 0.9999992
256456686.0 1.0 1793.7200308989263 1 0.9999716
241068188.0 1.0 1798.494554574154 1 1.0
348316528.0 0.0 1796.8276151496143 0 1.003819e-06
229741985.0 0.0 1801.0947268786358 3 5.392708e-14
376039083.0 0.0 1805.221347827157 0 3.3257324e-09
272425495.0 1.0 1799.3055866119807 1 0.99999857
240987249.0 1.0 1796.7026268016223 1 0.99991834
252185775.0 0.0 1795.3899415388246 2 1.9254486e-07
347495290.0 1.0 1794.828183676382 1 0.9999997
237218440.0 0.0 1796.0118501854568 4 5.0168046e-37
85529295.0 1.0 1798.7245946736277 1 0.99907386
73626790.0 0.0 1812.3494745238513 0 0.0019931803
399543227.0 1.0 1799.5990803362129 1 0.99999017
229439761.0 1.0 1793.9905578495698 1 0.9999916
240881619.0 0.0 1794.6193094348696 2 8.439436e-15
229702978.0 0.0 1812.46937562987 0 1.6765788e-09
320270508.0 1.0 1793.3063546227143 1 0.9999957
400814245.0 1.0 1794.4522105967967 1 0.9999973
255993777.0 0.0 1807.4286315161844 3 0.00015482801
28830046.0 0.0 1809.182268316092 0 0.0006888043
233628894.0 0.0 1810.302526283096 4 1.8415482e-16
323406385.0 1.0 1799.0963240621115 1 0.99996465
233123001.0 1.0 1799.4482585372982 1 0.98819363
264194097.0 1.0 1796.345843589387 1 0.9998433
126023935.0 1.0 1796.9537708422502 1 0.9994013
240929688.0 1.0 1795.5776287833635 1 0.99999994
116213622.0 1.0 1810.7864540550838 1 1.0
289091017.0 1.0 1798.3679485216621 1 0.9999999
302157740.0 0.0 1796.8906142799724 0 5.7134354e-08
229761558.0 1.0 1796.4069678557453 1 0.99995565
309133946.0 0.0 1805.2236446863285 0 2.3784729e-08
198204954.0 1.0 1797.8433287342932 1 0.999968
264721808.0 1.0 1794.0333906824408 1 0.99975973
286357633.0 1.0 1798.1830011737693 1 0.9998032
233729070.0 1.0 1811.0522152599342 1 0.9999643
20806948.0 1.0 1799.349150365178 1 0.9998863
50692559.0 1.0 1798.973146934475 1 0.99997026
432070155.0 1.0 1794.890726808707 1 0.999982
444825205.0 1.0 1798.0979684450513 1 0.99975187
258677896.0 0.0 1798.5141284982467 4 1.8678826e-07
320272215.0 0.0 1805.5353400885315 0 0.0015031269
177885052.0 1.0 1796.9119679191724 1 0.9999886
312146023.0 1.0 1796.764824175687 1 0.9999996
322440273.0 0.0 1795.9919814463767 4 1.0616414e-19
396064878.0 1.0 1806.1597001011912 1 0.99999434
229973005.0 0.0 1799.6778999834041 4 1.3215937e-09
379375782.0 1.0 1796.4308910848388 1 0.99997
200935514.0 0.0 1793.140857361707 0 0.0010872155
433283420.0 0.0 1793.1410685661615 0 0.00033821794
116616937.0 1.0 1811.4324137523604 1 0.99999243
288946353.0 1.0 1797.6185850351071 1 0.999998
279374603.0 1.0 1798.0126862829618 1 0.9999965
104206630.0 1.0 1799.4947654247865 1 0.99998015
420654288.0 0.0 1808.84684048863 0 4.532884e-06
317511036.0 0.0 1805.5341542549268 4 1.9626569e-19
377202392.0 1.0 1799.6173556619183 1 1.0
268518257.0 1.0 1806.305110709205 1 0.99998736
370594543.0 0.0 1793.1401619887556 0 4.297913e-08
186985167.0 0.0 1805.5367410595768 0 0.0014996857
302682732.0 0.0 1797.847587917441 0 0.0006980354
403622718.0 1.0 1793.369265760363 1 0.9999927
229401086.0 1.0 1810.5110179992328 1 0.999999
251815533.0 0.0 1793.3903040797325 0 0.0066557718
305048005.0 0.0 1809.2021706427915 0 3.7873433e-06
385405317.0 0.0 1809.1193748978062 0 0.00062566355
50116665.0 0.0 1808.9523339051796 0 0.00045811283
20804537.0 1.0 1798.974268276924 1 0.9999918
245625447.0 1.0 1810.8693863926035 1 0.9999992
49724899.0 0.0 1794.8691134991361 4 0.0
445304845.0 0.0 1812.7020366949682 0 2.120208e-08
201011251.0 1.0 1793.3700473534873 1 0.9999638
240844076.0 0.0 1805.4941376199868 2 9.316482e-22
327706187.0 0.0 1800.1405989537886 0 2.0719446e-05
117808602.0 0.0 1812.4324884352443 0 0.001281211
299439168.0 1.0 1797.9321253614016 1 0.9999889
385556743.0 0.0 1805.5372798895241 0 0.00084153586
387698431.0 1.0 1806.387178003725 1 0.9999095
327508381.0 1.0 1799.6407344430888 1 0.9999403
240930239.0 0.0 1805.244180242709 0 2.7558968e-05
28871876.0 1.0 1810.4956114241602 1 0.9996055
94371127.0 0.0 1796.6410942592338 0 0.0003571749
385556749.0 0.0 1809.2664641140882 0 0.00075373484
288536399.0 1.0 1796.2659084310737 1 0.9999986
292689366.0 0.0 1809.1823902930494 0 0.00011623015
72032768.0 1.0 1798.7651086332748 1 0.9999382
359592195.0 1.0 1805.722371024119 1 0.99999404
406679025.0 0.0 1805.242580780037 0 0.00024062154
381545929.0 1.0 1799.0784051075652 1 0.9999166
392536812.0 0.0 1796.6981043521307 3 2.412641e-30
415836214.0 1.0 1794.869845108005 1 0.9999993
433699236.0 0.0 1808.8464889881939 0 0.00014744808
286477979.0 1.0 1799.2857322054772 1 0.9999672
139430669.0 1.0 1794.9535727054672 1 0.9999364
292846395.0 0.0 1797.9115577583586 2 9.191458e-12
353989758.0 1.0 1800.135114663256 1 0.99995774
22898396.0 0.0 1810.787031148953 2 3.0339273e-18
235929952.0 0.0 1808.9704282893085 4 1.0721509e-17
372498972.0 1.0 1799.847692145022 1 0.99999887
467574373.0 0.0 1797.099578590923 3 0.00040629046
77568692.0 0.0 1812.8495311631289 0 0.0017112894
390807955.0 1.0 1797.556428494027 1 0.9999941
428529947.0 0.0 1811.160027230895 2 3.594715e-15
230381686.0 0.0 1812.3651420287176 0 2.2834929e-08
279670446.0 0.0 1808.8678203731079 0 0.0001147969
385555160.0 0.0 1805.5581003957702 0 0.0020653934
354795639.0 1.0 1798.0364692138376 1 0.99940425
149978934.0 0.0 1793.1411664090037 0 0.0008730041
243336425.0 1.0 1794.0111417271862 1 1.0
346542380.0 1.0 1797.3288698683125 1 0.9999354
251145138.0 1.0 1810.119463439396 1 0.90848553
332500724.0 1.0 1799.1190505435204 1 0.99999976
444135376.0 1.0 1793.7650779960286 1 0.98009807
259248402.0 0.0 1808.8697994047827 0 0.00030060837
374030402.0 1.0 1811.2647017817796 1 0.96987766
354967097.0 0.0 1812.410411676195 0 0.00024046375
53803071.0 0.0 1793.139546980823 0 0.0009130212
347769273.0 1.0 1810.4942799758853 1 0.99999964
367463682.0 0.0 1812.3487604918637 0 0.0003401413
436866363.0 1.0 1806.2455033572478 1 0.99999976
406968861.0 1.0 1794.3267666927845 1 1.0
285507494.0 1.0 1797.4112078251242 1 0.99996966
312344983.0 1.0 1798.9106336842283 1 0.99999535
284800525.0 1.0 1799.5532639325847 1 0.9596304
184683520.0 1.0 1794.6410997002304 1 0.9999987
194813776.0 1.0 1810.8494742234695 1 0.9997571
269913134.0 1.0 1810.8912913857005 1 0.99999785
398077535.0 0.0 1798.2015117646852 4 5.3350355e-11
387532160.0 0.0 1806.3245995871346 2 1.7870685e-10
237100372.0 1.0 1795.8228455383532 1 0.99993193
453229551.0 1.0 1794.098468641351 1 0.9999225
418257102.0 0.0 1808.3875740713854 3 5.506464e-12
377028139.0 1.0 1811.5130912831055 1 0.99997866
388036909.0 0.0 1797.1791341290743 4 7.875133e-36
321911609.0 0.0 1805.2209131636719 0 2.2537147e-08
320606986.0 0.0 1812.6809053693453 0 6.470959e-05
238823660.0 1.0 1793.786563932516 1 0.51858664
280416006.0 1.0 1797.7852446308395 1 0.9954331
359335403.0 0.0 1805.2640138415923 2 3.2895856e-11
331719921.0 1.0 1799.1399243301896 1 0.9999889
271914524.0 0.0 1811.0136778209128 2 3.773168e-05
289581773.0 0.0 1812.4896424175952 0 8.839364e-06
117262064.0 1.0 1810.6824506149983 1 0.9999995
192795719.0 0.0 1800.140963240552 0 0.000108859334
20770283.0 0.0 1793.5365260872604 2 2.4201658e-09
279186939.0 0.0 1793.4727214369047 3 5.5980345e-05
427767103.0 1.0 1799.9928215543302 1 0.9997499
177913497.0 1.0 1795.0159571514705 1 0.9995346
13767353.0 1.0 1794.744077052134 1 0.9999766
117809400.0 1.0 1798.3698574143716 1 0.999986
83339750.0 0.0 1812.7014548627903 0 2.0039766e-05
192298244.0 0.0 1812.4534418751057 0 0.00076369214
271747314.0 1.0 1806.2429923695026 1 0.9999998
287150731.0 1.0 1793.8853050134655 1 0.99986964
385401741.0 1.0 1810.1402593258656 1 0.98124063
104150440.0 1.0 1811.286441215289 1 0.99990237
232640648.0 1.0 1798.5314003218002 1 0.99987525
452998092.0 0.0 1805.5562101707867 0 4.5434745e-06
423025200.0 1.0 1811.468329700954 1 0.9999959
356701423.0 0.0 1812.427770793127 0 4.29025e-05
63505914.0 1.0 1811.4117457785844 1 0.99984145
191764033.0 1.0 1798.2238875590056 1 0.9999653
359552135.0 1.0 1811.4269968812273 1 0.9999165
359679715.0 1.0 1805.3435973981848 1 0.9433981
233009424.0 0.0 1805.1986755783098 0 3.0501543e-08
319911472.0 0.0 1812.680857676997 0 1.6387143e-07
433500900.0 1.0 1798.1619448115075 1 0.99999845
229676244.0 0.0 1807.7615122762418 3 1.5959487e-11
63624860.0 0.0 1800.1411309751581 0 1.1516553e-05
427335936.0 0.0 1805.2216501212972 0 1.1937104e-12
436854183.0 1.0 1797.766397199745 1 0.9999994
116007289.0 1.0 1795.4531066051836 1 0.999693
312338949.0 1.0 1805.8896248362453 1 0.999742
269950014.0 0.0 1809.1203984748443 0 0.0020939412
229609915.0 0.0 1812.5325997864838 0 2.4761668e-11
192528136.0 1.0 1796.4950671617692 1 0.99995065
292321469.0 0.0 1796.161614166385 4 1.0506537e-36
288470551.0 1.0 1793.1993662035086 1 0.99904263
403688991.0 1.0 1810.8486126688142 1 0.9999923
405625413.0 0.0 1812.3904535845054 0 6.5712076e-05
368444244.0 0.0 1796.909492794548 0 0.0007452751
284211434.0 0.0 1811.2641794941594 2 0.106621996
353779228.0 0.0 1805.1976090185794 0 4.1105515e-05
301105242.0 0.0 1805.2030942805936 0 4.566081e-05
250478093.0 0.0 1808.8485784889313 0 0.00040141618
417662947.0 1.0 1794.4715014651572 1 0.99968857
285385167.0 1.0 1795.4329538232514 1 0.9998788
396201863.0 1.0 1805.7012621724448 1 0.99999213
435590228.0 1.0 1798.8042291558102 1 0.9999994
192247771.0 0.0 1796.4532431813586 2 0.000933389
441725483.0 1.0 1794.9067610511677 1 0.99890244
376353519.0 1.0 1796.514309028508 1 0.99994266
370596684.0 0.0 1808.8484595913515 0 5.6438635e-06
359433801.0 0.0 1805.8474232837978 4 7.0108817e-06
387955876.0 1.0 1810.7623236868085 1 0.99984545
292849468.0 1.0 1794.8908668127349 1 0.99996454
233005469.0 1.0 1794.4480192678504 1 0.99974346
353733033.0 1.0 1798.9479554390796 1 0.9999952
346014568.0 0.0 1812.4107578923497 0 0.00066425925
349916384.0 0.0 1807.6369904004396 4 1.6945492e-14
333801796.0 1.0 1806.0331480932923 1 0.942706
283832839.0 1.0 1799.2642722031078 1 0.99999315
368372568.0 1.0 1810.930295268098 1 0.9997597
321820098.0 1.0 1805.3458598416437 1 0.9999971
410474894.0 1.0 1811.3276515213033 1 0.9999994
236792032.0 1.0 1810.2186978871232 1 0.99999744
271531069.0 1.0 1811.1177479150979 1 0.99983484
403522083.0 1.0 1805.5151392530543 1 0.9999968
229596767.0 0.0 1812.3656605123363 0 0.00030345906
367837919.0 0.0 1805.636382954408 2 1.1806074e-11
186810509.0 0.0 1812.349418499974 0 3.8944307e-07
357887247.0 1.0 1799.680941104587 1 0.9999995
354381885.0 0.0 1812.388179800565 0 7.975024e-08
400506656.0 0.0 1799.8691373917547 4 6.253156e-33
192652602.0 0.0 1812.432520031227 0 0.0019260398
410773800.0 0.0 1805.2002137118066 0 1.2257529e-09
370761841.0 1.0 1793.911067863893 1 0.9999379
332373891.0 0.0 1805.5565773546525 0 0.0003463632
385041088.0 1.0 1810.5783341779718 1 0.9999786
387510719.0 1.0 1805.6996511631883 1 0.9999654
434973203.0 1.0 1799.7635137954524 1 0.9999962
333785488.0 1.0 1798.0956041379136 1 0.99998665
441714735.0 1.0 1806.4072087379495 1 0.99997413
316438677.0 0.0 1797.4734982457276 2 2.8349339e-08
53801570.0 1.0 1799.764580722127 1 0.99998915
308365026.0 0.0 1805.2235182646903 0 4.4969825e-06
372079714.0 1.0 1797.242110546841 1 0.9999955
101353160.0 1.0 1794.120364921155 1 0.9999991
230388080.0 1.0 1810.8860121873518 1 0.9999995
399859253.0 1.0 1794.7422779131366 1 0.99997425
77224854.0 1.0 1796.2454405683973 1 0.99989593
81505903.0 0.0 1811.0357752699153 2 1.5026792e-07
270544560.0 1.0 1795.9097554639202 1 0.9999972
367429342.0 1.0 1797.7630651511065 1 0.99923986
389959982.0 0.0 1811.5307499491378 2 8.033631e-09
385407961.0 1.0 1797.1401114831897 1 0.9995998
240821714.0 1.0 1795.6192419610672 1 0.9999868
229584229.0 0.0 1796.2197701591565 2 0.0048395637
116137567.0 1.0 1794.9113702312159 1 0.99998635
229972243.0 1.0 1794.6780157234375 1 0.9999992
441790974.0 0.0 1796.365480309049 2 2.197925e-15
352577027.0 1.0 1797.9724205732 1 0.99973166
410470789.0 1.0 1811.3482517693385 1 0.99988437
468293391.0 0.0 1804.805025514798 3 2.2643211e-32
316960588.0 1.0 1798.2650520808274 1 0.99953264
332869735.0 0.0 1809.1815009912457 0 6.1549304e-06
10608955.0 0.0 1808.5148276993962 4 7.0102823e-34
316468859.0 0.0 1798.49183302614 2 2.0855001e-14
137908456.0 0.0 1796.6412117536456 2 5.183429e-05
12479247.0 1.0 1795.514917101472 1 0.99996454
240833655.0 0.0 1795.9941839924547 2 3.2665493e-09
427091874.0 1.0 1799.6583671823312 1 0.99999976
362964115.0 0.0 1798.4718487053378 2 2.4183333e-07
229948115.0 0.0 1805.2194714743025 0 2.1463957e-05
129822207.0 0.0 1812.5575574956213 0 0.00018602256
288516764.0 0.0 1808.8453463082014 0 3.565044e-06
428165157.0 1.0 1798.8071675502163 1 0.9985037
338718387.0 0.0 1808.8672246302901 0 6.699829e-07
65643891.0 0.0 1793.1407009502466 0 0.00237341
83221231.0 0.0 1796.034944336574 2 1.8226823e-08
245391374.0 1.0 1794.306904552735 1 0.9999999
178175702.0 0.0 1805.2037069059695 0 0.0047224914
354798248.0 1.0 1793.9321480755395 1 0.9992549
369825016.0 0.0 1796.9102318843566 0 2.5807386e-20
312973899.0 1.0 1794.6398395816243 1 0.9999853
331727884.0 0.0 1808.8678453907623 0 1.943241e-05
372393777.0 0.0 1796.8879752124074 2 1.846985e-10
192558373.0 0.0 1812.3493477464774 0 0.0010141665
400505163.0 0.0 1796.6400219813333 0 0.0016339866
247003756.0 1.0 1811.0786504386358 1 0.99999565
402780507.0 1.0 1796.7852707080258 1 0.99860644
353077789.0 0.0 1794.1183775304385 3 4.315385e-08
352572277.0 1.0 1798.243425196037 1 0.99159884
359040799.0 1.0 1799.1390645334952 1 0.99999356
431870606.0 0.0 1805.203514436343 0 1.0161719e-05
316960543.0 1.0 1797.8067089888111 1 0.99997354
198241258.0 0.0 1810.031241942659 4 9.947475e-35
240823083.0 1.0 1805.3691306845876 1 0.81515056
370069863.0 0.0 1795.6817943648243 4 2.3655607e-23
417234885.0 1.0 1799.243320427016 1 0.99999917
283344958.0 0.0 1812.8685332551122 0 1.748095e-12
241080886.0 0.0 1796.953048637556 4 1.1577329e-33
417234885.0 0.0 1793.3057804481032 0 1.0673863e-06
302387883.0 1.0 1798.2654514182311 1 0.999993
240876822.0 1.0 1810.869003785306 1 0.99998903
428072790.0 1.0 1796.3696289343025 1 0.99999213
116056484.0 0.0 1800.3279846644111 0 9.831417e-08
116271546.0 1.0 1806.1614740570471 1 0.9999965
54058423.0 1.0 1795.639433378091 1 0.9999234
377251803.0 0.0 1807.302247804904 3 9.35154e-25
104150440.0 0.0 1796.8280424070767 0 2.0373163e-06
332681214.0 1.0 1795.3481946664 1 0.9999918
445179073.0 1.0 1798.389601786865 1 0.9999999
49938064.0 0.0 1805.2648702952306 0 0.00016806938
444364634.0 1.0 1810.1806766010036 1 0.9996036
233508695.0 1.0 1799.6763992444353 1 0.9999815
21162234.0 1.0 1797.2601025232989 1 0.9999869
317028902.0 0.0 1812.3487480085378 0 0.008429051
428989652.0 1.0 1806.1797300496291 1 0.9992406
198416291.0 1.0 1798.843276953501 1 0.9978172
441809475.0 0.0 1805.4280753705089 2 6.2885916e-12
428114976.0 1.0 1796.8489341819416 1 0.9999929
192844584.0 1.0 1806.3491781279088 1 0.9998024
94367268.0 1.0 1794.0786190686397 1 0.9999319
403751764.0 1.0 1810.3273331291502 1 0.9999518
274804921.0 0.0 1800.513647302655 4 0.0
400949020.0 0.0 1812.4741882334142 0 0.0016270378
390341349.0 1.0 1794.8064835384912 1 0.999535
219741233.0 1.0 1797.55140921728 1 0.99999577
322321400.0 0.0 1805.2418223028585 0 2.2507235e-13
321853793.0 0.0 1808.9500070841614 0 0.00012064597
408890999.0 0.0 1812.3874929262638 0 1.5692129e-06
28998249.0 1.0 1811.3081148355088 1 0.9999384
77173994.0 0.0 1809.1411408772915 0 0.0003149567
418204446.0 1.0 1806.1806330996035 1 0.99999005
301737528.0 1.0 1797.5988818517471 1 0.9997762
445532066.0 1.0 1794.0986066488274 1 0.99996907
322345879.0 0.0 1812.3486489571812 0 2.3775171e-06
367076793.0 1.0 1798.0332757755389 1 0.9999988
415958599.0 1.0 1797.765773946535 1 0.99997205
90764912.0 1.0 1799.0579194800137 1 1.0
305796898.0 1.0 1806.1164245527907 1 0.99995834
327124382.0 0.0 1812.701577544284 0 0.0007004357
403584089.0 1.0 1795.4108055303054 1 0.9999683
312056223.0 1.0 1810.8268296712413 1 0.999762
250504550.0 1.0 1805.3070379379187 1 0.99996424
279501959.0 0.0 1812.4103544481989 0 0.0008458957
399268815.0 0.0 1798.8270170577398 4 8.405686e-05
256380997.0 1.0 1799.0741112072042 1 0.99992377
229512467.0 0.0 1805.198872038654 0 1.9247285e-08
375787430.0 0.0 1812.5753585424197 0 2.298054e-13
94608286.0 0.0 1809.1622514471935 0 0.000931116
284316496.0 0.0 1809.1808994686578 0 2.160358e-05
353993645.0 0.0 1811.2181958566466 2 1.2614882e-15
356701798.0 0.0 1796.6149685617363 3 7.400074e-33
285276345.0 1.0 1793.8078840195144 1 0.9999208
400500879.0 1.0 1797.2026590891003 1 0.999979
236998036.0 0.0 1796.9078178357493 0 0.000274634
343466058.0 1.0 1798.3454685711235 1 0.9999994
46481823.0 1.0 1799.1414310376124 1 0.9954008
369353089.0 0.0 1800.4099960775768 4 0.0
379599806.0 0.0 1797.8478638152 0 0.0031865176
390735522.0 0.0 1805.264965745383 0 2.762076e-06
445293991.0 0.0 1805.681205693859 0 3.0159444e-10
130060132.0 1.0 1794.6410591812646 1 0.9999719
359555465.0 1.0 1800.0102974672868 1 0.99999946
272040941.0 0.0 1799.5764854143688 2 0.013175991
390657860.0 1.0 1798.7023472051214 1 0.9999562
77352946.0 0.0 1812.4328383736447 0 0.00030023942
90647038.0 1.0 1810.4746536607927 1 0.99998593
229711350.0 0.0 1794.1988769749894 0 0.00044616204
436935532.0 1.0 1797.7664510806771 1 0.99996144
399580151.0 1.0 1796.7242414793072 1 0.9999839
468293391.0 0.0 1800.0341470172916 3 2.8415563e-33
198281228.0 1.0 1805.343415597649 1 0.99998313
323143779.0 1.0 1794.658426576202 1 0.99983925
229741985.0 0.0 1799.698892161402 3 0.00064528256
238702093.0 0.0 1812.640537767895 0 0.002410229
90572951.0 1.0 1794.0787250416881 1 0.9994721
369091618.0 0.0 1796.805584709523 0 2.905649e-10
311822551.0 1.0 1796.0979364303164 1 0.9999776
235990933.0 0.0 1806.1373955204137 2 9.166738e-08
22992830.0 1.0 1793.1827798624283 1 1.0
354832326.0 1.0 1799.1809809727995 1 0.99268293
236786193.0 0.0 1810.864730029336 2 1.6670569e-13
288631953.0 1.0 1805.9914164177173 1 0.9995883
282873736.0 1.0 1796.5141087516342 1 0.9999912
245709432.0 0.0 1807.4529199463932 4 1.0330041e-14
385104802.0 1.0 1794.8698442056932 1 0.9998598
65488320.0 0.0 1805.265983852783 0 0.0017420929
52425282.0 1.0 1796.0354238838274 1 0.99999464
229712608.0 1.0 1805.5111733401322 1 0.99973893
90765470.0 1.0 1793.870334926125 1 0.9999077
441718520.0 1.0 1796.469354408259 1 0.9997788
428162091.0 1.0 1811.3281127950152 1 0.9999985
255883279.0 1.0 1810.2226014864689 1 0.9999868
258675901.0 1.0 1795.389169959357 1 0.9997344
259143396.0 1.0 1794.8281212315012 1 0.9999613
317470793.0 0.0 1804.7424999090167 3 0.0
292609933.0 0.0 1812.3696805706386 0 2.4141096e-05
356979949.0 1.0 1810.8019454364246 1 0.9999979
219753637.0 0.0 1798.3438185717546 2 1.9180335e-07
401013386.0 1.0 1794.098565526125 1 0.99993455
321598171.0 1.0 1795.5126156473918 1 0.9999562
63345593.0 1.0 1796.4744546046097 1 0.999991
51020234.0 1.0 1798.0358073535515 1 0.9999943
264897754.0 0.0 1805.7629386222413 4 9.674382e-38
444763313.0 0.0 1794.327223537152 2 4.6856534e-05
233497465.0 0.0 1794.1987197475942 0 2.195448e-06
233079659.0 0.0 1794.1982145210834 3 4.6086773e-11
286217231.0 1.0 1800.0564508835323 1 0.9999335
329440665.0 1.0 1811.2803780675536 1 0.99996173
12906712.0 1.0 1810.4104824296621 1 0.99999934
200939418.0 0.0 1806.516177853829 3 0.0003343006
272223377.0 0.0 1805.2013580750215 0 3.8368413e-05
422520855.0 1.0 1806.22105462243 1 0.99999875
230070252.0 0.0 1808.8438942272192 0 2.9611378e-05
84215051.0 1.0 1811.0556868728202 1 0.9999997
21124393.0 1.0 1800.3016815790415 1 0.99999976
285668713.0 0.0 1812.3488378324341 0 4.287579e-05
430328310.0 0.0 1812.578088935548 0 0.001964709
184608281.0 0.0 1809.0575274801936 0 0.0002589258
104150224.0 1.0 1805.973945515089 1 0.9999993
359585725.0 0.0 1797.968805641682 0 4.475447e-05
252143178.0 1.0 1799.6398212974368 1 0.9995906
219865641.0 1.0 1798.3021668372846 1 0.99995774
200873044.0 0.0 1796.6411097823263 0 0.00013538245
427648360.0 1.0 1810.84665924896 1 0.99999434
374214037.0 0.0 1799.0562713828506 4 2.8239679e-38
445608545.0 0.0 1811.0569604886855 2 1.4120315e-12
229398840.0 0.0 1805.6363013502032 2 2.7029756e-17
301738265.0 1.0 1805.265602731944 1 0.99999905
423030259.0 1.0 1811.265300704651 1 0.9999986
422353953.0 0.0 1799.3454303465667 4 2.4132076e-05
384658710.0 1.0 1793.6817081628506 1 0.99999297
364179456.0 0.0 1805.2623231184732 0 1.273065e-05
419246815.0 0.0 1793.2435729814822 0 1.7172597e-05
353989230.0 1.0 1798.7808890430015 1 0.99999475
101256977.0 1.0 1806.1830844768963 1 0.99663776
259166905.0 0.0 1795.6365883053543 2 3.9005198e-13
233619521.0 0.0 1808.8649422370568 0 6.4192095e-06
50353232.0 1.0 1810.1192050982027 1 0.9999131
403876042.0 1.0 1798.9939164515308 1 0.9999532
264392040.0 1.0 1796.5742930604758 1 0.99999154
284357070.0 0.0 1797.843412650744 2 5.740547e-07
13104681.0 1.0 1794.6594007356136 1 0.9999878
297656053.0 1.0 1794.4519417132226 1 0.9992962
399580598.0 0.0 1809.2033924354364 0 0.00014718834
400823137.0 0.0 1805.2026177120913 0 3.6498128e-05
441812183.0 1.0 1798.302854673752 1 0.999078
229596505.0 1.0 1799.2198089755934 1 0.99999577
331814268.0 1.0 1798.701296917547 1 0.99864304
94671019.0 1.0 1795.0994729909637 1 0.9999952
378937065.0 1.0 1811.2848739850408 1 0.999999
232674183.0 1.0 1796.8857399827525 1 0.9988737
307203415.0 0.0 1805.2441344639478 0 5.388083e-05
50265437.0 1.0 1795.2647011990666 1 0.99991596
309132457.0 1.0 1795.848763218422 1 0.9999813
368919926.0 0.0 1800.2224679631413 4 5.3086064e-25
407206498.0 0.0 1793.409807115184 0 7.437961e-09
267543049.0 1.0 1805.324313348565 1 0.99041945
431900770.0 0.0 1794.494903311877 2 4.153487e-07
359676320.0 0.0 1810.7396032640072 3 1.3769589e-08
370271012.0 1.0 1795.7024729409763 1 0.999986
399828838.0 1.0 1795.7218341214905 1 0.9999996
65642073.0 1.0 1793.4949397168245 1 0.9999937
274845454.0 1.0 1805.3468588607782 1 0.9999668
400896867.0 0.0 1810.3689199169653 2 8.18411e-10
67418975.0 0.0 1812.5989942927906 0 0.00032384566
331214194.0 1.0 1811.264780178452 1 0.9999997
77353169.0 1.0 1798.0163441884874 1 0.9999314
255995595.0 1.0 1805.4912420968 1 0.99986213
284925600.0 0.0 1793.910372564956 3 7.1478774e-31
288600444.0 1.0 1795.9077344880602 1 0.9999882
445400653.0 1.0 1810.5769728650093 1 0.9999537
50189810.0 0.0 1805.2233357255457 3 1.9933864e-22
229676244.0 0.0 1800.2405591447555 3 1.7035016e-12
315937374.0 0.0 1803.6609804951192 3 3.956119e-22
354926863.0 0.0 1794.326869278714 3 6.459691e-15
53014825.0 0.0 1809.3059937844916 0 1.3467582e-06
354638957.0 1.0 1810.474108292825 1 0.9999998
288406303.0 0.0 1812.386972824865 0 5.347243e-10
376086424.0 1.0 1797.05515713965 1 0.9999773
441718248.0 1.0 1795.8027595039425 1 0.9999032
256383835.0 1.0 1795.3866244200278 1 0.99989545
371217233.0 1.0 1795.5336703350058 1 0.99993837
219899510.0 0.0 1805.239871981312 0 1.6644806e-09
428164710.0 1.0 1795.8696425841194 1 0.999999
285431874.0 1.0 1810.4327144433116 1 0.99999976
346781234.0 0.0 1805.2036934470311 0 0.00059724227
235686726.0 1.0 1794.21998269821 1 0.9999977
441734144.0 0.0 1804.4073269737187 3 2.0382639e-35
320598817.0 1.0 1810.8477174641232 1 0.9999907
327392518.0 0.0 1805.223778005268 0 7.027591e-05
427440951.0 0.0 1805.2216383387693 0 1.1457052e-08
184733513.0 0.0 1809.1617569875707 0 0.0004920023
299327679.0 0.0 1796.6401842808114 0 0.000107824766
374695963.0 0.0 1805.2026628157016 0 0.00035309864
390333685.0 1.0 1795.077173913057 1 0.9999011
240829451.0 1.0 1798.0984767905334 1 0.99999
198388252.0 0.0 1799.1555529629188 3 3.901401e-30
351773857.0 1.0 1810.9930588534196 1 0.99999356
229641835.0 0.0 1805.407584501907 0 1.2555993e-06
284527341.0 1.0 1796.3477497911506 1 0.9998757
347307581.0 0.0 1805.5766349969088 0 0.00035786815
177763189.0 0.0 1805.2661986767496 0 0.00018692296
230387586.0 1.0 1793.6362581308067 1 0.9998646
116557796.0 1.0 1810.6406368149023 1 0.99999994
192588606.0 1.0 1810.7867908275055 1 0.99993014
387448360.0 0.0 1812.3661763029938 0 3.9369683e-05
233046557.0 1.0 1799.7186520575015 1 0.9981039
265063020.0 1.0 1810.2008165620755 1 0.9721523
396446258.0 1.0 1796.1804581521212 1 0.9999387
289536553.0 0.0 1798.4057332721238 2 1.2093225e-10
14041308.0 1.0 1796.3690174798317 1 0.9999366
264224989.0 1.0 1805.2834406580987 1 0.99999946
420303728.0 1.0 1795.4499343677346 1 0.9999625
445667765.0 1.0 1796.494229277019 1 0.99956423
116992839.0 0.0 1812.3699220767357 0 8.0646765e-05
177881146.0 0.0 1793.1410453760373 0 0.00015759608
400506361.0 0.0 1805.5357800870077 0 0.00012566806
199688472.0 0.0 1800.4055105807117 3 2.999093e-20
445349313.0 1.0 1798.4107219492148 1 0.99999845
192558373.0 1.0 1797.8909870068246 1 0.99989164
312555125.0 1.0 1798.035611830792 1 0.9999832
35013424.0 1.0 1793.2246728406892 1 0.999761
241136221.0 1.0 1797.9738768100958 1 0.9994302
444594880.0 0.0 1793.6188204273935 2 1.5664511e-07
428531053.0 0.0 1805.203297510422 0 0.0018052472
51029031.0 1.0 1796.1189047602063 1 0.97563064
286328028.0 0.0 1794.4105538143679 2 2.0724005e-09
116549701.0 0.0 1808.890595788622 0 1.8580873e-06
192841197.0 1.0 1798.0992038879324 1 0.9992585
229969976.0 0.0 1810.3861074695535 2 7.307354e-06
229979473.0 1.0 1796.9697073784273 1 0.9999796
256321169.0 0.0 1796.4521535734045 4 1.0937671e-12
400506070.0 0.0 1805.5149511784523 0 2.1284148e-10
354643553.0 0.0 1796.8905244495406 0 1.2975647e-05
275420577.0 1.0 1796.3250399915255 1 0.99997413
289540459.0 1.0 1811.1352427976597 1 0.9999287
316953722.0 1.0 1794.3275886370354 1 0.9999652
279878476.0 0.0 1793.4093780692174 0 0.00016023246
445632125.0 1.0 1798.973508138341 1 0.99733436
224596414.0 1.0 1805.905567657153 1 0.99997777
400407608.0 0.0 1808.8446189570218 0 1.70188e-06
348673126.0 1.0 1794.9110058675485 1 0.99999076
236716440.0 1.0 1800.0516687184884 1 0.9999645
240982081.0 1.0 1795.3070227681953 1 0.9999996
374775107.0 1.0 1794.5569657231526 1 0.9999688
322058180.0 0.0 1797.3460365625303 2 0.0025018016
275466698.0 1.0 1799.410418305043 1 1.0
327443417.0 1.0 1798.99467523229 1 0.99962187
308367718.0 1.0 1797.4528941377407 1 0.9999998
265176389.0 0.0 1796.701181889091 2 0.0001265769
390410161.0 1.0 1799.4731420453604 1 0.99998033
279085922.0 0.0 1808.868252430218 0 5.8964073e-08
431994502.0 0.0 1812.6827839643672 0 0.00019528925
285128834.0 1.0 1799.7225995019915 1 0.99743277
445436525.0 0.0 1800.139965505805 0 0.0004301805
233711268.0 1.0 1799.3231378146045 1 0.9999431
368409353.0 1.0 1800.0974758775676 1 0.9979477
259236115.0 1.0 1805.7406341876297 1 0.99911255
256417824.0 0.0 1810.4727604214813 4 0.0
28870707.0 0.0 1809.2664302678697 0 0.00126987
194777265.0 1.0 1797.8495319019753 1 0.9998237
256925744.0 0.0 1805.1991115370838 0 2.7541878e-07
285674570.0 0.0 1811.07817189732 2 1.4528414e-06
397765121.0 0.0 1806.7845931248353 4 1.0588045e-07
366637868.0 0.0 1812.4086592563208 0 3.532984e-10
421110675.0 0.0 1805.4518191042896 3 7.191098e-36
299491276.0 1.0 1795.1168963165244 1 0.9999984
422533317.0 0.0 1805.5564097519302 0 3.4367545e-07
405491068.0 1.0 1796.7454954789255 1 0.9993663
265184616.0 1.0 1797.3470628974442 1 0.99998885
390863585.0 1.0 1810.7024750434136 1 0.99999803
399441295.0 1.0 1799.2438719636905 1 0.99999946
245634583.0 1.0 1810.348738444281 1 0.9998892
22842245.0 0.0 1805.3079529055085 0 9.585475e-06
200938962.0 1.0 1797.432691567366 1 0.99998796
368023334.0 1.0 1805.784435227802 1 0.9999872
367183844.0 1.0 1795.9296745062315 1 0.9999655
258771780.0 0.0 1805.2614638595596 0 0.0002382292
422708676.0 0.0 1808.8677356586843 0 4.4983943e-05
232609321.0 1.0 1798.8229716317633 1 0.9999866
427647246.0 1.0 1797.7015691780089 1 0.9999998
194735385.0 1.0 1794.2659153070979 1 0.9999446
396442760.0 1.0 1811.1379871682627 1 0.99999875
269912311.0 0.0 1808.8496520713716 0 0.00051386195
186937670.0 0.0 1805.557624544398 0 0.00030859743
71688124.0 0.0 1805.5357137617284 0 1.5588138e-06
396486931.0 0.0 1796.346490292176 3 1.2546785e-22
390049765.0 0.0 1805.3061499146713 0 3.33567e-08
271525268.0 0.0 1797.5347187130014 2 8.28524e-07
250651359.0 0.0 1798.2654634229461 2 1.7297949e-10
426141801.0 0.0 1812.3468340267561 0 7.576857e-08
251457857.0 1.0 1793.7441581502426 1 0.99995625
71697808.0 1.0 1798.5360283532484 1 0.9999763
229497381.0 0.0 1812.344550333564 0 1.14560734e-07
192473556.0 0.0 1793.1406989609688 0 0.00017272303
401083189.0 0.0 1794.9109951727767 4 4.8527907e-18
345782594.0 1.0 1805.61808853697 1 0.99999607
395601289.0 1.0 1799.8262505153457 1 0.9866983
251621620.0 0.0 1812.3904725159646 0 0.0005980056
271655169.0 1.0 1794.555658063339 1 0.99984914
22661968.0 1.0 1794.2244252462885 1 0.99999785
397918716.0 0.0 1805.3058839592425 0 2.0012576e-06
396339551.0 0.0 1793.8890109889721 3 1.5476468e-18
240964649.0 1.0 1798.5152172901549 1 0.9999345
422747742.0 0.0 1811.3261783261596 2 3.6268746e-09
238741070.0 1.0 1797.4116478273788 1 0.9999834
230029334.0 1.0 1810.5110242113258 1 0.9999998
353897321.0 1.0 1797.4894046526804 1 0.99999714
85524349.0 0.0 1793.1412453747687 0 0.0005750301
186744508.0 1.0 1805.4953151829668 1 0.9999778
366557556.0 0.0 1795.429559175898 3 5.6244833e-26
82621088.0 1.0 1795.2857395575813 1 1.0
256503928.0 1.0 1805.971016880759 1 0.9999864
427765055.0 0.0 1807.1177291616445 4 1.12308565e-10
375906417.0 1.0 1799.3880345515513 1 0.99755317
245632364.0 1.0 1797.7028263178895 1 0.9995456
219776118.0 0.0 1797.968587626201 0 1.0281991e-06
117494384.0 0.0 1805.2031075639113 0 3.6623294e-06
420851246.0 0.0 1809.3893196985525 0 1.1877878e-07
428121854.0 1.0 1798.2031378517186 1 0.9999761
192652602.0 1.0 1796.4740973619625 1 0.9999745
352425043.0 1.0 1798.9725089715312 1 1.0
292721973.0 1.0 1795.5367514444922 1 0.9999577
398212665.0 1.0 1810.2438227994999 1 1.0
256352174.0 1.0 1795.5751480466845 1 0.99998206
365941341.0 0.0 1812.5134532658801 0 0.00058362266
326529945.0 1.0 1806.2848450434285 1 0.9959621
428737838.0 0.0 1808.8469212581988 0 7.495501e-05
83055357.0 0.0 1812.6598049669535 0 1.2949819e-06
368241492.0 1.0 1810.867765528643 1 0.99993604
353171961.0 1.0 1796.805905016225 1 0.99975497
410237561.0 0.0 1798.4920061918572 4 2.39163e-22
219856671.0 0.0 1808.8443130782618 0 7.08322e-05
327121928.0 0.0 1805.1392589749755 3 8.884357e-22
376231996.0 1.0 1806.2630399656323 1 0.99999344
444144683.0 1.0 1810.5570398707714 1 0.9999992
445422059.0 0.0 1806.3480344468421 2 4.544302e-06
422983929.0 1.0 1810.4326045875591 1 0.9999365
306183346.0 1.0 1795.827481763674 1 0.99992275
320376468.0 1.0 1810.4101496389683 1 1.0
307119079.0 1.0 1811.4730966366567 1 0.9986031
289723065.0 0.0 1799.218329306601 2 3.149669e-14
329248002.0 0.0 1795.7597513520736 3 3.6826733e-29
378290764.0 0.0 1796.9099155851577 0 9.3200447e-07
252829817.0 0.0 1805.2032502900656 0 0.0012535494
207402722.0 1.0 1794.176249480459 1 0.99994534
250836327.0 1.0 1797.9320887637562 1 0.99984604
331325154.0 0.0 1809.3270943046186 0 0.0010068493
326780213.0 1.0 1793.45189662557 1 0.9999691
178043245.0 1.0 1811.1828279946449 1 0.99998856
235991061.0 1.0 1810.4916116100335 1 0.9998927
233711453.0 0.0 1810.5522222716713 2 6.910191e-06
237197609.0 0.0 1805.2201129651933 0 7.288004e-21
404104934.0 1.0 1796.158519120858 1 0.9999982
370946228.0 1.0 1794.431767985847 1 0.9999975
90567149.0 1.0 1795.0995473893022 1 0.99997735
378356523.0 1.0 1805.8889610047822 1 0.9999818
251403318.0 0.0 1805.2028068518023 0 0.005434621
11424087.0 1.0 1797.9105215253082 1 0.9999868
403258444.0 0.0 1809.201646033691 0 0.00012383165
258353545.0 0.0 1796.1783433176079 2 1.4777403e-23
352039322.0 0.0 1808.889119521531 0 5.5284355e-09
264615805.0 0.0 1800.202724364061 3 2.2239483e-11
321853793.0 0.0 1805.3042210147394 0 8.75859e-05
338992133.0 0.0 1805.2215614758902 0 3.5023038e-06
249886811.0 1.0 1799.7864137652412 1 0.9999997
251123022.0 0.0 1796.827829651922 0 1.062977e-05
323124948.0 1.0 1794.9500744753004 1 0.9997126
368516895.0 1.0 1805.2640735139407 1 0.9999877
230077236.0 1.0 1800.4483224260725 1 0.9999426
233193894.0 0.0 1794.1982961153446 0 2.3590903e-08
406899460.0 0.0 1812.3680422023194 0 5.056544e-06
323140287.0 1.0 1806.3250578984075 1 0.9999997
61085649.0 1.0 1797.745667106839 1 0.99999976
431804404.0 1.0 1796.0991530949318 1 0.999673
387681857.0 1.0 1796.5331915477657 1 0.9999906
453150636.0 1.0 1810.1395486807626 1 0.99996656
10711974.0 1.0 1794.8270708321818 1 0.9997699
28692009.0 1.0 1797.0783085503667 1 0.99999994
251387790.0 1.0 1805.6402711511432 1 0.9999957
126063876.0 0.0 1796.641241635945 0 0.0017793654
250452231.0 1.0 1806.3069951189616 1 0.999992
184737927.0 1.0 1797.3701728360218 1 0.99998707
291840064.0 1.0 1796.807362216065 1 0.9999106
395586478.0 1.0 1797.013871360069 1 0.9999755
301642812.0 0.0 1812.3489418626245 0 3.5229823e-07
46429002.0 1.0 1810.6830964888259 1 0.99997675
65288356.0 1.0 1795.0366293694226 1 0.99987185
366487367.0 1.0 1793.5744315125755 1 0.9997059
406963641.0 1.0 1797.701825151427 1 0.99996024
376195741.0 0.0 1807.993572205589 4 5.900365e-20
275713133.0 1.0 1796.7433983660226 1 0.99989563
358828514.0 1.0 1795.9926425323474 1 0.99999475
279183336.0 1.0 1795.8893192545354 1 0.9999856
302544817.0 0.0 1805.4748069845407 0 0.0025304086
187031415.0 0.0 1805.536739119453 0 3.4792733e-06
269609504.0 0.0 1798.3469912098915 3 1.4872779e-12
365940361.0 1.0 1798.3260847010972 1 0.9999993
280412792.0 1.0 1799.9937814096904 1 0.99999076
376193476.0 1.0 1796.9519032305811 1 0.999881
387289084.0 1.0 1796.7205352882256 1 0.9999979
84055364.0 0.0 1812.4305454378916 0 0.0009976412
424461639.0 1.0 1805.4272780216584 1 0.9999471
251815533.0 1.0 1805.327990879254 1 0.9999746
427955222.0 1.0 1799.763592506211 1 0.99988854
241039594.0 1.0 1798.5778237762142 1 0.9999987
399788405.0 0.0 1810.343605334413 3 4.1908786e-31
403681809.0 0.0 1805.244305835083 0 2.041736e-07
186746737.0 0.0 1806.016060424732 4 0.09319087
235977359.0 1.0 1806.3040894818628 1 0.9999706
194730782.0 0.0 1805.2662181582841 0 0.0012531542
453150220.0 1.0 1810.8478739057048 1 0.999995
229480270.0 1.0 1795.594938940344 1 0.99999946
444463996.0 0.0 1805.2224573111216 0 0.00017347565
219877512.0 0.0 1805.2816973262384 0 1.200114e-06
348607686.0 1.0 1798.1818370711428 1 0.99719167
251783246.0 1.0 1793.8275283621413 1 0.9984972
315917180.0 0.0 1812.34540632606 0 1.0744408e-07
20874581.0 1.0 1797.3701636684718 1 0.9999392
275192164.0 1.0 1795.3469876023885 1 0.9995693
194737896.0 1.0 1799.599443341523 1 0.999985
327257774.0 0.0 1805.2237397241638 0 6.1192715e-08
428611573.0 1.0 1796.763776286003 1 0.99994713
456130400.0 0.0 1797.2034353937347 3 4.712906e-22
354799106.0 0.0 1795.7863447084023 2 5.829438e-05
230378528.0 1.0 1794.677692418857 1 0.99996406
445224414.0 0.0 1812.7018365649456 0 6.9634974e-05
374303249.0 1.0 1798.452342242171 1 0.99999416
378464628.0 1.0 1799.7431304723307 1 0.99883354
352928514.0 0.0 1796.8057800705233 0 1.0999662e-08
373061918.0 0.0 1808.7009903132475 4 3.1835345e-25
378992579.0 1.0 1795.05553264711 1 0.99996096
264615028.0 0.0 1798.0776958665667 4 1.1910445e-24
82094001.0 0.0 1805.2648598540895 0 0.00020357911
366470628.0 0.0 1812.3669000272068 0 1.0859619e-05
279195613.0 1.0 1795.4102511395 1 0.99998546
184611444.0 0.0 1812.6406618886674 0 0.00023053969
370949218.0 1.0 1798.3485199859465 1 1.0
245552501.0 1.0 1799.6402331321854 1 0.99982
280566427.0 1.0 1795.9311487288392 1 0.99989814
364075498.0 0.0 1805.2413607768947 0 6.6514076e-08
387262771.0 1.0 1810.4083382651866 1 0.99993026
184732101.0 0.0 1797.9118815669078 4 1.8301479e-15
245664236.0 1.0 1805.3485621879013 1 0.9999155
367095312.0 0.0 1796.8255510404122 0 1.6568672e-05
336747732.0 1.0 1796.4923220468997 1 0.99999994
402846446.0 0.0 1809.7635330442654 4 4.1112166e-08
399081275.0 1.0 1798.6608790081516 1 0.9999863
233721547.0 1.0 1811.3025469811398 1 0.9999971
198354443.0 0.0 1807.8430104849228 3 2.9303512e-16
436931352.0 1.0 1796.7456202868236 1 0.99965346
284892390.0 1.0 1798.6557847467743 1 0.9999896
279186705.0 0.0 1805.5142493695416 0 5.9737748e-05
420017091.0 1.0 1798.4520249160214 1 0.99998564
378372197.0 1.0 1799.7432004554328 1 0.99999917
250769268.0 0.0 1808.8695175919274 0 5.1760764e-14
341816492.0 1.0 1806.4265513322728 1 0.9999844
265195099.0 1.0 1810.7861569849 1 0.99997663
116212174.0 1.0 1797.3488353740413 1 0.99999297
270018986.0 1.0 1800.3679192375325 1 0.9999973
264803524.0 0.0 1810.3277505183305 2 7.68013e-20
192839417.0 1.0 1796.2659034383337 1 0.9999835
375651838.0 1.0 1811.1378692017515 1 0.9996694
245427506.0 0.0 1812.3486158387582 0 3.2017498e-09
387760681.0 1.0 1805.3247313127943 1 0.9999768
410651000.0 1.0 1793.4321006902442 1 0.9999942
301911058.0 0.0 1808.8490443099847 0 0.000111214875
326199758.0 1.0 1794.32574322881 1 0.9993437
396664296.0 1.0 1794.617718584142 1 0.9999368
285124298.0 0.0 1809.16004203859 0 0.0002884741
51884863.0 1.0 1797.431096232855 1 0.9999986
426419025.0 1.0 1806.016375966032 1 0.9999456
436873082.0 1.0 1796.620652817856 1 0.9999692
312147538.0 1.0 1794.4523479743657 1 1.0
139378834.0 0.0 1811.1201993479033 3 1.6241114e-05
256460459.0 1.0 1797.3866423093812 1 0.9999861
230007745.0 1.0 1798.657077838357 1 0.9999995
286477976.0 0.0 1805.2649816749522 0 9.2272225e-05
116992839.0 1.0 1799.9740416933305 1 0.9999937
385197850.0 1.0 1793.4948894200156 1 0.99998367
401326744.0 1.0 1798.325929634045 1 0.9999998
445110528.0 1.0 1800.34794916761 1 0.9999054
312862941.0 0.0 1810.847988098493 3 0.00039706682
410502911.0 1.0 1805.452770178405 1 0.99999106
101032677.0 1.0 1794.7245757918902 1 0.99992347
251334166.0 1.0 1810.327922549088 1 0.99999255
423995849.0 0.0 1797.8482186065194 0 9.799513e-07
369145520.0 1.0 1797.972579466236 1 0.9998708
444628850.0 0.0 1800.910435614895 4 0.0
445630982.0 0.0 1793.3275854833398 0 4.5177666e-09
192590893.0 1.0 1811.2867110736604 1 0.99987304
351467297.0 1.0 1796.7848209044823 1 0.99999356
433206218.0 0.0 1793.2451596251972 2 2.455239e-06
356892980.0 1.0 1806.364351569875 1 0.99992514
139459369.0 1.0 1797.578650891507 1 0.999863
28909025.0 1.0 1795.6413684023016 1 0.9999442
377153745.0 0.0 1812.6172618443925 0 1.8789095e-07
369908768.0 1.0 1794.744106319868 1 0.99999696
352572230.0 0.0 1799.1600989754493 2 2.3060057e-17
186811470.0 0.0 1796.3285201391263 2 1.4444952e-07
302320051.0 1.0 1810.5155818658739 1 0.99960446
418372795.0 1.0 1805.763604149226 1 0.99998987
259934977.0 0.0 1812.410860547128 0 4.5511522e-05
230076103.0 1.0 1795.947766570114 1 0.9999438
53798295.0 0.0 1796.7646486684796 2 5.0080166e-19
241022650.0 0.0 1796.702692429414 0 8.518581e-08
5720927.0 1.0 1794.1830359093196 1 0.9999641
301472955.0 0.0 1809.598947595879 4 0.0
449998001.0 1.0 1797.410430257673 1 1.0
329248002.0 0.0 1805.0930087696295 3 1.2138517e-29
249855428.0 1.0 1810.307212620308 1 0.99988467
103953204.0 0.0 1807.557428657564 4 2.7510592e-37
49717463.0 0.0 1798.2231479934733 2 4.2304067e-09
65640574.0 1.0 1794.7658549559571 1 0.9998086
186719960.0 0.0 1805.2245265755537 0 0.0004940833
270333887.0 1.0 1795.4930506170615 1 0.9995621
20805612.0 0.0 1808.9533613124086 0 0.00013888715
292519851.0 1.0 1796.557351637967 1 0.99992865
316053491.0 0.0 1808.8696516140028 0 0.000110884066
452972519.0 0.0 1797.7437407774964 2 5.233592e-07
435446518.0 0.0 1800.4093808911355 0 0.00016579579
366329599.0 0.0 1805.2419280497547 0 1.4358479e-11
305564076.0 1.0 1796.8040257993237 1 0.99995834
368455819.0 0.0 1806.3889323483484 4 4.485004e-09
373695206.0 0.0 1808.9521113125384 0 0.00045856807
389961180.0 1.0 1811.385035262621 1 0.9999301
202927496.0 1.0 1793.7657971583058 1 0.9999977
50849800.0 0.0 1799.7854698187534 3 5.4524525e-27
445231680.0 1.0 1796.7855313577309 1 0.9999895
346717973.0 1.0 1793.8285873780248 1 0.99960923
177769654.0 1.0 1796.4119433835958 1 0.9987657
362963394.0 0.0 1799.49268792782 2 1.5926328e-06
230131062.0 0.0 1808.844350307758 0 0.00020955676
219860486.0 0.0 1800.0734582164096 2 5.342238e-10
312678281.0 1.0 1811.2646375654956 1 0.9996844
366762412.0 1.0 1806.2212505256011 1 0.99999666
367095933.0 1.0 1794.5338611257791 1 0.99992937
229938293.0 1.0 1811.1985577188664 1 0.9999894
81916001.0 0.0 1808.9107017305091 0 0.00014046472
240956678.0 0.0 1808.869191320593 0 1.3562349e-05
436869712.0 0.0 1812.3079223351044 3 0.00046458934
407545326.0 0.0 1798.387749031155 4 1.3343521e-05
387627200.0 1.0 1794.2623529733394 1 0.9999496
199688409.0 0.0 1809.4471967466911 3 1.0532249e-23
279846008.0 0.0 1797.4524493737022 4 1.9487675e-17
90764817.0 1.0 1798.7662444457292 1 0.999865
395924933.0 1.0 1799.8264449934816 1 0.9999934
104315510.0 1.0 1795.0571464054992 1 0.99997187
332687102.0 0.0 1809.3065734233082 0 7.29034e-05
83049674.0 1.0 1799.9933622913916 1 0.9998904
354154923.0 1.0 1799.9320419600595 1 0.9998339
316047081.0 0.0 1808.84879051636 0 1.0145798e-06
286410563.0 1.0 1796.5773205295832 1 0.99999267
326788321.0 0.0 1805.5558236156824 0 0.00031921788
444113390.0 0.0 1805.2027107924905 0 0.00021997895
352425643.0 1.0 1798.7641425343006 1 0.99999744
250470772.0 1.0 1799.4947582786315 1 0.99996597
302232862.0 1.0 1793.7029499478865 1 0.9999883
366587671.0 1.0 1810.5544726570056 1 0.99999934
286005545.0 1.0 1797.243945057898 1 0.99999934
428423379.0 0.0 1809.1600163873554 0 8.4276e-07
21178009.0 1.0 1805.5162952184278 1 0.9992867
285942178.0 1.0 1796.3697068385693 1 0.99999505
285561092.0 0.0 1808.3699052910931 4 1.171162e-09
418981815.0 1.0 1805.4516171696137 1 0.9999838
241028734.0 1.0 1795.286210792877 1 0.99998605
428118911.0 0.0 1808.890758420976 0 0.00011576382
192649619.0 1.0 1805.6618027470038 1 0.9999559
11437325.0 0.0 1809.723236887523 3 2.4499448e-21
264897548.0 1.0 1797.054546525409 1 0.9997704
68037795.0 0.0 1805.370204483325 0 0.0009844727
350072239.0 1.0 1797.1791315644664 1 0.999999
21099543.0 0.0 1812.4743882697437 0 0.0005779708
285035316.0 0.0 1796.6395833612198 0 3.5801267e-07
363759337.0 0.0 1795.9310139808906 2 6.7589103e-06
427802651.0 1.0 1797.1593704268432 1 0.99998385
377207757.0 1.0 1798.5758123937642 1 0.9988371
377204994.0 0.0 1808.8464855618552 0 0.00022964264
317470793.0 0.0 1801.4091787619293 3 2.0382262e-34
236761683.0 1.0 1795.8028634015445 1 1.0
12711276.0 1.0 1810.8464983683627 1 0.99996066
441768219.0 1.0 1794.6154283867231 1 0.96796024
256108894.0 0.0 1805.5561815364863 0 2.880367e-07
332872308.0 1.0 1797.535871825525 1 0.99997485
196947934.0 0.0 1796.702921337312 0 1.2393875e-06
229676244.0 0.0 1804.6781311333189 3 2.2583334e-18
279526834.0 1.0 1795.0759157029986 1 0.99960715
301100561.0 1.0 1793.9738736184465 1 0.99999934
401083630.0 0.0 1805.2237091312609 0 1.8962237e-05
298649220.0 1.0 1811.0512582817603 1 0.98110336
251465268.0 1.0 1811.5361721930585 1 0.9999418
305678997.0 0.0 1812.3453531802666 0 0.00016356481
240783236.0 0.0 1805.5564222092426 0 1.2486183e-09
370697248.0 0.0 1805.514983661605 0 2.9351768e-06
230090786.0 1.0 1797.219015284247 1 1.0
22842062.0 1.0 1794.2247092383466 1 0.99998754
198457602.0 0.0 1805.1972090606846 0 5.4491125e-06
319720465.0 1.0 1794.9104989479013 1 0.99987113
389538123.0 0.0 1805.5563320213455 0 2.521381e-06
252103748.0 0.0 1809.285470384023 0 0.0006438795
264453826.0 1.0 1793.262583992521 1 0.99994653
373704160.0 1.0 1797.1187170773526 1 0.99949574
407158463.0 1.0 1795.4931814468812 1 0.99986845
26619955.0 1.0 1793.516140532302 1 0.999937
398358056.0 0.0 1812.4085179975746 0 0.00017141392
396659113.0 0.0 1793.3054968631745 0 1.528619e-10
298315900.0 0.0 1808.846769466735 0 9.452669e-09
394048824.0 0.0 1794.199352198555 0 4.191571e-10
235709741.0 0.0 1793.5533592188167 2 1.2613243e-08
370600569.0 1.0 1805.4734656609166 1 0.99937224
301571443.0 1.0 1798.7446462602288 1 0.99996763
230382319.0 0.0 1806.615116971004 4 3.5698275e-13
230122907.0 0.0 1808.0104499898719 4 3.0138055e-21
28913526.0 1.0 1797.4955650761049 1 0.9995448
387897917.0 0.0 1796.3666161314627 2 0.007293796
252827737.0 1.0 1806.0158154156823 1 0.99998796
305859208.0 1.0 1796.3041379062909 1 0.99999654
306563415.0 1.0 1799.4524914219244 1 0.999993
356895463.0 1.0 1796.9685492548324 1 0.9999711
384811988.0 1.0 1795.30664901427 1 0.9999866
291957039.0 1.0 1811.0989389152808 1 0.99983084
250970401.0 1.0 1806.098863581154 1 0.9999999
288509061.0 0.0 1812.386999772343 0 2.215931e-09
406634291.0 0.0 1797.617756127245 2 1.1012639e-07
224605215.0 0.0 1805.197272641757 0 1.6718603e-05
235978781.0 1.0 1797.470548744032 1 0.9956683
241096821.0 0.0 1799.1197351334229 4 3.0028256e-12
229590791.0 1.0 1797.9281990335585 1 0.9999956
390021728.0 0.0 1808.0310319555265 3 1.0601293e-24
326920180.0 1.0 1793.2655568027108 1 0.9997711
235982927.0 0.0 1809.4914540516054 3 2.4589457e-07
352175100.0 0.0 1805.2193571556754 0 1.12108145e-08
327568989.0 0.0 1793.1405734657017 0 7.144989e-08
354697683.0 1.0 1795.5350435116825 1 0.99992007
229674725.0 0.0 1794.9068090346223 2 6.363665e-16
399203662.0 1.0 1793.8897651488583 1 0.9999519
427690513.0 0.0 1795.2011737237797 2 5.3648368e-05
191725141.0 1.0 1794.5571425680932 1 0.9999996
423949456.0 0.0 1796.6795213476055 4 1.3443678e-10
285514463.0 1.0 1793.6196033609274 1 0.99987096
293189287.0 1.0 1797.3283763865543 1 0.99998355
130059297.0 1.0 1795.8911181193366 1 0.9998543
366074571.0 1.0 1796.4303645097182 1 0.99998
264908668.0 0.0 1805.2214120967012 0 0.00013746497
229452950.0 0.0 1805.7613369583923 4 0.0
387566207.0 1.0 1797.8873285964285 1 0.9999461
405480955.0 0.0 1805.4747654878554 0 0.0017425357
395651443.0 0.0 1812.3474542854517 0 6.865588e-05
353241692.0 0.0 1805.3059813238553 0 8.3701634e-05
428477008.0 1.0 1796.9518395507912 1 0.99989843
367855784.0 1.0 1796.5322649399693 1 0.99979657
49938200.0 1.0 1798.9523132027377 1 0.9999194
332681227.0 1.0 1793.2440244064926 1 0.9999872
347581893.0 0.0 1805.2234521732169 0 3.2764223e-08
160520620.0 1.0 1796.6357780078756 1 0.99985
271529113.0 0.0 1798.3471569311218 3 2.1772004e-19
199664321.0 1.0 1810.2598992420897 1 1.0
285934900.0 1.0 1795.6405712904984 1 0.99974376
399582774.0 1.0 1811.4117039353616 1 0.9671303
405491869.0 1.0 1793.495387804873 1 0.9997952
376259663.0 1.0 1796.3476501456844 1 0.99999994
50519916.0 0.0 1808.9317008539824 0 0.00012729586
401326744.0 0.0 1805.2217690310765 0 4.7792564e-12
346627403.0 0.0 1796.5580017455316 3 1.4996946e-31
292051376.0 1.0 1797.7240029325853 1 0.99932015
450012655.0 1.0 1794.0563544237666 1 0.9999999
233608984.0 1.0 1793.490213809588 1 0.9999085
236771139.0 1.0 1811.3862676640995 1 0.9999983
394031081.0 1.0 1799.4703943041957 1 0.9999954
229944543.0 1.0 1800.0944281441575 1 0.9999897
230386284.0 0.0 1807.4485301170637 3 3.9181596e-14
453307914.0 1.0 1810.8689690639403 1 0.999988
331751703.0 0.0 1796.8047104553834 0 0.00028514006
397852641.0 0.0 1796.8057111521566 0 1.1862002e-06
83624867.0 1.0 1793.1809695342909 1 0.9987284
403589346.0 0.0 1808.8659920978157 0 3.042722e-12
229962453.0 0.0 1805.1987656531098 0 8.0022335e-09
77451620.0 0.0 1793.1412970394401 0 0.001919539
233631775.0 1.0 1810.3442917999716 1 1.0
21132407.0 1.0 1810.5161391118218 1 0.9999965
291885128.0 0.0 1793.1407965177805 0 0.0005097514
396662259.0 1.0 1795.6803962194879 1 0.9999699
65157585.0 0.0 1812.411829721337 0 0.00015634375
65567010.0 1.0 1793.2864762002182 1 0.9989662
256618816.0 1.0 1796.345000320135 1 0.999976
81681682.0 0.0 1805.2649589201103 0 0.00030469173
354314535.0 1.0 1797.8069494146985 1 0.9999966
387761739.0 1.0 1795.9290210356612 1 0.9999777
82337809.0 0.0 1807.7442959382374 3 5.044871e-11
233129338.0 1.0 1806.1773291844568 1 0.99985355
332987130.0 1.0 1810.6396891004842 1 0.9998963
375086642.0 1.0 1796.6816638824173 1 0.9914747
396065275.0 0.0 1797.3678374894841 4 1.776459e-17
362257499.0 1.0 1811.3243607411555 1 0.99945176
293062588.0 1.0 1797.557491132801 1 0.999972
13608268.0 0.0 1812.4108430335227 0 1.3568421e-06
400439788.0 1.0 1794.098317551337 1 0.99955446
241073627.0 1.0 1805.577577082282 1 0.99998635
184738802.0 1.0 1810.2658603764132 1 0.9999896
270021465.0 0.0 1798.992963040517 4 1.3171274e-27
272732649.0 0.0 1805.2013403410515 0 0.0021831568
403521659.0 1.0 1799.4943340592463 1 0.99998164
327789293.0 0.0 1805.223888783178 0 5.405089e-09
337831977.0 0.0 1806.2630561241247 2 1.0133734e-07
241041295.0 0.0 1805.2442142192274 0 3.1936667e-10
83723784.0 1.0 1796.1808436755323 1 0.9986797
255872513.0 1.0 1796.3270728107302 1 0.9985412
200798478.0 0.0 1796.6410385296904 0 0.00034736816
354631874.0 1.0 1810.2862442425517 1 0.999995
71847068.0 0.0 1798.4941864623443 3 2.6217638e-06
116491873.0 0.0 1795.2655975471725 4 5.931759e-07
201377451.0 1.0 1797.495076244141 1 0.9962186
278850856.0 1.0 1810.8266637714664 1 0.9999916
13080907.0 1.0 1794.8063843548812 1 0.99999905
245621333.0 1.0 1806.1193105147677 1 0.99999994
270021465.0 0.0 1809.4719008471532 4 8.9954657e-29
332867023.0 0.0 1799.7648850102476 4 1.0841564e-24
360019091.0 1.0 1796.3035294997092 1 0.99999875
372685312.0 1.0 1797.8456059969137 1 0.9997736
285666015.0 1.0 1798.8905429396043 1 0.9997853
246977327.0 0.0 1812.4744094831092 0 0.0013407866
321682751.0 0.0 1805.2416649100778 0 1.8953547e-06
356820922.0 0.0 1812.3447768461251 0 5.1143093e-06
444413183.0 1.0 1796.6809265615193 1 0.99999976
21099543.0 1.0 1796.0997369683816 1 0.999966
251408385.0 0.0 1812.348754510563 0 1.8355782e-10
184564324.0 1.0 1797.2867733375283 1 0.99989754
418257956.0 1.0 1798.2626370409678 1 0.9999551
317033818.0 1.0 1798.5986870835604 1 1.0
117171082.0 1.0 1794.2236914140992 1 0.9999971
444556331.0 1.0 1799.9311873431927 1 0.993597
229676244.0 0.0 1799.1780413822762 3 5.2896385e-06
445464041.0 0.0 1798.0984388751979 4 0.0
341814286.0 1.0 1797.17664548211 1 0.99999446
431770990.0 0.0 1808.8700634598358 0 0.0015386915
126063876.0 0.0 1793.141192593454 0 0.0017861589
396660371.0 1.0 1797.1180312464344 1 0.99997634
264217040.0 1.0 1795.136681259691 1 0.9999983
104063567.0 0.0 1795.5573570107952 2 1.9460396e-07
279599402.0 1.0 1796.2854226019494 1 0.99999136
427146378.0 1.0 1805.4916156682305 1 0.9998974
331508183.0 0.0 1809.1815044763528 0 0.0003412833
249926810.0 0.0 1805.2030437707604 0 0.0003677843
230089908.0 0.0 1807.9063268093882 4 1.6249076e-07
417747375.0 1.0 1810.638254861285 1 0.9999994
233081083.0 0.0 1806.2397856034104 2 2.1124085e-09
229448055.0 1.0 1810.9068767576146 1 1.0
301471635.0 1.0 1796.598901005396 1 0.99999887
192252686.0 1.0 1798.7659859185526 1 0.99999726
375087354.0 1.0 1798.660825421915 1 0.9999996
139579780.0 1.0 1796.2035964802865 1 0.9999964
452939430.0 1.0 1799.0978616420891 1 0.9999688
53619377.0 1.0 1810.514370738579 1 0.9999716
250580707.0 1.0 1806.161198309886 1 0.9993435
326972505.0 0.0 1812.3903137226064 0 8.5860314e-08
198281642.0 0.0 1810.4894589509702 4 7.866711e-17
249943198.0 0.0 1804.4323018198972 3 7.632239e-26
348143985.0 0.0 1808.5150271209825 4 0.0
198176425.0 0.0 1806.3224243371778 4 2.1081021e-16
54721478.0 1.0 1811.2437758259698 1 0.9986504
302626190.0 1.0 1798.8891544812968 1 0.99998605
375905602.0 1.0 1793.8672002652356 1 0.9999925
50686220.0 1.0 1795.5145448655578 1 0.9998466
94725941.0 0.0 1805.5372237238914 0 0.0006776184
412353000.0 0.0 1805.2419228515794 0 2.9336945e-07
367858067.0 1.0 1798.2633049104343 1 0.9999787
385100383.0 0.0 1805.4117716303779 0 1.5312115e-05
233010581.0 1.0 1795.761269198549 1 0.9999998
292610590.0 1.0 1797.2240411016078 1 0.9999993
229448778.0 1.0 1794.9072381239773 1 0.9997028
265344857.0 1.0 1797.7425505177478 1 0.99993026
381776262.0 1.0 1810.1827248083791 1 0.999912
388441669.0 1.0 1798.3673459324903 1 0.9999959
327575969.0 1.0 1796.2032623572009 1 0.9999969
377149295.0 1.0 1811.0547958118782 1 0.99991393
192463621.0 0.0 1795.7866362558902 4 4.7523777e-06
445410746.0 0.0 1805.5563970684336 0 5.2525844e-05
233083590.0 1.0 1810.802062602657 1 0.9999982
10703113.0 1.0 1795.9522532023384 1 0.9998981
13459076.0 1.0 1795.1395302690585 1 0.9999998
118441967.0 1.0 1794.1413863781838 1 0.99987334
285787142.0 0.0 1812.4107106660533 0 5.5415444e-07
34850354.0 0.0 1805.474735777938 0 0.00053964707
116011321.0 1.0 1798.4115501208792 1 0.99999917
389962222.0 0.0 1805.1977620948692 0 4.3009558e-07
77452335.0 1.0 1805.5371575111153 1 0.9999882
288626988.0 1.0 1805.8076025577375 1 0.99997145
368167374.0 1.0 1797.930304266439 1 0.9975159
11437325.0 0.0 1798.8274287726301 3 4.453167e-20
354285609.0 1.0 1797.1382567630258 1 0.9999902
470710327.0 0.0 1808.8054817359607 3 9.039446e-25
329246901.0 1.0 1810.3223793484287 1 0.99999857
271154012.0 0.0 1805.2221226627712 0 6.299012e-08
431774982.0 1.0 1795.7240417102391 1 0.9996584
343622286.0 1.0 1798.1579923878141 1 0.99953204
335798015.0 1.0 1793.5547908681267 1 0.9999999
453204506.0 0.0 1805.4732055547952 4 0.0
396569017.0 1.0 1798.5973373936351 1 0.9998596
373333633.0 1.0 1810.3259374257789 1 0.99999934
401360509.0 0.0 1798.3051836817874 2 4.9471688e-05
445532978.0 1.0 1795.306922444338 1 0.9999963
377099523.0 1.0 1806.385530370658 1 0.9999996
420176519.0 1.0 1798.8661020393072 1 0.99999964
191773499.0 1.0 1794.3281080499553 1 0.9999861
408703881.0 0.0 1800.3049032223294 0 1.943504e-05
336388834.0 0.0 1799.5130602233935 2 8.1616086e-23
381851378.0 1.0 1796.224424520847 1 0.9999814
374613118.0 1.0 1805.47350487868 1 0.9999891
286639654.0 0.0 1812.348471028445 0 0.0011489881
229442981.0 0.0 1793.4074076155373 0 4.93054e-13
250709705.0 0.0 1796.640541061268 0 0.00035019813
395921029.0 1.0 1794.7219610103234 1 0.99999124
280035355.0 0.0 1810.4491142872953 2 0.0002048008
63589145.0 0.0 1805.39105144902 0 0.00026886043
116554169.0 0.0 1805.203025822569 0 2.3234581e-05
284714811.0 0.0 1809.3893204002886 0 3.682938e-06
279193368.0 1.0 1794.8477918088283 1 0.99998534
312674703.0 0.0 1809.181169092963 0 4.1565534e-05
397234375.0 0.0 1808.9517543993584 0 6.7618486e-05
245499939.0 0.0 1805.2027680512908 0 0.00011910602
348025858.0 0.0 1812.3485162021618 0 9.6450785e-06
255866158.0 1.0 1793.5954458621168 1 0.99998903
52034693.0 0.0 1805.5352169254577 0 1.062103e-08
321593555.0 1.0 1811.1582276661275 1 0.99995613
13351941.0 0.0 1806.139935778488 3 1.0779809e-35
52424658.0 0.0 1810.9102761476959 2 0.00022250268
403752840.0 1.0 1800.3898683493203 1 0.9999751
373789515.0 1.0 1810.118899423207 1 0.9993608
230384685.0 0.0 1800.4067741462522 0 1.484116e-11
249943936.0 0.0 1805.22399523046 0 1.1729424e-07
186748649.0 1.0 1793.3076742979988 1 0.9991271
396242679.0 1.0 1796.951389353578 1 0.97613865
279946733.0 0.0 1808.847015627714 0 2.1765893e-05
233577148.0 0.0 1805.1984432992826 0 2.4170438e-08
352954787.0 0.0 1809.9078871862005 3 1.9310954e-25
202839485.0 0.0 1803.5575390211366 3 0.9981667
284900355.0 1.0 1799.4889805191915 1 0.9976411
50362642.0 1.0 1796.8481825379054 1 0.9994172
418141646.0 1.0 1805.5346878883133 1 0.9999975
137205922.0 0.0 1811.4929267095188 3 5.3592703e-14
117314262.0 1.0 1805.557287762772 1 0.9999944
272781956.0 0.0 1797.0104284367294 3 7.163225e-29
423031714.0 1.0 1799.9319494830488 1 0.9999352
349294422.0 0.0 1806.34975858412 3 2.553563e-07
264801594.0 1.0 1810.2860463152779 1 0.9694879
252171903.0 0.0 1805.5563696475112 0 4.8057722e-09
67461269.0 0.0 1809.1407930330793 0 0.00012879974
329000350.0 1.0 1794.4283075258472 1 0.9996448
375074029.0 1.0 1796.8902836850734 1 0.99998397
428475356.0 0.0 1798.7018506160632 2 6.2845267e-27
403588925.0 1.0 1797.991796660291 1 0.99996144
251151172.0 1.0 1793.827817169754 1 0.9999984
327440517.0 0.0 1809.0779467383177 4 4.2809017e-28
415959499.0 0.0 1805.4948730743513 0 0.0003473652
194665311.0 1.0 1794.3285615029856 1 0.9999891
417263187.0 1.0 1799.4100318403075 1 0.9999543
445302761.0 1.0 1793.7231768554032 1 0.9999881
117399022.0 0.0 1793.1405871796305 0 0.0011220521
282784786.0 1.0 1794.7642698924838 1 0.99996465
94606152.0 1.0 1793.5577079370785 1 1.0
396659113.0 1.0 1805.951596335579 1 0.9925537
403041738.0 1.0 1799.682280146853 1 0.9998521
396379847.0 1.0 1796.2643294461484 1 0.99988985
129864364.0 1.0 1793.4743645157412 1 0.9999996
338074475.0 0.0 1794.9507690808503 4 9.944389e-15
250536149.0 1.0 1810.9110674259566 1 0.99994755
399797086.0 1.0 1810.2425251773586 1 0.999141
312335439.0 1.0 1795.4938859177735 1 0.99936366
348672128.0 1.0 1797.3485082692184 1 0.9999896
377035146.0 1.0 1799.2424743098027 1 0.9998609
12648197.0 0.0 1795.0774128859891 2 6.115167e-11
388436487.0 0.0 1808.0547911775914 3 2.9398391e-28
245512147.0 0.0 1812.3486231477752 0 6.915788e-07
256197521.0 1.0 1798.3686497780964 1 0.95931417
354549068.0 1.0 1793.3487129174791 1 0.9999429
338374689.0 1.0 1799.304871760349 1 0.9999234
452995303.0 0.0 1809.1810726411227 0 0.0001327477
272823545.0 1.0 1794.847376284075 1 0.999992
258547695.0 0.0 1793.40788358569 0 2.7707958e-07
116208577.0 1.0 1796.4737369938855 1 0.9999859
202866994.0 1.0 1811.4323879277208 1 0.9999993
200939418.0 0.0 1810.016195050837 3 0.001013491
265198364.0 1.0 1794.4942971349778 1 0.9999196
21020936.0 0.0 1795.6621929174378 2 1.3033478e-05
256562158.0 0.0 1812.3863261733864 0 3.30911e-09
375853722.0 1.0 1796.3255744838664 1 0.9999962
453160344.0 0.0 1798.1812585337655 4 2.4517163e-10
1981434198.0 0.0 1801.2623974195965 3 1.6980776e-27
301163695.0 1.0 1805.5571896778868 1 0.9998141
428166842.0 1.0 1796.2237493891967 1 0.99999833
184685038.0 1.0 1795.4327396829206 1 0.9997101
424277217.0 1.0 1797.3481750139442 1 0.99992245
229676244.0 0.0 1797.5738474573968 3 6.5216213e-06
410437804.0 0.0 1797.7237335427963 4 3.895617e-22
322338950.0 1.0 1798.6818467700593 1 0.9999988
260030759.0 1.0 1799.0569397776133 1 0.9992771
229800570.0 0.0 1808.8653270850516 0 2.03776e-07
418372588.0 1.0 1797.388480070186 1 0.9997227
402831644.0 1.0 1797.2215934673152 1 0.9972859
377190161.0 0.0 1804.4065553135092 3 5.887358e-24
264104303.0 0.0 1793.1374288490158 0 2.2682434e-08
201039420.0 1.0 1793.2867644565692 1 0.9836984
236778540.0 1.0 1805.7397367346734 1 0.55339444
233057220.0 1.0 1811.531196253557 1 0.99999034
298734307.0 0.0 1809.8019731863108 3 3.501286e-33
198390247.0 1.0 1810.3430649279285 1 0.99993455
420500461.0 0.0 1795.410056120886 3 0.003116728
252833808.0 1.0 1799.828075093769 1 0.9997658
272532760.0 1.0 1806.1179986872817 1 0.99983174
378763922.0 1.0 1810.5971342864602 1 0.9999157
354382470.0 0.0 1795.846617740543 2 4.07182e-09
235904292.0 1.0 1811.1789772720686 1 0.9999939
320384437.0 0.0 1793.410338391342 0 5.128998e-08
427383588.0 0.0 1812.3464861552218 0 1.2129503e-06
389691282.0 0.0 1797.8478211475156 0 1.0932625e-06
297647356.0 0.0 1795.9099633554085 3 3.2461714e-05
29053989.0 0.0 1805.8081505089542 3 0.0056685824
275420983.0 0.0 1793.325090454353 0 1.2024718e-08
269238622.0 0.0 1807.1177315405412 3 6.013444e-32
387997793.0 1.0 1806.3872831891185 1 0.9998283
238776669.0 0.0 1805.3285077903288 0 5.002259e-06
332475486.0 0.0 1797.551527680958 2 3.5600156e-06
402205653.0 0.0 1809.161505818859 0 0.0008239065
256352113.0 0.0 1808.179197240983 3 2.405834e-20
199716385.0 0.0 1799.9889727292546 4 1.3356998e-15
348672078.0 1.0 1796.2443298913545 1 0.9999847
452943612.0 0.0 1812.6601300337122 0 0.00068662316
375845531.0 0.0 1798.6381181308013 2 1.9900103e-17
428418890.0 1.0 1797.5768132887208 1 0.99999213
286410310.0 1.0 1797.2231597931218 1 0.99997157
237211389.0 0.0 1794.7410905757965 2 1.4863951e-13
229650991.0 0.0 1812.532657360543 0 0.00021523469
189674221.0 0.0 1805.3490051747926 0 0.0009167137
396339551.0 0.0 1798.6599476993526 3 2.6806887e-05
265292755.0 1.0 1799.5359623024513 1 0.9999414
34712929.0 1.0 1794.0164417649598 1 0.9996792
184564097.0 1.0 1798.0992524876883 1 0.9999867
353004614.0 1.0 1794.6808237063062 1 0.99999636
34648966.0 1.0 1811.2455207281587 1 0.99996126
236904806.0 1.0 1811.5115252374085 1 1.0
441742657.0 0.0 1810.2194823090963 2 2.6388489e-11
308445921.0 0.0 1800.140425688445 0 5.6980382e-11
101303705.0 0.0 1810.620496796502 2 0.0003104764
283837124.0 0.0 1809.180861139211 0 2.0265286e-06
81912531.0 1.0 1810.785655977888 1 0.99985105
229676244.0 0.0 1799.698883403632 3 4.1806924e-08
240897127.0 1.0 1811.53567927127 1 0.99989474
82243350.0 1.0 1811.1398647246192 1 0.99999964
200925355.0 0.0 1794.9326412684084 2 1.5422878e-05
84220093.0 0.0 1812.3889334512166 0 1.2588157e-11
370849212.0 1.0 1805.7025990313944 1 0.99997973
366558772.0 1.0 1794.929568518172 1 0.9999554
407395720.0 1.0 1805.8468136657123 1 0.9999991
130058767.0 0.0 1805.474417449316 0 0.00016581477
73449551.0 1.0 1794.0162882862905 1 0.99996024
178042425.0 1.0 1798.8494968528373 1 0.99966097
353737369.0 1.0 1806.114297761924 1 0.9999993
396339551.0 0.0 1801.430830699638 3 2.3113929e-08
65436901.0 1.0 1797.3284320704151 1 0.9999554
331933530.0 1.0 1798.9723222241632 1 0.999997
305294281.0 1.0 1805.699549847312 1 0.9999297
240985351.0 1.0 1793.306889828787 1 0.99999547
370269511.0 1.0 1795.4316795647726 1 0.9999919
302239138.0 0.0 1805.2030386434037 0 2.8510092e-06
178175702.0 0.0 1808.8495424794078 0 8.996937e-05
256577928.0 0.0 1805.2210181634562 0 5.291542e-10
219115569.0 1.0 1797.7192372994264 1 0.9999382
292517014.0 1.0 1798.2032539792979 1 0.9999543
264155741.0 0.0 1812.4084457163501 0 2.5830786e-08
240911239.0 0.0 1806.3275161241295 3 1.2065627e-28
50519243.0 1.0 1811.4525227616953 1 0.9999648
399506713.0 0.0 1805.2425391066665 0 2.328537e-10
389842621.0 0.0 1805.514625962536 0 9.4347615e-06
375853985.0 0.0 1810.9295774345828 3 1.1133803e-19
301910192.0 0.0 1805.224067310339 0 2.028136e-07
198420520.0 1.0 1811.4681231387342 1 0.99999404
390021728.0 0.0 1804.4060906731713 3 2.1229752e-31
236786470.0 1.0 1798.3024141378053 1 1.0
368409443.0 0.0 1808.8682467546148 0 5.7557867e-07
374134059.0 0.0 1808.88974879577 4 1.1513009e-14
235950428.0 1.0 1806.1788930765272 1 1.0
292726632.0 1.0 1799.3073563411017 1 0.99996245
284455934.0 1.0 1798.9069301982202 1 0.9999842
403037785.0 0.0 1810.578105096742 3 5.4106875e-25
198280388.0 0.0 1806.7182460876313 3 0.0
138019175.0 1.0 1811.0372244800142 1 0.99999404
272533177.0 1.0 1797.5764935789434 1 0.99999547
431767412.0 1.0 1796.599171145075 1 0.99998754
352424791.0 0.0 1794.3474839135397 0 9.405141e-05
219791470.0 1.0 1810.6147214918694 1 0.9999994
200731857.0 1.0 1798.4327595613368 1 0.9999959
271838045.0 0.0 1793.5555138890322 0 6.3112564e-11
420114364.0 1.0 1794.9701215034859 1 0.9968632
251296491.0 0.0 1812.348672722044 0 0.0008849857
400344508.0 1.0 1799.7640229210392 1 0.9999605
418372795.0 1.0 1794.7633946130704 1 0.9999969
250496363.0 0.0 1808.869576960257 0 0.015564018
353897607.0 1.0 1810.3225458152153 1 0.9999999
82237819.0 1.0 1796.4313989888299 1 0.99999446
427447848.0 1.0 1805.2840630771816 1 0.9999968
409530625.0 1.0 1796.7033515639457 1 0.9999746
192734741.0 1.0 1798.0990598340006 1 0.99999845
233658981.0 1.0 1798.280984393248 1 0.9990449
233006770.0 1.0 1796.6361290653645 1 0.99999
357127803.0 0.0 1812.343377575575 0 0.00030670268
317034907.0 1.0 1805.390504582595 1 0.99999297
283144397.0 0.0 1812.7017584145124 0 0.0014698306
186746448.0 1.0 1805.9535716361174 1 0.9999999
418256934.0 1.0 1798.8667995782553 1 0.9998033
427873899.0 1.0 1797.513586866193 1 1.0
265195002.0 1.0 1798.8069471235576 1 0.9999983
10697454.0 1.0 1797.5981993607852 1 0.9999113
331725668.0 0.0 1807.8260292615596 4 6.186974e-20
238702430.0 1.0 1794.890818141917 1 0.99985456
224605072.0 0.0 1812.2181894154203 3 6.6061744e-29
139353786.0 0.0 1796.6410865689545 0 0.0011258611
347577498.0 0.0 1805.3066922744165 0 4.1308955e-05
400129376.0 1.0 1794.3260021015124 1 0.9999901
418257102.0 0.0 1800.012632498608 3 1.2057125e-19
421388495.0 0.0 1805.5560090261213 0 1.0920146e-07
236968622.0 0.0 1812.3658009859112 0 6.3373127e-06
264998273.0 1.0 1798.9735259743197 1 0.9988049
372353556.0 1.0 1799.619550836338 1 0.99988526
400828636.0 1.0 1796.7023590036176 1 0.99997574
65491343.0 1.0 1806.2869139373768 1 0.99975336
12745517.0 1.0 1794.4104260408192 1 0.9999114
396573232.0 1.0 1798.0575603382902 1 0.9999926
250529744.0 1.0 1798.7655503938227 1 0.9992226
240915412.0 1.0 1797.8900624170865 1 0.99992037
177824144.0 0.0 1796.641178341163 0 0.0013459636
347946105.0 1.0 1799.452608968592 1 0.9999432
200879107.0 1.0 1793.8700470794067 1 0.9999992
20706163.0 1.0 1805.8283612091993 1 0.99999505
200735595.0 1.0 1796.5577984490271 1 0.99997836
230379483.0 0.0 1805.1984831619338 0 5.4914817e-10
240997801.0 0.0 1805.24430072468 0 1.1375852e-06
241067505.0 1.0 1799.7028997142506 1 0.9999616
378532032.0 1.0 1799.6596720555287 1 0.99999964
406683158.0 0.0 1793.4093968498235 0 1.3215268e-11
308366892.0 1.0 1794.8278748219195 1 0.9999961
259965108.0 1.0 1797.637481444359 1 0.99998677
404393926.0 0.0 1793.3252273105948 0 3.5473815e-05
387993489.0 1.0 1795.2624653561106 1 0.99725425
230021070.0 1.0 1799.1571057965837 1 0.99233574
353779523.0 1.0 1805.2393254133958 1 0.9999982
280068832.0 1.0 1806.011623680773 1 0.9999473
333068970.0 0.0 1805.53576189593 0 0.00031557918
427728264.0 1.0 1811.0550422907331 1 0.99999464
10510046.0 1.0 1796.806309678839 1 0.833293
445375820.0 0.0 1805.5564580731875 0 1.3170095e-08
418083487.0 0.0 1805.265922804144 0 3.876392e-05
275146861.0 1.0 1799.0970435376244 1 0.9991062
309057363.0 1.0 1799.327801389707 1 0.9999986
369141038.0 1.0 1796.0974001888937 1 0.99998426
241089580.0 1.0 1797.5569519610262 1 0.999986
139557796.0 0.0 1805.4952266253554 0 0.0021397574
331359894.0 1.0 1798.2424903546412 1 0.99965024
235981616.0 1.0 1811.1790779101684 1 0.9999086
327296929.0 1.0 1806.036250143449 1 0.9998895
229437475.0 0.0 1793.4072223877902 0 2.9429518e-06
236876335.0 1.0 1797.7201688187909 1 0.99999976
245501899.0 0.0 1809.1194705183495 4 1.5879324e-30
370595387.0 1.0 1811.1192281297685 1 0.9999847
285230292.0 1.0 1798.7019760120359 1 0.99999964
397925867.0 0.0 1797.5977388900449 2 0.00075980165
354540223.0 0.0 1795.077960687371 2 5.543086e-22
229701055.0 1.0 1805.886331381811 1 0.9999839
233051156.0 1.0 1806.2811530642368 1 0.9973906
230392566.0 1.0 1797.4694420240385 1 0.99998516
117661728.0 0.0 1808.8490726508344 0 8.657474e-05
233576783.0 0.0 1808.8651273031862 0 4.5764764e-06
233079659.0 0.0 1809.906490574314 3 6.394144e-08
292727416.0 1.0 1811.098888508551 1 0.9998405
177970067.0 1.0 1794.057615853631 1 0.99991554
428516141.0 1.0 1794.8280128197746 1 0.99970794
378194000.0 0.0 1799.3887675271599 4 2.4520934e-30
137205922.0 0.0 1798.2844261224593 3 5.7523336e-14
94672604.0 0.0 1800.1412787648137 0 1.3509324e-06
389971114.0 1.0 1810.843678711594 1 0.99999654
264296742.0 0.0 1812.3667856373793 0 0.00025299616
377251905.0 1.0 1796.844137353487 1 0.9999995
20874349.0 0.0 1793.1409366185358 0 0.0013066144
321451090.0 1.0 1797.241726201947 1 0.9999648
445367333.0 1.0 1806.1604570586267 1 1.0
407416720.0 0.0 1805.2238762630568 0 4.395983e-05
354779012.0 1.0 1811.0979539050736 1 0.99988204
353898012.0 1.0 1811.4474632695294 1 0.999639
388581730.0 0.0 1796.6378655280562 0 0.00027853402
417457297.0 0.0 1805.285306102857 0 7.83201e-05
67424526.0 0.0 1809.1199127303291 0 0.0011096083
352279989.0 1.0 1798.3891181282427 1 0.9999891
331207186.0 1.0 1798.3481972390757 1 0.9997323
245553108.0 1.0 1796.6402127513945 1 0.9999999
358947971.0 0.0 1796.639258930189 0 7.106046e-05
258546796.0 1.0 1793.8245683117639 1 0.9999668
370510256.0 1.0 1794.410820881051 1 0.9999545
84160930.0 1.0 1810.222455164016 1 0.99999964
434437576.0 0.0 1809.0132814872973 4 5.1897525e-31
418262086.0 0.0 1805.7626240524864 4 6.0200023e-34
417547230.0 1.0 1795.8057806523968 1 0.9998534
331607710.0 1.0 1806.3063292782365 1 0.999987
229970951.0 0.0 1796.9072039732844 0 3.205775e-05
326537212.0 0.0 1797.0765990353746 4 2.5891025e-26
269240531.0 1.0 1799.2428753411398 1 0.9965009
275692962.0 1.0 1798.344433869687 1 0.99999833
219741444.0 0.0 1812.5098946821504 0 0.00063772773
192735590.0 1.0 1798.994934884875 1 0.9999457
84167346.0 0.0 1812.6806638860999 0 2.2456523e-05
322204642.0 1.0 1795.4710897857751 1 0.99982375
116849668.0 1.0 1794.4531471046819 1 0.9998715
387627542.0 1.0 1798.7831733921635 1 0.99993914
49941084.0 0.0 1808.9107895413313 0 1.4815985e-05
279705345.0 1.0 1796.7011545626056 1 0.99993235
316623082.0 1.0 1796.473553287928 1 0.9999559
77494370.0 0.0 1796.6412913747904 0 0.0015073647
177825946.0 0.0 1805.224495875515 0 0.0005783896
129909801.0 1.0 1797.3077145270179 1 0.9999997
445286253.0 0.0 1812.8060952547257 0 2.9525201e-05
423948019.0 0.0 1806.1168822492577 2 1.7575813e-14
346781468.0 1.0 1794.0994261590604 1 0.99999136
129820966.0 0.0 1809.1618207039064 0 0.0005789626
387408582.0 1.0 1795.4705780468557 1 0.99995613
376547112.0 1.0 1811.138020474952 1 0.9999328
12560231.0 0.0 1807.4313875911103 4 2.6883503e-34
369091357.0 1.0 1795.2430833739875 1 0.99999356
71926761.0 1.0 1796.890116292965 1 0.99998957
250858590.0 1.0 1794.8071444716888 1 0.9999587
438262949.0 0.0 1808.9330959971892 0 0.0003283973
230380918.0 0.0 1808.844467868497 0 2.409921e-05
453011301.0 1.0 1800.056339836613 1 0.9999813
65689042.0 1.0 1796.3491201844834 1 0.99980223
250832458.0 0.0 1797.5988781845151 2 1.4025292e-06
331814268.0 0.0 1808.8471022787096 0 0.00015263946
388040303.0 1.0 1796.6583103876135 1 0.999768
29058618.0 1.0 1795.8497035294035 1 0.99999255
269609504.0 0.0 1794.6386951025077 3 7.155182e-14
199715780.0 1.0 1810.5513137413902 1 0.99999857
359592055.0 0.0 1806.4306928148685 4 5.9997987e-21
428256292.0 0.0 1812.4323323630747 0 0.00015764897
441734144.0 0.0 1811.2407495042364 3 5.9020654e-31
351390776.0 1.0 1798.0557621339644 1 0.99999964
200876634.0 1.0 1794.8076029816584 1 0.9999953
445342657.0 0.0 1812.7020449283907 0 4.066161e-05
403337222.0 1.0 1794.827029103823 1 1.0
400438109.0 1.0 1797.4316139650473 1 0.99998236
368965412.0 0.0 1805.2014667049857 0 0.00021711174
388433160.0 1.0 1798.4088571183515 1 0.9999943
256640207.0 0.0 1800.0335945321667 3 1.8329436e-29
280414997.0 1.0 1796.014417875679 1 0.99985063
233541199.0 0.0 1812.3856365303948 0 1.2485992e-09
138021514.0 0.0 1805.5788337919844 0 0.00027477593
377165286.0 0.0 1812.3646585731121 0 3.0108552e-06
428774625.0 1.0 1798.2217922403715 1 0.99991846
235710948.0 1.0 1796.1992504658588 1 0.9998989
297780648.0 1.0 1797.826754580543 1 0.9999944
265472792.0 1.0 1798.6192917688113 1 0.9999506
230003870.0 0.0 1793.4071965375026 0 0.0004070639
22735738.0 1.0 1797.1622709345945 1 0.9996817
359042902.0 1.0 1799.9515311803088 1 0.99998134
403749662.0 1.0 1805.9735496406743 1 0.99999994
117868677.0 1.0 1795.578000004423 1 0.99987125
117270306.0 1.0 1793.5987523058357 1 0.9999549
332809791.0 1.0 1810.8063774114141 1 0.9990202
394121889.0 0.0 1805.1991611912867 0 0.00011808101
21000161.0 1.0 1797.6830115496539 1 0.9999281
323143121.0 0.0 1796.5125879190934 4 1.2731722e-24
410550417.0 1.0 1805.6820824843326 1 0.9999978
421684975.0 1.0 1793.9522129278491 1 0.9993447
420579981.0 1.0 1794.3049845149321 1 0.9999238
418175781.0 1.0 1805.9931471203297 1 0.9999973
240868938.0 1.0 1797.5568478186278 1 0.9999979
285129764.0 0.0 1812.6808148236323 0 4.6630553e-06
367681735.0 0.0 1800.3443080651336 3 1.7604667e-29
406635762.0 1.0 1798.6177935728526 1 0.9999965
12398756.0 0.0 1810.3480032197658 4 4.5429876e-36
367079240.0 1.0 1805.49165309122 1 0.9707423
418257102.0 0.0 1810.9083822579112 3 1.10063436e-14
445140895.0 1.0 1798.8063443715423 1 0.9999995
293187737.0 1.0 1799.1617758834968 1 0.9998267
219846355.0 0.0 1793.177327385378 0 2.0552154e-05
348441003.0 1.0 1796.1192323855196 1 0.999958
368888154.0 0.0 1809.3682343403423 4 2.1211735e-28
73690767.0 1.0 1798.787102487598 1 0.9999707
272226485.0 0.0 1808.8679596023376 0 6.0650073e-05
383647416.0 0.0 1793.4067802329866 0 0.00035524467
362964028.0 1.0 1811.2425311585491 1 0.99999994
415975425.0 1.0 1797.4742389401536 1 0.9999864
240899568.0 0.0 1812.3690451923478 0 6.203275e-06
348306905.0 0.0 1798.6195176825954 4 2.1730466e-16
258632574.0 0.0 1798.7203271500957 2 6.7213235e-11
305430992.0 1.0 1810.5562923717737 1 0.999631
387632808.0 1.0 1793.491515268259 1 0.9860025
240823702.0 1.0 1799.265105630748 1 1.0
178046393.0 1.0 1793.9326127256625 1 0.9999906
431986770.0 1.0 1796.1614898948776 1 9.566773e-05
306188450.0 0.0 1796.7024807030236 4 2.099639e-05
196816906.0 1.0 1810.4734371816244 1 0.99999297
445643908.0 0.0 1812.34859859745 0 8.559567e-10
327140909.0 0.0 1809.0777904626602 0 1.1639066e-05
280032323.0 1.0 1810.2617611512821 1 0.99997157
424390026.0 0.0 1796.3031418768867 4 0.0029045483
334171233.0 1.0 1805.5961272366915 1 0.9993943
321823144.0 1.0 1798.5334363915993 1 0.99999666
236863134.0 1.0 1797.136832556493 1 0.9999999
265292969.0 1.0 1810.5568570329663 1 0.9999951
285938556.0 1.0 1797.8281495606009 1 0.9995474
278855364.0 0.0 1805.2851677040535 0 8.0467737e-07
53714098.0 1.0 1798.743850751158 1 0.99999076
317034358.0 0.0 1808.8488635436033 0 0.00011949974
417644996.0 1.0 1805.4916209705161 1 0.9999975
327189822.0 0.0 1796.6406522977836 0 0.0008535315
445486095.0 0.0 1805.202675943315 0 6.064743e-11
250473367.0 0.0 1812.4944896649815 0 9.121476e-09
192298039.0 1.0 1794.849226982665 1 0.9999515
219813095.0 1.0 1797.4271625187703 1 0.9999909
322345879.0 1.0 1797.557013393067 1 0.9997684
184734764.0 0.0 1812.7657641796977 0 0.00013980475
396166613.0 1.0 1794.4098695936211 1 0.99986774
10869811.0 1.0 1811.3689333562577 1 0.9999944
433351421.0 1.0 1793.8286402969475 1 0.999728
118300416.0 1.0 1799.3080022940692 1 0.8932847
396484827.0 0.0 1808.8469735524072 0 0.00023075499
50939427.0 0.0 1805.285766350073 0 6.7646226e-07
320599604.0 1.0 1799.2438228043643 1 0.99997073
245633586.0 1.0 1795.2653230701662 1 0.99952716
252114029.0 1.0 1798.9732185520757 1 0.9996218
384986656.0 1.0 1796.1409012023953 1 0.9999498
34821228.0 1.0 1798.0373031952952 1 0.99999845
411582026.0 0.0 1796.8254074813126 0 5.865136e-05
259252192.0 0.0 1805.2240434765602 0 2.6680277e-06
229446550.0 1.0 1798.0738012495183 1 0.99992585
177763019.0 1.0 1799.182844935019 1 0.99999964
250970173.0 0.0 1812.3487964428841 0 9.5970545e-06
65438359.0 0.0 1805.2660407951194 0 0.0019072954
320606769.0 0.0 1809.201837164036 0 7.76052e-05
202872142.0 1.0 1810.5574121427246 1 0.99981636
236786470.0 1.0 1805.760618561149 1 0.99999523
233721760.0 0.0 1812.3858506027295 0 6.405716e-07
326626920.0 0.0 1799.3890558839394 2 1.9493975e-06
280322091.0 1.0 1795.9100007835618 1 0.99998903
444722592.0 0.0 1797.1394621302745 2 1.6075301e-19
236905036.0 0.0 1812.3448260280668 0 3.9157217e-07
450148963.0 1.0 1805.3902645160001 1 0.99595445
445431084.0 0.0 1797.1398615985008 4 9.648834e-13
353779320.0 1.0 1810.5725379091461 1 0.99999994
423033684.0 1.0 1797.5568753595737 1 0.99999475
452944756.0 0.0 1812.680981147821 0 3.2906334e-07
224597631.0 1.0 1798.218044378608 1 0.99991125
137058189.0 0.0 1805.2013375748986 0 4.7826265e-06
359130550.0 0.0 1796.9099164817262 0 1.0063463e-12
332268572.0 0.0 1812.7022152118602 0 6.702485e-05
129980433.0 1.0 1795.2452400617492 1 0.9999992
434717759.0 0.0 1808.8674865611422 0 4.2613347e-06
22812378.0 1.0 1796.4539499732252 1 0.9995495
259298098.0 1.0 1795.6825468492357 1 0.99860644
192652602.0 0.0 1808.9325341232475 0 0.0018567727
390927550.0 1.0 1794.597947393962 1 1.0
403589069.0 0.0 1798.9501120382934 2 0.0004409298
331612419.0 0.0 1805.5355924596354 0 8.28987e-06
375908419.0 0.0 1812.3878910238798 0 1.4621024e-07
322058806.0 1.0 1799.4501754267221 1 0.9999002
240983198.0 0.0 1810.0150352669527 4 6.2753467e-21
359038006.0 1.0 1799.7224275658562 1 0.99998003
445384709.0 1.0 1795.598125333578 1 0.99990433
407928263.0 1.0 1796.8704471745916 1 0.9999317
299436180.0 1.0 1793.3697033568678 1 0.99999946
240990984.0 0.0 1805.2025990288132 0 0.0001353463
433205945.0 0.0 1798.5161103815333 2 2.9139667e-07
444556943.0 1.0 1806.4311491717972 1 0.99998224
250554286.0 0.0 1797.7238377600613 2 1.2082922e-17
326820184.0 0.0 1805.2223713643639 0 0.00040466586
67520143.0 1.0 1794.3701919027746 1 0.9999788
275689069.0 0.0 1797.615327188684 2 1.5931508e-07
403589370.0 1.0 1798.4703036307078 1 1.0
368168742.0 1.0 1805.3469625013604 1 0.999996
201262982.0 1.0 1795.8284213029199 1 0.99991053
255971847.0 1.0 1798.2018066885717 1 1.0
219792306.0 1.0 1797.5105181477788 1 0.99982643
353878210.0 0.0 1797.9684450135992 0 0.0006845395
327399046.0 1.0 1800.5990334545318 1 0.99999565
229972471.0 1.0 1795.4904887860516 1 0.9999568
399722259.0 0.0 1808.8466494099548 0 6.246569e-09
427649378.0 0.0 1805.2425496139665 0 2.2930024e-06
452963896.0 0.0 1809.1603250804412 0 2.76036e-05
240823834.0 0.0 1796.6401531013503 0 3.213657e-05
237122593.0 1.0 1798.364296214091 1 0.9997722
399544712.0 1.0 1798.307458906055 1 0.9999836
194780717.0 1.0 1806.411992702822 1 0.99983716
10874565.0 0.0 1795.1190290692398 2 0.030171024
63466196.0 0.0 1809.1825476185036 0 0.00015216689
372393451.0 0.0 1796.8254706837884 0 4.1000176e-06
184588244.0 1.0 1811.286599313574 1 0.9999026
352840020.0 0.0 1797.847643576118 0 0.0007766889
420175919.0 1.0 1798.511881825264 1 0.99999565
186747150.0 1.0 1794.245122194051 1 0.9999885
259000751.0 1.0 1794.178185349627 1 1.0
101130328.0 1.0 1799.6829524031461 1 0.9999886
94371127.0 0.0 1793.1409865611108 0 0.0007165266
200735346.0 0.0 1810.6204457520187 4 0.026416603
236982088.0 1.0 1797.741065234148 1 0.99999934
201187252.0 1.0 1796.6619464022738 1 0.99999946
54375555.0 1.0 1799.3480168906513 1 0.9999989
316848292.0 1.0 1797.7028121308701 1 0.9999974
229751802.0 0.0 1807.8238126046358 3 5.274617e-31
309055202.0 0.0 1805.2443419176961 0 3.6671943e-05
317034907.0 0.0 1809.015544069288 0 1.7449125e-06
219801998.0 1.0 1798.364535718718 1 0.9999022
240821683.0 1.0 1811.3689228495016 1 0.99999857
312543164.0 0.0 1809.2020461488646 0 7.684591e-11
202868554.0 1.0 1795.515905799898 1 0.9999718
265309718.0 0.0 1797.9916991463986 4 8.6863336e-11
250632049.0 1.0 1794.182285959762 1 0.9671596
389535695.0 1.0 1794.1812872715689 1 1.0
402978255.0 0.0 1812.3466534144354 0 1.4883379e-05
445191896.0 1.0 1796.7856815772955 1 0.9999973
433693084.0 1.0 1811.4297595781372 1 0.99998003
293187737.0 0.0 1809.0783390205306 0 0.00010356425
401320381.0 1.0 1806.1384353514716 1 0.9999998
104194295.0 0.0 1808.8490999821554 0 0.0013536118
336390873.0 0.0 1793.3256784680075 0 0.00010197165
271529021.0 0.0 1805.3678817107077 3 5.0374174e-23
298601243.0 1.0 1796.8848456376886 1 0.99995863
445276351.0 1.0 1796.0357063055844 1 0.99996436
297772267.0 0.0 1810.9729865460972 2 7.714336e-13
358940756.0 0.0 1805.2007988710598 0 6.266426e-09
184736890.0 1.0 1795.0367776161984 1 0.99999636
308285846.0 1.0 1799.8278962938384 1 0.99999607
370275227.0 1.0 1797.9523728883667 1 0.9999999
219900027.0 0.0 1800.7191677484302 3 8.612324e-38
139557796.0 1.0 1798.9535867435038 1 0.999893
139372111.0 1.0 1795.0578398357611 1 0.99992037
301644443.0 0.0 1807.8072730102715 4 4.026876e-21
302686987.0 0.0 1797.8478603854155 0 0.001222745
259967623.0 0.0 1800.4707649611764 3 0.00079260865
298649091.0 0.0 1810.8429434897353 2 1.3876713e-19
52520666.0 0.0 1800.1395294707577 0 0.00012734857
249889812.0 1.0 1798.2029550000286 1 0.99998784
272924055.0 1.0 1811.2637512805145 1 0.9999961
417852639.0 1.0 1799.493131753411 1 0.9999884
356870780.0 0.0 1808.8443290055043 0 6.765785e-06
302686987.0 1.0 1811.0771683725382 1 0.9999854
403037785.0 0.0 1803.7865937442991 3 1.455505e-05
368965706.0 0.0 1799.513954472535 2 3.071163e-20
13192925.0 0.0 1810.0565822123344 4 2.3783403e-35
252190282.0 1.0 1806.0773730246242 1 0.9998731
229913022.0 0.0 1806.698716138377 4 6.201596e-14
420545724.0 1.0 1799.305941110229 1 0.99999934
347687401.0 1.0 1798.306864130756 1 0.99976873
219114561.0 1.0 1796.0527454756625 1 0.99973667
269038679.0 1.0 1795.763709671738 1 0.9999869
251683364.0 1.0 1805.4946396225841 1 0.999985
264180515.0 0.0 1808.9500752707825 0 0.0010206205
202840363.0 1.0 1797.4950259457307 1 0.99978036
250740899.0 1.0 1796.598801441452 1 0.9996599
309053464.0 0.0 1812.3483639952515 0 6.1208634e-06
370950692.0 0.0 1812.3484215703966 0 5.7011235e-08
13532679.0 1.0 1796.973300638469 1 0.9999904
289721816.0 1.0 1810.280426283892 1 0.9997033
285936391.0 1.0 1805.9533008799526 1 0.99955213
444750991.0 1.0 1799.0147501444505 1 0.9999969
352901408.0 1.0 1795.3076234153962 1 0.99998486
233077756.0 1.0 1799.4062098355616 1 0.9997704
10429729.0 1.0 1810.4521830439835 1 0.9999325
399741073.0 1.0 1793.9299299772456 1 0.99966305
409524618.0 1.0 1798.744954213117 1 0.9998993
94371127.0 0.0 1800.1411819824302 0 2.1801001e-05
198187903.0 1.0 1800.0098782886355 1 0.99988514
272930196.0 1.0 1795.8264891379106 1 0.9999854
249943198.0 0.0 1796.4531082747594 3 4.127641e-29
240868409.0 1.0 1805.8900031566207 1 0.9999999
331782770.0 0.0 1812.7020885291488 0 3.508845e-08
184736218.0 1.0 1794.7659450242295 1 0.99999356
431775050.0 1.0 1793.8073266329313 1 0.9999999
363807725.0 0.0 1812.367960921919 0 0.00016111169
321914908.0 0.0 1812.3457475361786 0 0.00044275605
311939072.0 1.0 1806.1187085198512 1 0.99998885
452991916.0 1.0 1793.1604092135947 1 0.99885416
452881542.0 1.0 1794.5768705443722 1 0.999999
284142139.0 0.0 1797.806091986261 4 0.0
396111475.0 0.0 1808.8475149114302 0 5.668336e-05
433784463.0 0.0 1811.429764469223 2 8.656876e-11
200792606.0 0.0 1803.724482851526 3 0.27695018
370268649.0 0.0 1809.1815669387922 0 4.7607686e-05
71697381.0 1.0 1794.077683930537 1 0.99976104
422614706.0 1.0 1799.7635758323 1 0.9959753
399787877.0 1.0 1797.6147171842713 1 0.99891603
378193958.0 0.0 1797.0346293647015 0 6.065111e-08
219895512.0 1.0 1793.8647840391686 1 0.99959964
390579360.0 1.0 1811.3480859506878 1 0.99997795
338164484.0 1.0 1795.1591459856693 1 0.9997908
398325962.0 0.0 1805.200550814267 0 8.971623e-08
51022448.0 1.0 1796.1398835840937 1 0.99953717
379089935.0 1.0 1805.847442928807 1 0.9999532
20896006.0 0.0 1809.099080396834 0 0.00037997076
301104468.0 1.0 1805.8906168627427 1 0.9999882
101302325.0 0.0 1809.8497205244614 3 0.0009203895
335154630.0 1.0 1796.0546753152007 1 0.9999994
373132386.0 1.0 1798.1385705144353 1 0.9999506
317844724.0 0.0 1806.3674890471664 4 2.0574499e-35
353725532.0 1.0 1811.3687602246794 1 0.9999994
444720882.0 0.0 1805.306163382561 0 4.9463477e-05
284439068.0 0.0 1798.7228087193164 2 5.1643372e-08
10971083.0 1.0 1795.9313693130503 1 0.99999875
426111554.0 1.0 1797.2005144549457 1 0.99997854
280033934.0 0.0 1799.1784954385457 3 2.3779642e-31
256640603.0 1.0 1797.8461119123085 1 0.9999986
240764205.0 0.0 1809.2021210348034 0 0.00013498518
354784530.0 1.0 1799.5767478538164 1 0.99999297
308119959.0 0.0 1793.9943398270902 2 3.1171782e-12
245421634.0 1.0 1797.7234763916952 1 0.9999399
388563844.0 1.0 1796.221414972641 1 0.9999706
258679521.0 1.0 1799.7224270032184 1 0.999775
427650949.0 0.0 1808.9924815504216 4 0.0
233547029.0 0.0 1805.3231798318486 0 1.8339745e-07
85401836.0 0.0 1805.2663177122981 0 0.0047573126
230001186.0 1.0 1806.1568052581363 1 0.9999989
332567333.0 0.0 1806.6398366968315 4 8.5726953e-23
270014077.0 1.0 1795.6804274934436 1 0.99999774
229748770.0 1.0 1794.9903888768338 1 0.9998894
229676244.0 0.0 1805.1156380875116 3 2.8587946e-22
184590042.0 0.0 1805.5783167027616 0 1.6205572e-06
427800065.0 0.0 1805.2010336485923 0 2.0112508e-12
12905830.0 0.0 1812.4107988978008 0 2.103083e-07
200937294.0 0.0 1796.6409477038753 0 0.001191693
368441497.0 1.0 1811.201114504874 1 0.9999985
327294904.0 1.0 1794.057255526692 1 0.99998164
54523829.0 0.0 1805.556089730597 0 0.0013299609
445259470.0 1.0 1798.4938829526786 1 0.99997187
396451821.0 0.0 1806.221240764452 4 3.9493396e-34
229751802.0 0.0 1808.8654766066015 3 8.968361e-37
236878480.0 1.0 1806.4282543432216 1 0.94635195
129910638.0 0.0 1805.6201122151708 0 1.1920919e-05
237115512.0 1.0 1797.9061129759828 1 0.99998295
186597420.0 0.0 1808.9953702618745 0 0.00076657877
434626013.0 1.0 1805.5759125585093 1 0.9999785
252171903.0 0.0 1809.202137954669 0 6.1037674e-08
256555639.0 1.0 1798.8241723945546 1 0.99988395
302146875.0 1.0 1795.7034703379575 1 0.99996144
422428710.0 1.0 1794.0750363367401 1 0.9999977
302238980.0 1.0 1795.4529578820323 1 0.9999925
395525114.0 1.0 1796.8677162442482 1 0.99998987
240964621.0 1.0 1797.4943921526356 1 0.99994326
321852554.0 0.0 1793.700161404784 2 1.8395326e-09
390407250.0 1.0 1810.827470420388 1 0.9989433
347586508.0 0.0 1805.2443895744123 0 5.217445e-08
347763413.0 1.0 1798.2024995714983 1 0.98291856
129761727.0 1.0 1798.224455404695 1 0.9999148
271234899.0 1.0 1794.513927083762 1 0.9999918
279288500.0 1.0 1798.5344313777548 1 0.9999512
236886901.0 1.0 1806.324202629765 1 0.9999125
415837750.0 0.0 1805.2031415002264 0 1.5111883e-06
54458365.0 0.0 1809.327076229328 0 0.00033571833
410475410.0 0.0 1812.3693128778732 0 2.6338355e-06
412359451.0 1.0 1799.1795397087235 1 0.9999932
387602720.0 1.0 1800.4705652607922 1 0.9999888
29108129.0 0.0 1793.1413729197589 0 0.001191321
428168488.0 1.0 1794.9320472901923 1 0.9995371
401293947.0 1.0 1806.1176503210381 1 0.9999985
316623566.0 0.0 1796.8277407324501 0 4.97814e-06
301647374.0 1.0 1805.8488607589572 1 0.99999976
77423868.0 0.0 1812.432834163189 0 0.0018805768
367754612.0 1.0 1810.303732096612 1 0.9999879
326917767.0 1.0 1794.4531816693232 1 0.99996597
359312949.0 0.0 1805.4681219230467 0 1.7591091e-12
418709313.0 1.0 1797.1599322931015 1 0.9999912
292817101.0 1.0 1810.369825161037 1 0.99971
5738427.0 1.0 1797.9329736980824 1 0.9999997
301566776.0 1.0 1793.598744517817 1 0.9998417
368611906.0 1.0 1794.4097566862863 1 1.0
375981890.0 1.0 1794.9089744541814 1 0.99990493
353691613.0 1.0 1797.8891270974013 1 1.0
139373516.0 0.0 1809.1409846679032 0 0.00052179466
26623098.0 1.0 1798.7453358102905 1 0.99999905
428531693.0 1.0 1810.6200272477945 1 0.99999064
256507449.0 0.0 1797.6794517521837 4 4.9311385e-22
321911672.0 1.0 1795.7626694241985 1 0.9999872
284167948.0 0.0 1810.218218299843 2 1.5224918e-09
354690272.0 1.0 1798.1396064355988 1 1.0
389915921.0 1.0 1798.4479095460024 1 0.999975
288633162.0 0.0 1813.0538027987232 0 0.0001772146
11157751.0 0.0 1812.4315103933136 0 7.025041e-13
388077369.0 0.0 1812.9706137925011 0 1.1909166e-06
345916542.0 0.0 1805.202584022171 0 0.0007418561
445115538.0 0.0 1793.9106358237345 2 0.000190056
427516716.0 1.0 1810.4506939412984 1 0.9999922
348315037.0 0.0 1796.8276511091904 0 2.706765e-06
202867375.0 0.0 1809.1407751845825 0 0.0001981672
256323410.0 1.0 1805.490609752771 1 0.9999786
10163637.0 1.0 1811.306352871822 1 0.9999973
396554866.0 0.0 1812.6199811391302 0 0.00047685622
385259314.0 1.0 1798.4110665612804 1 0.99993324
284192324.0 0.0 1797.9683496936943 0 0.00070660457
230002134.0 1.0 1794.1779140018648 1 0.9999992
297692703.0 0.0 1812.4101747510174 0 0.0006201005
389968369.0 0.0 1796.9686635959167 4 5.4990554e-19
387446706.0 0.0 1808.8870089066513 0 6.0643426e-05
445565390.0 1.0 1811.4110041250153 1 0.99998105
377614396.0 1.0 1806.0760236614065 1 0.99748987
377053797.0 0.0 1796.531675003678 4 3.8436046e-19
229676244.0 0.0 1797.3655105856324 3 1.1801712e-06
258829795.0 0.0 1805.1988271459693 0 2.146465e-08
240890658.0 1.0 1794.4526974287526 1 0.9999896
83059902.0 1.0 1810.347336998736 1 0.999998
450147833.0 1.0 1810.6819125794332 1 0.9999824
251125082.0 0.0 1805.2654613552538 4 7.38495e-13
285515212.0 1.0 1797.973859286986 1 0.99972504
396265575.0 1.0 1805.3057727771686 1 0.9999619
385198035.0 0.0 1812.3492772773045 0 0.0006260041
229583442.0 0.0 1812.3659502174073 0 1.212171e-05
445190216.0 0.0 1809.202108615732 0 1.9633253e-06
67463952.0 1.0 1799.015860339833 1 0.9999928
415881208.0 0.0 1806.2030591831563 4 1.478553e-22
198365769.0 1.0 1798.3014893269954 1 1.0
116716700.0 0.0 1812.34886716701 0 7.055465e-05
246977164.0 1.0 1810.224491884164 1 0.9999621
34622161.0 1.0 1811.2038337546337 1 0.99998343
229669930.0 0.0 1808.8446020920724 0 2.4548947e-06
433693135.0 0.0 1805.2215743805639 0 0.0002818088
334678928.0 1.0 1805.7406202285729 1 0.9999963
177763189.0 1.0 1797.2661491859303 1 0.9999959
237115994.0 0.0 1812.510118108666 0 0.00076749065
376997143.0 0.0 1805.1980805316202 0 8.6682456e-07
71844320.0 0.0 1807.5565626865953 4 2.5741872e-07
368885318.0 1.0 1795.0141575180546 1 1.0
432148636.0 1.0 1797.932538109 1 0.9999974
10510620.0 1.0 1796.597987730927 1 0.99999654
285083073.0 0.0 1812.3692423176567 0 0.00039542365
374391716.0 1.0 1795.7648385457474 1 0.99931157
375907060.0 1.0 1798.5338824129058 1 1.0
285240570.0 0.0 1808.8694883898663 0 1.8812289e-05
116849990.0 0.0 1808.8907935885743 0 0.001641336
272728914.0 0.0 1808.847069587035 0 5.135552e-07
400199647.0 0.0 1796.9099147484783 0 4.505057e-05
302088795.0 0.0 1805.3699689990653 0 4.7576912e-05
192691235.0 1.0 1794.057588901182 1 0.99996275
129788532.0 1.0 1810.4950580902564 1 0.9999998
403875792.0 1.0 1810.5565918172113 1 0.9999992
347690442.0 1.0 1794.8275965863027 1 0.9997783
403623473.0 1.0 1795.8484689164084 1 0.9998982
138116477.0 1.0 1805.6205306713623 1 0.9999999
301566719.0 1.0 1799.9113153595447 1 0.99865144
256647627.0 1.0 1795.200368555842 1 1.0
237293455.0 1.0 1796.0120937207416 1 0.9999512
293065676.0 0.0 1808.8698003370016 0 0.00034475033
104066414.0 1.0 1798.2239530046234 1 0.999148
198387413.0 1.0 1794.905781257757 1 0.9999997
420500461.0 0.0 1810.2851802048244 3 0.0046870923
441734144.0 0.0 1806.0323491557924 3 0.0
346852783.0 1.0 1795.1201337510176 1 0.99946743
301263784.0 1.0 1806.0781180651304 1 0.99999726
177823340.0 0.0 1806.0579267100509 3 4.7794845e-08
374779186.0 0.0 1795.2443923964036 2 1.4251595e-05
83720916.0 1.0 1795.889227670394 1 0.99942356
349977795.0 1.0 1797.5328783355028 1 0.99986273
264170681.0 1.0 1805.5114775148866 1 0.9999849
436880056.0 0.0 1807.9538267074254 4 0.0016396092
302235235.0 1.0 1810.2446311970452 1 0.99998915
230001393.0 0.0 1805.2193395120526 0 3.3399294e-07
370947635.0 1.0 1794.2859677330225 1 0.9999556
441715063.0 1.0 1795.4902678629912 1 0.99999857
20966097.0 1.0 1810.9744020360156 1 0.99993134
298734307.0 0.0 1797.5104976555783 3 3.0501396e-25
229943691.0 1.0 1805.7192625217867 1 0.9999921
379378830.0 0.0 1812.4310859370923 0 0.00045553365
288948132.0 1.0 1799.3686893381955 1 0.9999295
406899383.0 1.0 1811.4930685992697 1 0.9999655
268842033.0 0.0 1812.36749037713 0 6.949819e-10
397921977.0 1.0 1798.9934724180027 1 0.9999999
316330990.0 0.0 1793.3899824612936 0 0.0005500986
403527307.0 0.0 1805.223445804509 0 0.00035805174
245559871.0 0.0 1808.848746726666 0 1.626616e-06
293066086.0 0.0 1798.6615479823827 3 1.4483377e-19
312146302.0 0.0 1809.1812308627727 0 3.6521974e-06
285676351.0 1.0 1796.1196604765335 1 0.9997546
282880937.0 1.0 1805.6180758725554 1 0.99993664
338927086.0 1.0 1806.2631769759673 1 0.99999917
250776044.0 0.0 1812.348721760793 0 0.00027560027
256721439.0 1.0 1793.4295534783623 1 0.9999806
445339378.0 1.0 1796.7231061987961 1 0.99984866
199710046.0 1.0 1798.968172270495 1 0.9999634
376288980.0 0.0 1796.9090760232612 0 7.661415e-05
362219768.0 0.0 1812.3453377558847 0 2.6073542e-07
65354954.0 1.0 1796.6198708000327 1 0.99998844
332864971.0 0.0 1796.6398433515456 0 0.0001352203
258803068.0 0.0 1805.3031275391859 0 7.839586e-13
229741985.0 0.0 1795.178052377696 3 0.00034211596
292003046.0 0.0 1805.4949210618424 0 1.4691102e-05
203091094.0 1.0 1795.3283612061161 1 0.99992394
359432099.0 0.0 1796.9100025866217 0 1.0127528e-05
417418443.0 0.0 1812.431052505649 0 4.2583848e-09
94668322.0 0.0 1793.1409988612916 0 0.00045580513
378201812.0 1.0 1811.4720243283973 1 0.9999757
372133964.0 0.0 1793.3254221535606 0 1.0305631e-08
139559534.0 0.0 1812.5577046919298 0 1.846769e-05
229476155.0 0.0 1797.7821928665626 2 7.972621e-05
250653460.0 1.0 1793.6820382198312 1 0.9999999
428605069.0 0.0 1808.9741636415322 0 9.7225304e-05
354152507.0 1.0 1811.3483687441556 1 0.99983966
387763343.0 1.0 1797.0331879989014 1 0.9999977
357034919.0 0.0 1797.968649759457 0 0.00014856271
192314513.0 1.0 1797.0367552674313 1 0.9999892
449984615.0 0.0 1809.1810020649532 0 8.665808e-05
381652131.0 1.0 1798.5159106375552 1 0.9998218
423031605.0 0.0 1794.619402402917 2 5.5555963e-11
378588478.0 0.0 1805.2219610695395 0 2.2343287e-13
405623715.0 1.0 1794.994808795923 1 0.99999976
265007029.0 0.0 1805.2026294617765 0 3.170296e-05
388562723.0 1.0 1795.0339973666491 1 0.9999086
65443360.0 0.0 1812.4325902376227 0 0.002044239
22739840.0 1.0 1810.8911821764016 1 0.9999033
317015040.0 0.0 1804.9920403185645 3 2.6864207e-13
13837367.0 1.0 1798.6815192694537 1 0.99983144
444793731.0 0.0 1798.8686954015723 4 0.0
258748552.0 1.0 1795.4722106971217 1 0.9999976
293066086.0 0.0 1804.244864124646 3 3.1121307e-22
417767562.0 0.0 1812.617541266842 0 2.5758914e-06
192491354.0 1.0 1805.5575655788684 1 0.99999636
265174270.0 1.0 1799.409452736065 1 0.9998716
311831038.0 0.0 1799.5354172319376 4 1.937519e-21
316250867.0 0.0 1796.2028073101037 3 4.3587698e-32
284889047.0 1.0 1800.0098821220126 1 0.9996572
65436239.0 1.0 1805.6410451928832 1 0.9999545
334486724.0 0.0 1810.4710234305094 2 7.78285e-06
395843275.0 1.0 1805.5556560991733 1 0.9960262
327583823.0 0.0 1796.8477503382278 3 3.9679198e-16
94474388.0 1.0 1798.72453551509 1 0.99999547
315616403.0 1.0 1805.4529768104205 1 0.99999744
403831420.0 1.0 1796.0145583417168 1 1.0
245511490.0 1.0 1795.1819210113902 1 0.9999608
198280388.0 0.0 1801.8223705747398 3 4.3997078e-35
198392180.0 1.0 1811.5305028286848 1 0.9999977
354241879.0 0.0 1796.9090459216557 0 6.821005e-13
445302944.0 1.0 1794.431509656165 1 1.0
445288673.0 1.0 1795.7021720287844 1 0.99999803
351615184.0 1.0 1798.2641267486338 1 0.99999946
445322777.0 1.0 1796.3062988191245 1 0.99999243
192467947.0 0.0 1808.974376711348 0 0.0015835116
302469111.0 1.0 1795.9532069866668 1 0.9999998
375721386.0 1.0 1799.1797206970477 1 0.9998335
240970981.0 1.0 1796.598552759313 1 0.99999565
52426624.0 0.0 1812.7019355847253 0 2.7450835e-07
445603279.0 1.0 1797.6610664818672 1 0.99995965
229943640.0 1.0 1810.6983394270103 1 0.99967986
245556881.0 0.0 1805.202858528187 0 0.0004513427
302682216.0 1.0 1797.2016958733877 1 0.9999164
259144912.0 1.0 1797.203142754733 1 0.99999666
177913100.0 1.0 1798.9326919524653 1 0.99999976
229676244.0 0.0 1805.948984452205 3 7.515627e-05
258776446.0 0.0 1808.636487905515 4 1.6753732e-32
399788405.0 0.0 1806.0311693410674 3 8.967333e-30
292695766.0 1.0 1806.036526297113 1 0.99999416
192464679.0 1.0 1796.8491947921043 1 0.9999613
367455701.0 1.0 1799.8046513461293 1 0.99998015
423953959.0 0.0 1796.8253017451348 0 2.9938166e-05
444670678.0 0.0 1796.806396676924 2 7.800527e-08
322202346.0 1.0 1794.2835810004726 1 0.99993265
285036076.0 1.0 1799.222885485926 1 0.99998015
268427739.0 0.0 1809.1790616874569 4 8.252963e-16
250519273.0 1.0 1795.9321976617116 1 0.99994725
232616609.0 1.0 1797.635361934732 1 0.99998313
284540136.0 1.0 1805.7432957486117 1 0.9999969
52179130.0 1.0 1799.3061163475907 1 0.9999991
315730249.0 0.0 1808.8485422517729 0 9.687119e-07
241035265.0 1.0 1805.6192125357736 1 0.9999984
428048140.0 0.0 1794.6196545823034 2 0.027737763
369994518.0 1.0 1793.3272823346529 1 1.0
20873121.0 1.0 1795.4742322600523 1 0.99936545
375784809.0 1.0 1795.2005863980446 1 0.99999636
272230579.0 1.0 1805.3055406336318 1 0.9999543
337286741.0 0.0 1806.7629755009398 4 0.0
422429717.0 1.0 1794.5125472689224 1 0.999696
367863152.0 0.0 1805.2009651148169 0 2.0081309e-08
177916649.0 1.0 1793.8494135695876 1 0.9998368
389631988.0 0.0 1809.2021882048507 0 4.5579722e-07
401090505.0 1.0 1798.5358564649025 1 1.0
434723934.0 0.0 1812.3465709075836 0 3.666953e-05
378861516.0 0.0 1800.3054818335218 0 3.6715964e-08
366194419.0 1.0 1799.681022956516 1 0.9904002
398018454.0 0.0 1808.9517510201104 0 3.1868556e-05
272323801.0 1.0 1810.3470655321123 1 0.9999947
373058009.0 1.0 1798.95109875159 1 0.99256897
359338425.0 0.0 1805.2223191075336 0 1.471323e-07
258388870.0 1.0 1795.949285645045 1 0.9999983
331518976.0 1.0 1793.5981440168146 1 0.99994034
117753927.0 0.0 1808.3906900909406 4 1.2824984e-22
249898079.0 0.0 1796.8281217371855 0 0.00072029897
402746933.0 1.0 1798.22238520016 1 0.9999785
279700479.0 1.0 1794.909353393652 1 0.99999833
116217589.0 1.0 1810.932395460573 1 0.9999199
332475164.0 0.0 1805.2388911833677 2 1.0143273e-05
396242679.0 0.0 1805.4098692677944 0 0.0001644493
101133244.0 0.0 1809.120505505278 0 8.239457e-05
432096389.0 1.0 1795.5574707343208 1 0.9999994
396161845.0 1.0 1805.3888395337178 1 0.9999771
372209149.0 0.0 1808.8460781422436 0 1.4648379e-07
431932339.0 1.0 1793.432341456147 1 0.9964135
251820261.0 1.0 1799.1194883730443 1 0.9999681
21227811.0 0.0 1808.9473666841038 0 0.001183264
65281446.0 1.0 1796.036612094282 1 0.99984354
291959251.0 1.0 1798.8698932255943 1 0.99994045
387451068.0 1.0 1806.366384331303 1 0.99863696
251435981.0 1.0 1798.8068309829196 1 0.99997795
275060815.0 0.0 1805.2010396756991 0 4.9276523e-06
387676847.0 0.0 1793.324873207096 0 4.5189833e-12
46502622.0 0.0 1793.1413331334193 0 0.0007836516
251149964.0 0.0 1805.2029153584542 0 1.1380322e-06
321851950.0 0.0 1796.8251337246022 0 1.0218782e-06
285242957.0 1.0 1799.6405361617537 1 0.99987394
271648343.0 1.0 1810.3678092234702 1 0.9999959
396714371.0 1.0 1810.8890789128611 1 0.99999833
356895396.0 1.0 1800.1976805519703 1 0.9990016
428049386.0 0.0 1805.2031191448289 0 0.0014354878
444441735.0 1.0 1799.3476746273222 1 0.9999991
347764575.0 0.0 1797.8483546411805 0 3.1407432e-10
441814153.0 1.0 1797.6782732913737 1 0.9999942
241043686.0 1.0 1805.7859569005782 1 0.9999507
372070187.0 0.0 1794.950400878028 2 1.1424916e-18
387764507.0 0.0 1808.8871993999967 4 1.2594537e-31
184737202.0 1.0 1798.4326209536825 1 0.9989979
272230452.0 1.0 1794.6390555388418 1 0.99999744
428481150.0 1.0 1793.2851204643018 1 0.9999368
311829828.0 1.0 1795.3271048866125 1 0.999938
403692443.0 1.0 1800.0570590412585 1 0.9997432
269611835.0 1.0 1799.3886343972868 1 0.9999995
327607119.0 0.0 1805.2239063250847 0 5.603415e-06
428748886.0 1.0 1805.6590255164706 1 0.9999731
376110341.0 1.0 1793.7006101173445 1 0.9996764
104065450.0 0.0 1799.2031680666717 2 4.264388e-06
264468510.0 0.0 1808.658554678189 4 6.691634e-26
129979656.0 0.0 1805.5160524852124 0 0.0003579432
200860735.0 1.0 1795.26594235562 1 0.9999187
400498192.0 1.0 1793.6193403507132 1 0.9999919
249884710.0 0.0 1809.1197996031697 0 8.643113e-06
377278259.0 0.0 1796.2008701912443 3 3.4131888e-09
375985983.0 1.0 1794.5755682945444 1 0.99854946
317393385.0 0.0 1805.200799298223 0 4.4213124e-08
269714780.0 1.0 1810.13853199813 1 0.9998917
332050949.0 1.0 1800.2024049660843 1 0.9999181
250455085.0 1.0 1797.1196487883178 1 0.99999654
256416606.0 0.0 1812.7018988251255 0 3.0005478e-07
52183436.0 0.0 1805.68114264686 0 1.9217137e-07
356785678.0 0.0 1805.1989296271995 0 2.602897e-06
186939232.0 1.0 1793.2034550763049 1 0.0077979304
400193642.0 0.0 1805.2015072766114 0 0.00014999136
199548236.0 1.0 1793.2598134599557 1 0.9999433
420455574.0 1.0 1805.492272233719 1 1.0
421110675.0 0.0 1809.2642636429562 3 0.0
11437325.0 0.0 1801.1191024797386 3 3.204189e-23
395652803.0 1.0 1795.5971935520847 1 0.9999938
249919744.0 0.0 1812.3488235554194 0 0.00033106646
236713762.0 1.0 1810.926824836316 1 0.9999374
264917578.0 1.0 1806.3487254267125 1 0.9999304
265100276.0 0.0 1805.2029350900737 0 2.926597e-09
435355173.0 1.0 1798.61775535469 1 0.9999971
139463861.0 1.0 1798.891086880079 1 0.99851346
374307857.0 0.0 1805.2649839344888 0 4.9046045e-10
240883303.0 1.0 1794.7860368508555 1 0.9999658
378156575.0 1.0 1798.5763060766865 1 0.99999875
315818448.0 0.0 1796.3902101366677 4 9.443937e-07
374833935.0 1.0 1796.01501392331 1 0.9999793
397801633.0 1.0 1810.7639443294663 1 0.9999999
282874128.0 0.0 1793.4099572219338 0 2.1486334e-14
237102413.0 1.0 1794.2184824861922 1 0.99999535
65439076.0 0.0 1812.411887922325 0 0.0018470119
200791974.0 0.0 1793.6201441810113 2 0.11904483
259297927.0 0.0 1805.2659359569989 0 0.00011131344
73522048.0 0.0 1805.5578297427837 0 0.00062507467
219428871.0 0.0 1812.4477660555117 0 0.001008356
306554704.0 0.0 1812.702123907694 0 0.000105006366
356975843.0 0.0 1811.4682283112882 2 1.2904968e-16
249881771.0 0.0 1808.8489607475199 0 9.346874e-05
362964294.0 1.0 1806.0551001975002 1 0.9968923
247414059.0 0.0 1808.9121935866833 0 0.0008486664
327582340.0 1.0 1810.8474922827634 1 0.99999976
256315959.0 1.0 1806.1811628017088 1 0.99533075
249919778.0 1.0 1805.848876117227 1 0.9999893
126097648.0 1.0 1798.6829696092573 1 0.9999072
279871956.0 1.0 1797.617882523776 1 0.99996835
34712379.0 0.0 1793.1414523907029 0 0.000155635
298360871.0 1.0 1810.5549820633908 1 0.99992913
292398977.0 1.0 1805.3906889236637 1 0.9997759
312149691.0 1.0 1810.910304585847 1 0.9999997
422755399.0 1.0 1810.2639755602902 1 0.9999945
357828616.0 1.0 1797.9311213829508 1 0.99997723
366779985.0 0.0 1800.1378914445584 0 5.423065e-10
418256655.0 0.0 1805.4709232720475 0 3.103223e-10
408896437.0 0.0 1793.971204540996 2 2.4340455e-08
350132371.0 0.0 1804.1377747786323 3 5.953124e-06
332870266.0 0.0 1809.2023477820762 0 1.1032397e-08
186967988.0 1.0 1797.6826731730544 1 0.9999748
372274808.0 0.0 1805.2028348327688 0 6.1991355e-05
441765604.0 1.0 1794.323898477259 1 0.99991167
327292056.0 0.0 1812.3486911808939 0 0.00039857542
298358846.0 1.0 1799.0551267654462 1 0.9999798
13215740.0 0.0 1812.5548306587698 0 6.0064906e-07
374306779.0 0.0 1797.0982486511275 2 1.29467054e-20
352284180.0 1.0 1797.8472890142812 1 0.9999996
138017750.0 0.0 1804.7455203614795 3 9.4201426e-17
319599315.0 0.0 1805.5351495153504 0 1.4204501e-10
387675673.0 0.0 1805.2413682784438 0 3.0637334e-06
229781162.0 1.0 1797.42811136672 1 0.9999774
378764744.0 0.0 1808.8471672281185 0 0.0002925218
192532362.0 0.0 1808.9116543126297 0 0.0009130212
456130400.0 0.0 1805.307712197524 3 5.292002e-19
356896561.0 0.0 1811.5931968643488 3 3.2708352e-26
285904560.0 1.0 1796.368780138265 1 0.9999856
241123671.0 1.0 1798.952888881543 1 0.9999965
372188394.0 0.0 1805.2029021386597 0 2.8092429e-05
455954904.0 1.0 1796.3258772787574 1 0.99996203
279722552.0 0.0 1805.2026073039988 0 5.519616e-06
326149070.0 0.0 1812.4507588949914 3 8.030225e-10
424437685.0 1.0 1800.1360203152633 1 0.9999988
388439836.0 1.0 1794.9504875870966 1 0.99998325
250922234.0 1.0 1798.557070670297 1 0.9999984
270138324.0 0.0 1812.388502755709 0 9.12567e-07
199657796.0 1.0 1806.1348028057494 1 0.9999782
252831127.0 1.0 1810.8490928519766 1 0.8811585
332045887.0 1.0 1810.5979933448334 1 0.9999788
65354664.0 1.0 1795.5990033301725 1 0.9997498
445602575.0 1.0 1796.8693786527258 1 0.99996954
67390878.0 1.0 1796.703484442351 1 0.99994886
233501988.0 0.0 1805.219348499938 0 9.1599833e-10
137120078.0 1.0 1810.8264533970819 1 0.99999624
455894899.0 0.0 1808.8672456504482 0 1.6115988e-05
258954341.0 1.0 1810.4071942869061 1 1.0
427649810.0 1.0 1805.7008767482878 1 0.9999999
130087732.0 1.0 1810.64092072704 1 0.99999994
192290461.0 1.0 1810.5991895774598 1 0.9989388
445529958.0 0.0 1807.952699355209 4 4.935954e-38
373788354.0 1.0 1810.5563790855676 1 1.0
83048837.0 0.0 1805.514091140618 0 0.00066400354
327185172.0 1.0 1811.2028151717461 1 0.96741784
419247224.0 0.0 1796.7644417580748 0 0.00018918508
383674043.0 0.0 1811.11476962909 2 9.7762545e-08
259238257.0 1.0 1810.3658008043983 1 0.99999785
10965068.0 1.0 1797.5356554081163 1 0.9998735
331984288.0 1.0 1794.51474732761 1 0.9999826
233612242.0 0.0 1812.3441181012063 0 0.0007623546
375850243.0 1.0 1795.575630055316 1 0.9999867
441734144.0 0.0 1811.8865907243223 3 3.6295207e-30
445133704.0 0.0 1794.8273874691922 3 3.6769825e-32
269697721.0 0.0 1800.1577923865382 3 1.5657362e-16
315830189.0 1.0 1793.431835927932 1 0.9999997
256378205.0 1.0 1799.7200090124397 1 0.99982506
238655883.0 1.0 1798.182178540756 1 0.99999666
201112742.0 1.0 1797.4327692929628 1 0.99999124
229937398.0 0.0 1812.3442671781559 0 0.00047749167
90770012.0 1.0 1806.4121729197273 1 0.99993384
407213856.0 1.0 1799.76377384435 1 0.99967885
49731560.0 0.0 1796.3899770369703 4 8.995365e-21
394118689.0 1.0 1794.3035537897902 1 0.99999166
192320564.0 1.0 1810.9533068626629 1 0.9999992
65749412.0 0.0 1809.1616938883262 0 0.0013947708
377036419.0 1.0 1794.5966644677744 1 0.99999994
389533990.0 1.0 1798.6396056278304 1 0.9999211
251153442.0 0.0 1805.598768668904 2 1.7355623e-06
184734213.0 0.0 1812.786621209947 0 0.00027812508
63691131.0 1.0 1799.1204032439878 1 0.99644226
368515752.0 1.0 1798.430725746045 1 0.9987922
20872964.0 1.0 1796.2658992236068 1 0.9998
445378752.0 1.0 1810.7021561286049 1 0.9999583
233212109.0 0.0 1806.5320314711562 4 8.890073e-25
250803739.0 0.0 1812.348638644903 0 0.00037474526
292152018.0 0.0 1812.5779734004445 0 1.9410759e-07
367682548.0 1.0 1796.7195304221605 1 0.9999495
372863935.0 1.0 1805.8689903964498 1 0.99999774
332865327.0 1.0 1810.493890200233 1 0.99995995
230111377.0 0.0 1794.364777657874 2 5.976176e-11
388434512.0 1.0 1811.0549118352599 1 0.9999998
372724218.0 1.0 1797.6604266008935 1 0.9999209
327706187.0 1.0 1806.369661887733 1 0.9999991
241136738.0 1.0 1797.9321877885454 1 0.9999744
20705894.0 1.0 1796.5574953899222 1 0.9999369
245636999.0 1.0 1795.702826246455 1 0.9999993
117802214.0 0.0 1812.348986414547 0 4.4700086e-05
326537513.0 1.0 1810.7846769481534 1 0.9999987
441799167.0 1.0 1797.699057859398 1 0.99995214
326630342.0 0.0 1801.6181550128795 3 8.273835e-30
301572524.0 0.0 1805.244702881619 0 0.0003438896
233120979.0 0.0 1796.6148208479974 3 0.0002353314
403744320.0 0.0 1793.3900990713437 0 0.00033689468
363809884.0 0.0 1796.9097816439003 0 8.045561e-07
305857820.0 1.0 1799.5124074917246 1 0.9999734
346594521.0 0.0 1793.1412568534074 0 0.00018965974
104032950.0 0.0 1796.5990444193267 2 9.0924914e-05
377255272.0 1.0 1797.3025000350215 1 0.9999986
444463053.0 1.0 1795.6808820757283 1 1.0
264247675.0 1.0 1810.9074236966683 1 0.9999982
288636477.0 1.0 1799.6368713206157 1 0.999998
315617593.0 1.0 1796.5986878524575 1 0.9999856
81690987.0 1.0 1795.0773656440613 1 0.999985
387959540.0 1.0 1811.0956454179209 1 0.9998532
385507220.0 1.0 1795.2037882482991 1 0.99996614
327701812.0 0.0 1812.3487486893737 0 0.00037109773
436838655.0 1.0 1811.4537279693284 1 0.99905026
285355262.0 1.0 1796.974530097221 1 0.9999751
370063781.0 0.0 1805.6607896603093 0 3.2240274e-07
365594370.0 0.0 1797.6997383542305 4 6.0183156e-15
316468859.0 1.0 1797.3668513870505 1 0.9999136
67420944.0 1.0 1796.1409420641278 1 0.999962
398016107.0 0.0 1798.7224552892767 2 1.0005085e-13
28760973.0 1.0 1797.7659232568817 1 0.99999946
399126842.0 1.0 1795.8898326856881 1 0.99997467
329290321.0 1.0 1798.23891546673 1 0.9999474
73639510.0 0.0 1805.4953550572325 0 0.0005810241
246970991.0 1.0 1810.516130544441 1 0.99947757
376849649.0 0.0 1812.385955381231 0 5.3040974e-08
240950472.0 1.0 1797.1402892353474 1 0.99999654
354841987.0 0.0 1808.931255957445 0 3.283766e-06
219112533.0 0.0 1812.4276858485684 0 3.905877e-05
288267297.0 0.0 1806.1786422789069 4 1.3251063e-06
320502307.0 1.0 1799.4474674769078 1 0.03853546
279271104.0 1.0 1797.5143107300357 1 0.9999981
280072381.0 0.0 1796.9077075435837 0 5.8386877e-06
236001043.0 0.0 1805.2208108909263 0 0.00017896123
265297756.0 1.0 1796.5777079211248 1 0.9985075
233005125.0 0.0 1808.8439552397172 0 0.0001470583
233508020.0 1.0 1797.5723808735975 1 0.9999984
452968878.0 0.0 1809.2019187441704 0 0.00029536348
353556621.0 1.0 1796.3059666183274 1 0.9999318
83621645.0 1.0 1793.7851797198232 1 0.99998504
250686151.0 1.0 1805.9320577997391 1 0.99999386
353565609.0 0.0 1810.9726130184067 3 1.6925116e-32
237197609.0 1.0 1795.740957127629 1 0.9998711
431804934.0 1.0 1793.265721966205 1 0.9999005
407315823.0 1.0 1806.326373802156 1 0.9977294
230001568.0 1.0 1798.0528142163926 1 0.9999952
312675993.0 1.0 1796.5354864695669 1 0.99999964
400245742.0 1.0 1795.9098901632226 1 0.9996896
233079659.0 0.0 1812.323149288052 3 7.7592634e-11
366491672.0 0.0 1810.9074028578834 4 1.0154931e-28
192932964.0 1.0 1793.9115979720486 1 0.9999064
160551004.0 1.0 1797.427623538681 1 0.99994403
288500479.0 0.0 1805.7033132245815 0 6.99413e-05
284012663.0 1.0 1796.578583321743 1 0.9999687
369731169.0 1.0 1806.0350618435473 1 0.99999994
94670385.0 1.0 1810.6622403181539 1 0.9999733
367076032.0 1.0 1793.6171362199627 1 0.9999882
229669559.0 1.0 1794.2192256129188 1 0.9999988
445577880.0 1.0 1798.7649887782077 1 0.94372964
191725102.0 0.0 1812.369284640679 0 9.4569965e-05
371303202.0 0.0 1808.1377045135844 4 1.371981e-26
186715730.0 1.0 1795.6618537991185 1 0.9999484
390577834.0 1.0 1799.1396697347143 1 0.9999991
417618837.0 1.0 1797.8873075018337 1 0.9996957
287151976.0 0.0 1812.5518361228162 3 0.0008209895
421388721.0 1.0 1794.9727190712051 1 0.99999523
415982164.0 0.0 1805.2240560386767 0 5.451257e-07
198416591.0 0.0 1805.7181709564545 3 1.8963601e-34
279926110.0 1.0 1796.5356145697356 1 0.9999509
346783960.0 0.0 1796.8493646784862 3 0.0026697675
236712244.0 1.0 1793.739038832427 1 0.9999825
245712608.0 1.0 1794.9527590470937 1 0.99978966
126095456.0 1.0 1794.6829217163706 1 0.99993294
202977182.0 1.0 1795.5573673432466 1 0.9999776
235954162.0 0.0 1805.1998956194557 0 3.8235346e-05
258872538.0 0.0 1795.9072210113145 4 0.0
347688771.0 1.0 1798.1401627455157 1 0.9999678
177917296.0 0.0 1808.8495508698143 0 0.00059508765
406536209.0 0.0 1805.2000056593652 0 0.00015849152
403340402.0 1.0 1796.4102761077797 1 0.9999013
264292933.0 0.0 1793.9083011388577 2 7.124097e-13
229788338.0 1.0 1798.2612857133051 1 0.9999918
233528701.0 0.0 1805.198188593161 0 4.1768507e-07
312465859.0 1.0 1798.8687517080125 1 0.99995136
351608447.0 0.0 1796.805534401934 0 6.700401e-05
285181188.0 1.0 1797.4329069402377 1 0.9999995
301884046.0 1.0 1811.1829023149435 1 0.9998675
327297154.0 0.0 1796.640569683704 0 2.6879122e-06
34553649.0 1.0 1797.808161342352 1 0.99873227
327183309.0 0.0 1812.3485519239764 0 2.1065327e-06
331380081.0 0.0 1809.3062638195265 0 0.0003118273
354546333.0 0.0 1805.2027549443717 0 5.4981945e-07
400606031.0 0.0 1805.244371323353 0 0.00051639654
395507510.0 1.0 1811.3473720976835 1 0.99999535
189684346.0 1.0 1810.6196682078125 1 0.9997535
259000689.0 0.0 1793.4073639937787 0 0.0002005696
256579589.0 1.0 1795.679510243844 1 0.99999803
264076355.0 1.0 1794.054006856049 1 0.99987566
285541718.0 0.0 1812.7018629143552 0 1.4106008e-05
396263299.0 0.0 1796.805416624612 0 2.0439526e-08
240817037.0 1.0 1805.8066142132927 1 0.99999636
298356329.0 0.0 1808.8467466116283 0 2.2034735e-08
200791980.0 0.0 1812.4328697540082 0 0.0021111884
367427051.0 0.0 1812.9711119165806 0 7.020464e-08
71982139.0 1.0 1800.536040416973 1 0.9999794
116371513.0 0.0 1810.7240796749875 2 0.00010830249
117658646.0 1.0 1798.3280270072335 1 0.99999964
352424708.0 0.0 1797.4516807161785 4 0.00026662427
378197124.0 1.0 1794.659615452171 1 0.9998736
177969053.0 1.0 1799.0577427567039 1 0.9995106
289537652.0 1.0 1811.1976819309314 1 0.99999684
436860179.0 0.0 1809.016302914273 0 0.00052044063
117617837.0 1.0 1794.3072933857413 1 0.99982405
240749607.0 1.0 1795.7648974454603 1 0.99992764
308955071.0 1.0 1800.5361406600764 1 0.99733764
50520921.0 0.0 1812.4317151553316 0 0.0002277137
331202960.0 1.0 1798.2230984556884 1 0.96352416
331614552.0 0.0 1812.7021645746338 0 9.0994945e-06
65177335.0 1.0 1796.9724996326947 1 0.99973845
315757230.0 0.0 1812.491657008615 0 0.0008737314
241092543.0 1.0 1796.2028901064446 1 1.0
354398903.0 1.0 1798.0571628719579 1 0.9983236
302151704.0 0.0 1798.515432913471 2 0.00014037968
184588316.0 1.0 1799.5160110026447 1 0.9999999
245634889.0 1.0 1797.4112166439754 1 0.9998351
322346243.0 0.0 1812.3486599876426 0 5.0232604e-05
251251365.0 0.0 1794.8900307132967 4 1.0120552e-09
420391690.0 1.0 1799.8684529787708 1 0.99998873
237115411.0 0.0 1797.9685979342783 0 0.0059229615
116267070.0 1.0 1806.1407784451098 1 0.9997739
354316349.0 0.0 1800.0152890775498 4 0.0
428112443.0 1.0 1806.1614135181967 1 0.99999464
81750368.0 0.0 1810.6399198327122 2 0.0011080044
184739277.0 0.0 1793.599447837289 3 4.4634333e-30
367360176.0 0.0 1805.2214086927318 0 8.850944e-09
403589028.0 1.0 1799.0334469014042 1 0.99998206
198557872.0 1.0 1798.4890334858187 1 0.9999999
21018496.0 1.0 1810.4680409377609 1 0.99984443
356871176.0 1.0 1810.3026207539035 1 0.99960804
252830604.0 1.0 1798.57815024428 1 1.0
269665710.0 1.0 1811.553278466073 1 0.9998295
394091373.0 1.0 1805.8455122553332 1 0.99999976
350734771.0 1.0 1797.074635794035 1 0.9999918
334485891.0 0.0 1793.3255461252288 0 1.531843e-08
149926534.0 1.0 1795.578710652248 1 0.999984
229450118.0 1.0 1794.2823181810083 1 0.9999953
26533207.0 0.0 1811.1622143308266 3 0.0020040197
397918063.0 0.0 1805.2641939243924 0 0.0006818057
286236435.0 1.0 1811.557682556929 1 0.99992174
116009267.0 1.0 1795.2031718745825 1 0.99971277
241086794.0 1.0 1795.6403905117554 1 0.9999811
52950869.0 1.0 1795.7227896432132 1 0.99968624
29055681.0 1.0 1799.9123035068535 1 0.9999669
270239814.0 0.0 1812.3884506162826 0 6.5726767e-06
396556641.0 1.0 1811.307520873671 1 0.99994427
298734307.0 0.0 1801.3021035632084 3 2.096349e-28
336122651.0 1.0 1794.0332632248997 1 0.9999693
13620888.0 1.0 1798.6188498076472 1 0.9999705
370119754.0 1.0 1795.7649409334417 1 0.999873
390813252.0 0.0 1810.2858614105908 2 0.0003969866
246975525.0 0.0 1808.849534445836 0 0.0006250651
431955586.0 1.0 1810.2243059387843 1 0.9999564
312146302.0 1.0 1795.9106794798124 1 1.0
251565782.0 1.0 1806.057062680951 1 0.9997106
428257299.0 0.0 1799.4530185328215 3 1.707992e-26
366515267.0 1.0 1799.0327763182909 1 0.9999981
241017747.0 0.0 1796.1194047734368 3 1.06862465e-29
264615882.0 0.0 1805.2027277950756 0 3.415607e-08
420545370.0 1.0 1797.9726891952114 1 0.9999848
326257955.0 1.0 1793.6992980110447 1 0.9999993
279979484.0 0.0 1797.7201526668166 4 1.0700652e-13
428165254.0 1.0 1794.2029311097813 1 0.99975365
419531845.0 1.0 1810.1599863482488 1 0.9998487
288498365.0 1.0 1799.0159264807053 1 0.9998629
293185164.0 1.0 1810.6615316582865 1 0.999964
229958869.0 0.0 1805.2401098272594 0 1.3846577e-11
370764250.0 0.0 1806.84851061958 4 0.0
434533434.0 1.0 1798.0759747645914 1 0.999998
230386284.0 0.0 1801.656932630706 3 2.5421582e-16
65351247.0 0.0 1808.9117450509934 0 0.0012319256
269662631.0 0.0 1805.1994178913635 0 2.095863e-07
264615805.0 0.0 1793.3693350129577 3 3.160774e-13
396024877.0 1.0 1810.7222723641653 1 0.999995
50450585.0 0.0 1805.306440218762 0 0.0003647938
444354496.0 0.0 1794.3893476980913 2 5.0098817e-22
240875231.0 1.0 1796.3276821230893 1 0.9999988
399721565.0 1.0 1794.4507035223082 1 0.99941975
202838286.0 1.0 1797.8284451787194 1 0.9998808
11329543.0 0.0 1812.4520543049825 0 0.0015325171
387696085.0 1.0 1794.8873565060671 1 0.9892635
117039312.0 1.0 1798.015522233209 1 0.99998724
396533243.0 1.0 1811.0974106335034 1 0.999875
283250925.0 1.0 1798.1810152032583 1 0.9995429
359132040.0 0.0 1805.972323842468 3 0.9370141
368459023.0 1.0 1811.388862329114 1 0.99998313
192653155.0 1.0 1798.7657807023609 1 0.9998207
399442338.0 0.0 1795.9521630647512 2 4.6079606e-13
432046871.0 0.0 1805.3075783693498 0 0.00016073116
198354443.0 0.0 1806.9263415102735 3 4.3541186e-16
431743084.0 1.0 1798.036580801352 1 0.99988145
348316603.0 0.0 1805.2234806903812 0 6.7998866e-07
375779290.0 1.0 1798.825532236254 1 0.9999605
194731674.0 0.0 1805.2661878797744 0 0.00063877273
410469334.0 1.0 1793.411044683248 1 0.99999565
251430110.0 1.0 1798.7861270386275 1 0.9999893
395606282.0 1.0 1793.9513541936326 1 0.9982286
11432423.0 1.0 1799.7648450335516 1 0.999753
427657613.0 1.0 1794.513523396951 1 0.9999799
388436487.0 0.0 1798.7630342096459 3 4.1634073e-31
286240486.0 1.0 1806.245393806327 1 0.9999995
421110675.0 0.0 1808.2642796849134 3 0.0
269609334.0 0.0 1809.888466665811 4 3.7870822e-16
353779523.0 0.0 1797.9686136659734 0 7.267192e-06
407383381.0 1.0 1810.223812520383 1 0.99964535
352775725.0 0.0 1809.1598759552287 0 8.39933e-06
118389230.0 0.0 1807.974532017959 3 0.0005103892
331985877.0 1.0 1796.8481016848107 1 0.9999999
186600825.0 1.0 1796.641042607149 1 0.999994
388602832.0 0.0 1798.075630944659 3 2.9871017e-29
139554787.0 1.0 1794.0577177641835 1 0.99995774
241005693.0 0.0 1805.2443037777311 0 1.0761097e-12
319601211.0 1.0 1797.076975268571 1 0.9999999
252113741.0 0.0 1812.86878350554 0 1.8944578e-05
353896793.0 1.0 1797.8644903938077 1 0.99996644
333804930.0 0.0 1812.3871293871523 0 0.0002600793
367145825.0 0.0 1808.8463692168764 0 7.100708e-05
403875821.0 1.0 1810.473259178893 1 0.9999788
233534487.0 1.0 1805.5314795916784 1 0.99999887
354250789.0 0.0 1809.577613540623 4 9.03147e-28
326918763.0 1.0 1797.2655937745606 1 0.9999967
376289876.0 1.0 1799.6381951986236 1 0.9995708
230129267.0 1.0 1799.0937071487213 1 0.9999999
367839732.0 0.0 1796.7407992024916 2 2.104033e-12
240783420.0 1.0 1793.7441387613683 1 0.9999819
269697721.0 0.0 1800.8452878133985 3 3.7097167e-14
354398141.0 0.0 1797.2654691218293 4 3.61896e-14
288638353.0 1.0 1805.7202487679676 1 0.99999845
53961649.0 0.0 1809.3895435005982 0 4.0295384e-07
238770010.0 0.0 1797.3282571203413 4 1.3898183e-17
241068188.0 0.0 1812.3692623237725 0 3.1301115e-09
374615310.0 0.0 1808.848536716465 0 0.00022107591
368736611.0 1.0 1796.6597502683885 1 0.9999975
194667324.0 0.0 1793.2867943075432 2 0.0018549982
84161498.0 1.0 1793.2435553294647 1 0.99743205
12224888.0 0.0 1799.8899051297915 4 2.7982206e-12
388040701.0 0.0 1795.5124872223682 2 5.942113e-18
81691480.0 1.0 1811.5150735585426 1 0.99880916
198457457.0 0.0 1799.8222643410388 3 1.5390253e-36
52944642.0 1.0 1795.2437510668053 1 0.9999906
280410267.0 1.0 1795.4519282411597 1 1.0
269707529.0 1.0 1805.2219405761123 1 0.99941576
377506471.0 0.0 1803.7841071273774 3 1.9719797e-17
232607261.0 1.0 1798.0308326239613 1 0.99999976
233088570.0 1.0 1799.2396045366738 1 0.99943566
403431219.0 0.0 1812.681511810312 0 3.9155652e-15
445221603.0 0.0 1793.1396697713803 0 3.0959132e-08
422708883.0 1.0 1798.180354968123 1 1.0
378992411.0 1.0 1805.6805915731595 1 0.9999917
327396011.0 1.0 1805.5571814248672 1 0.9999334
404646834.0 0.0 1805.2000127972553 0 2.6815223e-05
405667011.0 0.0 1796.7032726498785 0 0.00013768194
233048673.0 0.0 1808.885602483122 4 7.978631e-30
255828282.0 0.0 1812.5120415846536 0 1.6664035e-05
383677166.0 0.0 1805.198359467216 0 1.747291e-09
390399845.0 0.0 1808.8484483986433 0 0.0015710591
63789906.0 1.0 1810.3493255571695 1 0.9998938
445297310.0 0.0 1805.6604242609728 0 3.1937375e-07
357716723.0 0.0 1811.3223830758382 2 4.1164245e-09
356920166.0 1.0 1811.5100611157347 1 0.99996823
308217319.0 0.0 1812.3483261109902 0 2.5951167e-06
311235700.0 0.0 1805.6982114020586 2 5.392428e-11
28998249.0 0.0 1793.1413950624992 0 0.0015820363
332504121.0 1.0 1805.5725226051654 1 0.9999862
129992571.0 1.0 1798.5369285182092 1 0.99994206
117495734.0 0.0 1812.3698151132699 0 0.00016555598
444365309.0 0.0 1796.9099854336 0 5.8926176e-05
279756714.0 0.0 1797.2426284944268 2 3.1449348e-09
77563256.0 1.0 1798.6205420900678 1 0.9999865
316250867.0 0.0 1800.3070638757893 3 5.650401e-32
375656380.0 0.0 1810.7628853543172 2 1.7106377e-06
268723656.0 1.0 1806.0551018618235 1 0.99988806
374702108.0 1.0 1796.18165953713 1 0.99986875
428708961.0 1.0 1811.2427950851172 1 1.0
453272088.0 0.0 1809.1607914048375 0 2.163364e-05
279509403.0 0.0 1807.6187269003144 3 0.0009453178
384654908.0 0.0 1812.5151843972835 3 1.17160425e-05
65351340.0 1.0 1795.7240311155692 1 0.99995625
85431003.0 1.0 1793.4953576835778 1 0.99997616
34713020.0 1.0 1793.9331036501883 1 0.9956962
198354443.0 0.0 1800.1763331976047 3 2.65264e-15
301575691.0 1.0 1811.0364262241026 1 0.99999964
388528795.0 1.0 1794.7837459248144 1 0.999986
353779228.0 1.0 1799.5727053256617 1 0.9999566
237201602.0 1.0 1798.4493115425184 1 0.99982953
389767650.0 0.0 1812.7021767459391 0 2.115619e-08
445444493.0 0.0 1795.1193177093492 2 4.6641464e-09
292853533.0 1.0 1795.6199490140482 1 0.9999999
116218054.0 1.0 1794.3489718992653 1 0.9999579
63563165.0 0.0 1796.6412785778568 0 0.0017900127
389977486.0 1.0 1798.4106582708207 1 0.99999934
240892011.0 0.0 1805.2024917863216 0 1.2589741e-05
270495263.0 0.0 1794.198990867907 0 2.0786052e-07
347427161.0 1.0 1795.6825524496717 1 0.9992484
1400770435.0 0.0 1796.2807023004661 3 8.614536e-05
240919830.0 1.0 1798.8068850338746 1 0.9994829
348315037.0 1.0 1805.952682125325 1 0.99999845
374303452.0 0.0 1805.2857163009987 0 4.491556e-06
251549942.0 1.0 1796.7028505564497 1 0.9997222
367286909.0 1.0 1806.1588898447199 1 0.99996537
5674169.0 0.0 1804.18287924505 3 3.5474846e-12
385204973.0 1.0 1810.9743399731556 1 0.9999801
137991883.0 1.0 1793.5996162804017 1 0.9999943
269040926.0 1.0 1798.4094820366163 1 0.9999999
354249703.0 0.0 1805.3275737833037 0 1.126543e-06
336543055.0 1.0 1797.6797586350947 1 0.99990547
331509560.0 0.0 1809.3065036076296 0 5.1012423e-05
241120043.0 1.0 1806.2029663662934 1 0.99999934
50690977.0 0.0 1805.2856786121956 0 0.00033276225
357821278.0 1.0 1798.4310649753163 1 1.0
299443090.0 0.0 1811.4110330903245 3 3.3690894e-13
390241438.0 1.0 1794.5977794009123 1 0.99997497
368379279.0 1.0 1797.6596957406293 1 0.9997967
346659596.0 0.0 1810.2431451343014 2 0.011564302
252859391.0 0.0 1808.8488815888315 0 2.8481857e-06
370069863.0 0.0 1798.973443174195 4 2.2816035e-23
354595192.0 1.0 1799.2435545578708 1 0.9999998
12707627.0 0.0 1796.909260590517 0 1.1835969e-05
420110956.0 0.0 1797.6994370955026 0 3.1456148e-07
403753024.0 1.0 1797.4523572525268 1 0.99999565
358827045.0 1.0 1798.9717516775488 1 0.995571
444316846.0 0.0 1799.1807939109972 2 0.0011097118
410619250.0 1.0 1794.0778704216227 1 1.0
270526373.0 1.0 1795.4075329558168 1 0.9999996
34644356.0 1.0 1798.1831376275316 1 0.99968666
332270395.0 0.0 1798.9941252810665 4 1.6346003e-14
35154187.0 0.0 1809.26647450351 0 0.001533628
82620695.0 1.0 1805.806796731657 1 0.99997455
375853698.0 1.0 1798.8255512174871 1 0.9999744
312858856.0 0.0 1800.1399234276396 0 0.0035177208
445487282.0 0.0 1805.2027005232299 0 3.1149204e-05
264052963.0 1.0 1796.970674756016 1 0.999977
403523644.0 0.0 1795.806898101682 4 3.272929e-09
275186846.0 0.0 1805.2011005378117 0 4.2878568e-05
449937545.0 0.0 1793.1404689381832 0 0.0014150268
358902763.0 0.0 1796.3468855594244 4 4.9978105e-25
241142325.0 0.0 1794.306956948268 2 2.6601317e-09
348619377.0 0.0 1799.1192608491535 2 3.168442e-08
117307939.0 0.0 1806.0363642288748 2 1.335003e-10
49850029.0 1.0 1798.9522270328848 1 0.9999808
372117591.0 0.0 1793.3276350542778 0 4.822882e-06
291958823.0 0.0 1805.2240081661253 0 2.2817165e-08
370760201.0 0.0 1796.6402000938742 0 0.0002532293
265472792.0 0.0 1805.2026870777377 0 0.0004226493
428052118.0 0.0 1811.2448475747915 2 2.7497515e-08
129902079.0 0.0 1805.5159768111766 0 4.5585715e-05
139378834.0 0.0 1808.5577534583692 3 0.00066962704
10793652.0 0.0 1805.306255835013 0 6.233135e-08
219803960.0 1.0 1811.3228831599454 1 0.9998317
427650789.0 1.0 1798.1592372593745 1 0.9995826
445194383.0 0.0 1809.889538951543 4 2.2326002e-27
292609043.0 1.0 1796.9948465738573 1 0.9999781
264392517.0 0.0 1799.3451447577008 2 9.038501e-13
288347710.0 1.0 1795.5741362971414 1 0.99999815
288392338.0 0.0 1798.3242592448087 2 2.9587248e-12
353483219.0 1.0 1797.4517407846877 1 0.99999934
279521486.0 0.0 1793.4093683267088 0 2.9814393e-07
54462508.0 0.0 1795.3270761754382 2 0.00021386982
259096715.0 0.0 1812.3447702789526 0 5.5061495e-08
319920081.0 1.0 1798.6604591651499 1 0.9999891
117170847.0 1.0 1793.4320120616821 1 0.9999719
356199531.0 0.0 1805.4263135985705 0 5.79645e-12
376022023.0 0.0 1793.4083207351828 2 1.9900934e-10
372630691.0 0.0 1800.13977765629 0 5.34436e-06
71976852.0 0.0 1805.515021651389 0 0.0004573493
326630342.0 0.0 1808.9930207823204 3 2.2872695e-29
264728694.0 1.0 1798.7651944934507 1 0.9980198
428964062.0 0.0 1808.8464821608359 0 8.762175e-06
417585921.0 0.0 1799.5766286517623 3 1.4986891e-06
359593072.0 0.0 1808.88897458906 0 0.0006787993
82097187.0 1.0 1796.4729007328542 1 0.9999923
427474526.0 1.0 1798.3884564469747 1 0.9999863
352810984.0 1.0 1811.4537820158591 1 0.99991685
201376991.0 0.0 1805.2660827593431 0 0.0020204105
368460130.0 1.0 1810.6597326473025 1 0.99975914
240976971.0 0.0 1805.244245262528 0 2.8103862e-14
256692904.0 1.0 1796.5563987363303 1 0.999909
353081362.0 0.0 1795.1390643677792 4 1.06901904e-16
186990195.0 1.0 1810.1409252519363 1 0.9998956
285276744.0 1.0 1794.7037447042856 1 0.9998192
378852499.0 0.0 1806.097386333197 2 6.2884716e-08
241114076.0 1.0 1796.84875636642 1 0.9999928
71973503.0 1.0 1811.0565361787342 1 0.9999828
316552132.0 0.0 1796.8254430868774 0 1.7057667e-06
258954454.0 1.0 1797.8656171081523 1 1.0
233206362.0 0.0 1809.0315777024043 4 7.486456e-08
372788131.0 1.0 1797.0769702265231 1 0.9999687
433354584.0 1.0 1796.1202834710489 1 0.9999956
418029110.0 1.0 1806.1824582789136 1 0.99996537
369027964.0 0.0 1808.847418291827 0 2.2222869e-06
346978575.0 1.0 1806.2453847355112 1 0.99999934
376995081.0 1.0 1797.3233349710097 1 0.99988383
196918978.0 1.0 1796.4946359217242 1 0.99987835
354696898.0 0.0 1805.8059757192968 4 3.1230265e-13
368679912.0 1.0 1810.4515717511204 1 1.0
230018510.0 1.0 1795.6570581679412 1 0.9999182
365943176.0 1.0 1795.5135543250003 1 0.9999996
354965858.0 1.0 1799.0978524173604 1 0.99996936
346851757.0 1.0 1798.8494088724478 1 0.9998583
444756929.0 1.0 1796.4523550234942 1 0.99999994
406681219.0 1.0 1796.138498523633 1 0.99999136
284609328.0 1.0 1806.014310112377 1 0.99984366
388606538.0 1.0 1796.450597622204 1 0.99996346
250581143.0 1.0 1799.390413474501 1 0.9999791
373126975.0 1.0 1799.1593267714884 1 1.0
376039170.0 0.0 1793.3255925325698 0 6.2779135e-12
67514724.0 1.0 1798.8910423710242 1 0.99994504
252864392.0 0.0 1811.3907085168498 2 4.693313e-06
366973440.0 1.0 1796.3462836326255 1 0.9999741
229765695.0 1.0 1798.740401596858 1 0.9999986
445606247.0 0.0 1805.202788048739 0 0.0011154265
251457925.0 0.0 1799.34843493588 2 0.0014689686
374397100.0 0.0 1808.9522982058534 0 4.4837757e-06
314641836.0 1.0 1806.2202603771584 1 0.99965197
291998825.0 1.0 1796.7448305038054 1 0.9999997
376546667.0 0.0 1805.221459174389 0 7.7810586e-07
423948019.0 0.0 1808.8876610329746 0 8.413942e-08
422305654.0 0.0 1811.1162551484588 2 1.526558e-15
279501959.0 0.0 1808.9103497287251 0 0.0002389207
81755546.0 1.0 1811.3481889117 1 0.999949
21179484.0 0.0 1805.301514128149 0 2.2096935e-06
288318622.0 1.0 1796.303634670053 1 0.9994107
83908323.0 1.0 1794.0976465288065 1 0.9999508
51026422.0 1.0 1795.8481282492762 1 0.9998446
241023899.0 1.0 1799.1610532590717 1 0.99999994
252810411.0 0.0 1795.6405544038068 2 2.6301045e-08
246965607.0 1.0 1793.8498013919516 1 0.99997234
101169160.0 0.0 1805.4747000243246 0 0.00054121757
52189823.0 1.0 1794.514650187019 1 0.9999681
285787160.0 1.0 1798.1190766053028 1 0.9999987
265092844.0 0.0 1808.848639801375 0 3.0301317e-06
289722297.0 0.0 1810.1971781907068 2 3.2935513e-06
52035028.0 0.0 1806.7018644463346 4 8.0126365e-06
400674996.0 0.0 1812.514645377369 0 1.5677388e-08
83806793.0 1.0 1811.451436935325 1 0.9999961
269609504.0 0.0 1807.6593453619405 3 7.2011216e-20
357097766.0 0.0 1812.3849070968251 0 1.7538077e-10
81755405.0 1.0 1796.7438086347847 1 1.0
309237193.0 1.0 1794.2860908839111 1 0.9999457
347691290.0 0.0 1807.056779718551 4 1.5226289e-12
73728595.0 0.0 1808.953699966587 0 0.0011651469
13356881.0 1.0 1797.0566461328995 1 0.99998945
407208659.0 0.0 1808.8680312230742 0 1.2810514e-06
401084504.0 1.0 1794.327602041866 1 0.9997112
279783631.0 1.0 1799.7220658636766 1 0.9999728
403572572.0 0.0 1812.389979497934 0 8.425471e-07
390522058.0 1.0 1797.327500455746 1 0.9999903
452936933.0 0.0 1809.2018035882404 0 2.9352756e-07
12869477.0 0.0 1805.2216316502333 0 6.237359e-05
428119363.0 0.0 1812.3698821780183 0 5.861971e-05
410621612.0 0.0 1809.0988032890336 0 0.00014041744
229402514.0 1.0 1797.6154079799944 1 0.99968785
256476907.0 1.0 1797.9726970993488 1 0.9999343
198278962.0 1.0 1796.801942513417 1 0.9997809
424437726.0 1.0 1810.9067790366494 1 0.9999798
233625526.0 0.0 1797.7401967067144 2 6.50286e-11
21119455.0 1.0 1798.7039047933326 1 0.9999694
468293391.0 0.0 1811.471725701736 3 7.888394e-28
377071022.0 1.0 1805.5756450037297 1 0.9988336
270010057.0 1.0 1806.2218974420975 1 0.99996114
65349164.0 1.0 1797.474147530968 1 0.9999765
352760933.0 1.0 1795.1787727927467 1 0.9996173
377506471.0 0.0 1810.888121286902 3 8.192944e-19
54790697.0 1.0 1799.3687986215998 1 0.9996086
198206106.0 1.0 1798.4473528751162 1 0.9999572
251523621.0 0.0 1805.5985978464678 2 1.1738018e-07
369280326.0 0.0 1797.847743825452 0 2.3147165e-06
417489257.0 0.0 1805.3058821739555 0 8.950701e-06
387353320.0 1.0 1805.6163686567731 1 0.9999747
374218844.0 1.0 1797.4729377636993 1 0.999998
285036238.0 1.0 1795.5979047488042 1 0.9999994
13088260.0 1.0 1799.098307413991 1 0.9999584
67997050.0 0.0 1805.3491799658973 0 0.0001560453
198457457.0 0.0 1811.509722970327 3 1.4618488e-33
408358699.0 1.0 1797.0961264365053 1 0.9999705
359629316.0 1.0 1805.968792789837 1 0.999999
232604261.0 1.0 1794.0726204479543 1 0.9995835
375082757.0 1.0 1799.744289412852 1 0.9999877
255878389.0 1.0 1797.0977911852094 1 0.9999995
302079289.0 1.0 1799.0571479423143 1 0.9965823
117261364.0 1.0 1795.8073199747555 1 0.99999124
363027090.0 0.0 1798.6592151403174 4 0.0
275603383.0 0.0 1805.1998986968858 0 1.2598994e-06
288408131.0 1.0 1795.5534651230282 1 0.99998873
13275758.0 1.0 1795.0342893544544 1 0.999987
270054967.0 1.0 1810.2662200536195 1 0.9951261
321821691.0 0.0 1808.845772668918 0 0.00085193117
116849798.0 0.0 1812.3907739737292 0 0.0008529482
306183336.0 0.0 1812.7020983040336 0 5.292756e-09
385205711.0 1.0 1796.2241654689988 1 0.9999976
229960594.0 1.0 1806.3860671999737 1 0.9999981
279085391.0 0.0 1808.8682661532698 0 1.4524268e-05
83525725.0 1.0 1795.0974906868207 1 0.9999992
53969220.0 0.0 1805.5354492858262 0 7.480446e-07
441729288.0 0.0 1808.865418578022 0 5.919962e-05
264625464.0 1.0 1810.661121187631 1 0.99999726
377200445.0 1.0 1798.2215721805612 1 0.9999913
229444113.0 0.0 1812.3445663197128 0 5.7175377e-05
445439435.0 1.0 1794.2441916040727 1 0.99999577
389972215.0 0.0 1809.7230109138955 4 7.3941325e-11
418082911.0 0.0 1805.3076140920452 0 0.00043800694
284207676.0 0.0 1793.1394420459433 0 5.2842754e-08
374391190.0 0.0 1812.4107295019217 0 2.1868824e-05
308608582.0 1.0 1811.1193624108025 1 0.99987566
129985308.0 1.0 1811.2659353680106 1 0.99902797
230126164.0 1.0 1796.3228509262535 1 0.9995952
376870405.0 1.0 1805.7825042510499 1 0.9993605
292938268.0 0.0 1812.6822922115477 0 0.00082882715
312334734.0 1.0 1794.1605473294333 1 0.9999969
288852555.0 1.0 1810.7645089871692 1 0.99999994
428543182.0 0.0 1809.2017490238957 0 2.6848352e-06
428414343.0 0.0 1812.7015156617001 0 5.166264e-07
366517381.0 0.0 1804.5122223337478 3 9.471641e-38
452938965.0 0.0 1805.5560793535808 0 1.5291353e-10
85525113.0 1.0 1810.1204887498525 1 0.99992067
348765189.0 1.0 1795.1203925490033 1 0.9998185
445397955.0 1.0 1810.6811743164678 1 0.9998725
12986516.0 0.0 1812.410771465891 0 2.3701618e-06
468343249.0 0.0 1795.596723649229 3 8.719314e-34
52189624.0 1.0 1794.2229761342076 1 0.9999502
354465329.0 1.0 1799.3903069205635 1 0.9999576
358824770.0 0.0 1808.8466139426298 0 8.962369e-06
348527100.0 1.0 1797.8485646449894 1 0.9999836
427846146.0 0.0 1796.909511669442 0 1.41701585e-05
137204219.0 1.0 1810.8264108273322 1 0.9995344
63587160.0 1.0 1798.703752238086 1 0.999662
241090523.0 0.0 1805.2027808489286 0 5.622647e-08
405491558.0 1.0 1810.891470105212 1 0.999975
279270131.0 0.0 1809.1600038718964 0 0.00011354534
370073677.0 0.0 1809.2023877669544 0 0.0016420636
353492649.0 1.0 1810.8062467098828 1 0.99993616
116883339.0 0.0 1796.8281456261368 0 1.7564109e-05
50257461.0 1.0 1796.6813380186284 1 0.99962157
50269558.0 0.0 1808.9107758627904 0 0.00043268056
368610989.0 1.0 1805.4722542928757 1 0.99722874
410865445.0 0.0 1805.244907713454 0 3.2217346e-07
275188990.0 1.0 1795.4092533039666 1 0.99999446
427652201.0 1.0 1795.3883685558917 1 0.99999917
129869843.0 1.0 1794.6203438458865 1 0.99957454
255993442.0 0.0 1808.8452633188754 0 0.00020829379
320504335.0 0.0 1810.3017328451292 2 2.5295305e-05
229980400.0 0.0 1796.9072269624457 0 1.8469978e-05
322058690.0 1.0 1798.0960190036492 1 0.9996405
229490023.0 1.0 1797.199115081787 1 1.0
435744753.0 1.0 1796.0341464984558 1 0.9999742
230079118.0 1.0 1798.0104252183266 1 0.99995136
198182263.0 1.0 1810.947592473458 1 0.99999136
354404238.0 0.0 1808.8486453705602 0 1.4296639e-05
270236735.0 1.0 1806.0761103548866 1 1.0
54790069.0 1.0 1805.9521134187805 1 0.9999856
77452867.0 1.0 1793.2871955874948 1 0.9992836
77489309.0 1.0 1797.4121929290286 1 0.9976616
369241606.0 0.0 1805.2642580919967 0 6.904085e-06
126023725.0 0.0 1809.2037541113204 0 0.0005125597
385245132.0 1.0 1797.7865767193418 1 0.99997675
126063387.0 0.0 1793.8912336491946 2 0.051995195
399854549.0 0.0 1810.346928907946 4 5.0402866e-07
187087443.0 1.0 1797.6202483750092 1 1.0
229459572.0 1.0 1811.323564760679 1 0.9999173
327392642.0 0.0 1812.3694310724325 0 9.079425e-05
367187840.0 1.0 1805.867223817846 1 0.99985045
427090354.0 0.0 1810.2206609492746 2 3.075051e-15
184685168.0 0.0 1800.4326903004128 0 0.00017023287
308219912.0 1.0 1798.5151792209176 1 0.995648
230075965.0 0.0 1800.6561185758317 4 1.4666954e-13
116841472.0 1.0 1806.307226843728 1 0.99979466
370951440.0 1.0 1805.3068726864885 1 0.9999892
420288576.0 1.0 1798.2017970155741 1 0.99999845
236886354.0 0.0 1794.3243806005773 2 3.836673e-05
269697721.0 0.0 1810.4493747455015 3 8.833027e-14
233723060.0 1.0 1797.7607265933357 1 0.9993259
321824026.0 0.0 1796.8251404075277 0 5.5331995e-05
420545677.0 1.0 1806.0558986525552 1 0.99999934
90552859.0 1.0 1795.287087196442 1 0.9999996
444749895.0 1.0 1799.6397286110696 1 0.99999946
370059370.0 1.0 1797.4941563483696 1 0.9999985
275464103.0 1.0 1795.6810445060619 1 0.9867158
229480112.0 0.0 1805.2197999211323 0 2.978386e-14
402373186.0 0.0 1812.349285379754 0 0.00017407878
431891777.0 1.0 1793.557312502914 1 0.9994309
399084672.0 1.0 1793.4107742152528 1 0.9999942
327091170.0 1.0 1796.9530776733409 1 0.9999635
94545854.0 1.0 1797.3286618338218 1 0.9999579
229676244.0 0.0 1800.657232684529 3 1.3875591e-13
406537664.0 1.0 1805.6375295119544 1 0.96924293
202984941.0 1.0 1810.3491380799735 1 0.99985766
258875083.0 0.0 1812.7199329608304 0 2.0532566e-07
28998182.0 0.0 1805.5373249742672 0 0.0004952328
299436219.0 0.0 1796.6405289802838 0 7.675689e-05
250859182.0 0.0 1796.6405102585175 0 0.00080976484
367186261.0 1.0 1799.325522177888 1 0.9998792
390019727.0 0.0 1794.406150006868 0 8.399355e-11
198354443.0 0.0 1810.4680187042675 3 1.2236929e-16
396343734.0 0.0 1812.3473394024406 0 1.918014e-05
13609893.0 1.0 1811.3899871814422 1 0.9999772
374391716.0 0.0 1805.2649063899305 0 2.2189651e-07
240887986.0 1.0 1811.0357777228849 1 0.99999964
192373909.0 1.0 1806.0160328224233 1 0.9999607
49731560.0 0.0 1807.9317244653373 4 1.7495364e-19
238823344.0 1.0 1794.1407480624282 1 0.99997693
408364757.0 1.0 1806.1792888806488 1 0.9999941
237237907.0 1.0 1799.157878565126 1 0.9999994
434625997.0 0.0 1804.4092770908126 3 1.6488354e-14
116051521.0 0.0 1812.3489017184754 0 9.2357413e-07
236864241.0 1.0 1796.178480909539 1 0.99999875
275142947.0 1.0 1797.2637926186203 1 0.9999553
402894812.0 0.0 1808.8452286656352 0 1.0635322e-06
13840107.0 0.0 1794.3480633772087 0 6.67269e-05
376869780.0 0.0 1808.8659554130431 0 5.640343e-10
201112646.0 0.0 1805.537078690405 0 0.00016299142
399506268.0 0.0 1808.846664481169 0 4.6493817e-05
219740461.0 1.0 1793.48918817039 1 0.99982494
396576624.0 0.0 1812.6408043520378 0 0.0016211309
21189397.0 1.0 1797.1767257844613 1 0.99999696
298734307.0 0.0 1794.677210648358 3 2.2055183e-22
103951737.0 1.0 1805.9740417424557 1 0.9999926
316322253.0 0.0 1796.8901781793184 0 4.9897586e-05
237238590.0 1.0 1797.845427976322 1 0.9999988
354924387.0 1.0 1798.055966800999 1 0.99996066
427111667.0 0.0 1812.3456077833443 0 0.00016594304
293067496.0 0.0 1809.1823585479265 0 0.00073566363
184656128.0 1.0 1793.3702539932688 1 0.99999684
348306290.0 0.0 1808.8486434183073 0 6.353203e-11
256414344.0 1.0 1811.1811238953278 1 0.9999998
354868111.0 0.0 1808.8906571495318 0 5.04742e-07
241029468.0 1.0 1799.6819616315909 1 0.9999721
353505793.0 1.0 1806.0335063096647 1 1.0
376291842.0 1.0 1811.471309978256 1 0.9998814
365942505.0 1.0 1796.6385279755002 1 0.9999996
241119694.0 1.0 1811.369552009396 1 0.99998677
232634636.0 0.0 1812.7597875329081 0 3.0142478e-06
233514389.0 0.0 1794.4056591129083 0 0.0015476755
192794239.0 1.0 1793.7866359144653 1 0.999776
434980003.0 1.0 1795.3885262969561 1 0.9998374
229688549.0 1.0 1810.7808880191303 1 0.99999946
327093958.0 0.0 1812.3485675495754 0 9.8651755e-05
395655987.0 1.0 1794.3260090801894 1 0.99998796
354162720.0 1.0 1796.887707968496 1 0.99998087
444527225.0 0.0 1812.7019211536783 0 1.4138504e-05
240933918.0 0.0 1805.2026446744037 0 1.6657425e-05
192591464.0 1.0 1797.0782818901832 1 0.9995556
229968704.0 0.0 1796.9070441501087 0 4.372628e-05
408197076.0 1.0 1798.4537100047942 1 0.9996356
84160098.0 0.0 1809.2016280156329 0 0.000116516334
235714714.0 0.0 1810.365966242935 4 0.0
72085328.0 0.0 1806.7649141826653 4 3.0056988e-14
301333379.0 1.0 1796.4945402772037 1 0.99980676
385145227.0 0.0 1796.1201175382835 2 4.00373e-05
369278985.0 1.0 1796.0561104879266 1 0.99990463
229592538.0 1.0 1805.240656636179 1 0.99990696
249886811.0 0.0 1808.890559573568 0 1.0858388e-13
129911196.0 0.0 1797.390966481656 2 0.031822596
116057769.0 0.0 1793.3279104483843 0 2.2520044e-08
410735111.0 1.0 1797.0572243474105 1 0.9999769
445663788.0 1.0 1811.1610011094865 1 0.99999946
240701337.0 1.0 1798.7439764219478 1 0.99946904
245553367.0 1.0 1797.640231147264 1 0.99992627
259234905.0 1.0 1795.407370750224 1 0.8425866
356056109.0 0.0 1812.4277479328864 0 0.00011977114
392569148.0 0.0 1808.8434796268712 0 0.00012707018
201355375.0 1.0 1806.391111157951 1 0.9999525
192464394.0 0.0 1808.8492482379527 0 0.0005374213
338718899.0 1.0 1797.1382938717552 1 0.9997153
13838327.0 1.0 1798.618997480288 1 0.99999803
346594367.0 1.0 1806.0373006162476 1 0.99988025
256607833.0 0.0 1805.2858745274573 0 7.3890633e-06
356785133.0 1.0 1805.9279818197165 1 0.99992853
46425981.0 1.0 1810.870637125933 1 0.99995106
347427161.0 0.0 1805.4118122253228 0 0.00025281918
326858407.0 1.0 1811.2235314953048 1 0.9999912
288600647.0 1.0 1810.199649996841 1 0.9999952
389848848.0 1.0 1811.1603016432703 1 0.9998792
250750201.0 1.0 1793.2029956315462 1 0.9999897
268516039.0 1.0 1797.5760693870295 1 0.9999992
302544369.0 0.0 1796.641336483122 0 0.0013176403
308785418.0 1.0 1799.640300764656 1 0.9998859
354835559.0 1.0 1810.452079097622 1 0.8877491
275462086.0 1.0 1796.930957953084 1 0.9998107
233531243.0 1.0 1794.573560725327 1 0.99999976
410703051.0 0.0 1808.3281796522128 4 0.00079541607
322263832.0 1.0 1806.1584757479498 1 0.9930979
403877209.0 1.0 1796.9314170504936 1 0.999911
240853900.0 1.0 1805.7858116808602 1 0.99998444
12740603.0 1.0 1794.5980408355135 1 0.9999988
436930028.0 1.0 1793.3705322989333 1 0.99946046
252107997.0 1.0 1796.8899252738997 1 0.99994737
317028902.0 0.0 1805.2028459533185 0 1.0540532e-07
326785507.0 0.0 1800.1392437978202 0 0.00011977034
1981434198.0 0.0 1809.5331420603998 3 0.0
186943162.0 0.0 1812.6200254631763 0 0.00021258106
428170643.0 1.0 1795.161285067068 1 0.9999874
192734984.0 1.0 1796.849047079928 1 0.99999774
255993777.0 0.0 1798.4912594959885 3 0.00029331187
46428036.0 0.0 1805.578972804701 0 0.0023480353
130155097.0 0.0 1805.4952410274875 0 0.00014159351
399260561.0 0.0 1812.4520997375068 0 1.16089915e-07
229997706.0 1.0 1811.156971396403 1 0.9999994
441742116.0 1.0 1798.4486624921544 1 0.9999911
265427465.0 0.0 1805.221710181213 0 7.037422e-06
230001021.0 0.0 1808.8859014449624 0 2.2528772e-07
378471683.0 1.0 1795.2639096799048 1 0.9999425
235716789.0 1.0 1794.9700549336224 1 0.9997902
240940049.0 1.0 1805.9733308419973 1 0.9999844
271912478.0 0.0 1805.2013076655933 0 4.2036836e-06
137908606.0 0.0 1809.1829412442655 0 4.8973656e-05
83902236.0 0.0 1798.576805239409 2 1.5609267e-12
302393948.0 1.0 1805.911431836457 1 0.99981964
309301037.0 1.0 1797.411248814477 1 0.99997294
13610498.0 0.0 1812.410799256846 0 0.0005476915
356820646.0 0.0 1797.7821178132874 3 1.1699e-36
422960767.0 1.0 1793.8490301999989 1 0.9701258
421683849.0 0.0 1809.2018829353556 0 1.2621639e-06
307479264.0 1.0 1810.1824873193477 1 0.9998176
368453777.0 0.0 1808.8889782281528 0 4.4812547e-05
83729128.0 0.0 1808.868118436585 0 9.38144e-06
445199576.0 0.0 1796.63967789839 0 8.111517e-07
265390268.0 0.0 1808.8456578659282 0 3.3297715e-07
230114503.0 0.0 1804.3232641818333 3 6.2147746e-18
312471759.0 1.0 1797.1606102342982 1 0.9999583
198416591.0 0.0 1798.5931841174536 3 0.0
366470011.0 1.0 1799.3461462232729 1 0.9978549
202932293.0 0.0 1805.494922644938 4 5.343352e-16
250563009.0 0.0 1812.3694688626285 0 2.0677147e-05
259107632.0 1.0 1798.2030004738456 1 0.9999946
396161521.0 1.0 1795.284441854705 1 0.9999998
35154430.0 0.0 1809.203980371049 0 0.0020722167
406854936.0 1.0 1811.5529818579562 1 0.9999912
398015474.0 1.0 1798.5974241181755 1 0.99990636
232601695.0 1.0 1805.8438486706914 1 0.9999952
63348375.0 1.0 1796.891203469907 1 0.99999994
322389686.0 1.0 1798.2419474539447 1 0.9999986
317710049.0 0.0 1805.2007977149294 0 1.5728926e-09
264172714.0 0.0 1809.65745220563 4 2.6816846e-10
229642444.0 0.0 1808.9285257211366 0 0.00022718479
335157865.0 0.0 1796.8255336866025 0 4.5662073e-05
305641938.0 0.0 1795.5957318923001 4 1.8452436e-12
177801825.0 1.0 1795.0785511484546 1 0.9999958
445244903.0 1.0 1793.368944519863 1 0.99999976
292466626.0 0.0 1793.1408337647126 0 0.00015625524
418031506.0 0.0 1808.9325416395598 0 0.00048588612
116847982.0 1.0 1793.723929422032 1 0.9998942
376403993.0 1.0 1798.6590631707945 1 0.99979776
285181196.0 0.0 1797.6204043840437 3 6.9935663e-06
12735766.0 1.0 1810.889875883453 1 0.9999987
292152018.0 1.0 1796.4740108202327 1 0.99999595
285036664.0 1.0 1798.6603769407527 1 1.0
366470607.0 1.0 1795.5336546705612 1 0.9999999
453303485.0 1.0 1806.0982945801663 1 0.99999887
353240566.0 1.0 1810.9518632627505 1 0.9999632
237290140.0 0.0 1793.3245476652346 0 3.8361415e-07
400734889.0 0.0 1808.9522456416696 0 2.7627664e-06
420268169.0 0.0 1812.3668426342708 0 0.0001190615
337886863.0 0.0 1794.929908361082 3 2.737429e-07
54529549.0 0.0 1809.181163997331 0 0.00013445388
256697252.0 1.0 1797.2437770008735 1 1.0
436879848.0 1.0 1806.2871903357734 1 0.9999561
422562544.0 0.0 1795.1592165625534 4 0.0
396615018.0 0.0 1801.6409499718648 3 1.9961795e-05
194738508.0 1.0 1798.516114077412 1 0.9998394
286124944.0 0.0 1812.4730201215414 0 1.6978146e-09
283135126.0 1.0 1798.4104093652013 1 0.9999926
366821722.0 1.0 1805.6587865105587 1 0.99999803
410232359.0 1.0 1795.9920383614733 1 0.99989164
10867335.0 0.0 1812.431389730308 0 9.830354e-11
420843726.0 0.0 1796.6395102628671 0 0.0014671332
395843820.0 0.0 1796.5763116235958 2 0.011430479
241117789.0 1.0 1795.6614182482526 1 0.99984246
334677725.0 1.0 1795.3858084450023 1 0.9999771
267542061.0 0.0 1805.2827725514437 4 3.4922002e-34
367838290.0 0.0 1812.3447944797915 0 3.0550493e-09
424426625.0 1.0 1799.4284277617728 1 0.99936473
427588201.0 0.0 1796.9091813062707 0 8.3206584e-07
50759520.0 0.0 1812.4524880907086 0 0.00035908134
428472302.0 1.0 1795.5352599043765 1 0.99999607
316741712.0 1.0 1794.5149601028822 1 0.99994457
198354443.0 0.0 1796.0305025594112 3 8.124606e-17
236937071.0 0.0 1812.386587594276 0 2.28752e-05
336818021.0 1.0 1798.7214256127493 1 0.9994633
373695206.0 1.0 1799.1187836136257 1 0.9766676
369151709.0 0.0 1799.2644655658914 4 8.200022e-07
274805576.0 0.0 1796.8053231766437 0 1.8941781e-10
252162295.0 0.0 1812.6605212560023 0 0.0027749846
198280218.0 1.0 1794.468209539941 1 0.9987883
67997536.0 1.0 1794.703524830445 1 0.99981344
292003360.0 1.0 1795.1825496494967 1 0.9998114
321720499.0 0.0 1805.2208006236406 0 1.5411864e-07
229458009.0 1.0 1796.4697847229154 1 0.99998707
354549203.0 0.0 1805.2028415777422 0 2.7612896e-05
83520736.0 1.0 1795.409917386933 1 0.99945045
249879726.0 1.0 1795.8072158419627 1 0.9999771
417559438.0 0.0 1805.220604396783 0 2.0652597e-07
444079686.0 1.0 1796.84866141259 1 0.97855157
379480669.0 1.0 1810.1602136226363 1 1.0
286013243.0 1.0 1810.5357615619857 1 0.9997172
229782278.0 0.0 1812.3445626368862 0 2.8206146e-06
445144913.0 1.0 1797.3062758530848 1 0.9999968
387448540.0 1.0 1810.5745540341504 1 0.9999416
367351410.0 1.0 1794.7005162985927 1 0.9999894
198183533.0 1.0 1796.864236166959 1 0.99993855
410467881.0 0.0 1794.3486026162311 2 3.406378e-10
250923701.0 1.0 1799.8279573547634 1 0.9999557
359334262.0 0.0 1812.3680489085352 0 1.5432706e-05
293124916.0 1.0 1798.3699841256575 1 0.9999937
322266557.0 1.0 1796.8877444080188 1 0.9999987
243278848.0 0.0 1798.8859484518348 2 3.067633e-16
270924589.0 0.0 1797.8471833243063 2 2.6014035e-22
403921171.0 1.0 1796.3683317290338 1 0.99993867
379324008.0 0.0 1809.1602524692296 0 0.00010605089
327703444.0 0.0 1812.348773056549 0 0.0008441113
327583823.0 0.0 1793.2227869634548 3 5.737978e-18
229688734.0 1.0 1799.3225304611465 1 0.99995506
250496656.0 1.0 1793.3488426685187 1 0.9999997
81908990.0 1.0 1811.056614722379 1 0.99997365
434533224.0 1.0 1797.617705208965 1 0.9999995
372189172.0 1.0 1798.8278631115722 1 0.9916859
297778089.0 0.0 1797.8477673873606 0 0.0015291993
256320703.0 0.0 1805.5145714067078 0 2.1609885e-05
54528609.0 1.0 1796.3270408307258 1 0.99997365
250560831.0 0.0 1808.8695912534563 0 0.00013850586
302071014.0 1.0 1811.4740172954341 1 0.99997663
285938556.0 0.0 1808.9324847312218 0 0.0023011393
219788748.0 0.0 1812.426985647681 0 0.00053069287
374833586.0 1.0 1794.8691598165303 1 0.99999326
445643360.0 0.0 1793.3902579733115 0 1.7685985e-05
229788998.0 0.0 1808.865287138138 0 0.00013057506
22945057.0 1.0 1796.9539656317345 1 0.99996495
246973941.0 0.0 1805.20380053992 0 0.0011044003
229639831.0 1.0 1797.1989374254285 1 0.999995
316250213.0 0.0 1800.5570506244294 4 0.0
240863170.0 1.0 1796.2025761166196 1 0.99999976
387329606.0 1.0 1805.7829404916392 1 0.99986774
245584130.0 1.0 1796.1194607754446 1 0.99979097
354117541.0 1.0 1797.2419191507113 1 0.99955785
396390579.0 0.0 1812.3475013497678 0 4.701242e-06
389536476.0 0.0 1809.2021015017356 0 0.0005249685
407517280.0 0.0 1795.7007063095145 2 2.4759852e-09
288316004.0 1.0 1795.8657615061716 1 0.9999971
427723970.0 1.0 1798.513593496107 1 1.0
395502102.0 1.0 1796.76362549382 1 1.0
367765596.0 1.0 1806.0965245538403 1 0.9996098
200734451.0 1.0 1796.4536449458137 1 0.99996114
285544482.0 1.0 1794.93121428872 1 1.0
192739880.0 0.0 1808.8493152965943 0 0.0010256912
198354443.0 0.0 1793.1138413231138 3 1.3094803e-15
359039683.0 0.0 1805.2431641198953 0 7.898297e-06
233734547.0 1.0 1798.9690518372308 1 0.9999976
373702832.0 0.0 1806.3478907871881 3 0.005059439
452886627.0 1.0 1806.285072599693 1 0.997439
258921602.0 1.0 1795.5322850288865 1 0.9999994
186717969.0 1.0 1798.5577402601023 1 0.999643
233741843.0 1.0 1805.7813526750692 1 0.999968
21128734.0 1.0 1810.3077888885891 1 0.99850434
65355651.0 1.0 1793.6406462184366 1 0.99951184
186985837.0 0.0 1812.7032250705715 0 0.00011002083
449937974.0 0.0 1805.2865795295438 0 0.0018599534
63623869.0 0.0 1805.641027934597 3 3.9629016e-14
238756498.0 1.0 1794.328203462161 1 0.9999767
366032282.0 1.0 1795.4095281928408 1 0.9999522
270926294.0 0.0 1796.9096752535775 0 1.6598737e-05
249884710.0 1.0 1805.4948274623357 1 0.9999927
194558456.0 1.0 1797.120195654801 1 0.99998665
376195741.0 0.0 1799.1392733796947 4 2.1402012e-20
381804997.0 0.0 1812.7660349096689 0 0.0003147061
418416799.0 1.0 1796.1808667656394 1 0.9999893
250458788.0 0.0 1796.640607207608 0 8.314035e-07
258354831.0 1.0 1810.5531921581448 1 0.9999999
408196356.0 1.0 1797.5370501912935 1 0.99968874
219738121.0 1.0 1811.40599706527 1 0.9999606
14036467.0 0.0 1808.9108588967017 0 8.222891e-08
445370620.0 0.0 1809.306280295391 0 0.00019146693
377306452.0 0.0 1797.969187426815 0 9.233974e-05
237235033.0 0.0 1809.282748824364 4 2.5817475e-24
420538276.0 0.0 1809.0978687819309 0 0.0007437443
219802551.0 1.0 1810.4477114791036 1 0.9999838
331391192.0 1.0 1793.285835397437 1 0.9994674
269697721.0 0.0 1795.6369843717036 3 1.03585605e-16
308717468.0 1.0 1799.932074052354 1 0.9992121
10974183.0 0.0 1794.3479627628262 0 9.807243e-11
326782912.0 1.0 1797.4309753938624 1 0.9999923
46480023.0 0.0 1805.4747688669113 0 0.0008827476
396166808.0 0.0 1797.1599267558788 2 7.9487594e-10
417764782.0 1.0 1806.2841307090823 1 1.0
346595078.0 1.0 1794.6412793388672 1 0.9998523
372135269.0 0.0 1808.8877576535351 0 2.212371e-09
428543182.0 0.0 1812.7016778917325 0 3.892458e-06
198558543.0 1.0 1796.447624637755 1 0.74966955
370939271.0 0.0 1805.5149587896508 0 5.1864813e-06
252148311.0 0.0 1812.702003779187 0 2.2626856e-09
252096958.0 0.0 1812.4519622201171 3 6.470807e-32
63624912.0 0.0 1809.0576200119376 0 0.00091455923
394030239.0 1.0 1795.61605007328 1 0.9999931
396341901.0 1.0 1794.680561380506 1 0.9999054
198553684.0 1.0 1793.6139543782845 1 0.9998912
199610751.0 1.0 1796.197202594194 1 0.99889636
240996689.0 1.0 1806.1609894293936 1 0.9999965
46616950.0 1.0 1794.9954991559237 1 0.99971694
449991108.0 1.0 1793.410324391635 1 1.0
237015854.0 1.0 1806.0325928971977 1 0.9994968
186970340.0 1.0 1810.7034224587467 1 0.9999917
279288019.0 0.0 1810.3473325099023 2 1.5023917e-05
252807272.0 0.0 1809.0783117903422 0 0.0013050261
387269721.0 0.0 1812.7834279190542 0 2.6854337e-08
441738781.0 1.0 1797.0735752312394 1 0.9999736
338646057.0 1.0 1810.8879907996752 1 0.9998294
417735434.0 1.0 1810.5532922067139 1 0.9999993
26534594.0 1.0 1794.1410613600133 1 0.9999663
366200164.0 0.0 1809.1599773602936 0 0.00045368154
347110157.0 1.0 1796.8684688724957 1 0.9993843
399692631.0 1.0 1796.7634683901142 1 0.99999994
233603867.0 1.0 1796.3444617763791 1 0.9999969
11061949.0 0.0 1808.9312665954155 0 2.8362547e-07
445444686.0 0.0 1808.5983898894494 4 1.4090567e-26
352035624.0 0.0 1805.5558925291634 0 8.140756e-06
407391200.0 0.0 1805.2011089442792 0 2.7487959e-09
219740187.0 0.0 1800.176910928403 0 0.00033547997
327005342.0 1.0 1799.368489473199 1 0.99999905
292938268.0 1.0 1797.6408029186916 1 0.9999849
139533844.0 0.0 1812.6409471640973 0 0.0014895245
428325837.0 0.0 1805.2447375558681 0 0.00022749386
368173011.0 0.0 1808.8469969494654 0 3.3847311e-07
356820646.0 0.0 1798.5737902792687 3 5.387551e-35
327511924.0 1.0 1799.203085670387 1 0.99998504
198554899.0 0.0 1812.4267628379125 0 0.00063280115
396561792.0 1.0 1810.6615482693464 1 0.9999628
279600257.0 0.0 1797.848001985723 0 0.00036392093
202959106.0 1.0 1795.8490767361673 1 0.999997
230026051.0 1.0 1810.115237888295 1 0.99999875
272324340.0 0.0 1802.0764165122534 3 1.3851564e-23
235977076.0 1.0 1810.7624168211153 1 0.99957514
237098273.0 1.0 1793.4687723708687 1 0.99471545
387357975.0 0.0 1812.3869170460907 0 2.957168e-08
335158350.0 1.0 1798.992168114764 1 0.9999954
396267528.0 0.0 1794.3473631053682 0 0.0006884624
356978150.0 0.0 1812.7808804099782 0 0.00058553996
232608684.0 1.0 1805.2395000423558 1 0.9999717
201357261.0 1.0 1810.6203765427147 1 0.9999877
46476509.0 1.0 1796.5163999492288 1 0.9999982
326200721.0 1.0 1796.4923621757166 1 0.9999999
252125655.0 1.0 1798.6605374420124 1 0.9999999
408364844.0 0.0 1800.3252489726092 0 5.619494e-05
385046883.0 0.0 1808.8701924525903 0 0.0012188922
418374289.0 1.0 1794.4923074966132 1 0.9999844
407457880.0 0.0 1799.6175477150557 4 5.4031698e-36
317467777.0 1.0 1795.5132152469885 1 0.99999654
366500692.0 1.0 1797.4502889933317 1 0.9999104
12002334.0 1.0 1799.2022212830746 1 0.99999976
427923174.0 0.0 1795.6386426704405 2 8.399463e-08
284719314.0 1.0 1810.9934662335963 1 0.9999998
305047748.0 1.0 1810.3480126289696 1 0.9999988
279702373.0 1.0 1796.8885410664318 1 0.99992734
159539963.0 0.0 1808.8450488957694 0 3.6764507e-09
372192734.0 0.0 1812.3486009814512 0 2.5944883e-05
54790509.0 1.0 1806.306268850002 1 0.99999994
259003334.0 0.0 1812.344701100585 0 2.2036406e-09
427323434.0 1.0 1806.2840874154776 1 0.99998075
116054123.0 1.0 1810.661343102558 1 0.9990847
292469923.0 1.0 1799.932458277477 1 0.9998577
389839603.0 0.0 1796.639663009661 0 0.002607517
236776528.0 1.0 1805.5313749853528 1 0.99973863
368610846.0 0.0 1806.34724573726 2 8.642412e-05
137122630.0 1.0 1810.2849382105296 1 0.9998583
354926863.0 0.0 1810.1187296793537 3 1.06047895e-13
292153735.0 1.0 1795.7865983349495 1 0.9995177
354744762.0 0.0 1812.6808082553214 0 0.00010083056
368733280.0 1.0 1806.2014774018944 1 0.9994664
219100598.0 0.0 1799.4070055893997 4 9.053972e-33
229782870.0 0.0 1812.3444747727287 0 1.2626103e-07
271017892.0 0.0 1805.20114067288 0 1.118215e-09
250828307.0 1.0 1795.5573098929897 1 0.9999978
265492527.0 0.0 1812.366353893707 0 3.6241042e-07
198390031.0 0.0 1797.9680046277995 0 7.497109e-05
250793821.0 0.0 1805.4947444780466 2 1.0518352e-09
292000184.0 1.0 1793.9949016720925 1 0.9999814
256104717.0 1.0 1810.285325714005 1 0.99997
230113769.0 1.0 1795.9062358038275 1 0.9999184
84161760.0 1.0 1806.3683624355617 1 0.99996287
316845444.0 0.0 1808.8488755935707 0 2.2490469e-05
26432264.0 0.0 1809.3080599581124 3 0.00017162946
323298976.0 1.0 1797.137978637313 1 0.99986994
284812090.0 1.0 1798.118410651415 1 0.9999121
255874124.0 0.0 1812.7018496840558 0 3.4877048e-06
252115405.0 1.0 1793.7232203021479 1 0.9999995
52945191.0 0.0 1793.1395671238931 0 5.403829e-05
91518228.0 1.0 1798.3914976293365 1 0.9999937
255865349.0 0.0 1793.3246340487437 0 1.10726935e-10
250562227.0 0.0 1798.0779571093065 2 2.7214692e-21
264469006.0 0.0 1799.6793458678987 2 3.432268e-11
249879393.0 0.0 1808.890543299989 0 6.5172253e-06
377332522.0 0.0 1805.2215225160069 0 1.7645432e-08
35117954.0 1.0 1797.5164205185292 1 0.99995184
302154481.0 1.0 1799.9946983377429 1 0.99999833
233712251.0 1.0 1799.4065380599436 1 0.9998034
5674169.0 0.0 1799.099650565519 3 8.2757026e-05
312779937.0 0.0 1809.2020916663212 0 8.8264875e-05
390021728.0 0.0 1800.4894899271965 3 3.1098275e-30
233200039.0 0.0 1805.4069714716893 2 6.5968945e-14
83729128.0 0.0 1812.368049638294 0 7.4306713e-06
199657786.0 0.0 1810.6348475272773 2 1.4515378e-05
445115636.0 1.0 1811.097810000051 1 0.9999994
289723065.0 1.0 1799.3641598840143 1 0.9998249
233621694.0 1.0 1799.2817603652104 1 0.99992436
376226621.0 1.0 1798.4297844854884 1 0.9999986
302469289.0 0.0 1796.4323729588361 2 7.1258815e-23
367532344.0 0.0 1809.1196120410214 0 1.4800173e-07
332375303.0 0.0 1795.2233006636827 2 2.6659006e-10
372389044.0 0.0 1808.8878087496048 0 5.457574e-06
291960901.0 0.0 1799.1198108639437 4 0.0
68153449.0 1.0 1796.1826687143068 1 0.9999647
219743269.0 1.0 1797.4267038207754 1 0.9999809
333066555.0 1.0 1796.785766129201 1 0.99999833
65694498.0 1.0 1806.3910344042552 1 0.99976176
308440627.0 1.0 1799.911051880141 1 0.9999997
364183728.0 1.0 1811.3040841018892 1 0.9994021
22843800.0 1.0 1810.6203851107389 1 0.9999968
249856687.0 1.0 1806.3072028165273 1 0.9999987
177886801.0 0.0 1805.2244638988004 0 0.0008909981
373284392.0 1.0 1800.0344364441967 1 0.9999953
367070088.0 0.0 1806.6797019978073 4 2.4949406e-22
201004840.0 0.0 1794.4952021236104 2 0.007237861
275059964.0 0.0 1812.3469359907958 0 0.00012939224
101092642.0 1.0 1794.495427843079 1 0.99987864
50937797.0 1.0 1811.2857546317223 1 0.9999049
316619550.0 1.0 1797.265129986455 1 0.9999969
85341834.0 1.0 1794.1827762694215 1 0.9999999
279845407.0 1.0 1795.9315604135445 1 1.0
279763201.0 0.0 1808.9107811016504 0 0.0009541611
441801985.0 1.0 1794.5321274633498 1 0.9999941
388074101.0 1.0 1810.2830687428316 1 0.999975
367150268.0 0.0 1796.8255626182306 0 5.0579297e-07
288510378.0 1.0 1794.261695268395 1 0.9994433
229703476.0 0.0 1808.9692932892328 0 4.202827e-07
233574649.0 1.0 1796.8859556640177 1 0.9999577
356194818.0 1.0 1806.405441174217 1 0.999934
229741985.0 0.0 1811.1780591968277 3 6.813696e-05
311828154.0 1.0 1798.035378712967 1 0.999928
322338839.0 0.0 1805.2443724267303 0 1.2514274e-08
264917481.0 0.0 1805.2028928659743 0 4.1680683e-05
289350968.0 0.0 1799.347191084214 2 2.5512443e-05
317653139.0 0.0 1794.8675332305752 4 1.5176921e-37
275854772.0 1.0 1811.4313164267785 1 0.99999994
374776649.0 0.0 1808.8694056668162 0 4.4909312e-11
292978225.0 1.0 1798.3492213199834 1 0.99957234
279435154.0 0.0 1812.556275042411 0 1.2458302e-09
54883317.0 1.0 1799.577061189686 1 0.9999699
117758211.0 0.0 1809.786393812484 4 2.4458107e-19
265147478.0 1.0 1797.012474806477 1 0.999997
407114784.0 0.0 1795.5972509743867 2 1.5300176e-12
410700235.0 0.0 1812.3906079781768 0 1.048912e-13
376288537.0 0.0 1805.221431858637 0 0.00026588072
200793167.0 1.0 1805.453649175042 1 0.99999934
395652643.0 1.0 1796.8472290683771 1 0.9996006
450004241.0 1.0 1794.1189376415107 1 0.9999896
117398086.0 1.0 1805.5158008711394 1 0.9999434
177975382.0 1.0 1805.9121043342814 1 0.999999
428709838.0 1.0 1810.9303213396377 1 0.9998927
351548004.0 1.0 1795.1599380842943 1 0.9999998
256349356.0 1.0 1805.5541900360188 1 0.99991494
327011233.0 0.0 1808.9945140233413 0 0.00062817126
233719736.0 1.0 1796.7398485712617 1 0.9993932
250720272.0 1.0 1798.0362388646047 1 0.99998844
427518970.0 0.0 1796.9091915617787 0 4.697773e-06
186597420.0 1.0 1798.3703899102054 1 0.9999969
255921486.0 0.0 1795.4705268573705 2 1.449463e-07
138020108.0 1.0 1798.433008125196 1 0.9996963
229440509.0 0.0 1812.3652670777665 0 1.0022043e-05
177827291.0 1.0 1796.4743649849217 1 0.99997336
299330790.0 1.0 1796.4109064024215 1 0.99997777
357671841.0 1.0 1798.5148474909975 1 0.999948
354786581.0 0.0 1808.9309649616896 0 2.4935252e-06
445491744.0 1.0 1799.0569099131221 1 0.99999905
259947804.0 0.0 1795.2026263480006 4 8.178801e-11
280164550.0 1.0 1796.8452001604342 1 0.9976147
333803315.0 1.0 1794.762247737035 1 0.99999917
377967107.0 0.0 1812.367525544274 0 1.0245549e-05
407319154.0 0.0 1800.3054911751492 0 1.5095204e-06
52178333.0 0.0 1809.3685222215042 0 1.176666e-06
235904974.0 0.0 1805.678712348174 2 8.5589294e-05
422426616.0 1.0 1794.7625286957125 1 0.9999999
34620821.0 0.0 1805.2872916494086 0 0.00037135818
198160374.0 1.0 1798.2597504132286 1 0.99997145
376971463.0 0.0 1807.3672941645186 3 6.9613635e-13
65577476.0 0.0 1796.6409024973748 0 0.0020940646
230078862.0 1.0 1794.968619076093 1 0.99969923
269419535.0 0.0 1793.4096677405603 0 1.11643644e-07
445248479.0 0.0 1794.993847205207 2 3.5922824e-11
356917895.0 1.0 1799.34362417 1 0.999941
428795527.0 0.0 1794.4717401006685 3 9.356353e-05
236998339.0 1.0 1811.2825819446216 1 1.0
258800240.0 1.0 1805.4696331337282 1 0.9999922
50941668.0 0.0 1808.910827262892 0 0.00036007477
374605557.0 0.0 1805.285803242205 0 3.0071476e-06
250860873.0 1.0 1798.5155782164065 1 0.9999993
322202573.0 1.0 1798.6377079661288 1 0.99999756
233730349.0 1.0 1798.0731346829316 1 0.9999983
316442745.0 0.0 1796.8277682442322 0 7.237765e-05
233534487.0 0.0 1812.6563839601283 0 4.2255177e-10
299432200.0 1.0 1794.744583293935 1 0.999962
441727189.0 1.0 1796.198936915816 1 0.9974624
332048480.0 0.0 1805.5356267039633 0 4.4630404e-08
219754614.0 0.0 1793.1770025587548 0 2.9780214e-05
385105755.0 0.0 1804.6825392483822 3 5.802253e-32
236714379.0 0.0 1795.7393063886923 3 8.1168955e-06
229494283.0 1.0 1805.927898244099 1 0.9999798
423031237.0 0.0 1796.5361020415235 4 8.60155e-24
138113554.0 1.0 1796.057930645664 1 0.999998
370950181.0 0.0 1808.8693040503256 0 0.00041375036
240829983.0 0.0 1808.9732201952563 0 0.0009903994
321989887.0 1.0 1797.3460047263218 1 0.99999994
139532660.0 0.0 1805.3701566910756 0 4.3486878e-05
229588669.0 1.0 1810.6156177511666 1 0.99966824
332374073.0 1.0 1797.8066585070678 1 0.9999999
427381732.0 1.0 1796.617438619862 1 0.99991226
422540162.0 0.0 1805.5564237831265 0 6.7202296e-07
435680812.0 0.0 1793.3047178312665 0 2.0262464e-06
366714977.0 1.0 1796.471246256626 1 0.99997973
250743350.0 0.0 1793.1405324650875 0 3.7260884e-07
230386284.0 0.0 1793.8028548786447 3 1.6344396e-20
367406316.0 0.0 1811.5359893595212 2 1.5678101e-16
240946730.0 1.0 1806.1817636793144 1 0.99999744
177992848.0 0.0 1793.1409908599749 0 0.0010798806
417331137.0 1.0 1805.5765353837028 1 0.9999924
445412390.0 0.0 1812.7020874168259 0 1.96255e-05
26619266.0 1.0 1795.8078970302124 1 0.99999577
399357353.0 1.0 1795.3273277475712 1 0.9999999
366581371.0 1.0 1798.7829988637861 1 0.9999419
352922196.0 1.0 1798.722685511654 1 0.9997353
250580072.0 0.0 1808.8694831936684 0 0.00019875419
376971463.0 0.0 1805.096485669742 3 9.132224e-26
436930306.0 0.0 1793.141373223944 0 0.0007002555
405463433.0 1.0 1794.0997037662964 1 0.99974924
445277797.0 0.0 1806.0147310843347 4 1.6401023e-15
387561593.0 1.0 1796.9914371754926 1 0.99999505
52631267.0 1.0 1806.4311430068772 1 0.99987704
283134835.0 0.0 1812.7018656584778 0 0.0010251446
428706982.0 1.0 1796.7843089814558 1 0.9999911
424284396.0 1.0 1798.8688733220556 1 0.99995744
101131323.0 0.0 1800.1412511370688 0 0.00017868997
301797771.0 1.0 1794.09983797957 1 0.9998605
241006859.0 0.0 1812.3899915076317 0 5.3555675e-07
396444503.0 1.0 1810.7846892645773 1 0.9999985
429031794.0 1.0 1794.533286929905 1 0.91504
284219415.0 1.0 1811.3057532740272 1 0.9998671
326818710.0 1.0 1795.5975277204632 1 0.99998736
247012234.0 1.0 1796.933143318675 1 0.99999976
235941004.0 1.0 1799.9079525498405 1 0.9999879
316620896.0 1.0 1795.390127046073 1 0.99996877
406707806.0 1.0 1810.9933519411525 1 0.999998
368607501.0 1.0 1794.4722395649337 1 0.99999946
233525922.0 1.0 1800.1983810640652 1 0.9995207
230015612.0 1.0 1798.7405142297844 1 0.9990895
272137103.0 0.0 1808.03448924057 4 0.0
283937659.0 0.0 1805.5559509854795 0 5.409872e-07
308121998.0 1.0 1805.3693208646507 1 0.99864465
320179989.0 0.0 1805.5351995513865 0 4.224371e-05
428517150.0 0.0 1805.2241061590455 0 0.00010434161
412359278.0 1.0 1810.179318799522 1 0.9998653
192416896.0 1.0 1798.0158829844656 1 0.99999267
241049137.0 0.0 1805.2027647659788 0 0.00016713688
308959273.0 1.0 1795.1613416879384 1 0.9999949
418260924.0 1.0 1797.6167908607904 1 1.0
250747121.0 1.0 1795.494793188951 1 0.99999994
405482889.0 1.0 1811.391487450578 1 0.9999914
233533396.0 1.0 1811.4272761307348 1 0.9999821
287151482.0 1.0 1796.0310200392366 1 0.99995095
11159891.0 0.0 1808.9107373462555 0 1.984e-09
407518484.0 0.0 1796.8047578624016 0 4.0536734e-06
272928266.0 0.0 1798.7431446037315 2 2.2054497e-08
376768946.0 0.0 1805.200649991596 0 0.00056984025
335798015.0 0.0 1808.8669857665789 0 1.3947488e-07
321444025.0 0.0 1808.8873549385683 0 3.0755427e-06
427809547.0 1.0 1795.9094072867235 1 0.9998783
219109908.0 0.0 1805.7194294408773 3 1.6389299e-26
444756506.0 0.0 1812.681409553532 0 2.0611513e-07
285790549.0 1.0 1798.764913433041 1 0.9999617
288633162.0 1.0 1805.9078966087766 1 0.99985224
275192901.0 1.0 1794.1803487168777 1 0.99996865
315721954.0 0.0 1796.6373632867628 0 0.00096406665
359040380.0 0.0 1796.9099302289455 0 2.8964614e-06
264799079.0 0.0 1808.8484991433584 0 9.132559e-05
422921362.0 0.0 1809.140872685185 0 0.0021272504
444487049.0 0.0 1812.6808393267588 0 1.5527365e-05
376766363.0 1.0 1797.6798627437477 1 0.99999964
77490787.0 1.0 1794.5996536444882 1 0.99985325
410237584.0 1.0 1794.9503888807258 1 0.99999994
421389331.0 1.0 1793.8476140879734 1 0.99998575
184686035.0 1.0 1793.9743378969588 1 0.9999434
374219745.0 0.0 1808.9521953629242 0 0.00085766934
348135223.0 0.0 1805.2027283110485 0 4.596874e-09
63690652.0 1.0 1795.8704634041308 1 0.9999929
101304091.0 0.0 1809.2454938414755 0 0.00077539287
333801983.0 1.0 1794.92894657737 1 0.99999696
240783211.0 1.0 1797.1815879981843 1 0.9998297
104308329.0 1.0 1794.7236411477186 1 0.9999545
65641116.0 1.0 1795.7033641421456 1 0.9999286
388000400.0 1.0 1793.512488592252 1 0.99999887
351873519.0 1.0 1793.4725094683672 1 1.0
198538313.0 0.0 1812.3433527018972 0 0.0013706145
250742279.0 1.0 1795.4530107367254 1 0.9993439
395940851.0 1.0 1798.1597750155709 1 0.99781793
63586200.0 1.0 1797.2662084170188 1 0.99999905
232638764.0 1.0 1810.218832333137 1 0.99991024
301994054.0 1.0 1795.3070954123575 1 0.9991656
191767122.0 1.0 1799.2446295517066 1 0.9999917
389968212.0 0.0 1808.843432643785 0 1.4817996e-07
259000033.0 1.0 1798.9282282132233 1 0.99405926
202839485.0 0.0 1793.2242098283189 3 3.096379e-06
308125465.0 1.0 1798.8279061107175 1 0.999995
403524327.0 1.0 1797.265237339358 1 0.9999885
377337133.0 1.0 1796.325793142463 1 0.9383637
271833843.0 1.0 1795.4721640339374 1 0.99993527
395944886.0 0.0 1800.3053800860284 0 4.7097863e-05
302470991.0 0.0 1812.348987399642 0 2.9162984e-05
250561884.0 0.0 1812.369497595567 0 8.6866905e-09
418083844.0 1.0 1796.474168944291 1 0.9999961
424438495.0 1.0 1811.4899665676219 1 0.9999784
374780402.0 1.0 1800.4943768041883 1 0.9196716
13355842.0 1.0 1810.119182425091 1 0.99990433
51952461.0 1.0 1810.9726682505043 1 0.9999774
67635034.0 1.0 1793.6409927497443 1 0.9995936
376229643.0 0.0 1798.054740861388 2 2.4843232e-14
327341483.0 0.0 1808.8488269827878 0 0.00016536698
11149363.0 0.0 1797.8272445829448 2 1.7634816e-10
331315809.0 0.0 1794.0357824626956 2 0.00035145503
445530990.0 0.0 1808.8485442688132 0 3.8054532e-06
317511036.0 0.0 1794.8674868664405 4 1.3593243e-15
274845027.0 1.0 1799.3884498221112 1 0.9999593
264028964.0 0.0 1794.6789847679752 4 1.9665125e-23
428118368.0 1.0 1795.9740384196002 1 0.9999701
279498483.0 0.0 1805.2643303344391 0 3.940799e-07
279067445.0 1.0 1793.8268099704421 1 0.9995069
307117358.0 0.0 1809.18145914384 0 2.6435137e-06
250865149.0 1.0 1795.6406177237216 1 0.99996597
237209077.0 1.0 1806.386955577499 1 0.9999158
258680099.0 1.0 1805.3890547813976 1 1.0
468293391.0 0.0 1807.9717124453884 3 9.664936e-31
285512509.0 0.0 1812.3488289051015 0 3.7588637e-05
309053519.0 1.0 1793.6402322646668 1 0.9999949
219895311.0 0.0 1812.3440794647597 0 1.5458232e-07
259935681.0 0.0 1808.015056936626 4 4.3690278e-07
329440598.0 0.0 1794.4056500559357 0 0.00075741886
11999540.0 1.0 1798.6813167316855 1 0.97501135
288627881.0 1.0 1799.0159545041693 1 0.99999636
367453589.0 0.0 1793.3255638790336 0 7.1676644e-05
83966035.0 0.0 1808.8890025293306 0 7.275631e-05
341816088.0 0.0 1794.4057700050605 0 0.0011916182
347688587.0 0.0 1812.3484532270204 0 9.479218e-07
366507777.0 0.0 1795.2419875953992 4 2.5619245e-28
376367271.0 0.0 1793.6589431615373 2 1.3646823e-13
445133704.0 0.0 1807.452147596018 3 1.5600033e-28
278998415.0 1.0 1797.2432675200284 1 1.0
192469090.0 1.0 1810.2243255349802 1 0.9999058
452960580.0 1.0 1799.306350577984 1 0.99989414
400543141.0 1.0 1799.1817727756043 1 0.9999993
269715378.0 1.0 1805.909470955935 1 0.9998733
13189191.0 1.0 1799.8066488020604 1 0.99993825
201355863.0 1.0 1797.724297520896 1 0.99998575
381804017.0 0.0 1797.8286036645818 2 0.22185086
444619287.0 1.0 1797.473076848223 1 0.9999993
83337744.0 0.0 1805.514098685877 0 0.0013061945
28911691.0 0.0 1812.7247561794584 0 0.000754254
432046871.0 1.0 1794.4531596356 1 0.9999999
186626871.0 0.0 1795.4744482626895 2 0.010919047
331717432.0 1.0 1793.431688193971 1 0.9999756
240924874.0 1.0 1810.348270492403 1 0.9999998
354402983.0 1.0 1794.202987080174 1 0.9999999
178076631.0 1.0 1793.3911371339575 1 0.9999996
326790523.0 1.0 1810.8057049755396 1 0.9998392
269697721.0 0.0 1794.261990756964 3 6.091911e-21
399208089.0 0.0 1808.9313304477523 0 0.000115678966
269913100.0 1.0 1811.5162820860073 1 0.99991107
423950693.0 1.0 1799.7836486367228 1 1.0
433496860.0 0.0 1800.1411020402572 0 0.00018092008
52349394.0 0.0 1809.2018045423024 0 9.294028e-06
317507345.0 0.0 1798.700648602675 3 0.002160213
372264022.0 1.0 1795.4713114820338 1 0.9999998
405794860.0 0.0 1795.9085672673998 4 1.1498268e-28
280318440.0 1.0 1811.4104309270972 1 0.99998355
327396263.0 1.0 1797.8698209505317 1 0.99985784
265476481.0 0.0 1796.8900137321991 0 0.0009044977
186765005.0 1.0 1795.8911814499993 1 0.99981457
327259175.0 0.0 1800.3071819402467 3 2.336143e-11
285905428.0 1.0 1794.8895717202727 1 0.9999837
309127567.0 1.0 1810.9736185121544 1 0.9999707
417852492.0 0.0 1808.8680456288598 0 2.6268986e-05
265188671.0 0.0 1793.4096402740142 0 9.473233e-06
374840287.0 1.0 1795.3068516604199 1 0.9999669
387953782.0 1.0 1794.9916333844592 1 0.9943793
149926534.0 0.0 1809.1206173519522 0 0.000586882
20706241.0 0.0 1795.72416852737 2 4.112056e-07
367241683.0 0.0 1805.2422546981797 0 5.074787e-07
321825581.0 0.0 1796.8251438940347 0 0.00029991756
82395189.0 1.0 1794.3896281764603 1 0.99960726
279075078.0 1.0 1796.8060918524613 1 0.9999822
445635312.0 0.0 1796.3693861381787 2 1.0364463e-21
116061472.0 1.0 1810.3281652859532 1 0.99999774
250824273.0 0.0 1805.2029960309428 0 6.709263e-05
200795756.0 0.0 1808.8494467243468 0 0.001294797
229589331.0 1.0 1810.1988024128993 1 0.99999493
34977849.0 0.0 1809.1830726720143 0 0.0005276293
286479496.0 1.0 1794.4730886453085 1 0.9999322
35015461.0 0.0 1805.5789681566757 0 6.637076e-06
286118364.0 0.0 1805.2648518423207 0 3.74885e-07
116992839.0 0.0 1808.8699321658403 0 3.319827e-05
450009479.0 0.0 1805.535409306388 0 2.599216e-07
427652649.0 1.0 1796.6591954145115 1 0.99772465
67517753.0 0.0 1809.1406670701167 0 0.0008095561
445198484.0 1.0 1795.4730450024097 1 0.99999887
323304279.0 1.0 1796.867209314519 1 0.99996936
229510522.0 1.0 1799.7824182161228 1 0.9999963
452945261.0 1.0 1795.6188551971804 1 0.9999985
421692279.0 0.0 1805.556308550924 0 1.4575805e-07
331931129.0 0.0 1796.388940463655 2 1.2928031e-08
22942865.0 1.0 1805.3704834944594 1 0.9998775
237253405.0 1.0 1797.7827825568402 1 0.9999962
229706410.0 0.0 1810.4071773489256 2 2.1868386e-12
232604113.0 0.0 1812.4893059348724 0 0.0004206504
450137395.0 1.0 1794.4733927740378 1 0.9999145
288623144.0 1.0 1794.7657114477647 1 0.99987286
399443433.0 0.0 1812.5562773506344 0 7.171254e-05
357034870.0 0.0 1794.4061890947328 0 4.384402e-06
264628479.0 1.0 1811.1819169689718 1 0.9999953
387676401.0 1.0 1795.5540068145406 1 0.9999823
194663265.0 0.0 1812.6620878364088 0 0.001385924
323306240.0 0.0 1812.38776223141 0 5.994782e-07
399513271.0 1.0 1798.9510702041034 1 0.9998865
230079214.0 0.0 1793.1770572907521 0 0.00049927685
381655370.0 1.0 1798.5159182312275 1 0.99999285
249951515.0 0.0 1805.2030226601926 0 2.5367075e-05
264052273.0 1.0 1793.7622888531534 1 0.9999936
129870247.0 1.0 1796.8078156114439 1 0.9999965
385558019.0 1.0 1796.3288392035377 1 0.9996406
65647427.0 1.0 1810.620059387518 1 0.9991159
270666058.0 1.0 1799.9512632289639 1 0.99999154
329246824.0 0.0 1797.0307929649616 3 7.926939e-37
73730221.0 1.0 1797.8912284221576 1 0.9999817
279266421.0 0.0 1805.222441573931 0 4.398611e-15
53712338.0 1.0 1795.9313807883043 1 0.9998972
250803626.0 1.0 1796.369550191141 1 0.99999255
34750272.0 0.0 1808.8705548777077 0 0.00026973983
229399917.0 1.0 1811.3444446735746 1 0.99999887
402894587.0 1.0 1796.428647509022 1 0.9999727
387448344.0 1.0 1799.8455340289938 1 0.9999974
235937657.0 1.0 1805.6997889364309 1 0.99614733
259000034.0 0.0 1793.4074174266452 0 2.9537745e-08
12103222.0 1.0 1811.4314949498382 1 0.9999042
375653671.0 1.0 1796.3255090091268 1 0.9978772
269517740.0 0.0 1793.4097008513227 0 0.00037035623
229799448.0 0.0 1799.1155422797929 4 1.4202214e-34
422607357.0 0.0 1812.3466163547657 0 4.05495e-05
192692277.0 1.0 1795.32843537991 1 0.99999547
372190470.0 1.0 1799.6403383236363 1 0.9999712
387269721.0 1.0 1805.6375406278535 1 0.99997157
293062767.0 0.0 1812.5573211304334 0 0.00011633416
315937374.0 0.0 1795.1816333056836 3 3.796521e-27
403117926.0 0.0 1808.8451623367382 0 7.192777e-07
378156575.0 0.0 1812.3676789782592 0 2.4742522e-07
400496840.0 1.0 1796.0984658616273 1 0.99999946
352037377.0 0.0 1806.8266878073684 4 5.8613534e-20
265291150.0 1.0 1805.5359783613187 1 0.9999726
233533858.0 0.0 1808.864753293053 0 2.0513409e-09
428388602.0 1.0 1797.5989709643854 1 0.9998986
270065787.0 0.0 1812.787043487543 0 0.0011296355
445144542.0 0.0 1812.6601817667001 0 0.0009820412
192772576.0 0.0 1808.9118793909083 0 0.000891641
71745456.0 1.0 1796.0775553691333 1 0.99999976
354928111.0 0.0 1794.7227670425075 2 0.00019231183
320279582.0 0.0 1793.1397208455023 0 4.8095835e-14
250555759.0 0.0 1796.7447276700725 2 1.3145751e-08
184690954.0 1.0 1796.8702011008083 1 0.99996823
229611301.0 1.0 1797.7405367474378 1 0.9990225
372391762.0 0.0 1795.242134243191 4 1.3548136e-25
77457576.0 1.0 1793.328774523052 1 0.99955964
259144034.0 0.0 1805.2241002249339 0 1.21972125e-05
445558956.0 0.0 1799.9735225684055 2 5.37542e-12
327583469.0 0.0 1805.5142752117704 0 2.6567238e-06
365941784.0 0.0 1794.9093679737282 4 1.2784377e-17
200939418.0 0.0 1797.7868806728825 3 0.00063238037
63624860.0 1.0 1811.4742137404262 1 1.0
230018065.0 1.0 1798.698681775071 1 0.9996728
399831693.0 1.0 1810.117481227214 1 0.99995
245757276.0 0.0 1808.84867457486 0 4.415472e-08
418085899.0 1.0 1810.1199818532991 1 0.99959445
370347608.0 0.0 1796.056627571426 4 1.0937894e-17
354871888.0 0.0 1805.2030128141837 0 2.67038e-06
302083370.0 1.0 1797.474286806714 1 0.9999716
202977876.0 0.0 1805.2032324589109 0 5.959725e-07
192466212.0 1.0 1799.22428521767 1 0.99984354
366117573.0 1.0 1805.638727470377 1 0.9999435
445274106.0 0.0 1805.5563311735536 0 0.006492753
322326087.0 0.0 1793.325261277665 0 2.4170613e-06
445133704.0 0.0 1799.3689901552718 3 2.0754813e-32
256640207.0 0.0 1809.491834800951 3 6.624801e-21
235935385.0 0.0 1812.3873338450785 0 0.0007575009
349977780.0 0.0 1796.8245542460022 0 0.00023354989
399763642.0 1.0 1797.8259316443477 1 1.0
366105371.0 1.0 1798.7850861281877 1 0.9994095
237302304.0 0.0 1793.324590964017 0 0.00012216352
372390508.0 0.0 1812.3460840339835 0 0.11344769
264454096.0 0.0 1809.3876815222977 0 1.6088879e-06
285686830.0 0.0 1808.9106145004935 0 6.572273e-07
366835689.0 0.0 1805.221282676527 0 9.2749436e-10
327092600.0 1.0 1811.4527272232856 1 0.99991244
286356542.0 1.0 1793.6204440898218 1 0.99995786
373394521.0 0.0 1808.8885210089086 0 0.00020536453
395689933.0 1.0 1799.8681261781683 1 0.9997372
250553781.0 0.0 1808.848737232892 0 0.00035968094
331855180.0 0.0 1799.5357279472457 4 1.0804862e-16
433000652.0 1.0 1794.8701989580215 1 0.99985605
323122729.0 1.0 1811.2417298824575 1 0.9999994
368679912.0 1.0 1795.055795503556 1 0.9999984
410733690.0 0.0 1810.03660397953 4 2.0998733e-18
251357181.0 0.0 1806.2445037525765 4 0.0
284915325.0 1.0 1811.3267020075352 1 0.9999998
468343249.0 0.0 1810.8468564381712 3 1.2904978e-37
26533207.0 0.0 1809.3913761619183 3 0.0015506913
356701798.0 0.0 1795.552456377719 3 1.331937e-34
337286741.0 0.0 1798.4089587869285 4 0.0
255879628.0 1.0 1806.0143815026152 1 0.99997723
354545033.0 1.0 1794.5152874767775 1 0.9971203
292977092.0 1.0 1797.5575940602332 1 0.9998927
292321074.0 0.0 1809.1823067557402 0 0.00027112543
250796034.0 0.0 1797.6406407781099 2 1.8711117e-09
116267684.0 1.0 1797.599028374887 1 0.9996504
403038542.0 0.0 1796.640800380657 0 0.002230437
354468604.0 1.0 1793.9319957753426 1 0.9241586
387601693.0 1.0 1806.2205023993376 1 0.99999285
301572042.0 1.0 1795.2029626750073 1 0.99948364
259234489.0 1.0 1810.3864067183745 1 0.9999988
284316014.0 0.0 1809.2017300724362 0 1.6725936e-08
229711350.0 1.0 1806.3030671928868 1 0.9999965
256642905.0 1.0 1797.5753086488073 1 0.993303
284889425.0 1.0 1797.0098108462705 1 0.9996045
90694177.0 1.0 1794.1411614249787 1 0.9999697
50115636.0 0.0 1810.598142685535 2 4.4324383e-13
384816045.0 1.0 1794.4109147015845 1 0.9986365
372054243.0 0.0 1805.221125488048 0 7.3274556e-08
431875692.0 1.0 1796.3074622872914 1 0.9999113
286008668.0 1.0 1796.6606834938132 1 0.9999118
229651111.0 1.0 1806.3243239937294 1 0.99999905
367681735.0 0.0 1809.5944620043279 3 1.4838289e-24
379632635.0 1.0 1796.5560035679002 1 0.9989176
250799836.0 0.0 1811.4529134709699 2 2.8960558e-13
301162518.0 0.0 1796.7447395685485 4 0.0
377906251.0 0.0 1812.3466961707118 0 2.248253e-06
428378716.0 1.0 1811.368108593319 1 0.99988955
264226749.0 0.0 1806.179255600681 4 1.3106214e-09
352928514.0 1.0 1805.9099918383552 1 0.99999714
28780319.0 1.0 1810.661481820085 1 0.99999887
240968626.0 0.0 1796.2236678002216 2 2.1606061e-09
288603243.0 1.0 1795.282552673183 1 0.9999253
458842028.0 0.0 1806.2229955630967 3 3.4476592e-08
238776826.0 1.0 1798.3076417678064 1 0.99997246
297819072.0 0.0 1808.9101611874605 0 0.0015145931
292721569.0 0.0 1808.640771948353 4 8.825806e-32
326964352.0 0.0 1808.8486531105734 0 0.00013662706
302227871.0 1.0 1794.1823053787432 1 0.9999991
389538619.0 1.0 1796.9105275654538 1 0.99999744
350132371.0 0.0 1801.033647735225 3 2.4875179e-15
367145336.0 1.0 1795.8464135509282 1 0.9999763
191725102.0 1.0 1794.1821449481918 1 0.9999984
379377701.0 1.0 1798.8893379701178 1 0.99999994
424461577.0 0.0 1795.5315664523791 3 0.0
292975685.0 1.0 1793.745006590785 1 1.0
285089188.0 1.0 1805.932040750711 1 0.99995387
256577852.0 1.0 1798.2628022819933 1 0.9999941
352358226.0 1.0 1810.7850225564089 1 0.9999614
50943839.0 1.0 1796.8482605288862 1 0.99992377
372217648.0 0.0 1808.8877745915815 0 2.9423036e-06
403746452.0 0.0 1805.2028068124469 0 7.643629e-06
279723138.0 0.0 1798.5566309533128 2 1.0273801e-07
198206706.0 1.0 1794.1558775656893 1 0.9999999
309235372.0 0.0 1812.3901055692636 0 1.342797e-10
250801277.0 1.0 1810.3278959756112 1 0.99999434
317508768.0 1.0 1795.3257003847039 1 0.9999857
250583203.0 1.0 1793.557130361261 1 0.9995721
427647872.0 1.0 1798.7015399816676 1 0.98998815
327137540.0 1.0 1793.578205117797 1 0.9995834
373901030.0 0.0 1797.8480999886606 0 0.0020707843
280069477.0 0.0 1799.7825679479274 2 1.6379511e-08
252137181.0 0.0 1809.2022921148534 0 0.0008211151
250451391.0 0.0 1808.8902686452604 0 5.697628e-05
427689755.0 1.0 1805.3885668243886 1 0.9999933
129906918.0 1.0 1794.1619751610542 1 0.999963
285161229.0 0.0 1801.3903756337143 3 2.526841e-18
177823340.0 0.0 1811.3703931574419 3 9.696937e-08
302395643.0 1.0 1793.5572245656938 1 0.999958
85400893.0 1.0 1794.9746958977842 1 0.9998776
352954787.0 0.0 1796.6164723419747 3 9.60888e-30
137909248.0 1.0 1795.120365794204 1 0.9999001
316042773.0 1.0 1796.619300662825 1 0.99998116
390408332.0 0.0 1797.9314954395552 4 0.0059496816
116989469.0 0.0 1808.9532659156207 0 0.0005337819
292721975.0 1.0 1797.8700793928435 1 0.9999997
368444244.0 0.0 1793.4094880975254 0 1.4602252e-05
28872874.0 1.0 1795.6206065970005 1 0.99969906
258700473.0 0.0 1805.1987984725401 0 1.7502846e-07
250744364.0 1.0 1797.5989251813057 1 0.99990135
237304765.0 0.0 1799.19960160705 2 1.0706701e-06
370510731.0 1.0 1798.9316780857723 1 0.9999681
317471506.0 1.0 1795.013372633671 1 0.9994204
332259685.0 1.0 1796.7023366442727 1 0.9999732
219900027.0 0.0 1809.4692113383087 3 4.3821305e-38
139378834.0 0.0 1799.2661928436712 3 2.9807861e-05
394089367.0 1.0 1794.0537057654988 1 0.999939
65487030.0 0.0 1808.911805676093 0 0.0016562996
367863228.0 1.0 1811.4092524180367 1 0.99999994
219807930.0 1.0 1800.0520028095054 1 0.9999964
407116205.0 1.0 1795.8888730744122 1 0.9999608
238740657.0 0.0 1805.2450408233865 0 0.00018180461
368727681.0 0.0 1812.389059606439 0 9.384993e-05
21099573.0 1.0 1810.432789409213 1 0.99987245
322129332.0 1.0 1798.366844413863 1 0.99995995
468293391.0 0.0 1800.679987492703 3 9.878388e-20
353736449.0 1.0 1810.7184743223472 1 0.9999769
251683173.0 1.0 1795.8486754794187 1 0.9999128
309126202.0 1.0 1798.2446461446016 1 0.99999493
427767269.0 0.0 1799.5969927897688 3 5.739166e-16
101097762.0 1.0 1806.3913335995733 1 0.9999997
326856699.0 0.0 1798.6613838248197 4 2.8422407e-32
403626895.0 0.0 1812.3484266492453 0 0.00017051926
435355199.0 0.0 1805.2217907892275 0 7.4624572e-06
436924455.0 1.0 1810.245493484798 1 0.99998057
406837485.0 1.0 1793.5770500800882 1 1.0
283019371.0 1.0 1797.7223901208959 1 0.9999788
360018980.0 0.0 1798.616001671357 2 1.6595075e-12
279983207.0 1.0 1794.9700721254503 1 0.99998456
250717224.0 0.0 1808.9112692191375 4 1.2994595e-21
428472783.0 0.0 1805.6809658483498 0 0.00018886534
400408265.0 1.0 1799.9489750491869 1 0.9999595
229483119.0 1.0 1798.5114461572675 1 0.9999982
365941059.0 1.0 1805.388535563439 1 0.999971
219791854.0 0.0 1805.1981382827419 0 2.7314625e-11
348671419.0 1.0 1810.1610034015098 1 0.9999778
389545076.0 1.0 1796.4939786537136 1 0.9999749
390466824.0 1.0 1796.660629547837 1 0.9999125
317836693.0 0.0 1812.3883079401696 0 0.00015801394
409521951.0 1.0 1811.0991003056627 1 0.99998784
385553813.0 1.0 1794.9329608470805 1 0.9982896
315938753.0 1.0 1793.7232955310637 1 0.99999577
445181630.0 0.0 1812.7018824299867 0 7.3534335e-07
322262706.0 1.0 1793.971083855122 1 0.999972
316322598.0 1.0 1796.681827026355 1 0.9999804
367416724.0 0.0 1811.4528100888108 2 2.3208172e-06
292056305.0 1.0 1797.66164395958 1 0.9999785
241038759.0 1.0 1794.0153233379524 1 0.99977756
237302410.0 1.0 1797.324583081296 1 0.9999842
63690916.0 1.0 1811.3909644481375 1 0.999987
305430420.0 0.0 1808.8063833906779 4 5.276094e-05
292398459.0 0.0 1795.2240622199479 2 0.017851548
275762183.0 0.0 1805.5142817851515 0 1.2879351e-05
378473928.0 1.0 1811.3052533464133 1 0.99999887
399260561.0 0.0 1799.3063163802137 2 8.2596006e-14
271021225.0 1.0 1805.597001531577 1 0.999999
288391801.0 0.0 1800.6991612256584 3 7.001371e-30
308531711.0 1.0 1794.3693552589252 1 0.99999857
219741444.0 0.0 1805.3639423293766 0 4.927685e-06
321544207.0 0.0 1812.3873455826265 0 1.7542645e-08
387604978.0 1.0 1810.1995707252604 1 0.99999964
12833100.0 1.0 1797.368895775278 1 0.999937
117399286.0 1.0 1795.265626593159 1 1.0
288635063.0 1.0 1793.67854986893 1 0.9994597
139407291.0 1.0 1797.5577501947002 1 0.99957985
232636591.0 0.0 1797.0521677858576 2 2.8231063e-06
374703858.0 0.0 1797.785789984718 2 3.2765715e-16
349977587.0 1.0 1793.4704012628017 1 0.9999932
192496880.0 1.0 1795.4534074662363 1 0.99992436
367858358.0 1.0 1799.2008202145926 1 0.99999577
415877977.0 1.0 1798.557301229457 1 0.99999976
34754039.0 1.0 1797.287322990774 1 0.9999961
284811760.0 1.0 1810.180815281558 1 0.99907774
370688453.0 1.0 1794.9316223861945 1 0.99997836
424438076.0 0.0 1812.552529848119 0 6.573179e-11
395769946.0 1.0 1796.9512920695618 1 0.999854
53704740.0 0.0 1795.8478966732546 2 1.1338935e-09
415876713.0 1.0 1811.5571233460585 1 0.99991894
381733396.0 1.0 1798.0577382206964 1 0.99989915
285940626.0 0.0 1812.3699501969884 0 0.0006595747
441795750.0 1.0 1796.4073090074312 1 0.999997
368508592.0 1.0 1799.2846886437321 1 0.9999917
233051580.0 0.0 1812.4477033559574 0 0.00048945384
10791936.0 1.0 1810.6395408396522 1 0.9871881
332869782.0 1.0 1799.6607879409848 1 0.99995404
436861165.0 0.0 1796.6414726933483 0 0.0012840427
322339309.0 0.0 1812.3693454338584 0 6.669052e-07
436866247.0 1.0 1793.6205354321785 1 1.0
240891599.0 1.0 1795.5984859035073 1 0.9999483
370764731.0 1.0 1799.5568847110123 1 0.99996805
378280451.0 0.0 1812.367876899941 0 7.9050994e-07
14045089.0 0.0 1808.9107006442898 0 0.00018288048
369994913.0 1.0 1796.8272798499836 1 0.9999713
357096616.0 1.0 1811.1976029848745 1 0.9997199
279063834.0 0.0 1809.1599300199555 0 0.00031042047
264546144.0 0.0 1805.2001971570476 0 7.4601536e-05
285536129.0 1.0 1806.2436009779717 1 0.99999803
46631876.0 1.0 1798.5788835356143 1 0.9999808
235676133.0 1.0 1797.9074918041078 1 0.9989029
376971044.0 1.0 1800.2423520576524 1 0.9980872
403585408.0 1.0 1793.5953902314934 1 0.9999998
370069863.0 0.0 1805.5566989151746 4 1.3028284e-23
272426717.0 0.0 1808.8470851351333 0 5.9012273e-05
177996009.0 1.0 1798.307730257934 1 0.99999523
233048673.0 0.0 1805.5939406250386 4 1.2154528e-25
10700150.0 1.0 1798.410656561104 1 0.9999802
229761994.0 1.0 1794.38618907603 1 0.99999934
284058027.0 1.0 1794.9744525416138 1 0.9999464
385240485.0 1.0 1806.1409410140886 1 0.99993855
427643087.0 1.0 1810.2018280682746 1 0.99996036
129989147.0 1.0 1796.2243586678499 1 0.99984765
198457602.0 0.0 1808.8430297757757 0 0.0001126483
177914171.0 1.0 1798.4952094195994 1 0.9999827
312467981.0 1.0 1810.535436713321 1 0.99999815
354634298.0 1.0 1806.2866311552048 1 0.99999976
256977520.0 1.0 1795.4701404430573 1 1.0
367333051.0 1.0 1793.7838785663691 1 0.9999954
354174554.0 1.0 1798.411527233082 1 0.9997963
317509144.0 1.0 1799.4715815501902 1 0.9998079
354183708.0 0.0 1812.4739923682237 0 8.35058e-07
241022477.0 1.0 1810.8482848697647 1 0.9988555
417699852.0 1.0 1799.4910858680164 1 0.9999944
241087313.0 0.0 1812.3693777355224 0 0.00017977756
21124574.0 1.0 1810.5306414583993 1 0.9998861
258546796.0 0.0 1808.8452086543093 0 0.00042945566
427653161.0 0.0 1797.7633807303164 2 1.2456615e-09
265092399.0 1.0 1798.3694054516616 1 1.0
21129406.0 1.0 1793.7038619551743 1 0.9999188
203105437.0 1.0 1793.4950811582353 1 0.99980843
250914470.0 0.0 1799.4322767794804 4 1.2989335e-37
177968691.0 1.0 1805.891139157817 1 0.9999588
400336887.0 0.0 1812.3470745214383 0 3.4497094e-09
94725941.0 0.0 1809.1830961727558 0 0.00034408772
418028864.0 1.0 1797.578245103562 1 0.9999937
352117369.0 1.0 1805.618224888228 1 0.99380875
389768852.0 1.0 1797.9106594872108 1 0.9999457
353565609.0 0.0 1794.2432430086697 3 3.2933077e-34
389695576.0 1.0 1810.806115461369 1 0.99999976
264915221.0 0.0 1808.8487755588305 0 0.00039390288
381585037.0 1.0 1796.578542506951 1 0.9999569
63404626.0 1.0 1794.2661445471017 1 0.9999998
137960933.0 1.0 1797.4954034143987 1 0.99999994
352844018.0 1.0 1796.160223912415 1 1.0
377784713.0 0.0 1796.9074444254968 0 6.6957764e-05
230113967.0 1.0 1794.447947786261 1 0.9999901
356869802.0 1.0 1811.4902391189762 1 0.99986637
326532106.0 1.0 1810.2638888802524 1 1.0
445308298.0 0.0 1809.1813475819283 0 0.0001507924
203007213.0 0.0 1808.8698611265993 0 3.8463037e-05
186769524.0 1.0 1798.1410138626395 1 0.99996597
104149897.0 0.0 1805.7239350187451 4 7.3674564e-33
285280909.0 0.0 1805.349429002677 0 0.00036632197
375983996.0 0.0 1808.8879584449528 0 3.2945e-06
317393518.0 1.0 1795.1383111631812 1 0.9999918
251628129.0 1.0 1795.786080360275 1 0.9991515
426145828.0 1.0 1810.2634035007445 1 0.9999846
428119412.0 1.0 1793.9323312729637 1 0.99997985
199712958.0 1.0 1798.3014304286462 1 0.9999997
200996203.0 1.0 1798.6827353014448 1 1.0
50772261.0 1.0 1796.0564888463289 1 0.99999684
312146941.0 1.0 1794.3065281461336 1 0.9999998
117397619.0 0.0 1800.0574121242464 3 2.3460567e-18
237068644.0 1.0 1795.2620178967366 1 0.99999505
192248748.0 1.0 1794.76575663338 1 0.9997754
387808343.0 1.0 1796.0957243831353 1 0.9999432
233744262.0 0.0 1808.8858549099052 0 0.0005793033
346593780.0 0.0 1794.6204851143161 2 0.004454747
406518365.0 1.0 1796.3664409548135 1 0.9999963
268948897.0 1.0 1810.6800953387808 1 0.9999273
202954152.0 0.0 1809.0992000423364 0 0.00026015769
370947698.0 0.0 1808.8900847624645 0 3.2235295e-07
28757422.0 1.0 1798.1200476217386 1 0.999999
331857477.0 0.0 1793.5149814224012 2 1.9402307e-16
370690088.0 1.0 1796.2649280543253 1 0.99977833
22872908.0 0.0 1796.6413782863606 0 0.0018199007
302319351.0 0.0 1808.9322799289182 4 3.904969e-14
258872538.0 0.0 1798.6780318208873 4 0.0
417340054.0 1.0 1797.3476289029782 1 0.9999998
307118041.0 1.0 1799.910850296085 1 0.9999789
385345420.0 1.0 1806.2028197413276 1 0.9997474
378651133.0 1.0 1805.4721607583037 1 0.9851529
402442892.0 0.0 1793.407634508607 0 1.976969e-06
256314664.0 0.0 1800.1186942409731 4 3.7750115e-15
381653899.0 0.0 1805.7032795333673 4 3.521712e-34
269697721.0 0.0 1805.6577517494948 3 1.9834527e-19
387811556.0 1.0 1794.0540827482077 1 0.99994564
34820374.0 0.0 1793.1414512565689 0 0.00082086906
286177742.0 0.0 1808.9744565964454 0 0.0009770311
370595343.0 1.0 1795.5776923409442 1 0.9997279
229950598.0 0.0 1807.3650291230629 4 1.653871e-06
264845062.0 1.0 1798.846244047529 1 0.9999892
259097101.0 1.0 1796.4073697202507 1 0.999957
90669919.0 1.0 1810.4538847234946 1 0.99975073
307040154.0 0.0 1799.3275140477658 3 0.00020676758
201111472.0 1.0 1796.328611008632 1 1.0
288313254.0 1.0 1805.9076409945098 1 0.9999639
286026965.0 0.0 1812.390647386575 0 5.119896e-09
285385683.0 1.0 1793.8496497581095 1 0.99991906
289208457.0 1.0 1810.263844095569 1 0.9999953
73523692.0 1.0 1795.9746482396872 1 0.997406
284720503.0 1.0 1794.5145020909295 1 0.99991465
83813702.0 1.0 1811.0765051272372 1 0.99997765
285517191.0 0.0 1808.8489632278274 0 2.8854004e-06
252841611.0 1.0 1797.6404926303007 1 0.9999603
251275554.0 0.0 1797.2653606388778 2 2.5063853e-09
316250867.0 0.0 1799.6195504803934 3 4.644775e-24
299491275.0 1.0 1806.3252428539065 1 0.9998202
434724040.0 1.0 1795.8052282829558 1 1.0
259249176.0 1.0 1798.9947059197264 1 0.9874907
236985535.0 0.0 1809.095055284948 4 1.204022e-10
280033934.0 0.0 1811.7408983813116 3 3.3279726e-35
359044210.0 1.0 1798.4723558759304 1 0.99998987
353898168.0 1.0 1796.7184508407129 1 0.9998954
202844773.0 0.0 1805.2031862533254 0 5.7686672e-12
327088598.0 0.0 1805.2863900658217 0 2.6267264e-06
370600743.0 1.0 1795.4526675888142 1 0.9999999
385405317.0 1.0 1805.494342284603 1 0.999851
5673082.0 1.0 1795.8288114916306 1 0.9982467
250841618.0 0.0 1811.2653663386195 2 6.89206e-08
115918466.0 1.0 1797.453012841677 1 0.99998254
177991756.0 0.0 1796.6411080707041 0 0.00032179223
256617828.0 0.0 1793.4075874213784 0 0.0006310907
285909383.0 0.0 1812.4521138591492 0 6.139971e-07
470710327.0 0.0 1796.0973746948189 3 2.624461e-35
189679333.0 0.0 1809.1197583926355 0 0.0008250342
292322941.0 1.0 1796.9532084208647 1 0.9909587
428418588.0 1.0 1811.5557393203019 1 0.9998893
46535544.0 1.0 1796.9330132618986 1 0.9999202
229950490.0 0.0 1812.3441209648656 0 4.1407384e-06
354109094.0 0.0 1812.7021415981808 0 6.2108224e-06
372390890.0 0.0 1799.5754156244955 4 1.4990181e-33
229713159.0 0.0 1806.0110775499033 2 7.405177e-09
441716376.0 1.0 1800.2820026251868 1 0.9999977
251710459.0 0.0 1796.8275978078009 0 0.0002773347
269697721.0 0.0 1810.9910360228623 3 1.0802891e-11
264455529.0 1.0 1794.1791978057888 1 0.9998132
407051696.0 1.0 1806.305389016408 1 1.0
428008661.0 0.0 1805.2010518059124 0 2.0335302e-09
332374378.0 0.0 1797.0566515507905 2 3.9198854e-22
415963775.0 1.0 1797.5782892140883 1 0.99941343
292154064.0 0.0 1793.140781260476 0 1.4273912e-11
13258369.0 1.0 1794.8687620409034 1 0.98725224
348305768.0 1.0 1796.7444734491658 1 0.9999866
275709740.0 0.0 1812.431247190356 0 2.7516266e-05
219858745.0 0.0 1812.343915735349 0 2.418285e-07
229483310.0 1.0 1794.6365005795083 1 0.9999972
241082413.0 0.0 1808.8904496625516 0 1.9882733e-09
427654164.0 0.0 1796.1592554313524 4 1.0696886e-30
377159956.0 1.0 1805.635568503442 1 0.9999997
369283121.0 1.0 1799.2850942222544 1 0.9999921
288406741.0 0.0 1797.1368820018147 4 0.009976979
323060437.0 0.0 1812.5125124422814 0 0.000558079
275858205.0 0.0 1805.3268590250354 0 0.001089906
320043149.0 1.0 1811.4518432452344 1 0.99997175
230116299.0 0.0 1810.1772017345984 2 4.7046015e-05
284479240.0 1.0 1810.5733374736676 1 0.9999999
431893317.0 1.0 1805.5367030465761 1 0.9998202
264933313.0 1.0 1811.513109196245 1 0.99989426
272759127.0 1.0 1806.0938614367135 1 1.0
192731997.0 1.0 1797.5366441742183 1 0.9993529
312261876.0 1.0 1796.7229735416017 1 0.99999666
371000347.0 0.0 1808.2859620705713 4 0.0
434806673.0 1.0 1800.0343672361016 1 0.9998589
384989630.0 1.0 1798.7658411671541 1 0.9998423
235674325.0 1.0 1798.4907507860582 1 0.9999997
354838464.0 1.0 1799.368760448495 1 0.9999979
308876826.0 0.0 1805.2236367180733 0 2.2001925e-05
280465440.0 0.0 1808.9102857684582 0 0.0012151981
10868459.0 0.0 1805.2856209741149 0 5.203065e-08
404400246.0 0.0 1812.3664935956676 0 0.00014065194
390460013.0 0.0 1798.09794494685 4 0.0014315615
321912086.0 1.0 1800.6584658771123 1 0.9999978
354178266.0 1.0 1793.8279975579026 1 0.9999894
1400770435.0 0.0 1810.030603107869 3 4.6580763e-07
250709403.0 0.0 1800.1405339089154 0 3.2766762e-05
320268279.0 0.0 1794.4104671176603 3 5.1386635e-34
410553028.0 0.0 1808.8486665430885 0 9.179323e-05
292276892.0 1.0 1800.369918799006 1 0.99998575
332377258.0 1.0 1793.7232531836232 1 0.9999941
378470252.0 0.0 1795.347265712752 2 1.7078991e-13
229638988.0 0.0 1812.344956447396 0 0.00035004062
192734732.0 0.0 1808.9116474530974 0 0.00024938368
319714769.0 1.0 1798.4311753309155 1 0.9999934
308373138.0 1.0 1797.369483681761 1 0.9999974
398017574.0 1.0 1810.8267219209147 1 0.9999999
229435185.0 0.0 1808.865464470492 0 2.8936594e-05
271828611.0 1.0 1796.9097287603317 1 0.9997606
395860160.0 1.0 1798.4305431019845 1 0.9999668
246965710.0 1.0 1793.9539724248018 1 0.9996943
241099441.0 0.0 1794.8905148614135 4 1.8709923e-22
236937183.0 0.0 1798.1368619153955 2 1.458169e-16
293185027.0 1.0 1795.7241261923148 1 0.99880433
373511585.0 0.0 1808.8468027637286 0 7.157774e-05
434178559.0 1.0 1797.7425888701714 1 0.9984345
332270395.0 0.0 1806.57736566271 4 5.2023244e-29
269414794.0 1.0 1797.32623283249 1 0.99998957
329172334.0 1.0 1797.2806007938639 1 0.9999734
389693567.0 0.0 1805.3269374628771 0 0.0002754117
436878831.0 0.0 1796.495621745098 2 0.0026715775
229497985.0 1.0 1797.5531961658828 1 0.99903595
444667363.0 1.0 1810.8480569298824 1 0.98815715
372861416.0 1.0 1797.077297547178 1 0.99998087
198182146.0 1.0 1793.4889889331919 1 0.99999076
238703550.0 0.0 1808.3281074518566 4 3.7131667e-09
398236889.0 1.0 1799.4498112569754 1 0.9999694
407423533.0 0.0 1812.3677401319733 0 3.2095596e-08
235934693.0 1.0 1806.3038389346118 1 1.0
390408582.0 0.0 1805.2649159506739 0 5.700499e-06
445435901.0 1.0 1794.014943464583 1 0.9999635
427591820.0 1.0 1811.4922390080924 1 0.9999689
229449989.0 1.0 1798.2197494363259 1 0.9999912
401086140.0 1.0 1810.452857093584 1 0.9999553
251572785.0 1.0 1797.9526497261936 1 0.9998294
250895740.0 0.0 1797.4739268612614 2 3.6926083e-12
366029238.0 0.0 1796.0554348234589 4 1.5234354e-21
417752249.0 1.0 1794.5967120201717 1 0.9998735
427766780.0 1.0 1795.4512054547467 1 0.9999781
452941702.0 0.0 1800.1812204783319 0 3.236481e-05
252838174.0 0.0 1805.2238538376491 0 1.2843833e-07
367839612.0 1.0 1794.574093186102 1 0.99991035
427957216.0 1.0 1798.4719833468166 1 0.9999652
374034427.0 1.0 1798.7856150240668 1 0.9999996
285691112.0 1.0 1810.4523560633495 1 0.999977
390021469.0 0.0 1805.2185392032425 0 7.433375e-07
346781910.0 1.0 1810.7244747611537 1 0.9979298
445370168.0 1.0 1805.8271794456145 1 0.99999344
71751230.0 0.0 1794.3065378539259 2 1.488581e-15
436856895.0 1.0 1796.2664799189615 1 0.99888957
219791737.0 1.0 1795.3647651271199 1 0.99999845
376085369.0 0.0 1795.9718737695516 4 4.5724076e-20
388582734.0 1.0 1806.2841012520578 1 0.99999285
422779250.0 1.0 1795.722910498766 1 0.99997735
331388241.0 0.0 1809.16057397263 0 0.0005261392
348025858.0 0.0 1808.8485543924069 0 5.6141747e-05
13700814.0 1.0 1795.6396376788705 1 0.99991554
367006741.0 1.0 1799.3671329017513 1 0.9999553
373126079.0 0.0 1796.4925958409892 4 5.794582e-38
229496857.0 1.0 1794.7406854745268 1 0.9996402
322346243.0 1.0 1800.1612075483927 1 0.9999942
436860165.0 0.0 1793.1414206684171 0 0.0005025412
285754909.0 0.0 1793.5987904970382 2 1.1648461e-05
372137096.0 0.0 1793.32546168524 0 3.7677566e-07
376994775.0 0.0 1805.1981637233494 0 3.2141975e-07
375086326.0 1.0 1798.9941887664374 1 0.99993616
264052814.0 1.0 1799.220698457897 1 0.99998826
307038835.0 0.0 1811.4938626720773 2 2.3656466e-19
250512403.0 1.0 1797.5987335250188 1 0.9999071
374134059.0 0.0 1799.8064038870573 4 1.9819244e-12
292195734.0 1.0 1799.4115727528133 1 0.99920976
362218334.0 1.0 1794.8661151017334 1 0.9999395
368319042.0 1.0 1799.5553832953756 1 0.99999493
359679694.0 1.0 1798.427077300618 1 0.99973106
229949952.0 0.0 1809.3025544449874 4 0.0
396442496.0 1.0 1794.5128956732697 1 0.99989784
399788405.0 0.0 1804.7395222200053 3 8.318213e-28
285231238.0 1.0 1797.3478349399518 1 0.99999905
291839807.0 0.0 1799.369835420577 2 3.2151846e-07
381806936.0 1.0 1797.7036829410852 1 0.99998003
235935861.0 1.0 1810.720752983612 1 0.9999086
139535641.0 0.0 1805.3703252829532 0 0.00011661427
366507923.0 1.0 1797.9711526008186 1 0.999966
436934619.0 0.0 1808.9538330670246 0 0.0007379766
83053919.0 0.0 1798.451770404946 4 0.0002458069
445351233.0 1.0 1811.0979315687593 1 0.9999998
347840902.0 0.0 1796.8277248951226 0 1.7388364e-05
240970827.0 1.0 1806.244241607234 1 0.9999993
237228216.0 0.0 1794.199472814474 0 0.0002210011
292721569.0 0.0 1805.7241579503666 4 1.8794214e-27
434973001.0 1.0 1799.0135650571247 1 0.999911
288808734.0 1.0 1795.285337372315 1 0.9999488
445140291.0 1.0 1806.4103949580553 1 0.999919
200917963.0 0.0 1793.1409183377398 0 0.0016908764
55002343.0 1.0 1799.1604751253549 1 0.9995544
200937300.0 0.0 1808.8494610188898 0 1.828118e-22
10607698.0 1.0 1798.8273330616812 1 0.99965405
316557614.0 0.0 1795.3463564856977 4 1.892053e-27
399358798.0 1.0 1798.9523721682615 1 0.9999224
331859125.0 1.0 1810.6606318918884 1 0.9999815
418221375.0 0.0 1797.8459365414824 2 7.216041e-07
392536812.0 0.0 1808.5104086803483 3 4.171611e-31
279444542.0 0.0 1799.8475815839304 4 0.0
374695963.0 1.0 1798.2026705447117 1 0.9999496
427956138.0 1.0 1806.2427245456904 1 0.9998665
450128755.0 1.0 1799.3486427197413 1 0.9999999
435264004.0 1.0 1805.3051168612612 1 0.99999964
282784948.0 0.0 1809.3264998964728 0 6.450652e-05
377165051.0 1.0 1805.843934141395 1 0.99994147
312347243.0 1.0 1799.5355673232473 1 0.9999024
431774463.0 1.0 1795.1823442515229 1 0.9999122
378585324.0 1.0 1795.4303790061356 1 0.9999625
233045871.0 1.0 1800.2187901704099 1 0.9999785
354160716.0 0.0 1812.3899398176789 0 9.403379e-07
250515860.0 1.0 1810.473688170903 1 0.9999889
250770342.0 0.0 1808.6611577868507 4 3.4932243e-35
240892011.0 1.0 1798.7234362394397 1 0.9999922
229775860.0 1.0 1794.6989081826598 1 0.99999803
404654596.0 0.0 1812.3665163917624 0 5.2683466e-05
116371069.0 0.0 1806.349076063775 4 5.5215837e-21
441733569.0 0.0 1800.1572797422343 2 2.1778901e-07
285422372.0 0.0 1810.515386203791 2 1.017703e-14
229683649.0 1.0 1798.0931229711216 1 0.9998259
137886081.0 1.0 1798.9538864423287 1 0.99990034
363762632.0 1.0 1805.8679723099613 1 1.0
326967304.0 0.0 1798.4322724451038 4 7.7279685e-07
352036490.0 0.0 1796.6392250590127 0 0.00022657476
285162485.0 1.0 1810.6193676021196 1 0.99982786
323193501.0 0.0 1808.8669930850929 0 1.0562514e-06
417645419.0 0.0 1805.1999813481748 0 4.0229878e-07
396527515.0 1.0 1795.1388560868106 1 0.9999611
137260061.0 0.0 1793.305522539363 0 0.00019556111
280033934.0 0.0 1801.428481523019 3 2.588623e-30
379246213.0 1.0 1810.8059028849516 1 0.999844
265344398.0 1.0 1796.6175082738457 1 0.9999995
272231083.0 1.0 1797.4306794782967 1 0.99998903
312252628.0 0.0 1805.5561876116055 0 7.554133e-05
292156689.0 1.0 1810.9114875919336 1 0.9997948
353082116.0 1.0 1810.5140974551725 1 0.99987257
367859029.0 1.0 1805.3883552676443 1 0.9919692
403948749.0 1.0 1799.5769960406205 1 0.9998163
264546812.0 0.0 1812.410817346891 0 2.13136e-06
256507966.0 1.0 1797.1169649258006 1 0.9993429
245398036.0 0.0 1808.84850828775 0 0.00039949367
422450432.0 1.0 1796.033366475985 1 0.999997
292845283.0 1.0 1794.8073260915037 1 0.9999977
374842163.0 0.0 1798.6194236178453 4 2.378318e-16
116012242.0 1.0 1798.9323600768173 1 0.99998105
377104716.0 0.0 1812.6563005673565 0 1.6536188e-07
116367144.0 0.0 1812.3906155333013 0 1.4206867e-06
265349418.0 1.0 1810.9301660826316 1 0.9999999
417667585.0 0.0 1805.2008081453112 0 5.973091e-05
285677991.0 0.0 1807.4740620239427 4 2.2473832e-05
309052604.0 1.0 1796.0569278711446 1 0.9999617
50695492.0 0.0 1805.2649451315804 0 0.00015738329
72085749.0 0.0 1811.5565393228137 2 3.5645598e-10
50934407.0 1.0 1798.264733202219 1 0.9999887
395406770.0 1.0 1794.8679371775436 1 0.9999363
406894219.0 0.0 1805.2431573384058 0 0.0002664121
407423951.0 1.0 1797.305252843142 1 0.9999843
298358877.0 0.0 1797.3051279384117 4 8.157709e-25
299490516.0 1.0 1794.866858795895 1 0.9999953
5674169.0 0.0 1809.2660653098642 3 8.178734e-05
428705952.0 0.0 1812.3468038103358 0 1.867428e-06
21178416.0 1.0 1795.099757961841 1 0.9993699
265204271.0 0.0 1805.2026206609041 0 0.08388745
427600295.0 1.0 1794.6385761769463 1 0.9999864
252173441.0 1.0 1793.7230989392071 1 0.9999626
288626618.0 1.0 1797.0575504712674 1 0.9985923
452882061.0 0.0 1805.514199998922 0 2.6329104e-05
317474626.0 0.0 1793.4091494525067 0 1.2146236e-13
395584718.0 0.0 1812.3682500911639 0 5.724007e-11
397983748.0 1.0 1811.5558135164088 1 0.9999998
219738018.0 0.0 1805.239271603132 4 1.3644481e-13
14039615.0 0.0 1797.8482326004123 0 0.000806303
374485342.0 0.0 1796.640266475358 0 1.8458882e-08
53968857.0 0.0 1797.5146731610073 2 7.685842e-06
233746566.0 0.0 1811.3231292504481 2 1.9877064e-11
436848926.0 0.0 1796.6414343713811 0 0.0023455012
381687387.0 0.0 1796.641077038073 0 0.00094716233
470710327.0 0.0 1812.1178978698129 3 1.6122637e-28
186713109.0 1.0 1806.0786900108242 1 0.99695283
379531902.0 0.0 1807.1185844399106 4 5.7175345e-23
353937836.0 1.0 1810.8436058782536 1 0.99964195
259882992.0 0.0 1808.8455623462758 0 0.0004425877
367285629.0 1.0 1798.2422710757508 1 0.99998915
275260322.0 1.0 1798.5344160309858 1 0.99993455
322382555.0 1.0 1805.366827877926 1 0.9999143
396112205.0 1.0 1796.0557241425788 1 0.99985856
402894192.0 1.0 1797.8660673880688 1 0.997016
10423509.0 0.0 1798.8481365935995 4 0.0
349294422.0 0.0 1801.391401439603 3 3.7701387e-12
418206285.0 0.0 1805.201563892605 0 9.253408e-13
229944109.0 0.0 1808.844250306577 0 0.00016935634
285561775.0 1.0 1806.4115962119722 1 0.99989384
355824233.0 0.0 1808.848738815702 0 0.00032400497
282785712.0 1.0 1805.8890682922477 1 0.999962
302474822.0 1.0 1797.4738564186036 1 0.99993443
366412862.0 0.0 1797.3878171176732 4 4.4608994e-29
202839485.0 0.0 1799.0158942891314 3 1.14479835e-05
52633323.0 0.0 1805.556187575069 0 1.504471e-08
348670544.0 0.0 1799.910993353547 3 8.1636324e-05
82004274.0 1.0 1797.0356672541498 1 0.99999267
265378875.0 1.0 1795.9320174192328 1 0.99978954
453224094.0 0.0 1811.0356857108645 2 1.9275002e-10
400404915.0 0.0 1809.636081621192 4 1.2059308e-38
373132821.0 1.0 1794.4302004733488 1 0.999994
441800311.0 1.0 1806.1363476601807 1 0.99999887
379525237.0 1.0 1794.514081345088 1 1.0
288624453.0 1.0 1798.5783100716021 1 0.99999857
357819621.0 1.0 1797.8059885729608 1 1.0
46681577.0 1.0 1810.6414545226287 1 0.9999775
327506424.0 1.0 1794.307368793525 1 0.9999719
285788731.0 1.0 1799.3066204290087 1 0.9999638
368020837.0 0.0 1808.8676876323652 0 7.3504043e-07
332260437.0 1.0 1794.2856810637454 1 0.9999899
235991281.0 0.0 1812.4083267796727 0 0.00051719754
423928432.0 1.0 1811.2619397257008 1 0.99999064
90667435.0 0.0 1796.6412547519626 0 0.0008118954
269321890.0 0.0 1808.8468353269002 0 4.2265463e-05
308778653.0 1.0 1795.1819910175504 1 0.999989
251008411.0 1.0 1806.3070747824397 1 0.9999975
259170852.0 1.0 1810.615721438923 1 0.99999994
381459787.0 1.0 1798.141436448425 1 0.9999781
101408146.0 1.0 1795.453764771686 1 0.99997854
293121203.0 1.0 1794.7658750070968 1 0.9999999
83059421.0 0.0 1796.6392459169167 0 0.00023847121
63396412.0 0.0 1793.3912456596122 2 3.616192e-11
219095424.0 1.0 1796.2610427148256 1 0.91138834
283025578.0 1.0 1798.1182909869085 1 0.9999131
427110444.0 0.0 1810.6164606857324 2 2.0095486e-08
368443731.0 0.0 1805.2428042805402 0 3.1053403e-07
264615805.0 0.0 1805.3693922137893 3 8.8057307e-13
445569825.0 1.0 1793.3901238084343 1 0.9976301
235989189.0 0.0 1800.1788849662144 0 0.0010489844
381733616.0 0.0 1809.078531822213 0 0.00030191752
400405642.0 1.0 1806.261196890502 1 0.99990106
428011995.0 0.0 1812.346835506519 0 1.6955187e-07
229505774.0 1.0 1798.7405993904995 1 0.99999756
83223192.0 1.0 1805.5973547992353 1 0.9999272
433206092.0 1.0 1811.09929104564 1 0.9994039
338651375.0 1.0 1798.3465756997246 1 1.0
390734825.0 1.0 1795.160663305218 1 0.9999988
308120144.0 1.0 1797.6193358291277 1 0.99993485
417618163.0 0.0 1808.90822221844 0 8.6202664e-07
229736116.0 1.0 1797.219672758934 1 0.9995902
288611323.0 1.0 1799.6576748129874 1 0.9999828
376260907.0 1.0 1799.4101098347182 1 0.9941054
241017747.0 0.0 1807.7650582664205 3 5.7471745e-27
433351645.0 1.0 1794.0368091945295 1 0.99999076
387703234.0 1.0 1798.720706572562 1 0.99999654
279565723.0 0.0 1808.8675056792088 0 5.312076e-07
385201732.0 1.0 1805.745222351396 1 0.99997765
406834858.0 1.0 1798.8270385066717 1 0.9999678
378988111.0 1.0 1811.5556940638687 1 0.99997103
52353116.0 0.0 1800.1394093166125 0 0.0004334641
118298039.0 0.0 1805.2037062040517 0 0.0015251487
372188275.0 0.0 1798.4320501339405 4 0.0
191775527.0 1.0 1805.3486730780337 1 0.99999994
377035399.0 0.0 1797.179989451384 2 2.4649682e-06
422517386.0 0.0 1793.6587134993736 2 2.6651996e-13
346785501.0 1.0 1798.2035277345958 1 0.99972004
81916985.0 1.0 1795.4105153168505 1 0.9999702
251621781.0 0.0 1808.557147642368 4 0.0002032304
424439403.0 1.0 1799.1149525784137 1 0.99984646
269412448.0 1.0 1811.3884441118098 1 0.9999393
327005888.0 1.0 1797.8893536488067 1 0.9999331
428204663.0 0.0 1793.3905445507564 0 8.037706e-05
319844277.0 1.0 1806.389416031048 1 0.9996269
286224091.0 1.0 1796.264913648642 1 0.9999804
408891476.0 1.0 1798.2211329583383 1 0.99999803
331790168.0 1.0 1796.0981792181692 1 0.9999993
192552396.0 1.0 1806.349191091063 1 0.9999218
368029539.0 1.0 1805.4512042793901 1 0.9999981
116129895.0 0.0 1812.3490251669125 0 1.3928587e-06
309137526.0 1.0 1797.3694999414715 1 0.9999634
289263532.0 0.0 1808.8681987772934 0 1.513766e-07
292053892.0 0.0 1808.9947342443465 0 8.5630177e-07
378927825.0 0.0 1812.34729122289 0 4.724271e-05
229461186.0 0.0 1800.344647995396 3 4.250774e-31
280322140.0 0.0 1808.9101908255318 0 4.8358277e-05
445142001.0 0.0 1805.5562177326788 0 5.636969e-05
65689074.0 1.0 1799.7450342745653 1 8.2071565e-05
373128383.0 0.0 1812.2426865212658 3 9.695796e-26
196891391.0 0.0 1812.4942377259993 0 2.916429e-05
35201045.0 1.0 1810.74564603838 1 1.0
428009565.0 1.0 1798.930287319728 1 0.99994516
198457457.0 0.0 1807.0722335859664 3 9.125199e-24
407426553.0 1.0 1810.867853598033 1 1.0
417662736.0 1.0 1805.304857935765 1 0.9997732
245458192.0 0.0 1812.36954425289 0 3.9569143e-13
67572159.0 1.0 1810.3493354145933 1 0.9999777
240911691.0 1.0 1796.3485072671108 1 0.99997056
278928515.0 1.0 1794.6808965853913 1 0.9999999
375601295.0 0.0 1812.346157775323 0 1.574656e-07
252833791.0 1.0 1796.1821676578752 1 0.9996552
403337962.0 0.0 1793.2436934563877 0 2.226945e-11
453232209.0 1.0 1798.6610044120246 1 0.99999976
236999323.0 0.0 1808.8659362319054 0 6.268903e-05
370950916.0 1.0 1793.9527152593803 1 0.9995627
453274368.0 1.0 1794.8484595707498 1 0.9998153
251650602.0 1.0 1793.9316844349319 1 0.9999302
317507345.0 0.0 1794.763115113304 3 2.5072313e-05
68038064.0 1.0 1798.8910348644986 1 0.9999806
265426901.0 0.0 1793.3050194225386 0 1.0102528e-07
327573921.0 1.0 1799.6199036321104 1 0.99991685
399018039.0 0.0 1800.139984385766 0 0.0016610967
240828639.0 1.0 1805.4525236298848 1 0.9999687
219846398.0 0.0 1806.3649752288825 2 1.8709841e-05
199548146.0 1.0 1794.843206650159 1 1.0
351365304.0 1.0 1797.4098119063 1 0.9999978
117268901.0 1.0 1793.5571289812965 1 0.9999026
331714577.0 1.0 1793.848397924769 1 0.99999714
400244506.0 1.0 1796.7848929528932 1 0.9999998
22748264.0 1.0 1793.2663954531447 1 0.99999654
444756920.0 0.0 1805.514836945235 0 7.274827e-09
65356037.0 0.0 1808.8909299268457 0 0.0022618317
233075954.0 0.0 1794.406467338057 0 0.0008474317
198457457.0 0.0 1812.3222218341468 3 0.0
68095368.0 0.0 1809.057805153821 0 0.0012979123
422660772.0 0.0 1805.2216811509684 0 3.285257e-06
34623918.0 1.0 1797.8497643432338 1 0.9997356
322322673.0 1.0 1799.012733606207 1 0.9985982
418410084.0 0.0 1794.972517317976 4 0.005938411
265253603.0 1.0 1810.5332947933173 1 0.9993065
427382943.0 0.0 1796.0133070876075 2 4.1534454e-16
236936913.0 1.0 1798.199366600512 1 0.999998
229703077.0 0.0 1812.3860175367097 0 2.7490498e-07
422662265.0 1.0 1798.8052020658047 1 0.9999861
52423425.0 1.0 1797.30622578635 1 0.9999999
397919626.0 1.0 1795.639196772466 1 0.9999932
357590680.0 0.0 1805.493838886401 0 1.6320778e-06
201002282.0 0.0 1812.4328568963708 0 0.0008484918
12984891.0 0.0 1805.2649318656129 0 0.00013539744
389914002.0 0.0 1805.1975716823656 0 1.012131e-05
229676244.0 0.0 1809.1365329821456 3 3.292732e-14
286355915.0 1.0 1795.5370757133285 1 0.999987
302088120.0 1.0 1811.4949392462713 1 0.99997425
417486844.0 0.0 1810.3476883952155 4 0.0
407493498.0 0.0 1805.2012128820907 0 0.00016355608
67957382.0 1.0 1794.8908790378848 1 0.99999946
420288020.0 0.0 1809.2018241546732 0 0.000568902
419245939.0 1.0 1793.7436607676561 1 0.99991876
348510716.0 0.0 1805.22358251227 0 6.7434676e-09
321450425.0 1.0 1793.9500896775558 1 0.999999
326257345.0 1.0 1797.470063884671 1 0.99985135
389974235.0 1.0 1795.4314388799726 1 0.999995
331934505.0 1.0 1797.05568273292 1 0.99720323
367408479.0 0.0 1809.952710566925 4 1.671283e-23
417842279.0 1.0 1798.140938684929 1 0.9998316
387877670.0 0.0 1796.8249087340307 0 0.00031199233
232624262.0 0.0 1805.3431496856283 0 3.3903016e-06
264615805.0 0.0 1798.4110490704152 3 8.6392894e-05
312551121.0 0.0 1811.2229407790087 2 7.561294e-12
468343249.0 0.0 1809.7218531527196 3 0.0
424565282.0 0.0 1798.7441145871283 2 1.0555975e-05
367080025.0 1.0 1806.2416323751236 1 0.99999946
233657984.0 1.0 1798.0726121980224 1 0.9999126
388434752.0 1.0 1805.7423914686883 1 0.99998504
367142176.0 1.0 1795.3879299246844 1 0.99999267
420654605.0 1.0 1805.721792547944 1 0.9999772
243279280.0 1.0 1796.073470141069 1 1.0
422926428.0 1.0 1796.3491202003893 1 0.99999666
196975100.0 1.0 1797.702969960584 1 0.9998773
101219049.0 0.0 1809.1205056412573 0 0.0014830579
258956125.0 0.0 1798.469753409896 4 1.1835848e-24
245469969.0 1.0 1805.4318324867309 1 0.99997115
249835468.0 1.0 1795.5155811381046 1 0.9999873
240924388.0 0.0 1808.8899934106125 0 5.842411e-09
71975603.0 1.0 1799.181682488839 1 0.9999991
14043319.0 1.0 1798.6398394612818 1 0.99999905
192248294.0 1.0 1799.140797677527 1 0.9999941
331931846.0 1.0 1794.743119925056 1 0.99994045
233535135.0 0.0 1808.9898522000367 0 2.8903908e-06
240984516.0 1.0 1793.6402599523706 1 1.0
252191540.0 1.0 1805.9940098261147 1 0.9999691
354241911.0 1.0 1798.5548804033047 1 0.99699783
67660025.0 1.0 1794.6618845248854 1 0.9998456
326975093.0 1.0 1811.3903066364282 1 0.99997956
444628469.0 1.0 1794.6812691246125 1 0.9999452
184691423.0 0.0 1812.6616107598766 0 0.00013732871
10354823.0 1.0 1798.4103873319168 1 0.9999785
376085836.0 1.0 1799.1385368173915 1 0.9999995
418141422.0 0.0 1793.409844611487 0 3.7177326e-08
256101052.0 1.0 1795.368754203041 1 0.99998975
389961500.0 1.0 1798.7186118379202 1 0.999883
353603494.0 1.0 1797.7435056045567 1 0.9999827
306183812.0 1.0 1798.8274082354621 1 0.99995786
83227510.0 1.0 1799.3891549575233 1 0.9999879
307640555.0 0.0 1808.848552263718 0 0.00031532478
63628006.0 1.0 1795.68289982219 1 0.9999831
317590085.0 1.0 1795.1800656490957 1 0.99998075
407385313.0 0.0 1794.2658281680408 2 0.00017652282
137125650.0 0.0 1805.22233042538 0 7.3417555e-06
196845710.0 0.0 1812.3900438949288 0 0.00024715485
387997446.0 1.0 1793.5124847681377 1 0.9966326
81916001.0 0.0 1805.2648294658868 0 0.000108860164
198414763.0 1.0 1811.426258232376 1 2.3966885e-08
284723963.0 0.0 1796.8477595488469 4 1.3614001e-15
431900770.0 1.0 1795.494932499989 1 0.99999815
10155522.0 1.0 1797.7440444117328 1 0.9998608
224599914.0 0.0 1796.676270492697 0 0.0015866978
332048456.0 0.0 1805.5147909430295 0 7.466591e-08
49796144.0 1.0 1797.4106860514103 1 1.0
71975420.0 1.0 1796.3691754029692 1 0.99875337
286241302.0 1.0 1798.4954566290228 1 0.999918
285677686.0 0.0 1798.807256465618 2 2.9023922e-10
372135799.0 1.0 1805.5753086590694 1 0.9997153
412352904.0 1.0 1796.429610475726 1 0.99990195
292607711.0 1.0 1805.7865163160923 1 0.9999497
241028343.0 0.0 1805.2235734841088 0 5.8619143e-08
13279370.0 1.0 1811.0340427375747 1 0.9989524
252848527.0 0.0 1809.0158306149387 0 0.0010857339
284317330.0 1.0 1797.0143919888135 1 0.9999802
315722511.0 1.0 1794.9081845611925 1 0.9999752
385554497.0 1.0 1795.3287820687387 1 0.99991834
233072454.0 1.0 1798.1353920986596 1 0.99996835
353878210.0 1.0 1805.718349025086 1 0.99915063
229952238.0 1.0 1797.4069909424036 1 0.999998
316491685.0 0.0 1807.6137443710102 4 1.9041047e-16
207497114.0 1.0 1805.843128051975 1 0.9998819
377146412.0 0.0 1808.846499772676 0 5.0669223e-06
441723615.0 1.0 1797.8863795651378 1 0.99988425
366110508.0 1.0 1795.347684558611 1 0.99955374
184687209.0 0.0 1809.3282532068665 0 0.0020831423
187037456.0 0.0 1805.599572230528 0 0.0001325304
264615805.0 0.0 1794.6818505384726 3 1.9683719e-05
368508592.0 0.0 1808.8679062906172 0 0.00012908847
377605530.0 1.0 1800.1177399787496 1 0.9992406
275582418.0 1.0 1799.4519201111318 1 0.99948823
28909940.0 1.0 1806.4331297930273 1 0.9999503
230052512.0 0.0 1805.2196746348927 0 2.9579127e-08
272622914.0 0.0 1797.034851590569 3 1.47712e-31
219811169.0 1.0 1797.5728236018522 1 1.0
334490271.0 1.0 1796.2421482967984 1 1.0
351545508.0 1.0 1797.1599752444595 1 0.99996024
452963866.0 0.0 1805.5145927800336 0 5.160586e-07
52351230.0 1.0 1798.6393907445379 1 1.0
375780446.0 1.0 1799.4088480210382 1 0.9994375
374475282.0 1.0 1797.8483361147782 1 0.9999407
398308018.0 1.0 1793.3045631336597 1 0.9999852
233732719.0 0.0 1808.8859270436847 0 9.629443e-08
232626687.0 1.0 1811.1558765404625 1 0.9996762
297688173.0 1.0 1799.0561219897522 1 0.9978019
428614032.0 0.0 1808.8471785316829 0 5.3140106e-05
177992394.0 1.0 1811.1828116137967 1 0.9999945
11330851.0 0.0 1805.3062348108394 0 2.518055e-07
241040370.0 1.0 1798.4528617459473 1 0.99991137
201104005.0 1.0 1811.349480461407 1 0.9998695
370950181.0 1.0 1795.4318723099657 1 0.9999462
272634828.0 0.0 1808.8887040686423 0 1.736364e-05
417550084.0 1.0 1811.1602674697624 1 0.9999582
28964100.0 0.0 1809.1830949616103 0 0.0020604273
82628548.0 0.0 1797.8481514412026 0 8.527736e-05
251330512.0 1.0 1797.4527478622263 1 0.9999999
398017027.0 0.0 1794.9099695886823 4 4.6583516e-08
299436194.0 0.0 1808.8487020192458 0 8.8914724e-08
116758143.0 1.0 1796.07808901672 1 0.9999935
378854472.0 0.0 1812.347282005981 0 5.4801866e-08
433501064.0 0.0 1805.203620563585 0 0.00078740675
444335072.0 0.0 1799.4310011805758 2 9.369496e-11
356735454.0 1.0 1810.5107105699453 1 0.999023
229912659.0 1.0 1796.802940072263 1 0.99999285
203093044.0 1.0 1796.0159565526874 1 0.99995065
385556396.0 0.0 1805.4747706866094 0 0.0017779752
402951575.0 0.0 1808.8668639669847 0 1.1824667e-07
233544651.0 1.0 1810.656654237001 1 0.9996202
139378834.0 0.0 1799.7870238685803 3 8.466943e-11
399622556.0 0.0 1796.7433388239522 2 1.0216721e-07
288312840.0 0.0 1794.6990796564069 3 1.7301557e-20
51955546.0 0.0 1801.9103410794116 3 2.889549e-29
317035913.0 0.0 1793.3902444412752 0 2.9824858e-07
420535648.0 0.0 1805.806116105964 4 4.3024244e-07
186987168.0 1.0 1797.0160048262996 1 0.99995744
349918057.0 0.0 1812.3451450846355 0 4.596806e-08
356978922.0 1.0 1811.3018636582408 1 0.9999928
434626140.0 0.0 1808.8466531800864 0 0.00028760827
420018215.0 1.0 1810.9309087422787 1 0.99989086
240993834.0 0.0 1805.2027006586402 0 4.1502797e-05
406958399.0 1.0 1810.2015018327338 1 0.9999228
327446804.0 1.0 1798.2227532367383 1 0.9999996
354716781.0 1.0 1794.077949845246 1 0.9972297
417266856.0 1.0 1795.514002987612 1 0.9999787
427553234.0 1.0 1795.6384978659476 1 0.9999941
252099451.0 1.0 1797.0355509049011 1 0.99985576
229501128.0 1.0 1797.2824073291802 1 0.9999961
364184823.0 1.0 1796.1373865181793 1 0.9999332
219894083.0 0.0 1807.1152709405908 4 1.3039759e-32
232681555.0 0.0 1796.1565368976192 4 1.3150118e-15
178139582.0 0.0 1808.9537009985538 0 0.0016081863
305859028.0 1.0 1805.970630695535 1 0.9999558
348230607.0 1.0 1805.9526586718243 1 0.9999703
94542928.0 0.0 1796.6412132278178 0 0.0005587837
230392566.0 0.0 1805.2401716449465 0 2.8328515e-09
320051095.0 1.0 1810.6184440733791 1 0.9999981
200937431.0 0.0 1812.4328042948016 0 0.00034487952
354180682.0 0.0 1796.8905279606058 0 0.00011632373
199549391.0 1.0 1810.6559328573292 1 0.9999632
387353921.0 1.0 1794.9914387857932 1 0.99995357
52856716.0 1.0 1797.3063051895672 1 0.9999743
396388563.0 0.0 1797.8474500971674 0 0.00064380345
370273679.0 0.0 1809.1606407230756 0 3.502801e-07
418262086.0 0.0 1807.970948208275 4 8.8434476e-36
384988042.0 1.0 1810.182651181754 1 0.9999131
265308463.0 1.0 1796.5958804456575 1 0.9999964
198456803.0 1.0 1806.4057603319104 1 0.999536
12219552.0 1.0 1795.0982039112594 1 0.998758
243278861.0 1.0 1806.3857917410028 1 0.99974734
198538682.0 1.0 1805.8850464204995 1 0.9997656
433202107.0 0.0 1809.1410919006755 0 0.0014709871
387631481.0 1.0 1798.0748020481662 1 0.99989575
20871840.0 1.0 1806.1825428622283 1 0.99997383
219738018.0 0.0 1809.7810171676606 4 1.1596315e-14
333803009.0 0.0 1805.4289062040168 0 6.106253e-14
368023334.0 0.0 1793.4094806309636 0 2.8254479e-09
230027382.0 0.0 1812.3650963474963 0 1.4675079e-08
392123267.0 1.0 1794.0360460321288 1 0.9996657
417339069.0 0.0 1809.2434391796487 0 3.0284098e-06
398156203.0 1.0 1798.5767559699188 1 0.999883
315756112.0 1.0 1811.4499104337613 1 0.9999176
50520093.0 0.0 1812.4108670313751 0 0.0014288799
373130261.0 1.0 1811.2219042051893 1 0.99669737
292606449.0 1.0 1794.536619131325 1 0.99997514
250505921.0 1.0 1811.2652505877581 1 0.99999845
370854504.0 1.0 1794.1191597903878 1 0.99999416
284049245.0 1.0 1798.701676599054 1 0.99996126
229701227.0 1.0 1811.2405427555211 1 0.9991224
265195449.0 1.0 1798.473598126209 1 0.9999953
453173877.0 1.0 1810.3270616740483 1 0.9989823
285181196.0 0.0 1805.911957425861 3 0.00027466775
289354182.0 1.0 1796.659809147123 1 0.9999892
272924777.0 1.0 1795.284886136309 1 0.99997556
219864007.0 1.0 1795.5525898741414 1 0.9999931
186624610.0 1.0 1794.6409958398563 1 0.99996096
322383513.0 1.0 1796.1794502247137 1 1.0
250833355.0 1.0 1806.2029916502447 1 0.99997586
139463276.0 1.0 1810.4742852565216 1 0.9999944
265348860.0 1.0 1797.8052382471794 1 0.9999497
327120572.0 0.0 1805.535067013776 0 3.8422277e-05
302087578.0 1.0 1797.8491748377444 1 0.9999517
274956433.0 1.0 1806.3053092065982 1 0.9999538
371217988.0 0.0 1798.0545049927719 2 0.0040758844
82555123.0 0.0 1812.4108196630846 0 1.4433756e-05
403521340.0 0.0 1812.3691786020281 0 0.00046388173
431893993.0 0.0 1808.8492190700438 0 0.0015528131
399626892.0 1.0 1810.160512295654 1 0.99998534
405433405.0 0.0 1793.1413210668304 0 0.0006190558
232620952.0 1.0 1799.2808498211664 1 0.99967664
378531987.0 0.0 1807.55542976853 4 0.0
285132509.0 1.0 1795.1185119232566 1 0.99999934
233082095.0 0.0 1796.6355098896688 4 0.0
117495405.0 1.0 1797.848859693285 1 0.9999988
275458486.0 0.0 1796.805156214765 0 2.7138858e-05
347761168.0 1.0 1797.5983199027899 1 0.9999866
368376344.0 1.0 1811.4094935613623 1 0.9999758
420654918.0 0.0 1806.5342668354253 4 9.848658e-36
251550353.0 1.0 1800.015393361377 1 0.9999667
186622908.0 0.0 1796.6410411447375 0 0.0006522217
403744320.0 1.0 1811.390438926593 1 0.99969155
349294422.0 0.0 1809.7664170496055 3 3.3176988e-09
367102509.0 1.0 1793.8040828820986 1 0.99996215
63559946.0 0.0 1805.5993640617296 0 0.00025234502
450144819.0 0.0 1799.9734557478682 2 3.8255357e-06
400669401.0 0.0 1794.3483015488914 0 1.0919747e-05
251306879.0 1.0 1797.0566852529873 1 0.99996907
101302325.0 0.0 1805.4539135770276 3 2.5993174e-07
256314085.0 0.0 1797.9311970209708 2 8.036021e-09
219811526.0 1.0 1799.1769164620634 1 0.9999721
308219626.0 0.0 1793.140183254845 0 1.6130376e-07
445135913.0 1.0 1798.8897813078288 1 0.9999997
367144411.0 1.0 1794.5130381263793 1 0.9999981
116497858.0 1.0 1811.307390072321 1 0.9999897
368381484.0 1.0 1811.0970044315698 1 0.99999857
417861143.0 1.0 1797.6598098028303 1 0.99999976
367331490.0 1.0 1794.9922257536805 1 0.9999966
71849965.0 0.0 1808.8900210348195 0 1.9146803e-05
433075966.0 1.0 1810.7659242106122 1 0.99986464
264469090.0 0.0 1812.408531382372 0 2.1186454e-10
432090706.0 1.0 1795.3907231637165 1 0.99999994
400813042.0 1.0 1797.8689377449195 1 0.99998504
396242075.0 0.0 1812.3683118315957 0 0.00021196519
235982927.0 0.0 1801.033071245674 3 2.4663827e-10
320374919.0 0.0 1799.5145766971195 4 9.067895e-12
428052096.0 1.0 1797.5781696429085 1 0.99983186
101168461.0 1.0 1794.4537164508622 1 0.9998682
275906385.0 0.0 1810.6605724720741 2 9.581772e-12
369142891.0 0.0 1808.868318552585 0 9.990278e-05
53710687.0 0.0 1795.2646790319986 4 2.1005547e-10
252199778.0 1.0 1810.8062532004342 1 0.99999905
191764363.0 1.0 1798.098874007366 1 0.99973243
321684133.0 1.0 1798.1584155859166 1 0.9999998
369035535.0 0.0 1812.7017466462992 0 9.739679e-09
250777386.0 0.0 1797.7030444733225 2 7.1823723e-12
137122630.0 0.0 1793.305591657837 0 1.4336635e-08
186600548.0 1.0 1795.7243773844357 1 0.9999412
82982516.0 1.0 1811.118096609872 1 0.9999829
233079182.0 1.0 1810.614729878884 1 0.9999617
308716542.0 0.0 1812.3693010474226 0 3.4207392e-06
401498429.0 0.0 1794.2634504045627 2 1.545399e-18
250962648.0 0.0 1793.3279251344452 0 6.235506e-14
117759205.0 1.0 1805.890526908716 1 0.9999277
13845630.0 1.0 1797.6396463226831 1 0.99986035
376230355.0 0.0 1796.8256020424606 0 7.848363e-07
308529807.0 1.0 1798.8277331166153 1 0.99991727
270811822.0 0.0 1812.3885581670634 0 7.1830866e-05
292853707.0 0.0 1808.8698451756563 0 1.2389594e-05
445633103.0 1.0 1793.8484723157346 1 0.99994695
63719587.0 1.0 1794.3495404586636 1 0.99989253
251518037.0 0.0 1800.1192538614594 4 1.17049434e-35
320278122.0 1.0 1796.2438824856338 1 0.99994075
427648130.0 0.0 1805.200911888434 0 1.8606039e-07
265202925.0 0.0 1794.640026365787 2 1.4522759e-05
26432264.0 0.0 1800.953807518471 3 1.3117536e-10
250494958.0 0.0 1812.369472783418 0 3.6574146e-08
356787798.0 1.0 1794.9071918856882 1 0.99946696
116892799.0 0.0 1812.390542695621 0 3.9305448e-08
395524782.0 1.0 1811.1387307566908 1 0.99999976
219874830.0 1.0 1811.5527989553877 1 0.9999579
265069102.0 0.0 1807.242471811872 4 5.5053017e-37
368319105.0 0.0 1809.784452475531 3 8.8571774e-16
351361362.0 0.0 1808.8471450881725 0 1.04384e-05
291885470.0 1.0 1793.9741298516121 1 0.99999994
317470793.0 0.0 1811.4091167688468 3 3.3782767e-29
139377072.0 0.0 1809.2034824715838 0 0.0018548621
450128495.0 0.0 1808.8694951168611 0 0.000100491154
397982428.0 1.0 1796.9308361763785 1 0.9998216
417230453.0 0.0 1794.7222926174 2 3.0777848e-08
83415135.0 1.0 1795.0975306787802 1 0.99999
237107014.0 1.0 1796.782414257015 1 0.99999565
354258570.0 1.0 1798.8280182793287 1 0.9999937
34551634.0 0.0 1805.2663780864245 0 0.000299463
233062102.0 0.0 1798.0104106940196 2 6.172177e-18
94605993.0 1.0 1800.3703927538916 1 0.99999994
353956975.0 1.0 1799.07829016421 1 0.9999865
285167734.0 1.0 1798.8278028374787 1 0.99924946
338370730.0 1.0 1799.1382350247109 1 0.9997428
256863400.0 0.0 1805.1991718810493 0 2.0567466e-06
233741051.0 0.0 1810.6355504276803 4 7.958144e-30
401084952.0 1.0 1798.202693458925 1 0.99980915
186595806.0 0.0 1805.0786765364699 3 4.070606e-18
184610931.0 1.0 1793.4118102205027 1 0.99999815
12799440.0 1.0 1797.3051092473127 1 0.999981
186595806.0 0.0 1807.4119979188727 3 1.9132701e-10
396059992.0 0.0 1798.097430303523 3 0.00557393
229597519.0 0.0 1794.1987714421832 0 0.00024585446
385593571.0 1.0 1796.8704206910056 1 0.99999446
263930790.0 0.0 1812.7598174850546 3 4.484796e-25
85432236.0 1.0 1810.3912772152726 1 0.999585
240892011.0 0.0 1793.3484872823176 0 0.0001783417
402813493.0 0.0 1808.9100549239968 0 0.000113523696
359135647.0 0.0 1796.9099897037597 0 0.0007176313
353488648.0 0.0 1812.5353680101198 0 7.359231e-06
407022666.0 1.0 1797.6391359313163 1 0.9999992
449993800.0 1.0 1795.8478555998588 1 0.9992682
302390056.0 0.0 1796.8279156452338 0 7.8860285e-06
400814245.0 0.0 1805.306441550336 0 5.048497e-06
316741453.0 1.0 1798.140047029896 1 0.99998933
282881771.0 1.0 1810.1179906207337 1 0.99988264
256619309.0 0.0 1808.8447289723217 0 0.00019607233
396328727.0 1.0 1810.4724787367138 1 0.9999515
202977417.0 1.0 1794.557367947731 1 0.9999309
285181196.0 0.0 1810.1410231780415 3 6.472512e-06
21177643.0 1.0 1794.099798189487 1 0.99995446
445133704.0 0.0 1799.0356622403594 3 3.9632714e-33
63508192.0 1.0 1795.953639000807 1 0.9998555
289264100.0 1.0 1796.0555725070515 1 0.9999489
434887021.0 1.0 1795.4718651115065 1 0.99999344
52630076.0 1.0 1794.347841723061 1 0.9996192
198180702.0 0.0 1805.1976550681748 0 2.5415771e-05
264615805.0 0.0 1810.6610227983456 3 3.3394754e-06
308717558.0 1.0 1806.2028130784831 1 1.0
401494592.0 1.0 1811.4718721571746 1 0.9999965
245503288.0 0.0 1796.827786811635 0 1.4812939e-07
285466374.0 0.0 1805.4120304084151 0 6.395098e-06
433414133.0 1.0 1798.4118430034903 1 0.9999792
279203993.0 1.0 1797.4725180344365 1 0.9999996
420499227.0 1.0 1795.4100027478048 1 0.9999638
376368590.0 0.0 1808.8880155045867 0 2.4391253e-05
422305222.0 1.0 1796.804037210702 1 0.99974406
357887593.0 0.0 1805.3059779058847 4 3.3839673e-35
309140943.0 1.0 1806.202675680091 1 0.9999986
219884414.0 0.0 1796.9275052926441 4 2.2198413e-15
53867382.0 0.0 1805.5144746722633 0 0.00023477874
284218840.0 1.0 1797.9933945501737 1 0.99999434
333870215.0 1.0 1796.4289460318275 1 0.9999332
327601818.0 0.0 1805.2030303073625 0 3.9147002e-05
350132837.0 0.0 1808.8460296128058 0 3.126972e-07
302318972.0 1.0 1794.8905620963117 1 0.99952203
403436721.0 1.0 1795.8690529397672 1 0.99999833
453268916.0 0.0 1811.0356839953913 2 8.4722025e-09
101165621.0 1.0 1805.8496741415627 1 0.99997073
428551226.0 1.0 1810.2013781849066 1 0.9999999
230050758.0 0.0 1805.1986976441729 0 0.0008054644
258463711.0 0.0 1795.2204186097072 2 7.2153474e-05
186595806.0 0.0 1810.495301485706 3 1.3591586e-11
352978313.0 1.0 1794.553987813937 1 0.9999721
259293097.0 1.0 1798.59921241447 1 0.99997926
241112788.0 1.0 1800.1820391109327 1 0.99999577
241024336.0 0.0 1812.3482943752633 0 0.00014088229
370998869.0 1.0 1805.2860302849704 1 0.9999832
250632099.0 1.0 1795.6197935457221 1 0.9999981
129909334.0 0.0 1805.57850835967 0 8.380642e-05
331851637.0 1.0 1793.9300267006895 1 0.999877
139579405.0 0.0 1796.6411229043758 0 0.00015582122
65279171.0 1.0 1796.2240341272836 1 0.99999976
251790041.0 1.0 1796.5567357904038 1 0.999961
269521271.0 1.0 1810.8259866743304 1 0.99992543
427809547.0 0.0 1805.2218436156772 0 3.9607116e-07
332986045.0 0.0 1796.8064933502296 2 2.759702e-20
353956367.0 0.0 1812.4117604346704 0 0.0010258484
357669546.0 1.0 1811.035663988293 1 0.9988844
233238544.0 1.0 1794.7817689815142 1 1.0
371221080.0 1.0 1796.7212081462476 1 0.99997944
327570310.0 1.0 1811.411155759088 1 0.73218733
445619626.0 1.0 1798.494255665276 1 0.99870056
116888474.0 0.0 1808.8489346205629 0 2.720115e-05
229443943.0 0.0 1805.2196869476584 0 3.6601293e-08
390734129.0 1.0 1811.4108576223473 1 0.99893343
302476679.0 0.0 1805.2446823749403 0 2.8298881e-08
12322859.0 0.0 1810.639678762891 2 0.08170013
387506791.0 0.0 1805.1996372978467 0 3.600931e-05
250471256.0 0.0 1795.0989098719326 4 0.0
387675673.0 0.0 1808.8871393924583 0 4.561347e-08
322132773.0 1.0 1810.8875151173745 1 0.9999989
428480908.0 0.0 1805.5558628758824 0 1.7767097e-06
415902768.0 1.0 1796.6616400775254 1 0.9999629
427444797.0 1.0 1811.1173394676982 1 0.9999876
348506748.0 1.0 1806.3068682221565 1 0.9999955
229676244.0 0.0 1799.386378174038 3 2.6177408e-05
286237833.0 0.0 1793.1412282896947 0 7.27176e-05
235990124.0 0.0 1793.1371953796554 0 1.5406156e-08
403118244.0 0.0 1812.345246798733 0 4.010582e-05
137907585.0 1.0 1796.745421942774 1 0.9999901
445223365.0 1.0 1794.5146274565027 1 0.99998206
229676244.0 0.0 1806.2823229335206 3 1.2297004e-10
331390893.0 1.0 1798.0774652403302 1 0.9995672
198280655.0 1.0 1795.1139683063907 1 0.99999803
82621283.0 1.0 1797.8691330258384 1 0.99992996
397795577.0 0.0 1808.326309628156 4 3.7576337e-34
359585100.0 0.0 1808.8645337334328 0 1.25040215e-05
235937396.0 1.0 1793.7412768264105 1 0.99790317
355821215.0 1.0 1793.4110048869106 1 0.99999654
353610464.0 0.0 1812.4104525764021 0 0.0005316736
367351684.0 1.0 1811.5130429056924 1 0.9999763
445368785.0 1.0 1793.28562504836 1 0.9742446
375648373.0 0.0 1812.3461696857253 0 6.2638006e-05
390049080.0 0.0 1812.5352563098484 0 1.9420236e-06
229787826.0 1.0 1798.2821786084437 1 0.99999976
250866926.0 0.0 1805.2238786373523 0 1.3651568e-06
198187777.0 1.0 1811.2183063811053 1 0.99926996
289263382.0 0.0 1812.3890340575533 0 9.124425e-06
331552930.0 1.0 1794.4295169637046 1 0.9997951
302388871.0 0.0 1798.0987523378617 2 2.2761319e-11
407352723.0 0.0 1805.2432310620177 0 9.1072206e-07
415957476.0 0.0 1812.348799510119 0 1.891347e-11
275637152.0 0.0 1794.8892432373566 4 5.9700687e-30
397920729.0 1.0 1796.4725802323433 1 0.9999884
270014030.0 1.0 1796.4512562531208 1 0.9998502
255993777.0 0.0 1799.4079144623192 3 0.00026194373
264615805.0 0.0 1794.9318531423419 3 1.30687e-05
251249071.0 0.0 1796.890020420038 0 0.00012804005
286574032.0 1.0 1799.2439916029155 1 0.9999997
65197590.0 1.0 1796.786770791684 1 1.0
326257955.0 0.0 1808.8657835171225 0 1.5988387e-06
117268197.0 1.0 1805.7656688289676 1 0.9999381
353988152.0 1.0 1797.468380204605 1 0.9999918
352408429.0 1.0 1810.9080255518395 1 0.9998143
428055364.0 0.0 1806.4323885718811 4 2.5030947e-12
285175153.0 1.0 1798.8704554961744 1 0.99970025
428052072.0 1.0 1795.9739823701634 1 0.999982
422610553.0 0.0 1805.2217660636188 0 6.699614e-06
347691008.0 1.0 1797.9942780628614 1 0.99997073
390858559.0 1.0 1811.4939815574169 1 0.9997116
13454275.0 1.0 1810.681444222798 1 0.9999784
240938231.0 1.0 1795.8277241784167 1 0.99957025
258511404.0 1.0 1795.1995119501455 1 0.99998546
326815804.0 0.0 1810.6180478998917 3 1.0692522e-05
312862956.0 1.0 1799.5773710566539 1 0.999997
52038497.0 0.0 1809.222613180037 0 7.7583645e-06
367463278.0 0.0 1798.4113703708667 4 1.3913573e-31
367144411.0 0.0 1805.2005371174814 0 1.993008e-09
284143800.0 0.0 1809.2017868493476 0 0.00011408539
259269217.0 1.0 1810.7198201779772 1 0.99917036
441727691.0 0.0 1806.1364073969523 2 5.5968393e-08
408579218.0 1.0 1797.9103416136384 1 0.99999994
336168332.0 1.0 1805.9292059275776 1 0.99998915
311706812.0 1.0 1797.0355439124326 1 0.9999687
352833435.0 0.0 1812.4099058505117 0 1.8097901e-10
332866785.0 1.0 1793.1607223502701 1 0.9999679
403692337.0 1.0 1794.2861698520203 1 0.9999553
398158100.0 1.0 1796.8058229536318 1 0.9999953
286214847.0 1.0 1811.4731352658296 1 0.9997443
230079377.0 1.0 1797.0105179842224 1 0.9994722
245374473.0 1.0 1798.1403827489428 1 0.9999844
308618724.0 0.0 1800.1402069040992 0 0.00061595306
235988533.0 1.0 1799.1581408295199 1 0.9999986
349353606.0 1.0 1794.8286983335922 1 0.9999892
422922286.0 0.0 1812.6616879199664 0 0.0012815741
264455816.0 0.0 1805.971019514232 4 5.779532e-10
258831049.0 1.0 1796.4906895925856 1 0.999962
427957130.0 0.0 1798.32615128777 4 1.818071e-12
279085922.0 0.0 1805.2224083298775 0 6.669983e-15
415963911.0 1.0 1798.7866202408904 1 0.999966
378737747.0 0.0 1808.8470331422607 0 6.727779e-05
67520143.0 0.0 1812.5989918826353 0 8.4929825e-06
320044820.0 1.0 1796.4938242115197 1 0.99997836
289090826.0 1.0 1811.4930452987567 1 0.99998397
345782594.0 0.0 1793.4099809115557 0 2.1361013e-10
316447896.0 0.0 1805.2029821709925 0 7.739491e-06
279946733.0 0.0 1805.201129372256 0 1.6016651e-06
232641316.0 1.0 1805.2812106200315 1 1.0
368402243.0 1.0 1798.2016090917255 1 0.9999723
286240244.0 1.0 1810.93278969694 1 0.9979967
284530877.0 1.0 1806.0767729874324 1 0.9998933
387561871.0 0.0 1805.199656852757 0 8.323291e-05
252848972.0 0.0 1809.0158292306114 0 0.00019245014
236758525.0 0.0 1808.8443621616789 0 7.6908336e-08
385508077.0 1.0 1796.0580000955792 1 0.999997
445259729.0 1.0 1810.5145002969168 1 0.9996167
423037843.0 1.0 1806.1818062547868 1 0.9999936
125738730.0 1.0 1794.537112379793 1 0.99997413
399259890.0 1.0 1810.3688009037808 1 0.99997145
445338849.0 1.0 1796.5355961698137 1 0.9996984
292322983.0 1.0 1806.3697975737405 1 0.9997442
233065340.0 1.0 1799.0105524481849 1 0.9999551
252145751.0 1.0 1797.9106107714904 1 0.999924
423745428.0 0.0 1808.9108356203628 0 4.7779602e-05
10707331.0 0.0 1812.5146729725764 0 1.1939141e-10
301263593.0 0.0 1810.9113972283756 2 1.8184043e-08
320498127.0 1.0 1793.764730408797 1 0.99997854
288524366.0 1.0 1797.261840893458 1 0.9999999
321990479.0 1.0 1794.179367030842 1 0.99966556
331986218.0 0.0 1812.6812638645713 0 0.000531852
401494629.0 1.0 1794.9717148911177 1 0.99980754
397761814.0 1.0 1799.1180713651568 1 0.9999614
445373399.0 1.0 1793.2857332601377 1 0.999997
387286746.0 1.0 1793.7413529013913 1 0.9998334
21023317.0 1.0 1810.9744348072977 1 0.9998693
337831656.0 1.0 1810.97126049858 1 0.9999642
255868007.0 1.0 1810.7826696483112 1 0.99919266
229476840.0 0.0 1805.2404064024743 0 1.9013402e-15
28911691.0 0.0 1805.5789926050484 0 0.0005096319
428661642.0 1.0 1799.430666082643 1 0.99999875
428378991.0 0.0 1796.9099495412459 0 0.00022105969
129910638.0 0.0 1809.2658871608653 0 0.000101968246
258958481.0 1.0 1797.4700119876386 1 0.99998033
236997739.0 0.0 1805.2409980591417 0 2.0467498e-08
116009307.0 1.0 1798.3073840497545 1 0.99992925
417332401.0 1.0 1795.7222991325652 1 0.9999981
320493641.0 1.0 1811.389309944997 1 0.99995524
235981025.0 1.0 1806.4289667094652 1 0.99992913
331937156.0 1.0 1798.159895765579 1 0.9999975
467574373.0 0.0 1800.3496109699608 3 4.3981636e-09
333803315.0 0.0 1808.9705430539673 0 3.1205363e-05
331718137.0 1.0 1811.0980985175854 1 1.0
396203936.0 1.0 1806.3890960208287 1 0.9999915
241028737.0 1.0 1795.4320423317688 1 0.99998736
268404736.0 1.0 1797.012207228909 1 0.9999951
229492454.0 1.0 1793.636560016326 1 1.0
366830281.0 0.0 1812.4712302937419 0 2.1663037e-10
417643330.0 1.0 1811.137366124877 1 0.999982
377153171.0 0.0 1805.2007399183608 0 0.00021229709
229500818.0 0.0 1798.261572545013 2 9.321128e-13
291959014.0 0.0 1793.140751902683 0 9.232486e-08
118302467.0 1.0 1805.8078744508841 1 0.9999613
192684661.0 1.0 1797.265735261474 1 0.9997388
287150991.0 0.0 1799.7812073804068 4 1.6445097e-11
377900716.0 1.0 1796.5137400532528 1 0.9998777
376884204.0 1.0 1797.8240821719214 1 0.9999998
229471842.0 1.0 1793.7199195228607 1 0.9999994
331980786.0 0.0 1798.5773164285988 2 2.639677e-06
292720939.0 0.0 1812.6406539728498 0 0.0020337892
435446572.0 1.0 1799.5343822914263 1 0.99999976
406837454.0 1.0 1799.4936420656593 1 0.9999937
392571731.0 0.0 1805.1980167689153 0 1.7405038e-07
229683910.0 1.0 1797.4888987176355 1 0.99996996
445357626.0 0.0 1807.993737763707 4 1.2828974e-18
259167484.0 1.0 1795.1782281015262 1 0.9994638
245397664.0 0.0 1799.6818231689842 2 5.066783e-10
259253300.0 0.0 1806.1824166479985 2 1.3074611e-08
445611947.0 1.0 1806.223591887274 1 0.9999333
445425975.0 0.0 1812.7020022233494 0 0.0004909711
271335293.0 1.0 1795.409687903745 1 0.9999999
387676804.0 1.0 1795.11651816918 1 0.9999754
352673368.0 0.0 1796.2015786121613 2 2.4355393e-13
387238973.0 0.0 1797.512141140451 2 4.419617e-12
252125143.0 1.0 1795.9105367405434 1 0.9998533
470710327.0 0.0 1794.4307261935771 3 5.9453555e-33
272225153.0 0.0 1806.493007308942 4 1.211922e-07
417764939.0 1.0 1798.7841055630297 1 0.998812
63344672.0 0.0 1805.3909664409036 0 4.140831e-05
450130540.0 1.0 1797.4944184248227 1 0.9999821
270065787.0 0.0 1805.6412875306294 0 0.0008794772
372501667.0 1.0 1796.493521299357 1 0.9999998
233057068.0 1.0 1799.8853946946547 1 0.05206847
47518812.0 0.0 1794.4060778203632 0 0.00088034576
264612485.0 0.0 1796.8276405946472 0 9.543744e-06
250496462.0 1.0 1811.0570437847964 1 0.99981415
229777099.0 0.0 1807.802860521377 4 1.3401787e-26
403525927.0 1.0 1794.036013696444 1 0.99998593
264726849.0 0.0 1805.223577521813 0 2.0049008e-08
395925318.0 0.0 1805.2223789583406 0 3.591138e-06
264897135.0 0.0 1805.2004633105157 0 2.0422967e-05
269821975.0 1.0 1795.6180196168464 1 0.9993617
279269179.0 1.0 1798.8893255078647 1 0.99999744
436855249.0 0.0 1809.016291168683 0 9.416496e-06
445256908.0 1.0 1794.7230216546511 1 0.9999997
263972356.0 0.0 1805.9289421722988 2 4.153552e-18
385042181.0 0.0 1798.411596777756 4 6.5047816e-06
177995000.0 0.0 1808.8494168340637 0 0.0012332035
427238126.0 0.0 1805.2624563895433 2 2.9635923e-09
377201696.0 0.0 1797.7215502815009 2 2.4294159e-06
240902506.0 1.0 1797.6611435612872 1 0.9999508
346848781.0 0.0 1796.6411375144876 0 0.00019405954
368171104.0 0.0 1793.4095704624663 0 0.00028001308
250632099.0 1.0 1794.7239573393406 1 0.99999994
26535082.0 1.0 1810.4538195503114 1 0.9999999
54057589.0 0.0 1805.6602407528599 0 1.3171964e-14
274955950.0 0.0 1796.8052878626359 0 4.716777e-09
251817717.0 0.0 1793.327770089053 0 3.783387e-07
293127200.0 0.0 1793.1406891111692 0 5.3464538e-15
10796501.0 0.0 1796.0354287458629 4 6.641817e-10
293066086.0 0.0 1806.0990147633222 3 7.8190695e-20
376499580.0 0.0 1812.2838257696303 3 1.2442375e-19
63472430.0 0.0 1793.1412118158717 0 0.0005047592
387506865.0 1.0 1796.4497502327913 1 0.99998915
363810408.0 1.0 1806.305580078597 1 0.9997248
252097197.0 1.0 1797.285505093424 1 0.9999997
293187690.0 0.0 1809.1825010884343 0 0.0010029456
331605323.0 0.0 1812.827058504015 0 4.4357414e-11
202840977.0 1.0 1794.6616549752453 1 0.9999967
353238439.0 1.0 1810.2436030961794 1 0.9999726
71853881.0 0.0 1800.2860507124924 2 2.1248615e-10
431802820.0 1.0 1796.453378343242 1 0.99958265
77222689.0 0.0 1796.6413525414725 0 0.00014685582
272532292.0 0.0 1812.3678497460633 0 9.02541e-09
233074334.0 0.0 1798.6356910893667 4 1.8416122e-30
307635935.0 1.0 1796.994291360035 1 0.99999416
388078636.0 0.0 1812.3664953503444 0 8.499448e-06
265299683.0 1.0 1794.2235491902575 1 0.99994403
308529167.0 0.0 1808.973444849167 0 6.956533e-09
233501926.0 1.0 1797.219251441188 1 0.99996406
388602832.0 0.0 1796.5964440742346 3 8.383088e-31
428458522.0 1.0 1795.9727825038879 1 0.9998589
233717408.0 1.0 1805.593989564364 1 0.9998306
285508016.0 0.0 1809.0985809056283 4 9.559764e-33
452971988.0 0.0 1797.2229264094187 4 9.524155e-20
427766733.0 1.0 1795.9095354590374 1 0.99999976
252101670.0 1.0 1806.2438270740183 1 0.99998885
94608286.0 0.0 1805.5163814574908 0 0.00171069
384842388.0 1.0 1796.265223638104 1 0.9999999
334800616.0 1.0 1796.5338416058626 1 0.98908347
251788762.0 1.0 1795.6608544645387 1 0.99997544
229751830.0 0.0 1808.8654832864868 0 4.1957747e-08
11329543.0 1.0 1798.6603732337478 1 1.0
352979549.0 0.0 1793.2831306886667 3 0.0
369085552.0 0.0 1797.8475311953093 0 0.001026061
259274468.0 0.0 1809.386454125732 4 0.0
403037785.0 0.0 1796.9950128482394 3 1.810616e-28
240815660.0 0.0 1808.8482434849318 0 0.0005510984
421117994.0 0.0 1799.222615227118 4 9.953488e-05
272627324.0 1.0 1811.4303623047426 1 0.9998348
427445198.0 0.0 1798.8466359952838 4 1.7197761e-23
309140428.0 0.0 1800.1402556778207 0 0.0007594574
65641116.0 0.0 1808.9119077299506 0 0.0012304896
279762589.0 1.0 1810.389949457267 1 0.9995535
229594701.0 0.0 1794.1989754997376 0 1.1503237e-07
301097326.0 1.0 1794.4529601490524 1 0.9999994
285532266.0 1.0 1795.3061209400826 1 0.9947386
264726849.0 0.0 1808.8693904139163 0 1.5830027e-12
139553692.0 0.0 1809.1410603448255 0 0.00042539588
286236415.0 0.0 1808.4535875371744 4 1.2324573e-17
396235258.0 1.0 1811.5556761780365 1 0.999819
90648458.0 1.0 1794.6620580803046 1 0.99958354
354717307.0 1.0 1793.723785702719 1 1.0
444461683.0 0.0 1805.5974985386697 0 1.5380076e-06
270006368.0 1.0 1810.8495810090922 1 0.9997705
444756920.0 0.0 1809.1606348530358 0 1.7749609e-07
365732243.0 1.0 1796.3664357977125 1 0.99994016
453013469.0 1.0 1793.9731481865447 1 0.77284926
229742721.0 1.0 1795.927949521212 1 1.0
240901087.0 0.0 1796.6402925009359 0 0.0006439421
285181196.0 0.0 1798.5787303914651 3 1.4802814e-06
390040549.0 1.0 1799.3688162773049 1 0.95333683
198457457.0 0.0 1801.0305914553621 3 0.0
47577987.0 1.0 1799.5310208351946 1 0.9999475
319716802.0 0.0 1805.5352412956975 0 2.0588095e-07
82095405.0 0.0 1808.910680655667 0 0.0016885719
445421702.0 1.0 1793.5773617289933 1 0.9999972
236765030.0 0.0 1812.3859504150846 0 5.633292e-06
230122533.0 0.0 1793.177052085347 0 2.8608667e-07
73690810.0 1.0 1798.8495996060753 1 0.9997403
202844845.0 1.0 1798.9115350378713 1 0.99910545
203093393.0 1.0 1810.6200362297377 1 0.99994296
369826305.0 0.0 1809.1600083490798 0 2.3375198e-05
441724916.0 0.0 1805.2195364073975 0 5.0586797e-05
269697721.0 0.0 1800.991120216602 3 1.0690592e-17
13837118.0 0.0 1805.2649085594855 0 6.194041e-05
198354443.0 0.0 1797.884667247426 3 7.763144e-18
61044451.0 1.0 1810.8078752075135 1 0.9999697
435745269.0 1.0 1805.5135210820354 1 0.9999994
13213572.0 1.0 1795.3052108508625 1 0.9999618
334804663.0 1.0 1798.9713033592138 1 0.9999647
445312652.0 1.0 1806.3896697253954 1 0.999999
307207934.0 0.0 1805.556512182467 0 0.00064005796
396474313.0 1.0 1798.9721581845934 1 0.9999983
241090523.0 1.0 1798.994482202657 1 0.9998557
354154130.0 1.0 1810.7442706959982 1 0.99998695
199709243.0 1.0 1796.947101271046 1 0.99943584
138117990.0 1.0 1811.1204616326606 1 0.99994487
366911606.0 0.0 1805.2212675575122 0 2.9406304e-09
356894234.0 1.0 1799.0520219905036 1 0.9997697
334800701.0 1.0 1797.0129935144805 1 0.9500152
13214018.0 0.0 1805.2216908156558 0 0.000195923
368593849.0 0.0 1805.2220533052405 0 4.816805e-08
373618248.0 1.0 1798.952358628339 1 0.98562783
251540279.0 0.0 1800.6194395509062 4 7.3964564e-08
407027561.0 0.0 1812.346959542228 0 6.27754e-06
321983762.0 0.0 1805.9292007386107 4 8.79949e-38
116882771.0 1.0 1798.6198586106148 1 0.9997476
410231988.0 1.0 1800.033641574649 1 0.9999477
192880679.0 1.0 1796.6825921057516 1 0.9993887
346788568.0 1.0 1797.6619675921486 1 0.9999817
271240484.0 0.0 1812.3677167981223 0 7.72752e-08
366435734.0 1.0 1805.7824977429175 1 0.999999
319712656.0 0.0 1806.7643249191794 4 1.7298927e-06
184694094.0 1.0 1796.8701793599157 1 0.9995782
230116669.0 1.0 1795.885327386162 1 0.9999987
232637586.0 1.0 1798.9897204416704 1 0.9999839
285178066.0 0.0 1796.6412103720018 0 0.0013417332
73488292.0 1.0 1799.3287721506038 1 0.9991887
431897913.0 0.0 1808.8492619754015 0 0.001290927
354831822.0 0.0 1810.2644015962571 2 0.0001586642
229611487.0 1.0 1795.9279982339394 1 0.9999598
435742004.0 0.0 1805.2008614347646 0 2.66364e-09
104142729.0 0.0 1806.3072567744098 2 6.823298e-07
219847282.0 0.0 1797.698370705272 0 4.0882614e-06
229703365.0 0.0 1811.1151371130609 2 2.4109212e-22
52271545.0 1.0 1796.6811173804674 1 0.99999887
363811005.0 0.0 1800.409803942276 0 0.00012028275
422386791.0 1.0 1797.783313527546 1 0.9999983
302774308.0 0.0 1812.4102042650964 0 0.00068553706
351551902.0 1.0 1798.5140082482294 1 0.9999909
357827739.0 0.0 1794.3477619012876 0 0.0019124828
285276768.0 1.0 1794.016246477959 1 0.9992923
241015032.0 1.0 1793.932049571971 1 0.99988
379325960.0 1.0 1797.597613900826 1 0.9999512
241013635.0 1.0 1795.9112326139427 1 0.99999285
346843955.0 1.0 1794.1202651113415 1 0.99990684
407316442.0 0.0 1805.2013583612872 0 0.0041260705
256556288.0 1.0 1810.1572733625064 1 0.9999752
278855680.0 1.0 1798.972654078571 1 0.99932015
65159476.0 1.0 1793.43235000187 1 0.9997854
312862003.0 1.0 1797.5565789640043 1 0.9999755
255863592.0 1.0 1805.7204327017994 1 0.9999018
229944109.0 0.0 1812.3441908902778 0 1.0760333e-05
347690287.0 1.0 1799.285967419855 1 0.9999151
192553942.0 1.0 1805.9950751566769 1 0.9999893
12478352.0 1.0 1797.931628005269 1 0.99997765
280163079.0 0.0 1798.449267630816 2 2.727986e-10
229711339.0 0.0 1808.8447401436947 0 1.5808152e-12
289210388.0 1.0 1797.680560284571 1 0.99996966
356699952.0 1.0 1811.010612138233 1 0.9999756
192530067.0 1.0 1798.995020700494 1 0.9998739
297773030.0 1.0 1796.8894875302433 1 0.9999827
367460770.0 0.0 1808.869734666568 0 7.095706e-05
285797410.0 0.0 1812.4522511296734 0 1.7316439e-06
317010426.0 0.0 1805.2003922537351 0 2.0321397e-07
264405384.0 0.0 1808.8876635767401 0 0.00017075372
269697721.0 0.0 1794.5328228342346 3 2.3260708e-16
178076617.0 1.0 1793.6619755324687 1 0.99998677
230019755.0 1.0 1798.448705607425 1 0.9999719
445618885.0 0.0 1812.390094459735 0 5.9265515e-10
402830363.0 1.0 1805.2218394394667 1 0.9999266
415903980.0 1.0 1793.5991351595842 1 1.0
379198595.0 1.0 1799.6180697373068 1 0.9999926
284528940.0 1.0 1795.035228332907 1 0.99999964
348678813.0 1.0 1796.7653415820403 1 0.99999976
352772941.0 1.0 1798.6391311925113 1 0.99999946
233152830.0 1.0 1795.4483820745459 1 0.99993783
13219136.0 0.0 1798.3467603276356 4 1.2289414e-09
400606739.0 1.0 1795.39025586963 1 0.99999565
229444187.0 0.0 1805.1988347619324 0 4.1632912e-11
130155520.0 0.0 1809.6201524475537 4 6.273701e-19
268333885.0 1.0 1794.8662473639477 1 0.9999967
229609915.0 0.0 1797.699143730562 0 6.421019e-07
255872069.0 0.0 1812.8060450768387 0 2.8671533e-08
321689005.0 1.0 1793.7001432603104 1 0.99930084
302016174.0 0.0 1800.1408156853581 0 0.0005989815
186989280.0 1.0 1796.8911315372877 1 0.9999593
186746986.0 1.0 1811.2243570110659 1 0.99991447
240972989.0 0.0 1805.2233536934236 0 0.00094770174
288603421.0 1.0 1805.3035245994952 1 0.9999963
280626089.0 0.0 1793.847711151576 3 2.7847065e-09
270657059.0 1.0 1806.409549642815 1 0.9999761
233609870.0 1.0 1811.3651368625613 1 0.9999999
383646165.0 1.0 1806.0523235656715 1 0.9999961
233500987.0 1.0 1810.1364707038801 1 0.99999624
245723918.0 0.0 1793.389974071596 0 0.00017464506
23051058.0 1.0 1794.8078634466174 1 0.99998796
381781755.0 1.0 1796.7661685637013 1 0.999981
331385890.0 0.0 1793.1398584417082 0 4.8067835e-07
230079251.0 1.0 1806.3022782984528 1 0.99993163
302076473.0 1.0 1794.8071933953454 1 0.99997026
192692806.0 1.0 1797.120113292411 1 0.99999934
431772658.0 1.0 1798.1615271405276 1 0.9999042
357823235.0 1.0 1795.764433727457 1 0.99997944
245429266.0 0.0 1795.265290404801 4 1.17661435e-27
229676244.0 0.0 1794.3029574416812 3 1.1784162e-11
351777072.0 1.0 1795.2847926746465 1 0.99999124
10787260.0 1.0 1795.1395690984937 1 0.9998094
229701136.0 0.0 1808.8446848369736 0 0.00029652027
427737972.0 0.0 1812.7664599236184 0 0.0007358407
373458532.0 1.0 1810.7427762087182 1 0.99999994
229784075.0 1.0 1805.9278566402697 1 0.9998681
85484748.0 1.0 1806.120448695869 1 0.9999726
417416017.0 1.0 1810.1603119719812 1 0.9998082
28911657.0 1.0 1811.1622803828404 1 0.9999886
160585313.0 1.0 1796.9693872010985 1 0.9999719
353853673.0 0.0 1812.5102026288466 0 0.0009801091
249918275.0 1.0 1805.536431652243 1 0.9986799
321909827.0 1.0 1794.5126616402872 1 0.9999941
240817037.0 0.0 1812.9314076815524 0 7.355955e-05
417662947.0 0.0 1812.3673314603786 0 1.7867164e-11
90572367.0 1.0 1805.6205750985866 1 0.999998
285161229.0 0.0 1804.3903428115937 3 7.064315e-21
350133749.0 0.0 1798.5128545597524 2 1.8601106e-15
357036445.0 1.0 1798.0937222834816 1 0.9999828
240947891.0 0.0 1801.7027392292896 3 1.5149569e-21
129864288.0 1.0 1797.3077069641602 1 0.99999183
54459231.0 1.0 1805.972938294463 1 0.9999321
405327387.0 1.0 1797.7001906984856 1 0.9990772
178047825.0 1.0 1805.3078183930916 1 0.99994093
286304408.0 1.0 1799.4707646991899 1 0.9999966
264612485.0 1.0 1806.3068318059086 1 0.99996585
50118192.0 0.0 1812.410703346208 0 0.00018912177
373236212.0 1.0 1806.1385910818522 1 0.9999927
374222235.0 0.0 1812.4105676024944 0 0.0005376371
398160829.0 1.0 1797.9932028017095 1 0.999375
302230381.0 1.0 1796.2030739955242 1 0.9999993
229492984.0 0.0 1800.4072474966752 0 5.9905986e-08
233531036.0 1.0 1797.198580413313 1 0.9999997
283841421.0 0.0 1809.2017503457312 0 8.805147e-06
331866557.0 1.0 1797.6801726875983 1 0.9949194
289358749.0 1.0 1810.2638081973002 1 0.9999995
229584634.0 1.0 1806.3655910070513 1 0.9999902
455823893.0 1.0 1805.5124806623535 1 0.9999641
445322851.0 0.0 1812.7019028448321 0 1.6660936e-17
241085217.0 1.0 1793.7029543640253 1 0.9999912
408620873.0 1.0 1797.6391800585975 1 0.9998314
54526183.0 0.0 1793.1394663827716 0 5.1584097e-06
370939997.0 1.0 1798.8691514789984 1 0.9999999
407423533.0 1.0 1794.8468749394553 1 0.99974245
359498041.0 1.0 1799.364671138246 1 0.9998108
354474739.0 0.0 1808.8487609495032 0 0.000540786
250986432.0 1.0 1798.4323539304414 1 0.9999355
317844191.0 0.0 1795.409154641175 2 1.3073978e-13
200737304.0 0.0 1796.1202237871673 2 3.219335e-10
356223727.0 1.0 1805.5929432975279 1 0.99984425
347502127.0 0.0 1812.495151086355 0 0.000108978464
84161715.0 1.0 1805.9100429211398 1 0.99999815
312252628.0 0.0 1809.2019409906345 0 0.0005797369
388507257.0 1.0 1797.992330353204 1 0.99995214
233608021.0 1.0 1799.4483768337468 1 0.99995196
289354991.0 0.0 1808.868199548005 0 2.9667708e-05
49947938.0 1.0 1796.1191185182117 1 0.99989873
137057165.0 1.0 1793.9093722554862 1 0.76770943
219880678.0 1.0 1805.2191203143884 1 0.99997795
230029160.0 0.0 1798.2404048010114 2 1.8768516e-17
317777850.0 1.0 1794.284073932157 1 0.9998974
323123815.0 1.0 1811.5125713292882 1 0.9999999
229973890.0 1.0 1805.9277299342698 1 0.9999998
445233986.0 1.0 1810.8061575747627 1 0.99999887
445666747.0 1.0 1799.1817769261575 1 0.9999999
376979041.0 1.0 1796.8440066943313 1 0.99956906
28961645.0 0.0 1809.120626864351 0 0.0013083596
400253601.0 0.0 1795.7847836136486 4 7.685806e-30
299332103.0 0.0 1809.1606284246282 0 5.454146e-09
396535071.0 1.0 1794.2218952684416 1 0.9999633
417767562.0 0.0 1796.805061968729 0 8.77485e-05
199688472.0 0.0 1810.4888950499048 3 1.4315188e-19
117271783.0 1.0 1795.8487597541475 1 0.999999
65081990.0 1.0 1805.4744111011184 1 0.999923
199571942.0 1.0 1799.509658575916 1 0.9999874
94278977.0 0.0 1805.4746357564836 0 0.0004705837
377033667.0 0.0 1799.5133153676034 2 5.137899e-19
83347119.0 0.0 1805.5349814242659 0 9.241232e-05
63508538.0 0.0 1812.7449742885399 0 0.000489635
433140308.0 0.0 1805.3493948117916 0 0.00042227955
284060490.0 1.0 1805.4746228233025 1 0.99986637
433501356.0 1.0 1796.3077032436415 1 0.9998761
233049401.0 1.0 1799.4481869753345 1 0.99799013
186767261.0 1.0 1799.0369445576214 1 0.9999542
199664100.0 1.0 1793.3847025803548 1 0.99999803
332803008.0 1.0 1806.181594558197 1 0.99972725
198388252.0 0.0 1812.5930555839084 3 3.4571873e-23
321859135.0 1.0 1799.6376189191037 1 0.9999929
54884196.0 0.0 1798.3062452202234 2 0.00035895506
250718579.0 1.0 1795.4321117309648 1 0.99975896
388080439.0 1.0 1794.158347934769 1 0.9997738
229497700.0 1.0 1798.7823280215107 1 0.99999964
116141391.0 1.0 1799.3279857149196 1 0.9999674
229487136.0 0.0 1808.8445628707166 0 3.467342e-06
240981697.0 1.0 1796.869524326209 1 0.99999976
207494054.0 1.0 1797.1346260826688 1 0.9999079
264615805.0 0.0 1800.9318932691467 3 7.056811e-18
278922816.0 1.0 1795.8685808206583 1 0.99982446
343268523.0 1.0 1805.345270724257 1 0.9999439
240898427.0 1.0 1795.9943615429954 1 1.0
306553760.0 1.0 1794.765044965785 1 0.9999987
389418544.0 0.0 1809.202051082939 0 2.565247e-06
298663328.0 0.0 1794.4062284286713 0 0.00019063207
68000294.0 0.0 1812.3494142774025 0 0.0017831144
229774203.0 1.0 1794.7821917431702 1 0.9999974
240943389.0 1.0 1796.2859741694012 1 0.99999297
399271810.0 0.0 1797.9312536183402 2 2.2783077e-07
229943407.0 1.0 1794.6777718567457 1 0.999986
270014986.0 0.0 1811.4718198627122 2 4.964444e-10
319720449.0 1.0 1796.0563115917328 1 1.0
450137038.0 1.0 1798.7651218571636 1 0.999905
177996138.0 1.0 1795.5368592366492 1 0.99982953
293190507.0 1.0 1798.2449804413438 1 0.9998965
376192616.0 0.0 1805.2854240118893 0 2.3988204e-07
317011114.0 0.0 1799.0962984506664 2 1.584343e-13
372339636.0 0.0 1805.200352794065 0 2.6169944e-05
232681328.0 0.0 1809.2396089645624 0 2.0284294e-06
26433004.0 1.0 1793.286991685228 1 0.99995875
236969371.0 1.0 1793.8036494405017 1 0.99953544
235981025.0 0.0 1793.1371715826554 0 0.0008911654
235982422.0 1.0 1795.6163243967592 1 1.0
372218054.0 1.0 1799.9295508340088 1 0.99999344
416049559.0 1.0 1798.8075693300198 1 0.99971145
353894453.0 0.0 1805.2599382862195 0 4.1787134e-09
427949354.0 0.0 1808.5759632313434 4 5.3530055e-11
388077397.0 1.0 1811.0956452413482 1 0.9999935
350135382.0 0.0 1797.7212092538455 4 2.020262e-05
256749542.0 0.0 1809.8448571654835 4 0.0
379373152.0 1.0 1796.1390727122434 1 1.0
274980088.0 0.0 1808.8677129670543 0 5.193062e-07
388602832.0 0.0 1795.1172556627378 3 5.602098e-29
376499580.0 0.0 1797.9090574359548 3 4.8870496e-17
366077231.0 1.0 1795.9095878093049 1 0.99991125
423745640.0 0.0 1795.7024010905268 2 3.8210265e-11
357888118.0 1.0 1797.160027880011 1 0.9996381
83346024.0 1.0 1795.2018239259066 1 0.99998933
326258283.0 1.0 1793.699317951247 1 0.9999893
198211012.0 1.0 1805.968537641018 1 0.9999687
186988940.0 1.0 1793.5577828206706 1 0.9999991
117614625.0 1.0 1799.8073014201389 1 0.9999967
65440875.0 1.0 1795.974124151171 1 0.99972975
279186887.0 1.0 1793.9518844000197 1 0.99202037
46677639.0 1.0 1805.516463955924 1 0.99994594
247012234.0 0.0 1812.4119594651966 0 0.00017537197
433283181.0 1.0 1795.1410634757435 1 0.9999919
321852591.0 0.0 1809.4499727630714 0 6.549543e-05
52522462.0 1.0 1797.410335918809 1 0.9999595
288600444.0 0.0 1805.2412030073008 0 4.957102e-07
348672027.0 1.0 1811.1193376451617 1 0.99560446
137961193.0 0.0 1800.328758882512 0 2.8947384e-06
452988500.0 1.0 1797.5353446150195 1 0.9999924
350134809.0 0.0 1799.5128452430415 2 2.3954674e-06
13702615.0 1.0 1798.3063917848247 1 0.9999967
34750272.0 1.0 1795.6830861055428 1 0.9967064
198159870.0 0.0 1805.2185694652221 0 0.0004508727
367424517.0 0.0 1805.3462706026219 0 7.3543877e-10
54886657.0 1.0 1796.993793494615 1 0.9993073
366760239.0 0.0 1808.8462224851548 0 8.4539314e-16
445639006.0 0.0 1808.8694894233456 0 5.574158e-07
249893633.0 0.0 1808.848797510078 0 0.010178181
104066710.0 1.0 1805.47399421274 1 0.999999
270540027.0 0.0 1796.9097020225718 0 5.615849e-09
82392026.0 1.0 1811.3489296776747 1 0.99982524
293185651.0 0.0 1809.2865734118457 0 0.0007272682
354115138.0 0.0 1808.866857185094 0 1.0723414e-09
331613729.0 0.0 1795.327382384146 2 7.0631216e-08
178173476.0 1.0 1795.474322600986 1 0.9999874
353882327.0 0.0 1805.2243107936943 0 2.3993014e-05
219886471.0 0.0 1796.8439915060787 4 6.0360715e-28
137206593.0 1.0 1805.8887935701546 1 0.9999933
405460528.0 1.0 1798.9122418293164 1 0.99992514
367681735.0 0.0 1794.1775362467538 3 2.7873337e-30
408731664.0 1.0 1797.9927493487583 1 0.9991051
192532107.0 0.0 1793.1406723907016 0 0.00068035885
332803421.0 1.0 1793.5566807772593 1 0.9739739
246973941.0 1.0 1793.4123257216263 1 0.99979395
251547304.0 0.0 1796.827870714765 0 2.2995235e-05
403431219.0 1.0 1795.494145810971 1 0.99999994
233534075.0 1.0 1796.8232292706814 1 0.99994254
347681160.0 0.0 1812.3485745838443 0 0.00038928405
117113510.0 1.0 1810.1407835321634 1 0.99999905
311820958.0 0.0 1809.1810781020372 0 0.00044594216
351553757.0 0.0 1812.3472161028978 0 3.288732e-05
332152659.0 1.0 1794.244119832468 1 0.99999034
400605650.0 1.0 1796.9735555612021 1 0.99999636
315775727.0 1.0 1798.8040856329335 1 0.9998795
71929771.0 1.0 1797.2858546802513 1 0.99983
245400258.0 1.0 1799.0567573502115 1 0.9999992
219797699.0 0.0 1805.3019634726375 0 3.6892025e-06
292720178.0 1.0 1794.5783319656468 1 0.99999636
378852223.0 0.0 1806.4307230635625 4 1.5643193e-26
376372393.0 1.0 1797.638194042332 1 0.9998766
256458883.0 1.0 1797.574211151468 1 0.9999958
364118779.0 1.0 1794.7414219850796 1 1.0
434431168.0 1.0 1799.409280861663 1 0.9996493
383677123.0 1.0 1796.5525884658116 1 0.99999905
353937836.0 0.0 1794.4062572934542 0 0.00071606657
207402821.0 1.0 1794.259534671023 1 0.9999652
389962223.0 1.0 1800.0728416676932 1 0.9999994
233684697.0 1.0 1795.5729052880756 1 0.99998635
292321469.0 0.0 1798.4324414748844 4 1.1367817e-36
398306011.0 1.0 1797.5545212888458 1 0.9999651
374778630.0 0.0 1812.348496866122 0 1.7934779e-05
252122286.0 1.0 1795.4938762504148 1 0.9999999
329246824.0 0.0 1794.093312830464 3 2.1424895e-34
219900027.0 0.0 1809.9900473233274 3 0.0
445494729.0 1.0 1798.41100486175 1 1.0
219848631.0 0.0 1806.0105153809018 4 0.0009184946
256348172.0 1.0 1797.4084754170408 1 0.9999997
245669620.0 1.0 1805.2859504675243 1 0.99996984
250608126.0 1.0 1795.8070192664939 1 0.999959
354382905.0 1.0 1796.4924562208764 1 0.9999881
238654774.0 1.0 1795.5988179386732 1 0.99999857
433202461.0 0.0 1809.0576675510126 0 0.00013877224
383645680.0 0.0 1812.427174995309 0 1.8973006e-08
52271424.0 0.0 1812.7018150654355 0 3.814861e-07
353565609.0 0.0 1794.993258161743 3 0.0
445287089.0 0.0 1804.3062693709803 3 1.0827591e-32
357046368.0 0.0 1794.405957647326 0 2.9275793e-07
282875714.0 0.0 1805.5347987472028 4 3.912543e-18
376891083.0 0.0 1808.9089484579724 3 9.9395013e-14
348307274.0 1.0 1795.4736758042075 1 0.999997
259295586.0 0.0 1808.9534788041638 0 0.001818924
198537044.0 1.0 1798.1974512716197 1 0.9999333
301916446.0 1.0 1796.7873160223603 1 0.9999737
255874124.0 0.0 1809.2019160246923 0 5.1108473e-06
196920546.0 0.0 1803.952794274691 3 3.8625273e-31
418134658.0 1.0 1795.1806880608171 1 0.9999991
353934550.0 1.0 1799.3433462858493 1 0.9999662
12829691.0 0.0 1794.3479475221868 0 0.0001243562
230126164.0 1.0 1806.1771218626757 1 0.99976647
445133704.0 0.0 1803.5355758879127 3 2.8401663e-20
50944567.0 0.0 1812.4317232827566 0 1.8387187e-05
246940651.0 0.0 1809.182810926747 0 0.00050037255
343409567.0 1.0 1810.1993381144466 1 0.9999242
237233098.0 1.0 1793.2620476307568 1 0.99998313
235905808.0 0.0 1808.6788445332386 4 2.3261875e-30
270543076.0 1.0 1798.826361196407 1 0.99998903
441764472.0 1.0 1805.4697119409432 1 0.9999899
252814483.0 0.0 1812.3489593863947 0 8.491325e-05
445274459.0 1.0 1799.2022806436396 1 0.99999964
250553751.0 1.0 1798.4529843492605 1 0.9997964
250705493.0 0.0 1808.8695225310544 0 7.408949e-09
129787635.0 1.0 1798.8910097440698 1 0.99998707
444142115.0 1.0 1810.3694806434528 1 0.9999854
186619984.0 1.0 1810.7036638202333 1 0.99988085
396028886.0 0.0 1796.180505718806 2 1.9821352e-13
346783960.0 0.0 1808.2660878398653 3 0.002146883
366326592.0 0.0 1807.2419120206948 4 2.1160952e-23
117028650.0 1.0 1810.2657096307275 1 0.99997824
202844240.0 1.0 1794.4948713136478 1 0.9999998
265476481.0 1.0 1796.6608433599038 1 0.9999851
331725843.0 0.0 1805.2009677500266 0 0.0004373332
331710072.0 0.0 1805.556496852087 0 2.7811276e-10
417746712.0 0.0 1812.3673901646855 0 4.5785617e-07
348232723.0 1.0 1797.9318495613595 1 0.9999995
50451900.0 0.0 1805.264733636904 0 0.00010872737
101260541.0 1.0 1796.5370412793256 1 0.9999694
71928965.0 0.0 1805.5358431065108 0 8.6309235e-05
230008335.0 0.0 1805.1985974789782 0 3.643337e-07
238774986.0 1.0 1798.0993009721242 1 0.99860656
126098160.0 1.0 1794.870353593087 1 0.99944973
245391330.0 1.0 1805.4111529337376 1 0.999495
315937374.0 0.0 1802.43179345321 3 1.5523023e-15
256927408.0 1.0 1799.3451219065284 1 1.0
343464512.0 0.0 1810.8659998868166 4 3.6163433e-06
289136823.0 1.0 1796.722179280556 1 0.99999666
259167440.0 0.0 1808.8655960185065 0 9.682574e-09
250555111.0 1.0 1810.9945735462336 1 0.99999535
104029301.0 1.0 1796.994739874325 1 0.9999789
29109961.0 1.0 1797.6830467600237 1 0.9999992
309240531.0 0.0 1796.973637020365 0 1.9000288e-05
408731888.0 1.0 1805.7428715868905 1 0.9999919
279285973.0 1.0 1798.4724757391562 1 0.9999928
238699868.0 0.0 1805.2448450185755 0 0.00018131261
428118911.0 1.0 1794.9115300571464 1 0.9999956
431772633.0 1.0 1805.4949842721994 1 0.99995553
245482459.0 1.0 1795.9526653542275 1 0.99999917
417853479.0 1.0 1795.764042867459 1 0.99998325
233617131.0 0.0 1808.844414780825 0 1.3581885e-06
198189225.0 0.0 1812.385308109081 0 7.969936e-06
285273628.0 1.0 1811.2660360402306 1 0.99996096
417258241.0 1.0 1799.7643396207689 1 0.9973042
445133704.0 0.0 1798.3898394515795 3 3.639658e-29
256696297.0 0.0 1805.3480665760312 0 3.957423e-07
265276371.0 0.0 1796.86756087721 2 1.2778271e-05
292051618.0 1.0 1810.244669824529 1 0.99999994
436848408.0 1.0 1798.7664497345254 1 0.9999086
372508222.0 0.0 1805.5558273640725 0 2.4361496e-08
12103624.0 1.0 1797.639846079798 1 1.0
198555959.0 0.0 1798.510081246346 3 6.537184e-22
376493164.0 1.0 1799.7214476187928 1 0.9999892
285042236.0 1.0 1805.9518776075995 1 0.99989414
68001857.0 1.0 1793.870196939022 1 0.9991695
250744460.0 1.0 1798.640596863349 1 1.0
34691648.0 1.0 1797.662290105692 1 0.999892
427956433.0 1.0 1796.4094784118079 1 0.9999861
427449552.0 1.0 1796.9299838989068 1 0.9999884
433350615.0 0.0 1812.5367627710111 0 0.002285531
289583047.0 0.0 1800.176656529546 0 0.00082728063
410742973.0 1.0 1797.9322967761489 1 0.9999738
284924411.0 0.0 1795.5770167290154 2 9.655839e-15
283246200.0 1.0 1797.9726004426548 1 0.9999587
233495139.0 0.0 1796.4904443198125 2 1.0794528e-07
428293143.0 1.0 1796.0988655088702 1 0.9998455
13620645.0 1.0 1797.9105131557678 1 0.99999267
410811678.0 1.0 1794.1611870608872 1 0.9999877
327190106.0 1.0 1799.9322586605872 1 0.9999898
396267528.0 0.0 1797.8474384751628 0 0.0007678637
331612419.0 1.0 1797.6398376053903 1 0.99999416
137993372.0 1.0 1793.3078677452204 1 0.99996006
51028863.0 1.0 1796.6605861533778 1 1.0
240922086.0 1.0 1805.4318417267723 1 0.99998534
81681261.0 1.0 1797.9939974586875 1 0.9999431
233099129.0 1.0 1797.4687886738982 1 0.99996305
432049047.0 0.0 1800.1408742672036 0 1.3785615e-06
288312457.0 1.0 1797.9074143563566 1 0.99997705
199614232.0 1.0 1805.780570405014 1 0.9999901
389771312.0 1.0 1793.4939298555996 1 0.9999754
316079899.0 0.0 1808.8871941604875 0 4.132493e-06
250636476.0 0.0 1812.390373437518 0 1.379533e-11
412359429.0 1.0 1794.8462668559696 1 0.9999617
376107381.0 1.0 1797.7214687019057 1 0.9999992
191704569.0 1.0 1810.4944127564418 1 0.999965
366119832.0 1.0 1810.967905926935 1 0.9999933
275639721.0 0.0 1805.326774721454 0 0.0005358852
198457457.0 0.0 1811.9263891331675 3 6.059302e-36
320492837.0 0.0 1807.4310713337522 4 0.017655458
256375216.0 0.0 1812.3447233608415 0 3.289704e-08
327789190.0 1.0 1795.1406901010573 1 0.9999874
343269564.0 0.0 1808.8452256843707 0 0.00035765022
292524854.0 1.0 1795.0992375802837 1 0.99996066
279185212.0 1.0 1794.8893532457835 1 1.0
177708876.0 0.0 1808.9119228657162 0 0.0006921795
445182516.0 0.0 1812.7018904256604 0 0.00429709
357526213.0 1.0 1810.2389162720426 1 0.99998516
241013932.0 0.0 1809.57763799935 4 6.049937e-13
353171074.0 1.0 1810.4725686811416 1 0.9999999
346890573.0 1.0 1795.1616610576882 1 0.9999793
407347162.0 1.0 1797.3680674245527 1 0.99998784
67765541.0 1.0 1793.411920569132 1 0.999996
229971023.0 1.0 1798.3447009206616 1 0.9999991
65464423.0 1.0 1810.3680627792876 1 0.999702
403948782.0 0.0 1808.9103820124446 0 0.00030861716
259238677.0 0.0 1793.407583326144 0 2.0163482e-08
240882820.0 1.0 1805.5358481304695 1 0.99998486
331212242.0 1.0 1798.3483269601254 1 0.99981236
331513540.0 1.0 1798.056587452368 1 0.9998528
139463633.0 0.0 1812.6617579583256 0 8.2857e-05
348316528.0 1.0 1805.6818155054084 1 0.99939936
420552290.0 0.0 1812.7641251786781 0 1.7625773e-05
431767736.0 1.0 1794.0990953027408 1 0.99940056
434430964.0 0.0 1795.5135473557898 2 1.5969111e-07
291884210.0 0.0 1809.0573189323202 0 0.0011421732
353006160.0 0.0 1798.264210761752 2 0.015683379
354255461.0 0.0 1796.6403994475722 0 5.588812e-07
200939418.0 0.0 1808.849524860589 3 0.00025934266
249952332.0 1.0 1797.3487961573799 1 1.0
329172742.0 1.0 1811.1139401253677 1 0.99999994
301911058.0 1.0 1796.307363671208 1 0.99964947
250553781.0 0.0 1805.202949794831 0 0.00017720007
349256622.0 0.0 1805.578788318399 0 0.0004387592
229689703.0 1.0 1797.2181355008986 1 0.9998239
359129916.0 0.0 1796.909906829365 0 1.8479296e-06
52187663.0 0.0 1795.056279030539 4 0.004048181
400439102.0 1.0 1799.3274726261413 1 0.99998987
412359571.0 1.0 1795.4712525565137 1 0.99999624
408094673.0 1.0 1793.9711749471644 1 0.99992543
399083043.0 1.0 1811.0773582544775 1 0.99997073
445404863.0 1.0 1798.5772144186856 1 0.9999165
241123939.0 0.0 1812.3693998445533 0 4.153175e-09
308224074.0 1.0 1796.5153651056705 1 0.99994236
252845489.0 0.0 1805.2865661852625 2 1.8095278e-25
379165795.0 1.0 1810.1807442826653 1 0.9999746
230125546.0 0.0 1806.8022707369926 4 0.22165327
117309522.0 1.0 1796.2862545023565 1 0.9999763
445342657.0 1.0 1796.8690118012025 1 0.999977
245711074.0 0.0 1808.8487138725952 0 0.00066273153
252186590.0 1.0 1800.3690843965978 1 0.9999791
370062153.0 0.0 1799.3900115248505 2 2.6222553e-08
373695438.0 1.0 1810.889592775202 1 0.999987
285424819.0 0.0 1809.202838570039 0 0.00030843803
230386284.0 0.0 1808.8026802281483 3 1.8009377e-13
359588373.0 1.0 1810.635122139579 1 0.9999976
259298258.0 0.0 1798.3075671655367 2 0.05599574
29059895.0 1.0 1797.891444912728 1 0.9994409
252853767.0 1.0 1806.2240285228636 1 0.999638
270013850.0 1.0 1799.5970491116332 1 0.99983424
65157890.0 0.0 1805.2034576086478 0 7.311959e-05
368383607.0 0.0 1812.3886205011938 0 1.785886e-05
317468012.0 1.0 1794.7840520706116 1 0.99598193
285561092.0 0.0 1796.4948518848532 4 2.4517317e-09
236996733.0 1.0 1798.4285934792892 1 0.999998
288854677.0 0.0 1809.1394138126307 0 7.390436e-05
417419499.0 1.0 1810.4934984405377 1 0.9999951
367681735.0 0.0 1802.3860091973952 3 2.6561254e-21
403827616.0 1.0 1796.9313288694652 1 1.0
50611408.0 0.0 1794.348121660268 0 0.00063393184
332680995.0 1.0 1798.7023575740873 1 0.99998105
368736057.0 1.0 1805.8888663036437 1 0.99990195
354105524.0 0.0 1796.6401169082594 0 0.00064786215
445601812.0 0.0 1799.3693667687671 2 0.00041779503
445182516.0 1.0 1793.8063765086094 1 0.9999511
233569063.0 0.0 1808.86511370363 0 0.0002215321
65355029.0 0.0 1812.4325775670304 0 0.00014525991
302186200.0 1.0 1793.4323656058782 1 0.99955124
251389050.0 0.0 1795.202662294605 2 4.558261e-11
335481280.0 1.0 1806.0545371105216 1 0.9999667
20801954.0 1.0 1799.0992654098266 1 0.99996394
264545579.0 0.0 1805.6377031625432 2 2.6329523e-14
229676244.0 0.0 1800.4488958984314 3 7.065623e-13
117624488.0 0.0 1793.3279322042522 0 2.6680027e-09
379634719.0 1.0 1797.910275020548 1 0.9999534
186966008.0 0.0 1812.6199113559333 0 0.0005139962
445629245.0 1.0 1796.9317595139016 1 0.9999795
411043639.0 1.0 1810.7626001411236 1 0.9997311
369141038.0 0.0 1812.3682423656537 0 8.570064e-06
403262862.0 0.0 1812.7016271502282 0 1.5777616e-06
247396657.0 1.0 1811.1204474852354 1 0.9998547
229438746.0 1.0 1799.2820622913503 1 0.9999983
408703648.0 0.0 1808.8467069165338 0 0.0007384971
230019513.0 1.0 1794.0112700567274 1 0.9999988
431867284.0 1.0 1797.7032702204772 1 0.9999898
259463324.0 0.0 1812.474064314333 0 0.00039444288
275258021.0 0.0 1809.0762416007585 4 0.0
372340982.0 1.0 1810.7419296910432 1 0.999981
269609504.0 0.0 1800.221967795854 3 4.9216278e-15
453224104.0 0.0 1809.1607185082237 0 0.0011224423
65446711.0 0.0 1805.2866903315844 0 0.00042483944
434717882.0 0.0 1808.8674759092517 0 0.00010303785
308225234.0 1.0 1796.4737491696117 1 0.99998146
334832291.0 0.0 1796.676780132304 0 0.000998284
321546077.0 1.0 1798.3250410946466 1 0.9999929
410773762.0 1.0 1798.9711652851604 1 0.9999599
320603220.0 0.0 1807.4935911727982 4 4.6403856e-23
177764705.0 0.0 1808.8494628066287 0 0.0005839249
272540534.0 1.0 1798.2223943059669 1 0.9999997
433287596.0 1.0 1797.1412005387053 1 0.99999976
428007077.0 0.0 1796.9093879376164 0 1.5616133e-10
428734429.0 0.0 1797.6803781535564 4 3.1165024e-37
367089929.0 1.0 1796.3463625388201 1 0.99999994
192593596.0 1.0 1810.6824787006378 1 0.99977666
376976038.0 0.0 1794.406682321982 0 0.0032786576
50190359.0 1.0 1810.6816697800373 1 0.9999749
11058088.0 1.0 1795.0145036357812 1 0.9999683
186664364.0 1.0 1805.3910711637182 1 0.9999505
202899628.0 1.0 1794.1198955146547 1 0.99999565
319841362.0 1.0 1796.806326593808 1 1.0
202926467.0 0.0 1796.6408629744665 0 0.0011121734
332159110.0 0.0 1793.889794960134 2 5.113029e-19
53619383.0 1.0 1806.2852468685144 1 0.99999934
419745366.0 1.0 1798.847627614406 1 0.99999636
372723747.0 1.0 1795.8062540034723 1 0.9999911
406518465.0 1.0 1795.8039394987493 1 0.9999674
250834403.0 0.0 1808.8696013040724 0 1.7826059e-06
63559370.0 1.0 1793.2662316137614 1 0.99997574
289357318.0 1.0 1805.7222213591776 1 0.9999965
433143724.0 0.0 1793.1410991154949 0 0.0011667474
367095724.0 0.0 1805.221359888743 0 4.412374e-08
84219681.0 0.0 1809.2015031387346 0 1.0326978e-05
384983188.0 1.0 1794.3283509062087 1 0.9999963
441716335.0 1.0 1794.6569023833674 1 0.9998995
250969124.0 1.0 1797.2863141783118 1 0.9999997
250558096.0 0.0 1805.3280709510802 2 5.211255e-13
229645134.0 1.0 1806.2823582032693 1 0.9998921
251201370.0 0.0 1808.8486680539017 0 4.1836032e-05
370269139.0 1.0 1811.0981870665212 1 0.9999227
229508096.0 1.0 1794.303279248328 1 1.0
52269250.0 0.0 1795.4103266434217 2 9.822128e-07
348311663.0 1.0 1810.348556034433 1 0.9999338
285691112.0 0.0 1797.8481872745294 0 1.1144479e-05
250476891.0 0.0 1810.1819281433554 4 1.5070885e-14
398160893.0 0.0 1808.3891180131834 4 3.9046387e-34
348527100.0 0.0 1812.348533772049 0 4.370731e-05
250607560.0 0.0 1812.3486001888546 0 0.0002080213
200792606.0 0.0 1793.1409416752758 3 1.670346e-08
394122810.0 1.0 1795.9075895478693 1 0.9999929
288628974.0 1.0 1798.9951676122378 1 0.99997413
259267111.0 0.0 1807.80310623457 4 2.6990636e-37
376295940.0 1.0 1796.034924086123 1 0.999987
436858081.0 0.0 1796.266428631655 2 0.01898181
235942843.0 1.0 1810.4288050456025 1 0.99998665
229676244.0 0.0 1812.094909372194 3 9.3729816e-11
308604274.0 1.0 1805.9111536610408 1 0.99995047
405668462.0 0.0 1805.2447605818604 0 1.9114776e-08
320271555.0 0.0 1806.4103110514884 2 3.292921e-10
378734900.0 0.0 1812.3470640768744 0 8.842712e-06
431959311.0 1.0 1810.7452426450834 1 0.99939007
402747357.0 0.0 1796.3890552224761 4 1.1804381e-23
229607619.0 1.0 1806.3029991078938 1 0.99999917
354788350.0 1.0 1810.744913851074 1 0.9998405
390660986.0 1.0 1810.473360656921 1 0.9999689
241081158.0 0.0 1796.6405605481204 0 0.0013586695
410553821.0 0.0 1806.1820232745015 4 6.4333733e-24
372391762.0 0.0 1798.9712683804566 4 3.0684618e-25
420114439.0 0.0 1812.3451353640787 0 7.3604986e-07
372500632.0 1.0 1794.701885413625 1 0.99998987
402846117.0 1.0 1798.5551165600873 1 0.9999411
192298244.0 1.0 1793.995055798693 1 0.9996411
229784430.0 0.0 1796.5529606735793 2 1.351706e-10
237229485.0 0.0 1812.3660028914248 0 1.7691518e-06
251121180.0 1.0 1797.5777910830059 1 1.0
302543213.0 1.0 1806.2039332601307 1 0.9999304
269667140.0 0.0 1805.199312564241 0 2.0655395e-07
236995611.0 0.0 1795.1577813966883 2 0.00015299137
268428145.0 1.0 1793.1788309538738 1 0.99949205
65443138.0 0.0 1796.640727343892 0 0.0005187859
428662801.0 0.0 1798.868194847377 4 2.4294747e-25
389968088.0 1.0 1811.3433771463172 1 0.99823993
427473603.0 1.0 1798.3884396213355 1 0.9999966
291840278.0 1.0 1794.8907116754272 1 0.99997675
139505040.0 1.0 1799.0368498662103 1 1.0
199716496.0 0.0 1800.468176699978 3 2.0996649e-33
301570089.0 1.0 1796.3487458454633 1 0.9999971
237304997.0 1.0 1798.0746117633666 1 0.99986935
236966496.0 0.0 1793.4077620421112 0 1.0134538e-09
434893323.0 0.0 1793.5552936115164 3 5.2651502e-23
236886746.0 0.0 1805.1992158039575 0 3.2591224e-06
405433406.0 1.0 1811.1831090972319 1 0.99962354
240923351.0 0.0 1794.556974820551 2 2.7700331e-05
400437995.0 0.0 1793.1399310659538 0 2.6109547e-06
390579628.0 0.0 1805.285557738841 0 0.000143282
398214522.0 1.0 1798.6604342658295 1 0.9999984
445291140.0 0.0 1810.8477454816755 2 5.8114338e-06
10800788.0 0.0 1797.4313561516258 2 4.395377e-10
67574799.0 1.0 1810.7244419088236 1 0.9999208
51024855.0 1.0 1798.764879129015 1 0.99881136
269609913.0 1.0 1806.1593715911863 1 0.9998312
332154212.0 0.0 1798.7648979951273 2 0.0013748792
378650885.0 0.0 1805.2429883497543 0 1.7215516e-08
403922256.0 1.0 1798.2432754118342 1 0.97302955
302228444.0 1.0 1806.1406884611679 1 0.9999857
258393554.0 1.0 1794.4490727970494 1 0.99999666
353551124.0 1.0 1811.2228600399158 1 0.99980474
81751121.0 1.0 1797.5355457164474 1 0.99959195
240911239.0 0.0 1796.015191146633 3 6.67273e-38
23054189.0 1.0 1795.3495228131442 1 0.99999964
240932625.0 1.0 1798.1610605749736 1 0.9999842
452936933.0 0.0 1805.556045801779 0 1.6967446e-07
381591824.0 1.0 1798.7451752659067 1 0.9999951
317470793.0 0.0 1800.9716796470534 3 2.2348503e-34
285423993.0 0.0 1808.8903748788596 0 2.1034477e-08
445188106.0 1.0 1806.285477945196 1 0.9999847
101222967.0 0.0 1805.6204969680969 0 0.00080111163
233734984.0 0.0 1808.8438857965775 0 1.4870936e-05
364132406.0 0.0 1797.8039966929516 2 3.727569e-14
427690717.0 1.0 1806.1177176161273 1 1.0
46678383.0 0.0 1809.12065379369 0 0.00021893358
354249957.0 1.0 1799.6193076931668 1 0.9999971
272231084.0 1.0 1799.201482072844 1 0.9999998
263969675.0 1.0 1797.137054649895 1 0.9999351
229443205.0 1.0 1797.0531921876475 1 0.9998715
77548002.0 1.0 1796.8287692951367 1 0.9999548
285508813.0 0.0 1795.973665689054 2 1.6524584e-11
186745213.0 0.0 1809.1202707344833 0 0.00085368165
396534780.0 1.0 1799.742899676176 1 0.9999956
395942641.0 0.0 1805.2013975283548 0 4.6869584e-09
356108732.0 0.0 1797.4890791599887 4 7.495329e-27
283843960.0 1.0 1796.0977966170196 1 0.99999917
444113356.0 0.0 1805.2027127600725 0 8.888577e-05
20772080.0 1.0 1795.0366173742843 1 0.9998238
334753378.0 1.0 1805.4060987517175 1 0.9999993
250964263.0 1.0 1811.4528865008413 1 0.999988
384814516.0 1.0 1798.1609482160688 1 0.99985325
34749332.0 1.0 1795.9331256232172 1 0.9994153
233083400.0 1.0 1811.1978528398936 1 0.99986106
292318403.0 0.0 1812.7031140320003 0 0.00064832537
334804279.0 1.0 1794.3255287941533 1 0.9999027
235994281.0 0.0 1808.9081255937033 0 0.00027662909
327252722.0 1.0 1806.2850236425377 1 0.99999547
256617615.0 0.0 1794.6367478050977 2 2.7290253e-07
229445310.0 0.0 1805.1987521778372 0 1.887266e-09
387901176.0 0.0 1798.554067025727 3 7.008967e-13
292197254.0 1.0 1798.3906694674536 1 0.9999531
126027166.0 0.0 1809.2454800453238 0 0.00021644436
367096828.0 0.0 1794.575481496942 2 4.0067633e-14
331718019.0 1.0 1795.869162008528 1 0.99994653
445282945.0 1.0 1798.9730958961022 1 0.99999994
398182591.0 1.0 1795.7226873065588 1 1.0
357032660.0 1.0 1798.1558710863737 1 0.99997735
407500226.0 0.0 1805.2009358877729 0 3.1867157e-07
353958670.0 0.0 1808.9116896303854 0 0.0011514423
302089547.0 0.0 1793.1407003651532 0 0.000811582
366762364.0 1.0 1796.3879869306263 1 0.99966466
12831526.0 1.0 1799.3063836009987 1 0.9999999
317470793.0 0.0 1797.63834874803 3 0.0
353736316.0 1.0 1797.8228451791626 1 0.99999064
264224374.0 1.0 1796.8458503932143 1 0.9999572
250868026.0 1.0 1794.057169246986 1 0.999925
238774934.0 1.0 1795.4534348924117 1 0.9999468
278849195.0 0.0 1794.6389948468159 2 1.2762033e-10
320381762.0 0.0 1796.639499711272 0 5.231311e-07
177797195.0 0.0 1812.3494870661718 0 0.00015700587
302147728.0 0.0 1805.2659630351916 0 1.0850488e-05
358909502.0 0.0 1805.200851038343 0 6.383875e-05
453305405.0 1.0 1794.3899532499283 1 1.0
373458182.0 1.0 1798.138606332664 1 0.99993914
406598861.0 1.0 1806.1384882556401 1 0.99997866
428421701.0 1.0 1796.972701831782 1 0.99999857
34715287.0 1.0 1796.0580701842882 1 0.9999286
370694384.0 1.0 1799.348275959794 1 0.9997111
202843094.0 0.0 1805.2449099554108 0 9.847838e-06
316250867.0 0.0 1811.9530236575988 3 3.3071813e-34
420110764.0 1.0 1797.3661182564028 1 1.0
403332252.0 1.0 1794.1994808172292 1 0.99873364
50266376.0 1.0 1799.035621292611 1 0.999981
117271063.0 0.0 1805.20308129718 0 1.7588351e-07
192529825.0 0.0 1796.6408308031873 0 0.00075826165
288515404.0 1.0 1797.5952925941517 1 0.99998736
367075382.0 1.0 1799.0546299067078 1 0.9999862
192838962.0 1.0 1795.057564434556 1 0.9998861
312671977.0 1.0 1810.5353499891312 1 0.99998003
245707962.0 1.0 1798.7028950076017 1 0.99979556
370951651.0 0.0 1793.1402306086425 0 1.2784377e-17
137124726.0 1.0 1798.8681495561225 1 0.9999788
387332207.0 1.0 1806.0120085700153 1 0.9999701
82620705.0 1.0 1805.5984607963653 1 0.99996287
241084238.0 1.0 1795.8488403887663 1 0.99981856
348678270.0 1.0 1806.2653465851834 1 0.9999328
323054666.0 0.0 1793.137509713524 0 0.0006525245
229584652.0 1.0 1806.094750792941 1 1.0
441722462.0 0.0 1805.1985898880332 0 2.9274062e-07
201039973.0 1.0 1797.7244006913634 1 0.9988039
20876073.0 1.0 1795.6617369524429 1 0.9999809
219100598.0 0.0 1796.8444927204876 4 5.8425243e-31
302147082.0 0.0 1812.5575844056632 0 0.00086218293
219900027.0 0.0 1797.6149854019702 3 0.0
235713442.0 1.0 1795.344932871426 1 0.9999965
347951266.0 0.0 1807.9316668711813 4 0.0
288300733.0 0.0 1797.532433432026 2 3.8512477e-05
331930617.0 1.0 1798.0764302429159 1 0.9999887
308712011.0 0.0 1805.2026542879964 0 8.195553e-08
301338074.0 1.0 1810.6404920209197 1 0.99993485
269609504.0 0.0 1796.4928446661631 3 1.0856104e-14
417231521.0 0.0 1793.3056586901448 0 5.660243e-08
367533791.0 0.0 1799.098878391128 4 2.1674066e-33
402775873.0 0.0 1798.7642799426417 2 0.0010091667
378527314.0 0.0 1805.2428640596286 0 5.8166625e-06
236985082.0 0.0 1805.2618179325286 0 7.2864395e-08
338648346.0 0.0 1806.4714376638826 4 3.4179753e-10
353872814.0 1.0 1806.4058671657863 1 0.9999998
184691423.0 1.0 1797.3285657846857 1 0.9999999
224599914.0 1.0 1805.7804463968696 1 0.99987173
73639510.0 0.0 1812.6410565284873 0 8.1952996e-05
441734144.0 0.0 1805.3656734313236 3 2.4117718e-26
445296013.0 1.0 1810.6811398304208 1 0.999923
229674024.0 0.0 1808.8447669617328 0 4.907375e-07
235937156.0 0.0 1812.36643757217 0 0.00013346021
233151478.0 0.0 1805.2397836624975 0 2.804717e-09
399856598.0 1.0 1810.1178837105688 1 0.99989504
331314073.0 0.0 1809.2022954941622 0 1.510782e-06
387829719.0 0.0 1812.3454354120481 0 0.0001234951
453011966.0 0.0 1793.1397850860624 0 0.00036458176
235902559.0 0.0 1793.4079598913859 0 4.5653407e-05
372627563.0 0.0 1795.493980890061 2 6.02706e-06
396011533.0 0.0 1812.4100742639966 0 0.00080534315
245396933.0 0.0 1812.3485109900585 0 7.8815907e-07
275695228.0 1.0 1795.9102647412835 1 0.99987596
299440228.0 1.0 1798.2237693071645 1 0.99976236
251458145.0 0.0 1808.8485301749079 0 0.0007448093
372211947.0 0.0 1808.8669212321665 0 9.157255e-07
348307567.0 1.0 1795.5986678849158 1 0.99989873
312859210.0 1.0 1805.8689967699488 1 0.99999964
229741985.0 0.0 1797.4488893824775 3 2.0426785e-05
274802651.0 0.0 1812.3468738073095 0 2.5018215e-05
269597203.0 1.0 1795.345185502527 1 0.9999998
381583665.0 0.0 1812.5781475142724 0 0.00059943565
285514892.0 0.0 1805.3489061137377 2 2.1232527e-14
252113015.0 0.0 1812.7021356183777 0 5.1746642e-06
373125211.0 1.0 1798.4508907211282 1 0.9999842
371219243.0 1.0 1793.9712085461622 1 0.99997693
421691676.0 1.0 1793.535581493716 1 0.99998355
327297211.0 0.0 1800.1405336324763 0 5.4419406e-06
192470364.0 1.0 1805.3909598039668 1 0.99955875
367836078.0 1.0 1794.4074090009574 1 0.9999894
233732688.0 0.0 1808.323421389126 4 0.0
406890430.0 1.0 1798.618201930555 1 1.0
252149464.0 0.0 1793.2022007708802 0 1.639073e-08
285532266.0 0.0 1812.7226021752408 0 0.0057001966
279441587.0 1.0 1798.2642067133577 1 0.9967273
403257802.0 0.0 1800.5976665185392 4 1.0838223e-15
444083730.0 1.0 1806.2027588268036 1 0.9999996
399925976.0 0.0 1808.8468220575796 0 0.00027007898
427641495.0 1.0 1799.6393649104375 1 0.99933094
219808337.0 1.0 1797.5937667319527 1 0.9999999
403253601.0 1.0 1793.4311864942174 1 0.99996305
238721998.0 1.0 1797.786604735366 1 0.9974682
366486067.0 1.0 1796.5326717144906 1 0.9998899
229910953.0 0.0 1796.9069434253413 0 3.0123889e-05
364131089.0 1.0 1793.783082878078 1 0.9999914
316733974.0 1.0 1796.9318519839621 1 0.9999876
376355921.0 0.0 1797.8474847628788 0 0.001338472
229676244.0 0.0 1811.2615640852077 3 2.5285748e-12
236764496.0 1.0 1811.5525140231464 1 0.99999887
81822846.0 1.0 1810.2025717884062 1 0.9999972
428526894.0 0.0 1809.2641916931343 0 6.5766394e-06
441720520.0 1.0 1794.9280658229302 1 0.99994516
252816635.0 1.0 1796.4112097054867 1 0.9999959
292148671.0 1.0 1811.2447219029366 1 0.9999996
65694286.0 0.0 1805.224361117027 0 0.002259413
444494162.0 0.0 1796.6394209218622 0 5.7693673e-05
272141342.0 0.0 1805.2012647274553 0 2.3112329e-05
285331704.0 1.0 1799.139463532227 1 0.99995774
376774061.0 0.0 1805.2006801450846 0 7.222128e-08
327256725.0 1.0 1810.4111516131068 1 0.995197
410773721.0 1.0 1795.2003967269095 1 0.99999994
240855620.0 1.0 1795.0569016165605 1 1.0
301566043.0 1.0 1793.4946003821299 1 0.9999779
326917265.0 1.0 1805.515514392496 1 0.9999973
13363403.0 0.0 1805.2648968836431 0 3.799437e-10
256745947.0 0.0 1798.8866970542915 2 1.2621399e-12
289269260.0 0.0 1812.430347189856 0 2.2433514e-05
12903268.0 0.0 1808.9107713470294 0 3.232551e-06
194734225.0 1.0 1811.266113252491 1 0.99997324
285042236.0 0.0 1793.1394668237515 0 0.0012140683
368441682.0 1.0 1805.9511764026556 1 0.9999448
233060062.0 1.0 1805.4480117245475 1 0.99991655
73642105.0 1.0 1797.0580376712344 1 0.99982244
385444288.0 0.0 1796.8048912726817 0 0.0015064003
292613020.0 0.0 1809.0990171451094 0 0.0015218781
265470867.0 1.0 1794.410934841626 1 0.9999648
117175528.0 0.0 1809.0156171621372 3 1.01139535e-20
245477282.0 0.0 1805.223460271883 0 0.00013221295
81825223.0 0.0 1808.848463910405 0 0.000468812
256576876.0 0.0 1796.8253140623478 0 8.611761e-09
10972083.0 1.0 1799.035540058813 1 0.9999384
288609799.0 0.0 1799.5743919419674 4 0.0
379084450.0 1.0 1798.9305792230728 1 0.9999025
445536653.0 1.0 1796.2443309033288 1 0.9999985
285506890.0 0.0 1812.3485441078633 0 0.00018806137
237114243.0 0.0 1808.8432486377787 0 0.0013142765
233502523.0 1.0 1794.3859805599814 1 0.9998815
54716908.0 1.0 1798.4522497697737 1 0.99992496
302387257.0 1.0 1798.1613038395612 1 0.99999464
200861882.0 0.0 1812.4536798303234 0 0.0015405584
229490432.0 1.0 1795.6366332502428 1 0.9998758
348678323.0 0.0 1812.3486225551765 0 4.252724e-06
410237820.0 1.0 1797.2836779964564 1 0.99992245
308285846.0 0.0 1805.2028057866526 0 2.4517561e-08
116992397.0 1.0 1793.4114387061932 1 0.99999964
280033934.0 0.0 1805.3242872198748 3 2.583262e-26
385104615.0 0.0 1805.3075047046113 0 2.3303517e-06
256925930.0 0.0 1805.2199521105547 0 1.1723145e-06
373958960.0 1.0 1810.3896206134757 1 0.99999845
269825862.0 1.0 1794.5579596375937 1 0.9999949
416046865.0 1.0 1793.2450626336358 1 0.9999677
292849804.0 1.0 1811.4740460209644 1 0.99998486
362965342.0 1.0 1810.117531795749 1 0.9999938
229787746.0 1.0 1797.5530208997648 1 0.99999946
327397734.0 0.0 1812.369559259783 0 8.751452e-05
373958040.0 0.0 1797.847902039321 0 1.2212918e-15
288391801.0 0.0 1804.5950432926977 3 2.8008368e-31
284925600.0 0.0 1796.3895306054021 3 2.4705827e-36
104065382.0 1.0 1810.5156955134084 1 0.999954
201258150.0 1.0 1806.0162692417305 1 0.9999993
77567700.0 1.0 1794.453754257386 1 0.99996716
428011235.0 1.0 1798.6803288173196 1 1.0
302469603.0 1.0 1810.244882640664 1 0.9999385
444413484.0 0.0 1793.1392808144376 0 4.557515e-14
269597733.0 1.0 1811.553261930381 1 0.9999946
237257293.0 1.0 1794.9495965564959 1 0.99992937
353893520.0 0.0 1805.7246469312865 2 1.3297661e-05
71845845.0 1.0 1811.327383426407 1 0.9999475
323188643.0 0.0 1798.4918383631932 2 2.9540178e-07
368382699.0 0.0 1795.930474957283 2 6.432326e-14
243335749.0 1.0 1795.0944646822718 1 0.999998
427765930.0 0.0 1800.4094991362156 0 2.2783023e-12
299439376.0 1.0 1795.0779653710706 1 0.9999997
376835878.0 0.0 1805.2215010479536 0 5.5420965e-06
420025327.0 1.0 1793.6602250708697 1 0.999777
376123285.0 1.0 1799.1186856176153 1 0.9967088
250554398.0 0.0 1808.869590971787 0 0.00012325488
268518486.0 1.0 1805.8676235858734 1 0.9995243
422962335.0 0.0 1805.3284432597522 0 1.4395938e-07
369909702.0 0.0 1796.8899130412722 0 0.000328542
192806056.0 1.0 1798.0158544070941 1 0.99992496
353992205.0 0.0 1795.9894605200607 4 1.4743731e-38
73637865.0 1.0 1810.9536153891895 1 0.99999374
237280112.0 1.0 1806.1370026825425 1 0.9989687
29700500.0 1.0 1793.1830125698857 1 0.99996257
284809242.0 1.0 1798.1184054098205 1 0.9999928
387508159.0 0.0 1812.366128210368 0 1.4880618e-07
302390835.0 0.0 1798.1196230027065 4 1.5672113e-17
375082673.0 1.0 1796.3901060246405 1 0.9999933
279603463.0 1.0 1797.2425506847 1 0.9999664
138054017.0 1.0 1796.3287574728322 1 0.9999965
230396449.0 0.0 1797.1360482312875 2 0.01775026
189679333.0 1.0 1797.9116836648018 1 0.9999972
50759520.0 1.0 1796.327367877025 1 0.9999357
229398552.0 1.0 1798.2822587087405 1 0.9999999
445229573.0 0.0 1809.03530242202 4 6.9017347e-06
312543164.0 0.0 1812.7019573900882 0 6.51189e-09
292816129.0 0.0 1805.2240481385197 0 1.7067252e-11
390021728.0 0.0 1795.0520852104382 3 3.7081538e-25
427689883.0 1.0 1797.0136704432373 1 0.9997518
379252395.0 1.0 1797.1394063521648 1 0.999291
367949386.0 1.0 1795.7842339005294 1 0.99982816
236967042.0 1.0 1800.595142843398 1 0.99818385
268332837.0 0.0 1796.6371338847584 0 9.5354706e-05
259097101.0 0.0 1812.3447306631897 0 2.871414e-10
285181196.0 0.0 1799.162058374169 3 3.6461866e-08
349297836.0 1.0 1795.6411626129534 1 0.9999998
410742036.0 1.0 1798.3906696986899 1 0.9999484
199709566.0 1.0 1796.42637925835 1 0.9993939
320279640.0 1.0 1811.160185599812 1 0.9999411
116890322.0 0.0 1796.0570816516713 4 5.293456e-07
230126562.0 1.0 1794.9271262629009 1 0.9999661
375908234.0 1.0 1794.0964320245027 1 0.99972034
229940491.0 0.0 1811.4276915647579 3 0.001245409
379085094.0 1.0 1794.0347374228697 1 0.9998395
283018595.0 0.0 1812.3471465059238 0 3.3834334e-05
230023671.0 0.0 1793.4073298171227 0 4.5386354e-05
387506178.0 0.0 1812.3870389105973 0 9.0028216e-08
358901093.0 0.0 1805.221758251343 0 8.194208e-08
240900115.0 1.0 1796.3485886604997 1 0.9993434
402814151.0 1.0 1798.8057730724033 1 0.9995355
256601288.0 0.0 1808.910749791835 0 0.00035119112
301338226.0 0.0 1805.20305106121 0 0.00024471484
292722039.0 1.0 1795.3909146959418 1 0.99999994
308529610.0 1.0 1794.3694263999685 1 0.9999582
373458532.0 0.0 1793.3052575897543 0 2.1443666e-11
372509663.0 1.0 1796.5142408772551 1 0.9999997
189592051.0 1.0 1800.2448822021865 1 0.99999136
410551435.0 0.0 1812.3486417187037 0 0.00010446825
428046836.0 1.0 1794.2446047515737 1 0.99847823
184588988.0 0.0 1796.6409913816804 0 0.0010825059
390737538.0 1.0 1797.8064835149103 1 0.99999964
359482562.0 0.0 1805.2813141373201 0 6.405313e-08
263969544.0 1.0 1794.3661691659584 1 0.9999998
297778926.0 1.0 1810.2645721085364 1 0.9999989
348517784.0 0.0 1800.6195057513794 3 1.4705047e-21
65201376.0 0.0 1805.2242946631845 0 6.6698167e-06
326632451.0 1.0 1796.159860976462 1 0.9991265
177804841.0 0.0 1805.2035974936764 0 0.00055770675
65358461.0 1.0 1805.3909783338818 1 0.99905187
274842485.0 0.0 1805.2010764121544 0 0.00034280645
353734879.0 1.0 1805.4895062746036 1 0.99997365
50509016.0 0.0 1812.452321196706 0 0.00066147145
285943261.0 1.0 1805.6198574134376 1 0.9999702
366111670.0 0.0 1809.410017270239 4 4.886155e-17
230002702.0 0.0 1793.4071308468265 0 3.1957148e-07
104029470.0 1.0 1793.6613592249478 1 0.9999687
327508064.0 0.0 1796.6407759941462 0 0.0013361159
427682270.0 1.0 1796.430213988127 1 0.999974
68152143.0 1.0 1796.8494067414629 1 0.99989766
115919370.0 1.0 1811.5572669846838 1 0.9995025
12644136.0 1.0 1795.6815530603344 1 0.99995184
331711087.0 0.0 1796.63995098688 0 0.00015659275
331792218.0 0.0 1805.2007765641226 0 0.0005054665
236764972.0 1.0 1799.6151238778625 1 0.99984163
389916867.0 0.0 1805.2187611899565 0 6.752078e-09
348611993.0 1.0 1806.3484347762203 1 0.9999994
245590002.0 1.0 1811.036057068008 1 0.9999815
453278013.0 0.0 1800.1401559525677 0 5.1449333e-06
366502502.0 0.0 1793.3253229901568 0 0.00011996134
301416622.0 1.0 1805.2654096373742 1 0.99739516
407415760.0 1.0 1799.7030740215446 1 1.0
129864940.0 1.0 1797.1618377599968 1 0.99998724
388509461.0 1.0 1795.7212264764837 1 0.99997544
410620748.0 0.0 1796.827949014145 0 2.37217e-06
444758186.0 1.0 1811.4105843128875 1 0.9999945
237098712.0 1.0 1806.3442505576047 1 0.9998451
387829719.0 0.0 1805.1997369393955 0 1.5252501e-06
371002388.0 0.0 1806.9734357289663 4 3.1246607e-12
241093902.0 1.0 1798.744608246426 1 1.0
301904071.0 0.0 1812.369666297706 0 4.2083407e-06
280408030.0 1.0 1799.2018941041833 1 0.999884
400744294.0 0.0 1812.4315531295208 0 1.9919402e-09
229605375.0 0.0 1812.3659442891935 0 1.243436e-11
322129367.0 0.0 1811.0125316943827 3 2.9514596e-12
194618143.0 1.0 1797.7660308110542 1 0.99993956
116215585.0 1.0 1796.890599950842 1 0.99995786
116209912.0 0.0 1793.3278534441806 0 1.7411473e-08
396111398.0 1.0 1810.5350184953575 1 0.99999934
402813493.0 1.0 1794.993277281524 1 0.9999998
417517226.0 1.0 1805.4498044712261 1 0.99996704
450154562.0 0.0 1798.7236761062545 2 6.954446e-07
388038756.0 0.0 1793.3249953472964 0 2.3957505e-09
63401072.0 1.0 1798.4953436892426 1 0.9999971
219819089.0 0.0 1806.4064065622033 2 1.9083042e-12
428794825.0 0.0 1794.4093286011296 2 2.9808742e-11
387948683.0 0.0 1808.908056365083 0 4.167281e-05
117118254.0 1.0 1810.14071433303 1 0.99998295
378940213.0 1.0 1798.9933367343694 1 0.999964
307404493.0 1.0 1796.5784832630186 1 0.9979024
233233781.0 0.0 1812.4275415247282 0 0.00015747771
323300561.0 1.0 1795.1171792801156 1 0.99999815
192845509.0 0.0 1810.9741638965231 2 3.273428e-05
138053332.0 1.0 1796.9746340124145 1 0.9999998
245664711.0 1.0 1798.6401727384462 1 0.9999993
229751802.0 0.0 1800.0738272866226 3 5.4210705e-28
275484816.0 1.0 1796.264103406428 1 0.99996054
270005818.0 0.0 1809.3704082237211 0 0.0010799159
428325837.0 1.0 1798.9737808147415 1 0.9999622
81509186.0 1.0 1797.2440411932062 1 0.99992466
427768985.0 1.0 1805.8260543268395 1 0.99999547
396065855.0 1.0 1798.3469526342958 1 0.99969023
278929589.0 0.0 1805.2642625314757 0 0.00014240686
116842286.0 1.0 1794.3695917550122 1 0.9999987
436874443.0 0.0 1795.3081019531032 2 1.5690605e-16
50850179.0 0.0 1796.910404542527 2 1.04952305e-08
246981283.0 1.0 1793.1623151096205 1 0.9999779
116762834.0 1.0 1795.6404336261987 1 0.99998546
332982936.0 1.0 1794.952408176713 1 0.99996984
315830102.0 0.0 1805.202909871201 0 1.8556932e-05
73691743.0 0.0 1809.161953458953 0 0.0012775316
307115512.0 1.0 1794.806660686575 1 0.99999547
233212109.0 0.0 1808.7195449041023 4 8.169549e-31
245547001.0 0.0 1796.827571212701 0 0.00016525602
264297536.0 1.0 1796.7208797703172 1 0.9999398
366911574.0 0.0 1793.1379013458795 0 2.415955e-09
201155735.0 0.0 1810.4953499521905 2 0.0003418962
85401549.0 1.0 1795.1413302630144 1 0.99990946
240748813.0 1.0 1810.8687447905022 1 1.0
335799067.0 1.0 1805.7212251152187 1 0.999998
327013587.0 1.0 1795.7865612026624 1 0.99998486
332813075.0 1.0 1795.7439547257484 1 0.9999993
117397630.0 0.0 1805.2032955177904 0 0.00049855304
268948167.0 0.0 1799.6594996566278 2 1.420894e-18
219849956.0 1.0 1810.6776157030656 1 0.9999545
359588943.0 1.0 1797.2604344351967 1 0.99999946
351775455.0 1.0 1798.7222392490035 1 0.9999993
67570451.0 1.0 1795.3284343110472 1 0.999998
331710072.0 0.0 1812.7021824414244 0 2.0361398e-07
232622855.0 1.0 1811.0517259351632 1 0.99999994
420902019.0 0.0 1805.3846248311324 0 3.3334043e-06
285442231.0 0.0 1807.9518029307687 4 1.352923e-18
445189935.0 1.0 1799.5564880915745 1 0.9999992
83149710.0 0.0 1799.8056871376002 4 4.2654784e-14
427802696.0 0.0 1808.8467743316692 0 4.1003267e-10
29059895.0 0.0 1812.7664325323751 0 0.0012104415
399199929.0 0.0 1805.8898465590348 2 5.071193e-17
417229335.0 1.0 1795.8264147914103 1 0.9999999
375600539.0 0.0 1810.6795318824968 2 0.003470643
299489062.0 1.0 1797.9944527199589 1 0.99999917
139557954.0 1.0 1793.4535671470887 1 0.999918
82493179.0 1.0 1795.8899211154135 1 0.9999876
367145487.0 1.0 1799.6797440817884 1 0.99999917
445336948.0 1.0 1794.827230996062 1 0.99978954
116219567.0 0.0 1812.41158889418 0 0.0014582209
422921699.0 1.0 1794.3700928031785 1 0.99984354
316850609.0 1.0 1798.869443746883 1 0.9999512
285679142.0 1.0 1794.7645326522006 1 0.9999102
137991091.0 1.0 1793.4537804696588 1 0.99992126
83905462.0 0.0 1807.4099864865655 3 4.8942046e-13
241037511.0 0.0 1805.7442872209015 2 0.02886365
271338291.0 0.0 1812.3469125879876 0 0.00023371096
81452482.0 1.0 1810.7856657753487 1 0.99899083
237098134.0 0.0 1808.8440049768376 0 1.1318781e-08
403742835.0 0.0 1793.327649099004 0 1.642845e-05
377251803.0 0.0 1794.1566949759422 3 1.0367357e-27
238740981.0 1.0 1793.6199302745206 1 0.9999427
219112634.0 1.0 1799.4068644145125 1 1.0
354109773.0 1.0 1794.202494711061 1 0.9996489
229454281.0 1.0 1798.0947077962217 1 0.9999982
388134305.0 0.0 1808.991474835636 0 0.0001281297
77272095.0 1.0 1794.6620518384693 1 0.99993205
71693616.0 0.0 1809.1608079874563 0 0.00040143644
354183230.0 0.0 1800.3905327332488 0 4.1325584e-05
104314284.0 1.0 1796.7238234489375 1 0.9999788
406956773.0 0.0 1796.1600836747318 4 4.3104805e-20
252154065.0 0.0 1805.6188534596884 0 4.301573e-05
219755909.0 0.0 1805.239248750345 0 0.00014953467
264615805.0 0.0 1795.6401938237616 3 0.004374899
229938797.0 0.0 1796.9071183622734 0 0.008976529
264730556.0 1.0 1800.1818397032287 1 0.99989593
288524964.0 1.0 1805.2412699578008 1 0.99997944
387634137.0 0.0 1797.2414712675893 2 3.1396559e-12
71693616.0 0.0 1805.5150215009587 0 1.1599376e-05
387334080.0 0.0 1807.2620497113444 4 1.0557911e-12
366197595.0 1.0 1806.2225600713118 1 0.9999771
104316853.0 1.0 1797.3489123428437 1 0.9999889
285130759.0 1.0 1793.160139364219 1 0.99999666
312252464.0 1.0 1798.3063023902923 1 0.99999213
251105103.0 0.0 1808.848552735102 0 2.4506703e-06
428545533.0 1.0 1797.5144280078057 1 0.99998575
417593372.0 1.0 1805.7848351595903 1 0.9999966
444445708.0 1.0 1810.2850223952385 1 0.99998695
436883430.0 0.0 1808.974686408318 0 0.0012981175
301997445.0 1.0 1796.3488927436704 1 0.99999774
320188985.0 1.0 1806.1602313842789 1 0.99999595
428208284.0 1.0 1811.1824118572224 1 0.99999076
252864951.0 0.0 1808.8490497106518 0 3.1498672e-05
445358865.0 1.0 1811.1394820932892 1 0.99983555
240964770.0 0.0 1808.8483506108732 0 0.00039701723
356981427.0 1.0 1798.6768745064317 1 0.9999792
201111651.0 0.0 1809.1829699153488 0 0.0006139714
46535780.0 1.0 1811.308092974477 1 0.99990684
256105914.0 0.0 1805.5562213839378 0 2.7693378e-07
302389258.0 1.0 1796.5778877579592 1 0.9999756
233006398.0 0.0 1808.8445186024387 0 8.711519e-05
317839169.0 0.0 1811.7841964526365 3 8.374674e-05
230389556.0 1.0 1797.552695329161 1 0.9999438
233008980.0 0.0 1808.844411631902 0 0.0001891804
251353168.0 1.0 1795.8486452049117 1 0.9999676
434263716.0 1.0 1799.0134840541293 1 0.99999356
468343249.0 0.0 1808.2635140203438 3 2.1751471e-29
308875829.0 1.0 1810.9735419253457 1 0.99984986
50510400.0 1.0 1794.723023109568 1 0.9996981
376042276.0 1.0 1810.6379410803193 1 0.9999998
250827655.0 1.0 1810.223867424051 1 0.9999954
73449656.0 0.0 1793.1412786082608 0 0.00010967328
286316649.0 0.0 1812.3494043257842 0 0.0007840494
400608869.0 1.0 1806.4110994013797 1 0.99999696
301740928.0 1.0 1811.140641310813 1 0.9996888
20800880.0 1.0 1796.9741996484445 1 0.9998579
284212218.0 0.0 1795.6810273677224 4 2.939144e-13
395925044.0 1.0 1800.493129811749 1 0.9999467
400829996.0 1.0 1799.2440342806428 1 0.9998884
368793040.0 0.0 1808.8474552546331 0 0.00015597507
283025444.0 0.0 1795.8891486538503 4 2.406166e-07
357678363.0 1.0 1798.5561837783282 1 0.9999052
387831439.0 0.0 1796.8248810396842 0 0.00010948717
255878216.0 0.0 1794.847794500637 2 0.00013085025
83142000.0 0.0 1812.3680594117723 0 6.129294e-08
359498024.0 0.0 1810.801996609555 2 1.1381081e-05
198416591.0 0.0 1810.8015040488744 3 8.9510755e-35
252841040.0 0.0 1796.9737934160269 2 5.1756465e-06
408896358.0 0.0 1796.4295073105125 2 3.4824296e-07
445309724.0 0.0 1796.6398873518694 0 0.001006494
445276947.0 1.0 1796.4940478194053 1 0.99998915
240980634.0 0.0 1793.1404051479253 0 1.9193056e-05
292693203.0 0.0 1796.64069053191 0 2.7942e-06
50361034.0 1.0 1799.2024183527458 1 0.9999984
354743557.0 1.0 1794.5561602077735 1 0.99998707
198280388.0 0.0 1800.8640297854517 3 2.0218707e-34
385507212.0 1.0 1795.1412848017205 1 0.99996644
241022477.0 0.0 1800.1401536698975 0 3.4362432e-07
67520343.0 1.0 1795.0160323347905 1 0.9998054
250560326.0 1.0 1798.9738586198625 1 0.9999345
434813994.0 1.0 1805.7217554776857 1 0.9999534
259462821.0 1.0 1794.5365367281086 1 0.99999183
250723904.0 0.0 1809.8486567321115 4 1.982475e-36
233518230.0 0.0 1797.113936333856 4 5.845342e-28
368501172.0 1.0 1811.2010987172982 1 0.9999683
192295673.0 0.0 1805.2867160881628 0 0.0006283497
68157879.0 0.0 1793.141153803037 0 0.00015104857
288406340.0 0.0 1805.220229969334 0 6.926187e-13
35114056.0 0.0 1812.6205277254367 0 0.0019859986
427868447.0 1.0 1811.0342469436212 1 0.99993664
232681904.0 0.0 1810.1979959323794 4 0.0
283136809.0 0.0 1793.3687385903668 2 9.430116e-14
352346997.0 1.0 1794.137308659449 1 0.9999881
406267523.0 1.0 1793.9919370150762 1 0.99999857
83049624.0 0.0 1805.5349348598993 0 7.924462e-06
22662161.0 1.0 1797.8493974763455 1 0.9999004
83727052.0 1.0 1806.1181863943734 1 0.99999595
265147767.0 1.0 1798.1374857595176 1 0.9997008
456130400.0 0.0 1812.3285563246968 3 4.7420026e-11
352797149.0 1.0 1797.9951796654689 1 0.99568474
326629304.0 0.0 1805.2431038614038 0 2.656919e-07
322225048.0 1.0 1796.0567203484939 1 0.9999976
444141999.0 1.0 1810.8278067105177 1 0.9999999
320497478.0 0.0 1797.9681534089882 0 0.00074564724
177916564.0 1.0 1796.8077919529821 1 0.99975127
347760499.0 0.0 1805.2650281606846 0 1.3530555e-05
395944878.0 1.0 1798.6386803967748 1 0.9997503
373463601.0 1.0 1805.9719471471658 1 0.99999684
357032823.0 1.0 1799.1975378890922 1 0.9999996
235683523.0 0.0 1805.22006081203 0 1.0666953e-06
232681960.0 0.0 1808.9271950543034 4 1.3125526e-09
292465493.0 1.0 1794.7032797307386 1 0.9999995
65166734.0 1.0 1799.5158749910236 1 0.99966776
237113608.0 1.0 1799.8640727080297 1 0.9996872
403581621.0 1.0 1798.535753834033 1 0.99998033
117270306.0 0.0 1808.8489536260727 0 0.5351844
349294422.0 0.0 1806.037258111032 3 1.2815349e-07
322382169.0 0.0 1812.387538849091 0 1.7142177e-09
237307579.0 1.0 1797.782982773321 1 0.9995369
237047947.0 0.0 1805.1993842717832 0 5.1390034e-09
385593497.0 1.0 1798.5162978892565 1 0.9998971
301416430.0 0.0 1812.34868651208 0 1.07928666e-10
387607786.0 1.0 1796.408168218351 1 0.9999774
139375146.0 1.0 1798.3493210129923 1 0.99994546
285676351.0 0.0 1805.223999162362 0 4.872107e-07
445604177.0 0.0 1798.9735910966822 4 2.9826446e-25
240770097.0 0.0 1805.5147613753832 0 5.062509e-07
13452797.0 1.0 1795.7647096979865 1 0.99999756
407381866.0 1.0 1810.8487325096617 1 0.99999714
275142750.0 1.0 1799.8888136924613 1 0.9999174
400826901.0 0.0 1807.306714972632 4 0.0
366830370.0 1.0 1793.9503495074634 1 0.9884111
229594694.0 1.0 1796.615660110134 1 0.99999845
422369207.0 1.0 1796.8455130913926 1 0.99999976
305678748.0 1.0 1806.116339278321 1 0.9997988
54993535.0 0.0 1809.202177380654 0 6.9190166e-05
374787888.0 0.0 1795.806643445364 2 1.0424156e-06
363812485.0 1.0 1796.1598506344992 1 0.99999917
186942284.0 1.0 1811.2450256096602 1 0.99999917
418709531.0 0.0 1799.1598939919231 4 3.6086284e-25
445437097.0 0.0 1809.1815700112654 0 8.871199e-11
311937976.0 1.0 1798.973034033071 1 0.99995774
347428223.0 0.0 1812.4534237684127 0 0.002034786
256803647.0 1.0 1798.3450693480113 1 0.9999984
77223936.0 1.0 1797.807994915659 1 0.9994851
302546370.0 0.0 1812.348794221698 0 1.2325557e-05
241099231.0 1.0 1805.9529533807463 1 0.9999988
63405045.0 1.0 1797.516145647916 1 0.99994576
444623717.0 1.0 1794.7022049031543 1 0.999985
201356318.0 1.0 1794.0158732418422 1 0.99869984
54206670.0 1.0 1799.6604731612167 1 0.99984616
307481415.0 0.0 1808.9115761849293 0 0.00025008185
396355329.0 0.0 1809.1599614556721 0 9.979567e-05
192647436.0 1.0 1795.0784447128633 1 0.9993449
435744889.0 1.0 1797.3466304855808 1 0.99999917
351467703.0 1.0 1805.30565238011 1 0.9991024
396471412.0 1.0 1797.3470715191947 1 0.9999767
71690564.0 1.0 1794.4941285128305 1 0.9999642
252845901.0 1.0 1797.3072875435046 1 0.9999827
192295908.0 1.0 1796.7033285459386 1 0.9997697
233738106.0 1.0 1810.739986342367 1 0.9979411
327363439.0 1.0 1805.847638154312 1 0.99999917
256206317.0 0.0 1805.6809319536985 0 0.000185916
375711479.0 0.0 1810.8045383854799 2 1.59289e-14
229443943.0 1.0 1795.2823280741322 1 0.9993879
200871515.0 1.0 1795.1827666577908 1 0.99999774
28779291.0 1.0 1795.4117542509784 1 0.99991167
368510605.0 1.0 1798.0763872267403 1 0.9999861
405327607.0 1.0 1810.76244255536 1 0.99993664
354132782.0 0.0 1812.4116322280947 0 0.002015205
348438240.0 0.0 1808.9108766473353 0 1.789928e-13
21018135.0 1.0 1799.2182480714898 1 0.99999905
194660304.0 1.0 1794.5576939383182 1 0.99982244
354703489.0 0.0 1808.9104780436596 0 9.231826e-05
422663070.0 1.0 1810.742635488267 1 0.99997157
348509982.0 0.0 1808.8485574005895 0 4.224496e-05
468293391.0 0.0 1809.2425517414836 3 1.0891564e-30
236890613.0 1.0 1806.1991549724296 1 0.9992684
245760583.0 1.0 1811.223733211749 1 0.9996306
353381540.0 0.0 1797.8475371166005 0 3.3351564e-05
321546971.0 0.0 1805.2415912135693 0 1.3373112e-07
263969784.0 0.0 1797.8662434743424 2 6.558474e-12
376122544.0 0.0 1808.9105152667416 0 6.028139e-05
198161932.0 1.0 1796.5934135104085 1 0.9999652
428733965.0 1.0 1796.3262186067018 1 0.9999693
94548312.0 1.0 1798.4536217939583 1 0.9999998
398263891.0 1.0 1799.8040179333514 1 0.9998033
117619327.0 0.0 1808.9532908710398 0 0.001993812
240873079.0 0.0 1799.0985663403524 3 0.0
427731711.0 1.0 1806.1384424336986 1 0.99999243
352511824.0 0.0 1796.8057633852777 0 1.7176507e-06
436923596.0 0.0 1805.2872662917816 0 0.001250116
385411301.0 1.0 1805.9736899737957 1 0.9997972
259237935.0 0.0 1805.2199685963428 0 1.2119767e-06
367334334.0 1.0 1799.242148796034 1 0.9999866
444455890.0 1.0 1799.2851409891207 1 0.99980265
352693463.0 1.0 1798.637012398888 1 0.99962515
117324648.0 1.0 1795.5989633484035 1 0.9764702
374037471.0 1.0 1797.2856671722723 1 0.99999887
353933809.0 1.0 1810.301491546122 1 0.9996691
65445035.0 1.0 1810.870036698699 1 0.9999721
302541631.0 1.0 1796.5580249838947 1 0.9999977
53806876.0 1.0 1799.2436367301304 1 0.9999971
104317804.0 0.0 1805.3074049311945 0 0.0020382837
264934633.0 1.0 1810.763128995346 1 0.9999996
230079065.0 1.0 1797.8229041388431 1 0.99997157
240976971.0 1.0 1796.723537588202 1 0.9999991
321592850.0 1.0 1799.512560840794 1 0.9999925
241096102.0 1.0 1800.0571981240691 1 0.9999985
21120914.0 0.0 1812.9327178602216 0 0.001309547
397795305.0 1.0 1799.992980912723 1 0.9999994
292399533.0 1.0 1797.2866182240252 1 0.99998885
321688898.0 1.0 1798.3042607290865 1 0.99999523
116407896.0 1.0 1794.161186283771 1 1.0
427866731.0 1.0 1805.576009337697 1 0.9999998
385440974.0 1.0 1794.5361350772998 1 0.9999864
229437178.0 0.0 1808.656956473736 4 6.589189e-06
445231304.0 1.0 1799.285498990682 1 0.999997
395653555.0 1.0 1795.9096355858253 1 0.9999843
417707524.0 0.0 1798.3881598293556 4 0.0
236784540.0 1.0 1811.489592907022 1 0.99999577
308953023.0 0.0 1796.6402596078535 0 4.213971e-06
445248598.0 1.0 1797.5979916391814 1 1.0
370602448.0 0.0 1812.3691634640527 0 4.5649926e-05
235934037.0 1.0 1810.1579391318633 1 0.99999905
399265493.0 0.0 1797.7645210248513 4 1.0478241e-28
396065600.0 0.0 1793.3052053259826 0 4.646598e-10
423995974.0 0.0 1808.9108309078053 0 4.6899673e-05
403619966.0 0.0 1812.6607680277987 0 0.00020071422
363808343.0 1.0 1795.0555751587535 1 0.9999917
235686198.0 1.0 1810.865873292135 1 0.999705
302546863.0 1.0 1811.2446209322052 1 0.9999821
250473568.0 1.0 1810.7861889551596 1 0.99992967
149999450.0 0.0 1793.1411100252587 0 0.00016485971
428552149.0 1.0 1810.8888480297494 1 0.9999906
34553649.0 0.0 1812.3704889060111 0 0.00096803735
370347825.0 1.0 1795.202465101204 1 0.99996597
452943219.0 0.0 1796.6396323603335 0 1.022118e-06
286118815.0 1.0 1794.4939365059495 1 0.99503744
229788135.0 1.0 1795.2613250747215 1 0.99993026
305430833.0 0.0 1796.7649379473291 0 0.0003717627
397281080.0 0.0 1796.1810235918747 2 4.5966513e-18
252865030.0 1.0 1793.557136402326 1 0.99924105
237282019.0 1.0 1796.1579765611646 1 0.99998224
285792542.0 0.0 1812.4106759407953 0 3.354537e-07
241022632.0 1.0 1797.077690963448 1 0.99997675
5735829.0 0.0 1812.432638938718 0 0.00045465515
381780849.0 1.0 1798.099529482291 1 0.9999955
49723289.0 0.0 1797.5774468355808 2 4.5175352e-12
376925413.0 1.0 1811.3659598909262 1 0.99993086
403877251.0 0.0 1808.9316372577157 0 7.428393e-05
367420473.0 0.0 1812.3878142745336 0 3.359992e-08
410549960.0 0.0 1812.348585999019 0 8.980403e-09
116883127.0 1.0 1794.5781093140795 1 0.9584039
288534186.0 0.0 1805.4742513033746 0 0.00085894065
186742638.0 0.0 1808.849538428876 0 0.00020111768
229941840.0 1.0 1794.6986496328832 1 0.9999626
11246577.0 0.0 1794.3480227715809 0 0.00035320266
431968168.0 0.0 1812.3492728390918 0 0.0007730146
83351459.0 0.0 1809.2015310128247 0 0.00070256833
366517381.0 0.0 1799.0747079592911 3 1.298097e-36
285344141.0 0.0 1796.6412084954559 0 0.0013791306
403689697.0 1.0 1810.2653008110185 1 0.999998
104060742.0 1.0 1798.140664851424 1 0.99987274
264615805.0 0.0 1796.4943683620843 3 9.096804e-06
250656206.0 0.0 1805.2653354144804 2 0.14616978
235995957.0 0.0 1800.4290428517586 4 1.36590455e-08
427737153.0 1.0 1811.2664803150867 1 0.999968
327364701.0 0.0 1812.6599371098798 0 0.00028534353
20875355.0 0.0 1805.4951391749116 0 8.7256696e-05
264193027.0 1.0 1798.0333525737622 1 0.99754685
356056174.0 0.0 1805.198523004357 0 3.0281355e-10
178045889.0 0.0 1800.3285289536475 0 8.28799e-07
372359091.0 0.0 1808.0361923004994 4 9.3762725e-07
364184823.0 0.0 1808.8873603310026 0 3.1209982e-08
292845995.0 0.0 1812.3697195298641 0 1.4634859e-05
390021728.0 0.0 1805.0102474696098 3 1.144598e-34
367949619.0 1.0 1800.2425730171651 1 0.9999537
245512030.0 0.0 1798.327780565997 2 1.4040036e-13
198237139.0 0.0 1808.905825660161 0 0.0008927844
264613669.0 1.0 1796.5984908147313 1 0.9999902
196918978.0 0.0 1805.327798835449 0 3.9205806e-05
13771812.0 0.0 1808.9108321482017 0 3.94751e-05
77545160.0 0.0 1806.620453134609 3 5.5873722e-14
233079659.0 0.0 1804.34400977052 3 3.9772183e-19
292318734.0 1.0 1810.9323418483573 1 0.999953
329246824.0 0.0 1807.0099089052665 3 1.0422036e-35
331984006.0 1.0 1794.4730866351765 1 0.9999303
347951190.0 0.0 1805.2650101314218 0 0.00016400708
269663513.0 1.0 1806.3868351041274 1 0.9999389
356980598.0 0.0 1797.96865873782 0 0.0008740853
401320290.0 1.0 1797.721767533887 1 0.99999946
12902989.0 0.0 1805.2649425423936 0 7.878817e-09
192739060.0 1.0 1806.3284521908995 1 0.99999934
387998139.0 1.0 1799.5957397483703 1 0.999998
250776044.0 1.0 1793.5154732225792 1 0.9999977
410503622.0 0.0 1793.3069912415476 0 1.5905549e-07
418700525.0 1.0 1795.8265249742094 1 1.0
219846355.0 1.0 1805.8232875927688 1 0.9999446
139374747.0 1.0 1793.8076598562106 1 0.99961483
199614185.0 0.0 1807.7181037525586 4 6.923004e-13
317008210.0 0.0 1797.2421789679631 2 2.2373206e-22
250936633.0 0.0 1808.8698019813976 0 2.3977303e-16
467574373.0 0.0 1799.2662687802301 3 0.00030120334
309236496.0 0.0 1808.8484831656058 0 6.261638e-05
436872007.0 0.0 1798.0164402082382 2 1.1484904e-06
245376951.0 0.0 1795.7444620816361 4 0.0
230377102.0 1.0 1799.115092269598 1 0.9973499
396194942.0 0.0 1807.9719060623165 4 0.0
186745213.0 0.0 1793.1410135103333 0 0.0006492937
366830370.0 0.0 1805.2004005176552 0 9.1238717e-10
21124830.0 1.0 1806.1765023497196 1 0.9999995
347426535.0 1.0 1796.5159212929148 1 0.99916273
116851321.0 1.0 1796.2031629623523 1 0.9999977
445445909.0 0.0 1808.8900793817966 0 4.7787278e-08
352574410.0 0.0 1810.618358884599 2 1.3374862e-05
351614432.0 1.0 1795.7224313942722 1 0.99993515
235709858.0 0.0 1812.3450137685304 0 4.1218748e-10
177709019.0 1.0 1810.7660814970834 1 0.9996564
387808343.0 0.0 1808.8872496895722 0 3.2028062e-09
467574373.0 0.0 1808.9537778953359 3 0.001005302
63348577.0 1.0 1797.3286847036638 1 0.99999726
420175299.0 1.0 1797.595161466978 1 0.9908358
54993593.0 0.0 1809.2021769216549 0 1.7925822e-06
408707307.0 1.0 1798.4716242609568 1 0.99973994
407573421.0 0.0 1808.5966589076313 4 2.7493354e-06
400735127.0 1.0 1796.6813888280155 1 0.9934656
444140186.0 1.0 1805.6611249529287 1 1.0
196845710.0 0.0 1808.890158325217 0 7.0225266e-05
402775546.0 0.0 1812.4101256457814 0 3.3063093e-06
390895558.0 1.0 1795.3273069101936 1 0.99994045
395525114.0 0.0 1805.2011739397892 0 0.0005488045
445187894.0 1.0 1793.6606745134006 1 0.9999927
332814440.0 1.0 1811.3688494604685 1 0.99999744
149853850.0 1.0 1793.682728497141 1 0.99977666
251605076.0 0.0 1805.20289023988 0 1.9814066e-05
81304068.0 0.0 1797.8480395951424 0 0.0010542755
396615115.0 1.0 1794.9117619635988 1 0.99989545
376891085.0 0.0 1800.346572075421 3 3.0640516e-14
331603547.0 1.0 1810.4729739767379 1 0.99994785
230121095.0 1.0 1797.9066412228628 1 0.9999894
331315253.0 1.0 1797.8482779476076 1 0.99963284
235944823.0 0.0 1796.6372327935978 0 7.484409e-05
428775428.0 0.0 1793.3049293541344 0 5.0895984e-08
90568130.0 1.0 1794.2244735678144 1 0.99974126
250925666.0 1.0 1810.2863129380275 1 0.999982
372117591.0 1.0 1805.6193983395744 1 0.9998327
139463870.0 1.0 1810.536811245802 1 0.9999965
275421642.0 0.0 1796.825034116362 0 0.00021311399
389410489.0 1.0 1797.3689072342086 1 0.9999976
373234270.0 0.0 1809.3677755307892 4 0.013839307
288391801.0 0.0 1806.1575617533795 3 6.211835e-33
406681219.0 0.0 1805.2218432686795 0 7.862986e-11
420262766.0 0.0 1805.2621045481224 0 6.060503e-07
241068179.0 1.0 1793.9112572537297 1 0.99998885
444769130.0 1.0 1798.1812962095398 1 1.0
346628085.0 1.0 1799.2246492858187 1 0.99991965
233099129.0 0.0 1805.2603797110773 0 9.255861e-06
65495624.0 0.0 1796.640773274689 0 0.0022107877
256562756.0 0.0 1805.8864941189934 2 0.028772445
192466327.0 1.0 1796.0159157198011 1 0.999659
397761814.0 0.0 1808.8680233894727 0 0.00010570822
427601612.0 1.0 1805.6181018211435 1 0.99058527
428751418.0 0.0 1808.84669468526 0 5.4892903e-06
400252968.0 0.0 1793.4098027703842 0 2.1712303e-10
250861781.0 0.0 1805.2030848083132 0 0.000463317
351960825.0 1.0 1794.6806814953654 1 0.99999994
229911686.0 0.0 1793.7820543395032 2 2.1256446e-13
388036867.0 1.0 1798.1999567818923 1 0.999907
315775727.0 0.0 1798.8040856329335 99 0.0003859271
372500632.0 0.0 1794.701885413625 99 2.2895904e-07
280566427.0 0.0 1795.9311487288392 99 1.2781928e-05
238776826.0 0.0 1798.3076417678064 99 3.1252625e-06
369908768.0 0.0 1794.744106319868 99 2.4964683e-07
402780507.0 0.0 1796.7852707080258 99 9.696384e-05
349977795.0 0.0 1797.5328783355028 99 0.0007648388
230076103.0 0.0 1795.947766570114 99 5.262809e-06
332500724.0 0.0 1799.1190505435204 99 8.485964e-13
249919778.0 0.0 1805.848876117227 99 7.678302e-08
200939369.0 0.0 1793.1617583424147 99 2.795275e-09
20806948.0 0.0 1799.349150365178 99 8.032809e-05
405491068.0 0.0 1796.7454954789255 99 0.0058923312
348520238.0 0.0 1806.1403692262304 99 9.213713e-07
319714769.0 0.0 1798.4311753309155 99 2.5345914e-08
194660304.0 0.0 1794.5576939383182 99 6.2760496e-06
236786470.0 0.0 1805.760618561149 99 4.0393847e-05
250583203.0 0.0 1793.557130361261 99 4.740102e-06
308294675.0 0.0 1811.1608380868443 99 5.3661984e-06
307111490.0 0.0 1797.3275992450574 99 7.652714e-07
46535544.0 0.0 1796.9330132618986 99 3.2399241e-06
192735590.0 0.0 1798.994934884875 99 4.2442534e-07
417264296.0 0.0 1810.1183215915407 99 1.1546563e-07
374613118.0 0.0 1805.47350487868 99 1.5129101e-09
251790041.0 0.0 1796.5567357904038 99 6.364957e-06
265476481.0 0.0 1796.6608433599038 99 9.917942e-08
299491276.0 0.0 1795.1168963165244 99 3.0402986e-11
377606709.0 0.0 1795.9094745384111 99 0.00035502293
229594752.0 0.0 1794.323981792033 99 0.0010021406
51020234.0 0.0 1798.0358073535515 99 1.4643399e-08
236996733.0 0.0 1798.4285934792892 99 6.778631e-10
399721565.0 0.0 1794.4507035223082 99 0.0014381558
351615184.0 0.0 1798.2641267486338 99 5.647965e-10
351551902.0 0.0 1798.5140082482294 99 2.7603988e-07
229759631.0 0.0 1795.3029896474868 99 3.695556e-11
354319204.0 0.0 1797.1195631196497 99 2.421174e-07
280408030.0 0.0 1799.2018941041833 99 2.5949163e-05
82171885.0 0.0 1810.5358897175029 99 0.00021964447
376260907.0 0.0 1799.4101098347182 99 0.00042706702
410735111.0 0.0 1797.0572243474105 99 1.6719705e-06
288535966.0 0.0 1798.6201038129414 99 2.3076253e-05
84216009.0 0.0 1798.4308723451802 99 1.8283035e-10
50265437.0 0.0 1795.2647011990666 99 8.7572125e-06
400813042.0 0.0 1797.8689377449195 99 6.4806194e-08
20876073.0 0.0 1795.6617369524429 99 1.7616755e-07
387448540.0 0.0 1810.5745540341504 99 6.9130256e-06
301571443.0 0.0 1798.7446462602288 99 9.332318e-06
450153505.0 0.0 1794.7444201331932 99 4.172302e-09
407421695.0 0.0 1811.3904747375811 99 1.8082029e-10
335158350.0 0.0 1798.992168114764 99 3.5902379e-09
418417106.0 0.0 1811.3888876901822 99 1.5112547e-06
46506379.0 0.0 1793.328826356303 99 0.007829104
317708298.0 0.0 1799.5131880554748 99 0.01252815
370600743.0 0.0 1795.4526675888142 99 5.7188878e-15
233512441.0 0.0 1796.7597542608873 99 1.2012535e-05
312548989.0 0.0 1793.2229661060478 99 7.710586e-09
348223782.0 0.0 1810.6191587191963 99 6.242889e-09
312146302.0 0.0 1795.9106794798124 99 8.073913e-15
395921029.0 0.0 1794.7219610103234 99 4.396423e-05
250827655.0 0.0 1810.223867424051 99 2.2960627e-07
410550417.0 0.0 1805.6820824843326 99 1.5158605e-11
395524782.0 0.0 1811.1387307566908 99 1.6233732e-12
407019919.0 0.0 1797.2641842438197 99 3.7506166e-07
285676351.0 0.0 1796.1196604765335 99 0.00018099029
255993442.0 0.0 1794.36630444643 99 2.4689809e-10
396574801.0 0.0 1795.578465838139 99 2.0615681e-07
379632635.0 0.0 1796.5560035679002 99 2.038693e-05
286410563.0 0.0 1796.5773205295832 99 4.083606e-07
271335293.0 0.0 1795.409687903745 99 1.2992246e-09
286356542.0 0.0 1793.6204440898218 99 3.4358277e-06
285943261.0 0.0 1805.6198574134376 99 5.415054e-07
229712608.0 0.0 1805.5111733401322 99 1.9433207e-07
274956433.0 0.0 1806.3053092065982 99 9.0335336e-05
388606331.0 0.0 1795.7006024622335 99 3.6537128e-06
255883279.0 0.0 1810.2226014864689 99 1.0505244e-08
52271545.0 0.0 1796.6811173804674 99 1.2768264e-14
286482458.0 0.0 1798.3897461438928 99 2.5586946e-06
387696085.0 0.0 1794.8873565060671 99 0.0010012538
398308018.0 0.0 1793.3045631336597 99 0.029233184
192466212.0 0.0 1799.22428521767 99 0.00020374921
353691613.0 0.0 1797.8891270974013 99 4.40289e-16
77354448.0 0.0 1798.4746868715683 99 0.00019891116
236864241.0 0.0 1796.178480909539 99 1.0562364e-08
12483442.0 0.0 1798.8065126364277 99 5.298819e-05
375780446.0 0.0 1799.4088480210382 99 4.9060083e-05
288515404.0 0.0 1797.5952925941517 99 1.956195e-06
236876335.0 0.0 1797.7201688187909 99 4.082016e-12
326790523.0 0.0 1810.8057049755396 99 1.991092e-06
453013469.0 0.0 1793.9731481865447 99 0.0143663185
288537609.0 0.0 1793.7449967464422 99 1.4543081e-06
198538682.0 0.0 1805.8850464204995 99 0.0003266344
373146721.0 0.0 1797.5549566485038 99 2.6518996e-09
68001857.0 0.0 1793.870196939022 99 0.006029568
348506748.0 0.0 1806.3068682221565 99 0.011926126
241068179.0 0.0 1793.9112572537297 99 0.00029878542
233057068.0 0.0 1799.8853946946547 99 9.7299875e-05
284219415.0 0.0 1811.3057532740272 99 8.511398e-05
322129332.0 0.0 1798.366844413863 99 1.608483e-06
332050949.0 0.0 1800.2024049660843 99 2.0518744e-05
379325960.0 0.0 1797.597613900826 99 1.2129897e-05
354012390.0 0.0 1794.0150035878348 99 1.9230793e-06
428168488.0 0.0 1794.9320472901923 99 5.3847543e-05
400500879.0 0.0 1797.2026590891003 99 4.3040387e-13
104314284.0 0.0 1796.7238234489375 99 3.6997487e-09
71745456.0 0.0 1796.0775553691333 99 4.0732084e-10
396444503.0 0.0 1810.7846892645773 99 1.5708831e-10
68156985.0 0.0 1796.2036446540612 99 2.091206e-05
292720178.0 0.0 1794.5783319656468 99 8.955818e-10
219115569.0 0.0 1797.7192372994264 99 1.1908155e-06
229487644.0 0.0 1806.1779876431983 99 3.07675e-05
387602720.0 0.0 1800.4705652607922 99 8.3179293e-07
229480270.0 0.0 1795.594938940344 99 7.7269385e-10
240946730.0 0.0 1806.1817636793144 99 1.8476424e-08
194780717.0 0.0 1806.411992702822 99 0.00015723673
329172742.0 0.0 1811.1139401253677 99 5.971171e-12
389968088.0 0.0 1811.3433771463172 99 0.036960103
275420577.0 0.0 1796.3250399915255 99 1.813229e-05
332813075.0 0.0 1795.7439547257484 99 5.4187455e-09
352921296.0 0.0 1798.5560408108272 99 1.1696707e-05
270325883.0 0.0 1795.847118159766 99 2.6465455e-06
301994054.0 0.0 1795.3070954123575 99 0.004683047
362965342.0 0.0 1810.117531795749 99 2.048902e-08
235942843.0 0.0 1810.4288050456025 99 1.7882092e-08
192739900.0 0.0 1794.349180126794 99 1.6550104e-07
298358846.0 0.0 1799.0551267654462 99 3.504023e-08
77420789.0 0.0 1797.0371270492535 99 1.0440149e-07
306183346.0 0.0 1795.827481763674 99 1.4171554e-08
284539228.0 0.0 1797.5767063306653 99 5.8880646e-13
445229538.0 0.0 1810.4519379777894 99 1.6732899e-07
184736890.0 0.0 1795.0367776161984 99 2.1186475e-08
354285609.0 0.0 1797.1382567630258 99 6.689091e-07
271531069.0 0.0 1811.1177479150979 99 1.5105937e-05
274953163.0 0.0 1799.4304380966912 99 8.832495e-09
332374073.0 0.0 1797.8066585070678 99 2.6456662e-12
237233098.0 0.0 1793.2620476307568 99 3.9802536e-08
71929771.0 0.0 1797.2858546802513 99 2.4813346e-06
292519851.0 0.0 1796.557351637967 99 0.00015179634
137960933.0 0.0 1797.4954034143987 99 3.4004154e-12
431767736.0 0.0 1794.0990953027408 99 1.17664285e-05
410237820.0 0.0 1797.2836779964564 99 1.0167926e-07
424437685.0 0.0 1800.1360203152633 99 2.9987712e-07
387898662.0 0.0 1799.5749152257515 99 9.76278e-07
229683910.0 0.0 1797.4888987176355 99 1.857762e-09
331714577.0 0.0 1793.848397924769 99 8.443249e-08
291955034.0 0.0 1797.2032920324277 99 4.1089526e-05
285036076.0 0.0 1799.222885485926 99 5.430264e-08
81691480.0 0.0 1811.5150735585426 99 0.00028675894
368372568.0 0.0 1810.930295268098 99 6.991036e-05
399543227.0 0.0 1799.5990803362129 99 6.4195636e-05
10787683.0 0.0 1798.6187588059806 99 9.826685e-10
275464103.0 0.0 1795.6810445060619 99 0.0016120464
200938962.0 0.0 1797.432691567366 99 3.7189175e-06
394091373.0 0.0 1805.8455122553332 99 4.149782e-11
332803008.0 0.0 1806.181594558197 99 1.1214695e-05
387897997.0 0.0 1797.699942988473 99 1.518267e-05
433414133.0 0.0 1798.4118430034903 99 1.16670165e-07
408731664.0 0.0 1797.9927493487583 99 0.010546781
370420562.0 0.0 1799.6817998298793 99 3.8049595e-08
302626190.0 0.0 1798.8891544812968 99 2.2312681e-08
373788354.0 0.0 1810.5563790855676 99 9.4791406e-12
71973503.0 0.0 1811.0565361787342 99 8.154295e-08
445435901.0 0.0 1794.014943464583 99 3.132078e-08
252853767.0 0.0 1806.2240285228636 99 8.573192e-05
259249176.0 0.0 1798.9947059197264 99 0.000474716
270321615.0 0.0 1799.0761815489789 99 3.0212588e-10
402204433.0 0.0 1795.3491948834603 99 4.0077242e-07
286477979.0 0.0 1799.2857322054772 99 1.9352719e-07
292000184.0 0.0 1793.9949016720925 99 3.124904e-09
264917995.0 0.0 1795.6819643647377 99 3.1761698e-05
422429717.0 0.0 1794.5125472689224 99 4.737449e-05
283019371.0 0.0 1797.7223901208959 99 9.766131e-09
230018866.0 0.0 1799.3652943278437 99 1.0695296e-05
302071014.0 0.0 1811.4740172954341 99 1.1940612e-08
367183844.0 0.0 1795.9296745062315 99 0.00093768537
235978781.0 0.0 1797.470548744032 99 0.00084139546
405491558.0 0.0 1810.891470105212 99 5.899979e-06
275463340.0 0.0 1796.1185165948175 99 1.9674533e-09
252827737.0 0.0 1806.0158154156823 99 2.6447995e-07
117171082.0 0.0 1794.2236914140992 99 5.5449623e-09
390522058.0 0.0 1797.327500455746 99 4.814436e-07
194732209.0 0.0 1797.0577352262465 99 1.7004932e-07
301332738.0 0.0 1795.11951253685 99 1.8836865e-05
365943176.0 0.0 1795.5135543250003 99 1.1183658e-10
379165795.0 0.0 1810.1807442826653 99 5.194961e-09
373617273.0 0.0 1799.9107105917144 99 1.2542711e-08
240884901.0 0.0 1805.890069091792 99 4.0869396e-05
445630886.0 0.0 1797.556802700373 99 2.395556e-07
117617837.0 0.0 1794.3072933857413 99 4.969771e-05
103948885.0 0.0 1810.348921252634 99 2.305923e-06
184693785.0 0.0 1799.078516696538 99 3.4327773e-08
367145336.0 0.0 1795.8464135509282 99 3.6241352e-07
265195099.0 0.0 1810.7861569849 99 1.1552704e-06
283025578.0 0.0 1798.1182909869085 99 2.9649166e-06
73449551.0 0.0 1794.0162882862905 99 2.3350856e-06
68095491.0 0.0 1811.4536116821002 99 5.848719e-06
389915921.0 0.0 1798.4479095460024 99 9.891793e-07
302084099.0 0.0 1796.995145691018 99 2.8209643e-06
323300561.0 0.0 1795.1171792801156 99 2.921644e-07
250473568.0 0.0 1810.7861889551596 99 1.954487e-06
230001186.0 0.0 1806.1568052581363 99 4.804992e-13
236712244.0 0.0 1793.739038832427 99 3.2384955e-07
327345144.0 0.0 1798.2240331464752 99 5.9416188e-09
232608684.0 0.0 1805.2395000423558 99 2.166918e-07
192252686.0 0.0 1798.7659859185526 99 1.1253426e-08
417616777.0 0.0 1794.9496554087168 99 5.9960163e-05
285273628.0 0.0 1811.2660360402306 99 2.691519e-05
65355651.0 0.0 1793.6406462184366 99 9.514317e-05
264294981.0 0.0 1805.512616221608 99 8.7546915e-08
10972083.0 0.0 1799.035540058813 99 2.9022434e-05
229446898.0 0.0 1794.8446836193975 99 0.056434147
284530877.0 0.0 1806.0767729874324 99 0.0004550766
350734771.0 0.0 1797.074635794035 99 1.1010854e-07
219088437.0 0.0 1798.219242411565 99 0.001979034
101000305.0 0.0 1800.0787745474183 99 0.000100710546
233010581.0 0.0 1795.761269198549 99 0.014594102
240985351.0 0.0 1793.306889828787 99 4.847568e-09
302474822.0 0.0 1797.4738564186036 99 0.00013053422
65694498.0 0.0 1806.3910344042552 99 0.0021223512
405491869.0 0.0 1793.495387804873 99 9.154365e-07
334490271.0 0.0 1796.2421482967984 99 1.0224041e-13
399585928.0 0.0 1796.6616185834996 99 1.4394815e-06
366976802.0 0.0 1799.450551039378 99 0.0006584316
396659113.0 0.0 1805.951596335579 99 0.024426851
252841611.0 0.0 1797.6404926303007 99 4.2297765e-05
323304373.0 0.0 1811.4294389483275 99 4.0652178e-12
444592766.0 0.0 1795.4104485384096 99 7.895591e-09
275192164.0 0.0 1795.3469876023885 99 1.2061873e-05
275692962.0 0.0 1798.344433869687 99 2.435879e-09
26534594.0 0.0 1794.1410613600133 99 6.749145e-07
240943389.0 0.0 1796.2859741694012 99 2.7493163e-08
301478384.0 0.0 1798.640627083516 99 9.6194015e-08
203093044.0 0.0 1796.0159565526874 99 3.2889718e-06
12746179.0 0.0 1795.5145941008884 99 0.00025173125
240962467.0 0.0 1810.1607441969995 99 1.2261088e-06
370854504.0 0.0 1794.1191597903878 99 5.1104614e-09
230070317.0 0.0 1795.4478106481595 99 8.284349e-08
285385683.0 0.0 1793.8496497581095 99 2.8179447e-06
241092543.0 0.0 1796.2028901064446 99 2.5802345e-14
387997446.0 0.0 1793.5124847681377 99 0.040690105
387448344.0 0.0 1799.8455340289938 99 1.9699739e-08
71690564.0 0.0 1794.4941285128305 99 6.55755e-06
34691690.0 0.0 1796.6206201267232 99 1.8217095e-07
194613825.0 0.0 1796.537007601315 99 1.1869249e-07
367287170.0 0.0 1810.8255403686521 99 5.149198e-05
184683520.0 0.0 1794.6410997002304 99 3.9944887e-09
265147767.0 0.0 1798.1374857595176 99 0.00039324822
298733065.0 0.0 1797.9686791835827 99 0.0014207527
13080907.0 0.0 1794.8063843548812 99 2.5715008e-09
368611906.0 0.0 1794.4097566862863 99 1.178663e-08
5722393.0 0.0 1811.203502431074 99 9.2031776e-08
422748933.0 0.0 1806.0137620166704 99 2.4895951e-05
192416896.0 0.0 1798.0158829844656 99 4.347647e-08
233006770.0 0.0 1796.6361290653645 99 1.4887283e-05
410469334.0 0.0 1793.411044683248 99 8.356108e-09
279983207.0 0.0 1794.9700721254503 99 6.085946e-08
427548884.0 0.0 1796.3675842236119 99 6.2527227e-12
250740899.0 0.0 1796.598801441452 99 6.838366e-07
101096710.0 0.0 1796.6203168252289 99 1.5371864e-06
186808848.0 0.0 1810.2036715734112 99 2.4594684e-13
240828639.0 0.0 1805.4525236298848 99 4.0284096e-05
241028737.0 0.0 1795.4320423317688 99 1.5960798e-06
50937797.0 0.0 1811.2857546317223 99 4.9847557e-05
352117369.0 0.0 1805.618224888228 99 0.0005318475
298601243.0 0.0 1796.8848456376886 99 2.9502075e-06
359548396.0 0.0 1799.5142068413543 99 1.0232591e-05
35013424.0 0.0 1793.2246728406892 99 1.8121202e-06
400823288.0 0.0 1810.9318082523662 99 3.2096993e-06
422520855.0 0.0 1806.22105462243 99 1.4583807e-08
315929104.0 0.0 1795.4526951297476 99 3.4252262e-10
302686987.0 0.0 1811.0771683725382 99 1.0889405e-07
292150215.0 0.0 1794.4740062741776 99 1.5335552e-06
356824114.0 0.0 1798.2609916437002 99 2.3143359e-07
399270011.0 0.0 1797.1187038823277 99 0.0055511063
445565390.0 0.0 1811.4110041250153 99 3.5340162e-07
50686220.0 0.0 1795.5145448655578 99 1.5590691e-05
251457857.0 0.0 1793.7441581502426 99 2.9023542e-05
327573921.0 0.0 1799.6199036321104 99 7.6351294e-05
376118396.0 0.0 1799.3269777117366 99 0.00020995413
417662947.0 0.0 1794.4715014651572 99 6.1775194e-05
385205711.0 0.0 1796.2241654689988 99 2.2374305e-08
354965858.0 0.0 1799.0978524173604 99 1.0152293e-06
83525725.0 0.0 1795.0974906868207 99 5.7128573e-12
399013326.0 0.0 1796.5148767746389 99 4.493114e-08
83621645.0 0.0 1793.7851797198232 99 6.738148e-08
427737153.0 0.0 1811.2664803150867 99 2.5708367e-05
372112312.0 0.0 1811.2234459473489 99 4.5661013e-06
357526213.0 0.0 1810.2389162720426 99 0.0011344817
288623144.0 0.0 1794.7657114477647 99 3.0030553e-05
346851757.0 0.0 1798.8494088724478 99 0.00023910485
351545508.0 0.0 1797.1599752444595 99 1.0052435e-05
285507165.0 0.0 1794.2237187779774 99 5.6369474e-05
387955876.0 0.0 1810.7623236868085 99 3.149086e-05
444140186.0 0.0 1805.6611249529287 99 3.6864844e-13
224599914.0 0.0 1805.7804463968696 99 3.6423608e-06
387698431.0 0.0 1806.387178003725 99 2.490336e-06
444556331.0 0.0 1799.9311873431927 99 0.002935662
224596414.0 0.0 1805.905567657153 99 4.3677464e-06
385204973.0 0.0 1810.9743399731556 99 2.1735793e-06
235716789.0 0.0 1794.9700549336224 99 0.0002436516
116498460.0 0.0 1794.057240533445 99 1.7728048e-08
219114561.0 0.0 1796.0527454756625 99 4.5833916e-05
450137038.0 0.0 1798.7651218571636 99 1.614694e-05
394128514.0 0.0 1806.2202934394625 99 4.7131707e-09
370950916.0 0.0 1793.9527152593803 99 9.982847e-07
240883303.0 0.0 1794.7860368508555 99 1.0313199e-05
420303728.0 0.0 1795.4499343677346 99 3.9503825e-06
401007633.0 0.0 1794.1192110949555 99 1.6612752e-05
272231083.0 0.0 1797.4306794782967 99 4.40185e-08
233099129.0 0.0 1797.4687886738982 99 1.0926329e-06
427647772.0 0.0 1798.7223801225439 99 6.9214865e-09
265348860.0 0.0 1797.8052382471794 99 2.6366577e-06
232607261.0 0.0 1798.0308326239613 99 2.362483e-10
385259314.0 0.0 1798.4110665612804 99 7.476619e-05
407538847.0 0.0 1798.2210887471479 99 1.8061472e-06
428611573.0 0.0 1796.763776286003 99 5.3251355e-05
299490516.0 0.0 1794.866858795895 99 7.8471425e-09
353725532.0 0.0 1811.3687602246794 99 6.9008568e-09
398306011.0 0.0 1797.5545212888458 99 2.7306305e-05
452968676.0 0.0 1811.3060280355276 99 4.089568e-08
370269511.0 0.0 1795.4316795647726 99 3.6992267e-09
233152830.0 0.0 1795.4483820745459 99 5.2472853e-07
284719314.0 0.0 1810.9934662335963 99 8.595793e-13
12103222.0 0.0 1811.4314949498382 99 1.7298207e-05
420654605.0 0.0 1805.721792547944 99 2.7197959e-05
405623715.0 0.0 1794.994808795923 99 1.352018e-10
229651111.0 0.0 1806.3243239937294 99 1.4357616e-09
250925666.0 0.0 1810.2863129380275 99 1.29390455e-05
445532978.0 0.0 1795.306922444338 99 1.992637e-07
82621088.0 0.0 1795.2857395575813 99 4.3748968e-16
388528795.0 0.0 1794.7837459248144 99 1.555061e-08
10607698.0 0.0 1798.8273330616812 99 5.7444377e-05
77272095.0 0.0 1794.6620518384693 99 4.508439e-06
229611487.0 0.0 1795.9279982339394 99 5.9317255e-08
28913526.0 0.0 1797.4955650761049 99 0.0011207835
268428145.0 0.0 1793.1788309538738 99 3.8964032e-07
396681493.0 0.0 1806.1806437045948 99 1.2211093e-09
67514724.0 0.0 1798.8910423710242 99 3.7873506e-06
238802637.0 0.0 1793.724265417934 99 8.7483485e-08
297780648.0 0.0 1797.826754580543 99 4.2819659e-07
219095424.0 0.0 1796.2610427148256 99 0.032228436
368406088.0 0.0 1797.2017054649502 99 6.201847e-17
396471412.0 0.0 1797.3470715191947 99 7.715928e-07
354178266.0 0.0 1793.8279975579026 99 3.5376807e-08
271833843.0 0.0 1795.4721640339374 99 6.342582e-07
83346024.0 0.0 1795.2018239259066 99 1.3394506e-05
279700479.0 0.0 1794.909353393652 99 1.746539e-08
279441587.0 0.0 1798.2642067133577 99 7.148115e-05
368736057.0 0.0 1805.8888663036437 99 4.5213645e-05
265195449.0 0.0 1798.473598126209 99 8.9188456e-05
29058618.0 0.0 1795.8497035294035 99 5.025141e-09
52179130.0 0.0 1799.3061163475907 99 3.9108133e-10
229781162.0 0.0 1797.42811136672 99 1.3343505e-07
270014077.0 0.0 1795.6804274934436 99 8.11383e-09
359038006.0 0.0 1799.7224275658562 99 2.8456805e-07
427553234.0 0.0 1795.6384978659476 99 8.8325486e-08
316960543.0 0.0 1797.8067089888111 99 3.0970791e-06
416401395.0 0.0 1805.9899318020555 99 2.4639883e-06
376289876.0 0.0 1799.6381951986236 99 7.4461874e-05
305430833.0 0.0 1811.18129239484 99 1.0844923e-05
322338950.0 0.0 1798.6818467700593 99 4.2626615e-07
284012663.0 0.0 1796.578583321743 99 3.7362187e-07
397760770.0 0.0 1811.3471844954563 99 3.7527775e-07
236863134.0 0.0 1797.136832556493 99 5.806589e-11
353238439.0 0.0 1810.2436030961794 99 1.2354884e-06
352928514.0 0.0 1805.9099918383552 99 1.5795252e-12
94477002.0 0.0 1796.1410534763902 99 1.296282e-12
54883317.0 0.0 1799.577061189686 99 8.450806e-08
229938728.0 0.0 1797.4487712084456 99 2.676578e-07
101092642.0 0.0 1794.495427843079 99 4.868988e-05
305165331.0 0.0 1794.8247257452094 99 5.8864116e-06
369994913.0 0.0 1796.8272798499836 99 1.1164487e-06
333066555.0 0.0 1796.785766129201 99 1.8190623e-09
219864007.0 0.0 1795.5525898741414 99 7.589801e-07
285905428.0 0.0 1794.8895717202727 99 2.467101e-07
22735738.0 0.0 1797.1622709345945 99 0.00022078249
320279640.0 0.0 1811.160185599812 99 5.269295e-07
178043245.0 0.0 1811.1828279946449 99 5.7780387e-08
321593555.0 0.0 1811.1582276661275 99 1.3939276e-05
264102908.0 0.0 1810.5542561518114 99 1.9316244e-06
292608881.0 0.0 1794.9531856868468 99 2.714719e-10
13700814.0 0.0 1795.6396376788705 99 1.832207e-05
452960580.0 0.0 1799.306350577984 99 3.129462e-06
434437544.0 0.0 1799.7217694853923 99 3.8476137e-05
436882696.0 0.0 1797.516490058611 99 2.3994318e-05
272532614.0 0.0 1795.8681727281241 99 7.465125e-08
427512948.0 0.0 1796.6383461658172 99 1.7652486e-06
343621957.0 0.0 1796.137188081131 99 1.34803e-05
73566257.0 0.0 1794.6412340585684 99 4.4241065e-06
395692166.0 0.0 1796.0973687708654 99 4.7640232e-11
357887247.0 0.0 1799.680941104587 99 1.5949531e-08
219877628.0 0.0 1797.1983473430007 99 8.938188e-14
286118815.0 0.0 1794.4939365059495 99 8.509666e-08
83806793.0 0.0 1811.451436935325 99 3.0510353e-06
327606993.0 0.0 1798.4740098574293 99 1.556523e-09
289208457.0 0.0 1810.263844095569 99 3.864485e-07
269665710.0 0.0 1811.553278466073 99 9.584816e-06
351685860.0 0.0 1798.3058140916778 99 5.0653557e-09
250718579.0 0.0 1795.4321117309648 99 1.6547858e-05
396203652.0 0.0 1798.2223276195355 99 0.0017151893
250519273.0 0.0 1795.9321976617116 99 4.760139e-06
229669559.0 0.0 1794.2192256129188 99 1.6609056e-10
186804244.0 0.0 1793.5160184076597 99 1.0471222e-05
352346997.0 0.0 1794.137308659449 99 1.9527233e-09
331937156.0 0.0 1798.159895765579 99 3.2909722e-07
309301037.0 0.0 1797.411248814477 99 2.0440582e-05
116497858.0 0.0 1811.307390072321 99 5.420963e-06
83813702.0 0.0 1811.0765051272372 99 3.0865378e-06
417853483.0 0.0 1805.9930819230572 99 3.6850074e-06
256112843.0 0.0 1798.1395013021465 99 4.5245294e-08
354109773.0 0.0 1794.202494711061 99 0.0004595028
292720321.0 0.0 1795.5575066064234 99 4.3974947e-07
292610590.0 0.0 1797.2240411016078 99 3.4251055e-08
138116477.0 0.0 1805.6205306713623 99 4.77657e-11
388563844.0 0.0 1796.221414972641 99 2.1094546e-07
289354182.0 0.0 1796.659809147123 99 3.1772966e-11
240891813.0 0.0 1810.556529591691 99 5.94471e-06
65349164.0 0.0 1797.474147530968 99 1.8163679e-06
422610724.0 0.0 1797.076028495572 99 1.4336316e-05
116274802.0 0.0 1795.869602466102 99 4.325317e-06
104314423.0 0.0 1797.2030058485125 99 2.3603475e-06
418260924.0 0.0 1797.6167908607904 99 8.0203753e-23
240919830.0 0.0 1798.8068850338746 99 0.0009449764
191704569.0 0.0 1810.4944127564418 99 2.0490172e-06
288316004.0 0.0 1795.8657615061716 99 2.286862e-08
312977863.0 0.0 1810.3895505571118 99 2.7998216e-16
94331975.0 0.0 1795.432852939503 99 2.6713607e-11
366077231.0 0.0 1795.9095878093049 99 5.212452e-07
256351480.0 0.0 1810.637482782331 99 3.4781917e-06
285431874.0 0.0 1810.4327144433116 99 3.833672e-10
186746448.0 0.0 1805.9535716361174 99 2.0549572e-11
367863228.0 0.0 1811.4092524180367 99 1.662548e-13
85525113.0 0.0 1810.1204887498525 99 2.2096172e-05
365942505.0 0.0 1796.6385279755002 99 6.7350223e-09
415877977.0 0.0 1798.557301229457 99 3.6670542e-08
236982088.0 0.0 1797.741065234148 99 2.5081186e-05
279659374.0 0.0 1795.6176822089592 99 0.0034544638
399259890.0 0.0 1810.3688009037808 99 2.395239e-06
376085702.0 0.0 1794.9301814407197 99 0.00011283287
240892011.0 0.0 1798.7234362394397 99 1.6058904e-08
418374289.0 0.0 1794.4923074966132 99 4.1308303e-06
427689883.0 0.0 1797.0136704432373 99 1.995057e-06
101216819.0 0.0 1796.0578395779023 99 9.684224e-05
288611323.0 0.0 1799.6576748129874 99 6.1854407e-06
10510046.0 0.0 1796.806309678839 99 0.00069998263
354156485.0 0.0 1797.0570423544739 99 0.00016289444
279186887.0 0.0 1793.9518844000197 99 0.00015520495
409524356.0 0.0 1797.349133422365 99 0.00059539743
71926761.0 0.0 1796.890116292965 99 3.909207e-07
272230579.0 0.0 1805.3055406336318 99 1.6942158e-07
367455701.0 0.0 1799.8046513461293 99 8.7033254e-07
268518486.0 0.0 1805.8676235858734 99 6.438031e-06
230388080.0 0.0 1810.8860121873518 99 2.7294185e-09
178143596.0 0.0 1806.0370043695727 99 6.3911352e-06
251121180.0 0.0 1797.5777910830059 99 5.4627886e-16
417764939.0 0.0 1798.7841055630297 99 0.00079532666
265344857.0 0.0 1797.7425505177478 99 1.0178773e-07
191764363.0 0.0 1798.098874007366 99 2.4392391e-05
245553367.0 0.0 1797.640231147264 99 0.00011914804
302386283.0 0.0 1796.5154838619571 99 8.376263e-07
65160776.0 0.0 1796.2240437770938 99 8.5883904e-08
395652643.0 0.0 1796.8472290683771 99 0.00028242907
284080203.0 0.0 1811.0580119107872 99 1.5435355e-09
90552859.0 0.0 1795.287087196442 99 1.1287917e-10
358828514.0 0.0 1795.9926425323474 99 1.3182055e-06
237115512.0 0.0 1797.9061129759828 99 2.981874e-08
309237193.0 0.0 1794.2860908839111 99 7.324755e-06
356979949.0 0.0 1810.8019454364246 99 1.3322411e-09
366561961.0 0.0 1805.741291097691 99 0.014490172
201357261.0 0.0 1810.6203765427147 99 1.1119138e-08
322209219.0 0.0 1793.575276960108 99 1.0140971e-05
368516895.0 0.0 1805.2640735139407 99 1.1550506e-07
329246901.0 0.0 1810.3223793484287 99 2.7020343e-08
376880697.0 0.0 1805.5951408076246 99 6.4669257e-07
238702563.0 0.0 1797.0782982970204 99 0.00010557323
288603243.0 0.0 1795.282552673183 99 1.7622344e-05
390863585.0 0.0 1810.7024750434136 99 4.5922035e-09
21099573.0 0.0 1810.432789409213 99 4.435069e-06
292153735.0 0.0 1795.7865983349495 99 0.00020319571
219087622.0 0.0 1797.823584532554 99 1.1937512e-06
385411301.0 0.0 1805.9736899737957 99 0.0005358633
194665311.0 0.0 1794.3285615029856 99 4.6001567e-08
367089929.0 0.0 1796.3463625388201 99 2.4796205e-12
11058088.0 0.0 1795.0145036357812 99 1.8792072e-11
255872660.0 0.0 1805.9936539351543 99 2.1361691e-07
191773499.0 0.0 1794.3281080499553 99 8.621349e-05
245722819.0 0.0 1795.4108681749256 99 7.637563e-20
369828750.0 0.0 1793.2436803108021 99 1.581638e-06
379375782.0 0.0 1796.4308910848388 99 4.647764e-07
202872142.0 0.0 1810.5574121427246 99 0.00017116271
399126842.0 0.0 1795.8898326856881 99 1.6318336e-05
445191896.0 0.0 1796.7856815772955 99 3.2692917e-09
194734225.0 0.0 1811.266113252491 99 2.5447214e-06
319920081.0 0.0 1798.6604591651499 99 4.137873e-10
233500987.0 0.0 1810.1364707038801 99 4.9449036e-09
441722558.0 0.0 1794.552654696647 99 8.067138e-05
288628974.0 0.0 1798.9951676122378 99 2.8009422e-06
236936913.0 0.0 1798.199366600512 99 1.4320014e-05
348672078.0 0.0 1796.2443298913545 99 7.031533e-08
356871176.0 0.0 1810.3026207539035 99 1.142175e-08
431875692.0 0.0 1796.3074622872914 99 1.0712901e-06
357745049.0 0.0 1811.2017657375916 99 4.082583e-09
201112742.0 0.0 1797.4327692929628 99 0.0
241123671.0 0.0 1798.952888881543 99 0.0
353989230.0 0.0 1798.7808890430015 99 0.0
417662947.0 0.0 1794.4715014651572 99 0.0
317468086.0 0.0 1799.0132435240089 99 0.0
264026982.0 0.0 1797.3456146096946 99 1.469571e-32
444825205.0 0.0 1798.0979684450513 99 2.4028728e-19
279262790.0 0.0 1796.4100530581695 99 0.0
20873121.0 0.0 1795.4742322600523 99 0.0
377251905.0 0.0 1796.844137353487 99 0.0
34691690.0 0.0 1796.6206201267232 99 8.6449825e-29
316848292.0 0.0 1797.7028121308701 99 0.0
28780319.0 0.0 1810.661481820085 99 0.0
326857449.0 0.0 1797.5988613092704 99 0.0
351548004.0 0.0 1795.1599380842943 99 0.0
82982516.0 0.0 1811.118096609872 99 0.0
34749696.0 0.0 1795.1206055747607 99 0.0
444413183.0 0.0 1796.6809265615193 99 0.0
403746196.0 0.0 1795.1817601114246 99 0.0
367836078.0 0.0 1794.4074090009574 99 0.0
63783616.0 0.0 1805.911989531398 99 0.0
365943176.0 0.0 1795.5135543250003 99 0.0
280568468.0 0.0 1811.5146501207428 99 0.0
372500632.0 0.0 1794.701885413625 99 0.0
353734879.0 0.0 1805.4895062746036 99 0.0
384814516.0 0.0 1798.1609482160688 99 4.3803497e-27
307635935.0 0.0 1796.994291360035 99 0.0
351960825.0 0.0 1794.6806814953654 99 0.0
85431003.0 0.0 1793.4953576835778 99 1.5497017e-34
230051023.0 0.0 1795.5738664231471 99 0.0
269038679.0 0.0 1795.763709671738 99 0.0
51029031.0 0.0 1796.1189047602063 99 0.0
315617593.0 0.0 1796.5986878524575 99 0.0
332477246.0 0.0 1797.7809430964999 99 5.811387e-37
410736506.0 0.0 1797.8696980002717 99 2.393148e-27
245400258.0 0.0 1799.0567573502115 99 0.0
298360871.0 0.0 1810.5549820633908 99 2.3141252e-29
233083590.0 0.0 1810.802062602657 99 0.0
21099543.0 0.0 1796.0997369683816 99 0.0
116271546.0 0.0 1806.1614740570471 99 0.0
367079240.0 0.0 1805.49165309122 99 1.4829134e-11
229787826.0 0.0 1798.2821786084437 99 0.0
198455685.0 0.0 1810.780650629758 99 0.0
116061472.0 0.0 1810.3281652859532 99 0.0
256507966.0 0.0 1797.1169649258006 99 0.0
252199778.0 0.0 1810.8062532004342 99 0.0
250555111.0 0.0 1810.9945735462336 99 0.0
84216009.0 0.0 1798.4308723451802 99 0.0
241022477.0 0.0 1810.8482848697647 99 0.0
332982936.0 0.0 1794.952408176713 99 7.3352465e-30
308219912.0 0.0 1798.5151792209176 99 2.4865357e-19
20875993.0 0.0 1795.140901254515 99 1.03841525e-32
233609870.0 0.0 1811.3651368625613 99 0.0
370269511.0 0.0 1795.4316795647726 99 0.0
20874581.0 0.0 1797.3701636684718 99 0.0
196816906.0 0.0 1810.4734371816244 99 0.0
279061151.0 0.0 1796.2641823850863 99 0.0
352113030.0 0.0 1799.8472331925188 99 0.0
250476986.0 0.0 1799.4528493778496 99 2.4512493e-32
265292969.0 0.0 1810.5568570329663 99 0.0
229480270.0 0.0 1795.594938940344 99 0.0
289589219.0 0.0 1798.572411810544 99 0.0
101032677.0 0.0 1794.7245757918902 99 0.0
207402821.0 0.0 1794.259534671023 99 3.291819e-38
285788731.0 0.0 1799.3066204290087 99 4.874068e-34
428708961.0 0.0 1811.2427950851172 99 0.0
65647427.0 0.0 1810.620059387518 99 0.0
390579360.0 0.0 1811.3480859506878 99 0.0
407315823.0 0.0 1806.326373802156 99 0.0
240981697.0 0.0 1796.869524326209 99 0.0
116054123.0 0.0 1810.661343102558 99 0.0
101261261.0 0.0 1795.0787072895857 99 0.0
81509186.0 0.0 1797.2440411932062 99 1.04940926e-26
240964649.0 0.0 1798.5152172901549 99 1.0894114e-27
55085866.0 0.0 1795.3270186323527 99 0.0
336543055.0 0.0 1797.6797586350947 99 0.0
327573921.0 0.0 1799.6199036321104 99 0.0
236904806.0 0.0 1811.5115252374085 99 0.0
378464628.0 0.0 1799.7431304723307 99 0.0
245636999.0 0.0 1795.702826246455 99 0.0
409521951.0 0.0 1811.0991003056627 99 0.0
367360355.0 0.0 1805.6797291914183 99 0.0
192591464.0 0.0 1797.0782818901832 99 0.0
116616937.0 0.0 1811.4324137523604 99 0.0
359548396.0 0.0 1799.5142068413543 99 0.0
292609043.0 0.0 1796.9948465738573 99 0.0
405623715.0 0.0 1794.994808795923 99 0.0
284316356.0 0.0 1810.3267107168454 99 0.0
256380997.0 0.0 1799.0741112072042 99 3.615549e-38
65166734.0 0.0 1799.5158749910236 99 0.0
286477979.0 0.0 1799.2857322054772 99 5.7942214e-33
28909025.0 0.0 1795.6413684023016 99 4.3631092e-33
322262706.0 0.0 1793.971083855122 99 0.0
117271783.0 0.0 1795.8487597541475 99 0.0
445236558.0 0.0 1799.2439542358375 99 0.0
426145828.0 0.0 1810.2634035007445 99 0.0
52179130.0 0.0 1799.3061163475907 99 0.0
235999054.0 0.0 1798.3039272299116 99 0.0
233723060.0 0.0 1797.7607265933357 99 0.0
264998273.0 0.0 1798.9735259743197 99 0.0
433206092.0 0.0 1811.09929104564 99 1.0937262e-18
381806936.0 0.0 1797.7036829410852 99 0.0
402975785.0 0.0 1796.430086944234 99 0.0
396201863.0 0.0 1805.7012621724448 99 0.0
84215051.0 0.0 1811.0556868728202 99 0.0
427767035.0 0.0 1811.3051506360337 99 0.0
275713133.0 0.0 1796.7433983660226 99 0.0
357743677.0 0.0 1796.0557075635513 99 0.0
232601695.0 0.0 1805.8438486706914 99 0.0
251550353.0 0.0 1800.015393361377 99 0.0
286241302.0 0.0 1798.4954566290228 99 8.993964e-27
372135799.0 0.0 1805.5753086590694 99 0.0
445358865.0 0.0 1811.1394820932892 99 0.0
265191865.0 0.0 1793.7652849091846 99 8.690553e-20
365941059.0 0.0 1805.388535563439 99 0.0
250529744.0 0.0 1798.7655503938227 99 0.0
408731664.0 0.0 1797.9927493487583 99 0.0
422610724.0 0.0 1797.076028495572 99 0.0
417842279.0 0.0 1798.140938684929 99 3.241968e-25
55085515.0 0.0 1797.1395348261397 99 0.0
455960348.0 0.0 1795.7841671120154 99 0.0
117399286.0 0.0 1795.265626593159 99 0.0
401087272.0 0.0 1806.41110916592 99 0.0
21015450.0 0.0 1810.697054817567 99 0.0
436866363.0 0.0 1806.2455033572478 99 0.0
395858078.0 0.0 1805.513780961127 99 0.0
370951440.0 0.0 1805.3068726864885 99 0.0
396065855.0 0.0 1798.3469526342958 99 0.0
347690442.0 0.0 1794.8275965863027 99 0.0
445338849.0 0.0 1796.5355961698137 99 0.0
376971044.0 0.0 1800.2423520576524 99 0.0
198365769.0 0.0 1798.3014893269954 99 0.0
270014077.0 0.0 1795.6804274934436 99 0.0
333803315.0 0.0 1794.762247737035 99 0.0
264721808.0 0.0 1794.0333906824408 99 0.0
445189935.0 0.0 1799.5564880915745 99 0.0
103948885.0 0.0 1810.348921252634 99 0.0
104308329.0 0.0 1794.7236411477186 99 0.0
49796144.0 0.0 1797.4106860514103 99 0.0
265344857.0 0.0 1797.7425505177478 99 0.0
236985082.0 0.0 1799.0535924337235 99 0.0
420017091.0 0.0 1798.4520249160214 99 0.0
126098229.0 0.0 1794.9953554548795 99 0.0
233525922.0 0.0 1800.1983810640652 99 6.7565164e-37
229402514.0 0.0 1797.6154079799944 99 0.0
379198595.0 0.0 1799.6180697373068 99 0.0
192647436.0 0.0 1795.0784447128633 99 0.0
184737927.0 0.0 1797.3701728360218 99 0.0
286010581.0 0.0 1811.4107330138306 99 2.443168e-37
237238590.0 0.0 1797.845427976322 99 0.0
444667363.0 0.0 1810.8480569298824 99 0.0
353492649.0 0.0 1810.8062467098828 99 1.9853155e-26
356735454.0 0.0 1810.5107105699453 99 5.8245996e-27
399084672.0 0.0 1793.4107742152528 99 5.0611476e-38
77354160.0 0.0 1806.0788163177087 99 3.7267895e-24
256803647.0 0.0 1798.3450693480113 99 0.0
348673126.0 0.0 1794.9110058675485 99 0.0
331315253.0 0.0 1797.8482779476076 99 0.0
433000652.0 0.0 1794.8701989580215 99 0.0
381655370.0 0.0 1798.5159182312275 99 0.0
13213572.0 0.0 1795.3052108508625 99 0.0
240982081.0 0.0 1795.3070227681953 99 0.0
395940851.0 0.0 1798.1597750155709 99 0.0
357821278.0 0.0 1798.4310649753163 99 0.0
235680772.0 0.0 1806.386780350134 99 0.0
229972471.0 0.0 1795.4904887860516 99 0.0
137991883.0 0.0 1793.5996162804017 99 0.0
230387586.0 0.0 1793.6362581308067 99 4.1924146e-38
292977092.0 0.0 1797.5575940602332 99 0.0
270666058.0 0.0 1799.9512632289639 99 0.0
352358226.0 0.0 1810.7850225564089 99 0.0
441807493.0 0.0 1797.4280104173965 99 0.0
445384709.0 0.0 1795.598125333578 99 0.0
308446111.0 0.0 1794.640484754776 99 0.0
368607501.0 0.0 1794.4722395649337 99 0.0
367351410.0 0.0 1794.7005162985927 99 0.0
327789190.0 0.0 1795.1406901010573 99 0.0
292003360.0 0.0 1795.1825496494967 99 0.0
68156985.0 0.0 1796.2036446540612 99 0.0
198182146.0 0.0 1793.4889889331919 99 0.0
444556943.0 0.0 1806.4311491717972 99 0.0
405794529.0 0.0 1793.9086104761038 99 0.0
241130079.0 0.0 1806.4112060011178 99 8.190127e-35
260030759.0 0.0 1799.0569397776133 99 7.7880174e-36
379373152.0 0.0 1796.1390727122434 99 0.0
230121095.0 0.0 1797.9066412228628 99 0.0
354924387.0 0.0 1798.055966800999 99 0.0
319920081.0 0.0 1798.6604591651499 99 0.0
417266856.0 0.0 1795.514002987612 99 0.0
445536653.0 0.0 1796.2443309033288 99 0.0
288510378.0 0.0 1794.261695268395 99 0.0
13845630.0 0.0 1797.6396463226831 99 0.0
240875231.0 0.0 1796.3276821230893 99 0.0
83621645.0 0.0 1793.7851797198232 99 0.0
65437396.0 0.0 1806.0160801081283 99 2.421033e-28
104151375.0 0.0 1797.8280902149188 99 0.0
368515911.0 0.0 1805.5557157026174 99 0.0
250496462.0 0.0 1811.0570437847964 99 4.0582922e-27
117752754.0 0.0 1798.2656178497639 99 0.0
390657860.0 0.0 1798.7023472051214 99 0.0
435264004.0 0.0 1805.3051168612612 99 0.0
375985983.0 0.0 1794.5755682945444 99 0.0
240823083.0 0.0 1805.3691306845876 99 0.0
287150731.0 0.0 1793.8853050134655 99 0.0
395692166.0 0.0 1796.0973687708654 99 0.0
237102413.0 0.0 1794.2184824861922 99 1.1630004e-33
293189287.0 0.0 1797.3283763865543 99 0.0
352572277.0 0.0 1798.243425196037 99 0.0
396203936.0 0.0 1806.3890960208287 99 0.0
235681559.0 0.0 1794.8034963556863 99 0.0
433977371.0 0.0 1796.5758981610354 99 0.0
250860873.0 0.0 1798.5155782164065 99 0.0
22900399.0 0.0 1811.1204010376061 99 0.0
12746179.0 0.0 1795.5145941008884 99 1.8495162e-25
285231238.0 0.0 1797.3478349399518 99 0.0
387994393.0 0.0 1805.9290020332578 99 0.0
367815584.0 0.0 1796.9492143654363 99 1.6794261e-29
400339049.0 0.0 1799.6806510840615 99 0.0
178082659.0 0.0 1798.2868918829142 99 0.0
441801985.0 0.0 1794.5321274633498 99 0.0
301740928.0 0.0 1811.140641310813 99 3.6454306e-33
264404052.0 0.0 1799.4709354984486 99 7.385261e-20
286482458.0 0.0 1798.3897461438928 99 3.248443e-32
403584089.0 0.0 1795.4108055303054 99 2.9644192e-38
288626988.0 0.0 1805.8076025577375 99 0.0
368919231.0 0.0 1797.0765986943486 99 0.0
326790523.0 0.0 1810.8057049755396 99 4.0229513e-33
389961500.0 0.0 1798.7186118379202 99 0.0
280164086.0 0.0 1799.136823539912 99 0.0
268723656.0 0.0 1806.0551018618235 99 0.0
346843955.0 0.0 1794.1202651113415 99 1.6841172e-35
252190282.0 0.0 1806.0773730246242 99 0.0
285508830.0 0.0 1797.869498954821 99 0.0
441715063.0 0.0 1795.4902678629912 99 0.0
271749513.0 0.0 1797.9515044535813 99 0.0
269893200.0 0.0 1796.2663192595135 99 0.0
264801594.0 0.0 1810.2860463152779 99 9.052476e-28
367334334.0 0.0 1799.242148796034 99 0.0
400543141.0 0.0 1799.1817727756043 99 0.0
192652602.0 0.0 1798.974136857225 99 1.1484354e-31
399543227.0 0.0 1799.5990803362129 99 0.0
73689467.0 0.0 1811.266166131964 99 0.0
417263187.0 0.0 1799.4100318403075 99 0.0
13189191.0 0.0 1799.8066488020604 99 0.0
332813075.0 0.0 1795.7439547257484 99 0.0
398182591.0 0.0 1795.7226873065588 99 0.0
256460459.0 0.0 1797.3866423093812 99 0.0
326918763.0 0.0 1797.2655937745606 99 0.0
359435528.0 0.0 1799.0558827120544 99 0.0
319714769.0 0.0 1798.4311753309155 99 0.0
63348754.0 0.0 1810.8700127753223 99 0.0
83720916.0 0.0 1795.889227670394 99 0.0
421691767.0 0.0 1794.5147416151042 99 0.0
194737896.0 0.0 1799.599443341523 99 0.0
367855784.0 0.0 1796.5322649399693 99 0.0
403038960.0 0.0 1793.5991351811608 99 0.0
285162485.0 0.0 1810.6193676021196 99 2.8449894e-29
26621692.0 0.0 1797.6411930819588 99 0.0
418257956.0 0.0 1798.2626370409678 99 0.0
316960588.0 0.0 1798.2650520808274 99 0.0
315612971.0 0.0 1796.4527404083494 99 0.0
28692929.0 0.0 1798.0991837963134 99 0.0
365889578.0 0.0 1796.4303393735277 99 0.0
367075382.0 0.0 1799.0546299067078 99 3.1472366e-33
12002334.0 0.0 1799.2022212830746 99 0.0
403337222.0 0.0 1794.827029103823 99 0.0
326788321.0 0.0 1793.4935152522382 99 0.0
299436180.0 0.0 1793.3697033568678 99 0.0
83048050.0 0.0 1799.6391634505212 99 0.0
251790041.0 0.0 1796.5567357904038 99 0.0
240892323.0 0.0 1805.9941328325347 99 0.0
252101670.0 0.0 1806.2438270740183 99 0.0
284889047.0 0.0 1800.0098821220126 99 1.725072e-38
286479496.0 0.0 1794.4730886453085 99 1.4255233e-28
194856864.0 0.0 1798.787018337229 99 4.0483743e-30
54721478.0 0.0 1811.2437758259698 99 0.0
445244903.0 0.0 1793.368944519863 99 0.0
194777265.0 0.0 1797.8495319019753 99 0.0
116557796.0 0.0 1810.6406368149023 99 0.0
249920084.0 0.0 1799.244687906848 99 0.0
390333685.0 0.0 1795.077173913057 99 0.0
428165157.0 0.0 1798.8071675502163 99 1.0936742e-29
434437544.0 0.0 1799.7217694853923 99 0.0
421684975.0 0.0 1793.9522129278491 99 3.9838257e-33
129788532.0 0.0 1810.4950580902564 99 0.0
293187737.0 0.0 1799.1617758834968 99 0.0
321450425.0 0.0 1793.9500896775558 99 0.0
410779590.0 0.0 1795.7420569985704 99 0.0
396112205.0 0.0 1796.0557241425788 99 5.117526e-38
348611993.0 0.0 1806.3484347762203 99 0.0
321912086.0 0.0 1800.6584658771123 99 0.0
367949619.0 0.0 1800.2425730171651 99 0.0
198392180.0 0.0 1811.5305028286848 99 0.0
301478384.0 0.0 1798.640627083516 99 0.0
49947938.0 0.0 1796.1191185182117 99 1.7369803e-35
71980046.0 0.0 1795.2859823940926 99 7.818208e-34
177827291.0 0.0 1796.4743649849217 99 8.2027216e-29
252865030.0 0.0 1793.557136402326 99 0.0
12645158.0 0.0 1798.1607657650022 99 0.0
279599402.0 0.0 1796.2854226019494 99 0.0
403436721.0 0.0 1795.8690529397672 99 0.0
327448564.0 0.0 1800.0560867293946 99 0.0
299491276.0 0.0 1795.1168963165244 99 0.0
285273628.0 0.0 1811.2660360402306 99 7.720598e-30
445439435.0 0.0 1794.2441916040727 99 5.3497276e-34
347691008.0 0.0 1797.9942780628614 99 0.0
259004297.0 0.0 1793.9699192896767 99 0.0
319601211.0 0.0 1797.076975268571 99 0.0
252125143.0 0.0 1795.9105367405434 99 5.669055e-32
255868007.0 0.0 1810.7826696483112 99 0.0
186990195.0 0.0 1810.1409252519363 99 3.942075e-24
387238000.0 0.0 1794.5746878683658 99 0.0
279526102.0 0.0 1810.3257668178153 99 0.0
399350228.0 0.0 1811.2229884612289 99 0.0
46506379.0 0.0 1793.328826356303 99 0.0
192731997.0 0.0 1797.5366441742183 99 0.0
250865149.0 0.0 1795.6406177237216 99 0.0
327570310.0 0.0 1811.411155759088 99 5.009325e-08
354109773.0 0.0 1794.202494711061 99 0.0
279067445.0 0.0 1793.8268099704421 99 0.0
63690916.0 0.0 1811.3909644481375 99 0.0
271153607.0 0.0 1805.597119223153 99 0.0
445140895.0 0.0 1798.8063443715423 99 0.0
12479247.0 0.0 1795.514917101472 99 0.0
251008411.0 0.0 1806.3070747824397 99 0.0
83723784.0 0.0 1796.1808436755323 99 0.0
200731857.0 0.0 1798.4327595613368 99 0.0
229510522.0 0.0 1799.7824182161228 99 0.0
301332738.0 0.0 1795.11951253685 99 1.2400655e-30
35154187.0 0.0 1797.0788226012412 99 4.2402577e-26
46425981.0 0.0 1810.870637125933 99 0.0
301739819.0 0.0 1810.2656216831047 99 0.0
138116477.0 0.0 1805.6205306713623 99 0.0
229683649.0 0.0 1798.0931229711216 99 0.0
28913526.0 0.0 1797.4955650761049 99 1.4077413e-32
13532679.0 0.0 1796.973300638469 99 0.0
117754740.0 0.0 1799.3072356367263 99 0.0
49942082.0 0.0 1798.2857373472461 99 0.0
230018065.0 0.0 1798.698681775071 99 0.0
327446804.0 0.0 1798.2227532367383 99 0.0
354241911.0 0.0 1798.5548804033047 99 0.0
251628129.0 0.0 1795.786080360275 99 0.0
396442496.0 0.0 1794.5128956732697 99 0.0
130059297.0 0.0 1795.8911181193366 99 0.0
240964621.0 0.0 1797.4943921526356 99 0.0
357887247.0 0.0 1799.680941104587 99 0.0
233210176.0 0.0 1794.7190226355285 99 0.0
301997445.0 0.0 1796.3488927436704 99 0.0
320502307.0 0.0 1799.4474674769078 99 0.0
259234489.0 0.0 1810.3864067183745 99 0.0
249892509.0 0.0 1795.661227412349 99 0.0
264052814.0 0.0 1799.220698457897 99 0.0
116215585.0 0.0 1796.890599950842 99 0.0
376870405.0 0.0 1805.7825042510499 99 8.690433e-32
338374689.0 0.0 1799.304871760349 99 0.0
371217233.0 0.0 1795.5336703350058 99 0.0
364185907.0 0.0 1795.2207071752268 99 0.0
256642905.0 0.0 1797.5753086488073 99 0.0
230090786.0 0.0 1797.219015284247 99 0.0
305165331.0 0.0 1794.8247257452094 99 0.0
441722558.0 0.0 1794.552654696647 99 0.0
284080203.0 0.0 1811.0580119107872 99 0.0
192836247.0 0.0 1795.9115605944044 99 0.0
264294981.0 0.0 1805.512616221608 99 0.0
331937156.0 0.0 1798.159895765579 99 0.0
67574799.0 0.0 1810.7244419088236 99 1.6478264e-25
268333885.0 0.0 1794.8662473639477 99 0.0
279185619.0 0.0 1798.847660499725 99 0.0
403588925.0 0.0 1797.991796660291 99 0.0
285130759.0 0.0 1793.160139364219 99 0.0
396534780.0 0.0 1799.742899676176 99 0.0
435745269.0 0.0 1805.5135210820354 99 0.0
353730642.0 0.0 1798.0309819236468 99 0.0
346022245.0 0.0 1811.098513167172 99 1.3507355e-27
77354448.0 0.0 1798.4746868715683 99 7.283257e-27
366110508.0 0.0 1795.347684558611 99 0.0
280412792.0 0.0 1799.9937814096904 99 7.4724756e-38
20705070.0 0.0 1798.9116427894587 99 1.0439598e-25
229683910.0 0.0 1797.4888987176355 99 0.0
130060132.0 0.0 1794.6410591812646 99 6.564825e-29
199548146.0 0.0 1794.843206650159 99 0.0
184738802.0 0.0 1810.2658603764132 99 0.0
250553237.0 0.0 1798.7446294567737 99 8.352746e-35
34715287.0 0.0 1796.0580701842882 99 0.0
235905828.0 0.0 1798.1787492680892 99 0.0
177879138.0 0.0 1810.8494196477357 99 0.0
240900115.0 0.0 1796.3485886604997 99 0.0
275188990.0 0.0 1795.4092533039666 99 9.039114e-37
368509333.0 0.0 1811.367869548899 99 0.0
403752840.0 0.0 1800.3898683493203 99 1.8711012e-35
54057589.0 0.0 1797.4727573677862 99 0.0
240946730.0 0.0 1806.1817636793144 99 0.0
81916985.0 0.0 1795.4105153168505 99 1.8965564e-33
272540534.0 0.0 1798.2223943059669 99 0.0
177913100.0 0.0 1798.9326919524653 99 0.0
403589370.0 0.0 1798.4703036307078 99 0.0
403037892.0 0.0 1794.4116839728347 99 0.0
428114976.0 0.0 1796.8489341819416 99 0.0
13088260.0 0.0 1799.098307413991 99 2.8520628e-37
116849668.0 0.0 1794.4531471046819 99 0.0
435446518.0 0.0 1805.2842919566215 99 0.0
405491558.0 0.0 1810.891470105212 99 0.0
20706163.0 0.0 1805.8283612091993 99 0.0
184693363.0 0.0 1794.7660686308398 99 0.0
233006770.0 0.0 1796.6361290653645 99 0.0
323124948.0 0.0 1794.9500744753004 99 7.767601e-22
387269721.0 0.0 1805.6375406278535 99 0.0
396028046.0 0.0 1797.7221279876337 99 0.0
284913961.0 0.0 1793.639317122721 99 0.0
286224091.0 0.0 1796.264913648642 99 0.0
353956975.0 0.0 1799.07829016421 99 7.218614e-35
194612913.0 0.0 1810.432921482718 99 0.0
233734547.0 0.0 1798.9690518372308 99 0.0
408731888.0 0.0 1805.7428715868905 99 0.0
445336581.0 0.0 1799.0771935402272 99 0.0
423037843.0 0.0 1806.1818062547868 99 0.0
436873082.0 0.0 1796.620652817856 99 0.0
359498041.0 0.0 1799.364671138246 99 2.8590214e-31
192806056.0 0.0 1798.0158544070941 99 0.0
240868409.0 0.0 1805.8900031566207 99 0.0
249884710.0 0.0 1805.4948274623357 99 0.0
352772941.0 0.0 1798.6391311925113 99 0.0
434813994.0 0.0 1805.7217554776857 99 2.0860954e-38
323300561.0 0.0 1795.1171792801156 99 0.0
264052963.0 0.0 1796.970674756016 99 0.0
251330512.0 0.0 1797.4527478622263 99 0.0
251815533.0 0.0 1805.327990879254 99 0.0
398156203.0 0.0 1798.5767559699188 99 0.0
236771139.0 0.0 1811.3862676640995 99 0.0
428661642.0 0.0 1799.430666082643 99 0.0
445144913.0 0.0 1797.3062758530848 99 0.0
370849212.0 0.0 1805.7025990313944 99 0.0
259293097.0 0.0 1798.59921241447 99 0.0
387998139.0 0.0 1799.5957397483703 99 0.0
415903980.0 0.0 1793.5991351595842 99 0.0
292152018.0 0.0 1796.4740108202327 99 0.0
445378752.0 0.0 1810.7021561286049 99 1.1549199e-31
302084099.0 0.0 1796.995145691018 99 0.0
101216819.0 0.0 1796.0578395779023 99 0.0
73487019.0 0.0 1798.7245364947444 99 0.0
287081013.0 0.0 1805.488975893469 99 0.0
284915325.0 0.0 1811.3267020075352 99 0.0
284609328.0 0.0 1806.014310112377 99 1.6275628e-37
251514597.0 0.0 1796.7858885127837 99 1.1975295e-28
230377102.0 0.0 1799.115092269598 99 0.0
427654632.0 0.0 1811.3049680775828 99 0.0
139355123.0 0.0 1795.6828386184784 99 0.0
241117789.0 0.0 1795.6614182482526 99 3.0401401e-31
346628085.0 0.0 1799.2246492858187 99 0.0
139374747.0 0.0 1793.8076598562106 99 5.598162e-31
247012234.0 0.0 1796.933143318675 99 0.0
116016135.0 0.0 1798.0572281152315 99 0.0
67660025.0 0.0 1794.6618845248854 99 0.0
12901320.0 0.0 1794.9106646654104 99 0.0
422386791.0 0.0 1797.783313527546 99 0.0
403688991.0 0.0 1810.8486126688142 99 0.0
444144683.0 0.0 1810.5570398707714 99 0.0
116762834.0 0.0 1795.6404336261987 99 0.0
441814153.0 0.0 1797.6782732913737 99 0.0
200734451.0 0.0 1796.4536449458137 99 4.4484083e-37
186970340.0 0.0 1810.7034224587467 99 0.0
348133402.0 0.0 1811.056894032022 99 0.0
396714371.0 0.0 1810.8890789128611 99 0.0
346781468.0 0.0 1794.0994261590604 99 2.9739334e-38
359629316.0 0.0 1805.968792789837 99 0.0
116009307.0 0.0 1798.3073840497545 99 0.0
81755546.0 0.0 1811.3481889117 99 0.0
397234039.0 0.0 1797.7433008956773 99 0.0
368406088.0 0.0 1797.2017054649502 99 0.0
256476305.0 0.0 1796.7227062527375 99 2.2300762e-31
245621333.0 0.0 1806.1193105147677 99 0.0
373126975.0 0.0 1799.1593267714884 99 0.0
381652131.0 0.0 1798.5159106375552 99 7.164546e-34
354319204.0 0.0 1797.1195631196497 99 0.0
394031081.0 0.0 1799.4703943041957 99 0.0
219738983.0 0.0 1794.1137904839734 99 0.0
250553209.0 0.0 1798.3904626414844 99 0.0
399441295.0 0.0 1799.2438719636905 99 0.0
22739134.0 0.0 1811.432816355665 99 0.0
377099523.0 0.0 1806.385530370658 99 0.0
311829828.0 0.0 1795.3271048866125 99 0.0
387329606.0 0.0 1805.7829404916392 99 0.0
379084450.0 0.0 1798.9305792230728 99 6.9464105e-37
256579589.0 0.0 1795.679510243844 99 0.0
292150215.0 0.0 1794.4740062741776 99 1.0927453e-27
279849549.0 0.0 1795.3482213109608 99 0.0
417662736.0 0.0 1805.304857935765 99 0.0
441718248.0 0.0 1795.8027595039425 99 0.0
34754039.0 0.0 1797.287322990774 99 0.0
397926071.0 0.0 1796.2644010195502 99 0.0
270815973.0 0.0 1799.4305484344259 99 0.0
241064755.0 0.0 1799.6819812905599 99 0.0
299432200.0 0.0 1794.744583293935 99 0.0
405612354.0 0.0 1797.161619174672 99 0.0
285431874.0 0.0 1810.4327144433116 99 0.0
312147538.0 0.0 1794.4523479743657 99 0.0
378585324.0 0.0 1795.4303790061356 99 0.0
333112922.0 0.0 1794.4109661532116 99 0.0
184736890.0 0.0 1795.0367776161984 99 0.0
