tic gt tpeak labels pred_s0127
428210990.0 0.0 1796.64057653402 0 0.00022478514
285166956.0 1.0 1806.3693836107848 1 1.0
376499580.0 0.0 1795.0340859440284 3 2.0811578e-17
83967167.0 1.0 1810.1389690323674 1 1.0
336750985.0 0.0 1811.3253337241695 2 0.0016506676
378280451.0 0.0 1812.367876899941 0 2.9315368e-05
305794540.0 0.0 1812.366338775926 0 7.495314e-08
198279370.0 1.0 1796.0518510934576 1 1.0
407928263.0 1.0 1796.8704471745916 1 0.99999976
377251803.0 0.0 1810.1563545943413 3 2.5919102e-25
284210800.0 0.0 1805.5559531708138 0 0.00023652925
198242868.0 1.0 1793.4055761981613 1 0.9999878
194618143.0 1.0 1797.7660308110542 1 0.999999
258462992.0 1.0 1806.4285732950777 1 1.0
129817128.0 0.0 1809.1408448730995 0 0.00016603498
449986821.0 0.0 1796.3478887388233 2 3.4730892e-08
445486200.0 0.0 1808.8484763312201 0 9.2408976e-05
366674459.0 1.0 1797.762903903927 1 0.99993575
28757422.0 1.0 1798.1200476217386 1 1.0
236876634.0 1.0 1805.4283619026792 1 1.0
240972851.0 0.0 1808.8691140094895 0 5.2047453e-06
445439591.0 1.0 1797.5775368421157 1 1.0
279438097.0 0.0 1794.347675995836 0 4.4636745e-05
424283843.0 1.0 1795.3897823882178 1 0.9999999
317470793.0 0.0 1795.971680062842 3 4.1929498e-27
301100564.0 0.0 1796.8072272656243 0 2.1383948e-05
368515752.0 1.0 1798.430725746045 1 0.99996877
67390878.0 1.0 1796.703484442351 1 0.99999976
377159927.0 1.0 1805.5522437010334 1 0.99999994
236998036.0 1.0 1811.1992400143072 1 0.9999771
275057491.0 1.0 1799.4303788295053 1 0.9999996
331726882.0 1.0 1798.471500387147 1 0.9999885
307203546.0 0.0 1796.64013258671 0 0.00034884148
431839593.0 0.0 1805.2243777627423 0 0.00013093512
35023339.0 0.0 1812.6205480668184 0 0.0004190319
229398450.0 1.0 1805.7196747084295 1 1.0
51024867.0 0.0 1798.8482137043054 2 6.4657106e-05
10973655.0 1.0 1811.4105058468642 1 0.9999998
104196403.0 0.0 1805.203302108932 0 0.00012490967
247008991.0 1.0 1793.6206677181701 1 0.9999934
395924247.0 0.0 1805.2431340370345 0 1.5443864e-05
53799292.0 1.0 1796.827129526816 1 0.99999976
385591488.0 0.0 1805.4747929436123 0 0.00027837788
63584575.0 0.0 1809.1617580654088 0 0.0004467889
352283883.0 1.0 1796.9097649050168 1 0.9999999
129822207.0 1.0 1797.95362347605 1 0.9999973
352359172.0 1.0 1799.4100701610032 1 0.020733349
365940645.0 1.0 1796.6802491578724 1 1.0
251220253.0 1.0 1793.8069963118667 1 0.999815
259000751.0 1.0 1794.178185349627 1 1.0
418218506.0 0.0 1812.491691143691 0 0.000100113255
445559476.0 0.0 1808.848480055969 0 3.299921e-06
288513991.0 0.0 1808.8872230967888 0 6.4805245e-05
372216052.0 1.0 1796.8462675357787 1 0.9999853
301476871.0 0.0 1796.8281686013875 0 2.8423772e-09
271021518.0 0.0 1798.32628207817 2 5.323599e-15
149925140.0 1.0 1795.182907107183 1 0.9999993
219857381.0 1.0 1796.344155871709 1 1.0
63471618.0 0.0 1809.2450654308727 0 0.00046793005
63345107.0 0.0 1805.3492740945394 0 0.0014781915
301173087.0 0.0 1805.2030133137202 0 3.1020053e-09
367754612.0 0.0 1794.1992609047047 0 0.00012797365
376114509.0 0.0 1808.8467324442254 0 6.889299e-07
397982006.0 1.0 1794.7016638294747 1 0.30395323
422984324.0 0.0 1805.2868337205193 0 0.00018996069
315728194.0 0.0 1808.8485886166852 0 0.00011273921
233201941.0 1.0 1797.6981561540713 1 0.9999999
252149464.0 0.0 1796.7021950244875 0 0.0007639262
356820646.0 0.0 1801.7613128021683 3 5.4222413e-31
431968168.0 0.0 1812.3492728390918 0 0.00015080118
21097861.0 1.0 1794.1622071390445 1 0.9999929
312857240.0 1.0 1810.5980065985798 1 0.999969
435741705.0 0.0 1808.8468102648555 0 8.162999e-07
372628397.0 1.0 1798.264811601352 1 0.99999917
376355122.0 0.0 1794.3891334035309 2 1.0193659e-14
201163245.0 0.0 1808.9120290060298 0 0.0003202714
399013326.0 0.0 1812.702184224607 0 3.0895342e-05
374612662.0 1.0 1796.660998880781 1 0.99999994
259255376.0 1.0 1796.0781439565476 1 0.9999999
352366856.0 1.0 1798.8684647262912 1 0.99999166
367145487.0 0.0 1808.8671983458269 0 8.3811313e-10
444587149.0 0.0 1805.5769881427063 0 6.3623106e-06
245592544.0 1.0 1798.0776285794936 1 0.9999745
200871515.0 0.0 1809.1204498878574 0 0.00021348945
308365224.0 0.0 1812.3483684651314 0 4.5628626e-06
83415135.0 1.0 1795.0975306787802 1 0.9999937
417234885.0 1.0 1811.3474578376224 1 1.0
238750791.0 0.0 1796.6409772377085 0 0.00023805958
420443912.0 0.0 1800.2642288148725 0 0.0012476179
201115541.0 1.0 1810.6411896942404 1 0.99999946
301642812.0 0.0 1805.203167253197 0 2.2300264e-05
367765596.0 1.0 1806.0965245538403 1 0.9999544
367150268.0 0.0 1796.8255626182306 0 5.0294636e-07
319915099.0 0.0 1809.1601575000143 0 6.475232e-08
435453818.0 1.0 1798.4301851445093 1 0.99999994
319911472.0 0.0 1812.680857676997 0 4.527404e-07
198280388.0 0.0 1811.1141230363928 3 1.860851e-35
90763724.0 0.0 1796.6411601945647 0 0.00043580544
388604399.0 0.0 1805.2005357587661 0 4.8241195e-06
444797901.0 0.0 1805.3478547896923 0 1.2621937e-05
50690977.0 0.0 1808.931531194614 0 0.00017794422
395521835.0 1.0 1810.3472954998872 1 0.9998442
353957999.0 1.0 1806.078356968508 1 0.9999912
139554787.0 1.0 1794.0577177641835 1 0.9999999
250561377.0 1.0 1794.3904775144981 1 0.99999815
396195602.0 1.0 1811.3052263574107 1 0.99999696
428388736.0 1.0 1794.6405532423269 1 1.0
369821948.0 1.0 1805.8058643106524 1 1.0
256579500.0 1.0 1794.8670181796813 1 0.99380445
384659769.0 1.0 1796.7026474382694 1 0.99999607
366587892.0 1.0 1810.7836317436966 1 0.99999523
73621231.0 1.0 1794.4955072262467 1 0.9999735
177769654.0 1.0 1796.4119433835958 1 0.9998311
332375303.0 0.0 1795.2233006636827 2 5.9162755e-13
407022666.0 0.0 1812.3889465789093 0 7.6435475e-10
269696438.0 0.0 1809.1992689624556 3 7.751625e-07
387270996.0 0.0 1812.3666774921155 0 0.0008932741
255993777.0 0.0 1794.1579771727952 3 0.00058399077
256507075.0 1.0 1799.7627621837453 1 1.0
252158435.0 1.0 1805.806435643656 1 0.99999934
264615805.0 0.0 1801.4110612397626 3 1.6302316e-05
238716143.0 1.0 1811.5571638874908 1 1.0
201242969.0 1.0 1797.5576045305183 1 0.99999917
177828016.0 1.0 1810.8077356094552 1 0.99996555
240969500.0 1.0 1810.9733245907335 1 0.9999951
377146885.0 1.0 1796.4300174075418 1 0.99999994
285181196.0 0.0 1805.0994735581069 3 3.118017e-08
410237933.0 1.0 1799.9919649890987 1 0.99999994
259097101.0 1.0 1796.4073697202507 1 0.9999828
233608021.0 0.0 1812.4273659287958 0 0.00013082105
368608355.0 0.0 1805.2014029774296 0 1.5889399e-13
445107304.0 1.0 1796.785425259472 1 0.02483711
29700500.0 1.0 1793.1830125698857 1 0.99999946
250986432.0 0.0 1812.3489310108805 0 6.818317e-05
334802172.0 0.0 1796.8254905996987 0 2.3059606e-06
200917272.0 1.0 1796.3909819781875 1 0.99999243
332979205.0 1.0 1797.3483424544527 1 0.9999996
177823340.0 0.0 1807.3912562135242 3 1.534351e-07
372728152.0 1.0 1798.0353566651656 1 0.9998941
396713858.0 0.0 1794.5553720243765 2 3.309469e-17
241097195.0 1.0 1806.2655101656617 1 1.0
370220483.0 1.0 1799.6400419697286 1 0.999837
259463294.0 1.0 1797.5365584195424 1 1.0
346595078.0 1.0 1794.6412793388672 1 0.99996626
219896633.0 0.0 1796.7608185534818 2 1.4803278e-07
65199347.0 1.0 1805.7035310171932 1 0.99980634
55087427.0 0.0 1796.639489310112 0 0.0003177271
352035677.0 1.0 1794.9100698714838 1 1.0
343464665.0 1.0 1794.5746795166524 1 0.9999989
401087739.0 1.0 1810.1611394342472 1 0.9999999
237295088.0 0.0 1805.241318268082 0 9.006078e-05
427728264.0 1.0 1811.0550422907331 1 0.9999994
372069658.0 1.0 1796.6170523928936 1 1.0
200872371.0 1.0 1795.7869495336956 1 0.9999836
293067488.0 1.0 1810.9739917415245 1 1.0
424461577.0 0.0 1811.9063516462795 3 4.7936152e-35
34644961.0 1.0 1797.5373259687096 1 1.0
249886811.0 1.0 1799.7864137652412 1 1.0
368510605.0 1.0 1798.0763872267403 1 0.9999999
400949130.0 0.0 1812.8283463386601 0 0.00017310983
272833158.0 0.0 1808.8471599733375 0 2.1173162e-06
434270013.0 0.0 1808.846621145452 0 7.458672e-06
240875231.0 1.0 1796.3276821230893 1 0.99999976
363759663.0 0.0 1797.7226547233665 2 0.00011461096
230084082.0 1.0 1796.17693336795 1 0.99999416
241015420.0 1.0 1799.7861342331717 1 0.9999375
441734144.0 0.0 1804.4073269737187 3 1.5508996e-30
331851550.0 1.0 1798.8884812625272 1 0.99999005
28997709.0 1.0 1798.287283795071 1 0.99998623
241028101.0 0.0 1797.2445529609756 2 3.9932296e-10
367288168.0 0.0 1808.8880231978053 0 3.3070177e-07
34753451.0 1.0 1805.9539566516544 1 0.99995774
264615805.0 0.0 1800.098557256776 3 1.2134982e-13
288673471.0 1.0 1798.2619479171453 1 0.9999999
396009144.0 1.0 1811.2016117335318 1 0.9999942
52711488.0 1.0 1811.5144443530835 1 0.99998766
238700016.0 0.0 1805.203186062818 0 4.0348423e-05
258748157.0 0.0 1812.368036770161 0 8.895252e-07
11331653.0 1.0 1799.5770580523965 1 0.9999516
280072381.0 0.0 1796.9077075435837 0 3.5691703e-06
353487021.0 1.0 1811.0353260053096 1 1.0
374613725.0 0.0 1806.3068525264005 2 3.424994e-12
432014548.0 0.0 1812.370269697088 0 0.000109858745
235934001.0 0.0 1805.2412460129935 0 0.00031317008
317511130.0 1.0 1795.5341638502064 1 1.0
184610711.0 1.0 1793.5159944487862 1 0.99999964
435744596.0 1.0 1810.242735972566 1 0.99999726
229439489.0 1.0 1799.1571136391126 1 0.9999743
279374603.0 1.0 1798.0126862829618 1 1.0
394119914.0 0.0 1794.1992679065704 0 2.4649492e-07
319599611.0 1.0 1794.056141072115 1 0.99999994
356979949.0 0.0 1794.4062879250184 0 0.00012268302
286325819.0 0.0 1797.327347455673 2 7.986035e-06
388564901.0 1.0 1798.0754826408777 1 0.9999993
406968861.0 1.0 1794.3267666927845 1 1.0
301334476.0 0.0 1793.3278787980978 0 1.6981877e-12
229741985.0 0.0 1800.7405598311186 3 9.73894e-12
230076103.0 1.0 1795.947766570114 1 0.9999977
353378764.0 0.0 1809.181061581289 0 1.0764034e-08
265461913.0 0.0 1808.888726922117 0 7.507419e-08
199633302.0 1.0 1796.842982058994 1 0.99999946
229435185.0 1.0 1794.0323369648006 1 0.9998568
409531909.0 0.0 1812.7448976272574 0 0.00023324281
427558679.0 1.0 1796.7425753397679 1 0.94511974
322384734.0 1.0 1796.991943383185 1 1.0
245589547.0 0.0 1795.4109895752974 2 1.2606888e-09
240993834.0 1.0 1799.556976186711 1 1.0
10240617.0 0.0 1812.410448809632 0 0.0007643685
201261167.0 1.0 1811.5370558406364 1 0.99999726
203005093.0 1.0 1799.4324800301422 1 0.9999732
104034355.0 1.0 1797.848776218654 1 0.9999819
198538351.0 0.0 1811.0100091339657 2 0.00024557122
322382169.0 0.0 1805.2418274604936 0 0.00023274607
422614996.0 0.0 1808.8675966001163 0 1.9569341e-05
377251803.0 0.0 1803.8648205978998 3 3.928325e-31
11335015.0 1.0 1798.3062832483643 1 0.9998284
308123058.0 1.0 1793.4111567847376 1 0.99996984
348678270.0 1.0 1806.2653465851834 1 0.99999875
354156485.0 0.0 1805.20274668062 0 0.00015141413
232984295.0 1.0 1795.4686849005677 1 1.0
198214654.0 1.0 1806.1977723126395 1 1.0
397798163.0 0.0 1796.9097549048467 0 0.00026051907
428706982.0 0.0 1812.3468643277279 0 3.1742723e-06
292695766.0 1.0 1806.036526297113 1 0.9999959
441764774.0 1.0 1796.9071935008687 1 0.9999378
420268181.0 1.0 1810.3668146932632 1 0.99999297
237293287.0 1.0 1796.9495841808116 1 1.0
198354443.0 0.0 1797.2596677682322 3 4.1749276e-21
219790018.0 1.0 1805.63520063491 1 1.0
285132017.0 1.0 1798.20183498197 1 1.0
352836311.0 1.0 1810.5975272105961 1 0.99995905
194734225.0 0.0 1793.1409077396427 0 0.00031790618
379630402.0 1.0 1799.4101036629716 1 0.9999815
240972384.0 0.0 1812.3690367313366 0 8.330085e-10
229648375.0 0.0 1808.844938154676 0 7.0338187e-06
390240645.0 1.0 1798.3894932335884 1 0.9999927
117530920.0 0.0 1793.3279461864577 0 2.1298727e-10
270931638.0 0.0 1808.8469246950817 0 3.4235882e-06
306182652.0 0.0 1809.1605999018448 0 0.00021262404
284925600.0 0.0 1807.5977383777413 3 5.1417236e-26
250706109.0 0.0 1797.6404246444179 2 4.498801e-06
130086309.0 1.0 1797.2659698401542 1 1.0
63399285.0 1.0 1811.3282976401965 1 0.99999934
116375720.0 0.0 1812.3490462220054 0 1.956423e-07
301417485.0 0.0 1799.8695510791988 2 3.9245295e-19
396615115.0 1.0 1794.9117619635988 1 0.9999913
436931811.0 1.0 1797.037309205293 1 1.0
373237466.0 0.0 1812.3885222006077 0 3.5671754e-08
68153308.0 0.0 1812.349329415133 0 0.00018119908
415975730.0 0.0 1812.6406948358756 0 0.0001568664
431964306.0 0.0 1812.4952046344463 0 0.00035751268
435742094.0 0.0 1812.3467229641317 0 1.4521193e-05
453277314.0 1.0 1799.0776791267365 1 0.9999996
410470479.0 0.0 1812.3482357774421 0 0.0001658973
233089591.0 0.0 1812.3855227366919 0 1.7579135e-10
83339798.0 1.0 1793.4101105719992 1 0.99996454
390741075.0 1.0 1795.3896732048113 1 1.0
251496064.0 1.0 1805.2652740853339 1 0.9999989
269597106.0 1.0 1810.115828182728 1 0.9999996
285909464.0 0.0 1797.8479098620885 0 2.8478649e-08
356863935.0 1.0 1797.5527574794207 1 0.99997187
255863611.0 1.0 1798.9288120299225 1 0.88714045
21228396.0 1.0 1797.2185017207519 1 1.0
417707923.0 1.0 1810.6173447812291 1 0.9999995
291890286.0 1.0 1805.3697758392602 1 0.99999756
326859016.0 0.0 1796.6404835235921 0 0.000111903995
433563574.0 1.0 1810.4537631186656 1 0.9999811
233528701.0 0.0 1805.198188593161 0 4.402312e-07
450145177.0 0.0 1808.8485250580386 0 0.0007531727
28914297.0 0.0 1809.120579303498 0 0.0004666094
357673920.0 1.0 1799.4315860911406 1 0.9999992
370212311.0 1.0 1794.4525345128422 1 1.0
259965499.0 1.0 1796.9499971045127 1 1.0
198416738.0 1.0 1805.447293300898 1 0.99999994
352929656.0 0.0 1795.7640468587977 2 0.0010291066
83343204.0 1.0 1811.2431844923672 1 1.0
417234073.0 0.0 1795.8057773441292 2 3.3049552e-08
445320345.0 1.0 1811.3061143430812 1 0.9999958
387567187.0 1.0 1796.2623233684897 1 0.9999904
270526373.0 1.0 1795.4075329558168 1 1.0
396615018.0 0.0 1804.9117703439372 3 2.7841427e-17
312975584.0 0.0 1809.181283860559 0 1.7392891e-05
354840446.0 1.0 1797.222836476397 1 1.0
292727416.0 1.0 1811.098888508551 1 0.99998355
241030146.0 1.0 1799.661096517507 1 0.99999666
219805359.0 1.0 1797.5314479779643 1 0.99999803
22844899.0 0.0 1808.8496078276578 0 6.999341e-05
399828838.0 1.0 1795.7218341214905 1 1.0
372640394.0 1.0 1793.5330616841222 1 0.9999999
309130480.0 1.0 1797.5362917237653 1 1.0
385100383.0 1.0 1795.6616314404384 1 0.99999946
370690088.0 0.0 1805.5565859665753 0 0.00011976771
83809500.0 0.0 1808.847339278463 0 1.0167777e-05
202870694.0 0.0 1809.3074859143956 0 0.00012880687
117270306.0 1.0 1793.5987523058357 1 0.999997
441761621.0 0.0 1805.2199411981485 0 2.8524977e-07
308529760.0 0.0 1805.2443288050674 0 8.4808613e-07
456130400.0 0.0 1808.495226993278 3 3.0651985e-17
354160375.0 0.0 1805.2442771888827 0 3.7293626e-06
264305610.0 0.0 1793.1374624515474 0 1.410001e-10
256102034.0 0.0 1796.6396050740539 0 1.1502574e-08
370698262.0 1.0 1795.6400130527904 1 1.0
347307581.0 0.0 1805.5766349969088 0 0.0019902645
255871515.0 1.0 1811.3894100653383 1 1.0
372214805.0 1.0 1795.9087822022436 1 0.9999307
288312840.0 0.0 1796.2199379930573 3 5.3828986e-16
376290178.0 1.0 1810.6380001604107 1 1.0
441735715.0 1.0 1796.094343078733 1 0.9999993
207463920.0 0.0 1805.1971733777307 0 1.5281741e-05
77567833.0 1.0 1795.5579377404313 1 1.0
265198364.0 1.0 1794.4942971349778 1 0.99999577
381686576.0 1.0 1795.8701960511553 1 1.0
421110466.0 0.0 1812.7017268461766 0 1.5106782e-09
383622633.0 0.0 1794.4059405860214 0 0.0046877367
360020372.0 0.0 1793.4077692299245 0 1.9689784e-08
319918348.0 0.0 1796.6396255594095 0 0.0004642704
288470983.0 1.0 1793.9286638315866 1 0.9999999
347691279.0 1.0 1797.306768476373 1 1.0
298729609.0 0.0 1806.364524043361 2 1.3941809e-07
369823770.0 1.0 1806.4308793888454 1 0.9999957
71932051.0 0.0 1799.389957094894 2 1.0288876e-12
241022625.0 0.0 1811.2024450932765 2 4.5916843e-07
233720275.0 1.0 1798.177406252182 1 0.99999624
368611669.0 0.0 1812.3472359608195 0 8.886571e-06
90646912.0 1.0 1795.7870127231001 1 0.9999992
232617353.0 0.0 1812.4476147930648 0 4.6510202e-11
270014616.0 0.0 1796.9095929832115 0 8.2954866e-05
233495139.0 0.0 1796.4904443198125 2 3.168539e-08
370756231.0 0.0 1808.8900430645183 0 0.0001223665
315757230.0 0.0 1805.3249590194387 0 2.3768757e-06
320268279.0 0.0 1806.5769249390344 3 8.3673356e-24
240939984.0 1.0 1811.5356952150898 1 0.9999954
399925836.0 0.0 1805.2009637702008 0 5.3605818e-05
279610249.0 1.0 1794.680109490082 1 0.9996998
420470684.0 1.0 1810.53479430608 1 1.0
198187903.0 1.0 1800.0098782886355 1 0.99989164
28998249.0 1.0 1811.3081148355088 1 0.9999932
13613256.0 1.0 1794.6398183848578 1 0.99999696
357887247.0 1.0 1799.680941104587 1 0.9999999
34553649.0 1.0 1797.808161342352 1 0.9999214
312147538.0 1.0 1794.4523479743657 1 1.0
332494935.0 1.0 1806.202205223832 1 0.99999833
399763305.0 1.0 1796.6384440762424 1 1.0
420851354.0 1.0 1795.785278663947 1 0.9999998
63624860.0 1.0 1811.4742137404262 1 1.0
374034427.0 1.0 1798.7856150240668 1 1.0
240887113.0 1.0 1810.140004275167 1 0.9999699
444116652.0 1.0 1794.7442209752946 1 0.93740624
149927067.0 0.0 1812.745615373772 0 0.00018385537
352794937.0 1.0 1794.953409458569 1 0.99999976
375082757.0 1.0 1799.744289412852 1 1.0
390804313.0 0.0 1808.9106085420788 0 4.110638e-05
198361834.0 0.0 1796.6764717831568 0 0.00022002617
229675298.0 1.0 1810.3028485780387 1 0.9999998
364183728.0 1.0 1811.3040841018892 1 0.99996173
284435554.0 1.0 1793.7436773861916 1 0.9999998
67422158.0 0.0 1812.6822025799559 0 0.00013780409
241134566.0 1.0 1805.5988858824921 1 0.9999804
219095424.0 1.0 1796.2610427148256 1 0.9870316
377607119.0 1.0 1811.3050246046082 1 0.999996
269412448.0 0.0 1796.909549245204 0 0.00018004894
237304997.0 1.0 1798.0746117633666 1 0.99999744
250580072.0 0.0 1808.8694831936684 0 2.5708905e-05
369035900.0 0.0 1794.1184790589652 2 2.9577152e-06
396341901.0 1.0 1794.680561380506 1 0.99999964
201360067.0 1.0 1811.0579712767785 1 1.0
407494959.0 0.0 1809.3053804491885 0 1.471544e-08
292942043.0 1.0 1810.5781397613516 1 0.9999999
284146933.0 0.0 1805.5352216589683 0 0.00015138293
65438028.0 1.0 1810.8910844407117 1 0.9999473
268519801.0 0.0 1808.846728452468 0 2.6039945e-06
311828730.0 0.0 1805.5561151117415 0 1.5016987e-08
252155467.0 1.0 1795.0773206127894 1 1.0
251457857.0 1.0 1793.7441581502426 1 0.9999917
436850057.0 0.0 1793.1413693169807 0 0.00027343322
354013819.0 0.0 1805.556522816724 0 0.0004248095
367681735.0 0.0 1811.3861576867762 3 6.297976e-24
353073300.0 1.0 1810.32686451947 1 0.9999998
445606365.0 1.0 1795.7028024406668 1 1.0
256929085.0 1.0 1796.907648379733 1 0.99855256
189679333.0 0.0 1809.1197583926355 0 0.0002093706
286404968.0 1.0 1811.0356476322486 1 0.9999997
352573876.0 0.0 1808.910048895352 0 5.2931483e-07
283144803.0 0.0 1794.681083256847 2 4.459563e-18
327392518.0 0.0 1805.223778005268 0 0.0001548016
71745969.0 0.0 1809.1816223007995 0 6.7164897e-06
373458182.0 1.0 1798.138606332664 1 0.9999999
370694384.0 1.0 1799.348275959794 1 0.99972606
422707313.0 0.0 1810.784352046226 2 5.784761e-13
367331490.0 0.0 1812.4919574314474 0 2.7056372e-05
331937287.0 1.0 1797.4723966634947 1 0.9999827
445182516.0 1.0 1793.8063765086094 1 0.9999889
233070615.0 1.0 1810.8855460584082 1 1.0
77260122.0 0.0 1796.8078989356832 2 3.5088967e-09
429001549.0 0.0 1796.6379886906982 0 3.1140175e-05
390579360.0 0.0 1794.347862079237 0 2.4669962e-05
352774977.0 0.0 1805.4307396837537 0 0.0007898058
422354961.0 1.0 1798.845399417554 1 0.9999964
283942575.0 0.0 1809.2016706797976 0 1.6701856e-06
321450971.0 1.0 1806.0749498317625 1 0.9999351
301470349.0 0.0 1805.2030578201689 0 0.0005542456
410473179.0 1.0 1796.0986246895684 1 0.99989635
312554793.0 0.0 1805.5355047148912 0 7.45889e-07
116557796.0 1.0 1810.6406368149023 1 1.0
245702533.0 0.0 1812.348623454771 0 8.6199594e-05
436879578.0 1.0 1793.745571961009 1 0.9996972
245581212.0 0.0 1812.3487215280813 0 2.3224678e-05
444413484.0 0.0 1809.1599417699083 0 0.0032210466
249893819.0 1.0 1796.3487843483729 1 1.0
94609999.0 0.0 1805.6205363782294 0 0.00043442752
230126329.0 1.0 1796.614571325923 1 1.0
388001334.0 0.0 1796.8249624046705 0 0.0005893728
417410096.0 1.0 1810.7643489178054 1 1.0
299436180.0 0.0 1800.3488347246737 0 4.4778328e-05
252113153.0 1.0 1797.3899260547932 1 0.99999666
349294422.0 0.0 1801.703904117689 3 1.539813e-20
395693038.0 0.0 1809.222482255406 0 0.00013286773
377418427.0 0.0 1805.2007893797181 0 1.8884988e-07
272625675.0 1.0 1795.8890032344705 1 0.9999997
367350931.0 0.0 1809.158865562333 0 3.3189186e-05
160550483.0 0.0 1797.6986890627747 0 0.00014986242
428378716.0 1.0 1811.368108593319 1 0.9999984
245702077.0 1.0 1794.1818583330596 1 0.9999922
130061105.0 0.0 1805.536795476099 0 3.1625204e-05
346541338.0 1.0 1795.0579526686115 1 0.99999523
354132782.0 0.0 1812.4116322280947 0 0.00048794714
321546971.0 0.0 1808.8873532578873 0 7.666255e-09
284439764.0 1.0 1794.0769934248503 1 0.99999064
186744198.0 1.0 1795.8702703605416 1 1.0
233005991.0 1.0 1798.1150382393732 1 0.9999995
192466803.0 1.0 1794.2034042510734 1 1.0
410438587.0 1.0 1795.3487215048606 1 0.99999946
237104001.0 1.0 1797.4273176062256 1 0.99999654
444499311.0 0.0 1793.1395020141133 0 0.00073095044
394089367.0 1.0 1794.0537057654988 1 0.99999934
352810984.0 1.0 1811.4537820158591 1 1.0
293067336.0 1.0 1811.4323288232001 1 1.0
379085094.0 0.0 1805.222296028695 0 0.000494471
323407257.0 1.0 1794.0963911773347 1 0.9999917
372355186.0 1.0 1805.4320965401034 1 0.9999868
403879070.0 0.0 1810.2442185607413 2 6.175284e-11
332045437.0 0.0 1798.7231320597555 2 6.0579276e-13
241037295.0 0.0 1808.8900477300012 0 3.88735e-05
433202283.0 1.0 1796.6619475287869 1 1.0
354782159.0 1.0 1795.9726650928528 1 0.9999887
377251803.0 0.0 1809.010545223016 3 6.750016e-32
284443179.0 0.0 1812.9516964150255 0 4.5349402e-08
445398118.0 1.0 1806.0354278197794 1 0.9999227
445115660.0 1.0 1806.2854353609434 1 0.9999998
265174270.0 1.0 1799.409452736065 1 0.9999982
346852957.0 1.0 1797.9951899163993 1 0.99999887
235981025.0 1.0 1806.4289667094652 1 0.99998313
445223944.0 1.0 1798.8062496359144 1 0.9999991
335799067.0 1.0 1805.7212251152187 1 0.9999998
321914704.0 0.0 1806.1375383021825 2 0.0028767567
229672541.0 1.0 1805.4486530733761 1 1.0
420303728.0 1.0 1795.4499343677346 1 0.9999831
367407019.0 1.0 1794.3486199365752 1 0.9999979
286410563.0 1.0 1796.5773205295832 1 0.9999999
357674703.0 0.0 1812.410775598144 0 2.4717926e-06
338159479.0 0.0 1801.6798332443896 3 9.668214e-32
334174894.0 0.0 1805.2211447647876 0 8.657464e-07
233659783.0 0.0 1809.072926970055 0 1.3300121e-05
245617094.0 1.0 1797.2233668275944 1 0.9999997
445378752.0 1.0 1810.7021561286049 1 0.99999994
323124975.0 1.0 1798.1584117602551 1 1.0
373515841.0 0.0 1805.2011377136387 0 7.887358e-07
403581621.0 1.0 1798.535753834033 1 0.9999999
138125163.0 0.0 1809.516389182501 0 0.00017900184
428751351.0 0.0 1812.3467217530142 0 1.7213764e-06
321552490.0 1.0 1795.5542505366334 1 0.99998367
374128526.0 0.0 1805.2648506348633 0 2.3895784e-06
251814564.0 1.0 1794.4528053727968 1 0.99998564
338159479.0 0.0 1804.5131123967765 3 3.2638246e-37
229702512.0 1.0 1811.3444610501028 1 0.9999925
46430281.0 0.0 1796.641374696498 0 0.0009856096
370057979.0 1.0 1810.5356435770227 1 0.9999999
308878987.0 0.0 1796.6403153409115 0 6.6386635e-10
94371127.0 0.0 1793.1409865611108 0 0.0005472106
381655370.0 1.0 1798.5159182312275 1 1.0
279201903.0 1.0 1795.5140477742918 1 1.0
334174894.0 1.0 1798.8045931612621 1 1.0
252128466.0 0.0 1809.2021222807941 0 2.2336724e-05
343327003.0 0.0 1800.3245459070783 0 9.087204e-05
67461269.0 0.0 1809.1407930330793 0 0.00025554455
67515038.0 0.0 1809.0782937565025 0 4.4547488e-07
302466609.0 0.0 1796.8281445324487 0 7.420272e-05
366558772.0 1.0 1794.929568518172 1 0.9999906
289090826.0 1.0 1811.4930452987567 1 0.99999666
238743287.0 1.0 1794.453187451303 1 0.999999
366517381.0 0.0 1803.9705548218517 3 4.8663876e-37
229400018.0 0.0 1812.3444119963974 0 1.3385028e-11
367531855.0 1.0 1794.0154428373141 1 1.0
396714371.0 1.0 1797.951354381313 1 1.0
191769044.0 1.0 1810.5986150655924 1 0.9999623
367280190.0 0.0 1798.346433870838 2 7.474502e-15
259001008.0 1.0 1799.2822920694414 1 0.9999728
387627542.0 1.0 1798.7831733921635 1 0.99999994
385507212.0 1.0 1795.1412848017205 1 1.0
428740427.0 0.0 1812.3468028384277 0 8.320497e-05
118298815.0 1.0 1810.3077421226433 1 1.0
389961180.0 1.0 1811.385035262621 1 0.99999774
50849800.0 0.0 1794.0770305327771 3 3.5814201e-25
402952425.0 1.0 1797.1375126462647 1 0.99996597
445198484.0 1.0 1795.4730450024097 1 1.0
61085531.0 1.0 1797.7664954256124 1 0.9999975
272538760.0 0.0 1805.2222334613457 0 0.0001988831
336002352.0 0.0 1805.221253890462 0 1.1251666e-08
249952332.0 0.0 1805.2238279377625 0 0.00010169528
321854847.0 0.0 1805.491724226511 0 3.056886e-05
445181630.0 0.0 1805.5562143296527 0 0.00013552545
279282710.0 1.0 1810.284879528579 1 1.0
83339750.0 0.0 1812.7014548627903 0 3.3918328e-05
410623122.0 1.0 1806.203038404886 1 0.99999815
22874841.0 1.0 1811.0370555400796 1 0.9999988
199688409.0 0.0 1800.7804877336414 3 1.0353019e-18
374133172.0 0.0 1811.0564187021077 2 1.3384896e-08
453250707.0 0.0 1809.160694608739 0 0.0001038158
233519951.0 1.0 1799.134806274338 1 0.9999997
264615805.0 0.0 1806.8068860236308 3 6.450347e-06
298601598.0 1.0 1806.2804556881747 1 0.9999974
233740998.0 1.0 1797.6357040470655 1 1.0
368023395.0 0.0 1812.3885236875549 0 1.942963e-07
387239641.0 1.0 1794.8871499549816 1 0.99999994
428772568.0 1.0 1794.6173966566755 1 0.9998057
252159372.0 0.0 1805.535632012515 0 0.00023517126
356862844.0 1.0 1799.0526725359864 1 0.99999875
426112442.0 0.0 1805.221413248411 0 7.3681156e-05
369997828.0 1.0 1810.1188683304772 1 0.9999982
50450585.0 0.0 1805.306440218762 0 5.0494735e-05
381656247.0 1.0 1794.786801801724 1 0.99998975
241090316.0 0.0 1805.202770261639 0 6.131302e-09
410807677.0 0.0 1793.3279613296022 0 1.6991428e-09
385438153.0 1.0 1805.557081476544 1 0.9999992
251646422.0 1.0 1796.2651538599584 1 0.9999992
375983222.0 0.0 1805.2421834332936 0 8.734118e-06
427578829.0 0.0 1809.245631037348 0 0.00033051713
229607259.0 0.0 1805.1988995317547 0 0.0001187814
251105103.0 0.0 1805.2027089431858 0 2.5889738e-06
241078868.0 0.0 1812.3902740943934 3 1.7181844e-21
354132782.0 0.0 1808.9116264905108 0 0.00049977814
367681735.0 0.0 1804.4485437651574 3 6.4131292e-18
400381932.0 0.0 1808.9097318687557 0 1.5877784e-07
410703899.0 1.0 1797.2863789295066 1 1.0
250858590.0 1.0 1794.8071444716888 1 0.99999535
305430992.0 1.0 1810.5562923717737 1 0.9999959
53865269.0 0.0 1809.2643976807353 0 0.00024442477
285869859.0 0.0 1797.3487034938069 2 8.641284e-05
399798826.0 0.0 1795.38835554253 2 2.1235838e-15
354283949.0 1.0 1796.3257088670857 1 0.99999917
375607442.0 1.0 1795.1589605532881 1 0.9999242
418134525.0 0.0 1799.180676355996 2 3.845307e-11
401007290.0 1.0 1805.3694505993474 1 0.94832677
375600883.0 0.0 1808.8462304495145 0 1.8768478e-06
250891012.0 0.0 1796.0779154475772 2 0.00020363968
433970925.0 0.0 1796.6175838252377 2 3.5171544e-15
292523477.0 1.0 1798.328345364649 1 0.99998826
73523692.0 1.0 1795.9746482396872 1 0.9998616
52714831.0 0.0 1797.6603451088367 2 9.066449e-06
240794802.0 1.0 1798.806567088601 1 0.9999999
50050546.0 0.0 1808.931396941837 0 6.946041e-05
264223929.0 1.0 1795.8458457979489 1 0.99838513
368892974.0 0.0 1812.680646456116 0 1.1467521e-05
323011282.0 1.0 1810.8041861986221 1 0.99999756
374030551.0 1.0 1810.5147082846515 1 0.9999964
279352847.0 0.0 1812.514449793601 0 0.00085471204
274948374.0 0.0 1812.3469536961823 0 0.00051579933
10510046.0 0.0 1805.348007580463 0 5.8784233e-05
385105755.0 0.0 1808.9117293479703 3 2.05725e-16
403875792.0 1.0 1810.5565918172113 1 0.99999976
445564070.0 1.0 1794.0361083483172 1 1.0
329343815.0 0.0 1812.4262592762173 0 0.0006803546
250767874.0 0.0 1808.869551589364 0 6.727912e-07
21227979.0 0.0 1812.5514865932762 0 2.3197806e-07
445530277.0 1.0 1805.3693993318186 1 0.9999984
359677358.0 0.0 1808.8438282607722 0 7.4679533e-06
63472118.0 1.0 1796.4328370519331 1 0.99999976
366193604.0 1.0 1806.430933566247 1 0.9999748
401083630.0 0.0 1808.869588261927 0 6.8618494e-05
258629961.0 0.0 1793.324605307778 0 5.0648964e-11
353779228.0 1.0 1799.5727053256617 1 0.99999344
370688888.0 0.0 1812.6606934442054 0 0.0006433397
63690302.0 1.0 1796.057969500155 1 0.99999815
395925044.0 0.0 1796.8055650314545 0 0.000104150844
77356631.0 0.0 1797.1620607394893 2 0.115836345
307478925.0 0.0 1808.953346811087 0 0.00011278082
279004132.0 0.0 1799.785193704141 2 2.4575078e-10
63623869.0 0.0 1806.411843821036 3 5.8414143e-22
379604836.0 1.0 1797.0976820103413 1 0.9999981
311704365.0 0.0 1805.5354351308727 0 4.929151e-05
445558560.0 0.0 1805.2026600121817 0 1.8852052e-05
302186200.0 1.0 1793.4323656058782 1 0.9999747
427657613.0 1.0 1794.513523396951 1 0.9999994
373702832.0 0.0 1810.3895421913037 3 0.0016089665
367335183.0 0.0 1800.471291679666 0 4.5504665e-05
230124490.0 0.0 1797.6983748860823 0 5.7709735e-06
229676244.0 0.0 1806.6989960143187 3 3.6818235e-14
165530589.0 1.0 1798.2392857391999 1 0.9999997
381544532.0 1.0 1795.036860226651 1 1.0
259005248.0 0.0 1793.4075102179404 0 0.00017785687
282880937.0 1.0 1805.6180758725554 1 0.9999979
233048879.0 1.0 1797.5939913756113 1 0.99999934
229741985.0 0.0 1810.8447261415256 3 6.152301e-06
366435734.0 1.0 1805.7824977429175 1 1.0
252807272.0 0.0 1793.1405788542238 0 0.00043641464
203091205.0 0.0 1809.161650307534 0 0.00020860009
159539998.0 0.0 1808.8867289039185 0 1.4713889e-09
252187980.0 0.0 1793.1400126884757 0 2.6934233e-10
422756237.0 1.0 1805.6390072597903 1 0.99922293
450137038.0 1.0 1798.7651218571636 1 0.9999967
385555157.0 0.0 1809.2039511149785 0 0.00081778556
186670567.0 1.0 1795.3286573493315 1 0.9999955
137260061.0 1.0 1805.6598661832973 1 0.9999943
427545899.0 1.0 1797.9330648977718 1 0.99999994
250581688.0 1.0 1795.2654214829506 1 0.9999999
387408582.0 1.0 1795.4705780468557 1 0.99999034
376288684.0 0.0 1805.2214271159214 0 6.7968716e-07
271766891.0 1.0 1795.8055949495624 1 0.9999993
419531845.0 1.0 1810.1599863482488 1 0.9999927
417620398.0 1.0 1811.095942241874 1 1.0
284136822.0 1.0 1810.472515259953 1 0.9999999
406597100.0 0.0 1812.3467398594125 0 2.3477926e-07
387901049.0 0.0 1795.8041022384411 2 3.0627378e-21
250655207.0 1.0 1805.8069919764012 1 0.99999905
422663677.0 1.0 1797.9719217245492 1 1.0
377251803.0 0.0 1811.3021640087468 3 5.1087267e-24
327006143.0 0.0 1796.7018745733392 2 2.6808465e-13
243336425.0 1.0 1794.0111417271862 1 1.0
279847952.0 0.0 1808.8485225928675 0 0.00020382598
139465168.0 1.0 1798.703669479287 1 1.0
315724612.0 0.0 1808.8695372213513 0 5.0470142e-05
433351349.0 1.0 1811.3077665641965 1 0.99997324
368028401.0 0.0 1805.2011839578424 0 0.0017465731
366674060.0 1.0 1810.2628367270734 1 1.0
441738610.0 1.0 1806.261232135741 1 0.9999965
369731616.0 0.0 1805.5559035132228 0 1.8556419e-05
375712663.0 1.0 1798.138070065748 1 0.99998826
264615805.0 0.0 1800.5777257103962 3 1.407146e-06
284049245.0 1.0 1798.701676599054 1 0.99996364
270128468.0 0.0 1796.2221998143943 2 2.2631955e-12
308220348.0 0.0 1808.9733782796882 0 4.090311e-11
116060265.0 1.0 1796.661383098629 1 1.0
230014869.0 0.0 1795.6780944916404 2 3.454404e-09
229943561.0 1.0 1796.594418240029 1 0.9999999
378586604.0 1.0 1795.5970007207309 1 0.9999995
322442826.0 1.0 1797.1378341923094 1 0.99999744
445293146.0 0.0 1812.6810528145293 0 0.00019464214
346787628.0 0.0 1812.453604317867 0 0.00012326088
196974107.0 0.0 1808.8485981050976 0 0.001492472
331315758.0 0.0 1794.3066174156436 2 6.7613854e-08
424806376.0 0.0 1805.3064618247372 0 4.6539506e-05
250707320.0 1.0 1797.1404618447004 1 1.0
283345494.0 1.0 1798.3687536444347 1 1.0
241075508.0 1.0 1811.3068619302544 1 0.9999982
366782088.0 0.0 1793.32545030463 0 1.2305656e-11
418034045.0 1.0 1796.0159732721092 1 1.0
427768985.0 0.0 1793.4094979144802 0 1.1479024e-10
238801324.0 0.0 1796.6409170556008 0 0.00011960452
288636477.0 0.0 1805.2410955671546 0 7.383866e-09
398210443.0 0.0 1797.8477203566604 0 7.7214475e-09
416096872.0 1.0 1811.557668101185 1 0.9999896
381732453.0 1.0 1794.3909953012658 1 0.9999934
250798686.0 0.0 1800.1822127635721 0 8.468066e-09
116403299.0 1.0 1793.4113134191603 1 0.99996924
445537735.0 1.0 1794.07762447144 1 0.9999923
104151375.0 1.0 1797.8280902149188 1 0.9999994
415963236.0 1.0 1810.2238987288656 1 1.0
137960769.0 1.0 1796.0162212275352 1 1.0
233057220.0 1.0 1811.531196253557 1 1.0
348235541.0 1.0 1799.765268421447 1 0.999993
54213390.0 1.0 1810.4102619893313 1 0.99999946
26439582.0 0.0 1805.4746585085895 0 0.001448243
445288673.0 1.0 1795.7021720287844 1 1.0
372275195.0 1.0 1797.6818900011026 1 1.0
319916989.0 0.0 1809.1601843865385 0 4.990601e-05
219797699.0 1.0 1799.197812091015 1 0.9999999
396006259.0 1.0 1797.6178383869126 1 0.9999995
10962838.0 1.0 1798.952371176981 1 0.9983816
367360176.0 1.0 1797.575564250283 1 0.99879897
445506790.0 1.0 1811.2857411338734 1 0.9999997
412887931.0 1.0 1800.0545366098656 1 0.99999976
198413518.0 0.0 1797.9679992756546 0 0.00059794146
269235068.0 0.0 1812.3676092135574 0 6.441357e-07
265007029.0 0.0 1805.2026294617765 0 1.4402448e-05
200921621.0 0.0 1805.3079411565825 3 1.6970699e-09
278922816.0 0.0 1805.3686154306126 0 8.811745e-05
272426464.0 0.0 1808.8470814870257 0 9.618933e-05
301906843.0 1.0 1793.5780455066556 1 0.99999875
219796423.0 1.0 1811.3439363856069 1 1.0
233079659.0 0.0 1807.2606662249275 3 1.3452854e-11
366073468.0 1.0 1799.88865247959 1 0.99999607
299438729.0 1.0 1796.640474762052 1 0.999999
302386390.0 1.0 1796.015473440997 1 0.999986
353026030.0 1.0 1797.5352468876474 1 1.0
427110409.0 1.0 1799.5125371570036 1 0.99999994
256349356.0 1.0 1805.5541900360188 1 0.99997216
316850474.0 0.0 1794.6193384949408 2 2.4534493e-05
275636326.0 1.0 1797.8685410328017 1 0.99999744
12901320.0 1.0 1794.9106646654104 1 0.9999999
396442760.0 1.0 1811.1379871682627 1 1.0
186912006.0 1.0 1793.4952855697154 1 0.99999774
137082590.0 0.0 1812.347435278351 0 4.76553e-07
376544321.0 1.0 1796.0965965534624 1 0.9999991
275694120.0 1.0 1798.3028843209713 1 1.0
402810602.0 1.0 1795.8476042080117 1 1.0
137886081.0 1.0 1798.9538864423287 1 0.99998564
415834582.0 1.0 1794.9114226671197 1 0.9999998
116015207.0 1.0 1795.7863890904212 1 0.9999989
49731716.0 0.0 1808.9108908835585 0 0.0004509769
229976071.0 1.0 1799.386098892048 1 0.9999992
235676373.0 0.0 1808.8659106009388 0 5.9403043e-05
241023969.0 0.0 1812.3482854372921 0 4.186381e-05
400341172.0 1.0 1810.2429770393587 1 0.9999934
348135324.0 0.0 1805.2235595926686 0 7.7913155e-06
353077789.0 0.0 1806.972603623951 3 4.3166097e-09
351390279.0 0.0 1796.909917712338 0 4.6786764e-07
366110508.0 1.0 1795.347684558611 1 0.9995253
337643686.0 0.0 1805.2005647274364 0 1.7224932e-06
241017747.0 0.0 1793.7860857617543 3 2.1677686e-27
282874128.0 0.0 1796.9099297415094 0 0.21620722
433139697.0 0.0 1805.49525140311 0 0.00040040092
250773561.0 0.0 1800.1404228475153 0 1.15381866e-07
444834252.0 1.0 1810.1605893902954 1 0.9999999
384919112.0 0.0 1812.3491915470863 0 0.00012052454
420024734.0 0.0 1812.7017747542836 0 1.4031043e-09
233048798.0 1.0 1798.052308960347 1 1.0
436842161.0 0.0 1809.037107499319 0 5.30927e-05
243286840.0 1.0 1811.1148913302502 1 0.9999695
198189928.0 0.0 1793.1764461261664 0 0.00027374932
283832839.0 1.0 1799.2642722031078 1 1.0
430327641.0 0.0 1793.1409058527674 0 0.00032031047
426085192.0 1.0 1797.1803061911958 1 0.99999976
400950668.0 0.0 1794.0991014635927 2 7.2820176e-06
332866260.0 1.0 1796.0565436806403 1 0.99999976
405491869.0 1.0 1793.495387804873 1 0.99999547
12559257.0 1.0 1799.1396587331901 1 0.9994429
348517267.0 1.0 1797.2861481945938 1 0.99999267
50850412.0 0.0 1808.9105560478515 0 0.00013359684
309054541.0 0.0 1796.6402230052224 0 2.4750266e-09
270824726.0 0.0 1795.368135377985 2 8.076552e-10
192558373.0 0.0 1805.2035425024974 0 0.00012560347
250823620.0 1.0 1806.2238035612204 1 0.9999999
352358226.0 1.0 1810.7850225564089 1 0.99999857
83615808.0 1.0 1795.5767780885672 1 1.0
238774934.0 1.0 1795.4534348924117 1 0.99999946
233534504.0 0.0 1797.969083237028 0 3.2718827e-07
285239772.0 1.0 1793.9529304462865 1 0.9999992
356894095.0 0.0 1808.8436088063418 0 0.00020671025
292269490.0 1.0 1795.3700410401016 1 0.99996203
431858847.0 1.0 1797.6199595572555 1 0.99996316
236784540.0 1.0 1811.489592907022 1 0.99999994
186938347.0 0.0 1796.6410135403019 0 9.035067e-05
10418223.0 0.0 1794.3477956344504 0 5.473877e-08
302147474.0 0.0 1812.4742406992705 0 0.00013853742
331724986.0 0.0 1793.305019210056 0 8.334493e-07
192295407.0 1.0 1805.745041157921 1 1.0
52424473.0 0.0 1809.3269674476426 0 0.007780515
394091225.0 1.0 1796.0120244526315 1 0.99995327
178046956.0 0.0 1810.1411120719401 2 0.0061429203
428015818.0 1.0 1811.3885611868832 1 0.99999994
415977699.0 0.0 1797.9532921981468 2 7.0448226e-07
279920905.0 1.0 1794.8673624167243 1 0.99996966
245477282.0 0.0 1805.223460271883 0 8.180341e-05
396572727.0 0.0 1809.2449932393615 0 0.00027979078
374615528.0 1.0 1806.2235695463226 1 0.9999984
232609354.0 1.0 1797.614641627276 1 0.9999999
12984480.0 0.0 1812.410727891486 0 0.00012644021
229497973.0 1.0 1798.9698331708612 1 0.9999971
352979549.0 0.0 1810.6996969402505 3 1.9887294e-38
252173759.0 0.0 1793.1397557864404 0 2.115505e-05
264294796.0 0.0 1808.9709673344587 0 3.315993e-07
275579776.0 1.0 1796.2850072975457 1 0.9999857
21162234.0 1.0 1797.2601025232989 1 0.99999994
284215241.0 0.0 1805.9725612939312 2 1.8593322e-13
258514303.0 0.0 1805.2203490243437 0 7.057114e-06
265147478.0 1.0 1797.012474806477 1 1.0
353380967.0 1.0 1796.9308902144937 1 0.9999998
269417075.0 1.0 1806.3052557249082 1 0.99998856
302776007.0 0.0 1797.3268277040747 2 2.6751663e-17
113801184.0 1.0 1810.2872569528647 1 1.0
237080213.0 0.0 1812.907542348348 0 0.00016053021
367419139.0 1.0 1798.3905834007885 1 1.0
279607090.0 1.0 1810.5757612548957 1 1.0
284717791.0 1.0 1797.1186941620913 1 1.0
285685590.0 0.0 1808.9314215230022 0 8.890424e-05
378292347.0 1.0 1797.5557563827874 1 1.0
385041366.0 1.0 1796.89070355442 1 0.9999999
240820973.0 1.0 1806.1815383066628 1 0.9999872
232674183.0 1.0 1796.8857399827525 1 0.9999795
398157908.0 0.0 1797.8475078952813 0 5.1508737e-06
236776985.0 1.0 1797.8232253606657 1 0.9999973
379370837.0 1.0 1794.951610917723 1 1.0
259037524.0 1.0 1794.0740297951997 1 1.0
65695091.0 0.0 1808.9535362757783 0 0.00014745131
129913061.0 0.0 1805.390987983907 3 1.41692535e-05
375985511.0 0.0 1808.8671224475145 0 1.1057323e-07
52702113.0 1.0 1793.4730332988404 1 0.9999965
282881417.0 1.0 1810.8054813258698 1 0.9997982
341813855.0 1.0 1806.1558291279507 1 1.0
21189397.0 0.0 1812.4680857650396 0 5.5489236e-06
331552874.0 0.0 1805.241959020965 0 1.2315958e-12
396573154.0 1.0 1810.390827989759 1 1.0
427872227.0 1.0 1796.0968734591136 1 1.0
34647018.0 1.0 1794.9122284915052 1 1.0
375782459.0 1.0 1811.4087214595381 1 0.9999998
237197619.0 1.0 1794.178461594273 1 0.83796155
389536476.0 0.0 1809.2021015017356 0 0.000392577
377031464.0 0.0 1805.221561157594 0 1.5064083e-07
374479643.0 1.0 1810.265044206078 1 0.99999416
117753504.0 1.0 1810.9115409477613 1 1.0
199682593.0 0.0 1808.8432107643882 0 0.001367189
236765799.0 1.0 1797.7402697192865 1 1.0
251354499.0 1.0 1806.3070632945257 1 0.99996454
420176519.0 0.0 1812.366133639714 0 2.3267146e-12
359126965.0 0.0 1805.2014397085961 0 1.7476505e-06
456130400.0 0.0 1796.8492615575087 3 8.5918604e-20
374041661.0 0.0 1808.9107465053073 0 6.74338e-07
403117827.0 0.0 1808.8868112131984 0 5.7373234e-10
28834478.0 0.0 1805.4747838645362 0 0.00014778068
237294767.0 1.0 1799.7204994768003 1 0.9999987
34977164.0 1.0 1795.4538797552477 1 0.9999979
403740880.0 1.0 1797.2028164099308 1 0.9999976
428257299.0 0.0 1793.7028638311256 3 9.500405e-24
198388252.0 0.0 1798.3638879057708 3 1.9003508e-26
354746123.0 1.0 1797.972745733852 1 0.99999994
445108078.0 0.0 1793.1396286981526 0 3.318947e-12
365944938.0 0.0 1805.242739812304 0 1.2451745e-09
319851927.0 0.0 1809.2017521092023 0 1.2186446e-05
240912683.0 0.0 1793.1401604236105 0 8.4358645e-11
332148984.0 1.0 1810.952330553199 1 1.0
129819081.0 1.0 1793.2035312425478 1 0.9999999
54206670.0 1.0 1799.6604731612167 1 0.9999633
307206821.0 1.0 1811.2855454995565 1 0.99999994
387676018.0 0.0 1795.5331717031113 2 1.9592511e-10
236996885.0 1.0 1795.5328125435187 1 0.9999961
117619327.0 0.0 1812.453286267957 0 0.00046518492
455954904.0 1.0 1796.3258772787574 1 0.99999976
445240803.0 0.0 1796.7023569638347 0 3.2854405e-05
354400632.0 1.0 1796.2864139442881 1 1.0
357516853.0 0.0 1797.2613679383446 2 2.332827e-10
286010581.0 1.0 1811.4107330138306 1 0.99993354
284429312.0 1.0 1806.410126709355 1 0.99999964
233724679.0 1.0 1797.9064368814584 1 0.99998814
288629022.0 0.0 1805.3076822218231 0 3.242864e-06
288501292.0 0.0 1809.265744119524 0 8.816489e-07
312678960.0 1.0 1798.8065568808715 1 0.9999998
207493891.0 1.0 1805.2597720659403 1 1.0
427447728.0 1.0 1811.2839924267337 1 0.99999857
369281625.0 1.0 1811.2644617890976 1 1.0
453253534.0 0.0 1812.6605835215946 0 1.3801087e-12
452972873.0 1.0 1797.7854041625135 1 0.99999994
265349418.0 1.0 1810.9301660826316 1 1.0
366113979.0 1.0 1797.0352313083567 1 0.99999994
453307914.0 1.0 1810.8689690639403 1 0.99999994
370351780.0 1.0 1798.0775591059949 1 0.9999946
399740110.0 0.0 1808.846952905653 0 0.00025148565
249879726.0 1.0 1795.8072158419627 1 0.9999979
373791072.0 1.0 1810.6397524499694 1 0.9999999
85596002.0 1.0 1796.9329665622413 1 0.99999994
191701812.0 0.0 1805.244474104422 0 5.5346292e-05
250505824.0 1.0 1811.3902531607516 1 0.99999684
289046284.0 1.0 1799.5347918229734 1 0.9999953
219743922.0 1.0 1794.634732643255 1 0.9999999
436848567.0 1.0 1793.4331139833762 1 0.9999843
301105242.0 0.0 1805.2030942805936 0 3.434328e-05
366870031.0 0.0 1799.5337934528188 2 1.6531511e-12
285181196.0 0.0 1797.4329056964455 3 1.4669281e-06
65749500.0 1.0 1793.20304594409 1 0.9999846
233079659.0 0.0 1805.8023379191286 3 3.2876592e-08
327369121.0 1.0 1796.264374696579 1 0.9999929
302312584.0 0.0 1795.5364503071908 2 0.0001780503
202839485.0 0.0 1810.9741010147814 3 1.5709851e-05
326819151.0 1.0 1794.7225393785707 1 0.9999993
250867760.0 0.0 1796.4738629270282 2 2.4130117e-07
269913100.0 0.0 1800.141382047223 0 4.4694127e-07
241135571.0 0.0 1795.2447420900303 2 4.5690944e-09
302472923.0 1.0 1806.2447993065684 1 0.99982923
387703234.0 1.0 1798.720706572562 1 0.99999976
343268523.0 1.0 1805.345270724257 1 0.9999971
453309323.0 1.0 1795.4523601416247 1 1.0
376869780.0 1.0 1796.3867252735963 1 0.99999994
67571745.0 0.0 1805.203529126036 0 0.00020591589
359249364.0 1.0 1796.9726051663122 1 0.9999973
186744508.0 1.0 1805.4953151829668 1 1.0
285684687.0 1.0 1796.181358571468 1 0.999785
192933252.0 1.0 1806.1409308363113 1 0.99999905
21025654.0 0.0 1796.6413427976581 0 0.00023672351
406899460.0 0.0 1808.8681246523713 0 3.736947e-05
445236019.0 0.0 1809.1812388439405 0 4.8039055e-06
258829795.0 1.0 1800.2613660429329 1 1.0
28783316.0 1.0 1810.2447892973337 1 0.99993324
63677137.0 1.0 1811.4117233808677 1 0.9999763
445546957.0 1.0 1799.2024490821418 1 0.99999994
366557275.0 1.0 1794.908717212037 1 0.9999579
445115898.0 1.0 1793.9523108176495 1 1.0
427111160.0 1.0 1795.5334420903446 1 0.9999958
444621957.0 1.0 1799.389739365259 1 0.99999976
428114036.0 0.0 1811.244773368784 2 0.0001560941
302089301.0 1.0 1806.3074412443068 1 0.999986
411577210.0 1.0 1798.179531286836 1 0.9999987
427111429.0 0.0 1808.8665232565681 0 3.784967e-05
238823660.0 1.0 1793.786563932516 1 0.9622996
390399845.0 1.0 1799.8692100640292 1 0.9999988
428734864.0 1.0 1798.78452861164 1 1.0
256796553.0 1.0 1797.615842986616 1 1.0
264309188.0 0.0 1809.0126280432091 0 3.883585e-05
20805612.0 0.0 1808.9533613124086 0 0.00019328394
426141725.0 1.0 1799.2844053498218 1 0.991614
406968910.0 1.0 1810.6182273713082 1 1.0
322389686.0 1.0 1798.2419474539447 1 1.0
322439942.0 0.0 1805.2418997007521 0 2.501589e-10
420901037.0 1.0 1806.3847498660853 1 0.99669284
399018929.0 0.0 1809.2023789004932 0 0.0032378573
371470493.0 0.0 1808.8497209170432 0 0.0005596965
117037138.0 0.0 1796.827938697773 0 1.3817424e-07
271652234.0 0.0 1805.2012866193484 0 2.3104568e-13
326734970.0 1.0 1796.5974326009768 1 0.9999979
378290764.0 0.0 1796.9099155851577 0 4.3107207e-07
312145776.0 1.0 1797.8481359868497 1 1.0
249892509.0 1.0 1795.661227412349 1 1.0
431806899.0 0.0 1800.1408372293483 0 1.6462235e-07
233720276.0 0.0 1796.448256915905 3 9.584008e-33
346021008.0 0.0 1812.348481853297 0 0.0003888759
240783211.0 1.0 1797.1815879981843 1 0.99965894
400337114.0 1.0 1810.1596244246311 1 0.999999
237282061.0 1.0 1793.2412832903228 1 0.9942714
428382801.0 0.0 1805.2432609252596 0 7.323662e-07
272039438.0 1.0 1798.5765195124986 1 0.99999946
332571288.0 1.0 1799.3900253108231 1 0.99999946
251621547.0 0.0 1796.411186914 2 2.4411418e-06
308221746.0 0.0 1812.3691750312382 0 9.180793e-06
229776076.0 0.0 1801.3030398092483 3 1.2157892e-21
351777072.0 1.0 1795.2847926746465 1 0.99999195
178082795.0 0.0 1808.911965626257 0 0.000341581
427474084.0 0.0 1793.4093377736722 0 9.824669e-08
256615590.0 0.0 1808.8657265560266 0 9.922756e-06
420843864.0 1.0 1794.6186476970513 1 0.9999995
81917019.0 0.0 1808.9315716724375 0 0.0004734861
368503100.0 1.0 1805.7428587429692 1 0.99989444
321600323.0 1.0 1798.1365131391344 1 0.9999966
292609933.0 1.0 1805.2447988252206 1 0.99999994
229584652.0 1.0 1806.094750792941 1 1.0
252817583.0 1.0 1797.161232699387 1 0.9999979
390892820.0 1.0 1796.3482591563834 1 0.99999976
284892548.0 1.0 1810.364150121623 1 0.99996096
301338003.0 0.0 1810.5571574187334 2 3.374959e-11
331852758.0 1.0 1793.535693028522 1 0.99999404
301099660.0 1.0 1794.348842743233 1 0.9998638
241078868.0 0.0 1800.72377784861 3 3.4260264e-27
419531065.0 0.0 1805.5559756030914 0 1.463393e-06
230011931.0 0.0 1808.8652552680812 0 4.058742e-05
237100372.0 0.0 1805.1980175392785 0 2.0898912e-07
354836444.0 0.0 1812.472951487597 0 9.147455e-05
10605393.0 0.0 1797.8481203243905 0 8.542922e-05
198354443.0 0.0 1798.8013333553436 3 7.5097145e-22
378983937.0 1.0 1796.660008659274 1 1.0
65358461.0 1.0 1805.3909783338818 1 0.9999685
84157522.0 1.0 1793.3685106740743 1 0.9999997
376772625.0 0.0 1796.4091317842385 2 9.179695e-10
240931090.0 1.0 1799.8693028503637 1 0.9999348
369140957.0 1.0 1805.368265075683 1 0.99999636
375980588.0 0.0 1800.3255980976294 0 6.619981e-08
321594823.0 1.0 1800.679203080354 1 0.9999952
285336868.0 1.0 1797.7018834999965 1 1.0
445287089.0 0.0 1808.1395300816923 3 7.435252e-24
138021852.0 1.0 1810.7871423268255 1 0.9999994
28778281.0 0.0 1809.2031043102388 0 0.00016283669
359497385.0 0.0 1794.4063606170155 0 7.712972e-06
229676244.0 0.0 1800.761401093836 3 3.1998851e-18
319911472.0 1.0 1793.7436952327862 1 1.0
203096879.0 1.0 1810.4115787238804 1 1.0
427652649.0 1.0 1796.6591954145115 1 0.9999975
395523334.0 1.0 1794.7220134389595 1 0.9999999
372071148.0 1.0 1810.2835648886548 1 0.9999987
65203189.0 1.0 1797.1199348890516 1 0.999986
229676244.0 0.0 1802.032255351884 3 4.587039e-16
400438109.0 0.0 1805.5149121476456 0 1.51347e-06
230394266.0 1.0 1798.094590187059 1 0.9993965
367420473.0 0.0 1812.3878142745336 0 4.1047443e-08
331363487.0 1.0 1798.4300185985976 1 1.0
11437325.0 0.0 1808.0149173099385 3 1.1401522e-13
327005888.0 0.0 1812.6806970397977 0 1.90402e-06
192418828.0 0.0 1808.9325269970193 0 0.00029931054
252201292.0 1.0 1811.1187211392219 1 0.99999833
270437677.0 0.0 1805.4302938801316 2 2.2461892e-14
375985511.0 0.0 1805.2213342823648 0 6.3652136e-05
379084220.0 0.0 1812.3472357841881 0 1.44302885e-05
269107060.0 1.0 1798.9303741548556 1 0.99999934
192836247.0 0.0 1812.432513868644 0 8.068054e-05
428545533.0 1.0 1797.5144280078057 1 0.9999109
250798668.0 1.0 1798.1822113594092 1 0.99999505
353874075.0 0.0 1794.40611584106 0 4.187538e-09
275466698.0 1.0 1799.410418305043 1 1.0
441715063.0 1.0 1795.4902678629912 1 1.0
184684618.0 1.0 1793.9327723238973 1 1.0
332812443.0 1.0 1799.3064488503987 1 0.9999999
230088998.0 1.0 1805.635664628076 1 1.0
431759813.0 1.0 1806.1200955824957 1 0.9999472
320272378.0 0.0 1809.2019118971627 0 0.00073050306
63560111.0 1.0 1811.432525511514 1 0.99999946
407423951.0 0.0 1812.367756951305 0 5.4736677e-07
292056732.0 1.0 1810.2239731335746 1 0.99999976
245664558.0 0.0 1808.8485568869598 0 2.1490767e-05
445224373.0 0.0 1810.8685463993322 2 2.8380957e-14
407319154.0 0.0 1793.305444925718 0 1.5856886e-09
251650602.0 1.0 1793.9316844349319 1 0.9999998
366557556.0 0.0 1797.2212207669868 3 2.5748948e-22
229435005.0 0.0 1805.2405407220665 0 2.932074e-08
256925930.0 1.0 1793.9493181839687 1 1.0
327606431.0 0.0 1812.369527040933 0 0.00021403075
50121533.0 1.0 1795.681499008392 1 0.9999941
288853174.0 0.0 1805.2644614907442 0 1.7304345e-05
241041295.0 0.0 1805.2442142192274 0 1.3662114e-07
337464262.0 0.0 1796.3048914806866 2 1.1224081e-19
399357353.0 1.0 1795.3273277475712 1 0.99999994
347496529.0 0.0 1812.4950007867835 0 0.00051428337
427769436.0 0.0 1812.3467702633527 0 3.5288675e-11
329083941.0 1.0 1796.3250160954292 1 0.9999998
289537652.0 1.0 1811.1976819309314 1 0.9999998
428302704.0 1.0 1795.390482747269 1 0.9998578
245553108.0 1.0 1796.6402127513945 1 1.0
433501542.0 1.0 1798.49526495944 1 0.99997824
160618937.0 0.0 1812.3448565973683 0 2.3925586e-09
250830123.0 0.0 1808.8697274230774 0 3.349042e-07
285758739.0 0.0 1795.723807817314 2 5.9371597e-15
186664686.0 0.0 1796.6410048797031 0 0.00013165789
327011233.0 1.0 1805.369606618407 1 0.9999997
245557201.0 0.0 1805.2445311482295 0 1.5822595e-06
26533207.0 0.0 1811.1622143308266 3 0.014567245
389960954.0 1.0 1797.2810791647125 1 0.9978214
160617954.0 1.0 1796.5942243900327 1 1.0
54214324.0 0.0 1794.4311381018795 2 6.367326e-14
301470886.0 0.0 1808.8488889394953 0 4.2698583e-05
377507360.0 1.0 1795.2842205617364 1 0.9999931
309057291.0 0.0 1812.3900902488454 0 2.1919458e-12
28909025.0 1.0 1795.6413684023016 1 0.9999991
272540534.0 1.0 1798.2223943059669 1 1.0
139378835.0 0.0 1798.7661944825797 3 1.5002441e-05
323301167.0 0.0 1808.887818140242 0 2.2097952e-08
104025123.0 0.0 1808.8488330708396 0 2.8190816e-06
28911691.0 0.0 1809.2248014453237 0 0.00015345117
250836660.0 1.0 1799.4737506887634 1 0.99999976
137124346.0 1.0 1811.4307701544378 1 1.0
238751280.0 1.0 1797.28679734734 1 0.99999756
316631586.0 1.0 1794.1193561425964 1 0.9999958
241031803.0 0.0 1808.8900322558181 0 1.1779134e-06
263969621.0 1.0 1795.2203552198957 1 0.9999986
376891085.0 0.0 1811.0547425888067 3 1.3096066e-13
287086599.0 0.0 1808.8440011877951 0 0.00014085864
51029712.0 0.0 1808.9106998821312 0 0.00015102264
377192659.0 0.0 1795.5108335712623 3 2.9812014e-24
367682548.0 1.0 1796.7195304221605 1 0.9999574
428071828.0 0.0 1812.3488681355436 0 7.8025e-06
196947858.0 0.0 1812.3484002554164 0 4.894499e-05
285390072.0 1.0 1799.1203776348295 1 0.9999999
366917987.0 0.0 1805.200485962594 0 1.2332964e-05
83618308.0 0.0 1809.1807498625326 0 5.5357115e-05
233074697.0 0.0 1805.1982450186229 0 1.8407627e-07
312061449.0 1.0 1797.5146087058447 1 0.99999744
313590737.0 0.0 1808.9262376628967 0 0.00092856353
356896561.0 0.0 1809.343226742652 3 1.0337697e-20
90568158.0 1.0 1799.328738044449 1 0.99995947
319601211.0 1.0 1797.076975268571 1 1.0
378924841.0 1.0 1799.0556418942801 1 0.999902
378981036.0 0.0 1798.7642418989426 2 4.799604e-14
241060447.0 0.0 1812.389922058638 0 4.7007e-05
426089741.0 1.0 1796.222085380619 1 0.99999535
285935937.0 0.0 1812.3699935946643 0 0.00011392961
372073838.0 0.0 1798.2212421050137 2 1.2137437e-07
13213572.0 1.0 1795.3052108508625 1 0.99999964
118300960.0 0.0 1812.4534820736305 0 0.001958201
355819250.0 1.0 1799.5362222823626 1 0.99994653
326198515.0 0.0 1798.1383120029266 2 1.8223403e-07
13100462.0 1.0 1797.680144364195 1 1.0
372335737.0 0.0 1812.3668711258802 0 2.6541838e-07
130156535.0 0.0 1809.1409438314206 0 0.0002667857
359676320.0 0.0 1807.2396570026033 3 2.0881805e-09
347768273.0 1.0 1810.140096436966 1 0.9999999
368021562.0 1.0 1805.5760667603774 1 1.0
341839687.0 0.0 1812.3432521423601 0 3.258432e-05
359441731.0 1.0 1797.389322542408 1 0.99999887
353613912.0 1.0 1799.6394233812905 1 1.0
390863585.0 1.0 1810.7024750434136 1 0.9999999
53802777.0 1.0 1796.7853970953947 1 1.0
354690272.0 0.0 1809.2018514162128 0 0.003442544
270929379.0 1.0 1806.2011592994893 1 0.9999999
288298418.0 1.0 1810.3036654563248 1 0.9999987
399198998.0 0.0 1812.3691328080126 0 0.000108204214
192292290.0 0.0 1812.432447436582 0 0.00028550052
233716661.0 1.0 1805.489889534943 1 0.9999991
233544096.0 1.0 1806.3651084056305 1 0.9999642
224605072.0 0.0 1793.6139713951177 3 4.995771e-25
378287390.0 1.0 1795.9932210204129 1 0.99999344
445105009.0 0.0 1809.2018663113943 0 0.0006394583
240828639.0 1.0 1805.4525236298848 1 0.9999987
354158535.0 1.0 1795.3486369642126 1 1.0
431925268.0 1.0 1810.4743650131784 1 0.9999999
101305399.0 0.0 1812.7662451108815 0 0.00014851625
240986235.0 1.0 1796.8901628536125 1 0.99999994
387238000.0 1.0 1794.5746878683658 1 0.99910873
427755261.0 1.0 1811.3259287717635 1 1.0
270815737.0 1.0 1810.3886333151304 1 1.0
376843726.0 0.0 1808.8464293203865 0 1.639611e-08
366760640.0 0.0 1808.8462202719174 0 3.9807244e-08
298780946.0 1.0 1811.0520213390735 1 0.9999914
301263784.0 1.0 1806.0781180651304 1 0.99999994
399513969.0 1.0 1805.5968252324471 1 1.0
83621645.0 1.0 1793.7851797198232 1 0.9999999
250923349.0 0.0 1796.827927336297 0 9.332891e-12
236002469.0 1.0 1805.9499015043932 1 0.9999999
50850448.0 0.0 1808.9105572559995 0 1.953367e-05
387269721.0 0.0 1793.137382382976 0 6.779245e-08
1981434198.0 0.0 1808.6164867896628 3 0.0
186938854.0 0.0 1812.6824057150386 0 4.4657273e-07
377098949.0 1.0 1798.1149156709341 1 0.99877405
233742162.0 0.0 1805.4897392820014 0 1.5603472e-07
84161715.0 1.0 1805.9100429211398 1 0.9999999
396235574.0 1.0 1800.1809350293365 1 1.0
53965082.0 0.0 1800.1396988490897 0 1.3031446e-07
346119364.0 1.0 1795.1190578739563 1 0.9999989
219112665.0 0.0 1794.1985291813319 0 3.4562493e-06
354923212.0 0.0 1805.2851564572275 0 0.0077857804
376846693.0 1.0 1798.6988112374406 1 0.9999992
233525703.0 0.0 1797.6775995832063 2 0.00049506925
423754720.0 0.0 1808.9316512613282 0 4.2101362e-07
116407896.0 1.0 1794.161186283771 1 1.0
403037785.0 0.0 1798.3700013489174 3 4.0333052e-27
292318847.0 0.0 1812.6406340884528 0 0.00025128573
445536159.0 1.0 1793.7859946980016 1 0.9999933
455961098.0 1.0 1810.9297131061458 1 1.0
249942013.0 0.0 1805.20309111196 0 7.338637e-07
356111525.0 0.0 1797.9682433434643 0 2.582878e-05
250767925.0 1.0 1794.8904174141912 1 0.9999999
332814610.0 1.0 1795.4106555065684 1 1.0
117803273.0 1.0 1795.0779947374012 1 0.9999998
396116177.0 0.0 1805.4931078427533 2 7.161095e-10
241085949.0 0.0 1805.2237067328435 0 1.6186697e-06
236767649.0 1.0 1797.0944413035886 1 0.9999919
307404493.0 0.0 1809.2659495781932 0 0.0013138214
237283383.0 0.0 1796.6370603743753 0 0.000111546455
388044512.0 1.0 1810.32471214994 1 0.9999971
327367977.0 0.0 1793.1394287425185 0 1.2312723e-11
452972049.0 1.0 1796.1604361867057 1 0.99990064
388606331.0 1.0 1795.7006024622335 1 0.9999998
229751802.0 0.0 1798.0113295723172 3 7.0054195e-26
279765124.0 1.0 1797.242662923007 1 0.9999999
241078252.0 1.0 1799.4320943495538 1 0.94574606
301907047.0 1.0 1798.869779867697 1 0.99997014
368512025.0 0.0 1808.8470702253767 0 8.2214365e-06
192472255.0 0.0 1793.1407510620622 0 0.0002349543
374475282.0 0.0 1805.5149961259497 0 0.00043183606
410467298.0 1.0 1796.1402785717382 1 0.9999727
312471759.0 1.0 1797.1606102342982 1 0.99999976
432046871.0 1.0 1794.4531596356 1 1.0
12489868.0 1.0 1796.4522393486966 1 0.99892443
384981905.0 1.0 1793.6616213021157 1 0.9999971
410739260.0 1.0 1796.0153970744 1 0.99999976
407052538.0 0.0 1812.388677772176 0 1.3170333e-05
332155506.0 0.0 1795.1398801733376 2 0.0073593194
348137592.0 1.0 1794.8276327359874 1 0.99986196
378292834.0 1.0 1805.3056231509768 1 0.99999595
198281228.0 1.0 1805.343415597649 1 0.99999964
268723328.0 0.0 1793.4094496612702 0 6.954141e-07
424388673.0 1.0 1795.6158461863472 1 1.0
319917991.0 1.0 1799.4729120497439 1 1.0
399085736.0 0.0 1797.3274203463532 2 8.0171754e-20
441718248.0 0.0 1796.177765020615 2 6.1986674e-09
73692255.0 0.0 1793.1412066882879 0 0.00017441125
236863134.0 1.0 1797.136832556493 1 1.0
360020323.0 1.0 1805.407682402469 1 0.9996298
117031206.0 0.0 1812.369793635751 0 7.45644e-05
444141999.0 1.0 1810.8278067105177 1 1.0
387675915.0 1.0 1795.2831714033098 1 0.99999696
323304279.0 0.0 1812.366923589861 0 9.252368e-09
137120621.0 1.0 1796.6388459549487 1 0.99999994
422659599.0 1.0 1796.325927746926 1 0.9999837
396323026.0 0.0 1805.3265160867688 0 3.7759075e-06
441794658.0 0.0 1795.9071275326896 2 9.622613e-08
436861165.0 0.0 1796.6414726933483 0 0.00029494587
373458528.0 0.0 1812.3677618576044 0 3.9089363e-09
192472979.0 1.0 1797.8699704757007 1 0.99999875
376997589.0 1.0 1798.4273667444006 1 0.9999846
101031996.0 1.0 1793.4745757872747 1 0.9999977
229711350.0 1.0 1806.3030671928868 1 1.0
194671339.0 1.0 1805.4744710418313 1 0.99999994
237100372.0 1.0 1795.8228455383532 1 0.9999994
445133704.0 0.0 1808.7437788215693 3 8.324154e-34
53799292.0 0.0 1809.2020322584083 0 3.5683672e-06
250921683.0 1.0 1798.3903864258564 1 0.99997663
389694410.0 1.0 1799.8477838639876 1 0.9999988
388602832.0 0.0 1803.9715294291693 3 1.3907761e-20
194560338.0 1.0 1794.2660434778609 1 0.99999934
317011115.0 0.0 1812.3460997940197 0 5.08988e-07
71851190.0 1.0 1793.619313855947 1 0.99999946
241085555.0 1.0 1806.327873832855 1 1.0
269697721.0 0.0 1794.9703208886272 3 7.4798074e-15
389764181.0 1.0 1793.5980536031695 1 1.0
219811169.0 1.0 1797.5728236018522 1 1.0
285787160.0 1.0 1798.1190766053028 1 1.0
259293097.0 0.0 1805.2450655954322 0 0.00028693065
368170935.0 0.0 1808.8886259519431 0 2.4453356e-11
407244881.0 1.0 1796.1182891186663 1 1.0
345916542.0 0.0 1812.3484763097772 0 0.00017111457
270553187.0 1.0 1799.4930501860729 1 0.9999992
354164960.0 0.0 1812.7001815377478 0 5.389197e-07
396611845.0 1.0 1806.0366202200819 1 0.99999994
368236561.0 0.0 1805.2220830241258 0 1.2416538e-07
229402514.0 0.0 1812.344278383168 0 3.363647e-08
445195302.0 1.0 1797.3480971338709 1 1.0
186742935.0 0.0 1796.641170830163 0 0.00012154687
245722819.0 1.0 1795.4108681749256 1 1.0
286323590.0 1.0 1811.202549279742 1 1.0
403584130.0 0.0 1806.3482956468038 2 2.1915696e-06
417453027.0 1.0 1799.3267015127167 1 0.99999946
236716189.0 0.0 1800.1765618376346 0 0.00014430484
200737304.0 0.0 1796.1202237871673 2 5.9884e-10
250868494.0 0.0 1809.3904579616867 0 1.0321928e-06
291840278.0 1.0 1794.8907116754272 1 0.9999993
199688409.0 0.0 1806.843014709616 3 1.0543493e-25
186600548.0 1.0 1795.7243773844357 1 0.9999987
219802073.0 1.0 1799.010349251334 1 1.0
286177742.0 1.0 1794.9121207369587 1 1.0
445444800.0 1.0 1810.7441879593453 1 0.9999925
237107014.0 1.0 1796.782414257015 1 0.99999964
333801796.0 1.0 1806.0331480932923 1 0.9930501
452940508.0 0.0 1809.201853610441 0 0.000749158
399270011.0 1.0 1797.1187038823277 1 0.9999383
198388252.0 0.0 1811.4055529381424 3 9.254513e-18
194560871.0 1.0 1805.8078723517706 1 0.9999927
184690920.0 1.0 1797.0993631986696 1 0.99999994
399894767.0 1.0 1811.5345802788877 1 0.99998283
178041134.0 1.0 1793.1828020791145 1 1.0
316328082.0 1.0 1796.5983085625287 1 0.9999998
264611276.0 0.0 1808.8484634892538 0 0.00012878566
418029110.0 1.0 1806.1824582789136 1 0.99986356
238654651.0 0.0 1800.1404162894917 0 2.1317826e-06
269664096.0 1.0 1805.636801022465 1 0.99999905
402746933.0 1.0 1798.22238520016 1 1.0
354548262.0 0.0 1808.8902596016335 0 0.00017122604
85399196.0 0.0 1793.1412806133794 0 0.0001155232
178138752.0 1.0 1811.4536567963366 1 1.0
229957565.0 1.0 1798.948607040376 1 0.99999994
236863134.0 0.0 1805.1991982470363 0 3.8474345e-11
374926086.0 0.0 1808.9525082889757 0 1.9797185e-19
352429460.0 0.0 1796.805639905926 0 7.471401e-06
445631556.0 0.0 1794.2651129200224 2 2.0175369e-08
192529148.0 1.0 1799.1200604766948 1 0.999973
354475200.0 0.0 1797.994742412818 2 8.227797e-05
230072260.0 1.0 1794.9481059905443 1 1.0
307276176.0 1.0 1805.9941238690155 1 0.9999912
229496251.0 0.0 1812.3652990970495 0 6.581368e-07
321546971.0 1.0 1800.137513162298 1 1.0
444823902.0 1.0 1796.2437633560971 1 1.0
387881331.0 0.0 1808.8455309534986 0 5.9577713e-05
306563210.0 0.0 1812.7021441532022 0 1.43564e-06
12746179.0 0.0 1805.264680690916 0 1.1725336e-06
285441617.0 0.0 1805.5559911421394 0 7.581571e-05
376290730.0 1.0 1810.8463220866884 1 0.99999934
435676733.0 1.0 1810.7842468998763 1 0.9999588
424572623.0 0.0 1798.848228369271 2 2.8594527e-12
271533663.0 0.0 1812.3468872708622 0 2.2943323e-05
13840107.0 0.0 1809.1190260693752 3 0.0012456884
292196880.0 1.0 1798.265687781359 1 0.99997336
375913362.0 1.0 1796.1589884308953 1 0.9999995
184737137.0 0.0 1794.8076271125092 2 5.8120293e-11
353173655.0 0.0 1808.9101491991396 0 0.0008429479
317512600.0 0.0 1799.7842223340351 2 4.3077838e-13
250742323.0 1.0 1811.4945815538972 1 0.9999825
356871176.0 1.0 1810.3026207539035 1 0.99998295
65201898.0 1.0 1797.7449923437277 1 0.99999934
395944878.0 0.0 1805.2012893923593 0 1.7338389e-05
387405003.0 0.0 1805.1995744038836 0 8.726242e-10
312680360.0 0.0 1805.535572313594 0 9.829454e-05
272759634.0 1.0 1794.2393029123348 1 0.99999046
272729780.0 1.0 1795.1597792849896 1 0.9999961
416089396.0 0.0 1812.3908496994738 0 0.0001883336
237103757.0 1.0 1797.0732585228188 1 0.99999964
288627881.0 1.0 1799.0159545041693 1 1.0
236771139.0 1.0 1811.3862676640995 1 1.0
67571745.0 1.0 1795.8701679555159 1 1.0
428551226.0 0.0 1811.4930226884678 2 1.221814e-11
83145296.0 1.0 1806.180659986637 1 0.9999951
372116276.0 1.0 1805.286038956473 1 0.9998727
326725721.0 0.0 1795.055665804423 2 1.3923154e-09
285544398.0 1.0 1794.1395523632143 1 1.0
46534668.0 1.0 1793.4538097157613 1 1.0
229446550.0 1.0 1798.0738012495183 1 0.9999859
396527515.0 1.0 1795.1388560868106 1 0.9999978
12911827.0 1.0 1797.3271977484624 1 0.99999946
346720712.0 1.0 1805.9538688778885 1 0.99998736
198354443.0 0.0 1793.1138413231138 3 7.3224384e-16
83423764.0 0.0 1793.4099274457071 0 0.00014641091
233500987.0 1.0 1810.1364707038801 1 0.99999994
292004228.0 1.0 1794.849165988808 1 0.9999755
373147253.0 1.0 1796.4924724610091 1 1.0
117521729.0 1.0 1796.348878478288 1 1.0
302690254.0 0.0 1805.2646244706777 0 5.732905e-06
428740772.0 1.0 1810.763443656995 1 0.9999596
54998005.0 0.0 1805.8896860017455 2 1.3429763e-10
385593571.0 1.0 1796.8704206910056 1 0.99999994
139353786.0 0.0 1796.6410865689545 0 0.0002677326
252865941.0 0.0 1812.390751551133 0 0.00037290336
346596467.0 1.0 1794.1828803139827 1 0.9999986
417750404.0 0.0 1800.4093068294108 0 2.8814054e-07
376926539.0 1.0 1798.3858099739825 1 1.0
250767874.0 0.0 1812.3695006367977 0 1.14594e-06
50049420.0 0.0 1805.2647527678066 0 0.0009584097
67572159.0 1.0 1810.3493354145933 1 0.9999998
297772608.0 1.0 1795.1602588655549 1 1.0
403828870.0 1.0 1796.9104634252612 1 1.0
444364634.0 1.0 1810.1806766010036 1 0.9999806
356822124.0 1.0 1806.0117381146174 1 0.99999774
308715881.0 1.0 1805.286108870368 1 0.9164839
452942790.0 1.0 1811.1601664925008 1 1.0
288538041.0 1.0 1798.8491782760957 1 1.0
374394150.0 1.0 1811.494009394295 1 0.99996436
397981275.0 0.0 1808.9309209437392 0 1.847142e-08
229458009.0 1.0 1796.4697847229154 1 0.9999998
192248748.0 1.0 1794.76575663338 1 0.99997765
192320467.0 0.0 1812.4741263187598 0 0.00026750908
233055967.0 1.0 1811.1769695887876 1 0.99999934
251764767.0 0.0 1805.2028329016193 0 0.0070484206
67997050.0 0.0 1805.3491799658973 0 4.2553447e-06
187030106.0 1.0 1798.2452150236559 1 0.9999882
268728683.0 1.0 1794.9094532009647 1 0.99999994
13458777.0 1.0 1796.0978900126638 1 0.99999976
28764217.0 1.0 1810.515610527218 1 1.0
279845407.0 1.0 1795.9315604135445 1 1.0
240945140.0 0.0 1812.3898833081114 0 4.331322e-05
392567622.0 1.0 1797.8020962122946 1 0.88491493
275480108.0 1.0 1796.3685835832896 1 0.999904
349382069.0 0.0 1796.6411717213407 0 0.00030501027
420135110.0 1.0 1796.2619511119983 1 1.0
292322941.0 1.0 1796.9532084208647 1 0.9969207
12734150.0 1.0 1794.7856882939784 1 0.9999999
370210441.0 0.0 1812.6606271873895 0 0.00022006247
420454088.0 0.0 1805.201520304251 0 8.641572e-06
431869317.0 1.0 1798.6200216232771 1 1.0
65747556.0 1.0 1794.9739961656721 1 0.99999434
420656138.0 1.0 1806.179952977793 1 0.99999845
82010228.0 0.0 1808.8485026021726 0 3.4826892e-06
317839085.0 1.0 1796.1175842419673 1 1.0
259293097.0 1.0 1798.59921241447 1 0.9999999
367681735.0 0.0 1805.219390005495 3 2.9741693e-17
400407141.0 1.0 1806.1363009831582 1 0.9999999
400436443.0 1.0 1797.4315725610406 1 0.9999886
403114692.0 1.0 1810.803596180525 1 1.0
139460937.0 0.0 1811.265935135635 3 4.381489e-06
316042154.0 1.0 1795.2442441867677 1 0.99999946
81681666.0 1.0 1795.9731336009904 1 0.9999996
67635034.0 1.0 1793.6409927497443 1 0.9999819
104066414.0 1.0 1798.2239530046234 1 0.99880767
403398683.0 0.0 1795.9527093129711 2 1.4504821e-09
433977629.0 0.0 1806.1382317993164 3 6.0768246e-21
283251438.0 1.0 1793.4310230245355 1 0.99997216
53800463.0 0.0 1796.6396086014497 0 0.00035634896
389692960.0 1.0 1795.7019335549069 1 0.9999976
356891048.0 1.0 1800.176634916467 1 0.99999994
427923532.0 1.0 1794.826155264318 1 0.99999917
357678363.0 1.0 1798.5561837783282 1 0.9999998
332869290.0 0.0 1812.6605916303854 0 0.00026362334
400543724.0 0.0 1797.5151233265433 2 2.2946749e-07
305796898.0 0.0 1793.325011021699 0 3.0603232e-08
315830189.0 1.0 1793.431835927932 1 1.0
444413797.0 0.0 1793.139287942388 0 1.7111969e-08
240984073.0 1.0 1811.119141068637 1 0.9999995
366198106.0 1.0 1805.9933900142696 1 1.0
237228216.0 1.0 1806.1161553673016 1 1.0
427802476.0 0.0 1805.45098460858 2 4.238786e-11
251102489.0 0.0 1796.8900537151055 0 3.748339e-06
420455609.0 1.0 1796.2004072845423 1 0.999995
331791784.0 1.0 1795.846515907479 1 0.9999853
235933200.0 0.0 1799.4913421768633 2 4.0139807e-06
368241492.0 1.0 1810.867765528643 1 0.9999992
331214194.0 1.0 1811.264780178452 1 1.0
21174782.0 0.0 1796.6413791810012 0 0.00029603048
233151393.0 0.0 1794.406520254498 0 0.00013566896
322338950.0 0.0 1808.8901957606627 0 3.8276195e-07
274806124.0 1.0 1805.9928754867235 1 0.9999716
83723784.0 0.0 1812.347262661577 0 9.246929e-10
428774625.0 1.0 1798.2217922403715 1 0.99997944
258799330.0 0.0 1796.9072884168008 0 0.00015085423
256099482.0 1.0 1795.1603896112417 1 0.9999999
198239774.0 1.0 1799.3222860959681 1 0.99999976
409526842.0 0.0 1808.8697992534771 0 1.6351518e-05
335798015.0 0.0 1805.2212391860057 0 5.131523e-07
22952374.0 0.0 1809.1831430409486 0 0.00013172282
370600386.0 1.0 1811.369221832427 1 0.9999981
379246213.0 1.0 1810.8059028849516 1 0.9999941
237115623.0 0.0 1805.385253330639 0 9.392319e-07
418204425.0 1.0 1810.9098130426294 1 0.9999986
272627433.0 0.0 1805.2013438965937 0 1.3637562e-07
245756548.0 0.0 1805.2028264831001 0 3.0700612e-05
235929979.0 1.0 1811.095440322677 1 1.0
12324179.0 1.0 1811.2438136013443 1 0.9998958
245508690.0 1.0 1806.3903918294277 1 0.99991304
165528054.0 0.0 1805.218029517492 0 0.00030571307
20806948.0 1.0 1799.349150365178 1 0.9999815
11058088.0 1.0 1795.0145036357812 1 0.99985933
368736057.0 1.0 1805.8888663036437 1 0.99999475
270553130.0 1.0 1798.4513992198058 1 1.0
369246625.0 1.0 1797.7851607117116 1 1.0
199525869.0 0.0 1793.1764389480961 0 9.176198e-05
368030059.0 1.0 1799.3887699081642 1 0.99999833
370696018.0 1.0 1794.3066208607684 1 1.0
301741193.0 0.0 1793.5156300156114 3 6.687407e-08
274802651.0 1.0 1794.450946461096 1 0.99999976
367859105.0 0.0 1805.2008592872025 0 9.44087e-08
258351752.0 1.0 1795.199276183899 1 0.9995758
299435282.0 0.0 1812.3902923425442 0 1.5412306e-07
301837299.0 1.0 1811.2029269587679 1 0.99999636
323060389.0 1.0 1795.700068741272 1 1.0
377034691.0 1.0 1797.2841594764877 1 0.9999998
403401444.0 1.0 1793.3067859996263 1 0.9999998
249858782.0 0.0 1798.202948207001 2 4.780874e-14
230021635.0 1.0 1798.8029812133095 1 0.99998945
405327387.0 1.0 1797.7001906984856 1 0.99995077
258748157.0 1.0 1798.763910918372 1 0.9999993
299443090.0 0.0 1800.8278639387988 3 7.374076e-15
286576659.0 1.0 1810.848352035346 1 0.9999953
326810027.0 1.0 1793.786423189355 1 0.9999999
456130400.0 0.0 1801.7868436937745 3 7.386048e-13
250829566.0 1.0 1798.765652777131 1 0.9999958
312059799.0 1.0 1811.4518299930062 1 0.99999154
359040365.0 0.0 1793.4099510825436 0 2.2093704e-11
366517337.0 0.0 1796.5538607571139 3 1.799697e-33
359126726.0 1.0 1805.2639309531953 1 0.99999946
229949813.0 0.0 1796.906948414589 0 6.5455715e-05
424461639.0 1.0 1805.4272780216584 1 0.9999858
441737846.0 0.0 1805.198966719764 0 1.7286497e-07
249948419.0 0.0 1793.3280646415249 0 1.0301606e-11
343621916.0 0.0 1793.4080584519872 2 3.997184e-06
117663295.0 1.0 1805.661587123845 1 0.9999995
278998415.0 1.0 1797.2432675200284 1 1.0
13699668.0 1.0 1799.1813252884742 1 0.999999
337465539.0 1.0 1806.3880166999331 1 0.9999999
184739277.0 0.0 1800.3702407898334 3 0.0
250742831.0 0.0 1796.411365862933 2 2.019291e-07
229676244.0 0.0 1799.0738729713294 3 0.00026978558
377307381.0 1.0 1793.4901672847882 1 1.0
400675298.0 0.0 1797.84797751199 0 1.8744512e-07
315732136.0 1.0 1796.0983221503109 1 0.99999833
356701213.0 0.0 1808.8651697258251 0 4.2620875e-05
250934637.0 0.0 1812.369759520335 0 2.0134214e-10
366977977.0 0.0 1796.8255624484002 0 3.1748463e-05
445231306.0 1.0 1810.326962194315 1 1.0
191702296.0 1.0 1810.1610123702792 1 0.99999946
116497858.0 0.0 1796.8281450442817 0 0.00013034491
417747375.0 1.0 1810.638254861285 1 0.9999994
428209530.0 0.0 1793.140515766769 0 0.0004084868
77320223.0 0.0 1807.7037216789747 3 0.0013379349
403744320.0 0.0 1793.3900990713437 0 2.7955888e-05
428257299.0 0.0 1807.76565869136 3 2.7961756e-28
302318659.0 1.0 1810.9114552537544 1 0.9999987
198354443.0 0.0 1794.0513392593211 3 3.349106e-17
285280889.0 1.0 1794.016189182502 1 1.0
240873079.0 0.0 1796.6611039227819 3 5.033564e-35
219429288.0 1.0 1811.0517677655082 1 1.0
403746452.0 0.0 1805.2028068124469 0 3.828755e-07
401088630.0 1.0 1810.2444484013868 1 0.9999972
312464618.0 0.0 1799.4312741095378 2 3.207883e-07
240823702.0 0.0 1812.3689453329523 0 5.5337255e-06
177709925.0 0.0 1812.5785980081941 0 4.1458607e-05
417831067.0 0.0 1796.641220478962 0 0.00021440719
348444454.0 1.0 1796.9526569045452 1 0.9999322
229910746.0 0.0 1797.719419481051 3 2.2021789e-31
353076207.0 0.0 1805.305983771146 0 0.00097158266
184679932.0 0.0 1795.7659709057639 3 0.00081746496
186622908.0 0.0 1796.6410411447375 0 0.00013646287
410474067.0 1.0 1794.348659775047 1 0.99998426
375911768.0 1.0 1798.9714399315064 1 0.99999815
351367902.0 1.0 1797.6598832633476 1 0.9999911
81751236.0 0.0 1808.9107082499738 0 0.00025060071
408891476.0 0.0 1812.366686856501 0 3.0937344e-06
422516651.0 0.0 1799.241988293601 2 9.141944e-12
272787246.0 0.0 1796.6770136954833 0 5.7448706e-05
435362324.0 1.0 1797.9511262104618 1 0.9999837
90665787.0 1.0 1805.9538018040441 1 0.9999992
285541718.0 0.0 1812.7018629143552 0 4.700758e-06
198416591.0 0.0 1804.364005678011 3 2.4628291e-36
264332168.0 0.0 1793.1375364206745 0 0.00019423963
436859618.0 1.0 1795.2872354417996 1 0.99999493
230386284.0 0.0 1797.2194837711172 3 4.4931947e-14
274983647.0 0.0 1808.8886402897517 0 3.3113905e-05
250606862.0 0.0 1793.1403773137274 0 4.0496804e-11
381685255.0 1.0 1799.5367187166366 1 1.0
249951515.0 0.0 1812.348806622468 0 1.309195e-06
427579590.0 0.0 1805.5373098862017 0 0.000118667514
184681084.0 1.0 1794.474262737081 1 0.9999997
409713193.0 1.0 1795.7836993334354 1 0.99999976
233045495.0 1.0 1797.0938811681533 1 0.9999995
250960997.0 1.0 1794.6821663642747 1 0.9999995
275460367.0 1.0 1799.0767256448287 1 0.9999983
292470296.0 0.0 1794.0574515674782 2 0.025908701
241015899.0 1.0 1797.4736409169673 1 0.99999994
450137395.0 1.0 1794.4733927740378 1 0.999998
240941665.0 1.0 1796.2234091055775 1 0.99999994
396387220.0 1.0 1805.9099949349045 1 1.0
256692904.0 1.0 1796.5563987363303 1 0.9999998
308291638.0 1.0 1798.4110714128626 1 0.9999993
259035773.0 0.0 1805.219721418864 0 6.029453e-10
285181196.0 0.0 1806.8702704218958 3 7.288552e-08
240950642.0 0.0 1812.389944725388 0 7.794072e-05
52358497.0 1.0 1794.5769563019057 1 0.9999979
229775860.0 1.0 1794.6989081826598 1 1.0
280191514.0 1.0 1795.722695069943 1 1.0
265296856.0 0.0 1796.890190488246 0 4.9658574e-05
420579981.0 1.0 1794.3049845149321 1 0.99999934
420263680.0 1.0 1797.8455090728905 1 0.9999999
268725465.0 0.0 1812.3466302540585 0 0.00023918258
233234133.0 1.0 1806.1151075155517 1 0.9999911
399763354.0 0.0 1808.8469539816774 0 2.763795e-05
250514231.0 1.0 1793.2862477245685 1 0.99999875
328997916.0 1.0 1798.5948053286143 1 1.0
445137230.0 0.0 1812.7019432042587 0 0.00032144453
241028650.0 0.0 1805.2027312823316 0 1.905834e-05
420449584.0 0.0 1793.4100151202176 0 2.920187e-07
230052512.0 0.0 1808.8654583664265 0 2.4299086e-07
229458804.0 1.0 1806.3237161006634 1 0.999621
326537513.0 1.0 1810.7846769481534 1 1.0
284808318.0 1.0 1800.1809099165025 1 1.0
422424701.0 1.0 1793.6583718168438 1 1.0
240965190.0 1.0 1806.2442623761717 1 0.9999908
284145168.0 0.0 1812.660056020607 0 4.681154e-06
238716646.0 0.0 1808.8697112002446 0 4.4550496e-05
356892980.0 1.0 1806.364351569875 1 1.0
445617488.0 1.0 1795.2234310515178 1 0.9999809
370212927.0 0.0 1805.5566386027378 0 2.7086735e-05
186990195.0 1.0 1810.1409252519363 1 0.9999962
396388563.0 1.0 1811.305969418469 1 0.9999788
52855592.0 0.0 1795.0771209330264 2 2.4711446e-09
235988533.0 0.0 1805.199872717154 0 2.2454057e-10
365890232.0 1.0 1799.8886412304767 1 1.0
400437418.0 1.0 1798.0565965091357 1 0.99999875
335157086.0 0.0 1812.3668656182465 0 8.488257e-07
63403914.0 0.0 1805.6409817012327 0 0.00012781963
285544482.0 1.0 1794.93121428872 1 1.0
385401741.0 1.0 1810.1402593258656 1 0.98840624
270054967.0 1.0 1810.2662200536195 1 0.99983066
178076469.0 1.0 1797.4745336443164 1 0.9999999
249940864.0 1.0 1805.5780500867393 1 0.9999997
200771994.0 1.0 1794.1200707678727 1 0.99998736
362105169.0 1.0 1799.1777526558326 1 0.99991935
399013824.0 1.0 1793.8690601232092 1 1.0
403517011.0 0.0 1809.181634832728 0 1.2913374e-07
104313421.0 0.0 1808.8490103715667 0 0.00021076607
368518022.0 0.0 1812.3473630046612 0 6.737705e-05
346895866.0 1.0 1793.5575371675043 1 0.99994516
186986122.0 0.0 1793.1409343517903 0 0.00013370249
279847952.0 1.0 1794.4107341827462 1 0.9998656
252149464.0 1.0 1811.0978543578385 1 0.9999955
232628334.0 1.0 1806.4058766327423 1 1.0
22813209.0 1.0 1806.2246307480768 1 0.99999994
243278861.0 1.0 1806.3857917410028 1 0.9998596
272787161.0 1.0 1795.9895284167133 1 0.9999322
46424916.0 1.0 1806.0581248784465 1 1.0
237014073.0 1.0 1796.886989509427 1 0.99998736
424438021.0 0.0 1808.8650713283218 0 4.2423128e-11
395392811.0 0.0 1797.4094076348995 2 8.15433e-06
392567651.0 0.0 1797.9687522264717 0 2.9791565e-06
420295185.0 0.0 1809.3059688751719 0 8.41572e-05
49796144.0 1.0 1797.4106860514103 1 1.0
356892546.0 1.0 1798.6768787295528 1 0.99999976
65162330.0 1.0 1810.1825168702187 1 0.9999892
77492014.0 1.0 1798.1829380699633 1 0.999989
322129367.0 0.0 1794.7001972208304 3 9.175585e-13
279980950.0 1.0 1810.5949205937566 1 1.0
10697182.0 1.0 1798.5357079090863 1 1.0
189672879.0 0.0 1809.0572279167764 0 0.0005530809
229409893.0 0.0 1805.198603983994 0 5.0479443e-10
357099943.0 0.0 1809.3851212384598 0 9.136154e-07
50122168.0 1.0 1811.2024659272033 1 0.999998
366073468.0 0.0 1805.2219483022066 0 0.00032015116
301473015.0 0.0 1796.8281199185012 0 0.00018199469
359346278.0 1.0 1805.847354093459 1 0.999989
366109288.0 0.0 1812.6599194300263 0 6.307413e-05
307116639.0 0.0 1812.6605053384849 0 8.9594454e-05
219803316.0 0.0 1805.3435769974333 0 7.950259e-06
255863941.0 1.0 1799.512127200041 1 0.9999943
316256201.0 0.0 1796.806940634952 2 2.1199128e-08
312143919.0 0.0 1793.1398078989448 0 1.9059945e-12
352574490.0 0.0 1808.9516971373132 0 1.9537509e-05
368728753.0 1.0 1811.139054683814 1 0.99985313
353683510.0 0.0 1794.347645887604 0 4.217363e-13
94543837.0 1.0 1793.7244499405988 1 1.0
256929656.0 0.0 1794.8034924531455 2 3.1040753e-10
5724410.0 1.0 1795.3705505273676 1 0.99999976
116497916.0 1.0 1794.0155911710503 1 0.9999933
251405039.0 0.0 1796.8902435514076 0 2.4747202e-05
285689138.0 1.0 1794.5981084034436 1 1.0
410773762.0 1.0 1798.9711652851604 1 0.99999994
377192675.0 0.0 1806.4481078326373 3 0.00042653605
192648949.0 1.0 1793.390849480649 1 0.99999887
233202244.0 1.0 1795.8856907181203 1 1.0
289264100.0 1.0 1796.0555725070515 1 0.99999726
264615805.0 0.0 1808.8485392948546 3 0.0039908946
186720659.0 1.0 1810.2245236575677 1 0.9999993
285943261.0 1.0 1805.6198574134376 1 1.0
323404330.0 1.0 1799.2421386332226 1 0.99999917
331984006.0 1.0 1794.4730866351765 1 0.99998635
219812449.0 0.0 1808.9269931643944 0 0.00017825277
428173336.0 0.0 1796.8280633645204 0 1.243881e-05
129989147.0 1.0 1796.2243586678499 1 0.99999285
450009489.0 0.0 1805.5145709606322 0 8.125304e-05
396609538.0 0.0 1805.203271024654 0 8.343873e-05
61016963.0 1.0 1810.9953576352552 1 0.9999999
417340054.0 1.0 1797.3476289029782 1 1.0
186595806.0 0.0 1793.8494442919373 3 2.491414e-07
399738772.0 1.0 1794.075587815063 1 1.0
314642341.0 1.0 1811.49097996913 1 1.0
250991748.0 0.0 1812.3488198258358 0 5.087876e-07
351365304.0 1.0 1797.4098119063 1 0.99999994
450127567.0 1.0 1795.806969653918 1 0.999997
357824861.0 0.0 1810.6187369441636 2 5.877526e-10
418988266.0 1.0 1798.2847884220348 1 0.99999475
81593786.0 1.0 1798.514856820943 1 0.99999005
116890331.0 0.0 1799.0363004858073 3 0.016350823
395523564.0 1.0 1810.5555139954845 1 1.0
298730229.0 1.0 1810.676875376519 1 1.0
288406589.0 1.0 1795.4493070352225 1 0.104617804
12318175.0 1.0 1797.4730765022966 1 0.9999998
198388252.0 0.0 1810.6138847318477 3 1.0076504e-16
374965171.0 0.0 1812.4524702384715 0 4.4175245e-05
353006537.0 1.0 1794.7850185754683 1 1.0
236714379.0 0.0 1812.0104484146543 3 7.543798e-07
374832773.0 1.0 1794.8483054744045 1 0.99989563
301417546.0 1.0 1810.2236828806685 1 0.9999972
233528795.0 0.0 1794.4066690400764 0 3.5646393e-05
354315525.0 1.0 1799.7860947474448 1 0.9999984
299439835.0 1.0 1794.9112879435795 1 0.99974287
346843561.0 1.0 1794.368519460164 1 0.9999955
21099573.0 1.0 1810.432789409213 1 0.99999917
302151492.0 1.0 1795.1195501749066 1 0.9999987
285279461.0 1.0 1796.5162744920551 1 0.9999999
291953555.0 0.0 1808.9739111548158 0 5.1225648e-08
285084573.0 1.0 1794.0986270630565 1 1.0
10240204.0 1.0 1795.8063042095853 1 0.9998977
258062234.0 1.0 1799.6414158462478 1 1.0
387284426.0 0.0 1812.4494488993466 0 1.4284385e-07
428661642.0 1.0 1799.430666082643 1 0.99999934
377307592.0 0.0 1803.8858254404993 3 1.263119e-25
236878480.0 1.0 1806.4282543432216 1 0.996525
219754614.0 0.0 1793.1770025587548 0 1.5624438e-06
116888474.0 1.0 1795.9738000905352 1 0.9999942
444763710.0 1.0 1805.8063942749166 1 0.9999993
251721484.0 1.0 1806.0361277886961 1 1.0
388506340.0 0.0 1805.2004868869278 0 7.147679e-05
331851389.0 0.0 1799.159337550045 2 2.3850598e-12
453254771.0 0.0 1805.535651698489 0 9.090716e-09
230124631.0 0.0 1797.6983306335626 0 2.7635659e-05
258771780.0 1.0 1795.3656596571273 1 0.9999901
317845833.0 1.0 1794.5132139685904 1 0.9999859
428071042.0 0.0 1805.2239205258459 2 1.9052242e-06
192422597.0 0.0 1808.9116845623844 0 0.00012541881
400947836.0 1.0 1796.078435582895 1 0.99999905
184653228.0 1.0 1796.57855673963 1 1.0
280132950.0 1.0 1799.181085405769 1 0.9999993
378937065.0 1.0 1811.2848739850408 1 1.0
436934603.0 0.0 1800.1414053713206 0 9.155585e-13
312340630.0 1.0 1795.09818407124 1 0.9998642
104145330.0 0.0 1795.7237365427955 2 2.2821446e-06
376971463.0 0.0 1801.6590162253717 3 1.3429499e-11
251200771.0 1.0 1796.5360482284075 1 1.0
252106213.0 1.0 1794.327396001211 1 1.0
284721446.0 0.0 1805.722709928634 0 1.2800363e-09
322262706.0 1.0 1793.971083855122 1 0.99999887
354832363.0 1.0 1798.7434764661948 1 1.0
316623211.0 0.0 1808.8487674885869 0 1.7094366e-05
198280388.0 0.0 1803.780719974007 3 0.0
26647675.0 0.0 1793.1410755721947 0 2.884518e-05
366972822.0 0.0 1796.6379193527268 0 4.0475788e-07
343409567.0 1.0 1810.1993381144466 1 0.9999988
346723607.0 0.0 1805.5372477218039 0 0.00021784373
192597384.0 1.0 1806.182605651998 1 1.0
332576387.0 1.0 1806.2440835835225 1 0.9999996
200934777.0 1.0 1796.286800070962 1 0.9999394
279061059.0 1.0 1796.8891780839856 1 1.0
272823545.0 0.0 1808.8679592195617 0 0.00016292521
54051951.0 0.0 1793.139414941718 0 4.2202865e-07
352036490.0 0.0 1793.1392085188857 0 7.567298e-06
368592012.0 1.0 1798.4929778186695 1 1.0
293185164.0 1.0 1810.6615316582865 1 0.9999998
219797699.0 0.0 1812.447786257269 0 0.0004370837
129864288.0 1.0 1797.3077069641602 1 0.9999998
369999640.0 1.0 1796.098197993276 1 0.99999595
388605142.0 1.0 1794.8048702533654 1 1.0
22738503.0 1.0 1793.5788634731578 1 0.99998176
256583918.0 1.0 1794.6378126103702 1 0.99999994
275694782.0 0.0 1794.347701321032 0 0.002737037
291956590.0 0.0 1805.474088035312 0 6.068709e-06
269665710.0 0.0 1796.9076667424058 0 4.916621e-06
376884305.0 0.0 1805.2199305494842 0 6.213816e-07
400505405.0 0.0 1805.5149717304537 0 3.6998457e-10
445110528.0 1.0 1800.34794916761 1 0.99999285
229461186.0 0.0 1803.969574486113 3 6.4073666e-38
34753451.0 0.0 1793.1414412616452 0 0.00044463103
233533858.0 1.0 1797.260745408923 1 0.999999
285788057.0 0.0 1812.4107280230787 0 7.782144e-08
359589333.0 0.0 1794.4063636653852 0 4.497454e-06
331978374.0 0.0 1805.5147969471611 0 3.6338788e-05
233125532.0 0.0 1797.4896475360172 2 2.2017599e-15
397926071.0 1.0 1796.2644010195502 1 1.0
406518365.0 1.0 1796.3664409548135 1 0.99999994
199716496.0 0.0 1803.6140224906187 3 1.1816154e-13
275767819.0 0.0 1812.4730536541824 0 9.2963135e-05
444113482.0 0.0 1808.8485351955856 0 0.0007245823
407017121.0 1.0 1795.7850795992786 1 0.99999994
329246824.0 0.0 1809.9473990617394 3 5.6539017e-22
249926459.0 0.0 1810.6613293872076 2 4.2733235e-09
177913636.0 1.0 1793.953442038146 1 1.0
407163612.0 0.0 1796.909875442957 0 1.0088478e-05
186942284.0 1.0 1811.2450256096602 1 1.0
441795507.0 0.0 1794.1990024610054 0 0.00018961616
139534999.0 0.0 1812.6409990314733 0 0.00021769339
94472583.0 0.0 1805.5997148527733 0 0.0019381802
352114421.0 0.0 1812.3472592537044 0 5.4365853e-07
354798745.0 1.0 1796.2446988674603 1 1.0
116612613.0 1.0 1795.7031287048655 1 0.9999998
117311616.0 0.0 1808.8489350703608 0 3.9104413e-07
308120167.0 0.0 1800.2859843348162 0 3.764269e-05
427593232.0 0.0 1808.867141684694 0 0.00010726095
90694177.0 1.0 1794.1411614249787 1 0.9999949
28830630.0 1.0 1793.2038292907791 1 0.9999994
269700065.0 1.0 1794.8036067878095 1 1.0
376847031.0 1.0 1796.1154179513192 1 0.99999994
198185576.0 1.0 1810.6977500020412 1 0.9999996
423461158.0 1.0 1794.7646314020578 1 0.9999967
288391801.0 0.0 1803.8242006646472 3 0.0
235927999.0 1.0 1795.2411701179037 1 0.99999887
230016516.0 0.0 1808.8444509835358 0 8.248316e-05
54371879.0 0.0 1812.702075088153 0 2.8650597e-08
389534816.0 1.0 1798.243787485929 1 0.999999
198177427.0 1.0 1797.3643733422866 1 0.9999996
370698607.0 1.0 1799.1400328477478 1 0.9999998
389533990.0 1.0 1798.6396056278304 1 0.999988
129901285.0 1.0 1795.9952542623432 1 1.0
320376468.0 1.0 1810.4101496389683 1 1.0
275367846.0 0.0 1805.2221002598849 0 1.4802275e-13
312852988.0 1.0 1799.6606090637874 1 1.0
219801998.0 0.0 1812.468676513256 0 0.00035186554
374568518.0 1.0 1796.744427793393 1 0.99999964
428048140.0 0.0 1794.6196545823034 2 0.011371145
240832899.0 1.0 1799.0358328584493 1 0.99999964
192795719.0 0.0 1800.140963240552 0 2.7906854e-05
366977747.0 0.0 1797.8880728897946 2 4.129742e-05
389545459.0 0.0 1812.6813452838196 0 6.3814483e-12
258136742.0 1.0 1794.2662675938914 1 0.9999983
369091618.0 0.0 1796.805584709523 0 1.2472039e-10
258800240.0 1.0 1805.4696331337282 1 0.9999921
285540735.0 1.0 1810.7435871932144 1 0.9999977
348672078.0 0.0 1805.2443710397015 0 0.00013390511
373125030.0 0.0 1794.4925053083991 2 2.8186173e-09
67660118.0 1.0 1795.9952280219322 1 0.99997854
374702108.0 1.0 1796.18165953713 1 0.9999937
445229538.0 1.0 1810.4519379777894 1 0.9999999
90645490.0 1.0 1796.1411898189267 1 0.9999998
250500610.0 1.0 1797.8072270443367 1 0.999986
219097692.0 0.0 1808.8442138221326 0 1.5628149e-07
241140375.0 1.0 1799.2028708734088 1 0.99999386
331078237.0 1.0 1796.2647105743515 1 0.99999994
177919166.0 1.0 1796.5578302715862 1 0.99999994
270006368.0 1.0 1810.8495810090922 1 0.9999818
373145693.0 1.0 1795.1591772839056 1 0.99999994
410736221.0 0.0 1809.2656952999218 0 5.1192865e-06
377503752.0 0.0 1812.533911503465 0 3.026608e-05
336747732.0 1.0 1796.4923220468997 1 1.0
427111860.0 0.0 1805.1999342047384 0 9.258078e-05
280069440.0 1.0 1798.9700735902827 1 1.0
67463613.0 1.0 1796.203410389324 1 0.9999929
399449430.0 1.0 1795.472827973494 1 1.0
408194873.0 0.0 1805.4747318251239 0 0.00033254057
292981142.0 1.0 1797.2865862232898 1 1.0
424438076.0 1.0 1793.5110070011117 1 1.0
177968691.0 1.0 1805.891139157817 1 0.9999992
240764205.0 0.0 1809.2021210348034 0 6.0704006e-05
366579460.0 0.0 1808.8662303103747 0 4.176495e-06
233152830.0 1.0 1795.4483820745459 1 0.9999958
366557556.0 0.0 1811.5961071299448 3 4.70726e-16
50940794.0 1.0 1797.38986704886 1 1.0
230026051.0 1.0 1810.115237888295 1 1.0
389691282.0 0.0 1797.8478211475156 0 8.559883e-07
420288073.0 0.0 1796.9311198464206 0 5.4336174e-06
353878210.0 0.0 1797.9684450135992 0 0.00017799565
387812829.0 0.0 1805.2414562461322 0 1.390416e-08
284143800.0 0.0 1809.2017868493476 0 0.00017592363
445199845.0 1.0 1794.7021861853677 1 0.99999756
264468835.0 1.0 1794.4500316427193 1 0.99999976
427550308.0 0.0 1805.9091640885576 2 3.274592e-08
340926233.0 0.0 1796.033245239606 2 5.382331e-05
367350931.0 0.0 1796.6380032178088 0 7.3631736e-07
320046775.0 1.0 1795.2646368774247 1 1.0
444742421.0 1.0 1795.368729301567 1 0.99996907
65440875.0 1.0 1795.974124151171 1 0.9999748
356821610.0 0.0 1810.1366188178647 2 1.4719884e-06
240684915.0 1.0 1799.243948040645 1 1.0
229742721.0 1.0 1795.927949521212 1 1.0
245533304.0 1.0 1799.4527677850406 1 0.9999835
272759127.0 1.0 1806.0938614367135 1 1.0
250632099.0 1.0 1795.6197935457221 1 1.0
194738660.0 1.0 1811.3911970504985 1 0.9999997
445425975.0 0.0 1809.2020822129532 0 0.0033501387
288516356.0 1.0 1795.8242557030414 1 1.0
357034865.0 1.0 1797.4478133745135 1 0.9999998
275058350.0 0.0 1805.4303550541172 2 1.0302285e-09
235709858.0 0.0 1812.3450137685304 0 4.889538e-10
251543902.0 0.0 1812.3487390499024 0 4.3077739e-10
368891248.0 1.0 1795.1805662550878 1 1.0
312337608.0 0.0 1796.743920945702 0 7.3732735e-05
259130225.0 1.0 1794.9490967432173 1 1.0
412113679.0 1.0 1795.0962799295971 1 1.0
396262969.0 1.0 1805.6388733709875 1 0.9999996
219777080.0 1.0 1799.1351798729124 1 0.99999976
29056167.0 1.0 1796.9330890442775 1 0.99999845
201303091.0 0.0 1796.640955502362 0 0.00015287135
445494729.0 1.0 1798.41100486175 1 1.0
327186016.0 1.0 1799.994780160101 1 0.99999994
198354443.0 0.0 1811.530522739101 3 5.309886e-16
367145711.0 1.0 1796.7839210700035 1 0.99999803
229714496.0 1.0 1799.4486011619774 1 0.99998784
275579776.0 0.0 1808.9727363725096 0 0.0004667642
403335736.0 0.0 1809.2017796394714 0 7.7238665e-06
5735954.0 0.0 1808.8494322913564 0 0.0033698315
410620575.0 1.0 1799.3487936886318 1 0.9989853
50610471.0 1.0 1797.6190321270306 1 0.99951196
308875056.0 0.0 1796.4946399243852 2 1.9932938e-06
250862322.0 1.0 1811.2863560571782 1 0.99999905
67517939.0 1.0 1810.3697898889723 1 0.99999756
359133495.0 0.0 1806.1598324355202 2 1.0986486e-05
353081511.0 1.0 1810.2849610683138 1 0.9998593
356868588.0 0.0 1805.1986957013637 0 1.1257654e-05
418700004.0 0.0 1808.8680517315925 0 6.718616e-08
332568616.0 1.0 1795.3899777013662 1 1.0
230078853.0 0.0 1795.5519572321753 2 1.6267468e-05
240823702.0 1.0 1799.265105630748 1 1.0
390734129.0 1.0 1811.4108576223473 1 0.9993389
292978984.0 1.0 1811.1198714907093 1 0.9999939
326791478.0 1.0 1810.868211459605 1 1.0
275136810.0 0.0 1805.2011228955414 0 1.7841536e-06
65081990.0 1.0 1805.4744111011184 1 1.0
230051023.0 1.0 1795.5738664231471 1 0.99998254
418030406.0 0.0 1796.078297883737 2 0.07744368
316964012.0 1.0 1797.7025502769245 1 0.99987495
387836322.0 0.0 1809.0956686816548 0 0.058987305
240964770.0 0.0 1812.3482504445058 0 6.2802304e-05
417765877.0 0.0 1808.8466778587226 0 0.018318728
129870604.0 1.0 1810.1617940259912 1 1.0
422354063.0 1.0 1810.5119826453142 1 0.9999948
258679521.0 1.0 1799.7224270032184 1 0.9999991
235675651.0 1.0 1811.407444408074 1 0.9999982
229740698.0 0.0 1812.4695567837332 0 8.033147e-11
400818833.0 0.0 1812.4729825998477 0 0.00040534014
436839621.0 0.0 1805.3080412283527 0 0.00014830737
431855516.0 1.0 1805.4743712761738 1 0.99999577
334489941.0 0.0 1812.3668320805905 0 5.1567334e-10
329246824.0 0.0 1801.1141023720756 3 3.7805976e-18
331319800.0 1.0 1794.5356775042433 1 1.0
200862492.0 1.0 1798.1827349383198 1 0.99999964
259127073.0 0.0 1805.2198246877315 0 2.368187e-09
178076617.0 0.0 1809.1204286385323 0 7.7687975e-05
238769619.0 0.0 1812.411597707527 0 0.00027175611
240938231.0 1.0 1795.8277241784167 1 0.9999897
338927086.0 1.0 1806.2631769759673 1 0.9999997
269606104.0 1.0 1805.971904004311 1 0.9999968
139378834.0 0.0 1809.036910643565 3 2.4400419e-05
240939943.0 1.0 1797.5359657779795 1 1.0
417412311.0 0.0 1805.5979183741647 0 1.8589117e-05
320051246.0 0.0 1796.6395416221462 0 2.3285054e-06
298733065.0 0.0 1812.3434232007046 0 0.00026382649
264157430.0 0.0 1797.1374893796965 0 0.00016701627
372340982.0 1.0 1810.7419296910432 1 0.9999992
357129474.0 1.0 1797.3646594053507 1 0.99999976
322129332.0 1.0 1798.366844413863 1 0.9999984
54051137.0 0.0 1809.1602320592 0 0.00015224004
399799131.0 1.0 1796.3258300846771 1 1.0
323058473.0 0.0 1808.991612629123 0 0.0007658099
219900027.0 0.0 1804.844188479671 3 4.5628506e-31
400743097.0 1.0 1799.3065937597423 1 1.0
428257299.0 0.0 1807.1406516010154 3 1.5226807e-35
331319729.0 0.0 1805.5564143073223 0 2.9881545e-05
312856774.0 1.0 1805.9731044792256 1 1.0
444497375.0 1.0 1799.368631850275 1 0.9999914
292938268.0 0.0 1812.6822922115477 0 0.00039579062
400129856.0 1.0 1810.5554253901323 1 0.9999994
194736844.0 0.0 1806.9536399501906 3 0.40896598
396444503.0 1.0 1810.7846892645773 1 0.99999803
10700150.0 1.0 1798.410656561104 1 0.9999977
334806256.0 1.0 1795.8671906716847 1 0.99999356
235905828.0 1.0 1798.1787492680892 1 0.9999989
116372536.0 1.0 1797.9740418408533 1 1.0
251722904.0 1.0 1798.0360578746397 1 0.9999994
389982205.0 0.0 1809.2646854220447 0 3.3382148e-05
229748644.0 1.0 1798.1154003057918 1 0.99999994
370760044.0 0.0 1799.0360309287653 2 2.40945e-05
353015172.0 0.0 1797.847653529214 0 0.0007690086
359496389.0 1.0 1805.593548020681 1 0.9999827
198459984.0 1.0 1810.8433335545978 1 1.0
436864646.0 0.0 1806.0163517555256 2 1.2350463e-09
452961054.0 1.0 1798.4313759595912 1 0.9999985
372630142.0 0.0 1812.702202060649 0 0.00067785353
264730556.0 1.0 1800.1818397032287 1 0.9999951
428326637.0 1.0 1805.515598033711 1 0.99999905
202902669.0 1.0 1798.9533659381511 1 1.0
256352113.0 0.0 1796.4918082145164 3 3.4092976e-28
396575973.0 0.0 1805.515922730407 0 1.5620084e-05
367246725.0 1.0 1799.2213822868296 1 0.9999819
229596926.0 1.0 1796.511375173502 1 0.99993366
10425869.0 1.0 1799.1814312653596 1 0.99999636
403922256.0 1.0 1798.2432754118342 1 0.9929311
297780648.0 1.0 1797.826754580543 1 0.99999845
20873121.0 1.0 1795.4742322600523 1 0.9999116
186594170.0 1.0 1794.7868753943228 1 0.99999964
265348860.0 1.0 1797.8052382471794 1 0.9999966
315917180.0 0.0 1812.34540632606 0 6.283146e-09
250740774.0 1.0 1810.5570594628641 1 1.0
422389585.0 1.0 1798.3249958919457 1 1.0
370698568.0 0.0 1795.452520226613 2 1.6163934e-16
35154290.0 0.0 1809.245643774631 0 0.0023975165
418301779.0 0.0 1808.887577391141 0 1.0824114e-11
198357466.0 1.0 1798.4473945448276 1 0.9999999
427768385.0 1.0 1795.6803340475103 1 0.9999964
316627328.0 0.0 1798.5362146534046 2 1.1173688e-16
243298218.0 1.0 1797.6568427230275 1 0.9999983
269421289.0 1.0 1794.7430022517888 1 0.9999923
219859253.0 1.0 1794.989786319867 1 0.99999946
240910761.0 0.0 1812.3898640078057 0 3.142086e-07
418982073.0 0.0 1797.3266458712778 2 8.914463e-16
237069450.0 0.0 1805.1993126144116 0 3.5809086e-07
445133704.0 0.0 1796.119038522731 3 3.9495423e-38
200939418.0 0.0 1798.9535717537797 3 3.5511486e-05
332568888.0 0.0 1809.2023259029959 0 2.9820762e-07
198361834.0 0.0 1793.176475325053 0 6.0748476e-05
420131304.0 0.0 1808.8451586839662 0 2.5361522e-09
394090873.0 1.0 1798.8661822258314 1 0.9996972
445450149.0 1.0 1796.7652023116036 1 0.99999833
229407392.0 0.0 1811.5112056929743 2 9.372141e-11
427644146.0 0.0 1805.4101263098912 0 9.4247525e-06
280323300.0 0.0 1808.9934438752389 0 0.00022843588
264912503.0 1.0 1795.0778019245085 1 0.99999994
444365309.0 1.0 1805.3682425120298 1 1.0
219851935.0 0.0 1812.3438988949583 0 2.9037997e-07
13609933.0 1.0 1800.1607998449792 1 0.99999976
34648966.0 1.0 1811.2455207281587 1 1.0
317033818.0 1.0 1798.5986870835604 1 1.0
12646117.0 1.0 1797.473282949035 1 1.0
320270508.0 1.0 1793.3063546227143 1 1.0
237109495.0 0.0 1805.2829315487445 0 0.002463149
279262088.0 0.0 1794.764229419648 2 1.4561427e-06
375086642.0 1.0 1796.6816638824173 1 0.997405
453223094.0 1.0 1794.9316126394872 1 1.0
369241606.0 0.0 1805.2642580919967 0 2.6761776e-05
285338552.0 0.0 1809.201757992204 0 5.069181e-07
264155894.0 0.0 1799.5750137621048 2 5.0654427e-09
292058043.0 0.0 1805.4949171763758 0 0.00031727794
219773987.0 1.0 1805.5729183027117 1 1.0
445383420.0 1.0 1796.9314794237523 1 0.9999999
349358272.0 0.0 1809.120483629024 0 0.00011639375
375715297.0 0.0 1805.2004804773949 0 7.165245e-05
283238823.0 1.0 1796.6810494043623 1 1.0
186745213.0 0.0 1809.1202707344833 0 0.00060763274
184739277.0 0.0 1809.4117394333196 3 1.479753e-17
453150636.0 1.0 1810.1395486807626 1 0.9999999
73449551.0 1.0 1794.0162882862905 1 0.99999976
275484242.0 0.0 1797.5350165135815 2 2.5931662e-10
403588925.0 1.0 1797.991796660291 1 0.9999953
368372568.0 1.0 1810.930295268098 1 0.9997035
116493592.0 1.0 1798.4948685225118 1 1.0
250632099.0 1.0 1794.7239573393406 1 1.0
389977486.0 1.0 1798.4106582708207 1 1.0
275367529.0 0.0 1796.5137344597294 3 1.0410036e-09
306183477.0 1.0 1810.2021760032117 1 1.0
284917511.0 0.0 1805.555984671532 0 0.0010555973
233512880.0 1.0 1798.1139715930549 1 0.9999985
85433324.0 1.0 1798.703857046074 1 0.999999
101037273.0 1.0 1810.8080267606572 1 0.9999739
350734696.0 0.0 1808.8872706421105 0 4.4423837e-06
198178073.0 1.0 1805.780925788823 1 0.9999986
445601812.0 0.0 1799.3693667687671 2 0.00055120635
384601642.0 1.0 1796.1818513857793 1 1.0
427512836.0 0.0 1808.8673946076192 0 6.1350835e-07
417263187.0 1.0 1799.4100318403075 1 1.0
399788013.0 0.0 1805.2812526913638 0 1.932544e-06
237200205.0 1.0 1805.9494857174627 1 0.9999999
73639510.0 1.0 1794.7245617411982 1 1.0
280315636.0 1.0 1797.7645656597035 1 1.0
233046557.0 1.0 1799.7186520575015 1 0.99911857
354634298.0 1.0 1806.2866311552048 1 1.0
293125350.0 1.0 1794.3907818770444 1 0.9999999
245623164.0 0.0 1793.3900523947682 0 1.3172343e-05
432092222.0 1.0 1794.3907357141118 1 0.9999976
229676244.0 0.0 1801.7197501919193 3 1.1297426e-12
250496108.0 0.0 1805.3279540998703 2 3.94794e-11
285933282.0 1.0 1798.0572732667054 1 0.9999999
22747560.0 1.0 1794.4747688559946 1 1.0
265189652.0 0.0 1805.2219441868863 0 9.398469e-08
250745886.0 0.0 1796.6406520309856 0 1.6662465e-06
327184990.0 1.0 1805.8487844230167 1 0.9999946
72147483.0 1.0 1799.723488301183 1 1.0
333067722.0 0.0 1805.5565640703635 0 5.036355e-14
388528434.0 0.0 1812.3673197398757 0 3.5430467e-06
199688697.0 1.0 1799.5305863607598 1 1.0
416049443.0 1.0 1798.3283986287704 1 1.0
356785678.0 1.0 1794.4696683658258 1 1.0
22845012.0 1.0 1795.6831197191123 1 0.999977
400506070.0 0.0 1805.5149511784523 0 1.7858e-11
250497793.0 0.0 1793.1405613396953 0 5.9630993e-09
50521439.0 1.0 1797.2649711772992 1 0.99999815
431805355.0 1.0 1798.2866770772205 1 1.0
396441764.0 1.0 1794.9921098954444 1 0.99999964
196893036.0 0.0 1808.8484949946806 0 1.7257853e-05
417234272.0 1.0 1796.639121542193 1 0.99982977
372498674.0 1.0 1793.389424741464 1 1.0
359676320.0 0.0 1800.281433470969 3 1.0152589e-09
26502738.0 0.0 1805.4746664529316 0 0.00368514
13198814.0 1.0 1797.2438808434779 1 1.0
283026336.0 0.0 1808.8889487993274 0 0.00019749172
85523152.0 0.0 1812.6828873254312 0 0.00022032615
240940049.0 0.0 1800.140098175709 0 1.6406516e-06
445450961.0 0.0 1808.869286484717 0 2.4030817e-07
265379820.0 1.0 1796.86955810032 1 0.9999976
233079659.0 0.0 1804.5940088105133 3 2.3921223e-15
316842384.0 0.0 1796.827754588949 0 7.39799e-06
293065676.0 1.0 1794.4948441912939 1 0.9999953
280033934.0 0.0 1809.2409215023804 3 0.0
10606600.0 0.0 1797.264807734694 2 5.746766e-13
309126521.0 1.0 1796.2238439028768 1 1.0
251545506.0 1.0 1795.7028086187668 1 0.9999992
366559758.0 1.0 1795.928785213289 1 0.9981024
387701795.0 0.0 1796.3665434789868 2 8.6323626e-10
251351950.0 1.0 1806.1404534832063 1 0.99999803
54882522.0 1.0 1794.618694292009 1 1.0
433970898.0 0.0 1808.8465282905172 0 1.0988224e-05
368444244.0 1.0 1811.5135654740996 1 0.9999983
279084793.0 1.0 1810.8891255995286 1 1.0
268516134.0 1.0 1797.9510721034644 1 1.0
354110442.0 1.0 1798.9734641250386 1 1.0
348527100.0 1.0 1797.8485646449894 1 0.9999998
352408429.0 1.0 1810.9080255518395 1 0.99994874
402206395.0 1.0 1810.723990127876 1 1.0
289089819.0 0.0 1800.0138701504952 2 8.456917e-08
251278437.0 0.0 1812.3696140508387 0 6.1789746e-05
356340346.0 0.0 1799.3013459594167 3 9.8685724e-17
452960580.0 0.0 1809.1811225752278 0 2.824712e-07
177992394.0 1.0 1811.1828116137967 1 1.0
400155617.0 0.0 1793.3051300019206 0 1.017465e-09
353555538.0 1.0 1799.660208821056 1 0.99998075
245697975.0 0.0 1805.202712859394 0 8.475073e-05
399262667.0 0.0 1808.9520911673121 0 2.7118938e-06
420545677.0 1.0 1806.0558986525552 1 1.0
10868459.0 0.0 1805.2856209741149 0 2.0202155e-07
308878193.0 0.0 1812.348440942427 0 0.00014693144
34754679.0 1.0 1798.4956396631628 1 0.9999999
327089528.0 1.0 1795.7865114367892 1 0.9999999
444625810.0 1.0 1799.0563321581742 1 1.0
441734144.0 0.0 1806.6781910677182 3 6.7605296e-32
374303249.0 0.0 1805.3273794195734 0 8.723064e-06
354697530.0 0.0 1799.3059334197605 2 2.7022442e-09
293066086.0 0.0 1808.9114807971562 3 1.2875962e-15
309059418.0 0.0 1794.4737282424671 2 2.1548952e-15
467354611.0 0.0 1801.7835336500711 3 1.0859002e-14
352201777.0 1.0 1798.055884750895 1 0.99999845
255883090.0 0.0 1805.6184933648096 0 1.2363382e-06
251754789.0 0.0 1805.2029374171404 0 4.006003e-06
256581075.0 1.0 1798.3878038729297 1 0.9999758
418140973.0 0.0 1808.8472096656878 0 0.00014190491
449937545.0 0.0 1793.1404689381832 0 0.000331624
229497985.0 1.0 1797.5531961658828 1 0.9999728
370209799.0 1.0 1794.3483034450992 1 0.99999994
23051670.0 1.0 1795.932878776298 1 1.0
366914405.0 0.0 1796.0755211911737 2 2.512875e-10
229700019.0 0.0 1805.219458808705 0 5.856077e-13
390338696.0 1.0 1800.2231173763794 1 0.9999996
177992116.0 1.0 1806.1203375209946 1 0.9999933
396159882.0 0.0 1808.8472442615594 0 0.0005304241
63561453.0 1.0 1795.2036835363645 1 0.99998605
237012271.0 1.0 1798.3244719767233 1 0.9999124
240900685.0 1.0 1810.1816444005608 1 0.999941
138055117.0 1.0 1800.0162638200145 1 1.0
269697721.0 0.0 1809.7618814559119 3 8.0601104e-19
311939072.0 1.0 1806.1187085198512 1 0.99999744
280257428.0 1.0 1797.4936430878734 1 1.0
256690009.0 1.0 1810.848236888187 1 0.9966626
395506519.0 1.0 1811.263992593924 1 0.99977285
240966282.0 1.0 1806.056812135692 1 0.99999696
403440108.0 1.0 1797.6399863758866 1 0.9999939
219794085.0 0.0 1811.5518113984415 2 5.3663258e-11
265069276.0 0.0 1805.929979639932 2 6.040147e-21
436862548.0 0.0 1793.1831023948032 2 1.33962156e-11
381686991.0 1.0 1794.7243733249747 1 0.9999999
298289530.0 1.0 1799.426441634645 1 1.0
229945199.0 1.0 1793.9279025899887 1 0.9999974
322056494.0 1.0 1797.8668527248917 1 0.9992369
402204492.0 0.0 1805.4948766835466 0 1.6291731e-05
420552290.0 0.0 1812.7641251786781 0 8.216867e-05
415836214.0 1.0 1794.869845108005 1 1.0
232634196.0 0.0 1795.1350565526095 3 1.2250134e-18
200801402.0 0.0 1805.5371123775694 0 0.00038763927
368441497.0 0.0 1796.9095688186521 0 4.0535504e-08
246970991.0 1.0 1810.516130544441 1 0.99999195
264800127.0 0.0 1808.8485202246493 0 0.00017418772
286215854.0 0.0 1808.9106643292785 0 0.00022692046
116009267.0 1.0 1795.2031718745825 1 0.9999989
356871644.0 0.0 1808.9692511190485 0 5.209058e-07
116991977.0 0.0 1808.9532728378008 3 1.8190538e-05
427873899.0 1.0 1797.513586866193 1 1.0
445496137.0 0.0 1812.369205488551 0 1.3008158e-10
249948419.0 1.0 1806.3697904642122 1 0.99999887
444754389.0 0.0 1805.5564584098547 0 1.0239512e-05
54625712.0 0.0 1799.451983656781 2 5.0975355e-08
292055868.0 0.0 1800.1407673862418 0 7.943432e-08
435167469.0 1.0 1799.6385312111038 1 0.99999934
198354443.0 0.0 1798.0305005285059 3 1.7942805e-19
298289622.0 1.0 1798.988911861267 1 1.0
410232359.0 1.0 1795.9920383614733 1 0.99998677
327507421.0 0.0 1796.515740505656 2 2.0815674e-09
356111878.0 0.0 1797.9683389557015 0 0.00023996174
241078118.0 0.0 1795.8279282216804 2 1.1734561e-09
250770628.0 1.0 1806.369507200975 1 0.9999998
252853810.0 1.0 1793.4737968951267 1 0.99999624
229790888.0 0.0 1805.2405179513 0 2.0772132e-12
376401967.0 0.0 1805.3256043715726 0 1.8062127e-06
202902861.0 0.0 1812.619896374503 0 0.00019745802
82243350.0 1.0 1811.1398647246192 1 1.0
408197076.0 1.0 1798.4537100047942 1 0.9999964
301994054.0 1.0 1795.3070954123575 1 0.9998542
336121449.0 1.0 1793.6999277241976 1 0.9992994
331207060.0 1.0 1797.1398693791 1 0.9999848
279719917.0 1.0 1806.1193024646138 1 0.9999876
402448308.0 1.0 1795.9700545032508 1 0.865539
286479089.0 1.0 1811.1816543684586 1 0.9999732
229912370.0 1.0 1798.0112274396868 1 0.9999958
366564576.0 1.0 1798.0747068401465 1 0.99999917
283835493.0 0.0 1809.2016756065436 0 1.024871e-07
199525817.0 0.0 1805.23910353296 0 3.714791e-07
308613272.0 0.0 1798.9945073700874 2 2.1885748e-08
139553956.0 1.0 1793.807771454265 1 0.9999992
376848788.0 0.0 1808.885942533833 0 6.8559064e-10
26353973.0 0.0 1809.1621646863384 0 0.0002519483
422978599.0 0.0 1812.4115462356913 0 0.00012303611
138111341.0 1.0 1810.9746134594868 1 0.9999986
65443360.0 0.0 1812.4325902376227 0 0.0004422358
53712338.0 0.0 1812.8061911750794 0 6.2181416e-06
139505590.0 0.0 1812.703367018875 0 0.0006814643
312335439.0 1.0 1795.4938859177735 1 0.9999738
331860062.0 0.0 1812.0356162020532 3 0.0018572086
424002296.0 1.0 1810.493943185945 1 0.9999977
165501243.0 1.0 1798.5725295359166 1 1.0
379160838.0 0.0 1794.222559045315 2 1.22130455e-17
50943839.0 1.0 1796.8482605288862 1 0.9999959
307594554.0 1.0 1796.7236949374474 1 0.9999948
376891085.0 0.0 1806.7631510339131 3 1.631901e-16
311830631.0 1.0 1810.743530237551 1 1.0
441723615.0 1.0 1797.8863795651378 1 0.99999917
286327679.0 0.0 1812.4107776430642 0 4.2890224e-05
403946894.0 0.0 1812.5562587635484 0 0.00030340295
63672976.0 0.0 1805.3493944726695 0 0.0025835114
265476481.0 0.0 1796.8900137321991 0 0.00033081093
364186264.0 1.0 1796.5332007475536 1 0.9999216
351364605.0 0.0 1812.3680488001162 0 1.5405788e-10
285539868.0 1.0 1806.0561557596016 1 0.99999994
251350436.0 1.0 1797.0570613655532 1 0.9999947
416543821.0 1.0 1795.618435875589 1 0.99997747
77423462.0 1.0 1795.3288239790481 1 0.99989295
22872266.0 1.0 1798.4122220899778 1 1.0
229712938.0 0.0 1805.21945122921 0 7.060244e-05
408731262.0 0.0 1808.8466007026075 0 4.7263216e-05
388506340.0 0.0 1812.367227350688 0 0.00011894099
194730782.0 1.0 1797.4952969346716 1 0.9999996
428478558.0 1.0 1795.8684886953688 1 0.99997264
251377198.0 0.0 1805.202686323628 0 6.553265e-05
377200445.0 1.0 1798.2215721805612 1 0.99999905
116758017.0 0.0 1793.3905388928665 0 0.00048464924
389535695.0 0.0 1809.2020900577393 0 0.00015873442
395769315.0 0.0 1810.743182564319 2 3.030734e-11
467574373.0 0.0 1808.9537778953359 3 0.0011477908
219109908.0 0.0 1796.8027413919967 3 1.01449975e-32
331546745.0 1.0 1797.9295635091182 1 0.9981543
372218054.0 1.0 1799.9295508340088 1 0.99999976
28760973.0 1.0 1797.7659232568817 1 0.99999994
403578453.0 0.0 1812.6815106036117 0 0.000102127044
264179263.0 1.0 1800.4917082657973 1 0.99999934
350132371.0 0.0 1808.2627131379581 3 1.9724155e-06
280068832.0 1.0 1806.011623680773 1 0.9999988
199682712.0 1.0 1805.7181480054676 1 0.99999416
286566392.0 0.0 1794.722954650823 3 4.2671636e-25
13770198.0 1.0 1797.1608036535617 1 0.99974823
362104873.0 1.0 1798.031855169096 1 0.9999999
308373138.0 1.0 1797.369483681761 1 1.0
367092139.0 0.0 1797.2005938316488 2 1.1957015e-09
198388252.0 0.0 1799.9472181189526 3 1.0442401e-22
327259537.0 0.0 1793.682265820482 2 1.7004459e-06
237216663.0 1.0 1796.928627680034 1 1.0
387601517.0 1.0 1797.7206244408176 1 0.99999976
73449681.0 1.0 1796.5996165659155 1 0.99999976
436860179.0 1.0 1794.8705958823016 1 1.0
237197609.0 0.0 1805.2201129651933 0 5.55355e-19
192835834.0 1.0 1796.5782542520872 1 0.99996334
409528658.0 0.0 1799.4324356300824 2 3.7971233e-15
370211258.0 1.0 1797.723333056966 1 0.9999991
359482562.0 1.0 1797.8855882937253 1 0.9998875
309141853.0 0.0 1812.3900319414076 0 2.641611e-06
332680754.0 0.0 1811.0772058121925 2 8.971988e-07
453253005.0 0.0 1812.7022554914738 0 0.00011747017
116844228.0 0.0 1805.2031354329151 0 0.0002029953
405622066.0 1.0 1796.4947659795978 1 0.9998861
433699236.0 0.0 1808.8464889881939 0 5.3452324e-05
10497539.0 0.0 1805.306307934098 0 0.00026020233
372268632.0 1.0 1794.43162574538 1 0.9999978
272934847.0 0.0 1793.4097808214576 0 2.7451883e-11
428074524.0 1.0 1798.4112673510142 1 0.9999467
445185884.0 0.0 1809.1603670167704 0 2.9550049e-05
21131390.0 1.0 1798.37059540382 1 1.0
373239804.0 1.0 1797.638424118086 1 0.999993
77352549.0 0.0 1808.932890339912 0 0.00024890245
377202187.0 1.0 1806.1589869021764 1 0.99999934
374777678.0 1.0 1794.0360855762838 1 0.9999349
396486931.0 0.0 1810.6800531148099 3 6.0204176e-26
194611282.0 1.0 1794.8285677629801 1 0.99999976
126095456.0 1.0 1794.6829217163706 1 0.999999
104056741.0 0.0 1812.3697259787189 0 8.480694e-08
191725141.0 0.0 1805.2236490779082 0 2.4800283e-07
428706277.0 1.0 1795.9509044566773 1 0.872642
269419535.0 1.0 1811.0759760459628 1 1.0
445187697.0 1.0 1800.431422379765 1 0.9999724
268334204.0 1.0 1810.720780768949 1 0.99974126
198184425.0 1.0 1794.3638728269168 1 0.9999996
433791379.0 1.0 1810.5131279932832 1 0.99999034
343412120.0 1.0 1805.3245180728509 1 0.9999992
259143451.0 1.0 1806.3491266217272 1 0.99993926
354926863.0 0.0 1795.7643982710695 3 7.721592e-17
368311302.0 0.0 1806.1594371446192 2 1.0527254e-18
399737005.0 0.0 1808.8469161225596 0 9.955871e-05
366517381.0 0.0 1806.6997245245316 3 1.2860941e-30
403401901.0 1.0 1810.8066467480696 1 0.9999998
407417249.0 0.0 1808.8488229865948 0 0.00024322752
250553209.0 1.0 1798.3904626414844 1 1.0
427685099.0 1.0 1799.7010708832472 1 0.99999666
317473402.0 0.0 1800.4092011017656 0 2.9521383e-10
264334954.0 0.0 1808.9709838587435 0 0.008618994
240883303.0 1.0 1794.7860368508555 1 0.9999812
12831526.0 1.0 1799.3063836009987 1 1.0
396609776.0 1.0 1794.4323855049279 1 0.99948627
410499351.0 0.0 1812.369408857263 0 0.00015043482
336293555.0 1.0 1794.7839553524664 1 0.9999513
243276882.0 0.0 1793.4068508839284 0 8.52788e-08
50348977.0 0.0 1805.2649427622132 0 2.7650238e-05
289352104.0 0.0 1812.3681656111573 0 4.88464e-07
256643181.0 1.0 1797.9086418065742 1 0.99998665
444440107.0 1.0 1798.222668850009 1 1.0
252158238.0 0.0 1799.9106842527433 2 9.298267e-11
348438240.0 0.0 1808.9108766473353 0 3.4269211e-16
400668024.0 0.0 1812.431665503673 0 4.9285545e-06
422920321.0 0.0 1807.2658498583312 3 0.0071277935
396241216.0 0.0 1805.88914371436 2 2.253018e-12
359553938.0 1.0 1798.3228439978036 1 1.0
237281180.0 1.0 1797.3870886983393 1 0.99999976
354549203.0 0.0 1812.3485550023154 0 1.4086166e-05
368441682.0 1.0 1805.9511764026556 1 0.99999243
353604021.0 0.0 1805.2852860546823 0 9.857714e-06
235686753.0 1.0 1793.8033138923804 1 0.99990785
271448379.0 0.0 1810.7219943725547 2 4.630326e-11
353956975.0 1.0 1799.07829016421 1 0.9999993
251440775.0 1.0 1797.5983694944937 1 0.9999987
116496566.0 1.0 1806.3282690664366 1 1.0
116006165.0 1.0 1805.7656639233862 1 0.9999986
405461997.0 0.0 1800.4539736137342 0 3.130203e-08
279599877.0 1.0 1796.3896121608777 1 1.0
246965067.0 0.0 1808.8495031154257 0 0.00019757818
292610590.0 1.0 1797.2240411016078 1 1.0
77566681.0 1.0 1798.495395130085 1 0.9999999
445296618.0 1.0 1793.577213375826 1 0.9999999
203033921.0 0.0 1809.1825331254515 0 0.0005426182
316250867.0 0.0 1811.9530236575988 3 1.4295031e-29
20896006.0 0.0 1812.5990468289795 0 0.00014823454
177764590.0 1.0 1798.2035994583987 1 0.99999946
417842279.0 1.0 1798.140938684929 1 0.9999974
359249299.0 0.0 1809.4515374742978 0 3.690264e-05
354109773.0 1.0 1794.202494711061 1 0.9999916
327007693.0 1.0 1793.1822581740805 1 1.0
441726926.0 1.0 1799.7822796275843 1 0.9999918
453274255.0 1.0 1810.2024850171263 1 0.9999819
283838337.0 0.0 1805.5559446413604 0 1.0431582e-05
198242676.0 0.0 1803.4682185908052 3 9.05982e-16
428116498.0 1.0 1794.9531259790824 1 0.999998
268728977.0 1.0 1795.6177804641413 1 1.0
289357318.0 1.0 1794.388750726869 1 1.0
354258570.0 0.0 1812.3694421913524 0 3.046112e-09
387633966.0 1.0 1800.1580876237945 1 0.99999833
71981869.0 1.0 1796.973543038089 1 0.99999946
259941680.0 1.0 1798.9317614916094 1 1.0
306553760.0 0.0 1805.5148534880595 0 3.0075378e-05
427555786.0 1.0 1794.5134868066543 1 1.0
26504800.0 1.0 1797.1411248327279 1 0.9999999
390021728.0 0.0 1812.2601330225698 3 2.6527533e-36
129902788.0 1.0 1796.8285016426594 1 0.99999976
420497818.0 0.0 1805.2642024026263 0 8.549602e-09
258744825.0 0.0 1808.8681434689042 0 7.4106197e-07
241035265.0 1.0 1805.6192125357736 1 1.0
186937636.0 0.0 1793.141062452168 0 0.00045201526
77354467.0 0.0 1805.266312908866 0 0.00068681524
400407608.0 0.0 1805.198846437709 0 1.5918152e-10
264546812.0 1.0 1797.848319622113 1 1.0
420130562.0 0.0 1805.1994065454733 0 4.1237485e-09
373236148.0 0.0 1812.3885562931162 0 1.3683003e-09
194618143.0 0.0 1808.8494599333399 0 0.00032556307
285181196.0 0.0 1794.5370844835054 3 1.0133025e-05
245623164.0 0.0 1796.8901090570394 0 0.0003168248
373018518.0 0.0 1812.3466990511488 0 3.2745553e-11
67765541.0 0.0 1812.4743969040853 0 0.00018274313
82982711.0 1.0 1799.1391414028633 1 0.9999967
274950530.0 0.0 1812.3470261275424 0 7.777912e-09
417592712.0 0.0 1805.201513988352 0 0.0001653744
388634162.0 1.0 1793.3253839069037 1 0.99999833
249943198.0 0.0 1810.0155983715997 3 1.7364499e-28
264220563.0 0.0 1808.8449331837764 0 2.043197e-05
270813103.0 1.0 1795.9097422924578 1 1.0
198280388.0 0.0 1793.5306479936316 3 9.8824085e-30
198388252.0 0.0 1812.5930555839084 3 4.4214277e-28
367357103.0 1.0 1810.55476450693 1 1.0
317028902.0 0.0 1812.3487480085378 0 0.118794546
202866134.0 1.0 1796.0157972390139 1 0.99999875
378856799.0 0.0 1805.2223016510802 0 1.3019136e-09
396474313.0 1.0 1798.9721581845934 1 1.0
203093888.0 1.0 1796.3076085183025 1 1.0
315818361.0 1.0 1796.3902083493658 1 0.9999992
421110675.0 0.0 1800.660200013848 3 7.144975e-27
186600172.0 1.0 1798.3910917303635 1 1.0
252136926.0 1.0 1793.8275260780567 1 0.9999989
368727477.0 1.0 1794.7849833173311 1 0.99985373
326860407.0 1.0 1794.161414874658 1 1.0
83805971.0 1.0 1806.0556966950617 1 0.9999995
65354022.0 1.0 1806.1408443304647 1 0.9999911
422925969.0 1.0 1805.828323180541 1 0.9991848
354539917.0 0.0 1808.8695181102792 0 2.715124e-07
419745119.0 0.0 1809.1808927679365 0 4.2349984e-07
400951601.0 0.0 1808.932456403619 0 3.4831468e-05
401086140.0 1.0 1810.452857093584 1 0.99999875
235982769.0 0.0 1805.2205818615482 0 2.4935277e-06
22815944.0 1.0 1796.0789559333166 1 0.9999973
351691178.0 1.0 1810.159994244392 1 1.0
272784070.0 1.0 1793.3022425213771 1 0.9999986
407116205.0 1.0 1795.8888730744122 1 0.9999637
326917411.0 1.0 1796.4948478299834 1 0.9999962
421381395.0 1.0 1810.930929690288 1 0.99999785
409523757.0 0.0 1807.619926072694 3 2.4940886e-11
275709758.0 1.0 1794.6392778325335 1 0.9999957
353560400.0 1.0 1796.1808631692272 1 0.99999905
271237862.0 0.0 1796.9096929580428 0 2.8512628e-07
387628952.0 0.0 1805.5539304992076 0 5.437845e-07
139402768.0 0.0 1796.6411686827914 0 0.00031004098
52356561.0 0.0 1796.6394443457602 0 0.006092137
434171539.0 0.0 1795.055130167164 2 1.2238164e-09
258874998.0 1.0 1796.6782883551662 1 0.99999946
85490917.0 1.0 1798.1620855744593 1 0.9999986
250923367.0 1.0 1810.8487375018356 1 1.0
301742358.0 1.0 1798.2032236171315 1 0.99998724
388439859.0 0.0 1796.6380062460569 0 0.00010354836
348140556.0 1.0 1796.0984101890676 1 0.9999956
230079065.0 1.0 1797.8229041388431 1 0.9999997
428381104.0 0.0 1805.222408832643 0 2.3321568e-06
264795403.0 0.0 1799.0149948102442 2 8.8435125e-14
237235121.0 1.0 1810.470237872113 1 0.9999998
368603158.0 0.0 1812.389005532981 0 1.6111758e-07
291954355.0 0.0 1796.6407742475017 0 0.00017666697
236765030.0 1.0 1795.052639403611 1 0.9999998
288536399.0 1.0 1796.2659084310737 1 1.0
233093902.0 0.0 1797.968798171007 0 3.4060502e-08
402894602.0 0.0 1796.907817419407 0 0.0011685777
427592120.0 1.0 1793.5545776953657 1 0.9999999
470124714.0 0.0 1801.4918934292816 3 2.348156e-22
230116669.0 1.0 1795.885327386162 1 1.0
192295673.0 0.0 1805.2867160881628 0 0.00017214887
250559753.0 1.0 1793.2238683106525 1 0.9994811
272227512.0 1.0 1806.222207792856 1 0.99998075
408618322.0 1.0 1796.4726974552414 1 1.0
275713880.0 0.0 1795.4933362792929 2 0.31268898
252140076.0 0.0 1809.348059549117 3 1.8766192e-13
258628143.0 0.0 1808.8870417433275 0 6.029829e-05
404647115.0 1.0 1805.8666704307755 1 0.99996775
259273019.0 0.0 1794.0950316867802 2 3.7460993e-11
54052752.0 0.0 1805.6185651671926 0 0.0011394287
376925580.0 1.0 1811.0534929527973 1 0.9999953
285506890.0 0.0 1812.3485441078633 0 1.5434533e-05
359342947.0 1.0 1797.4931691994373 1 0.99999326
251438046.0 0.0 1808.8485456471053 0 3.819382e-06
445278656.0 0.0 1812.6603798714748 0 0.00015711985
255882694.0 1.0 1799.5352010074416 1 0.9999998
322209219.0 1.0 1793.575276960108 1 0.99997497
285235696.0 1.0 1797.2229121600483 1 1.0
326209759.0 0.0 1812.344705000068 0 8.60565e-06
54880878.0 0.0 1812.6602640049346 0 5.1477597e-05
200800648.0 1.0 1795.4119255113146 1 0.9999998
186664494.0 0.0 1805.8493972722458 2 3.388684e-05
397803684.0 1.0 1797.0140803388458 1 0.9999975
252112763.0 1.0 1799.0982495908424 1 0.99911016
376867523.0 1.0 1798.1569317419305 1 1.0
255878216.0 0.0 1794.847794500637 2 2.7102651e-05
251837157.0 1.0 1798.2859294067405 1 0.99999934
63345492.0 0.0 1805.4951231021332 0 0.0002737428
387809676.0 1.0 1795.0124131146715 1 0.9999998
307596372.0 1.0 1794.0777411397376 1 1.0
235714772.0 0.0 1812.345181666577 0 0.00029847422
376977645.0 0.0 1808.8647215812714 0 1.8800756e-05
388042002.0 1.0 1794.26249775925 1 0.9999999
429021042.0 1.0 1810.2422420401485 1 1.0
252841977.0 0.0 1812.3698293251196 0 0.0005274148
230380918.0 0.0 1808.844467868497 0 5.8477555e-05
412359429.0 1.0 1794.8462668559696 1 0.9999788
398182598.0 1.0 1795.4101858929728 1 0.9999999
236768822.0 0.0 1808.8442177415345 0 4.2306237e-05
186965998.0 1.0 1798.6409694804786 1 1.0
256503928.0 1.0 1805.971016880759 1 0.9999994
353781831.0 0.0 1797.968551782148 0 2.820668e-05
428208797.0 1.0 1806.328316831103 1 0.99999994
230133460.0 0.0 1808.8440919618479 0 4.2280132e-07
192558372.0 1.0 1795.9534575210307 1 0.99999994
312545762.0 0.0 1805.5354105506512 0 5.91064e-07
52521425.0 1.0 1793.577018666473 1 0.9997149
353989515.0 1.0 1799.447584781482 1 1.0
406267319.0 0.0 1805.2209251714696 0 6.849657e-05
433501897.0 1.0 1810.5994526559073 1 0.9999287
186618759.0 1.0 1811.4953309206255 1 1.0
422533361.0 1.0 1794.3064422383025 1 0.9999999
149905154.0 0.0 1796.6412709107524 0 0.00024092251
332685563.0 0.0 1805.2650242593497 0 2.3656348e-05
331852103.0 0.0 1805.2218561838697 0 8.801896e-07
20874349.0 1.0 1805.74515835987 1 1.0
265276170.0 1.0 1805.9925936034865 1 0.99906963
280325063.0 1.0 1795.430836779295 1 0.9999966
367948034.0 1.0 1798.3884597229794 1 1.0
309237940.0 1.0 1798.5985587404393 1 0.9999981
301259781.0 0.0 1808.973865866081 0 0.000218261
13946377.0 1.0 1797.8272925285337 1 0.9999999
288735375.0 1.0 1805.8870184669352 1 1.0
346729208.0 1.0 1810.2848201272693 1 0.9999999
390521483.0 1.0 1795.306643999148 1 0.9999998
396198156.0 1.0 1795.722058246343 1 0.9999788
249829985.0 1.0 1797.72372664722 1 0.9999936
365938919.0 1.0 1811.346846725085 1 0.9999969
149852368.0 0.0 1805.3702661105538 0 0.00029291786
264933524.0 0.0 1805.2423176318687 0 2.7409583e-09
219103938.0 1.0 1796.1568539862337 1 0.99999857
233079659.0 0.0 1807.7398311709655 3 4.99109e-08
268330571.0 0.0 1808.9082366105283 0 6.849711e-06
379598261.0 1.0 1797.6603326139898 1 0.9999941
245427260.0 0.0 1805.2236441819782 0 3.9995075e-07
353319337.0 0.0 1808.9519257046095 0 5.9270517e-09
149926162.0 1.0 1794.62036088365 1 0.9999997
73449656.0 0.0 1793.1412786082608 0 0.00013861935
354631851.0 0.0 1808.8904379290268 0 2.6830481e-08
116014367.0 1.0 1796.7030964244077 1 0.99997437
200734451.0 1.0 1796.4536449458137 1 0.9999995
427689755.0 1.0 1805.3885668243886 1 0.99999976
401087272.0 0.0 1796.8900806119393 0 0.00012356318
219894801.0 0.0 1794.1982969280248 0 0.00019711943
264224374.0 1.0 1796.8458503932143 1 0.9999999
194734225.0 0.0 1800.141049122141 0 4.798567e-05
312863051.0 0.0 1800.139857234832 0 2.935364e-05
285181196.0 0.0 1807.0577662857486 3 4.165407e-07
178105783.0 1.0 1810.182920773971 1 0.99999946
229446096.0 1.0 1799.4279681737587 1 0.99999595
275484012.0 1.0 1798.1392129627354 1 0.9998008
77545160.0 0.0 1795.3704754181183 3 3.4152053e-14
357048415.0 0.0 1800.2394463680048 2 3.4136642e-09
283246200.0 1.0 1797.9726004426548 1 0.99999976
315937374.0 0.0 1807.9110355922676 3 1.1308419e-16
233530865.0 1.0 1794.2818982641675 1 1.0
316515420.0 1.0 1796.7235240915659 1 0.99999994
52187611.0 1.0 1794.3062765146474 1 0.99964327
384598987.0 1.0 1810.8904278250882 1 0.999975
351608447.0 0.0 1796.805534401934 0 3.7190504e-05
280033934.0 0.0 1811.449234524019 3 5.981129e-21
192587439.0 1.0 1796.6617655143227 1 0.9999389
229462647.0 0.0 1812.3653409695225 0 8.629059e-07
85523152.0 0.0 1809.182928684456 0 0.00022733842
198457457.0 0.0 1812.3222218341468 3 1.447253e-37
433350615.0 0.0 1812.5367627710111 0 0.0005453809
264615805.0 0.0 1805.2652258389303 3 6.951833e-14
233534482.0 0.0 1808.8647657317824 0 0.0002901877
320381762.0 0.0 1796.639499711272 0 1.6982791e-06
275905335.0 1.0 1797.0352796139662 1 0.99999946
219738983.0 1.0 1794.1137904839734 1 0.99999726
333068559.0 0.0 1797.5774850674327 2 1.5133968e-14
279763747.0 0.0 1796.909305515597 0 3.1099123e-06
267543049.0 1.0 1805.324313348565 1 0.9987705
354131240.0 0.0 1798.0781321712202 2 5.1222186e-21
21283108.0 1.0 1810.1140647583113 1 0.9999955
292465493.0 1.0 1794.7032797307386 1 1.0
67636637.0 0.0 1812.5159825005599 0 0.0023294673
436931352.0 1.0 1796.7456202868236 1 0.9999708
322062685.0 1.0 1805.5751033694776 1 0.9997026
389971787.0 0.0 1812.7021303928225 0 3.7859493e-06
264552077.0 0.0 1808.8692753782798 0 5.620213e-07
427388381.0 0.0 1812.492333135087 0 0.00014741687
431870606.0 0.0 1805.203514436343 0 2.76937e-05
408729609.0 1.0 1795.179954451167 1 1.0
264917995.0 1.0 1795.6819643647377 1 0.9999634
356785133.0 1.0 1805.9279818197165 1 0.9999559
428748979.0 1.0 1794.721335273014 1 0.9999995
241046656.0 1.0 1806.1818854317994 1 0.9999931
286482458.0 1.0 1798.3897461438928 1 0.9999994
207490814.0 0.0 1805.2805425530394 0 7.5615626e-06
436851125.0 1.0 1797.1622685060936 1 0.9999996
28778026.0 1.0 1797.6616516926101 1 0.99999666
177764869.0 1.0 1797.453577433463 1 1.0
149979036.0 0.0 1805.474779337213 0 0.00015574574
81604058.0 1.0 1798.6814469260137 1 0.9999993
285130759.0 1.0 1793.160139364219 1 1.0
445177443.0 0.0 1810.5143818079437 2 8.6803275e-17
104311730.0 0.0 1808.848965210635 0 1.6004136e-05
356896098.0 1.0 1810.6766161734313 1 0.99999994
284314464.0 0.0 1812.7016416700255 0 1.609685e-05
403752701.0 0.0 1796.6398614190157 0 5.928923e-05
376367271.0 0.0 1793.6589431615373 2 2.1852949e-13
299328679.0 1.0 1794.9943361450796 1 1.0
250803662.0 0.0 1808.8695182649892 0 0.00016487607
229961793.0 0.0 1796.9071345747082 0 3.9037106e-05
395840779.0 1.0 1796.5348662045433 1 1.0
229943407.0 1.0 1794.6777718567457 1 0.9999983
326257345.0 0.0 1808.865740237183 0 9.35322e-06
441805642.0 1.0 1796.0113202034474 1 0.9999997
50126822.0 0.0 1798.5774969927368 2 1.6691986e-07
441720520.0 0.0 1812.3450098286298 0 5.4830838e-05
138017972.0 1.0 1793.2037202302622 1 1.0
332257870.0 1.0 1810.785499686999 1 0.9999671
272047922.0 1.0 1805.6179710257898 1 0.99986434
395608077.0 0.0 1805.7432924870616 2 1.7483613e-20
375082218.0 0.0 1808.848443607354 0 4.7496906e-07
370758693.0 0.0 1805.2026341952728 0 2.6398044e-05
21098399.0 1.0 1810.974407216911 1 1.0
417753741.0 1.0 1811.2841719505711 1 0.99987584
417841294.0 0.0 1809.057320624309 0 0.0003877895
331610898.0 1.0 1795.9523138544444 1 0.99999774
280461897.0 0.0 1808.972809533264 0 0.00020877337
387567417.0 0.0 1798.4289682902345 2 0.002285284
320279640.0 1.0 1811.160185599812 1 1.0
186720394.0 1.0 1798.3911930536053 1 1.0
284527341.0 1.0 1796.3477497911506 1 0.9998721
229784122.0 0.0 1808.84450949394 0 6.445935e-07
233691082.0 1.0 1797.0732738661666 1 0.9999998
264331531.0 0.0 1805.3459633163327 0 6.842823e-06
468293391.0 0.0 1804.805025514798 3 1.0662419e-30
198354443.0 0.0 1805.8638391288794 3 9.635213e-12
321688056.0 0.0 1808.9499550170065 0 4.225443e-05
372259239.0 1.0 1810.1794336262192 1 0.99999064
358940756.0 1.0 1795.5550049278233 1 0.99999964
68000442.0 1.0 1796.2452944920785 1 0.9999995
118421181.0 0.0 1805.287128727414 0 0.00026426886
445495082.0 0.0 1808.8692759482276 0 0.00031601242
186989051.0 0.0 1805.4951896549544 0 5.497398e-05
387600798.0 1.0 1805.9080311854748 1 0.9999958
354541405.0 0.0 1812.3902333532312 0 3.9245666e-08
82167490.0 1.0 1794.077417721248 1 0.9999984
129992194.0 1.0 1794.932734580889 1 0.9999993
441714502.0 0.0 1808.8448395528762 0 0.0004262913
322338879.0 1.0 1797.4526673346315 1 0.99996245
390018754.0 0.0 1812.3434426572908 0 0.00027856455
280466929.0 0.0 1812.4104136690064 0 0.0005123177
230083123.0 0.0 1793.177227812593 0 3.5698716e-07
252132565.0 1.0 1798.7440302210653 1 0.9999985
301575757.0 0.0 1808.8906147262903 0 1.6728464e-07
245761059.0 1.0 1811.5154084902654 1 0.99999994
367145487.0 0.0 1812.3671657793873 0 1.7060395e-10
238652771.0 1.0 1799.0779673684399 1 0.99999994
285233603.0 1.0 1794.0145553744414 1 0.9999468
117167920.0 1.0 1794.68212822902 1 0.9994243
198280388.0 0.0 1808.1765933569711 3 2.4911562e-29
301884046.0 1.0 1811.1829023149435 1 0.99999994
368608355.0 1.0 1800.2430662127367 1 0.9999999
370950343.0 1.0 1794.0777017461378 1 0.9999835
372276096.0 0.0 1793.3276427766673 0 3.4839843e-07
434437454.0 0.0 1796.9093352272187 0 0.00015152057
54368012.0 1.0 1794.2646647120014 1 1.0
326209505.0 1.0 1794.5942854156028 1 0.9999858
192423066.0 1.0 1795.432435608515 1 0.9999511
251306879.0 0.0 1805.2026241084218 0 6.249719e-05
129985474.0 0.0 1805.3910566076345 0 2.0221993e-05
378650885.0 0.0 1805.2429883497543 0 1.4643574e-07
301338156.0 0.0 1800.140561280089 0 2.2766955e-08
317472178.0 0.0 1808.8675005546413 0 5.954544e-08
420287943.0 1.0 1797.2228312619893 1 1.0
265292969.0 1.0 1810.5568570329663 1 0.9999992
354285424.0 1.0 1805.784057175186 1 0.99998313
436870928.0 1.0 1798.9330530588884 1 0.9998783
346656969.0 1.0 1793.6601241347416 1 0.99999964
366517381.0 0.0 1807.220558147312 3 1.7030498e-31
229456600.0 1.0 1805.2614148946413 1 0.9999746
283342429.0 0.0 1805.5561291228694 0 6.610829e-05
329246824.0 0.0 1808.1765713710074 3 1.0215189e-21
246977174.0 1.0 1795.7456440604071 1 0.99999607
256104600.0 1.0 1799.264635756293 1 0.9999984
347690287.0 1.0 1799.285967419855 1 0.99999905
385153342.0 1.0 1810.8700188780224 1 0.99999976
376260907.0 1.0 1799.4101098347182 1 0.99960244
428008661.0 1.0 1796.8052698693125 1 1.0
434717887.0 1.0 1798.450995567536 1 0.99998045
285507165.0 1.0 1794.2237187779774 1 0.99999285
285913908.0 1.0 1794.5146497350436 1 1.0
376367840.0 1.0 1799.9297674307072 1 0.99999994
327575969.0 1.0 1796.2032623572009 1 1.0
407423533.0 1.0 1794.8468749394553 1 0.99971765
10607167.0 0.0 1805.2856616979157 0 1.3940925e-05
354160375.0 1.0 1797.2443793799619 1 0.9999974
375657170.0 0.0 1805.61712200009 2 0.003891814
356917895.0 1.0 1799.34362417 1 0.9999983
230386284.0 0.0 1796.865321008896 3 7.422898e-12
71692572.0 1.0 1794.7650256185607 1 0.99999934
229977698.0 0.0 1812.3651665000848 0 3.6109455e-08
230133460.0 1.0 1810.3857769947567 1 0.99972576
389761749.0 0.0 1800.973027244572 3 0.3106605
449932026.0 0.0 1810.3281445447003 2 5.1775573e-06
390807955.0 0.0 1808.9107311691118 0 1.605371e-05
368893419.0 0.0 1805.2223566634912 0 1.300567e-11
137886126.0 0.0 1800.1413952428782 0 1.0640932e-10
317146115.0 1.0 1795.7649818732834 1 0.9999963
104146644.0 0.0 1808.848833069994 0 7.353312e-05
116559495.0 1.0 1794.0780440049793 1 0.9999999
309140602.0 0.0 1808.8901382990816 0 3.8462076e-08
283838337.0 1.0 1795.3060459745204 1 0.9999994
327256725.0 1.0 1810.4111516131068 1 0.99741274
441714735.0 1.0 1806.4072087379495 1 0.9999779
326920516.0 0.0 1796.6405116113492 0 5.939327e-06
407497031.0 1.0 1795.492764274945 1 0.99998987
372197986.0 0.0 1805.2026850985383 0 0.0019831094
327398586.0 1.0 1795.4324468774728 1 1.0
321683420.0 1.0 1799.2625683826795 1 0.99987197
90693515.0 1.0 1795.6203907868448 1 1.0
444525974.0 1.0 1796.5979486318038 1 0.99996275
198236985.0 1.0 1793.8014621433422 1 1.0
298732513.0 1.0 1797.1353082221813 1 1.0
265385320.0 0.0 1812.348650024424 0 1.8597502e-06
445142001.0 0.0 1812.7018831440894 0 4.7708214e-05
269824945.0 1.0 1795.7246912992932 1 1.0
444494162.0 0.0 1796.6394209218622 0 0.0005891285
368456093.0 0.0 1805.2014281074987 0 3.3316826e-12
353895736.0 0.0 1797.968585079387 0 1.3246656e-08
229483310.0 1.0 1794.6365005795083 1 0.99999994
359127164.0 1.0 1796.8056921011766 1 0.99999446
265460768.0 0.0 1796.9096450450954 0 0.00036904917
83812531.0 0.0 1810.9306673357978 3 3.2323012e-06
436857992.0 0.0 1812.6203817902717 0 0.00037536182
255993777.0 0.0 1805.2619986633651 3 1.0149118e-05
285181196.0 0.0 1806.0994536155292 3 4.2138745e-06
390020125.0 1.0 1800.0726590292911 1 0.9889623
407430974.0 1.0 1797.80519177632 1 0.99999493
184610711.0 0.0 1805.3908765738702 0 2.283318e-05
420287850.0 1.0 1793.5957122839318 1 1.0
358902936.0 0.0 1812.346633407016 0 1.5741862e-06
26651857.0 1.0 1810.3080547914299 1 1.0
423456170.0 0.0 1808.9314319330701 0 0.005212117
435446572.0 1.0 1799.5343822914263 1 1.0
298360871.0 1.0 1810.304984916277 1 0.9994934
311939238.0 1.0 1810.8894236313142 1 0.9999936
275059964.0 1.0 1795.5343615689123 1 0.99999964
307111490.0 1.0 1797.3275992450574 1 0.99999976
21023342.0 1.0 1794.8914443971928 1 0.9999659
240978972.0 1.0 1805.619313576942 1 1.0
302314964.0 1.0 1795.6407051841807 1 1.0
186966008.0 1.0 1797.578474384382 1 1.0
417607351.0 0.0 1796.8250198295693 0 1.5459735e-05
117114712.0 1.0 1795.82817583968 1 0.9978416
396611757.0 1.0 1798.411616142471 1 0.9999993
422521515.0 1.0 1810.1174551421125 1 0.9999993
399763750.0 0.0 1795.5550408246563 2 0.0015118503
200792606.0 0.0 1806.7245089733897 3 1.8246405e-08
423456170.0 1.0 1799.3272206262268 1 0.9999873
241116452.0 0.0 1796.6405242538156 0 1.0955671e-06
129684740.0 0.0 1805.515878410391 0 7.876739e-05
285568403.0 1.0 1811.515600445424 1 0.99999833
275463340.0 1.0 1796.1185165948175 1 1.0
308288258.0 1.0 1797.265392528706 1 0.99999785
230123810.0 1.0 1800.4898100689636 1 0.9999915
249940864.0 0.0 1812.7029918531011 0 1.1177442e-05
198457457.0 0.0 1809.9055594615686 3 2.3283212e-20
201357261.0 1.0 1810.6203765427147 1 0.9999999
354154923.0 1.0 1799.9320419600595 1 0.99994457
356894552.0 0.0 1794.4061960972222 0 0.00010946537
399125258.0 0.0 1809.202295588104 0 5.3060556e-10
5724371.0 0.0 1808.849429554877 0 0.00011154964
292937697.0 1.0 1794.1199286728956 1 0.9999648
200860735.0 1.0 1795.26594235562 1 0.99999565
233618491.0 1.0 1797.0110464838704 1 0.99993986
81913717.0 0.0 1812.4106296307255 0 0.00010019729
233576783.0 0.0 1805.2193283968593 0 0.00045326113
272540534.0 0.0 1812.3470616856189 0 4.7663645e-05
315809188.0 1.0 1805.741642715604 1 0.9999999
29058618.0 1.0 1795.8497035294035 1 0.9999998
354638957.0 1.0 1810.474108292825 1 1.0
269888580.0 0.0 1796.6413697237615 0 0.00039372517
233097666.0 1.0 1810.8855448703023 1 0.99999964
270012643.0 1.0 1796.0137416993152 1 1.0
269517740.0 0.0 1800.4095887864544 0 3.0696879e-06
285238432.0 0.0 1808.8694222684003 0 2.842986e-06
354156485.0 1.0 1797.0570423544739 1 0.99998206
326732912.0 0.0 1793.4099365144125 0 4.1526005e-11
354254572.0 1.0 1798.4320249333487 1 1.0
305551437.0 1.0 1810.8870262899086 1 0.9999999
312769926.0 0.0 1812.6810688915548 0 2.1310639e-07
445646018.0 0.0 1805.2027681936029 0 0.0007182067
250560272.0 0.0 1812.390378599086 0 0.00039200703
203009116.0 0.0 1805.2240883581144 0 1.3964896e-07
192692277.0 1.0 1795.32843537991 1 1.0
349296494.0 0.0 1805.474665408344 0 0.0035199614
433283181.0 1.0 1795.1410634757435 1 0.9999998
445483401.0 1.0 1799.1818071072971 1 0.9999875
407390845.0 0.0 1812.3469373318208 0 0.00017718859
395921100.0 1.0 1794.6594516171176 1 0.99999976
299441746.0 1.0 1797.4737435686766 1 0.9994776
73693030.0 1.0 1798.7870982303868 1 0.9999982
286240608.0 0.0 1809.0161591514495 0 0.00024697869
379637275.0 1.0 1798.0978639272867 1 1.0
326794161.0 1.0 1794.931062578376 1 0.99999994
434625997.0 0.0 1804.4092770908126 3 1.2606855e-14
284530877.0 1.0 1806.0767729874324 1 0.9999088
312143698.0 1.0 1795.889776392829 1 0.9999999
198354443.0 0.0 1796.8013348536388 3 3.5690255e-16
198209214.0 0.0 1798.010021796245 2 5.0723347e-13
65350258.0 0.0 1805.2867437601394 0 0.0002330645
376231525.0 1.0 1797.929782571376 1 0.9999496
250583203.0 1.0 1793.557130361261 1 0.99999404
230133595.0 0.0 1808.8441494705658 0 3.9112124e-06
400340005.0 0.0 1808.8471708104266 0 0.0017817502
436844413.0 0.0 1793.1414374619415 0 0.00012084837
378763922.0 1.0 1810.5971342864602 1 0.9999794
129982283.0 0.0 1812.7241322675804 0 0.00038426643
270663963.0 1.0 1799.7012850621904 1 0.9999998
301647105.0 0.0 1795.2863096579454 2 1.1071668e-12
390021728.0 0.0 1808.0310319555265 3 3.507236e-32
427590008.0 1.0 1795.3467364293567 1 1.0
428010024.0 1.0 1805.4510823794894 1 0.9998936
280069440.0 0.0 1808.865795341455 0 0.0002857535
245553367.0 1.0 1797.640231147264 1 0.99994
326785507.0 0.0 1793.1393332754233 0 1.1362835e-13
367424962.0 0.0 1805.2421037721097 0 5.9475633e-07
307597507.0 1.0 1798.6194780848125 1 0.9999903
77548002.0 0.0 1805.2037615681538 0 0.00019227187
291959251.0 1.0 1798.8698932255943 1 0.9999997
235679514.0 1.0 1797.6785556080843 1 1.0
63397968.0 1.0 1795.4328854194196 1 1.0
431989227.0 1.0 1798.7449598187545 1 0.99999595
50116665.0 0.0 1805.3064852441028 0 7.4402604e-05
13280154.0 1.0 1811.1590450078581 1 0.99984163
302074456.0 1.0 1795.0780998914963 1 0.999985
50265531.0 1.0 1797.9314165552626 1 0.99999994
10705974.0 1.0 1795.9521997690777 1 0.9999997
61085210.0 1.0 1810.6829067588137 1 0.99999493
326856920.0 1.0 1797.8072185068202 1 0.9999807
201377796.0 1.0 1796.7242217273695 1 0.9999999
387881576.0 1.0 1810.4705038847003 1 0.9999997
308439651.0 1.0 1796.7860390123226 1 1.0
256487112.0 1.0 1798.34813924086 1 1.0
77543001.0 0.0 1796.7038453765117 0 0.0002723093
232634864.0 0.0 1808.884779133202 0 1.2724861e-05
192469090.0 1.0 1810.2243255349802 1 0.9999963
332809311.0 1.0 1796.7023568653633 1 1.0
420286909.0 1.0 1797.7832900491142 1 1.0
63400413.0 1.0 1798.3078075140613 1 0.99999803
73692342.0 1.0 1810.349444617689 1 1.0
54993593.0 0.0 1809.2021769216549 0 1.9716602e-07
192881189.0 1.0 1793.474210947698 1 0.99999976
178175702.0 0.0 1808.8495424794078 0 8.012995e-05
13265877.0 1.0 1797.7647117341714 1 1.0
367681735.0 0.0 1811.6361617078878 3 4.026148e-24
408619059.0 0.0 1797.493503848665 2 7.658195e-11
375847878.0 1.0 1793.6381747259438 1 0.999997
302468661.0 1.0 1794.3906892071525 1 1.0
252809641.0 1.0 1799.2239865339625 1 0.99904484
237114243.0 0.0 1805.1974516144453 0 1.263904e-05
293122910.0 0.0 1812.6824144691088 0 0.00076148147
268632047.0 0.0 1805.2009932939895 0 3.9032006e-05
299443090.0 0.0 1807.869438297281 3 2.6026926e-08
278849465.0 1.0 1805.7016049007884 1 0.99999964
370847962.0 1.0 1811.473383018983 1 1.0
399830105.0 0.0 1808.8468923029109 0 5.9947866e-05
5734166.0 0.0 1805.2036895435922 0 0.003334377
356868637.0 1.0 1811.38618980302 1 0.99989396
435680452.0 0.0 1808.8468364885196 0 3.453159e-05
279705345.0 1.0 1796.7011545626056 1 0.99999505
269913134.0 1.0 1810.8912913857005 1 1.0
441720520.0 1.0 1794.9280658229302 1 0.99992687
232621439.0 1.0 1798.6351042170886 1 1.0
233060904.0 0.0 1808.9270073785488 0 0.00077374466
396448119.0 0.0 1805.2016258257129 0 4.0168514e-05
286119109.0 1.0 1795.431441115503 1 1.0
360019091.0 1.0 1796.3035294997092 1 1.0
236776931.0 0.0 1812.447969829205 0 1.7507165e-05
376680407.0 0.0 1812.3463555920196 0 1.6217476e-06
416400694.0 1.0 1798.4276356527387 1 0.99999976
308366236.0 1.0 1798.4528209200669 1 0.9998492
71929379.0 1.0 1797.5567020408764 1 0.9999861
14037881.0 0.0 1794.3482152839833 0 3.741578e-07
46629059.0 0.0 1800.1414412595532 0 0.0036136436
372124049.0 1.0 1805.4112154389586 1 0.99999917
359593549.0 1.0 1797.7432566541627 1 0.9999982
327396263.0 0.0 1808.8487760556513 0 5.420551e-05
297647356.0 0.0 1797.6808357441294 3 0.00091731525
337418157.0 0.0 1808.912151967934 0 7.899471e-05
301100630.0 0.0 1812.3488021302928 0 0.00041978012
435593977.0 1.0 1806.3259395338837 1 0.99999946
63791013.0 0.0 1809.2451396620463 0 0.000154508
284889047.0 0.0 1805.3432068925176 0 1.25987135e-05
129685626.0 0.0 1809.224186572136 0 0.00028267692
250801067.0 1.0 1810.5778956435609 1 0.9999974
455961098.0 0.0 1793.409197541392 0 1.5443053e-11
372079714.0 1.0 1797.242110546841 1 0.9999988
250504683.0 1.0 1810.8069622072633 1 0.99999714
250750153.0 0.0 1798.0780230090777 2 2.92411e-06
445666747.0 1.0 1799.1817769261575 1 1.0
400608869.0 1.0 1806.4110994013797 1 0.99999815
264546144.0 0.0 1805.2001971570476 0 3.0543688e-06
224601458.0 1.0 1798.697251745461 1 0.99997574
292608881.0 1.0 1794.9531856868468 1 0.9999999
251170424.0 0.0 1805.2028119032468 0 3.9376355e-06
272627324.0 1.0 1811.4303623047426 1 0.9999909
321689005.0 0.0 1805.4708275898622 0 5.902139e-05
320186807.0 0.0 1812.7017106733408 0 1.5031021e-06
416045896.0 1.0 1797.3075784315404 1 0.99999136
12481013.0 1.0 1794.8273628924644 1 0.9999325
398265273.0 1.0 1793.470661464802 1 0.9999994
235944478.0 1.0 1793.9913297179553 1 0.999998
249889812.0 1.0 1798.2029550000286 1 0.9999978
327732339.0 1.0 1794.3907715838327 1 0.9999995
192293607.0 1.0 1794.5156979821938 1 0.9999969
403340714.0 1.0 1793.5561279451304 1 0.9999933
219899510.0 0.0 1808.8857186460664 0 1.2064127e-06
247400166.0 0.0 1796.6414949886891 0 0.00032096592
90694245.0 0.0 1805.4746686631433 0 0.00045459296
331931799.0 1.0 1806.284745630467 1 0.9999994
280465934.0 0.0 1797.8476151803195 0 0.0004104113
431866149.0 1.0 1797.0573873442945 1 0.99999696
407497205.0 0.0 1805.201131906121 0 3.5989778e-10
77271009.0 0.0 1808.93285143638 0 0.00058273866
258958430.0 1.0 1810.886634284182 1 0.9999952
375985429.0 0.0 1805.2004989733084 0 4.151019e-10
252841611.0 1.0 1797.6404926303007 1 0.99998647
137908456.0 0.0 1796.6412117536456 2 5.1011742e-05
445349321.0 1.0 1797.7023975823975 1 1.0
283938009.0 1.0 1795.2435511072429 1 0.9999681
46502622.0 1.0 1810.5789751470304 1 0.9999954
422519262.0 1.0 1806.0335627729592 1 0.9999994
317710049.0 0.0 1812.346605176248 0 8.390908e-06
420302118.0 1.0 1798.8874828339342 1 1.0
82160790.0 1.0 1794.4105649676192 1 1.0
372119692.0 1.0 1796.9110667379623 1 0.99987227
379629556.0 1.0 1797.9725284722128 1 0.99999356
436934603.0 1.0 1811.1204598508536 1 0.9999993
230074876.0 1.0 1794.8022994019866 1 0.999998
399763482.0 1.0 1798.88846728759 1 1.0
323122801.0 0.0 1810.1167397775555 2 0.0068831616
390241438.0 1.0 1794.5977794009123 1 0.99999803
229676244.0 0.0 1798.3238602591327 3 2.5046554e-09
249917077.0 1.0 1794.5155989225668 1 1.0
331749952.0 1.0 1810.8260986556122 1 0.99999994
352406943.0 1.0 1793.6789367892354 1 1.0
398016107.0 0.0 1798.7224552892767 2 4.15637e-12
201180697.0 1.0 1798.765949851226 1 0.99999195
186745918.0 1.0 1797.7035508677664 1 0.99999964
238743789.0 0.0 1812.4324110482623 0 0.0003071097
418981482.0 1.0 1811.180461716057 1 0.99992716
252862134.0 1.0 1796.3696143217169 1 0.9999996
240957101.0 0.0 1808.89000949449 0 7.741082e-05
285181196.0 0.0 1808.4119014691864 3 0.00056253426
436880428.0 1.0 1810.4121150728733 1 0.9999983
397368311.0 1.0 1793.287255687557 1 0.99998593
230134326.0 1.0 1795.719180023714 1 0.99998593
229914252.0 1.0 1797.11535826773 1 0.9999999
236872570.0 1.0 1795.324326196117 1 0.99999696
65083152.0 0.0 1805.203536450303 0 0.00022058237
229435185.0 0.0 1812.3654105189426 0 6.3855423e-06
249892153.0 0.0 1805.244599299191 0 0.0007024541
184588988.0 1.0 1810.4949230373009 1 0.99999636
251816139.0 0.0 1808.8488505864482 0 9.352205e-05
384651396.0 0.0 1808.8485940743863 0 3.8748323e-05
198238736.0 1.0 1806.1560423715098 1 0.99999976
230377874.0 1.0 1798.552572540826 1 0.9999997
292148770.0 0.0 1805.2448369875176 0 4.3014396e-08
229676244.0 0.0 1803.948952937994 3 5.7946104e-06
256925930.0 0.0 1805.2199521105547 0 4.337387e-06
271917717.0 1.0 1798.5973057661456 1 0.99999976
268516426.0 0.0 1800.4093719587006 0 6.607608e-06
271338592.0 1.0 1805.8887370855582 1 0.99999917
366830370.0 0.0 1805.2004005176552 0 6.2197123e-09
356980849.0 0.0 1812.3434435782426 0 0.00046450456
94373607.0 1.0 1797.1828594743881 1 0.99999964
280129025.0 0.0 1810.8476195007943 2 5.620954e-06
65650616.0 0.0 1796.6407105607464 0 0.00012307471
229969976.0 0.0 1810.3861074695535 2 0.00024997265
245421634.0 1.0 1797.7234763916952 1 0.9999925
13089158.0 0.0 1812.4108347914312 0 7.081952e-07
287151482.0 0.0 1808.9686175180825 0 0.0003589501
390661644.0 0.0 1808.869201912876 3 0.13701992
275702972.0 1.0 1798.5353687740521 1 1.0
230386284.0 0.0 1802.3444246488893 3 8.341563e-14
272230452.0 1.0 1794.6390555388418 1 1.0
192933357.0 0.0 1800.14086852538 0 1.701437e-06
268723048.0 1.0 1794.4927802936377 1 0.9999898
316514122.0 0.0 1808.8487645500004 0 2.2997453e-06
229704187.0 1.0 1797.031896634543 1 0.99999934
395523524.0 1.0 1810.5346836190838 1 0.9999306
258802399.0 1.0 1793.9906056241414 1 1.0
229403012.0 0.0 1812.3443143542966 0 5.5374735e-06
366553781.0 1.0 1794.1794483373662 1 0.9999997
279979169.0 1.0 1798.5118388503536 1 0.9998495
362258261.0 1.0 1796.9493966563828 1 1.0
428458355.0 0.0 1812.6600039892967 0 1.4997878e-05
378530739.0 1.0 1795.7429961802206 1 1.0
445287089.0 0.0 1799.2230060376216 3 1.4062268e-26
372211947.0 0.0 1805.2211593987658 0 1.4756314e-07
372431403.0 0.0 1793.6816972146971 2 3.8204533e-07
94332065.0 0.0 1796.6412163828847 0 0.0011076909
284913961.0 1.0 1793.639317122721 1 1.0
236814952.0 0.0 1797.9691436333358 0 7.8416846e-08
192646201.0 0.0 1812.4743340777895 0 7.3657124e-05
390122235.0 1.0 1799.0355714531245 1 0.9999954
383553196.0 1.0 1794.3244912342566 1 0.99999696
259144809.0 1.0 1797.3281484541094 1 1.0
321545759.0 1.0 1810.2831777248111 1 0.9999969
63782213.0 1.0 1797.4120406995773 1 1.0
233005469.0 1.0 1794.4480192678504 1 0.9999426
327397734.0 1.0 1798.3490594875893 1 1.0
331363487.0 0.0 1805.2215563750872 0 0.00021464324
279659374.0 1.0 1795.6176822089592 1 0.9999414
186717969.0 1.0 1798.5577402601023 1 0.99995065
236985679.0 0.0 1808.8658834529795 0 0.0012817748
390467753.0 0.0 1808.9107913183589 0 7.506781e-05
35157572.0 0.0 1809.3706513959894 0 0.00032166342
21128734.0 1.0 1810.3077888885891 1 0.9996837
230125089.0 0.0 1805.19825417621 0 1.5738125e-06
428381323.0 1.0 1798.4933116308177 1 1.0
431926767.0 1.0 1798.3492363609264 1 0.99999946
282881771.0 1.0 1810.1179906207337 1 0.999968
252862091.0 0.0 1793.390369585087 0 2.6428584e-06
399075008.0 1.0 1793.6608993756954 1 0.99999994
422426616.0 1.0 1794.7625286957125 1 1.0
434626112.0 1.0 1795.5969194858308 1 0.99982375
237015854.0 1.0 1806.0325928971977 1 0.999997
396115493.0 0.0 1796.8055259908126 0 2.0306521e-05
445349361.0 1.0 1799.6607039416126 1 0.99999875
455824689.0 1.0 1793.5960263870527 1 0.9999998
235941004.0 1.0 1799.9079525498405 1 1.0
371426535.0 0.0 1812.4329617842686 0 0.003011337
327604783.0 1.0 1810.452857913313 1 0.99999785
13389059.0 0.0 1798.7218446882164 3 1.6491842e-18
435446518.0 0.0 1800.4093808911355 0 0.02053923
402981829.0 0.0 1805.2006840700467 0 5.90607e-10
396026956.0 0.0 1808.868010284385 0 1.3051128e-05
77268684.0 0.0 1809.0579213340977 0 0.000431728
90764817.0 1.0 1798.7662444457292 1 0.99998885
65166096.0 1.0 1795.3490934553702 1 0.9999991
435742272.0 1.0 1794.388105193011 1 0.9999993
424283441.0 0.0 1808.9316849719771 0 0.000100091485
331508136.0 1.0 1794.2233847683376 1 1.0
291882901.0 1.0 1810.890586288529 1 0.9999988
321598171.0 1.0 1795.5126156473918 1 0.9999957
194604557.0 0.0 1808.9536731624933 0 0.00051296956
249952446.0 0.0 1805.2446574477335 0 4.3450605e-08
250558504.0 0.0 1812.369601429738 0 3.728558e-10
427440115.0 1.0 1795.4092625900087 1 0.9999985
117811891.0 0.0 1796.8280960394306 0 1.9910615e-06
354117541.0 1.0 1797.2419191507113 1 0.99962884
285684806.0 1.0 1796.8480347329032 1 0.9999239
219740187.0 0.0 1800.176910928403 0 0.0002478047
192288719.0 1.0 1805.8076096570423 1 0.99998856
292978225.0 0.0 1809.1824407073384 0 0.00015993038
396565788.0 0.0 1795.2639489970018 2 3.2816333e-11
265009508.0 1.0 1796.7234308749082 1 0.9999786
264615805.0 0.0 1810.7860214291052 3 3.195742e-05
332046772.0 1.0 1795.0564999150645 1 1.0
117755317.0 1.0 1794.86962701552 1 0.99999917
258701177.0 0.0 1797.80308949684 2 6.9303493e-13
229586763.0 0.0 1805.199101730314 0 5.039973e-06
384726462.0 0.0 1808.8487273699784 0 2.1846394e-05
275260122.0 0.0 1805.2011389720474 0 7.824569e-06
370003929.0 1.0 1797.285785799119 1 1.0
374396770.0 1.0 1795.2438844819353 1 0.99999857
354116951.0 1.0 1797.8044121695577 1 1.0
394088540.0 1.0 1810.7412696345068 1 0.9999969
279778620.0 1.0 1810.242740309394 1 1.0
398325962.0 1.0 1794.804610265685 1 0.99973714
71852651.0 1.0 1810.8067247722727 1 1.0
353929309.0 1.0 1798.8497085701526 1 0.9999963
284057015.0 1.0 1796.4120046462574 1 1.0
427737203.0 0.0 1805.6414500209269 0 0.0006172839
229979473.0 1.0 1796.9697073784273 1 0.9999988
398214522.0 1.0 1798.6604342658295 1 0.99999964
101350756.0 1.0 1797.2871134364664 1 0.99999696
178044996.0 1.0 1795.745166264117 1 0.9999924
354288830.0 1.0 1797.5340779177548 1 0.9999926
302080732.0 1.0 1794.05703862866 1 0.99999994
370271562.0 1.0 1798.2857915147165 1 0.99998516
256306757.0 1.0 1795.576893181921 1 1.0
237237907.0 1.0 1799.157878565126 1 0.9999999
250505667.0 0.0 1805.20283924247 0 4.3529075e-05
389972302.0 1.0 1795.9522383680614 1 0.99998397
196948881.0 0.0 1805.9944563258512 2 0.00023348979
230392566.0 1.0 1797.4694420240385 1 0.99999416
366918728.0 1.0 1805.762973304744 1 0.9999996
394129205.0 1.0 1794.3451513150394 1 0.9999695
245662663.0 0.0 1793.3276372161984 0 2.2167287e-10
396339551.0 0.0 1804.1808722295573 3 3.8227235e-08
427471138.0 1.0 1795.7634277496343 1 1.0
236878035.0 0.0 1793.4076977217899 0 2.594956e-05
400408265.0 1.0 1799.9489750491869 1 0.9999979
117399022.0 1.0 1805.4116053297544 1 0.999999
192248294.0 1.0 1799.140797677527 1 1.0
65485843.0 1.0 1795.682384709649 1 0.9999999
331515737.0 0.0 1798.8273638846008 2 1.7993943e-11
326914327.0 0.0 1805.2029583231126 0 9.219492e-05
286224091.0 1.0 1796.264913648642 1 1.0
243297793.0 0.0 1805.1983876377674 0 1.1132229e-12
233211441.0 1.0 1797.7609715314104 1 0.9999994
406680207.0 1.0 1810.471792516916 1 1.0
186746448.0 0.0 1796.6410139759457 0 0.0014434824
240957123.0 0.0 1793.1402642666478 0 0.0012218166
284140615.0 0.0 1809.201748463484 0 8.886382e-09
229479981.0 1.0 1793.8657756456391 1 1.0
354602800.0 0.0 1812.6808674019558 0 2.230956e-05
353897607.0 1.0 1810.3225458152153 1 1.0
260032406.0 1.0 1794.8694462139658 1 0.99999493
423953351.0 0.0 1812.3668148412519 0 2.0169769e-06
372498538.0 1.0 1811.222480492065 1 0.99998033
224605072.0 0.0 1808.2598364908931 3 4.0852668e-22
159508285.0 0.0 1805.9283616853977 2 4.539198e-07
390659967.0 1.0 1797.4732094896624 1 0.99999887
229458191.0 1.0 1796.8447690653804 1 0.99999845
250503295.0 1.0 1796.7029488194464 1 0.9999923
198354443.0 0.0 1807.6971766861604 3 3.1567083e-20
229443205.0 1.0 1797.0531921876475 1 0.9999642
235687126.0 0.0 1808.8661428652044 0 3.441803e-09
397280529.0 0.0 1812.4312188972813 0 0.00011275135
285670349.0 1.0 1793.4110971094667 1 0.9999799
285595336.0 1.0 1806.3476095508859 1 1.0
177800448.0 1.0 1794.474434772517 1 0.99999017
137908356.0 0.0 1793.141151921065 0 0.00013977702
270812636.0 1.0 1805.4512315733552 1 0.99975187
118393132.0 1.0 1797.9330464619013 1 1.0
354258570.0 0.0 1805.22376915466 0 3.583638e-05
445496340.0 1.0 1811.5150448974193 1 0.9999983
351873519.0 1.0 1793.4725094683672 1 1.0
331317391.0 1.0 1798.5773847316004 1 1.0
315809582.0 0.0 1808.9499502490219 0 4.893065e-07
372071808.0 0.0 1796.8254055048872 0 2.7191449e-05
26535689.0 1.0 1797.9744752108816 1 1.0
250481378.0 1.0 1796.7862480440392 1 0.99982035
240962467.0 1.0 1810.1607441969995 1 0.9999915
445369776.0 1.0 1795.2023040620898 1 0.9999996
202843094.0 0.0 1805.2449099554108 0 0.00011202507
229912765.0 1.0 1795.511295826212 1 0.9999353
369279350.0 0.0 1809.1395694551657 0 0.0042342586
352284597.0 1.0 1797.9514796681906 1 0.9999999
376042276.0 1.0 1810.6379410803193 1 1.0
377251803.0 0.0 1807.302247804904 3 3.2569377e-20
259297355.0 0.0 1805.4742915696836 0 8.705943e-06
404898257.0 1.0 1798.3876622943187 1 1.0
71847068.0 0.0 1793.348338135833 3 6.8104695e-11
272731184.0 1.0 1799.763916114017 1 0.99098784
394031258.0 1.0 1805.4080030865837 1 0.9999999
269828846.0 1.0 1793.3912688636208 1 0.9999998
286240747.0 1.0 1798.5163165191877 1 1.0
428299206.0 1.0 1793.5780067112457 1 0.99999607
316960543.0 1.0 1797.8067089888111 1 0.9999988
308529167.0 0.0 1812.4733631041038 0 9.352507e-06
284046473.0 1.0 1796.9516841703417 1 1.0
82162663.0 1.0 1798.702398647636 1 0.9999954
250986432.0 1.0 1798.4323539304414 1 0.9999994
420268013.0 1.0 1794.0123675247153 1 0.9999993
400246320.0 1.0 1805.784736350415 1 0.99999917
349979036.0 1.0 1795.1371180257006 1 0.99987763
407354487.0 1.0 1796.764129201361 1 0.9999994
377251803.0 0.0 1806.7397595744137 3 1.2758406e-25
390341511.0 0.0 1811.181409947879 2 0.00014076411
240832176.0 0.0 1798.4942010111947 2 3.828897e-08
348306290.0 0.0 1808.8486434183073 0 3.9496535e-09
388509461.0 1.0 1811.263091276347 1 0.99988055
160493914.0 0.0 1808.9485092211976 0 0.00013575333
252186236.0 1.0 1798.1607623884363 1 0.99996156
441765604.0 1.0 1794.323898477259 1 0.99999976
192842401.0 0.0 1793.140725448113 0 0.0003012961
384805458.0 1.0 1806.2653180390232 1 0.9999994
269708304.0 0.0 1812.3467800067294 0 1.0614121e-09
407493964.0 1.0 1798.6387238159793 1 0.999993
367951052.0 0.0 1808.8466801590823 0 0.00064515014
336119492.0 0.0 1805.429110792204 0 3.812035e-06
236762470.0 1.0 1797.7403492638216 1 0.99999654
445320450.0 1.0 1797.5146482707305 1 0.9999642
83804128.0 1.0 1805.7431739867995 1 0.9999991
264293712.0 0.0 1800.1375724959075 0 0.00011087434
302391058.0 0.0 1812.369650432569 0 0.0003707298
312862956.0 0.0 1812.7021092624248 0 5.90724e-05
327790460.0 0.0 1808.8487628018106 0 1.7196339e-06
13764526.0 0.0 1808.9107819530782 0 8.905774e-05
417231174.0 1.0 1798.5765227827671 1 1.0
258352236.0 1.0 1810.4074417515221 1 1.0
192792952.0 0.0 1795.682460235748 2 1.272991e-05
49731618.0 1.0 1811.3067167633706 1 1.0
399079021.0 0.0 1796.6401218950737 0 8.467125e-05
284528940.0 1.0 1795.035228332907 1 1.0
374030402.0 0.0 1797.8480272755005 0 0.00012745535
321720499.0 0.0 1808.866564126634 0 4.184554e-08
65485618.0 1.0 1793.786490692268 1 0.99984443
279704903.0 1.0 1805.5968840288908 1 0.99999994
68156985.0 1.0 1796.2036446540612 1 0.99999696
240939060.0 0.0 1808.889959007782 0 2.079457e-05
427641495.0 1.0 1799.6393649104375 1 0.9999398
357050032.0 1.0 1796.947950500666 1 0.99998605
230396449.0 0.0 1797.1360482312875 2 0.000739177
71926521.0 1.0 1797.5984580344004 1 1.0
412881919.0 1.0 1805.4502683860128 1 0.9998277
229942663.0 0.0 1798.990184056493 2 3.555157e-06
362964028.0 1.0 1811.2425311585491 1 1.0
392123267.0 1.0 1794.0360460321288 1 0.9999991
177919166.0 0.0 1805.2662333925266 0 0.00018954765
63466196.0 0.0 1812.6824371758412 0 0.0001028222
428661642.0 0.0 1808.8472761294965 0 1.9995696e-08
202959060.0 0.0 1794.9324053966575 2 1.2057398e-12
274801366.0 1.0 1794.1174874355688 1 0.99999994
138017750.0 0.0 1797.3496203985533 3 0.0014074396
373322764.0 1.0 1810.2218746455449 1 0.9998142
285691112.0 1.0 1810.4523560633495 1 1.0
284143800.0 1.0 1797.7227895564079 1 0.9999987
399084016.0 1.0 1793.7232918834789 1 0.9999671
317473322.0 0.0 1805.2008473326791 0 4.614451e-06
21017686.0 0.0 1796.6414255081763 0 0.00091306
233544651.0 1.0 1810.656654237001 1 0.99997586
301743323.0 0.0 1805.224052709655 0 5.2838233e-05
271449248.0 1.0 1796.9931009328848 1 1.0
50349530.0 1.0 1794.9939970669097 1 0.9999999
101255981.0 1.0 1798.6829416108399 1 0.9999997
237221686.0 1.0 1798.887039428279 1 1.0
118392759.0 0.0 1808.9537026351875 0 0.00040516345
327365295.0 0.0 1800.2852195592593 0 0.00012768258
445423597.0 1.0 1799.2022777397242 1 1.0
13463522.0 0.0 1805.2008692515276 0 2.0487536e-05
240865210.0 0.0 1811.3064381225317 2 2.0507941e-06
252129765.0 0.0 1809.2021390848097 0 0.0004782576
252118886.0 1.0 1795.2647913997746 1 0.9999999
28693845.0 1.0 1794.7034459589343 1 0.9999995
359436624.0 0.0 1796.6392478542036 0 5.0348808e-05
186943628.0 1.0 1796.8911168841207 1 0.9999995
407415290.0 0.0 1793.265578814283 0 9.992184e-08
233525873.0 0.0 1793.8651081919038 2 1.0302585e-08
259253371.0 0.0 1812.3907683241687 0 0.00020670197
427650789.0 1.0 1798.1592372593745 1 0.9995339
292977865.0 1.0 1794.8075703248703 1 1.0
406843547.0 1.0 1798.6806303693515 1 0.99999404
286237650.0 1.0 1798.8912135787025 1 0.999972
28911633.0 1.0 1793.5997474182507 1 0.9999995
230124490.0 0.0 1794.1983243156221 0 1.0049464e-06
445538655.0 0.0 1808.8692517620912 0 9.880272e-07
427323052.0 0.0 1812.388136650465 0 1.06967445e-05
400543230.0 1.0 1805.8900816737184 1 0.9929782
241125924.0 0.0 1808.8485684625307 0 0.0001285507
331325154.0 1.0 1797.3480507935928 1 0.9999985
13355842.0 1.0 1810.119182425091 1 0.999992
359632679.0 1.0 1806.0102487576733 1 0.8424657
407019919.0 1.0 1797.2641842438197 1 0.99999934
229454227.0 0.0 1812.3861069047248 0 3.4313214e-07
184611951.0 1.0 1796.036733192304 1 0.9999946
284891619.0 0.0 1812.4263929643114 0 0.0010192756
326259592.0 1.0 1797.2201911894754 1 1.0
184739277.0 0.0 1807.1617932203856 3 6.4906363e-24
194669966.0 0.0 1796.6409797558433 0 0.00073175156
450008926.0 1.0 1806.3895655527654 1 0.99999523
302388870.0 1.0 1794.8695408546648 1 0.9998921
192648163.0 0.0 1812.5159975543734 0 0.0001951128
385557182.0 1.0 1810.933140112939 1 0.9997364
326920180.0 1.0 1793.2655568027108 1 1.0
249942013.0 0.0 1812.3488661584802 0 1.4654317e-07
397239109.0 1.0 1798.0769064420047 1 0.99999785
308220194.0 1.0 1796.3693640495246 1 0.99999464
177886801.0 0.0 1805.2244638988004 0 0.00016684263
269611835.0 1.0 1799.3886343972868 1 0.9999995
403875821.0 1.0 1810.473259178893 1 0.9999993
203091094.0 1.0 1795.3283612061161 1 0.9999999
250821007.0 0.0 1808.8487063905222 0 3.91506e-06
196974107.0 0.0 1805.202868179859 0 0.0015174804
20706394.0 1.0 1795.557508273767 1 0.99999934
374481448.0 1.0 1811.1817380947257 1 0.9999999
427647772.0 0.0 1812.347444598124 0 2.160473e-06
406677499.0 1.0 1798.2424434318714 1 0.99995786
334753378.0 0.0 1793.176776513597 0 5.354955e-07
389975250.0 0.0 1809.1813970882579 0 8.5915656e-07
320188390.0 0.0 1793.1395820916136 0 5.665294e-17
241051202.0 0.0 1798.994442430158 2 2.793946e-14
186600825.0 0.0 1808.870234256491 0 0.0009425486
323401170.0 1.0 1796.0546335532347 1 0.99999064
232615325.0 1.0 1797.5516850597812 1 0.9999979
68154886.0 0.0 1805.370251731633 0 2.7993588e-07
319719472.0 0.0 1798.2229300911079 2 2.3658688e-06
200738352.0 1.0 1797.182709474349 1 0.9999905
275705307.0 0.0 1805.3479387505877 0 5.758874e-05
428606040.0 0.0 1808.8888027051944 0 1.5265844e-11
250922234.0 1.0 1798.557070670297 1 0.99999994
312343012.0 1.0 1799.0981795589164 1 0.99999905
255978207.0 1.0 1796.2436134861316 1 0.9999986
77633791.0 0.0 1805.3287983205469 0 0.00010756588
395773542.0 1.0 1800.451300648661 1 0.9881475
219894697.0 1.0 1810.2817588147143 1 0.99999475
219864233.0 0.0 1808.8443122452402 0 0.00016758163
250832458.0 0.0 1797.5988781845151 2 6.006433e-07
372340982.0 0.0 1793.3254683647106 0 7.620655e-07
312146302.0 1.0 1795.9106794798124 1 1.0
233658981.0 1.0 1798.280984393248 1 0.999804
400741150.0 1.0 1795.1606815631617 1 0.9999999
301912273.0 0.0 1812.3489688691764 0 3.9392174e-07
413172223.0 0.0 1805.2002775074047 0 1.264301e-06
230076213.0 1.0 1810.927211614822 1 1.0
327440344.0 0.0 1795.1615286858353 2 1.8406393e-08
238773842.0 1.0 1810.3700898910786 1 0.9999995
309230387.0 1.0 1793.890525105112 1 1.0
12415594.0 1.0 1795.8689899300405 1 0.99944884
229947609.0 1.0 1795.9904668023523 1 1.0
387288587.0 1.0 1793.6997264611607 1 0.9999841
229585958.0 0.0 1812.3447838524542 0 1.3299759e-10
298315900.0 0.0 1805.20099367772 0 2.7406095e-08
251465199.0 0.0 1805.202822362883 0 0.00026223433
116556570.0 1.0 1810.1614363260478 1 0.9999999
331979046.0 1.0 1796.3898632926034 1 0.9999929
280025167.0 1.0 1798.3691556353112 1 1.0
20874897.0 1.0 1805.7034923430601 1 0.9999984
397368352.0 1.0 1793.1622583247117 1 0.9999998
420114364.0 1.0 1794.9701215034859 1 0.9978644
251195002.0 0.0 1808.8485270392734 0 3.9035736e-08
249835468.0 1.0 1795.5155811381046 1 0.99999934
445382883.0 0.0 1812.8478732302808 0 6.687009e-05
200995848.0 0.0 1808.849538757273 0 0.00023584915
444790081.0 0.0 1797.8479287864645 0 0.0043625645
219856671.0 1.0 1795.90667910578 1 0.99999946
470710327.0 0.0 1797.7431874458564 3 1.3823513e-26
265091431.0 0.0 1808.848611694192 0 5.3455435e-05
305470590.0 0.0 1798.512303127325 2 3.46952e-12
186619984.0 1.0 1810.7036638202333 1 0.99999994
299488163.0 1.0 1798.2028173694284 1 1.0
387328831.0 1.0 1810.7412470200557 1 0.9999997
278928515.0 1.0 1794.6808965853913 1 1.0
334801172.0 1.0 1798.575472618064 1 0.9999966
348305420.0 1.0 1794.4944428116112 1 0.99999976
403037785.0 0.0 1807.8698418644394 3 1.8856739e-22
203039360.0 1.0 1799.6824068194717 1 0.9999998
198393889.0 0.0 1811.3013559723095 2 6.042631e-15
241121187.0 0.0 1808.8695468204924 0 7.882945e-06
348670894.0 0.0 1805.2443477385618 0 6.3654543e-06
401007633.0 1.0 1794.1192110949555 1 0.99999917
285238432.0 1.0 1798.9528715452707 1 0.9996398
279871433.0 0.0 1796.972063764254 0 1.7791073e-06
308617297.0 1.0 1798.0986069237251 1 0.9996698
354256474.0 1.0 1798.2446005709 1 0.9955672
202844773.0 1.0 1796.0573608504283 1 0.99999946
288536867.0 0.0 1809.2241748816923 0 0.000165358
177914171.0 1.0 1798.4952094195994 1 0.9999999
233200610.0 1.0 1805.5110221604189 1 0.9999916
279525032.0 1.0 1795.7842812077008 1 0.9999872
335154630.0 1.0 1796.0546753152007 1 0.9999999
399857092.0 0.0 1805.2427885234117 0 2.5902927e-11
376677614.0 1.0 1805.5548318020465 1 0.9999286
316629077.0 0.0 1812.3905486624992 0 6.219089e-05
219753605.0 1.0 1805.7396681509838 1 0.99916995
291887757.0 0.0 1796.640669312363 0 1.7752328e-06
302476291.0 1.0 1811.3488422122855 1 0.9189186
312464164.0 0.0 1809.2019634675764 0 5.881311e-07
229651191.0 0.0 1812.3452103354284 0 5.909235e-05
34712379.0 1.0 1805.6831261190107 1 1.0
269822505.0 0.0 1805.2220000090672 0 1.7626331e-11
327296784.0 1.0 1794.6197276340122 1 1.0
383646537.0 1.0 1797.7816274487054 1 0.99999917
283345928.0 1.0 1805.931173673577 1 0.9999962
240924476.0 0.0 1805.2442460817872 0 0.005933043
395653802.0 0.0 1805.222251822311 0 0.00023323747
177823340.0 0.0 1808.7037492433226 3 3.5226563e-07
200871386.0 1.0 1805.8287639731677 1 0.9999648
251407846.0 1.0 1810.4320818943725 1 0.9999752
401324480.0 0.0 1796.8049488908957 0 8.1203024e-07
387270759.0 1.0 1811.4291570775695 1 0.9999999
389538483.0 1.0 1797.3480236475195 1 0.9999997
453251751.0 0.0 1810.6189872192658 2 0.00035085797
229774203.0 1.0 1794.7821917431702 1 0.99999934
52261415.0 0.0 1805.5562327795817 0 2.342796e-07
229502273.0 1.0 1795.3448789067738 1 0.9999967
354633354.0 1.0 1796.7656553638026 1 0.98280376
130088394.0 1.0 1798.932755730794 1 0.99999905
374483451.0 0.0 1805.2235201539281 0 1.3763751e-05
291961702.0 1.0 1806.0780504589422 1 0.99999905
49721563.0 1.0 1795.1607022263686 1 1.0
405482919.0 1.0 1794.328803228169 1 0.98705083
270543076.0 1.0 1798.826361196407 1 0.9999992
356150860.0 1.0 1798.7388834473352 1 0.99999946
405327607.0 1.0 1810.76244255536 1 0.9999997
383646165.0 1.0 1806.0523235656715 1 1.0
285239396.0 1.0 1795.9529160149116 1 0.9999984
441765316.0 0.0 1805.240809450541 0 3.3293182e-09
406267226.0 0.0 1808.845844597769 0 2.6171222e-07
94449799.0 0.0 1794.9119959663542 2 2.7206881e-05
375074029.0 1.0 1796.8902836850734 1 0.9999995
275149358.0 1.0 1795.805286022012 1 0.99999994
50944381.0 1.0 1799.0149760948962 1 0.99999976
264453032.0 0.0 1795.887618804264 2 1.9200124e-09
116550420.0 0.0 1812.3697324318991 0 4.0813944e-07
347568635.0 1.0 1795.474044966755 1 0.9999995
35115423.0 1.0 1795.058075310716 1 0.97384334
240976971.0 0.0 1808.8899958889504 0 5.7133995e-09
332809791.0 1.0 1810.8063774114141 1 0.9998231
256514724.0 1.0 1805.5531569789075 1 0.99999785
241132335.0 0.0 1812.369508536913 0 2.1008138e-07
421307790.0 1.0 1796.1568469306092 1 0.9999973
426090237.0 1.0 1806.2636574279775 1 0.9999973
285797410.0 0.0 1805.30644758441 0 1.3399261e-14
137987763.0 1.0 1796.5162079806582 1 0.9999953
387808343.0 0.0 1808.8872496895722 0 7.809622e-12
327706965.0 0.0 1812.3694798522176 0 8.341281e-06
445235703.0 1.0 1810.7853550664122 1 1.0
384811988.0 1.0 1795.30664901427 1 1.0
347559767.0 0.0 1812.4326666203694 0 0.00023515197
418698021.0 1.0 1797.9933026415977 1 1.0
353551702.0 1.0 1796.514416891221 1 0.9999891
291885470.0 1.0 1793.9741298516121 1 1.0
455893540.0 0.0 1812.3671658952358 0 1.6285643e-05
375719617.0 1.0 1810.3253933240437 1 0.9999999
376085702.0 1.0 1794.9301814407197 1 0.9999782
436856823.0 1.0 1798.3081431532405 1 0.99999475
256200897.0 1.0 1810.9726402983738 1 1.0
235978860.0 0.0 1812.4498470340968 0 0.0041231713
67390338.0 1.0 1794.682632451626 1 0.9999996
81386428.0 1.0 1795.4941404877075 1 0.9999582
412113747.0 0.0 1805.200251043538 0 6.072091e-08
378528609.0 1.0 1798.9096011754727 1 0.99999934
82006053.0 1.0 1799.7857793395647 1 0.99997133
255993777.0 0.0 1804.9703363634123 3 7.6281244e-06
268521719.0 0.0 1808.8675741665509 0 0.00011378119
270817048.0 0.0 1808.8470134051863 0 4.5417055e-05
320603294.0 1.0 1793.8271481150225 1 0.9999965
371006240.0 0.0 1805.5150398166154 0 0.0001065496
50267992.0 1.0 1798.743992312212 1 0.99999994
335966372.0 1.0 1810.8866169216892 1 0.99999994
63587609.0 1.0 1806.286932992293 1 0.9999994
229464649.0 0.0 1805.2406155901099 0 1.2365977e-06
118301995.0 1.0 1795.1830253669123 1 1.0
377190161.0 0.0 1804.4065553135092 3 7.7226e-23
201101268.0 1.0 1806.1828654418416 1 1.0
372055691.0 0.0 1808.887722650038 0 5.3857575e-06
201377730.0 1.0 1797.2242332147957 1 1.0
240911239.0 0.0 1796.848515496603 3 2.4473494e-35
470710327.0 0.0 1796.0973746948189 3 2.3866965e-32
322321784.0 1.0 1797.9919059291403 1 0.9990664
396242679.0 1.0 1796.951389353578 1 0.99897516
283133292.0 1.0 1806.0765886089428 1 0.99998385
445291780.0 1.0 1810.3477447964462 1 1.0
289536614.0 0.0 1805.3016236145263 0 4.383065e-05
65647427.0 1.0 1810.620059387518 1 0.99995416
91417161.0 0.0 1812.4746528218939 0 0.0021425446
192739188.0 0.0 1808.8701240519256 0 0.00024282552
229752575.0 1.0 1799.532282923965 1 1.0
138054777.0 1.0 1805.745486204828 1 0.9999978
139426623.0 1.0 1797.724460318901 1 0.99999976
436873913.0 0.0 1812.5995953942133 3 0.0002504025
402204606.0 0.0 1811.0364031577046 2 0.0038281516
390245651.0 1.0 1799.035367446361 1 0.99999636
286237833.0 0.0 1793.1412282896947 0 4.2148324e-07
116842286.0 1.0 1794.3695917550122 1 0.9999999
137965774.0 1.0 1795.7871390024495 1 1.0
77260066.0 0.0 1805.3495331216336 0 6.851284e-05
256479484.0 1.0 1798.014583040294 1 1.0
410742133.0 0.0 1808.9533042338303 0 0.0005277422
241136950.0 0.0 1805.2237934527438 0 3.3707573e-05
331928233.0 1.0 1796.6180244721857 1 0.9996755
289043298.0 1.0 1799.4721265608998 1 0.9999983
302475930.0 0.0 1796.8279776189693 0 0.00010026497
449939890.0 0.0 1808.911664376332 0 0.00038819524
73639108.0 0.0 1797.5162126153639 2 0.0013000601
83906008.0 1.0 1810.3057437820942 1 0.9999904
94725358.0 0.0 1805.5580484347108 0 0.004765147
403520936.0 0.0 1796.6401523402026 0 1.3718748e-05
315722511.0 1.0 1794.9081845611925 1 0.9999978
270324877.0 1.0 1799.7428910079445 1 1.0
398015330.0 1.0 1797.0765645672388 1 0.99968565
245465584.0 0.0 1799.015222446487 2 2.8036658e-11
326732912.0 1.0 1805.3472823565123 1 1.0
374475598.0 1.0 1799.2858508366032 1 0.99999964
265147571.0 1.0 1798.5124796250723 1 0.99999857
452881542.0 1.0 1794.5768705443722 1 1.0
308120970.0 0.0 1808.8483817717174 0 5.8494905e-05
270008288.0 1.0 1811.2038151434265 1 0.999997
264293640.0 0.0 1809.0126034368857 0 0.00037880993
352773477.0 1.0 1806.3891347603828 1 0.99999845
377070346.0 1.0 1805.9714840260344 1 1.0
399717830.0 1.0 1794.0548957073668 1 0.9999322
285276744.0 1.0 1794.7037447042856 1 0.99999815
236967042.0 1.0 1800.595142843398 1 0.99786806
445245536.0 1.0 1800.160527304903 1 0.9999996
332677222.0 0.0 1809.2023112670656 0 1.1368801e-05
333960394.0 1.0 1811.1584832556139 1 0.99999994
200875277.0 1.0 1810.995362267713 1 0.9999964
279375991.0 1.0 1797.7001713875964 1 0.9999565
320046712.0 1.0 1794.1396524305508 1 0.99999994
326856726.0 1.0 1799.328039289511 1 0.9999904
385100383.0 0.0 1805.4117716303779 0 1.9136507e-05
445296013.0 1.0 1810.6811398304208 1 0.9999975
265174424.0 1.0 1794.5970030745664 1 0.9999812
375985429.0 0.0 1812.3462349870335 0 6.879731e-11
269412448.0 1.0 1811.3884441118098 1 0.9999966
368409353.0 1.0 1800.0974758775676 1 0.99970686
54465292.0 1.0 1795.74368063678 1 0.9994333
283937779.0 0.0 1795.1602199710949 2 9.510457e-11
229741985.0 0.0 1807.0113951526798 3 2.1401616e-05
353565609.0 0.0 1807.9309309494274 3 6.881408e-34
445236696.0 1.0 1795.3481692577845 1 1.0
441742141.0 0.0 1805.198734436944 0 4.2424426e-06
376083447.0 1.0 1799.826138841513 1 0.99999994
255977546.0 0.0 1812.701784223694 0 0.00016220396
52435597.0 0.0 1805.7437012918556 0 0.00015946472
264615805.0 0.0 1807.6610478464706 3 3.242035e-05
219102044.0 0.0 1809.0317160323707 0 7.547761e-09
445350626.0 0.0 1809.2021607126703 0 1.8151302e-07
322058180.0 0.0 1797.3460365625303 2 3.0502142e-05
240962482.0 0.0 1812.2440238770994 3 1.05801734e-22
26534393.0 0.0 1805.6204735555261 0 8.143169e-05
377149295.0 1.0 1811.0547958118782 1 0.99999636
302157477.0 0.0 1796.9114395721972 2 1.2119797e-11
285181196.0 0.0 1800.3078799561222 3 1.0191901e-06
219870762.0 1.0 1796.0525474348847 1 0.9999965
232649480.0 1.0 1797.2813700051065 1 0.9999973
367681735.0 0.0 1804.9693858674775 3 2.6537784e-19
291890676.0 1.0 1793.9532109229747 1 0.99995464
63563510.0 0.0 1811.2659425982831 2 0.058381222
288312840.0 0.0 1795.4699257118061 3 3.2057317e-14
245625851.0 1.0 1793.9317892080846 1 1.0
441717836.0 1.0 1805.9905369562323 1 0.99999917
117039358.0 1.0 1794.3279508126109 1 0.999768
387633985.0 1.0 1810.762064656996 1 0.9999992
434626112.0 0.0 1812.346570526355 0 1.84015e-05
104308566.0 0.0 1812.3489299999449 0 6.3899366e-05
372259069.0 0.0 1799.9920581230201 2 2.081198e-09
441813072.0 1.0 1806.0530473754977 1 0.9999999
137261833.0 1.0 1796.7015336124 1 1.0
233731165.0 0.0 1796.7607589718732 2 0.00068937865
202839485.0 0.0 1793.6408795714028 3 0.0011870814
331549535.0 0.0 1793.9920830772035 2 7.586584e-17
200853134.0 1.0 1796.641154972994 1 0.9999986
403256913.0 1.0 1795.4102586996175 1 0.99999917
301639635.0 0.0 1812.3489730300735 0 1.8265251e-05
104314423.0 1.0 1797.2030058485125 1 0.99999976
259462821.0 1.0 1794.5365367281086 1 1.0
104146382.0 0.0 1812.3488124090322 0 2.6119808e-06
372058412.0 1.0 1799.596205180399 1 0.9999983
237082121.0 0.0 1808.8451716094366 0 0.00025651907
240797266.0 0.0 1812.702066315764 0 3.0199999e-05
308224002.0 0.0 1796.6403615540332 0 0.0005348935
422386287.0 0.0 1808.8873026419972 0 0.0016207125
82172851.0 1.0 1797.1606666743203 1 0.99999917
233055944.0 1.0 1797.947879353628 1 0.99999905
126099906.0 1.0 1793.7660735428003 1 1.0
399015512.0 0.0 1796.6399373335073 0 3.2968805e-05
396442342.0 0.0 1796.637928046443 0 2.5860127e-06
381582982.0 1.0 1796.3909228399145 1 0.99999976
229461186.0 0.0 1808.3861492024378 3 0.0
233734547.0 1.0 1798.9690518372308 1 0.9999997
94367268.0 1.0 1794.0786190686397 1 0.99999934
417267059.0 0.0 1805.2015545172194 0 2.3986707e-10
370431639.0 1.0 1796.4107110369634 1 0.9999176
233678872.0 1.0 1795.4060279825223 1 0.9999986
347768351.0 1.0 1796.473430752979 1 1.0
275762183.0 0.0 1809.160167267757 0 0.00029235205
374397100.0 1.0 1797.3897399641512 1 0.9999484
269932696.0 1.0 1799.1803808882191 1 0.99999887
238745406.0 0.0 1808.9324912785332 0 6.135676e-05
410866535.0 1.0 1794.1405400644471 1 0.9999922
292196794.0 1.0 1794.015695061788 1 0.9999703
424283926.0 0.0 1796.223144199616 2 6.2136176e-09
358907780.0 0.0 1808.8674922505713 0 2.643521e-07
331928059.0 1.0 1806.3888338299648 1 1.0
241092480.0 0.0 1812.3693977650846 0 0.002250647
241013635.0 1.0 1795.9112326139427 1 1.0
353781664.0 1.0 1799.26016456119 1 0.9999999
445367374.0 0.0 1809.202070341716 0 3.2134365e-05
387560718.0 1.0 1798.2830712596308 1 0.99999976
316441141.0 0.0 1808.8487555887727 0 2.4795938e-05
104029060.0 1.0 1811.4114453183256 1 0.99996895
406261792.0 0.0 1793.3252806338335 0 1.4391162e-05
184735160.0 1.0 1811.0991263021567 1 0.9999977
338647367.0 0.0 1812.3462918142093 0 2.5364146e-05
117492701.0 1.0 1793.9112320296642 1 0.99999756
292612506.0 1.0 1795.0782840403685 1 0.9999999
376867219.0 0.0 1808.8443572775336 0 3.9110473e-05
22998380.0 0.0 1793.1411444339983 0 0.00023778397
186624344.0 0.0 1812.3493470129135 0 0.00022671846
445352722.0 1.0 1793.4315112875615 1 0.9994734
297689215.0 1.0 1798.9518985553216 1 0.9998794
356701572.0 0.0 1805.219303504928 0 4.178309e-07
202864775.0 1.0 1794.9324166661174 1 0.99997866
406762707.0 0.0 1805.5560320989412 0 1.4262893e-05
352197150.0 0.0 1812.6601139121706 0 0.00038060048
238778460.0 1.0 1810.3075821019447 1 0.9999997
264625464.0 1.0 1810.661121187631 1 0.9999998
359438961.0 1.0 1794.6393045365924 1 0.9999968
418257895.0 1.0 1798.158462970517 1 1.0
279594697.0 0.0 1808.993621794125 0 0.00011698649
285567422.0 0.0 1793.328014767389 0 8.01933e-13
427111860.0 0.0 1812.3456076472155 0 0.00029620412
370210441.0 0.0 1809.1606966310762 0 0.00019810336
402813493.0 1.0 1794.993277281524 1 1.0
333065138.0 1.0 1793.5357261286722 1 0.9999999
323193501.0 0.0 1805.2212056705823 0 3.4055537e-07
13620888.0 1.0 1798.6188498076472 1 0.9999942
395653555.0 1.0 1795.9096355858253 1 0.99999934
365595860.0 1.0 1798.8872274070177 1 0.99999994
5721442.0 0.0 1810.4535068740363 2 3.1967398e-09
387831439.0 0.0 1796.8248810396842 0 2.3579603e-06
354245142.0 1.0 1806.4089381310432 1 0.9999908
50046625.0 1.0 1794.848034663561 1 0.99999964
323302696.0 1.0 1798.2213301930667 1 0.99999994
431875692.0 1.0 1796.3074622872914 1 0.999969
137908606.0 0.0 1809.1829412442655 0 0.000105966894
331314111.0 0.0 1796.6399838528719 0 8.430888e-07
94455881.0 1.0 1794.2660614806753 1 1.0
354250797.0 0.0 1805.2026811422063 0 3.7167774e-05
177711068.0 1.0 1806.245348555966 1 0.99999374
265292755.0 1.0 1799.5359623024513 1 0.9999994
264028960.0 0.0 1796.637350492062 0 0.00016320245
219875365.0 1.0 1810.6150998419903 1 0.99989575
390021728.0 0.0 1798.0728652089813 3 6.336383e-33
403942106.0 1.0 1810.9727761035451 1 0.99999297
251328660.0 0.0 1796.890197962903 0 6.2946315e-06
402978255.0 0.0 1812.3466534144354 0 1.638733e-05
396203652.0 1.0 1798.2223276195355 1 0.9999164
410237584.0 1.0 1794.9503888807258 1 1.0
445139857.0 1.0 1810.1811392115287 1 0.99999994
312777468.0 1.0 1798.2855491776877 1 1.0
302682732.0 0.0 1797.847587917441 0 0.0011706338
233208885.0 0.0 1806.9276339884939 3 3.253522e-28
428680774.0 0.0 1811.07676058352 2 0.0036448282
275690797.0 0.0 1812.3440963943463 0 1.438728e-06
309239729.0 1.0 1810.2442933129184 1 0.9999999
264801730.0 1.0 1799.6193372410964 1 0.9999925
65647263.0 0.0 1805.2658504821861 0 0.00016592564
352979254.0 0.0 1810.5538816098847 2 1.359662e-14
194658799.0 1.0 1794.3493009153 1 0.9999993
422429546.0 0.0 1808.8456309150263 0 7.946495e-05
346594521.0 0.0 1800.1414040913785 0 3.3345394e-05
269701889.0 0.0 1796.909510968311 0 0.0003750131
337642995.0 1.0 1811.054587869005 1 0.9999776
81602148.0 1.0 1796.0979829265698 1 0.9999878
65495461.0 1.0 1797.578302379647 1 0.999979
433354584.0 1.0 1796.1202834710489 1 0.9999999
235995223.0 0.0 1793.1372356977672 0 1.2780425e-10
326257955.0 1.0 1793.6992980110447 1 1.0
353877375.0 1.0 1798.9476724809792 1 0.99999774
428045010.0 1.0 1797.6820972075423 1 0.9999942
219860804.0 1.0 1795.844147247242 1 0.9999969
116371513.0 0.0 1810.7240796749875 2 3.6287816e-05
241117725.0 1.0 1798.39057530815 1 1.0
399832361.0 1.0 1795.305130505154 1 1.0
399740378.0 0.0 1793.3050068308573 0 1.1252088e-13
431805659.0 0.0 1793.1406929945206 0 0.00044212322
63623869.0 0.0 1800.307789878211 3 8.380777e-33
233735589.0 0.0 1805.1980072599806 0 2.2832081e-07
322263678.0 1.0 1796.8043869847832 1 1.0
347308076.0 1.0 1795.9309612217044 1 0.9999997
322203332.0 1.0 1805.2834466692148 1 0.9986723
372792951.0 1.0 1810.952055673366 1 1.0
20805728.0 1.0 1794.8908362862346 1 0.9999899
229499393.0 1.0 1811.4697348517052 1 0.99999994
285793096.0 0.0 1794.3481439140887 0 1.2074416e-06
376994123.0 0.0 1812.3646344180597 0 1.0139186e-07
251549942.0 1.0 1796.7028505564497 1 0.9997797
445110528.0 0.0 1796.6396591117602 0 3.1579093e-05
189592051.0 0.0 1793.1408053023968 0 0.000116026175
245426946.0 0.0 1805.2444707929005 0 4.1574413e-08
22738919.0 1.0 1810.4120043528237 1 0.9999873
201035024.0 1.0 1797.5786198057365 1 0.99999815
427476064.0 0.0 1793.4509794129576 0 7.3997015e-12
370951651.0 1.0 1810.2651444026806 1 0.99999976
369909046.0 0.0 1809.1814650438619 0 8.949487e-09
431767523.0 0.0 1793.140743926561 0 0.00042081904
423950693.0 0.0 1812.3876165248103 0 3.3645129e-12
288855753.0 0.0 1812.4310365959477 0 5.2938463e-09
445354648.0 1.0 1798.9939270341627 1 0.99993885
26625920.0 1.0 1810.3288752153605 1 1.0
199666370.0 1.0 1799.030581685282 1 0.9999979
71929771.0 1.0 1797.2858546802513 1 0.99999905
274845027.0 1.0 1799.3884498221112 1 0.99999326
353171961.0 1.0 1796.805905016225 1 0.9999994
229741985.0 0.0 1808.57389444661 3 8.120123e-05
238755134.0 1.0 1797.1824674209356 1 0.999999
388579957.0 1.0 1811.492403375202 1 0.9999006
372135269.0 0.0 1805.241980431048 0 3.2507893e-07
202844240.0 1.0 1794.4948713136478 1 1.0
292849468.0 1.0 1794.8908668127349 1 0.99999994
390656467.0 1.0 1799.5773243936524 1 0.9999992
428071042.0 1.0 1794.1196526958993 1 0.99999535
377154735.0 0.0 1805.2423924131838 0 2.9805238e-07
428258542.0 1.0 1796.2863090788724 1 0.99999976
348305768.0 0.0 1805.2028230848557 0 1.7356719e-05
400811727.0 1.0 1799.9731474632263 1 1.0
403521659.0 0.0 1812.3483502418817 0 0.023498066
353483759.0 1.0 1811.410210367269 1 1.0
444358370.0 1.0 1796.0976095199273 1 1.0
235937156.0 0.0 1805.1997216766752 0 3.5976493e-05
326920516.0 1.0 1810.3485789483816 1 0.99999994
236969371.0 1.0 1793.8036494405017 1 0.99995637
229965790.0 1.0 1796.4903321790591 1 0.9999989
293186533.0 1.0 1797.1617093571679 1 1.0
350695632.0 1.0 1797.3661316642551 1 0.99998426
419524108.0 1.0 1794.889370230148 1 0.99999857
230376579.0 0.0 1810.344149566579 2 2.1266707e-05
219900027.0 0.0 1804.3233525409553 3 1.581714e-27
375600980.0 1.0 1799.4505245499304 1 0.9041273
399441548.0 1.0 1797.0563541816218 1 1.0
326260646.0 1.0 1799.428595326159 1 0.9991773
353735167.0 0.0 1797.968757833004 0 8.1044425e-05
436924709.0 0.0 1793.1414133680555 0 1.1373831e-09
397368112.0 0.0 1808.9329796477614 0 0.00017600147
186937732.0 1.0 1797.4118813672526 1 0.9999842
116612613.0 1.0 1795.6197939095123 1 0.9999995
373133412.0 0.0 1805.2010390478063 0 2.4214422e-11
427513402.0 0.0 1812.3465075951392 0 2.7922212e-07
376408892.0 0.0 1793.4090640095055 0 8.649866e-10
418085908.0 1.0 1796.4740759805838 1 0.9999998
433693084.0 1.0 1811.4297595781372 1 0.99999994
351685860.0 1.0 1798.3058140916778 1 1.0
376891085.0 0.0 1796.0549469985122 3 2.7712728e-14
427320022.0 1.0 1795.867452739016 1 0.99999964
291841485.0 1.0 1798.953258281252 1 0.99999994
367143265.0 0.0 1800.1380058785949 0 2.631754e-07
202977153.0 0.0 1800.4115540976989 0 7.4473146e-06
184658972.0 0.0 1809.182424945801 0 0.00027504328
397921977.0 1.0 1798.9934724180027 1 1.0
260030623.0 1.0 1810.4735915598724 1 1.0
286410659.0 1.0 1797.3065049668878 1 0.9999997
235937825.0 1.0 1805.8456546897544 1 1.0
354779012.0 0.0 1794.3477761339273 0 0.000388419
323400312.0 0.0 1808.846181338288 0 1.176699e-05
250580707.0 1.0 1806.161198309886 1 0.9998784
51028863.0 1.0 1796.6605861533778 1 1.0
326858996.0 0.0 1811.4110239226216 2 5.315704e-08
400344508.0 1.0 1799.7640229210392 1 0.99999994
323056866.0 0.0 1793.9500423793195 2 0.000855138
389915921.0 1.0 1798.4479095460024 1 0.99999857
219801998.0 1.0 1798.364535718718 1 0.99998933
240861686.0 1.0 1806.1191306198875 1 0.9999981
327000169.0 1.0 1805.868379118653 1 1.0
272052964.0 0.0 1805.222103483182 0 7.519084e-08
367532344.0 0.0 1812.6195623800427 0 5.8848177e-06
63310637.0 0.0 1797.3077657734502 3 0.0001945312
424115833.0 1.0 1798.1409230688491 1 0.9999998
396486931.0 0.0 1796.346490292176 3 8.335505e-25
306182874.0 0.0 1810.5980282150063 2 4.1690216e-14
422369207.0 1.0 1796.8455130913926 1 1.0
53962783.0 1.0 1794.410497447753 1 0.999914
336119106.0 1.0 1811.1374137284931 1 1.0
376366064.0 0.0 1812.346290944509 0 1.6266627e-07
264614791.0 0.0 1812.34848296646 0 1.8873576e-11
264912503.0 0.0 1805.2028924383708 0 9.424941e-06
427469869.0 1.0 1799.1800420040584 1 0.9999921
65650265.0 0.0 1793.1405988759518 0 0.0060454016
445186099.0 1.0 1796.2231074698745 1 0.99996114
403686814.0 1.0 1798.056889401961 1 0.99999505
445133704.0 0.0 1795.4732133837833 3 6.686787e-33
233729070.0 1.0 1811.0522152599342 1 0.99999195
82376852.0 1.0 1799.0576436240567 1 1.0
240890841.0 1.0 1794.5151906121287 1 0.999998
73571498.0 1.0 1793.6205134428988 1 0.99999565
275695228.0 1.0 1795.9102647412835 1 0.9999971
94546443.0 1.0 1800.2037169141431 1 1.0
53619377.0 0.0 1800.1394470671473 0 1.9125769e-10
377614396.0 1.0 1806.0760236614065 1 0.99992543
428458522.0 1.0 1795.9727825038879 1 0.9999953
232604113.0 1.0 1798.635090665848 1 1.0
352921533.0 1.0 1799.1810397965494 1 0.999999
372349988.0 0.0 1793.327755753276 0 8.971794e-08
283736464.0 0.0 1805.2224652898851 0 2.0788899e-05
235997172.0 1.0 1810.6165199540878 1 0.99999887
432014548.0 0.0 1805.2243771592057 0 0.000109001645
51022694.0 1.0 1796.5565524940985 1 0.99999994
26394201.0 1.0 1793.7452901045713 1 1.0
241136259.0 1.0 1797.5155421285713 1 0.9999944
81522591.0 1.0 1797.2232321566307 1 0.99999845
270333887.0 1.0 1795.4930506170615 1 0.99986607
137206593.0 1.0 1805.8887935701546 1 0.99999875
116218054.0 1.0 1794.3489718992653 1 0.9999946
286479089.0 0.0 1797.8481719701533 0 2.6605028e-05
259234489.0 1.0 1810.3864067183745 1 0.99999994
316449249.0 0.0 1798.9320027525066 2 2.2278979e-10
101216819.0 1.0 1796.0578395779023 1 0.99999845
366557556.0 0.0 1799.0128802731858 3 1.3896691e-18
286236435.0 1.0 1811.557682556929 1 0.99999917
336539375.0 1.0 1797.3047745694973 1 0.99999493
233065340.0 1.0 1799.0105524481849 1 0.99999946
275582418.0 0.0 1812.4312634571481 0 2.6921298e-06
371423396.0 1.0 1793.9123313168457 1 1.0
219894351.0 1.0 1800.3026366753895 1 0.9999955
366914102.0 1.0 1798.7630080728156 1 1.0
91436583.0 0.0 1796.6415011194947 0 0.00012595356
236764972.0 1.0 1799.6151238778625 1 0.99991
198186043.0 1.0 1796.3435620099788 1 1.0
316439223.0 0.0 1808.848701619713 0 8.593122e-05
198212263.0 0.0 1793.1765855411852 0 0.00029585668
348232466.0 0.0 1812.3484832233787 0 1.6716486e-09
236886483.0 0.0 1805.2408620478118 0 1.7561645e-06
441812183.0 1.0 1798.302854673752 1 0.9994835
428257299.0 0.0 1806.4948105371498 3 3.991831e-31
192732741.0 0.0 1812.4325247320467 0 0.00020855492
417665111.0 0.0 1812.3465362392542 0 6.755774e-13
251204655.0 0.0 1805.202903507698 0 6.0805334e-05
288632135.0 0.0 1794.1992545280586 0 7.480341e-05
420545835.0 0.0 1812.6599411035797 0 0.00014660845
445444150.0 0.0 1800.140136181329 0 4.479366e-05
286219895.0 0.0 1805.2649315258145 0 6.275148e-05
232609321.0 1.0 1798.8229716317633 1 0.9999984
54720878.0 1.0 1793.8272225751693 1 1.0
449997359.0 0.0 1812.680947660589 0 0.00016126725
348316528.0 1.0 1805.6818155054084 1 0.9999766
302232862.0 1.0 1793.7029499478865 1 0.9999997
445179073.0 1.0 1798.389601786865 1 1.0
445410504.0 1.0 1795.36902321283 1 0.99999994
390334254.0 0.0 1796.6396945068757 0 1.9359807e-07
445317944.0 0.0 1805.5145964236874 0 2.0913656e-05
77452606.0 1.0 1793.391355603153 1 1.0
264332761.0 1.0 1797.8250748139926 1 0.9999999
85486829.0 0.0 1809.1830032338057 0 0.0003541327
327253355.0 0.0 1812.6806877952088 0 5.1692718e-05
384654908.0 0.0 1808.056831925371 3 2.8046438e-06
400673457.0 0.0 1794.5978919162756 2 6.4683527e-06
428784674.0 0.0 1800.9508985179632 3 2.1413064e-10
240860339.0 0.0 1796.2860233318477 2 2.8740945e-09
445358883.0 1.0 1794.931368659503 1 0.99999785
390516475.0 1.0 1795.1190209817753 1 0.9999768
237296831.0 1.0 1798.0328763684845 1 0.9999957
445227290.0 1.0 1793.785461997714 1 1.0
54371266.0 1.0 1797.285563277274 1 0.9999953
81691480.0 1.0 1811.5150735585426 1 0.9999531
376351234.0 1.0 1810.118808888764 1 1.0
435594384.0 0.0 1793.1375383185252 0 0.0013291346
410773962.0 0.0 1808.845982836899 0 8.110782e-05
331552930.0 1.0 1794.4295169637046 1 0.99999917
54057589.0 1.0 1797.4727573677862 1 1.0
366032282.0 1.0 1795.4095281928408 1 0.9999981
279209131.0 1.0 1796.8685308938777 1 1.0
408358422.0 1.0 1795.1586663648925 1 1.0
219872333.0 1.0 1794.3648130930164 1 0.99989915
374393406.0 0.0 1805.2857020361255 0 6.8819577e-06
384986198.0 1.0 1794.3700460146506 1 0.999998
373130313.0 1.0 1795.7219494122862 1 1.0
235953328.0 0.0 1812.491493907978 0 0.00042975153
250688116.0 1.0 1796.723684611178 1 0.999997
417852566.0 1.0 1795.0348765829535 1 0.99995536
385404264.0 1.0 1794.2857645835682 1 0.9999951
356981427.0 1.0 1798.6768745064317 1 0.99999976
357677267.0 1.0 1795.6191220262967 1 0.99985206
245588240.0 1.0 1797.3277132619087 1 0.99999887
198457457.0 0.0 1811.1138904655047 3 3.2541246e-24
285172835.0 1.0 1795.4120099973009 1 1.0
406639913.0 1.0 1805.5761558089214 1 0.9999982
368592802.0 1.0 1794.9304706461564 1 1.0
287195709.0 1.0 1795.1570763727586 1 1.0
441803734.0 1.0 1798.6988445694496 1 0.9999999
327366509.0 1.0 1799.4935494018969 1 0.9999996
427723970.0 1.0 1798.513593496107 1 1.0
379381127.0 0.0 1805.3686611367475 0 0.0005631094
284012439.0 1.0 1798.2244043866658 1 1.0
316437216.0 1.0 1805.3694244840096 1 0.99999994
94725631.0 0.0 1805.6205558333797 0 0.0034736702
433977376.0 0.0 1808.8673440418033 0 4.59707e-06
288501120.0 1.0 1798.0366294264982 1 0.9999991
117170847.0 0.0 1805.2030339810256 0 0.00011289584
302077173.0 0.0 1811.1822149329437 2 1.2153581e-13
333066555.0 1.0 1796.785766129201 1 1.0
387955876.0 1.0 1810.7623236868085 1 0.9999755
308291491.0 1.0 1793.473599446466 1 1.0
50265754.0 0.0 1794.3480255854413 0 6.273927e-05
316136270.0 1.0 1794.2024166860717 1 0.9999999
192373909.0 1.0 1806.0160328224233 1 0.99999994
421684663.0 0.0 1793.20222538141 2 9.677798e-19
224605072.0 0.0 1799.593143188332 3 2.0691508e-23
423954138.0 1.0 1798.8461276173596 1 0.9915521
445486354.0 1.0 1810.7234524058701 1 0.9999985
264221810.0 1.0 1793.5951338560542 1 0.9999999
259005458.0 0.0 1805.5116767772722 2 3.2974705e-18
428734142.0 1.0 1796.3470431374071 1 0.9999994
418257102.0 0.0 1793.741817461859 3 4.80366e-22
356978922.0 1.0 1811.3018636582408 1 0.9999999
116849668.0 0.0 1808.8907841480282 0 0.00015784151
63627127.0 1.0 1796.2246189538569 1 0.9999998
323057260.0 1.0 1795.1375406785323 1 1.0
367681735.0 0.0 1794.6983784462172 3 7.413278e-23
230087513.0 0.0 1812.344089085584 0 5.3528606e-08
445176376.0 1.0 1796.5978995599853 1 1.0
356895782.0 0.0 1796.7185099894066 2 7.6791366e-08
201379563.0 1.0 1794.2450475295548 1 0.9999998
402748426.0 0.0 1797.7016473088088 2 0.0007323833
370118640.0 1.0 1798.035797553524 1 0.9999743
285125307.0 0.0 1793.3059329494604 2 2.7009632e-05
250865149.0 1.0 1795.6406177237216 1 0.99999976
427588201.0 0.0 1793.4091821491136 0 8.8317104e-11
192933899.0 1.0 1798.9324985139326 1 0.9999996
366718977.0 1.0 1799.429593909656 1 0.9999996
353692022.0 1.0 1795.7640669108694 1 1.0
250506274.0 0.0 1796.6403416496596 0 8.222823e-05
420132237.0 0.0 1796.9075655252261 0 8.331367e-05
434270359.0 0.0 1808.8466109111023 0 5.435203e-06
196816907.0 1.0 1796.7237570415969 1 1.0
285240820.0 0.0 1810.9944478461543 2 2.0242168e-19
285684950.0 0.0 1808.9522425725308 0 0.0005433086
370595343.0 1.0 1795.5776923409442 1 0.99999607
403745495.0 1.0 1797.1401709752097 1 0.99998933
292467389.0 0.0 1812.7239683701105 0 0.00012065045
366713278.0 1.0 1806.3045373585644 1 0.99997044
252148311.0 0.0 1809.202076702626 0 8.6629676e-08
301416430.0 1.0 1796.6612313441162 1 1.0
468293391.0 0.0 1798.4507948987673 3 2.3896536e-35
396161845.0 1.0 1805.3888395337178 1 0.99999887
34691690.0 0.0 1812.3913356817177 0 0.0005167158
322263832.0 1.0 1806.1584757479498 1 0.9999966
229508096.0 1.0 1794.303279248328 1 1.0
233079659.0 0.0 1806.5315019925492 3 2.8574505e-09
356701798.0 0.0 1801.9900302447543 3 8.050798e-27
367417261.0 0.0 1812.3486390070357 0 9.856518e-07
229488713.0 0.0 1812.3654551079276 0 3.4456196e-05
259145621.0 1.0 1793.6197031864158 1 1.0
35015702.0 1.0 1793.7247560653382 1 0.99999815
428011995.0 1.0 1796.20119230504 1 0.9999997
354545033.0 1.0 1794.5152874767775 1 0.9994097
117311616.0 0.0 1812.3489347102338 0 6.072809e-08
264469090.0 0.0 1812.408531382372 0 2.6428912e-09
405433406.0 1.0 1811.1831090972319 1 0.99998873
329153362.0 1.0 1805.2617059482657 1 0.99999994
374960751.0 0.0 1805.2649703397133 0 0.00025834513
396615000.0 1.0 1794.3909179603038 1 0.99999994
263969741.0 0.0 1796.6370579451345 0 0.00018942587
264897914.0 1.0 1805.8671011580611 1 0.99999523
299433775.0 1.0 1805.3903891747239 1 0.9999988
256508512.0 1.0 1797.241967484332 1 0.9999801
431767736.0 1.0 1794.0990953027408 1 0.9999849
235951404.0 1.0 1810.408201731322 1 1.0
329440598.0 0.0 1797.968086860586 0 0.0001644167
431768693.0 0.0 1795.0365872156524 2 9.1465546e-07
270818287.0 1.0 1796.4097806754016 1 0.99999547
117170145.0 1.0 1794.7862305826445 1 0.9999793
445309247.0 0.0 1805.6605855666694 0 4.462625e-11
258827539.0 1.0 1800.0947541039516 1 0.9999995
94541716.0 1.0 1795.8078196509741 1 0.99999994
399717755.0 1.0 1797.8258119368302 1 0.99999374
384985022.0 1.0 1798.4326651602612 1 0.99999994
399765787.0 1.0 1805.3678387179255 1 0.99999946
403751331.0 0.0 1796.8899779632698 0 0.00014734984
139375146.0 1.0 1798.3493210129923 1 0.99999994
285736210.0 1.0 1794.99469379905 1 0.99996114
219847282.0 1.0 1810.136010424742 1 0.99999994
104316853.0 0.0 1805.203230501203 0 1.950344e-05
389913794.0 0.0 1808.8849900997689 0 3.8806935e-05
229505774.0 0.0 1808.8445506158114 0 0.0001008023
63349449.0 1.0 1798.8702755404336 1 1.0
101095969.0 1.0 1800.3287414631582 1 0.99999666
407156620.0 0.0 1793.4097959145324 0 1.3874241e-13
327443430.0 0.0 1796.4321939954455 2 9.879242e-15
376967349.0 1.0 1799.0965541710827 1 0.99998784
269240011.0 0.0 1796.9095860894156 0 2.5614388e-06
418410124.0 0.0 1810.3264140671874 2 1.1388352e-09
258547154.0 0.0 1795.5328703757739 2 1.0164043e-06
366415516.0 0.0 1793.137722886826 0 0.00014464621
427799458.0 1.0 1798.8886041613719 1 0.9999996
427323622.0 1.0 1811.513157561763 1 0.99999857
186615894.0 1.0 1810.3911035570795 1 0.9999984
396327479.0 0.0 1812.3473883247482 0 5.4674198e-05
1981434198.0 0.0 1806.7831751019123 3 3.231067e-32
292940701.0 0.0 1808.869777626428 0 0.0006783055
201359969.0 1.0 1796.7035919099324 1 0.9999974
236768822.0 1.0 1794.6984213229337 1 0.9999999
357046177.0 0.0 1799.5725577921191 2 0.019345064
11424087.0 1.0 1797.9105215253082 1 0.9999963
373329826.0 1.0 1798.9092090414847 1 0.9999999
285469792.0 1.0 1810.1618760644762 1 0.99999994
353807056.0 1.0 1798.3227583967878 1 0.9999976
420295348.0 0.0 1796.639403945924 0 9.545529e-06
251578173.0 0.0 1805.2026319996032 0 8.291073e-07
450155280.0 1.0 1810.6404130297312 1 0.9999973
34787896.0 0.0 1805.203946731988 0 1.6482749e-05
309140943.0 1.0 1806.202675680091 1 1.0
229410861.0 0.0 1812.3442910529923 0 3.4566497e-10
52857152.0 0.0 1805.6812513096659 0 1.7561243e-06
323058587.0 1.0 1795.0959131271627 1 1.0
390168923.0 0.0 1812.7021996898343 0 6.251779e-06
241082070.0 0.0 1812.3695531636463 0 1.5428688e-07
292403462.0 1.0 1797.994992706556 1 0.99998707
21119562.0 0.0 1805.93293802789 2 5.725402e-07
327606431.0 1.0 1799.307306325593 1 0.9999188
444801865.0 1.0 1798.7645877627235 1 0.9999958
283246566.0 1.0 1810.3058441185415 1 0.9999986
397235842.0 1.0 1799.3267718328516 1 1.0
289263532.0 0.0 1805.2223536901797 0 1.9354543e-06
368611685.0 1.0 1799.3681072756958 1 0.99996465
219870762.0 0.0 1808.8443296693986 0 7.7475066e-05
433501573.0 1.0 1794.7243470343233 1 0.9999011
139372111.0 1.0 1795.0578398357611 1 0.9999991
395940851.0 1.0 1798.1597750155709 1 0.9941468
356862553.0 1.0 1810.3859481614343 1 0.99944013
237219723.0 0.0 1808.9702716626757 0 2.2270318e-05
272324340.0 0.0 1806.847150472914 3 9.247018e-21
230380918.0 1.0 1796.219583649238 1 0.9999997
229952279.0 1.0 1799.2402941070452 1 0.9999907
301475840.0 0.0 1808.869864897155 0 5.3137576e-08
272532614.0 0.0 1805.2013509745807 0 9.6815274e-05
293066086.0 0.0 1795.4115367733034 3 2.178728e-20
258353545.0 0.0 1796.1783433176079 2 1.177439e-22
272954590.0 0.0 1812.3469611190321 0 0.00010892236
219870137.0 0.0 1805.1982796041689 0 3.6557833e-06
269609913.0 1.0 1806.1593715911863 1 0.9999809
424438254.0 0.0 1808.8441911546206 0 2.3371545e-07
200778468.0 1.0 1811.4329289677282 1 0.9999991
367079240.0 0.0 1809.1374844095537 0 0.00496875
138053332.0 1.0 1796.9746340124145 1 1.0
269697721.0 0.0 1807.157738995978 3 3.5493594e-12
230073412.0 0.0 1805.197907888029 0 1.3575574e-05
357595868.0 1.0 1797.6143011968622 1 0.99989414
235978860.0 0.0 1808.949828275303 0 0.0038850561
402830550.0 1.0 1795.117522605749 1 0.99999976
409525457.0 1.0 1797.5990963384145 1 0.99999624
424439974.0 0.0 1808.9272550714286 0 0.00028872094
377075568.0 1.0 1798.3674373820133 1 1.0
196919646.0 0.0 1805.2027767789546 0 3.2455123e-06
370511668.0 0.0 1809.1607980538472 0 3.612136e-05
348021035.0 1.0 1798.5359603055026 1 0.99999744
368889473.0 1.0 1798.3473497418552 1 0.9999987
387881182.0 0.0 1808.845527948432 0 1.52121775e-05
428257299.0 0.0 1796.9112890464053 3 4.177571e-29
238742070.0 1.0 1794.2657307447423 1 0.99999756
275466698.0 0.0 1808.9105557861253 0 0.00016295722
445311443.0 1.0 1797.0773425726431 1 0.9999987
308223943.0 1.0 1793.5362094741508 1 0.9999971
436848408.0 1.0 1798.7664497345254 1 0.99996406
237079307.0 1.0 1795.7411805386291 1 0.99999684
279826925.0 0.0 1805.2011131723207 0 1.9410869e-05
250684105.0 1.0 1798.3071491416504 1 0.9997658
238741045.0 0.0 1794.119936533304 2 0.0012736686
376295940.0 0.0 1805.2642657495655 0 2.095295e-08
311830172.0 0.0 1805.556140061398 0 3.617522e-08
90648033.0 1.0 1795.4120521818834 1 1.0
369994722.0 0.0 1793.1397768983709 0 3.5981916e-12
433693135.0 0.0 1805.2215743805639 0 0.0009976194
229787746.0 0.0 1808.8446370559711 0 5.0870187e-11
374557870.0 0.0 1797.84830455585 0 7.763531e-06
219760588.0 1.0 1795.6353135961308 1 0.99999064
348607778.0 1.0 1797.5776634926845 1 0.9999936
279523549.0 1.0 1799.6384482887192 1 1.0
453309498.0 0.0 1812.6814136848366 0 1.7462039e-10
366557556.0 0.0 1799.9295424981308 3 1.66932e-16
309058127.0 0.0 1795.8695107696617 2 0.00024897605
301737507.0 1.0 1794.9530175019836 1 0.99999154
28763463.0 1.0 1810.5364721252827 1 1.0
81523734.0 1.0 1796.4940312084925 1 0.9999962
250582395.0 1.0 1793.4945993140543 1 0.9999998
397368220.0 1.0 1796.0997630944098 1 0.9999999
441807493.0 1.0 1797.4280104173965 1 1.0
250605790.0 0.0 1808.8695387214402 0 9.626056e-06
256796784.0 0.0 1793.4075779134969 0 0.00041518675
453303092.0 0.0 1797.619186973746 2 5.195766e-08
351956267.0 1.0 1794.4930388226571 1 0.99973345
396031854.0 1.0 1796.638962172615 1 0.999598
202954633.0 1.0 1797.8075990337409 1 1.0
177916177.0 1.0 1796.245267308195 1 0.9999999
346299439.0 1.0 1797.055780855893 1 1.0
452968676.0 0.0 1793.139701560982 0 4.826095e-11
52347173.0 0.0 1806.243475266889 2 5.8418123e-06
420267547.0 0.0 1805.2000306351213 0 0.00027191313
302471021.0 0.0 1805.2031944354633 0 1.5827062e-06
233532450.0 1.0 1810.823247312077 1 0.9999995
186619878.0 1.0 1811.3494926348678 1 1.0
73521705.0 0.0 1805.474481047199 0 1.1648239e-05
427381732.0 1.0 1796.617438619862 1 0.9999999
445197000.0 1.0 1796.0564040380311 1 0.99999917
368523229.0 0.0 1805.5350105411062 0 7.4556924e-06
250892719.0 0.0 1808.9737958579492 0 3.3676246e-05
434893209.0 0.0 1793.40948493347 0 5.062065e-07
449997173.0 1.0 1810.6185049662386 1 1.0
359555465.0 1.0 1800.0102974672868 1 0.99999994
230023671.0 1.0 1805.2821919603252 1 0.9999974
22814039.0 0.0 1796.6413699104548 0 0.00014591307
401084504.0 1.0 1794.327602041866 1 0.9999808
252109307.0 1.0 1793.931647499042 1 0.9999999
236712642.0 1.0 1799.9264626848922 1 0.9999997
50348977.0 1.0 1795.1398206839226 1 0.999998
293066086.0 0.0 1798.6615479823827 3 9.8002195e-17
327392518.0 1.0 1795.5155729631958 1 0.9999998
311704171.0 1.0 1810.9311286885873 1 1.0
399207947.0 0.0 1812.4104698162707 0 0.000324671
372269137.0 1.0 1797.4525457466666 1 0.9999996
308604274.0 1.0 1805.9111536610408 1 0.99999857
404104934.0 1.0 1796.158519120858 1 0.9999996
367241683.0 0.0 1812.3880294057465 0 0.015988257
308536424.0 1.0 1810.2234825266517 1 0.9999889
233204702.0 0.0 1805.1984675202427 0 2.0880587e-11
250494610.0 1.0 1811.0986549208528 1 0.9990118
400672334.0 1.0 1795.4312011686873 1 0.9999987
117034117.0 1.0 1806.4113765518905 1 1.0
377035146.0 0.0 1805.2007249664002 0 1.4279933e-05
375721386.0 1.0 1799.1797206970477 1 0.99996954
372335021.0 1.0 1798.4296344864738 1 0.9999963
288600444.0 0.0 1805.2412030073008 0 1.285211e-08
184680608.0 0.0 1809.2032538146611 0 0.0017463696
230136137.0 0.0 1808.8438861343031 0 9.749054e-05
352578146.0 0.0 1808.8474077725791 0 2.951489e-07
428384504.0 1.0 1796.4530397979424 1 0.99999976
406596553.0 1.0 1805.5343554426604 1 0.999996
77357818.0 0.0 1805.287087374352 0 0.00044376805
65576784.0 1.0 1800.3701277747962 1 0.99999994
192473556.0 0.0 1793.1406989609688 0 0.0008815003
264220563.0 1.0 1795.1367130984438 1 0.99999857
240985351.0 1.0 1793.306889828787 1 0.9999998
77548002.0 1.0 1796.8287692951367 1 0.9999996
196891799.0 1.0 1805.2861026642781 1 0.9999998
201300177.0 0.0 1809.1621037883194 0 0.0010290797
389912740.0 0.0 1805.5563723890978 0 7.620655e-05
444404392.0 1.0 1794.7224163680837 1 0.9999995
422429717.0 1.0 1794.5125472689224 1 0.99997914
349294422.0 0.0 1806.34975858412 3 1.3091016e-05
251387790.0 0.0 1793.3900942236153 0 0.00023852102
417554759.0 1.0 1795.3894735277213 1 0.9999999
370273714.0 1.0 1793.5357389406022 1 0.9993595
245622507.0 0.0 1798.244277652645 2 8.518955e-08
427594701.0 1.0 1796.3051085315683 1 0.9999966
22843856.0 0.0 1803.9330387834366 3 3.8213147e-05
370073677.0 0.0 1812.7023149104266 0 4.764929e-16
428475356.0 0.0 1798.7018506160632 2 2.4585075e-24
321451090.0 1.0 1797.241726201947 1 0.99998885
200774792.0 1.0 1796.7868949880688 1 1.0
293184778.0 0.0 1805.4740868289718 0 0.00018784023
63471618.0 1.0 1797.1827967370702 1 0.99998444
403263056.0 1.0 1805.9518090889762 1 1.0
270444405.0 0.0 1805.2012007251703 0 8.7576944e-07
249919778.0 1.0 1805.848876117227 1 0.9999986
435447020.0 0.0 1805.6592413100868 2 1.0453505e-25
200739316.0 0.0 1796.640997868713 0 0.00037524555
116556436.0 0.0 1812.3697579195589 0 3.9902902e-14
278856459.0 0.0 1812.451836935727 0 0.0022510341
285430698.0 0.0 1805.3494489867933 0 3.2355398e-05
286410310.0 1.0 1797.2231597931218 1 0.9999989
373704160.0 1.0 1797.1187170773526 1 0.99966997
331720926.0 1.0 1795.5982491862117 1 1.0
52631344.0 0.0 1805.535324068058 0 5.073353e-06
435742004.0 0.0 1805.2008614347646 0 5.1302457e-10
251385069.0 1.0 1805.3693806056299 1 0.9999999
320380013.0 1.0 1798.243674450469 1 1.0
327789778.0 1.0 1810.8695720031185 1 0.9999999
441796790.0 1.0 1806.1362977563426 1 0.9999998
53807577.0 1.0 1799.0144552128788 1 0.9999371
445256146.0 1.0 1796.4521609459869 1 0.9998391
269715117.0 0.0 1798.4721218205038 2 9.865754e-16
192495800.0 1.0 1798.9326678024734 1 1.0
186716592.0 0.0 1812.4118421723192 0 0.0012074371
387560634.0 1.0 1796.8664299992515 1 0.99999386
468293391.0 0.0 1807.9717124453884 3 3.5184812e-31
378282090.0 1.0 1798.743128668159 1 0.9995931
383676129.0 1.0 1810.9273138446492 1 0.999987
343467012.0 1.0 1799.4704690741926 1 1.0
285578020.0 1.0 1810.2851358975063 1 0.9999999
249886811.0 0.0 1812.390519381621 0 0.00011623248
71742796.0 0.0 1805.202594615033 0 0.00026559088
444083730.0 1.0 1806.2027588268036 1 1.0
35026766.0 1.0 1795.0164441496586 1 0.9999983
326817214.0 1.0 1797.909980182041 1 1.0
327371135.0 1.0 1795.847760690721 1 0.9999956
65647263.0 1.0 1798.140720696966 1 1.0
229751802.0 0.0 1797.4904966475362 3 1.9629538e-29
415960247.0 0.0 1808.8488142087745 0 2.2191705e-05
292056645.0 1.0 1799.1199855649552 1 0.9999998
250836327.0 1.0 1797.9320887637562 1 0.9999994
247006412.0 0.0 1808.8495568415526 0 0.00012727523
410231988.0 1.0 1800.033641574649 1 0.9999996
26654252.0 1.0 1794.3702084299398 1 1.0
54624637.0 0.0 1805.7644469356915 0 0.00025643027
219109908.0 0.0 1797.2402426569936 3 2.123512e-29
279501959.0 0.0 1812.4103544481989 0 0.0019752006
34750272.0 0.0 1812.370496845297 0 0.00011500244
252174670.0 1.0 1793.9105612915357 1 1.0
376891083.0 0.0 1796.0549470002766 3 2.7712728e-14
399740559.0 1.0 1796.2633812985648 1 0.99999976
410779784.0 0.0 1812.3667217850257 0 3.9815674e-07
423461477.0 0.0 1812.4313295509878 0 4.1354444e-05
237233441.0 0.0 1810.2412424382896 2 1.1472023e-13
83812531.0 0.0 1795.1184035211334 3 3.3162834e-08
252190282.0 0.0 1793.140030164919 0 1.8113045e-08
354112041.0 1.0 1795.6193641766001 1 1.0
21131417.0 0.0 1808.9953717105668 0 0.00035627163
270813427.0 1.0 1811.388589662003 1 0.99999076
354841987.0 0.0 1805.2853995959517 0 1.7052935e-06
410773652.0 1.0 1798.2836824017766 1 0.9999997
116889354.0 1.0 1811.5155771306522 1 1.0
251766867.0 1.0 1794.0567665061612 1 1.0
233238544.0 1.0 1794.7817689815142 1 1.0
433283112.0 1.0 1796.9744695466043 1 0.99999964
65159476.0 1.0 1793.43235000187 1 0.9999929
433286487.0 1.0 1797.2869662037751 1 0.99999976
291998825.0 1.0 1796.7448305038054 1 1.0
251199393.0 0.0 1796.890186871915 0 0.000107145235
279594697.0 0.0 1805.3477655997779 0 1.534149e-05
376231996.0 1.0 1806.2630399656323 1 1.0
444445961.0 0.0 1796.6394763843982 0 0.0018608894
411043564.0 1.0 1805.5960428528458 1 0.99999946
264308939.0 1.0 1810.5542884798879 1 1.0
250772110.0 1.0 1798.0778771461455 1 0.99999547
289088986.0 1.0 1806.1181259883617 1 1.0
433283484.0 0.0 1809.3910529377597 0 1.2563117e-05
418257102.0 0.0 1810.9083822579112 3 1.794422e-14
407495344.0 1.0 1800.055374379492 1 0.99999905
428120496.0 1.0 1799.224026904865 1 0.9992554
192652602.0 1.0 1796.4740973619625 1 0.9999991
419245939.0 1.0 1793.7436607676561 1 0.9999987
405430590.0 1.0 1810.1622994988882 1 0.9999813
275370165.0 1.0 1805.8678105065871 1 0.9999996
230386284.0 0.0 1812.2401377670096 3 2.8484895e-12
252869093.0 1.0 1811.3074870675123 1 0.9999682
236762131.0 0.0 1808.8446210025884 0 2.0165644e-05
251432448.0 0.0 1793.3901428684355 0 9.4094656e-05
198189413.0 1.0 1797.4891925702536 1 0.99999607
377255272.0 1.0 1797.3025000350215 1 0.9999998
428165254.0 1.0 1794.2029311097813 1 0.99998766
249889025.0 1.0 1796.848804968144 1 0.99999934
256101052.0 1.0 1795.2854209902357 1 0.99999803
10698068.0 1.0 1795.8690090011949 1 1.0
252135875.0 1.0 1797.931625838329 1 1.0
233622431.0 0.0 1808.8858863597616 0 5.2531635e-07
403038960.0 1.0 1793.5991351811608 1 0.788212
187031415.0 0.0 1809.182506799654 0 1.0298448e-05
327346503.0 1.0 1797.6406753403733 1 1.0
73489137.0 0.0 1805.349581687233 0 0.000114048955
359250458.0 0.0 1805.5141310645345 0 0.0071014264
233233116.0 0.0 1808.8440453256367 0 5.803403e-07
427737930.0 1.0 1793.30783992042 1 1.0
230378763.0 1.0 1799.2401516689192 1 0.999498
192422329.0 1.0 1794.807399159466 1 0.99999815
321820098.0 0.0 1800.3250914059947 0 6.602482e-05
245398585.0 1.0 1798.4317900340511 1 1.0
279269179.0 1.0 1798.8893255078647 1 0.99999994
405614267.0 1.0 1799.661495937725 1 1.0
115918466.0 0.0 1812.3697364654286 0 4.5565534e-09
11158635.0 0.0 1797.8482412007604 0 1.0040651e-06
374393666.0 0.0 1805.2648621607393 0 0.00019457347
219895512.0 1.0 1793.8647840391686 1 0.99999744
116991381.0 0.0 1808.911622150893 0 0.0030505618
336547397.0 1.0 1794.2006774483232 1 0.99999994
367681735.0 0.0 1808.2611069265092 3 3.2158556e-25
177880459.0 1.0 1795.078551123973 1 0.99999994
291889068.0 0.0 1793.140623464966 0 1.9370884e-06
399787877.0 0.0 1812.343682570237 0 9.285558e-05
329246824.0 0.0 1795.843300651111 3 5.772552e-27
397927532.0 1.0 1796.0560608702885 1 0.9999272
374390935.0 0.0 1797.848215924621 0 0.00023040631
376839554.0 0.0 1805.2006356503643 0 1.4243498e-05
270930675.0 0.0 1805.2011645381185 0 5.1294614e-06
372339636.0 1.0 1797.3462864845335 1 0.99999994
229509472.0 1.0 1811.2197675552582 1 0.99972117
308125835.0 0.0 1808.8485633393902 0 0.0005209303
417767716.0 1.0 1795.784230766603 1 1.0
374303452.0 1.0 1796.7023290386 1 0.99999595
272327554.0 0.0 1795.784816553979 2 1.2160428e-12
279662725.0 0.0 1812.3675479025806 0 3.9737793e-06
385103406.0 1.0 1796.2656962494393 1 0.99999803
184739277.0 0.0 1808.6617581897651 3 2.9739758e-10
362105477.0 1.0 1796.406971318493 1 1.0
385205711.0 1.0 1796.2241654689988 1 0.99999994
235903581.0 0.0 1808.8871519088466 0 1.9481471e-05
293061019.0 1.0 1796.3075769693946 1 0.99999654
117662217.0 0.0 1808.869919723918 0 0.000103749495
397235842.0 0.0 1805.305991266153 0 7.231431e-05
68094492.0 0.0 1805.4536268886623 0 0.0003994925
385556396.0 1.0 1796.8704696176917 1 0.99999917
230027382.0 0.0 1812.3650963474963 0 2.8230318e-07
129758596.0 1.0 1810.22419553739 1 0.99999803
346627403.0 0.0 1796.5580017455316 3 2.3196833e-30
229650991.0 0.0 1797.6992319167387 0 0.00024825448
10875292.0 1.0 1795.1398750726241 1 0.9999994
235950428.0 1.0 1806.1788930765272 1 1.0
241006859.0 0.0 1812.3899915076317 0 1.606438e-07
241081158.0 0.0 1796.6405605481204 0 0.00015927781
452880907.0 1.0 1805.9725025349871 1 0.9999892
289722957.0 0.0 1811.4264372442328 3 5.9616757e-21
83419843.0 0.0 1799.2224435229991 2 1.4044189e-09
13697423.0 0.0 1796.910390805049 2 8.852327e-13
409528623.0 1.0 1795.6615938171064 1 1.0
245541676.0 1.0 1810.181782762791 1 0.99999136
385147599.0 0.0 1805.3284912860977 0 9.235488e-05
285790549.0 1.0 1798.764913433041 1 0.99999905
177827291.0 1.0 1796.4743649849217 1 0.99999684
178043245.0 1.0 1811.1828279946449 1 1.0
372389345.0 0.0 1808.846142247879 0 4.906556e-05
331202960.0 1.0 1798.2230984556884 1 0.97435504
238740981.0 1.0 1793.6199302745206 1 0.9999999
199526211.0 0.0 1805.3017909626012 0 4.9552824e-07
378468339.0 1.0 1795.930624025928 1 1.0
302309480.0 0.0 1811.1197161258358 2 5.1482547e-09
230389443.0 1.0 1797.302712097144 1 0.9999991
329344881.0 1.0 1798.926428308222 1 1.0
240882665.0 0.0 1812.743974625117 0 0.00010292139
331717791.0 1.0 1793.3900092334977 1 1.0
329248120.0 1.0 1806.2804797114643 1 0.99999386
83625098.0 0.0 1809.1599044394866 0 6.198982e-05
359553226.0 0.0 1812.4684999228296 0 0.0001571985
407319154.0 0.0 1800.3054911751492 0 1.0247367e-06
85487976.0 0.0 1805.6205578139252 0 4.931319e-05
431760001.0 1.0 1797.3491353505644 1 0.9999959
401497155.0 1.0 1810.1799608837316 1 0.9999958
402659158.0 1.0 1810.7409309041295 1 1.0
230123304.0 1.0 1796.8020991444903 1 0.9999999
301421405.0 0.0 1805.2030322100984 0 1.4939615e-06
312543164.0 0.0 1812.7019573900882 0 1.2417545e-09
82971072.0 1.0 1810.8471605661355 1 0.99997014
192250180.0 0.0 1809.0575637449465 0 0.0001974633
308288288.0 1.0 1798.5362120883337 1 0.9999995
433287246.0 1.0 1796.891180637669 1 0.9999905
279193368.0 1.0 1794.8477918088283 1 0.9999999
285384380.0 1.0 1796.7870677780345 1 0.99999714
252178122.0 0.0 1793.1397491400685 0 1.3659899e-09
263968694.0 0.0 1796.1786067944001 3 9.517657e-12
149851171.0 1.0 1797.974381736698 1 1.0
251150643.0 1.0 1795.4528318104133 1 0.99998987
365885995.0 1.0 1798.388755707189 1 1.0
251247961.0 1.0 1795.1816512753499 1 0.99999297
280035355.0 0.0 1810.4491142872953 2 0.001104382
192884105.0 0.0 1812.661825613959 0 0.0002028819
405623817.0 0.0 1812.348723076466 0 6.0205042e-05
367095517.0 1.0 1794.7213757422796 1 0.9999991
376195427.0 1.0 1798.305949795926 1 0.999999
283251438.0 0.0 1809.201773730372 0 1.2775127e-05
407387075.0 1.0 1811.5571204323319 1 1.0
269597733.0 1.0 1811.553261930381 1 0.9999999
285272328.0 1.0 1795.0787891788675 1 0.9999324
365737112.0 1.0 1811.095573126019 1 0.9999762
286224054.0 0.0 1808.9108952909266 0 5.06055e-15
201104760.0 1.0 1795.599228305838 1 0.99999934
29109245.0 1.0 1795.9538836475917 1 1.0
453256745.0 0.0 1805.5356883207137 0 9.1670496e-05
184675875.0 0.0 1795.16184586009 2 1.2684159e-10
269420198.0 0.0 1805.2011312034927 0 0.00026434544
81381712.0 0.0 1805.2649757265003 0 2.663463e-05
320498016.0 0.0 1796.0146996009742 2 9.964506e-13
427808873.0 1.0 1795.0552287812366 1 1.0
343623289.0 1.0 1794.3247322804166 1 0.99999714
453254150.0 0.0 1796.6398617733241 0 0.00014695415
229638988.0 1.0 1797.9907288616803 1 0.9999998
301993657.0 1.0 1795.1820809507424 1 0.99999994
165552573.0 1.0 1806.4056248422914 1 1.0
317645990.0 0.0 1796.5132547739825 2 2.3223915e-16
348670956.0 1.0 1810.140162547433 1 0.99981445
378861516.0 1.0 1810.138801886716 1 0.9999824
272324340.0 0.0 1809.4512541414122 3 1.620682e-19
420454310.0 0.0 1805.222347929172 0 3.8173886e-05
237068644.0 1.0 1795.2620178967366 1 0.9999995
245548907.0 1.0 1799.4734835693114 1 0.9999977
445439566.0 0.0 1805.5149953037007 0 4.6100118e-07
305562802.0 1.0 1810.1995743569144 1 1.0
427555953.0 1.0 1796.8259587611121 1 0.99999726
372630142.0 1.0 1798.3272850917301 1 0.9999946
359632086.0 0.0 1805.1978349743708 0 3.8082665e-10
357033231.0 1.0 1798.551764276886 1 0.9999985
279202207.0 1.0 1795.2223900118354 1 0.99999905
403037892.0 1.0 1794.4116839728347 1 0.99989927
196920546.0 0.0 1803.952794274691 3 4.2553234e-28
274949415.0 1.0 1799.6803262636563 1 0.99999994
399587190.0 0.0 1801.6407594319355 3 0.065759
346786600.0 1.0 1811.1827541481152 1 1.0
369031592.0 1.0 1799.7433842138848 1 1.0
354116108.0 1.0 1806.42936822082 1 0.9977826
409530571.0 1.0 1810.9740523826295 1 1.0
417332401.0 1.0 1795.7222991325652 1 1.0
202926467.0 0.0 1796.6408629744665 0 0.00018824042
326963921.0 0.0 1812.3485421386933 0 5.5461123e-07
13844018.0 1.0 1795.014647669195 1 0.99999934
367463947.0 0.0 1800.1405176997584 0 0.00011712534
367838397.0 0.0 1805.1989590406924 0 6.713883e-06
251513685.0 1.0 1796.5567377340608 1 1.0
85431003.0 1.0 1793.4953576835778 1 0.9999976
288391589.0 0.0 1805.4704680228729 2 3.6926548e-10
194608369.0 1.0 1811.2452739172627 1 0.9999999
117113742.0 1.0 1805.4116186221656 1 0.9999998
270813758.0 1.0 1798.8888722805098 1 1.0
219900583.0 1.0 1805.6985437386097 1 0.9999401
139503099.0 1.0 1795.8911332388893 1 0.9999947
219740340.0 1.0 1795.864275816513 1 0.99999917
291961702.0 0.0 1796.6406288979229 0 6.674785e-07
322058806.0 1.0 1799.4501754267221 1 0.99999875
192691235.0 1.0 1794.057588901182 1 0.99999994
264178725.0 1.0 1805.4084172656871 1 0.9999884
376112177.0 1.0 1796.8047274602295 1 1.0
233629196.0 0.0 1812.385866191936 0 1.2507794e-06
417600455.0 1.0 1805.8665546803911 1 0.9999999
321544207.0 1.0 1795.0125842197042 1 1.0
288507955.0 0.0 1808.9704608757372 0 5.2021926e-05
384813951.0 0.0 1812.348586169609 0 7.2767136e-05
219117355.0 1.0 1799.615212733554 1 0.99881154
346678533.0 1.0 1811.4955368618605 1 0.99999917
165498199.0 0.0 1805.2390742326515 0 1.213875e-10
83339750.0 1.0 1795.6600933459604 1 0.9999311
323306240.0 0.0 1812.38776223141 0 0.00014104278
399797891.0 1.0 1795.5759775167505 1 0.99998945
332475164.0 0.0 1805.2388911833677 2 2.8193375e-07
450129274.0 0.0 1793.327726421425 0 3.743187e-10
256863477.0 1.0 1794.0118444152522 1 0.9888489
427800363.0 1.0 1811.0967746455565 1 0.9994499
192313589.0 1.0 1794.786763318957 1 0.99999857
219899510.0 0.0 1805.239871981312 0 1.3913929e-07
428256292.0 1.0 1798.0362896082797 1 0.9999993
250538904.0 0.0 1805.5778728072069 2 4.9113405e-05
28690469.0 1.0 1810.578079287732 1 0.99999976
250799836.0 0.0 1805.2446551012624 0 1.1050636e-06
238654774.0 1.0 1795.5988179386732 1 1.0
256717300.0 1.0 1798.2420482375564 1 0.9999998
252186590.0 0.0 1809.2022614531354 0 0.0006750344
346022245.0 1.0 1811.098513167172 1 0.9997961
301916446.0 1.0 1796.7873160223603 1 1.0
428735483.0 1.0 1799.0345035123203 1 0.9999992
301420654.0 1.0 1811.0154789551675 1 0.99999976
366517337.0 0.0 1798.2622021790178 3 1.4362781e-33
453160576.0 1.0 1806.222806695408 1 0.9999999
399358798.0 0.0 1812.7022779621661 0 9.38757e-05
292521301.0 1.0 1793.5365836839544 1 0.9999922
101352760.0 1.0 1795.6203741982285 1 0.999999
117808602.0 1.0 1794.3073021832827 1 0.9999984
94367944.0 0.0 1810.412221650837 2 1.1572062e-07
427579590.0 1.0 1793.5787956946854 1 0.9996114
77633791.0 0.0 1808.9745903441335 0 0.00023818354
426111554.0 1.0 1797.2005144549457 1 0.9999909
388435585.0 1.0 1805.9715093044879 1 0.99999934
398307314.0 1.0 1805.825550261791 1 0.9999984
312551151.0 0.0 1794.3899157947617 2 2.876987e-15
90669919.0 1.0 1810.4538847234946 1 0.9999139
90851587.0 1.0 1795.766144829745 1 0.99999154
354424466.0 0.0 1812.3465325304537 0 0.00032033553
116273288.0 0.0 1808.8905928874588 0 0.0010077434
412887771.0 1.0 1806.012759782137 1 0.99998564
229741985.0 0.0 1806.1363953179964 3 3.1853317e-06
235985080.0 1.0 1794.8455160160458 1 0.9999773
376403308.0 1.0 1805.6381057662886 1 1.0
258829670.0 0.0 1800.4280217248297 2 1.1057028e-07
433693135.0 0.0 1808.8673203224598 0 0.0005497865
428737982.0 0.0 1808.8885862489237 0 4.6897002e-14
284565098.0 0.0 1805.1984909252287 0 1.6962008e-06
21021749.0 0.0 1808.8494632660827 0 6.703508e-05
408364941.0 1.0 1795.9503210855132 1 0.9999549
354178364.0 1.0 1810.2657740864636 1 0.9999864
301416430.0 0.0 1812.34868651208 0 6.90978e-11
90767011.0 1.0 1793.3078900836335 1 0.998841
35154187.0 1.0 1797.0788226012412 1 0.99956924
359556336.0 0.0 1797.781269583867 2 3.456593e-16
321548549.0 1.0 1796.4084165351774 1 0.99948025
13264809.0 0.0 1805.306417549906 0 9.926978e-06
10702234.0 0.0 1808.9522771944035 0 0.00010680738
367242405.0 0.0 1812.3463555861235 0 5.051215e-07
117323091.0 1.0 1795.9114442347163 1 0.9999862
423034554.0 0.0 1812.3693539967837 0 2.817948e-07
28909709.0 1.0 1799.1206046839752 1 0.9999559
224604024.0 1.0 1806.134679578354 1 0.99999946
90569440.0 1.0 1795.8911920168086 1 0.9999971
374691551.0 1.0 1793.306954045448 1 0.99999577
237233368.0 1.0 1798.1578896607473 1 0.999995
411576835.0 1.0 1797.929543749933 1 0.9989974
272226798.0 1.0 1811.1803994543086 1 0.9999144
352522257.0 0.0 1805.2643410779096 0 1.4174728e-05
241015904.0 1.0 1796.5569838903123 1 0.99998415
198236207.0 1.0 1793.343235200364 1 0.99999696
241027893.0 1.0 1806.3902306907012 1 1.0
433139697.0 1.0 1798.7244434292315 1 0.9999996
444441735.0 1.0 1799.3476746273222 1 1.0
82689448.0 0.0 1805.2856861933512 0 0.00023839416
378992100.0 0.0 1805.2222703800617 0 5.2854643e-12
250923819.0 0.0 1812.3487316013643 0 0.0002787338
453157638.0 1.0 1793.8271864773124 1 0.9999999
403256958.0 1.0 1800.097690380217 1 1.0
379534002.0 0.0 1809.03531705878 0 0.18896833
384837175.0 1.0 1810.1196969297525 1 0.99999785
192289702.0 1.0 1795.4533252554106 1 0.999865
445285777.0 0.0 1796.639724643837 0 2.903046e-05
396339551.0 0.0 1805.9517281986398 3 1.768293e-05
365944586.0 0.0 1808.8468687004954 0 3.6430494e-05
444494162.0 0.0 1793.139415951631 0 8.4000214e-07
230087452.0 1.0 1796.156328186823 1 0.9999998
419253653.0 0.0 1805.555873096511 0 3.0694352e-09
186988940.0 1.0 1793.5577828206706 1 1.0
118421181.0 1.0 1793.1830884577698 1 0.9999997
370853432.0 1.0 1811.0774564672663 1 0.99999994
331718137.0 1.0 1811.0980985175854 1 1.0
383674728.0 0.0 1812.4688165162845 0 2.9191486e-07
332982936.0 1.0 1794.952408176713 1 0.99999785
241101553.0 1.0 1797.869590158383 1 0.9999999
50695492.0 0.0 1812.4107942226346 0 9.7327335e-05
202903126.0 1.0 1797.3700523238192 1 0.9999916
285909383.0 1.0 1799.0145874006926 1 0.9999557
198457457.0 0.0 1796.5931166933672 3 1.1290898e-27
230029334.0 1.0 1810.5110242113258 1 0.99999994
390526168.0 1.0 1810.5983691926917 1 0.99997455
81910333.0 1.0 1797.9938951016431 1 0.9999189
372118483.0 1.0 1797.8277143433745 1 1.0
54721476.0 0.0 1796.8897199456721 0 9.8767405e-06
368792432.0 0.0 1812.3682420290968 0 1.3791707e-10
245458192.0 0.0 1812.36954425289 0 1.4775021e-10
367753822.0 0.0 1797.6990987428162 0 8.8024416e-07
312776148.0 1.0 1795.6188830421574 1 0.9999999
368890185.0 1.0 1799.4723189021324 1 0.999914
372259858.0 0.0 1808.8461171158447 0 1.3445762e-05
229782614.0 0.0 1805.2820588203522 0 1.3412055e-05
67635386.0 1.0 1810.5159831721496 1 0.99999994
378293411.0 1.0 1797.4307702263663 1 0.99999994
387562042.0 0.0 1808.8454323529988 0 1.5913787e-06
403521659.0 1.0 1799.4943340592463 1 0.9999988
199682624.0 0.0 1812.4682273847932 0 0.0030371423
250718108.0 1.0 1798.265472678523 1 0.9999897
308711972.0 0.0 1812.6191747919377 0 2.7165452e-05
198416591.0 0.0 1796.2181919246434 3 3.8047876e-33
71982142.0 0.0 1808.8692790039865 0 2.6330182e-10
399587190.0 0.0 1798.2657446497926 3 7.0594695e-05
289569855.0 1.0 1796.4682184242868 1 1.0
331984288.0 1.0 1794.51474732761 1 0.99999946
198280388.0 0.0 1794.5098202004126 3 2.4117002e-32
417767562.0 0.0 1809.1175629746651 0 6.896846e-06
433079797.0 1.0 1794.391055745809 1 0.99999374
5635322.0 1.0 1796.9954580129056 1 0.9999999
28761158.0 0.0 1805.349115289638 0 7.749184e-05
468293391.0 0.0 1797.1799450681199 3 1.0827792e-33
348307567.0 1.0 1795.5986678849158 1 0.9999945
284455777.0 1.0 1797.6569643920027 1 0.99999744
424120936.0 0.0 1805.4745674200485 0 0.00023582735
359586060.0 0.0 1809.176900712906 0 1.0437776e-08
369821282.0 0.0 1809.1808019583193 0 8.259886e-05
316960588.0 1.0 1798.2650520808274 1 0.9999861
117406851.0 0.0 1795.3695674557296 2 1.023795e-06
82395189.0 1.0 1794.3896281764603 1 0.99999833
198538313.0 0.0 1805.1973704471732 0 7.838555e-05
367836207.0 1.0 1810.7200118295973 1 0.9999991
367188489.0 0.0 1808.8672178522697 0 1.5338221e-08
284892749.0 0.0 1812.4266892029987 0 0.00024659818
312860374.0 0.0 1809.202244590587 0 1.562414e-07
331814791.0 1.0 1795.284625788915 1 0.9998794
377036419.0 1.0 1794.5966644677744 1 1.0
428325837.0 0.0 1805.2447375558681 0 7.186123e-05
316629404.0 0.0 1812.348872391017 0 6.369349e-08
353565609.0 0.0 1810.2226101908748 3 5.267065e-28
433075966.0 1.0 1810.7659242106122 1 0.99999815
377335048.0 1.0 1810.1173017284282 1 1.0
285507494.0 1.0 1797.4112078251242 1 0.99999523
240701287.0 0.0 1793.1398875260643 0 1.0291988e-05
249856862.0 1.0 1795.6613322177823 1 0.999944
229463907.0 1.0 1795.594866041216 1 0.999994
184587091.0 0.0 1809.1408666637767 0 0.00049844873
83523034.0 0.0 1808.8472911871356 0 8.836777e-06
375712663.0 0.0 1812.408671595263 0 0.036770903
302544369.0 0.0 1796.641336483122 0 0.0002998052
29059845.0 0.0 1809.2039699434845 0 0.002182596
232606710.0 1.0 1798.5518141878874 1 1.0
354742194.0 0.0 1809.2017685830106 0 2.7728868e-07
65648689.0 1.0 1806.411666372809 1 0.99997693
381849076.0 1.0 1796.0993321468331 1 0.9999375
272323850.0 1.0 1795.0556924634502 1 1.0
283135126.0 1.0 1798.4104093652013 1 0.9999999
320498127.0 1.0 1793.764730408797 1 0.99999833
186988202.0 1.0 1798.9743907568527 1 0.9999999
353817714.0 1.0 1797.5932274351392 1 0.99999213
245716241.0 0.0 1796.8277026189378 0 0.00013275756
10709869.0 1.0 1795.41045278596 1 0.9999892
331726939.0 1.0 1796.9297846263278 1 0.999955
323145595.0 1.0 1797.1792753391233 1 0.9999999
245634889.0 1.0 1797.4112166439754 1 0.99998116
241120119.0 0.0 1793.140530750179 0 5.0955795e-09
418219304.0 1.0 1796.0126136033098 1 0.9999999
397762695.0 0.0 1796.659693416866 2 6.7643914e-06
245720392.0 0.0 1796.8067759330675 2 1.3057815e-19
334679038.0 1.0 1797.7405158095203 1 1.0
258393109.0 0.0 1812.3445805378278 0 4.005113e-06
12875048.0 1.0 1795.8051862140428 1 0.9999988
255993777.0 0.0 1805.8869890214344 3 0.000383254
372723747.0 0.0 1805.3687779487145 0 0.000119865166
314591577.0 0.0 1793.324639261134 0 1.435249e-10
270661813.0 1.0 1797.0971823084851 1 0.9999919
178076617.0 1.0 1793.6619755324687 1 1.0
370062153.0 0.0 1799.3900115248505 2 6.966807e-10
331793908.0 1.0 1794.0758361747048 1 0.99999994
229590708.0 1.0 1796.761501800664 1 0.99999833
410733793.0 0.0 1808.8907635856385 0 0.00019748193
241068179.0 1.0 1793.9112572537297 1 0.99999356
192552396.0 1.0 1806.349191091063 1 0.9999992
233055311.0 0.0 1812.6354306383234 0 2.3809662e-05
22842062.0 0.0 1796.6413749188825 0 0.0039109783
177804841.0 0.0 1805.2035974936764 0 0.0001386114
421684975.0 0.0 1805.5146904519033 0 3.31852e-05
241088287.0 0.0 1800.140326802457 0 6.8162167e-06
250529744.0 1.0 1798.7655503938227 1 0.9993599
194730867.0 0.0 1812.3912084787698 0 0.00015295098
403400465.0 1.0 1796.2651552617967 1 0.9999139
348231491.0 1.0 1797.202653271505 1 1.0
352768077.0 1.0 1799.118467221813 1 0.99999714
373456959.0 0.0 1805.2010805504594 0 8.176253e-05
245391330.0 1.0 1805.4111529337376 1 0.9999773
65288356.0 1.0 1795.0366293694226 1 0.99999315
388074219.0 0.0 1796.824967136173 0 0.00027825293
444588743.0 0.0 1793.1395179979438 0 0.0026183822
236760114.0 0.0 1812.3442291098802 0 7.022433e-05
436873841.0 1.0 1810.3288204792555 1 0.99999714
49657950.0 0.0 1812.4522288494934 0 2.5458925e-05
264915383.0 0.0 1793.3903257049162 0 0.00010305572
321450723.0 1.0 1797.5333970390427 1 0.9999989
83810074.0 0.0 1805.2224149312754 0 2.2365137e-07
229512750.0 1.0 1796.7406900037802 1 0.9999996
285338552.0 0.0 1805.5559704303416 0 1.26071145e-05
249919744.0 0.0 1812.3488235554194 0 0.00019286569
232677338.0 0.0 1808.8436197304745 0 0.00016160881
34821762.0 1.0 1797.203945801069 1 1.0
406683158.0 0.0 1793.4093968498235 0 8.818844e-16
264298758.0 0.0 1808.8450720362757 0 2.0521014e-05
229436622.0 0.0 1796.5322188678463 2 8.207563e-24
445530990.0 0.0 1812.3484887773268 0 7.8008625e-06
83227510.0 0.0 1808.8889996350806 0 7.561644e-05
370947635.0 1.0 1794.2859677330225 1 0.9999979
390743117.0 1.0 1798.306322897484 1 0.9999968
316468859.0 0.0 1805.2000425456717 0 1.4099089e-07
232604261.0 1.0 1794.0726204479543 1 0.9999958
10868459.0 0.0 1812.431407079233 0 2.2550095e-07
348135223.0 0.0 1805.2027283110485 0 1.017656e-07
21123753.0 1.0 1798.7599957362672 1 0.99999976
373514129.0 0.0 1808.8469154398433 0 3.7668833e-08
46476473.0 1.0 1793.599674142665 1 0.9999959
389838241.0 0.0 1805.5563411133635 0 1.9631776e-07
395769189.0 1.0 1810.909860613884 1 0.9999999
422989858.0 0.0 1812.384615434157 0 3.581568e-06
229759631.0 1.0 1795.3029896474868 1 1.0
230025052.0 1.0 1805.2820655555577 1 0.99999124
219094727.0 1.0 1797.0317504573309 1 0.9999489
101351543.0 1.0 1798.7662624578873 1 1.0
314642341.0 0.0 1796.907884852981 0 0.0003348211
449997359.0 1.0 1796.9937557494673 1 0.99999756
445351233.0 0.0 1796.639858512555 0 6.0193386e-05
410498550.0 1.0 1793.8072049966277 1 0.9999953
302072179.0 1.0 1796.3281993929643 1 0.999994
1981434198.0 0.0 1807.0956716058465 3 3.1446365e-23
186939338.0 1.0 1810.4532742201332 1 0.9999834
403750431.0 1.0 1794.6816077912463 1 1.0
407311680.0 1.0 1798.222347985967 1 0.9999743
65648539.0 1.0 1794.7447587593792 1 0.99997634
271334324.0 1.0 1798.5763046132022 1 0.99999386
264252839.0 0.0 1796.4909478336133 2 0.00028264459
354242093.0 1.0 1810.721483884119 1 1.0
13279370.0 1.0 1796.8468213988758 1 0.9998863
269930796.0 1.0 1795.4304578127276 1 0.9999976
417852672.0 1.0 1799.5347751975717 1 0.99999976
256208556.0 0.0 1795.0976819263544 2 3.4199162e-19
81822846.0 1.0 1810.2025717884062 1 1.0
256311676.0 0.0 1809.1602191468248 0 0.00018733744
332870266.0 1.0 1796.848315568476 1 0.99997514
407421695.0 1.0 1811.3904747375811 1 1.0
428706728.0 1.0 1794.846770361203 1 0.9999925
400532578.0 1.0 1799.9524524650546 1 1.0
233716661.0 0.0 1797.969110715019 0 1.7714164e-07
22841121.0 1.0 1797.8705815933727 1 1.0
272785475.0 1.0 1793.3643949395528 1 0.9998441
250577024.0 0.0 1805.202838976097 0 1.5640715e-05
186940152.0 0.0 1805.474207812482 0 0.00012071063
101259735.0 0.0 1805.5996446750225 0 0.000519734
67767538.0 0.0 1796.6410211228197 0 0.0003542921
67716306.0 0.0 1812.4743946590493 0 0.00034856788
288638353.0 1.0 1805.7202487679676 1 1.0
354969380.0 1.0 1798.4726449478903 1 0.999999
184731325.0 0.0 1809.0575009499498 0 0.00017047912
408100890.0 0.0 1797.4711181296725 2 3.270254e-08
428054690.0 1.0 1810.4740533214688 1 1.0
235999243.0 0.0 1793.4497339068798 2 2.534372e-17
434625997.0 0.0 1796.1594365344545 3 9.299856e-16
309237193.0 1.0 1794.2860908839111 1 0.999997
250498898.0 1.0 1798.59894757287 1 0.9999978
238771118.0 0.0 1812.4741410028678 0 3.1382756e-06
353939549.0 1.0 1811.3017601220236 1 0.99999547
376882425.0 0.0 1805.2200734322148 0 1.2794651e-09
85341948.0 1.0 1796.411927690322 1 1.0
255993777.0 0.0 1808.9702731355123 3 0.0008516934
285872467.0 1.0 1799.3071568983385 1 0.98358953
229651111.0 1.0 1806.3243239937294 1 1.0
428073030.0 1.0 1794.6612610473487 1 0.999673
396355329.0 1.0 1797.9310392006405 1 0.9999999
241022650.0 0.0 1793.2027107058063 0 9.662475e-07
332813730.0 1.0 1811.452167650349 1 1.0
230377991.0 1.0 1793.9693161031325 1 0.9999957
67461088.0 1.0 1793.9744280420407 1 1.0
331849016.0 1.0 1795.0341096821774 1 0.9999999
316629404.0 0.0 1805.2029814553916 0 0.00018906013
219897020.0 0.0 1808.8443370207517 0 1.737275e-09
272532173.0 0.0 1809.7220794004584 3 6.204704e-19
301566776.0 1.0 1793.598744517817 1 0.99999446
366069438.0 0.0 1812.3884564588986 0 1.245263e-08
265296856.0 1.0 1805.2236032673727 1 0.9999999
354643717.0 0.0 1812.3490538236833 0 0.00015590443
229973262.0 1.0 1811.4901970762608 1 0.9999842
194672668.0 0.0 1808.9328565283543 0 0.00019084102
22842245.0 0.0 1805.3079529055085 0 1.9942157e-05
315919383.0 1.0 1810.1579885474846 1 0.99999475
68039151.0 0.0 1796.641068104655 0 0.00023107862
192464679.0 1.0 1796.8491947921043 1 0.99999946
279004215.0 1.0 1797.7435150637011 1 0.9999929
299333041.0 0.0 1812.7021719040915 0 0.00013866946
85489202.0 1.0 1796.2038129997393 1 1.0
192528133.0 1.0 1810.4534632177417 1 0.999998
412353117.0 1.0 1793.6796345454625 1 0.9999975
420454160.0 0.0 1812.347236558744 0 6.799975e-05
292845118.0 1.0 1798.7448448486218 1 0.99998903
264297913.0 1.0 1806.1159559266816 1 1.0
280321119.0 0.0 1805.2852276708925 0 8.513077e-06
436927705.0 1.0 1810.32885102087 1 0.9999694
399200958.0 0.0 1812.6814184617313 0 0.00016526891
256486409.0 0.0 1812.4106941661094 0 0.00015584647
445224414.0 0.0 1812.7018365649456 0 0.00024603668
428208738.0 0.0 1796.6406374199066 0 0.00022178635
352929692.0 0.0 1796.805722684624 0 2.8680506e-06
292845139.0 1.0 1798.8906783270868 1 0.9975897
198416591.0 0.0 1794.1973663989575 3 2.2069058e-23
178140121.0 0.0 1808.8495582379524 0 0.0007779326
378861197.0 1.0 1810.7846427323777 1 0.9999976
332681214.0 1.0 1795.3481946664 1 0.99999666
177764869.0 0.0 1805.2244655808636 0 0.0006535461
233083400.0 1.0 1811.1978528398936 1 0.9999984
455897511.0 0.0 1808.8672516465492 0 3.6174933e-05
396263299.0 0.0 1800.3054887738951 0 1.3757243e-09
251270856.0 0.0 1808.8486739044345 0 0.0008413562
256583747.0 0.0 1808.8668240044435 0 1.8461209e-05
129910638.0 0.0 1812.7658114487563 0 0.00012760113
408621438.0 0.0 1809.0143157691273 0 0.00023103348
387997348.0 1.0 1795.366618788818 1 0.99999624
101000305.0 1.0 1800.0787745474183 1 0.9999992
417831560.0 1.0 1793.8078557446947 1 0.9999997
319599315.0 0.0 1805.5351495153504 0 5.6629617e-09
1981434198.0 0.0 1793.6166164873644 3 1.4763092e-23
410736221.0 0.0 1812.7657041487664 0 3.953945e-05
407155874.0 0.0 1812.3471737694465 0 4.1914664e-06
396446258.0 1.0 1796.1804581521212 1 0.99999976
94335623.0 1.0 1810.7038134067193 1 0.9999999
396486931.0 0.0 1800.4299046350309 3 5.20821e-26
376773589.0 1.0 1797.1799639458993 1 0.99999905
367329364.0 1.0 1799.9713455454994 1 0.99998546
235681559.0 1.0 1794.8034963556863 1 0.9999944
415836428.0 1.0 1794.5781939821427 1 0.9999979
63465178.0 1.0 1795.0787001542408 1 0.9999922
284060490.0 1.0 1805.4746228233025 1 0.9999918
307111490.0 0.0 1808.8481778334137 0 0.001958259
431988425.0 1.0 1796.3698739254403 1 1.0
387563791.0 1.0 1798.3456249112314 1 1.0
420843335.0 1.0 1810.347672622505 1 1.0
35022683.0 1.0 1795.0581121462387 1 0.9999985
184590715.0 0.0 1812.6406445760126 0 0.00013959961
338990572.0 1.0 1797.3675345843462 1 0.9999091
186627997.0 1.0 1806.0162113468537 1 1.0
82558409.0 0.0 1812.4107015146915 0 4.9820992e-05
50691155.0 0.0 1796.0147279579555 2 5.0032995e-08
139459369.0 1.0 1797.578650891507 1 0.9999972
264294796.0 0.0 1805.3042800441203 0 2.5129572e-07
241114076.0 1.0 1796.84875636642 1 0.9999955
272044881.0 1.0 1799.9514355988817 1 1.0
116842765.0 1.0 1797.3279968155543 1 0.999999
381583665.0 0.0 1812.5781475142724 0 0.0001365644
283734531.0 0.0 1808.8682172229521 0 3.0963325e-05
186968146.0 0.0 1809.1616949612985 0 0.00090783084
241109533.0 1.0 1798.7444899980503 1 0.9999996
403340700.0 0.0 1805.5142928989662 0 6.170068e-11
389764565.0 1.0 1797.598080174483 1 0.9999943
22872830.0 1.0 1810.4953555650484 1 0.9999961
245666311.0 0.0 1797.181786279868 2 1.493572e-08
251652268.0 1.0 1798.8067469610262 1 0.9989549
315920101.0 0.0 1808.9705107197924 0 1.1466964e-05
302316543.0 0.0 1812.3489998117716 0 7.4937697e-07
357737852.0 1.0 1797.806036890135 1 0.9999643
395507510.0 1.0 1811.3473720976835 1 0.99999934
270139182.0 0.0 1808.8469284046155 0 8.2052706e-05
376108110.0 1.0 1810.5337896616143 1 1.0
271021609.0 1.0 1811.0969010103267 1 0.9999985
13946145.0 0.0 1805.2648556224713 0 6.838634e-05
83896924.0 1.0 1810.2015346597104 1 1.0
83970704.0 0.0 1793.4099366759783 0 2.598064e-09
317470793.0 0.0 1807.2424852894353 3 1.1650148e-28
400250310.0 1.0 1799.4931328077519 1 1.0
256378205.0 1.0 1799.7200090124397 1 0.99999714
321443552.0 0.0 1805.2415885604833 0 1.13474364e-07
349353659.0 1.0 1793.5786744163324 1 0.99999994
241022632.0 0.0 1805.244248927819 0 0.00013787953
359676320.0 0.0 1811.2187628039778 3 4.4876642e-06
428067663.0 0.0 1808.8906842482586 0 0.00013030366
331546423.0 0.0 1808.8668797223695 0 1.2869455e-05
400738225.0 0.0 1805.3064904645184 0 2.5312462e-05
116374151.0 0.0 1812.4324214717738 0 0.00019856649
219846806.0 1.0 1810.9485181781881 1 0.9999996
256476907.0 0.0 1809.2226297480358 0 2.5576805e-05
353898012.0 1.0 1811.4474632695294 1 0.99992925
137082911.0 0.0 1793.3055706344032 0 1.2185434e-06
384912043.0 1.0 1797.0360081034053 1 0.99999994
406630681.0 1.0 1806.1384070027277 1 1.0
54204641.0 1.0 1794.4730150248067 1 0.99997103
422534219.0 1.0 1794.910492636824 1 0.99996084
256104717.0 1.0 1810.285325714005 1 1.0
359250620.0 0.0 1809.3057106890237 0 3.76133e-06
83618400.0 1.0 1795.4934865017844 1 1.0
427091874.0 1.0 1799.6583671823312 1 1.0
372860655.0 1.0 1794.702274044247 1 0.99999875
192289377.0 1.0 1798.9117175585864 1 0.99998903
292322994.0 1.0 1799.3281985835815 1 0.99999976
77632330.0 0.0 1805.2038585045884 0 0.0009335721
417840928.0 0.0 1809.119799245325 0 0.0002233823
137126081.0 1.0 1793.951312223294 1 0.990425
405794529.0 1.0 1793.9086104761038 1 0.99999964
83340134.0 0.0 1796.639253056059 0 5.226862e-05
379084450.0 1.0 1798.9305792230728 1 0.99999666
184733196.0 0.0 1805.4951764773198 0 0.0046062805
233079659.0 0.0 1812.5523151498237 3 5.855502e-11
428733975.0 0.0 1812.388705516839 0 7.252066e-05
240863170.0 1.0 1796.2025761166196 1 1.0
252861056.0 0.0 1812.3906116488204 0 1.6120147e-06
427762938.0 1.0 1799.6178154629667 1 1.0
279343946.0 0.0 1810.9516450331946 2 6.788013e-13
396603014.0 1.0 1810.7430407693578 1 0.99999154
390897188.0 0.0 1812.4108655984176 0 3.018341e-12
336118838.0 0.0 1793.1374039732086 0 0.00016775045
427637444.0 1.0 1811.0767237167113 1 1.0
252131621.0 0.0 1809.1605141840419 0 0.00038759602
396355329.0 0.0 1809.1599614556721 0 4.418877e-05
372685312.0 1.0 1797.8456059969137 1 0.9999934
263969784.0 0.0 1797.8662434743424 2 1.7181792e-12
369142891.0 1.0 1798.9516559049375 1 0.99998343
374787106.0 1.0 1810.9733189590734 1 0.99999976
229464649.0 0.0 1808.8863957844605 0 2.2835195e-07
149925873.0 1.0 1793.5370009791145 1 0.99999905
351952821.0 0.0 1805.2015451214897 0 2.2672679e-05
428209812.0 1.0 1794.2030416290431 1 0.99993294
229646135.0 1.0 1796.1574718339484 1 1.0
367069292.0 1.0 1795.6797537002747 1 0.99993896
10497846.0 1.0 1810.993780784971 1 1.0
422369749.0 0.0 1805.1995642492357 0 7.884059e-10
308287285.0 1.0 1796.6196092177045 1 0.99992234
387451160.0 1.0 1794.449802953015 1 0.99999976
428772370.0 0.0 1808.8468248007875 0 4.68353e-06
436924879.0 1.0 1811.2037959924596 1 0.99999565
229770518.0 1.0 1794.1155283776288 1 0.9999995
235985443.0 0.0 1812.3873291538707 0 1.0024883e-06
258801567.0 0.0 1805.198775525658 0 3.3404515e-08
285576032.0 1.0 1795.1602893196653 1 0.9900309
399717755.0 0.0 1808.8467943559676 0 4.976836e-07
348673563.0 1.0 1797.1818742212756 1 0.9999985
232638764.0 1.0 1810.218832333137 1 0.9999999
77352549.0 1.0 1793.599618684196 1 0.99997956
289267373.0 1.0 1795.6178528123305 1 0.9999997
332684605.0 1.0 1810.4521512454978 1 0.9999999
82162011.0 0.0 1794.7439516679735 2 0.0001410596
351614562.0 0.0 1796.9099393638726 0 0.00011148989
139504359.0 1.0 1810.182628620128 1 0.9999852
399582774.0 0.0 1796.6409353684098 0 0.001975651
388436487.0 0.0 1804.9506009935499 3 4.85298e-24
427385258.0 1.0 1797.8883534599574 1 0.9999065
368736611.0 1.0 1796.6597502683885 1 0.9999999
194612913.0 1.0 1810.432921482718 1 0.99999213
250503118.0 0.0 1796.6404546482124 0 0.00031022815
202927496.0 1.0 1793.7657971583058 1 1.0
395502308.0 0.0 1796.6386005177978 2 6.8707467e-15
285508813.0 0.0 1795.973665689054 2 1.3678389e-12
421110675.0 0.0 1795.8685562214225 3 5.619399e-34
418416736.0 1.0 1810.701449550447 1 0.9999994
370273608.0 1.0 1795.2232458955714 1 0.99999803
332685563.0 1.0 1796.8692836874436 1 0.99995834
203034245.0 1.0 1794.5159139596303 1 1.0
428007710.0 0.0 1812.367618860942 0 4.300404e-09
278933172.0 1.0 1805.5766023299634 1 1.0
400946657.0 1.0 1793.4518101846115 1 0.9999961
256323146.0 1.0 1806.4281097051157 1 0.9999997
357590680.0 0.0 1809.1396798615096 0 0.0017658747
237214483.0 0.0 1794.199441251804 0 1.3414203e-09
240972989.0 0.0 1812.369017925172 0 6.4131086e-06
378647695.0 0.0 1796.909645326814 0 7.715525e-06
22739840.0 1.0 1810.8911821764016 1 0.9999992
317010398.0 1.0 1810.7836278797115 1 0.99999946
219893598.0 0.0 1808.8443726986945 0 0.00011370744
420497818.0 1.0 1797.389113316383 1 0.9999997
366782446.0 1.0 1811.2212195266309 1 0.99996066
427727571.0 1.0 1799.3260053352344 1 0.99997836
283839452.0 1.0 1794.514401050542 1 1.0
369030560.0 1.0 1798.16001034133 1 0.99999887
256661026.0 0.0 1812.3655818189575 0 7.261826e-07
275603938.0 0.0 1812.3664243909827 0 5.0443784e-08
21099543.0 1.0 1796.0997369683816 1 1.0
82621283.0 1.0 1797.8691330258384 1 0.9999975
384915146.0 1.0 1810.2027521323214 1 0.99999976
375073651.0 1.0 1810.8068808541725 1 0.99999774
233537988.0 0.0 1808.8650359507662 0 5.9349928e-05
387757211.0 1.0 1799.9915440178786 1 0.9999932
445302761.0 1.0 1793.7231768554032 1 1.0
402880107.0 1.0 1794.8670326286983 1 0.9999998
301912557.0 1.0 1798.3489909186499 1 0.99999744
250653460.0 1.0 1793.6820382198312 1 1.0
390734129.0 0.0 1794.348162686734 0 9.242092e-06
335799318.0 1.0 1806.221219893993 1 0.9996588
321916217.0 0.0 1808.8874673569335 0 4.9544582e-05
352928514.0 1.0 1805.9099918383552 1 1.0
251619693.0 0.0 1808.8487712204076 0 0.00020266788
232610389.0 1.0 1795.42687665587 1 0.99999917
284143800.0 0.0 1812.701706862312 0 3.3071938e-05
375905083.0 0.0 1793.325546606501 0 2.5109907e-06
377811502.0 1.0 1795.0553858679773 1 1.0
396610840.0 0.0 1808.8699044605562 0 3.276483e-09
264102908.0 1.0 1810.5542561518114 1 0.9999999
370271012.0 0.0 1809.181519383065 0 5.730961e-05
249954317.0 1.0 1794.1403550191824 1 0.9995
333067940.0 1.0 1799.931624012377 1 1.0
424277622.0 1.0 1795.4313625002108 1 0.99999946
312777335.0 1.0 1794.6813989891555 1 0.99994403
417861143.0 1.0 1797.6598098028303 1 0.9999999
258394051.0 1.0 1793.7407360785169 1 0.99999917
428251922.0 1.0 1810.7239482307525 1 1.0
416046064.0 0.0 1812.6823934546505 0 0.00028864772
192776458.0 0.0 1812.9534288487657 0 7.4763484e-05
285905428.0 1.0 1794.8895717202727 1 0.9999999
356975809.0 0.0 1812.3640584744458 0 4.3382347e-09
416092741.0 1.0 1811.3492144084132 1 0.9999939
372863935.0 1.0 1805.8689903964498 1 1.0
385243741.0 1.0 1797.1615883691145 1 0.99996084
63509032.0 1.0 1798.7036641909067 1 0.999998
407208818.0 1.0 1811.284667472423 1 0.99998736
246971072.0 1.0 1793.3914804478159 1 0.99999976
379530164.0 1.0 1797.472607338043 1 0.9999999
431855914.0 0.0 1812.411905244081 0 0.00033246732
238771755.0 1.0 1793.682435091067 1 1.0
285673942.0 0.0 1796.827951780469 0 2.6123716e-05
263969675.0 1.0 1797.137054649895 1 0.9999993
241139024.0 0.0 1808.8903354049903 0 5.0375224e-06
428478406.0 0.0 1809.2641635738548 0 9.780779e-05
265276371.0 0.0 1796.86756087721 2 1.1576037e-05
302318972.0 1.0 1794.8905620963117 1 0.9999892
398371142.0 1.0 1793.4082463013776 1 0.9999992
129822427.0 0.0 1805.495203569692 0 0.00011837988
272332006.0 0.0 1805.2012954500276 0 2.8336146e-05
378287918.0 1.0 1797.9515347196173 1 1.0
444450192.0 0.0 1809.1809012199842 0 0.00030485736
291961909.0 1.0 1799.1197982190133 1 0.9999999
346730890.0 0.0 1805.847454044551 0 7.938825e-07
377288162.0 0.0 1796.0341629450404 2 9.1697166e-07
292689571.0 1.0 1798.599178055472 1 0.9999986
283940900.0 1.0 1800.0559776410096 1 1.0
237081125.0 0.0 1797.4078681962249 2 6.6492445e-05
366673958.0 1.0 1805.9503705183636 1 0.99999547
353175934.0 1.0 1795.0768397834836 1 0.9999419
235940299.0 1.0 1796.4913954950505 1 0.9999998
431802820.0 1.0 1796.453378343242 1 0.9999509
389909343.0 1.0 1798.0146605144823 1 0.9999999
385153476.0 1.0 1805.6616680733887 1 0.9999993
53870126.0 1.0 1795.6603980831371 1 1.0
139553692.0 1.0 1795.7661370625685 1 1.0
116851410.0 1.0 1795.4323130258726 1 1.0
351956085.0 0.0 1810.3680785924964 2 9.34446e-14
367103341.0 0.0 1809.1375322558893 0 5.215523e-06
240956678.0 1.0 1794.4736105136437 1 1.0
390975039.0 1.0 1795.5958453560415 1 0.9910557
395941845.0 1.0 1794.5554581271454 1 0.99997836
445111355.0 1.0 1799.4104732761252 1 1.0
422432095.0 1.0 1811.074823114806 1 0.9999942
422706627.0 0.0 1808.8677083851462 0 1.298312e-06
233569371.0 0.0 1796.9069169712568 0 8.947902e-05
285339013.0 0.0 1809.764240281306 3 0.0046822294
428479891.0 1.0 1806.3683642061658 1 0.99999994
13702883.0 1.0 1797.5772230178643 1 0.9999981
68152527.0 1.0 1810.1618872816548 1 0.9999999
320499012.0 1.0 1810.5560523407978 1 1.0
237098134.0 1.0 1794.9687414273906 1 1.0
369731587.0 0.0 1809.2016471143593 0 0.00046625637
292197951.0 0.0 1795.619802147166 2 2.2832517e-13
405432240.0 1.0 1797.1206002519434 1 1.0
375843772.0 0.0 1796.450624068101 2 1.497283e-15
367279241.0 1.0 1797.013064290551 1 0.9999991
367753470.0 1.0 1811.0325629403828 1 0.9999998
285276258.0 1.0 1794.5162124937458 1 0.9999955
401013386.0 1.0 1794.098565526125 1 0.99999964
389961180.0 0.0 1794.4061556875088 0 6.709593e-07
403688942.0 1.0 1797.744442758325 1 0.99993855
21178009.0 1.0 1805.5162952184278 1 0.9999826
265300862.0 0.0 1805.2028614436733 0 3.092615e-05
408364844.0 0.0 1800.3252489726092 0 0.00038759343
331793189.0 1.0 1795.034280362686 1 0.9999994
293066086.0 0.0 1804.7031939615456 3 6.640517e-20
81691480.0 0.0 1794.3481661962317 0 9.358575e-05
259168010.0 1.0 1806.0530833951664 1 0.99995756
129791140.0 0.0 1812.6408760225713 0 0.00013164648
321825159.0 1.0 1796.2001472454112 1 0.9999532
289088840.0 0.0 1808.8473105721835 0 2.990661e-09
101349494.0 0.0 1800.141370576276 0 0.00040737115
117749081.0 1.0 1810.265819905258 1 0.9999981
117617573.0 0.0 1793.140588444569 0 1.2924553e-12
389767650.0 0.0 1809.2022299096125 0 5.429598e-06
370950181.0 0.0 1805.2235130357171 0 7.472356e-05
357669546.0 0.0 1797.8481181143336 0 9.3333365e-05
54993535.0 1.0 1795.9314287983518 1 0.99999946
333706188.0 0.0 1805.199706685191 0 4.623754e-05
202354046.0 0.0 1805.1974986991418 0 7.108286e-06
184693363.0 1.0 1794.7660686308398 1 0.9999999
73625027.0 1.0 1811.2244411872632 1 0.9999999
63401350.0 0.0 1809.120107846651 0 0.0009345204
104056866.0 0.0 1812.3488987224605 0 2.487419e-06
269325714.0 1.0 1798.7844797292646 1 0.99999636
235686753.0 0.0 1805.219973631841 0 1.4541444e-06
331719921.0 0.0 1812.702197388379 0 6.837226e-06
306951692.0 0.0 1812.6813160104448 0 0.00020220982
284454457.0 1.0 1805.615090776167 1 0.99999833
194780717.0 1.0 1806.411992702822 1 0.99994874
349977587.0 1.0 1793.4704012628017 1 1.0
375073265.0 1.0 1806.0985830464267 1 0.99959475
251309211.0 1.0 1796.327554424954 1 0.9999987
233120505.0 1.0 1810.8854814461824 1 0.9999999
252152209.0 1.0 1797.7022243146585 1 0.9999975
348522947.0 0.0 1808.8486507387345 0 8.20826e-06
268332946.0 1.0 1795.9079729775033 1 0.99998426
5673082.0 1.0 1795.8288114916306 1 0.9999548
178046393.0 1.0 1793.9326127256625 1 1.0
418133774.0 0.0 1805.222311815849 0 2.5461387e-07
245752111.0 1.0 1799.1401861566214 1 0.99997103
307276813.0 0.0 1808.9107272413717 0 0.0001528192
272230662.0 1.0 1795.8057112591562 1 1.0
428170179.0 0.0 1808.869698650137 0 1.39285525e-08
293062051.0 1.0 1793.4116742654687 1 1.0
354841987.0 1.0 1797.5561341209464 1 0.9999999
375599544.0 1.0 1798.700512937258 1 0.9997549
186988179.0 1.0 1810.9950284004783 1 0.9999967
233719747.0 0.0 1797.969004442844 0 0.0001356325
285086917.0 0.0 1808.8485842263392 0 9.556243e-05
377251803.0 0.0 1812.4479735142402 3 4.2610863e-22
428114976.0 1.0 1796.8489341819416 1 1.0
10605372.0 0.0 1808.9522786649636 0 1.6003246e-06
77173813.0 1.0 1794.9745477015551 1 0.9999824
229676244.0 0.0 1807.115669131839 3 2.9906074e-18
395583247.0 1.0 1799.2848611826123 1 1.0
452987502.0 1.0 1811.3892793029493 1 1.0
354799429.0 0.0 1794.4737996329204 2 1.4335657e-07
445606247.0 0.0 1805.202788048739 0 0.0003141057
365732198.0 1.0 1794.2831394141265 1 0.99999976
348440696.0 0.0 1808.8692627040105 0 0.0001679265
428747225.0 1.0 1805.2216968034768 1 0.99896324
288673363.0 1.0 1797.1160913071985 1 1.0
450134765.0 1.0 1810.4110272360647 1 1.0
259168895.0 1.0 1811.053027459943 1 0.99996084
249835566.0 0.0 1805.2031078690113 0 0.00016638493
354543696.0 1.0 1805.7861201929825 1 0.9999037
387603862.0 0.0 1796.824768593288 0 0.0004799357
279191380.0 0.0 1800.1393908358814 0 1.7641765e-05
233612467.0 1.0 1798.8025992252897 1 0.9999998
350129648.0 1.0 1798.1999824458903 1 0.99999833
453152186.0 0.0 1809.160381482789 0 0.00014231565
201002282.0 1.0 1795.9534910102734 1 0.99999934
402208218.0 1.0 1793.7660200257242 1 0.99999547
285331383.0 0.0 1812.9101130498857 0 1.07913975e-05
229506391.0 1.0 1810.3445542153304 1 0.9999998
236815701.0 1.0 1796.92744990488 1 0.9999868
402978556.0 0.0 1805.2006852413665 0 0.00010767641
230018510.0 1.0 1795.6570581679412 1 0.9999913
377280820.0 0.0 1810.6798281452573 2 5.407284e-17
445236390.0 1.0 1794.014837412176 1 0.9999443
264026982.0 1.0 1797.3456146096946 1 0.99999964
350072239.0 1.0 1797.1791315644664 1 1.0
390466824.0 1.0 1796.660629547837 1 0.99999833
192883327.0 0.0 1805.203523215251 0 2.4629217e-06
389911307.0 1.0 1796.368860353551 1 1.0
367186580.0 1.0 1810.408844429161 1 0.9964946
396603611.0 1.0 1799.2012487049176 1 0.9999999
117259862.0 0.0 1805.4532282219157 2 0.008800222
384729631.0 1.0 1795.84864587815 1 0.9999998
11331990.0 0.0 1799.4312304533703 2 8.52936e-08
139580499.0 0.0 1805.3493714536116 0 0.00014267926
177765317.0 1.0 1799.5785832617694 1 0.99969476
427513870.0 1.0 1810.86736107169 1 0.99999475
315823443.0 1.0 1798.3903470462167 1 1.0
250560226.0 1.0 1799.4946950109995 1 1.0
441767564.0 1.0 1811.0529128893684 1 0.99989355
245512030.0 0.0 1798.327780565997 2 5.7819977e-15
245503380.0 1.0 1796.3694504531927 1 0.99986017
241115336.0 0.0 1812.3694703074088 0 0.00011222992
252161220.0 1.0 1798.9524328705431 1 0.9999992
230018866.0 1.0 1799.3652943278437 1 0.9999872
249892880.0 0.0 1799.5154435152797 2 1.2011711e-21
415837750.0 0.0 1808.848891636149 0 0.0001077447
326722452.0 0.0 1805.201333447001 0 1.1527453e-09
322345893.0 0.0 1796.4320038027784 2 2.3805005e-09
21179484.0 0.0 1812.4472130778272 0 0.00018585006
400506070.0 1.0 1795.306654182778 1 1.0
229597519.0 0.0 1794.1987714421832 0 0.0002889261
240748813.0 1.0 1810.8687447905022 1 1.0
455961763.0 1.0 1796.9299730187802 1 0.99993426
400194383.0 0.0 1812.347150478118 0 3.5939465e-05
251152335.0 0.0 1794.7861825257748 2 0.0049863067
241051394.0 1.0 1811.2858687642013 1 0.9999997
394128962.0 1.0 1806.1160660848268 1 1.0
258775864.0 1.0 1797.7822892781544 1 0.9999999
422657796.0 1.0 1810.1800170582767 1 1.0
200935603.0 1.0 1794.349223231948 1 0.9999998
307984487.0 1.0 1796.2599810646052 1 1.0
415959532.0 1.0 1811.4322229969475 1 0.9999974
388135757.0 0.0 1796.824981893417 0 3.3045486e-05
285674570.0 0.0 1811.07817189732 2 5.3924975e-07
238738206.0 1.0 1795.2659082420514 1 0.99999124
370122916.0 0.0 1809.1814303817357 0 0.0021889014
21124574.0 1.0 1810.5306414583993 1 0.9998438
275460266.0 0.0 1805.3268332013974 0 0.0001576995
336818021.0 1.0 1798.7214256127493 1 0.9999993
331859639.0 0.0 1793.1400406745972 0 2.2272967e-08
308219107.0 1.0 1796.4318360019827 1 0.9999999
377035146.0 1.0 1799.2424743098027 1 0.9999845
322266557.0 1.0 1796.8877444080188 1 1.0
376113486.0 1.0 1805.992185827682 1 0.9999979
116556486.0 1.0 1796.161317204438 1 0.9999943
12799440.0 1.0 1797.3051092473127 1 0.9999995
346783960.0 0.0 1808.2660878398653 3 0.00603392
453182555.0 0.0 1809.3064212764623 0 0.00032271634
233496887.0 0.0 1794.1984987712556 0 2.4358696e-06
427515476.0 0.0 1812.3673250807037 0 6.4539626e-07
333062752.0 0.0 1799.9939914498707 2 1.8817408e-17
428170643.0 1.0 1795.161285067068 1 0.999993
241126022.0 1.0 1811.1610273219444 1 1.0
354403041.0 1.0 1793.682150529475 1 1.0
160585377.0 1.0 1810.8237935081127 1 0.99995476
81688391.0 0.0 1805.2026217344774 0 3.7249603e-05
396569017.0 1.0 1798.5973373936351 1 0.99999416
292849468.0 0.0 1809.1407429426872 0 0.00012532152
422827758.0 1.0 1795.282389817718 1 0.9999992
186662850.0 0.0 1805.3494639303601 0 7.246354e-06
400949414.0 0.0 1796.6408649487903 0 0.000109943125
370595729.0 1.0 1797.6402030666936 1 0.99999994
340906577.0 1.0 1797.6996566612452 1 1.0
272324340.0 0.0 1797.305661015262 3 2.2310537e-17
292275122.0 1.0 1799.6823381786764 1 0.99999976
396244148.0 1.0 1799.1804438513943 1 1.0
237287334.0 1.0 1810.1370813320568 1 1.0
271746835.0 1.0 1810.9928579752282 1 0.9999984
249921967.0 1.0 1799.5571176209057 1 0.9999831
323402896.0 0.0 1798.346291358667 2 1.3792983e-08
199688409.0 0.0 1799.0304824309792 3 5.131768e-19
12408220.0 1.0 1795.8272215261406 1 0.9999878
116992839.0 0.0 1808.8699321658403 0 1.17002655e-05
421110675.0 0.0 1806.3893069117853 3 1.9001372e-22
255995855.0 0.0 1808.9495464437775 0 0.0005633542
302389677.0 0.0 1796.8279016576716 0 0.00014180172
285510909.0 1.0 1810.8901404115245 1 0.99999994
199657327.0 1.0 1794.0096698916195 1 0.99999994
237099861.0 1.0 1796.322699618219 1 0.9999975
376891083.0 0.0 1808.9089484579724 3 2.3267488e-13
285685590.0 1.0 1795.7022061677485 1 0.99999875
252140076.0 0.0 1811.0563508148357 3 3.0089525e-17
252151528.0 1.0 1794.9105529087421 1 0.99997824
354795576.0 1.0 1799.4115008414788 1 0.9988304
28778072.0 0.0 1805.557353175147 0 0.00032538592
192877594.0 1.0 1793.515739896236 1 0.9999981
372793338.0 1.0 1794.9103898429407 1 1.0
52346209.0 1.0 1811.285076111936 1 1.0
403257785.0 1.0 1795.0144114899945 1 1.0
233048233.0 0.0 1797.968856751855 0 6.3854573e-06
396012426.0 0.0 1793.3055991197064 0 1.2728205e-12
104193992.0 1.0 1797.8698841521316 1 0.9999996
374481798.0 1.0 1796.8484989274034 1 0.9994438
265094486.0 1.0 1794.9110694790918 1 0.9999995
370351780.0 0.0 1805.5566562595795 0 0.0013103711
20703587.0 0.0 1812.349051318372 0 0.00024514642
241017747.0 0.0 1796.1194047734368 3 4.4424008e-24
406679745.0 0.0 1805.2217809904269 0 9.0033565e-05
139553692.0 0.0 1812.6409925946703 0 9.487563e-05
354245142.0 0.0 1793.138046238412 0 4.5475954e-08
10510620.0 1.0 1796.597987730927 1 1.0
272230579.0 0.0 1812.4303564949287 0 1.3766667e-07
101168461.0 1.0 1794.4537164508622 1 0.9999945
417644996.0 1.0 1805.4916209705161 1 0.99999994
326260646.0 0.0 1793.407777564657 0 1.1520249e-08
265308463.0 1.0 1796.5958804456575 1 0.99999994
236878145.0 0.0 1808.8865477539698 0 1.4327729e-11
198160374.0 1.0 1798.2597504132286 1 0.9999666
286572982.0 1.0 1798.7647817223142 1 1.0
428211182.0 0.0 1812.3491343465034 0 0.00049841165
116273374.0 0.0 1812.348912582063 0 4.1568788e-07
415975425.0 1.0 1797.4742389401536 1 0.9999999
302087578.0 1.0 1797.8491748377444 1 0.9999997
29053989.0 0.0 1797.870612672707 3 0.0052491426
5720927.0 1.0 1794.1830359093196 1 0.99999994
256478371.0 0.0 1809.2017709700997 0 0.00015939753
237198580.0 1.0 1810.241060547569 1 1.0
240981856.0 1.0 1795.49453295758 1 1.0
431855516.0 0.0 1793.1407702348413 0 0.00038056707
199572333.0 1.0 1796.9056024828606 1 0.9999996
399018538.0 0.0 1799.2441728218323 2 1.2903344e-06
52358228.0 1.0 1798.3477917383832 1 0.99999976
367424517.0 1.0 1798.5547011167416 1 0.9999532
184735618.0 1.0 1796.7243172534663 1 0.99997044
10966339.0 1.0 1798.1189716190602 1 0.99999994
232602378.0 0.0 1793.9894158952973 2 3.5526455e-07
424437726.0 1.0 1810.9067790366494 1 0.9999616
235940888.0 1.0 1805.5954827536705 1 0.99999756
332568888.0 0.0 1812.7022483101503 0 5.025249e-07
65081990.0 0.0 1796.6409424331632 0 7.552282e-05
376161251.0 1.0 1796.9298742675962 1 0.9999994
200862766.0 1.0 1805.9536882518785 1 0.9999999
423950693.0 1.0 1799.7836486367228 1 1.0
139426112.0 0.0 1809.1410541101623 0 0.00093982037
280185494.0 1.0 1798.222849792354 1 1.0
10510046.0 0.0 1808.9938280520694 0 0.020221816
90671343.0 0.0 1812.6204912160304 0 0.005082291
256313527.0 1.0 1811.0352169254807 1 0.9999998
230381185.0 0.0 1811.3443944821506 2 8.473303e-05
434979747.0 1.0 1810.8882937875399 1 1.0
398182591.0 1.0 1795.7226873065588 1 1.0
354251155.0 0.0 1796.6402495339134 0 7.883465e-06
129870247.0 1.0 1796.8078156114439 1 1.0
252168825.0 1.0 1797.5982019475002 1 0.9999991
232616272.0 0.0 1798.3227688479433 2 2.836415e-16
376978887.0 1.0 1798.5939842621142 1 0.99999833
373130255.0 1.0 1797.992784380099 1 0.99999905
317065894.0 1.0 1794.9295237187966 1 0.9992016
219896295.0 0.0 1809.073286615843 0 7.943339e-06
410742036.0 1.0 1798.3906696986899 1 0.99999183
403524373.0 0.0 1805.2235226620012 0 1.1281363e-08
252149117.0 1.0 1794.577209251578 1 1.0
288513991.0 0.0 1812.3872691097952 0 6.229221e-05
302776074.0 1.0 1795.826803822107 1 1.0
415904118.0 0.0 1795.724120446015 2 1.8906084e-10
388036867.0 1.0 1798.1999567818923 1 0.9999892
347115096.0 1.0 1811.4723198046534 1 1.0
368728537.0 1.0 1810.3890713632836 1 0.9999893
327706965.0 0.0 1808.8695719850855 0 5.169867e-07
374833923.0 0.0 1810.5983362855313 2 1.1359835e-07
26392208.0 0.0 1800.141346155235 0 0.00014342855
235993250.0 0.0 1808.908240476452 0 0.0023627554
452988805.0 0.0 1812.7017290537804 0 2.798614e-07
241068433.0 1.0 1794.161247172384 1 1.0
367681735.0 0.0 1795.4692249725533 3 2.661105e-21
368509333.0 1.0 1811.367869548899 1 1.0
388527038.0 1.0 1810.450732864188 1 1.0
353004614.0 1.0 1794.6808237063062 1 0.9999991
286403817.0 1.0 1797.556261440338 1 1.0
177918201.0 1.0 1797.891219275805 1 0.99999964
366502502.0 0.0 1793.3253229901568 0 9.3979965e-05
369731169.0 1.0 1806.0350618435473 1 1.0
293190850.0 1.0 1798.932464802375 1 0.9999942
356862553.0 0.0 1796.9068247744117 0 7.097784e-05
308119982.0 0.0 1805.3275801387292 0 4.5153805e-09
237098273.0 1.0 1793.4687723708687 1 0.9977932
390573782.0 1.0 1794.5355517900425 1 0.99999714
369993218.0 0.0 1810.9730140379163 2 1.1161453e-10
46503499.0 0.0 1805.5372970826004 0 0.0010325596
359588615.0 0.0 1808.2601944711982 3 0.005934404
240749356.0 1.0 1793.9940945714604 1 1.0
279344187.0 1.0 1795.0973761860932 1 1.0
240992873.0 1.0 1810.3691994715994 1 0.9996502
83729128.0 0.0 1812.368049638294 0 1.6443985e-06
94278977.0 0.0 1809.1205033095725 0 0.00018174601
331865153.0 0.0 1796.8048724937566 0 3.3774504e-05
408729609.0 0.0 1808.8468294251716 0 0.0018129513
12000811.0 0.0 1812.4521818964465 0 1.9699623e-06
71979020.0 1.0 1793.7026116089587 1 1.0
230078223.0 0.0 1805.2188702655117 0 1.9627128e-05
229973739.0 1.0 1798.886197122859 1 0.99999833
357821278.0 0.0 1808.9519659651412 0 1.02802105e-07
245664711.0 1.0 1798.6401727384462 1 1.0
307480468.0 1.0 1794.0365849181242 1 0.9999998
311188656.0 0.0 1799.4275852225815 3 4.395212e-05
347495290.0 1.0 1794.828183676382 1 1.0
285046311.0 1.0 1793.6393884110676 1 0.99943614
272330264.0 0.0 1805.492973256673 2 1.3485638e-06
357745325.0 1.0 1796.076649908008 1 0.9999686
395387066.0 1.0 1795.9514817452737 1 0.99999696
444596356.0 0.0 1809.4729425585454 0 8.651532e-05
348025382.0 1.0 1805.3693967370784 1 0.99999326
431986770.0 0.0 1808.9325676871756 0 0.005793033
387627144.0 1.0 1797.94983808342 1 0.9999998
201361586.0 1.0 1799.0369434143295 1 0.99994457
71930971.0 0.0 1793.13996557069 0 1.3757087e-09
292156689.0 1.0 1810.9114875919336 1 0.9999871
283251783.0 0.0 1809.18094430694 0 1.6559908e-07
52187517.0 0.0 1809.326984303067 0 9.722641e-05
275458930.0 0.0 1810.5343849724597 2 2.2839953e-05
327583469.0 1.0 1799.6810495252018 1 1.0
306553760.0 0.0 1812.6604801480285 0 2.5352878e-05
431990675.0 1.0 1798.4324915866634 1 0.9999997
368456218.0 0.0 1805.2014242670632 0 0.0018556912
177969053.0 1.0 1799.0577427567039 1 0.9999937
198384611.0 1.0 1805.988782230949 1 1.0
50842009.0 1.0 1798.7231724452613 1 0.9999697
321593112.0 0.0 1809.1166001252852 0 0.000120614786
323145430.0 1.0 1811.1791806267627 1 0.9999968
428046836.0 0.0 1805.2447073247372 0 5.1353498e-05
402204433.0 1.0 1795.3491948834603 1 0.9999999
445646082.0 0.0 1805.1819330982644 3 7.202535e-13
67518542.0 1.0 1798.0783876920125 1 0.9999625
353610464.0 1.0 1795.3478235837754 1 0.99998754
101407749.0 1.0 1805.7455309067552 1 0.9999736
229997695.0 0.0 1808.8861759086792 0 4.0889967e-09
351367155.0 1.0 1800.0556964035045 1 0.99998164
249953542.0 0.0 1796.827917874123 0 5.6142417e-06
289139323.0 1.0 1806.3473773445 1 1.0
200792606.0 0.0 1797.6618856915704 3 7.987171e-08
302071120.0 1.0 1799.2032234093806 1 0.99998444
288431006.0 1.0 1811.5536269177535 1 0.99999446
52944642.0 1.0 1795.2437510668053 1 0.9999999
445410590.0 0.0 1796.6398496971494 0 2.4729832e-07
377785772.0 1.0 1797.1157242548668 1 0.9999993
327573921.0 1.0 1799.6199036321104 1 0.9999998
368685485.0 1.0 1795.0350369956034 1 1.0
441734144.0 0.0 1795.928036480876 3 0.0
366782466.0 1.0 1798.8254574158577 1 0.99984956
436873082.0 1.0 1796.620652817856 1 0.9999999
184610680.0 1.0 1811.494897650391 1 0.999999
327189417.0 1.0 1797.015668106432 1 0.9998226
68152143.0 1.0 1796.8494067414629 1 0.9999977
238741070.0 1.0 1797.4116478273788 1 0.99999994
241098754.0 1.0 1799.5780369615766 1 1.0
186808201.0 1.0 1795.6411669206468 1 0.99999857
320051095.0 1.0 1810.6184440733791 1 1.0
230396530.0 1.0 1799.0943468293985 1 1.0
431994057.0 1.0 1795.2241639507358 1 0.9999978
198185068.0 0.0 1808.843343866167 0 0.00043746305
445189295.0 0.0 1809.2020938369294 0 7.082872e-08
358901754.0 1.0 1810.8258340596362 1 0.99999803
34577942.0 1.0 1798.0373120771214 1 0.99999905
376965007.0 0.0 1793.40913655177 0 0.00016040442
372112312.0 0.0 1793.327516831101 0 0.00016139985
312056839.0 1.0 1806.0769159509107 1 0.9999995
229507398.0 0.0 1793.4074324858261 0 7.756907e-08
54464577.0 1.0 1795.7853629661588 1 0.9999978
422520434.0 1.0 1793.4295900548086 1 0.9999998
348021286.0 0.0 1806.6609723256604 3 1.5927422e-09
270441804.0 0.0 1812.3468450479677 0 3.867309e-05
230126562.0 1.0 1794.9271262629009 1 0.9999995
341814845.0 0.0 1812.676402335735 0 0.00020747141
272421743.0 1.0 1805.5762760664852 1 0.9999999
428752464.0 0.0 1796.804700848811 0 1.2751683e-05
347560905.0 1.0 1799.4743319524944 1 1.0
46479350.0 1.0 1794.8080041393735 1 0.9999899
229968146.0 1.0 1805.636025013182 1 0.99999994
292398977.0 1.0 1805.3906889236637 1 0.999999
327124382.0 1.0 1794.5144902713066 1 1.0
423750260.0 1.0 1810.2858578221117 1 0.99602705
445383420.0 0.0 1805.5146990861422 0 2.1095443e-06
1981434198.0 0.0 1811.0747887060004 3 1.5945599e-24
82976437.0 1.0 1794.7640932156412 1 1.0
431758389.0 0.0 1812.4534096011218 0 0.0002455183
26648167.0 1.0 1797.6828887341608 1 0.9996209
73448023.0 1.0 1798.8288414064584 1 0.99997854
284565271.0 0.0 1805.1985062877854 0 3.0098934e-06
331549197.0 1.0 1811.1585214290665 1 0.9999999
279288019.0 0.0 1810.3473325099023 2 4.0310424e-05
194779767.0 0.0 1808.8495310746014 0 1.8244098e-05
12989429.0 1.0 1811.4105002233255 1 0.9999973
20800880.0 1.0 1796.9741996484445 1 0.9999987
229461186.0 0.0 1796.7197193237566 3 2.2880136e-27
286479089.0 0.0 1794.3480966058455 0 7.384702e-05
359441156.0 1.0 1798.5767979644575 1 0.99999076
241090100.0 0.0 1796.6402975790227 0 2.0516334e-06
269664545.0 1.0 1794.6577249348964 1 0.9999152
237233754.0 1.0 1795.5536915624436 1 0.99999124
249856383.0 0.0 1793.3279908482946 0 1.4192545e-08
376260525.0 1.0 1796.222570508335 1 0.9999994
444744358.0 0.0 1812.4937278582424 0 0.006631428
315728194.0 0.0 1812.348608041261 0 6.639924e-05
374401210.0 0.0 1805.3063838447158 0 1.2604987e-05
118270691.0 0.0 1805.2870213960516 0 0.00025787015
453011966.0 0.0 1793.1397850860624 0 0.00077671144
238700016.0 1.0 1798.5574413191848 1 1.0
422960767.0 1.0 1793.8490301999989 1 0.98368025
20705894.0 1.0 1796.5574953899222 1 0.9999982
82339604.0 1.0 1810.8068534128734 1 0.9999995
367754616.0 1.0 1796.4076419429894 1 1.0
283252091.0 0.0 1799.639364472968 2 2.9035362e-15
81912531.0 0.0 1797.847973523615 0 0.00012866549
403432262.0 1.0 1805.9315853032824 1 0.9999995
307599459.0 1.0 1806.390367061699 1 0.9999998
285431684.0 1.0 1811.224353029192 1 0.9999999
230029160.0 0.0 1798.2404048010114 2 4.792562e-17
301737528.0 1.0 1797.5988818517471 1 0.99991506
241112109.0 1.0 1794.30700711237 1 0.9999972
366552720.0 1.0 1795.6169469347162 1 0.99999994
381653659.0 0.0 1805.49494047385 0 1.3102832e-05
431778764.0 0.0 1808.9118690427786 0 0.00011039685
237046904.0 0.0 1805.1993503999743 0 2.2691824e-08
292196794.0 0.0 1808.8905711860377 0 4.3205997e-05
348309218.0 1.0 1795.098615857995 1 1.0
219779541.0 1.0 1795.3229390802362 1 0.99999785
348676495.0 0.0 1808.8694550109462 0 7.372238e-07
51877910.0 0.0 1799.7226131090501 2 8.312496e-22
419246479.0 1.0 1811.222424513888 1 0.99999595
396471469.0 0.0 1812.3681382972572 0 3.5619241e-06
241110670.0 1.0 1797.098631624303 1 1.0
117490267.0 0.0 1796.8279270464734 0 7.9850455e-05
284534033.0 1.0 1794.8476393741462 1 1.0
378374218.0 1.0 1805.8055829271495 1 1.0
397368134.0 1.0 1796.8914265931207 1 0.99999017
389761749.0 0.0 1796.8063569337896 3 0.8282534
81600352.0 0.0 1812.4106304580512 0 1.08517825e-05
250725421.0 1.0 1797.7237555156826 1 0.9999999
368460130.0 1.0 1810.6597326473025 1 0.99987054
366557413.0 1.0 1794.6378874478926 1 1.0
397802293.0 0.0 1805.2015092652953 0 2.528749e-05
186767023.0 0.0 1793.1410401500652 0 0.00015029314
192298244.0 0.0 1812.4534418751057 0 0.00018695199
285443283.0 1.0 1806.3476681755815 1 1.0
292148770.0 1.0 1794.2240820436398 1 0.99999994
320381058.0 0.0 1809.2017994440398 0 0.0003386892
308721541.0 1.0 1810.202692300827 1 1.0
250560249.0 0.0 1809.2446036249128 0 1.4243702e-05
396474539.0 0.0 1805.2431302188024 0 8.341106e-06
301990520.0 1.0 1798.8279612002107 1 0.9990591
312347243.0 1.0 1799.5355673232473 1 0.99999964
327297853.0 0.0 1805.244642736415 0 3.1136846e-05
427765892.0 1.0 1798.2428579870666 1 0.99999994
353565609.0 0.0 1803.7433938704808 3 0.0
264298907.0 0.0 1805.1992507871448 0 6.101905e-08
308783036.0 0.0 1796.640235779334 0 2.1478067e-07
13456596.0 0.0 1808.9105576043685 0 0.000109185035
388074101.0 1.0 1810.2830687428316 1 0.99999946
403832971.0 1.0 1810.1812115790133 1 0.9999939
67422780.0 1.0 1796.7867130015154 1 0.99993855
94338079.0 0.0 1797.078682374522 2 3.931227e-08
353483855.0 0.0 1812.4518813943798 0 0.004391146
366972948.0 1.0 1794.4087518729477 1 0.9999999
265386739.0 1.0 1793.4734880167398 1 0.99999976
71846676.0 0.0 1809.1607654768343 0 0.0002705635
229751795.0 0.0 1793.40716694789 0 0.00018459473
50844597.0 0.0 1811.1190454324467 2 0.001965576
301991922.0 0.0 1808.8487765111188 0 0.00030973373
429066703.0 1.0 1797.516180954792 1 0.999725
320497858.0 1.0 1796.264697777357 1 1.0
370073759.0 1.0 1810.806521245388 1 0.9999657
50264795.0 0.0 1794.3479990553012 0 2.0874164e-05
418698626.0 0.0 1798.139105250949 2 4.783486e-09
308220416.0 1.0 1797.9526972949845 1 1.0
279849549.0 1.0 1795.3482213109608 1 1.0
259003334.0 0.0 1808.8447348692025 0 2.3404787e-06
387833702.0 1.0 1796.1999055026442 1 0.99999475
229647462.0 0.0 1805.1992635870488 0 3.0617317e-05
372272032.0 1.0 1796.7651079889145 1 0.9999999
403037785.0 0.0 1810.578105096742 3 5.015654e-23
229580770.0 0.0 1812.3448412868868 0 7.9983365e-06
192550730.0 1.0 1794.1614922174415 1 1.0
238656028.0 0.0 1812.348495988235 0 5.35123e-05
236776788.0 0.0 1812.3646182827254 0 6.143983e-08
256618816.0 1.0 1796.345000320135 1 0.9999971
90552382.0 0.0 1800.1413608537055 0 8.2601306e-05
374963114.0 1.0 1795.431628489451 1 0.9989837
316047081.0 0.0 1808.84879051636 0 2.799815e-06
232608223.0 1.0 1795.1560137274064 1 0.99995464
219821955.0 0.0 1805.1979747506223 0 9.758088e-07
26502932.0 1.0 1810.4955270673315 1 1.0
235982927.0 0.0 1808.6581172465806 3 5.8587734e-06
376770989.0 1.0 1795.2424607026635 1 0.99999887
285173025.0 0.0 1809.2451642828435 0 0.00020689322
236762131.0 1.0 1795.5737422783964 1 0.99999946
284436992.0 0.0 1812.9934248457948 0 2.1634222e-07
321595962.0 1.0 1810.470685587502 1 0.9945118
368381484.0 1.0 1811.0970044315698 1 0.9999999
229952290.0 1.0 1810.1776202435733 1 1.0
445316412.0 1.0 1795.473077642205 1 0.99999636
250860873.0 1.0 1798.5155782164065 1 0.99999994
200798478.0 0.0 1796.6410385296904 0 0.00012636851
240781407.0 1.0 1798.639879325805 1 0.999902
289206508.0 1.0 1797.0968984070828 1 0.9999029
432015552.0 1.0 1798.74506043038 1 1.0
308618435.0 0.0 1805.2443240721516 0 0.00019977675
256507075.0 0.0 1805.2418636494688 0 1.3916144e-07
366500692.0 1.0 1797.4502889933317 1 0.99884254
374030551.0 0.0 1798.2646998934383 2 2.1536533e-16
320268279.0 0.0 1795.7646187451778 3 1.1381836e-28
407154489.0 1.0 1810.4513338586705 1 1.0
256298033.0 1.0 1800.5113459759307 1 0.9999999
445196334.0 0.0 1809.202024120231 0 0.0020393943
390165214.0 0.0 1809.202243355535 0 0.00036962592
236971449.0 1.0 1796.5952624515692 1 1.0
372392680.0 0.0 1805.2420214553547 0 8.686708e-07
21162664.0 1.0 1806.114036850593 1 0.99997103
264615805.0 0.0 1804.4110613838168 3 4.8188983e-20
370073713.0 1.0 1799.369175591559 1 0.99999946
403692188.0 1.0 1797.1820296530186 1 1.0
368234072.0 1.0 1797.6388507130016 1 0.99996126
289095239.0 1.0 1795.7844592476251 1 0.999997
292982071.0 0.0 1805.3490116839387 2 4.259536e-10
77258822.0 1.0 1810.9953117462226 1 0.9999851
389965118.0 0.0 1797.968728218529 0 0.00064092386
160585313.0 1.0 1796.9693872010985 1 0.9999998
178140121.0 1.0 1794.93277492237 1 1.0
268516039.0 1.0 1797.5760693870295 1 0.9999999
441763244.0 1.0 1799.5527748478275 1 0.99871504
376197050.0 0.0 1809.0143137815264 0 0.00020077356
428068513.0 0.0 1808.8489917008774 0 0.00072898244
271154012.0 0.0 1805.2221226627712 0 1.2146852e-07
445414093.0 1.0 1805.8897869648815 1 0.99999964
396235258.0 1.0 1811.5556761780365 1 0.9999918
387951214.0 1.0 1795.2624600799438 1 1.0
52854421.0 1.0 1795.9312695012227 1 0.9999962
137082590.0 1.0 1798.493174675161 1 0.99999994
237309375.0 1.0 1797.1578880847428 1 0.9999996
420295663.0 1.0 1794.368544447064 1 0.9999905
268728880.0 0.0 1796.9094303870402 0 2.2387287e-07
232632943.0 0.0 1797.9685765372833 0 4.9727782e-06
285908697.0 0.0 1805.3896036616904 0 6.4656125e-10
332147990.0 0.0 1805.556631206637 0 2.6827474e-05
444769476.0 1.0 1810.2020980919049 1 0.9999965
219104689.0 0.0 1794.1986751909105 0 3.0370205e-07
377739453.0 1.0 1795.4094328198485 1 0.9999966
359250620.0 0.0 1812.8056169713939 0 5.4349675e-07
118335168.0 0.0 1796.641347114896 0 0.000349919
232620122.0 0.0 1812.3847334386849 0 2.7613676e-06
291886760.0 1.0 1806.3906176497685 1 0.9989707
236982088.0 1.0 1797.741065234148 1 0.9999993
398160829.0 1.0 1797.9932028017095 1 0.999846
372392104.0 0.0 1812.3460701389174 0 1.7396568e-08
229511875.0 1.0 1806.4072233758445 1 0.99999934
274841097.0 1.0 1795.3886001313317 1 0.9999634
235929888.0 0.0 1794.241146131362 2 0.00045252976
255874124.0 0.0 1809.2019160246923 0 1.540609e-05
431767082.0 1.0 1796.1408392199219 1 1.0
236777184.0 1.0 1811.427190085909 1 0.9998371
308875920.0 0.0 1805.2028321888479 0 6.688565e-05
71692766.0 0.0 1812.6607299548846 0 1.144672e-06
392569148.0 0.0 1808.8434796268712 0 0.0009890472
90768413.0 0.0 1809.1205669693397 0 0.00070499565
378762806.0 0.0 1793.4096796125375 0 5.0907533e-12
71980235.0 1.0 1795.7026537263334 1 0.99999994
365831006.0 0.0 1805.2207444960484 0 6.282517e-06
178138894.0 1.0 1793.620186682609 1 0.9999997
139378834.0 0.0 1796.7036973227591 3 3.155814e-05
372509663.0 1.0 1796.5142408772551 1 1.0
202841130.0 0.0 1809.3282436438474 0 0.0009222667
352283989.0 1.0 1800.3681336397678 1 0.99999964
250747789.0 1.0 1799.5781057938632 1 0.9998099
265201832.0 0.0 1808.8485184064143 0 0.00051819556
400604566.0 0.0 1812.3692305924685 0 0.00015358992
50841878.0 1.0 1811.5357680818197 1 0.99999696
26397233.0 0.0 1812.6830041829376 0 9.045239e-05
359586929.0 1.0 1796.9062162429875 1 1.0
196976276.0 0.0 1812.3484082379496 0 0.00022649032
184608038.0 1.0 1794.1619070272604 1 0.99991596
284479240.0 1.0 1797.7194427533411 1 1.0
395508745.0 1.0 1795.6389796281894 1 0.99999976
284138281.0 0.0 1809.2017222218624 0 1.2507468e-05
302315862.0 1.0 1795.7240174659185 1 1.0
316514122.0 0.0 1805.202891947183 0 1.5471684e-06
407356248.0 0.0 1805.2432997889068 0 4.5876597e-05
63672976.0 1.0 1800.0578188546438 1 1.0
312672257.0 1.0 1806.2646054235686 1 0.99999756
292153735.0 1.0 1795.7865983349495 1 0.99985075
368028401.0 0.0 1812.3469103752084 0 1.992129e-10
326258283.0 1.0 1793.699317951247 1 0.9999997
270054304.0 1.0 1810.5370511598553 1 1.0
346852310.0 0.0 1808.8494860606788 0 0.00018270826
238743789.0 0.0 1808.9324377463886 0 0.00023190168
201246217.0 1.0 1806.1620350900946 1 1.0
149851171.0 0.0 1812.4326838115442 0 0.002172215
352928643.0 1.0 1805.909987762021 1 0.99999166
235943028.0 0.0 1812.366335186944 0 4.8966785e-07
5674169.0 0.0 1797.8288366826355 3 6.749808e-05
199688409.0 0.0 1812.0513813467676 3 2.9270384e-20
236786957.0 1.0 1810.3646462980525 1 0.99999034
229997706.0 1.0 1811.156971396403 1 1.0
308285846.0 1.0 1799.8278962938384 1 1.0
184564369.0 1.0 1795.9951168336984 1 0.99999964
445142354.0 0.0 1809.3061280106272 0 4.618995e-06
104316853.0 1.0 1797.3489123428437 1 0.9999992
250480498.0 0.0 1805.2028514803042 0 3.702907e-07
279343709.0 1.0 1794.4723405597583 1 0.99999774
383646199.0 1.0 1799.9273957856992 1 0.99989146
186938854.0 1.0 1795.286816743685 1 1.0
402208125.0 1.0 1796.9743281227106 1 0.9999995
288610611.0 1.0 1795.7203255755487 1 0.9999983
288524366.0 0.0 1808.8453194155263 0 4.1415706e-09
302076473.0 0.0 1805.244765602196 0 1.1105742e-08
233200804.0 1.0 1798.719267198164 1 0.9999998
410651000.0 0.0 1808.8488023885873 0 2.0579964e-08
269701889.0 1.0 1805.7843866597063 1 0.9999905
256375216.0 1.0 1795.4700090955303 1 0.9999986
362257499.0 1.0 1811.3243607411555 1 0.9998623
67661596.0 0.0 1808.9951640130805 0 0.00013552415
317473563.0 1.0 1794.5341906069382 1 0.99994606
137886126.0 1.0 1810.6205523846963 1 0.9999828
184690200.0 0.0 1812.682386764786 0 0.0019101588
369088512.0 1.0 1798.326581382871 1 1.0
370430421.0 1.0 1794.1190667387446 1 0.99999875
198383311.0 1.0 1799.301609666068 1 0.99999994
288623212.0 1.0 1795.5157253404434 1 0.9999982
13455593.0 1.0 1794.847956898632 1 0.9999989
50516280.0 0.0 1805.2649555057242 0 5.617262e-06
192595031.0 1.0 1794.5365588157972 1 0.9999931
308289857.0 0.0 1798.9944721463391 2 9.493046e-10
381656536.0 0.0 1805.5158464683761 0 0.00018234922
427553234.0 1.0 1795.6384978659476 1 1.0
26533207.0 0.0 1809.3913761619183 3 0.0031092758
370345737.0 1.0 1793.5357457031873 1 1.0
368310516.0 1.0 1795.9719992712544 1 1.0
422454625.0 1.0 1805.6165874122787 1 0.9999999
285676351.0 1.0 1796.1196604765335 1 0.9999842
400405642.0 1.0 1806.261196890502 1 0.99999917
230079251.0 1.0 1806.3022782984528 1 0.99999374
372210735.0 0.0 1808.8460833072118 0 0.00015040884
417700830.0 0.0 1812.345055398696 0 2.583197e-08
256351070.0 0.0 1796.4918150588144 2 1.7107121e-10
316623082.0 0.0 1805.202890798623 0 8.083441e-10
302541811.0 1.0 1793.266275629405 1 0.99999964
434437492.0 1.0 1805.8466819236282 1 0.99999994
245377402.0 0.0 1795.0777763351873 2 4.3703526e-08
400194383.0 0.0 1805.2014995387062 0 3.6720799e-06
389538863.0 0.0 1805.6188436191346 0 1.6087872e-05
352281923.0 0.0 1793.305648826842 0 3.2389147e-10
436883482.0 1.0 1811.4329657174815 1 0.999991
259234905.0 1.0 1795.407370750224 1 0.9946382
54120426.0 0.0 1805.5561746034057 0 2.2270191e-05
50451900.0 0.0 1812.4105933114254 0 9.614348e-05
275422880.0 1.0 1795.804227681501 1 0.9999994
198354490.0 1.0 1810.3221644567616 1 1.0
198413302.0 1.0 1799.5305445996366 1 0.99999964
326258091.0 0.0 1793.4076389374954 0 1.00297435e-11
256607524.0 0.0 1805.3066996453867 0 3.7956747e-07
258829737.0 1.0 1794.7405716367107 1 1.0
250842070.0 1.0 1795.494603509388 1 0.99999994
285046899.0 0.0 1797.7643720165054 2 6.559881e-07
284058611.0 0.0 1812.6202505341328 0 0.00025191158
83964224.0 1.0 1796.7433486513817 1 1.0
368596977.0 1.0 1795.9720256159844 1 0.9999961
230396530.0 0.0 1805.2192514635499 0 2.5347148e-05
139425930.0 1.0 1810.6827012195008 1 0.9999983
139406736.0 0.0 1805.5160098452116 0 0.0006025273
347945718.0 0.0 1808.8901090435513 0 4.736939e-06
410807017.0 0.0 1812.3490960722265 0 4.4654653e-06
377029076.0 0.0 1808.8464765416356 0 0.00014212594
427092194.0 0.0 1797.4917377743302 2 2.1603341e-09
241029468.0 1.0 1799.6819616315909 1 0.9999995
22942877.0 0.0 1795.6622270451426 2 0.00044823997
194672668.0 1.0 1796.2452329682367 1 0.9999932
50844619.0 1.0 1797.5980921405064 1 0.9999891
331364868.0 0.0 1796.9092242698507 0 0.006320935
390167211.0 1.0 1796.6815048534963 1 1.0
292719974.0 1.0 1798.0574853934047 1 0.99999815
233630837.0 0.0 1808.8652684973597 0 2.9681209e-05
387696316.0 1.0 1795.429013543056 1 1.0
83964226.0 1.0 1810.1598262555099 1 0.9999974
453267201.0 1.0 1811.348143544418 1 0.99994993
387451875.0 1.0 1794.8664799911762 1 0.9999969
321688478.0 1.0 1796.0334485469155 1 0.9999998
398266747.0 0.0 1800.1378423005524 0 7.5297417e-06
399788405.0 0.0 1801.3020757410993 3 9.2147046e-26
427602825.0 0.0 1805.2223273545785 0 4.2161912e-07
395862665.0 0.0 1796.9515257130624 0 1.8288169e-13
302312833.0 1.0 1793.7239320343817 1 0.9999999
22872658.0 1.0 1793.2247041820638 1 0.99999994
331714577.0 1.0 1793.848397924769 1 1.0
73490339.0 0.0 1796.6413358258328 0 0.0005373063
376195427.0 0.0 1808.9519404791677 0 0.00023329041
334807001.0 1.0 1811.1377095131786 1 0.9999947
374693211.0 1.0 1796.2235824504558 1 0.9999997
298648307.0 1.0 1806.0098058824472 1 0.9999998
315825416.0 1.0 1793.4736074573498 1 1.0
408897120.0 1.0 1798.1794579972925 1 1.0
258389807.0 1.0 1797.8451726469284 1 1.0
184732477.0 1.0 1793.432756027902 1 0.9999999
435264091.0 0.0 1793.4094590182262 0 1.3291548e-09
322057067.0 1.0 1795.5752095040207 1 0.9999934
116714368.0 0.0 1808.8488739573957 0 0.00047383533
432046871.0 0.0 1808.9534556762776 0 0.00025233586
284807014.0 0.0 1796.8892815194308 0 5.028331e-05
429018846.0 0.0 1797.5756240555845 2 6.79543e-05
50118192.0 0.0 1808.9107050179455 0 4.68986e-05
240981884.0 1.0 1793.9737121699854 1 0.99999917
435081582.0 1.0 1798.2011126846996 1 0.99999994
387833641.0 1.0 1799.97070205621 1 0.9999979
348143304.0 0.0 1794.7649922106164 2 1.5499414e-15
333732430.0 1.0 1806.1370873257194 1 0.9997429
274837414.0 0.0 1812.3678903820223 0 9.077419e-06
288601352.0 1.0 1798.9076034108011 1 0.9997433
396575973.0 1.0 1794.2034073382035 1 0.99999666
200734333.0 1.0 1795.6827902954387 1 0.9999654
353235769.0 0.0 1805.4728571486967 0 2.4743475e-05
444722690.0 0.0 1812.4936186947077 0 0.00022582442
284479240.0 1.0 1810.5733374736676 1 1.0
383677392.0 1.0 1810.969187124248 1 0.9999966
251441472.0 1.0 1795.9941541702444 1 0.999989
387259626.0 0.0 1797.7204335991307 3 1.93184e-06
116007369.0 0.0 1793.328071486345 0 1.2496708e-10
288508794.0 1.0 1796.4700705951554 1 0.9999975
229669930.0 0.0 1808.8446020920724 0 2.3791547e-06
348765189.0 0.0 1809.1206268089607 0 0.00013063346
367754612.0 1.0 1810.303732096612 1 0.9999995
341816492.0 1.0 1806.4265513322728 1 0.9999999
309052753.0 1.0 1796.2860894996616 1 0.99999976
302470991.0 0.0 1805.203195834057 0 2.7918907e-06
378647446.0 1.0 1798.3679676750853 1 0.99999994
433000531.0 1.0 1793.995251176624 1 0.99999565
392536812.0 0.0 1799.6563875776346 3 3.9289896e-21
418981485.0 0.0 1796.9098333623908 0 0.0001562208
410809215.0 0.0 1805.2031518673264 0 8.652861e-08
343620660.0 1.0 1797.1371517434031 1 1.0
312251188.0 1.0 1810.5560909321257 1 1.0
284807423.0 1.0 1806.2433755983618 1 0.9999881
371001989.0 0.0 1793.1401233290999 0 8.152233e-14
272324340.0 0.0 1805.1180223468036 3 1.3338126e-20
241049137.0 0.0 1808.8485119661368 0 3.328878e-05
233514206.0 1.0 1806.3013226891917 1 0.9999968
366118640.0 1.0 1799.9266084045896 1 0.9999813
320186525.0 0.0 1812.6808759402115 0 1.2471116e-07
396664296.0 1.0 1794.617718584142 1 0.9999998
177969271.0 1.0 1811.0577681074828 1 0.9999994
358907018.0 1.0 1805.6800445630608 1 1.0
417412584.0 0.0 1809.0562528639798 0 0.00018934297
373388567.0 1.0 1794.7010312630487 1 0.9999997
372686327.0 1.0 1793.428968417067 1 0.9898259
53963134.0 1.0 1798.5771694901991 1 0.9999998
237107958.0 1.0 1810.7413611647733 1 1.0
387506865.0 1.0 1796.4497502327913 1 1.0
94725358.0 1.0 1797.4745484563346 1 1.0
348611797.0 0.0 1793.3275184203674 0 1.4963098e-07
258390124.0 1.0 1797.0326920463351 1 0.9999995
250679759.0 1.0 1796.9323060235536 1 1.0
268626693.0 1.0 1798.0136746022679 1 0.9999996
353878210.0 1.0 1805.718349025086 1 0.99999386
381808341.0 1.0 1794.7035871219382 1 0.99999285
264077194.0 0.0 1805.5332150720344 0 7.3919955e-06
326857363.0 0.0 1812.3485318871806 0 2.5729754e-05
269597899.0 1.0 1810.7824347032413 1 0.99999684
419751560.0 1.0 1797.868473394419 1 0.9999866
407539100.0 1.0 1806.3875815178812 1 1.0
12403972.0 1.0 1797.743858737987 1 1.0
82344745.0 1.0 1797.9106949880904 1 0.9999986
346595503.0 1.0 1810.2664451824148 1 0.99999017
420114439.0 0.0 1812.3451353640787 0 3.5508742e-06
370273679.0 0.0 1809.1606407230756 0 1.4000748e-05
308220659.0 1.0 1798.7235358078592 1 0.99999994
400197592.0 0.0 1793.4099836609116 0 4.108699e-12
286013243.0 1.0 1810.5357615619857 1 0.999956
229707305.0 0.0 1808.8653387467812 0 8.924636e-06
77357818.0 0.0 1808.9328738684837 0 0.00038908407
292316929.0 1.0 1794.8699578643098 1 0.99999976
422663383.0 0.0 1812.3467889683247 0 5.012866e-05
359441069.0 0.0 1812.7015358768206 0 3.517433e-06
375785288.0 1.0 1795.8047606309008 1 1.0
363809884.0 0.0 1796.9097816439003 0 6.831476e-07
366590719.0 0.0 1812.4086425471012 0 0.00012366538
11437325.0 0.0 1810.8690588663699 3 6.287181e-14
435355210.0 1.0 1798.6385779991117 1 0.99999577
369141038.0 1.0 1796.0974001888937 1 1.0
385558019.0 1.0 1796.3288392035377 1 0.9999986
34820374.0 1.0 1805.7039722929885 1 0.9999894
236767649.0 0.0 1808.844448305814 0 1.5391565e-07
117114207.0 0.0 1805.2657978752015 0 0.00015163359
51026422.0 1.0 1795.8481282492762 1 0.99999076
285333364.0 1.0 1798.306104391761 1 1.0
251790041.0 1.0 1796.5567357904038 1 0.9999999
233577417.0 1.0 1796.4485086662314 1 0.99999994
278850856.0 1.0 1810.8266637714664 1 0.99999994
280326335.0 1.0 1796.4725821853563 1 0.9999998
407391200.0 1.0 1795.0969020961056 1 1.0
399081275.0 0.0 1805.535823714857 0 6.8279536e-05
353993486.0 0.0 1810.155737329982 2 5.597229e-10
327398586.0 0.0 1809.0571767945576 0 0.00029702618
229788338.0 1.0 1798.2612857133051 1 0.9999999
26617419.0 0.0 1795.9745192760408 2 2.374379e-20
356786649.0 1.0 1805.553347009811 1 1.0
250717813.0 1.0 1796.3279752480767 1 1.0
420901024.0 0.0 1811.3013404125581 2 1.3542213e-05
264222449.0 1.0 1797.157656485633 1 0.9999726
237284730.0 1.0 1805.2619737051791 1 1.0
288430852.0 1.0 1797.0325742164828 1 1.0
379325503.0 0.0 1809.0143702968273 0 0.0002183253
270137767.0 0.0 1808.8677692212486 0 6.195412e-05
326532106.0 1.0 1810.2638888802524 1 1.0
445178123.0 1.0 1799.7020734732002 1 0.9999996
251250384.0 1.0 1795.5150219490395 1 1.0
130083400.0 0.0 1796.641141319849 0 0.00048091594
403328929.0 1.0 1799.6994323003582 1 0.999983
278924558.0 0.0 1805.306077868289 0 0.00043494758
317470793.0 0.0 1809.3258027025693 3 6.1397263e-32
332869735.0 0.0 1809.1815009912457 0 1.0498179e-05
424002725.0 1.0 1798.3064014890972 1 0.9999985
118444464.0 0.0 1805.2871512694285 0 4.1558716e-05
50360119.0 1.0 1796.3273936626229 1 1.0
367768281.0 1.0 1794.2628554409607 1 0.9999993
365595041.0 1.0 1796.3247785907702 1 0.9999696
409530625.0 0.0 1805.5158086252857 0 0.0002782431
378043919.0 0.0 1808.8469243515437 0 0.00043853212
229643095.0 0.0 1794.199125451395 0 0.0007702936
349294422.0 0.0 1796.4121689098254 3 2.1539474e-06
408581009.0 0.0 1805.2646572747844 0 0.00077579124
376295810.0 1.0 1795.6599269533544 1 0.9999968
390738379.0 1.0 1795.3480810291856 1 0.99991494
327092391.0 1.0 1811.056910739539 1 0.99999845
198456803.0 1.0 1806.4057603319104 1 0.9999386
444666394.0 0.0 1809.1814266395727 0 1.0838865e-07
353875441.0 1.0 1799.0520145941537 1 0.99998516
420287886.0 0.0 1793.1395194229297 0 2.1012045e-07
192844584.0 1.0 1806.3491781279088 1 0.99988467
389535695.0 1.0 1794.1812872715689 1 1.0
420538859.0 0.0 1797.8478246348086 0 1.1662166e-07
428379136.0 0.0 1808.847326062653 0 0.00028527578
259146217.0 0.0 1805.2032191632204 0 2.4876585e-05
192532107.0 0.0 1793.1406723907016 0 0.0029965134
323144549.0 0.0 1808.950052683668 0 1.285975e-05
396442479.0 0.0 1795.1795733117744 2 1.4860535e-11
35115423.0 0.0 1805.4747963226848 0 0.00011370072
287152450.0 1.0 1794.4682556606583 1 0.9999982
445115636.0 1.0 1811.097810000051 1 1.0
10607010.0 1.0 1795.7231387647678 1 0.99999976
366506022.0 1.0 1796.242026032254 1 0.99909353
417645110.0 1.0 1799.3665709792524 1 0.9999951
370209274.0 1.0 1811.098133312492 1 0.9999999
61085649.0 1.0 1797.745667106839 1 1.0
431804934.0 1.0 1793.265721966205 1 0.9999975
375911510.0 1.0 1794.6798208024113 1 1.0
219741939.0 1.0 1799.134830873012 1 0.99974144
417599180.0 0.0 1809.0332577416277 0 2.105902e-06
422540420.0 0.0 1812.702148418771 0 6.971789e-05
321822275.0 1.0 1811.387378963661 1 1.0
236932661.0 1.0 1798.741008293916 1 0.9999982
441736229.0 1.0 1796.6361525284656 1 0.99999976
431925339.0 0.0 1812.4118744889092 0 0.0005118633
118444464.0 0.0 1812.4327886670683 0 1.1556711e-05
395942641.0 1.0 1794.5345444344962 1 0.9999845
186668934.0 1.0 1794.9328258528096 1 0.9999999
420295190.0 1.0 1811.0350998545127 1 0.99999624
268055290.0 0.0 1800.4074153790625 0 0.0002757422
178103002.0 1.0 1798.8494395268394 1 0.9999998
250609404.0 0.0 1808.8486150993715 0 4.0044404e-05
427546867.0 0.0 1793.1412593178723 0 9.990136e-05
245510353.0 0.0 1808.848680359268 0 5.690759e-08
68039381.0 1.0 1795.0160593259598 1 1.0
236776591.0 0.0 1794.4065839085372 0 2.2026434e-06
200859406.0 0.0 1805.2035759802602 0 0.000105871244
272821136.0 0.0 1796.9098323702574 0 8.95738e-08
264224536.0 0.0 1808.991783127994 0 4.580482e-05
256610740.0 1.0 1794.8690896382063 1 0.9999995
250828307.0 1.0 1795.5573098929897 1 1.0
165528347.0 0.0 1812.4263683908844 0 0.00012579179
35154430.0 0.0 1805.5581286116183 0 0.00069171126
370431297.0 0.0 1812.6813964343264 0 1.21775e-05
418988080.0 1.0 1797.5975409250507 1 1.0
441738038.0 1.0 1795.2404369374162 1 0.99981195
311938016.0 0.0 1811.0977713466884 2 1.0519373e-13
229500175.0 1.0 1793.7824966726164 1 0.9999943
233712251.0 1.0 1799.4065380599436 1 0.9999997
427344511.0 0.0 1808.8881786919455 0 6.1475174e-07
301342453.0 1.0 1796.3281524046997 1 0.9997879
184734764.0 0.0 1812.7657641796977 0 2.7922933e-05
269807963.0 0.0 1808.8469000137889 0 2.4671092e-05
256665874.0 1.0 1794.8242194873505 1 0.99998313
178143920.0 1.0 1794.3076802312044 1 0.99999887
284050395.0 1.0 1794.32671750578 1 1.0
432021191.0 1.0 1797.9115464718384 1 0.99994487
370064932.0 1.0 1793.848409116487 1 0.9999816
256721289.0 0.0 1809.0752245034246 0 0.67705023
117520490.0 0.0 1812.3907258602608 0 5.8793426e-06
445189935.0 1.0 1799.5564880915745 1 1.0
51955546.0 0.0 1801.9103410794116 3 3.5277708e-22
251194285.0 1.0 1795.7650438022438 1 0.99994636
370273679.0 0.0 1812.6605769574471 0 4.5786874e-14
285565974.0 1.0 1796.0781070459325 1 0.99999976
327121759.0 0.0 1797.347737226774 3 7.764073e-15
292318254.0 1.0 1795.932528500368 1 0.9999997
202954633.0 0.0 1809.140846787723 0 0.0030518833
192782452.0 1.0 1795.4323982012738 1 0.9999978
118298039.0 0.0 1805.2037062040517 0 0.0019118813
85528058.0 0.0 1809.120476252269 0 0.0001227264
184692533.0 1.0 1797.370280551261 1 1.0
354595192.0 0.0 1805.5559516939356 0 9.745861e-06
346715927.0 1.0 1805.495483417508 1 1.0
251199388.0 1.0 1811.5569530998127 1 0.9999988
422522337.0 0.0 1811.0757705014407 2 2.8741738e-07
329173245.0 0.0 1794.4057942413865 0 0.0004999876
367422383.0 1.0 1799.0338437522416 1 1.0
420108995.0 1.0 1810.3032631346305 1 1.0
436870928.0 0.0 1812.4120522708579 0 0.00020387357
192734843.0 0.0 1796.4323685362306 2 1.406749e-16
434972989.0 1.0 1798.4927346302607 1 0.9999996
265267331.0 0.0 1808.846861389369 0 0.004151151
308955071.0 1.0 1800.5361406600764 1 0.9999154
194736844.0 0.0 1803.9119551973827 3 0.99943835
327570015.0 0.0 1805.244621143189 0 3.5757996e-05
423034236.0 0.0 1805.2235617027466 0 9.3135674e-07
139465772.0 1.0 1797.849536286501 1 1.0
316079899.0 0.0 1808.8871941604875 0 7.779426e-07
235996802.0 0.0 1812.3873272313676 0 0.0024096945
351686652.0 1.0 1797.8058340036036 1 1.0
417852492.0 0.0 1808.8680456288598 0 6.3251764e-06
387286423.0 1.0 1799.3662793612114 1 0.99999946
428739935.0 1.0 1795.5341941403956 1 0.99999607
13454797.0 1.0 1799.2855406556105 1 0.9999999
301994054.0 0.0 1805.2030003935056 0 2.6430547e-07
236871714.0 0.0 1793.5535040629675 2 4.5211685e-14
81382674.0 0.0 1808.910867291159 0 0.00010105966
275588232.0 1.0 1798.0770150639758 1 0.99999905
406839755.0 0.0 1812.701645544233 0 0.004577246
286475835.0 1.0 1810.9734056718792 1 1.0
219875389.0 0.0 1808.8442434366145 0 1.1570853e-06
367864478.0 1.0 1811.47172673127 1 0.99999994
198556409.0 0.0 1793.1764574410513 0 5.9096832e-15
292606214.0 1.0 1796.411634403039 1 0.99999964
376637457.0 1.0 1796.159046022435 1 0.9999519
428964062.0 0.0 1805.200667041802 0 7.714685e-05
196947858.0 0.0 1805.2027676779862 0 6.666802e-06
427649471.0 1.0 1811.0966399856495 1 0.9999975
432016703.0 1.0 1794.911587820396 1 0.99999964
321857254.0 1.0 1811.1582398969679 1 0.9999979
306188615.0 0.0 1795.160801042847 2 1.610255e-08
229740254.0 0.0 1812.3444736355045 0 6.895662e-06
159511616.0 0.0 1799.8241422412161 2 0.000241564
399859253.0 1.0 1794.7422779131366 1 0.9999999
354695014.0 0.0 1809.2017886751055 0 0.00016725359
377740879.0 1.0 1805.5551469307566 1 1.0
236985082.0 1.0 1799.0535924337235 1 0.999997
436854824.0 1.0 1793.516387904904 1 0.9997063
398212665.0 1.0 1810.2438227994999 1 1.0
72079875.0 1.0 1796.0774966027357 1 0.9999998
35200692.0 1.0 1806.0164688839934 1 0.9999982
104152774.0 0.0 1796.8281269597503 0 1.7825922e-06
81906928.0 1.0 1795.32727742474 1 1.0
445642383.0 0.0 1808.8694967868664 0 0.001153565
255993777.0 0.0 1796.3246192968288 3 0.00016735423
241121946.0 0.0 1808.8695232768373 0 1.2608102e-07
428205603.0 1.0 1795.8489525314178 1 0.9999999
137203328.0 1.0 1797.8471764810263 1 0.9999972
302552714.0 0.0 1805.3893656503158 0 8.551384e-06
178042927.0 1.0 1793.516048664251 1 1.0
422990449.0 1.0 1805.7389710906152 1 0.9795923
316134613.0 1.0 1799.0359139988077 1 0.99968714
233045871.0 1.0 1800.2187901704099 1 0.9999979
191768804.0 0.0 1812.390210314963 0 3.6637477e-06
370271012.0 1.0 1795.7024729409763 1 0.9999997
101302325.0 0.0 1796.6413667459547 3 0.0017323021
126098229.0 1.0 1794.9953554548795 1 0.9999991
256423258.0 0.0 1812.680980287038 0 2.1198317e-12
445189320.0 1.0 1793.452379660646 1 0.9999998
441802173.0 1.0 1797.3447016573512 1 0.99999976
280254059.0 1.0 1798.0976188909565 1 0.9997824
354964290.0 1.0 1797.8270665861357 1 1.0
312467197.0 1.0 1799.744021879522 1 0.99999905
22901110.0 0.0 1793.141439171245 0 0.00021299212
49792902.0 1.0 1810.5150068711794 1 0.9999998
256102034.0 1.0 1811.3477650415757 1 1.0
316739113.0 0.0 1800.3900939867422 0 1.0745925e-05
364185907.0 1.0 1795.2207071752268 1 1.0
10606656.0 0.0 1808.9314669408268 0 1.1918102e-07
444447980.0 1.0 1797.3477697667147 1 0.9999999
196947078.0 1.0 1810.7443073976224 1 0.9999952
264076355.0 1.0 1794.054006856049 1 0.99999607
444413183.0 1.0 1796.6809265615193 1 1.0
431870216.0 0.0 1793.1407334780522 0 0.0004209041
117521729.0 0.0 1808.8490217828391 0 1.2842695e-09
435537997.0 1.0 1811.0966711521762 1 0.9996266
1981434198.0 0.0 1796.9915968994585 3 4.545815e-28
367093764.0 0.0 1795.4506008687422 2 0.00026454334
356896553.0 0.0 1808.8849011548732 0 1.0061879e-14
348435439.0 0.0 1805.2650478195214 0 4.977319e-06
192794391.0 0.0 1793.1407942592784 0 0.0011223541
104143301.0 1.0 1796.6404898892931 1 1.0
316250867.0 0.0 1798.932036246712 3 2.8305799e-30
301647374.0 1.0 1805.8488607589572 1 1.0
372211841.0 0.0 1796.7212977228737 2 1.1951591e-16
250494958.0 0.0 1812.369472783418 0 1.4386153e-07
428053550.0 0.0 1808.8699101673935 0 9.676984e-06
408620413.0 1.0 1794.930826240472 1 0.9999993
388504397.0 1.0 1797.9922741207179 1 0.99999297
117524811.0 1.0 1810.4947658732317 1 0.9999934
200777333.0 1.0 1797.1411676682071 1 1.0
286477979.0 1.0 1799.2857322054772 1 0.99999845
230028226.0 1.0 1796.6362226791398 1 0.99997205
53965082.0 1.0 1811.1603987621759 1 0.9999995
250512403.0 1.0 1797.5987335250188 1 0.9999739
240993844.0 0.0 1805.2027045152804 0 3.1643485e-05
453279129.0 1.0 1805.3900764469959 1 1.0
101092642.0 1.0 1794.495427843079 1 0.99999183
251253598.0 0.0 1805.2027197795298 0 7.897188e-05
445641464.0 1.0 1799.8070324200896 1 0.9984843
269595458.0 0.0 1799.803570844455 2 1.3082562e-09
353691399.0 1.0 1798.409978522665 1 0.9999929
422663383.0 0.0 1805.201038017408 0 5.218783e-05
118333870.0 1.0 1796.724719103276 1 0.9999905
395773542.0 0.0 1793.3053275041316 0 8.567242e-14
408703119.0 0.0 1799.3049869105225 2 7.3424773e-13
256099225.0 0.0 1809.3894284672417 0 0.00018627763
407026659.0 0.0 1812.346939040621 0 9.298007e-05
428706982.0 1.0 1796.7843089814558 1 0.9999998
301572901.0 1.0 1797.911354615668 1 0.9999841
431769742.0 1.0 1795.4948963084407 1 0.9999999
51883741.0 0.0 1809.2018095286912 0 6.039749e-08
192250180.0 0.0 1812.5575346282933 0 0.00017518777
12320313.0 0.0 1805.2855758783678 0 3.162441e-07
374040772.0 1.0 1794.5982143798378 1 0.9999917
401326744.0 1.0 1798.325929634045 1 0.9999998
444140965.0 0.0 1805.2236440604863 0 4.7525498e-07
292466626.0 0.0 1793.1408337647126 0 3.6377587e-05
233497259.0 1.0 1806.1780141245006 1 0.99999964
312335431.0 0.0 1805.5354043846999 0 2.1596308e-05
450162354.0 1.0 1810.3487758638676 1 1.0
272532690.0 0.0 1793.4098702322392 0 2.7653555e-09
389969698.0 0.0 1805.9270216659054 2 5.3861306e-05
362222220.0 1.0 1810.3662064806263 1 1.0
192422831.0 1.0 1796.9324524371198 1 0.9999988
240997918.0 1.0 1796.056934115707 1 0.9999992
285735879.0 1.0 1797.4947495311278 1 0.9999702
444584299.0 0.0 1796.9102778879626 0 1.1199743e-06
445233065.0 0.0 1813.0144203976145 0 6.8902256e-07
331935383.0 1.0 1805.7848130660873 1 0.99999607
387405861.0 1.0 1806.3662377669013 1 1.0
11435346.0 0.0 1808.931549442052 0 7.716562e-12
309055202.0 0.0 1808.8901162704499 0 0.0007479342
241020520.0 1.0 1794.9942947103495 1 1.0
373130261.0 1.0 1811.2219042051893 1 0.9762654
390458781.0 0.0 1812.4106282411444 0 7.8667406e-05
280191995.0 0.0 1805.3061477548579 0 0.00027613764
200791980.0 1.0 1794.7035061909178 1 0.9998632
354014194.0 0.0 1794.0150628581907 2 1.9928881e-11
83222019.0 0.0 1795.6182898598972 3 8.150267e-12
236787464.0 1.0 1810.1562596640383 1 0.9999522
250553211.0 1.0 1811.5153426320016 1 0.99993
264224485.0 0.0 1805.2417581011484 0 3.585363e-14
82345712.0 0.0 1808.9108379322802 0 0.000117976335
240881973.0 1.0 1798.140116995341 1 1.0
373149548.0 0.0 1808.867654377984 0 2.000339e-09
258388870.0 1.0 1795.949285645045 1 1.0
420175802.0 1.0 1796.2410285988578 1 0.9999747
367102509.0 1.0 1793.8040828820986 1 0.99999887
51962527.0 0.0 1805.5561803002875 0 5.6322613e-09
235989488.0 0.0 1808.86643583819 0 0.000121825826
312253968.0 0.0 1799.3687621494066 2 7.404964e-13
236934849.0 0.0 1805.1993091242025 0 0.00018082817
329249157.0 0.0 1811.405523395257 2 9.348531e-07
407414914.0 1.0 1794.5780929401315 1 0.9999997
201108289.0 1.0 1806.037004518426 1 0.9999578
259965499.0 0.0 1805.220686235202 0 5.3001284e-05
406598195.0 1.0 1799.0760742650582 1 1.0
399828838.0 0.0 1805.2011573334157 0 1.676977e-07
309235278.0 0.0 1805.244411185987 0 1.6058344e-07
419246700.0 1.0 1797.931051128137 1 1.0
81599012.0 1.0 1795.9937640649528 1 0.9999999
441725483.0 1.0 1794.9067610511677 1 0.9999488
407018395.0 0.0 1809.2015658484468 0 0.00021280252
229751802.0 0.0 1798.5321623124803 3 1.0147529e-29
316736104.0 0.0 1796.8901129729607 0 8.9589674e-05
445399032.0 1.0 1806.1812437479532 1 0.99998033
336106354.0 1.0 1793.9290702881267 1 0.9999924
198278962.0 1.0 1796.801942513417 1 0.9999998
252195782.0 1.0 1797.5565247892227 1 0.9999971
436847865.0 0.0 1797.099812048684 2 0.0024206662
285242213.0 1.0 1795.6405280133592 1 0.9999998
354869862.0 1.0 1799.3279656632676 1 0.9999999
410741144.0 0.0 1808.8491670594622 0 0.00040223284
249858764.0 1.0 1796.098763492577 1 1.0
229958869.0 0.0 1805.2401098272594 0 4.116954e-11
264226520.0 1.0 1796.9708706686076 1 0.99999934
200871250.0 1.0 1794.30773253906 1 0.99999946
353990474.0 1.0 1799.8643987067042 1 1.0
34619169.0 1.0 1795.9122483034344 1 0.99999994
184693913.0 1.0 1798.2868495654561 1 1.0
402779051.0 0.0 1809.0144276227043 0 0.00019450876
252841040.0 0.0 1796.9737934160269 2 5.3464857e-05
278932454.0 1.0 1795.0557158946353 1 1.0
233546424.0 1.0 1806.3231439588142 1 0.9999999
456130400.0 0.0 1810.2243946987076 3 2.5279913e-12
398158100.0 0.0 1808.9517258220753 0 6.7064666e-06
116890331.0 0.0 1806.6405443912201 3 1.1819513e-05
229676619.0 0.0 1805.2808550995376 0 5.516622e-11
233743035.0 1.0 1806.219022178214 1 0.99999845
399738195.0 0.0 1796.8049252746928 0 0.0011404401
308122849.0 0.0 1805.244356017501 0 5.4880735e-07
139463633.0 1.0 1796.807736916916 1 1.0
416094279.0 1.0 1796.5574761244695 1 0.9999998
116849798.0 0.0 1805.2449499020954 0 8.405902e-05
427647423.0 1.0 1798.8057360396413 1 0.9996898
250479421.0 1.0 1794.8903356896283 1 0.99998015
265191865.0 1.0 1793.7652849091846 1 0.9999698
71850221.0 1.0 1810.7441685827987 1 1.0
283018851.0 1.0 1798.7223763727889 1 0.99998635
233071028.0 1.0 1798.489689306284 1 0.9999999
367768136.0 0.0 1793.13785838067 0 6.7207443e-06
376354818.0 0.0 1808.9310799615146 0 3.4274262e-07
312146023.0 1.0 1796.764824175687 1 1.0
240815660.0 0.0 1808.8482434849318 0 0.00016412066
279435154.0 0.0 1812.556275042411 0 3.1921763e-09
230074678.0 0.0 1794.1982070479933 0 1.977133e-05
292200269.0 1.0 1798.974078177524 1 1.0
356865267.0 1.0 1799.0528552029941 1 0.9989044
256928119.0 0.0 1808.8866671432938 0 0.00044336784
327704791.0 1.0 1795.8907089717538 1 0.9999979
63719587.0 1.0 1794.3495404586636 1 0.9999997
302625940.0 1.0 1798.5349997071787 1 0.99999976
270007793.0 0.0 1812.3496104979363 0 0.00036315052
279875902.0 0.0 1793.4094615725157 0 1.3661912e-08
137263210.0 0.0 1805.201569504879 0 3.8916568e-08
192467947.0 0.0 1812.4743472766752 0 0.00034847917
251521810.0 0.0 1805.202724141409 0 1.5861477e-05
368241733.0 1.0 1799.1595392109703 1 0.9999949
396194794.0 1.0 1794.7219212222599 1 0.9999905
379472174.0 1.0 1795.2435912012445 1 1.0
264308788.0 1.0 1798.9917688161504 1 0.99999905
371489126.0 1.0 1797.9956679030456 1 0.99999243
420286437.0 0.0 1805.2000544556593 0 8.557626e-06
232602546.0 0.0 1808.8436054135082 0 0.0015937604
292524302.0 1.0 1794.7867310791871 1 0.9999997
82095970.0 0.0 1794.3478936541105 0 0.00025864728
250494958.0 1.0 1798.1612878480034 1 0.9999902
427738956.0 0.0 1812.620624698364 0 0.00013888397
376200464.0 0.0 1797.8477148652157 0 1.0981916e-10
418134658.0 1.0 1795.1806880608171 1 0.99999946
265295800.0 1.0 1805.7860795258084 1 0.9995653
230001393.0 0.0 1805.2193395120526 0 6.823851e-07
353175462.0 0.0 1794.3476560739775 0 1.3851411e-07
184656177.0 1.0 1795.9535753118498 1 0.99997246
71695764.0 1.0 1793.7442926517676 1 0.9999999
367080025.0 1.0 1806.2416323751236 1 1.0
332049029.0 1.0 1793.973224691208 1 0.9999989
357032660.0 1.0 1798.1558710863737 1 0.99999994
34885883.0 0.0 1793.14142930288 0 0.0002572852
285036664.0 1.0 1798.6603769407527 1 1.0
403939319.0 0.0 1798.1183665009098 2 0.00012044481
379094967.0 1.0 1795.4934015333665 1 1.0
117868677.0 1.0 1795.578000004423 1 0.9999225
256507852.0 1.0 1797.033634395029 1 1.0
46481823.0 1.0 1799.1414310376124 1 0.9986742
427546867.0 0.0 1809.5581296262417 0 0.00023683503
308785248.0 0.0 1793.1403196401493 0 9.396569e-08
351609665.0 0.0 1812.3472400498958 0 4.7017969e-07
322262406.0 1.0 1796.3252346696115 1 0.9999699
302388209.0 1.0 1798.2862751526832 1 1.0
230116490.0 0.0 1799.4270102207286 2 4.887519e-12
388508051.0 1.0 1796.6380860381523 1 0.9999838
284713269.0 0.0 1809.2018127095919 0 0.00035841615
299335684.0 1.0 1797.869479391163 1 0.99998313
137085487.0 1.0 1796.3054321226214 1 0.999999
347681160.0 0.0 1812.3485745838443 0 0.00020235448
65279171.0 1.0 1796.2240341272836 1 1.0
233730349.0 1.0 1798.0731346829316 1 0.9999999
219754614.0 0.0 1808.927027874951 0 0.0015108127
229461186.0 0.0 1805.9695331558364 3 2.1824596e-23
377207757.0 1.0 1798.5758123937642 1 0.999969
458875828.0 0.0 1806.2024725151327 3 1.502706e-17
202957905.0 1.0 1796.32828195161 1 0.99999857
198517139.0 0.0 1812.5100598397146 0 1.8797511e-05
422515262.0 1.0 1798.366982460426 1 0.9999999
10702234.0 0.0 1812.4522449048063 0 9.211885e-09
240979790.0 1.0 1805.2651795617621 1 1.0
390515296.0 1.0 1796.2231782273384 1 0.99999875
331933530.0 1.0 1798.9723222241632 1 1.0
421111145.0 0.0 1794.889293070812 2 3.2534223e-07
65642073.0 0.0 1808.8493801849797 0 0.0001952522
379472568.0 1.0 1799.7436523160718 1 0.99998915
327122265.0 0.0 1809.1599983929293 0 9.719231e-05
229741985.0 0.0 1805.615561914158 3 1.4543395e-05
348673737.0 0.0 1805.202741784917 0 1.1979712e-08
428521595.0 1.0 1806.1391617812767 1 1.0
321686951.0 1.0 1798.6167538479797 1 0.9999998
331789740.0 0.0 1793.1398380943426 0 3.3758842e-12
352117309.0 0.0 1805.2223923277686 0 8.255207e-14
347401384.0 0.0 1812.3485412874174 0 7.482011e-06
139502796.0 0.0 1812.6618262730753 0 0.00028035959
367681735.0 0.0 1798.8026152434904 3 2.5867522e-19
316736104.0 1.0 1806.265293916949 1 0.9999999
368733280.0 1.0 1806.2014774018944 1 0.9974943
192468012.0 1.0 1795.807641113938 1 0.99999595
68001857.0 1.0 1793.870196939022 1 0.99998677
366026466.0 1.0 1797.0138135890575 1 0.9999904
103947013.0 1.0 1797.4321302935862 1 0.9999992
322060987.0 1.0 1796.137713506755 1 1.0
424276988.0 1.0 1800.5357753596295 1 0.9999865
237255006.0 1.0 1806.3036456768568 1 1.0
406856798.0 1.0 1798.2609562181908 1 0.9999999
196893256.0 0.0 1808.8485027297356 0 0.00017757337
52855093.0 0.0 1805.5562218667499 0 5.5545465e-06
343466058.0 1.0 1798.3454685711235 1 1.0
398238078.0 1.0 1799.0331985055325 1 0.99999994
192589987.0 1.0 1793.2657646447321 1 0.99999994
54050622.0 1.0 1805.9311017401715 1 0.9999996
301470893.0 1.0 1799.307229195525 1 0.99999636
374830553.0 1.0 1797.2857846610718 1 0.9999996
14041308.0 1.0 1796.3690174798317 1 0.99999976
410497627.0 1.0 1793.3071887245608 1 0.99999106
306188277.0 0.0 1805.5564731443903 0 1.9473873e-05
68038064.0 1.0 1798.8910348644986 1 0.99999815
129761434.0 1.0 1796.8494767742225 1 0.9999969
26437316.0 0.0 1805.4746298863274 0 0.0013854542
192835946.0 0.0 1805.3700237870316 0 0.00028480482
390241134.0 0.0 1795.1394566181982 2 2.9736256e-09
245501851.0 1.0 1794.890227433188 1 0.9999921
229741985.0 0.0 1805.448895271738 3 5.8480626e-05
285430725.0 1.0 1798.516186330019 1 1.0
431929504.0 1.0 1810.3077424369365 1 0.99999684
250859182.0 0.0 1793.1404836699862 0 3.6566035e-09
275854772.0 1.0 1811.4313164267785 1 1.0
399543586.0 0.0 1798.119921527562 2 1.45544e-09
376351234.0 1.0 1796.5144439975559 1 1.0
83227510.0 1.0 1799.3891549575233 1 0.99999875
308959220.0 0.0 1793.3696773353392 0 6.047714e-08
230016745.0 0.0 1812.344375910584 0 5.3843576e-07
422340534.0 1.0 1810.7828888731779 1 0.99999994
449993800.0 1.0 1795.8478555998588 1 0.99999106
312343214.0 0.0 1812.6811920306952 0 9.125934e-05
229781362.0 1.0 1805.3864020318308 1 0.99998164
389415385.0 0.0 1812.7020534606243 0 0.013185097
139352774.0 0.0 1805.536815799193 0 6.6384164e-05
52522462.0 1.0 1797.410335918809 1 0.9999999
200879107.0 1.0 1793.8700470794067 1 1.0
219097692.0 1.0 1797.3858715568865 1 0.99997735
177885456.0 1.0 1795.6202633965254 1 0.9999983
326260646.0 0.0 1796.9077700015232 0 1.9711877e-06
219894351.0 0.0 1805.2193390585128 0 1.46794355e-05
316953862.0 1.0 1795.306779599214 1 0.9999991
256110165.0 0.0 1809.2019436688454 0 3.0365763e-05
333733062.0 1.0 1811.470335415529 1 1.0
400669401.0 0.0 1794.3483015488914 0 2.6113503e-05
315920101.0 0.0 1796.824897580375 0 5.2576914e-05
256433907.0 0.0 1805.2001686844387 0 5.8696116e-08
370690088.0 0.0 1809.2023863500333 0 0.000119509765
301992734.0 1.0 1811.2862738279928 1 0.9999999
406837454.0 0.0 1809.1601022303078 0 1.9256579e-07
137993372.0 1.0 1793.3078677452204 1 0.9999997
186746448.0 1.0 1805.9535716361174 1 1.0
285582454.0 1.0 1811.0142733456605 1 1.0
67463952.0 1.0 1799.015860339833 1 1.0
388504333.0 0.0 1808.8465348656587 0 7.143856e-06
264913049.0 0.0 1796.5153358799644 2 6.262536e-11
301104468.0 1.0 1805.8906168627427 1 1.0
250747121.0 1.0 1795.494793188951 1 1.0
279785144.0 1.0 1798.3053885228392 1 0.99999887
233063260.0 0.0 1812.3855515945183 0 1.5872303e-06
232622659.0 1.0 1797.3018663031694 1 0.99999964
327392153.0 1.0 1795.6405918947994 1 1.0
353988152.0 0.0 1812.530670206233 0 3.22582e-10
191725102.0 0.0 1812.369284640679 0 0.00048258383
241069243.0 1.0 1810.181790574792 1 1.0
252125547.0 1.0 1795.014715660068 1 1.0
116275987.0 0.0 1808.8488520863418 0 7.1215945e-05
52031533.0 0.0 1805.681097636718 0 4.8492828e-11
240817037.0 1.0 1805.8066142132927 1 0.9999999
251301475.0 0.0 1808.8485719504952 0 9.273241e-05
201013636.0 1.0 1795.2242318297663 1 0.999988
118337424.0 0.0 1805.2037191944387 0 0.00013375605
322130060.0 1.0 1799.7835013261238 1 0.99999696
351872881.0 1.0 1798.868332093126 1 0.99999523
396601990.0 0.0 1805.2221739893764 0 0.00063431956
384734909.0 0.0 1796.8902919420486 0 0.00040380305
317838761.0 1.0 1805.70089717507 1 0.99999833
374974502.0 0.0 1794.6609301601254 2 1.678372e-06
420843459.0 0.0 1796.6394968821933 0 0.00032338407
368031350.0 0.0 1808.8886787132053 0 3.193427e-05
346785547.0 1.0 1795.9118307376418 1 0.9999982
94455316.0 1.0 1810.1205103146115 1 1.0
354308449.0 0.0 1808.848707134385 0 8.185851e-08
233527009.0 1.0 1810.8856252791338 1 0.99999994
83966750.0 1.0 1797.8474786525271 1 0.9984496
52259996.0 0.0 1805.5562538566633 0 7.645858e-08
379248646.0 1.0 1811.4101691563744 1 0.99999785
73570843.0 0.0 1812.4536024994854 0 0.00049735117
264898803.0 1.0 1795.8460864120025 1 1.0
233194162.0 1.0 1799.031589561989 1 1.0
275853812.0 0.0 1794.3477343275297 0 0.000402581
367681735.0 0.0 1799.5734616297116 3 1.3526024e-19
373704667.0 0.0 1805.3062599998336 0 5.9490227e-05
450007274.0 1.0 1799.368918859006 1 1.0
21123653.0 0.0 1806.2181747579848 2 4.396478e-09
279440865.0 1.0 1794.8058639574654 1 0.99999994
270331684.0 0.0 1808.8469337865488 0 2.070635e-05
309052331.0 1.0 1811.3275818441095 1 1.0
137126578.0 0.0 1796.8054894773495 0 3.0513293e-06
388566311.0 0.0 1808.846609189865 0 4.1678497e-05
399443800.0 1.0 1794.9729559105558 1 1.0
13351941.0 0.0 1807.7232697068334 3 1.8343351e-37
229640639.0 1.0 1795.3864873510945 1 0.9999999
395690594.0 0.0 1797.243129273397 0 5.152511e-08
347764609.0 1.0 1810.9525165509433 1 0.9999993
22872908.0 0.0 1793.1413741400413 0 0.00035480422
352029849.0 0.0 1812.3682525448503 0 1.2109544e-05
420850781.0 0.0 1800.1394692521717 0 7.4561117e-06
292467344.0 1.0 1793.515874636984 1 0.9999923
332866785.0 1.0 1793.1607223502701 1 1.0
233605562.0 0.0 1808.9691266992334 0 2.8028098e-05
250744364.0 1.0 1806.265550597958 1 0.9999988
431899940.0 1.0 1793.4740104172133 1 0.9999918
258955205.0 1.0 1798.5530469597347 1 1.0
315937374.0 0.0 1796.3899980578174 3 3.2411476e-20
428165157.0 1.0 1798.8071675502163 1 0.99956757
279208666.0 0.0 1812.431033546911 0 0.0036866197
444123806.0 1.0 1797.3275888130584 1 1.0
240770011.0 0.0 1809.1604868523034 0 0.00017266175
468293391.0 0.0 1793.3673884449804 3 7.3365093e-29
233050540.0 0.0 1799.0313078520462 2 1.0101486e-06
270015086.0 1.0 1810.4926714589665 1 0.99999225
219801736.0 1.0 1811.1562458051694 1 0.9999895
233531272.0 1.0 1810.8234378012398 1 1.0
367430078.0 0.0 1812.3461374346048 0 2.4955867e-08
445276351.0 1.0 1796.0357063055844 1 0.999999
229461186.0 0.0 1795.511409340736 3 1.0493527e-27
28998182.0 0.0 1805.5373249742672 0 0.00010399613
293126849.0 1.0 1795.1407233597906 1 0.9999998
229607785.0 0.0 1812.3655398049436 0 1.0998114e-07
13083393.0 1.0 1797.05647888916 1 1.0
354178105.0 1.0 1798.2239483391224 1 0.999999
428206415.0 0.0 1793.3281066295642 0 0.0011360651
432070155.0 0.0 1808.9118411119862 0 0.000121554294
251605076.0 0.0 1794.3277341824294 2 2.0361281e-07
129980433.0 1.0 1795.2452400617492 1 1.0
309057291.0 0.0 1808.8901681168466 0 1.1988649e-08
65643666.0 0.0 1796.6408043447348 0 0.00037955804
240770097.0 1.0 1798.5774098472937 1 0.9999979
402372496.0 0.0 1805.5369294227091 0 4.777026e-05
51954629.0 0.0 1809.2227340570073 0 2.6205482e-05
331814837.0 0.0 1812.3470741997235 0 0.00014744991
332493254.0 0.0 1805.556390802557 0 7.841931e-10
354155631.0 0.0 1812.348421572592 0 8.865661e-05
233534487.0 0.0 1809.156430693039 0 9.716665e-06
383623165.0 1.0 1806.0933792951187 1 1.0
280568468.0 1.0 1811.5146501207428 1 0.9999999
347304991.0 0.0 1805.5558356365345 0 5.57217e-12
400895472.0 1.0 1795.9521225887397 1 0.99999404
395769189.0 0.0 1793.305453002654 0 1.08365344e-10
420448703.0 0.0 1800.972476696996 3 5.9781174e-10
366553377.0 1.0 1793.5960900630328 1 0.9999999
354046724.0 1.0 1797.1377202676367 1 0.9999999
368110030.0 1.0 1810.2427211705583 1 0.9999983
198416591.0 0.0 1809.42650331176 3 2.004056e-34
1981434198.0 0.0 1808.0123274881853 3 1.279718e-29
287195806.0 1.0 1805.927691633865 1 0.99999976
67518891.0 0.0 1796.2450912210593 2 1.2092407e-08
229699513.0 0.0 1797.8860549752899 2 2.9925862e-15
229398840.0 0.0 1805.6363013502032 2 5.3719777e-19
396486931.0 0.0 1807.5966836035575 3 6.3175237e-21
288808734.0 1.0 1795.285337372315 1 0.9999731
229412530.0 1.0 1810.3861415285119 1 1.0
359497366.0 1.0 1811.2393997296028 1 0.99989593
398327110.0 0.0 1812.3671809437012 0 1.0452464e-05
352693190.0 1.0 1796.1995563328335 1 0.9999999
288469684.0 1.0 1811.5535736858383 1 0.9999998
240885637.0 0.0 1796.6402771081048 0 0.00018887615
368031350.0 1.0 1796.9304826896637 1 0.99999815
229910664.0 1.0 1798.0110751971406 1 0.99999994
436878255.0 1.0 1810.578823816051 1 1.0
233546620.0 1.0 1805.5731323567604 1 0.9999797
301906843.0 0.0 1808.869776656089 0 9.614002e-10
65350867.0 1.0 1798.4324452170008 1 0.9999913
441737397.0 1.0 1794.511453003959 1 0.9999995
399544712.0 1.0 1798.307458906055 1 0.99999917
54997270.0 0.0 1805.5563683239254 0 2.3890308e-07
229972243.0 1.0 1794.6780157234375 1 0.99999917
383674728.0 1.0 1796.7606828442233 1 0.999993
398370307.0 0.0 1812.3668639843647 0 8.5283216e-05
10510046.0 1.0 1796.806309678839 1 0.97985065
399585106.0 1.0 1810.9949545394084 1 0.9999953
453160398.0 1.0 1794.931285080307 1 0.9999976
269697721.0 0.0 1806.886907976685 3 4.5234413e-16
411582590.0 1.0 1794.3671001267853 1 0.9999999
395695392.0 1.0 1797.6596961394116 1 0.99995697
264615805.0 0.0 1797.0985398408711 3 0.00054925797
402846490.0 0.0 1812.3468800082926 0 1.03892726e-08
379604231.0 0.0 1797.8477154693876 0 0.0046191895
366517381.0 0.0 1799.0747079592911 3 0.0
422339909.0 0.0 1808.8662819673134 0 1.775341e-05
364075498.0 1.0 1799.4497042439737 1 0.99999976
379159594.0 1.0 1793.4725866239444 1 0.9999999
82556590.0 1.0 1798.8689071018914 1 0.99999905
196778038.0 1.0 1806.306836488602 1 1.0
13258369.0 1.0 1794.8687620409034 1 0.9961242
233732940.0 0.0 1805.1984057562925 0 5.89847e-05
422977100.0 1.0 1806.2866256192772 1 1.0
408094673.0 0.0 1812.3458115843991 0 1.0715377e-05
252175123.0 1.0 1799.181365239383 1 1.0
186670093.0 1.0 1810.6411902327873 1 0.9999988
229751802.0 0.0 1812.469632676982 3 1.4165882e-30
21002519.0 1.0 1799.1141176392089 1 1.0
331713084.0 1.0 1797.9108282419832 1 1.0
444143116.0 1.0 1794.306959249627 1 0.9997112
402880087.0 0.0 1795.367049510505 2 0.0010609218
366779865.0 1.0 1795.1170272491138 1 0.90562254
285933440.0 1.0 1793.6196621980791 1 0.9999874
421307364.0 1.0 1797.656844863799 1 1.0
370350764.0 1.0 1796.9108699299084 1 1.0
238775956.0 1.0 1799.0785162144168 1 1.0
388583389.0 0.0 1805.2007192981696 0 1.2748407e-06
399084825.0 0.0 1812.6814578331737 0 2.70195e-05
245552501.0 1.0 1799.6402331321854 1 0.99970216
286408062.0 0.0 1797.8481030582718 0 9.11701e-05
372339636.0 0.0 1805.200352794065 0 0.000101485835
423032256.0 1.0 1793.5360347719234 1 0.9974529
377279511.0 1.0 1794.6383883817464 1 0.99998796
387527773.0 1.0 1796.199813907387 1 1.0
422541381.0 1.0 1799.8896495794954 1 1.0
346114089.0 0.0 1805.2649119210394 0 0.00019186603
270327645.0 1.0 1810.846862176957 1 0.9999966
285517354.0 0.0 1808.8489662262064 0 3.074455e-10
116274531.0 0.0 1812.3488821336434 0 4.3609848e-08
331214558.0 1.0 1799.1191619133829 1 0.99999905
229639273.0 1.0 1810.2615691553572 1 0.99986935
285236447.0 1.0 1798.4729192205414 1 0.9999998
378470252.0 0.0 1795.347265712752 2 7.6937344e-13
434533254.0 1.0 1805.7425485189983 1 0.9998222
207402821.0 1.0 1794.259534671023 1 0.9999999
348607599.0 0.0 1796.931826939501 2 6.326173e-16
184564828.0 1.0 1811.1407219172472 1 1.0
397978324.0 1.0 1799.5351744454656 1 0.9999497
377307592.0 0.0 1795.5318138776968 3 7.086039e-29
202930273.0 0.0 1812.3697844405162 0 3.3040268e-09
445344381.0 1.0 1794.202406898991 1 0.9999998
12648264.0 0.0 1808.9107952301592 0 8.368615e-05
359593546.0 1.0 1811.2430939162673 1 0.99995357
378047543.0 0.0 1796.909681490766 0 2.6670949e-05
327512153.0 1.0 1799.494736648812 1 0.99999994
73623668.0 1.0 1797.5370460272254 1 1.0
251816520.0 0.0 1805.2029891602197 0 1.9888048e-05
241136738.0 1.0 1797.9321877885454 1 0.9999916
118443390.0 1.0 1796.5164171776958 1 1.0
434437489.0 0.0 1804.659197272659 3 3.5730605e-22
453154083.0 0.0 1793.306449113928 2 5.5845612e-05
407352723.0 0.0 1805.2432310620177 0 5.126934e-05
275422678.0 0.0 1812.3455674611316 0 0.00063807
320496370.0 1.0 1798.6813094810855 1 0.9999984
372069112.0 1.0 1798.3461990243838 1 1.0
367422320.0 1.0 1798.9921687792882 1 1.0
12000797.0 0.0 1805.306376298425 0 6.950308e-05
441797422.0 0.0 1797.698607523153 0 2.4818484e-05
116889702.0 1.0 1811.4530688952705 1 0.9995247
418205364.0 1.0 1805.82651787348 1 0.999999
317779648.0 0.0 1794.0339851012448 2 1.9077617e-16
11059633.0 1.0 1795.431160093348 1 0.9999955
177881728.0 1.0 1796.01612520848 1 0.99999607
284295015.0 1.0 1798.0308851669597 1 0.9999523
352929478.0 0.0 1798.1807465656238 2 4.4524204e-05
230119000.0 1.0 1795.2188350539298 1 0.99910253
233079659.0 0.0 1800.969022072857 3 4.985096e-08
192795281.0 0.0 1808.9326587194494 0 0.00019870115
13268428.0 0.0 1812.4731633581673 0 0.00016726028
402659580.0 0.0 1793.8242082701995 2 5.4347506e-23
285935625.0 1.0 1796.1822721888075 1 0.99999994
372054243.0 1.0 1796.6379336926284 1 0.9999984
249832286.0 1.0 1797.0363037663367 1 1.0
397238231.0 1.0 1799.13938152808 1 0.9999999
326630342.0 0.0 1808.9930207823204 3 3.0438342e-21
229647462.0 0.0 1812.3451317000608 0 7.2721625e-05
327581427.0 0.0 1805.535138629086 0 0.00013336581
410734924.0 1.0 1811.3490739000579 1 1.0
445416642.0 1.0 1797.2441204615766 1 0.9999603
331978398.0 0.0 1812.7021584720615 0 3.5665865e-10
252101670.0 1.0 1806.2438270740183 1 1.0
63345593.0 1.0 1796.4744546046097 1 1.0
26621692.0 1.0 1797.6411930819588 1 0.9999947
65495632.0 0.0 1805.2034317427945 0 0.00021068269
233050273.0 1.0 1796.9063563153566 1 0.9999797
368611906.0 1.0 1794.4097566862863 1 1.0
427579590.0 0.0 1812.6831338994643 0 0.00012527945
379328177.0 1.0 1799.2433648855542 1 0.9998426
63584281.0 1.0 1795.8495088118218 1 0.9999997
316250867.0 0.0 1806.4738216189392 3 5.0854276e-26
284915325.0 1.0 1811.3267020075352 1 1.0
387878252.0 0.0 1798.9498799366079 2 7.916756e-05
186986337.0 0.0 1794.7659536234328 2 3.7011066e-07
420851130.0 1.0 1796.2644717218025 1 1.0
366517381.0 0.0 1796.345529308466 3 1.3658997e-30
251195002.0 1.0 1798.4109389365997 1 1.0
400535190.0 0.0 1805.5565182650366 0 7.4997826e-07
139432899.0 1.0 1811.1618703527047 1 0.9999998
353076207.0 1.0 1795.8892800316935 1 0.02574692
387288160.0 1.0 1811.0328341163408 1 0.9999998
367855005.0 0.0 1795.6780395196458 2 5.7673977e-05
319843215.0 1.0 1798.7645960930192 1 1.0
356701572.0 0.0 1808.865180025827 0 2.9568494e-06
445193795.0 0.0 1812.6811316987619 0 0.00011809452
312671977.0 1.0 1810.5353499891312 1 0.99996334
275142573.0 1.0 1810.1388090984992 1 0.9999997
376042183.0 1.0 1799.3047709535288 1 0.9999651
337004549.0 1.0 1810.3670502626446 1 0.99999994
445484565.0 1.0 1805.9734725183966 1 0.99999475
12221845.0 1.0 1811.1607764354535 1 1.0
357829802.0 1.0 1797.326905779526 1 0.9999985
129979528.0 0.0 1801.1411085120255 3 7.3366224e-10
399828529.0 1.0 1798.929757256697 1 0.9999998
301997839.0 1.0 1796.8072442340128 1 1.0
264721808.0 1.0 1794.0333906824408 1 0.9999756
331546203.0 1.0 1795.6379255504478 1 0.9999891
445258913.0 1.0 1795.1605672003664 1 1.0
12906712.0 1.0 1810.4104824296621 1 1.0
416043282.0 0.0 1809.140694666365 0 0.00024950784
308529610.0 1.0 1794.3694263999685 1 0.9999985
280321964.0 0.0 1797.0767014726935 3 1.00440315e-17
452990852.0 1.0 1798.3061745147745 1 1.0
372212744.0 1.0 1811.0335518915356 1 0.99999946
370073677.0 0.0 1805.556613979641 0 1.4614538e-13
101258576.0 1.0 1794.4121075396306 1 0.99999446
444494162.0 1.0 1811.1601323589089 1 1.0
200792112.0 0.0 1793.1409589773034 0 0.00029766344
245559525.0 1.0 1796.9320345162666 1 0.99999887
245588080.0 1.0 1796.4527053149018 1 0.99999994
377784679.0 0.0 1808.8447352402593 0 1.0441546e-05
389634673.0 0.0 1796.6396974171812 0 6.49639e-05
279754531.0 1.0 1795.1812545604853 1 1.0
373626245.0 1.0 1798.181379904086 1 1.0
236886901.0 1.0 1806.324202629765 1 0.99997663
368409443.0 0.0 1808.8682467546148 0 1.6020531e-06
83148011.0 0.0 1812.3680200425074 0 0.00067544525
12902946.0 1.0 1811.535752722469 1 0.9998815
353241083.0 1.0 1797.4309474024076 1 0.9999995
241023969.0 0.0 1808.8483793696219 0 0.0024424025
256557975.0 0.0 1812.3862777105576 0 8.030162e-06
364175597.0 1.0 1811.158137609608 1 0.9999998
285036238.0 1.0 1795.5979047488042 1 1.0
353691613.0 1.0 1797.8891270974013 1 1.0
356975809.0 1.0 1798.7184229581428 1 0.99999744
229764062.0 1.0 1806.0531488734568 1 1.0
1981434198.0 0.0 1797.5957594308043 3 4.580354e-26
235710948.0 0.0 1805.1994308700841 0 2.7941842e-06
233508020.0 1.0 1797.5723808735975 1 1.0
289723065.0 1.0 1799.3641598840143 1 0.99990207
390407250.0 1.0 1810.827470420388 1 0.9999626
315929104.0 1.0 1795.4526951297476 1 1.0
241098754.0 1.0 1805.6404778293695 1 1.0
284479475.0 1.0 1810.5316968097625 1 1.0
336543055.0 1.0 1797.6797586350947 1 0.99980724
288734666.0 1.0 1796.0537931657482 1 0.99999917
83967462.0 0.0 1805.201554390158 0 2.8843693e-05
353896753.0 1.0 1796.7395128680666 1 0.99999845
309140428.0 0.0 1793.1402739494506 0 6.1175676e-08
50772261.0 1.0 1796.0564888463289 1 1.0
251387790.0 0.0 1800.3902197463503 0 2.842705e-07
13619204.0 1.0 1798.3897263195483 1 1.0
116892799.0 0.0 1812.390542695621 0 2.4752957e-09
258749219.0 1.0 1799.284704490148 1 0.99999976
311821411.0 0.0 1809.1810679228436 0 7.967124e-06
301420230.0 1.0 1795.4737769600033 1 0.99998647
201039805.0 0.0 1812.3495556740297 0 0.000166159
241085949.0 0.0 1808.8694869976007 0 4.286174e-07
286320298.0 1.0 1796.035800879101 1 0.9999903
245711074.0 0.0 1812.348692998831 0 0.00017737894
284146933.0 1.0 1799.8269704656327 1 0.9999967
235929241.0 1.0 1794.5537924457012 1 0.9999999
400436414.0 1.0 1797.8274046102451 1 0.99999076
233534075.0 0.0 1805.3231083225924 0 6.796084e-05
233079659.0 0.0 1800.7190229041255 3 1.2911008e-11
333067722.0 1.0 1793.223298987023 1 0.99988997
232625524.0 0.0 1809.2181689171132 0 3.5447195e-07
404113234.0 0.0 1808.8457345421114 0 0.000115056195
370950181.0 1.0 1795.4318723099657 1 0.9999969
177886661.0 1.0 1811.266116468135 1 0.9999999
390049080.0 0.0 1812.5352563098484 0 8.4960885e-07
229508892.0 0.0 1795.6574585307858 2 4.6728022e-05
116556570.0 0.0 1793.3279284999198 0 7.1573227e-11
283025371.0 0.0 1812.3680232885044 0 7.6181044e-07
256109664.0 1.0 1799.3062220931758 1 0.9999664
256660902.0 1.0 1797.8241856429368 1 0.9979699
245616307.0 0.0 1793.3899898156242 0 1.1081938e-06
372058437.0 1.0 1798.117061392663 1 1.0
250476986.0 0.0 1805.2028198433027 0 0.00041250288
12644700.0 1.0 1797.2649159084117 1 1.0
395924247.0 1.0 1795.2638031738325 1 0.9999993
240976971.0 1.0 1796.723537588202 1 1.0
366559842.0 0.0 1796.8246064724783 0 0.00033930666
199549440.0 0.0 1796.676555587484 0 1.5515478e-05
403831420.0 1.0 1796.0145583417168 1 1.0
327013587.0 1.0 1795.7865612026624 1 1.0
201108636.0 0.0 1796.641017008383 0 0.010524652
283840173.0 0.0 1796.6394032354672 0 1.0079784e-05
403526428.0 1.0 1805.3276341780709 1 0.9999983
424730553.0 0.0 1793.8227883584536 2 2.2657532e-19
399433700.0 1.0 1805.9106763067239 1 1.0
50350463.0 1.0 1811.1399845646736 1 0.9999984
403041738.0 1.0 1799.682280146853 1 0.99999356
452967724.0 0.0 1805.5353593078185 0 0.0003198192
406890430.0 1.0 1798.618201930555 1 1.0
301472229.0 1.0 1805.9531168669755 1 0.9999825
376643415.0 0.0 1810.5547242876073 2 3.4062562e-09
34749696.0 1.0 1795.1206055747607 1 1.0
117402526.0 1.0 1795.557208270025 1 0.9945414
357828616.0 1.0 1797.9311213829508 1 0.9999988
272787246.0 0.0 1793.176949538686 0 0.00015031136
71973961.0 1.0 1793.6191167164886 1 1.0
285173025.0 1.0 1796.0786877769956 1 0.99999964
305859208.0 1.0 1796.3041379062909 1 0.9999989
423036868.0 0.0 1812.3901328197471 0 5.7250676e-05
259004297.0 0.0 1805.21986429776 0 3.143987e-09
165502667.0 1.0 1798.655849581221 1 0.9999987
271833843.0 1.0 1795.4721640339374 1 0.99999076
453252569.0 1.0 1796.5148971428937 1 0.99999994
256197394.0 0.0 1805.6602671931255 0 7.5792865e-05
388602832.0 0.0 1793.6380657462266 3 1.1995901e-23
441742116.0 1.0 1798.4486624921544 1 0.99999994
13356881.0 1.0 1797.0566461328995 1 1.0
354924503.0 1.0 1797.1809576945702 1 0.9999966
233719053.0 1.0 1811.1562716757 1 0.9999998
431766521.0 1.0 1793.244949249513 1 0.99999994
256925744.0 0.0 1805.1991115370838 0 1.727053e-07
255993777.0 0.0 1804.0536833940214 3 0.001662678
200939418.0 0.0 1811.1828631078865 3 0.00015049247
322317965.0 0.0 1797.7419240150405 2 2.7607962e-06
338427075.0 1.0 1797.596578148619 1 0.99998814
333072716.0 0.0 1805.327529683528 0 4.2644178e-08
452968676.0 0.0 1796.6396655449455 0 0.00071682344
397923260.0 1.0 1795.2434820869203 1 0.9999999
139378834.0 0.0 1805.4744709569848 3 2.5736005e-13
374695963.0 1.0 1798.2026705447117 1 0.9999945
348614319.0 1.0 1799.3691917350907 1 0.9992553
417734986.0 1.0 1805.678385475646 1 0.99999994
444443217.0 0.0 1793.9727421284222 2 4.3530062e-12
12216262.0 1.0 1811.1606668862785 1 0.99999994
450147833.0 1.0 1810.6819125794332 1 1.0
186624496.0 0.0 1793.140964299301 0 0.00017307219
35114670.0 1.0 1810.2455662424263 1 0.9999986
237200649.0 1.0 1810.6369241655655 1 0.99999857
90572367.0 1.0 1805.6205750985866 1 1.0
420452282.0 1.0 1810.3473031436415 1 0.99999917
444116234.0 1.0 1799.806788589138 1 0.99998313
362968354.0 0.0 1808.8466655217817 0 2.5499482e-08
403432373.0 1.0 1805.9107499891156 1 1.0
84165986.0 1.0 1795.7851349397413 1 1.0
378989192.0 0.0 1805.4931995909371 2 3.473816e-06
357737013.0 1.0 1795.076862003104 1 0.9999997
326856830.0 1.0 1810.869432385045 1 0.99999887
335480540.0 1.0 1795.4713971982499 1 1.0
139378834.0 0.0 1794.1203575685388 3 8.9296755e-06
198157957.0 0.0 1799.0516155314758 2 2.8760214e-15
199549391.0 1.0 1810.6559328573292 1 0.9999998
405463318.0 0.0 1796.6414197693014 0 0.00038720292
83141432.0 0.0 1805.2223745859367 0 1.5741953e-06
229511362.0 0.0 1796.9074160407185 0 0.00013515865
441795507.0 0.0 1797.6990549603167 0 3.6825408e-05
285178006.0 1.0 1798.3495284463665 1 0.99995905
249945361.0 1.0 1799.4323833927222 1 0.9999998
279195613.0 1.0 1795.4102511395 1 0.9999999
250748747.0 1.0 1797.890572198663 1 0.9999991
309239101.0 0.0 1796.640256062224 0 0.00012884632
192416863.0 0.0 1793.1408045113358 0 0.00010868259
50516847.0 0.0 1794.348160270271 0 0.00020243706
268948167.0 0.0 1799.6594996566278 2 1.5316496e-16
265349418.0 0.0 1793.4093639139721 0 8.382037e-15
187030585.0 1.0 1798.3493541209127 1 1.0
357740731.0 1.0 1811.4101703025308 1 0.9999977
352175100.0 1.0 1798.2403338168417 1 0.99999994
251430059.0 0.0 1805.2028630740456 0 2.0875876e-05
250538434.0 0.0 1812.369431919423 0 2.3321456e-06
235982927.0 0.0 1796.7830345231416 3 4.936669e-06
298664740.0 1.0 1798.6354821213934 1 0.99997395
29701613.0 1.0 1800.078908788833 1 1.0
408732795.0 0.0 1805.201093704715 0 1.1189013e-05
12645126.0 0.0 1799.514943389029 2 1.0698801e-06
320271196.0 1.0 1797.9313129486177 1 0.99999917
84161498.0 1.0 1793.2435553294647 1 0.99999976
285691112.0 0.0 1797.8481872745294 0 0.0006606555
139534302.0 1.0 1798.0994468088431 1 0.99999166
354241911.0 1.0 1798.5548804033047 1 0.9996441
367334001.0 0.0 1812.3877997830718 0 2.1928106e-09
436933164.0 1.0 1806.391404957222 1 0.99999964
229597519.0 1.0 1805.6571530762842 1 0.9999982
351880161.0 0.0 1812.3682556432527 0 3.4605135e-05
53973931.0 0.0 1793.1395620867124 0 5.32447e-05
422657234.0 1.0 1797.6593322701312 1 0.99999994
252854757.0 0.0 1812.3490269595954 0 4.4097673e-05
424461577.0 0.0 1804.4689473802875 3 2.1477971e-22
275060533.0 0.0 1795.1384803735277 2 2.0410152e-08
341840419.0 1.0 1798.6765627622317 1 0.99999946
229676244.0 0.0 1808.0740170503086 3 7.676369e-08
347686404.0 0.0 1812.369330556576 0 2.2040006e-06
186624384.0 0.0 1805.2035625902088 0 4.495746e-07
394090475.0 1.0 1793.55356588371 1 1.0
63559570.0 1.0 1794.5370449749046 1 0.9999991
306564418.0 1.0 1797.9108253640338 1 1.0
282791613.0 0.0 1795.680823222942 2 3.6104083e-08
388434512.0 1.0 1811.0549118352599 1 1.0
389974349.0 1.0 1795.6606064246494 1 0.99999964
230028452.0 0.0 1805.219397792732 0 1.2388685e-05
301916817.0 1.0 1811.2871203220182 1 0.99999815
367681735.0 0.0 1799.823465925103 3 2.5472201e-20
265306055.0 1.0 1811.2208355512475 1 0.99999934
256564233.0 1.0 1796.2200679878172 1 0.99999696
308781417.0 1.0 1798.8693736964758 1 0.9999921
367073935.0 1.0 1799.6588041169678 1 0.99997574
285788731.0 0.0 1805.285794574418 0 1.0054852e-06
279288205.0 0.0 1808.8676085783059 0 0.0005366302
357746262.0 0.0 1809.0559873717157 0 0.0074958983
104029331.0 0.0 1812.3489460755354 0 6.9547577e-06
252096958.0 0.0 1798.4729919847487 3 5.2307034e-28
230004498.0 1.0 1795.844713023861 1 0.9999996
377289389.0 1.0 1795.3883047940749 1 0.9999953
359136804.0 0.0 1806.3056965138949 2 1.6026552e-06
117110388.0 0.0 1808.8698796239346 0 2.3652265e-05
238799830.0 0.0 1797.3700305163761 2 6.195677e-09
302547752.0 0.0 1812.3474768222331 0 3.219013e-08
63400333.0 1.0 1795.6203333763463 1 1.0
12481463.0 1.0 1799.2648945139051 1 1.0
376112614.0 0.0 1797.950568332395 2 5.1480453e-14
29058618.0 0.0 1809.2247711708862 0 0.00010136649
279871956.0 0.0 1805.2011356287983 0 4.5619112e-05
274837414.0 1.0 1799.951258568459 1 0.99999976
427111667.0 1.0 1793.7001412890443 1 1.0
358829327.0 1.0 1797.013483532653 1 0.9717174
236969748.0 0.0 1796.9077845781535 0 3.0074203e-05
283019371.0 1.0 1810.743022829486 1 1.0
389759527.0 1.0 1796.6188077517509 1 0.999964
26536848.0 1.0 1810.287183494647 1 0.99999416
219109908.0 0.0 1798.073578254676 3 4.1768196e-30
81593786.0 1.0 1810.5775010388254 1 0.9999976
73689467.0 1.0 1811.266166131964 1 1.0
348135324.0 0.0 1808.8693724587156 0 5.569053e-06
370691418.0 1.0 1810.8898457350513 1 1.0
418257102.0 0.0 1796.6584783321136 3 7.267513e-14
368375292.0 1.0 1795.4096578567808 1 0.9999894
264933313.0 1.0 1811.513109196245 1 0.9999885
359498291.0 0.0 1794.4064448490242 0 2.9592293e-05
403346446.0 1.0 1810.6808701830516 1 0.9999562
427475064.0 0.0 1808.971616210788 0 1.1400877e-08
198420520.0 1.0 1811.4681231387342 1 0.9999993
94673268.0 1.0 1797.0995176864355 1 0.9999997
396244175.0 1.0 1797.076230731345 1 0.99999887
349294422.0 0.0 1808.5164224987236 3 5.5211565e-08
275906654.0 1.0 1794.9936288188553 1 0.99999976
390575242.0 0.0 1805.2856777303682 0 3.5045693e-09
264292988.0 1.0 1795.4916599917392 1 1.0
229765827.0 0.0 1805.1986893922 0 1.206942e-06
52271545.0 1.0 1796.6811173804674 1 1.0
229507275.0 1.0 1805.6572061496463 1 0.9998408
265461913.0 1.0 1798.7221605816767 1 0.9999999
289351584.0 1.0 1797.6597071205845 1 0.99999976
256205283.0 1.0 1810.7017385398244 1 0.9999998
368738000.0 1.0 1795.1598064739467 1 1.0
434893323.0 0.0 1809.9299834375884 3 1.493168e-26
285386243.0 1.0 1798.3288282604462 1 0.9999994
354475437.0 1.0 1797.5364009780903 1 0.9999995
202977876.0 0.0 1812.3489784988933 0 0.00010347196
245589110.0 0.0 1808.8485833015734 0 0.0050039343
293063375.0 1.0 1796.0782817808354 1 1.0
373148780.0 1.0 1796.8259166127848 1 0.9994236
332983286.0 0.0 1793.1398949205443 0 1.913389e-08
444332522.0 1.0 1798.3268893073298 1 0.99996656
252149464.0 0.0 1793.2022007708802 0 3.0897587e-09
219865641.0 1.0 1798.3021668372846 1 0.99999994
326885582.0 1.0 1810.9723923801778 1 0.9916435
233075446.0 1.0 1799.614864135311 1 0.99994814
428070652.0 1.0 1795.1821828653074 1 0.99999905
269040926.0 0.0 1808.8676200310285 0 3.6505364e-07
229676244.0 0.0 1796.53216290675 3 7.500626e-18
455960348.0 1.0 1795.7841671120154 1 0.9997357
286176467.0 1.0 1805.9329040061014 1 0.9999998
445176745.0 0.0 1805.5561373212786 0 4.5465154e-07
390896859.0 0.0 1812.4317117035318 0 2.9684372e-07
347488959.0 1.0 1799.0775310678473 1 0.9999992
445108634.0 0.0 1812.8684920803976 0 1.7494719e-07
219900027.0 0.0 1796.5941469083507 3 1.500411e-37
387633055.0 1.0 1797.1581275280612 1 0.99999404
309126202.0 1.0 1798.2446461446016 1 0.99999946
270725122.0 0.0 1808.8469212372304 0 1.2617579e-05
229765695.0 1.0 1798.740401596858 1 0.9999995
407208818.0 0.0 1796.9097463095366 0 1.2575669e-06
407115556.0 0.0 1805.2222000866172 0 3.1508925e-08
381659772.0 1.0 1796.495236070985 1 1.0
436848526.0 1.0 1794.0997847167848 1 1.0
401498429.0 0.0 1794.2634504045627 2 3.3334538e-17
372501164.0 1.0 1800.3476588864282 1 0.99999934
441734144.0 0.0 1809.9282332034857 3 6.896296e-30
352775340.0 0.0 1808.868221668948 0 7.744312e-08
272331853.0 1.0 1795.4930976221892 1 0.8662067
352425043.0 1.0 1798.9725089715312 1 1.0
410499999.0 1.0 1795.3904712323883 1 0.9999995
392536812.0 0.0 1796.6981043521307 3 2.4435724e-19
319913512.0 0.0 1796.6395374180606 0 4.601395e-06
406960929.0 0.0 1794.993561739404 2 4.685639e-15
444081101.0 1.0 1796.8069531812678 1 0.9999748
358910231.0 1.0 1794.700904282393 1 1.0
54261022.0 1.0 1811.0143742735163 1 0.99999875
72088471.0 1.0 1793.785833776635 1 0.9999626
315920260.0 0.0 1805.2205933947369 0 6.0426413e-07
250869492.0 1.0 1799.0363155925925 1 0.8852396
367093858.0 0.0 1808.8672022988867 0 5.992589e-11
255993777.0 0.0 1807.1369695430838 3 0.0005620709
293067471.0 1.0 1810.8073267016994 1 0.9999925
200735265.0 0.0 1796.6411461815692 0 0.0001700155
280253461.0 1.0 1798.389241382995 1 1.0
366676700.0 0.0 1808.846191461244 0 7.1138277e-07
288312840.0 0.0 1797.7407956905554 3 5.0730167e-15
445635467.0 1.0 1806.390256612001 1 1.0
233659783.0 1.0 1797.3437155110878 1 1.0
385411301.0 1.0 1805.9736899737957 1 0.99997187
192420860.0 0.0 1812.369943578614 0 0.00064672605
235954079.0 1.0 1797.074772414207 1 0.99999934
235682901.0 0.0 1812.3451705851858 0 4.2563406e-07
387504170.0 1.0 1811.012151531671 1 0.99999994
445434937.0 0.0 1799.1399373855152 2 2.2438815e-10
249917479.0 1.0 1796.3281026915147 1 1.0
50943560.0 1.0 1798.514945968186 1 0.9999947
240982081.0 1.0 1795.3070227681953 1 1.0
237082307.0 1.0 1805.5535598187405 1 0.9999991
269238622.0 0.0 1798.5762391479589 3 6.3651175e-25
367333600.0 1.0 1794.7838586072228 1 1.0
362965342.0 1.0 1810.117531795749 1 0.9999999
20895509.0 1.0 1793.911536787058 1 0.99999774
379085094.0 1.0 1794.0347374228697 1 0.9999971
373515841.0 0.0 1812.346938817818 0 4.6053012e-07
229581052.0 1.0 1797.490480365068 1 0.9999866
364118779.0 1.0 1794.7414219850796 1 1.0
373281221.0 1.0 1797.4092927583913 1 0.99819183
279443519.0 0.0 1808.9309478419393 0 0.0044439174
194607626.0 1.0 1810.536922035669 1 1.0
445108124.0 0.0 1812.7018233209553 0 1.4890321e-08
352431171.0 1.0 1796.2223038168552 1 0.9999998
359676320.0 0.0 1798.7814574791914 3 1.1678159e-05
368793041.0 1.0 1798.326630563923 1 0.9998545
286482705.0 1.0 1797.3897168358494 1 0.9999999
265348946.0 0.0 1805.221891035668 0 8.947763e-09
333868181.0 0.0 1809.3871740926156 3 8.706613e-20
427755043.0 0.0 1798.3260753045454 2 1.0549129e-17
396615018.0 0.0 1811.4325284325207 3 4.9991806e-11
428112624.0 1.0 1794.8696588234768 1 0.99996907
264303459.0 0.0 1812.4490124994584 0 1.2996644e-11
117037903.0 1.0 1796.6196241403657 1 1.0
198280388.0 0.0 1808.6765981518126 3 5.3095244e-30
288524964.0 0.0 1793.1369050919354 0 1.161831e-12
245590189.0 1.0 1810.7652221270214 1 0.9999994
312460816.0 0.0 1809.1603502741245 0 1.38014045e-08
289206848.0 0.0 1793.3051136954446 0 5.5148937e-12
410742973.0 1.0 1797.9322967761489 1 0.99999976
449934617.0 0.0 1796.8905051640686 0 0.00026753204
101302325.0 0.0 1798.8497239968742 3 0.001401724
308876826.0 0.0 1812.3693116566433 0 3.317039e-05
275713133.0 1.0 1796.7433983660226 1 0.9999989
338992133.0 1.0 1798.6175272181988 1 0.9999997
395736802.0 0.0 1808.8474338594515 0 4.5997837e-07
367859029.0 1.0 1805.3883552676443 1 0.997088
34552734.0 1.0 1796.6206170337064 1 0.99997896
250477601.0 1.0 1797.4528277292304 1 0.9999903
433970898.0 1.0 1799.0550622313137 1 0.99999994
403688930.0 0.0 1808.848627115466 0 6.6079614e-05
416093819.0 0.0 1805.286738944658 0 0.00012684186
272625675.0 0.0 1812.3470192079687 0 3.0633925e-07
240854578.0 1.0 1798.4526492989341 1 1.0
265191251.0 1.0 1796.034637490587 1 0.9999672
353003546.0 1.0 1796.7433283349812 1 0.9999998
275858205.0 1.0 1799.1392384620353 1 0.9999938
237288865.0 0.0 1808.8871659724007 0 1.934751e-08
12825000.0 0.0 1809.0562930352114 0 6.374919e-06
247003756.0 1.0 1811.0786504386358 1 1.0
219885946.0 0.0 1808.9692086952637 0 0.0003169224
198457457.0 0.0 1799.0097689217127 3 2.4260077e-35
238795688.0 1.0 1806.0782886320887 1 0.9999995
395693038.0 0.0 1812.7224928398389 0 0.0016111142
422563617.0 1.0 1795.159258734531 1 1.0
117114448.0 1.0 1796.6615321530612 1 0.99999917
65489669.0 1.0 1811.2243960714675 1 0.9999984
422607630.0 0.0 1793.4092964744439 0 1.716283e-08
375852951.0 1.0 1806.17964322721 1 0.9999991
229461186.0 0.0 1800.7404732931852 3 2.3869653e-28
356786271.0 1.0 1805.4490807680138 1 0.9999999
279265624.0 0.0 1799.0974392763235 2 0.0003493498
201112408.0 0.0 1809.1829458917205 0 4.79164e-05
366487403.0 1.0 1805.7618691143293 1 0.99999964
317773938.0 0.0 1793.409263100264 0 5.1549684e-08
139463395.0 1.0 1797.2452239823747 1 0.9999976
46616950.0 1.0 1794.9954991559237 1 0.99998057
311706812.0 1.0 1797.0355439124326 1 0.9999985
400535190.0 0.0 1809.2023137648387 0 9.291223e-08
444460341.0 0.0 1805.535021393391 0 4.8894964e-07
251458145.0 0.0 1805.2026762604896 0 8.598242e-06
21228448.0 1.0 1798.3434886570462 1 1.0
198457457.0 0.0 1805.0514071511252 3 1.7556845e-37
274986334.0 0.0 1805.2012512903361 0 0.00021493877
396446258.0 0.0 1805.2431332945798 0 0.00019178429
398284092.0 1.0 1810.6379720916989 1 0.9999948
192417130.0 1.0 1796.140847278298 1 1.0
354257885.0 0.0 1800.1404763889757 0 8.049616e-08
422429717.0 0.0 1805.2415428844329 0 1.797393e-09
368920666.0 1.0 1795.0349679013264 1 0.9999931
63401276.0 1.0 1799.1411804793809 1 1.0
184739277.0 0.0 1804.1410196773932 3 2.5623714e-15
77357782.0 1.0 1799.0371139141741 1 0.9999989
229594752.0 0.0 1805.2199088521668 0 1.6010868e-05
379480669.0 1.0 1810.1602136226363 1 1.0
355821222.0 1.0 1799.181995065648 1 0.99999046
427449552.0 1.0 1796.9299838989068 1 0.9999999
385553813.0 1.0 1794.9329608470805 1 0.99940366
319844277.0 1.0 1806.389416031048 1 0.9999599
456130400.0 0.0 1809.1827278831358 3 1.8595498e-23
186595806.0 0.0 1796.5578123341973 3 1.2819383e-07
230131062.0 0.0 1805.1984682835612 0 3.1004538e-06
116497645.0 0.0 1793.3280863271577 0 2.6012831e-08
387831439.0 1.0 1805.3039114539113 1 0.9999997
219797699.0 0.0 1808.9477904915727 0 0.001076086
283132719.0 0.0 1805.722426416668 0 2.8651255e-06
288603421.0 1.0 1805.3035245994952 1 0.99999994
1981434198.0 0.0 1798.1999218902863 3 8.920279e-31
359495272.0 0.0 1805.5934458938852 2 1.4096927e-06
417643330.0 0.0 1793.324983386505 0 6.140049e-05
237202531.0 0.0 1796.595146276106 2 1.0108291e-07
331391192.0 1.0 1793.285835397437 1 0.9999987
432020324.0 1.0 1810.5159449110874 1 0.9999999
366105371.0 1.0 1798.7850861281877 1 0.99999064
424461577.0 0.0 1799.9898401005387 3 1.5875295e-34
399895019.0 1.0 1806.3261511813807 1 0.9997219
279983207.0 1.0 1794.9700721254503 1 0.9999994
353993388.0 1.0 1797.197597123724 1 1.0
329289997.0 1.0 1811.134634943125 1 1.0
410614931.0 0.0 1805.2236455685847 0 2.2548654e-07
11434359.0 1.0 1798.4732043688073 1 1.0
441727298.0 1.0 1810.803282365453 1 0.999998
53963002.0 1.0 1810.2020523144317 1 0.9999896
245583260.0 0.0 1796.8278241044966 0 0.0003161058
10499438.0 1.0 1798.9104207726223 1 0.9999978
230001393.0 0.0 1808.865101329089 0 0.00015723614
428118911.0 1.0 1796.849056168361 1 0.9999988
396195602.0 0.0 1793.4094525527703 0 2.6196867e-06
28869820.0 0.0 1800.1414021654525 0 1.3212765e-05
348223748.0 1.0 1796.0982995777374 1 0.9999737
405479774.0 1.0 1797.1622102461424 1 0.9999975
275142750.0 1.0 1799.8888136924613 1 0.99999976
252119144.0 1.0 1797.6189379850216 1 0.99999994
370855562.0 1.0 1795.6191465551292 1 1.0
285091042.0 1.0 1797.890535573891 1 1.0
54269985.0 0.0 1796.6394934729524 0 0.0001655972
192692806.0 1.0 1797.120113292411 1 1.0
408094673.0 1.0 1793.9711749471644 1 0.9999996
445341864.0 0.0 1799.5356270916927 2 1.9190358e-08
374787265.0 1.0 1798.4733462679378 1 0.99999946
53963493.0 0.0 1793.1396761354613 0 6.476171e-08
250555759.0 0.0 1796.7447276700725 2 1.6859305e-08
292728399.0 0.0 1812.3489014524378 0 2.1273866e-07
346788833.0 0.0 1805.2036871527787 0 5.8385285e-05
63781753.0 0.0 1805.5785654121598 0 7.539538e-05
375087015.0 1.0 1798.931669582751 1 0.99990857
269912856.0 0.0 1805.2038741434894 0 0.000114468654
129685635.0 1.0 1793.91182565412 1 0.9996734
238342999.0 1.0 1810.7870749759031 1 1.0
407156046.0 0.0 1805.4722486219518 2 5.616613e-19
353778327.0 1.0 1796.7810167116857 1 1.0
279893616.0 1.0 1806.1593167700414 1 0.99999845
417766157.0 1.0 1795.2216525793465 1 0.9999937
252134961.0 0.0 1793.1399709443012 0 2.6226863e-07
434626013.0 0.0 1812.700727910685 0 0.0001564444
389407516.0 1.0 1806.4314126856864 1 0.99999774
343326607.0 1.0 1797.0329460960522 1 1.0
177883592.0 1.0 1796.5161964796446 1 0.9999999
332253771.0 1.0 1797.3480911620015 1 0.99999154
233738261.0 0.0 1793.4067902080797 0 1.08603246e-07
235979153.0 0.0 1793.1371864630403 0 0.0002538418
289581233.0 1.0 1805.9477006641375 1 0.9999961
233633697.0 1.0 1810.9690421851997 1 0.99999887
283336414.0 1.0 1797.0560921650906 1 1.0
13522361.0 0.0 1805.3064493588636 0 1.8182733e-05
65749395.0 0.0 1808.9325257778185 0 0.00014790685
396713719.0 0.0 1804.6180767249182 3 7.319164e-18
403877209.0 1.0 1796.9314170504936 1 0.9999907
398337224.0 1.0 1798.2207111942214 1 0.9999999
279923797.0 1.0 1805.471790750777 1 0.9986535
441741547.0 1.0 1797.0113131530973 1 0.99539524
428606311.0 1.0 1797.472200722201 1 0.9982436
13351941.0 0.0 1796.6607002678163 3 2.6756957e-33
415963377.0 1.0 1793.5991337518535 1 0.99999726
229968202.0 0.0 1805.2193722257634 0 3.1712716e-08
236715367.0 1.0 1794.3013372031673 1 0.9999999
14114615.0 0.0 1808.9522956689002 0 2.2413284e-05
264992244.0 1.0 1797.263432102374 1 0.99997765
317467699.0 1.0 1810.1590599662381 1 0.9999959
359588943.0 1.0 1797.2604344351967 1 0.99999994
34619582.0 1.0 1806.391409833159 1 0.9999999
286318509.0 1.0 1794.9537205177141 1 0.99999994
241046656.0 0.0 1793.1403933029608 0 5.8290345e-07
264990086.0 0.0 1812.3465579348706 0 1.13109934e-07
251153933.0 1.0 1794.9528070446713 1 0.9999987
200873044.0 0.0 1793.141020972804 0 7.478281e-05
376295810.0 0.0 1812.5143526692443 0 0.00029396417
312464164.0 0.0 1812.7018820120263 0 1.3044191e-09
445601827.0 0.0 1805.4110228815357 2 1.4080371e-09
301734237.0 0.0 1812.3487775463664 0 1.6947755e-05
349294422.0 0.0 1797.974693838482 3 2.1947947e-06
418374277.0 1.0 1811.180121176787 1 1.0
352931836.0 0.0 1797.5973222964058 2 5.6418763e-08
347561614.0 0.0 1796.6409487589804 0 0.0003648107
192290461.0 1.0 1810.5991895774598 1 0.99994564
352113276.0 0.0 1812.347212015307 0 0.0003638035
356917353.0 0.0 1797.093585200379 2 1.0702187e-12
357526213.0 1.0 1810.2389162720426 1 0.9999844
309053181.0 1.0 1794.0360764593586 1 0.99982554
372054422.0 0.0 1812.3668148293802 0 6.912834e-07
369994518.0 1.0 1793.3272823346529 1 1.0
396240458.0 1.0 1798.5557614313652 1 0.9999995
422609857.0 1.0 1796.7218365997753 1 0.9999735
366329599.0 0.0 1812.387684830829 0 3.0572572e-10
366517287.0 1.0 1805.6580663911523 1 0.9999938
192933930.0 0.0 1805.2034034223743 0 0.00027175067
259003723.0 1.0 1805.74063583364 1 0.9999998
90664557.0 0.0 1805.578815901815 0 0.00010461468
354595192.0 1.0 1799.2435545578708 1 1.0
192376694.0 0.0 1805.2867094854112 0 4.9630456e-05
54790697.0 1.0 1799.3687986215998 1 0.999948
317467777.0 1.0 1795.5132152469885 1 0.99999964
326857449.0 1.0 1797.5988613092704 1 0.9999999
229507255.0 0.0 1808.8446434997493 0 9.570263e-07
403921372.0 1.0 1811.326742934725 1 1.0
396388576.0 0.0 1808.9101161205272 0 0.00016220812
327294119.0 1.0 1799.5572455572553 1 1.0
264403496.0 1.0 1797.0959228223303 1 0.9999739
232618473.0 1.0 1797.926682114374 1 0.982198
229958707.0 1.0 1794.2402975832522 1 1.0
444532964.0 1.0 1806.2229592389967 1 1.0
251835872.0 1.0 1796.8484357752259 1 0.9999998
357827252.0 1.0 1810.639554899992 1 0.99999624
279872031.0 0.0 1796.9095538994427 0 2.418098e-05
394128479.0 0.0 1797.6994165054234 0 1.8079619e-06
428112325.0 0.0 1812.3488839732777 0 5.8698475e-05
453162411.0 0.0 1805.764447298546 0 4.4238786e-06
368610846.0 0.0 1806.34724573726 2 9.203156e-06
202898725.0 0.0 1796.8907107861478 0 6.032943e-06
356199531.0 0.0 1809.0721107487589 0 5.785871e-11
268428145.0 1.0 1793.1788309538738 1 1.0
90689531.0 1.0 1793.2869715954419 1 0.99993044
198280388.0 0.0 1807.6974219888673 3 2.3581739e-37
117523433.0 1.0 1796.1196477192716 1 0.9999961
406704112.0 1.0 1793.6186129794237 1 1.0
445369659.0 1.0 1800.202259933823 1 0.9999999
401079326.0 0.0 1812.3489118119076 0 5.9408936e-09
241072521.0 1.0 1798.1193703088595 1 0.9999996
139580552.0 1.0 1793.7035259178024 1 0.9999999
21000780.0 1.0 1797.6204887888143 1 0.9999993
65643891.0 0.0 1793.1407009502466 0 0.0014292792
101097682.0 0.0 1809.2663415775403 0 0.00022079615
90569440.0 0.0 1809.1204906526968 0 0.000284071
403520745.0 0.0 1808.8483934915275 0 0.00013129895
399739182.0 0.0 1796.8880533405468 2 1.33662005e-11
252109289.0 1.0 1794.556643296662 1 1.0
445567121.0 1.0 1796.0777080731693 1 0.99999994
280321964.0 0.0 1801.4309475460602 3 9.267398e-09
236712642.0 0.0 1805.1973904536674 0 3.3401602e-06
229798877.0 1.0 1798.365610055406 1 1.0
433977596.0 0.0 1812.3672581178057 0 0.00010303156
367453933.0 1.0 1793.5755497088307 1 0.99999934
319846728.0 0.0 1805.5144083069201 0 7.674369e-07
399626757.0 1.0 1796.556127811212 1 0.9999974
21227811.0 1.0 1797.926756999519 1 0.999966
279440979.0 1.0 1797.8684110617762 1 0.99999326
444081066.0 1.0 1797.8277966488085 1 0.999976
117175528.0 0.0 1795.494628677863 3 9.007458e-27
385149848.0 1.0 1810.6826009373215 1 0.9999997
269715378.0 0.0 1793.4096993960966 0 4.0804347e-09
230082206.0 0.0 1796.677267279185 0 4.349267e-06
85489941.0 1.0 1805.8079820748137 1 0.99999964
348677323.0 1.0 1805.4111588706414 1 0.9993556
389959982.0 0.0 1811.5307499491378 2 2.6250951e-10
269665710.0 1.0 1811.553278466073 1 0.9999924
21024419.0 1.0 1797.1205536801754 1 0.99999964
301641075.0 1.0 1805.8907236658006 1 0.9988773
445288344.0 1.0 1795.910509380457 1 0.99999934
333956880.0 1.0 1806.0540297766706 1 1.0
263968694.0 0.0 1802.2828251705312 3 5.564389e-18
431960273.0 1.0 1805.9952258312787 1 0.9999999
422755219.0 1.0 1798.0347333836512 1 0.9999989
194776882.0 1.0 1810.932935689188 1 1.0
444756506.0 0.0 1812.681409553532 0 7.828697e-08
20876588.0 0.0 1798.6200715061195 3 8.657186e-06
334800701.0 1.0 1797.0129935144805 1 0.99681723
301835530.0 1.0 1797.5154370217736 1 0.9999997
83800829.0 0.0 1805.243138061564 0 1.15135975e-07
365885357.0 1.0 1810.8052622025696 1 0.99999547
374391608.0 1.0 1796.7231871963972 1 0.99905074
129980879.0 1.0 1794.7243783863119 1 0.9999999
426082924.0 1.0 1796.4094066052496 1 0.9999976
274802651.0 0.0 1812.3468738073095 0 8.420969e-06
280129025.0 1.0 1798.2016238938077 1 0.99997354
245640560.0 1.0 1800.223627066579 1 0.99997985
408196356.0 1.0 1797.5370501912935 1 0.9999906
444079028.0 0.0 1812.3486666613016 0 1.29905175e-05
82563428.0 1.0 1810.9940852947009 1 0.9999988
229483119.0 1.0 1798.5114461572675 1 1.0
264922559.0 0.0 1805.202782240937 0 8.2366205e-05
12830328.0 1.0 1796.66049639516 1 1.0
356978310.0 1.0 1798.510253030146 1 1.0
435446518.0 0.0 1796.909432446528 0 0.0001879488
198392180.0 1.0 1811.5305028286848 1 1.0
366675642.0 1.0 1794.846271392136 1 0.9999544
198182380.0 1.0 1806.2184126757784 1 1.0
241013115.0 1.0 1796.4528667131017 1 0.9999998
433283920.0 1.0 1798.5995548243188 1 0.99999404
436871835.0 0.0 1808.9121595808806 0 0.0032378265
83810074.0 1.0 1795.4100262652248 1 1.0
245499965.0 0.0 1793.4318269872094 2 7.4195655e-10
251297451.0 1.0 1794.8693468519623 1 0.9999955
219852181.0 0.0 1808.885576087931 0 7.572083e-06
353488648.0 0.0 1812.5353680101198 0 1.7061246e-06
356199531.0 1.0 1798.9055568125843 1 0.9900021
230121756.0 0.0 1805.1982951772964 0 1.02630096e-07
402442745.0 0.0 1808.8449876927034 0 3.7559496e-06
298730256.0 1.0 1798.9687302874552 1 0.9999976
302467487.0 1.0 1805.2657209904683 1 1.0
117031206.0 1.0 1798.6197093094893 1 1.0
445187894.0 0.0 1809.202065776339 0 5.9137737e-06
372259885.0 0.0 1808.846115210864 0 9.796993e-06
117408426.0 1.0 1806.1196841291373 1 1.0
229509726.0 1.0 1798.949135749691 1 1.0
433791577.0 1.0 1798.6800169116402 1 1.0
67514724.0 1.0 1798.8910423710242 1 0.9999993
408358699.0 1.0 1797.0961264365053 1 0.9999999
184736957.0 1.0 1811.3282397680796 1 0.9999854
358901093.0 1.0 1797.8676944333704 1 1.0
83426957.0 0.0 1793.4098661821827 0 5.845613e-08
348138277.0 1.0 1806.3484948386315 1 0.99999994
250688116.0 0.0 1808.8694780287647 0 0.0009030092
117172450.0 1.0 1811.307206520857 1 0.99999756
256640561.0 0.0 1794.0336289182515 3 8.82701e-19
11997859.0 1.0 1799.5562817653272 1 1.0
410620748.0 1.0 1810.4529328225876 1 1.0
238802637.0 1.0 1793.724265417934 1 1.0
406854936.0 1.0 1811.5529818579562 1 0.9999977
421110675.0 0.0 1807.6809551397685 3 2.988167e-33
320188124.0 1.0 1797.2020424073576 1 0.9999944
229749398.0 0.0 1812.9485564624954 0 9.120258e-07
13526584.0 1.0 1796.4106298728314 1 0.9999995
256434290.0 1.0 1793.4295148414083 1 1.0
374691551.0 0.0 1805.2444569619076 0 2.074232e-05
401088630.0 0.0 1796.8900408121194 0 0.00012171226
400251883.0 0.0 1805.722188969861 2 2.6849223e-06
316552132.0 0.0 1796.8254430868774 0 4.8275483e-06
326210250.0 1.0 1794.6154131716794 1 0.9999997
264805538.0 1.0 1805.8902956599895 1 0.9999995
357888118.0 1.0 1797.160027880011 1 0.9999816
400254698.0 0.0 1793.409769814081 0 2.6363371e-12
219897631.0 0.0 1797.9902069725895 2 3.0254688e-07
278774659.0 1.0 1800.034874348552 1 0.9999998
35085306.0 1.0 1798.4747954709321 1 0.9999945
331605852.0 1.0 1794.973080012887 1 0.9999999
245465143.0 0.0 1796.8277084260023 0 4.7810598e-05
353935927.0 1.0 1799.8018769978557 1 0.999991
13026243.0 1.0 1810.4923713843132 1 0.9999973
441724916.0 1.0 1794.7610644137644 1 0.99999887
229409434.0 1.0 1796.7404635396786 1 1.0
186912006.0 0.0 1812.6824908427702 0 5.8868267e-05
233060062.0 1.0 1805.4480117245475 1 0.9999944
444524949.0 1.0 1806.3478479805378 1 0.9999999
367095972.0 0.0 1805.2005248373355 0 2.3886512e-06
431767614.0 0.0 1808.84933889507 0 0.0026647144
312678943.0 0.0 1809.1813503080973 0 2.2528628e-09
445276947.0 1.0 1796.4940478194053 1 1.0
317777850.0 1.0 1794.284073932157 1 0.9999816
292399533.0 0.0 1808.869821428426 0 0.0001733095
285278902.0 0.0 1805.203696601449 0 0.00014078157
198186748.0 1.0 1811.3851655195026 1 0.99999774
229767084.0 0.0 1808.8860865509264 0 2.1229343e-09
331714637.0 0.0 1809.1606869934624 0 2.5448902e-05
104151925.0 0.0 1812.55731185992 0 7.40286e-06
421110675.0 0.0 1797.1393859497243 3 0.0
116755759.0 0.0 1805.2032668320605 0 0.00035997987
347305741.0 1.0 1794.618517607907 1 1.0
269039656.0 0.0 1812.3675457642914 0 5.461883e-12
192734732.0 0.0 1812.4116379054542 0 0.000113980794
444144314.0 1.0 1805.5570584573297 1 0.9999947
353607934.0 1.0 1797.743687890997 1 0.9999985
369144280.0 1.0 1798.3683782785163 1 1.0
229594701.0 1.0 1805.6157372176326 1 0.99999994
83425443.0 0.0 1805.2431395869576 0 3.1346055e-06
354404238.0 0.0 1808.8486453705602 0 3.02462e-05
406681219.0 1.0 1796.138498523633 1 0.9999995
354799106.0 0.0 1795.7863447084023 2 8.36913e-06
285605065.0 1.0 1811.4516528850354 1 0.99997425
399788405.0 0.0 1797.4271375686483 3 1.7280924e-26
126096578.0 0.0 1794.2871510570449 2 0.019185955
418698185.0 0.0 1793.4100068320324 0 5.7149962e-11
441734144.0 0.0 1800.8239429702344 3 1.6091204e-25
104196730.0 1.0 1796.6197998544988 1 0.9999983
240930239.0 0.0 1808.8899305094687 0 1.3508884e-05
375651200.0 1.0 1805.9921089801971 1 0.9999993
12867182.0 0.0 1812.3464596031852 0 8.271954e-05
387808343.0 1.0 1796.0957243831353 1 0.99994975
445286253.0 0.0 1812.8060952547257 0 6.794546e-06
376372602.0 1.0 1796.8048724158486 1 1.0
285579244.0 1.0 1798.3685882465388 1 1.0
320502307.0 1.0 1799.4474674769078 1 0.12362672
423034236.0 1.0 1796.0151758707782 1 1.0
53015872.0 1.0 1810.389291604375 1 0.9999938
436845575.0 1.0 1810.5995483191161 1 0.99997604
336122651.0 1.0 1794.0332632248997 1 0.99999976
353018022.0 1.0 1799.4310259980393 1 1.0
232634196.0 0.0 1798.9058436730404 3 3.5027234e-21
285178066.0 0.0 1796.6412103720018 0 0.00026260564
292817245.0 1.0 1796.0366358303036 1 1.0
423031237.0 1.0 1795.7444266436853 1 0.9999959
396323026.0 0.0 1808.9723926969455 0 8.198036e-05
139535572.0 0.0 1805.4953187359151 0 8.6804066e-05
369035535.0 1.0 1793.993468304986 1 0.99999917
326914072.0 0.0 1796.6406020906277 0 9.0239496e-08
201261968.0 0.0 1805.266149237394 0 0.00013715452
376925413.0 1.0 1811.3659598909262 1 0.9999809
428526514.0 1.0 1793.5143230438905 1 0.9999994
396267528.0 0.0 1797.8474384751628 0 0.00018678416
368231565.0 0.0 1796.9096449124288 0 0.0020869283
28673722.0 0.0 1809.0572851366471 0 0.00012666285
396486931.0 0.0 1795.304801043897 3 4.100079e-24
251278457.0 1.0 1805.8071211436193 1 0.9999999
129912235.0 1.0 1794.703495560002 1 0.9999694
307116166.0 1.0 1799.494130715466 1 1.0
424391542.0 1.0 1797.5325031058592 1 0.9999949
327258368.0 0.0 1808.8694878265142 0 1.5276364e-05
249916950.0 1.0 1810.3906071359568 1 0.99999994
445608162.0 0.0 1812.3694511097463 0 2.8995103e-07
118300110.0 1.0 1810.1619136553325 1 1.0
367335906.0 1.0 1797.9088053749342 1 0.9962668
354926863.0 0.0 1797.2019250702795 3 1.479957e-16
22815944.0 0.0 1805.2038464490208 0 0.00017187037
359130292.0 0.0 1796.9099140490928 0 6.9163376e-05
441722040.0 0.0 1805.1986076251637 0 7.892951e-05
343563499.0 1.0 1793.8663807565085 1 0.99999654
192797897.0 0.0 1796.6409714050544 0 0.00019914763
366782092.0 1.0 1806.3045891137294 1 1.0
250580727.0 0.0 1805.2237086241364 0 1.0638406e-06
366555356.0 0.0 1812.3461167684618 0 0.00049707276
417607351.0 1.0 1811.1788739382218 1 1.0
400197592.0 1.0 1799.5349097168846 1 0.9999999
445288344.0 0.0 1809.2228216287212 0 5.8800547e-06
348607837.0 1.0 1799.6818450320554 1 1.0
444358462.0 1.0 1796.7017714248575 1 0.9999989
252829817.0 1.0 1798.932329229543 1 0.9999999
250803662.0 1.0 1797.8278895332112 1 1.0
285230292.0 1.0 1798.7019760120359 1 1.0
352283255.0 0.0 1810.5973231945347 2 8.076408e-15
11147573.0 1.0 1796.1396989827917 1 0.99999595
309236496.0 0.0 1796.6402779446514 0 0.00018458768
400438131.0 0.0 1809.1607059178982 0 2.277241e-07
49849463.0 1.0 1795.0771814116974 1 0.9999926
423928432.0 1.0 1811.2619397257008 1 0.9999999
280468723.0 1.0 1796.139404969422 1 0.99898356
65568119.0 0.0 1800.1407788169752 0 1.9690926e-06
434633415.0 1.0 1796.7635673635073 1 0.99998546
377202392.0 1.0 1799.6173556619183 1 0.9999999
366871747.0 0.0 1798.2837300123706 2 3.6145433e-15
368679823.0 0.0 1793.40995368471 0 1.6394613e-11
374830280.0 0.0 1805.2858127297593 0 2.8455142e-06
249830707.0 0.0 1812.3487211552624 0 9.000919e-05
256457534.0 1.0 1798.095001580623 1 1.0
28909637.0 0.0 1800.1414438299998 0 5.108076e-08
265430185.0 1.0 1796.0761583403214 1 1.0
269697721.0 0.0 1797.6994736680344 3 1.2523814e-25
177993560.0 1.0 1797.4952054204066 1 0.999999
399788405.0 0.0 1812.5102409094761 3 4.0597765e-28
370269511.0 1.0 1795.4316795647726 1 1.0
395525198.0 0.0 1812.367910040383 0 2.1245402e-05
229640571.0 0.0 1808.8656833878833 0 0.00042478475
241025429.0 1.0 1799.5777818610402 1 0.9999999
241013310.0 0.0 1810.827578440068 3 1.3907071e-20
265385975.0 1.0 1800.6194463689394 1 0.9999978
301417517.0 0.0 1805.2445537836338 0 2.1867846e-08
12643088.0 1.0 1795.6190289808733 1 0.9999504
435263915.0 0.0 1810.6800024053282 2 5.747646e-07
240780577.0 1.0 1796.4107706511913 1 1.0
366471232.0 0.0 1812.3877246138068 0 9.401137e-07
250714920.0 1.0 1811.3279665129592 1 0.9999993
288241123.0 0.0 1797.6992545976123 0 4.1664116e-08
287150450.0 1.0 1795.7185573834172 1 1.0
284721995.0 0.0 1811.5142567248738 2 8.0532014e-10
117624488.0 1.0 1810.9323224248149 1 1.0
186719381.0 1.0 1810.161971723897 1 0.99999857
347426813.0 0.0 1808.9951522848198 0 0.000113511785
137122809.0 1.0 1811.3474470678082 1 0.9999954
354398282.0 1.0 1794.3488119248857 1 0.99999934
196949615.0 1.0 1797.973818215583 1 1.0
104026376.0 1.0 1806.2863725316784 1 0.99999386
240855261.0 1.0 1810.1607362341301 1 0.9999988
52856454.0 1.0 1794.4937977888762 1 0.9813049
418034300.0 0.0 1793.1409352232733 0 0.00010858832
264296742.0 1.0 1795.450050857495 1 1.0
65160165.0 0.0 1809.0992478808905 0 0.00030876903
268377432.0 0.0 1808.8665193289394 0 4.671862e-05
229775786.0 0.0 1805.2405731663973 0 9.968299e-11
354255296.0 0.0 1795.807061382715 2 5.2634754e-11
272539879.0 0.0 1807.5346972134273 3 3.2771324e-05
265472792.0 1.0 1798.6192917688113 1 0.99999994
50044375.0 1.0 1794.4314179377093 1 0.99999857
427511059.0 1.0 1798.24254815172 1 0.9998908
354118916.0 0.0 1812.3668250729809 0 3.5747727e-10
269928718.0 1.0 1797.5137856808685 1 0.98264647
402205653.0 1.0 1795.3701105664913 1 0.9999911
338927884.0 1.0 1797.7008258449234 1 0.9999998
230021550.0 1.0 1796.2405127608054 1 0.9999805
326819671.0 0.0 1808.847283705248 0 8.3413826e-05
219799660.0 1.0 1810.2604032820766 1 0.99999917
49856118.0 0.0 1808.9105993785531 0 5.753236e-05
256871703.0 1.0 1795.9075685575697 1 0.99999994
427335936.0 1.0 1798.2425889015692 1 1.0
406517945.0 1.0 1811.3457807791922 1 0.9999999
331546403.0 0.0 1805.2002852963374 0 0.00016002251
229943691.0 1.0 1805.7192625217867 1 0.99999964
423038170.0 0.0 1812.3692727977304 0 2.6618418e-06
376110341.0 1.0 1793.7006101173445 1 0.9999999
285428044.0 1.0 1793.2871816078027 1 0.9999957
353605798.0 0.0 1794.347715475092 0 0.00022535896
374691551.0 1.0 1793.2027864449688 1 0.9999999
265191346.0 0.0 1809.0760211525703 0 4.39186e-05
28834711.0 0.0 1812.8288766871487 0 0.00044582173
353175462.0 0.0 1797.8476849849117 0 3.3655152e-07
452939536.0 1.0 1797.5978784947076 1 0.9999966
129979528.0 0.0 1793.8494568416602 3 0.0012382843
333801983.0 1.0 1794.92894657737 1 1.0
390172232.0 0.0 1805.5564000053325 0 6.0515566e-07
455961151.0 1.0 1795.8258268825089 1 1.0
126063387.0 0.0 1793.8912336491946 2 0.035703544
61000856.0 0.0 1812.7661251907884 0 2.681013e-06
312254981.0 1.0 1810.4935382098838 1 0.9982502
264728694.0 0.0 1808.8693539353876 0 1.1926224e-06
73623351.0 1.0 1797.3912297219003 1 0.9999999
352175100.0 0.0 1805.2193571556754 0 6.290151e-08
219109908.0 0.0 1809.1152692086239 3 4.7451634e-36
279779102.0 0.0 1797.1179869319321 2 0.0070073847
84059267.0 0.0 1805.2015488874424 0 9.89086e-07
306188113.0 1.0 1811.3688436413536 1 0.9996645
184733749.0 0.0 1811.078361173487 2 9.682379e-11
389985069.0 0.0 1805.5563358444147 0 7.2519776e-07
275689069.0 0.0 1797.615327188684 2 3.5927656e-09
139432465.0 1.0 1798.6620263191369 1 0.9999698
149999431.0 1.0 1810.2664416064226 1 0.9999992
229593136.0 1.0 1799.6779924296668 1 0.9999526
381656536.0 1.0 1794.2868132236172 1 0.9999927
194618998.0 1.0 1799.0160203171715 1 1.0
71980235.0 0.0 1808.8692303215353 0 5.6941354e-07
229912659.0 1.0 1796.802940072263 1 0.99999964
251657793.0 1.0 1806.431893335684 1 0.99999964
229782870.0 1.0 1798.1987391420394 1 0.9999928
372342313.0 1.0 1798.3670807968883 1 0.9999721
374483367.0 0.0 1808.8693116442848 0 0.00019700913
347426057.0 0.0 1805.2035131281916 0 0.00010872115
441739153.0 0.0 1811.5528260243298 3 5.391323e-24
65568119.0 1.0 1794.848984591435 1 0.99999624
139372942.0 0.0 1793.6619437882414 2 0.010619545
444487873.0 1.0 1797.0559656762905 1 1.0
129869843.0 1.0 1794.6203438458865 1 0.99997556
286328028.0 0.0 1794.4105538143679 2 2.1323887e-10
359676320.0 0.0 1794.302363550774 3 5.665914e-08
312470626.0 0.0 1793.2440040976262 2 1.993173e-15
14036467.0 1.0 1797.9316320811972 1 0.99999917
250747097.0 1.0 1797.953133233208 1 0.9996037
186627861.0 1.0 1810.9744973500112 1 1.0
445348455.0 0.0 1796.702424143811 0 3.0246343e-05
385444288.0 0.0 1796.8048912726817 0 0.0017108326
370511668.0 0.0 1805.5150043387607 0 1.6283142e-05
376368735.0 0.0 1805.2005626477685 0 9.907989e-10
305047748.0 1.0 1810.3480126289696 1 1.0
77323774.0 1.0 1798.6204449005575 1 0.99993473
237281392.0 0.0 1805.241295073996 0 0.000515982
240897127.0 0.0 1793.286003151242 0 1.1066486e-10
29700236.0 1.0 1800.3081297348035 1 0.99999994
274842485.0 1.0 1795.5968431284816 1 0.99968
372113117.0 0.0 1808.8484722930655 0 2.2970844e-06
396575419.0 1.0 1798.9951330778415 1 0.99999756
116058716.0 1.0 1799.5363762143447 1 0.9999996
351543860.0 0.0 1806.20160897056 2 7.2661884e-20
321595317.0 1.0 1799.6792129905482 1 1.0
192735487.0 0.0 1793.890670259805 2 4.9372435e-08
186596283.0 1.0 1797.2453421456187 1 0.9999992
297777946.0 1.0 1797.93111046005 1 1.0
387681619.0 1.0 1796.7623498071735 1 0.999995
104198361.0 0.0 1808.9533165034925 0 0.000277568
233612467.0 0.0 1812.3649203592267 0 2.9400821e-06
418257102.0 0.0 1794.9918155912292 3 3.192273e-13
403584089.0 1.0 1795.4108055303054 1 0.999997
436882696.0 1.0 1797.516490058611 1 0.9999991
116497448.0 0.0 1808.8490784859962 0 8.343038e-05
428526894.0 0.0 1809.2641916931343 0 1.6052638e-05
299439376.0 1.0 1795.0779653710706 1 0.9999999
10871928.0 1.0 1794.5981388251514 1 0.99774456
67662362.0 1.0 1795.5160213138997 1 1.0
219812409.0 0.0 1805.281160956854 0 9.107221e-06
309142167.0 1.0 1799.0777089610103 1 0.9999867
348133389.0 0.0 1799.5777716273467 2 0.0024835651
238744310.0 1.0 1798.8282616272559 1 0.99999976
272781956.0 0.0 1808.5731614468784 3 1.688817e-31
356199531.0 0.0 1805.4263135985705 0 9.5602675e-12
286481774.0 1.0 1798.2647683686246 1 0.99999815
387353320.0 1.0 1805.6163686567731 1 0.9999995
367862410.0 0.0 1812.346721208103 0 2.5169217e-07
369352998.0 0.0 1812.4309489542436 0 0.0001429824
395693664.0 0.0 1812.3474606096472 0 1.0418947e-05
82163508.0 1.0 1796.764884039909 1 0.99999946
348765189.0 1.0 1795.1203925490033 1 0.9999657
308784753.0 1.0 1796.8902938639837 1 0.99999994
367753856.0 1.0 1805.3242388372425 1 0.8687539
245377365.0 0.0 1812.6611365075137 0 8.254763e-06
292853413.0 1.0 1796.8699404821393 1 0.9999999
428302867.0 0.0 1798.1822181958862 2 9.563273e-09
332802664.0 1.0 1796.1400341567542 1 1.0
298601243.0 1.0 1796.8848456376886 1 0.99999887
52950869.0 1.0 1795.7227896432132 1 0.9999135
272538760.0 0.0 1812.3678749524954 0 4.6089186e-05
353726056.0 1.0 1797.7436488500064 1 0.9999999
289724089.0 1.0 1811.2805256327724 1 0.99999726
381656536.0 0.0 1812.6614934121956 0 0.00020560161
10599963.0 1.0 1795.4938355117256 1 0.99999106
65349164.0 0.0 1812.4326519901053 0 0.00010937562
117749777.0 1.0 1795.203141801641 1 1.0
250743820.0 0.0 1793.1405515735214 0 3.3141823e-09
83418907.0 1.0 1805.8265324636623 1 0.99999803
434626115.0 0.0 1793.4094420645615 0 6.846184e-10
322338950.0 1.0 1798.6818467700593 1 0.99999297
308711972.0 0.0 1809.1192526007549 0 2.584004e-05
354130394.0 1.0 1795.5780513801928 1 0.99997264
398019841.0 1.0 1810.5767946820708 1 0.9999982
357036445.0 1.0 1798.0937222834816 1 0.99999845
298599819.0 1.0 1811.2388657445226 1 1.0
319599158.0 1.0 1811.3266858249315 1 0.998642
329351229.0 0.0 1794.4057287280052 0 2.6107197e-10
403335736.0 0.0 1805.556040840071 0 7.1552286e-06
199712573.0 1.0 1799.2596253819672 1 1.0
418035361.0 0.0 1805.30766828631 0 0.00025137226
403394718.0 1.0 1796.8895914916388 1 1.0
251385069.0 0.0 1800.556830803114 0 4.3598706e-07
269697721.0 0.0 1798.3869698376138 3 1.4345391e-15
394050555.0 0.0 1796.6371438736078 0 0.00017186053
441814153.0 1.0 1797.6782732913737 1 0.9999975
353876227.0 0.0 1794.4061565536533 0 2.5145679e-05
224596414.0 1.0 1805.905567657153 1 0.9999818
283935894.0 1.0 1806.2018011026676 1 0.99999976
52348695.0 1.0 1797.6393558326731 1 0.9973097
219759300.0 0.0 1799.4892981420517 2 0.0031650537
321983526.0 0.0 1808.866648492172 0 1.1840836e-05
445356907.0 0.0 1809.2020590887312 0 8.394101e-06
243278225.0 0.0 1812.3649096338088 0 1.8084325e-08
369091821.0 1.0 1806.3889758603036 1 1.0
445530990.0 1.0 1797.8486115330445 1 0.9999988
354157048.0 1.0 1799.4111587892928 1 0.99997014
366976802.0 1.0 1799.450551039378 1 0.99828506
67420315.0 1.0 1798.07846392579 1 0.9999994
50685267.0 1.0 1795.1187369750032 1 1.0
235933717.0 0.0 1794.8246787686323 2 1.1574471e-16
445187532.0 0.0 1809.2020658211222 0 0.0019079311
279608953.0 1.0 1806.1175021860763 1 0.99999875
265348968.0 1.0 1795.617724295326 1 0.9999909
250478299.0 0.0 1808.8694114511868 0 7.760993e-05
292720178.0 1.0 1794.5783319656468 1 1.0
394119708.0 0.0 1794.1992836152285 0 0.0005512315
322386692.0 0.0 1805.241823038448 0 3.2098782e-07
421683849.0 0.0 1812.701806765624 0 6.2999966e-08
399830522.0 1.0 1794.1590750230894 1 0.9998849
436846711.0 0.0 1793.141431149172 0 0.0003262525
256803595.0 1.0 1798.3658985409181 1 1.0
427111429.0 0.0 1805.2207703394645 0 1.7573291e-05
235934693.0 1.0 1806.3038389346118 1 1.0
369825812.0 1.0 1793.93111791648 1 1.0
256716627.0 0.0 1796.8254097528484 0 0.00019501647
265389646.0 0.0 1808.8873292563799 0 8.091208e-08
240911239.0 0.0 1800.9734575819202 3 1.3223428e-35
418981690.0 1.0 1805.9308126317605 1 0.9999978
235673225.0 1.0 1796.1575620658493 1 0.99999994
376996522.0 0.0 1805.7189618812579 2 1.458512e-11
202903398.0 0.0 1793.9742173368704 2 1.6486098e-06
389984657.0 0.0 1809.306313531543 0 1.911342e-05
417643325.0 1.0 1797.3041366613875 1 0.99999976
311830260.0 1.0 1798.8062486158353 1 0.9999979
279983207.0 0.0 1808.8449140017842 0 0.00023468921
326790523.0 1.0 1810.8057049755396 1 0.999999
61000802.0 1.0 1793.9748155999223 1 0.99997437
236995537.0 1.0 1806.0742329659702 1 0.9999997
139378835.0 0.0 1811.1201993096133 3 8.411618e-06
356893432.0 1.0 1797.3645272464153 1 1.0
388530057.0 1.0 1805.4924110008071 1 0.9998959
372269200.0 0.0 1805.2026815293143 0 0.00011713215
394031081.0 1.0 1799.4703943041957 1 0.99999964
186762155.0 1.0 1810.4327922327113 1 0.99999976
256801712.0 1.0 1795.511726290972 1 0.9999961
317034907.0 1.0 1805.390504582595 1 0.9999999
26531554.0 1.0 1795.3703753717934 1 1.0
233095811.0 0.0 1797.1357669611696 2 7.690591e-14
453272088.0 1.0 1794.6817276647419 1 0.99999994
367917461.0 0.0 1805.2009325425777 0 2.5622346e-15
436873913.0 0.0 1798.7456294487847 3 0.00094743894
192596441.0 0.0 1808.995072557494 0 0.00011792326
292723624.0 0.0 1805.5157642414154 0 0.00041655084
352117369.0 1.0 1805.618224888228 1 0.96896636
101169354.0 1.0 1799.6829500173314 1 0.99999845
67767565.0 1.0 1797.6826959607386 1 0.9999997
369908768.0 1.0 1794.744106319868 1 0.999999
453181449.0 0.0 1793.1399199506754 0 2.549265e-10
301831915.0 0.0 1808.8697393920024 0 1.64324e-05
424730641.0 1.0 1797.5311142383011 1 1.0
422517498.0 1.0 1793.9712121958992 1 0.9999999
326734789.0 1.0 1811.0555053591843 1 0.9999997
333732696.0 1.0 1794.3037683147368 1 0.9998862
370427030.0 1.0 1794.035813071825 1 0.9999993
256607833.0 1.0 1797.4316419337724 1 1.0
453234100.0 0.0 1805.2025636036844 0 4.8095853e-06
129756845.0 1.0 1793.5159416335068 1 0.99999994
236002766.0 1.0 1797.8456720410163 1 0.99991006
427547333.0 0.0 1809.1206173358796 0 0.00051526295
441734144.0 0.0 1811.2407495042364 3 1.5652659e-29
139372188.0 0.0 1809.099388175839 0 5.3083994e-07
200792606.0 0.0 1799.9327621645036 3 3.1279437e-10
362257716.0 0.0 1794.1993099927472 0 6.892848e-07
46632988.0 1.0 1795.6830330709145 1 1.0
256581455.0 0.0 1805.2418714015646 0 3.108934e-05
332046053.0 0.0 1805.5564103749132 0 9.3712384e-05
353565609.0 0.0 1810.5976117223317 3 1.5326123e-18
292199646.0 1.0 1806.2656389020742 1 0.9999993
35225377.0 0.0 1805.4747974346797 0 0.00019158599
420538276.0 0.0 1805.4520315302657 0 0.0001818821
415976002.0 0.0 1796.6408745970928 0 0.00020894145
416094367.0 1.0 1798.724184299978 1 0.9999982
229795064.0 1.0 1798.5112282224798 1 1.0
240876637.0 1.0 1794.1818124970273 1 0.99999857
323305362.0 1.0 1805.4087352173078 1 1.0
376680727.0 0.0 1808.867254758853 0 0.00030441704
101408267.0 0.0 1796.6412776716172 0 0.00011825442
331859639.0 0.0 1800.1399944643663 0 0.00027078544
229963796.0 1.0 1795.219652735677 1 0.9999999
433354163.0 1.0 1793.5995043895778 1 1.0
375779290.0 1.0 1798.825532236254 1 0.9999977
293190507.0 1.0 1798.2449804413438 1 0.9999337
259167440.0 1.0 1797.9282010218599 1 0.9999997
394123264.0 1.0 1795.2409607534366 1 1.0
445580861.0 1.0 1795.4941041520592 1 0.9999999
436844413.0 1.0 1796.5372753900306 1 0.9999999
353933946.0 1.0 1800.384942038541 1 0.99999
233193242.0 0.0 1794.198467387428 0 5.8629935e-06
94543505.0 0.0 1793.1411045647571 0 0.00045624026
327091381.0 1.0 1795.2447479186294 1 1.0
367330723.0 1.0 1811.262808369786 1 1.0
229684969.0 1.0 1798.5932817259443 1 0.99993926
445534244.0 1.0 1805.6818736378968 1 0.99999475
292822594.0 0.0 1808.8906790845758 0 4.526058e-05
327603331.0 1.0 1798.1197316554806 1 1.0
101096921.0 1.0 1793.7244198315343 1 0.9999936
408706597.0 1.0 1794.9299839780979 1 0.99999857
229688549.0 0.0 1794.405932598462 0 0.000571083
384814745.0 1.0 1795.098387881756 1 0.9999979
332374073.0 1.0 1797.8066585070678 1 1.0
407026659.0 0.0 1805.201161596684 0 1.7779264e-05
236966496.0 0.0 1793.4077620421112 0 1.0779089e-09
250745089.0 0.0 1805.2239215735783 0 2.980134e-08
258628143.0 1.0 1795.0121405245804 1 0.99999994
335036468.0 0.0 1812.3876802269988 0 8.401389e-11
332812687.0 0.0 1809.1605177939225 0 1.2537016e-06
250505642.0 1.0 1811.244426597188 1 0.99997777
269106906.0 0.0 1793.4096172469935 0 2.4552716e-11
184680608.0 1.0 1796.4534226242477 1 0.9999559
357036225.0 1.0 1811.156107624307 1 0.9999991
279079545.0 1.0 1796.7642940930637 1 1.0
381688462.0 1.0 1795.9744656850023 1 0.99999994
250563009.0 1.0 1798.932096212559 1 0.9999999
468343249.0 0.0 1808.2635140203438 3 5.01688e-30
406854857.0 0.0 1812.365497073508 0 6.63762e-06
229400524.0 1.0 1805.4903266970362 1 0.9999996
369145520.0 1.0 1797.972579466236 1 0.9999931
186624610.0 1.0 1794.6409958398563 1 0.9999991
117752754.0 1.0 1798.2656178497639 1 1.0
407425750.0 1.0 1795.8053314408041 1 1.0
235985170.0 0.0 1805.2622723976979 0 0.00043962707
368727681.0 1.0 1797.5558162661837 1 0.9999999
358909502.0 0.0 1808.8466390311773 0 0.00043026454
289589219.0 1.0 1798.572411810544 1 1.0
298662873.0 0.0 1797.9686101237664 0 9.308021e-08
282785712.0 1.0 1805.8890682922477 1 1.0
301838830.0 1.0 1795.1612597780427 1 1.0
348021286.0 0.0 1793.4942488147597 3 2.2506934e-13
407494436.0 1.0 1795.222058397538 1 0.98530376
321546077.0 1.0 1798.3250410946466 1 0.9999999
229650991.0 1.0 1805.4076212888615 1 0.9999937
82397631.0 1.0 1798.0979304193354 1 0.9999997
85524349.0 0.0 1800.1413243549393 0 1.6085954e-05
12396579.0 1.0 1797.139559716782 1 0.99999624
272823545.0 1.0 1794.847376284075 1 0.99999994
327190106.0 0.0 1805.2238261462178 0 6.465285e-07
335795763.0 0.0 1795.783911599046 2 3.076066e-11
11437325.0 0.0 1798.264926135301 3 8.489577e-16
301575691.0 1.0 1811.0364262241026 1 1.0
347484352.0 1.0 1799.6193088588914 1 0.99999994
320497478.0 1.0 1806.1139278773865 1 0.99999803
118297614.0 1.0 1795.2455083135694 1 0.9999988
268724888.0 0.0 1808.8467035251501 0 4.963822e-09
394091364.0 1.0 1798.9912561106696 1 0.99999815
50116364.0 1.0 1811.2648302083885 1 0.99999934
229496857.0 1.0 1794.7406854745268 1 0.9999037
81755546.0 1.0 1811.3481889117 1 0.9999988
422426827.0 0.0 1799.0124834932983 2 3.6194135e-07
202839485.0 0.0 1797.349227953389 3 1.9977104e-05
376640214.0 1.0 1806.0756272347105 1 0.99999136
302682732.0 0.0 1794.347513045005 0 0.0009839976
327140903.0 1.0 1800.3071271221047 1 0.9999999
317006696.0 0.0 1812.3669050278436 0 0.00096173555
397925171.0 1.0 1794.6810305091997 1 0.9999781
241096955.0 1.0 1794.265583965628 1 0.99999857
233528942.0 0.0 1808.8856820759356 0 0.0001267362
230001186.0 0.0 1796.9069856365197 0 4.2414435e-06
445565390.0 1.0 1811.4110041250153 1 0.9999967
255993777.0 0.0 1811.4493977512172 3 0.00025241452
312260442.0 0.0 1799.035417458888 2 4.5642633e-15
301994288.0 0.0 1812.6404691139398 0 5.527331e-08
233057220.0 0.0 1794.4062877490408 0 0.0002360305
269101075.0 0.0 1796.9095071838574 0 6.217115e-09
137964526.0 1.0 1793.5371172812795 1 0.9999994
403692337.0 1.0 1794.2861698520203 1 0.9999962
229583094.0 0.0 1812.3450599740627 0 3.8623925e-06
426449556.0 1.0 1798.3498219036805 1 0.99990714
367009809.0 1.0 1799.4713929089214 1 1.0
399788405.0 0.0 1806.468662606616 3 9.648211e-24
201111651.0 0.0 1809.1829699153488 0 0.0017488035
327092860.0 1.0 1797.0154895537398 1 0.99999934
54464022.0 1.0 1796.8062097492825 1 1.0
71747343.0 1.0 1798.3483327193157 1 1.0
292721975.0 0.0 1805.5158388896014 0 0.00068278424
327007961.0 0.0 1793.1405788702812 0 2.2464901e-07
376880697.0 1.0 1805.5951408076246 1 0.99999976
372194338.0 1.0 1793.411001925716 1 0.9999675
116847243.0 0.0 1812.3490546007856 0 8.2287545e-05
354703135.0 0.0 1808.910464617181 0 0.00014641984
51951685.0 0.0 1809.1601870638187 0 0.001010223
375853698.0 0.0 1812.3878819108838 0 3.3230915e-11
388436487.0 0.0 1800.3047200070748 3 4.936433e-27
280322140.0 0.0 1811.2643734779901 2 3.0576635e-11
252126276.0 0.0 1798.2647212889187 2 7.997626e-20
431891777.0 0.0 1805.286744858322 0 0.0011221402
388581443.0 1.0 1811.0756100770734 1 0.9999997
116367144.0 1.0 1798.9947352326608 1 0.99995637
137057129.0 1.0 1810.7012667216793 1 0.8688272
139371975.0 0.0 1805.4952916889354 0 9.31601e-06
415975234.0 0.0 1805.5158509933851 0 0.00018061482
117531026.0 1.0 1798.8072325681633 1 0.99934936
292470079.0 0.0 1805.4740611800971 0 0.000549387
348234504.0 1.0 1810.7443771976216 1 0.9999851
399692631.0 0.0 1808.8469425499027 0 5.4869504e-13
401324480.0 0.0 1793.3049148359614 0 2.9105304e-06
367188489.0 0.0 1805.221409197096 0 3.9456573e-08
288312840.0 0.0 1793.9490671902308 3 7.3685884e-16
250632049.0 1.0 1794.182285959762 1 0.99904025
256802502.0 0.0 1808.8656577332183 0 1.0299567e-05
410497430.0 1.0 1797.536327077857 1 0.99999607
252127107.0 0.0 1812.68118461715 0 3.7554702e-05
376965007.0 1.0 1806.3673356108409 1 0.9999986
237081441.0 0.0 1798.2203551361738 2 7.853227e-15
292321274.0 1.0 1793.9741225539478 1 0.9999996
452988500.0 1.0 1797.5353446150195 1 1.0
286358203.0 0.0 1809.9536576318667 3 0.0010253502
233208885.0 0.0 1810.385981220166 3 1.9375732e-26
237288639.0 1.0 1796.199644721844 1 0.99999434
270014077.0 1.0 1795.6804274934436 1 0.99999803
232620122.0 0.0 1808.8847643590218 0 1.3898743e-07
373789223.0 0.0 1805.2647583850548 0 1.1135523e-08
354405889.0 1.0 1798.8278664186337 1 0.9997475
366718106.0 1.0 1793.4921207934005 1 0.9999995
308373138.0 0.0 1805.202719482484 0 5.8485868e-05
347943160.0 1.0 1794.8276414419227 1 0.39956155
445564273.0 1.0 1793.72360137775 1 0.99999785
427548920.0 0.0 1805.200824079825 0 0.0006229444
264615805.0 0.0 1802.411062626345 3 2.8185736e-06
280070712.0 0.0 1793.616021700045 2 5.912145e-06
301477092.0 0.0 1796.8906612383887 0 0.0003016456
229676244.0 0.0 1799.907220261416 3 6.247954e-12
21178416.0 1.0 1795.099757961841 1 0.9999767
229741985.0 0.0 1810.6572262723328 3 1.916626e-05
245759596.0 0.0 1805.2028932228584 0 4.924059e-05
354157048.0 0.0 1808.869309026748 0 5.857367e-05
264546305.0 1.0 1794.6792075307417 1 0.99999183
378152218.0 0.0 1808.867791538708 0 0.00059418683
81684387.0 1.0 1794.848182621574 1 0.99999934
336538973.0 1.0 1799.5339037729693 1 0.99859697
94673839.0 0.0 1793.1410426342013 0 0.00012695814
251437021.0 0.0 1805.2027158056737 0 1.27527055e-05
317470793.0 0.0 1811.4091167688468 3 4.1577766e-22
10603777.0 0.0 1794.3480632636858 0 7.1193364e-11
229947250.0 1.0 1797.886304893828 1 0.9999995
54710829.0 1.0 1810.1187095313494 1 1.0
373146264.0 0.0 1796.8049869495221 0 4.840518e-09
259097799.0 0.0 1808.8655289498076 0 0.004179707
34821228.0 0.0 1812.4121983938194 0 0.00020886079
373146264.0 1.0 1805.6383780911656 1 0.99962574
302617953.0 1.0 1796.847814946276 1 0.99999976
347682064.0 1.0 1806.16115671982 1 0.9999952
236785983.0 0.0 1805.2190094426783 0 2.9255158e-08
252107997.0 1.0 1796.8899252738997 1 0.99996936
306183734.0 1.0 1796.8274403607372 1 1.0
353853850.0 0.0 1798.5727785590266 2 0.0016016666
390862758.0 1.0 1811.1816229969056 1 0.9999999
445133661.0 0.0 1809.1604367961465 0 1.3318376e-06
332053527.0 0.0 1796.6399982386263 0 5.8305057e-05
71742397.0 1.0 1811.535841440591 1 0.9999824
202979060.0 0.0 1809.0573861386395 0 0.00034048324
352111607.0 0.0 1796.8056149884133 0 1.6909375e-07
405321620.0 1.0 1806.2000242045197 1 0.9999914
444750991.0 0.0 1809.202206528254 0 4.973747e-07
366872353.0 1.0 1810.9295827057533 1 0.9999996
65746968.0 0.0 1812.4117807636906 0 0.00012165099
286476556.0 0.0 1812.452556498117 0 3.9343675e-05
186765819.0 1.0 1797.3494939620068 1 1.0
373234499.0 0.0 1793.409460246628 0 1.9760067e-07
285181196.0 0.0 1800.12038190246 3 6.421475e-06
286355915.0 1.0 1795.5370757133285 1 1.0
421381052.0 1.0 1796.8269687843178 1 1.0
194731690.0 1.0 1795.3077196052216 1 0.99999547
192473409.0 1.0 1811.0783413176825 1 0.99999994
194783144.0 1.0 1795.1825951223113 1 0.99999565
372350288.0 0.0 1808.848843960047 0 1.1266503e-05
406901830.0 1.0 1799.264154569987 1 0.9999997
348519253.0 1.0 1798.8903542926303 1 0.99999785
194857406.0 1.0 1796.912005447983 1 1.0
373456959.0 1.0 1794.2218657694473 1 0.9999995
308290986.0 1.0 1799.3277536001979 1 0.9999998
376039083.0 0.0 1812.3670843531493 0 1.5106062e-06
255865141.0 1.0 1800.1370750139663 1 0.9999872
245398036.0 1.0 1796.3901108306534 1 0.9999974
199710296.0 0.0 1793.176412978902 0 0.7072718
233578304.0 0.0 1812.469044170076 0 0.0033910223
398018851.0 1.0 1811.3684236613678 1 1.0
396339551.0 0.0 1809.2434284021972 3 2.3435216e-05
317033034.0 0.0 1805.2029578847844 0 0.0011918627
229751802.0 0.0 1807.8238126046358 3 1.0462925e-24
252155828.0 1.0 1794.9106603867028 1 1.0
387632808.0 1.0 1793.491515268259 1 0.9826102
285232826.0 0.0 1812.7018137300452 0 6.382659e-05
400441995.0 1.0 1797.8275549949692 1 0.9999063
336294668.0 0.0 1808.84618953797 0 4.3130454e-05
426141862.0 1.0 1799.6802365535134 1 0.98037356
233208885.0 0.0 1800.510939874231 3 2.9101527e-25
322206040.0 1.0 1811.2624752334523 1 0.9999983
258511985.0 1.0 1794.6787069725638 1 0.9999705
331508525.0 1.0 1810.5356470718289 1 1.0
256103806.0 0.0 1793.1396425576577 0 1.618629e-10
196845377.0 1.0 1811.0359347639048 1 1.0
408101062.0 0.0 1805.200140867551 0 9.4207244e-05
434437099.0 1.0 1794.6594298943194 1 0.9991039
219791854.0 0.0 1808.843979126502 0 5.265165e-10
351691094.0 0.0 1809.201671384107 0 0.00013051131
285536129.0 1.0 1806.2436009779717 1 1.0
233514389.0 0.0 1794.4056591129083 0 0.0003402504
198240456.0 0.0 1794.6349508777096 2 0.00010986252
269809716.0 1.0 1796.7221705869742 1 1.0
259237610.0 0.0 1805.219936876668 0 1.0758784e-07
410617496.0 1.0 1798.2027713077473 1 0.99999917
398018454.0 0.0 1812.451734148322 0 2.0431384e-05
198237165.0 1.0 1811.4266986947223 1 0.99999857
270327432.0 0.0 1812.3468205019624 0 3.1709303e-07
434724230.0 1.0 1811.138256283301 1 0.99974144
65696118.0 1.0 1806.203480460013 1 0.99998134
12216678.0 1.0 1795.2023045571807 1 0.9999998
419524140.0 1.0 1795.014361692058 1 1.0
428293180.0 1.0 1794.6613257159354 1 0.99999815
331866906.0 0.0 1812.472027883156 0 0.00040691625
378653362.0 1.0 1811.388764564637 1 0.99999976
94454314.0 1.0 1795.9952294227678 1 1.0
331727884.0 1.0 1795.867637358351 1 0.99999833
200773031.0 0.0 1805.2036375303273 0 2.547204e-05
101032677.0 1.0 1794.7245757918902 1 0.99999946
252195327.0 0.0 1812.7021203721354 0 0.0024600474
387562212.0 1.0 1798.720596615684 1 0.9999947
287137719.0 1.0 1797.2394833862172 1 1.0
51022448.0 1.0 1796.1398835840937 1 0.99999505
449991108.0 1.0 1793.410324391635 1 1.0
251250924.0 0.0 1805.2026621123855 0 0.00010332416
13080907.0 1.0 1794.8063843548812 1 1.0
395407102.0 1.0 1799.972199595146 1 0.9999708
94453754.0 0.0 1805.5371038057601 0 0.0031142565
250505921.0 1.0 1811.2652505877581 1 0.9999999
445616870.0 0.0 1812.3484667271414 0 2.0927349e-08
301642504.0 0.0 1805.224013169306 0 9.1864415e-05
412353000.0 0.0 1808.8876701173342 0 9.975818e-05
354844793.0 0.0 1808.9103664121053 0 0.00037753608
377733327.0 0.0 1798.5136303192885 2 3.5926e-07
23051058.0 1.0 1794.8078634466174 1 1.0
63689111.0 1.0 1810.7242847902726 1 0.999987
73527713.0 0.0 1812.411899838797 0 0.00011764315
285127345.0 1.0 1797.9725724845018 1 0.9999987
49938487.0 1.0 1796.3481152182883 1 0.9999777
250722413.0 1.0 1793.890315236815 1 1.0
396026334.0 1.0 1795.4302117655245 1 1.0
436863245.0 1.0 1797.8705815623157 1 0.9999999
241094438.0 1.0 1795.0154672881613 1 0.999999
436930286.0 0.0 1808.9329939885822 0 0.00019672398
458842028.0 0.0 1806.2229955630967 3 1.9355868e-10
390734825.0 1.0 1795.160663305218 1 1.0
306564214.0 0.0 1796.640007253974 0 0.00089076336
352954787.0 0.0 1811.3870213905452 3 5.402806e-26
381660977.0 1.0 1793.3494498667399 1 1.0
139506131.0 0.0 1812.703391827921 0 3.367979e-06
264468462.0 0.0 1812.658576992206 0 2.0615028e-06
352815200.0 1.0 1810.1620052731203 1 1.0
389963202.0 0.0 1797.9688277859457 0 1.4621996e-05
219897213.0 1.0 1796.0318051811653 1 0.9999973
353735662.0 1.0 1797.614563241977 1 0.99999857
422305222.0 0.0 1805.199727916082 0 3.665684e-07
279662725.0 1.0 1797.2219178944085 1 0.9998516
353898098.0 0.0 1806.0308397486347 2 9.3274076e-07
258773798.0 1.0 1798.5529434570933 1 1.0
235711420.0 1.0 1806.3866021023725 1 0.9999773
229748770.0 1.0 1794.9903888768338 1 0.9999996
389693567.0 0.0 1805.3269374628771 0 0.00012237932
35015461.0 0.0 1805.5789681566757 0 1.3391671e-05
83349390.0 1.0 1793.8684501219484 1 1.0
354129904.0 1.0 1797.098906233134 1 0.99999976
198179503.0 0.0 1805.2183512062618 0 4.6215405e-07
245424073.0 1.0 1796.7860184177168 1 0.9999997
427803788.0 0.0 1812.3883766142935 0 8.406224e-07
256647627.0 1.0 1795.200368555842 1 1.0
178175440.0 1.0 1796.0369255299825 1 1.0
117868583.0 1.0 1805.7864948770698 1 1.0
301909087.0 0.0 1811.7448168550393 3 3.5904246e-05
434625997.0 0.0 1800.2843638841646 3 2.0078296e-18
265195449.0 1.0 1798.473598126209 1 0.99999964
285536806.0 1.0 1795.0353773641905 1 0.9999995
245463747.0 0.0 1812.3694315522907 0 2.1930171e-07
307642205.0 0.0 1812.3485421317343 0 0.00020621966
346119463.0 1.0 1795.2648975905952 1 0.9999983
399831693.0 1.0 1810.117481227214 1 0.9999891
327139897.0 1.0 1810.1611361078658 1 1.0
389958835.0 1.0 1799.3644305134621 1 0.9999995
368611669.0 1.0 1793.993075713953 1 0.9999979
381686169.0 1.0 1793.9326562685053 1 1.0
238717786.0 0.0 1793.1406406089761 0 4.5293664e-06
192731997.0 1.0 1797.5366441742183 1 0.99997145
259039731.0 1.0 1806.345015609379 1 0.9999714
264730832.0 0.0 1808.9526598808443 0 1.5921697e-07
422981940.0 0.0 1805.4325666040208 0 1.2761221e-05
336291798.0 1.0 1796.0339545886945 1 0.9999999
307956318.0 0.0 1793.67688130111 2 0.00056253455
376548032.0 1.0 1796.1798683477632 1 0.99999696
373512118.0 1.0 1796.4509344624373 1 0.9990003
138017750.0 0.0 1799.828819490631 3 0.0011962759
275143610.0 1.0 1797.2221109054894 1 0.9999759
405614107.0 1.0 1796.9531988178376 1 0.9999504
311934395.0 0.0 1805.5563148147032 0 6.633176e-07
362131922.0 1.0 1799.7394344924205 1 1.0
327508064.0 1.0 1811.3279540153628 1 1.0
203105437.0 1.0 1793.4950811582353 1 0.9999958
256619170.0 0.0 1805.1989846153494 0 3.6176328e-07
251408385.0 1.0 1793.4110904839704 1 1.0
229779905.0 0.0 1793.4072468202307 0 7.4153206e-05
390734132.0 1.0 1810.6608566975974 1 1.0
238720199.0 1.0 1810.9321655956635 1 0.999997
13608268.0 0.0 1812.4108430335227 0 5.5543968e-08
367092770.0 1.0 1810.471347819254 1 1.0
202977153.0 0.0 1805.2032073387745 0 5.45555e-05
445637996.0 1.0 1795.786112535917 1 0.9999847
445110677.0 1.0 1810.7019112230244 1 0.99997896
400245742.0 1.0 1795.9098901632226 1 0.9999831
229399917.0 1.0 1811.3444446735746 1 1.0
84167346.0 0.0 1812.6806638860999 0 1.8935372e-06
245581701.0 1.0 1810.265397743704 1 0.9999999
200773420.0 1.0 1805.9328217828074 1 0.9999979
272630114.0 0.0 1797.0347710176004 0 1.9094108e-05
22945470.0 1.0 1811.0162344200296 1 0.9999994
392125262.0 0.0 1808.8487874884563 0 0.0001277944
235716285.0 1.0 1794.8865604251282 1 0.9999999
20805612.0 0.0 1805.3075526338957 0 0.00020022641
450133593.0 1.0 1797.9943536191809 1 1.0
428611573.0 1.0 1796.763776286003 1 0.99999183
311188656.0 1.0 1797.32339134344 1 0.99999964
275462086.0 1.0 1796.930957953084 1 0.9999929
367536838.0 0.0 1793.3906363116862 0 2.53137e-07
445593436.0 1.0 1811.5149714300153 1 0.9999367
189685363.0 0.0 1805.3907037747142 0 1.0857682e-05
367081941.0 1.0 1810.2623633498513 1 0.99816173
250744292.0 1.0 1799.3072571657062 1 1.0
232644237.0 0.0 1797.9688082099792 0 0.00019800139
264404052.0 1.0 1799.4709354984486 1 0.9997784
219800917.0 1.0 1794.323099213907 1 1.0
445278771.0 1.0 1799.473188382453 1 0.9999999
376848439.0 1.0 1795.3860326112024 1 0.99999386
202904195.0 1.0 1796.2659344548995 1 0.99999994
306951915.0 1.0 1798.535770563085 1 0.99999464
51961116.0 1.0 1795.3687880189827 1 0.99999976
233206362.0 1.0 1794.9273833700388 1 1.0
312976544.0 1.0 1798.202254151883 1 0.9999988
11335164.0 1.0 1797.3479438564877 1 0.9999869
321911609.0 0.0 1805.2209131636719 0 3.949119e-09
468343249.0 0.0 1800.0551151992913 3 7.731527e-24
284056209.0 0.0 1809.2016879397872 0 4.406081e-05
370064338.0 1.0 1811.1398556122617 1 0.99997187
366760089.0 0.0 1808.8462242489716 0 1.1490383e-08
408094808.0 0.0 1797.4919489740266 2 4.451862e-11
189592051.0 1.0 1800.2448822021865 1 1.0
444724716.0 1.0 1810.202008476727 1 0.99999994
299328236.0 1.0 1794.5360242872307 1 0.9999808
377202633.0 0.0 1796.9090356627894 0 0.00019258782
326969027.0 1.0 1797.0990022814 1 1.0
427546254.0 0.0 1805.599806076766 0 0.0002119874
54128263.0 0.0 1812.7020345429169 0 3.760287e-05
280036019.0 0.0 1805.219967082631 0 2.3122781e-09
192487627.0 1.0 1810.432479638929 1 0.9999999
354258570.0 1.0 1798.8280182793287 1 0.9999991
348231753.0 1.0 1796.327650496289 1 0.9999916
272324250.0 1.0 1796.159842069666 1 0.9999998
387409979.0 0.0 1798.2830818496666 2 2.5861013e-06
389982667.0 1.0 1810.7854935046262 1 1.0
387631215.0 0.0 1799.4497922812657 2 1.7280267e-07
403430910.0 1.0 1810.473225893022 1 0.9995124
305831990.0 1.0 1797.9733263374235 1 1.0
149978133.0 1.0 1795.9328974191358 1 1.0
407514640.0 1.0 1796.5548093568113 1 0.99999964
233689439.0 1.0 1810.7398683013253 1 0.1749748
71691223.0 1.0 1798.5149923306699 1 0.99999875
196891391.0 0.0 1812.4942377259993 0 5.4834494e-05
251726271.0 1.0 1794.9110796908014 1 0.9999972
433075988.0 1.0 1797.9326745660323 1 1.0
288610944.0 0.0 1806.1164187305176 2 1.3284456e-12
13454275.0 1.0 1810.681444222798 1 0.9999994
237307634.0 1.0 1810.366303017244 1 0.9999995
229744093.0 1.0 1795.4694420614417 1 0.9999861
402204723.0 1.0 1810.7239158698292 1 0.99999726
280162900.0 0.0 1812.344924380719 0 4.046776e-07
428071828.0 0.0 1808.848890545997 0 0.00017400262
418220541.0 0.0 1805.2001106776008 0 0.000676971
219854644.0 1.0 1798.4273350259668 1 0.9999712
327702232.0 1.0 1811.432131668659 1 0.9999966
389849892.0 1.0 1798.7644787193426 1 1.0
245377299.0 1.0 1797.6403095683852 1 0.9999997
302157740.0 1.0 1811.2864533275942 1 0.9999996
237016001.0 1.0 1794.3036608294115 1 1.0
272759306.0 1.0 1810.1771878014836 1 0.99999934
71697381.0 1.0 1794.077683930537 1 0.9999993
354700723.0 1.0 1795.8477245023541 1 0.9999982
235937080.0 0.0 1812.3872604235216 0 2.400846e-07
63396412.0 0.0 1793.3912456596122 2 1.8793096e-09
83143741.0 0.0 1808.8889562460727 0 1.8539473e-05
319911472.0 0.0 1809.180949437863 0 1.1669191e-06
250556056.0 1.0 1797.1405744146837 1 1.0
252114644.0 1.0 1805.9731015682894 1 1.0
302393948.0 0.0 1793.3279922964175 0 7.770034e-06
374833810.0 1.0 1796.765015550682 1 0.99997354
229673190.0 1.0 1795.0945673914646 1 0.9999925
82097187.0 1.0 1796.4729007328542 1 1.0
116218267.0 0.0 1793.3281260685994 0 0.00061821536
392536812.0 0.0 1795.5314576125033 3 6.149767e-22
366915995.0 1.0 1794.3672230384295 1 1.0
229676244.0 0.0 1797.8030180673543 3 1.1394522e-13
353565609.0 0.0 1799.1808328035966 3 0.0
285270916.0 1.0 1797.9120128173636 1 1.0
453268379.0 0.0 1805.556584281594 0 0.00019925779
331472386.0 0.0 1806.2002639837094 2 0.008489758
271141434.0 0.0 1806.0137442867194 2 5.3520015e-16
265186168.0 1.0 1810.4301369904194 1 0.9999911
192845021.0 1.0 1794.6406631912992 1 0.9999995
366915995.0 0.0 1808.867135021354 0 4.8020707e-09
309053519.0 1.0 1793.6402322646668 1 0.9999999
445248709.0 1.0 1806.2020383700926 1 0.99999875
436935532.0 1.0 1797.7664510806771 1 0.9999962
366194419.0 1.0 1799.681022956516 1 0.9999195
441762659.0 1.0 1796.5112202361956 1 1.0
366491596.0 1.0 1797.261767245561 1 0.9999989
10974183.0 1.0 1810.5563390277728 1 1.0
298313179.0 1.0 1810.325933020328 1 1.0
354116108.0 0.0 1793.3252400713081 0 2.69049e-07
400252968.0 1.0 1805.4096795529936 1 1.0
445412390.0 0.0 1805.556427173376 0 4.1461255e-05
372071808.0 1.0 1806.1586259575506 1 0.9999998
270127471.0 0.0 1808.909423911117 0 0.0001354208
200739444.0 1.0 1798.5576992868755 1 0.9999666
178139320.0 0.0 1805.224522996187 0 0.0002402158
21022385.0 1.0 1795.6622239662952 1 1.0
445619293.0 0.0 1798.6817634293295 2 3.846223e-15
445637206.0 1.0 1810.640269341648 1 0.99908257
52037363.0 1.0 1799.5977154844197 1 0.99999624
21116714.0 0.0 1805.2037624566003 0 7.5079433e-06
332048456.0 0.0 1805.5147909430295 0 3.2434548e-06
94367054.0 1.0 1793.2036000019575 1 1.0
432090580.0 0.0 1796.6407557955888 0 0.002811296
279187055.0 0.0 1805.5559218251076 0 1.3323355e-06
315922289.0 0.0 1808.8663223930682 0 8.358585e-06
116616937.0 1.0 1811.4324137523604 1 0.99999976
83149868.0 0.0 1793.4098870570651 0 2.1721194e-15
250559030.0 1.0 1810.432122967095 1 1.0
288346006.0 0.0 1808.8659784035062 0 7.890603e-10
101163592.0 0.0 1809.39141819717 0 0.00020516745
322319485.0 1.0 1794.4502828226152 1 0.9999997
387505561.0 0.0 1805.2413402089835 0 2.5327241e-05
444801274.0 0.0 1811.7645410654015 3 5.628054e-12
256206976.0 1.0 1796.9101476326807 1 0.9999966
249859598.0 1.0 1797.99458290263 1 0.9999998
63719613.0 0.0 1793.7662094846944 2 8.730829e-08
279872508.0 1.0 1797.888704749078 1 0.99999523
54210431.0 0.0 1805.6186998522712 0 0.0003285313
327444221.0 1.0 1799.9530380338715 1 0.99999726
407383039.0 0.0 1805.2030834526045 0 3.9516755e-07
418030746.0 0.0 1812.4324744711237 0 0.00039968512
229938728.0 1.0 1797.4487712084456 1 0.9999997
12740962.0 1.0 1795.5980476915738 1 1.0
335692090.0 0.0 1812.3668858807239 0 4.3040436e-06
422838576.0 1.0 1805.6806008248086 1 0.9999927
219885612.0 0.0 1805.2193019767233 0 3.0180652e-05
370274722.0 0.0 1809.2022885046897 0 3.2850263e-08
428299068.0 0.0 1805.3074395965784 0 0.0004255092
237011192.0 1.0 1795.1369950179467 1 1.0
238719871.0 1.0 1797.4323455831004 1 1.0
11239272.0 0.0 1808.9106284897618 0 0.0015528309
366681188.0 1.0 1798.4086812865057 1 1.0
417852503.0 0.0 1808.8472098692948 0 9.364878e-05
264193575.0 1.0 1806.3667340564014 1 1.0
269697721.0 0.0 1794.1369912922673 3 6.6354203e-22
192736261.0 1.0 1797.286598867541 1 0.9999994
285276573.0 1.0 1793.6203978051524 1 0.99999994
321544763.0 1.0 1805.3249522002143 1 1.0
77352946.0 1.0 1798.7454973769359 1 0.9999998
249918677.0 0.0 1805.2030855052792 0 4.4931656e-07
251116926.0 0.0 1805.2027532103345 0 4.829883e-05
71932079.0 1.0 1810.16071379171 1 0.9996363
351687142.0 1.0 1810.493288601435 1 0.99999905
285793850.0 1.0 1794.9106324149989 1 0.999843
353871287.0 0.0 1806.0515710152206 3 0.5748302
233579092.0 1.0 1798.9691350589103 1 0.9999977
388605142.0 0.0 1805.2008027261577 0 3.5117133e-05
129788532.0 1.0 1810.4950580902564 1 1.0
317511453.0 0.0 1795.6800099876948 2 6.0052604e-17
289569942.0 1.0 1793.2807268227405 1 0.9999944
374613564.0 1.0 1796.2026921593056 1 1.0
366557556.0 0.0 1805.304506058124 3 1.6258373e-15
309232490.0 0.0 1812.4526831179132 0 0.0042789886
417310592.0 1.0 1793.5559716866626 1 1.0
354869471.0 1.0 1805.8280898475266 1 0.99999267
233210176.0 1.0 1794.7190226355285 1 0.9996584
453224609.0 1.0 1805.9316047445407 1 0.9999946
329154069.0 0.0 1805.1990204991191 0 3.9142805e-07
445182516.0 0.0 1809.2019804892986 0 0.0008238597
285036737.0 0.0 1805.5561282206938 0 4.8283996e-06
352978599.0 0.0 1794.9498180248615 2 4.2669024e-14
265186608.0 0.0 1798.9303780562789 2 5.4512026e-09
417831403.0 0.0 1805.5371736585369 0 5.7093435e-05
219900027.0 0.0 1811.5317214124887 3 3.1987394e-32
403689041.0 0.0 1805.4528077437178 2 0.00057921855
396532179.0 1.0 1811.4933438222854 1 1.0
428121854.0 0.0 1805.2448439311927 0 9.957462e-08
374967351.0 1.0 1794.9316736342678 1 1.0
312555125.0 1.0 1798.035611830792 1 0.999999
331212224.0 0.0 1805.5565556274794 0 0.0016523611
309049634.0 0.0 1810.661003093198 2 4.004706e-15
374480651.0 1.0 1796.2234658909472 1 0.9389225
67711552.0 1.0 1796.4119367268809 1 0.9999914
395769189.0 0.0 1796.805524084125 0 2.7198841e-05
201156659.0 1.0 1795.703486309871 1 1.0
431760531.0 0.0 1795.244936664332 2 0.0029223743
407213357.0 0.0 1805.2012420811657 0 0.009596993
376775467.0 0.0 1793.4091855328354 0 1.8898966e-08
387446706.0 0.0 1808.8870089066513 0 6.130963e-05
285344045.0 1.0 1793.5787076793968 1 0.99999994
272324340.0 0.0 1800.3472806241414 3 1.9769941e-19
370073677.0 1.0 1799.1191780330496 1 1.0
256562314.0 1.0 1796.615824775897 1 0.9418511
375082218.0 0.0 1812.3484049665058 0 8.545041e-08
251650602.0 0.0 1808.8485560054273 0 5.612676e-05
387810926.0 0.0 1805.283160789517 0 0.00014885921
396162820.0 0.0 1793.3678768810526 0 1.2761651e-09
233547085.0 1.0 1806.0940092849683 1 0.9999985
258628565.0 1.0 1798.3662795786536 1 0.9999995
316330990.0 1.0 1810.8277972816443 1 1.0
129916255.0 1.0 1797.5577974089972 1 0.9999978
353893520.0 0.0 1805.7246469312865 2 6.6083805e-07
316250867.0 0.0 1809.9113487997076 3 3.9181584e-26
417663305.0 0.0 1793.304844059842 0 4.964957e-13
434973053.0 1.0 1811.1591259248846 1 0.9999057
241023945.0 1.0 1797.5569094888688 1 1.0
346932389.0 0.0 1805.5766533040967 0 7.033444e-07
334832291.0 0.0 1796.676780132304 0 0.0002330512
279209662.0 0.0 1805.3060829492103 0 1.2612975e-06
322132773.0 1.0 1810.8875151173745 1 1.0
427767103.0 0.0 1808.8468602792816 0 4.4882746e-08
117271063.0 1.0 1795.6821104893572 1 0.9999822
302231611.0 0.0 1808.8489117412348 0 3.6348035e-06
308777391.0 0.0 1805.2027699145342 0 0.00020211248
322263229.0 1.0 1793.887748479365 1 0.99999493
54265033.0 1.0 1795.3268727800566 1 0.99999946
54262058.0 1.0 1806.0352321900612 1 1.0
229793974.0 0.0 1799.0112992352929 2 8.621827e-11
280189682.0 1.0 1797.5144860935418 1 0.9999992
352954787.0 0.0 1797.3456272752526 3 6.51462e-25
367463947.0 1.0 1806.4113274229555 1 0.99999774
436844413.0 0.0 1812.7661918763108 0 0.00011501758
235682059.0 1.0 1810.4703318387049 1 0.9999996
237209077.0 1.0 1806.386955577499 1 0.9999999
229959574.0 0.0 1796.9069701242868 0 2.0167376e-05
410549837.0 0.0 1812.348581248059 0 5.9470867e-08
233573290.0 1.0 1798.1774768952887 1 0.9999771
250836327.0 1.0 1794.6820677800836 1 0.99999154
116985098.0 0.0 1808.848990688808 0 4.3967208e-05
346119271.0 1.0 1796.5149232136316 1 1.0
49942082.0 1.0 1798.2857373472461 1 0.9999999
34754039.0 1.0 1797.287322990774 1 1.0
387505561.0 1.0 1795.1581181318543 1 1.0
252860768.0 0.0 1805.203058839356 0 1.168749e-06
289582210.0 0.0 1805.197804466361 0 3.0925614e-07
387676401.0 1.0 1795.5540068145406 1 0.99999934
346717337.0 1.0 1806.2871299420306 1 1.0
230073755.0 0.0 1806.0938912911665 2 5.285542e-13
374615414.0 0.0 1796.6402512497998 0 0.00016810752
67660662.0 1.0 1795.286856967474 1 0.9999987
308533786.0 1.0 1799.6402326955122 1 0.99999964
269520434.0 1.0 1796.9929568335651 1 1.0
291840808.0 0.0 1805.2239758422559 0 0.00029920242
316620933.0 1.0 1810.1403812604926 1 0.99999976
264051736.0 0.0 1795.0747914102817 2 7.2742677e-07
201039995.0 0.0 1808.8703889118783 0 0.0010405346
285865221.0 1.0 1795.2445969771725 1 0.9999849
229674517.0 1.0 1794.2193626421652 1 0.9999993
357674770.0 1.0 1799.5357747096093 1 1.0
368610965.0 1.0 1796.4097326718584 1 0.99999344
50266875.0 0.0 1812.4315476432944 0 0.0003903854
405626004.0 1.0 1793.6824471942116 1 0.9966432
255922200.0 0.0 1805.241267445626 0 2.5165233e-05
12832101.0 0.0 1805.2647645984189 0 4.8648726e-06
431763108.0 1.0 1797.9742526357957 1 0.99999917
65353666.0 1.0 1805.2658245518048 1 0.9999911
421110478.0 1.0 1797.910262667716 1 0.9999998
441800311.0 1.0 1806.1363476601807 1 0.9999999
428415789.0 1.0 1794.347626975467 1 1.0
186967134.0 0.0 1812.6407297478997 0 0.00025388345
354838464.0 1.0 1799.368760448495 1 0.99999994
26647932.0 1.0 1805.6830228320696 1 1.0
312063765.0 0.0 1812.681020269892 0 7.732656e-05
373278501.0 1.0 1805.3050264043338 1 0.9999998
21119455.0 1.0 1798.7039047933326 1 0.9999984
233526800.0 1.0 1810.3856590235496 1 0.9999609
336168635.0 1.0 1796.0958468266708 1 0.99999994
186595861.0 1.0 1796.9536522461628 1 1.0
332477068.0 1.0 1797.3226479364764 1 0.9999672
356893496.0 0.0 1809.1144143701913 0 4.787386e-07
258627226.0 1.0 1795.57462981208 1 0.9999976
285943293.0 0.0 1805.203184259439 0 6.4157524e-09
94475719.0 1.0 1798.7036620433707 1 0.9999982
201300054.0 0.0 1805.474574294251 0 0.00024078519
82339604.0 0.0 1796.8899899125286 0 0.00043169386
320504763.0 1.0 1796.7184196233422 1 0.8505486
265298970.0 1.0 1805.556987417606 1 0.9999997
192254117.0 1.0 1793.974247650891 1 0.9999981
376194008.0 1.0 1798.2018934113628 1 0.9999998
402373908.0 0.0 1796.6413144731214 0 0.0003875927
265474329.0 0.0 1794.4108549020698 2 1.223616e-06
240873079.0 0.0 1803.9318017260673 3 1.4796229e-25
233519583.0 0.0 1812.34301305562 0 4.2792388e-07
139533878.0 1.0 1796.516080540316 1 0.9999976
423948019.0 0.0 1805.2418985723475 0 5.162151e-08
201383274.0 1.0 1810.4538094524282 1 1.0
445187894.0 1.0 1793.6606745134006 1 0.9999999
264296742.0 0.0 1812.3667856373793 0 6.8024514e-05
387631870.0 0.0 1809.4287942749081 0 1.6994086e-09
275421016.0 1.0 1810.491431762296 1 0.9999996
420448703.0 0.0 1809.2015247076324 3 0.00028771386
259248433.0 1.0 1799.7030304835362 1 0.99933076
251766493.0 1.0 1796.8276690877303 1 0.99999833
348672128.0 1.0 1797.3485082692184 1 0.9999991
417303905.0 1.0 1805.9932481146554 1 1.0
292272943.0 0.0 1812.3696741373558 0 1.5234825e-05
408579218.0 1.0 1797.9103416136384 1 1.0
398212665.0 0.0 1797.8478428111864 0 1.9674059e-07
396299458.0 0.0 1809.4307569014977 0 4.7753365e-05
428517443.0 1.0 1797.8697996635162 1 1.0
445401551.0 1.0 1794.0563374521157 1 1.0
77353169.0 1.0 1798.0163441884874 1 0.99999964
390972142.0 0.0 1793.1374962934515 0 5.050066e-05
52942046.0 1.0 1799.7854539391492 1 0.99999976
397281080.0 0.0 1808.9312299295955 0 3.5926095e-12
50361034.0 1.0 1799.2024183527458 1 1.0
427975152.0 1.0 1798.513668422466 1 0.9999999
431868967.0 0.0 1805.224299205177 0 0.0006491783
52435044.0 1.0 1799.5979290381872 1 0.9999992
259297355.0 0.0 1809.1201027583365 0 7.4511954e-05
370000049.0 0.0 1810.6188950937365 2 2.0606417e-06
116218868.0 1.0 1794.0989768112725 1 0.99997574
117619327.0 1.0 1797.03650128112 1 0.99978817
387330110.0 1.0 1806.0329199141922 1 0.99999887
322317967.0 0.0 1805.2418153001279 0 3.9697002e-07
279610261.0 0.0 1805.2008755089644 0 3.3112635e-06
370756231.0 1.0 1794.3275924915008 1 0.9999991
63676243.0 0.0 1796.6412206810785 0 0.00010992425
392536812.0 0.0 1800.2605442256918 3 7.382054e-19
368792432.0 1.0 1795.9099340180326 1 0.9999998
20801954.0 1.0 1799.0992654098266 1 1.0
423745608.0 1.0 1797.9524326265582 1 0.99999595
299437154.0 1.0 1797.2238375398965 1 1.0
235995775.0 1.0 1798.1581684478829 1 0.9999999
379475992.0 0.0 1808.9936887756874 0 7.788134e-07
233005145.0 1.0 1799.2812951604578 1 0.99999595
117178835.0 1.0 1794.0363690924244 1 0.99999964
399197082.0 1.0 1799.4526078538213 1 0.99990636
366557556.0 0.0 1807.0961565315054 3 2.6537015e-16
327445165.0 1.0 1798.9739259137993 1 0.9995833
83150452.0 1.0 1810.3055348825053 1 0.9999996
233719821.0 0.0 1808.8439173385668 0 6.1686536e-05
129981993.0 1.0 1793.286808550179 1 1.0
54373874.0 1.0 1794.1813826879286 1 0.99999833
268519302.0 1.0 1796.596957926046 1 0.9999987
373511585.0 0.0 1808.8468027637286 0 1.4305395e-05
283943176.0 0.0 1798.0976213790684 2 1.4402029e-08
240891599.0 1.0 1795.5984859035073 1 0.99999976
378851958.0 1.0 1795.8474296839927 1 0.9999998
363808254.0 1.0 1795.055572221872 1 0.99999917
117527376.0 1.0 1795.2653733550435 1 1.0
374391716.0 1.0 1795.7648385457474 1 0.99954754
233604728.0 0.0 1808.9692354749411 0 1.3872968e-05
230070507.0 0.0 1805.1978914784627 0 5.4991306e-06
433140425.0 1.0 1810.4118070142852 1 1.0
229741985.0 0.0 1795.698886553269 3 1.5246744e-05
198204954.0 1.0 1797.8433287342932 1 0.99998814
348313828.0 0.0 1793.3901378042417 0 0.00037866732
233051156.0 1.0 1806.2811530642368 1 0.99999446
201153761.0 0.0 1810.3286235515754 2 1.3077315e-05
368603158.0 1.0 1798.9932481690012 1 0.9999999
385592030.0 0.0 1793.1411953425022 0 0.00054096826
422425395.0 1.0 1795.6375298566018 1 0.9986179
347426535.0 1.0 1796.5159212929148 1 0.99998957
101093971.0 0.0 1805.4747122890194 0 0.00351625
251540528.0 1.0 1797.7860686129914 1 0.9999093
10868974.0 0.0 1805.3897932674245 0 5.1710467e-05
201114052.0 0.0 1796.6410389543553 0 0.00026926165
275465944.0 0.0 1805.2646491735277 0 1.570124e-05
419524843.0 1.0 1794.889264429757 1 0.9997395
240876177.0 1.0 1795.0359938119916 1 0.99999934
415962502.0 1.0 1798.786561050915 1 0.99999756
177764705.0 1.0 1797.245249505375 1 1.0
235977284.0 1.0 1796.8456146537212 1 0.99999994
65157917.0 0.0 1798.911697125204 2 8.895368e-13
279599877.0 0.0 1808.910687856196 0 0.003522347
229767084.0 1.0 1799.886147271966 1 0.99999905
400669412.0 0.0 1805.2650197433743 0 1.246869e-09
417556399.0 1.0 1795.8895307301486 1 0.99998987
272831479.0 1.0 1810.9304521894696 1 1.0
302467487.0 0.0 1796.8281776734905 0 0.00028589493
352424791.0 0.0 1797.847511641934 0 1.0476436e-05
116208577.0 1.0 1796.4737369938855 1 1.0
83525725.0 1.0 1795.0974906868207 1 0.9999998
420657532.0 0.0 1796.8050852250296 0 4.4894878e-06
233724202.0 1.0 1811.1354245035932 1 0.9999999
101406660.0 1.0 1806.058071781286 1 0.9999794
407155253.0 0.0 1793.4097588872003 0 3.1909543e-08
229585356.0 0.0 1809.5738000844087 3 7.851043e-37
331389591.0 1.0 1799.8690845469025 1 1.0
370346214.0 0.0 1806.0565352647325 2 8.0917324e-08
332152659.0 0.0 1812.6605475905685 0 1.3570979e-05
67571969.0 0.0 1793.1409781818377 0 0.00015211599
275858205.0 0.0 1805.3268590250354 0 0.00030408404
265146654.0 1.0 1797.0958029991618 1 0.9999568
357668748.0 0.0 1808.9523245410235 0 0.0001445209
351546522.0 1.0 1795.159959936474 1 1.0
279288500.0 1.0 1798.5344313777548 1 0.9999888
396339551.0 0.0 1811.2434431762108 3 1.9584184e-05
286640501.0 0.0 1805.202627835953 0 1.0397883e-05
373065405.0 0.0 1805.200851073487 0 2.9938385e-10
354743557.0 1.0 1794.5561602077735 1 0.99999994
286567037.0 0.0 1805.2856156500616 0 1.1846574e-05
235982927.0 0.0 1801.8664108313535 3 0.00017962557
230112279.0 1.0 1797.7190130148995 1 0.99982697
284191524.0 1.0 1797.468452470246 1 0.9999999
301997839.0 0.0 1812.3489062923393 0 0.00025253778
85595785.0 1.0 1794.5996119205245 1 0.9999936
322061484.0 1.0 1796.3043694649473 1 1.0
192319410.0 1.0 1810.4949492724445 1 0.99999493
353505793.0 1.0 1806.0335063096647 1 1.0
103951524.0 1.0 1810.9323454031507 1 0.9999998
444497412.0 0.0 1796.6394729631866 0 5.537036e-05
445401617.0 1.0 1794.0146718421977 1 0.9999966
354788350.0 1.0 1810.744913851074 1 0.99998075
196948294.0 1.0 1798.0779183904192 1 1.0
292152138.0 1.0 1798.8698431731425 1 0.9999998
317320470.0 1.0 1799.575694713221 1 0.99988455
302157746.0 0.0 1808.8698095305206 0 3.6159051e-06
256502781.0 1.0 1799.241931710106 1 0.99873513
301421405.0 1.0 1799.2446832826658 1 0.9999568
29056167.0 0.0 1809.1206295074442 0 0.00013776742
410237933.0 0.0 1805.2001965874094 0 0.00010533259
316628089.0 0.0 1808.8488888207614 0 8.3543586e-05
10791936.0 1.0 1810.6395408396522 1 0.99741226
198187777.0 1.0 1811.2183063811053 1 0.9999888
258512355.0 1.0 1806.3035643881524 1 1.0
284308187.0 1.0 1797.3683996870798 1 0.9999994
417549814.0 1.0 1795.0142624430196 1 0.9999683
372433150.0 0.0 1812.3485981603453 0 2.4420951e-05
264453826.0 1.0 1793.262583992521 1 0.99999815
293128897.0 0.0 1805.203227833289 0 2.4467761e-05
233076423.0 1.0 1799.5313633545466 1 0.9999993
63789906.0 1.0 1810.3493255571695 1 0.99999464
359253239.0 0.0 1796.639242150566 0 0.0052000824
349294422.0 0.0 1807.2872583196415 3 3.4326115e-06
366557556.0 0.0 1809.3461334263595 3 2.5415527e-12
237237907.0 0.0 1812.5120507353938 0 8.6097625e-06
321595539.0 0.0 1808.887391991169 0 1.9840305e-09
455893446.0 1.0 1795.4299541607797 1 1.0
406518465.0 1.0 1795.8039394987493 1 0.99999976
377251803.0 0.0 1800.4482268230547 3 6.5688443e-18
401320381.0 1.0 1806.1384353514716 1 0.9999999
235988533.0 1.0 1799.1581408295199 1 1.0
186940754.0 1.0 1796.9951555214864 1 0.99999756
219739842.0 0.0 1793.7600025818504 2 1.3714609e-14
352693463.0 0.0 1812.4283936182408 0 0.00010746602
433699236.0 1.0 1799.9508547792564 1 0.99998975
256601288.0 0.0 1808.910749791835 0 9.0533336e-05
280414997.0 1.0 1796.014417875679 1 0.99999803
377165246.0 1.0 1797.5524566281958 1 1.0
229444187.0 0.0 1805.1988347619324 0 2.39561e-08
433286543.0 1.0 1798.4745033940105 1 0.99999356
445424477.0 1.0 1794.0147951404224 1 1.0
286316649.0 0.0 1805.203736316562 0 0.00011651478
396486931.0 0.0 1806.5758366590053 3 7.259237e-27
422613703.0 1.0 1798.409402360329 1 0.99986887
285512131.0 1.0 1798.723782731808 1 0.9848982
384985022.0 0.0 1805.2452363022821 0 0.0002314866
387530516.0 1.0 1810.282893386675 1 0.9998783
229953195.0 1.0 1796.6987380075727 1 0.999852
377251803.0 0.0 1798.7399300002387 3 1.8245945e-20
347488959.0 0.0 1812.410828647189 0 0.0002686011
90645076.0 1.0 1796.932894187822 1 0.99999005
256206317.0 0.0 1805.6809319536985 0 3.9457183e-05
101091735.0 1.0 1796.9329389709592 1 0.9999996
201099379.0 0.0 1809.1204475979487 0 0.00015247699
288266366.0 1.0 1806.0741769754973 1 0.9999506
255993442.0 1.0 1794.36630444643 1 1.0
233747337.0 1.0 1798.656505476495 1 0.9999606
34554020.0 0.0 1812.4121533569971 0 0.00024203268
351609665.0 1.0 1799.8472728886838 1 0.99999774
241061382.0 1.0 1800.4735002842215 1 0.9991428
396339551.0 0.0 1809.7225989750877 3 4.9868337e-05
354125416.0 0.0 1812.369794285232 0 2.4110912e-05
233079659.0 0.0 1807.0106671143817 3 1.8626965e-10
423995849.0 0.0 1797.8482186065194 0 1.4163913e-07
410472997.0 0.0 1808.8901518418957 0 3.4440225e-06
420110764.0 1.0 1797.3661182564028 1 1.0
186615198.0 0.0 1805.2869545552587 0 8.273729e-05
354385277.0 0.0 1800.8257592053149 3 4.665832e-11
292978984.0 0.0 1793.1408357444816 0 5.1932057e-05
256101052.0 1.0 1795.368754203041 1 0.99999344
184731492.0 1.0 1798.8076678199209 1 1.0
399582774.0 1.0 1811.4117039353616 1 0.98326087
441792818.0 1.0 1795.1570921274324 1 0.9999999
272323801.0 0.0 1806.0138382479076 2 1.6879545e-08
354703941.0 1.0 1794.8061703282542 1 0.9999993
250636476.0 0.0 1808.8904324320636 0 1.6110313e-09
237000094.0 1.0 1795.4911537312169 1 1.0
368459023.0 1.0 1811.388862329114 1 0.9999958
237220961.0 0.0 1805.2412509867631 0 0.0069626644
427737203.0 1.0 1796.2037794410212 1 1.0
372723747.0 1.0 1795.8062540034723 1 0.9999998
333068970.0 0.0 1805.53576189593 0 9.655233e-05
184739277.0 0.0 1804.8910061027818 3 4.6903051e-38
315938753.0 1.0 1793.7232955310637 1 0.9999999
302391058.0 1.0 1795.6820980122382 1 0.9999515
284315713.0 1.0 1797.639362317893 1 0.99999523
250520255.0 1.0 1811.5362365108083 1 0.9999997
269697721.0 0.0 1800.574456262849 3 2.1751753e-26
331365131.0 1.0 1810.3464439745842 1 1.0
264922703.0 1.0 1798.1610553827845 1 0.99999905
63405466.0 0.0 1809.0575895972895 0 0.00017609919
241135505.0 0.0 1805.932173815875 2 6.0908635e-05
52430131.0 0.0 1805.6604365508317 0 8.114993e-12
332977105.0 1.0 1794.8900763731947 1 1.0
283936559.0 0.0 1797.5768928474945 2 3.6501822e-11
34715957.0 0.0 1793.1414013082224 0 0.00023833528
369027781.0 0.0 1808.8682404298165 0 8.578936e-06
288624796.0 1.0 1805.8283525522752 1 1.0
291957039.0 1.0 1811.0989389152808 1 0.9999673
428383194.0 1.0 1796.930846192535 1 1.0
398370643.0 1.0 1799.0333438206615 1 0.99549663
420024734.0 1.0 1796.3686834892678 1 0.9999999
397234039.0 1.0 1797.7433008956773 1 1.0
390022379.0 1.0 1810.8019190237032 1 1.0
309299903.0 0.0 1812.3901495451694 0 7.4124785e-07
302393948.0 1.0 1805.911431836457 1 0.9999812
445188624.0 1.0 1793.3482007971038 1 0.9999993
219858745.0 1.0 1795.885473980918 1 0.9999956
338157274.0 1.0 1799.7840079814553 1 0.99999964
279878476.0 0.0 1793.4093780692174 0 1.9389482e-07
428417620.0 0.0 1797.5559637338222 2 1.8528578e-16
10793323.0 1.0 1794.4728425752053 1 0.9999975
400439788.0 1.0 1794.098317551337 1 0.9999933
316449921.0 0.0 1808.8487995269275 0 0.0030285763
202866994.0 1.0 1811.4323879277208 1 1.0
302777879.0 0.0 1810.4729427625168 2 0.00045896237
233211275.0 0.0 1805.2193026131672 0 2.0209092e-07
398107097.0 1.0 1799.680961035165 1 0.99999714
284889645.0 0.0 1812.634718979591 0 2.3325052e-07
452911445.0 0.0 1809.1811157138854 0 1.2099084e-06
77322543.0 1.0 1811.4537026510588 1 0.99994105
77425520.0 1.0 1793.1620259065344 1 0.99998313
117663295.0 0.0 1796.6406321167642 0 0.00012808634
279380757.0 1.0 1805.5760402747699 1 0.9999799
251221335.0 1.0 1795.0361593485047 1 0.99999666
219871753.0 1.0 1798.7191774755197 1 1.0
192558696.0 1.0 1806.1201998961806 1 0.99999946
444797901.0 1.0 1794.889477310704 1 0.99999374
240899435.0 1.0 1806.3900430033723 1 1.0
229744948.0 0.0 1793.4069797284578 0 9.626689e-08
301641054.0 1.0 1794.1406758254777 1 0.9999999
219821915.0 0.0 1797.9688214004336 0 0.00023073982
301741193.0 0.0 1800.3906937600307 3 9.787757e-06
381806115.0 1.0 1795.3286999892357 1 0.9999992
428731898.0 0.0 1805.2220361922114 0 1.5572937e-07
52266477.0 1.0 1810.4102545073356 1 0.9604806
305294281.0 1.0 1805.699549847312 1 0.9999986
373958040.0 1.0 1811.3895955995192 1 0.99999994
444141905.0 1.0 1794.2444251720494 1 0.9999103
232610775.0 1.0 1810.5518200334252 1 0.99998826
370595387.0 1.0 1811.1192281297685 1 0.9999996
427652742.0 0.0 1812.36742467474 0 9.987094e-09
61016388.0 1.0 1795.1206563246744 1 0.9999992
367424347.0 0.0 1796.8255501676645 0 9.645883e-05
233684697.0 1.0 1795.5729052880756 1 1.0
378197124.0 1.0 1794.659615452171 1 0.99998915
233689085.0 0.0 1797.9690545313654 0 0.00011452356
274806038.0 0.0 1810.8886902213542 2 0.0011721659
369989622.0 1.0 1796.327353969853 1 0.99999195
117801296.0 0.0 1805.2030964561525 0 7.9918344e-08
82556947.0 1.0 1798.1397091531032 1 0.9999973
301911971.0 1.0 1795.682321225741 1 1.0
198213885.0 1.0 1795.489260537943 1 0.99999136
72149837.0 1.0 1810.5567824638526 1 0.9999999
241080896.0 1.0 1793.4113808143916 1 0.9999988
353894453.0 0.0 1812.4056848050686 0 5.9739912e-05
390408582.0 0.0 1805.2649159506739 0 3.3272872e-06
83625098.0 0.0 1796.7434411115867 0 0.00036152903
256665572.0 1.0 1797.678341100354 1 0.9999885
283135823.0 1.0 1795.1395845225077 1 1.0
347690764.0 0.0 1798.7442890595062 2 1.0466801e-12
196883709.0 1.0 1797.5779176150284 1 1.0
289138821.0 1.0 1797.6806226025196 1 1.0
68094383.0 1.0 1796.7035948243395 1 0.99999964
372199921.0 1.0 1796.181746108069 1 1.0
369238838.0 1.0 1794.8476266554055 1 0.9999999
374606779.0 0.0 1805.2650020490184 0 1.3082016e-06
54714467.0 0.0 1809.1812900681443 0 0.0068418463
230380515.0 0.0 1805.1986239439075 0 9.239317e-06
264332761.0 0.0 1808.8668303976194 0 7.91474e-05
412352904.0 1.0 1796.429610475726 1 0.99998146
241089580.0 1.0 1797.5569519610262 1 0.9999999
452941437.0 1.0 1810.3685075262674 1 0.9999977
192837240.0 1.0 1798.8490915888397 1 1.0
250931180.0 1.0 1798.244795179171 1 0.99999964
354602800.0 1.0 1796.1395745363686 1 0.99989784
233508786.0 0.0 1809.030405533685 0 0.0002008218
219871703.0 0.0 1811.1776291402118 2 3.7931244e-13
372394663.0 1.0 1797.783804910302 1 0.9999971
395391834.0 1.0 1810.1179867421129 1 0.99991834
362218334.0 1.0 1794.8661151017334 1 0.9999979
369141038.0 0.0 1808.868262828146 0 0.0001537564
219847282.0 0.0 1797.698370705272 0 2.214044e-07
353779320.0 1.0 1810.5725379091461 1 1.0
283028372.0 1.0 1805.618211250091 1 1.0
323059832.0 1.0 1794.5125706056779 1 1.0
194737323.0 1.0 1794.4951572653356 1 0.9999943
359336500.0 1.0 1794.5974559837573 1 0.99998456
444413484.0 0.0 1805.5141708262743 0 0.0012200635
268516426.0 1.0 1805.8884428186939 1 0.99999964
65491343.0 1.0 1806.2869139373768 1 0.99999374
453256390.0 1.0 1797.764876159117 1 0.99959844
368966682.0 1.0 1811.3681769317334 1 1.0
230071415.0 1.0 1805.4065326635332 1 0.99999714
161731976.0 0.0 1805.197207237745 0 4.5838988e-05
270826022.0 1.0 1811.4719414910699 1 0.99999994
378463864.0 0.0 1805.2222192738848 0 2.720647e-06
271749335.0 1.0 1795.5140448734396 1 0.99999976
240950472.0 1.0 1797.1402892353474 1 1.0
445646082.0 0.0 1807.9110908877494 3 2.2186894e-08
372976059.0 0.0 1800.137460496422 0 4.4989297e-06
256317115.0 0.0 1796.6812518781558 2 2.2279314e-06
219863986.0 1.0 1796.1984386578317 1 0.9999985
230386284.0 0.0 1796.5319913872934 3 3.3950717e-14
377154944.0 1.0 1798.013303150493 1 0.9999987
322338839.0 1.0 1796.8276609504123 1 1.0
441718331.0 0.0 1808.8445805885829 0 6.422207e-07
445439435.0 1.0 1794.2441916040727 1 0.9999996
331517869.0 0.0 1795.0773345798937 2 1.3231648e-13
352835398.0 0.0 1808.8683288560326 0 8.563628e-11
237277760.0 0.0 1797.8661600048629 3 7.239997e-32
316623082.0 1.0 1796.473553287928 1 0.9999957
229937398.0 0.0 1812.3442671781559 0 8.45736e-05
13214018.0 0.0 1808.8674368550394 0 0.0006685293
11437325.0 0.0 1801.1191024797386 3 1.2469019e-21
249949014.0 1.0 1794.8697296219887 1 0.9999989
354470695.0 1.0 1795.9737442693586 1 0.9999855
370432510.0 1.0 1794.8690230460593 1 0.999974
249887658.0 0.0 1812.9113193494127 0 0.0010606358
13768405.0 0.0 1798.973323760578 2 7.4481686e-05
104150714.0 0.0 1805.2031271093945 0 1.6228007e-08
323305362.0 0.0 1812.5335910077893 0 1.2375364e-09
256506463.0 0.0 1793.3253085574015 0 3.201659e-06
198207488.0 0.0 1805.3227262923372 0 4.3153464e-06
264308037.0 1.0 1795.4083617370227 1 0.99999994
405492210.0 0.0 1796.6412910238191 0 0.00031152306
376289446.0 0.0 1805.2214442527152 0 3.8919345e-05
359630498.0 0.0 1794.4065416042313 0 9.178999e-05
279282173.0 0.0 1808.8474068493554 0 0.0038125901
400388934.0 1.0 1810.9305388075513 1 1.0
256929656.0 0.0 1808.8449095824808 0 0.0061715655
354109773.0 0.0 1809.1813977714944 0 0.00024252795
286117516.0 0.0 1808.9106917834129 0 0.00012855166
346926316.0 1.0 1799.3683974698388 1 0.9999999
352836311.0 0.0 1797.8475130504244 0 0.0001143348
236786957.0 0.0 1797.9690386394248 0 1.5269223e-06
219811526.0 1.0 1799.1769164620634 1 0.99999815
237234709.0 1.0 1806.1161225835365 1 0.9999966
251817383.0 0.0 1798.6820558233094 2 4.222958e-09
353989515.0 0.0 1805.197505185165 0 5.4988606e-05
219900408.0 1.0 1796.2609267237638 1 1.0
366821603.0 0.0 1805.2004612769208 0 0.0007661347
252158971.0 1.0 1796.3482332026076 1 0.99997205
196845710.0 0.0 1808.890158325217 0 7.948337e-05
203094295.0 1.0 1796.3284217767875 1 0.99999845
52187259.0 1.0 1797.264601553694 1 1.0
285088311.0 1.0 1798.5570893116305 1 1.0
249920086.0 0.0 1808.848848306032 0 3.8596236e-06
288611323.0 1.0 1799.6576748129874 1 0.99999994
265000874.0 1.0 1810.8693538189623 1 1.0
264615805.0 0.0 1800.8068929558156 3 4.0803034e-12
445135409.0 1.0 1799.9731098927296 1 0.9999802
402894192.0 0.0 1805.2409723234562 0 6.225262e-06
315937274.0 0.0 1805.2235007982283 0 2.7210022e-05
279186887.0 1.0 1793.9518844000197 1 0.984215
428735978.0 0.0 1798.2011493451769 3 2.0794718e-28
390410161.0 1.0 1799.4731420453604 1 0.99998766
229649474.0 0.0 1808.8656577442712 0 7.190819e-05
436838655.0 1.0 1811.4537279693284 1 0.99993116
83898350.0 1.0 1793.535129898682 1 0.9999994
251360274.0 1.0 1805.4319344523683 1 0.99999976
406596531.0 1.0 1800.0552641645697 1 0.9999999
129992737.0 1.0 1793.724433077797 1 1.0
372054243.0 0.0 1805.221125488048 0 3.850759e-07
249916954.0 1.0 1793.9114302081741 1 0.9999959
367145378.0 1.0 1799.2839107978848 1 0.99983585
258701778.0 0.0 1808.8447934547967 0 4.397719e-05
427469938.0 0.0 1805.2841413969684 2 2.4327283e-11
350071311.0 1.0 1799.5749511905296 1 0.99999994
271023834.0 1.0 1797.2429903122988 1 0.99999994
34713170.0 0.0 1793.1414209012141 0 9.390167e-05
402448481.0 1.0 1811.3242289038335 1 0.99998474
370697966.0 0.0 1812.6607488135876 0 2.8111563e-05
50052128.0 1.0 1794.5353779518546 1 0.99998873
202844773.0 0.0 1805.2031862533254 0 1.7871887e-09
34647589.0 0.0 1812.4329582804498 0 0.00012702947
35154430.0 0.0 1809.203980371049 0 0.0011630557
326787194.0 1.0 1795.7434795234442 1 1.0
428518138.0 0.0 1793.4100080216904 0 2.1724147e-06
250747121.0 0.0 1805.2030989712396 0 7.707274e-06
407347162.0 1.0 1797.3680674245527 1 0.9999959
256509726.0 1.0 1810.9696371625064 1 0.9999958
387327964.0 1.0 1810.2413032185946 1 0.9999999
202838286.0 1.0 1797.8284451787194 1 0.99997
319920120.0 0.0 1809.1810552110317 0 7.053171e-05
230005098.0 1.0 1806.219638667357 1 1.0
387675673.0 0.0 1805.2413682784438 0 1.6858325e-05
301420230.0 0.0 1808.8696503709912 0 1.729245e-05
194667110.0 1.0 1794.4534946529996 1 0.9999998
354538713.0 0.0 1800.1405045903805 0 3.7608638e-06
385340540.0 1.0 1797.2653314457834 1 0.99999696
396662259.0 1.0 1795.6803962194879 1 0.9999992
160602710.0 1.0 1810.8447195472645 1 0.9995076
94365784.0 0.0 1805.5372337212698 0 1.4763854e-05
444756920.0 0.0 1809.1606348530358 0 2.4007468e-08
287139533.0 1.0 1796.426517646761 1 1.0
335693771.0 0.0 1796.0755738496266 2 1.2278523e-06
285036737.0 0.0 1812.7018214305479 0 4.9632068e-05
453226444.0 0.0 1809.2024363831342 0 5.552582e-05
177708876.0 0.0 1812.4118958907159 0 0.00012751357
129822085.0 1.0 1810.3701209613264 1 0.9999974
354926863.0 0.0 1807.2437152888829 3 8.449841e-15
77321625.0 1.0 1798.7455297409506 1 0.9999805
34622335.0 1.0 1795.974753237963 1 0.99999976
251488479.0 0.0 1805.2029389319848 0 0.00014974114
449985007.0 0.0 1812.7017275417516 0 3.1078852e-07
385240776.0 1.0 1798.8908474007835 1 0.99999994
34644961.0 0.0 1812.433003872513 0 0.000118653836
139427755.0 1.0 1796.266051685557 1 0.99999833
369728583.0 0.0 1812.6599168176494 0 1.2541904e-05
229951283.0 1.0 1805.8651047366075 1 0.99999994
320493987.0 0.0 1812.680944152741 0 0.0002648697
137083119.0 1.0 1799.3889885331303 1 0.9999988
301259781.0 0.0 1805.3280676298455 0 0.00011442641
50520582.0 0.0 1794.3482359461696 0 0.00012476157
117324067.0 0.0 1810.2240961529392 2 0.00012955026
400253601.0 0.0 1808.888785408352 0 0.000116245006
247003756.0 0.0 1796.6414628505638 0 0.0012996559
370427302.0 1.0 1806.03574404581 1 0.9634583
240939060.0 1.0 1795.6610189730593 1 0.9999947
285517195.0 1.0 1810.119789379185 1 0.99999905
317474626.0 1.0 1805.6799862517798 1 1.0
301416042.0 1.0 1806.3070914007246 1 1.0
236902797.0 1.0 1794.5535906392963 1 0.9999997
396012717.0 0.0 1796.8056528378263 0 0.0009825708
29016102.0 0.0 1796.641444022661 0 0.00015808809
445559725.0 0.0 1810.452630541915 2 1.1216267e-06
311939209.0 1.0 1793.3272327951545 1 1.0
453011301.0 1.0 1800.056339836613 1 0.9999995
237001301.0 1.0 1810.657480138533 1 0.99997365
177993043.0 1.0 1798.1619052615072 1 1.0
387272459.0 1.0 1797.220793447469 1 0.9999968
229435185.0 0.0 1808.865464470492 0 0.00031004395
250505525.0 1.0 1805.34867367641 1 1.0
376848612.0 1.0 1795.3443432278411 1 0.99999994
117031971.0 1.0 1796.2863109000461 1 1.0
229701637.0 1.0 1797.5113041294949 1 1.0
46479770.0 1.0 1794.1621380012389 1 0.9999977
129758680.0 0.0 1795.2868664314544 2 9.152584e-09
347583744.0 1.0 1810.4734563804868 1 0.99999994
317320470.0 0.0 1812.3465137801652 0 8.902624e-05
441793849.0 1.0 1798.1986211983808 1 0.9999946
50941668.0 0.0 1805.264977767428 0 4.0527807e-06
288946353.0 1.0 1810.3687256197602 1 0.99999195
35154189.0 1.0 1795.9954642348712 1 0.99996865
312682043.0 0.0 1809.2021269224379 0 0.0004032595
192420284.0 0.0 1796.6407271219935 0 9.546033e-05
284892452.0 0.0 1812.3641274898791 0 0.00011094879
403527307.0 0.0 1805.223445804509 0 0.0002557671
312151981.0 1.0 1798.1605256293838 1 1.0
384812248.0 0.0 1801.744284005599 3 0.00085423817
139374201.0 1.0 1793.6201926564972 1 1.0
82980345.0 1.0 1795.3058095368833 1 0.99999857
116273526.0 1.0 1795.0987950279355 1 0.9999995
269238883.0 1.0 1805.6594356279534 1 1.0
366200164.0 0.0 1809.1599773602936 0 0.00047607237
366557556.0 0.0 1795.8878913321041 3 2.1076304e-21
291888574.0 0.0 1793.1406282446853 0 9.5318064e-05
201013581.0 1.0 1796.8492729874604 1 0.99999744
376193302.0 0.0 1794.347689006135 0 4.717338e-05
326967731.0 1.0 1799.1406064340688 1 0.99999964
309132339.0 1.0 1793.390439998675 1 1.0
104152774.0 1.0 1805.411529778451 1 1.0
302469111.0 1.0 1795.9532069866668 1 1.0
420448703.0 0.0 1799.8058213360284 3 9.723068e-05
335037725.0 0.0 1808.846110831625 0 1.5378727e-06
445555125.0 0.0 1796.6400919771802 0 1.5658685e-05
280031408.0 0.0 1798.928444510125 2 1.3239997e-18
285428718.0 1.0 1796.0163175770772 1 0.99999136
52181279.0 1.0 1795.035326388356 1 0.99656934
369994913.0 1.0 1796.8272798499836 1 0.99999934
357744803.0 1.0 1798.6808252246947 1 1.0
137265019.0 0.0 1805.2014277341164 0 1.3206768e-05
427867897.0 0.0 1793.409375475658 0 2.489613e-10
441804845.0 0.0 1796.8861580018856 2 9.455851e-11
219092927.0 1.0 1810.323411334179 1 0.99948907
251278457.0 0.0 1809.4321251093286 0 3.1908025e-05
235934037.0 1.0 1810.1579391318633 1 1.0
368518022.0 1.0 1795.9724510135848 1 0.9999989
441734144.0 0.0 1810.2615707004513 3 5.734423e-29
401007302.0 1.0 1796.3484271354125 1 0.9999855
305047694.0 1.0 1811.2854852766095 1 1.0
49847125.0 0.0 1798.660631116098 2 1.9059046e-11
219756935.0 1.0 1795.4686813246155 1 0.9999922
301736993.0 0.0 1809.0572128338808 0 0.00014372822
229447803.0 0.0 1793.407217102285 0 0.00018639489
308716542.0 0.0 1812.3693010474226 0 6.953444e-05
279441587.0 0.0 1805.3059606349061 0 0.00077996304
410502911.0 1.0 1805.452770178405 1 0.99999475
417665707.0 1.0 1799.7424573107608 1 0.9999263
378473492.0 0.0 1805.2219611727155 0 1.3616409e-06
270325883.0 0.0 1812.3676462083338 0 0.00016172319
230027382.0 1.0 1798.3445376648729 1 0.9999899
301642907.0 1.0 1805.5364964115602 1 0.99999994
334802172.0 0.0 1809.3044170500887 0 1.9520114e-06
264403400.0 1.0 1798.38759770735 1 0.9999997
367097800.0 1.0 1798.2421196238251 1 0.99999523
52269296.0 0.0 1805.5561113665185 0 8.2798766e-07
354786452.0 1.0 1794.6599153733366 1 0.9999748
354784701.0 0.0 1797.8475414493084 0 4.8136786e-05
219816292.0 1.0 1810.1560207546238 1 0.99999464
272926383.0 0.0 1793.4098934037306 0 1.2703577e-10
198176304.0 1.0 1794.2388971508576 1 0.9999988
376298461.0 1.0 1800.1185365235378 1 0.9999976
308619443.0 0.0 1810.8483579579981 2 2.0552936e-06
435679839.0 0.0 1812.3677000117627 0 0.00025814126
200793167.0 1.0 1805.453649175042 1 1.0
85400893.0 0.0 1805.266356514075 0 0.0002094389
229404112.0 0.0 1812.3444143494883 0 5.237354e-06
434717882.0 0.0 1812.367392055216 0 5.991152e-05
445606247.0 0.0 1808.8485847191523 0 0.000270424
29109072.0 0.0 1800.1414419744049 0 2.5402863e-07
389634659.0 1.0 1810.827123240615 1 0.99999994
198416591.0 0.0 1804.6765052757967 3 5.1350405e-33
235678225.0 0.0 1805.199206632816 0 7.409319e-07
347838840.0 1.0 1806.0776856113807 1 0.99985284
265071977.0 0.0 1808.867615850866 0 0.00014998035
327366335.0 1.0 1796.4310907009433 1 0.9999998
275482504.0 1.0 1810.3895119284598 1 0.9999999
445306740.0 1.0 1796.6190745929762 1 0.99999946
331814268.0 1.0 1798.701296917547 1 0.9995844
405404134.0 0.0 1812.683100958286 0 0.00010373307
286574198.0 0.0 1808.910779099623 0 0.00026505537
292318734.0 1.0 1810.9323418483573 1 0.9999999
367866882.0 0.0 1805.2008590188339 0 7.7101403e-10
199633179.0 1.0 1794.3638441709224 1 0.9999996
280021896.0 1.0 1806.2234323102446 1 0.9999999
400498116.0 0.0 1796.6401705212456 0 0.0002365439
387836322.0 0.0 1805.4498705755823 0 0.00011796295
139408161.0 1.0 1793.2244587100536 1 0.99998546
28871876.0 1.0 1810.4956114241602 1 0.9999808
389772044.0 1.0 1797.1814315761567 1 0.9999743
403746452.0 0.0 1808.848687119589 0 0.00012435965
34786329.0 0.0 1812.5163631740274 0 0.00042065623
353238522.0 0.0 1805.4102666999734 0 3.2256718e-05
285128834.0 1.0 1799.7225995019915 1 1.0
229448349.0 0.0 1800.4071076583277 0 1.0462857e-05
353894978.0 0.0 1799.260104245916 3 1.1673169e-32
346120142.0 1.0 1793.4732036980517 1 0.9999996
236888977.0 0.0 1808.8658405324416 0 0.0006362597
81823040.0 1.0 1795.0148559469458 1 0.99999946
90648961.0 0.0 1812.7247101329542 0 0.0009190868
251199388.0 0.0 1793.3276190276997 0 1.3154589e-06
445558956.0 0.0 1799.9735225684055 2 8.285373e-09
405460528.0 1.0 1798.9122418293164 1 1.0
250683200.0 1.0 1795.4530040432287 1 1.0
85486799.0 0.0 1796.6413407330583 0 0.00041290282
406762303.0 0.0 1809.2017649415536 0 3.9298524e-05
200771373.0 0.0 1805.2035861736808 0 2.3386905e-05
431866783.0 1.0 1810.1201164814236 1 0.999997
352954638.0 1.0 1797.0539640013576 1 0.99953717
129913508.0 0.0 1805.6410033767147 0 0.0001755456
280036563.0 1.0 1797.1367001257497 1 0.99999803
320048581.0 1.0 1805.8894235149205 1 0.99999875
356786817.0 0.0 1794.2824145233224 2 1.01060295e-16
52855338.0 0.0 1809.202013603369 0 0.00012484881
398327078.0 1.0 1793.5961223458505 1 1.0
354165783.0 1.0 1797.1586017310021 1 0.99999595
354398903.0 1.0 1798.0571628719579 1 0.999225
329248962.0 0.0 1812.4263124298402 0 0.0002773849
229701055.0 1.0 1805.886331381811 1 0.9999855
272219327.0 1.0 1798.3681121572977 1 0.9999994
423025200.0 1.0 1811.468329700954 1 1.0
316133276.0 1.0 1795.660873091018 1 0.9999782
235709741.0 0.0 1793.5533592188167 2 5.19643e-08
229958444.0 1.0 1794.8444567209885 1 0.9999994
321688478.0 0.0 1805.4499986019378 0 1.1119488e-06
368104582.0 1.0 1798.0554401453178 1 1.0
230001271.0 1.0 1798.1361372185388 1 0.99999636
184740987.0 1.0 1798.661888778475 1 0.9999992
396484827.0 1.0 1797.013485521082 1 0.9999256
184687209.0 0.0 1809.3282532068665 0 0.00051805825
82619767.0 1.0 1811.036039313301 1 0.9999991
238793088.0 1.0 1796.1199776804588 1 0.99999994
402894571.0 1.0 1795.3661540754097 1 1.0
264468735.0 1.0 1797.1375809072495 1 0.9999533
285270246.0 1.0 1797.391190773616 1 0.9999981
306951920.0 0.0 1805.5356403242527 0 0.16676396
444625810.0 0.0 1805.5562978399153 0 4.9966043e-06
235988533.0 0.0 1808.8665705165472 0 2.8180925e-06
327443417.0 1.0 1798.99467523229 1 0.99991846
198354443.0 0.0 1795.4263366499736 3 2.9420165e-20
230019513.0 0.0 1808.8443183516767 0 0.00026564838
412359570.0 1.0 1794.8462605685531 1 1.0
320272215.0 0.0 1805.5353400885315 0 0.0044005266
81456953.0 1.0 1800.389767623603 1 1.0
241142422.0 1.0 1799.702798813699 1 0.99999297
417310918.0 1.0 1798.0558853853074 1 1.0
279715893.0 1.0 1795.3689712718704 1 0.99996483
427643087.0 1.0 1810.2018280682746 1 0.9999848
398236889.0 1.0 1799.4498112569754 1 0.9999961
286224054.0 0.0 1812.4109004920424 0 8.7304926e-07
20872964.0 1.0 1796.2658992236068 1 0.99999785
250506049.0 0.0 1812.3485635821453 0 0.00023610452
331934505.0 1.0 1797.05568273292 1 0.9988218
54620702.0 1.0 1794.431402662116 1 0.9999818
229683649.0 1.0 1798.0931229711216 1 0.99998933
381593629.0 0.0 1809.0574926862462 0 0.00013483531
354105524.0 1.0 1811.4522592227643 1 0.9933625
331787298.0 0.0 1805.5563773016986 0 7.698333e-06
252096958.0 0.0 1794.9730056263338 3 3.1864958e-27
407417198.0 1.0 1797.78649445838 1 0.9999999
280033934.0 0.0 1807.84510016968 3 1.3571682e-31
377294784.0 0.0 1797.9691663736367 0 0.00019985886
322057079.0 0.0 1805.2000596640635 0 2.0927944e-06
432095130.0 1.0 1811.1619497760773 1 0.99998325
346781468.0 1.0 1794.0994261590604 1 0.99999994
250896425.0 1.0 1806.2031037858628 1 0.9999995
400735127.0 1.0 1796.6813888280155 1 0.9998634
51877874.0 1.0 1794.0142707392538 1 1.0
252854084.0 1.0 1799.9947686454368 1 0.9999978
284149063.0 0.0 1809.2017881649829 0 0.00010491109
396379847.0 1.0 1795.9309999399647 1 0.99999744
240976971.0 0.0 1805.244245262528 0 3.5173664e-09
349292582.0 1.0 1810.5580075910805 1 0.9994207
353551124.0 1.0 1811.2228600399158 1 0.99995494
376200464.0 1.0 1810.4103877110585 1 1.0
83224269.0 1.0 1799.32661743652 1 1.0
400340005.0 0.0 1795.6598666477926 2 3.578382e-21
395586623.0 1.0 1796.2430181647137 1 0.9999326
445613150.0 0.0 1805.2235718056593 0 5.8849155e-11
321688676.0 1.0 1795.3042897777382 1 0.99957234
388505889.0 0.0 1812.3672750174735 0 9.42931e-06
403262379.0 0.0 1812.6807902877094 0 0.00014010529
372121288.0 0.0 1797.3902813188226 2 2.881451e-12
369352318.0 1.0 1811.3059895222543 1 0.99999905
12214526.0 1.0 1797.3481093826556 1 0.9976294
307640555.0 1.0 1800.035930630298 1 0.9999887
394122320.0 1.0 1806.0325467420373 1 1.0
348308681.0 0.0 1808.8486408960189 0 6.8395348e-06
272223983.0 1.0 1806.4305050955293 1 1.0
258463587.0 0.0 1808.8869964650955 0 9.555775e-06
302149884.0 0.0 1805.4325417618093 0 1.798767e-05
369091357.0 1.0 1795.2430833739875 1 1.0
230386284.0 0.0 1811.885975473493 3 1.4626763e-08
274842485.0 0.0 1805.2010764121544 0 0.0023095084
269597203.0 0.0 1812.3866249735786 0 8.179901e-09
116986642.0 0.0 1805.599024293869 2 2.7080493e-20
192883327.0 0.0 1808.8493661561922 0 0.00011030352
275855499.0 1.0 1794.743484473469 1 1.0
403332619.0 0.0 1805.1994124698099 0 4.386575e-07
322134641.0 1.0 1811.4916359980677 1 0.99995315
250455941.0 0.0 1796.9946837268328 0 0.00026591396
219109908.0 0.0 1794.261067480355 3 2.0435274e-27
390863193.0 1.0 1794.7230902585839 1 0.99999803
332985056.0 1.0 1798.1815152789802 1 0.99999976
63404192.0 1.0 1810.3075052224635 1 0.9999997
229589968.0 1.0 1798.1155374216064 1 0.99993753
63344672.0 0.0 1805.3909664409036 0 3.1472697e-05
424438495.0 1.0 1811.4899665676219 1 0.9999796
399259890.0 1.0 1810.3688009037808 1 0.99999803
139459961.0 1.0 1797.2244467508308 1 0.9999999
320186525.0 0.0 1805.5352155465387 0 5.5535297e-06
236982290.0 1.0 1797.5952439218431 1 0.9999974
434973203.0 1.0 1799.7635137954524 1 0.99999976
420658063.0 1.0 1799.59673095845 1 0.99963325
20896006.0 0.0 1793.1406664568733 0 0.00015722025
5722134.0 1.0 1794.5996802184993 1 0.9999997
67635034.0 0.0 1805.3077126750914 0 3.5690035e-05
125735774.0 1.0 1794.3496105736067 1 0.9997948
251679140.0 0.0 1805.2028773746576 0 3.6417355e-06
348306966.0 1.0 1799.015353765867 1 0.99999076
369821322.0 0.0 1793.1393953226611 0 3.745142e-11
389545459.0 1.0 1798.806475932158 1 0.99999994
369732109.0 0.0 1812.6807125584041 0 9.077192e-05
194667324.0 0.0 1793.2867943075432 2 0.0005179373
377276570.0 1.0 1795.7008610664686 1 0.9999738
367532344.0 0.0 1800.1404933792785 0 9.4338905e-11
229614158.0 0.0 1808.845167246689 0 8.253056e-09
377153943.0 1.0 1799.0549753101361 1 0.99999744
326815615.0 0.0 1811.0763644931333 2 4.456916e-07
11061640.0 1.0 1797.1187231263818 1 0.99999976
233233781.0 1.0 1796.4691717325559 1 0.99999374
444596968.0 1.0 1797.4313791042782 1 1.0
354469474.0 1.0 1794.0153638209867 1 0.9999999
229512750.0 0.0 1812.3445442365385 0 1.5572221e-05
417339069.0 0.0 1809.2434391796487 0 2.2330696e-07
378194321.0 1.0 1800.159579747644 1 1.0
219807930.0 1.0 1800.0520028095054 1 0.99999976
431761589.0 1.0 1810.5993366158375 1 0.9999995
20876588.0 0.0 1801.7659188429207 3 2.984346e-10
103946678.0 1.0 1795.6612560327571 1 0.9999874
292051618.0 1.0 1810.244669824529 1 1.0
400668269.0 0.0 1805.3067120952921 0 7.829414e-08
326815804.0 0.0 1807.4722913261483 3 3.8675933e-07
354595629.0 1.0 1796.9727597847402 1 0.99999976
240956901.0 0.0 1808.8900182738305 0 3.811597e-05
367351684.0 1.0 1811.5130429056924 1 0.9999932
359541332.0 0.0 1809.1599692177026 0 0.000102124606
52425081.0 1.0 1795.389590212857 1 0.99997014
369353023.0 0.0 1795.8057528926001 2 1.7047283e-14
264105079.0 1.0 1805.6167081790081 1 1.0
275259619.0 1.0 1794.5344198674327 1 0.9999988
256509568.0 0.0 1805.2197675549362 0 2.9073246e-09
389959420.0 1.0 1800.5518380821145 1 0.99852926
390803914.0 0.0 1797.8479531468959 0 0.00021556986
268948084.0 0.0 1812.3467152070305 0 3.390324e-09
292465093.0 0.0 1812.3489114637734 0 0.00032539578
233630074.0 1.0 1795.4486649130515 1 1.0
251153442.0 0.0 1805.598768668904 2 1.3167615e-07
82010486.0 1.0 1797.952507667508 1 1.0
374702218.0 0.0 1812.4107867935134 0 3.185678e-14
316042773.0 1.0 1796.619300662825 1 0.9999972
348305768.0 1.0 1796.7444734491658 1 0.99999326
192473103.0 1.0 1795.3907595396743 1 0.9999987
381591824.0 1.0 1798.7451752659067 1 1.0
229676244.0 0.0 1806.803164306231 3 2.7219409e-14
445133704.0 0.0 1798.7023343633168 3 1.8293118e-36
269889891.0 1.0 1810.6412361268262 1 0.9999998
409530925.0 0.0 1809.0990998093107 0 3.558386e-07
189592051.0 0.0 1812.723710635148 0 0.00022863354
428734994.0 0.0 1808.867866002904 0 2.3083127e-16
427550560.0 0.0 1812.3673821316245 0 1.3935456e-06
356108092.0 1.0 1811.0933272497284 1 0.9996489
396339551.0 0.0 1799.4307956407542 3 0.0005088642
377744167.0 1.0 1805.5551703176525 1 0.9999998
336003623.0 1.0 1793.7839296401855 1 0.9999999
237280112.0 1.0 1806.1370026825425 1 0.99996424
445351659.0 0.0 1809.160473054048 0 8.490484e-07
192734741.0 1.0 1798.0990598340006 1 1.0
387696625.0 1.0 1799.1164571817726 1 0.99999994
375605159.0 1.0 1811.4086723441987 1 0.9999983
192466790.0 0.0 1805.2868406385828 2 9.174369e-11
445308408.0 1.0 1796.0565873586213 1 1.0
400496840.0 0.0 1805.2442423921673 0 7.521465e-08
265288719.0 1.0 1805.2651042737004 1 0.9999966
407312229.0 0.0 1805.2223027853265 0 6.437464e-07
52033890.0 0.0 1809.3060111025936 0 4.6408207e-11
202844845.0 1.0 1798.9115350378713 1 0.99994457
431762590.0 0.0 1800.1409419068793 0 4.7019334e-05
394091373.0 1.0 1805.8455122553332 1 1.0
299489062.0 1.0 1797.9944527199589 1 1.0
63627127.0 0.0 1812.5367497924758 0 0.00040705266
427868447.0 0.0 1793.4093530424868 0 7.1343736e-10
63623869.0 0.0 1808.7034526297452 3 5.394427e-10
369152941.0 0.0 1805.285289354949 0 7.440528e-06
375905602.0 1.0 1793.8672002652356 1 1.0
403253601.0 1.0 1793.4311864942174 1 0.9999997
385105618.0 1.0 1811.4950576261379 1 0.99999845
240874160.0 0.0 1805.2025653067374 0 1.763455e-05
245395761.0 0.0 1795.6818170042532 2 1.1415354e-05
376926539.0 0.0 1805.198196145032 0 6.3818806e-07
365596569.0 1.0 1811.5119521291922 1 0.99999756
159539963.0 0.0 1805.1991505269425 0 1.7924543e-07
402812432.0 1.0 1797.4517043058027 1 0.9999999
29019078.0 0.0 1809.1205944694689 0 0.00014846031
445560036.0 1.0 1805.348526883648 1 0.99999565
427732007.0 1.0 1797.7218349277937 1 0.99999994
201356128.0 0.0 1805.2036210850729 0 0.0003955769
390021728.0 0.0 1808.364359917162 3 0.0
264899051.0 0.0 1800.1377880655234 0 1.0754143e-06
272229196.0 0.0 1805.201389129288 0 1.5971685e-07
316135650.0 0.0 1800.390084413783 0 3.9667066e-06
348138318.0 1.0 1795.6817933650107 1 0.9997127
417831350.0 1.0 1794.8287004758688 1 1.0
301738265.0 1.0 1805.265602731944 1 1.0
229776076.0 1.0 1797.9697131767036 1 1.0
429005280.0 0.0 1793.1379139972776 0 7.3691304e-14
418218506.0 0.0 1808.9917233995934 0 7.878655e-05
401087272.0 1.0 1806.41110916592 1 0.9999748
354013240.0 1.0 1797.0566669676723 1 0.9999765
452945606.0 1.0 1797.4730019092249 1 0.9999959
63623869.0 0.0 1801.078612109163 3 6.7359455e-17
362964028.0 0.0 1800.409336439939 0 1.0743424e-11
229445310.0 1.0 1795.094758547793 1 0.9999984
407234920.0 0.0 1805.201327528707 0 3.341779e-06
444794150.0 1.0 1799.3895238593861 1 0.99999976
249833332.0 1.0 1796.7238426139752 1 0.9999364
275424226.0 0.0 1805.220705154856 0 4.9518427e-08
428395071.0 1.0 1799.348851082192 1 0.9999884
271240484.0 0.0 1805.2220348874218 0 2.0649233e-09
139353433.0 1.0 1795.8702272830865 1 0.9999971
275767819.0 0.0 1805.327147370335 0 4.1910585e-06
405623715.0 1.0 1794.994808795923 1 1.0
229644238.0 0.0 1794.1989680073148 0 1.6974931e-05
333733312.0 0.0 1800.6162197817625 0 1.3416127e-06
436844373.0 1.0 1796.99561062443 1 0.9999999
351879739.0 1.0 1811.0557912529878 1 1.0
196919111.0 1.0 1810.9526311665695 1 0.99999577
429020102.0 1.0 1797.8463781517912 1 0.9998479
189637855.0 1.0 1798.724117539587 1 0.9999998
284059419.0 1.0 1796.5162743474602 1 0.9998734
293185832.0 1.0 1811.286545555396 1 0.9999969
233080784.0 1.0 1810.323165863295 1 0.99998397
368737058.0 1.0 1799.3056259216175 1 0.99999976
348019467.0 0.0 1808.848426734251 0 7.872608e-06
402775080.0 1.0 1799.5142511482402 1 0.99300605
347306080.0 1.0 1797.5559724823922 1 0.9999575
251646422.0 0.0 1805.2027796992827 0 0.0001201288
410615214.0 1.0 1811.0152068017314 1 0.9999991
433140578.0 1.0 1798.0786834541896 1 0.9999846
279842375.0 1.0 1797.8481944456714 1 0.9999996
259167484.0 0.0 1805.1989703689817 0 4.770577e-12
359675890.0 0.0 1812.364519757686 0 4.924918e-10
433878077.0 1.0 1795.305124199003 1 0.9999982
229957580.0 1.0 1794.552840655503 1 0.9999891
82619536.0 0.0 1808.8485170279066 0 0.000106973835
251256829.0 1.0 1806.286128636718 1 0.99989504
356917895.0 0.0 1805.2810549398826 0 7.7687455e-06
286239868.0 0.0 1794.9121778549802 2 1.1346041e-11
219864007.0 1.0 1795.5525898741414 1 0.99999976
229449989.0 1.0 1798.2197494363259 1 1.0
238656082.0 0.0 1805.2028792213916 0 1.2107614e-06
399358798.0 0.0 1809.2023240736935 0 0.00010425547
65694498.0 1.0 1806.3910344042552 1 0.99999005
445140600.0 0.0 1812.7018967091562 0 3.53068e-10
264544107.0 1.0 1798.5751612835645 1 0.9997118
353934550.0 1.0 1799.3433462858493 1 0.999997
63586477.0 0.0 1800.474518088545 0 9.210602e-06
319844644.0 1.0 1793.8688002638953 1 0.99999493
335966372.0 0.0 1797.6990856885755 0 1.2369092e-08
427384704.0 0.0 1797.575846029746 2 6.612352e-07
354467450.0 1.0 1805.911079707821 1 0.99998504
259168895.0 0.0 1808.9280537967857 0 1.0236012e-07
250478210.0 0.0 1808.8485770724437 0 9.017529e-07
28834711.0 1.0 1795.9538886481275 1 0.99997115
26396354.0 0.0 1805.5787787587647 0 0.00017545927
250912291.0 1.0 1805.8281742778668 1 1.0
199664100.0 1.0 1793.3847025803548 1 0.9999996
286128765.0 1.0 1794.868675608607 1 1.0
279348496.0 1.0 1799.1393005145512 1 0.9999964
265195002.0 1.0 1798.8069471235576 1 1.0
332260437.0 1.0 1794.2856810637454 1 1.0
229492454.0 1.0 1793.636560016326 1 1.0
189672579.0 1.0 1811.3696679107125 1 0.9999998
279354199.0 1.0 1795.7019612779754 1 1.0
265379453.0 0.0 1808.8487789913613 0 0.0003151895
399735241.0 1.0 1794.721377413872 1 0.99999994
252115405.0 1.0 1793.7232203021479 1 1.0
410552467.0 1.0 1805.9737403015167 1 0.99999994
370598467.0 1.0 1794.1193879023642 1 0.9999999
52036676.0 1.0 1795.5768998845047 1 0.9999999
268626693.0 0.0 1812.388329406087 0 6.775768e-06
427737153.0 1.0 1811.2664803150867 1 0.9999998
85590649.0 1.0 1793.7245052992514 1 0.99998593
264738932.0 0.0 1805.265024601024 0 9.160775e-09
249884710.0 1.0 1805.4948274623357 1 0.99997866
237307579.0 1.0 1797.782982773321 1 0.9999973
444628469.0 1.0 1794.6812691246125 1 0.9999812
198354443.0 0.0 1795.8846693768096 3 1.5240321e-16
259301265.0 1.0 1797.3699305214207 1 0.99999684
372725730.0 1.0 1798.5979068336985 1 0.9999999
198354443.0 0.0 1808.9263470007459 3 1.979202e-22
258389103.0 1.0 1795.740972579452 1 0.99999857
452945261.0 0.0 1809.1602592085608 0 4.633973e-05
407156620.0 1.0 1805.4305937938852 1 0.99999726
292398977.0 0.0 1812.5155504211257 0 1.0638827e-05
28870707.0 1.0 1793.1830206064842 1 0.9999971
326815804.0 0.0 1802.2640638385333 3 1.1371989e-05
101169160.0 0.0 1805.4747000243246 0 0.00011994922
219737542.0 0.0 1808.843716820034 0 0.00049506075
327703444.0 0.0 1805.2031388712915 0 1.0811175e-05
364176415.0 1.0 1805.5748705509543 1 0.99988294
422540796.0 1.0 1793.2022402308407 1 0.9999989
270920070.0 1.0 1806.284564700182 1 1.0
312974144.0 1.0 1810.5146113680678 1 0.9999995
377306466.0 0.0 1808.8856256158967 0 2.2874995e-07
388526862.0 1.0 1798.1173362781747 1 0.9972656
285181325.0 0.0 1809.1202139297172 0 0.00018939843
240900115.0 1.0 1796.3485886604997 1 0.9999904
397921977.0 0.0 1808.9309794349049 0 8.903128e-06
444800317.0 1.0 1796.3062114411032 1 0.9999279
258393554.0 1.0 1811.4695702512843 1 0.9999765
241046345.0 0.0 1805.2027334759027 0 0.00024281649
331212334.0 1.0 1810.3272888614529 1 0.99999946
407205752.0 0.0 1808.8680901139317 0 0.00011585426
279064282.0 1.0 1811.5140604963349 1 1.0
368965412.0 0.0 1805.2014667049857 0 0.000116029936
271911876.0 1.0 1795.1806196359 1 0.9999997
316966379.0 0.0 1805.202777089457 0 7.068017e-11
445361586.0 1.0 1797.1188013715423 1 1.0
230018065.0 1.0 1798.698681775071 1 0.9999017
433206606.0 1.0 1793.8911614108642 1 1.0
422540162.0 0.0 1805.5564237831265 0 1.8587891e-06
301163102.0 0.0 1812.3487969792225 0 5.997252e-08
321544207.0 0.0 1812.3873455826265 0 1.12706466e-07
333112922.0 1.0 1794.4109661532116 1 0.9999991
444078430.0 0.0 1796.8278648011428 0 0.00058660796
366195369.0 0.0 1793.1393850942798 0 4.447392e-05
396266973.0 1.0 1810.1600927652169 1 0.9999996
329344868.0 0.0 1805.4471680872548 0 2.0540043e-08
420498361.0 0.0 1808.9517537377715 0 0.0046152007
177972520.0 0.0 1808.9328128509628 0 0.00013665519
279270131.0 0.0 1793.785176034865 2 1.09742215e-08
230073412.0 0.0 1808.8438002706998 0 2.899319e-06
353172968.0 1.0 1810.472620611861 1 0.9999997
402831124.0 1.0 1805.8051061815538 1 0.9999991
352979549.0 0.0 1803.7414198085792 3 7.626436e-10
241076979.0 1.0 1805.7653302125464 1 1.0
445397699.0 1.0 1793.6397163019105 1 1.0
408731664.0 0.0 1812.3471422683983 0 1.8814462e-06
236986155.0 0.0 1805.22010252693 0 4.94138e-07
453224104.0 1.0 1796.2024772617397 1 0.9999574
397763866.0 0.0 1796.9096452103615 0 1.9424388e-05
354115138.0 0.0 1805.2210422424064 0 2.9054146e-07
376971463.0 0.0 1795.9923813448997 3 1.04139045e-17
292324789.0 0.0 1812.3904929175087 0 6.127958e-09
200794039.0 0.0 1805.2036189716798 0 2.9129798e-05
375852500.0 0.0 1795.138097109545 2 2.922886e-10
452960580.0 1.0 1799.306350577984 1 0.9999989
192530067.0 1.0 1798.995020700494 1 0.99999946
375913362.0 0.0 1805.2421874426802 0 3.3782307e-11
302228229.0 1.0 1810.349004430347 1 1.0
53863797.0 0.0 1809.1810398538205 0 3.4452307e-07
50936525.0 0.0 1805.2648724446642 0 5.2853757e-05
422978430.0 0.0 1795.1823811930337 2 4.0140176e-09
326793563.0 0.0 1796.618532940513 2 2.1716962e-06
388077369.0 0.0 1812.9706137925011 0 2.1021005e-07
352115715.0 0.0 1811.3473107328332 2 2.6513453e-07
137120078.0 1.0 1810.8264533970819 1 0.9999999
35114024.0 0.0 1809.120570412271 0 0.00035413203
396200112.0 1.0 1799.076279638293 1 0.9999952
433283420.0 0.0 1793.1410685661615 0 0.000108190696
230091823.0 1.0 1795.6563738205018 1 0.9999998
301741759.0 0.0 1805.2032129375411 0 3.9009095e-07
445611717.0 1.0 1806.0569295297933 1 0.99999493
323405815.0 1.0 1805.6378988415613 1 0.99999577
137907585.0 1.0 1796.745421942774 1 1.0
319599158.0 0.0 1793.3269737919702 0 6.397672e-06
367819665.0 1.0 1810.6590684543817 1 0.9999924
251435105.0 0.0 1808.8486072876294 0 0.00019115389
309303437.0 1.0 1810.1403164094118 1 1.0
293066086.0 0.0 1796.807376712608 3 1.3492778e-20
367861883.0 1.0 1797.6384533290773 1 0.9999997
366381688.0 0.0 1796.8252956244266 0 4.3455975e-06
405482457.0 0.0 1793.2870955637256 2 0.058016565
77224596.0 0.0 1805.2870789495591 0 0.0027957659
403681809.0 1.0 1794.5150551681088 1 0.99999994
194736844.0 0.0 1800.8702555115647 3 3.3597963e-10
359588373.0 1.0 1810.635122139579 1 1.0
229676244.0 0.0 1794.3029574416812 3 1.7363135e-10
356977663.0 0.0 1805.197568298979 0 7.6518106e-08
249920084.0 0.0 1805.203032655074 0 3.533239e-05
420842891.0 1.0 1799.7645253438204 1 1.0
13527871.0 1.0 1810.6815760534173 1 0.99951714
289139593.0 0.0 1808.8473763413958 0 4.4686785e-05
258463587.0 0.0 1812.3869623615874 0 0.000395287
50692461.0 1.0 1810.5149014930298 1 0.99999154
71697808.0 1.0 1798.5360283532484 1 0.9999964
320179989.0 0.0 1812.6808599637789 0 8.0129335e-05
191704473.0 1.0 1794.6405808257614 1 1.0
334173291.0 0.0 1812.3876350876744 0 4.1475852e-17
376897562.0 0.0 1811.0339283671342 2 1.6557425e-15
334678928.0 1.0 1805.7406202285729 1 0.9999999
400349220.0 1.0 1797.597407686345 1 0.9999999
398308735.0 0.0 1805.2004668770912 0 1.0248783e-05
445486065.0 1.0 1805.7860051087448 1 0.9999803
366972961.0 0.0 1811.2837685286465 3 5.1170965e-23
408620232.0 1.0 1811.118584350088 1 0.99999094
250452367.0 1.0 1795.6612060210311 1 0.99999976
387813994.0 0.0 1812.3662881829687 0 6.500065e-05
405321655.0 0.0 1808.8458065238551 0 2.1004464e-06
332367733.0 0.0 1805.5149236462585 0 0.00013687143
68038052.0 0.0 1805.245214258345 0 0.00022200469
28693251.0 1.0 1810.8280710566319 1 0.99999994
385042743.0 0.0 1796.6407498766305 0 0.00011546769
184685168.0 0.0 1805.349280210236 0 2.430155e-06
265299463.0 0.0 1796.8277541504185 0 0.0004091248
268948397.0 0.0 1808.8676433105973 0 5.0537365e-09
241099231.0 1.0 1805.9529533807463 1 1.0
359493570.0 0.0 1806.0519705118672 2 1.1503238e-11
81446824.0 1.0 1810.5775256658062 1 0.99999934
417752339.0 1.0 1811.284207414779 1 0.9999882
302544353.0 1.0 1794.2246106050804 1 0.9995318
251382976.0 0.0 1796.8900598640287 0 0.00027117998
428328845.0 0.0 1808.8906986211514 0 4.7128193e-05
252833791.0 1.0 1796.1821676578752 1 0.99997973
308535325.0 1.0 1793.1819905095629 1 1.0
445610609.0 1.0 1794.5777374326929 1 1.0
138053282.0 1.0 1793.2037306555183 1 1.0
406708763.0 0.0 1793.1395439895957 0 2.2024305e-09
81452605.0 1.0 1795.8687818747605 1 0.99993634
198416591.0 0.0 1799.6140146553694 3 1.1244345e-35
65440013.0 0.0 1805.5784921548031 2 0.053599715
233682766.0 0.0 1808.9059828307472 0 0.0001786322
291839937.0 0.0 1812.3696277851482 0 4.8638194e-06
374391190.0 0.0 1812.4107295019217 0 8.2030565e-05
268843207.0 1.0 1796.492801471643 1 1.0
12414654.0 1.0 1798.5981606305322 1 0.98903096
445483401.0 0.0 1808.8484216915278 0 8.5334904e-07
229953415.0 0.0 1812.3652064229836 0 6.822205e-07
198418184.0 1.0 1810.9679197924293 1 1.0
403431219.0 1.0 1795.494145810971 1 1.0
407026265.0 0.0 1808.8886247955525 0 7.163834e-08
315938664.0 1.0 1795.8691845207788 1 0.99999785
249916249.0 0.0 1812.3697724229621 0 4.3904507e-07
322443844.0 0.0 1808.8876557948142 0 6.0198924e-10
275362451.0 0.0 1808.867885101695 0 3.4612613e-10
445365644.0 1.0 1805.9937718660162 1 0.99999994
54461534.0 1.0 1796.1187613478191 1 1.0
422925834.0 1.0 1793.6824527793597 1 0.99995613
396532179.0 0.0 1811.4933438222854 99 8.046147e-08
237000094.0 0.0 1795.4911537312169 99 6.875028e-09
54465292.0 0.0 1795.74368063678 99 0.0006178216
245552501.0 0.0 1799.6402331321854 99 0.22762963
445352722.0 0.0 1793.4315112875615 99 3.6047997e-05
394088540.0 0.0 1810.7412696345068 99 4.471695e-06
354242093.0 0.0 1810.721483884119 99 1.0497848e-09
238778460.0 0.0 1810.3075821019447 99 2.665065e-07
249889812.0 0.0 1798.2029550000286 99 1.382685e-07
278933172.0 0.0 1805.5766023299634 99 5.663788e-22
129901285.0 0.0 1795.9952542623432 99 3.9274875e-07
192469090.0 0.0 1810.2243255349802 99 1.0168068e-05
285238432.0 0.0 1798.9528715452707 99 4.9962488e-05
285280889.0 0.0 1794.016189182502 99 7.342005e-12
264292988.0 0.0 1795.4916599917392 99 6.193142e-11
229957580.0 0.0 1794.552840655503 99 2.6073738e-05
407387075.0 0.0 1811.5571204323319 99 4.22865e-08
359593546.0 0.0 1811.2430939162673 99 0.0006137009
374479643.0 0.0 1810.265044206078 99 0.00011180555
445296618.0 0.0 1793.577213375826 99 4.259898e-07
301916817.0 0.0 1811.2871203220182 99 2.1943812e-07
251766867.0 0.0 1794.0567665061612 99 9.833041e-10
301417546.0 0.0 1810.2236828806685 99 0.00021498589
356978922.0 0.0 1811.3018636582408 99 7.443599e-08
265348968.0 0.0 1795.617724295326 99 0.00046439742
229674517.0 0.0 1794.2193626421652 99 9.547135e-07
401007633.0 0.0 1794.1192110949555 99 2.6312235e-05
428740772.0 0.0 1810.763443656995 99 0.012176569
317845833.0 0.0 1794.5132139685904 99 0.0018629256
384805458.0 0.0 1806.2653180390232 99 6.2970656e-07
279288500.0 0.0 1798.5344313777548 99 2.0821399e-06
372793338.0 0.0 1794.9103898429407 99 1.9904862e-06
233083400.0 0.0 1811.1978528398936 99 4.962488e-06
23051058.0 0.0 1794.8078634466174 99 2.6869504e-08
444834252.0 0.0 1810.1605893902954 99 7.9209696e-07
237100372.0 0.0 1795.8228455383532 99 2.0591408e-06
405460528.0 0.0 1798.9122418293164 99 8.625919e-08
407244881.0 0.0 1796.1182891186663 99 2.1402856e-10
34619582.0 0.0 1806.391409833159 99 1.163084e-08
400405642.0 0.0 1806.261196890502 99 2.8234078e-06
286010581.0 0.0 1811.4107330138306 99 0.00017971672
116015207.0 0.0 1795.7863890904212 99 0.00012738911
237221686.0 0.0 1798.887039428279 99 1.9330395e-08
381656536.0 0.0 1794.2868132236172 99 4.5873185e-05
453256390.0 0.0 1797.764876159117 99 0.0038056765
375785288.0 0.0 1795.8047606309008 99 6.8472974e-09
292849468.0 0.0 1794.8908668127349 99 7.1823104e-07
177992394.0 0.0 1811.1828116137967 99 4.229981e-08
191769044.0 0.0 1810.5986150655924 99 0.00017210355
434972989.0 0.0 1798.4927346302607 99 4.2643238e-05
238652771.0 0.0 1799.0779673684399 99 7.372931e-09
117270306.0 0.0 1793.5987523058357 99 2.783625e-06
249940864.0 0.0 1805.5780500867393 99 3.3785554e-07
341840419.0 0.0 1798.6765627622317 99 7.654802e-07
421381395.0 0.0 1810.930929690288 99 2.1443458e-07
13613256.0 0.0 1794.6398183848578 99 4.4046233e-06
116009267.0 0.0 1795.2031718745825 99 2.0836274e-05
396244148.0 0.0 1799.1804438513943 99 4.9720654e-09
63627127.0 0.0 1796.2246189538569 99 5.275404e-07
11061640.0 0.0 1797.1187231263818 99 6.5311688e-06
177880459.0 0.0 1795.078551123973 99 1.757493e-08
396575419.0 0.0 1798.9951330778415 99 2.1178614e-06
203005093.0 0.0 1799.4324800301422 99 4.542247e-05
272785475.0 0.0 1793.3643949395528 99 0.0013735527
320270508.0 0.0 1793.3063546227143 99 2.292403e-09
436931352.0 0.0 1796.7456202868236 99 5.611354e-05
366779865.0 0.0 1795.1170272491138 99 0.053785592
264801730.0 0.0 1799.6193372410964 99 4.1812348e-07
388581443.0 0.0 1811.0756100770734 99 3.0313456e-06
233546620.0 0.0 1805.5731323567604 99 0.00016520417
200793167.0 0.0 1805.453649175042 99 4.075713e-09
316960543.0 0.0 1797.8067089888111 99 1.0471355e-06
402205653.0 0.0 1795.3701105664913 99 3.5867808e-06
268516134.0 0.0 1797.9510721034644 99 1.16021e-16
420268013.0 0.0 1794.0123675247153 99 5.298966e-07
395407102.0 0.0 1799.972199595146 99 1.0501844e-05
377202187.0 0.0 1806.1589869021764 99 5.8671796e-09
403257785.0 0.0 1795.0144114899945 99 1.848693e-08
387808343.0 0.0 1796.0957243831353 99 0.008297196
352693190.0 0.0 1796.1995563328335 99 0.0001291993
186988202.0 0.0 1798.9743907568527 99 5.0340365e-08
427685099.0 0.0 1799.7010708832472 99 3.0361339e-06
184564369.0 0.0 1795.9951168336984 99 4.504157e-07
376925580.0 0.0 1811.0534929527973 99 1.2187677e-10
104196730.0 0.0 1796.6197998544988 99 4.225111e-07
250931180.0 0.0 1798.244795179171 99 3.5369462e-07
327789778.0 0.0 1810.8695720031185 99 6.041614e-06
316953862.0 0.0 1795.306779599214 99 1.6742347e-06
308290986.0 0.0 1799.3277536001979 99 6.089459e-07
356917895.0 0.0 1799.34362417 99 1.1159601e-05
256457534.0 0.0 1798.095001580623 99 1.0308446e-11
278998415.0 0.0 1797.2432675200284 99 9.2263215e-24
201383274.0 0.0 1810.4538094524282 99 3.1826097e-11
61000802.0 0.0 1793.9748155999223 99 3.4403132e-05
12414654.0 0.0 1798.5981606305322 99 1.8794776e-07
410497430.0 0.0 1797.536327077857 99 1.3514247e-06
292200269.0 0.0 1798.974078177524 99 2.931842e-10
252101670.0 0.0 1806.2438270740183 99 1.0610714e-06
387451160.0 0.0 1794.449802953015 99 1.4335876e-07
49938487.0 0.0 1796.3481152182883 99 2.6095056e-05
116060265.0 0.0 1796.661383098629 99 1.4895008e-08
433075966.0 0.0 1810.7659242106122 99 7.087857e-06
177800448.0 0.0 1794.474434772517 99 9.514001e-06
12214526.0 0.0 1797.3481093826556 99 0.0057277936
280568468.0 0.0 1811.5146501207428 99 7.2912974e-07
233071028.0 0.0 1798.489689306284 99 2.4180167e-08
370600386.0 0.0 1811.369221832427 99 8.467254e-05
374480651.0 0.0 1796.2234658909472 99 0.17562379
250684105.0 0.0 1798.3071491416504 99 0.0004468249
240966282.0 0.0 1806.056812135692 99 3.8704306e-06
377036419.0 0.0 1794.5966644677744 99 3.8264513e-08
377070346.0 0.0 1805.9714840260344 99 6.4563535e-11
34619169.0 0.0 1795.9122483034344 99 8.550682e-08
417332401.0 0.0 1795.7222991325652 99 4.210084e-08
368603158.0 0.0 1798.9932481690012 99 4.9556513e-07
284315713.0 0.0 1797.639362317893 99 0.00010989082
12415594.0 0.0 1795.8689899300405 99 0.0005097633
279715893.0 0.0 1795.3689712718704 99 4.771181e-05
372355186.0 0.0 1805.4320965401034 99 7.5857664e-05
65199347.0 0.0 1805.7035310171932 99 0.001323664
428521595.0 0.0 1806.1391617812767 99 2.7673365e-11
370427302.0 0.0 1806.03574404581 99 0.00018055094
420110764.0 0.0 1797.3661182564028 99 4.8961904e-18
319599611.0 0.0 1794.056141072115 99 4.974639e-07
21099543.0 0.0 1796.0997369683816 99 7.0679725e-08
85490917.0 0.0 1798.1620855744593 99 5.1653967e-07
426090237.0 0.0 1806.2636574279775 99 6.172072e-05
251722904.0 0.0 1798.0360578746397 99 1.1490159e-05
229912370.0 0.0 1798.0112274396868 99 4.3235632e-05
256863477.0 0.0 1794.0118444152522 99 0.0016888404
284012439.0 0.0 1798.2244043866658 99 3.178581e-08
327397734.0 0.0 1798.3490594875893 99 5.726742e-13
369140957.0 0.0 1805.368265075683 99 1.8058923e-06
264226520.0 0.0 1796.9708706686076 99 1.2651864e-06
49942082.0 0.0 1798.2857373472461 99 8.817934e-09
374967351.0 0.0 1794.9316736342678 99 7.8309974e-08
13620888.0 0.0 1798.6188498076472 99 2.0221163e-05
305859208.0 0.0 1796.3041379062909 99 1.3448764e-07
198204954.0 0.0 1797.8433287342932 99 6.8624536e-06
77321625.0 0.0 1798.7455297409506 99 8.199551e-06
402880107.0 0.0 1794.8670326286983 99 7.307657e-07
12324179.0 0.0 1811.2438136013443 99 0.016527465
71747343.0 0.0 1798.3483327193157 99 8.922621e-10
279440979.0 0.0 1797.8684110617762 99 1.2015927e-05
420656138.0 0.0 1806.179952977793 99 1.4701151e-05
420843335.0 0.0 1810.347672622505 99 1.9110457e-06
129870247.0 0.0 1796.8078156114439 99 1.2820086e-08
259144809.0 0.0 1797.3281484541094 99 2.8793792e-16
245553367.0 0.0 1797.640231147264 99 9.239276e-05
384659769.0 0.0 1796.7026474382694 99 1.3388684e-06
184608038.0 0.0 1794.1619070272604 99 0.0009209233
233200610.0 0.0 1805.5110221604189 99 0.005354055
377035146.0 0.0 1799.2424743098027 99 0.00088210276
272759306.0 0.0 1810.1771878014836 99 7.566804e-07
366435734.0 0.0 1805.7824977429175 99 3.2222793e-09
354130394.0 0.0 1795.5780513801928 99 0.0155045
233579092.0 0.0 1798.9691350589103 99 8.983891e-06
245722819.0 0.0 1795.4108681749256 99 4.0790732e-20
54057589.0 0.0 1797.4727573677862 99 2.381112e-10
428251922.0 0.0 1810.7239482307525 99 3.2345748e-10
34577942.0 0.0 1798.0373120771214 99 1.9584463e-06
455960348.0 0.0 1795.7841671120154 99 0.0015287859
331389591.0 0.0 1799.8690845469025 99 3.1073624e-14
436933164.0 0.0 1806.391404957222 99 1.3388301e-06
203093888.0 0.0 1796.3076085183025 99 2.2286443e-07
264223929.0 0.0 1795.8458457979489 99 0.0013152012
445666747.0 0.0 1799.1817769261575 99 2.2955583e-12
81906928.0 0.0 1795.32727742474 99 7.70027e-16
233152830.0 0.0 1795.4483820745459 99 6.823064e-07
22872830.0 0.0 1810.4953555650484 99 1.5051681e-05
284915325.0 0.0 1811.3267020075352 99 6.7199584e-09
241097195.0 0.0 1806.2655101656617 99 1.14700335e-07
356786649.0 0.0 1805.553347009811 99 4.1911986e-12
335154630.0 0.0 1796.0546753152007 99 6.375445e-07
229965790.0 0.0 1796.4903321790591 99 1.1325883e-05
289095239.0 0.0 1795.7844592476251 99 3.1746248e-07
22872266.0 0.0 1798.4122220899778 99 8.288092e-09
428071042.0 0.0 1794.1196526958993 99 7.120617e-05
441812183.0 0.0 1798.302854673752 99 1.7090437e-05
378374218.0 0.0 1805.8055829271495 99 1.1810759e-07
375607442.0 0.0 1795.1589605532881 99 3.1201647e-08
417707923.0 0.0 1810.6173447812291 99 9.364262e-07
327124382.0 0.0 1794.5144902713066 99 1.6740133e-16
229767084.0 0.0 1799.886147271966 99 1.21200455e-05
12646117.0 0.0 1797.473282949035 99 2.5384461e-09
285507165.0 0.0 1794.2237187779774 99 6.419239e-05
104151375.0 0.0 1797.8280902149188 99 4.6469004e-06
441767564.0 0.0 1811.0529128893684 99 0.01685368
65358461.0 0.0 1805.3909783338818 99 8.085474e-06
377034691.0 0.0 1797.2841594764877 99 5.845061e-07
387527773.0 0.0 1796.199813907387 99 2.286512e-09
441813072.0 0.0 1806.0530473754977 99 3.2253467e-07
283336414.0 0.0 1797.0560921650906 99 6.7092287e-12
377075568.0 0.0 1798.3674373820133 99 1.0604853e-09
387567187.0 0.0 1796.2623233684897 99 3.510712e-05
245634889.0 0.0 1797.4112166439754 99 9.097464e-06
21131390.0 0.0 1798.37059540382 99 1.5967054e-09
272219327.0 0.0 1798.3681121572977 99 2.101835e-06
388526862.0 0.0 1798.1173362781747 99 0.08441735
202903126.0 0.0 1797.3700523238192 99 9.682458e-06
259168895.0 0.0 1811.053027459943 99 2.2898992e-05
366198106.0 0.0 1805.9933900142696 99 3.1669507e-11
308955071.0 0.0 1800.5361406600764 99 0.0043334095
390516475.0 0.0 1795.1190209817753 99 4.0801522e-05
445483401.0 0.0 1799.1818071072971 99 5.227978e-05
258627226.0 0.0 1795.57462981208 99 4.62776e-05
287152450.0 0.0 1794.4682556606583 99 5.0151657e-06
52702113.0 0.0 1793.4730332988404 99 3.4667403e-06
230005098.0 0.0 1806.219638667357 99 1.2325012e-11
392567622.0 0.0 1797.8020962122946 99 2.9235246e-06
250505642.0 0.0 1811.244426597188 99 2.8060515e-05
322266557.0 0.0 1796.8877444080188 99 2.4545168e-08
192648949.0 0.0 1793.390849480649 99 7.890979e-06
85596002.0 0.0 1796.9329665622413 99 3.546498e-07
219872333.0 0.0 1794.3648130930164 99 0.000162846
436848408.0 0.0 1798.7664497345254 99 1.5033706e-05
405479774.0 0.0 1797.1622102461424 99 0.000101679565
196947078.0 0.0 1810.7443073976224 99 0.00017286291
51028863.0 0.0 1796.6605861533778 99 4.15696e-18
229594701.0 0.0 1805.6157372176326 99 2.2560394e-05
426089741.0 0.0 1796.222085380619 99 7.661009e-07
258829795.0 0.0 1800.2613660429329 99 1.3825222e-08
396615000.0 0.0 1794.3909179603038 99 7.5625184e-07
84161498.0 0.0 1793.2435553294647 99 0.00016050985
365940645.0 0.0 1796.6802491578724 99 1.2441679e-07
230126329.0 0.0 1796.614571325923 99 6.3611424e-08
445245536.0 0.0 1800.160527304903 99 2.414178e-08
116889354.0 0.0 1811.5155771306522 99 0.00015519533
432021191.0 0.0 1797.9115464718384 99 0.000107267806
445248709.0 0.0 1806.2020383700926 99 3.345583e-06
63677137.0 0.0 1811.4117233808677 99 1.3241248e-05
376925413.0 0.0 1811.3659598909262 99 1.7571379e-06
302186200.0 0.0 1793.4323656058782 99 2.5592979e-05
229742721.0 0.0 1795.927949521212 99 8.471237e-08
287150450.0 0.0 1795.7185573834172 99 1.9942883e-10
452961054.0 0.0 1798.4313759595912 99 7.664963e-07
357740731.0 0.0 1811.4101703025308 99 2.209067e-11
240748813.0 0.0 1810.8687447905022 99 1.0819876e-16
238802637.0 0.0 1793.724265417934 99 8.1378566e-08
270015086.0 0.0 1810.4926714589665 99 1.1692613e-05
189637855.0 0.0 1798.724117539587 99 6.1935157e-06
237200205.0 0.0 1805.9494857174627 99 8.397269e-08
177968691.0 0.0 1805.891139157817 99 1.1777595e-06
352366856.0 0.0 1798.8684647262912 99 0.00075174
283938009.0 0.0 1795.2435511072429 99 5.9599082e-05
269889891.0 0.0 1810.6412361268262 99 4.7598437e-06
375913362.0 0.0 1796.1589884308953 99 7.503338e-07
259234489.0 0.0 1810.3864067183745 99 3.8270184e-05
283135126.0 0.0 1798.4104093652013 99 9.916429e-08
428302704.0 0.0 1795.390482747269 99 0.011189004
289537652.0 0.0 1811.1976819309314 99 7.66175e-06
250494958.0 0.0 1798.1612878480034 99 0.0001055044
230023671.0 0.0 1805.2821919603252 99 3.7924576e-06
198160374.0 0.0 1798.2597504132286 99 3.6076867e-06
420851130.0 0.0 1796.2644717218025 99 2.584052e-10
336293555.0 0.0 1794.7839553524664 99 4.0251166e-06
426111554.0 0.0 1797.2005144549457 99 4.393709e-10
455954904.0 0.0 1796.3258772787574 99 4.361594e-06
427728264.0 0.0 1811.0550422907331 99 0.0029163891
229798877.0 0.0 1798.365610055406 99 2.3176047e-07
376640214.0 0.0 1806.0756272347105 99 0.00029623377
388504397.0 0.0 1797.9922741207179 99 3.6961002e-05
34749696.0 0.0 1795.1206055747607 99 2.1648813e-07
83339750.0 0.0 1795.6600933459604 99 4.2305834e-05
34647018.0 0.0 1794.9122284915052 99 3.5182808e-08
233658981.0 0.0 1798.280984393248 99 9.936721e-05
285166956.0 0.0 1806.3693836107848 99 1.0043723e-10
83804128.0 0.0 1805.7431739867995 99 3.3556697e-07
307111490.0 0.0 1797.3275992450574 99 1.3849802e-06
301916446.0 0.0 1796.7873160223603 99 4.4807135e-07
235927999.0 0.0 1795.2411701179037 99 2.0066759e-08
323011282.0 0.0 1810.8041861986221 99 4.8036087e-05
403922256.0 0.0 1798.2432754118342 99 0.0062420433
331793908.0 0.0 1794.0758361747048 99 1.8858874e-07
279209131.0 0.0 1796.8685308938777 99 6.17367e-11
327296784.0 0.0 1794.6197276340122 99 2.7463079e-08
445567121.0 0.0 1796.0777080731693 99 2.9421588e-07
10973655.0 0.0 1811.4105058468642 99 4.7577897e-09
272230452.0 0.0 1794.6390555388418 99 1.2696904e-08
232608223.0 0.0 1795.1560137274064 99 8.378772e-05
423750260.0 0.0 1810.2858578221117 99 0.10574869
376770989.0 0.0 1795.2424607026635 99 6.027596e-07
441738610.0 0.0 1806.261232135741 99 0.00014738354
375073265.0 0.0 1806.0985830464267 99 2.5874732e-07
241076979.0 0.0 1805.7653302125464 99 3.040499e-09
298732513.0 0.0 1797.1353082221813 99 0.00017116549
327445165.0 0.0 1798.9739259137993 99 0.0033014931
264898803.0 0.0 1795.8460864120025 99 1.0500239e-07
82976437.0 0.0 1794.7640932156412 99 2.5706127e-13
406681219.0 0.0 1796.138498523633 99 7.669398e-05
72147483.0 0.0 1799.723488301183 99 1.0069859e-08
279979169.0 0.0 1798.5118388503536 99 0.0045246375
445486065.0 0.0 1805.7860051087448 99 0.0023540447
219863986.0 0.0 1796.1984386578317 99 0.00016146942
308366236.0 0.0 1798.4528209200669 99 0.0045149033
232609321.0 0.0 1798.8229716317633 99 3.725468e-09
331979046.0 0.0 1796.3898632926034 99 0.00013198647
348025382.0 0.0 1805.3693967370784 99 1.1228983e-05
408897120.0 0.0 1798.1794579972925 99 4.0272334e-07
405327387.0 0.0 1797.7001906984856 99 0.0021614013
292521301.0 0.0 1793.5365836839544 99 2.5972386e-05
441762659.0 0.0 1796.5112202361956 99 8.545217e-07
255863941.0 0.0 1799.512127200041 99 0.0012335024
241072521.0 0.0 1798.1193703088595 99 7.8257546e-07
427385258.0 0.0 1797.8883534599574 99 2.4315448e-05
312343012.0 0.0 1799.0981795589164 99 6.3088746e-06
407017121.0 0.0 1795.7850795992786 99 1.2424877e-07
139463395.0 0.0 1797.2452239823747 99 5.7759615e-07
117619327.0 0.0 1797.03650128112 99 0.00014367343
201357261.0 0.0 1810.6203765427147 99 1.2424753e-08
427511059.0 0.0 1798.24254815172 99 1.5896222e-06
317065894.0 0.0 1794.9295237187966 99 0.0005381405
270661813.0 0.0 1797.0971823084851 99 1.865582e-05
285689138.0 0.0 1794.5981084034436 99 4.5549955e-10
200875277.0 0.0 1810.995362267713 99 7.707252e-06
387831439.0 0.0 1805.3039114539113 99 1.3385301e-06
192289702.0 0.0 1795.4533252554106 99 0.0006937363
129916255.0 0.0 1797.5577974089972 99 3.5867808e-06
272625675.0 0.0 1795.8890032344705 99 9.405655e-06
237079307.0 0.0 1795.7411805386291 99 5.440012e-05
399831693.0 0.0 1810.117481227214 99 6.693515e-06
292606214.0 0.0 1796.411634403039 99 1.7728524e-06
233531272.0 0.0 1810.8234378012398 99 4.0163436e-10
229483119.0 0.0 1798.5114461572675 99 9.368322e-10
67461088.0 0.0 1793.9744280420407 99 1.9745105e-08
444143116.0 0.0 1794.306959249627 99 0.001018679
445610609.0 0.0 1794.5777374326929 99 1.1505553e-09
192373909.0 0.0 1806.0160328224233 99 4.082783e-06
291961702.0 0.0 1806.0780504589422 99 1.9213212e-06
240749356.0 0.0 1793.9940945714604 99 2.2655675e-07
428112624.0 0.0 1794.8696588234768 99 0.00013697731
369352318.0 0.0 1811.3059895222543 99 2.5855195e-06
13080907.0 0.0 1794.8063843548812 99 3.553556e-10
390656467.0 0.0 1799.5773243936524 99 6.3406924e-06
302391058.0 0.0 1795.6820980122382 99 8.5473235e-05
353380967.0 0.0 1796.9308902144937 99 1.4891339e-06
269664545.0 0.0 1794.6577249348964 99 1.7755307e-05
376260907.0 0.0 1799.4101098347182 99 0.0007417437
327346503.0 0.0 1797.6406753403733 99 1.4342426e-09
233633697.0 0.0 1810.9690421851997 99 1.1248414e-05
250707320.0 0.0 1797.1404618447004 99 1.9344123e-05
429020102.0 0.0 1797.8463781517912 99 6.33246e-05
94673268.0 0.0 1797.0995176864355 99 2.5755075e-08
366026466.0 0.0 1797.0138135890575 99 0.00013349115
250559030.0 0.0 1810.432122967095 99 1.963585e-12
349353659.0 0.0 1793.5786744163324 99 1.742988e-08
252158971.0 0.0 1796.3482332026076 99 0.0013638535
85595785.0 0.0 1794.5996119205245 99 0.00019038357
137122809.0 0.0 1811.3474470678082 99 3.3653487e-05
275370165.0 0.0 1805.8678105065871 99 5.583341e-07
139459369.0 0.0 1797.578650891507 99 1.2994693e-05
384915146.0 0.0 1810.2027521323214 99 2.814553e-07
285909383.0 0.0 1799.0145874006926 99 2.1445807e-05
348670956.0 0.0 1810.140162547433 99 3.1412932e-05
343563499.0 0.0 1793.8663807565085 99 2.3467377e-05
71852651.0 0.0 1810.8067247722727 99 1.191767e-13
403875792.0 0.0 1810.5565918172113 99 7.657328e-07
200862766.0 0.0 1805.9536882518785 99 8.0378946e-08
246977174.0 0.0 1795.7456440604071 99 2.9683926e-05
186615894.0 0.0 1810.3911035570795 99 7.140137e-06
354841987.0 0.0 1797.5561341209464 99 2.9314645e-08
312147538.0 0.0 1794.4523479743657 99 1.8450921e-16
378468339.0 0.0 1795.930624025928 99 9.753561e-10
336538973.0 0.0 1799.5339037729693 99 6.828038e-05
421307364.0 0.0 1797.656844863799 99 4.732098e-08
327007693.0 0.0 1793.1822581740805 99 1.2000191e-05
428706982.0 0.0 1796.7843089814558 99 5.1907864e-06
245761059.0 0.0 1811.5154084902654 99 4.305148e-09
408620413.0 0.0 1794.930826240472 99 8.817241e-05
359126726.0 0.0 1805.2639309531953 99 1.9969757e-06
284479475.0 0.0 1810.5316968097625 99 1.774392e-11
444447980.0 0.0 1797.3477697667147 99 8.067796e-09
240855261.0 0.0 1810.1607362341301 99 4.9378746e-06
301104468.0 0.0 1805.8906168627427 99 1.4590408e-07
230378763.0 0.0 1799.2401516689192 99 0.00077371264
357744803.0 0.0 1798.6808252246947 99 3.221782e-20
291885470.0 0.0 1793.9741298516121 99 1.2048731e-12
201379563.0 0.0 1794.2450475295548 99 2.5319517e-07
422663677.0 0.0 1797.9719217245492 99 2.2071886e-11
376926539.0 0.0 1798.3858099739825 99 1.3778827e-13
293067471.0 0.0 1810.8073267016994 99 3.2568878e-05
431929504.0 0.0 1810.3077424369365 99 2.045267e-05
377307381.0 0.0 1793.4901672847882 99 1.457504e-09
269606104.0 0.0 1805.971904004311 99 5.526329e-07
237294767.0 0.0 1799.7204994768003 99 1.2150663e-07
256643181.0 0.0 1797.9086418065742 99 2.2426489e-06
452972873.0 0.0 1797.7854041625135 99 7.761006e-08
259130225.0 0.0 1794.9490967432173 99 2.6545394e-14
26651857.0 0.0 1810.3080547914299 99 2.7920033e-09
186717969.0 0.0 1798.5577402601023 99 0.00042307074
312856774.0 0.0 1805.9731044792256 99 2.7224567e-09
258393554.0 0.0 1811.4695702512843 99 0.00021169372
366552720.0 0.0 1795.6169469347162 99 2.2477819e-08
316042154.0 0.0 1795.2442441867677 99 4.184309e-06
352175100.0 0.0 1798.2403338168417 99 1.3187672e-07
308219107.0 0.0 1796.4318360019827 99 2.8946616e-07
286576659.0 0.0 1810.848352035346 99 1.08904105e-05
354700723.0 0.0 1795.8477245023541 99 4.776728e-07
368372568.0 0.0 1810.930295268098 99 0.00023662286
35022683.0 0.0 1795.0581121462387 99 8.012262e-06
77173813.0 0.0 1794.9745477015551 99 0.00032850375
375911768.0 0.0 1798.9714399315064 99 0.0027398823
316042773.0 0.0 1796.619300662825 99 6.864437e-07
50116364.0 0.0 1811.2648302083885 99 9.32795e-07
322057067.0 0.0 1795.5752095040207 99 6.256867e-06
312254981.0 0.0 1810.4935382098838 99 2.1599439e-05
320271196.0 0.0 1797.9313129486177 99 1.1944483e-06
198279370.0 0.0 1796.0518510934576 99 1.1654833e-10
322442826.0 0.0 1797.1378341923094 99 1.4195425e-05
395586623.0 0.0 1796.2430181647137 99 0.00020498346
199688697.0 0.0 1799.5305863607598 99 5.8045043e-07
384986198.0 0.0 1794.3700460146506 99 9.123294e-07
101351543.0 0.0 1798.7662624578873 99 1.3830628e-08
332982936.0 0.0 1794.952408176713 99 1.536187e-05
196949615.0 0.0 1797.973818215583 99 7.2786434e-06
403588925.0 0.0 1797.991796660291 99 1.5966682e-05
301990520.0 0.0 1798.8279612002107 99 0.0025502513
270006368.0 0.0 1810.8495810090922 99 3.454361e-05
445199845.0 0.0 1794.7021861853677 99 9.097672e-06
327184990.0 0.0 1805.8487844230167 99 4.8854523e-05
265295800.0 0.0 1805.7860795258084 99 0.0009969126
347495290.0 0.0 1794.828183676382 99 4.866752e-10
299437154.0 0.0 1797.2238375398965 99 2.9502816e-13
403328929.0 0.0 1799.6994323003582 99 0.0012584116
378924841.0 0.0 1799.0556418942801 99 1.0724977e-05
370694384.0 0.0 1799.348275959794 99 0.13640553
94367054.0 0.0 1793.2036000019575 99 3.2329278e-10
396615115.0 0.0 1794.9117619635988 99 1.3441611e-06
302388870.0 0.0 1794.8695408546648 99 0.00019557902
252109307.0 0.0 1793.931647499042 99 7.3798e-08
249832286.0 0.0 1797.0363037663367 99 2.2017133e-08
366500692.0 0.0 1797.4502889933317 99 0.0047295135
137886126.0 0.0 1810.6205523846963 99 6.152228e-05
373626245.0 0.0 1798.181379904086 99 1.1365032e-08
270813758.0 0.0 1798.8888722805098 99 1.0607725e-09
331937287.0 0.0 1797.4723966634947 99 0.00021036793
250563009.0 0.0 1798.932096212559 99 3.249115e-08
230394266.0 0.0 1798.094590187059 99 0.0025318218
275858205.0 0.0 1799.1392384620353 99 2.7234973e-06
13454797.0 0.0 1799.2855406556105 99 4.2049157e-07
326967731.0 0.0 1799.1406064340688 99 1.7260319e-06
269419535.0 0.0 1811.0759760459628 99 1.4536464e-07
359588943.0 0.0 1797.2604344351967 99 9.071888e-09
63471618.0 0.0 1797.1827967370702 99 4.980327e-05
285239772.0 0.0 1793.9529304462865 99 3.6926274e-06
229938728.0 0.0 1797.4487712084456 99 7.7596e-08
12734150.0 0.0 1794.7856882939784 99 1.4588544e-07
407495344.0 0.0 1800.055374379492 99 1.23362925e-05
389764565.0 0.0 1797.598080174483 99 1.2544237e-05
431988425.0 0.0 1796.3698739254403 99 1.9804624e-08
229701637.0 0.0 1797.5113041294949 99 1.4705697e-09
455824689.0 0.0 1793.5960263870527 99 1.0481737e-06
116403299.0 0.0 1793.4113134191603 99 0.0009432669
372723747.0 0.0 1795.8062540034723 99 5.7385194e-05
117531026.0 0.0 1798.8072325681633 99 0.00698632
250688116.0 0.0 1796.723684611178 99 6.946406e-06
229782870.0 0.0 1798.1987391420394 99 1.1941362e-06
434437492.0 0.0 1805.8466819236282 99 4.7598956e-09
73449681.0 0.0 1796.5996165659155 99 2.5522606e-06
241075508.0 0.0 1811.3068619302544 99 3.91513e-05
374040772.0 0.0 1794.5982143798378 99 8.553367e-06
268728977.0 0.0 1795.6177804641413 99 4.021175e-09
250747789.0 0.0 1799.5781057938632 99 4.1486135e-05
331928233.0 0.0 1796.6180244721857 99 0.0013809056
368890185.0 0.0 1799.4723189021324 99 0.0006648473
219779541.0 0.0 1795.3229390802362 99 5.211677e-07
407354487.0 0.0 1796.764129201361 99 1.6997499e-08
116888474.0 0.0 1795.9738000905352 99 0.00025988717
139465772.0 0.0 1797.849536286501 99 4.3183883e-09
229702512.0 0.0 1811.3444610501028 99 2.5675233e-06
320603294.0 0.0 1793.8271481150225 99 2.9303434e-05
316437216.0 0.0 1805.3694244840096 99 6.1132956e-09
354746123.0 0.0 1797.972745733852 99 2.3967972e-09
394091225.0 0.0 1796.0120244526315 99 0.00062868936
238775956.0 0.0 1799.0785162144168 99 6.7319146e-09
354256474.0 0.0 1798.2446005709 99 0.0018760624
445416642.0 0.0 1797.2441204615766 99 0.0004749435
398212665.0 0.0 1810.2438227994999 99 6.505648e-12
292609933.0 0.0 1805.2447988252206 99 7.532649e-08
28834711.0 0.0 1795.9538886481275 99 0.00035866088
35015702.0 0.0 1793.7247560653382 99 4.758514e-06
233076423.0 0.0 1799.5313633545466 99 0.0023831234
406518465.0 0.0 1795.8039394987493 99 3.7955877e-07
67635034.0 0.0 1793.6409927497443 99 0.0001709114
264221810.0 0.0 1793.5951338560542 99 5.193888e-10
445107304.0 0.0 1796.785425259472 99 0.010531143
255882694.0 0.0 1799.5352010074416 99 2.3253934e-07
375847878.0 0.0 1793.6381747259438 99 4.402759e-05
376195427.0 0.0 1798.305949795926 99 6.3103937e-07
321825159.0 0.0 1796.2001472454112 99 0.0011719932
321544207.0 0.0 1795.0125842197042 99 1.5075437e-07
326787194.0 0.0 1795.7434795234442 99 3.3258057e-06
436873082.0 0.0 1796.620652817856 99 6.581205e-07
275143610.0 0.0 1797.2221109054894 99 3.5180534e-07
256796553.0 0.0 1797.615842986616 99 3.612877e-14
351609665.0 0.0 1799.8472728886838 99 1.2244939e-06
21024419.0 0.0 1797.1205536801754 99 1.3218033e-06
283246566.0 0.0 1810.3058441185415 99 1.8805633e-05
21124574.0 0.0 1810.5306414583993 99 0.005027736
21002519.0 0.0 1799.1141176392089 99 5.7328002e-08
259965499.0 0.0 1796.9499971045127 99 1.8721312e-33
238771755.0 0.0 1793.682435091067 99 0.0
387757211.0 0.0 1799.9915440178786 99 6.39865e-22
71926521.0 0.0 1797.5984580344004 99 1.3150516e-38
272230452.0 0.0 1794.6390555388418 99 1.695466e-38
219743922.0 0.0 1794.634732643255 99 4.862357e-16
50943839.0 0.0 1796.8482605288862 99 1.7853998e-13
63400413.0 0.0 1798.3078075140613 99 0.0
12559257.0 0.0 1799.1396587331901 99 9.957802e-20
116842765.0 0.0 1797.3279968155543 99 7.638884e-25
444083730.0 0.0 1806.2027588268036 99 2.0504293e-28
237200205.0 0.0 1805.9494857174627 99 0.0
219740340.0 0.0 1795.864275816513 99 4.0669405e-34
370350764.0 0.0 1796.9108699299084 99 9.519184e-34
236765799.0 0.0 1797.7402697192865 99 2.1811937e-31
192422831.0 0.0 1796.9324524371198 99 1.2559833e-26
444487873.0 0.0 1797.0559656762905 99 0.0
255863611.0 0.0 1798.9288120299225 99 6.592408e-28
371423396.0 0.0 1793.9123313168457 99 0.0
298780946.0 0.0 1811.0520213390735 99 0.0
237234709.0 0.0 1806.1161225835365 99 4.85019e-22
237304997.0 0.0 1798.0746117633666 99 7.2049004e-16
327124382.0 0.0 1794.5144902713066 99 2.831376e-32
370057979.0 0.0 1810.5356435770227 99 6.7890094e-17
237000094.0 0.0 1795.4911537312169 99 3.3729366e-27
376298461.0 0.0 1800.1185365235378 99 5.3227196e-25
305294281.0 0.0 1805.699549847312 99 3.4504636e-18
54710829.0 0.0 1810.1187095313494 99 0.0
54461534.0 0.0 1796.1187613478191 99 0.0
293190850.0 0.0 1798.932464802375 99 6.2098373e-13
396573154.0 0.0 1810.390827989759 99 4.6075624e-14
101352760.0 0.0 1795.6203741982285 99 4.9440817e-28
230076213.0 0.0 1810.927211614822 99 7.0730784e-21
405432240.0 0.0 1797.1206002519434 99 1.59689e-33
445494729.0 0.0 1798.41100486175 99 0.0
410773762.0 0.0 1798.9711652851604 99 8.489512e-16
312555125.0 0.0 1798.035611830792 99 2.4603526e-19
22739840.0 0.0 1810.8911821764016 99 0.0
245588240.0 0.0 1797.3277132619087 99 1.4832908e-32
219894351.0 0.0 1800.3026366753895 99 4.275283e-15
178044996.0 0.0 1795.745166264117 99 1.2758515e-12
385103406.0 0.0 1796.2656962494393 99 1.9348084e-21
352117369.0 0.0 1805.618224888228 99 3.8289538e-20
390741075.0 0.0 1795.3896732048113 99 1.2303576e-17
252125547.0 0.0 1795.014715660068 99 0.0
192417130.0 0.0 1796.140847278298 99 0.0
251657793.0 0.0 1806.431893335684 99 3.4630234e-22
428415789.0 0.0 1794.347626975467 99 0.0
116015207.0 0.0 1795.7863890904212 99 1.8237083e-15
403831420.0 0.0 1796.0145583417168 99 0.0
264468735.0 0.0 1797.1375809072495 99 1.4163354e-21
431767082.0 0.0 1796.1408392199219 99 2.1330042e-35
256581075.0 0.0 1798.3878038729297 99 1.5856597e-26
376548032.0 0.0 1796.1798683477632 99 8.374527e-15
237079307.0 0.0 1795.7411805386291 99 0.0
236967042.0 0.0 1800.595142843398 99 1.0711422e-15
177827291.0 0.0 1796.4743649849217 99 9.0000605e-15
399357353.0 0.0 1795.3273277475712 99 1.9237542e-36
117663295.0 0.0 1805.661587123845 99 2.7274592e-26
250823620.0 0.0 1806.2238035612204 99 4.5857925e-18
230389443.0 0.0 1797.302712097144 99 2.6836485e-18
377070346.0 0.0 1805.9714840260344 99 4.2946364e-30
370698607.0 0.0 1799.1400328477478 99 1.18988345e-29
331928059.0 0.0 1806.3888338299648 99 4.2001848e-35
233547085.0 0.0 1806.0940092849683 99 2.5123078e-26
238342999.0 0.0 1810.7870749759031 99 0.0
177918201.0 0.0 1797.891219275805 99 2.2103897e-19
292467344.0 0.0 1793.515874636984 99 3.794758e-10
198236207.0 0.0 1793.343235200364 99 8.138147e-13
268332946.0 0.0 1795.9079729775033 99 0.0
229673190.0 0.0 1795.0945673914646 99 7.76933e-27
399859253.0 0.0 1794.7422779131366 99 4.010221e-32
326209505.0 0.0 1794.5942854156028 99 4.1949655e-27
230001271.0 0.0 1798.1361372185388 99 4.976646e-21
389538483.0 0.0 1797.3480236475195 99 1.7646273e-23
420268181.0 0.0 1810.3668146932632 99 0.0
292156689.0 0.0 1810.9114875919336 99 4.735764e-12
445567121.0 0.0 1796.0777080731693 99 0.0
229952279.0 0.0 1799.2402941070452 99 1.3298457e-26
326856726.0 0.0 1799.328039289511 99 1.2313427e-26
395941845.0 0.0 1794.5554581271454 99 1.319633e-18
275142573.0 0.0 1810.1388090984992 99 8.212179e-36
323407257.0 0.0 1794.0963911773347 99 1.9859012e-12
427553234.0 0.0 1795.6384978659476 99 3.074636e-18
302468661.0 0.0 1794.3906892071525 99 0.0
34647018.0 0.0 1794.9122284915052 99 1.4172815e-28
327573921.0 0.0 1799.6199036321104 99 3.1894924e-24
67461088.0 0.0 1793.9744280420407 99 0.0
370696018.0 0.0 1794.3066208607684 99 8.3089205e-13
285670349.0 0.0 1793.4110971094667 99 2.615156e-28
265288719.0 0.0 1805.2651042737004 99 5.6134975e-30
445666747.0 0.0 1799.1817769261575 99 0.0
292612506.0 0.0 1795.0782840403685 99 0.0
445484565.0 0.0 1805.9734725183966 99 3.3411316e-24
229744093.0 0.0 1795.4694420614417 99 8.009678e-22
352794937.0 0.0 1794.953409458569 99 4.6616723e-17
431766521.0 0.0 1793.244949249513 99 1.0125887e-34
139459369.0 0.0 1797.578650891507 99 5.3831735e-28
265276170.0 0.0 1805.9925936034865 99 1.3594931e-26
372509663.0 0.0 1796.5142408772551 99 0.0
404104934.0 0.0 1796.158519120858 99 1.2803018e-25
428606311.0 0.0 1797.472200722201 99 1.9779883e-28
20895509.0 0.0 1793.911536787058 99 3.414879e-37
250836660.0 0.0 1799.4737506887634 99 1.5540558e-23
229704187.0 0.0 1797.031896634543 99 0.0
417231174.0 0.0 1798.5765227827671 99 1.769535e-15
327575969.0 0.0 1796.2032623572009 99 0.0
256479484.0 0.0 1798.014583040294 99 0.0
252158435.0 0.0 1805.806435643656 99 2.1311683e-33
383677392.0 0.0 1810.969187124248 99 4.9076907e-18
229943691.0 0.0 1805.7192625217867 99 5.321964e-34
264805538.0 0.0 1805.8902956599895 99 3.8330367e-32
357888118.0 0.0 1797.160027880011 99 1.0279542e-34
139459961.0 0.0 1797.2244467508308 99 7.4020205e-26
390338696.0 0.0 1800.2231173763794 99 4.084204e-16
353076207.0 0.0 1795.8892800316935 99 0.0
372335021.0 0.0 1798.4296344864738 99 6.582254e-21
233579092.0 0.0 1798.9691350589103 99 7.3830436e-18
270006368.0 0.0 1810.8495810090922 99 1.2908056e-18
426082924.0 0.0 1796.4094066052496 99 1.020724e-29
376846693.0 0.0 1798.6988112374406 99 5.1247983e-21
280068832.0 0.0 1806.011623680773 99 9.049916e-29
372212744.0 0.0 1811.0335518915356 99 2.2304001e-38
283832839.0 0.0 1799.2642722031078 99 1.6217404e-18
229976071.0 0.0 1799.386098892048 99 0.0
331931799.0 0.0 1806.284745630467 99 2.4040346e-36
372640394.0 0.0 1793.5330616841222 99 0.0
71980235.0 0.0 1795.7026537263334 99 5.770659e-27
396484827.0 0.0 1797.013485521082 99 5.0651197e-18
230025052.0 0.0 1805.2820655555577 99 1.5257936e-25
229400524.0 0.0 1805.4903266970362 99 2.8152103e-17
13619204.0 0.0 1798.3897263195483 99 3.133838e-21
245391330.0 0.0 1805.4111529337376 99 1.2693543e-26
285909383.0 0.0 1799.0145874006926 99 1.1547487e-30
258388870.0 0.0 1795.949285645045 99 8.9128344e-30
387881576.0 0.0 1810.4705038847003 99 3.0267172e-31
229683649.0 0.0 1798.0931229711216 99 3.4280266e-27
65358461.0 0.0 1805.3909783338818 99 4.7261986e-12
233730349.0 0.0 1798.0731346829316 99 2.8395908e-36
256434290.0 0.0 1793.4295148414083 99 1.6166577e-32
250688116.0 0.0 1796.723684611178 99 1.4491991e-20
331546745.0 0.0 1797.9295635091182 99 1.9298041e-35
441717836.0 0.0 1805.9905369562323 99 3.7676496e-28
194560871.0 0.0 1805.8078723517706 99 2.0676442e-30
379472174.0 0.0 1795.2435912012445 99 3.36397e-33
397368134.0 0.0 1796.8914265931207 99 2.250483e-13
117868583.0 0.0 1805.7864948770698 99 6.971051e-35
436844373.0 0.0 1796.99561062443 99 0.0
65647427.0 0.0 1810.620059387518 99 1.804465e-21
178138752.0 0.0 1811.4536567963366 99 0.0
402208125.0 0.0 1796.9743281227106 99 0.0
444332522.0 0.0 1798.3268893073298 99 7.3403285e-26
77258822.0 0.0 1810.9953117462226 99 2.9286236e-13
423031237.0 0.0 1795.7444266436853 99 5.293068e-13
395508745.0 0.0 1795.6389796281894 99 0.0
21023342.0 0.0 1794.8914443971928 99 6.3936074e-12
452945606.0 0.0 1797.4730019092249 99 3.1272403e-17
280025167.0 0.0 1798.3691556353112 99 6.7379625e-36
252833791.0 0.0 1796.1821676578752 99 1.0578952e-24
441737397.0 0.0 1794.511453003959 99 4.6860286e-24
309052331.0 0.0 1811.3275818441095 99 9.6651454e-26
331508525.0 0.0 1810.5356470718289 99 0.0
397368352.0 0.0 1793.1622583247117 99 4.2243516e-35
390515296.0 0.0 1796.2231782273384 99 0.0
431990675.0 0.0 1798.4324915866634 99 4.0878845e-30
202866134.0 0.0 1796.0157972390139 99 2.7951312e-20
369031592.0 0.0 1799.7433842138848 99 0.0
387627144.0 0.0 1797.94983808342 99 1.7508393e-14
203091094.0 0.0 1795.3283612061161 99 2.548426e-12
453160398.0 0.0 1794.931285080307 99 1.0442491e-35
332866785.0 0.0 1793.1607223502701 99 0.0
434533254.0 0.0 1805.7425485189983 99 0.0
116612613.0 0.0 1795.7031287048655 99 0.0
378861516.0 0.0 1810.138801886716 99 2.749638e-18
453309323.0 0.0 1795.4523601416247 99 1.9177249e-35
396194794.0 0.0 1794.7219212222599 99 1.0010566e-31
435355210.0 0.0 1798.6385779991117 99 7.1987304e-28
233005145.0 0.0 1799.2812951604578 99 3.5088772e-20
419751560.0 0.0 1797.868473394419 99 0.0
370600386.0 0.0 1811.369221832427 99 2.519299e-15
326885582.0 0.0 1810.9723923801778 99 4.6281042e-05
305562802.0 0.0 1810.1995743569144 99 0.0
10962838.0 0.0 1798.952371176981 99 0.0
320046775.0 0.0 1795.2646368774247 99 0.0
201359969.0 0.0 1796.7035919099324 99 0.0
52037363.0 0.0 1799.5977154844197 99 2.0430037e-36
302544353.0 0.0 1794.2246106050804 99 6.8606863e-07
288610611.0 0.0 1795.7203255755487 99 0.0
436873082.0 0.0 1796.620652817856 99 0.0
367335906.0 0.0 1797.9088053749342 99 6.70145e-24
385340540.0 0.0 1797.2653314457834 99 1.577027e-34
250512403.0 0.0 1797.5987335250188 99 2.3282003e-17
250747097.0 0.0 1797.953133233208 99 2.9283183e-23
192877594.0 0.0 1793.515739896236 99 5.242579e-17
375073265.0 0.0 1806.0985830464267 99 4.613538e-31
198187903.0 0.0 1800.0098782886355 99 1.4327589e-19
312857240.0 0.0 1810.5980065985798 99 2.5860371e-15
264179263.0 0.0 1800.4917082657973 99 5.6099982e-11
376965007.0 0.0 1806.3673356108409 99 0.0
250767925.0 0.0 1794.8904174141912 99 1.6496523e-30
331317391.0 0.0 1798.5773847316004 99 5.084005e-21
367859029.0 0.0 1805.3883552676443 99 9.816358e-37
10497846.0 0.0 1810.993780784971 99 0.0
353929309.0 0.0 1798.8497085701526 99 2.7069405e-15
186745918.0 0.0 1797.7035508677664 99 1.2017507e-25
26651857.0 0.0 1810.3080547914299 99 7.006914e-34
418416736.0 0.0 1810.701449550447 99 0.0
186937732.0 0.0 1797.4118813672526 99 1.0305272e-09
279778620.0 0.0 1810.242740309394 99 0.0
81755546.0 0.0 1811.3481889117 99 0.0
376290178.0 0.0 1810.6380001604107 99 6.444694e-25
292004228.0 0.0 1794.849165988808 99 7.626901e-14
81599012.0 0.0 1795.9937640649528 99 3.742413e-34
285084573.0 0.0 1794.0986270630565 99 0.0
302186200.0 0.0 1793.4323656058782 99 2.5267215e-21
362965342.0 0.0 1810.117531795749 99 2.6647748e-19
237107014.0 0.0 1796.782414257015 99 2.6452036e-22
116372536.0 0.0 1797.9740418408533 99 0.0
418029110.0 0.0 1806.1824582789136 99 9.795067e-31
184684618.0 0.0 1793.9327723238973 99 5.0964453e-16
230028226.0 0.0 1796.6362226791398 99 1.1320822e-21
444596968.0 0.0 1797.4313791042782 99 6.0641902e-33
445110528.0 0.0 1800.34794916761 99 1.4665951e-20
377202187.0 0.0 1806.1589869021764 99 0.0
229458191.0 0.0 1796.8447690653804 99 0.0
327366509.0 0.0 1799.4935494018969 99 0.0
284527341.0 0.0 1796.3477497911506 99 0.0
316953862.0 0.0 1795.306779599214 99 2.199207e-16
184736957.0 0.0 1811.3282397680796 99 1.7884697e-14
219738983.0 0.0 1794.1137904839734 99 1.5958665e-26
353004614.0 0.0 1794.6808237063062 99 2.1026076e-17
396026334.0 0.0 1795.4302117655245 99 0.0
428735483.0 0.0 1799.0345035123203 99 3.8838385e-28
283246200.0 0.0 1797.9726004426548 99 2.8247565e-14
81822846.0 0.0 1810.2025717884062 99 3.3598019e-18
187030106.0 0.0 1798.2452150236559 99 5.7073307e-10
301907047.0 0.0 1798.869779867697 99 0.0
301416430.0 0.0 1796.6612313441162 99 0.0
250912291.0 0.0 1805.8281742778668 99 0.0
275854772.0 0.0 1811.4313164267785 99 0.0
385507212.0 0.0 1795.1412848017205 99 2.6939081e-31
245553367.0 0.0 1797.640231147264 99 1.3694095e-17
381686576.0 0.0 1795.8701960511553 99 0.0
428011995.0 0.0 1796.20119230504 99 1.134184e-34
83227510.0 0.0 1799.3891549575233 99 8.473674e-20
279715893.0 0.0 1795.3689712718704 99 3.2476905e-15
369989622.0 0.0 1796.327353969853 99 4.2304727e-12
370431639.0 0.0 1796.4107110369634 99 1.2705111e-20
376161251.0 0.0 1796.9298742675962 99 1.231395e-25
272039438.0 0.0 1798.5765195124986 99 2.2606712e-31
264292988.0 0.0 1795.4916599917392 99 6.1994312e-18
435676733.0 0.0 1810.7842468998763 99 2.2157325e-20
271334324.0 0.0 1798.5763046132022 99 2.0078008e-31
336121449.0 0.0 1793.6999277241976 99 1.3350529e-30
333960394.0 0.0 1811.1584832556139 99 3.7785548e-38
427320022.0 0.0 1795.867452739016 99 4.4309483e-14
263969621.0 0.0 1795.2203552198957 99 3.6043742e-34
65489669.0 0.0 1811.2243960714675 99 0.0
137120621.0 0.0 1796.6388459549487 99 1.378482e-32
236764972.0 0.0 1799.6151238778625 99 8.951624e-27
285684806.0 0.0 1796.8480347329032 99 6.666708e-13
374394150.0 0.0 1811.494009394295 99 7.519229e-30
256104600.0 0.0 1799.264635756293 99 2.82806e-11
331726882.0 0.0 1798.471500387147 99 2.4151035e-12
354602800.0 0.0 1796.1395745363686 99 2.1815572e-26
367864478.0 0.0 1811.47172673127 99 7.3345995e-31
428165254.0 0.0 1794.2029311097813 99 0.0
410623122.0 0.0 1806.203038404886 99 1.6605696e-14
245548907.0 0.0 1799.4734835693114 99 9.415606e-34
251496064.0 0.0 1805.2652740853339 99 1.3975357e-20
265348968.0 0.0 1795.617724295326 99 1.2234004e-36
270012643.0 0.0 1796.0137416993152 99 1.496118e-38
390862758.0 0.0 1811.1816229969056 99 1.7349901e-24
279004215.0 0.0 1797.7435150637011 99 2.4110026e-12
201013636.0 0.0 1795.2242318297663 99 0.0
333801796.0 0.0 1806.0331480932923 99 0.0
331552930.0 0.0 1794.4295169637046 99 4.2608068e-16
341816492.0 0.0 1806.4265513322728 99 2.762371e-17
203039360.0 0.0 1799.6824068194717 99 2.6709496e-21
20706394.0 0.0 1795.557508273767 99 1.0498203e-36
431925268.0 0.0 1810.4743650131784 99 2.0139268e-19
397239109.0 0.0 1798.0769064420047 99 7.0301745e-13
332046772.0 0.0 1795.0564999150645 99 0.0
377307381.0 0.0 1793.4901672847882 99 1.6778675e-17
397927532.0 0.0 1796.0560608702885 99 0.0
395769189.0 0.0 1810.909860613884 99 5.8355374e-36
385205711.0 0.0 1796.2241654689988 99 0.0
301835530.0 0.0 1797.5154370217736 99 1.1784795e-18
435167469.0 0.0 1799.6385312111038 99 0.0
53963002.0 0.0 1810.2020523144317 99 6.694868e-36
292318734.0 0.0 1810.9323418483573 99 6.394921e-28
198420520.0 0.0 1811.4681231387342 99 3.2995007e-23
453224104.0 0.0 1796.2024772617397 99 4.0501735e-19
292845139.0 0.0 1798.8906783270868 99 0.0
63677137.0 0.0 1811.4117233808677 99 5.4772223e-18
403430910.0 0.0 1810.473225893022 99 3.6332294e-32
286404968.0 0.0 1811.0356476322486 99 2.58632e-25
373130261.0 0.0 1811.2219042051893 99 2.3268087e-30
279064282.0 0.0 1811.5140604963349 99 0.0
83805971.0 0.0 1806.0556966950617 99 0.0
445179073.0 0.0 1798.389601786865 99 0.0
224596414.0 0.0 1805.905567657153 99 1.7378874e-36
302314964.0 0.0 1795.6407051841807 99 0.0
401007633.0 0.0 1794.1192110949555 99 6.1253846e-25
258627226.0 0.0 1795.57462981208 99 3.0765114e-19
368381484.0 0.0 1811.0970044315698 99 2.2342924e-30
46632988.0 0.0 1795.6830330709145 99 0.0
256692904.0 0.0 1796.5563987363303 99 6.980599e-29
184735618.0 0.0 1796.7243172534663 99 0.0
137057129.0 0.0 1810.7012667216793 99 6.0316073e-35
12396579.0 0.0 1797.139559716782 99 0.0
230396530.0 0.0 1799.0943468293985 99 6.2552418e-30
321594823.0 0.0 1800.679203080354 99 1.2611988e-16
275694120.0 0.0 1798.3028843209713 99 1.4385621e-29
320279640.0 0.0 1811.160185599812 99 2.1906437e-14
117270306.0 0.0 1793.5987523058357 99 2.509682e-27
81593786.0 0.0 1810.5775010388254 99 1.6597598e-28
301470893.0 0.0 1799.307229195525 99 1.7868e-13
369825812.0 0.0 1793.93111791648 99 1.432639e-26
395586623.0 0.0 1796.2430181647137 99 0.0
54050622.0 0.0 1805.9311017401715 99 5.415646e-24
264721808.0 0.0 1794.0333906824408 99 2.9170027e-15
275484012.0 0.0 1798.1392129627354 99 3.0187378e-16
362105477.0 0.0 1796.406971318493 99 9.4125994e-17
192288719.0 0.0 1805.8076096570423 99 5.542768e-11
389407516.0 0.0 1806.4314126856864 99 3.0782095e-14
241136259.0 0.0 1797.5155421285713 99 4.097511e-18
396031854.0 0.0 1796.638962172615 99 0.0
346785547.0 0.0 1795.9118307376418 99 5.1091045e-21
417707923.0 0.0 1810.6173447812291 99 0.0
332814610.0 0.0 1795.4106555065684 99 1.30879186e-14
250842070.0 0.0 1795.494603509388 99 1.5891157e-13
265174270.0 0.0 1799.409452736065 99 7.796222e-21
101351543.0 0.0 1798.7662624578873 99 6.623575e-25
238795688.0 0.0 1806.0782886320887 99 9.459364e-12
390656467.0 0.0 1799.5773243936524 99 6.4183174e-33
388435585.0 0.0 1805.9715093044879 99 6.571812e-15
387633966.0 0.0 1800.1580876237945 99 7.723792e-27
428074524.0 0.0 1798.4112673510142 99 1.3208145e-36
287195806.0 0.0 1805.927691633865 99 0.0
249916950.0 0.0 1810.3906071359568 99 0.0
302467487.0 0.0 1805.2657209904683 99 0.0
233719053.0 0.0 1811.1562716757 99 3.8328118e-35
367333600.0 0.0 1794.7838586072228 99 6.8156108e-31
116612613.0 0.0 1795.6197939095123 99 0.0
433079797.0 0.0 1794.391055745809 99 1.843677e-17
186717969.0 0.0 1798.5577402601023 99 1.0607523e-09
82167490.0 0.0 1794.077417721248 99 1.1465855e-13
229589968.0 0.0 1798.1155374216064 99 4.935454e-27
73625027.0 0.0 1811.2244411872632 99 0.0
82556590.0 0.0 1798.8689071018914 99 2.2535795e-21
367682548.0 0.0 1796.7195304221605 99 8.474553e-26
235954079.0 0.0 1797.074772414207 99 7.934587e-31
431866783.0 0.0 1810.1201164814236 99 3.380446e-12
240781407.0 0.0 1798.639879325805 99 1.108473e-19
384985022.0 0.0 1798.4326651602612 99 5.9266966e-18
326259592.0 0.0 1797.2201911894754 99 1.9018176e-24
22815944.0 0.0 1796.0789559333166 99 3.7103604e-18
13258369.0 0.0 1794.8687620409034 99 9.116297e-05
26625920.0 0.0 1810.3288752153605 99 0.0
359126726.0 0.0 1805.2639309531953 99 1.3004899e-30
256796553.0 0.0 1797.615842986616 99 0.0
268728977.0 0.0 1795.6177804641413 99 5.100479e-28
417410096.0 0.0 1810.7643489178054 99 0.0
52702113.0 0.0 1793.4730332988404 99 1.0639922e-13
50116364.0 0.0 1811.2648302083885 99 4.8538067e-34
398370643.0 0.0 1799.0333438206615 99 0.0
389958835.0 0.0 1799.3644305134621 99 1.0222814e-24
385041366.0 0.0 1796.89070355442 99 2.6445343e-17
229508096.0 0.0 1794.303279248328 99 2.1180505e-37
275855499.0 0.0 1794.743484473469 99 1.2621373e-31
444797901.0 0.0 1794.889477310704 99 1.1198158e-09
258511985.0 0.0 1794.6787069725638 99 0.0
326794161.0 0.0 1794.931062578376 99 4.127601e-33
353779228.0 0.0 1799.5727053256617 99 8.883198e-31
427685099.0 0.0 1799.7010708832472 99 3.0772094e-23
198186748.0 0.0 1811.3851655195026 99 1.1066432e-12
315722511.0 0.0 1794.9081845611925 99 2.558501e-17
370211258.0 0.0 1797.723333056966 99 5.6285645e-25
71747343.0 0.0 1798.3483327193157 99 1.9747951e-17
445496340.0 0.0 1811.5150448974193 99 3.970324e-25
367453933.0 0.0 1793.5755497088307 99 3.6684482e-33
51022694.0 0.0 1796.5565524940985 99 9.090717e-20
293125350.0 0.0 1794.3907818770444 99 9.697014e-34
369238838.0 0.0 1794.8476266554055 99 1.3595639e-36
284530877.0 0.0 1806.0767729874324 99 8.297296e-13
256349356.0 0.0 1805.5541900360188 99 4.5747188e-24
401007302.0 0.0 1796.3484271354125 99 0.0
268516039.0 0.0 1797.5760693870295 99 6.971513e-25
50122168.0 0.0 1811.2024659272033 99 5.2485594e-18
370118640.0 0.0 1798.035797553524 99 1.593336e-11
348140556.0 0.0 1796.0984101890676 99 8.914555e-18
34619169.0 0.0 1795.9122483034344 99 2.5811376e-31
396240458.0 0.0 1798.5557614313652 99 6.9482638e-15
417549814.0 0.0 1795.0142624430196 99 4.1963774e-18
415836428.0 0.0 1794.5781939821427 99 0.0
372630142.0 0.0 1798.3272850917301 99 2.3018842e-09
28909025.0 0.0 1795.6413684023016 99 5.6190922e-14
394129205.0 0.0 1794.3451513150394 99 6.100365e-32
265386739.0 0.0 1793.4734880167398 99 0.0
433283112.0 0.0 1796.9744695466043 99 8.9508045e-12
186594170.0 0.0 1794.7868753943228 99 3.2778374e-29
289095239.0 0.0 1795.7844592476251 99 2.4229292e-34
264220563.0 0.0 1795.1367130984438 99 1.785025e-17
381655370.0 0.0 1798.5159182312275 99 8.602879e-28
230023671.0 0.0 1805.2821919603252 99 5.1932655e-13
82006053.0 0.0 1799.7857793395647 99 2.9346456e-17
354178105.0 0.0 1798.2239483391224 99 5.228787e-21
269597106.0 0.0 1810.115828182728 99 3.2053747e-38
375782459.0 0.0 1811.4087214595381 99 5.7549247e-25
54790697.0 0.0 1799.3687986215998 99 0.0
299439376.0 0.0 1795.0779653710706 99 0.0
90694177.0 0.0 1794.1411614249787 99 5.622021e-17
390738379.0 0.0 1795.3480810291856 99 7.305272e-33
373278501.0 0.0 1805.3050264043338 99 2.1055666e-27
256690009.0 0.0 1810.848236888187 99 1.9091848e-35
279079545.0 0.0 1796.7642940930637 99 1.4508552e-32
233734547.0 0.0 1798.9690518372308 99 0.0
326969027.0 0.0 1797.0990022814 99 1.654208e-38
46479770.0 0.0 1794.1621380012389 99 4.801665e-10
321548549.0 0.0 1796.4084165351774 99 6.455228e-24
366506022.0 0.0 1796.242026032254 99 1.1995785e-27
346119463.0 0.0 1795.2648975905952 99 4.490431e-31
275259619.0 0.0 1794.5344198674327 99 5.094508e-36
272219327.0 0.0 1798.3681121572977 99 4.3699286e-30
302071120.0 0.0 1799.2032234093806 99 0.0
353018022.0 0.0 1799.4310259980393 99 1.990642e-38
374475598.0 0.0 1799.2858508366032 99 3.9970543e-14
241025429.0 0.0 1799.5777818610402 99 1.9412248e-29
327000169.0 0.0 1805.868379118653 99 0.0
272823545.0 0.0 1794.847376284075 99 3.8895258e-16
292316929.0 0.0 1794.8699578643098 99 2.4451122e-18
357595868.0 0.0 1797.6143011968622 99 7.54706e-19
445530990.0 0.0 1797.8486115330445 99 7.635904e-27
445611717.0 0.0 1806.0569295297933 99 1.7978364e-34
178175440.0 0.0 1796.0369255299825 99 3.0255795e-35
343620660.0 0.0 1797.1371517434031 99 0.0
235940299.0 0.0 1796.4913954950505 99 9.774093e-38
21131390.0 0.0 1798.37059540382 99 1.4060665e-14
269419535.0 0.0 1811.0759760459628 99 0.0
240986235.0 0.0 1796.8901628536125 99 0.0
250960997.0 0.0 1794.6821663642747 99 6.439993e-12
383674728.0 0.0 1796.7606828442233 99 3.4764976e-22
331549197.0 0.0 1811.1585214290665 99 1.252201e-38
353957999.0 0.0 1806.078356968508 99 3.912524e-09
367861883.0 0.0 1797.6384533290773 99 1.3668911e-21
357887247.0 0.0 1799.680941104587 99 0.0
90645490.0 0.0 1796.1411898189267 99 1.2229537e-19
237107958.0 0.0 1810.7413611647733 99 1.7198605e-24
403431219.0 0.0 1795.494145810971 99 2.2239594e-31
309303437.0 0.0 1810.1403164094118 99 8.2630076e-17
327704791.0 0.0 1795.8907089717538 99 0.0
389692960.0 0.0 1795.7019335549069 99 0.0
117031206.0 0.0 1798.6197093094893 99 0.0
427447728.0 0.0 1811.2839924267337 99 9.253591e-19
250505921.0 0.0 1811.2652505877581 99 2.4094905e-19
275702972.0 0.0 1798.5353687740521 99 1.0076401e-21
256514724.0 0.0 1805.5531569789075 99 4.7059784e-19
402894571.0 0.0 1795.3661540754097 99 1.3308647e-35
379084450.0 0.0 1798.9305792230728 99 5.7904115e-10
365595041.0 0.0 1796.3247785907702 99 1.6187226e-35
301342453.0 0.0 1796.3281524046997 99 5.448671e-11
374568518.0 0.0 1796.744427793393 99 7.070907e-17
292322994.0 0.0 1799.3281985835815 99 0.0
411043564.0 0.0 1805.5960428528458 99 7.9792794e-28
320497858.0 0.0 1796.264697777357 99 2.4421573e-18
347484352.0 0.0 1799.6193088588914 99 2.1436062e-22
20705894.0 0.0 1796.5574953899222 99 1.1483782e-24
229456600.0 0.0 1805.2614148946413 99 2.3027175e-25
250707320.0 0.0 1797.1404618447004 99 2.7158598e-20
282881417.0 0.0 1810.8054813258698 99 1.7077993e-38
101216819.0 0.0 1796.0578395779023 99 8.962048e-19
359441156.0 0.0 1798.5767979644575 99 0.0
230377991.0 0.0 1793.9693161031325 99 7.38224e-37
237100372.0 0.0 1795.8228455383532 99 1.0654171e-14
424115833.0 0.0 1798.1409230688491 99 0.0
396235574.0 0.0 1800.1809350293365 99 0.0
20873121.0 0.0 1795.4742322600523 99 0.0
202844773.0 0.0 1796.0573608504283 99 0.0
285235696.0 0.0 1797.2229121600483 99 0.0
423954138.0 0.0 1798.8461276173596 99 2.2874422e-38
372685312.0 0.0 1797.8456059969137 99 7.4307465e-08
326532106.0 0.0 1810.2638888802524 99 0.0
194667110.0 0.0 1794.4534946529996 99 6.849107e-37
389911307.0 0.0 1796.368860353551 99 5.6173363e-21
235927999.0 0.0 1795.2411701179037 99 2.7481768e-28
299438729.0 0.0 1796.640474762052 99 0.0
357827252.0 0.0 1810.639554899992 99 0.0
407019919.0 0.0 1797.2641842438197 99 5.728297e-38
236886901.0 0.0 1806.324202629765 99 1.9206558e-25
251354499.0 0.0 1806.3070632945257 99 3.3760172e-17
207493891.0 0.0 1805.2597720659403 99 0.0
29056167.0 0.0 1796.9330890442775 99 1.5831355e-31
336106354.0 0.0 1793.9290702881267 99 1.0897812e-20
251351950.0 0.0 1806.1404534832063 99 1.752263e-25
302388870.0 0.0 1794.8695408546648 99 3.1372437e-23
94367268.0 0.0 1794.0786190686397 99 0.0
240854578.0 0.0 1798.4526492989341 99 0.0
259001008.0 0.0 1799.2822920694414 99 3.64249e-11
256863477.0 0.0 1794.0118444152522 99 6.0055504e-06
