tic gt tpeak labels pred_s0130
428210990.0 0.0 1796.64057653402 0 0.00058291754
285166956.0 1.0 1806.3693836107848 1 1.0
376499580.0 0.0 1795.0340859440284 3 1.9413709e-16
83967167.0 1.0 1810.1389690323674 1 1.0
336750985.0 0.0 1811.3253337241695 2 0.0016140913
378280451.0 0.0 1812.367876899941 0 1.2399063e-05
305794540.0 0.0 1812.366338775926 0 2.9341104e-08
198279370.0 1.0 1796.0518510934576 1 1.0
407928263.0 1.0 1796.8704471745916 1 0.99999976
377251803.0 0.0 1810.1563545943413 3 1.5252774e-15
284210800.0 0.0 1805.5559531708138 0 0.00057760597
198242868.0 1.0 1793.4055761981613 1 0.99999774
194618143.0 1.0 1797.7660308110542 1 0.9999993
258462992.0 1.0 1806.4285732950777 1 1.0
129817128.0 0.0 1809.1408448730995 0 0.0005905078
449986821.0 0.0 1796.3478887388233 2 6.5510915e-07
445486200.0 0.0 1808.8484763312201 0 0.00017892302
366674459.0 1.0 1797.762903903927 1 0.9999799
28757422.0 1.0 1798.1200476217386 1 1.0
236876634.0 1.0 1805.4283619026792 1 1.0
240972851.0 0.0 1808.8691140094895 0 1.46690245e-05
445439591.0 1.0 1797.5775368421157 1 1.0
279438097.0 0.0 1794.347675995836 0 3.2469365e-05
424283843.0 1.0 1795.3897823882178 1 0.99999994
317470793.0 0.0 1795.971680062842 3 5.4152232e-20
301100564.0 0.0 1796.8072272656243 0 0.00011053716
368515752.0 1.0 1798.430725746045 1 0.99992985
67390878.0 1.0 1796.703484442351 1 0.99999934
377159927.0 1.0 1805.5522437010334 1 1.0
236998036.0 1.0 1811.1992400143072 1 0.99998623
275057491.0 1.0 1799.4303788295053 1 0.99999845
331726882.0 1.0 1798.471500387147 1 0.9999669
307203546.0 0.0 1796.64013258671 0 0.002376898
431839593.0 0.0 1805.2243777627423 0 0.0005045901
35023339.0 0.0 1812.6205480668184 0 0.0011854775
229398450.0 1.0 1805.7196747084295 1 0.9999989
51024867.0 0.0 1798.8482137043054 2 0.0002740954
10973655.0 1.0 1811.4105058468642 1 0.99999976
104196403.0 0.0 1805.203302108932 0 0.0005510639
247008991.0 1.0 1793.6206677181701 1 0.99999243
395924247.0 0.0 1805.2431340370345 0 3.806403e-05
53799292.0 1.0 1796.827129526816 1 0.9999977
385591488.0 0.0 1805.4747929436123 0 0.00043234456
63584575.0 0.0 1809.1617580654088 0 0.0008605332
352283883.0 1.0 1796.9097649050168 1 0.9999998
129822207.0 1.0 1797.95362347605 1 0.99999887
352359172.0 1.0 1799.4100701610032 1 0.16137972
365940645.0 1.0 1796.6802491578724 1 1.0
251220253.0 1.0 1793.8069963118667 1 0.9996173
259000751.0 1.0 1794.178185349627 1 1.0
418218506.0 0.0 1812.491691143691 0 7.603748e-05
445559476.0 0.0 1808.848480055969 0 1.1620427e-06
288513991.0 0.0 1808.8872230967888 0 9.006026e-05
372216052.0 1.0 1796.8462675357787 1 0.99998385
301476871.0 0.0 1796.8281686013875 0 1.917487e-09
271021518.0 0.0 1798.32628207817 2 5.99887e-14
149925140.0 1.0 1795.182907107183 1 0.99999976
219857381.0 1.0 1796.344155871709 1 0.99999994
63471618.0 0.0 1809.2450654308727 0 0.0012803558
63345107.0 0.0 1805.3492740945394 0 0.022770379
301173087.0 0.0 1805.2030133137202 0 3.0764684e-09
367754612.0 0.0 1794.1992609047047 0 0.00076497224
376114509.0 0.0 1808.8467324442254 0 1.1490611e-06
397982006.0 1.0 1794.7016638294747 1 0.78006315
422984324.0 0.0 1805.2868337205193 0 0.0004332623
315728194.0 0.0 1808.8485886166852 0 7.692727e-05
233201941.0 1.0 1797.6981561540713 1 0.9999999
252149464.0 0.0 1796.7021950244875 0 0.0006773947
356820646.0 0.0 1801.7613128021683 3 1.2324796e-19
431968168.0 0.0 1812.3492728390918 0 0.00052402914
21097861.0 1.0 1794.1622071390445 1 0.9999964
312857240.0 1.0 1810.5980065985798 1 0.9999385
435741705.0 0.0 1808.8468102648555 0 6.6801596e-07
372628397.0 1.0 1798.264811601352 1 0.9999986
376355122.0 0.0 1794.3891334035309 2 9.716378e-12
201163245.0 0.0 1808.9120290060298 0 0.0006800823
399013326.0 0.0 1812.702184224607 0 0.00031650753
374612662.0 1.0 1796.660998880781 1 0.9999999
259255376.0 1.0 1796.0781439565476 1 0.9999999
352366856.0 1.0 1798.8684647262912 1 0.9999903
367145487.0 0.0 1808.8671983458269 0 1.1322559e-08
444587149.0 0.0 1805.5769881427063 0 2.1304604e-05
245592544.0 1.0 1798.0776285794936 1 0.9999594
200871515.0 0.0 1809.1204498878574 0 0.00036836186
308365224.0 0.0 1812.3483684651314 0 4.2485203e-06
83415135.0 1.0 1795.0975306787802 1 0.9999861
417234885.0 1.0 1811.3474578376224 1 1.0
238750791.0 0.0 1796.6409772377085 0 0.001246673
420443912.0 0.0 1800.2642288148725 0 0.00079612737
201115541.0 1.0 1810.6411896942404 1 0.99999964
301642812.0 0.0 1805.203167253197 0 7.9686004e-05
367765596.0 1.0 1806.0965245538403 1 0.99997246
367150268.0 0.0 1796.8255626182306 0 3.6491436e-08
319915099.0 0.0 1809.1601575000143 0 1.1870732e-07
435453818.0 1.0 1798.4301851445093 1 1.0
319911472.0 0.0 1812.680857676997 0 7.502959e-07
198280388.0 0.0 1811.1141230363928 3 1.1570805e-24
90763724.0 0.0 1796.6411601945647 0 0.0012371801
388604399.0 0.0 1805.2005357587661 0 3.9934694e-06
444797901.0 0.0 1805.3478547896923 0 0.00018177011
50690977.0 0.0 1808.931531194614 0 0.00023029167
395521835.0 1.0 1810.3472954998872 1 0.99979645
353957999.0 1.0 1806.078356968508 1 0.9999771
139554787.0 1.0 1794.0577177641835 1 0.9999999
250561377.0 1.0 1794.3904775144981 1 0.9999963
396195602.0 1.0 1811.3052263574107 1 0.9999997
428388736.0 1.0 1794.6405532423269 1 1.0
369821948.0 1.0 1805.8058643106524 1 1.0
256579500.0 1.0 1794.8670181796813 1 0.9952974
384659769.0 1.0 1796.7026474382694 1 0.99999297
366587892.0 1.0 1810.7836317436966 1 0.9999935
73621231.0 1.0 1794.4955072262467 1 0.9999579
177769654.0 1.0 1796.4119433835958 1 0.99993867
332375303.0 0.0 1795.2233006636827 2 6.760989e-11
407022666.0 0.0 1812.3889465789093 0 3.4318457e-09
269696438.0 0.0 1809.1992689624556 3 2.682292e-05
387270996.0 0.0 1812.3666774921155 0 0.01057937
255993777.0 0.0 1794.1579771727952 3 0.0008912435
256507075.0 1.0 1799.7627621837453 1 1.0
252158435.0 1.0 1805.806435643656 1 0.9999978
264615805.0 0.0 1801.4110612397626 3 1.9111058e-08
238716143.0 1.0 1811.5571638874908 1 0.9999999
201242969.0 1.0 1797.5576045305183 1 0.9999992
177828016.0 1.0 1810.8077356094552 1 0.9999867
240969500.0 1.0 1810.9733245907335 1 0.9999947
377146885.0 1.0 1796.4300174075418 1 1.0
285181196.0 0.0 1805.0994735581069 3 1.4122357e-09
410237933.0 1.0 1799.9919649890987 1 1.0
259097101.0 1.0 1796.4073697202507 1 0.999959
233608021.0 0.0 1812.4273659287958 0 0.00025510273
368608355.0 0.0 1805.2014029774296 0 2.309903e-12
445107304.0 1.0 1796.785425259472 1 0.21656303
29700500.0 1.0 1793.1830125698857 1 0.9999998
250986432.0 0.0 1812.3489310108805 0 0.00013143285
334802172.0 0.0 1796.8254905996987 0 3.101179e-05
200917272.0 1.0 1796.3909819781875 1 0.9999944
332979205.0 1.0 1797.3483424544527 1 0.99999976
177823340.0 0.0 1807.3912562135242 3 3.0492317e-06
372728152.0 1.0 1798.0353566651656 1 0.99991524
396713858.0 0.0 1794.5553720243765 2 2.4228244e-14
241097195.0 1.0 1806.2655101656617 1 0.9999999
370220483.0 1.0 1799.6400419697286 1 0.9998393
259463294.0 1.0 1797.5365584195424 1 1.0
346595078.0 1.0 1794.6412793388672 1 0.99994636
219896633.0 0.0 1796.7608185534818 2 3.365698e-07
65199347.0 1.0 1805.7035310171932 1 0.9998194
55087427.0 0.0 1796.639489310112 0 0.000636284
352035677.0 1.0 1794.9100698714838 1 1.0
343464665.0 1.0 1794.5746795166524 1 0.9999995
401087739.0 1.0 1810.1611394342472 1 0.99999994
237295088.0 0.0 1805.241318268082 0 2.0598538e-05
427728264.0 1.0 1811.0550422907331 1 0.99999964
372069658.0 1.0 1796.6170523928936 1 1.0
200872371.0 1.0 1795.7869495336956 1 0.99998236
293067488.0 1.0 1810.9739917415245 1 1.0
424461577.0 0.0 1811.9063516462795 3 1.0086059e-20
34644961.0 1.0 1797.5373259687096 1 1.0
249886811.0 1.0 1799.7864137652412 1 1.0
368510605.0 1.0 1798.0763872267403 1 0.9999999
400949130.0 0.0 1812.8283463386601 0 0.0008569828
272833158.0 0.0 1808.8471599733375 0 1.2023497e-07
434270013.0 0.0 1808.846621145452 0 6.437061e-06
240875231.0 1.0 1796.3276821230893 1 0.9999999
363759663.0 0.0 1797.7226547233665 2 9.490748e-05
230084082.0 1.0 1796.17693336795 1 0.9999943
241015420.0 1.0 1799.7861342331717 1 0.9998767
441734144.0 0.0 1804.4073269737187 3 2.243242e-23
331851550.0 1.0 1798.8884812625272 1 0.9999833
28997709.0 1.0 1798.287283795071 1 0.9999927
241028101.0 0.0 1797.2445529609756 2 4.924796e-10
367288168.0 0.0 1808.8880231978053 0 1.4225834e-06
34753451.0 1.0 1805.9539566516544 1 0.99996156
264615805.0 0.0 1800.098557256776 3 3.0150901e-12
288673471.0 1.0 1798.2619479171453 1 1.0
396009144.0 1.0 1811.2016117335318 1 0.99999845
52711488.0 1.0 1811.5144443530835 1 0.999989
238700016.0 0.0 1805.203186062818 0 9.619034e-05
258748157.0 0.0 1812.368036770161 0 4.1820313e-06
11331653.0 1.0 1799.5770580523965 1 0.99994123
280072381.0 0.0 1796.9077075435837 0 8.2988945e-06
353487021.0 1.0 1811.0353260053096 1 0.9999998
374613725.0 0.0 1806.3068525264005 2 3.3604244e-10
432014548.0 0.0 1812.370269697088 0 0.00022813726
235934001.0 0.0 1805.2412460129935 0 0.0030917518
317511130.0 1.0 1795.5341638502064 1 1.0
184610711.0 1.0 1793.5159944487862 1 0.9999996
435744596.0 1.0 1810.242735972566 1 0.9999962
229439489.0 1.0 1799.1571136391126 1 0.9999467
279374603.0 1.0 1798.0126862829618 1 0.99999994
394119914.0 0.0 1794.1992679065704 0 5.9563956e-08
319599611.0 1.0 1794.056141072115 1 1.0
356979949.0 0.0 1794.4062879250184 0 0.00025423008
286325819.0 0.0 1797.327347455673 2 2.6512937e-05
388564901.0 1.0 1798.0754826408777 1 0.999996
406968861.0 1.0 1794.3267666927845 1 1.0
301334476.0 0.0 1793.3278787980978 0 9.6643346e-11
229741985.0 0.0 1800.7405598311186 3 4.739641e-08
230076103.0 1.0 1795.947766570114 1 0.9999996
353378764.0 0.0 1809.181061581289 0 1.2860447e-08
265461913.0 0.0 1808.888726922117 0 3.6783223e-07
199633302.0 1.0 1796.842982058994 1 0.9999995
229435185.0 1.0 1794.0323369648006 1 0.9999201
409531909.0 0.0 1812.7448976272574 0 0.0005999586
427558679.0 1.0 1796.7425753397679 1 0.980804
322384734.0 1.0 1796.991943383185 1 0.99999994
245589547.0 0.0 1795.4109895752974 2 1.31202516e-08
240993834.0 1.0 1799.556976186711 1 1.0
10240617.0 0.0 1812.410448809632 0 0.0068318774
201261167.0 1.0 1811.5370558406364 1 0.99999964
203005093.0 1.0 1799.4324800301422 1 0.9999567
104034355.0 1.0 1797.848776218654 1 0.9999889
198538351.0 0.0 1811.0100091339657 2 0.0012618353
322382169.0 0.0 1805.2418274604936 0 0.000461881
422614996.0 0.0 1808.8675966001163 0 2.6265956e-05
377251803.0 0.0 1803.8648205978998 3 1.8312783e-16
11335015.0 1.0 1798.3062832483643 1 0.999993
308123058.0 1.0 1793.4111567847376 1 0.9998874
348678270.0 1.0 1806.2653465851834 1 0.99999756
354156485.0 0.0 1805.20274668062 0 4.8725036e-05
232984295.0 1.0 1795.4686849005677 1 1.0
198214654.0 1.0 1806.1977723126395 1 1.0
397798163.0 0.0 1796.9097549048467 0 0.00047634196
428706982.0 0.0 1812.3468643277279 0 3.6846595e-06
292695766.0 1.0 1806.036526297113 1 0.9999975
441764774.0 1.0 1796.9071935008687 1 0.99972904
420268181.0 1.0 1810.3668146932632 1 0.99999714
237293287.0 1.0 1796.9495841808116 1 1.0
198354443.0 0.0 1797.2596677682322 3 9.207986e-20
219790018.0 1.0 1805.63520063491 1 1.0
285132017.0 1.0 1798.20183498197 1 1.0
352836311.0 1.0 1810.5975272105961 1 0.99997294
194734225.0 0.0 1793.1409077396427 0 0.000663285
379630402.0 1.0 1799.4101036629716 1 0.9999852
240972384.0 0.0 1812.3690367313366 0 1.6236605e-09
229648375.0 0.0 1808.844938154676 0 7.785812e-06
390240645.0 1.0 1798.3894932335884 1 0.99998873
117530920.0 0.0 1793.3279461864577 0 9.5509535e-08
270931638.0 0.0 1808.8469246950817 0 4.44753e-06
306182652.0 0.0 1809.1605999018448 0 0.00036449727
284925600.0 0.0 1807.5977383777413 3 1.2604201e-23
250706109.0 0.0 1797.6404246444179 2 8.607324e-06
130086309.0 1.0 1797.2659698401542 1 1.0
63399285.0 1.0 1811.3282976401965 1 0.99999964
116375720.0 0.0 1812.3490462220054 0 2.229735e-07
301417485.0 0.0 1799.8695510791988 2 7.330714e-15
396615115.0 1.0 1794.9117619635988 1 0.9999908
436931811.0 1.0 1797.037309205293 1 1.0
373237466.0 0.0 1812.3885222006077 0 1.9706192e-09
68153308.0 0.0 1812.349329415133 0 0.0005255658
415975730.0 0.0 1812.6406948358756 0 0.0010800518
431964306.0 0.0 1812.4952046344463 0 0.0008627956
435742094.0 0.0 1812.3467229641317 0 4.3734704e-05
453277314.0 1.0 1799.0776791267365 1 0.99999976
410470479.0 0.0 1812.3482357774421 0 0.00027744655
233089591.0 0.0 1812.3855227366919 0 1.3430018e-10
83339798.0 1.0 1793.4101105719992 1 0.9999509
390741075.0 1.0 1795.3896732048113 1 1.0
251496064.0 1.0 1805.2652740853339 1 0.999999
269597106.0 1.0 1810.115828182728 1 0.99999976
285909464.0 0.0 1797.8479098620885 0 2.339964e-08
356863935.0 1.0 1797.5527574794207 1 0.9999683
255863611.0 1.0 1798.9288120299225 1 0.9591108
21228396.0 1.0 1797.2185017207519 1 1.0
417707923.0 1.0 1810.6173447812291 1 0.9999998
291890286.0 1.0 1805.3697758392602 1 0.9999965
326859016.0 0.0 1796.6404835235921 0 0.00026412605
433563574.0 1.0 1810.4537631186656 1 0.99999774
233528701.0 0.0 1805.198188593161 0 2.3266875e-06
450145177.0 0.0 1808.8485250580386 0 0.0015645139
28914297.0 0.0 1809.120579303498 0 0.0013454426
357673920.0 1.0 1799.4315860911406 1 0.9999985
370212311.0 1.0 1794.4525345128422 1 1.0
259965499.0 1.0 1796.9499971045127 1 1.0
198416738.0 1.0 1805.447293300898 1 0.9999999
352929656.0 0.0 1795.7640468587977 2 0.0009119031
83343204.0 1.0 1811.2431844923672 1 1.0
417234073.0 0.0 1795.8057773441292 2 1.6672077e-08
445320345.0 1.0 1811.3061143430812 1 0.99999946
387567187.0 1.0 1796.2623233684897 1 0.99999607
270526373.0 1.0 1795.4075329558168 1 0.9999999
396615018.0 0.0 1804.9117703439372 3 4.627482e-15
312975584.0 0.0 1809.181283860559 0 5.678345e-05
354840446.0 1.0 1797.222836476397 1 1.0
292727416.0 1.0 1811.098888508551 1 0.99999386
241030146.0 1.0 1799.661096517507 1 0.99999547
219805359.0 1.0 1797.5314479779643 1 0.9999981
22844899.0 0.0 1808.8496078276578 0 0.0002849012
399828838.0 1.0 1795.7218341214905 1 1.0
372640394.0 1.0 1793.5330616841222 1 1.0
309130480.0 1.0 1797.5362917237653 1 1.0
385100383.0 1.0 1795.6616314404384 1 0.99999934
370690088.0 0.0 1805.5565859665753 0 0.0002621541
83809500.0 0.0 1808.847339278463 0 1.0249917e-05
202870694.0 0.0 1809.3074859143956 0 0.0002545699
117270306.0 1.0 1793.5987523058357 1 0.99999434
441761621.0 0.0 1805.2199411981485 0 6.519741e-07
308529760.0 0.0 1805.2443288050674 0 7.0459515e-07
456130400.0 0.0 1808.495226993278 3 1.4219033e-17
354160375.0 0.0 1805.2442771888827 0 5.7035877e-06
264305610.0 0.0 1793.1374624515474 0 8.0680614e-08
256102034.0 0.0 1796.6396050740539 0 9.480131e-09
370698262.0 1.0 1795.6400130527904 1 1.0
347307581.0 0.0 1805.5766349969088 0 0.018457385
255871515.0 1.0 1811.3894100653383 1 0.99999994
372214805.0 1.0 1795.9087822022436 1 0.9999365
288312840.0 0.0 1796.2199379930573 3 6.8859497e-12
376290178.0 1.0 1810.6380001604107 1 1.0
441735715.0 1.0 1796.094343078733 1 0.9999981
207463920.0 0.0 1805.1971733777307 0 9.6655414e-05
77567833.0 1.0 1795.5579377404313 1 0.99999994
265198364.0 1.0 1794.4942971349778 1 0.99999213
381686576.0 1.0 1795.8701960511553 1 1.0
421110466.0 0.0 1812.7017268461766 0 3.9621186e-09
383622633.0 0.0 1794.4059405860214 0 0.03677171
360020372.0 0.0 1793.4077692299245 0 3.9184634e-08
319918348.0 0.0 1796.6396255594095 0 0.0006235315
288470983.0 1.0 1793.9286638315866 1 0.9999995
347691279.0 1.0 1797.306768476373 1 1.0
298729609.0 0.0 1806.364524043361 2 5.864162e-08
369823770.0 1.0 1806.4308793888454 1 0.99999833
71932051.0 0.0 1799.389957094894 2 1.7774676e-11
241022625.0 0.0 1811.2024450932765 2 8.2952806e-07
233720275.0 1.0 1798.177406252182 1 0.9999899
368611669.0 0.0 1812.3472359608195 0 9.487699e-06
90646912.0 1.0 1795.7870127231001 1 0.9999997
232617353.0 0.0 1812.4476147930648 0 1.7366504e-11
270014616.0 0.0 1796.9095929832115 0 0.00015258724
233495139.0 0.0 1796.4904443198125 2 2.107054e-07
370756231.0 0.0 1808.8900430645183 0 0.00013608979
315757230.0 0.0 1805.3249590194387 0 3.1482574e-05
320268279.0 0.0 1806.5769249390344 3 6.6115786e-19
240939984.0 1.0 1811.5356952150898 1 0.9999954
399925836.0 0.0 1805.2009637702008 0 0.00024091607
279610249.0 1.0 1794.680109490082 1 0.9995541
420470684.0 1.0 1810.53479430608 1 0.99999994
198187903.0 1.0 1800.0098782886355 1 0.99989545
28998249.0 1.0 1811.3081148355088 1 0.99999356
13613256.0 1.0 1794.6398183848578 1 0.99997944
357887247.0 1.0 1799.680941104587 1 0.99999964
34553649.0 1.0 1797.808161342352 1 0.9999718
312147538.0 1.0 1794.4523479743657 1 1.0
332494935.0 1.0 1806.202205223832 1 0.9999987
399763305.0 1.0 1796.6384440762424 1 0.99999994
420851354.0 1.0 1795.785278663947 1 0.99999964
63624860.0 1.0 1811.4742137404262 1 1.0
374034427.0 1.0 1798.7856150240668 1 0.99999994
240887113.0 1.0 1810.140004275167 1 0.99999607
444116652.0 1.0 1794.7442209752946 1 0.9829001
149927067.0 0.0 1812.745615373772 0 0.0007279727
352794937.0 1.0 1794.953409458569 1 0.99999964
375082757.0 1.0 1799.744289412852 1 0.9999995
390804313.0 0.0 1808.9106085420788 0 2.7897353e-05
198361834.0 0.0 1796.6764717831568 0 0.0049511017
229675298.0 1.0 1810.3028485780387 1 0.9999999
364183728.0 1.0 1811.3040841018892 1 0.99992716
284435554.0 1.0 1793.7436773861916 1 0.9999996
67422158.0 0.0 1812.6822025799559 0 0.000536577
241134566.0 1.0 1805.5988858824921 1 0.99999845
219095424.0 1.0 1796.2610427148256 1 0.9744821
377607119.0 1.0 1811.3050246046082 1 0.99999505
269412448.0 0.0 1796.909549245204 0 0.0005135028
237304997.0 1.0 1798.0746117633666 1 0.9999976
250580072.0 0.0 1808.8694831936684 0 6.7451365e-05
369035900.0 0.0 1794.1184790589652 2 4.539364e-06
396341901.0 1.0 1794.680561380506 1 0.99999946
201360067.0 1.0 1811.0579712767785 1 1.0
407494959.0 0.0 1809.3053804491885 0 5.2642665e-08
292942043.0 1.0 1810.5781397613516 1 0.9999999
284146933.0 0.0 1805.5352216589683 0 0.0003147181
65438028.0 1.0 1810.8910844407117 1 0.99988276
268519801.0 0.0 1808.846728452468 0 2.1268594e-05
311828730.0 0.0 1805.5561151117415 0 3.6414466e-08
252155467.0 1.0 1795.0773206127894 1 1.0
251457857.0 1.0 1793.7441581502426 1 0.9999899
436850057.0 0.0 1793.1413693169807 0 0.00064975955
354013819.0 0.0 1805.556522816724 0 0.0024395313
367681735.0 0.0 1811.3861576867762 3 1.8904932e-21
353073300.0 1.0 1810.32686451947 1 0.9999999
445606365.0 1.0 1795.7028024406668 1 0.9999999
256929085.0 1.0 1796.907648379733 1 0.9982201
189679333.0 0.0 1809.1197583926355 0 0.0005814872
286404968.0 1.0 1811.0356476322486 1 0.9999997
352573876.0 0.0 1808.910048895352 0 1.1119054e-06
283144803.0 0.0 1794.681083256847 2 7.462479e-15
327392518.0 0.0 1805.223778005268 0 0.0003397556
71745969.0 0.0 1809.1816223007995 0 3.3794906e-06
373458182.0 1.0 1798.138606332664 1 0.99999905
370694384.0 1.0 1799.348275959794 1 0.9996711
422707313.0 0.0 1810.784352046226 2 6.0521184e-13
367331490.0 0.0 1812.4919574314474 0 1.7683336e-05
331937287.0 1.0 1797.4723966634947 1 0.999987
445182516.0 1.0 1793.8063765086094 1 0.9999846
233070615.0 1.0 1810.8855460584082 1 0.99999994
77260122.0 0.0 1796.8078989356832 2 7.2450725e-08
429001549.0 0.0 1796.6379886906982 0 3.545028e-05
390579360.0 0.0 1794.347862079237 0 2.0863556e-05
352774977.0 0.0 1805.4307396837537 0 0.002999588
422354961.0 1.0 1798.845399417554 1 0.9999971
283942575.0 0.0 1809.2016706797976 0 1.1476582e-06
321450971.0 1.0 1806.0749498317625 1 0.99990165
301470349.0 0.0 1805.2030578201689 0 0.0017325495
410473179.0 1.0 1796.0986246895684 1 0.9998515
312554793.0 0.0 1805.5355047148912 0 1.0909514e-06
116557796.0 1.0 1810.6406368149023 1 1.0
245702533.0 0.0 1812.348623454771 0 2.9630948e-05
436879578.0 1.0 1793.745571961009 1 0.99987596
245581212.0 0.0 1812.3487215280813 0 1.5208769e-05
444413484.0 0.0 1809.1599417699083 0 0.024444835
249893819.0 1.0 1796.3487843483729 1 1.0
94609999.0 0.0 1805.6205363782294 0 0.0012144796
230126329.0 1.0 1796.614571325923 1 1.0
388001334.0 0.0 1796.8249624046705 0 0.005798666
417410096.0 1.0 1810.7643489178054 1 1.0
299436180.0 0.0 1800.3488347246737 0 5.3668326e-05
252113153.0 1.0 1797.3899260547932 1 0.9999949
349294422.0 0.0 1801.703904117689 3 8.4136066e-19
395693038.0 0.0 1809.222482255406 0 0.00046140418
377418427.0 0.0 1805.2007893797181 0 1.0229343e-06
272625675.0 1.0 1795.8890032344705 1 0.9999996
367350931.0 0.0 1809.158865562333 0 4.1661693e-05
160550483.0 0.0 1797.6986890627747 0 0.00030525232
428378716.0 1.0 1811.368108593319 1 0.99999523
245702077.0 1.0 1794.1818583330596 1 0.99998814
130061105.0 0.0 1805.536795476099 0 0.0001244053
346541338.0 1.0 1795.0579526686115 1 0.99999696
354132782.0 0.0 1812.4116322280947 0 0.0013297619
321546971.0 0.0 1808.8873532578873 0 1.3204278e-08
284439764.0 1.0 1794.0769934248503 1 0.9999881
186744198.0 1.0 1795.8702703605416 1 1.0
233005991.0 1.0 1798.1150382393732 1 0.9999969
192466803.0 1.0 1794.2034042510734 1 0.9999999
410438587.0 1.0 1795.3487215048606 1 0.9999991
237104001.0 1.0 1797.4273176062256 1 0.999992
444499311.0 0.0 1793.1395020141133 0 0.010481957
394089367.0 1.0 1794.0537057654988 1 0.99999875
352810984.0 1.0 1811.4537820158591 1 1.0
293067336.0 1.0 1811.4323288232001 1 1.0
379085094.0 0.0 1805.222296028695 0 0.0027818629
323407257.0 1.0 1794.0963911773347 1 0.9999714
372355186.0 1.0 1805.4320965401034 1 0.9999565
403879070.0 0.0 1810.2442185607413 2 3.3006193e-09
332045437.0 0.0 1798.7231320597555 2 7.861391e-12
241037295.0 0.0 1808.8900477300012 0 6.0000373e-05
433202283.0 1.0 1796.6619475287869 1 1.0
354782159.0 1.0 1795.9726650928528 1 0.9999884
377251803.0 0.0 1809.010545223016 3 2.5224372e-20
284443179.0 0.0 1812.9516964150255 0 1.4545242e-07
445398118.0 1.0 1806.0354278197794 1 0.9999601
445115660.0 1.0 1806.2854353609434 1 1.0
265174270.0 1.0 1799.409452736065 1 0.9999975
346852957.0 1.0 1797.9951899163993 1 0.99999964
235981025.0 1.0 1806.4289667094652 1 0.9999832
445223944.0 1.0 1798.8062496359144 1 0.9999984
335799067.0 1.0 1805.7212251152187 1 0.99999905
321914704.0 0.0 1806.1375383021825 2 0.0050785667
229672541.0 1.0 1805.4486530733761 1 1.0
420303728.0 1.0 1795.4499343677346 1 0.9999734
367407019.0 1.0 1794.3486199365752 1 0.9999962
286410563.0 1.0 1796.5773205295832 1 0.9999998
357674703.0 0.0 1812.410775598144 0 2.229112e-07
338159479.0 0.0 1801.6798332443896 3 2.1274465e-27
334174894.0 0.0 1805.2211447647876 0 3.3302828e-07
233659783.0 0.0 1809.072926970055 0 2.1971755e-05
245617094.0 1.0 1797.2233668275944 1 0.99999964
445378752.0 1.0 1810.7021561286049 1 0.9999998
323124975.0 1.0 1798.1584117602551 1 1.0
373515841.0 0.0 1805.2011377136387 0 1.0297005e-06
403581621.0 1.0 1798.535753834033 1 0.9999999
138125163.0 0.0 1809.516389182501 0 0.0004877646
428751351.0 0.0 1812.3467217530142 0 2.6879122e-06
321552490.0 1.0 1795.5542505366334 1 0.9999424
374128526.0 0.0 1805.2648506348633 0 1.9110777e-05
251814564.0 1.0 1794.4528053727968 1 0.99997985
338159479.0 0.0 1804.5131123967765 3 2.5390177e-24
229702512.0 1.0 1811.3444610501028 1 0.99999976
46430281.0 0.0 1796.641374696498 0 0.008748666
370057979.0 1.0 1810.5356435770227 1 0.99999994
308878987.0 0.0 1796.6403153409115 0 1.6085198e-09
94371127.0 0.0 1793.1409865611108 0 0.008736352
381655370.0 1.0 1798.5159182312275 1 1.0
279201903.0 1.0 1795.5140477742918 1 1.0
334174894.0 1.0 1798.8045931612621 1 1.0
252128466.0 0.0 1809.2021222807941 0 2.4939059e-06
343327003.0 0.0 1800.3245459070783 0 0.0001923951
67461269.0 0.0 1809.1407930330793 0 0.0012277312
67515038.0 0.0 1809.0782937565025 0 6.1776827e-06
302466609.0 0.0 1796.8281445324487 0 8.9481155e-06
366558772.0 1.0 1794.929568518172 1 0.9999885
289090826.0 1.0 1811.4930452987567 1 0.99998343
238743287.0 1.0 1794.453187451303 1 0.99999887
366517381.0 0.0 1803.9705548218517 3 2.6974784e-22
229400018.0 0.0 1812.3444119963974 0 1.07338645e-10
367531855.0 1.0 1794.0154428373141 1 1.0
396714371.0 1.0 1797.951354381313 1 0.99999994
191769044.0 1.0 1810.5986150655924 1 0.9999867
367280190.0 0.0 1798.346433870838 2 7.970035e-12
259001008.0 1.0 1799.2822920694414 1 0.99986356
387627542.0 1.0 1798.7831733921635 1 0.9999999
385507212.0 1.0 1795.1412848017205 1 1.0
428740427.0 0.0 1812.3468028384277 0 0.000119767144
118298815.0 1.0 1810.3077421226433 1 1.0
389961180.0 1.0 1811.385035262621 1 0.9999991
50849800.0 0.0 1794.0770305327771 3 4.9243525e-22
402952425.0 1.0 1797.1375126462647 1 0.99999034
445198484.0 1.0 1795.4730450024097 1 1.0
61085531.0 1.0 1797.7664954256124 1 0.99999905
272538760.0 0.0 1805.2222334613457 0 0.00018074283
336002352.0 0.0 1805.221253890462 0 3.842241e-08
249952332.0 0.0 1805.2238279377625 0 5.6652016e-06
321854847.0 0.0 1805.491724226511 0 8.918492e-06
445181630.0 0.0 1805.5562143296527 0 0.0013517694
279282710.0 1.0 1810.284879528579 1 1.0
83339750.0 0.0 1812.7014548627903 0 0.00011678608
410623122.0 1.0 1806.203038404886 1 0.9999967
22874841.0 1.0 1811.0370555400796 1 0.9999975
199688409.0 0.0 1800.7804877336414 3 6.8994574e-14
374133172.0 0.0 1811.0564187021077 2 2.5183027e-09
453250707.0 0.0 1809.160694608739 0 0.00013768903
233519951.0 1.0 1799.134806274338 1 0.9999997
264615805.0 0.0 1806.8068860236308 3 6.0975644e-06
298601598.0 1.0 1806.2804556881747 1 0.9999986
233740998.0 1.0 1797.6357040470655 1 1.0
368023395.0 0.0 1812.3885236875549 0 1.6205605e-07
387239641.0 1.0 1794.8871499549816 1 0.9999999
428772568.0 1.0 1794.6173966566755 1 0.9993612
252159372.0 0.0 1805.535632012515 0 0.00014039267
356862844.0 1.0 1799.0526725359864 1 0.99999815
426112442.0 0.0 1805.221413248411 0 1.5017256e-05
369997828.0 1.0 1810.1188683304772 1 0.9999994
50450585.0 0.0 1805.306440218762 0 0.00014772885
381656247.0 1.0 1794.786801801724 1 0.9999974
241090316.0 0.0 1805.202770261639 0 1.8155832e-08
410807677.0 0.0 1793.3279613296022 0 3.103538e-09
385438153.0 1.0 1805.557081476544 1 0.9999982
251646422.0 1.0 1796.2651538599584 1 0.99999976
375983222.0 0.0 1805.2421834332936 0 2.8850818e-05
427578829.0 0.0 1809.245631037348 0 0.00075104076
229607259.0 0.0 1805.1988995317547 0 0.0004610933
251105103.0 0.0 1805.2027089431858 0 2.1176756e-06
241078868.0 0.0 1812.3902740943934 3 1.3656295e-14
354132782.0 0.0 1808.9116264905108 0 0.0013985472
367681735.0 0.0 1804.4485437651574 3 1.9531859e-12
400381932.0 0.0 1808.9097318687557 0 2.656088e-07
410703899.0 1.0 1797.2863789295066 1 1.0
250858590.0 1.0 1794.8071444716888 1 0.9999965
305430992.0 1.0 1810.5562923717737 1 0.99999887
53865269.0 0.0 1809.2643976807353 0 0.00088045525
285869859.0 0.0 1797.3487034938069 2 6.871044e-05
399798826.0 0.0 1795.38835554253 2 1.5304175e-12
354283949.0 1.0 1796.3257088670857 1 0.9999971
375607442.0 1.0 1795.1589605532881 1 0.99997616
418134525.0 0.0 1799.180676355996 2 3.9997526e-11
401007290.0 1.0 1805.3694505993474 1 0.9906389
375600883.0 0.0 1808.8462304495145 0 1.1129746e-06
250891012.0 0.0 1796.0779154475772 2 0.0010059265
433970925.0 0.0 1796.6175838252377 2 4.648698e-14
292523477.0 1.0 1798.328345364649 1 0.99997294
73523692.0 1.0 1795.9746482396872 1 0.99995583
52714831.0 0.0 1797.6603451088367 2 3.6349047e-05
240794802.0 1.0 1798.806567088601 1 0.9999999
50050546.0 0.0 1808.931396941837 0 2.4570809e-05
264223929.0 1.0 1795.8458457979489 1 0.99791473
368892974.0 0.0 1812.680646456116 0 1.5315809e-05
323011282.0 1.0 1810.8041861986221 1 0.99999565
374030551.0 1.0 1810.5147082846515 1 0.9999978
279352847.0 0.0 1812.514449793601 0 0.010601925
274948374.0 0.0 1812.3469536961823 0 0.0006113386
10510046.0 0.0 1805.348007580463 0 0.0010019877
385105755.0 0.0 1808.9117293479703 3 1.43364765e-11
403875792.0 1.0 1810.5565918172113 1 0.99999994
445564070.0 1.0 1794.0361083483172 1 0.9999998
329343815.0 0.0 1812.4262592762173 0 0.001424422
250767874.0 0.0 1808.869551589364 0 1.1962129e-06
21227979.0 0.0 1812.5514865932762 0 2.274285e-07
445530277.0 1.0 1805.3693993318186 1 0.9999985
359677358.0 0.0 1808.8438282607722 0 1.3835116e-05
63472118.0 1.0 1796.4328370519331 1 0.9999999
366193604.0 1.0 1806.430933566247 1 0.99999505
401083630.0 0.0 1808.869588261927 0 0.00022307195
258629961.0 0.0 1793.324605307778 0 3.1757215e-11
353779228.0 1.0 1799.5727053256617 1 0.9999914
370688888.0 0.0 1812.6606934442054 0 0.0013595524
63690302.0 1.0 1796.057969500155 1 0.9999983
395925044.0 0.0 1796.8055650314545 0 0.00014822761
77356631.0 0.0 1797.1620607394893 2 0.097560875
307478925.0 0.0 1808.953346811087 0 0.0004262605
279004132.0 0.0 1799.785193704141 2 3.955862e-11
63623869.0 0.0 1806.411843821036 3 5.398406e-15
379604836.0 1.0 1797.0976820103413 1 0.9999987
311704365.0 0.0 1805.5354351308727 0 8.183032e-05
445558560.0 0.0 1805.2026600121817 0 6.023216e-06
302186200.0 1.0 1793.4323656058782 1 0.9999927
427657613.0 1.0 1794.513523396951 1 0.99999756
373702832.0 0.0 1810.3895421913037 3 0.005434278
367335183.0 0.0 1800.471291679666 0 0.00020850205
230124490.0 0.0 1797.6983748860823 0 1.831959e-05
229676244.0 0.0 1806.6989960143187 3 2.7322567e-13
165530589.0 1.0 1798.2392857391999 1 0.9999998
381544532.0 1.0 1795.036860226651 1 1.0
259005248.0 0.0 1793.4075102179404 0 0.0001330073
282880937.0 1.0 1805.6180758725554 1 0.9999828
233048879.0 1.0 1797.5939913756113 1 0.99999714
229741985.0 0.0 1810.8447261415256 3 2.5088028e-05
366435734.0 1.0 1805.7824977429175 1 1.0
252807272.0 0.0 1793.1405788542238 0 0.0010090523
203091205.0 0.0 1809.161650307534 0 0.0011453972
159539998.0 0.0 1808.8867289039185 0 6.3654994e-08
252187980.0 0.0 1793.1400126884757 0 4.6430237e-08
422756237.0 1.0 1805.6390072597903 1 0.9995618
450137038.0 1.0 1798.7651218571636 1 0.99999464
385555157.0 0.0 1809.2039511149785 0 0.0018980994
186670567.0 1.0 1795.3286573493315 1 0.99999934
137260061.0 1.0 1805.6598661832973 1 0.9999983
427545899.0 1.0 1797.9330648977718 1 1.0
250581688.0 1.0 1795.2654214829506 1 0.99999946
387408582.0 1.0 1795.4705780468557 1 0.99999785
376288684.0 0.0 1805.2214271159214 0 7.169123e-07
271766891.0 1.0 1795.8055949495624 1 0.99999934
419531845.0 1.0 1810.1599863482488 1 0.99998945
417620398.0 1.0 1811.095942241874 1 1.0
284136822.0 1.0 1810.472515259953 1 1.0
406597100.0 0.0 1812.3467398594125 0 2.0738037e-07
387901049.0 0.0 1795.8041022384411 2 2.7775248e-16
250655207.0 1.0 1805.8069919764012 1 0.9999936
422663677.0 1.0 1797.9719217245492 1 1.0
377251803.0 0.0 1811.3021640087468 3 4.018611e-18
327006143.0 0.0 1796.7018745733392 2 1.3907275e-10
243336425.0 1.0 1794.0111417271862 1 1.0
279847952.0 0.0 1808.8485225928675 0 0.0005900844
139465168.0 1.0 1798.703669479287 1 1.0
315724612.0 0.0 1808.8695372213513 0 6.2048246e-05
433351349.0 1.0 1811.3077665641965 1 0.9999824
368028401.0 0.0 1805.2011839578424 0 0.006515995
366674060.0 1.0 1810.2628367270734 1 1.0
441738610.0 1.0 1806.261232135741 1 0.99999875
369731616.0 0.0 1805.5559035132228 0 4.6178055e-05
375712663.0 1.0 1798.138070065748 1 0.99999714
264615805.0 0.0 1800.5777257103962 3 5.540157e-06
284049245.0 1.0 1798.701676599054 1 0.99994713
270128468.0 0.0 1796.2221998143943 2 6.812739e-12
308220348.0 0.0 1808.9733782796882 0 8.5904365e-12
116060265.0 1.0 1796.661383098629 1 0.9999999
230014869.0 0.0 1795.6780944916404 2 9.785504e-09
229943561.0 1.0 1796.594418240029 1 0.9999998
378586604.0 1.0 1795.5970007207309 1 0.99999887
322442826.0 1.0 1797.1378341923094 1 0.9999978
445293146.0 0.0 1812.6810528145293 0 0.0004944222
346787628.0 0.0 1812.453604317867 0 0.00047880205
196974107.0 0.0 1808.8485981050976 0 0.012886874
331315758.0 0.0 1794.3066174156436 2 6.291723e-08
424806376.0 0.0 1805.3064618247372 0 2.7536085e-05
250707320.0 1.0 1797.1404618447004 1 0.99999994
283345494.0 1.0 1798.3687536444347 1 1.0
241075508.0 1.0 1811.3068619302544 1 0.9999895
366782088.0 0.0 1793.32545030463 0 5.666986e-11
418034045.0 1.0 1796.0159732721092 1 1.0
427768985.0 0.0 1793.4094979144802 0 3.7672283e-08
238801324.0 0.0 1796.6409170556008 0 0.00044622793
288636477.0 0.0 1805.2410955671546 0 2.424467e-09
398210443.0 0.0 1797.8477203566604 0 3.350915e-09
416096872.0 1.0 1811.557668101185 1 0.9999969
381732453.0 1.0 1794.3909953012658 1 0.99999326
250798686.0 0.0 1800.1822127635721 0 3.4677654e-09
116403299.0 1.0 1793.4113134191603 1 0.9999937
445537735.0 1.0 1794.07762447144 1 0.9999903
104151375.0 1.0 1797.8280902149188 1 0.9999993
415963236.0 1.0 1810.2238987288656 1 1.0
137960769.0 1.0 1796.0162212275352 1 1.0
233057220.0 1.0 1811.531196253557 1 1.0
348235541.0 1.0 1799.765268421447 1 0.9999939
54213390.0 1.0 1810.4102619893313 1 0.999999
26439582.0 0.0 1805.4746585085895 0 0.008534509
445288673.0 1.0 1795.7021720287844 1 1.0
372275195.0 1.0 1797.6818900011026 1 1.0
319916989.0 0.0 1809.1601843865385 0 9.5664345e-06
219797699.0 1.0 1799.197812091015 1 1.0
396006259.0 1.0 1797.6178383869126 1 0.99999976
10962838.0 1.0 1798.952371176981 1 0.99988276
367360176.0 1.0 1797.575564250283 1 0.99984807
445506790.0 1.0 1811.2857411338734 1 0.99999946
412887931.0 1.0 1800.0545366098656 1 0.9999994
198413518.0 0.0 1797.9679992756546 0 0.018103972
269235068.0 0.0 1812.3676092135574 0 1.079611e-06
265007029.0 0.0 1805.2026294617765 0 2.847905e-05
200921621.0 0.0 1805.3079411565825 3 5.8297856e-06
278922816.0 0.0 1805.3686154306126 0 0.00045302612
272426464.0 0.0 1808.8470814870257 0 0.00031356595
301906843.0 1.0 1793.5780455066556 1 0.9999997
219796423.0 1.0 1811.3439363856069 1 1.0
233079659.0 0.0 1807.2606662249275 3 1.6360127e-11
366073468.0 1.0 1799.88865247959 1 0.9999967
299438729.0 1.0 1796.640474762052 1 0.99999475
302386390.0 1.0 1796.015473440997 1 0.9999955
353026030.0 1.0 1797.5352468876474 1 0.9999999
427110409.0 1.0 1799.5125371570036 1 0.9999999
256349356.0 1.0 1805.5541900360188 1 0.99997723
316850474.0 0.0 1794.6193384949408 2 6.324121e-06
275636326.0 1.0 1797.8685410328017 1 0.9999952
12901320.0 1.0 1794.9106646654104 1 0.99999976
396442760.0 1.0 1811.1379871682627 1 1.0
186912006.0 1.0 1793.4952855697154 1 0.99999887
137082590.0 0.0 1812.347435278351 0 2.787153e-07
376544321.0 1.0 1796.0965965534624 1 0.9999974
275694120.0 1.0 1798.3028843209713 1 0.9999998
402810602.0 1.0 1795.8476042080117 1 0.9999999
137886081.0 1.0 1798.9538864423287 1 0.9999906
415834582.0 1.0 1794.9114226671197 1 0.9999996
116015207.0 1.0 1795.7863890904212 1 0.9999983
49731716.0 0.0 1808.9108908835585 0 2.9732175e-05
229976071.0 1.0 1799.386098892048 1 0.9999999
235676373.0 0.0 1808.8659106009388 0 1.25038905e-05
241023969.0 0.0 1812.3482854372921 0 2.0188176e-05
400341172.0 1.0 1810.2429770393587 1 0.99999803
348135324.0 0.0 1805.2235595926686 0 4.949165e-05
353077789.0 0.0 1806.972603623951 3 5.3287586e-08
351390279.0 0.0 1796.909917712338 0 4.3746022e-07
366110508.0 1.0 1795.347684558611 1 0.99947727
337643686.0 0.0 1805.2005647274364 0 1.682814e-05
241017747.0 0.0 1793.7860857617543 3 2.3213027e-23
282874128.0 0.0 1796.9099297415094 0 0.217005
433139697.0 0.0 1805.49525140311 0 0.00071293535
250773561.0 0.0 1800.1404228475153 0 4.816521e-07
444834252.0 1.0 1810.1605893902954 1 1.0
384919112.0 0.0 1812.3491915470863 0 0.00064184173
420024734.0 0.0 1812.7017747542836 0 2.3021883e-08
233048798.0 1.0 1798.052308960347 1 1.0
436842161.0 0.0 1809.037107499319 0 0.0002194161
243286840.0 1.0 1811.1148913302502 1 0.9999901
198189928.0 0.0 1793.1764461261664 0 0.0033520227
283832839.0 1.0 1799.2642722031078 1 0.9999999
430327641.0 0.0 1793.1409058527674 0 0.0006508023
426085192.0 1.0 1797.1803061911958 1 0.9999983
400950668.0 0.0 1794.0991014635927 2 3.2893844e-05
332866260.0 1.0 1796.0565436806403 1 0.9999997
405491869.0 1.0 1793.495387804873 1 0.999992
12559257.0 1.0 1799.1396587331901 1 0.9995117
348517267.0 1.0 1797.2861481945938 1 0.999993
50850412.0 0.0 1808.9105560478515 0 0.0007199833
309054541.0 0.0 1796.6402230052224 0 1.0376245e-07
270824726.0 0.0 1795.368135377985 2 1.943008e-09
192558373.0 0.0 1805.2035425024974 0 0.0003987132
250823620.0 1.0 1806.2238035612204 1 0.9999998
352358226.0 1.0 1810.7850225564089 1 0.9999994
83615808.0 1.0 1795.5767780885672 1 0.99999994
238774934.0 1.0 1795.4534348924117 1 0.9999998
233534504.0 0.0 1797.969083237028 0 3.5676285e-07
285239772.0 1.0 1793.9529304462865 1 0.9999988
356894095.0 0.0 1808.8436088063418 0 0.000468829
292269490.0 1.0 1795.3700410401016 1 0.9999898
431858847.0 1.0 1797.6199595572555 1 0.9999546
236784540.0 1.0 1811.489592907022 1 0.9999999
186938347.0 0.0 1796.6410135403019 0 0.00012942358
10418223.0 0.0 1794.3477956344504 0 4.9108433e-08
302147474.0 0.0 1812.4742406992705 0 0.00045168592
331724986.0 0.0 1793.305019210056 0 6.2799605e-05
192295407.0 1.0 1805.745041157921 1 1.0
52424473.0 0.0 1809.3269674476426 0 0.0066385306
394091225.0 1.0 1796.0120244526315 1 0.999987
178046956.0 0.0 1810.1411120719401 2 0.011238603
428015818.0 1.0 1811.3885611868832 1 0.99999994
415977699.0 0.0 1797.9532921981468 2 1.676561e-06
279920905.0 1.0 1794.8673624167243 1 0.99998724
245477282.0 0.0 1805.223460271883 0 0.00010532938
396572727.0 0.0 1809.2449932393615 0 0.00058400165
374615528.0 1.0 1806.2235695463226 1 0.99999666
232609354.0 1.0 1797.614641627276 1 0.99999976
12984480.0 0.0 1812.410727891486 0 0.00013684688
229497973.0 1.0 1798.9698331708612 1 0.999999
352979549.0 0.0 1810.6996969402505 3 4.950116e-30
252173759.0 0.0 1793.1397557864404 0 0.00017891228
264294796.0 0.0 1808.9709673344587 0 1.0912942e-07
275579776.0 1.0 1796.2850072975457 1 0.99997914
21162234.0 1.0 1797.2601025232989 1 0.9999999
284215241.0 0.0 1805.9725612939312 2 1.5855471e-12
258514303.0 0.0 1805.2203490243437 0 4.9061946e-06
265147478.0 1.0 1797.012474806477 1 0.99999994
353380967.0 1.0 1796.9308902144937 1 1.0
269417075.0 1.0 1806.3052557249082 1 0.9999859
302776007.0 0.0 1797.3268277040747 2 3.2632992e-16
113801184.0 1.0 1810.2872569528647 1 1.0
237080213.0 0.0 1812.907542348348 0 0.0002440403
367419139.0 1.0 1798.3905834007885 1 1.0
279607090.0 1.0 1810.5757612548957 1 1.0
284717791.0 1.0 1797.1186941620913 1 0.9999999
285685590.0 0.0 1808.9314215230022 0 0.00012449086
378292347.0 1.0 1797.5557563827874 1 1.0
385041366.0 1.0 1796.89070355442 1 0.99999994
240820973.0 1.0 1806.1815383066628 1 0.99999607
232674183.0 1.0 1796.8857399827525 1 0.9999903
398157908.0 0.0 1797.8475078952813 0 1.2073809e-05
236776985.0 1.0 1797.8232253606657 1 0.9999962
379370837.0 1.0 1794.951610917723 1 0.99999994
259037524.0 1.0 1794.0740297951997 1 1.0
65695091.0 0.0 1808.9535362757783 0 0.0005617132
129913061.0 0.0 1805.390987983907 3 0.00019690754
375985511.0 0.0 1808.8671224475145 0 4.5536535e-08
52702113.0 1.0 1793.4730332988404 1 0.9999958
282881417.0 1.0 1810.8054813258698 1 0.99962324
341813855.0 1.0 1806.1558291279507 1 0.9999999
21189397.0 0.0 1812.4680857650396 0 6.5958725e-06
331552874.0 0.0 1805.241959020965 0 6.855945e-10
396573154.0 1.0 1810.390827989759 1 0.9999998
427872227.0 1.0 1796.0968734591136 1 1.0
34647018.0 1.0 1794.9122284915052 1 1.0
375782459.0 1.0 1811.4087214595381 1 0.9999991
237197619.0 1.0 1794.178461594273 1 0.82886076
389536476.0 0.0 1809.2021015017356 0 0.00023784177
377031464.0 0.0 1805.221561157594 0 2.5765942e-07
374479643.0 1.0 1810.265044206078 1 0.9999846
117753504.0 1.0 1810.9115409477613 1 1.0
199682593.0 0.0 1808.8432107643882 0 0.014687554
236765799.0 1.0 1797.7402697192865 1 1.0
251354499.0 1.0 1806.3070632945257 1 0.9999637
420176519.0 0.0 1812.366133639714 0 3.4495565e-10
359126965.0 0.0 1805.2014397085961 0 1.0533896e-06
456130400.0 0.0 1796.8492615575087 3 5.7978168e-21
374041661.0 0.0 1808.9107465053073 0 9.238534e-07
403117827.0 0.0 1808.8868112131984 0 3.296863e-09
28834478.0 0.0 1805.4747838645362 0 0.0010859466
237294767.0 1.0 1799.7204994768003 1 0.9999974
34977164.0 1.0 1795.4538797552477 1 0.9999981
403740880.0 1.0 1797.2028164099308 1 0.9999985
428257299.0 0.0 1793.7028638311256 3 1.14619135e-14
198388252.0 0.0 1798.3638879057708 3 3.4707785e-19
354746123.0 1.0 1797.972745733852 1 0.99999994
445108078.0 0.0 1793.1396286981526 0 1.382927e-10
365944938.0 0.0 1805.242739812304 0 3.3054105e-11
319851927.0 0.0 1809.2017521092023 0 5.921103e-05
240912683.0 0.0 1793.1401604236105 0 1.8420616e-08
332148984.0 1.0 1810.952330553199 1 1.0
129819081.0 1.0 1793.2035312425478 1 0.99999994
54206670.0 1.0 1799.6604731612167 1 0.9999435
307206821.0 1.0 1811.2855454995565 1 0.9999998
387676018.0 0.0 1795.5331717031113 2 2.1510592e-08
236996885.0 1.0 1795.5328125435187 1 0.99999917
117619327.0 0.0 1812.453286267957 0 0.0011492507
455954904.0 1.0 1796.3258772787574 1 0.9999999
445240803.0 0.0 1796.7023569638347 0 1.612658e-05
354400632.0 1.0 1796.2864139442881 1 1.0
357516853.0 0.0 1797.2613679383446 2 2.3964164e-10
286010581.0 1.0 1811.4107330138306 1 0.9997838
284429312.0 1.0 1806.410126709355 1 0.9999995
233724679.0 1.0 1797.9064368814584 1 0.99998987
288629022.0 0.0 1805.3076822218231 0 1.2109463e-05
288501292.0 0.0 1809.265744119524 0 2.5140625e-06
312678960.0 1.0 1798.8065568808715 1 0.99999994
207493891.0 1.0 1805.2597720659403 1 1.0
427447728.0 1.0 1811.2839924267337 1 0.99999654
369281625.0 1.0 1811.2644617890976 1 1.0
453253534.0 0.0 1812.6605835215946 0 2.932064e-11
452972873.0 1.0 1797.7854041625135 1 0.99999994
265349418.0 1.0 1810.9301660826316 1 1.0
366113979.0 1.0 1797.0352313083567 1 0.99999994
453307914.0 1.0 1810.8689690639403 1 0.9999999
370351780.0 1.0 1798.0775591059949 1 0.99998045
399740110.0 0.0 1808.846952905653 0 0.00025306322
249879726.0 1.0 1795.8072158419627 1 0.9999964
373791072.0 1.0 1810.6397524499694 1 1.0
85596002.0 1.0 1796.9329665622413 1 1.0
191701812.0 0.0 1805.244474104422 0 7.9398684e-05
250505824.0 1.0 1811.3902531607516 1 0.99999565
289046284.0 1.0 1799.5347918229734 1 0.9999919
219743922.0 1.0 1794.634732643255 1 0.9999998
436848567.0 1.0 1793.4331139833762 1 0.9999808
301105242.0 0.0 1805.2030942805936 0 2.3151353e-05
366870031.0 0.0 1799.5337934528188 2 4.2183668e-10
285181196.0 0.0 1797.4329056964455 3 1.4026696e-06
65749500.0 1.0 1793.20304594409 1 0.9999651
233079659.0 0.0 1805.8023379191286 3 3.476494e-09
327369121.0 1.0 1796.264374696579 1 0.99999744
302312584.0 0.0 1795.5364503071908 2 0.00010735785
202839485.0 0.0 1810.9741010147814 3 6.005137e-05
326819151.0 1.0 1794.7225393785707 1 0.9999991
250867760.0 0.0 1796.4738629270282 2 7.649988e-06
269913100.0 0.0 1800.141382047223 0 3.9555134e-06
241135571.0 0.0 1795.2447420900303 2 2.8695097e-09
302472923.0 1.0 1806.2447993065684 1 0.9999272
387703234.0 1.0 1798.720706572562 1 0.99999976
343268523.0 1.0 1805.345270724257 1 0.9999994
453309323.0 1.0 1795.4523601416247 1 1.0
376869780.0 1.0 1796.3867252735963 1 0.99999905
67571745.0 0.0 1805.203529126036 0 0.0018478807
359249364.0 1.0 1796.9726051663122 1 0.99999875
186744508.0 1.0 1805.4953151829668 1 1.0
285684687.0 1.0 1796.181358571468 1 0.99991405
192933252.0 1.0 1806.1409308363113 1 0.99999946
21025654.0 0.0 1796.6413427976581 0 0.00048541673
406899460.0 0.0 1808.8681246523713 0 1.2635943e-05
445236019.0 0.0 1809.1812388439405 0 6.0684424e-06
258829795.0 1.0 1800.2613660429329 1 1.0
28783316.0 1.0 1810.2447892973337 1 0.99990577
63677137.0 1.0 1811.4117233808677 1 0.9999769
445546957.0 1.0 1799.2024490821418 1 0.9999999
366557275.0 1.0 1794.908717212037 1 0.9998323
445115898.0 1.0 1793.9523108176495 1 1.0
427111160.0 1.0 1795.5334420903446 1 0.9999893
444621957.0 1.0 1799.389739365259 1 0.9999999
428114036.0 0.0 1811.244773368784 2 0.00088725315
302089301.0 1.0 1806.3074412443068 1 0.9999946
411577210.0 1.0 1798.179531286836 1 0.9999995
427111429.0 0.0 1808.8665232565681 0 3.6619946e-05
238823660.0 1.0 1793.786563932516 1 0.96316123
390399845.0 1.0 1799.8692100640292 1 0.9999985
428734864.0 1.0 1798.78452861164 1 1.0
256796553.0 1.0 1797.615842986616 1 1.0
264309188.0 0.0 1809.0126280432091 0 2.2584847e-05
20805612.0 0.0 1808.9533613124086 0 0.0012150193
426141725.0 1.0 1799.2844053498218 1 0.99998116
406968910.0 1.0 1810.6182273713082 1 1.0
322389686.0 1.0 1798.2419474539447 1 1.0
322439942.0 0.0 1805.2418997007521 0 2.099823e-09
420901037.0 1.0 1806.3847498660853 1 0.9995729
399018929.0 0.0 1809.2023789004932 0 0.024397109
371470493.0 0.0 1808.8497209170432 0 0.0016204558
117037138.0 0.0 1796.827938697773 0 8.7636016e-07
271652234.0 0.0 1805.2012866193484 0 9.583098e-10
326734970.0 1.0 1796.5974326009768 1 0.99999875
378290764.0 0.0 1796.9099155851577 0 6.127839e-07
312145776.0 1.0 1797.8481359868497 1 1.0
249892509.0 1.0 1795.661227412349 1 1.0
431806899.0 0.0 1800.1408372293483 0 6.940923e-05
233720276.0 0.0 1796.448256915905 3 6.6661236e-28
346021008.0 0.0 1812.348481853297 0 0.0006487315
240783211.0 1.0 1797.1815879981843 1 0.9996708
400337114.0 1.0 1810.1596244246311 1 0.9999986
237282061.0 1.0 1793.2412832903228 1 0.99535346
428382801.0 0.0 1805.2432609252596 0 8.318762e-07
272039438.0 1.0 1798.5765195124986 1 0.9999999
332571288.0 1.0 1799.3900253108231 1 0.9999995
251621547.0 0.0 1796.411186914 2 2.6264377e-05
308221746.0 0.0 1812.3691750312382 0 4.633802e-06
229776076.0 0.0 1801.3030398092483 3 3.5663306e-16
351777072.0 1.0 1795.2847926746465 1 0.9999892
178082795.0 0.0 1808.911965626257 0 0.0007894021
427474084.0 0.0 1793.4093377736722 0 3.0958574e-07
256615590.0 0.0 1808.8657265560266 0 2.2723632e-05
420843864.0 1.0 1794.6186476970513 1 0.99999857
81917019.0 0.0 1808.9315716724375 0 0.00048066114
368503100.0 1.0 1805.7428587429692 1 0.999955
321600323.0 1.0 1798.1365131391344 1 0.99998814
292609933.0 1.0 1805.2447988252206 1 0.99999976
229584652.0 1.0 1806.094750792941 1 1.0
252817583.0 1.0 1797.161232699387 1 0.99999803
390892820.0 1.0 1796.3482591563834 1 0.9999999
284892548.0 1.0 1810.364150121623 1 0.99996275
301338003.0 0.0 1810.5571574187334 2 2.1899058e-09
331852758.0 1.0 1793.535693028522 1 0.9999932
301099660.0 1.0 1794.348842743233 1 0.9998589
241078868.0 0.0 1800.72377784861 3 3.742886e-18
419531065.0 0.0 1805.5559756030914 0 2.7972903e-06
230011931.0 0.0 1808.8652552680812 0 3.4015993e-05
237100372.0 0.0 1805.1980175392785 0 1.1905175e-07
354836444.0 0.0 1812.472951487597 0 0.00013208152
10605393.0 0.0 1797.8481203243905 0 5.873582e-05
198354443.0 0.0 1798.8013333553436 3 1.5431339e-22
378983937.0 1.0 1796.660008659274 1 1.0
65358461.0 1.0 1805.3909783338818 1 0.99993885
84157522.0 1.0 1793.3685106740743 1 0.99999815
376772625.0 0.0 1796.4091317842385 2 1.5094801e-09
240931090.0 1.0 1799.8693028503637 1 0.99998707
369140957.0 1.0 1805.368265075683 1 0.9999984
375980588.0 0.0 1800.3255980976294 0 1.3505121e-07
321594823.0 1.0 1800.679203080354 1 0.9999797
285336868.0 1.0 1797.7018834999965 1 0.99999976
445287089.0 0.0 1808.1395300816923 3 8.312714e-23
138021852.0 1.0 1810.7871423268255 1 0.99999934
28778281.0 0.0 1809.2031043102388 0 0.0005786907
359497385.0 0.0 1794.4063606170155 0 4.2321744e-06
229676244.0 0.0 1800.761401093836 3 6.2892175e-15
319911472.0 1.0 1793.7436952327862 1 1.0
203096879.0 1.0 1810.4115787238804 1 1.0
427652649.0 1.0 1796.6591954145115 1 0.99998903
395523334.0 1.0 1794.7220134389595 1 0.9999994
372071148.0 1.0 1810.2835648886548 1 0.99999976
65203189.0 1.0 1797.1199348890516 1 0.9999785
229676244.0 0.0 1802.032255351884 3 4.4969437e-13
400438109.0 0.0 1805.5149121476456 0 3.4394867e-05
230394266.0 1.0 1798.094590187059 1 0.9995684
367420473.0 0.0 1812.3878142745336 0 2.1414888e-07
331363487.0 1.0 1798.4300185985976 1 1.0
11437325.0 0.0 1808.0149173099385 3 1.2338266e-09
327005888.0 0.0 1812.6806970397977 0 1.9485426e-06
192418828.0 0.0 1808.9325269970193 0 0.0006047616
252201292.0 1.0 1811.1187211392219 1 0.99999905
270437677.0 0.0 1805.4302938801316 2 2.111978e-12
375985511.0 0.0 1805.2213342823648 0 0.0007348719
379084220.0 0.0 1812.3472357841881 0 4.6494097e-06
269107060.0 1.0 1798.9303741548556 1 0.9999977
192836247.0 0.0 1812.432513868644 0 0.000120361794
428545533.0 1.0 1797.5144280078057 1 0.99998933
250798668.0 1.0 1798.1822113594092 1 0.99997884
353874075.0 0.0 1794.40611584106 0 1.7719056e-08
275466698.0 1.0 1799.410418305043 1 1.0
441715063.0 1.0 1795.4902678629912 1 1.0
184684618.0 1.0 1793.9327723238973 1 1.0
332812443.0 1.0 1799.3064488503987 1 0.99999946
230088998.0 1.0 1805.635664628076 1 1.0
431759813.0 1.0 1806.1200955824957 1 0.99998397
320272378.0 0.0 1809.2019118971627 0 0.004625225
63560111.0 1.0 1811.432525511514 1 0.99999946
407423951.0 0.0 1812.367756951305 0 1.0855975e-07
292056732.0 1.0 1810.2239731335746 1 0.9999996
245664558.0 0.0 1808.8485568869598 0 1.3628447e-05
445224373.0 0.0 1810.8685463993322 2 7.477122e-12
407319154.0 0.0 1793.305444925718 0 5.838292e-07
251650602.0 1.0 1793.9316844349319 1 0.99999905
366557556.0 0.0 1797.2212207669868 3 3.6402948e-15
229435005.0 0.0 1805.2405407220665 0 6.796956e-07
256925930.0 1.0 1793.9493181839687 1 1.0
327606431.0 0.0 1812.369527040933 0 0.00013650427
50121533.0 1.0 1795.681499008392 1 0.999988
288853174.0 0.0 1805.2644614907442 0 4.47435e-05
241041295.0 0.0 1805.2442142192274 0 5.7755596e-08
337464262.0 0.0 1796.3048914806866 2 1.7082614e-16
399357353.0 1.0 1795.3273277475712 1 1.0
347496529.0 0.0 1812.4950007867835 0 0.001302931
427769436.0 0.0 1812.3467702633527 0 4.749718e-10
329083941.0 1.0 1796.3250160954292 1 0.9999999
289537652.0 1.0 1811.1976819309314 1 1.0
428302704.0 1.0 1795.390482747269 1 0.99992466
245553108.0 1.0 1796.6402127513945 1 1.0
433501542.0 1.0 1798.49526495944 1 0.9999788
160618937.0 0.0 1812.3448565973683 0 2.0821949e-09
250830123.0 0.0 1808.8697274230774 0 7.842078e-07
285758739.0 0.0 1795.723807817314 2 4.4699593e-15
186664686.0 0.0 1796.6410048797031 0 0.00044087137
327011233.0 1.0 1805.369606618407 1 0.99999917
245557201.0 0.0 1805.2445311482295 0 6.0104276e-07
26533207.0 0.0 1811.1622143308266 3 0.08766081
389960954.0 1.0 1797.2810791647125 1 0.9993659
160617954.0 1.0 1796.5942243900327 1 1.0
54214324.0 0.0 1794.4311381018795 2 5.069949e-12
301470886.0 0.0 1808.8488889394953 0 3.2468557e-05
377507360.0 1.0 1795.2842205617364 1 0.99999434
309057291.0 0.0 1812.3900902488454 0 1.2666504e-11
28909025.0 1.0 1795.6413684023016 1 0.99999905
272540534.0 1.0 1798.2223943059669 1 1.0
139378835.0 0.0 1798.7661944825797 3 7.113476e-05
323301167.0 0.0 1808.887818140242 0 3.1671792e-08
104025123.0 0.0 1808.8488330708396 0 1.7863107e-06
28911691.0 0.0 1809.2248014453237 0 0.0005566173
250836660.0 1.0 1799.4737506887634 1 0.99999964
137124346.0 1.0 1811.4307701544378 1 0.99999994
238751280.0 1.0 1797.28679734734 1 0.9999992
316631586.0 1.0 1794.1193561425964 1 0.99995714
241031803.0 0.0 1808.8900322558181 0 6.894367e-06
263969621.0 1.0 1795.2203552198957 1 0.99999976
376891085.0 0.0 1811.0547425888067 3 1.7907262e-10
287086599.0 0.0 1808.8440011877951 0 0.0006440348
51029712.0 0.0 1808.9106998821312 0 0.00027206668
377192659.0 0.0 1795.5108335712623 3 4.1673398e-20
367682548.0 1.0 1796.7195304221605 1 0.99994594
428071828.0 0.0 1812.3488681355436 0 1.4280464e-05
196947858.0 0.0 1812.3484002554164 0 8.854974e-06
285390072.0 1.0 1799.1203776348295 1 0.9999998
366917987.0 0.0 1805.200485962594 0 5.095352e-06
83618308.0 0.0 1809.1807498625326 0 0.00018366054
233074697.0 0.0 1805.1982450186229 0 4.8252423e-07
312061449.0 1.0 1797.5146087058447 1 0.9999934
313590737.0 0.0 1808.9262376628967 0 0.009799757
356896561.0 0.0 1809.343226742652 3 6.3408595e-17
90568158.0 1.0 1799.328738044449 1 0.9999496
319601211.0 1.0 1797.076975268571 1 1.0
378924841.0 1.0 1799.0556418942801 1 0.99971795
378981036.0 0.0 1798.7642418989426 2 2.2458072e-11
241060447.0 0.0 1812.389922058638 0 4.5938894e-05
426089741.0 1.0 1796.222085380619 1 0.99999547
285935937.0 0.0 1812.3699935946643 0 0.00042167937
372073838.0 0.0 1798.2212421050137 2 3.4966396e-07
13213572.0 1.0 1795.3052108508625 1 0.99999964
118300960.0 0.0 1812.4534820736305 0 0.015745014
355819250.0 1.0 1799.5362222823626 1 0.99993795
326198515.0 0.0 1798.1383120029266 2 7.4849424e-08
13100462.0 1.0 1797.680144364195 1 1.0
372335737.0 0.0 1812.3668711258802 0 4.2822722e-07
130156535.0 0.0 1809.1409438314206 0 0.00055152556
359676320.0 0.0 1807.2396570026033 3 2.3322939e-07
347768273.0 1.0 1810.140096436966 1 0.9999999
368021562.0 1.0 1805.5760667603774 1 1.0
341839687.0 0.0 1812.3432521423601 0 1.539735e-05
359441731.0 1.0 1797.389322542408 1 0.99999845
353613912.0 1.0 1799.6394233812905 1 1.0
390863585.0 1.0 1810.7024750434136 1 0.99999994
53802777.0 1.0 1796.7853970953947 1 1.0
354690272.0 0.0 1809.2018514162128 0 0.026417868
270929379.0 1.0 1806.2011592994893 1 0.9999998
288298418.0 1.0 1810.3036654563248 1 0.99999964
399198998.0 0.0 1812.3691328080126 0 0.0012517482
192292290.0 0.0 1812.432447436582 0 0.0030063177
233716661.0 1.0 1805.489889534943 1 0.9999999
233544096.0 1.0 1806.3651084056305 1 0.9999517
224605072.0 0.0 1793.6139713951177 3 3.928297e-15
378287390.0 1.0 1795.9932210204129 1 0.999996
445105009.0 0.0 1809.2018663113943 0 0.00053487846
240828639.0 1.0 1805.4525236298848 1 0.9999995
354158535.0 1.0 1795.3486369642126 1 1.0
431925268.0 1.0 1810.4743650131784 1 0.9999999
101305399.0 0.0 1812.7662451108815 0 0.0003276296
240986235.0 1.0 1796.8901628536125 1 0.9999998
387238000.0 1.0 1794.5746878683658 1 0.99954903
427755261.0 1.0 1811.3259287717635 1 1.0
270815737.0 1.0 1810.3886333151304 1 0.99999994
376843726.0 0.0 1808.8464293203865 0 4.30016e-08
366760640.0 0.0 1808.8462202719174 0 4.3050554e-07
298780946.0 1.0 1811.0520213390735 1 0.99999774
301263784.0 1.0 1806.0781180651304 1 0.9999999
399513969.0 1.0 1805.5968252324471 1 1.0
83621645.0 1.0 1793.7851797198232 1 0.99999994
250923349.0 0.0 1796.827927336297 0 4.2572598e-11
236002469.0 1.0 1805.9499015043932 1 0.9999999
50850448.0 0.0 1808.9105572559995 0 0.0002478484
387269721.0 0.0 1793.137382382976 0 8.522966e-07
1981434198.0 0.0 1808.6164867896628 3 1.6459617e-31
186938854.0 0.0 1812.6824057150386 0 1.1498861e-07
377098949.0 1.0 1798.1149156709341 1 0.99801123
233742162.0 0.0 1805.4897392820014 0 3.3332995e-05
84161715.0 1.0 1805.9100429211398 1 0.9999998
396235574.0 1.0 1800.1809350293365 1 1.0
53965082.0 0.0 1800.1396988490897 0 1.2319842e-07
346119364.0 1.0 1795.1190578739563 1 0.9999988
219112665.0 0.0 1794.1985291813319 0 7.2045355e-06
354923212.0 0.0 1805.2851564572275 0 0.0021433206
376846693.0 1.0 1798.6988112374406 1 0.9999986
233525703.0 0.0 1797.6775995832063 2 0.00020791583
423754720.0 0.0 1808.9316512613282 0 1.2586816e-06
116407896.0 1.0 1794.161186283771 1 1.0
403037785.0 0.0 1798.3700013489174 3 1.0898518e-20
292318847.0 0.0 1812.6406340884528 0 0.00064869435
445536159.0 1.0 1793.7859946980016 1 0.9999982
455961098.0 1.0 1810.9297131061458 1 1.0
249942013.0 0.0 1805.20309111196 0 1.9681033e-06
356111525.0 0.0 1797.9682433434643 0 2.727562e-05
250767925.0 1.0 1794.8904174141912 1 0.9999999
332814610.0 1.0 1795.4106555065684 1 0.99999994
117803273.0 1.0 1795.0779947374012 1 0.9999993
396116177.0 0.0 1805.4931078427533 2 2.503479e-10
241085949.0 0.0 1805.2237067328435 0 2.6276737e-06
236767649.0 1.0 1797.0944413035886 1 0.9999999
307404493.0 0.0 1809.2659495781932 0 0.0024987226
237283383.0 0.0 1796.6370603743753 0 0.00011432247
388044512.0 1.0 1810.32471214994 1 0.999986
327367977.0 0.0 1793.1394287425185 0 8.167362e-10
452972049.0 1.0 1796.1604361867057 1 0.99988925
388606331.0 1.0 1795.7006024622335 1 0.9999999
229751802.0 0.0 1798.0113295723172 3 2.6701606e-13
279765124.0 1.0 1797.242662923007 1 1.0
241078252.0 1.0 1799.4320943495538 1 0.9285711
301907047.0 1.0 1798.869779867697 1 0.9999443
368512025.0 0.0 1808.8470702253767 0 1.8685501e-05
192472255.0 0.0 1793.1407510620622 0 0.0013271727
374475282.0 0.0 1805.5149961259497 0 0.0005488014
410467298.0 1.0 1796.1402785717382 1 0.9999685
312471759.0 1.0 1797.1606102342982 1 0.9999995
432046871.0 1.0 1794.4531596356 1 1.0
12489868.0 1.0 1796.4522393486966 1 0.9495163
384981905.0 1.0 1793.6616213021157 1 0.9999961
410739260.0 1.0 1796.0153970744 1 0.9999995
407052538.0 0.0 1812.388677772176 0 1.4154937e-05
332155506.0 0.0 1795.1398801733376 2 0.021560403
348137592.0 1.0 1794.8276327359874 1 0.99977535
378292834.0 1.0 1805.3056231509768 1 0.9999959
198281228.0 1.0 1805.343415597649 1 0.9999998
268723328.0 0.0 1793.4094496612702 0 5.621533e-06
424388673.0 1.0 1795.6158461863472 1 0.9999999
319917991.0 1.0 1799.4729120497439 1 1.0
399085736.0 0.0 1797.3274203463532 2 3.813772e-16
441718248.0 0.0 1796.177765020615 2 1.3887435e-08
73692255.0 0.0 1793.1412066882879 0 0.0004322125
236863134.0 1.0 1797.136832556493 1 0.99999994
360020323.0 1.0 1805.407682402469 1 0.99991894
117031206.0 0.0 1812.369793635751 0 8.04717e-05
444141999.0 1.0 1810.8278067105177 1 1.0
387675915.0 1.0 1795.2831714033098 1 0.9999934
323304279.0 0.0 1812.366923589861 0 9.440939e-09
137120621.0 1.0 1796.6388459549487 1 0.99999994
422659599.0 1.0 1796.325927746926 1 0.99995923
396323026.0 0.0 1805.3265160867688 0 4.5828006e-06
441794658.0 0.0 1795.9071275326896 2 2.0416772e-08
436861165.0 0.0 1796.6414726933483 0 0.0005667842
373458528.0 0.0 1812.3677618576044 0 1.1481021e-07
192472979.0 1.0 1797.8699704757007 1 0.9999994
376997589.0 1.0 1798.4273667444006 1 0.99998116
101031996.0 1.0 1793.4745757872747 1 0.99999666
229711350.0 1.0 1806.3030671928868 1 1.0
194671339.0 1.0 1805.4744710418313 1 0.99999994
237100372.0 1.0 1795.8228455383532 1 0.9999991
445133704.0 0.0 1808.7437788215693 3 3.103892e-36
53799292.0 0.0 1809.2020322584083 0 3.5049e-06
250921683.0 1.0 1798.3903864258564 1 0.99999225
389694410.0 1.0 1799.8477838639876 1 0.99999845
388602832.0 0.0 1803.9715294291693 3 4.6872434e-13
194560338.0 1.0 1794.2660434778609 1 0.9999997
317011115.0 0.0 1812.3460997940197 0 3.838952e-06
71851190.0 1.0 1793.619313855947 1 0.999999
241085555.0 1.0 1806.327873832855 1 1.0
269697721.0 0.0 1794.9703208886272 3 2.4051861e-17
389764181.0 1.0 1793.5980536031695 1 1.0
219811169.0 1.0 1797.5728236018522 1 1.0
285787160.0 1.0 1798.1190766053028 1 1.0
259293097.0 0.0 1805.2450655954322 0 0.0051301043
368170935.0 0.0 1808.8886259519431 0 1.1226011e-11
407244881.0 1.0 1796.1182891186663 1 1.0
345916542.0 0.0 1812.3484763097772 0 0.00030920823
270553187.0 1.0 1799.4930501860729 1 0.99999917
354164960.0 0.0 1812.7001815377478 0 6.419825e-07
396611845.0 1.0 1806.0366202200819 1 1.0
368236561.0 0.0 1805.2220830241258 0 1.6703436e-07
229402514.0 0.0 1812.344278383168 0 6.691746e-08
445195302.0 1.0 1797.3480971338709 1 1.0
186742935.0 0.0 1796.641170830163 0 0.0004861692
245722819.0 1.0 1795.4108681749256 1 1.0
286323590.0 1.0 1811.202549279742 1 1.0
403584130.0 0.0 1806.3482956468038 2 0.00010645333
417453027.0 1.0 1799.3267015127167 1 0.9999992
236716189.0 0.0 1800.1765618376346 0 0.00021780533
200737304.0 0.0 1796.1202237871673 2 5.0534112e-08
250868494.0 0.0 1809.3904579616867 0 1.6724537e-06
291840278.0 1.0 1794.8907116754272 1 0.9999978
199688409.0 0.0 1806.843014709616 3 4.2017456e-17
186600548.0 1.0 1795.7243773844357 1 0.9999998
219802073.0 1.0 1799.010349251334 1 1.0
286177742.0 1.0 1794.9121207369587 1 1.0
445444800.0 1.0 1810.7441879593453 1 0.99998546
237107014.0 1.0 1796.782414257015 1 0.9999999
333801796.0 1.0 1806.0331480932923 1 0.9989448
452940508.0 0.0 1809.201853610441 0 0.0031918795
399270011.0 1.0 1797.1187038823277 1 0.99999094
198388252.0 0.0 1811.4055529381424 3 3.4938166e-13
194560871.0 1.0 1805.8078723517706 1 0.99999887
184690920.0 1.0 1797.0993631986696 1 1.0
399894767.0 1.0 1811.5345802788877 1 0.9999698
178041134.0 1.0 1793.1828020791145 1 1.0
316328082.0 1.0 1796.5983085625287 1 1.0
264611276.0 0.0 1808.8484634892538 0 0.00012358015
418029110.0 1.0 1806.1824582789136 1 0.99988735
238654651.0 0.0 1800.1404162894917 0 1.2611071e-05
269664096.0 1.0 1805.636801022465 1 0.9999963
402746933.0 1.0 1798.22238520016 1 0.9999999
354548262.0 0.0 1808.8902596016335 0 0.00015054889
85399196.0 0.0 1793.1412806133794 0 0.0005693861
178138752.0 1.0 1811.4536567963366 1 1.0
229957565.0 1.0 1798.948607040376 1 1.0
236863134.0 0.0 1805.1991982470363 0 2.3368393e-10
374926086.0 0.0 1808.9525082889757 0 4.846829e-20
352429460.0 0.0 1796.805639905926 0 3.5057826e-06
445631556.0 0.0 1794.2651129200224 2 2.2940398e-08
192529148.0 1.0 1799.1200604766948 1 0.9999671
354475200.0 0.0 1797.994742412818 2 0.00018779992
230072260.0 1.0 1794.9481059905443 1 1.0
307276176.0 1.0 1805.9941238690155 1 0.99998736
229496251.0 0.0 1812.3652990970495 0 8.4134024e-07
321546971.0 1.0 1800.137513162298 1 1.0
444823902.0 1.0 1796.2437633560971 1 0.99999994
387881331.0 0.0 1808.8455309534986 0 6.140447e-05
306563210.0 0.0 1812.7021441532022 0 2.2039144e-06
12746179.0 0.0 1805.264680690916 0 1.4456611e-05
285441617.0 0.0 1805.5559911421394 0 0.00011253685
376290730.0 1.0 1810.8463220866884 1 0.9999994
435676733.0 1.0 1810.7842468998763 1 0.99994594
424572623.0 0.0 1798.848228369271 2 3.6861666e-10
271533663.0 0.0 1812.3468872708622 0 1.32452515e-05
13840107.0 0.0 1809.1190260693752 3 0.0023308895
292196880.0 1.0 1798.265687781359 1 0.9999573
375913362.0 1.0 1796.1589884308953 1 0.9999988
184737137.0 0.0 1794.8076271125092 2 1.28739455e-08
353173655.0 0.0 1808.9101491991396 0 0.0010433686
317512600.0 0.0 1799.7842223340351 2 1.9878324e-10
250742323.0 1.0 1811.4945815538972 1 0.99999404
356871176.0 1.0 1810.3026207539035 1 0.9999789
65201898.0 1.0 1797.7449923437277 1 0.99999833
395944878.0 0.0 1805.2012893923593 0 1.6824757e-05
387405003.0 0.0 1805.1995744038836 0 9.382811e-09
312680360.0 0.0 1805.535572313594 0 0.0014853488
272759634.0 1.0 1794.2393029123348 1 0.99999607
272729780.0 1.0 1795.1597792849896 1 0.9999973
416089396.0 0.0 1812.3908496994738 0 0.00026808152
237103757.0 1.0 1797.0732585228188 1 0.9999993
288627881.0 1.0 1799.0159545041693 1 1.0
236771139.0 1.0 1811.3862676640995 1 0.99999994
67571745.0 1.0 1795.8701679555159 1 0.99999994
428551226.0 0.0 1811.4930226884678 2 7.607324e-12
83145296.0 1.0 1806.180659986637 1 0.9999859
372116276.0 1.0 1805.286038956473 1 0.9993567
326725721.0 0.0 1795.055665804423 2 3.3038614e-10
285544398.0 1.0 1794.1395523632143 1 1.0
46534668.0 1.0 1793.4538097157613 1 1.0
229446550.0 1.0 1798.0738012495183 1 0.99998415
396527515.0 1.0 1795.1388560868106 1 0.99999017
12911827.0 1.0 1797.3271977484624 1 0.99999845
346720712.0 1.0 1805.9538688778885 1 0.9999947
198354443.0 0.0 1793.1138413231138 3 9.523925e-15
83423764.0 0.0 1793.4099274457071 0 0.00089961145
233500987.0 1.0 1810.1364707038801 1 0.99999994
292004228.0 1.0 1794.849165988808 1 0.99996203
373147253.0 1.0 1796.4924724610091 1 1.0
117521729.0 1.0 1796.348878478288 1 1.0
302690254.0 0.0 1805.2646244706777 0 8.755735e-06
428740772.0 1.0 1810.763443656995 1 0.9999434
54998005.0 0.0 1805.8896860017455 2 7.2699685e-10
385593571.0 1.0 1796.8704206910056 1 1.0
139353786.0 0.0 1796.6410865689545 0 0.00045802727
252865941.0 0.0 1812.390751551133 0 0.0011199623
346596467.0 1.0 1794.1828803139827 1 0.999997
417750404.0 0.0 1800.4093068294108 0 6.0471496e-07
376926539.0 1.0 1798.3858099739825 1 1.0
250767874.0 0.0 1812.3695006367977 0 4.1778745e-07
50049420.0 0.0 1805.2647527678066 0 0.004504299
67572159.0 1.0 1810.3493354145933 1 1.0
297772608.0 1.0 1795.1602588655549 1 1.0
403828870.0 1.0 1796.9104634252612 1 0.9999998
444364634.0 1.0 1810.1806766010036 1 0.9999925
356822124.0 1.0 1806.0117381146174 1 0.99999136
308715881.0 1.0 1805.286108870368 1 0.9673016
452942790.0 1.0 1811.1601664925008 1 1.0
288538041.0 1.0 1798.8491782760957 1 1.0
374394150.0 1.0 1811.494009394295 1 0.9999883
397981275.0 0.0 1808.9309209437392 0 1.3933123e-08
229458009.0 1.0 1796.4697847229154 1 0.99999994
192248748.0 1.0 1794.76575663338 1 0.99994975
192320467.0 0.0 1812.4741263187598 0 0.0004494253
233055967.0 1.0 1811.1769695887876 1 0.99999964
251764767.0 0.0 1805.2028329016193 0 0.0029298812
67997050.0 0.0 1805.3491799658973 0 9.160487e-06
187030106.0 1.0 1798.2452150236559 1 0.9999878
268728683.0 1.0 1794.9094532009647 1 1.0
13458777.0 1.0 1796.0978900126638 1 0.9999993
28764217.0 1.0 1810.515610527218 1 1.0
279845407.0 1.0 1795.9315604135445 1 1.0
240945140.0 0.0 1812.3898833081114 0 0.0004961788
392567622.0 1.0 1797.8020962122946 1 0.99470526
275480108.0 1.0 1796.3685835832896 1 0.99988234
349382069.0 0.0 1796.6411717213407 0 0.0006376611
420135110.0 1.0 1796.2619511119983 1 1.0
292322941.0 1.0 1796.9532084208647 1 0.997555
12734150.0 1.0 1794.7856882939784 1 0.9999993
370210441.0 0.0 1812.6606271873895 0 0.0007082239
420454088.0 0.0 1805.201520304251 0 0.00012424444
431869317.0 1.0 1798.6200216232771 1 1.0
65747556.0 1.0 1794.9739961656721 1 0.9999879
420656138.0 1.0 1806.179952977793 1 0.99999547
82010228.0 0.0 1808.8485026021726 0 4.198343e-06
317839085.0 1.0 1796.1175842419673 1 1.0
259293097.0 1.0 1798.59921241447 1 1.0
367681735.0 0.0 1805.219390005495 3 8.010821e-19
400407141.0 1.0 1806.1363009831582 1 0.9999998
400436443.0 1.0 1797.4315725610406 1 0.9999841
403114692.0 1.0 1810.803596180525 1 1.0
139460937.0 0.0 1811.265935135635 3 6.371105e-05
316042154.0 1.0 1795.2442441867677 1 0.999999
81681666.0 1.0 1795.9731336009904 1 0.99999976
67635034.0 1.0 1793.6409927497443 1 0.99999523
104066414.0 1.0 1798.2239530046234 1 0.9926973
403398683.0 0.0 1795.9527093129711 2 1.832403e-09
433977629.0 0.0 1806.1382317993164 3 3.62982e-18
283251438.0 1.0 1793.4310230245355 1 0.99996823
53800463.0 0.0 1796.6396086014497 0 0.00083976076
389692960.0 1.0 1795.7019335549069 1 0.99999803
356891048.0 1.0 1800.176634916467 1 0.99999994
427923532.0 1.0 1794.826155264318 1 0.99999785
357678363.0 1.0 1798.5561837783282 1 0.9999999
332869290.0 0.0 1812.6605916303854 0 0.00044618966
400543724.0 0.0 1797.5151233265433 2 1.03308885e-05
305796898.0 0.0 1793.325011021699 0 5.564672e-08
315830189.0 1.0 1793.431835927932 1 1.0
444413797.0 0.0 1793.139287942388 0 8.0340374e-07
240984073.0 1.0 1811.119141068637 1 0.9999999
366198106.0 1.0 1805.9933900142696 1 1.0
237228216.0 1.0 1806.1161553673016 1 1.0
427802476.0 0.0 1805.45098460858 2 6.663417e-09
251102489.0 0.0 1796.8900537151055 0 1.9582633e-06
420455609.0 1.0 1796.2004072845423 1 0.9999988
331791784.0 1.0 1795.846515907479 1 0.99999267
235933200.0 0.0 1799.4913421768633 2 3.4080365e-06
368241492.0 1.0 1810.867765528643 1 0.99999833
331214194.0 1.0 1811.264780178452 1 1.0
21174782.0 0.0 1796.6413791810012 0 0.00054826075
233151393.0 0.0 1794.406520254498 0 0.0006579831
322338950.0 0.0 1808.8901957606627 0 1.3757742e-07
274806124.0 1.0 1805.9928754867235 1 0.99999195
83723784.0 0.0 1812.347262661577 0 2.8916627e-09
428774625.0 1.0 1798.2217922403715 1 0.99990886
258799330.0 0.0 1796.9072884168008 0 0.00017151986
256099482.0 1.0 1795.1603896112417 1 1.0
198239774.0 1.0 1799.3222860959681 1 0.9999998
409526842.0 0.0 1808.8697992534771 0 1.9987165e-05
335798015.0 0.0 1805.2212391860057 0 1.2252029e-06
22952374.0 0.0 1809.1831430409486 0 0.00044027207
370600386.0 1.0 1811.369221832427 1 0.9999888
379246213.0 1.0 1810.8059028849516 1 0.99998796
237115623.0 0.0 1805.385253330639 0 3.483891e-05
418204425.0 1.0 1810.9098130426294 1 0.99999696
272627433.0 0.0 1805.2013438965937 0 5.4624898e-06
245756548.0 0.0 1805.2028264831001 0 9.715182e-05
235929979.0 1.0 1811.095440322677 1 1.0
12324179.0 1.0 1811.2438136013443 1 0.99988717
245508690.0 1.0 1806.3903918294277 1 0.9999708
165528054.0 0.0 1805.218029517492 0 6.805358e-05
20806948.0 1.0 1799.349150365178 1 0.99996895
11058088.0 1.0 1795.0145036357812 1 0.99999285
368736057.0 1.0 1805.8888663036437 1 0.99999106
270553130.0 1.0 1798.4513992198058 1 1.0
369246625.0 1.0 1797.7851607117116 1 1.0
199525869.0 0.0 1793.1764389480961 0 1.1551411e-05
368030059.0 1.0 1799.3887699081642 1 0.99999845
370696018.0 1.0 1794.3066208607684 1 0.99999994
301741193.0 0.0 1793.5156300156114 3 6.1138626e-06
274802651.0 1.0 1794.450946461096 1 0.9999998
367859105.0 0.0 1805.2008592872025 0 9.4976417e-07
258351752.0 1.0 1795.199276183899 1 0.9997205
299435282.0 0.0 1812.3902923425442 0 4.556127e-06
301837299.0 1.0 1811.2029269587679 1 0.99999785
323060389.0 1.0 1795.700068741272 1 1.0
377034691.0 1.0 1797.2841594764877 1 0.99999946
403401444.0 1.0 1793.3067859996263 1 0.9999989
249858782.0 0.0 1798.202948207001 2 4.4546184e-13
230021635.0 1.0 1798.8029812133095 1 0.9999946
405327387.0 1.0 1797.7001906984856 1 0.99998784
258748157.0 1.0 1798.763910918372 1 0.9999985
299443090.0 0.0 1800.8278639387988 3 9.740579e-11
286576659.0 1.0 1810.848352035346 1 0.9999932
326810027.0 1.0 1793.786423189355 1 0.99999946
456130400.0 0.0 1801.7868436937745 3 9.585401e-10
250829566.0 1.0 1798.765652777131 1 0.99998194
312059799.0 1.0 1811.4518299930062 1 0.9999962
359040365.0 0.0 1793.4099510825436 0 2.1901272e-09
366517337.0 0.0 1796.5538607571139 3 1.1169668e-26
359126726.0 1.0 1805.2639309531953 1 0.9999982
229949813.0 0.0 1796.906948414589 0 2.7576583e-05
424461639.0 1.0 1805.4272780216584 1 0.9999792
441737846.0 0.0 1805.198966719764 0 1.2072351e-07
249948419.0 0.0 1793.3280646415249 0 4.16757e-09
343621916.0 0.0 1793.4080584519872 2 1.8018129e-05
117663295.0 1.0 1805.661587123845 1 0.99999976
278998415.0 1.0 1797.2432675200284 1 1.0
13699668.0 1.0 1799.1813252884742 1 0.999998
337465539.0 1.0 1806.3880166999331 1 0.9999998
184739277.0 0.0 1800.3702407898334 3 7.741528e-25
250742831.0 0.0 1796.411365862933 2 1.1009685e-06
229676244.0 0.0 1799.0738729713294 3 0.009648076
377307381.0 1.0 1793.4901672847882 1 1.0
400675298.0 0.0 1797.84797751199 0 1.3160965e-06
315732136.0 1.0 1796.0983221503109 1 0.99999833
356701213.0 0.0 1808.8651697258251 0 2.8693212e-05
250934637.0 0.0 1812.369759520335 0 1.6286108e-09
366977977.0 0.0 1796.8255624484002 0 1.5483933e-05
445231306.0 1.0 1810.326962194315 1 1.0
191702296.0 1.0 1810.1610123702792 1 0.9999988
116497858.0 0.0 1796.8281450442817 0 4.026516e-05
417747375.0 1.0 1810.638254861285 1 0.99999976
428209530.0 0.0 1793.140515766769 0 0.001143735
77320223.0 0.0 1807.7037216789747 3 0.0036717101
403744320.0 0.0 1793.3900990713437 0 0.00018445468
428257299.0 0.0 1807.76565869136 3 4.925313e-21
302318659.0 1.0 1810.9114552537544 1 0.9999992
198354443.0 0.0 1794.0513392593211 3 1.8843722e-11
285280889.0 1.0 1794.016189182502 1 1.0
240873079.0 0.0 1796.6611039227819 3 1.1990514e-21
219429288.0 1.0 1811.0517677655082 1 0.99999994
403746452.0 0.0 1805.2028068124469 0 6.83087e-07
401088630.0 1.0 1810.2444484013868 1 0.99999875
312464618.0 0.0 1799.4312741095378 2 2.5480022e-06
240823702.0 0.0 1812.3689453329523 0 2.2376207e-05
177709925.0 0.0 1812.5785980081941 0 6.432979e-05
417831067.0 0.0 1796.641220478962 0 0.00050976453
348444454.0 1.0 1796.9526569045452 1 0.99978155
229910746.0 0.0 1797.719419481051 3 6.526208e-26
353076207.0 0.0 1805.305983771146 0 0.014454101
184679932.0 0.0 1795.7659709057639 3 0.018356444
186622908.0 0.0 1796.6410411447375 0 0.00049875263
410474067.0 1.0 1794.348659775047 1 0.9999985
375911768.0 1.0 1798.9714399315064 1 0.9999965
351367902.0 1.0 1797.6598832633476 1 0.99999493
81751236.0 0.0 1808.9107082499738 0 0.00097021216
408891476.0 0.0 1812.366686856501 0 2.784369e-07
422516651.0 0.0 1799.241988293601 2 4.2541853e-10
272787246.0 0.0 1796.6770136954833 0 7.857992e-05
435362324.0 1.0 1797.9511262104618 1 0.9999967
90665787.0 1.0 1805.9538018040441 1 0.99999976
285541718.0 0.0 1812.7018629143552 0 0.00018520278
198416591.0 0.0 1804.364005678011 3 1.0044972e-28
264332168.0 0.0 1793.1375364206745 0 0.00041319753
436859618.0 1.0 1795.2872354417996 1 0.9999887
230386284.0 0.0 1797.2194837711172 3 8.015304e-14
274983647.0 0.0 1808.8886402897517 0 7.037074e-05
250606862.0 0.0 1793.1403773137274 0 6.9486163e-09
381685255.0 1.0 1799.5367187166366 1 1.0
249951515.0 0.0 1812.348806622468 0 5.247423e-06
427579590.0 0.0 1805.5373098862017 0 0.00050222565
184681084.0 1.0 1794.474262737081 1 0.9999999
409713193.0 1.0 1795.7836993334354 1 0.9999998
233045495.0 1.0 1797.0938811681533 1 0.9999997
250960997.0 1.0 1794.6821663642747 1 0.9999979
275460367.0 1.0 1799.0767256448287 1 0.9999977
292470296.0 0.0 1794.0574515674782 2 0.03434254
241015899.0 1.0 1797.4736409169673 1 0.9999998
450137395.0 1.0 1794.4733927740378 1 0.99999666
240941665.0 1.0 1796.2234091055775 1 0.9999999
396387220.0 1.0 1805.9099949349045 1 1.0
256692904.0 1.0 1796.5563987363303 1 0.99999976
308291638.0 1.0 1798.4110714128626 1 0.9999995
259035773.0 0.0 1805.219721418864 0 1.7639039e-08
285181196.0 0.0 1806.8702704218958 3 2.2605929e-07
240950642.0 0.0 1812.389944725388 0 0.00029416545
52358497.0 1.0 1794.5769563019057 1 0.9999979
229775860.0 1.0 1794.6989081826598 1 1.0
280191514.0 1.0 1795.722695069943 1 0.99999994
265296856.0 0.0 1796.890190488246 0 0.0001363337
420579981.0 1.0 1794.3049845149321 1 0.99999976
420263680.0 1.0 1797.8455090728905 1 0.9999999
268725465.0 0.0 1812.3466302540585 0 0.0015637754
233234133.0 1.0 1806.1151075155517 1 0.9999919
399763354.0 0.0 1808.8469539816774 0 9.04479e-05
250514231.0 1.0 1793.2862477245685 1 0.99999845
328997916.0 1.0 1798.5948053286143 1 1.0
445137230.0 0.0 1812.7019432042587 0 0.0005080531
241028650.0 0.0 1805.2027312823316 0 4.7546578e-06
420449584.0 0.0 1793.4100151202176 0 1.5929563e-06
230052512.0 0.0 1808.8654583664265 0 5.961595e-07
229458804.0 1.0 1806.3237161006634 1 0.99906665
326537513.0 1.0 1810.7846769481534 1 1.0
284808318.0 1.0 1800.1809099165025 1 1.0
422424701.0 1.0 1793.6583718168438 1 1.0
240965190.0 1.0 1806.2442623761717 1 0.9999921
284145168.0 0.0 1812.660056020607 0 4.1462504e-06
238716646.0 0.0 1808.8697112002446 0 1.7494598e-05
356892980.0 1.0 1806.364351569875 1 0.99999994
445617488.0 1.0 1795.2234310515178 1 0.99999535
370212927.0 0.0 1805.5566386027378 0 1.4238554e-05
186990195.0 1.0 1810.1409252519363 1 0.9999935
396388563.0 1.0 1811.305969418469 1 0.9999917
52855592.0 0.0 1795.0771209330264 2 1.229992e-09
235988533.0 0.0 1805.199872717154 0 1.0746269e-08
365890232.0 1.0 1799.8886412304767 1 0.99999994
400437418.0 1.0 1798.0565965091357 1 0.9999979
335157086.0 0.0 1812.3668656182465 0 1.5573052e-05
63403914.0 0.0 1805.6409817012327 0 0.001023083
285544482.0 1.0 1794.93121428872 1 1.0
385401741.0 1.0 1810.1402593258656 1 0.9785842
270054967.0 1.0 1810.2662200536195 1 0.9999504
178076469.0 1.0 1797.4745336443164 1 0.9999999
249940864.0 1.0 1805.5780500867393 1 0.99999976
200771994.0 1.0 1794.1200707678727 1 0.99999064
362105169.0 1.0 1799.1777526558326 1 0.99991053
399013824.0 1.0 1793.8690601232092 1 1.0
403517011.0 0.0 1809.181634832728 0 8.96213e-06
104313421.0 0.0 1808.8490103715667 0 0.00054637226
368518022.0 0.0 1812.3473630046612 0 1.602237e-05
346895866.0 1.0 1793.5575371675043 1 0.99987036
186986122.0 0.0 1793.1409343517903 0 0.0004888063
279847952.0 1.0 1794.4107341827462 1 0.99987495
252149464.0 1.0 1811.0978543578385 1 0.99999446
232628334.0 1.0 1806.4058766327423 1 1.0
22813209.0 1.0 1806.2246307480768 1 1.0
243278861.0 1.0 1806.3857917410028 1 0.9997307
272787161.0 1.0 1795.9895284167133 1 0.999308
46424916.0 1.0 1806.0581248784465 1 1.0
237014073.0 1.0 1796.886989509427 1 0.9999794
424438021.0 0.0 1808.8650713283218 0 1.0269139e-11
395392811.0 0.0 1797.4094076348995 2 0.00015114149
392567651.0 0.0 1797.9687522264717 0 1.9235727e-06
420295185.0 0.0 1809.3059688751719 0 0.0002471744
49796144.0 1.0 1797.4106860514103 1 1.0
356892546.0 1.0 1798.6768787295528 1 0.9999997
65162330.0 1.0 1810.1825168702187 1 0.9999872
77492014.0 1.0 1798.1829380699633 1 0.9999862
322129367.0 0.0 1794.7001972208304 3 1.4021646e-10
279980950.0 1.0 1810.5949205937566 1 1.0
10697182.0 1.0 1798.5357079090863 1 1.0
189672879.0 0.0 1809.0572279167764 0 0.005012672
229409893.0 0.0 1805.198603983994 0 2.586547e-10
357099943.0 0.0 1809.3851212384598 0 5.071425e-07
50122168.0 1.0 1811.2024659272033 1 0.99999666
366073468.0 0.0 1805.2219483022066 0 0.00024211692
301473015.0 0.0 1796.8281199185012 0 0.0008746394
359346278.0 1.0 1805.847354093459 1 0.999996
366109288.0 0.0 1812.6599194300263 0 3.067782e-05
307116639.0 0.0 1812.6605053384849 0 0.0002570866
219803316.0 0.0 1805.3435769974333 0 0.00010506556
255863941.0 1.0 1799.512127200041 1 0.9999977
316256201.0 0.0 1796.806940634952 2 3.405147e-08
312143919.0 0.0 1793.1398078989448 0 5.787361e-11
352574490.0 0.0 1808.9516971373132 0 0.00016502468
368728753.0 1.0 1811.139054683814 1 0.99989706
353683510.0 0.0 1794.347645887604 0 8.333521e-13
94543837.0 1.0 1793.7244499405988 1 0.99999994
256929656.0 0.0 1794.8034924531455 2 1.829616e-09
5724410.0 1.0 1795.3705505273676 1 0.99999964
116497916.0 1.0 1794.0155911710503 1 0.9999905
251405039.0 0.0 1796.8902435514076 0 3.71292e-05
285689138.0 1.0 1794.5981084034436 1 1.0
410773762.0 1.0 1798.9711652851604 1 0.9999995
377192675.0 0.0 1806.4481078326373 3 0.0006843253
192648949.0 1.0 1793.390849480649 1 0.9999998
233202244.0 1.0 1795.8856907181203 1 1.0
289264100.0 1.0 1796.0555725070515 1 0.99999815
264615805.0 0.0 1808.8485392948546 3 0.0012824014
186720659.0 1.0 1810.2245236575677 1 0.99999976
285943261.0 1.0 1805.6198574134376 1 0.9999999
323404330.0 1.0 1799.2421386332226 1 0.9999983
331984006.0 1.0 1794.4730866351765 1 0.99998236
219812449.0 0.0 1808.9269931643944 0 0.00045595938
428173336.0 0.0 1796.8280633645204 0 6.6986872e-06
129989147.0 1.0 1796.2243586678499 1 0.99998564
450009489.0 0.0 1805.5145709606322 0 0.00030128832
396609538.0 0.0 1805.203271024654 0 0.000578124
61016963.0 1.0 1810.9953576352552 1 1.0
417340054.0 1.0 1797.3476289029782 1 1.0
186595806.0 0.0 1793.8494442919373 3 9.886484e-06
399738772.0 1.0 1794.075587815063 1 1.0
314642341.0 1.0 1811.49097996913 1 0.9999999
250991748.0 0.0 1812.3488198258358 0 1.2130239e-07
351365304.0 1.0 1797.4098119063 1 1.0
450127567.0 1.0 1795.806969653918 1 0.9999945
357824861.0 0.0 1810.6187369441636 2 5.968837e-08
418988266.0 1.0 1798.2847884220348 1 0.9999942
81593786.0 1.0 1798.514856820943 1 0.9999977
116890331.0 0.0 1799.0363004858073 3 0.07404005
395523564.0 1.0 1810.5555139954845 1 0.99999994
298730229.0 1.0 1810.676875376519 1 1.0
288406589.0 1.0 1795.4493070352225 1 0.99987257
12318175.0 1.0 1797.4730765022966 1 0.9999997
198388252.0 0.0 1810.6138847318477 3 7.1281236e-12
374965171.0 0.0 1812.4524702384715 0 3.7688205e-05
353006537.0 1.0 1794.7850185754683 1 0.99999994
236714379.0 0.0 1812.0104484146543 3 2.1464162e-05
374832773.0 1.0 1794.8483054744045 1 0.99998444
301417546.0 1.0 1810.2236828806685 1 0.99999475
233528795.0 0.0 1794.4066690400764 0 4.0458195e-05
354315525.0 1.0 1799.7860947474448 1 0.99999046
299439835.0 1.0 1794.9112879435795 1 0.9998123
346843561.0 1.0 1794.368519460164 1 0.99999833
21099573.0 1.0 1810.432789409213 1 0.9999978
302151492.0 1.0 1795.1195501749066 1 0.99998283
285279461.0 1.0 1796.5162744920551 1 0.9999998
291953555.0 0.0 1808.9739111548158 0 9.036038e-09
285084573.0 1.0 1794.0986270630565 1 1.0
10240204.0 1.0 1795.8063042095853 1 0.99989885
258062234.0 1.0 1799.6414158462478 1 1.0
387284426.0 0.0 1812.4494488993466 0 4.48501e-07
428661642.0 1.0 1799.430666082643 1 0.99999815
377307592.0 0.0 1803.8858254404993 3 5.0901518e-23
236878480.0 1.0 1806.4282543432216 1 0.99975264
219754614.0 0.0 1793.1770025587548 0 4.9024434e-06
116888474.0 1.0 1795.9738000905352 1 0.9999891
444763710.0 1.0 1805.8063942749166 1 0.9999985
251721484.0 1.0 1806.0361277886961 1 0.9999999
388506340.0 0.0 1805.2004868869278 0 7.472805e-05
331851389.0 0.0 1799.159337550045 2 4.023996e-10
453254771.0 0.0 1805.535651698489 0 9.926837e-08
230124631.0 0.0 1797.6983306335626 0 1.3773479e-05
258771780.0 1.0 1795.3656596571273 1 0.99997705
317845833.0 1.0 1794.5132139685904 1 0.999992
428071042.0 0.0 1805.2239205258459 2 4.1944408e-05
192422597.0 0.0 1808.9116845623844 0 0.00046058203
400947836.0 1.0 1796.078435582895 1 0.9999989
184653228.0 1.0 1796.57855673963 1 1.0
280132950.0 1.0 1799.181085405769 1 0.99999875
378937065.0 1.0 1811.2848739850408 1 1.0
436934603.0 0.0 1800.1414053713206 0 1.8641868e-09
312340630.0 1.0 1795.09818407124 1 0.99998224
104145330.0 0.0 1795.7237365427955 2 3.8023152e-06
376971463.0 0.0 1801.6590162253717 3 1.1192641e-14
251200771.0 1.0 1796.5360482284075 1 1.0
252106213.0 1.0 1794.327396001211 1 1.0
284721446.0 0.0 1805.722709928634 0 1.2309595e-08
322262706.0 1.0 1793.971083855122 1 0.9999963
354832363.0 1.0 1798.7434764661948 1 1.0
316623211.0 0.0 1808.8487674885869 0 1.8292603e-05
198280388.0 0.0 1803.780719974007 3 2.703179e-34
26647675.0 0.0 1793.1410755721947 0 0.00066938845
366972822.0 0.0 1796.6379193527268 0 5.2502986e-07
343409567.0 1.0 1810.1993381144466 1 0.9999984
346723607.0 0.0 1805.5372477218039 0 0.0005278179
192597384.0 1.0 1806.182605651998 1 1.0
332576387.0 1.0 1806.2440835835225 1 0.99999946
200934777.0 1.0 1796.286800070962 1 0.99985176
279061059.0 1.0 1796.8891780839856 1 1.0
272823545.0 0.0 1808.8679592195617 0 0.0001759186
54051951.0 0.0 1793.139414941718 0 3.0219067e-05
352036490.0 0.0 1793.1392085188857 0 2.5690302e-05
368592012.0 1.0 1798.4929778186695 1 1.0
293185164.0 1.0 1810.6615316582865 1 0.9999996
219797699.0 0.0 1812.447786257269 0 0.0039024758
129864288.0 1.0 1797.3077069641602 1 0.9999998
369999640.0 1.0 1796.098197993276 1 0.9999948
388605142.0 1.0 1794.8048702533654 1 0.9999999
22738503.0 1.0 1793.5788634731578 1 0.9999932
256583918.0 1.0 1794.6378126103702 1 0.99999917
275694782.0 0.0 1794.347701321032 0 0.0025706675
291956590.0 0.0 1805.474088035312 0 0.0001442937
269665710.0 0.0 1796.9076667424058 0 7.052391e-06
376884305.0 0.0 1805.2199305494842 0 4.1535503e-07
400505405.0 0.0 1805.5149717304537 0 3.348553e-08
445110528.0 1.0 1800.34794916761 1 0.9999977
229461186.0 0.0 1803.969574486113 3 7.679769e-30
34753451.0 0.0 1793.1414412616452 0 0.0011654099
233533858.0 1.0 1797.260745408923 1 0.9999991
285788057.0 0.0 1812.4107280230787 0 1.02391944e-07
359589333.0 0.0 1794.4063636653852 0 3.019418e-06
331978374.0 0.0 1805.5147969471611 0 0.00015356344
233125532.0 0.0 1797.4896475360172 2 9.264591e-12
397926071.0 1.0 1796.2644010195502 1 1.0
406518365.0 1.0 1796.3664409548135 1 0.9999998
199716496.0 0.0 1803.6140224906187 3 2.3362536e-12
275767819.0 0.0 1812.4730536541824 0 0.0001025498
444113482.0 0.0 1808.8485351955856 0 0.009046241
407017121.0 1.0 1795.7850795992786 1 0.9999999
329246824.0 0.0 1809.9473990617394 3 1.103408e-12
249926459.0 0.0 1810.6613293872076 2 9.506659e-09
177913636.0 1.0 1793.953442038146 1 0.99999994
407163612.0 0.0 1796.909875442957 0 1.3102032e-05
186942284.0 1.0 1811.2450256096602 1 1.0
441795507.0 0.0 1794.1990024610054 0 0.00022530678
139534999.0 0.0 1812.6409990314733 0 0.0004591763
94472583.0 0.0 1805.5997148527733 0 0.023174625
352114421.0 0.0 1812.3472592537044 0 7.9170957e-07
354798745.0 1.0 1796.2446988674603 1 1.0
116612613.0 1.0 1795.7031287048655 1 0.99999976
117311616.0 0.0 1808.8489350703608 0 3.705874e-08
308120167.0 0.0 1800.2859843348162 0 1.3624678e-05
427593232.0 0.0 1808.867141684694 0 7.888097e-05
90694177.0 1.0 1794.1411614249787 1 0.9999961
28830630.0 1.0 1793.2038292907791 1 0.9999999
269700065.0 1.0 1794.8036067878095 1 0.99999994
376847031.0 1.0 1796.1154179513192 1 0.9999998
198185576.0 1.0 1810.6977500020412 1 0.9999998
423461158.0 1.0 1794.7646314020578 1 0.9999895
288391801.0 0.0 1803.8242006646472 3 2.7574888e-30
235927999.0 1.0 1795.2411701179037 1 0.9999991
230016516.0 0.0 1808.8444509835358 0 3.117273e-05
54371879.0 0.0 1812.702075088153 0 2.176916e-07
389534816.0 1.0 1798.243787485929 1 0.9999989
198177427.0 1.0 1797.3643733422866 1 0.99999994
370698607.0 1.0 1799.1400328477478 1 0.99999994
389533990.0 1.0 1798.6396056278304 1 0.99998903
129901285.0 1.0 1795.9952542623432 1 1.0
320376468.0 1.0 1810.4101496389683 1 1.0
275367846.0 0.0 1805.2221002598849 0 2.2213186e-12
312852988.0 1.0 1799.6606090637874 1 1.0
219801998.0 0.0 1812.468676513256 0 0.00058632856
374568518.0 1.0 1796.744427793393 1 0.9999993
428048140.0 0.0 1794.6196545823034 2 0.013177667
240832899.0 1.0 1799.0358328584493 1 0.999999
192795719.0 0.0 1800.140963240552 0 6.1119026e-05
366977747.0 0.0 1797.8880728897946 2 0.00015035408
389545459.0 0.0 1812.6813452838196 0 5.71067e-11
258136742.0 1.0 1794.2662675938914 1 0.99999756
369091618.0 0.0 1796.805584709523 0 1.61559e-11
258800240.0 1.0 1805.4696331337282 1 0.9999987
285540735.0 1.0 1810.7435871932144 1 0.99999726
348672078.0 0.0 1805.2443710397015 0 0.0002715481
373125030.0 0.0 1794.4925053083991 2 1.0088117e-09
67660118.0 1.0 1795.9952280219322 1 0.9999909
374702108.0 1.0 1796.18165953713 1 0.99996
445229538.0 1.0 1810.4519379777894 1 0.9999998
90645490.0 1.0 1796.1411898189267 1 0.9999999
250500610.0 1.0 1797.8072270443367 1 0.99998426
219097692.0 0.0 1808.8442138221326 0 9.721048e-08
241140375.0 1.0 1799.2028708734088 1 0.9999798
331078237.0 1.0 1796.2647105743515 1 0.9999999
177919166.0 1.0 1796.5578302715862 1 0.99999994
270006368.0 1.0 1810.8495810090922 1 0.99999243
373145693.0 1.0 1795.1591772839056 1 0.99999994
410736221.0 0.0 1809.2656952999218 0 1.1819114e-06
377503752.0 0.0 1812.533911503465 0 0.00020081032
336747732.0 1.0 1796.4923220468997 1 1.0
427111860.0 0.0 1805.1999342047384 0 5.6264216e-05
280069440.0 1.0 1798.9700735902827 1 1.0
67463613.0 1.0 1796.203410389324 1 0.99998164
399449430.0 1.0 1795.472827973494 1 1.0
408194873.0 0.0 1805.4747318251239 0 0.00086738076
292981142.0 1.0 1797.2865862232898 1 1.0
424438076.0 1.0 1793.5110070011117 1 1.0
177968691.0 1.0 1805.891139157817 1 0.99999887
240764205.0 0.0 1809.2021210348034 0 8.29858e-05
366579460.0 0.0 1808.8662303103747 0 8.301816e-06
233152830.0 1.0 1795.4483820745459 1 0.9999955
366557556.0 0.0 1811.5961071299448 3 2.321217e-13
50940794.0 1.0 1797.38986704886 1 0.9999999
230026051.0 1.0 1810.115237888295 1 1.0
389691282.0 0.0 1797.8478211475156 0 1.07438955e-05
420288073.0 0.0 1796.9311198464206 0 9.395299e-05
353878210.0 0.0 1797.9684450135992 0 0.00034139527
387812829.0 0.0 1805.2414562461322 0 3.9084014e-08
284143800.0 0.0 1809.2017868493476 0 0.00012067968
445199845.0 1.0 1794.7021861853677 1 0.99999565
264468835.0 1.0 1794.4500316427193 1 0.9999993
427550308.0 0.0 1805.9091640885576 2 2.9724703e-08
340926233.0 0.0 1796.033245239606 2 0.00044880752
367350931.0 0.0 1796.6380032178088 0 9.297496e-07
320046775.0 1.0 1795.2646368774247 1 1.0
444742421.0 1.0 1795.368729301567 1 0.9999553
65440875.0 1.0 1795.974124151171 1 0.9999919
356821610.0 0.0 1810.1366188178647 2 6.5619207e-07
240684915.0 1.0 1799.243948040645 1 1.0
229742721.0 1.0 1795.927949521212 1 1.0
245533304.0 1.0 1799.4527677850406 1 0.99998456
272759127.0 1.0 1806.0938614367135 1 1.0
250632099.0 1.0 1795.6197935457221 1 0.9999996
194738660.0 1.0 1811.3911970504985 1 0.9999999
445425975.0 0.0 1809.2020822129532 0 0.020661512
288516356.0 1.0 1795.8242557030414 1 0.9999999
357034865.0 1.0 1797.4478133745135 1 0.99999917
275058350.0 0.0 1805.4303550541172 2 6.7925474e-09
235709858.0 0.0 1812.3450137685304 0 1.48571e-08
251543902.0 0.0 1812.3487390499024 0 3.8357255e-11
368891248.0 1.0 1795.1805662550878 1 0.99999994
312337608.0 0.0 1796.743920945702 0 8.1683436e-05
259130225.0 1.0 1794.9490967432173 1 1.0
412113679.0 1.0 1795.0962799295971 1 0.9999999
396262969.0 1.0 1805.6388733709875 1 0.9999994
219777080.0 1.0 1799.1351798729124 1 0.9999997
29056167.0 1.0 1796.9330890442775 1 0.9999991
201303091.0 0.0 1796.640955502362 0 0.00014086455
445494729.0 1.0 1798.41100486175 1 1.0
327186016.0 1.0 1799.994780160101 1 0.9999998
198354443.0 0.0 1811.530522739101 3 4.4449004e-13
367145711.0 1.0 1796.7839210700035 1 0.9999962
229714496.0 1.0 1799.4486011619774 1 0.99999005
275579776.0 0.0 1808.9727363725096 0 0.0012504959
403335736.0 0.0 1809.2017796394714 0 6.602147e-06
5735954.0 0.0 1808.8494322913564 0 0.03572712
410620575.0 1.0 1799.3487936886318 1 0.9992117
50610471.0 1.0 1797.6190321270306 1 0.9998781
308875056.0 0.0 1796.4946399243852 2 2.585374e-07
250862322.0 1.0 1811.2863560571782 1 0.99999696
67517939.0 1.0 1810.3697898889723 1 0.99999726
359133495.0 0.0 1806.1598324355202 2 1.1309811e-05
353081511.0 1.0 1810.2849610683138 1 0.9998971
356868588.0 0.0 1805.1986957013637 0 4.4925466e-05
418700004.0 0.0 1808.8680517315925 0 2.1253529e-05
332568616.0 1.0 1795.3899777013662 1 1.0
230078853.0 0.0 1795.5519572321753 2 7.6775126e-05
240823702.0 1.0 1799.265105630748 1 1.0
390734129.0 1.0 1811.4108576223473 1 0.9996244
292978984.0 1.0 1811.1198714907093 1 0.99999166
326791478.0 1.0 1810.868211459605 1 1.0
275136810.0 0.0 1805.2011228955414 0 9.481533e-07
65081990.0 1.0 1805.4744111011184 1 0.9999999
230051023.0 1.0 1795.5738664231471 1 0.9999779
418030406.0 0.0 1796.078297883737 2 0.04307541
316964012.0 1.0 1797.7025502769245 1 0.9999768
387836322.0 0.0 1809.0956686816548 0 0.05620318
240964770.0 0.0 1812.3482504445058 0 6.627986e-05
417765877.0 0.0 1808.8466778587226 0 0.0050925873
129870604.0 1.0 1810.1617940259912 1 1.0
422354063.0 1.0 1810.5119826453142 1 0.9999975
258679521.0 1.0 1799.7224270032184 1 0.9999988
235675651.0 1.0 1811.407444408074 1 0.99999917
229740698.0 0.0 1812.4695567837332 0 9.545337e-10
400818833.0 0.0 1812.4729825998477 0 0.0007078373
436839621.0 0.0 1805.3080412283527 0 0.00050788774
431855516.0 1.0 1805.4743712761738 1 0.99999154
334489941.0 0.0 1812.3668320805905 0 7.4485094e-09
329246824.0 0.0 1801.1141023720756 3 8.436034e-09
331319800.0 1.0 1794.5356775042433 1 0.99999994
200862492.0 1.0 1798.1827349383198 1 0.9999999
259127073.0 0.0 1805.2198246877315 0 2.9480953e-08
178076617.0 0.0 1809.1204286385323 0 0.00033805257
238769619.0 0.0 1812.411597707527 0 0.00039954245
240938231.0 1.0 1795.8277241784167 1 0.9999978
338927086.0 1.0 1806.2631769759673 1 0.9999995
269606104.0 1.0 1805.971904004311 1 0.9999968
139378834.0 0.0 1809.036910643565 3 4.5532754e-05
240939943.0 1.0 1797.5359657779795 1 1.0
417412311.0 0.0 1805.5979183741647 0 0.00014768855
320051246.0 0.0 1796.6395416221462 0 2.90609e-06
298733065.0 0.0 1812.3434232007046 0 0.0008257964
264157430.0 0.0 1797.1374893796965 0 0.00010330919
372340982.0 1.0 1810.7419296910432 1 0.99999946
357129474.0 1.0 1797.3646594053507 1 0.9999998
322129332.0 1.0 1798.366844413863 1 0.99999696
54051137.0 0.0 1809.1602320592 0 0.00015273149
399799131.0 1.0 1796.3258300846771 1 1.0
323058473.0 0.0 1808.991612629123 0 0.0014760962
219900027.0 0.0 1804.844188479671 3 1.21615155e-20
400743097.0 1.0 1799.3065937597423 1 1.0
428257299.0 0.0 1807.1406516010154 3 7.5944795e-27
331319729.0 0.0 1805.5564143073223 0 0.0002309271
312856774.0 1.0 1805.9731044792256 1 1.0
444497375.0 1.0 1799.368631850275 1 0.99999124
292938268.0 0.0 1812.6822922115477 0 0.0008130803
400129856.0 1.0 1810.5554253901323 1 0.9999995
194736844.0 0.0 1806.9536399501906 3 0.112581015
396444503.0 1.0 1810.7846892645773 1 0.9999994
10700150.0 1.0 1798.410656561104 1 0.9999986
334806256.0 1.0 1795.8671906716847 1 0.99999154
235905828.0 1.0 1798.1787492680892 1 0.9999989
116372536.0 1.0 1797.9740418408533 1 1.0
251722904.0 1.0 1798.0360578746397 1 0.99999976
389982205.0 0.0 1809.2646854220447 0 4.347087e-05
229748644.0 1.0 1798.1154003057918 1 0.99999994
370760044.0 0.0 1799.0360309287653 2 6.3451844e-05
353015172.0 0.0 1797.847653529214 0 0.0067919004
359496389.0 1.0 1805.593548020681 1 0.9997468
198459984.0 1.0 1810.8433335545978 1 1.0
436864646.0 0.0 1806.0163517555256 2 1.6755718e-07
452961054.0 1.0 1798.4313759595912 1 0.9999987
372630142.0 0.0 1812.702202060649 0 0.000838622
264730556.0 1.0 1800.1818397032287 1 0.9999934
428326637.0 1.0 1805.515598033711 1 0.9999982
202902669.0 1.0 1798.9533659381511 1 1.0
256352113.0 0.0 1796.4918082145164 3 1.4613178e-20
396575973.0 0.0 1805.515922730407 0 0.00021837174
367246725.0 1.0 1799.2213822868296 1 0.99999595
229596926.0 1.0 1796.511375173502 1 0.999832
10425869.0 1.0 1799.1814312653596 1 0.99999505
403922256.0 1.0 1798.2432754118342 1 0.9917597
297780648.0 1.0 1797.826754580543 1 0.99999756
20873121.0 1.0 1795.4742322600523 1 0.9999343
186594170.0 1.0 1794.7868753943228 1 0.99999994
265348860.0 1.0 1797.8052382471794 1 0.9999981
315917180.0 0.0 1812.34540632606 0 5.1638843e-08
250740774.0 1.0 1810.5570594628641 1 0.99999994
422389585.0 1.0 1798.3249958919457 1 1.0
370698568.0 0.0 1795.452520226613 2 3.067329e-16
35154290.0 0.0 1809.245643774631 0 0.0034692264
418301779.0 0.0 1808.887577391141 0 1.35554e-10
198357466.0 1.0 1798.4473945448276 1 0.9999998
427768385.0 1.0 1795.6803340475103 1 0.9999997
316627328.0 0.0 1798.5362146534046 2 1.1838087e-12
243298218.0 1.0 1797.6568427230275 1 0.9999912
269421289.0 1.0 1794.7430022517888 1 0.9999981
219859253.0 1.0 1794.989786319867 1 0.99999934
240910761.0 0.0 1812.3898640078057 0 1.2417449e-07
418982073.0 0.0 1797.3266458712778 2 1.870702e-12
237069450.0 0.0 1805.1993126144116 0 6.6520556e-06
445133704.0 0.0 1796.119038522731 3 3.0695967e-33
200939418.0 0.0 1798.9535717537797 3 7.548668e-05
332568888.0 0.0 1809.2023259029959 0 1.7265208e-06
198361834.0 0.0 1793.176475325053 0 0.0005323125
420131304.0 0.0 1808.8451586839662 0 9.128301e-08
394090873.0 1.0 1798.8661822258314 1 0.99994236
445450149.0 1.0 1796.7652023116036 1 0.9999987
229407392.0 0.0 1811.5112056929743 2 5.7103794e-10
427644146.0 0.0 1805.4101263098912 0 6.5216904e-05
280323300.0 0.0 1808.9934438752389 0 0.00049399195
264912503.0 1.0 1795.0778019245085 1 0.9999996
444365309.0 1.0 1805.3682425120298 1 1.0
219851935.0 0.0 1812.3438988949583 0 1.271699e-07
13609933.0 1.0 1800.1607998449792 1 0.9999992
34648966.0 1.0 1811.2455207281587 1 1.0
317033818.0 1.0 1798.5986870835604 1 1.0
12646117.0 1.0 1797.473282949035 1 1.0
320270508.0 1.0 1793.3063546227143 1 1.0
237109495.0 0.0 1805.2829315487445 0 0.025960783
279262088.0 0.0 1794.764229419648 2 2.9244167e-05
375086642.0 1.0 1796.6816638824173 1 0.99757534
453223094.0 1.0 1794.9316126394872 1 0.9999999
369241606.0 0.0 1805.2642580919967 0 0.00022021105
285338552.0 0.0 1809.201757992204 0 4.14524e-07
264155894.0 0.0 1799.5750137621048 2 2.3727168e-07
292058043.0 0.0 1805.4949171763758 0 0.00073012407
219773987.0 1.0 1805.5729183027117 1 1.0
445383420.0 1.0 1796.9314794237523 1 0.9999999
349358272.0 0.0 1809.120483629024 0 0.00050204014
375715297.0 0.0 1805.2004804773949 0 1.187912e-05
283238823.0 1.0 1796.6810494043623 1 1.0
186745213.0 0.0 1809.1202707344833 0 0.000926972
184739277.0 0.0 1809.4117394333196 3 4.240878e-12
453150636.0 1.0 1810.1395486807626 1 0.9999999
73449551.0 1.0 1794.0162882862905 1 0.99999964
275484242.0 0.0 1797.5350165135815 2 2.1981801e-08
403588925.0 1.0 1797.991796660291 1 0.99999845
368372568.0 1.0 1810.930295268098 1 0.99997956
116493592.0 1.0 1798.4948685225118 1 1.0
250632099.0 1.0 1794.7239573393406 1 1.0
389977486.0 1.0 1798.4106582708207 1 1.0
275367529.0 0.0 1796.5137344597294 3 1.4168013e-08
306183477.0 1.0 1810.2021760032117 1 1.0
284917511.0 0.0 1805.555984671532 0 0.013304362
233512880.0 1.0 1798.1139715930549 1 0.9999975
85433324.0 1.0 1798.703857046074 1 0.99999905
101037273.0 1.0 1810.8080267606572 1 0.99999374
350734696.0 0.0 1808.8872706421105 0 7.3658807e-06
198178073.0 1.0 1805.780925788823 1 0.9999985
445601812.0 0.0 1799.3693667687671 2 0.0014114401
384601642.0 1.0 1796.1818513857793 1 1.0
427512836.0 0.0 1808.8673946076192 0 8.007082e-07
417263187.0 1.0 1799.4100318403075 1 1.0
399788013.0 0.0 1805.2812526913638 0 9.001848e-06
237200205.0 1.0 1805.9494857174627 1 0.99999994
73639510.0 1.0 1794.7245617411982 1 1.0
280315636.0 1.0 1797.7645656597035 1 1.0
233046557.0 1.0 1799.7186520575015 1 0.998838
354634298.0 1.0 1806.2866311552048 1 1.0
293125350.0 1.0 1794.3907818770444 1 0.99999994
245623164.0 0.0 1793.3900523947682 0 0.00011071132
432092222.0 1.0 1794.3907357141118 1 0.99999833
229676244.0 0.0 1801.7197501919193 3 5.0713193e-13
250496108.0 0.0 1805.3279540998703 2 3.2745887e-10
285933282.0 1.0 1798.0572732667054 1 0.9999998
22747560.0 1.0 1794.4747688559946 1 1.0
265189652.0 0.0 1805.2219441868863 0 1.3694158e-08
250745886.0 0.0 1796.6406520309856 0 1.2890023e-06
327184990.0 1.0 1805.8487844230167 1 0.9999972
72147483.0 1.0 1799.723488301183 1 0.9999999
333067722.0 0.0 1805.5565640703635 0 6.142558e-14
388528434.0 0.0 1812.3673197398757 0 3.631931e-06
199688697.0 1.0 1799.5305863607598 1 1.0
416049443.0 1.0 1798.3283986287704 1 1.0
356785678.0 1.0 1794.4696683658258 1 1.0
22845012.0 1.0 1795.6831197191123 1 0.99996144
400506070.0 0.0 1805.5149511784523 0 7.1865555e-11
250497793.0 0.0 1793.1405613396953 0 5.665876e-07
50521439.0 1.0 1797.2649711772992 1 0.999999
431805355.0 1.0 1798.2866770772205 1 1.0
396441764.0 1.0 1794.9921098954444 1 0.99999964
196893036.0 0.0 1808.8484949946806 0 1.9512723e-05
417234272.0 1.0 1796.639121542193 1 0.9998904
372498674.0 1.0 1793.389424741464 1 1.0
359676320.0 0.0 1800.281433470969 3 9.969034e-07
26502738.0 0.0 1805.4746664529316 0 0.03858025
13198814.0 1.0 1797.2438808434779 1 1.0
283026336.0 0.0 1808.8889487993274 0 0.00044448164
85523152.0 0.0 1812.6828873254312 0 0.0005238179
240940049.0 0.0 1800.140098175709 0 7.70188e-06
445450961.0 0.0 1808.869286484717 0 1.6913512e-08
265379820.0 1.0 1796.86955810032 1 0.99999607
233079659.0 0.0 1804.5940088105133 3 5.9167753e-12
316842384.0 0.0 1796.827754588949 0 1.0267606e-05
293065676.0 1.0 1794.4948441912939 1 0.9999879
280033934.0 0.0 1809.2409215023804 3 7.0614012e-37
10606600.0 0.0 1797.264807734694 2 2.1975584e-13
309126521.0 1.0 1796.2238439028768 1 1.0
251545506.0 1.0 1795.7028086187668 1 0.99999607
366559758.0 1.0 1795.928785213289 1 0.9990483
387701795.0 0.0 1796.3665434789868 2 1.0587653e-09
251351950.0 1.0 1806.1404534832063 1 0.9999977
54882522.0 1.0 1794.618694292009 1 1.0
433970898.0 0.0 1808.8465282905172 0 4.0000746e-06
368444244.0 1.0 1811.5135654740996 1 0.999998
279084793.0 1.0 1810.8891255995286 1 1.0
268516134.0 1.0 1797.9510721034644 1 1.0
354110442.0 1.0 1798.9734641250386 1 1.0
348527100.0 1.0 1797.8485646449894 1 0.99999946
352408429.0 1.0 1810.9080255518395 1 0.9999125
402206395.0 1.0 1810.723990127876 1 1.0
289089819.0 0.0 1800.0138701504952 2 6.0541487e-07
251278437.0 0.0 1812.3696140508387 0 7.123815e-05
356340346.0 0.0 1799.3013459594167 3 8.4927e-13
452960580.0 0.0 1809.1811225752278 0 5.694592e-07
177992394.0 1.0 1811.1828116137967 1 1.0
400155617.0 0.0 1793.3051300019206 0 6.215179e-07
353555538.0 1.0 1799.660208821056 1 0.99997735
245697975.0 0.0 1805.202712859394 0 9.8615266e-05
399262667.0 0.0 1808.9520911673121 0 3.542104e-06
420545677.0 1.0 1806.0558986525552 1 1.0
10868459.0 0.0 1805.2856209741149 0 1.7710105e-06
308878193.0 0.0 1812.348440942427 0 0.00037287542
34754679.0 1.0 1798.4956396631628 1 0.9999996
327089528.0 1.0 1795.7865114367892 1 0.9999999
444625810.0 1.0 1799.0563321581742 1 1.0
441734144.0 0.0 1806.6781910677182 3 3.4108215e-27
374303249.0 0.0 1805.3273794195734 0 5.8691592e-05
354697530.0 0.0 1799.3059334197605 2 5.3011617e-09
293066086.0 0.0 1808.9114807971562 3 7.483847e-11
309059418.0 0.0 1794.4737282424671 2 7.1944024e-14
467354611.0 0.0 1801.7835336500711 3 4.717291e-16
352201777.0 1.0 1798.055884750895 1 0.9999962
255883090.0 0.0 1805.6184933648096 0 5.2972536e-07
251754789.0 0.0 1805.2029374171404 0 5.897419e-06
256581075.0 1.0 1798.3878038729297 1 0.9999724
418140973.0 0.0 1808.8472096656878 0 0.00025218193
449937545.0 0.0 1793.1404689381832 0 0.0006879731
229497985.0 1.0 1797.5531961658828 1 0.9999939
370209799.0 1.0 1794.3483034450992 1 1.0
23051670.0 1.0 1795.932878776298 1 1.0
366914405.0 0.0 1796.0755211911737 2 1.4088538e-09
229700019.0 0.0 1805.219458808705 0 2.8191968e-10
390338696.0 1.0 1800.2231173763794 1 0.99999964
177992116.0 1.0 1806.1203375209946 1 0.9999971
396159882.0 0.0 1808.8472442615594 0 0.0011284212
63561453.0 1.0 1795.2036835363645 1 0.9999869
237012271.0 1.0 1798.3244719767233 1 0.99996626
240900685.0 1.0 1810.1816444005608 1 0.9999404
138055117.0 1.0 1800.0162638200145 1 1.0
269697721.0 0.0 1809.7618814559119 3 4.728734e-15
311939072.0 1.0 1806.1187085198512 1 0.99999857
280257428.0 1.0 1797.4936430878734 1 1.0
256690009.0 1.0 1810.848236888187 1 0.99611986
395506519.0 1.0 1811.263992593924 1 0.99990565
240966282.0 1.0 1806.056812135692 1 0.99999577
403440108.0 1.0 1797.6399863758866 1 0.99999505
219794085.0 0.0 1811.5518113984415 2 1.7186613e-08
265069276.0 0.0 1805.929979639932 2 4.2208628e-17
436862548.0 0.0 1793.1831023948032 2 2.4996538e-09
381686991.0 1.0 1794.7243733249747 1 1.0
298289530.0 1.0 1799.426441634645 1 0.99999994
229945199.0 1.0 1793.9279025899887 1 0.9999991
322056494.0 1.0 1797.8668527248917 1 0.9993272
402204492.0 0.0 1805.4948766835466 0 0.00015450225
420552290.0 0.0 1812.7641251786781 0 0.0003603141
415836214.0 1.0 1794.869845108005 1 0.9999999
232634196.0 0.0 1795.1350565526095 3 2.1643291e-14
200801402.0 0.0 1805.5371123775694 0 0.00097185676
368441497.0 0.0 1796.9095688186521 0 7.8121013e-07
246970991.0 1.0 1810.516130544441 1 0.9999964
264800127.0 0.0 1808.8485202246493 0 0.00069944584
286215854.0 0.0 1808.9106643292785 0 0.00086628064
116009267.0 1.0 1795.2031718745825 1 0.9999992
356871644.0 0.0 1808.9692511190485 0 1.5477808e-06
116991977.0 0.0 1808.9532728378008 3 0.00032519424
427873899.0 1.0 1797.513586866193 1 1.0
445496137.0 0.0 1812.369205488551 0 7.280594e-11
249948419.0 1.0 1806.3697904642122 1 0.9999994
444754389.0 0.0 1805.5564584098547 0 8.876507e-05
54625712.0 0.0 1799.451983656781 2 7.9906965e-07
292055868.0 0.0 1800.1407673862418 0 6.2436745e-09
435167469.0 1.0 1799.6385312111038 1 0.9999987
198354443.0 0.0 1798.0305005285059 3 6.499929e-16
298289622.0 1.0 1798.988911861267 1 1.0
410232359.0 1.0 1795.9920383614733 1 0.9999706
327507421.0 0.0 1796.515740505656 2 1.1318219e-08
356111878.0 0.0 1797.9683389557015 0 0.00048076443
241078118.0 0.0 1795.8279282216804 2 2.5466381e-08
250770628.0 1.0 1806.369507200975 1 0.99999964
252853810.0 1.0 1793.4737968951267 1 0.9999956
229790888.0 0.0 1805.2405179513 0 1.291288e-11
376401967.0 0.0 1805.3256043715726 0 9.210102e-07
202902861.0 0.0 1812.619896374503 0 0.0003802603
82243350.0 1.0 1811.1398647246192 1 1.0
408197076.0 1.0 1798.4537100047942 1 0.9999984
301994054.0 1.0 1795.3070954123575 1 0.99988335
336121449.0 1.0 1793.6999277241976 1 0.999942
331207060.0 1.0 1797.1398693791 1 0.9999952
279719917.0 1.0 1806.1193024646138 1 0.9999828
402448308.0 1.0 1795.9700545032508 1 0.83015907
286479089.0 1.0 1811.1816543684586 1 0.9999955
229912370.0 1.0 1798.0112274396868 1 0.99998635
366564576.0 1.0 1798.0747068401465 1 0.9999968
283835493.0 0.0 1809.2016756065436 0 3.333686e-07
199525817.0 0.0 1805.23910353296 0 1.6681142e-05
308613272.0 0.0 1798.9945073700874 2 1.4564682e-08
139553956.0 1.0 1793.807771454265 1 0.99999976
376848788.0 0.0 1808.885942533833 0 5.3653924e-08
26353973.0 0.0 1809.1621646863384 0 0.0017817612
422978599.0 0.0 1812.4115462356913 0 0.0005986214
138111341.0 1.0 1810.9746134594868 1 0.99999934
65443360.0 0.0 1812.4325902376227 0 0.0012704228
53712338.0 0.0 1812.8061911750794 0 2.9945154e-06
139505590.0 0.0 1812.703367018875 0 0.0017237294
312335439.0 1.0 1795.4938859177735 1 0.99998564
331860062.0 0.0 1812.0356162020532 3 0.003996475
424002296.0 1.0 1810.493943185945 1 0.9999975
165501243.0 1.0 1798.5725295359166 1 0.9999998
379160838.0 0.0 1794.222559045315 2 1.5075952e-13
50943839.0 1.0 1796.8482605288862 1 0.9999961
307594554.0 1.0 1796.7236949374474 1 0.99999577
376891085.0 0.0 1806.7631510339131 3 3.0268371e-13
311830631.0 1.0 1810.743530237551 1 0.9999999
441723615.0 1.0 1797.8863795651378 1 0.99999124
286327679.0 0.0 1812.4107776430642 0 6.347562e-05
403946894.0 0.0 1812.5562587635484 0 0.0016114917
63672976.0 0.0 1805.3493944726695 0 0.02929495
265476481.0 0.0 1796.8900137321991 0 0.0007229101
364186264.0 1.0 1796.5332007475536 1 0.9998232
351364605.0 0.0 1812.3680488001162 0 8.551641e-09
285539868.0 1.0 1806.0561557596016 1 0.99999976
251350436.0 1.0 1797.0570613655532 1 0.99999756
416543821.0 1.0 1795.618435875589 1 0.9999964
77423462.0 1.0 1795.3288239790481 1 0.99976784
22872266.0 1.0 1798.4122220899778 1 1.0
229712938.0 0.0 1805.21945122921 0 6.686046e-05
408731262.0 0.0 1808.8466007026075 0 9.149539e-05
388506340.0 0.0 1812.367227350688 0 0.00020860069
194730782.0 1.0 1797.4952969346716 1 0.99999934
428478558.0 1.0 1795.8684886953688 1 0.9997919
251377198.0 0.0 1805.202686323628 0 0.00017385469
377200445.0 1.0 1798.2215721805612 1 0.9999984
116758017.0 0.0 1793.3905388928665 0 0.00087513693
389535695.0 0.0 1809.2020900577393 0 0.00057263667
395769315.0 0.0 1810.743182564319 2 7.196071e-12
467574373.0 0.0 1808.9537778953359 3 0.011612141
219109908.0 0.0 1796.8027413919967 3 7.858165e-24
331546745.0 1.0 1797.9295635091182 1 0.9874212
372218054.0 1.0 1799.9295508340088 1 0.9999997
28760973.0 1.0 1797.7659232568817 1 1.0
403578453.0 0.0 1812.6815106036117 0 9.8378856e-05
264179263.0 1.0 1800.4917082657973 1 0.9999981
350132371.0 0.0 1808.2627131379581 3 3.3668627e-08
280068832.0 1.0 1806.011623680773 1 0.9999996
199682712.0 1.0 1805.7181480054676 1 0.99998736
286566392.0 0.0 1794.722954650823 3 1.7328334e-17
13770198.0 1.0 1797.1608036535617 1 0.99990815
362104873.0 1.0 1798.031855169096 1 0.9999998
308373138.0 1.0 1797.369483681761 1 1.0
367092139.0 0.0 1797.2005938316488 2 3.5640586e-09
198388252.0 0.0 1799.9472181189526 3 7.858849e-18
327259537.0 0.0 1793.682265820482 2 0.00012311802
237216663.0 1.0 1796.928627680034 1 1.0
387601517.0 1.0 1797.7206244408176 1 0.99999994
73449681.0 1.0 1796.5996165659155 1 0.9999998
436860179.0 1.0 1794.8705958823016 1 1.0
237197609.0 0.0 1805.2201129651933 0 9.276614e-16
192835834.0 1.0 1796.5782542520872 1 0.9999843
409528658.0 0.0 1799.4324356300824 2 7.539404e-12
370211258.0 1.0 1797.723333056966 1 0.999997
359482562.0 1.0 1797.8855882937253 1 0.9999711
309141853.0 0.0 1812.3900319414076 0 6.9333746e-06
332680754.0 0.0 1811.0772058121925 2 1.250655e-05
453253005.0 0.0 1812.7022554914738 0 0.0034593148
116844228.0 0.0 1805.2031354329151 0 0.00035608083
405622066.0 1.0 1796.4947659795978 1 0.9998086
433699236.0 0.0 1808.8464889881939 0 6.667086e-05
10497539.0 0.0 1805.306307934098 0 0.00034597877
372268632.0 1.0 1794.43162574538 1 0.9999951
272934847.0 0.0 1793.4097808214576 0 2.60798e-08
428074524.0 1.0 1798.4112673510142 1 0.9999856
445185884.0 0.0 1809.1603670167704 0 2.7181752e-05
21131390.0 1.0 1798.37059540382 1 1.0
373239804.0 1.0 1797.638424118086 1 0.9999955
77352549.0 0.0 1808.932890339912 0 0.0005566351
377202187.0 1.0 1806.1589869021764 1 0.99999917
374777678.0 1.0 1794.0360855762838 1 0.99999267
396486931.0 0.0 1810.6800531148099 3 6.0161654e-20
194611282.0 1.0 1794.8285677629801 1 0.9999999
126095456.0 1.0 1794.6829217163706 1 0.9999992
104056741.0 0.0 1812.3697259787189 0 4.0266723e-08
191725141.0 0.0 1805.2236490779082 0 3.816273e-07
428706277.0 1.0 1795.9509044566773 1 0.9312681
269419535.0 1.0 1811.0759760459628 1 0.99999976
445187697.0 1.0 1800.431422379765 1 0.9998877
268334204.0 1.0 1810.720780768949 1 0.99996203
198184425.0 1.0 1794.3638728269168 1 0.9999986
433791379.0 1.0 1810.5131279932832 1 0.9999907
343412120.0 1.0 1805.3245180728509 1 0.99999887
259143451.0 1.0 1806.3491266217272 1 0.9999845
354926863.0 0.0 1795.7643982710695 3 1.0059774e-13
368311302.0 0.0 1806.1594371446192 2 4.1908466e-16
399737005.0 0.0 1808.8469161225596 0 0.00011425534
366517381.0 0.0 1806.6997245245316 3 1.3299367e-19
403401901.0 1.0 1810.8066467480696 1 0.9999996
407417249.0 0.0 1808.8488229865948 0 0.0013353563
250553209.0 1.0 1798.3904626414844 1 1.0
427685099.0 1.0 1799.7010708832472 1 0.99999446
317473402.0 0.0 1800.4092011017656 0 2.0928365e-10
264334954.0 0.0 1808.9709838587435 0 0.006589887
240883303.0 1.0 1794.7860368508555 1 0.99999565
12831526.0 1.0 1799.3063836009987 1 1.0
396609776.0 1.0 1794.4323855049279 1 0.9998878
410499351.0 0.0 1812.369408857263 0 0.0001685743
336293555.0 1.0 1794.7839553524664 1 0.9999477
243276882.0 0.0 1793.4068508839284 0 2.5286619e-08
50348977.0 0.0 1805.2649427622132 0 0.00018368699
289352104.0 0.0 1812.3681656111573 0 1.7046662e-07
256643181.0 1.0 1797.9086418065742 1 0.99998367
444440107.0 1.0 1798.222668850009 1 1.0
252158238.0 0.0 1799.9106842527433 2 6.430539e-09
348438240.0 0.0 1808.9108766473353 0 4.3852105e-14
400668024.0 0.0 1812.431665503673 0 5.1649026e-06
422920321.0 0.0 1807.2658498583312 3 0.057180427
396241216.0 0.0 1805.88914371436 2 2.9396893e-12
359553938.0 1.0 1798.3228439978036 1 1.0
237281180.0 1.0 1797.3870886983393 1 0.9999998
354549203.0 0.0 1812.3485550023154 0 8.3035975e-06
368441682.0 1.0 1805.9511764026556 1 0.9999983
353604021.0 0.0 1805.2852860546823 0 0.00014983698
235686753.0 1.0 1793.8033138923804 1 0.99963295
271448379.0 0.0 1810.7219943725547 2 3.0380785e-11
353956975.0 1.0 1799.07829016421 1 0.99999946
251440775.0 1.0 1797.5983694944937 1 0.9999976
116496566.0 1.0 1806.3282690664366 1 0.99999994
116006165.0 1.0 1805.7656639233862 1 0.9999992
405461997.0 0.0 1800.4539736137342 0 3.697342e-07
279599877.0 1.0 1796.3896121608777 1 1.0
246965067.0 0.0 1808.8495031154257 0 0.0013439539
292610590.0 1.0 1797.2240411016078 1 1.0
77566681.0 1.0 1798.495395130085 1 0.9999999
445296618.0 1.0 1793.577213375826 1 0.99999994
203033921.0 0.0 1809.1825331254515 0 0.0016271275
316250867.0 0.0 1811.9530236575988 3 3.2454614e-15
20896006.0 0.0 1812.5990468289795 0 0.0006323924
177764590.0 1.0 1798.2035994583987 1 0.9999994
417842279.0 1.0 1798.140938684929 1 0.9999932
359249299.0 0.0 1809.4515374742978 0 3.7716032e-05
354109773.0 1.0 1794.202494711061 1 0.9999989
327007693.0 1.0 1793.1822581740805 1 0.9999999
441726926.0 1.0 1799.7822796275843 1 0.9999809
453274255.0 1.0 1810.2024850171263 1 0.9999894
283838337.0 0.0 1805.5559446413604 0 8.906041e-07
198242676.0 0.0 1803.4682185908052 3 2.8340008e-14
428116498.0 1.0 1794.9531259790824 1 0.9999924
268728977.0 1.0 1795.6177804641413 1 1.0
289357318.0 1.0 1794.388750726869 1 0.99999994
354258570.0 0.0 1812.3694421913524 0 1.2837258e-09
387633966.0 1.0 1800.1580876237945 1 0.9999992
71981869.0 1.0 1796.973543038089 1 0.9999992
259941680.0 1.0 1798.9317614916094 1 0.999999
306553760.0 0.0 1805.5148534880595 0 0.00011443372
427555786.0 1.0 1794.5134868066543 1 1.0
26504800.0 1.0 1797.1411248327279 1 0.9999999
390021728.0 0.0 1812.2601330225698 3 2.6170196e-30
129902788.0 1.0 1796.8285016426594 1 0.9999999
420497818.0 0.0 1805.2642024026263 0 1.0112781e-08
258744825.0 0.0 1808.8681434689042 0 1.0172373e-06
241035265.0 1.0 1805.6192125357736 1 1.0
186937636.0 0.0 1793.141062452168 0 0.007702135
77354467.0 0.0 1805.266312908866 0 0.0017419346
400407608.0 0.0 1805.198846437709 0 1.8324589e-09
264546812.0 1.0 1797.848319622113 1 1.0
420130562.0 0.0 1805.1994065454733 0 2.8428394e-08
373236148.0 0.0 1812.3885562931162 0 7.991725e-09
194618143.0 0.0 1808.8494599333399 0 0.00070969
285181196.0 0.0 1794.5370844835054 3 2.8857112e-06
245623164.0 0.0 1796.8901090570394 0 0.0006016375
373018518.0 0.0 1812.3466990511488 0 5.364279e-11
67765541.0 0.0 1812.4743969040853 0 0.0014087552
82982711.0 1.0 1799.1391414028633 1 0.999999
274950530.0 0.0 1812.3470261275424 0 2.8160287e-08
417592712.0 0.0 1805.201513988352 0 9.9259436e-05
388634162.0 1.0 1793.3253839069037 1 0.9999995
249943198.0 0.0 1810.0155983715997 3 1.6368526e-22
264220563.0 0.0 1808.8449331837764 0 2.8928178e-05
270813103.0 1.0 1795.9097422924578 1 1.0
198280388.0 0.0 1793.5306479936316 3 4.8017046e-20
198388252.0 0.0 1812.5930555839084 3 2.1709725e-26
367357103.0 1.0 1810.55476450693 1 1.0
317028902.0 0.0 1812.3487480085378 0 0.030551713
202866134.0 1.0 1796.0157972390139 1 0.999999
378856799.0 0.0 1805.2223016510802 0 3.0037625e-10
396474313.0 1.0 1798.9721581845934 1 1.0
203093888.0 1.0 1796.3076085183025 1 1.0
315818361.0 1.0 1796.3902083493658 1 0.99999964
421110675.0 0.0 1800.660200013848 3 1.4422488e-22
186600172.0 1.0 1798.3910917303635 1 1.0
252136926.0 1.0 1793.8275260780567 1 0.9999973
368727477.0 1.0 1794.7849833173311 1 0.9999673
326860407.0 1.0 1794.161414874658 1 1.0
83805971.0 1.0 1806.0556966950617 1 1.0
65354022.0 1.0 1806.1408443304647 1 0.9999987
422925969.0 1.0 1805.828323180541 1 0.9993215
354539917.0 0.0 1808.8695181102792 0 4.3720954e-07
419745119.0 0.0 1809.1808927679365 0 2.0156751e-06
400951601.0 0.0 1808.932456403619 0 2.8248189e-05
401086140.0 1.0 1810.452857093584 1 0.9999997
235982769.0 0.0 1805.2205818615482 0 1.1992389e-05
22815944.0 1.0 1796.0789559333166 1 0.9999959
351691178.0 1.0 1810.159994244392 1 1.0
272784070.0 1.0 1793.3022425213771 1 0.99999976
407116205.0 1.0 1795.8888730744122 1 0.9996586
326917411.0 1.0 1796.4948478299834 1 0.99999934
421381395.0 1.0 1810.930929690288 1 0.9999998
409523757.0 0.0 1807.619926072694 3 1.9195352e-10
275709758.0 1.0 1794.6392778325335 1 0.99999714
353560400.0 1.0 1796.1808631692272 1 0.9999904
271237862.0 0.0 1796.9096929580428 0 1.3865721e-05
387628952.0 0.0 1805.5539304992076 0 6.859267e-07
139402768.0 0.0 1796.6411686827914 0 0.00064662314
52356561.0 0.0 1796.6394443457602 0 0.0013760384
434171539.0 0.0 1795.055130167164 2 8.926269e-09
258874998.0 1.0 1796.6782883551662 1 0.99999976
85490917.0 1.0 1798.1620855744593 1 0.999999
250923367.0 1.0 1810.8487375018356 1 1.0
301742358.0 1.0 1798.2032236171315 1 0.9999978
388439859.0 0.0 1796.6380062460569 0 0.00022755614
348140556.0 1.0 1796.0984101890676 1 0.999994
230079065.0 1.0 1797.8229041388431 1 1.0
428381104.0 0.0 1805.222408832643 0 6.878605e-06
264795403.0 0.0 1799.0149948102442 2 6.2662015e-12
237235121.0 1.0 1810.470237872113 1 0.9999996
368603158.0 0.0 1812.389005532981 0 1.6400055e-06
291954355.0 0.0 1796.6407742475017 0 3.806247e-05
236765030.0 1.0 1795.052639403611 1 0.99999976
288536399.0 1.0 1796.2659084310737 1 1.0
233093902.0 0.0 1797.968798171007 0 3.642815e-08
402894602.0 0.0 1796.907817419407 0 0.00713903
427592120.0 1.0 1793.5545776953657 1 0.99999994
470124714.0 0.0 1801.4918934292816 3 2.4882803e-20
230116669.0 1.0 1795.885327386162 1 1.0
192295673.0 0.0 1805.2867160881628 0 0.00027024894
250559753.0 1.0 1793.2238683106525 1 0.9966705
272227512.0 1.0 1806.222207792856 1 0.9999715
408618322.0 1.0 1796.4726974552414 1 0.99999994
275713880.0 0.0 1795.4933362792929 2 0.32022864
252140076.0 0.0 1809.348059549117 3 1.886007e-12
258628143.0 0.0 1808.8870417433275 0 5.6088014e-05
404647115.0 1.0 1805.8666704307755 1 0.9999377
259273019.0 0.0 1794.0950316867802 2 9.333342e-11
54052752.0 0.0 1805.6185651671926 0 0.00037604754
376925580.0 1.0 1811.0534929527973 1 0.99998003
285506890.0 0.0 1812.3485441078633 0 2.6261772e-05
359342947.0 1.0 1797.4931691994373 1 0.9999959
251438046.0 0.0 1808.8485456471053 0 1.3956962e-06
445278656.0 0.0 1812.6603798714748 0 0.0011591159
255882694.0 1.0 1799.5352010074416 1 1.0
322209219.0 1.0 1793.575276960108 1 0.99998367
285235696.0 1.0 1797.2229121600483 1 1.0
326209759.0 0.0 1812.344705000068 0 1.0436651e-06
54880878.0 0.0 1812.6602640049346 0 7.672389e-05
200800648.0 1.0 1795.4119255113146 1 0.9999998
186664494.0 0.0 1805.8493972722458 2 0.00015709872
397803684.0 1.0 1797.0140803388458 1 0.9999947
252112763.0 1.0 1799.0982495908424 1 0.99939346
376867523.0 1.0 1798.1569317419305 1 1.0
255878216.0 0.0 1794.847794500637 2 1.5420363e-05
251837157.0 1.0 1798.2859294067405 1 0.99999976
63345492.0 0.0 1805.4951231021332 0 0.0038569332
387809676.0 1.0 1795.0124131146715 1 0.9999998
307596372.0 1.0 1794.0777411397376 1 1.0
235714772.0 0.0 1812.345181666577 0 0.0030655642
376977645.0 0.0 1808.8647215812714 0 2.4622224e-05
388042002.0 1.0 1794.26249775925 1 1.0
429021042.0 1.0 1810.2422420401485 1 1.0
252841977.0 0.0 1812.3698293251196 0 0.00059155276
230380918.0 0.0 1808.844467868497 0 6.20689e-05
412359429.0 1.0 1794.8462668559696 1 0.9999829
398182598.0 1.0 1795.4101858929728 1 0.99999994
236768822.0 0.0 1808.8442177415345 0 6.399376e-05
186965998.0 1.0 1798.6409694804786 1 1.0
256503928.0 1.0 1805.971016880759 1 0.9999993
353781831.0 0.0 1797.968551782148 0 1.4543437e-05
428208797.0 1.0 1806.328316831103 1 0.9999998
230133460.0 0.0 1808.8440919618479 0 1.6743081e-06
192558372.0 1.0 1795.9534575210307 1 1.0
312545762.0 0.0 1805.5354105506512 0 7.597059e-05
52521425.0 1.0 1793.577018666473 1 0.9998676
353989515.0 1.0 1799.447584781482 1 1.0
406267319.0 0.0 1805.2209251714696 0 0.00018448615
433501897.0 1.0 1810.5994526559073 1 0.99995327
186618759.0 1.0 1811.4953309206255 1 1.0
422533361.0 1.0 1794.3064422383025 1 0.9999999
149905154.0 0.0 1796.6412709107524 0 0.0005380703
332685563.0 0.0 1805.2650242593497 0 0.0002284982
331852103.0 0.0 1805.2218561838697 0 4.2434403e-05
20874349.0 1.0 1805.74515835987 1 1.0
265276170.0 1.0 1805.9925936034865 1 0.99861616
280325063.0 1.0 1795.430836779295 1 0.99999243
367948034.0 1.0 1798.3884597229794 1 1.0
309237940.0 1.0 1798.5985587404393 1 0.9999939
301259781.0 0.0 1808.973865866081 0 0.000154832
13946377.0 1.0 1797.8272925285337 1 0.9999994
288735375.0 1.0 1805.8870184669352 1 1.0
346729208.0 1.0 1810.2848201272693 1 0.99999994
390521483.0 1.0 1795.306643999148 1 0.9999999
396198156.0 1.0 1795.722058246343 1 0.99991345
249829985.0 1.0 1797.72372664722 1 0.9999975
365938919.0 1.0 1811.346846725085 1 0.9999969
149852368.0 0.0 1805.3702661105538 0 0.0005043787
264933524.0 0.0 1805.2423176318687 0 2.771794e-08
219103938.0 1.0 1796.1568539862337 1 0.9999966
233079659.0 0.0 1807.7398311709655 3 1.1065467e-07
268330571.0 0.0 1808.9082366105283 0 4.3943444e-05
379598261.0 1.0 1797.6603326139898 1 0.999991
245427260.0 0.0 1805.2236441819782 0 5.3677773e-08
353319337.0 0.0 1808.9519257046095 0 2.151207e-08
149926162.0 1.0 1794.62036088365 1 1.0
73449656.0 0.0 1793.1412786082608 0 0.0004818056
354631851.0 0.0 1808.8904379290268 0 9.14873e-08
116014367.0 1.0 1796.7030964244077 1 0.9999045
200734451.0 1.0 1796.4536449458137 1 0.99999964
427689755.0 1.0 1805.3885668243886 1 0.99999994
401087272.0 0.0 1796.8900806119393 0 0.00027612393
219894801.0 0.0 1794.1982969280248 0 0.00026489721
264224374.0 1.0 1796.8458503932143 1 0.99999964
194734225.0 0.0 1800.141049122141 0 7.3776915e-05
312863051.0 0.0 1800.139857234832 0 2.2709226e-05
285181196.0 0.0 1807.0577662857486 3 2.4160258e-07
178105783.0 1.0 1810.182920773971 1 0.9999997
229446096.0 1.0 1799.4279681737587 1 0.9999926
275484012.0 1.0 1798.1392129627354 1 0.99979085
77545160.0 0.0 1795.3704754181183 3 1.13542085e-10
357048415.0 0.0 1800.2394463680048 2 4.2947665e-08
283246200.0 1.0 1797.9726004426548 1 0.9999996
315937374.0 0.0 1807.9110355922676 3 5.6185745e-15
233530865.0 1.0 1794.2818982641675 1 1.0
316515420.0 1.0 1796.7235240915659 1 0.9999999
52187611.0 1.0 1794.3062765146474 1 0.9995025
384598987.0 1.0 1810.8904278250882 1 0.99995893
351608447.0 0.0 1796.805534401934 0 7.708794e-05
280033934.0 0.0 1811.449234524019 3 4.8137724e-20
192587439.0 1.0 1796.6617655143227 1 0.9999833
229462647.0 0.0 1812.3653409695225 0 6.2598383e-06
85523152.0 0.0 1809.182928684456 0 0.0005617659
198457457.0 0.0 1812.3222218341468 3 4.617436e-28
433350615.0 0.0 1812.5367627710111 0 0.0015451714
264615805.0 0.0 1805.2652258389303 3 1.1434773e-10
233534482.0 0.0 1808.8647657317824 0 6.0881226e-05
320381762.0 0.0 1796.639499711272 0 1.8693648e-06
275905335.0 1.0 1797.0352796139662 1 0.99999934
219738983.0 1.0 1794.1137904839734 1 0.99999815
333068559.0 0.0 1797.5774850674327 2 4.4038544e-13
279763747.0 0.0 1796.909305515597 0 8.1569515e-06
267543049.0 1.0 1805.324313348565 1 0.99975693
354131240.0 0.0 1798.0781321712202 2 8.817662e-17
21283108.0 1.0 1810.1140647583113 1 0.9999829
292465493.0 1.0 1794.7032797307386 1 1.0
67636637.0 0.0 1812.5159825005599 0 0.017253025
436931352.0 1.0 1796.7456202868236 1 0.9999226
322062685.0 1.0 1805.5751033694776 1 0.9997402
389971787.0 0.0 1812.7021303928225 0 5.572129e-06
264552077.0 0.0 1808.8692753782798 0 2.9134299e-05
427388381.0 0.0 1812.492333135087 0 0.0006686807
431870606.0 0.0 1805.203514436343 0 1.6667864e-05
408729609.0 1.0 1795.179954451167 1 1.0
264917995.0 1.0 1795.6819643647377 1 0.9998729
356785133.0 1.0 1805.9279818197165 1 0.9999436
428748979.0 1.0 1794.721335273014 1 0.99999964
241046656.0 1.0 1806.1818854317994 1 0.99998695
286482458.0 1.0 1798.3897461438928 1 0.99999887
207490814.0 0.0 1805.2805425530394 0 7.748615e-05
436851125.0 1.0 1797.1622685060936 1 0.9999995
28778026.0 1.0 1797.6616516926101 1 0.9999996
177764869.0 1.0 1797.453577433463 1 1.0
149979036.0 0.0 1805.474779337213 0 0.00013368795
81604058.0 1.0 1798.6814469260137 1 0.9999995
285130759.0 1.0 1793.160139364219 1 1.0
445177443.0 0.0 1810.5143818079437 2 1.0941965e-13
104311730.0 0.0 1808.848965210635 0 6.8215435e-05
356896098.0 1.0 1810.6766161734313 1 0.99999976
284314464.0 0.0 1812.7016416700255 0 1.5676522e-05
403752701.0 0.0 1796.6398614190157 0 4.4377288e-05
376367271.0 0.0 1793.6589431615373 2 2.6799854e-11
299328679.0 1.0 1794.9943361450796 1 1.0
250803662.0 0.0 1808.8695182649892 0 0.0001526197
229961793.0 0.0 1796.9071345747082 0 4.4743458e-05
395840779.0 1.0 1796.5348662045433 1 1.0
229943407.0 1.0 1794.6777718567457 1 0.9999953
326257345.0 0.0 1808.865740237183 0 2.7266387e-05
441805642.0 1.0 1796.0113202034474 1 0.9999998
50126822.0 0.0 1798.5774969927368 2 9.944886e-07
441720520.0 0.0 1812.3450098286298 0 1.2768733e-05
138017972.0 1.0 1793.2037202302622 1 1.0
332257870.0 1.0 1810.785499686999 1 0.9999619
272047922.0 1.0 1805.6179710257898 1 0.9996632
395608077.0 0.0 1805.7432924870616 2 2.1508043e-16
375082218.0 0.0 1808.848443607354 0 1.7678852e-06
370758693.0 0.0 1805.2026341952728 0 0.00010164989
21098399.0 1.0 1810.974407216911 1 0.9999999
417753741.0 1.0 1811.2841719505711 1 0.9997728
417841294.0 0.0 1809.057320624309 0 0.0009284097
331610898.0 1.0 1795.9523138544444 1 0.999998
280461897.0 0.0 1808.972809533264 0 0.00026267575
387567417.0 0.0 1798.4289682902345 2 0.0012320329
320279640.0 1.0 1811.160185599812 1 0.99999976
186720394.0 1.0 1798.3911930536053 1 1.0
284527341.0 1.0 1796.3477497911506 1 0.9998763
229784122.0 0.0 1808.84450949394 0 4.7653072e-07
233691082.0 1.0 1797.0732738661666 1 0.9999998
264331531.0 0.0 1805.3459633163327 0 0.000115410345
468293391.0 0.0 1804.805025514798 3 4.9196522e-32
198354443.0 0.0 1805.8638391288794 3 3.0592923e-14
321688056.0 0.0 1808.9499550170065 0 4.105737e-05
372259239.0 1.0 1810.1794336262192 1 0.99999803
358940756.0 1.0 1795.5550049278233 1 0.99999964
68000442.0 1.0 1796.2452944920785 1 0.99999964
118421181.0 0.0 1805.287128727414 0 0.00047098534
445495082.0 0.0 1808.8692759482276 0 0.00026845417
186989051.0 0.0 1805.4951896549544 0 0.00028177528
387600798.0 1.0 1805.9080311854748 1 0.99999624
354541405.0 0.0 1812.3902333532312 0 1.0999305e-06
82167490.0 1.0 1794.077417721248 1 0.9999978
129992194.0 1.0 1794.932734580889 1 0.99999875
441714502.0 0.0 1808.8448395528762 0 0.0007292392
322338879.0 1.0 1797.4526673346315 1 0.99991304
390018754.0 0.0 1812.3434426572908 0 0.0024288855
280466929.0 0.0 1812.4104136690064 0 0.0047565317
230083123.0 0.0 1793.177227812593 0 1.0704316e-07
252132565.0 1.0 1798.7440302210653 1 0.9999982
301575757.0 0.0 1808.8906147262903 0 7.3556566e-07
245761059.0 1.0 1811.5154084902654 1 1.0
367145487.0 0.0 1812.3671657793873 0 3.901597e-10
238652771.0 1.0 1799.0779673684399 1 0.99999994
285233603.0 1.0 1794.0145553744414 1 0.9999533
117167920.0 1.0 1794.68212822902 1 0.999389
198280388.0 0.0 1808.1765933569711 3 2.28448e-28
301884046.0 1.0 1811.1829023149435 1 0.99999994
368608355.0 1.0 1800.2430662127367 1 0.9999995
370950343.0 1.0 1794.0777017461378 1 0.9999884
372276096.0 0.0 1793.3276427766673 0 1.4451642e-08
434437454.0 0.0 1796.9093352272187 0 0.0002599638
54368012.0 1.0 1794.2646647120014 1 1.0
326209505.0 1.0 1794.5942854156028 1 0.99998915
192423066.0 1.0 1795.432435608515 1 0.999941
251306879.0 0.0 1805.2026241084218 0 0.0001417736
129985474.0 0.0 1805.3910566076345 0 0.0002250251
378650885.0 0.0 1805.2429883497543 0 1.4612941e-06
301338156.0 0.0 1800.140561280089 0 4.5305743e-08
317472178.0 0.0 1808.8675005546413 0 2.7324185e-07
420287943.0 1.0 1797.2228312619893 1 1.0
265292969.0 1.0 1810.5568570329663 1 0.99999833
354285424.0 1.0 1805.784057175186 1 0.9999638
436870928.0 1.0 1798.9330530588884 1 0.99994206
346656969.0 1.0 1793.6601241347416 1 0.99999976
366517381.0 0.0 1807.220558147312 3 1.0587427e-17
229456600.0 1.0 1805.2614148946413 1 0.99999976
283342429.0 0.0 1805.5561291228694 0 3.642851e-05
329246824.0 0.0 1808.1765713710074 3 1.470103e-18
246977174.0 1.0 1795.7456440604071 1 0.99999577
256104600.0 1.0 1799.264635756293 1 0.999997
347690287.0 1.0 1799.285967419855 1 0.999995
385153342.0 1.0 1810.8700188780224 1 0.99999964
376260907.0 1.0 1799.4101098347182 1 0.99983215
428008661.0 1.0 1796.8052698693125 1 0.99999994
434717887.0 1.0 1798.450995567536 1 0.9999874
285507165.0 1.0 1794.2237187779774 1 0.9999919
285913908.0 1.0 1794.5146497350436 1 1.0
376367840.0 1.0 1799.9297674307072 1 0.9999998
327575969.0 1.0 1796.2032623572009 1 1.0
407423533.0 1.0 1794.8468749394553 1 0.99976647
10607167.0 0.0 1805.2856616979157 0 2.5806501e-05
354160375.0 1.0 1797.2443793799619 1 0.9999948
375657170.0 0.0 1805.61712200009 2 0.0063662883
356917895.0 1.0 1799.34362417 1 0.9999982
230386284.0 0.0 1796.865321008896 3 7.0493195e-10
71692572.0 1.0 1794.7650256185607 1 0.99999917
229977698.0 0.0 1812.3651665000848 0 9.049304e-08
230133460.0 1.0 1810.3857769947567 1 0.99992156
389761749.0 0.0 1800.973027244572 3 0.06285839
449932026.0 0.0 1810.3281445447003 2 3.732609e-05
390807955.0 0.0 1808.9107311691118 0 1.702142e-05
368893419.0 0.0 1805.2223566634912 0 1.2832306e-10
137886126.0 0.0 1800.1413952428782 0 1.6985272e-09
317146115.0 1.0 1795.7649818732834 1 0.99999946
104146644.0 0.0 1808.848833069994 0 1.4795018e-05
116559495.0 1.0 1794.0780440049793 1 0.9999996
309140602.0 0.0 1808.8901382990816 0 3.060207e-07
283838337.0 1.0 1795.3060459745204 1 0.9999994
327256725.0 1.0 1810.4111516131068 1 0.997784
441714735.0 1.0 1806.4072087379495 1 0.99999404
326920516.0 0.0 1796.6405116113492 0 4.8418965e-06
407497031.0 1.0 1795.492764274945 1 0.9999965
372197986.0 0.0 1805.2026850985383 0 0.009470564
327398586.0 1.0 1795.4324468774728 1 1.0
321683420.0 1.0 1799.2625683826795 1 0.99954873
90693515.0 1.0 1795.6203907868448 1 1.0
444525974.0 1.0 1796.5979486318038 1 0.99995995
198236985.0 1.0 1793.8014621433422 1 1.0
298732513.0 1.0 1797.1353082221813 1 1.0
265385320.0 0.0 1812.348650024424 0 2.16799e-06
445142001.0 0.0 1812.7018831440894 0 9.3426854e-05
269824945.0 1.0 1795.7246912992932 1 0.99999994
444494162.0 0.0 1796.6394209218622 0 0.00083925197
368456093.0 0.0 1805.2014281074987 0 9.776927e-12
353895736.0 0.0 1797.968585079387 0 4.9503416e-07
229483310.0 1.0 1794.6365005795083 1 0.9999999
359127164.0 1.0 1796.8056921011766 1 0.999996
265460768.0 0.0 1796.9096450450954 0 4.4996e-05
83812531.0 0.0 1810.9306673357978 3 4.5010243e-06
436857992.0 0.0 1812.6203817902717 0 0.0010694269
255993777.0 0.0 1805.2619986633651 3 2.3782406e-05
285181196.0 0.0 1806.0994536155292 3 2.7111776e-06
390020125.0 1.0 1800.0726590292911 1 0.97808784
407430974.0 1.0 1797.80519177632 1 0.9999968
184610711.0 0.0 1805.3908765738702 0 0.00023633403
420287850.0 1.0 1793.5957122839318 1 1.0
358902936.0 0.0 1812.346633407016 0 5.8659907e-07
26651857.0 1.0 1810.3080547914299 1 1.0
423456170.0 0.0 1808.9314319330701 0 0.03917777
435446572.0 1.0 1799.5343822914263 1 1.0
298360871.0 1.0 1810.304984916277 1 0.9991975
311939238.0 1.0 1810.8894236313142 1 0.9999955
275059964.0 1.0 1795.5343615689123 1 0.99999934
307111490.0 1.0 1797.3275992450574 1 0.9999998
21023342.0 1.0 1794.8914443971928 1 0.99995106
240978972.0 1.0 1805.619313576942 1 1.0
302314964.0 1.0 1795.6407051841807 1 1.0
186966008.0 1.0 1797.578474384382 1 1.0
417607351.0 0.0 1796.8250198295693 0 1.765624e-05
117114712.0 1.0 1795.82817583968 1 0.98351437
396611757.0 1.0 1798.411616142471 1 0.9999997
422521515.0 1.0 1810.1174551421125 1 0.9999991
399763750.0 0.0 1795.5550408246563 2 0.0013695968
200792606.0 0.0 1806.7245089733897 3 5.8869733e-07
423456170.0 1.0 1799.3272206262268 1 0.99999774
241116452.0 0.0 1796.6405242538156 0 5.852664e-07
129684740.0 0.0 1805.515878410391 0 0.0003086666
285568403.0 1.0 1811.515600445424 1 0.9999952
275463340.0 1.0 1796.1185165948175 1 1.0
308288258.0 1.0 1797.265392528706 1 0.9999985
230123810.0 1.0 1800.4898100689636 1 0.9999691
249940864.0 0.0 1812.7029918531011 0 2.610698e-05
198457457.0 0.0 1809.9055594615686 3 1.0105898e-19
201357261.0 1.0 1810.6203765427147 1 0.9999999
354154923.0 1.0 1799.9320419600595 1 0.99993765
356894552.0 0.0 1794.4061960972222 0 0.00021227542
399125258.0 0.0 1809.202295588104 0 6.360748e-10
5724371.0 0.0 1808.849429554877 0 0.00040535736
292937697.0 1.0 1794.1199286728956 1 0.9999888
200860735.0 1.0 1795.26594235562 1 0.9999963
233618491.0 1.0 1797.0110464838704 1 0.9999677
81913717.0 0.0 1812.4106296307255 0 6.898322e-05
233576783.0 0.0 1805.2193283968593 0 0.008521352
272540534.0 0.0 1812.3470616856189 0 0.00027375482
315809188.0 1.0 1805.741642715604 1 0.9999999
29058618.0 1.0 1795.8497035294035 1 0.99999976
354638957.0 1.0 1810.474108292825 1 1.0
269888580.0 0.0 1796.6413697237615 0 0.0009787783
233097666.0 1.0 1810.8855448703023 1 0.99999833
270012643.0 1.0 1796.0137416993152 1 1.0
269517740.0 0.0 1800.4095887864544 0 2.6585335e-06
285238432.0 0.0 1808.8694222684003 0 2.634888e-06
354156485.0 1.0 1797.0570423544739 1 0.9999329
326732912.0 0.0 1793.4099365144125 0 5.1198445e-10
354254572.0 1.0 1798.4320249333487 1 1.0
305551437.0 1.0 1810.8870262899086 1 0.9999999
312769926.0 0.0 1812.6810688915548 0 1.999633e-07
445646018.0 0.0 1805.2027681936029 0 0.0031962972
250560272.0 0.0 1812.390378599086 0 0.000562015
203009116.0 0.0 1805.2240883581144 0 1.1026665e-06
192692277.0 1.0 1795.32843537991 1 1.0
349296494.0 0.0 1805.474665408344 0 0.031558864
433283181.0 1.0 1795.1410634757435 1 0.9999998
445483401.0 1.0 1799.1818071072971 1 0.9999872
407390845.0 0.0 1812.3469373318208 0 0.00025129793
395921100.0 1.0 1794.6594516171176 1 0.99999976
299441746.0 1.0 1797.4737435686766 1 0.9997064
73693030.0 1.0 1798.7870982303868 1 0.99999946
286240608.0 0.0 1809.0161591514495 0 0.0005499513
379637275.0 1.0 1798.0978639272867 1 1.0
326794161.0 1.0 1794.931062578376 1 0.9999998
434625997.0 0.0 1804.4092770908126 3 1.19586e-11
284530877.0 1.0 1806.0767729874324 1 0.9998918
312143698.0 1.0 1795.889776392829 1 0.9999999
198354443.0 0.0 1796.8013348536388 3 1.9834113e-15
198209214.0 0.0 1798.010021796245 2 3.9140327e-12
65350258.0 0.0 1805.2867437601394 0 0.00057505275
376231525.0 1.0 1797.929782571376 1 0.99989396
250583203.0 1.0 1793.557130361261 1 0.99997365
230133595.0 0.0 1808.8441494705658 0 1.3080331e-06
400340005.0 0.0 1808.8471708104266 0 0.010636934
436844413.0 0.0 1793.1414374619415 0 0.00056075136
378763922.0 1.0 1810.5971342864602 1 0.9999813
129982283.0 0.0 1812.7241322675804 0 0.0009915503
270663963.0 1.0 1799.7012850621904 1 0.99999994
301647105.0 0.0 1795.2863096579454 2 4.563737e-13
390021728.0 0.0 1808.0310319555265 3 3.9183456e-22
427590008.0 1.0 1795.3467364293567 1 1.0
428010024.0 1.0 1805.4510823794894 1 0.99988383
280069440.0 0.0 1808.865795341455 0 0.0001746589
245553367.0 1.0 1797.640231147264 1 0.9999458
326785507.0 0.0 1793.1393332754233 0 9.418473e-13
367424962.0 0.0 1805.2421037721097 0 2.1814789e-05
307597507.0 1.0 1798.6194780848125 1 0.9999997
77548002.0 0.0 1805.2037615681538 0 0.0014113487
291959251.0 1.0 1798.8698932255943 1 0.9999998
235679514.0 1.0 1797.6785556080843 1 1.0
63397968.0 1.0 1795.4328854194196 1 1.0
431989227.0 1.0 1798.7449598187545 1 0.9999909
50116665.0 0.0 1805.3064852441028 0 0.00013715649
13280154.0 1.0 1811.1590450078581 1 0.9999299
302074456.0 1.0 1795.0780998914963 1 0.9999925
50265531.0 1.0 1797.9314165552626 1 0.99999994
10705974.0 1.0 1795.9521997690777 1 0.99999964
61085210.0 1.0 1810.6829067588137 1 0.999996
326856920.0 1.0 1797.8072185068202 1 0.9999944
201377796.0 1.0 1796.7242217273695 1 0.9999998
387881576.0 1.0 1810.4705038847003 1 0.99999964
308439651.0 1.0 1796.7860390123226 1 1.0
256487112.0 1.0 1798.34813924086 1 1.0
77543001.0 0.0 1796.7038453765117 0 0.0004433055
232634864.0 0.0 1808.884779133202 0 0.00026597682
192469090.0 1.0 1810.2243255349802 1 0.9999943
332809311.0 1.0 1796.7023568653633 1 1.0
420286909.0 1.0 1797.7832900491142 1 1.0
63400413.0 1.0 1798.3078075140613 1 0.9999996
73692342.0 1.0 1810.349444617689 1 1.0
54993593.0 0.0 1809.2021769216549 0 6.997369e-07
192881189.0 1.0 1793.474210947698 1 0.9999999
178175702.0 0.0 1808.8495424794078 0 0.00023374506
13265877.0 1.0 1797.7647117341714 1 1.0
367681735.0 0.0 1811.6361617078878 3 3.9993183e-22
408619059.0 0.0 1797.493503848665 2 7.372994e-11
375847878.0 1.0 1793.6381747259438 1 0.99999833
302468661.0 1.0 1794.3906892071525 1 1.0
252809641.0 1.0 1799.2239865339625 1 0.999801
237114243.0 0.0 1805.1974516144453 0 0.00011246915
293122910.0 0.0 1812.6824144691088 0 0.0013399732
268632047.0 0.0 1805.2009932939895 0 5.626722e-05
299443090.0 0.0 1807.869438297281 3 1.2514579e-07
278849465.0 1.0 1805.7016049007884 1 0.9999971
370847962.0 1.0 1811.473383018983 1 1.0
399830105.0 0.0 1808.8468923029109 0 0.00044563515
5734166.0 0.0 1805.2036895435922 0 0.038195614
356868637.0 1.0 1811.38618980302 1 0.99996525
435680452.0 0.0 1808.8468364885196 0 4.334346e-05
279705345.0 1.0 1796.7011545626056 1 0.9999947
269913134.0 1.0 1810.8912913857005 1 1.0
441720520.0 1.0 1794.9280658229302 1 0.99995565
232621439.0 1.0 1798.6351042170886 1 1.0
233060904.0 0.0 1808.9270073785488 0 0.0016042711
396448119.0 0.0 1805.2016258257129 0 6.124166e-05
286119109.0 1.0 1795.431441115503 1 1.0
360019091.0 1.0 1796.3035294997092 1 1.0
236776931.0 0.0 1812.447969829205 0 1.0729734e-05
376680407.0 0.0 1812.3463555920196 0 1.0184332e-06
416400694.0 1.0 1798.4276356527387 1 0.99999934
308366236.0 1.0 1798.4528209200669 1 0.99979013
71929379.0 1.0 1797.5567020408764 1 0.99996257
14037881.0 0.0 1794.3482152839833 0 1.3434204e-06
46629059.0 0.0 1800.1414412595532 0 0.027790964
372124049.0 1.0 1805.4112154389586 1 0.99999887
359593549.0 1.0 1797.7432566541627 1 0.9999978
327396263.0 0.0 1808.8487760556513 0 0.0001215303
297647356.0 0.0 1797.6808357441294 3 0.004147746
337418157.0 0.0 1808.912151967934 0 0.00032199692
301100630.0 0.0 1812.3488021302928 0 0.00051922246
435593977.0 1.0 1806.3259395338837 1 0.99999774
63791013.0 0.0 1809.2451396620463 0 0.00044430836
284889047.0 0.0 1805.3432068925176 0 0.000116912764
129685626.0 0.0 1809.224186572136 0 0.00052566326
250801067.0 1.0 1810.5778956435609 1 0.9999977
455961098.0 0.0 1793.409197541392 0 3.1490404e-09
372079714.0 1.0 1797.242110546841 1 0.9999989
250504683.0 1.0 1810.8069622072633 1 0.9999904
250750153.0 0.0 1798.0780230090777 2 3.9464176e-06
445666747.0 1.0 1799.1817769261575 1 1.0
400608869.0 1.0 1806.4110994013797 1 0.9999998
264546144.0 0.0 1805.2001971570476 0 1.6182688e-05
224601458.0 1.0 1798.697251745461 1 0.9999508
292608881.0 1.0 1794.9531856868468 1 0.9999998
251170424.0 0.0 1805.2028119032468 0 3.6651177e-06
272627324.0 1.0 1811.4303623047426 1 0.99999833
321689005.0 0.0 1805.4708275898622 0 0.0031369808
320186807.0 0.0 1812.7017106733408 0 6.1427213e-06
416045896.0 1.0 1797.3075784315404 1 0.9999848
12481013.0 1.0 1794.8273628924644 1 0.9999612
398265273.0 1.0 1793.470661464802 1 0.9999983
235944478.0 1.0 1793.9913297179553 1 0.9999921
249889812.0 1.0 1798.2029550000286 1 0.9999998
327732339.0 1.0 1794.3907715838327 1 0.9999997
192293607.0 1.0 1794.5156979821938 1 0.9999972
403340714.0 1.0 1793.5561279451304 1 0.9999936
219899510.0 0.0 1808.8857186460664 0 3.6578338e-06
247400166.0 0.0 1796.6414949886891 0 0.00085222715
90694245.0 0.0 1805.4746686631433 0 0.0012681338
331931799.0 1.0 1806.284745630467 1 0.999999
280465934.0 0.0 1797.8476151803195 0 0.0009166438
431866149.0 1.0 1797.0573873442945 1 0.9999965
407497205.0 0.0 1805.201131906121 0 5.12745e-09
77271009.0 0.0 1808.93285143638 0 0.0014128548
258958430.0 1.0 1810.886634284182 1 0.99999064
375985429.0 0.0 1805.2004989733084 0 6.7425288e-09
252841611.0 1.0 1797.6404926303007 1 0.9999876
137908456.0 0.0 1796.6412117536456 2 0.00031496122
445349321.0 1.0 1797.7023975823975 1 1.0
283938009.0 1.0 1795.2435511072429 1 0.9999585
46502622.0 1.0 1810.5789751470304 1 0.9999993
422519262.0 1.0 1806.0335627729592 1 0.99999934
317710049.0 0.0 1812.346605176248 0 5.1767274e-06
420302118.0 1.0 1798.8874828339342 1 0.9999999
82160790.0 1.0 1794.4105649676192 1 1.0
372119692.0 1.0 1796.9110667379623 1 0.999918
379629556.0 1.0 1797.9725284722128 1 0.9999741
436934603.0 1.0 1811.1204598508536 1 0.9999998
230074876.0 1.0 1794.8022994019866 1 0.99999964
399763482.0 1.0 1798.88846728759 1 1.0
323122801.0 0.0 1810.1167397775555 2 0.0023967319
390241438.0 1.0 1794.5977794009123 1 0.9999984
229676244.0 0.0 1798.3238602591327 3 1.2558936e-09
249917077.0 1.0 1794.5155989225668 1 1.0
331749952.0 1.0 1810.8260986556122 1 0.99999994
352406943.0 1.0 1793.6789367892354 1 0.99999994
398016107.0 0.0 1798.7224552892767 2 2.475375e-10
201180697.0 1.0 1798.765949851226 1 0.9999941
186745918.0 1.0 1797.7035508677664 1 0.9999999
238743789.0 0.0 1812.4324110482623 0 0.002270163
418981482.0 1.0 1811.180461716057 1 0.99999183
252862134.0 1.0 1796.3696143217169 1 0.99999857
240957101.0 0.0 1808.89000949449 0 0.00030060034
285181196.0 0.0 1808.4119014691864 3 8.280428e-06
436880428.0 1.0 1810.4121150728733 1 0.9999951
397368311.0 1.0 1793.287255687557 1 0.9999858
230134326.0 1.0 1795.719180023714 1 0.9999982
229914252.0 1.0 1797.11535826773 1 0.99999994
236872570.0 1.0 1795.324326196117 1 0.9999966
65083152.0 0.0 1805.203536450303 0 0.0004604121
229435185.0 0.0 1812.3654105189426 0 2.8482336e-05
249892153.0 0.0 1805.244599299191 0 3.834518e-05
184588988.0 1.0 1810.4949230373009 1 0.999999
251816139.0 0.0 1808.8488505864482 0 4.910324e-05
384651396.0 0.0 1808.8485940743863 0 6.3017005e-06
198238736.0 1.0 1806.1560423715098 1 0.99999994
230377874.0 1.0 1798.552572540826 1 0.9999996
292148770.0 0.0 1805.2448369875176 0 3.2764536e-08
229676244.0 0.0 1803.948952937994 3 0.00038123454
256925930.0 0.0 1805.2199521105547 0 1.04102955e-05
271917717.0 1.0 1798.5973057661456 1 0.9999999
268516426.0 0.0 1800.4093719587006 0 2.5760412e-06
271338592.0 1.0 1805.8887370855582 1 0.9999997
366830370.0 0.0 1805.2004005176552 0 3.3990347e-08
356980849.0 0.0 1812.3434435782426 0 0.0040969085
94373607.0 1.0 1797.1828594743881 1 0.9999996
280129025.0 0.0 1810.8476195007943 2 1.9612271e-05
65650616.0 0.0 1796.6407105607464 0 0.0006280557
229969976.0 0.0 1810.3861074695535 2 0.000102172635
245421634.0 1.0 1797.7234763916952 1 0.9999926
13089158.0 0.0 1812.4108347914312 0 8.434748e-07
287151482.0 0.0 1808.9686175180825 0 0.000888264
390661644.0 0.0 1808.869201912876 3 0.0005418882
275702972.0 1.0 1798.5353687740521 1 1.0
230386284.0 0.0 1802.3444246488893 3 7.155711e-15
272230452.0 1.0 1794.6390555388418 1 1.0
192933357.0 0.0 1800.14086852538 0 9.294526e-07
268723048.0 1.0 1794.4927802936377 1 0.99999696
316514122.0 0.0 1808.8487645500004 0 3.7759544e-06
229704187.0 1.0 1797.031896634543 1 0.9999998
395523524.0 1.0 1810.5346836190838 1 0.9998463
258802399.0 1.0 1793.9906056241414 1 1.0
229403012.0 0.0 1812.3443143542966 0 0.00014368097
366553781.0 1.0 1794.1794483373662 1 0.9999999
279979169.0 1.0 1798.5118388503536 1 0.9997047
362258261.0 1.0 1796.9493966563828 1 0.99999994
428458355.0 0.0 1812.6600039892967 0 3.5089917e-05
378530739.0 1.0 1795.7429961802206 1 1.0
445287089.0 0.0 1799.2230060376216 3 2.4380664e-14
372211947.0 0.0 1805.2211593987658 0 9.086998e-07
372431403.0 0.0 1793.6816972146971 2 8.706621e-07
94332065.0 0.0 1796.6412163828847 0 0.013175396
284913961.0 1.0 1793.639317122721 1 1.0
236814952.0 0.0 1797.9691436333358 0 6.188346e-07
192646201.0 0.0 1812.4743340777895 0 0.00021133636
390122235.0 1.0 1799.0355714531245 1 0.9999956
383553196.0 1.0 1794.3244912342566 1 0.99999607
259144809.0 1.0 1797.3281484541094 1 1.0
321545759.0 1.0 1810.2831777248111 1 0.99999905
63782213.0 1.0 1797.4120406995773 1 1.0
233005469.0 1.0 1794.4480192678504 1 0.9999646
327397734.0 1.0 1798.3490594875893 1 1.0
331363487.0 0.0 1805.2215563750872 0 0.00031215927
279659374.0 1.0 1795.6176822089592 1 0.9999258
186717969.0 1.0 1798.5577402601023 1 0.9999079
236985679.0 0.0 1808.8658834529795 0 0.004747475
390467753.0 0.0 1808.9107913183589 0 7.706009e-05
35157572.0 0.0 1809.3706513959894 0 0.00062703656
21128734.0 1.0 1810.3077888885891 1 0.99956465
230125089.0 0.0 1805.19825417621 0 4.267281e-05
428381323.0 1.0 1798.4933116308177 1 1.0
431926767.0 1.0 1798.3492363609264 1 0.99999976
282881771.0 1.0 1810.1179906207337 1 0.99997836
252862091.0 0.0 1793.390369585087 0 4.0085943e-06
399075008.0 1.0 1793.6608993756954 1 0.99999994
422426616.0 1.0 1794.7625286957125 1 1.0
434626112.0 1.0 1795.5969194858308 1 0.9999307
237015854.0 1.0 1806.0325928971977 1 0.9999973
396115493.0 0.0 1796.8055259908126 0 2.3791843e-06
445349361.0 1.0 1799.6607039416126 1 0.99999887
455824689.0 1.0 1793.5960263870527 1 0.99999964
235941004.0 1.0 1799.9079525498405 1 0.99999994
371426535.0 0.0 1812.4329617842686 0 0.024656981
327604783.0 1.0 1810.452857913313 1 0.9999993
13389059.0 0.0 1798.7218446882164 3 2.3272447e-14
435446518.0 0.0 1800.4093808911355 0 0.012048217
402981829.0 0.0 1805.2006840700467 0 2.2780713e-09
396026956.0 0.0 1808.868010284385 0 2.8170927e-05
77268684.0 0.0 1809.0579213340977 0 0.0012220512
90764817.0 1.0 1798.7662444457292 1 0.99998844
65166096.0 1.0 1795.3490934553702 1 0.9999989
435742272.0 1.0 1794.388105193011 1 0.9999997
424283441.0 0.0 1808.9316849719771 0 0.00017126197
331508136.0 1.0 1794.2233847683376 1 0.99999994
291882901.0 1.0 1810.890586288529 1 0.99999976
321598171.0 1.0 1795.5126156473918 1 0.9999919
194604557.0 0.0 1808.9536731624933 0 0.005096014
249952446.0 0.0 1805.2446574477335 0 7.9443716e-08
250558504.0 0.0 1812.369601429738 0 7.463665e-10
427440115.0 1.0 1795.4092625900087 1 0.9999982
117811891.0 0.0 1796.8280960394306 0 1.4996075e-05
354117541.0 1.0 1797.2419191507113 1 0.9990561
285684806.0 1.0 1796.8480347329032 1 0.9999005
219740187.0 0.0 1800.176910928403 0 0.00024192841
192288719.0 1.0 1805.8076096570423 1 0.9999878
292978225.0 0.0 1809.1824407073384 0 0.00034104558
396565788.0 0.0 1795.2639489970018 2 1.5995403e-09
265009508.0 1.0 1796.7234308749082 1 0.99998313
264615805.0 0.0 1810.7860214291052 3 3.841318e-06
332046772.0 1.0 1795.0564999150645 1 1.0
117755317.0 1.0 1794.86962701552 1 0.9999999
258701177.0 0.0 1797.80308949684 2 3.7585933e-12
229586763.0 0.0 1805.199101730314 0 2.1247438e-06
384726462.0 0.0 1808.8487273699784 0 6.069023e-05
275260122.0 0.0 1805.2011389720474 0 1.0669857e-05
370003929.0 1.0 1797.285785799119 1 1.0
374396770.0 1.0 1795.2438844819353 1 0.999994
354116951.0 1.0 1797.8044121695577 1 1.0
394088540.0 1.0 1810.7412696345068 1 0.9999995
279778620.0 1.0 1810.242740309394 1 1.0
398325962.0 1.0 1794.804610265685 1 0.9995429
71852651.0 1.0 1810.8067247722727 1 1.0
353929309.0 1.0 1798.8497085701526 1 0.99999464
284057015.0 1.0 1796.4120046462574 1 1.0
427737203.0 0.0 1805.6414500209269 0 0.004590712
229979473.0 1.0 1796.9697073784273 1 0.9999998
398214522.0 1.0 1798.6604342658295 1 0.9999998
101350756.0 1.0 1797.2871134364664 1 0.9999983
178044996.0 1.0 1795.745166264117 1 0.9999879
354288830.0 1.0 1797.5340779177548 1 0.99998784
302080732.0 1.0 1794.05703862866 1 0.99999964
370271562.0 1.0 1798.2857915147165 1 0.99998295
256306757.0 1.0 1795.576893181921 1 1.0
237237907.0 1.0 1799.157878565126 1 0.9999997
250505667.0 0.0 1805.20283924247 0 5.4764736e-05
389972302.0 1.0 1795.9522383680614 1 0.99986386
196948881.0 0.0 1805.9944563258512 2 0.00040027863
230392566.0 1.0 1797.4694420240385 1 0.9999918
366918728.0 1.0 1805.762973304744 1 0.9999995
394129205.0 1.0 1794.3451513150394 1 0.99996555
245662663.0 0.0 1793.3276372161984 0 4.634176e-08
396339551.0 0.0 1804.1808722295573 3 3.605884e-07
427471138.0 1.0 1795.7634277496343 1 1.0
236878035.0 0.0 1793.4076977217899 0 3.3341453e-06
400408265.0 1.0 1799.9489750491869 1 0.9999936
117399022.0 1.0 1805.4116053297544 1 0.99999946
192248294.0 1.0 1799.140797677527 1 1.0
65485843.0 1.0 1795.682384709649 1 0.99999994
331515737.0 0.0 1798.8273638846008 2 3.9947095e-09
326914327.0 0.0 1805.2029583231126 0 0.00090540125
286224091.0 1.0 1796.264913648642 1 1.0
243297793.0 0.0 1805.1983876377674 0 2.8243189e-11
233211441.0 1.0 1797.7609715314104 1 0.9999994
406680207.0 1.0 1810.471792516916 1 0.9999999
186746448.0 0.0 1796.6410139759457 0 0.013652956
240957123.0 0.0 1793.1402642666478 0 0.0027033363
284140615.0 0.0 1809.201748463484 0 2.6583526e-08
229479981.0 1.0 1793.8657756456391 1 1.0
354602800.0 0.0 1812.6808674019558 0 1.47338105e-05
353897607.0 1.0 1810.3225458152153 1 1.0
260032406.0 1.0 1794.8694462139658 1 0.9999975
423953351.0 0.0 1812.3668148412519 0 5.8485743e-06
372498538.0 1.0 1811.222480492065 1 0.99999326
224605072.0 0.0 1808.2598364908931 3 1.771637e-21
159508285.0 0.0 1805.9283616853977 2 6.896267e-06
390659967.0 1.0 1797.4732094896624 1 0.9999981
229458191.0 1.0 1796.8447690653804 1 0.9999976
250503295.0 1.0 1796.7029488194464 1 0.99998856
198354443.0 0.0 1807.6971766861604 3 6.197702e-19
229443205.0 1.0 1797.0531921876475 1 0.99997896
235687126.0 0.0 1808.8661428652044 0 6.346863e-09
397280529.0 0.0 1812.4312188972813 0 0.0001845467
285670349.0 1.0 1793.4110971094667 1 0.999995
285595336.0 1.0 1806.3476095508859 1 0.9999998
177800448.0 1.0 1794.474434772517 1 0.99998146
137908356.0 0.0 1793.141151921065 0 0.0005923816
270812636.0 1.0 1805.4512315733552 1 0.99921924
118393132.0 1.0 1797.9330464619013 1 1.0
354258570.0 0.0 1805.22376915466 0 6.1152973e-06
445496340.0 1.0 1811.5150448974193 1 0.99999374
351873519.0 1.0 1793.4725094683672 1 1.0
331317391.0 1.0 1798.5773847316004 1 1.0
315809582.0 0.0 1808.9499502490219 0 7.8330794e-07
372071808.0 0.0 1796.8254055048872 0 3.118323e-05
26535689.0 1.0 1797.9744752108816 1 1.0
250481378.0 1.0 1796.7862480440392 1 0.9999644
240962467.0 1.0 1810.1607441969995 1 0.999991
445369776.0 1.0 1795.2023040620898 1 0.9999992
202843094.0 0.0 1805.2449099554108 0 2.7941287e-05
229912765.0 1.0 1795.511295826212 1 0.99998856
369279350.0 0.0 1809.1395694551657 0 0.0010570774
352284597.0 1.0 1797.9514796681906 1 0.99999976
376042276.0 1.0 1810.6379410803193 1 1.0
377251803.0 0.0 1807.302247804904 3 9.941387e-16
259297355.0 0.0 1805.4742915696836 0 4.1978463e-05
404898257.0 1.0 1798.3876622943187 1 0.99999994
71847068.0 0.0 1793.348338135833 3 5.246642e-09
272731184.0 1.0 1799.763916114017 1 0.9984584
394031258.0 1.0 1805.4080030865837 1 0.99999946
269828846.0 1.0 1793.3912688636208 1 0.9999999
286240747.0 1.0 1798.5163165191877 1 1.0
428299206.0 1.0 1793.5780067112457 1 0.99999726
316960543.0 1.0 1797.8067089888111 1 0.9999998
308529167.0 0.0 1812.4733631041038 0 1.158422e-05
284046473.0 1.0 1796.9516841703417 1 1.0
82162663.0 1.0 1798.702398647636 1 0.9999927
250986432.0 1.0 1798.4323539304414 1 0.9999984
420268013.0 1.0 1794.0123675247153 1 0.99999946
400246320.0 1.0 1805.784736350415 1 0.9999984
349979036.0 1.0 1795.1371180257006 1 0.999947
407354487.0 1.0 1796.764129201361 1 0.9999986
377251803.0 0.0 1806.7397595744137 3 6.742913e-17
390341511.0 0.0 1811.181409947879 2 0.00024869392
240832176.0 0.0 1798.4942010111947 2 5.227583e-09
348306290.0 0.0 1808.8486434183073 0 2.5802751e-06
388509461.0 1.0 1811.263091276347 1 0.99992913
160493914.0 0.0 1808.9485092211976 0 0.0002836926
252186236.0 1.0 1798.1607623884363 1 0.9998369
441765604.0 1.0 1794.323898477259 1 0.99999976
192842401.0 0.0 1793.140725448113 0 0.0005274085
384805458.0 1.0 1806.2653180390232 1 0.9999991
269708304.0 0.0 1812.3467800067294 0 1.129656e-09
407493964.0 1.0 1798.6387238159793 1 0.99999076
367951052.0 0.0 1808.8466801590823 0 0.0004978583
336119492.0 0.0 1805.429110792204 0 6.5796725e-05
236762470.0 1.0 1797.7403492638216 1 0.99999547
445320450.0 1.0 1797.5146482707305 1 0.99996465
83804128.0 1.0 1805.7431739867995 1 0.99999845
264293712.0 0.0 1800.1375724959075 0 0.00014724056
302391058.0 0.0 1812.369650432569 0 6.586106e-05
312862956.0 0.0 1812.7021092624248 0 1.4338653e-05
327790460.0 0.0 1808.8487628018106 0 6.564149e-07
13764526.0 0.0 1808.9107819530782 0 0.0001447086
417231174.0 1.0 1798.5765227827671 1 0.99999994
258352236.0 1.0 1810.4074417515221 1 1.0
192792952.0 0.0 1795.682460235748 2 3.3158623e-05
49731618.0 1.0 1811.3067167633706 1 0.9999999
399079021.0 0.0 1796.6401218950737 0 5.6541543e-05
284528940.0 1.0 1795.035228332907 1 1.0
374030402.0 0.0 1797.8480272755005 0 0.00012293596
321720499.0 0.0 1808.866564126634 0 1.45488e-08
65485618.0 1.0 1793.786490692268 1 0.99979275
279704903.0 1.0 1805.5968840288908 1 1.0
68156985.0 1.0 1796.2036446540612 1 0.9999995
240939060.0 0.0 1808.889959007782 0 1.5943233e-05
427641495.0 1.0 1799.6393649104375 1 0.9998799
357050032.0 1.0 1796.947950500666 1 0.99999833
230396449.0 0.0 1797.1360482312875 2 0.0011770397
71926521.0 1.0 1797.5984580344004 1 1.0
412881919.0 1.0 1805.4502683860128 1 0.9999054
229942663.0 0.0 1798.990184056493 2 3.2673695e-06
362964028.0 1.0 1811.2425311585491 1 1.0
392123267.0 1.0 1794.0360460321288 1 0.9999995
177919166.0 0.0 1805.2662333925266 0 0.00097029685
63466196.0 0.0 1812.6824371758412 0 0.00042764284
428661642.0 0.0 1808.8472761294965 0 3.9325397e-07
202959060.0 0.0 1794.9324053966575 2 1.0921702e-12
274801366.0 1.0 1794.1174874355688 1 0.9999997
138017750.0 0.0 1797.3496203985533 3 0.020796167
373322764.0 1.0 1810.2218746455449 1 0.99971545
285691112.0 1.0 1810.4523560633495 1 1.0
284143800.0 1.0 1797.7227895564079 1 0.99999535
399084016.0 1.0 1793.7232918834789 1 0.9999529
317473322.0 0.0 1805.2008473326791 0 1.6541042e-05
21017686.0 0.0 1796.6414255081763 0 0.009806705
233544651.0 1.0 1810.656654237001 1 0.9999779
301743323.0 0.0 1805.224052709655 0 3.9899627e-05
271449248.0 1.0 1796.9931009328848 1 1.0
50349530.0 1.0 1794.9939970669097 1 0.99999994
101255981.0 1.0 1798.6829416108399 1 0.9999998
237221686.0 1.0 1798.887039428279 1 1.0
118392759.0 0.0 1808.9537026351875 0 0.001154142
327365295.0 0.0 1800.2852195592593 0 0.0005561217
445423597.0 1.0 1799.2022777397242 1 0.9999999
13463522.0 0.0 1805.2008692515276 0 7.7771065e-06
240865210.0 0.0 1811.3064381225317 2 1.8339637e-06
252129765.0 0.0 1809.2021390848097 0 0.00016880946
252118886.0 1.0 1795.2647913997746 1 0.9999999
28693845.0 1.0 1794.7034459589343 1 0.9999999
359436624.0 0.0 1796.6392478542036 0 2.5612904e-05
186943628.0 1.0 1796.8911168841207 1 0.9999998
407415290.0 0.0 1793.265578814283 0 3.477995e-05
233525873.0 0.0 1793.8651081919038 2 1.9294374e-07
259253371.0 0.0 1812.3907683241687 0 0.00029693075
427650789.0 1.0 1798.1592372593745 1 0.99975884
292977865.0 1.0 1794.8075703248703 1 1.0
406843547.0 1.0 1798.6806303693515 1 0.9999988
286237650.0 1.0 1798.8912135787025 1 0.99996334
28911633.0 1.0 1793.5997474182507 1 0.99999976
230124490.0 0.0 1794.1983243156221 0 1.4212573e-06
445538655.0 0.0 1808.8692517620912 0 1.9342863e-06
427323052.0 0.0 1812.388136650465 0 6.4882465e-06
400543230.0 1.0 1805.8900816737184 1 0.9820218
241125924.0 0.0 1808.8485684625307 0 0.00022076187
331325154.0 1.0 1797.3480507935928 1 0.9999981
13355842.0 1.0 1810.119182425091 1 0.99999785
359632679.0 1.0 1806.0102487576733 1 0.87919885
407019919.0 1.0 1797.2641842438197 1 0.9999998
229454227.0 0.0 1812.3861069047248 0 1.8610684e-06
184611951.0 1.0 1796.036733192304 1 0.9999964
284891619.0 0.0 1812.4263929643114 0 0.012289953
326259592.0 1.0 1797.2201911894754 1 1.0
184739277.0 0.0 1807.1617932203856 3 6.64525e-14
194669966.0 0.0 1796.6409797558433 0 0.0018512311
450008926.0 1.0 1806.3895655527654 1 0.9999991
302388870.0 1.0 1794.8695408546648 1 0.9998665
192648163.0 0.0 1812.5159975543734 0 0.0004699243
385557182.0 1.0 1810.933140112939 1 0.9999426
326920180.0 1.0 1793.2655568027108 1 0.99999917
249942013.0 0.0 1812.3488661584802 0 3.5003998e-07
397239109.0 1.0 1798.0769064420047 1 0.99999726
308220194.0 1.0 1796.3693640495246 1 0.9999994
177886801.0 0.0 1805.2244638988004 0 0.00063454965
269611835.0 1.0 1799.3886343972868 1 0.9999992
403875821.0 1.0 1810.473259178893 1 0.9999998
203091094.0 1.0 1795.3283612061161 1 0.9999995
250821007.0 0.0 1808.8487063905222 0 8.481756e-06
196974107.0 0.0 1805.202868179859 0 0.012932787
20706394.0 1.0 1795.557508273767 1 0.99999994
374481448.0 1.0 1811.1817380947257 1 0.9999998
427647772.0 0.0 1812.347444598124 0 7.949287e-07
406677499.0 1.0 1798.2424434318714 1 0.9998494
334753378.0 0.0 1793.176776513597 0 1.4608995e-07
389975250.0 0.0 1809.1813970882579 0 1.3473385e-07
320188390.0 0.0 1793.1395820916136 0 8.884626e-15
241051202.0 0.0 1798.994442430158 2 1.1742373e-13
186600825.0 0.0 1808.870234256491 0 0.0068974397
323401170.0 1.0 1796.0546335532347 1 0.99999064
232615325.0 1.0 1797.5516850597812 1 0.9999981
68154886.0 0.0 1805.370251731633 0 4.553434e-06
319719472.0 0.0 1798.2229300911079 2 9.544841e-07
200738352.0 1.0 1797.182709474349 1 0.9999969
275705307.0 0.0 1805.3479387505877 0 0.00015800158
428606040.0 0.0 1808.8888027051944 0 3.1630603e-09
250922234.0 1.0 1798.557070670297 1 1.0
312343012.0 1.0 1799.0981795589164 1 0.9999991
255978207.0 1.0 1796.2436134861316 1 0.99999845
77633791.0 0.0 1805.3287983205469 0 0.00014439915
395773542.0 1.0 1800.451300648661 1 0.98296714
219894697.0 1.0 1810.2817588147143 1 0.9999994
219864233.0 0.0 1808.8443122452402 0 0.00020679797
250832458.0 0.0 1797.5988781845151 2 9.76753e-07
372340982.0 0.0 1793.3254683647106 0 1.4668059e-05
312146302.0 1.0 1795.9106794798124 1 1.0
233658981.0 1.0 1798.280984393248 1 0.99997336
400741150.0 1.0 1795.1606815631617 1 0.9999999
301912273.0 0.0 1812.3489688691764 0 1.4482417e-06
413172223.0 0.0 1805.2002775074047 0 7.0869316e-07
230076213.0 1.0 1810.927211614822 1 1.0
327440344.0 0.0 1795.1615286858353 2 5.5597706e-08
238773842.0 1.0 1810.3700898910786 1 0.9999998
309230387.0 1.0 1793.890525105112 1 1.0
12415594.0 1.0 1795.8689899300405 1 0.9991354
229947609.0 1.0 1795.9904668023523 1 1.0
387288587.0 1.0 1793.6997264611607 1 0.99998814
229585958.0 0.0 1812.3447838524542 0 6.943085e-11
298315900.0 0.0 1805.20099367772 0 1.5997212e-08
251465199.0 0.0 1805.202822362883 0 0.0005512462
116556570.0 1.0 1810.1614363260478 1 1.0
331979046.0 1.0 1796.3898632926034 1 0.9999864
280025167.0 1.0 1798.3691556353112 1 1.0
20874897.0 1.0 1805.7034923430601 1 0.99999917
397368352.0 1.0 1793.1622583247117 1 0.99999994
420114364.0 1.0 1794.9701215034859 1 0.9996232
251195002.0 0.0 1808.8485270392734 0 4.8524776e-06
249835468.0 1.0 1795.5155811381046 1 0.9999984
445382883.0 0.0 1812.8478732302808 0 8.773168e-05
200995848.0 0.0 1808.849538757273 0 0.0003059915
444790081.0 0.0 1797.8479287864645 0 0.03374306
219856671.0 1.0 1795.90667910578 1 0.9999992
470710327.0 0.0 1797.7431874458564 3 2.92512e-19
265091431.0 0.0 1808.848611694192 0 7.20469e-05
305470590.0 0.0 1798.512303127325 2 2.5665001e-11
186619984.0 1.0 1810.7036638202333 1 0.99999976
299488163.0 1.0 1798.2028173694284 1 1.0
387328831.0 1.0 1810.7412470200557 1 0.9999997
278928515.0 1.0 1794.6808965853913 1 1.0
334801172.0 1.0 1798.575472618064 1 0.999999
348305420.0 1.0 1794.4944428116112 1 0.99999994
403037785.0 0.0 1807.8698418644394 3 5.182642e-19
203039360.0 1.0 1799.6824068194717 1 0.999999
198393889.0 0.0 1811.3013559723095 2 1.2958963e-12
241121187.0 0.0 1808.8695468204924 0 2.4611866e-06
348670894.0 0.0 1805.2443477385618 0 1.21339e-06
401007633.0 1.0 1794.1192110949555 1 0.99999905
285238432.0 1.0 1798.9528715452707 1 0.999755
279871433.0 0.0 1796.972063764254 0 6.51845e-06
308617297.0 1.0 1798.0986069237251 1 0.9998677
354256474.0 1.0 1798.2446005709 1 0.9989343
202844773.0 1.0 1796.0573608504283 1 0.9999991
288536867.0 0.0 1809.2241748816923 0 0.0005510455
177914171.0 1.0 1798.4952094195994 1 1.0
233200610.0 1.0 1805.5110221604189 1 0.9999956
279525032.0 1.0 1795.7842812077008 1 0.9999984
335154630.0 1.0 1796.0546753152007 1 0.99999994
399857092.0 0.0 1805.2427885234117 0 4.2972573e-08
376677614.0 1.0 1805.5548318020465 1 0.99990237
316629077.0 0.0 1812.3905486624992 0 0.00014530522
219753605.0 1.0 1805.7396681509838 1 0.99971527
291887757.0 0.0 1796.640669312363 0 2.6553967e-06
302476291.0 1.0 1811.3488422122855 1 0.2924866
312464164.0 0.0 1809.2019634675764 0 2.969954e-08
229651191.0 0.0 1812.3452103354284 0 6.587287e-05
34712379.0 1.0 1805.6831261190107 1 1.0
269822505.0 0.0 1805.2220000090672 0 2.941676e-11
327296784.0 1.0 1794.6197276340122 1 1.0
383646537.0 1.0 1797.7816274487054 1 0.9999987
283345928.0 1.0 1805.931173673577 1 0.99999267
240924476.0 0.0 1805.2442460817872 0 0.012723655
395653802.0 0.0 1805.222251822311 0 1.5492145e-05
177823340.0 0.0 1808.7037492433226 3 1.00887955e-05
200871386.0 1.0 1805.8287639731677 1 0.9999357
251407846.0 1.0 1810.4320818943725 1 0.9999928
401324480.0 0.0 1796.8049488908957 0 1.5892357e-07
387270759.0 1.0 1811.4291570775695 1 1.0
389538483.0 1.0 1797.3480236475195 1 0.9999992
453251751.0 0.0 1810.6189872192658 2 0.00069945975
229774203.0 1.0 1794.7821917431702 1 0.9999994
52261415.0 0.0 1805.5562327795817 0 9.862952e-08
229502273.0 1.0 1795.3448789067738 1 0.9999957
354633354.0 1.0 1796.7656553638026 1 0.9668438
130088394.0 1.0 1798.932755730794 1 0.99999964
374483451.0 0.0 1805.2235201539281 0 1.3269741e-05
291961702.0 1.0 1806.0780504589422 1 0.99999917
49721563.0 1.0 1795.1607022263686 1 1.0
405482919.0 1.0 1794.328803228169 1 0.9960771
270543076.0 1.0 1798.826361196407 1 0.99999976
356150860.0 1.0 1798.7388834473352 1 0.9999998
405327607.0 1.0 1810.76244255536 1 0.9999987
383646165.0 1.0 1806.0523235656715 1 1.0
285239396.0 1.0 1795.9529160149116 1 0.9999979
441765316.0 0.0 1805.240809450541 0 1.1749006e-09
406267226.0 0.0 1808.845844597769 0 3.205944e-07
94449799.0 0.0 1794.9119959663542 2 0.00025425386
375074029.0 1.0 1796.8902836850734 1 0.99999964
275149358.0 1.0 1795.805286022012 1 0.9999997
50944381.0 1.0 1799.0149760948962 1 0.9999998
264453032.0 0.0 1795.887618804264 2 1.8385725e-08
116550420.0 0.0 1812.3697324318991 0 3.453468e-07
347568635.0 1.0 1795.474044966755 1 0.9999998
35115423.0 1.0 1795.058075310716 1 0.96312606
240976971.0 0.0 1808.8899958889504 0 1.0601888e-07
332809791.0 1.0 1810.8063774114141 1 0.9997295
256514724.0 1.0 1805.5531569789075 1 0.9999965
241132335.0 0.0 1812.369508536913 0 3.0134552e-07
421307790.0 1.0 1796.1568469306092 1 0.9999989
426090237.0 1.0 1806.2636574279775 1 0.9999981
285797410.0 0.0 1805.30644758441 0 3.5508152e-12
137987763.0 1.0 1796.5162079806582 1 0.999998
387808343.0 0.0 1808.8872496895722 0 2.5805155e-10
327706965.0 0.0 1812.3694798522176 0 2.6699088e-06
445235703.0 1.0 1810.7853550664122 1 1.0
384811988.0 1.0 1795.30664901427 1 1.0
347559767.0 0.0 1812.4326666203694 0 0.0005399063
418698021.0 1.0 1797.9933026415977 1 1.0
353551702.0 1.0 1796.514416891221 1 0.9999864
291885470.0 1.0 1793.9741298516121 1 1.0
455893540.0 0.0 1812.3671658952358 0 8.979557e-06
375719617.0 1.0 1810.3253933240437 1 0.9999999
376085702.0 1.0 1794.9301814407197 1 0.9999713
436856823.0 1.0 1798.3081431532405 1 0.99999785
256200897.0 1.0 1810.9726402983738 1 1.0
235978860.0 0.0 1812.4498470340968 0 0.03576374
67390338.0 1.0 1794.682632451626 1 0.9999995
81386428.0 1.0 1795.4941404877075 1 0.9999438
412113747.0 0.0 1805.200251043538 0 7.0425717e-06
378528609.0 1.0 1798.9096011754727 1 0.99999934
82006053.0 1.0 1799.7857793395647 1 0.99945104
255993777.0 0.0 1804.9703363634123 3 2.562187e-05
268521719.0 0.0 1808.8675741665509 0 0.0001767743
270817048.0 0.0 1808.8470134051863 0 4.6002635e-05
320603294.0 1.0 1793.8271481150225 1 0.99999565
371006240.0 0.0 1805.5150398166154 0 0.00018953011
50267992.0 1.0 1798.743992312212 1 0.9999997
335966372.0 1.0 1810.8866169216892 1 0.99999976
63587609.0 1.0 1806.286932992293 1 0.9999995
229464649.0 0.0 1805.2406155901099 0 1.9530523e-06
118301995.0 1.0 1795.1830253669123 1 1.0
377190161.0 0.0 1804.4065553135092 3 9.014026e-19
201101268.0 1.0 1806.1828654418416 1 1.0
372055691.0 0.0 1808.887722650038 0 6.0997104e-06
201377730.0 1.0 1797.2242332147957 1 1.0
240911239.0 0.0 1796.848515496603 3 6.995889e-25
470710327.0 0.0 1796.0973746948189 3 6.838504e-23
322321784.0 1.0 1797.9919059291403 1 0.9997983
396242679.0 1.0 1796.951389353578 1 0.9995461
283133292.0 1.0 1806.0765886089428 1 0.99998784
445291780.0 1.0 1810.3477447964462 1 1.0
289536614.0 0.0 1805.3016236145263 0 0.000206367
65647427.0 1.0 1810.620059387518 1 0.9999896
91417161.0 0.0 1812.4746528218939 0 0.0033480679
192739188.0 0.0 1808.8701240519256 0 0.0017803251
229752575.0 1.0 1799.532282923965 1 1.0
138054777.0 1.0 1805.745486204828 1 0.999998
139426623.0 1.0 1797.724460318901 1 0.99999994
436873913.0 0.0 1812.5995953942133 3 0.003166343
402204606.0 0.0 1811.0364031577046 2 0.012302322
390245651.0 1.0 1799.035367446361 1 0.99999195
286237833.0 0.0 1793.1412282896947 0 4.760437e-05
116842286.0 1.0 1794.3695917550122 1 0.9999997
137965774.0 1.0 1795.7871390024495 1 1.0
77260066.0 0.0 1805.3495331216336 0 0.00048003314
256479484.0 1.0 1798.014583040294 1 1.0
410742133.0 0.0 1808.9533042338303 0 0.001521773
241136950.0 0.0 1805.2237934527438 0 7.297526e-05
331928233.0 1.0 1796.6180244721857 1 0.99993604
289043298.0 1.0 1799.4721265608998 1 0.9999989
302475930.0 0.0 1796.8279776189693 0 0.00010510524
449939890.0 0.0 1808.911664376332 0 0.0010261036
73639108.0 0.0 1797.5162126153639 2 0.0011300414
83906008.0 1.0 1810.3057437820942 1 0.9999887
94725358.0 0.0 1805.5580484347108 0 0.04036398
403520936.0 0.0 1796.6401523402026 0 2.1746762e-06
315722511.0 1.0 1794.9081845611925 1 0.999997
270324877.0 1.0 1799.7428910079445 1 1.0
398015330.0 1.0 1797.0765645672388 1 0.9996722
245465584.0 0.0 1799.015222446487 2 2.9218896e-09
326732912.0 1.0 1805.3472823565123 1 1.0
374475598.0 1.0 1799.2858508366032 1 0.9999997
265147571.0 1.0 1798.5124796250723 1 0.99999887
452881542.0 1.0 1794.5768705443722 1 1.0
308120970.0 0.0 1808.8483817717174 0 9.549047e-05
270008288.0 1.0 1811.2038151434265 1 0.999999
264293640.0 0.0 1809.0126034368857 0 0.0008500426
352773477.0 1.0 1806.3891347603828 1 0.9999982
377070346.0 1.0 1805.9714840260344 1 1.0
399717830.0 1.0 1794.0548957073668 1 0.99989516
285276744.0 1.0 1794.7037447042856 1 0.99999905
236967042.0 1.0 1800.595142843398 1 0.9989772
445245536.0 1.0 1800.160527304903 1 0.9999995
332677222.0 0.0 1809.2023112670656 0 3.6583606e-06
333960394.0 1.0 1811.1584832556139 1 0.9999995
200875277.0 1.0 1810.995362267713 1 0.99999565
279375991.0 1.0 1797.7001713875964 1 0.9999436
320046712.0 1.0 1794.1396524305508 1 0.9999999
326856726.0 1.0 1799.328039289511 1 0.9999974
385100383.0 0.0 1805.4117716303779 0 0.00048810805
445296013.0 1.0 1810.6811398304208 1 0.9999943
265174424.0 1.0 1794.5970030745664 1 0.99994975
375985429.0 0.0 1812.3462349870335 0 1.7656826e-10
269412448.0 1.0 1811.3884441118098 1 0.9999945
368409353.0 1.0 1800.0974758775676 1 0.998326
54465292.0 1.0 1795.74368063678 1 0.9995878
283937779.0 0.0 1795.1602199710949 2 1.12045824e-10
229741985.0 0.0 1807.0113951526798 3 1.6549706e-05
353565609.0 0.0 1807.9309309494274 3 1.2964494e-28
445236696.0 1.0 1795.3481692577845 1 1.0
441742141.0 0.0 1805.198734436944 0 3.4251134e-06
376083447.0 1.0 1799.826138841513 1 0.9999998
255977546.0 0.0 1812.701784223694 0 0.0005114907
52435597.0 0.0 1805.7437012918556 0 0.00022750559
264615805.0 0.0 1807.6610478464706 3 0.00032197882
219102044.0 0.0 1809.0317160323707 0 2.2678893e-07
445350626.0 0.0 1809.2021607126703 0 1.5947013e-07
322058180.0 0.0 1797.3460365625303 2 0.00011018263
240962482.0 0.0 1812.2440238770994 3 3.1944212e-18
26534393.0 0.0 1805.6204735555261 0 0.00024058874
377149295.0 1.0 1811.0547958118782 1 0.9999996
302157477.0 0.0 1796.9114395721972 2 2.1165423e-09
285181196.0 0.0 1800.3078799561222 3 5.153706e-07
219870762.0 1.0 1796.0525474348847 1 0.9999983
232649480.0 1.0 1797.2813700051065 1 0.99999934
367681735.0 0.0 1804.9693858674775 3 1.6734769e-16
291890676.0 1.0 1793.9532109229747 1 0.99995536
63563510.0 0.0 1811.2659425982831 2 0.07246567
288312840.0 0.0 1795.4699257118061 3 1.0787063e-10
245625851.0 1.0 1793.9317892080846 1 1.0
441717836.0 1.0 1805.9905369562323 1 0.99999875
117039358.0 1.0 1794.3279508126109 1 0.99988556
387633985.0 1.0 1810.762064656996 1 0.99999976
434626112.0 0.0 1812.346570526355 0 3.8326503e-05
104308566.0 0.0 1812.3489299999449 0 0.00026013138
372259069.0 0.0 1799.9920581230201 2 5.2326605e-09
441813072.0 1.0 1806.0530473754977 1 0.99999964
137261833.0 1.0 1796.7015336124 1 0.99999994
233731165.0 0.0 1796.7607589718732 2 0.00050403515
202839485.0 0.0 1793.6408795714028 3 0.00093194225
331549535.0 0.0 1793.9920830772035 2 2.4412401e-14
200853134.0 1.0 1796.641154972994 1 0.9999986
403256913.0 1.0 1795.4102586996175 1 0.9999998
301639635.0 0.0 1812.3489730300735 0 1.3764604e-05
104314423.0 1.0 1797.2030058485125 1 0.9999995
259462821.0 1.0 1794.5365367281086 1 1.0
104146382.0 0.0 1812.3488124090322 0 7.6236956e-06
372058412.0 1.0 1799.596205180399 1 0.9999966
237082121.0 0.0 1808.8451716094366 0 0.00074749073
240797266.0 0.0 1812.702066315764 0 4.9347625e-05
308224002.0 0.0 1796.6403615540332 0 0.0005159619
422386287.0 0.0 1808.8873026419972 0 0.009875486
82172851.0 1.0 1797.1606666743203 1 0.99999946
233055944.0 1.0 1797.947879353628 1 0.99999917
126099906.0 1.0 1793.7660735428003 1 1.0
399015512.0 0.0 1796.6399373335073 0 6.85033e-05
396442342.0 0.0 1796.637928046443 0 3.6547165e-06
381582982.0 1.0 1796.3909228399145 1 1.0
229461186.0 0.0 1808.3861492024378 3 5.1420255e-38
233734547.0 1.0 1798.9690518372308 1 0.99999976
94367268.0 1.0 1794.0786190686397 1 0.9999999
417267059.0 0.0 1805.2015545172194 0 7.468465e-10
370431639.0 1.0 1796.4107110369634 1 0.99996334
233678872.0 1.0 1795.4060279825223 1 0.999998
347768351.0 1.0 1796.473430752979 1 1.0
275762183.0 0.0 1809.160167267757 0 0.0004854972
374397100.0 1.0 1797.3897399641512 1 0.99997634
269932696.0 1.0 1799.1803808882191 1 0.99999803
238745406.0 0.0 1808.9324912785332 0 0.00015417818
410866535.0 1.0 1794.1405400644471 1 0.9999833
292196794.0 1.0 1794.015695061788 1 0.9999562
424283926.0 0.0 1796.223144199616 2 4.371845e-08
358907780.0 0.0 1808.8674922505713 0 5.8188596e-07
331928059.0 1.0 1806.3888338299648 1 1.0
241092480.0 0.0 1812.3693977650846 0 0.002400012
241013635.0 1.0 1795.9112326139427 1 0.99999976
353781664.0 1.0 1799.26016456119 1 0.9999999
445367374.0 0.0 1809.202070341716 0 3.8182934e-06
387560718.0 1.0 1798.2830712596308 1 0.99999934
316441141.0 0.0 1808.8487555887727 0 1.52051425e-05
104029060.0 1.0 1811.4114453183256 1 0.99992687
406261792.0 0.0 1793.3252806338335 0 1.0961702e-05
184735160.0 1.0 1811.0991263021567 1 0.99999845
338647367.0 0.0 1812.3462918142093 0 8.94257e-06
117492701.0 1.0 1793.9112320296642 1 0.99999297
292612506.0 1.0 1795.0782840403685 1 0.9999999
376867219.0 0.0 1808.8443572775336 0 4.8876052e-05
22998380.0 0.0 1793.1411444339983 0 0.00040769516
186624344.0 0.0 1812.3493470129135 0 0.00049371674
445352722.0 1.0 1793.4315112875615 1 0.9995994
297689215.0 1.0 1798.9518985553216 1 0.99979126
356701572.0 0.0 1805.219303504928 0 1.9364958e-07
202864775.0 1.0 1794.9324166661174 1 0.99994105
406762707.0 0.0 1805.5560320989412 0 5.8663947e-05
352197150.0 0.0 1812.6601139121706 0 0.0006992652
238778460.0 1.0 1810.3075821019447 1 0.99999994
264625464.0 1.0 1810.661121187631 1 0.99999905
359438961.0 1.0 1794.6393045365924 1 0.9999965
418257895.0 1.0 1798.158462970517 1 0.99999994
279594697.0 0.0 1808.993621794125 0 0.0003507302
285567422.0 0.0 1793.328014767389 0 7.579371e-12
427111860.0 0.0 1812.3456076472155 0 0.00014021916
370210441.0 0.0 1809.1606966310762 0 0.0005654255
402813493.0 1.0 1794.993277281524 1 1.0
333065138.0 1.0 1793.5357261286722 1 0.99999976
323193501.0 0.0 1805.2212056705823 0 4.0667032e-06
13620888.0 1.0 1798.6188498076472 1 0.99999917
395653555.0 1.0 1795.9096355858253 1 0.9999994
365595860.0 1.0 1798.8872274070177 1 0.99999994
5721442.0 0.0 1810.4535068740363 2 2.8336581e-08
387831439.0 0.0 1796.8248810396842 0 8.676122e-06
354245142.0 1.0 1806.4089381310432 1 0.9999775
50046625.0 1.0 1794.848034663561 1 0.9999993
323302696.0 1.0 1798.2213301930667 1 0.999999
431875692.0 1.0 1796.3074622872914 1 0.9999624
137908606.0 0.0 1809.1829412442655 0 0.00023328351
331314111.0 0.0 1796.6399838528719 0 2.658569e-06
94455881.0 1.0 1794.2660614806753 1 1.0
354250797.0 0.0 1805.2026811422063 0 3.5960027e-05
177711068.0 1.0 1806.245348555966 1 0.9999975
265292755.0 1.0 1799.5359623024513 1 0.99999803
264028960.0 0.0 1796.637350492062 0 0.00015793396
219875365.0 1.0 1810.6150998419903 1 0.99972075
390021728.0 0.0 1798.0728652089813 3 3.8026848e-25
403942106.0 1.0 1810.9727761035451 1 0.9999918
251328660.0 0.0 1796.890197962903 0 2.7846368e-06
402978255.0 0.0 1812.3466534144354 0 2.1377342e-05
396203652.0 1.0 1798.2223276195355 1 0.9998029
410237584.0 1.0 1794.9503888807258 1 1.0
445139857.0 1.0 1810.1811392115287 1 0.9999997
312777468.0 1.0 1798.2855491776877 1 0.9999999
302682732.0 0.0 1797.847587917441 0 0.0013956864
233208885.0 0.0 1806.9276339884939 3 5.493864e-16
428680774.0 0.0 1811.07676058352 2 0.0043989667
275690797.0 0.0 1812.3440963943463 0 2.006256e-05
309239729.0 1.0 1810.2442933129184 1 0.99999994
264801730.0 1.0 1799.6193372410964 1 0.9999851
65647263.0 0.0 1805.2658504821861 0 0.0005917442
352979254.0 0.0 1810.5538816098847 2 1.8213413e-11
194658799.0 1.0 1794.3493009153 1 0.9999997
422429546.0 0.0 1808.8456309150263 0 0.00018492204
346594521.0 0.0 1800.1414040913785 0 0.00019697832
269701889.0 0.0 1796.909510968311 0 0.0009833496
337642995.0 1.0 1811.054587869005 1 0.99997324
81602148.0 1.0 1796.0979829265698 1 0.9999975
65495461.0 1.0 1797.578302379647 1 0.99998754
433354584.0 1.0 1796.1202834710489 1 1.0
235995223.0 0.0 1793.1372356977672 0 1.5815776e-09
326257955.0 1.0 1793.6992980110447 1 1.0
353877375.0 1.0 1798.9476724809792 1 0.9999978
428045010.0 1.0 1797.6820972075423 1 0.99998957
219860804.0 1.0 1795.844147247242 1 0.9999954
116371513.0 0.0 1810.7240796749875 2 5.8528887e-05
241117725.0 1.0 1798.39057530815 1 0.99999994
399832361.0 1.0 1795.305130505154 1 1.0
399740378.0 0.0 1793.3050068308573 0 7.442225e-11
431805659.0 0.0 1793.1406929945206 0 0.0012069927
63623869.0 0.0 1800.307789878211 3 7.160761e-23
233735589.0 0.0 1805.1980072599806 0 4.201399e-06
322263678.0 1.0 1796.8043869847832 1 1.0
347308076.0 1.0 1795.9309612217044 1 0.9999999
322203332.0 1.0 1805.2834466692148 1 0.99939173
372792951.0 1.0 1810.952055673366 1 1.0
20805728.0 1.0 1794.8908362862346 1 0.99999684
229499393.0 1.0 1811.4697348517052 1 0.9999997
285793096.0 0.0 1794.3481439140887 0 2.4661392e-06
376994123.0 0.0 1812.3646344180597 0 9.558705e-07
251549942.0 1.0 1796.7028505564497 1 0.99970585
445110528.0 0.0 1796.6396591117602 0 2.3712475e-05
189592051.0 0.0 1793.1408053023968 0 0.0004129345
245426946.0 0.0 1805.2444707929005 0 1.01685465e-07
22738919.0 1.0 1810.4120043528237 1 0.99999624
201035024.0 1.0 1797.5786198057365 1 0.999999
427476064.0 0.0 1793.4509794129576 0 4.886061e-10
370951651.0 1.0 1810.2651444026806 1 1.0
369909046.0 0.0 1809.1814650438619 0 2.6773083e-07
431767523.0 0.0 1793.140743926561 0 0.0006365005
423950693.0 0.0 1812.3876165248103 0 1.3128028e-13
288855753.0 0.0 1812.4310365959477 0 1.4291368e-08
445354648.0 1.0 1798.9939270341627 1 0.9999619
26625920.0 1.0 1810.3288752153605 1 1.0
199666370.0 1.0 1799.030581685282 1 0.9999994
71929771.0 1.0 1797.2858546802513 1 0.9999968
274845027.0 1.0 1799.3884498221112 1 0.99999857
353171961.0 1.0 1796.805905016225 1 0.99999446
229741985.0 0.0 1808.57389444661 3 9.799404e-05
238755134.0 1.0 1797.1824674209356 1 0.99999976
388579957.0 1.0 1811.492403375202 1 0.9997707
372135269.0 0.0 1805.241980431048 0 2.2274651e-07
202844240.0 1.0 1794.4948713136478 1 1.0
292849468.0 1.0 1794.8908668127349 1 0.9999999
390656467.0 1.0 1799.5773243936524 1 0.9999983
428071042.0 1.0 1794.1196526958993 1 0.99999416
377154735.0 0.0 1805.2423924131838 0 1.8679302e-06
428258542.0 1.0 1796.2863090788724 1 0.99999964
348305768.0 0.0 1805.2028230848557 0 3.4170233e-05
400811727.0 1.0 1799.9731474632263 1 1.0
403521659.0 0.0 1812.3483502418817 0 0.009657886
353483759.0 1.0 1811.410210367269 1 1.0
444358370.0 1.0 1796.0976095199273 1 1.0
235937156.0 0.0 1805.1997216766752 0 9.4464245e-05
326920516.0 1.0 1810.3485789483816 1 1.0
236969371.0 1.0 1793.8036494405017 1 0.99993455
229965790.0 1.0 1796.4903321790591 1 0.9999998
293186533.0 1.0 1797.1617093571679 1 1.0
350695632.0 1.0 1797.3661316642551 1 0.99999654
419524108.0 1.0 1794.889370230148 1 0.99999833
230376579.0 0.0 1810.344149566579 2 6.7391957e-06
219900027.0 0.0 1804.3233525409553 3 1.7684823e-15
375600980.0 1.0 1799.4505245499304 1 0.95808715
399441548.0 1.0 1797.0563541816218 1 1.0
326260646.0 1.0 1799.428595326159 1 0.9992307
353735167.0 0.0 1797.968757833004 0 6.1777435e-05
436924709.0 0.0 1793.1414133680555 0 6.4817782e-09
397368112.0 0.0 1808.9329796477614 0 0.00055146404
186937732.0 1.0 1797.4118813672526 1 0.99996287
116612613.0 1.0 1795.6197939095123 1 0.99999964
373133412.0 0.0 1805.2010390478063 0 2.767098e-08
427513402.0 0.0 1812.3465075951392 0 3.1679622e-07
376408892.0 0.0 1793.4090640095055 0 1.781411e-08
418085908.0 1.0 1796.4740759805838 1 1.0
433693084.0 1.0 1811.4297595781372 1 1.0
351685860.0 1.0 1798.3058140916778 1 1.0
376891085.0 0.0 1796.0549469985122 3 8.3401126e-11
427320022.0 1.0 1795.867452739016 1 0.99999946
291841485.0 1.0 1798.953258281252 1 1.0
367143265.0 0.0 1800.1380058785949 0 2.0921905e-07
202977153.0 0.0 1800.4115540976989 0 1.0471731e-05
184658972.0 0.0 1809.182424945801 0 0.00044700003
397921977.0 1.0 1798.9934724180027 1 1.0
260030623.0 1.0 1810.4735915598724 1 1.0
286410659.0 1.0 1797.3065049668878 1 0.9999997
235937825.0 1.0 1805.8456546897544 1 0.9999999
354779012.0 0.0 1794.3477761339273 0 0.00082288403
323400312.0 0.0 1808.846181338288 0 6.132106e-07
250580707.0 1.0 1806.161198309886 1 0.99971455
51028863.0 1.0 1796.6605861533778 1 1.0
326858996.0 0.0 1811.4110239226216 2 3.7601896e-07
400344508.0 1.0 1799.7640229210392 1 0.99999994
323056866.0 0.0 1793.9500423793195 2 0.0009530518
389915921.0 1.0 1798.4479095460024 1 0.9999988
219801998.0 1.0 1798.364535718718 1 0.999987
240861686.0 1.0 1806.1191306198875 1 0.99999964
327000169.0 1.0 1805.868379118653 1 1.0
272052964.0 0.0 1805.222103483182 0 7.1226744e-08
367532344.0 0.0 1812.6195623800427 0 6.3065345e-06
63310637.0 0.0 1797.3077657734502 3 0.0006987595
424115833.0 1.0 1798.1409230688491 1 0.99999994
396486931.0 0.0 1796.346490292176 3 3.5016813e-21
306182874.0 0.0 1810.5980282150063 2 2.7955184e-14
422369207.0 1.0 1796.8455130913926 1 1.0
53962783.0 1.0 1794.410497447753 1 0.99990296
336119106.0 1.0 1811.1374137284931 1 1.0
376366064.0 0.0 1812.346290944509 0 9.9023666e-08
264614791.0 0.0 1812.34848296646 0 7.39786e-10
264912503.0 0.0 1805.2028924383708 0 2.4939627e-05
427469869.0 1.0 1799.1800420040584 1 0.99998593
65650265.0 0.0 1793.1405988759518 0 0.017107569
445186099.0 1.0 1796.2231074698745 1 0.9999941
403686814.0 1.0 1798.056889401961 1 0.9999991
445133704.0 0.0 1795.4732133837833 3 5.5695336e-31
233729070.0 1.0 1811.0522152599342 1 0.9999525
82376852.0 1.0 1799.0576436240567 1 1.0
240890841.0 1.0 1794.5151906121287 1 0.99999714
73571498.0 1.0 1793.6205134428988 1 0.99999493
275695228.0 1.0 1795.9102647412835 1 0.99999756
94546443.0 1.0 1800.2037169141431 1 1.0
53619377.0 0.0 1800.1394470671473 0 5.211373e-10
377614396.0 1.0 1806.0760236614065 1 0.9999674
428458522.0 1.0 1795.9727825038879 1 0.9999963
232604113.0 1.0 1798.635090665848 1 1.0
352921533.0 1.0 1799.1810397965494 1 0.999998
372349988.0 0.0 1793.327755753276 0 1.7307442e-06
283736464.0 0.0 1805.2224652898851 0 0.00051844824
235997172.0 1.0 1810.6165199540878 1 0.9999983
432014548.0 0.0 1805.2243771592057 0 0.0004880341
51022694.0 1.0 1796.5565524940985 1 0.9999999
26394201.0 1.0 1793.7452901045713 1 1.0
241136259.0 1.0 1797.5155421285713 1 0.9999885
81522591.0 1.0 1797.2232321566307 1 0.9999958
270333887.0 1.0 1795.4930506170615 1 0.99997306
137206593.0 1.0 1805.8887935701546 1 0.99999756
116218054.0 1.0 1794.3489718992653 1 0.9999966
286479089.0 0.0 1797.8481719701533 0 8.022674e-05
259234489.0 1.0 1810.3864067183745 1 0.9999998
316449249.0 0.0 1798.9320027525066 2 1.4325557e-09
101216819.0 1.0 1796.0578395779023 1 0.9999982
366557556.0 0.0 1799.0128802731858 3 7.768162e-15
286236435.0 1.0 1811.557682556929 1 0.99999964
336539375.0 1.0 1797.3047745694973 1 0.9999981
233065340.0 1.0 1799.0105524481849 1 0.9999992
275582418.0 0.0 1812.4312634571481 0 2.8424304e-06
371423396.0 1.0 1793.9123313168457 1 1.0
219894351.0 1.0 1800.3026366753895 1 0.9999913
366914102.0 1.0 1798.7630080728156 1 1.0
91436583.0 0.0 1796.6415011194947 0 0.00043771105
236764972.0 1.0 1799.6151238778625 1 0.9999516
198186043.0 1.0 1796.3435620099788 1 1.0
316439223.0 0.0 1808.848701619713 0 4.0954914e-05
198212263.0 0.0 1793.1765855411852 0 0.0004163925
348232466.0 0.0 1812.3484832233787 0 3.8964846e-08
236886483.0 0.0 1805.2408620478118 0 1.5647194e-06
441812183.0 1.0 1798.302854673752 1 0.9999908
428257299.0 0.0 1806.4948105371498 3 4.939373e-19
192732741.0 0.0 1812.4325247320467 0 0.0004944634
417665111.0 0.0 1812.3465362392542 0 1.9566228e-13
251204655.0 0.0 1805.202903507698 0 6.660896e-05
288632135.0 0.0 1794.1992545280586 0 0.00015137428
420545835.0 0.0 1812.6599411035797 0 0.00033680105
445444150.0 0.0 1800.140136181329 0 0.00015574486
286219895.0 0.0 1805.2649315258145 0 0.00010000038
232609321.0 1.0 1798.8229716317633 1 0.99999845
54720878.0 1.0 1793.8272225751693 1 1.0
449997359.0 0.0 1812.680947660589 0 0.0003376657
348316528.0 1.0 1805.6818155054084 1 0.9999127
302232862.0 1.0 1793.7029499478865 1 0.99999994
445179073.0 1.0 1798.389601786865 1 1.0
445410504.0 1.0 1795.36902321283 1 0.99999994
390334254.0 0.0 1796.6396945068757 0 1.19877575e-08
445317944.0 0.0 1805.5145964236874 0 0.00010175046
77452606.0 1.0 1793.391355603153 1 1.0
264332761.0 1.0 1797.8250748139926 1 0.9999999
85486829.0 0.0 1809.1830032338057 0 0.00086260284
327253355.0 0.0 1812.6806877952088 0 3.5760928e-05
384654908.0 0.0 1808.056831925371 3 7.4227596e-06
400673457.0 0.0 1794.5978919162756 2 9.976598e-05
428784674.0 0.0 1800.9508985179632 3 6.950591e-09
240860339.0 0.0 1796.2860233318477 2 3.128174e-07
445358883.0 1.0 1794.931368659503 1 0.99999803
390516475.0 1.0 1795.1190209817753 1 0.99998283
237296831.0 1.0 1798.0328763684845 1 0.9999979
445227290.0 1.0 1793.785461997714 1 1.0
54371266.0 1.0 1797.285563277274 1 0.99999404
81691480.0 1.0 1811.5150735585426 1 0.9999868
376351234.0 1.0 1810.118808888764 1 1.0
435594384.0 0.0 1793.1375383185252 0 0.0004305501
410773962.0 0.0 1808.845982836899 0 4.43084e-05
331552930.0 1.0 1794.4295169637046 1 0.99999815
54057589.0 1.0 1797.4727573677862 1 1.0
366032282.0 1.0 1795.4095281928408 1 0.9999992
279209131.0 1.0 1796.8685308938777 1 1.0
408358422.0 1.0 1795.1586663648925 1 1.0
219872333.0 1.0 1794.3648130930164 1 0.9999563
374393406.0 0.0 1805.2857020361255 0 1.8062876e-05
384986198.0 1.0 1794.3700460146506 1 0.9999993
373130313.0 1.0 1795.7219494122862 1 1.0
235953328.0 0.0 1812.491493907978 0 0.0011116422
250688116.0 1.0 1796.723684611178 1 0.9999958
417852566.0 1.0 1795.0348765829535 1 0.9999735
385404264.0 1.0 1794.2857645835682 1 0.9999989
356981427.0 1.0 1798.6768745064317 1 0.99999905
357677267.0 1.0 1795.6191220262967 1 0.9998452
245588240.0 1.0 1797.3277132619087 1 0.99999875
198457457.0 0.0 1811.1138904655047 3 8.287757e-17
285172835.0 1.0 1795.4120099973009 1 1.0
406639913.0 1.0 1805.5761558089214 1 0.9999979
368592802.0 1.0 1794.9304706461564 1 1.0
287195709.0 1.0 1795.1570763727586 1 1.0
441803734.0 1.0 1798.6988445694496 1 0.9999997
327366509.0 1.0 1799.4935494018969 1 0.99999815
427723970.0 1.0 1798.513593496107 1 1.0
379381127.0 0.0 1805.3686611367475 0 0.008156974
284012439.0 1.0 1798.2244043866658 1 1.0
316437216.0 1.0 1805.3694244840096 1 0.99999994
94725631.0 0.0 1805.6205558333797 0 0.029575467
433977376.0 0.0 1808.8673440418033 0 6.5083495e-06
288501120.0 1.0 1798.0366294264982 1 0.9999994
117170847.0 0.0 1805.2030339810256 0 9.247993e-05
302077173.0 0.0 1811.1822149329437 2 9.977715e-11
333066555.0 1.0 1796.785766129201 1 1.0
387955876.0 1.0 1810.7623236868085 1 0.9999849
308291491.0 1.0 1793.473599446466 1 1.0
50265754.0 0.0 1794.3480255854413 0 1.9616911e-05
316136270.0 1.0 1794.2024166860717 1 0.9999999
192373909.0 1.0 1806.0160328224233 1 0.9999999
421684663.0 0.0 1793.20222538141 2 1.2059777e-14
224605072.0 0.0 1799.593143188332 3 1.6456305e-14
423954138.0 1.0 1798.8461276173596 1 0.991584
445486354.0 1.0 1810.7234524058701 1 0.9999981
264221810.0 1.0 1793.5951338560542 1 1.0
259005458.0 0.0 1805.5116767772722 2 1.8304421e-14
428734142.0 1.0 1796.3470431374071 1 0.9999971
418257102.0 0.0 1793.741817461859 3 4.5348073e-17
356978922.0 1.0 1811.3018636582408 1 0.99999964
116849668.0 0.0 1808.8907841480282 0 0.00052828196
63627127.0 1.0 1796.2246189538569 1 0.99999964
323057260.0 1.0 1795.1375406785323 1 1.0
367681735.0 0.0 1794.6983784462172 3 2.8997116e-19
230087513.0 0.0 1812.344089085584 0 8.0392795e-07
445176376.0 1.0 1796.5978995599853 1 1.0
356895782.0 0.0 1796.7185099894066 2 1.9700713e-06
201379563.0 1.0 1794.2450475295548 1 0.99999976
402748426.0 0.0 1797.7016473088088 2 0.0014249011
370118640.0 1.0 1798.035797553524 1 0.99994326
285125307.0 0.0 1793.3059329494604 2 0.00017316974
250865149.0 1.0 1795.6406177237216 1 0.99999756
427588201.0 0.0 1793.4091821491136 0 2.825646e-10
192933899.0 1.0 1798.9324985139326 1 0.9999996
366718977.0 1.0 1799.429593909656 1 0.99999905
353692022.0 1.0 1795.7640669108694 1 1.0
250506274.0 0.0 1796.6403416496596 0 3.2381227e-05
420132237.0 0.0 1796.9075655252261 0 3.185412e-05
434270359.0 0.0 1808.8466109111023 0 1.3147016e-05
196816907.0 1.0 1796.7237570415969 1 1.0
285240820.0 0.0 1810.9944478461543 2 6.121581e-16
285684950.0 0.0 1808.9522425725308 0 9.654524e-05
370595343.0 1.0 1795.5776923409442 1 0.9999657
403745495.0 1.0 1797.1401709752097 1 0.99997085
292467389.0 0.0 1812.7239683701105 0 0.00020553672
366713278.0 1.0 1806.3045373585644 1 0.99992883
252148311.0 0.0 1809.202076702626 0 8.7667054e-08
301416430.0 1.0 1796.6612313441162 1 1.0
468293391.0 0.0 1798.4507948987673 3 1.7917835e-27
396161845.0 1.0 1805.3888395337178 1 0.9999987
34691690.0 0.0 1812.3913356817177 0 0.001424671
322263832.0 1.0 1806.1584757479498 1 0.99999726
229508096.0 1.0 1794.303279248328 1 1.0
233079659.0 0.0 1806.5315019925492 3 7.335209e-10
356701798.0 0.0 1801.9900302447543 3 3.468447e-20
367417261.0 0.0 1812.3486390070357 0 5.68982e-07
229488713.0 0.0 1812.3654551079276 0 2.797381e-05
259145621.0 1.0 1793.6197031864158 1 1.0
35015702.0 1.0 1793.7247560653382 1 0.9999996
428011995.0 1.0 1796.20119230504 1 0.9999997
354545033.0 1.0 1794.5152874767775 1 0.9997648
117311616.0 0.0 1812.3489347102338 0 4.5385228e-08
264469090.0 0.0 1812.408531382372 0 6.9319467e-10
405433406.0 1.0 1811.1831090972319 1 0.99999595
329153362.0 1.0 1805.2617059482657 1 0.9999999
374960751.0 0.0 1805.2649703397133 0 0.0035276534
396615000.0 1.0 1794.3909179603038 1 1.0
263969741.0 0.0 1796.6370579451345 0 0.00014764728
264897914.0 1.0 1805.8671011580611 1 0.99999803
299433775.0 1.0 1805.3903891747239 1 0.9999951
256508512.0 1.0 1797.241967484332 1 0.9999622
431767736.0 1.0 1794.0990953027408 1 0.99996734
235951404.0 1.0 1810.408201731322 1 1.0
329440598.0 0.0 1797.968086860586 0 0.00052846834
431768693.0 0.0 1795.0365872156524 2 1.8950636e-06
270818287.0 1.0 1796.4097806754016 1 0.99999535
117170145.0 1.0 1794.7862305826445 1 0.9999352
445309247.0 0.0 1805.6605855666694 0 1.6412103e-11
258827539.0 1.0 1800.0947541039516 1 0.9999956
94541716.0 1.0 1795.8078196509741 1 1.0
399717755.0 1.0 1797.8258119368302 1 0.99999774
384985022.0 1.0 1798.4326651602612 1 0.99999994
399765787.0 1.0 1805.3678387179255 1 0.9999999
403751331.0 0.0 1796.8899779632698 0 0.0007762949
139375146.0 1.0 1798.3493210129923 1 0.9999999
285736210.0 1.0 1794.99469379905 1 0.99996006
219847282.0 1.0 1810.136010424742 1 1.0
104316853.0 0.0 1805.203230501203 0 1.672471e-05
389913794.0 0.0 1808.8849900997689 0 1.5345486e-05
229505774.0 0.0 1808.8445506158114 0 0.00036611894
63349449.0 1.0 1798.8702755404336 1 1.0
101095969.0 1.0 1800.3287414631582 1 0.9999912
407156620.0 0.0 1793.4097959145324 0 2.3295045e-11
327443430.0 0.0 1796.4321939954455 2 1.5269556e-13
376967349.0 1.0 1799.0965541710827 1 0.9999965
269240011.0 0.0 1796.9095860894156 0 1.984652e-06
418410124.0 0.0 1810.3264140671874 2 1.1249622e-09
258547154.0 0.0 1795.5328703757739 2 2.3538496e-05
366415516.0 0.0 1793.137722886826 0 0.00015934298
427799458.0 1.0 1798.8886041613719 1 0.9999992
427323622.0 1.0 1811.513157561763 1 0.99999774
186615894.0 1.0 1810.3911035570795 1 0.9999997
396327479.0 0.0 1812.3473883247482 0 0.00013373207
1981434198.0 0.0 1806.7831751019123 3 3.0043526e-25
292940701.0 0.0 1808.869777626428 0 0.001201224
201359969.0 1.0 1796.7035919099324 1 0.99999917
236768822.0 1.0 1794.6984213229337 1 0.99999994
357046177.0 0.0 1799.5725577921191 2 0.015386587
11424087.0 1.0 1797.9105215253082 1 0.9999968
373329826.0 1.0 1798.9092090414847 1 0.9999994
285469792.0 1.0 1810.1618760644762 1 0.9999999
353807056.0 1.0 1798.3227583967878 1 0.999998
420295348.0 0.0 1796.639403945924 0 2.6361187e-05
251578173.0 0.0 1805.2026319996032 0 2.5147579e-06
450155280.0 1.0 1810.6404130297312 1 0.99999756
34787896.0 0.0 1805.203946731988 0 7.712117e-05
309140943.0 1.0 1806.202675680091 1 1.0
229410861.0 0.0 1812.3442910529923 0 1.514215e-09
52857152.0 0.0 1805.6812513096659 0 6.93811e-07
323058587.0 1.0 1795.0959131271627 1 0.9999998
390168923.0 0.0 1812.7021996898343 0 2.6381056e-05
241082070.0 0.0 1812.3695531636463 0 1.9727674e-06
292403462.0 1.0 1797.994992706556 1 0.99996966
21119562.0 0.0 1805.93293802789 2 1.0011621e-06
327606431.0 1.0 1799.307306325593 1 0.9999864
444801865.0 1.0 1798.7645877627235 1 0.9999956
283246566.0 1.0 1810.3058441185415 1 0.9999975
397235842.0 1.0 1799.3267718328516 1 1.0
289263532.0 0.0 1805.2223536901797 0 4.8393016e-05
368611685.0 1.0 1799.3681072756958 1 0.9999607
219870762.0 0.0 1808.8443296693986 0 0.00015315559
433501573.0 1.0 1794.7243470343233 1 0.9999681
139372111.0 1.0 1795.0578398357611 1 0.99999976
395940851.0 1.0 1798.1597750155709 1 0.99734163
356862553.0 1.0 1810.3859481614343 1 0.99957246
237219723.0 0.0 1808.9702716626757 0 1.2433806e-05
272324340.0 0.0 1806.847150472914 3 2.0013097e-15
230380918.0 1.0 1796.219583649238 1 0.9999993
229952279.0 1.0 1799.2402941070452 1 0.9999978
301475840.0 0.0 1808.869864897155 0 8.138219e-07
272532614.0 0.0 1805.2013509745807 0 0.00010145226
293066086.0 0.0 1795.4115367733034 3 3.4897656e-14
258353545.0 0.0 1796.1783433176079 2 1.826407e-18
272954590.0 0.0 1812.3469611190321 0 2.6327773e-05
219870137.0 0.0 1805.1982796041689 0 9.264182e-05
269609913.0 1.0 1806.1593715911863 1 0.9999789
424438254.0 0.0 1808.8441911546206 0 5.814549e-07
200778468.0 1.0 1811.4329289677282 1 0.9999997
367079240.0 0.0 1809.1374844095537 0 0.0045983884
138053332.0 1.0 1796.9746340124145 1 1.0
269697721.0 0.0 1807.157738995978 3 7.964212e-09
230073412.0 0.0 1805.197907888029 0 4.5118068e-06
357595868.0 1.0 1797.6143011968622 1 0.999961
235978860.0 0.0 1808.949828275303 0 0.033199403
402830550.0 1.0 1795.117522605749 1 0.9999997
409525457.0 1.0 1797.5990963384145 1 0.9999937
424439974.0 0.0 1808.9272550714286 0 0.00014911564
377075568.0 1.0 1798.3674373820133 1 1.0
196919646.0 0.0 1805.2027767789546 0 4.7051576e-06
370511668.0 0.0 1809.1607980538472 0 7.139729e-05
348021035.0 1.0 1798.5359603055026 1 0.9999818
368889473.0 1.0 1798.3473497418552 1 0.99999976
387881182.0 0.0 1808.845527948432 0 1.9134153e-05
428257299.0 0.0 1796.9112890464053 3 1.9249244e-18
238742070.0 1.0 1794.2657307447423 1 0.99999875
275466698.0 0.0 1808.9105557861253 0 0.00038408133
445311443.0 1.0 1797.0773425726431 1 0.99999726
308223943.0 1.0 1793.5362094741508 1 0.9999978
436848408.0 1.0 1798.7664497345254 1 0.9999783
237079307.0 1.0 1795.7411805386291 1 0.99999917
279826925.0 0.0 1805.2011131723207 0 5.522293e-05
250684105.0 1.0 1798.3071491416504 1 0.9996094
238741045.0 0.0 1794.119936533304 2 0.0028816261
376295940.0 0.0 1805.2642657495655 0 5.3281692e-08
311830172.0 0.0 1805.556140061398 0 6.055549e-09
90648033.0 1.0 1795.4120521818834 1 1.0
369994722.0 0.0 1793.1397768983709 0 4.427274e-10
433693135.0 0.0 1805.2215743805639 0 0.0052403226
229787746.0 0.0 1808.8446370559711 0 2.0055921e-09
374557870.0 0.0 1797.84830455585 0 1.8247336e-05
219760588.0 1.0 1795.6353135961308 1 0.9999947
348607778.0 1.0 1797.5776634926845 1 0.9999655
279523549.0 1.0 1799.6384482887192 1 1.0
453309498.0 0.0 1812.6814136848366 0 2.3941837e-09
366557556.0 0.0 1799.9295424981308 3 9.459688e-08
309058127.0 0.0 1795.8695107696617 2 0.00030003823
301737507.0 1.0 1794.9530175019836 1 0.9999891
28763463.0 1.0 1810.5364721252827 1 1.0
81523734.0 1.0 1796.4940312084925 1 0.99999386
250582395.0 1.0 1793.4945993140543 1 0.9999998
397368220.0 1.0 1796.0997630944098 1 0.9999998
441807493.0 1.0 1797.4280104173965 1 1.0
250605790.0 0.0 1808.8695387214402 0 9.30712e-06
256796784.0 0.0 1793.4075779134969 0 0.00093458145
453303092.0 0.0 1797.619186973746 2 2.0054053e-06
351956267.0 1.0 1794.4930388226571 1 0.9997669
396031854.0 1.0 1796.638962172615 1 0.9994968
202954633.0 1.0 1797.8075990337409 1 1.0
177916177.0 1.0 1796.245267308195 1 0.9999998
346299439.0 1.0 1797.055780855893 1 0.9999999
452968676.0 0.0 1793.139701560982 0 5.562735e-10
52347173.0 0.0 1806.243475266889 2 2.9607734e-05
420267547.0 0.0 1805.2000306351213 0 0.00059244165
302471021.0 0.0 1805.2031944354633 0 9.186513e-06
233532450.0 1.0 1810.823247312077 1 0.99999976
186619878.0 1.0 1811.3494926348678 1 1.0
73521705.0 0.0 1805.474481047199 0 0.00011687175
427381732.0 1.0 1796.617438619862 1 0.99999964
445197000.0 1.0 1796.0564040380311 1 0.9999984
368523229.0 0.0 1805.5350105411062 0 2.318521e-06
250892719.0 0.0 1808.9737958579492 0 9.92551e-06
434893209.0 0.0 1793.40948493347 0 6.227763e-07
449997173.0 1.0 1810.6185049662386 1 1.0
359555465.0 1.0 1800.0102974672868 1 1.0
230023671.0 1.0 1805.2821919603252 1 0.9999795
22814039.0 0.0 1796.6413699104548 0 0.0004696782
401084504.0 1.0 1794.327602041866 1 0.99999565
252109307.0 1.0 1793.931647499042 1 1.0
236712642.0 1.0 1799.9264626848922 1 0.9999995
50348977.0 1.0 1795.1398206839226 1 0.99999964
293066086.0 0.0 1798.6615479823827 3 2.699292e-13
327392518.0 1.0 1795.5155729631958 1 1.0
311704171.0 1.0 1810.9311286885873 1 1.0
399207947.0 0.0 1812.4104698162707 0 0.0006639893
372269137.0 1.0 1797.4525457466666 1 0.9999996
308604274.0 1.0 1805.9111536610408 1 0.9999984
404104934.0 1.0 1796.158519120858 1 0.999998
367241683.0 0.0 1812.3880294057465 0 0.019626537
308536424.0 1.0 1810.2234825266517 1 0.9999972
233204702.0 0.0 1805.1984675202427 0 4.7622878e-11
250494610.0 1.0 1811.0986549208528 1 0.9998375
400672334.0 1.0 1795.4312011686873 1 0.99999887
117034117.0 1.0 1806.4113765518905 1 1.0
377035146.0 0.0 1805.2007249664002 0 0.0003493162
375721386.0 1.0 1799.1797206970477 1 0.99999374
372335021.0 1.0 1798.4296344864738 1 0.99999815
288600444.0 0.0 1805.2412030073008 0 2.665693e-07
184680608.0 0.0 1809.2032538146611 0 0.0026751298
230136137.0 0.0 1808.8438861343031 0 0.0002737838
352578146.0 0.0 1808.8474077725791 0 1.1109327e-07
428384504.0 1.0 1796.4530397979424 1 0.9999997
406596553.0 1.0 1805.5343554426604 1 0.9999955
77357818.0 0.0 1805.287087374352 0 0.0014686652
65576784.0 1.0 1800.3701277747962 1 0.9999997
192473556.0 0.0 1793.1406989609688 0 0.0060134153
264220563.0 1.0 1795.1367130984438 1 0.99999815
240985351.0 1.0 1793.306889828787 1 0.99999976
77548002.0 1.0 1796.8287692951367 1 0.9999995
196891799.0 1.0 1805.2861026642781 1 0.9999999
201300177.0 0.0 1809.1621037883194 0 0.007076891
389912740.0 0.0 1805.5563723890978 0 5.4990076e-05
444404392.0 1.0 1794.7224163680837 1 0.99999946
422429717.0 1.0 1794.5125472689224 1 0.99999756
349294422.0 0.0 1806.34975858412 3 1.1596556e-05
251387790.0 0.0 1793.3900942236153 0 0.00017344159
417554759.0 1.0 1795.3894735277213 1 0.99999976
370273714.0 1.0 1793.5357389406022 1 0.9993304
245622507.0 0.0 1798.244277652645 2 6.4618085e-08
427594701.0 1.0 1796.3051085315683 1 0.9999983
22843856.0 0.0 1803.9330387834366 3 0.00032299155
370073677.0 0.0 1812.7023149104266 0 1.7689507e-12
428475356.0 0.0 1798.7018506160632 2 2.228015e-19
321451090.0 1.0 1797.241726201947 1 0.99998575
200774792.0 1.0 1796.7868949880688 1 1.0
293184778.0 0.0 1805.4740868289718 0 0.00034776746
63471618.0 1.0 1797.1827967370702 1 0.9999751
403263056.0 1.0 1805.9518090889762 1 1.0
270444405.0 0.0 1805.2012007251703 0 2.8412927e-07
249919778.0 1.0 1805.848876117227 1 0.9999983
435447020.0 0.0 1805.6592413100868 2 1.6064565e-20
200739316.0 0.0 1796.640997868713 0 0.0010271678
116556436.0 0.0 1812.3697579195589 0 4.0367256e-14
278856459.0 0.0 1812.451836935727 0 0.018775957
285430698.0 0.0 1805.3494489867933 0 0.000289988
286410310.0 1.0 1797.2231597931218 1 0.9999997
373704160.0 1.0 1797.1187170773526 1 0.99954796
331720926.0 1.0 1795.5982491862117 1 1.0
52631344.0 0.0 1805.535324068058 0 7.263811e-05
435742004.0 0.0 1805.2008614347646 0 1.8303421e-09
251385069.0 1.0 1805.3693806056299 1 0.99999934
320380013.0 1.0 1798.243674450469 1 0.99999994
327789778.0 1.0 1810.8695720031185 1 0.99999917
441796790.0 1.0 1806.1362977563426 1 0.99999976
53807577.0 1.0 1799.0144552128788 1 0.99997747
445256146.0 1.0 1796.4521609459869 1 0.99994415
269715117.0 0.0 1798.4721218205038 2 3.3017835e-13
192495800.0 1.0 1798.9326678024734 1 1.0
186716592.0 0.0 1812.4118421723192 0 0.012181618
387560634.0 1.0 1796.8664299992515 1 0.9999979
468293391.0 0.0 1807.9717124453884 3 3.4146542e-24
378282090.0 1.0 1798.743128668159 1 0.9999476
383676129.0 1.0 1810.9273138446492 1 0.9999972
343467012.0 1.0 1799.4704690741926 1 1.0
285578020.0 1.0 1810.2851358975063 1 1.0
249886811.0 0.0 1812.390519381621 0 0.00021968909
71742796.0 0.0 1805.202594615033 0 0.00030046506
444083730.0 1.0 1806.2027588268036 1 1.0
35026766.0 1.0 1795.0164441496586 1 0.99999833
326817214.0 1.0 1797.909980182041 1 0.9999997
327371135.0 1.0 1795.847760690721 1 0.99999946
65647263.0 1.0 1798.140720696966 1 1.0
229751802.0 0.0 1797.4904966475362 3 1.7080221e-14
415960247.0 0.0 1808.8488142087745 0 4.4765387e-05
292056645.0 1.0 1799.1199855649552 1 0.9999998
250836327.0 1.0 1797.9320887637562 1 0.9999958
247006412.0 0.0 1808.8495568415526 0 0.0008140719
410231988.0 1.0 1800.033641574649 1 0.9999986
26654252.0 1.0 1794.3702084299398 1 1.0
54624637.0 0.0 1805.7644469356915 0 4.3167573e-05
219109908.0 0.0 1797.2402426569936 3 1.1136341e-21
279501959.0 0.0 1812.4103544481989 0 0.01407161
34750272.0 0.0 1812.370496845297 0 0.0006336425
252174670.0 1.0 1793.9105612915357 1 1.0
376891083.0 0.0 1796.0549470002766 3 8.3401126e-11
399740559.0 1.0 1796.2633812985648 1 0.9999999
410779784.0 0.0 1812.3667217850257 0 3.4976568e-07
423461477.0 0.0 1812.4313295509878 0 5.607879e-06
237233441.0 0.0 1810.2412424382896 2 9.5953835e-11
83812531.0 0.0 1795.1184035211334 3 2.7839837e-07
252190282.0 0.0 1793.140030164919 0 1.0119102e-06
354112041.0 1.0 1795.6193641766001 1 1.0
21131417.0 0.0 1808.9953717105668 0 0.00083514675
270813427.0 1.0 1811.388589662003 1 0.9999891
354841987.0 0.0 1805.2853995959517 0 9.4558274e-08
410773652.0 1.0 1798.2836824017766 1 0.9999998
116889354.0 1.0 1811.5155771306522 1 1.0
251766867.0 1.0 1794.0567665061612 1 1.0
233238544.0 1.0 1794.7817689815142 1 1.0
433283112.0 1.0 1796.9744695466043 1 0.9999996
65159476.0 1.0 1793.43235000187 1 0.99999887
433286487.0 1.0 1797.2869662037751 1 0.9999998
291998825.0 1.0 1796.7448305038054 1 1.0
251199393.0 0.0 1796.890186871915 0 0.00016529509
279594697.0 0.0 1805.3477655997779 0 0.00010280769
376231996.0 1.0 1806.2630399656323 1 1.0
444445961.0 0.0 1796.6394763843982 0 0.010412676
411043564.0 1.0 1805.5960428528458 1 0.9999998
264308939.0 1.0 1810.5542884798879 1 1.0
250772110.0 1.0 1798.0778771461455 1 0.9999894
289088986.0 1.0 1806.1181259883617 1 1.0
433283484.0 0.0 1809.3910529377597 0 1.0679222e-05
418257102.0 0.0 1810.9083822579112 3 1.6533159e-11
407495344.0 1.0 1800.055374379492 1 0.9999953
428120496.0 1.0 1799.224026904865 1 0.99941987
192652602.0 1.0 1796.4740973619625 1 0.9999991
419245939.0 1.0 1793.7436607676561 1 0.9999991
405430590.0 1.0 1810.1622994988882 1 0.99999547
275370165.0 1.0 1805.8678105065871 1 0.9999993
230386284.0 0.0 1812.2401377670096 3 2.2768948e-12
252869093.0 1.0 1811.3074870675123 1 0.99996376
236762131.0 0.0 1808.8446210025884 0 1.5994983e-05
251432448.0 0.0 1793.3901428684355 0 0.00031514114
198189413.0 1.0 1797.4891925702536 1 0.999999
377255272.0 1.0 1797.3025000350215 1 0.9999997
428165254.0 1.0 1794.2029311097813 1 0.99999493
249889025.0 1.0 1796.848804968144 1 0.9999989
256101052.0 1.0 1795.2854209902357 1 0.999994
10698068.0 1.0 1795.8690090011949 1 0.99999994
252135875.0 1.0 1797.931625838329 1 0.99999994
233622431.0 0.0 1808.8858863597616 0 2.4105646e-05
403038960.0 1.0 1793.5991351811608 1 0.9749154
187031415.0 0.0 1809.182506799654 0 0.00036824247
327346503.0 1.0 1797.6406753403733 1 0.9999999
73489137.0 0.0 1805.349581687233 0 0.0004770451
359250458.0 0.0 1805.5141310645345 0 0.018092778
233233116.0 0.0 1808.8440453256367 0 5.6246796e-07
427737930.0 1.0 1793.30783992042 1 1.0
230378763.0 1.0 1799.2401516689192 1 0.9997663
192422329.0 1.0 1794.807399159466 1 0.99999964
321820098.0 0.0 1800.3250914059947 0 6.885706e-06
245398585.0 1.0 1798.4317900340511 1 1.0
279269179.0 1.0 1798.8893255078647 1 0.99999994
405614267.0 1.0 1799.661495937725 1 1.0
115918466.0 0.0 1812.3697364654286 0 3.4070666e-10
11158635.0 0.0 1797.8482412007604 0 5.7803486e-06
374393666.0 0.0 1805.2648621607393 0 0.0003767598
219895512.0 1.0 1793.8647840391686 1 0.9999934
116991381.0 0.0 1808.911622150893 0 0.026548607
336547397.0 1.0 1794.2006774483232 1 0.9999995
367681735.0 0.0 1808.2611069265092 3 1.1662525e-18
177880459.0 1.0 1795.078551123973 1 1.0
291889068.0 0.0 1793.140623464966 0 9.7326065e-08
399787877.0 0.0 1812.343682570237 0 0.00023877656
329246824.0 0.0 1795.843300651111 3 2.9734433e-17
397927532.0 1.0 1796.0560608702885 1 0.9999398
374390935.0 0.0 1797.848215924621 0 0.0009345663
376839554.0 0.0 1805.2006356503643 0 3.1173357e-05
270930675.0 0.0 1805.2011645381185 0 0.0001704674
372339636.0 1.0 1797.3462864845335 1 1.0
229509472.0 1.0 1811.2197675552582 1 0.9997362
308125835.0 0.0 1808.8485633393902 0 0.00089837326
417767716.0 1.0 1795.784230766603 1 1.0
374303452.0 1.0 1796.7023290386 1 0.9999983
272327554.0 0.0 1795.784816553979 2 9.1868194e-11
279662725.0 0.0 1812.3675479025806 0 6.47752e-06
385103406.0 1.0 1796.2656962494393 1 0.9999993
184739277.0 0.0 1808.6617581897651 3 3.2718315e-06
362105477.0 1.0 1796.406971318493 1 0.9999999
385205711.0 1.0 1796.2241654689988 1 1.0
235903581.0 0.0 1808.8871519088466 0 0.000117929216
293061019.0 1.0 1796.3075769693946 1 0.9999993
117662217.0 0.0 1808.869919723918 0 0.0004493403
397235842.0 0.0 1805.305991266153 0 0.0004883378
68094492.0 0.0 1805.4536268886623 0 0.0008653203
385556396.0 1.0 1796.8704696176917 1 0.99999833
230027382.0 0.0 1812.3650963474963 0 3.7018867e-07
129758596.0 1.0 1810.22419553739 1 0.99999946
346627403.0 0.0 1796.5580017455316 3 6.3671502e-27
229650991.0 0.0 1797.6992319167387 0 0.000847162
10875292.0 1.0 1795.1398750726241 1 0.9999995
235950428.0 1.0 1806.1788930765272 1 1.0
241006859.0 0.0 1812.3899915076317 0 3.6463436e-07
241081158.0 0.0 1796.6405605481204 0 0.00036644615
452880907.0 1.0 1805.9725025349871 1 0.9999815
289722957.0 0.0 1811.4264372442328 3 1.3125904e-16
83419843.0 0.0 1799.2224435229991 2 1.4529659e-09
13697423.0 0.0 1796.910390805049 2 1.2563516e-12
409528623.0 1.0 1795.6615938171064 1 1.0
245541676.0 1.0 1810.181782762791 1 0.99999803
385147599.0 0.0 1805.3284912860977 0 0.00042129686
285790549.0 1.0 1798.764913433041 1 0.999997
177827291.0 1.0 1796.4743649849217 1 0.9999967
178043245.0 1.0 1811.1828279946449 1 1.0
372389345.0 0.0 1808.846142247879 0 3.7364862e-06
331202960.0 1.0 1798.2230984556884 1 0.98176694
238740981.0 1.0 1793.6199302745206 1 0.99999994
199526211.0 0.0 1805.3017909626012 0 5.4696606e-08
378468339.0 1.0 1795.930624025928 1 1.0
302309480.0 0.0 1811.1197161258358 2 2.746034e-07
230389443.0 1.0 1797.302712097144 1 0.9999974
329344881.0 1.0 1798.926428308222 1 1.0
240882665.0 0.0 1812.743974625117 0 5.3089003e-05
331717791.0 1.0 1793.3900092334977 1 1.0
329248120.0 1.0 1806.2804797114643 1 0.99999905
83625098.0 0.0 1809.1599044394866 0 7.596385e-05
359553226.0 0.0 1812.4684999228296 0 0.00022904568
407319154.0 0.0 1800.3054911751492 0 1.1635287e-06
85487976.0 0.0 1805.6205578139252 0 0.00015668401
431760001.0 1.0 1797.3491353505644 1 0.9999975
401497155.0 1.0 1810.1799608837316 1 0.99999654
402659158.0 1.0 1810.7409309041295 1 1.0
230123304.0 1.0 1796.8020991444903 1 1.0
301421405.0 0.0 1805.2030322100984 0 1.085389e-06
312543164.0 0.0 1812.7019573900882 0 2.2156009e-07
82971072.0 1.0 1810.8471605661355 1 0.9999915
192250180.0 0.0 1809.0575637449465 0 0.001250793
308288288.0 1.0 1798.5362120883337 1 0.9999992
433287246.0 1.0 1796.891180637669 1 0.9999973
279193368.0 1.0 1794.8477918088283 1 0.9999998
285384380.0 1.0 1796.7870677780345 1 0.99999744
252178122.0 0.0 1793.1397491400685 0 1.054204e-07
263968694.0 0.0 1796.1786067944001 3 1.2249396e-07
149851171.0 1.0 1797.974381736698 1 1.0
251150643.0 1.0 1795.4528318104133 1 0.9999635
365885995.0 1.0 1798.388755707189 1 1.0
251247961.0 1.0 1795.1816512753499 1 0.99999785
280035355.0 0.0 1810.4491142872953 2 0.0004559105
192884105.0 0.0 1812.661825613959 0 0.00052821625
405623817.0 0.0 1812.348723076466 0 1.941561e-05
367095517.0 1.0 1794.7213757422796 1 0.99999964
376195427.0 1.0 1798.305949795926 1 0.9999985
283251438.0 0.0 1809.201773730372 0 6.158696e-05
407387075.0 1.0 1811.5571204323319 1 0.9999999
269597733.0 1.0 1811.553261930381 1 0.9999997
285272328.0 1.0 1795.0787891788675 1 0.99996436
365737112.0 1.0 1811.095573126019 1 0.9999942
286224054.0 0.0 1808.9108952909266 0 6.3575053e-15
201104760.0 1.0 1795.599228305838 1 0.9999986
29109245.0 1.0 1795.9538836475917 1 1.0
453256745.0 0.0 1805.5356883207137 0 0.0002689653
184675875.0 0.0 1795.16184586009 2 3.3159672e-08
269420198.0 0.0 1805.2011312034927 0 0.001377541
81381712.0 0.0 1805.2649757265003 0 0.00013101082
320498016.0 0.0 1796.0146996009742 2 4.1800582e-10
427808873.0 1.0 1795.0552287812366 1 0.9999999
343623289.0 1.0 1794.3247322804166 1 0.99999297
453254150.0 0.0 1796.6398617733241 0 7.494272e-05
229638988.0 1.0 1797.9907288616803 1 0.9999997
301993657.0 1.0 1795.1820809507424 1 0.9999999
165552573.0 1.0 1806.4056248422914 1 1.0
317645990.0 0.0 1796.5132547739825 2 1.7205648e-14
348670956.0 1.0 1810.140162547433 1 0.999811
378861516.0 1.0 1810.138801886716 1 0.99999255
272324340.0 0.0 1809.4512541414122 3 6.8182662e-15
420454310.0 0.0 1805.222347929172 0 0.00021960487
237068644.0 1.0 1795.2620178967366 1 0.9999999
245548907.0 1.0 1799.4734835693114 1 0.9999917
445439566.0 0.0 1805.5149953037007 0 7.1369044e-07
305562802.0 1.0 1810.1995743569144 1 1.0
427555953.0 1.0 1796.8259587611121 1 0.99999636
372630142.0 1.0 1798.3272850917301 1 0.99998736
359632086.0 0.0 1805.1978349743708 0 4.2652432e-10
357033231.0 1.0 1798.551764276886 1 0.999999
279202207.0 1.0 1795.2223900118354 1 0.9999992
403037892.0 1.0 1794.4116839728347 1 0.9999727
196920546.0 0.0 1803.952794274691 3 1.4207315e-18
274949415.0 1.0 1799.6803262636563 1 0.99999964
399587190.0 0.0 1801.6407594319355 3 0.12774333
346786600.0 1.0 1811.1827541481152 1 1.0
369031592.0 1.0 1799.7433842138848 1 1.0
354116108.0 1.0 1806.42936822082 1 0.9991818
409530571.0 1.0 1810.9740523826295 1 1.0
417332401.0 1.0 1795.7222991325652 1 1.0
202926467.0 0.0 1796.6408629744665 0 0.0004726143
326963921.0 0.0 1812.3485421386933 0 3.9193187e-06
13844018.0 1.0 1795.014647669195 1 0.9999989
367463947.0 0.0 1800.1405176997584 0 0.00014753401
367838397.0 0.0 1805.1989590406924 0 3.3933422e-06
251513685.0 1.0 1796.5567377340608 1 0.9999997
85431003.0 1.0 1793.4953576835778 1 0.99999756
288391589.0 0.0 1805.4704680228729 2 6.389484e-09
194608369.0 1.0 1811.2452739172627 1 0.99999994
117113742.0 1.0 1805.4116186221656 1 0.9999996
270813758.0 1.0 1798.8888722805098 1 0.9999999
219900583.0 1.0 1805.6985437386097 1 0.99990094
139503099.0 1.0 1795.8911332388893 1 0.9999978
219740340.0 1.0 1795.864275816513 1 0.9999999
291961702.0 0.0 1796.6406288979229 0 2.3559132e-05
322058806.0 1.0 1799.4501754267221 1 0.999995
192691235.0 1.0 1794.057588901182 1 0.9999999
264178725.0 1.0 1805.4084172656871 1 0.99999803
376112177.0 1.0 1796.8047274602295 1 1.0
233629196.0 0.0 1812.385866191936 0 2.997627e-06
417600455.0 1.0 1805.8665546803911 1 0.9999993
321544207.0 1.0 1795.0125842197042 1 0.99999994
288507955.0 0.0 1808.9704608757372 0 5.456341e-05
384813951.0 0.0 1812.348586169609 0 0.00018365687
219117355.0 1.0 1799.615212733554 1 0.9990193
346678533.0 1.0 1811.4955368618605 1 0.9999992
165498199.0 0.0 1805.2390742326515 0 1.2229133e-09
83339750.0 1.0 1795.6600933459604 1 0.99987805
323306240.0 0.0 1812.38776223141 0 7.500664e-05
399797891.0 1.0 1795.5759775167505 1 0.99999046
332475164.0 0.0 1805.2388911833677 2 3.8877585e-07
450129274.0 0.0 1793.327726421425 0 2.8717766e-09
256863477.0 1.0 1794.0118444152522 1 0.99136275
427800363.0 1.0 1811.0967746455565 1 0.99949056
192313589.0 1.0 1794.786763318957 1 0.9999987
219899510.0 0.0 1805.239871981312 0 2.7687442e-05
428256292.0 1.0 1798.0362896082797 1 0.99999946
250538904.0 0.0 1805.5778728072069 2 0.00020545305
28690469.0 1.0 1810.578079287732 1 0.9999999
250799836.0 0.0 1805.2446551012624 0 6.9039265e-07
238654774.0 1.0 1795.5988179386732 1 1.0
256717300.0 1.0 1798.2420482375564 1 1.0
252186590.0 0.0 1809.2022614531354 0 0.00046640553
346022245.0 1.0 1811.098513167172 1 0.99974304
301916446.0 1.0 1796.7873160223603 1 0.9999999
428735483.0 1.0 1799.0345035123203 1 0.99999857
301420654.0 1.0 1811.0154789551675 1 0.9999994
366517337.0 0.0 1798.2622021790178 3 3.5621076e-28
453160576.0 1.0 1806.222806695408 1 0.99999946
399358798.0 0.0 1812.7022779621661 0 0.00015641667
292521301.0 1.0 1793.5365836839544 1 0.9999929
101352760.0 1.0 1795.6203741982285 1 0.9999997
117808602.0 1.0 1794.3073021832827 1 0.9999965
94367944.0 0.0 1810.412221650837 2 3.9786255e-06
427579590.0 1.0 1793.5787956946854 1 0.99988186
77633791.0 0.0 1808.9745903441335 0 0.00032168304
426111554.0 1.0 1797.2005144549457 1 0.99999005
388435585.0 1.0 1805.9715093044879 1 0.9999986
398307314.0 1.0 1805.825550261791 1 0.9999962
312551151.0 0.0 1794.3899157947617 2 3.925378e-14
90669919.0 1.0 1810.4538847234946 1 0.99992365
90851587.0 1.0 1795.766144829745 1 0.99998134
354424466.0 0.0 1812.3465325304537 0 0.0010832724
116273288.0 0.0 1808.8905928874588 0 1.6640228e-05
412887771.0 1.0 1806.012759782137 1 0.9999931
229741985.0 0.0 1806.1363953179964 3 1.2049629e-05
235985080.0 1.0 1794.8455160160458 1 0.9999816
376403308.0 1.0 1805.6381057662886 1 1.0
258829670.0 0.0 1800.4280217248297 2 2.4676046e-07
433693135.0 0.0 1808.8673203224598 0 0.0031986907
428737982.0 0.0 1808.8885862489237 0 4.642407e-14
284565098.0 0.0 1805.1984909252287 0 5.064781e-05
21021749.0 0.0 1808.8494632660827 0 0.0003206756
408364941.0 1.0 1795.9503210855132 1 0.9999742
354178364.0 1.0 1810.2657740864636 1 0.99999607
301416430.0 0.0 1812.34868651208 0 1.6241048e-11
90767011.0 1.0 1793.3078900836335 1 0.9989264
35154187.0 1.0 1797.0788226012412 1 0.999232
359556336.0 0.0 1797.781269583867 2 1.5382627e-13
321548549.0 1.0 1796.4084165351774 1 0.9998598
13264809.0 0.0 1805.306417549906 0 6.9899656e-06
10702234.0 0.0 1808.9522771944035 0 2.9749956e-05
367242405.0 0.0 1812.3463555861235 0 2.455934e-07
117323091.0 1.0 1795.9114442347163 1 0.9999662
423034554.0 0.0 1812.3693539967837 0 3.8284116e-07
28909709.0 1.0 1799.1206046839752 1 0.9999553
224604024.0 1.0 1806.134679578354 1 0.9999998
90569440.0 1.0 1795.8911920168086 1 0.99999726
374691551.0 1.0 1793.306954045448 1 0.99999154
237233368.0 1.0 1798.1578896607473 1 0.9999939
411576835.0 1.0 1797.929543749933 1 0.9959958
272226798.0 1.0 1811.1803994543086 1 0.9999365
352522257.0 0.0 1805.2643410779096 0 4.3129054e-05
241015904.0 1.0 1796.5569838903123 1 0.9999771
198236207.0 1.0 1793.343235200364 1 0.9999928
241027893.0 1.0 1806.3902306907012 1 1.0
433139697.0 1.0 1798.7244434292315 1 0.9999981
444441735.0 1.0 1799.3476746273222 1 1.0
82689448.0 0.0 1805.2856861933512 0 3.1262764e-05
378992100.0 0.0 1805.2222703800617 0 3.1303907e-10
250923819.0 0.0 1812.3487316013643 0 0.0006368112
453157638.0 1.0 1793.8271864773124 1 1.0
403256958.0 1.0 1800.097690380217 1 1.0
379534002.0 0.0 1809.03531705878 0 0.15795879
384837175.0 1.0 1810.1196969297525 1 0.99999666
192289702.0 1.0 1795.4533252554106 1 0.9999649
445285777.0 0.0 1796.639724643837 0 3.487301e-05
396339551.0 0.0 1805.9517281986398 3 2.700922e-05
365944586.0 0.0 1808.8468687004954 0 2.4124138e-05
444494162.0 0.0 1793.139415951631 0 9.908921e-06
230087452.0 1.0 1796.156328186823 1 0.9999999
419253653.0 0.0 1805.555873096511 0 2.5143635e-08
186988940.0 1.0 1793.5577828206706 1 1.0
118421181.0 1.0 1793.1830884577698 1 0.9999997
370853432.0 1.0 1811.0774564672663 1 0.99999964
331718137.0 1.0 1811.0980985175854 1 1.0
383674728.0 0.0 1812.4688165162845 0 3.1187463e-07
332982936.0 1.0 1794.952408176713 1 0.9999978
241101553.0 1.0 1797.869590158383 1 0.9999996
50695492.0 0.0 1812.4107942226346 0 0.0002623151
202903126.0 1.0 1797.3700523238192 1 0.9999899
285909383.0 1.0 1799.0145874006926 1 0.99987173
198457457.0 0.0 1796.5931166933672 3 2.7513323e-22
230029334.0 1.0 1810.5110242113258 1 1.0
390526168.0 1.0 1810.5983691926917 1 0.9999903
81910333.0 1.0 1797.9938951016431 1 0.99985546
372118483.0 1.0 1797.8277143433745 1 1.0
54721476.0 0.0 1796.8897199456721 0 1.5874159e-05
368792432.0 0.0 1812.3682420290968 0 1.0355906e-10
245458192.0 0.0 1812.36954425289 0 6.741625e-10
367753822.0 0.0 1797.6990987428162 0 1.5095132e-07
312776148.0 1.0 1795.6188830421574 1 0.9999996
368890185.0 1.0 1799.4723189021324 1 0.9997781
372259858.0 0.0 1808.8461171158447 0 8.336812e-06
229782614.0 0.0 1805.2820588203522 0 0.00012625745
67635386.0 1.0 1810.5159831721496 1 1.0
378293411.0 1.0 1797.4307702263663 1 1.0
387562042.0 0.0 1808.8454323529988 0 1.0723757e-06
403521659.0 1.0 1799.4943340592463 1 0.9999966
199682624.0 0.0 1812.4682273847932 0 0.0003775771
250718108.0 1.0 1798.265472678523 1 0.9999848
308711972.0 0.0 1812.6191747919377 0 6.152351e-05
198416591.0 0.0 1796.2181919246434 3 3.1982961e-27
71982142.0 0.0 1808.8692790039865 0 1.640612e-08
399587190.0 0.0 1798.2657446497926 3 0.0001916227
289569855.0 1.0 1796.4682184242868 1 1.0
331984288.0 1.0 1794.51474732761 1 0.9999996
198280388.0 0.0 1794.5098202004126 3 3.8285119e-22
417767562.0 0.0 1809.1175629746651 0 7.200019e-05
433079797.0 1.0 1794.391055745809 1 0.99998385
5635322.0 1.0 1796.9954580129056 1 0.99999994
28761158.0 0.0 1805.349115289638 0 0.00032328296
468293391.0 0.0 1797.1799450681199 3 6.186356e-29
348307567.0 1.0 1795.5986678849158 1 0.99999106
284455777.0 1.0 1797.6569643920027 1 0.99999326
424120936.0 0.0 1805.4745674200485 0 0.001293493
359586060.0 0.0 1809.176900712906 0 1.6617145e-07
369821282.0 0.0 1809.1808019583193 0 3.7844333e-05
316960588.0 1.0 1798.2650520808274 1 0.9999938
117406851.0 0.0 1795.3695674557296 2 1.4412849e-05
82395189.0 1.0 1794.3896281764603 1 0.9999975
198538313.0 0.0 1805.1973704471732 0 0.00030679686
367836207.0 1.0 1810.7200118295973 1 0.99999875
367188489.0 0.0 1808.8672178522697 0 5.4430494e-08
284892749.0 0.0 1812.4266892029987 0 0.0005196176
312860374.0 0.0 1809.202244590587 0 2.6550345e-07
331814791.0 1.0 1795.284625788915 1 0.99998295
377036419.0 1.0 1794.5966644677744 1 1.0
428325837.0 0.0 1805.2447375558681 0 5.0806673e-05
316629404.0 0.0 1812.348872391017 0 7.737281e-09
353565609.0 0.0 1810.2226101908748 3 1.6419543e-16
433075966.0 1.0 1810.7659242106122 1 0.9999946
377335048.0 1.0 1810.1173017284282 1 1.0
285507494.0 1.0 1797.4112078251242 1 0.9999874
240701287.0 0.0 1793.1398875260643 0 4.403149e-06
249856862.0 1.0 1795.6613322177823 1 0.99992996
229463907.0 1.0 1795.594866041216 1 0.9999957
184587091.0 0.0 1809.1408666637767 0 0.0068191416
83523034.0 0.0 1808.8472911871356 0 4.2973625e-06
375712663.0 0.0 1812.408671595263 0 0.0065449295
302544369.0 0.0 1796.641336483122 0 0.0005962543
29059845.0 0.0 1809.2039699434845 0 0.017980047
232606710.0 1.0 1798.5518141878874 1 1.0
354742194.0 0.0 1809.2017685830106 0 1.2832425e-06
65648689.0 1.0 1806.411666372809 1 0.9999945
381849076.0 1.0 1796.0993321468331 1 0.9999103
272323850.0 1.0 1795.0556924634502 1 1.0
283135126.0 1.0 1798.4104093652013 1 0.9999999
320498127.0 1.0 1793.764730408797 1 0.99999833
186988202.0 1.0 1798.9743907568527 1 0.99999964
353817714.0 1.0 1797.5932274351392 1 0.99999815
245716241.0 0.0 1796.8277026189378 0 1.7973283e-05
10709869.0 1.0 1795.41045278596 1 0.9999919
331726939.0 1.0 1796.9297846263278 1 0.99998087
323145595.0 1.0 1797.1792753391233 1 1.0
245634889.0 1.0 1797.4112166439754 1 0.9999909
241120119.0 0.0 1793.140530750179 0 1.0535352e-06
418219304.0 1.0 1796.0126136033098 1 0.99999976
397762695.0 0.0 1796.659693416866 2 9.172637e-06
245720392.0 0.0 1796.8067759330675 2 5.683371e-16
334679038.0 1.0 1797.7405158095203 1 1.0
258393109.0 0.0 1812.3445805378278 0 1.1954514e-05
12875048.0 1.0 1795.8051862140428 1 0.99999917
255993777.0 0.0 1805.8869890214344 3 0.0010958868
372723747.0 0.0 1805.3687779487145 0 0.00022958487
314591577.0 0.0 1793.324639261134 0 1.7598828e-10
270661813.0 1.0 1797.0971823084851 1 0.9999958
178076617.0 1.0 1793.6619755324687 1 1.0
370062153.0 0.0 1799.3900115248505 2 9.228891e-09
331793908.0 1.0 1794.0758361747048 1 0.99999964
229590708.0 1.0 1796.761501800664 1 0.9999994
410733793.0 0.0 1808.8907635856385 0 0.00025290475
241068179.0 1.0 1793.9112572537297 1 0.99999946
192552396.0 1.0 1806.349191091063 1 0.9999998
233055311.0 0.0 1812.6354306383234 0 3.1640982e-05
22842062.0 0.0 1796.6413749188825 0 0.0350849
177804841.0 0.0 1805.2035974936764 0 0.00048332382
421684975.0 0.0 1805.5146904519033 0 0.00016960828
241088287.0 0.0 1800.140326802457 0 6.452402e-06
250529744.0 1.0 1798.7655503938227 1 0.99939847
194730867.0 0.0 1812.3912084787698 0 0.0007348971
403400465.0 1.0 1796.2651552617967 1 0.99983615
348231491.0 1.0 1797.202653271505 1 0.99999976
352768077.0 1.0 1799.118467221813 1 0.9999973
373456959.0 0.0 1805.2010805504594 0 3.0210225e-05
245391330.0 1.0 1805.4111529337376 1 0.99998516
65288356.0 1.0 1795.0366293694226 1 0.99999845
388074219.0 0.0 1796.824967136173 0 0.00066383847
444588743.0 0.0 1793.1395179979438 0 0.032272387
236760114.0 0.0 1812.3442291098802 0 4.492855e-05
436873841.0 1.0 1810.3288204792555 1 0.9999947
49657950.0 0.0 1812.4522288494934 0 1.8211349e-05
264915383.0 0.0 1793.3903257049162 0 0.00029342822
321450723.0 1.0 1797.5333970390427 1 0.9999997
83810074.0 0.0 1805.2224149312754 0 4.2611006e-08
229512750.0 1.0 1796.7406900037802 1 0.9999987
285338552.0 0.0 1805.5559704303416 0 1.4695375e-05
249919744.0 0.0 1812.3488235554194 0 0.0005077341
232677338.0 0.0 1808.8436197304745 0 0.0010213573
34821762.0 1.0 1797.203945801069 1 1.0
406683158.0 0.0 1793.4093968498235 0 1.2308091e-12
264298758.0 0.0 1808.8450720362757 0 1.9696958e-05
229436622.0 0.0 1796.5322188678463 2 4.0248375e-19
445530990.0 0.0 1812.3484887773268 0 7.956319e-06
83227510.0 0.0 1808.8889996350806 0 9.008479e-06
370947635.0 1.0 1794.2859677330225 1 0.9999962
390743117.0 1.0 1798.306322897484 1 0.99999964
316468859.0 0.0 1805.2000425456717 0 1.4592968e-07
232604261.0 1.0 1794.0726204479543 1 0.99999744
10868459.0 0.0 1812.431407079233 0 1.1712964e-06
348135223.0 0.0 1805.2027283110485 0 1.4844723e-08
21123753.0 1.0 1798.7599957362672 1 0.9999994
373514129.0 0.0 1808.8469154398433 0 3.8817976e-07
46476473.0 1.0 1793.599674142665 1 0.99999905
389838241.0 0.0 1805.5563411133635 0 9.04694e-08
395769189.0 1.0 1810.909860613884 1 0.9999999
422989858.0 0.0 1812.384615434157 0 2.9546885e-07
229759631.0 1.0 1795.3029896474868 1 1.0
230025052.0 1.0 1805.2820655555577 1 0.9999899
219094727.0 1.0 1797.0317504573309 1 0.9999825
101351543.0 1.0 1798.7662624578873 1 1.0
314642341.0 0.0 1796.907884852981 0 5.544418e-05
449997359.0 1.0 1796.9937557494673 1 0.9999967
445351233.0 0.0 1796.639858512555 0 3.250545e-05
410498550.0 1.0 1793.8072049966277 1 0.99999475
302072179.0 1.0 1796.3281993929643 1 0.99999833
1981434198.0 0.0 1807.0956716058465 3 8.813147e-19
186939338.0 1.0 1810.4532742201332 1 0.99996763
403750431.0 1.0 1794.6816077912463 1 1.0
407311680.0 1.0 1798.222347985967 1 0.9999684
65648539.0 1.0 1794.7447587593792 1 0.999963
271334324.0 1.0 1798.5763046132022 1 0.9999983
264252839.0 0.0 1796.4909478336133 2 0.0009762727
354242093.0 1.0 1810.721483884119 1 1.0
13279370.0 1.0 1796.8468213988758 1 0.9999785
269930796.0 1.0 1795.4304578127276 1 0.9999956
417852672.0 1.0 1799.5347751975717 1 0.99999976
256208556.0 0.0 1795.0976819263544 2 1.1375835e-15
81822846.0 1.0 1810.2025717884062 1 0.99999994
256311676.0 0.0 1809.1602191468248 0 0.000359807
332870266.0 1.0 1796.848315568476 1 0.99999106
407421695.0 1.0 1811.3904747375811 1 1.0
428706728.0 1.0 1794.846770361203 1 0.99998754
400532578.0 1.0 1799.9524524650546 1 1.0
233716661.0 0.0 1797.969110715019 0 5.3389654e-06
22841121.0 1.0 1797.8705815933727 1 1.0
272785475.0 1.0 1793.3643949395528 1 0.99986345
250577024.0 0.0 1805.202838976097 0 5.9148108e-05
186940152.0 0.0 1805.474207812482 0 0.0015130695
101259735.0 0.0 1805.5996446750225 0 0.0014552355
67767538.0 0.0 1796.6410211228197 0 0.0008544461
67716306.0 0.0 1812.4743946590493 0 0.0007316201
288638353.0 1.0 1805.7202487679676 1 1.0
354969380.0 1.0 1798.4726449478903 1 0.99999785
184731325.0 0.0 1809.0575009499498 0 0.00048933626
408100890.0 0.0 1797.4711181296725 2 5.0291707e-08
428054690.0 1.0 1810.4740533214688 1 1.0
235999243.0 0.0 1793.4497339068798 2 9.44221e-14
434625997.0 0.0 1796.1594365344545 3 1.5285709e-12
309237193.0 1.0 1794.2860908839111 1 0.9999943
250498898.0 1.0 1798.59894757287 1 0.99999714
238771118.0 0.0 1812.4741410028678 0 1.4296367e-06
353939549.0 1.0 1811.3017601220236 1 0.999994
376882425.0 0.0 1805.2200734322148 0 1.1917677e-08
85341948.0 1.0 1796.411927690322 1 1.0
255993777.0 0.0 1808.9702731355123 3 0.006932766
285872467.0 1.0 1799.3071568983385 1 0.9735168
229651111.0 1.0 1806.3243239937294 1 1.0
428073030.0 1.0 1794.6612610473487 1 0.99726903
396355329.0 1.0 1797.9310392006405 1 0.99999976
241022650.0 0.0 1793.2027107058063 0 2.9109967e-06
332813730.0 1.0 1811.452167650349 1 0.99999994
230377991.0 1.0 1793.9693161031325 1 0.999999
67461088.0 1.0 1793.9744280420407 1 1.0
331849016.0 1.0 1795.0341096821774 1 0.9999994
316629404.0 0.0 1805.2029814553916 0 0.00018417876
219897020.0 0.0 1808.8443370207517 0 1.2207751e-07
272532173.0 0.0 1809.7220794004584 3 4.8102943e-16
301566776.0 1.0 1793.598744517817 1 0.9999689
366069438.0 0.0 1812.3884564588986 0 3.0752204e-08
265296856.0 1.0 1805.2236032673727 1 1.0
354643717.0 0.0 1812.3490538236833 0 0.00024044176
229973262.0 1.0 1811.4901970762608 1 0.9999944
194672668.0 0.0 1808.9328565283543 0 0.00053354335
22842245.0 0.0 1805.3079529055085 0 7.9437305e-05
315919383.0 1.0 1810.1579885474846 1 0.99999464
68039151.0 0.0 1796.641068104655 0 0.00053679984
192464679.0 1.0 1796.8491947921043 1 0.9999998
279004215.0 1.0 1797.7435150637011 1 0.9999889
299333041.0 0.0 1812.7021719040915 0 0.0004857176
85489202.0 1.0 1796.2038129997393 1 1.0
192528133.0 1.0 1810.4534632177417 1 0.9999996
412353117.0 1.0 1793.6796345454625 1 0.9999952
420454160.0 0.0 1812.347236558744 0 0.00044470094
292845118.0 1.0 1798.7448448486218 1 0.9999907
264297913.0 1.0 1806.1159559266816 1 1.0
280321119.0 0.0 1805.2852276708925 0 2.0964275e-05
436927705.0 1.0 1810.32885102087 1 0.9999659
399200958.0 0.0 1812.6814184617313 0 0.00024327716
256486409.0 0.0 1812.4106941661094 0 0.00012638864
445224414.0 0.0 1812.7018365649456 0 0.0013150659
428208738.0 0.0 1796.6406374199066 0 0.0014276713
352929692.0 0.0 1796.805722684624 0 4.9052596e-07
292845139.0 1.0 1798.8906783270868 1 0.99600565
198416591.0 0.0 1794.1973663989575 3 9.50947e-24
178140121.0 0.0 1808.8495582379524 0 0.008712089
378861197.0 1.0 1810.7846427323777 1 0.9999978
332681214.0 1.0 1795.3481946664 1 0.9999968
177764869.0 0.0 1805.2244655808636 0 0.006311337
233083400.0 1.0 1811.1978528398936 1 0.99999845
455897511.0 0.0 1808.8672516465492 0 7.547185e-05
396263299.0 0.0 1800.3054887738951 0 2.0165096e-08
251270856.0 0.0 1808.8486739044345 0 8.285502e-05
256583747.0 0.0 1808.8668240044435 0 2.6548787e-05
129910638.0 0.0 1812.7658114487563 0 0.00014856612
408621438.0 0.0 1809.0143157691273 0 0.00045239239
387997348.0 1.0 1795.366618788818 1 0.99999714
101000305.0 1.0 1800.0787745474183 1 0.99999917
417831560.0 1.0 1793.8078557446947 1 0.9999999
319599315.0 0.0 1805.5351495153504 0 1.7366332e-08
1981434198.0 0.0 1793.6166164873644 3 2.5364716e-24
410736221.0 0.0 1812.7657041487664 0 0.0009463956
407155874.0 0.0 1812.3471737694465 0 8.001854e-06
396446258.0 1.0 1796.1804581521212 1 0.9999992
94335623.0 1.0 1810.7038134067193 1 0.99999994
396486931.0 0.0 1800.4299046350309 3 3.9374257e-19
376773589.0 1.0 1797.1799639458993 1 0.99999905
367329364.0 1.0 1799.9713455454994 1 0.999994
235681559.0 1.0 1794.8034963556863 1 0.99998724
415836428.0 1.0 1794.5781939821427 1 0.99999607
63465178.0 1.0 1795.0787001542408 1 0.9999971
284060490.0 1.0 1805.4746228233025 1 0.9999892
307111490.0 0.0 1808.8481778334137 0 0.02627862
431988425.0 1.0 1796.3698739254403 1 1.0
387563791.0 1.0 1798.3456249112314 1 1.0
420843335.0 1.0 1810.347672622505 1 0.9999999
35022683.0 1.0 1795.0581121462387 1 0.99999833
184590715.0 0.0 1812.6406445760126 0 0.00012191286
338990572.0 1.0 1797.3675345843462 1 0.9999605
186627997.0 1.0 1806.0162113468537 1 1.0
82558409.0 0.0 1812.4107015146915 0 3.8499446e-05
50691155.0 0.0 1796.0147279579555 2 5.2568915e-08
139459369.0 1.0 1797.578650891507 1 0.9999986
264294796.0 0.0 1805.3042800441203 0 2.3485428e-07
241114076.0 1.0 1796.84875636642 1 0.9999984
272044881.0 1.0 1799.9514355988817 1 1.0
116842765.0 1.0 1797.3279968155543 1 0.9999993
381583665.0 0.0 1812.5781475142724 0 0.0003525974
283734531.0 0.0 1808.8682172229521 0 7.5205455e-05
186968146.0 0.0 1809.1616949612985 0 0.0020167055
241109533.0 1.0 1798.7444899980503 1 0.9999987
403340700.0 0.0 1805.5142928989662 0 2.8141399e-11
389764565.0 1.0 1797.598080174483 1 0.9999943
22872830.0 1.0 1810.4953555650484 1 0.99999124
245666311.0 0.0 1797.181786279868 2 1.0344822e-08
251652268.0 1.0 1798.8067469610262 1 0.99640197
315920101.0 0.0 1808.9705107197924 0 1.1033167e-05
302316543.0 0.0 1812.3489998117716 0 1.4006793e-06
357737852.0 1.0 1797.806036890135 1 0.99995875
395507510.0 1.0 1811.3473720976835 1 0.9999976
270139182.0 0.0 1808.8469284046155 0 7.638072e-05
376108110.0 1.0 1810.5337896616143 1 1.0
271021609.0 1.0 1811.0969010103267 1 0.99998325
13946145.0 0.0 1805.2648556224713 0 0.0002059259
83896924.0 1.0 1810.2015346597104 1 0.9999998
83970704.0 0.0 1793.4099366759783 0 1.2271524e-08
317470793.0 0.0 1807.2424852894353 3 4.1152845e-21
400250310.0 1.0 1799.4931328077519 1 1.0
256378205.0 1.0 1799.7200090124397 1 0.99999326
321443552.0 0.0 1805.2415885604833 0 4.4452892e-07
349353659.0 1.0 1793.5786744163324 1 1.0
241022632.0 0.0 1805.244248927819 0 3.7792575e-05
359676320.0 0.0 1811.2187628039778 3 0.00040130466
428067663.0 0.0 1808.8906842482586 0 0.0001423679
331546423.0 0.0 1808.8668797223695 0 8.807784e-06
400738225.0 0.0 1805.3064904645184 0 0.00010129749
116374151.0 0.0 1812.4324214717738 0 0.00044271344
219846806.0 1.0 1810.9485181781881 1 0.99999976
256476907.0 0.0 1809.2226297480358 0 3.334352e-05
353898012.0 1.0 1811.4474632695294 1 0.9999827
137082911.0 0.0 1793.3055706344032 0 1.1230679e-07
384912043.0 1.0 1797.0360081034053 1 1.0
406630681.0 1.0 1806.1384070027277 1 1.0
54204641.0 1.0 1794.4730150248067 1 0.9999442
422534219.0 1.0 1794.910492636824 1 0.999946
256104717.0 1.0 1810.285325714005 1 0.9999998
359250620.0 0.0 1809.3057106890237 0 8.158236e-07
83618400.0 1.0 1795.4934865017844 1 0.9999999
427091874.0 1.0 1799.6583671823312 1 1.0
372860655.0 1.0 1794.702274044247 1 0.99999744
192289377.0 1.0 1798.9117175585864 1 0.99997616
292322994.0 1.0 1799.3281985835815 1 1.0
77632330.0 0.0 1805.2038585045884 0 0.007627571
417840928.0 0.0 1809.119799245325 0 0.0005091029
137126081.0 1.0 1793.951312223294 1 0.9547715
405794529.0 1.0 1793.9086104761038 1 0.99999976
83340134.0 0.0 1796.639253056059 0 7.9561185e-05
379084450.0 1.0 1798.9305792230728 1 0.99999356
184733196.0 0.0 1805.4951764773198 0 0.035744715
233079659.0 0.0 1812.5523151498237 3 1.03890585e-11
428733975.0 0.0 1812.388705516839 0 2.9143746e-05
240863170.0 1.0 1796.2025761166196 1 1.0
252861056.0 0.0 1812.3906116488204 0 3.4245233e-05
427762938.0 1.0 1799.6178154629667 1 1.0
279343946.0 0.0 1810.9516450331946 2 6.656135e-10
396603014.0 1.0 1810.7430407693578 1 0.9999981
390897188.0 0.0 1812.4108655984176 0 8.068243e-09
336118838.0 0.0 1793.1374039732086 0 0.0004924919
427637444.0 1.0 1811.0767237167113 1 1.0
252131621.0 0.0 1809.1605141840419 0 0.0008624854
396355329.0 0.0 1809.1599614556721 0 9.0089554e-05
372685312.0 1.0 1797.8456059969137 1 0.9999903
263969784.0 0.0 1797.8662434743424 2 2.2112222e-10
369142891.0 1.0 1798.9516559049375 1 0.9999799
374787106.0 1.0 1810.9733189590734 1 0.9999996
229464649.0 0.0 1808.8863957844605 0 3.650244e-07
149925873.0 1.0 1793.5370009791145 1 0.99999964
351952821.0 0.0 1805.2015451214897 0 2.3005741e-05
428209812.0 1.0 1794.2030416290431 1 0.9999409
229646135.0 1.0 1796.1574718339484 1 1.0
367069292.0 1.0 1795.6797537002747 1 0.99970376
10497846.0 1.0 1810.993780784971 1 1.0
422369749.0 0.0 1805.1995642492357 0 1.1830839e-09
308287285.0 1.0 1796.6196092177045 1 0.99993175
387451160.0 1.0 1794.449802953015 1 0.9999997
428772370.0 0.0 1808.8468248007875 0 9.153151e-06
436924879.0 1.0 1811.2037959924596 1 0.99999344
229770518.0 1.0 1794.1155283776288 1 0.9999996
235985443.0 0.0 1812.3873291538707 0 1.1985755e-06
258801567.0 0.0 1805.198775525658 0 1.5532468e-08
285576032.0 1.0 1795.1602893196653 1 0.99089473
399717755.0 0.0 1808.8467943559676 0 6.0477532e-06
348673563.0 1.0 1797.1818742212756 1 0.9999996
232638764.0 1.0 1810.218832333137 1 0.99999976
77352549.0 1.0 1793.599618684196 1 0.99999
289267373.0 1.0 1795.6178528123305 1 0.9999999
332684605.0 1.0 1810.4521512454978 1 1.0
82162011.0 0.0 1794.7439516679735 2 0.00095963804
351614562.0 0.0 1796.9099393638726 0 0.00016060616
139504359.0 1.0 1810.182628620128 1 0.99997854
399582774.0 0.0 1796.6409353684098 0 0.0032080533
388436487.0 0.0 1804.9506009935499 3 3.2789295e-19
427385258.0 1.0 1797.8883534599574 1 0.99997735
368736611.0 1.0 1796.6597502683885 1 0.9999999
194612913.0 1.0 1810.432921482718 1 0.99999774
250503118.0 0.0 1796.6404546482124 0 0.00044843316
202927496.0 1.0 1793.7657971583058 1 1.0
395502308.0 0.0 1796.6386005177978 2 1.3037312e-11
285508813.0 0.0 1795.973665689054 2 2.8232758e-10
421110675.0 0.0 1795.8685562214225 3 2.400714e-31
418416736.0 1.0 1810.701449550447 1 0.9999995
370273608.0 1.0 1795.2232458955714 1 0.99999434
332685563.0 1.0 1796.8692836874436 1 0.99994826
203034245.0 1.0 1794.5159139596303 1 1.0
428007710.0 0.0 1812.367618860942 0 7.399857e-08
278933172.0 1.0 1805.5766023299634 1 1.0
400946657.0 1.0 1793.4518101846115 1 0.9999968
256323146.0 1.0 1806.4281097051157 1 0.9999989
357590680.0 0.0 1809.1396798615096 0 0.0007266697
237214483.0 0.0 1794.199441251804 0 1.2119307e-08
240972989.0 0.0 1812.369017925172 0 4.5059332e-06
378647695.0 0.0 1796.909645326814 0 4.5901015e-05
22739840.0 1.0 1810.8911821764016 1 0.99999964
317010398.0 1.0 1810.7836278797115 1 0.9999989
219893598.0 0.0 1808.8443726986945 0 0.000108452754
420497818.0 1.0 1797.389113316383 1 0.9999999
366782446.0 1.0 1811.2212195266309 1 0.99990803
427727571.0 1.0 1799.3260053352344 1 0.99998236
283839452.0 1.0 1794.514401050542 1 1.0
369030560.0 1.0 1798.16001034133 1 0.9999991
256661026.0 0.0 1812.3655818189575 0 2.7685005e-07
275603938.0 0.0 1812.3664243909827 0 1.0834958e-07
21099543.0 1.0 1796.0997369683816 1 1.0
82621283.0 1.0 1797.8691330258384 1 0.999994
384915146.0 1.0 1810.2027521323214 1 0.9999998
375073651.0 1.0 1810.8068808541725 1 0.99999577
233537988.0 0.0 1808.8650359507662 0 2.7495491e-05
387757211.0 1.0 1799.9915440178786 1 0.9999976
445302761.0 1.0 1793.7231768554032 1 0.99999994
402880107.0 1.0 1794.8670326286983 1 0.9999999
301912557.0 1.0 1798.3489909186499 1 0.9999998
250653460.0 1.0 1793.6820382198312 1 1.0
390734129.0 0.0 1794.348162686734 0 2.8801355e-06
335799318.0 1.0 1806.221219893993 1 0.9997138
321916217.0 0.0 1808.8874673569335 0 9.5168674e-05
352928514.0 1.0 1805.9099918383552 1 1.0
251619693.0 0.0 1808.8487712204076 0 0.00042269804
232610389.0 1.0 1795.42687665587 1 0.9999979
284143800.0 0.0 1812.701706862312 0 4.0954717e-05
375905083.0 0.0 1793.325546606501 0 9.177765e-06
377811502.0 1.0 1795.0553858679773 1 1.0
396610840.0 0.0 1808.8699044605562 0 9.634367e-08
264102908.0 1.0 1810.5542561518114 1 0.99999934
370271012.0 0.0 1809.181519383065 0 8.4583684e-05
249954317.0 1.0 1794.1403550191824 1 0.99955726
333067940.0 1.0 1799.931624012377 1 0.99999994
424277622.0 1.0 1795.4313625002108 1 0.9999993
312777335.0 1.0 1794.6813989891555 1 0.99989545
417861143.0 1.0 1797.6598098028303 1 0.9999997
258394051.0 1.0 1793.7407360785169 1 0.99999934
428251922.0 1.0 1810.7239482307525 1 1.0
416046064.0 0.0 1812.6823934546505 0 0.0019080844
192776458.0 0.0 1812.9534288487657 0 4.438588e-05
285905428.0 1.0 1794.8895717202727 1 0.9999998
356975809.0 0.0 1812.3640584744458 0 7.605881e-10
416092741.0 1.0 1811.3492144084132 1 0.9999941
372863935.0 1.0 1805.8689903964498 1 0.99999994
385243741.0 1.0 1797.1615883691145 1 0.99997246
63509032.0 1.0 1798.7036641909067 1 0.9999993
407208818.0 1.0 1811.284667472423 1 0.9999948
246971072.0 1.0 1793.3914804478159 1 0.99999994
379530164.0 1.0 1797.472607338043 1 0.9999999
431855914.0 0.0 1812.411905244081 0 0.0007428253
238771755.0 1.0 1793.682435091067 1 1.0
285673942.0 0.0 1796.827951780469 0 3.2598311e-06
263969675.0 1.0 1797.137054649895 1 0.99999857
241139024.0 0.0 1808.8903354049903 0 1.3362459e-06
428478406.0 0.0 1809.2641635738548 0 0.0004054335
265276371.0 0.0 1796.86756087721 2 8.483567e-06
302318972.0 1.0 1794.8905620963117 1 0.9999903
398371142.0 1.0 1793.4082463013776 1 0.9999984
129822427.0 0.0 1805.495203569692 0 0.00040656555
272332006.0 0.0 1805.2012954500276 0 0.00034882303
378287918.0 1.0 1797.9515347196173 1 1.0
444450192.0 0.0 1809.1809012199842 0 0.00035157838
291961909.0 1.0 1799.1197982190133 1 0.9999998
346730890.0 0.0 1805.847454044551 0 3.6743604e-05
377288162.0 0.0 1796.0341629450404 2 1.5387544e-06
292689571.0 1.0 1798.599178055472 1 0.99999595
283940900.0 1.0 1800.0559776410096 1 1.0
237081125.0 0.0 1797.4078681962249 2 0.00010705608
366673958.0 1.0 1805.9503705183636 1 0.99999464
353175934.0 1.0 1795.0768397834836 1 0.99994296
235940299.0 1.0 1796.4913954950505 1 0.9999995
431802820.0 1.0 1796.453378343242 1 0.9998861
389909343.0 1.0 1798.0146605144823 1 0.9999998
385153476.0 1.0 1805.6616680733887 1 0.99999845
53870126.0 1.0 1795.6603980831371 1 1.0
139553692.0 1.0 1795.7661370625685 1 1.0
116851410.0 1.0 1795.4323130258726 1 0.9999999
351956085.0 0.0 1810.3680785924964 2 1.18902084e-11
367103341.0 0.0 1809.1375322558893 0 3.1597717e-06
240956678.0 1.0 1794.4736105136437 1 1.0
390975039.0 1.0 1795.5958453560415 1 0.9919647
395941845.0 1.0 1794.5554581271454 1 0.9999889
445111355.0 1.0 1799.4104732761252 1 1.0
422432095.0 1.0 1811.074823114806 1 0.9999983
422706627.0 0.0 1808.8677083851462 0 1.4325997e-06
233569371.0 0.0 1796.9069169712568 0 3.602027e-05
285339013.0 0.0 1809.764240281306 3 0.042987213
428479891.0 1.0 1806.3683642061658 1 0.9999997
13702883.0 1.0 1797.5772230178643 1 0.99999857
68152527.0 1.0 1810.1618872816548 1 0.9999998
320499012.0 1.0 1810.5560523407978 1 1.0
237098134.0 1.0 1794.9687414273906 1 1.0
369731587.0 0.0 1809.2016471143593 0 0.0038352225
292197951.0 0.0 1795.619802147166 2 2.0220797e-11
405432240.0 1.0 1797.1206002519434 1 1.0
375843772.0 0.0 1796.450624068101 2 2.5316424e-13
367279241.0 1.0 1797.013064290551 1 0.99999887
367753470.0 1.0 1811.0325629403828 1 0.99999964
285276258.0 1.0 1794.5162124937458 1 0.99998826
401013386.0 1.0 1794.098565526125 1 0.99999356
389961180.0 0.0 1794.4061556875088 0 3.4014056e-07
403688942.0 1.0 1797.744442758325 1 0.9998329
21178009.0 1.0 1805.5162952184278 1 0.99996555
265300862.0 0.0 1805.2028614436733 0 1.5175388e-05
408364844.0 0.0 1800.3252489726092 0 0.00049720093
331793189.0 1.0 1795.034280362686 1 0.999999
293066086.0 0.0 1804.7031939615456 3 1.1039068e-12
81691480.0 0.0 1794.3481661962317 0 0.00042652915
259168010.0 1.0 1806.0530833951664 1 0.9999105
129791140.0 0.0 1812.6408760225713 0 0.00080191746
321825159.0 1.0 1796.2001472454112 1 0.99992037
289088840.0 0.0 1808.8473105721835 0 1.206154e-08
101349494.0 0.0 1800.141370576276 0 0.0010630905
117749081.0 1.0 1810.265819905258 1 0.9999977
117617573.0 0.0 1793.140588444569 0 4.0877235e-10
389767650.0 0.0 1809.2022299096125 0 5.033349e-06
370950181.0 0.0 1805.2235130357171 0 0.000104546874
357669546.0 0.0 1797.8481181143336 0 6.477306e-05
54993535.0 1.0 1795.9314287983518 1 0.99999887
333706188.0 0.0 1805.199706685191 0 0.00042185228
202354046.0 0.0 1805.1974986991418 0 0.000105813815
184693363.0 1.0 1794.7660686308398 1 0.99999994
73625027.0 1.0 1811.2244411872632 1 1.0
63401350.0 0.0 1809.120107846651 0 0.012304222
104056866.0 0.0 1812.3488987224605 0 5.3975323e-06
269325714.0 1.0 1798.7844797292646 1 0.9999979
235686753.0 0.0 1805.219973631841 0 4.543434e-05
331719921.0 0.0 1812.702197388379 0 9.68171e-06
306951692.0 0.0 1812.6813160104448 0 0.00045635158
284454457.0 1.0 1805.615090776167 1 0.9999994
194780717.0 1.0 1806.411992702822 1 0.9999376
349977587.0 1.0 1793.4704012628017 1 1.0
375073265.0 1.0 1806.0985830464267 1 0.9993451
251309211.0 1.0 1796.327554424954 1 0.99999875
233120505.0 1.0 1810.8854814461824 1 0.99999976
252152209.0 1.0 1797.7022243146585 1 0.9999959
348522947.0 0.0 1808.8486507387345 0 3.748329e-05
268332946.0 1.0 1795.9079729775033 1 0.9999935
5673082.0 1.0 1795.8288114916306 1 0.99997866
178046393.0 1.0 1793.9326127256625 1 1.0
418133774.0 0.0 1805.222311815849 0 6.80864e-07
245752111.0 1.0 1799.1401861566214 1 0.99999464
307276813.0 0.0 1808.9107272413717 0 0.00033748004
272230662.0 1.0 1795.8057112591562 1 1.0
428170179.0 0.0 1808.869698650137 0 1.5032061e-08
293062051.0 1.0 1793.4116742654687 1 1.0
354841987.0 1.0 1797.5561341209464 1 0.9999999
375599544.0 1.0 1798.700512937258 1 0.99981856
186988179.0 1.0 1810.9950284004783 1 0.9999976
233719747.0 0.0 1797.969004442844 0 0.00012645095
285086917.0 0.0 1808.8485842263392 0 0.00019759909
377251803.0 0.0 1812.4479735142402 3 3.8950178e-17
428114976.0 1.0 1796.8489341819416 1 0.9999999
10605372.0 0.0 1808.9522786649636 0 2.7771162e-05
77173813.0 1.0 1794.9745477015551 1 0.9999913
229676244.0 0.0 1807.115669131839 3 2.8881196e-12
395583247.0 1.0 1799.2848611826123 1 1.0
452987502.0 1.0 1811.3892793029493 1 1.0
354799429.0 0.0 1794.4737996329204 2 9.288353e-08
445606247.0 0.0 1805.202788048739 0 0.00029594047
365732198.0 1.0 1794.2831394141265 1 0.99999994
348440696.0 0.0 1808.8692627040105 0 8.9641464e-05
428747225.0 1.0 1805.2216968034768 1 0.99866235
288673363.0 1.0 1797.1160913071985 1 1.0
450134765.0 1.0 1810.4110272360647 1 1.0
259168895.0 1.0 1811.053027459943 1 0.9999362
249835566.0 0.0 1805.2031078690113 0 0.00018924118
354543696.0 1.0 1805.7861201929825 1 0.9998972
387603862.0 0.0 1796.824768593288 0 0.004463358
279191380.0 0.0 1800.1393908358814 0 1.4215271e-05
233612467.0 1.0 1798.8025992252897 1 0.99999964
350129648.0 1.0 1798.1999824458903 1 0.9999995
453152186.0 0.0 1809.160381482789 0 0.00037621806
201002282.0 1.0 1795.9534910102734 1 0.9999995
402208218.0 1.0 1793.7660200257242 1 0.99999666
285331383.0 0.0 1812.9101130498857 0 7.591222e-06
229506391.0 1.0 1810.3445542153304 1 0.9999996
236815701.0 1.0 1796.92744990488 1 0.9999886
402978556.0 0.0 1805.2006852413665 0 0.00016697567
230018510.0 1.0 1795.6570581679412 1 0.99999785
377280820.0 0.0 1810.6798281452573 2 8.111209e-14
445236390.0 1.0 1794.014837412176 1 0.9999906
264026982.0 1.0 1797.3456146096946 1 0.999999
350072239.0 1.0 1797.1791315644664 1 1.0
390466824.0 1.0 1796.660629547837 1 0.99999946
192883327.0 0.0 1805.203523215251 0 7.282486e-07
389911307.0 1.0 1796.368860353551 1 1.0
367186580.0 1.0 1810.408844429161 1 0.99364597
396603611.0 1.0 1799.2012487049176 1 0.99999994
117259862.0 0.0 1805.4532282219157 2 0.00233288
384729631.0 1.0 1795.84864587815 1 0.9999995
11331990.0 0.0 1799.4312304533703 2 2.217754e-06
139580499.0 0.0 1805.3493714536116 0 0.00036600936
177765317.0 1.0 1799.5785832617694 1 0.9999161
427513870.0 1.0 1810.86736107169 1 0.9999916
315823443.0 1.0 1798.3903470462167 1 1.0
250560226.0 1.0 1799.4946950109995 1 1.0
441767564.0 1.0 1811.0529128893684 1 0.99988776
245512030.0 0.0 1798.327780565997 2 4.7251443e-12
245503380.0 1.0 1796.3694504531927 1 0.99942946
241115336.0 0.0 1812.3694703074088 0 0.00016217936
252161220.0 1.0 1798.9524328705431 1 0.99999416
230018866.0 1.0 1799.3652943278437 1 0.9999855
249892880.0 0.0 1799.5154435152797 2 1.1969151e-17
415837750.0 0.0 1808.848891636149 0 0.0007493322
326722452.0 0.0 1805.201333447001 0 3.1651604e-09
322345893.0 0.0 1796.4320038027784 2 2.1594773e-09
21179484.0 0.0 1812.4472130778272 0 0.0002531914
400506070.0 1.0 1795.306654182778 1 1.0
229597519.0 0.0 1794.1987714421832 0 0.002007351
240748813.0 1.0 1810.8687447905022 1 1.0
455961763.0 1.0 1796.9299730187802 1 0.9999608
400194383.0 0.0 1812.347150478118 0 4.4014745e-05
251152335.0 0.0 1794.7861825257748 2 0.0019373716
241051394.0 1.0 1811.2858687642013 1 0.9999997
394128962.0 1.0 1806.1160660848268 1 1.0
258775864.0 1.0 1797.7822892781544 1 0.99999964
422657796.0 1.0 1810.1800170582767 1 0.99999994
200935603.0 1.0 1794.349223231948 1 0.9999998
307984487.0 1.0 1796.2599810646052 1 1.0
415959532.0 1.0 1811.4322229969475 1 0.9999979
388135757.0 0.0 1796.824981893417 0 1.3074534e-05
285674570.0 0.0 1811.07817189732 2 3.525634e-07
238738206.0 1.0 1795.2659082420514 1 0.99999475
370122916.0 0.0 1809.1814303817357 0 0.0065364097
21124574.0 1.0 1810.5306414583993 1 0.9998566
275460266.0 0.0 1805.3268332013974 0 0.0004916572
336818021.0 1.0 1798.7214256127493 1 0.9999926
331859639.0 0.0 1793.1400406745972 0 1.8069363e-06
308219107.0 1.0 1796.4318360019827 1 0.9999995
377035146.0 1.0 1799.2424743098027 1 0.9999941
322266557.0 1.0 1796.8877444080188 1 1.0
376113486.0 1.0 1805.992185827682 1 0.99999726
116556486.0 1.0 1796.161317204438 1 0.99998987
12799440.0 1.0 1797.3051092473127 1 0.9999999
346783960.0 0.0 1808.2660878398653 3 0.03647816
453182555.0 0.0 1809.3064212764623 0 0.0010095008
233496887.0 0.0 1794.1984987712556 0 6.78136e-06
427515476.0 0.0 1812.3673250807037 0 4.243824e-08
333062752.0 0.0 1799.9939914498707 2 3.1375273e-14
428170643.0 1.0 1795.161285067068 1 0.9999885
241126022.0 1.0 1811.1610273219444 1 1.0
354403041.0 1.0 1793.682150529475 1 0.9999999
160585377.0 1.0 1810.8237935081127 1 0.99997586
81688391.0 0.0 1805.2026217344774 0 4.0804596e-05
396569017.0 1.0 1798.5973373936351 1 0.9999979
292849468.0 0.0 1809.1407429426872 0 0.00060055585
422827758.0 1.0 1795.282389817718 1 0.9999992
186662850.0 0.0 1805.3494639303601 0 6.563729e-05
400949414.0 0.0 1796.6408649487903 0 0.00011604155
370595729.0 1.0 1797.6402030666936 1 0.99999994
340906577.0 1.0 1797.6996566612452 1 1.0
272324340.0 0.0 1797.305661015262 3 6.6753477e-13
292275122.0 1.0 1799.6823381786764 1 0.9999986
396244148.0 1.0 1799.1804438513943 1 1.0
237287334.0 1.0 1810.1370813320568 1 1.0
271746835.0 1.0 1810.9928579752282 1 0.99999774
249921967.0 1.0 1799.5571176209057 1 0.99991614
323402896.0 0.0 1798.346291358667 2 3.8637957e-08
199688409.0 0.0 1799.0304824309792 3 5.365433e-12
12408220.0 1.0 1795.8272215261406 1 0.9999596
116992839.0 0.0 1808.8699321658403 0 1.0128281e-05
421110675.0 0.0 1806.3893069117853 3 2.240324e-17
255995855.0 0.0 1808.9495464437775 0 0.0015320313
302389677.0 0.0 1796.8279016576716 0 1.7892222e-05
285510909.0 1.0 1810.8901404115245 1 0.9999999
199657327.0 1.0 1794.0096698916195 1 1.0
237099861.0 1.0 1796.322699618219 1 0.9999992
376891083.0 0.0 1808.9089484579724 3 9.7254635e-12
285685590.0 1.0 1795.7022061677485 1 0.99999803
252140076.0 0.0 1811.0563508148357 3 4.7385573e-15
252151528.0 1.0 1794.9105529087421 1 0.9999897
354795576.0 1.0 1799.4115008414788 1 0.99933666
28778072.0 0.0 1805.557353175147 0 0.00065861054
192877594.0 1.0 1793.515739896236 1 0.99999887
372793338.0 1.0 1794.9103898429407 1 0.9999999
52346209.0 1.0 1811.285076111936 1 1.0
403257785.0 1.0 1795.0144114899945 1 1.0
233048233.0 0.0 1797.968856751855 0 9.3754925e-06
396012426.0 0.0 1793.3055991197064 0 1.3023319e-11
104193992.0 1.0 1797.8698841521316 1 0.9999996
374481798.0 1.0 1796.8484989274034 1 0.99983543
265094486.0 1.0 1794.9110694790918 1 0.99999875
370351780.0 0.0 1805.5566562595795 0 0.0009216663
20703587.0 0.0 1812.349051318372 0 0.0013888751
241017747.0 0.0 1796.1194047734368 3 8.188557e-22
406679745.0 0.0 1805.2217809904269 0 0.00036644388
139553692.0 0.0 1812.6409925946703 0 0.00031409043
354245142.0 0.0 1793.138046238412 0 4.343973e-06
10510620.0 1.0 1796.597987730927 1 0.99999994
272230579.0 0.0 1812.4303564949287 0 2.207325e-07
101168461.0 1.0 1794.4537164508622 1 0.9999985
417644996.0 1.0 1805.4916209705161 1 1.0
326260646.0 0.0 1793.407777564657 0 3.4983866e-08
265308463.0 1.0 1796.5958804456575 1 0.9999999
236878145.0 0.0 1808.8865477539698 0 2.2019672e-10
198160374.0 1.0 1798.2597504132286 1 0.999977
286572982.0 1.0 1798.7647817223142 1 1.0
428211182.0 0.0 1812.3491343465034 0 0.0013758498
116273374.0 0.0 1812.348912582063 0 3.7098491e-06
415975425.0 1.0 1797.4742389401536 1 0.9999999
302087578.0 1.0 1797.8491748377444 1 0.99999994
29053989.0 0.0 1797.870612672707 3 0.006990824
5720927.0 1.0 1794.1830359093196 1 0.99999994
256478371.0 0.0 1809.2017709700997 0 0.0003493793
237198580.0 1.0 1810.241060547569 1 1.0
240981856.0 1.0 1795.49453295758 1 1.0
431855516.0 0.0 1793.1407702348413 0 0.000985765
199572333.0 1.0 1796.9056024828606 1 0.9999989
399018538.0 0.0 1799.2441728218323 2 4.2843008e-06
52358228.0 1.0 1798.3477917383832 1 0.9999999
367424517.0 1.0 1798.5547011167416 1 0.9999928
184735618.0 1.0 1796.7243172534663 1 0.99997973
10966339.0 1.0 1798.1189716190602 1 1.0
232602378.0 0.0 1793.9894158952973 2 5.3497397e-06
424437726.0 1.0 1810.9067790366494 1 0.999987
235940888.0 1.0 1805.5954827536705 1 0.99999774
332568888.0 0.0 1812.7022483101503 0 9.538647e-08
65081990.0 0.0 1796.6409424331632 0 8.9558846e-05
376161251.0 1.0 1796.9298742675962 1 0.9999998
200862766.0 1.0 1805.9536882518785 1 0.99999994
423950693.0 1.0 1799.7836486367228 1 1.0
139426112.0 0.0 1809.1410541101623 0 0.0019106051
280185494.0 1.0 1798.222849792354 1 1.0
10510046.0 0.0 1808.9938280520694 0 0.020699
90671343.0 0.0 1812.6204912160304 0 0.0497094
256313527.0 1.0 1811.0352169254807 1 0.9999997
230381185.0 0.0 1811.3443944821506 2 9.314416e-05
434979747.0 1.0 1810.8882937875399 1 1.0
398182591.0 1.0 1795.7226873065588 1 1.0
354251155.0 0.0 1796.6402495339134 0 2.2125138e-07
129870247.0 1.0 1796.8078156114439 1 1.0
252168825.0 1.0 1797.5982019475002 1 0.9999948
232616272.0 0.0 1798.3227688479433 2 1.530111e-12
376978887.0 1.0 1798.5939842621142 1 0.9999996
373130255.0 1.0 1797.992784380099 1 0.9999996
317065894.0 1.0 1794.9295237187966 1 0.99944526
219896295.0 0.0 1809.073286615843 0 1.3022421e-05
410742036.0 1.0 1798.3906696986899 1 0.99998814
403524373.0 0.0 1805.2235226620012 0 3.1286927e-08
252149117.0 1.0 1794.577209251578 1 1.0
288513991.0 0.0 1812.3872691097952 0 6.2942534e-05
302776074.0 1.0 1795.826803822107 1 1.0
415904118.0 0.0 1795.724120446015 2 2.2090019e-09
388036867.0 1.0 1798.1999567818923 1 0.999985
347115096.0 1.0 1811.4723198046534 1 0.9999999
368728537.0 1.0 1810.3890713632836 1 0.999999
327706965.0 0.0 1808.8695719850855 0 3.3204327e-07
374833923.0 0.0 1810.5983362855313 2 3.6571496e-08
26392208.0 0.0 1800.141346155235 0 0.00038785327
235993250.0 0.0 1808.908240476452 0 0.016953921
452988805.0 0.0 1812.7017290537804 0 3.1422746e-07
241068433.0 1.0 1794.161247172384 1 1.0
367681735.0 0.0 1795.4692249725533 3 5.5325e-23
368509333.0 1.0 1811.367869548899 1 1.0
388527038.0 1.0 1810.450732864188 1 1.0
353004614.0 1.0 1794.6808237063062 1 0.9999981
286403817.0 1.0 1797.556261440338 1 1.0
177918201.0 1.0 1797.891219275805 1 0.9999994
366502502.0 0.0 1793.3253229901568 0 0.0004126547
369731169.0 1.0 1806.0350618435473 1 1.0
293190850.0 1.0 1798.932464802375 1 0.9999934
356862553.0 0.0 1796.9068247744117 0 8.7066284e-05
308119982.0 0.0 1805.3275801387292 0 3.7149925e-10
237098273.0 1.0 1793.4687723708687 1 0.99447566
390573782.0 1.0 1794.5355517900425 1 0.99999696
369993218.0 0.0 1810.9730140379163 2 8.2778656e-10
46503499.0 0.0 1805.5372970826004 0 0.007737134
359588615.0 0.0 1808.2601944711982 3 0.0039401785
240749356.0 1.0 1793.9940945714604 1 1.0
279344187.0 1.0 1795.0973761860932 1 1.0
240992873.0 1.0 1810.3691994715994 1 0.9997027
83729128.0 0.0 1812.368049638294 0 1.9378351e-06
94278977.0 0.0 1809.1205033095725 0 0.0003713817
331865153.0 0.0 1796.8048724937566 0 2.0623089e-05
408729609.0 0.0 1808.8468294251716 0 0.0018262212
12000811.0 0.0 1812.4521818964465 0 0.00016539298
71979020.0 1.0 1793.7026116089587 1 1.0
230078223.0 0.0 1805.2188702655117 0 4.8221093e-05
229973739.0 1.0 1798.886197122859 1 0.99999917
357821278.0 0.0 1808.9519659651412 0 3.36265e-07
245664711.0 1.0 1798.6401727384462 1 1.0
307480468.0 1.0 1794.0365849181242 1 0.9999999
311188656.0 0.0 1799.4275852225815 3 2.810923e-05
347495290.0 1.0 1794.828183676382 1 1.0
285046311.0 1.0 1793.6393884110676 1 0.9998408
272330264.0 0.0 1805.492973256673 2 2.7169367e-06
357745325.0 1.0 1796.076649908008 1 0.9999672
395387066.0 1.0 1795.9514817452737 1 0.99999535
444596356.0 0.0 1809.4729425585454 0 5.4383778e-05
348025382.0 1.0 1805.3693967370784 1 0.99999154
431986770.0 0.0 1808.9325676871756 0 0.0061874255
387627144.0 1.0 1797.94983808342 1 0.9999993
201361586.0 1.0 1799.0369434143295 1 0.999985
71930971.0 0.0 1793.13996557069 0 5.972664e-08
292156689.0 1.0 1810.9114875919336 1 0.9999742
283251783.0 0.0 1809.18094430694 0 1.1235763e-06
52187517.0 0.0 1809.326984303067 0 5.765055e-05
275458930.0 0.0 1810.5343849724597 2 5.2444615e-05
327583469.0 1.0 1799.6810495252018 1 1.0
306553760.0 0.0 1812.6604801480285 0 5.4291755e-05
431990675.0 1.0 1798.4324915866634 1 0.9999997
368456218.0 0.0 1805.2014242670632 0 0.002951371
177969053.0 1.0 1799.0577427567039 1 0.99999756
198384611.0 1.0 1805.988782230949 1 1.0
50842009.0 1.0 1798.7231724452613 1 0.9999882
321593112.0 0.0 1809.1166001252852 0 5.578993e-05
323145430.0 1.0 1811.1791806267627 1 0.9999951
428046836.0 0.0 1805.2447073247372 0 8.354581e-05
402204433.0 1.0 1795.3491948834603 1 1.0
445646082.0 0.0 1805.1819330982644 3 2.9152485e-09
67518542.0 1.0 1798.0783876920125 1 0.9999719
353610464.0 1.0 1795.3478235837754 1 0.99999756
101407749.0 1.0 1805.7455309067552 1 0.99998593
229997695.0 0.0 1808.8861759086792 0 2.3050954e-07
351367155.0 1.0 1800.0556964035045 1 0.99997807
249953542.0 0.0 1796.827917874123 0 5.861204e-07
289139323.0 1.0 1806.3473773445 1 1.0
200792606.0 0.0 1797.6618856915704 3 7.21862e-06
302071120.0 1.0 1799.2032234093806 1 0.99997765
288431006.0 1.0 1811.5536269177535 1 0.99999106
52944642.0 1.0 1795.2437510668053 1 0.9999999
445410590.0 0.0 1796.6398496971494 0 4.9116073e-07
377785772.0 1.0 1797.1157242548668 1 0.9999998
327573921.0 1.0 1799.6199036321104 1 0.9999999
368685485.0 1.0 1795.0350369956034 1 1.0
441734144.0 0.0 1795.928036480876 3 6.4243014e-31
366782466.0 1.0 1798.8254574158577 1 0.9998044
436873082.0 1.0 1796.620652817856 1 1.0
184610680.0 1.0 1811.494897650391 1 0.9999995
327189417.0 1.0 1797.015668106432 1 0.9997265
68152143.0 1.0 1796.8494067414629 1 0.9999997
238741070.0 1.0 1797.4116478273788 1 1.0
241098754.0 1.0 1799.5780369615766 1 1.0
186808201.0 1.0 1795.6411669206468 1 0.9999989
320051095.0 1.0 1810.6184440733791 1 1.0
230396530.0 1.0 1799.0943468293985 1 1.0
431994057.0 1.0 1795.2241639507358 1 0.99999946
198185068.0 0.0 1808.843343866167 0 0.0042020464
445189295.0 0.0 1809.2020938369294 0 5.4837106e-08
358901754.0 1.0 1810.8258340596362 1 0.99999917
34577942.0 1.0 1798.0373120771214 1 0.9999965
376965007.0 0.0 1793.40913655177 0 0.00031614595
372112312.0 0.0 1793.327516831101 0 0.001587148
312056839.0 1.0 1806.0769159509107 1 0.99999905
229507398.0 0.0 1793.4074324858261 0 5.5602477e-08
54464577.0 1.0 1795.7853629661588 1 0.99999946
422520434.0 1.0 1793.4295900548086 1 0.99999964
348021286.0 0.0 1806.6609723256604 3 2.8665573e-08
270441804.0 0.0 1812.3468450479677 0 2.14676e-05
230126562.0 1.0 1794.9271262629009 1 0.9999996
341814845.0 0.0 1812.676402335735 0 0.00037724106
272421743.0 1.0 1805.5762760664852 1 0.99999976
428752464.0 0.0 1796.804700848811 0 8.44012e-06
347560905.0 1.0 1799.4743319524944 1 1.0
46479350.0 1.0 1794.8080041393735 1 0.9999828
229968146.0 1.0 1805.636025013182 1 0.99999976
292398977.0 1.0 1805.3906889236637 1 0.9999991
327124382.0 1.0 1794.5144902713066 1 1.0
423750260.0 1.0 1810.2858578221117 1 0.9872936
445383420.0 0.0 1805.5146990861422 0 2.5522072e-06
1981434198.0 0.0 1811.0747887060004 3 6.117481e-21
82976437.0 1.0 1794.7640932156412 1 1.0
431758389.0 0.0 1812.4534096011218 0 0.0017279299
26648167.0 1.0 1797.6828887341608 1 0.9995265
73448023.0 1.0 1798.8288414064584 1 0.999991
284565271.0 0.0 1805.1985062877854 0 4.3106425e-07
331549197.0 1.0 1811.1585214290665 1 1.0
279288019.0 0.0 1810.3473325099023 2 3.629584e-05
194779767.0 0.0 1808.8495310746014 0 1.6093703e-05
12989429.0 1.0 1811.4105002233255 1 0.99999464
20800880.0 1.0 1796.9741996484445 1 0.9999996
229461186.0 0.0 1796.7197193237566 3 1.4176543e-21
286479089.0 0.0 1794.3480966058455 0 0.00034405867
359441156.0 1.0 1798.5767979644575 1 0.99999684
241090100.0 0.0 1796.6402975790227 0 1.8864032e-06
269664545.0 1.0 1794.6577249348964 1 0.9999886
237233754.0 1.0 1795.5536915624436 1 0.99998724
249856383.0 0.0 1793.3279908482946 0 7.9568116e-07
376260525.0 1.0 1796.222570508335 1 0.99999917
444744358.0 0.0 1812.4937278582424 0 0.006237102
315728194.0 0.0 1812.348608041261 0 8.331963e-05
374401210.0 0.0 1805.3063838447158 0 8.746196e-06
118270691.0 0.0 1805.2870213960516 0 0.009645306
453011966.0 0.0 1793.1397850860624 0 0.011794471
238700016.0 1.0 1798.5574413191848 1 1.0
422960767.0 1.0 1793.8490301999989 1 0.9990049
20705894.0 1.0 1796.5574953899222 1 0.99999964
82339604.0 1.0 1810.8068534128734 1 0.9999967
367754616.0 1.0 1796.4076419429894 1 1.0
283252091.0 0.0 1799.639364472968 2 9.93889e-15
81912531.0 0.0 1797.847973523615 0 0.00085154
403432262.0 1.0 1805.9315853032824 1 0.9999995
307599459.0 1.0 1806.390367061699 1 0.9999997
285431684.0 1.0 1811.224353029192 1 0.9999999
230029160.0 0.0 1798.2404048010114 2 7.363847e-14
301737528.0 1.0 1797.5988818517471 1 0.9996887
241112109.0 1.0 1794.30700711237 1 0.999997
366552720.0 1.0 1795.6169469347162 1 0.99999994
381653659.0 0.0 1805.49494047385 0 0.0004291921
431778764.0 0.0 1808.9118690427786 0 9.488847e-05
237046904.0 0.0 1805.1993503999743 0 4.9032902e-08
292196794.0 0.0 1808.8905711860377 0 4.6216996e-05
348309218.0 1.0 1795.098615857995 1 0.9999998
219779541.0 1.0 1795.3229390802362 1 0.9999986
348676495.0 0.0 1808.8694550109462 0 3.1898278e-06
51877910.0 0.0 1799.7226131090501 2 4.078424e-18
419246479.0 1.0 1811.222424513888 1 0.9999658
396471469.0 0.0 1812.3681382972572 0 2.4184163e-07
241110670.0 1.0 1797.098631624303 1 1.0
117490267.0 0.0 1796.8279270464734 0 0.00028354093
284534033.0 1.0 1794.8476393741462 1 1.0
378374218.0 1.0 1805.8055829271495 1 1.0
397368134.0 1.0 1796.8914265931207 1 0.9999848
389761749.0 0.0 1796.8063569337896 3 0.9284961
81600352.0 0.0 1812.4106304580512 0 1.3392207e-05
250725421.0 1.0 1797.7237555156826 1 1.0
368460130.0 1.0 1810.6597326473025 1 0.99994683
366557413.0 1.0 1794.6378874478926 1 1.0
397802293.0 0.0 1805.2015092652953 0 0.00017706984
186767023.0 0.0 1793.1410401500652 0 0.00058740977
192298244.0 0.0 1812.4534418751057 0 0.0005251057
285443283.0 1.0 1806.3476681755815 1 1.0
292148770.0 1.0 1794.2240820436398 1 1.0
320381058.0 0.0 1809.2017994440398 0 0.0020826338
308721541.0 1.0 1810.202692300827 1 1.0
250560249.0 0.0 1809.2446036249128 0 1.355207e-05
396474539.0 0.0 1805.2431302188024 0 0.00018410079
301990520.0 1.0 1798.8279612002107 1 0.99940985
312347243.0 1.0 1799.5355673232473 1 0.9999998
327297853.0 0.0 1805.244642736415 0 0.0002895151
427765892.0 1.0 1798.2428579870666 1 0.99999994
353565609.0 0.0 1803.7433938704808 3 2.3329294e-25
264298907.0 0.0 1805.1992507871448 0 1.1105217e-07
308783036.0 0.0 1796.640235779334 0 9.016965e-08
13456596.0 0.0 1808.9105576043685 0 9.108607e-05
388074101.0 1.0 1810.2830687428316 1 0.9999989
403832971.0 1.0 1810.1812115790133 1 0.99999124
67422780.0 1.0 1796.7867130015154 1 0.99998754
94338079.0 0.0 1797.078682374522 2 6.6961246e-07
353483855.0 0.0 1812.4518813943798 0 0.0010094317
366972948.0 1.0 1794.4087518729477 1 1.0
265386739.0 1.0 1793.4734880167398 1 0.9999991
71846676.0 0.0 1809.1607654768343 0 0.00018809742
229751795.0 0.0 1793.40716694789 0 0.0019271886
50844597.0 0.0 1811.1190454324467 2 0.008865588
301991922.0 0.0 1808.8487765111188 0 0.00038326805
429066703.0 1.0 1797.516180954792 1 0.99969184
320497858.0 1.0 1796.264697777357 1 1.0
370073759.0 1.0 1810.806521245388 1 0.99994856
50264795.0 0.0 1794.3479990553012 0 1.9837094e-05
418698626.0 0.0 1798.139105250949 2 8.298041e-09
308220416.0 1.0 1797.9526972949845 1 1.0
279849549.0 1.0 1795.3482213109608 1 1.0
259003334.0 0.0 1808.8447348692025 0 6.489047e-05
387833702.0 1.0 1796.1999055026442 1 0.9999976
229647462.0 0.0 1805.1992635870488 0 4.8718717e-05
372272032.0 1.0 1796.7651079889145 1 0.9999995
403037785.0 0.0 1810.578105096742 3 2.435503e-20
229580770.0 0.0 1812.3448412868868 0 7.891174e-06
192550730.0 1.0 1794.1614922174415 1 0.99999994
238656028.0 0.0 1812.348495988235 0 0.00018901541
236776788.0 0.0 1812.3646182827254 0 7.442293e-08
256618816.0 1.0 1796.345000320135 1 0.9999973
90552382.0 0.0 1800.1413608537055 0 0.00011797667
374963114.0 1.0 1795.431628489451 1 0.9994419
316047081.0 0.0 1808.84879051636 0 1.2390472e-06
232608223.0 1.0 1795.1560137274064 1 0.9999328
219821955.0 0.0 1805.1979747506223 0 1.7543653e-05
26502932.0 1.0 1810.4955270673315 1 1.0
235982927.0 0.0 1808.6581172465806 3 3.5050583e-05
376770989.0 1.0 1795.2424607026635 1 0.99999785
285173025.0 0.0 1809.2451642828435 0 0.00039486197
236762131.0 1.0 1795.5737422783964 1 0.99999976
284436992.0 0.0 1812.9934248457948 0 1.3419961e-07
321595962.0 1.0 1810.470685587502 1 0.9978016
368381484.0 1.0 1811.0970044315698 1 0.99999994
229952290.0 1.0 1810.1776202435733 1 1.0
445316412.0 1.0 1795.473077642205 1 0.99999714
250860873.0 1.0 1798.5155782164065 1 0.99999994
200798478.0 0.0 1796.6410385296904 0 0.00013097897
240781407.0 1.0 1798.639879325805 1 0.9998995
289206508.0 1.0 1797.0968984070828 1 0.99994236
432015552.0 1.0 1798.74506043038 1 1.0
308618435.0 0.0 1805.2443240721516 0 0.00036312453
256507075.0 0.0 1805.2418636494688 0 1.8259913e-08
366500692.0 1.0 1797.4502889933317 1 0.99945515
374030551.0 0.0 1798.2646998934383 2 6.715315e-14
320268279.0 0.0 1795.7646187451778 3 2.4764777e-23
407154489.0 1.0 1810.4513338586705 1 1.0
256298033.0 1.0 1800.5113459759307 1 0.9999998
445196334.0 0.0 1809.202024120231 0 0.001767357
390165214.0 0.0 1809.202243355535 0 0.0016087445
236971449.0 1.0 1796.5952624515692 1 1.0
372392680.0 0.0 1805.2420214553547 0 7.166804e-06
21162664.0 1.0 1806.114036850593 1 0.9999926
264615805.0 0.0 1804.4110613838168 3 3.2110418e-15
370073713.0 1.0 1799.369175591559 1 0.99999934
403692188.0 1.0 1797.1820296530186 1 1.0
368234072.0 1.0 1797.6388507130016 1 0.9999782
289095239.0 1.0 1795.7844592476251 1 0.99999726
292982071.0 0.0 1805.3490116839387 2 8.111512e-08
77258822.0 1.0 1810.9953117462226 1 0.9999865
389965118.0 0.0 1797.968728218529 0 0.001830555
160585313.0 1.0 1796.9693872010985 1 0.9999995
178140121.0 1.0 1794.93277492237 1 1.0
268516039.0 1.0 1797.5760693870295 1 0.9999997
441763244.0 1.0 1799.5527748478275 1 0.99835396
376197050.0 0.0 1809.0143137815264 0 0.00038307864
428068513.0 0.0 1808.8489917008774 0 0.0011115845
271154012.0 0.0 1805.2221226627712 0 6.435843e-08
445414093.0 1.0 1805.8897869648815 1 0.99999815
396235258.0 1.0 1811.5556761780365 1 0.99999094
387951214.0 1.0 1795.2624600799438 1 0.9999999
52854421.0 1.0 1795.9312695012227 1 0.9999824
137082590.0 1.0 1798.493174675161 1 0.99999976
237309375.0 1.0 1797.1578880847428 1 0.9999998
420295663.0 1.0 1794.368544447064 1 0.9999982
268728880.0 0.0 1796.9094303870402 0 7.956442e-08
232632943.0 0.0 1797.9685765372833 0 3.7489967e-06
285908697.0 0.0 1805.3896036616904 0 7.372857e-10
332147990.0 0.0 1805.556631206637 0 0.0002477858
444769476.0 1.0 1810.2020980919049 1 0.99999666
219104689.0 0.0 1794.1986751909105 0 3.246212e-06
377739453.0 1.0 1795.4094328198485 1 0.99999815
359250620.0 0.0 1812.8056169713939 0 5.964399e-08
118335168.0 0.0 1796.641347114896 0 0.0008588037
232620122.0 0.0 1812.3847334386849 0 1.4994527e-06
291886760.0 1.0 1806.3906176497685 1 0.99993634
236982088.0 1.0 1797.741065234148 1 0.9999982
398160829.0 1.0 1797.9932028017095 1 0.99974984
372392104.0 0.0 1812.3460701389174 0 1.060336e-08
229511875.0 1.0 1806.4072233758445 1 0.9999958
274841097.0 1.0 1795.3886001313317 1 0.9999584
235929888.0 0.0 1794.241146131362 2 0.00091078563
255874124.0 0.0 1809.2019160246923 0 3.6550475e-06
431767082.0 1.0 1796.1408392199219 1 1.0
236777184.0 1.0 1811.427190085909 1 0.9999212
308875920.0 0.0 1805.2028321888479 0 0.0007596417
71692766.0 0.0 1812.6607299548846 0 2.5619372e-06
392569148.0 0.0 1808.8434796268712 0 0.010221257
90768413.0 0.0 1809.1205669693397 0 0.001906474
378762806.0 0.0 1793.4096796125375 0 1.4680515e-11
71980235.0 1.0 1795.7026537263334 1 0.9999999
365831006.0 0.0 1805.2207444960484 0 6.2737336e-06
178138894.0 1.0 1793.620186682609 1 0.99999994
139378834.0 0.0 1796.7036973227591 3 0.00023564913
372509663.0 1.0 1796.5142408772551 1 1.0
202841130.0 0.0 1809.3282436438474 0 0.008224869
352283989.0 1.0 1800.3681336397678 1 0.9999987
250747789.0 1.0 1799.5781057938632 1 0.99967164
265201832.0 0.0 1808.8485184064143 0 4.953041e-05
400604566.0 0.0 1812.3692305924685 0 0.00024357169
50841878.0 1.0 1811.5357680818197 1 0.99999934
26397233.0 0.0 1812.6830041829376 0 0.00027861714
359586929.0 1.0 1796.9062162429875 1 1.0
196976276.0 0.0 1812.3484082379496 0 0.00034521898
184608038.0 1.0 1794.1619070272604 1 0.9998915
284479240.0 1.0 1797.7194427533411 1 1.0
395508745.0 1.0 1795.6389796281894 1 0.99999994
284138281.0 0.0 1809.2017222218624 0 0.00015220855
302315862.0 1.0 1795.7240174659185 1 1.0
316514122.0 0.0 1805.202891947183 0 1.2031875e-06
407356248.0 0.0 1805.2432997889068 0 0.0008136147
63672976.0 1.0 1800.0578188546438 1 1.0
312672257.0 1.0 1806.2646054235686 1 0.9999961
292153735.0 1.0 1795.7865983349495 1 0.9997491
368028401.0 0.0 1812.3469103752084 0 3.719502e-10
326258283.0 1.0 1793.699317951247 1 0.9999989
270054304.0 1.0 1810.5370511598553 1 1.0
346852310.0 0.0 1808.8494860606788 0 0.00028451308
238743789.0 0.0 1808.9324377463886 0 0.0018681741
201246217.0 1.0 1806.1620350900946 1 1.0
149851171.0 0.0 1812.4326838115442 0 0.02095695
352928643.0 1.0 1805.909987762021 1 0.9999893
235943028.0 0.0 1812.366335186944 0 5.474618e-07
5674169.0 0.0 1797.8288366826355 3 0.0001278468
199688409.0 0.0 1812.0513813467676 3 2.0307973e-13
236786957.0 1.0 1810.3646462980525 1 0.9999846
229997706.0 1.0 1811.156971396403 1 1.0
308285846.0 1.0 1799.8278962938384 1 1.0
184564369.0 1.0 1795.9951168336984 1 0.9999997
445142354.0 0.0 1809.3061280106272 0 6.4037556e-07
104316853.0 1.0 1797.3489123428437 1 0.99999607
250480498.0 0.0 1805.2028514803042 0 7.653035e-07
279343709.0 1.0 1794.4723405597583 1 0.9999978
383646199.0 1.0 1799.9273957856992 1 0.999909
186938854.0 1.0 1795.286816743685 1 1.0
402208125.0 1.0 1796.9743281227106 1 0.99999994
288610611.0 1.0 1795.7203255755487 1 0.9999998
288524366.0 0.0 1808.8453194155263 0 7.970127e-08
302076473.0 0.0 1805.244765602196 0 4.6990984e-08
233200804.0 1.0 1798.719267198164 1 0.9999996
410651000.0 0.0 1808.8488023885873 0 1.9080703e-07
269701889.0 1.0 1805.7843866597063 1 0.99998796
256375216.0 1.0 1795.4700090955303 1 0.99999803
362257499.0 1.0 1811.3243607411555 1 0.9997872
67661596.0 0.0 1808.9951640130805 0 0.00028194994
317473563.0 1.0 1794.5341906069382 1 0.99969524
137886126.0 1.0 1810.6205523846963 1 0.9999651
184690200.0 0.0 1812.682386764786 0 0.0056429845
369088512.0 1.0 1798.326581382871 1 1.0
370430421.0 1.0 1794.1190667387446 1 0.99999684
198383311.0 1.0 1799.301609666068 1 1.0
288623212.0 1.0 1795.5157253404434 1 0.99999815
13455593.0 1.0 1794.847956898632 1 0.9999969
50516280.0 0.0 1805.2649555057242 0 2.6451036e-05
192595031.0 1.0 1794.5365588157972 1 0.99999547
308289857.0 0.0 1798.9944721463391 2 1.4650992e-09
381656536.0 0.0 1805.5158464683761 0 0.00022793634
427553234.0 1.0 1795.6384978659476 1 0.99999994
26533207.0 0.0 1809.3913761619183 3 0.05167004
370345737.0 1.0 1793.5357457031873 1 1.0
368310516.0 1.0 1795.9719992712544 1 0.99999994
422454625.0 1.0 1805.6165874122787 1 0.9999997
285676351.0 1.0 1796.1196604765335 1 0.99995714
400405642.0 1.0 1806.261196890502 1 0.9999974
230079251.0 1.0 1806.3022782984528 1 0.9999887
372210735.0 0.0 1808.8460833072118 0 0.00026371938
417700830.0 0.0 1812.345055398696 0 1.3778653e-08
256351070.0 0.0 1796.4918150588144 2 1.549907e-10
316623082.0 0.0 1805.202890798623 0 5.8056726e-10
302541811.0 1.0 1793.266275629405 1 0.99999994
434437492.0 1.0 1805.8466819236282 1 0.99999994
245377402.0 0.0 1795.0777763351873 2 2.6986797e-07
400194383.0 0.0 1805.2014995387062 0 2.0702207e-06
389538863.0 0.0 1805.6188436191346 0 0.00022176563
352281923.0 0.0 1793.305648826842 0 4.8053117e-10
436883482.0 1.0 1811.4329657174815 1 0.9999854
259234905.0 1.0 1795.407370750224 1 0.9976243
54120426.0 0.0 1805.5561746034057 0 6.2745195e-05
50451900.0 0.0 1812.4105933114254 0 0.00031864597
275422880.0 1.0 1795.804227681501 1 0.9999996
198354490.0 1.0 1810.3221644567616 1 1.0
198413302.0 1.0 1799.5305445996366 1 0.9999983
326258091.0 0.0 1793.4076389374954 0 2.6395133e-11
256607524.0 0.0 1805.3066996453867 0 5.1618395e-06
258829737.0 1.0 1794.7405716367107 1 1.0
250842070.0 1.0 1795.494603509388 1 0.9999999
285046899.0 0.0 1797.7643720165054 2 1.4301303e-06
284058611.0 0.0 1812.6202505341328 0 0.001786249
83964224.0 1.0 1796.7433486513817 1 1.0
368596977.0 1.0 1795.9720256159844 1 0.9999907
230396530.0 0.0 1805.2192514635499 0 5.3267115e-07
139425930.0 1.0 1810.6827012195008 1 0.9999995
139406736.0 0.0 1805.5160098452116 0 0.0017909298
347945718.0 0.0 1808.8901090435513 0 3.6984673e-06
410807017.0 0.0 1812.3490960722265 0 5.3647906e-05
377029076.0 0.0 1808.8464765416356 0 5.2928503e-05
427092194.0 0.0 1797.4917377743302 2 8.7828644e-10
241029468.0 1.0 1799.6819616315909 1 0.9999983
22942877.0 0.0 1795.6622270451426 2 0.0009589261
194672668.0 1.0 1796.2452329682367 1 0.99999845
50844619.0 1.0 1797.5980921405064 1 0.99998724
331364868.0 0.0 1796.9092242698507 0 0.059494987
390167211.0 1.0 1796.6815048534963 1 1.0
292719974.0 1.0 1798.0574853934047 1 0.9999997
233630837.0 0.0 1808.8652684973597 0 5.119054e-05
387696316.0 1.0 1795.429013543056 1 1.0
83964226.0 1.0 1810.1598262555099 1 0.9999983
453267201.0 1.0 1811.348143544418 1 0.99997294
387451875.0 1.0 1794.8664799911762 1 0.9999984
321688478.0 1.0 1796.0334485469155 1 0.9999993
398266747.0 0.0 1800.1378423005524 0 3.8164694e-06
399788405.0 0.0 1801.3020757410993 3 1.5807906e-20
427602825.0 0.0 1805.2223273545785 0 3.2183643e-06
395862665.0 0.0 1796.9515257130624 0 1.7166732e-11
302312833.0 1.0 1793.7239320343817 1 0.9999995
22872658.0 1.0 1793.2247041820638 1 1.0
331714577.0 1.0 1793.848397924769 1 1.0
73490339.0 0.0 1796.6413358258328 0 0.0065691397
376195427.0 0.0 1808.9519404791677 0 0.00036901294
334807001.0 1.0 1811.1377095131786 1 0.9999989
374693211.0 1.0 1796.2235824504558 1 0.9999995
298648307.0 1.0 1806.0098058824472 1 0.9999994
315825416.0 1.0 1793.4736074573498 1 1.0
408897120.0 1.0 1798.1794579972925 1 0.9999999
258389807.0 1.0 1797.8451726469284 1 1.0
184732477.0 1.0 1793.432756027902 1 0.99999994
435264091.0 0.0 1793.4094590182262 0 6.9634396e-08
322057067.0 1.0 1795.5752095040207 1 0.99998754
116714368.0 0.0 1808.8488739573957 0 0.0019432573
432046871.0 0.0 1808.9534556762776 0 0.0018560111
284807014.0 0.0 1796.8892815194308 0 8.108741e-05
429018846.0 0.0 1797.5756240555845 2 8.096115e-05
50118192.0 0.0 1808.9107050179455 0 5.5893717e-05
240981884.0 1.0 1793.9737121699854 1 0.9999999
435081582.0 1.0 1798.2011126846996 1 1.0
387833641.0 1.0 1799.97070205621 1 0.9999932
348143304.0 0.0 1794.7649922106164 2 4.033188e-13
333732430.0 1.0 1806.1370873257194 1 0.9999446
274837414.0 0.0 1812.3678903820223 0 1.6023572e-06
288601352.0 1.0 1798.9076034108011 1 0.9999095
396575973.0 1.0 1794.2034073382035 1 0.99999374
200734333.0 1.0 1795.6827902954387 1 0.9999915
353235769.0 0.0 1805.4728571486967 0 5.012718e-05
444722690.0 0.0 1812.4936186947077 0 0.000460735
284479240.0 1.0 1810.5733374736676 1 1.0
383677392.0 1.0 1810.969187124248 1 0.99999803
251441472.0 1.0 1795.9941541702444 1 0.9999967
387259626.0 0.0 1797.7204335991307 3 6.9020307e-06
116007369.0 0.0 1793.328071486345 0 1.901541e-10
288508794.0 1.0 1796.4700705951554 1 0.9999989
229669930.0 0.0 1808.8446020920724 0 5.9744525e-07
348765189.0 0.0 1809.1206268089607 0 0.00049148663
367754612.0 1.0 1810.303732096612 1 0.9999999
341816492.0 1.0 1806.4265513322728 1 0.99999994
309052753.0 1.0 1796.2860894996616 1 0.9999997
302470991.0 0.0 1805.203195834057 0 7.4263357e-06
378647446.0 1.0 1798.3679676750853 1 1.0
433000531.0 1.0 1793.995251176624 1 0.9999907
392536812.0 0.0 1799.6563875776346 3 2.1152192e-12
418981485.0 0.0 1796.9098333623908 0 0.001156848
410809215.0 0.0 1805.2031518673264 0 6.483351e-07
343620660.0 1.0 1797.1371517434031 1 1.0
312251188.0 1.0 1810.5560909321257 1 1.0
284807423.0 1.0 1806.2433755983618 1 0.99998504
371001989.0 0.0 1793.1401233290999 0 6.78413e-13
272324340.0 0.0 1805.1180223468036 3 1.6843078e-15
241049137.0 0.0 1808.8485119661368 0 3.9734416e-05
233514206.0 1.0 1806.3013226891917 1 0.9999964
366118640.0 1.0 1799.9266084045896 1 0.99999875
320186525.0 0.0 1812.6808759402115 0 3.4184955e-06
396664296.0 1.0 1794.617718584142 1 0.99999994
177969271.0 1.0 1811.0577681074828 1 0.99999946
358907018.0 1.0 1805.6800445630608 1 1.0
417412584.0 0.0 1809.0562528639798 0 0.0001467637
373388567.0 1.0 1794.7010312630487 1 0.99999917
372686327.0 1.0 1793.428968417067 1 0.9794335
53963134.0 1.0 1798.5771694901991 1 0.9999999
237107958.0 1.0 1810.7413611647733 1 1.0
387506865.0 1.0 1796.4497502327913 1 1.0
94725358.0 1.0 1797.4745484563346 1 1.0
348611797.0 0.0 1793.3275184203674 0 1.07568546e-07
258390124.0 1.0 1797.0326920463351 1 0.9999992
250679759.0 1.0 1796.9323060235536 1 1.0
268626693.0 1.0 1798.0136746022679 1 0.9999994
353878210.0 1.0 1805.718349025086 1 0.999997
381808341.0 1.0 1794.7035871219382 1 0.9999948
264077194.0 0.0 1805.5332150720344 0 0.00010927346
326857363.0 0.0 1812.3485318871806 0 4.3824217e-05
269597899.0 1.0 1810.7824347032413 1 0.999999
419751560.0 1.0 1797.868473394419 1 0.99999887
407539100.0 1.0 1806.3875815178812 1 0.99999994
12403972.0 1.0 1797.743858737987 1 1.0
82344745.0 1.0 1797.9106949880904 1 0.99999946
346595503.0 1.0 1810.2664451824148 1 0.9999976
420114439.0 0.0 1812.3451353640787 0 7.5603225e-06
370273679.0 0.0 1809.1606407230756 0 1.4829902e-06
308220659.0 1.0 1798.7235358078592 1 0.9999997
400197592.0 0.0 1793.4099836609116 0 1.2439876e-09
286013243.0 1.0 1810.5357615619857 1 0.99997693
229707305.0 0.0 1808.8653387467812 0 4.324693e-05
77357818.0 0.0 1808.9328738684837 0 0.0010699508
292316929.0 1.0 1794.8699578643098 1 0.99999964
422663383.0 0.0 1812.3467889683247 0 2.2998634e-05
359441069.0 0.0 1812.7015358768206 0 4.610844e-06
375785288.0 1.0 1795.8047606309008 1 1.0
363809884.0 0.0 1796.9097816439003 0 7.2271223e-07
366590719.0 0.0 1812.4086425471012 0 0.0002696629
11437325.0 0.0 1810.8690588663699 3 4.387738e-10
435355210.0 1.0 1798.6385779991117 1 0.99999267
369141038.0 1.0 1796.0974001888937 1 0.99999994
385558019.0 1.0 1796.3288392035377 1 0.99999785
34820374.0 1.0 1805.7039722929885 1 0.9999914
236767649.0 0.0 1808.844448305814 0 1.3537375e-06
117114207.0 0.0 1805.2657978752015 0 0.00038152825
51026422.0 1.0 1795.8481282492762 1 0.99998015
285333364.0 1.0 1798.306104391761 1 0.9999999
251790041.0 1.0 1796.5567357904038 1 0.99999994
233577417.0 1.0 1796.4485086662314 1 1.0
278850856.0 1.0 1810.8266637714664 1 0.99999976
280326335.0 1.0 1796.4725821853563 1 0.9999997
407391200.0 1.0 1795.0969020961056 1 1.0
399081275.0 0.0 1805.535823714857 0 7.9782876e-05
353993486.0 0.0 1810.155737329982 2 3.7261907e-10
327398586.0 0.0 1809.0571767945576 0 0.0028281694
229788338.0 1.0 1798.2612857133051 1 0.9999998
26617419.0 0.0 1795.9745192760408 2 1.059471e-15
356786649.0 1.0 1805.553347009811 1 1.0
250717813.0 1.0 1796.3279752480767 1 1.0
420901024.0 0.0 1811.3013404125581 2 7.6757846e-05
264222449.0 1.0 1797.157656485633 1 0.99998426
237284730.0 1.0 1805.2619737051791 1 1.0
288430852.0 1.0 1797.0325742164828 1 0.9999999
379325503.0 0.0 1809.0143702968273 0 0.0004598222
270137767.0 0.0 1808.8677692212486 0 0.00047402532
326532106.0 1.0 1810.2638888802524 1 1.0
445178123.0 1.0 1799.7020734732002 1 0.99999917
251250384.0 1.0 1795.5150219490395 1 1.0
130083400.0 0.0 1796.641141319849 0 0.005302413
403328929.0 1.0 1799.6994323003582 1 0.99998176
278924558.0 0.0 1805.306077868289 0 0.0059309956
317470793.0 0.0 1809.3258027025693 3 4.6332218e-23
332869735.0 0.0 1809.1815009912457 0 1.9891277e-06
424002725.0 1.0 1798.3064014890972 1 0.99999857
118444464.0 0.0 1805.2871512694285 0 0.0005649638
50360119.0 1.0 1796.3273936626229 1 1.0
367768281.0 1.0 1794.2628554409607 1 0.99999905
365595041.0 1.0 1796.3247785907702 1 0.9999741
409530625.0 0.0 1805.5158086252857 0 0.0033866144
378043919.0 0.0 1808.8469243515437 0 0.001779528
229643095.0 0.0 1794.199125451395 0 0.012200247
349294422.0 0.0 1796.4121689098254 3 8.238256e-06
408581009.0 0.0 1805.2646572747844 0 0.006027552
376295810.0 1.0 1795.6599269533544 1 0.9999976
390738379.0 1.0 1795.3480810291856 1 0.9999663
327092391.0 1.0 1811.056910739539 1 0.9999936
198456803.0 1.0 1806.4057603319104 1 0.9998438
444666394.0 0.0 1809.1814266395727 0 2.791568e-08
353875441.0 1.0 1799.0520145941537 1 0.9999898
420287886.0 0.0 1793.1395194229297 0 1.5274321e-06
192844584.0 1.0 1806.3491781279088 1 0.99985975
389535695.0 1.0 1794.1812872715689 1 1.0
420538859.0 0.0 1797.8478246348086 0 7.8313114e-08
428379136.0 0.0 1808.847326062653 0 0.00066504977
259146217.0 0.0 1805.2032191632204 0 3.253985e-05
192532107.0 0.0 1793.1406723907016 0 0.024746161
323144549.0 0.0 1808.950052683668 0 1.2171184e-05
396442479.0 0.0 1795.1795733117744 2 4.571454e-10
35115423.0 0.0 1805.4747963226848 0 0.0004932329
287152450.0 1.0 1794.4682556606583 1 0.9999977
445115636.0 1.0 1811.097810000051 1 1.0
10607010.0 1.0 1795.7231387647678 1 0.9999983
366506022.0 1.0 1796.242026032254 1 0.9997879
417645110.0 1.0 1799.3665709792524 1 0.99999505
370209274.0 1.0 1811.098133312492 1 0.9999998
61085649.0 1.0 1797.745667106839 1 1.0
431804934.0 1.0 1793.265721966205 1 0.99999857
375911510.0 1.0 1794.6798208024113 1 1.0
219741939.0 1.0 1799.134830873012 1 0.9997291
417599180.0 0.0 1809.0332577416277 0 3.3703084e-06
422540420.0 0.0 1812.702148418771 0 9.556288e-05
321822275.0 1.0 1811.387378963661 1 1.0
236932661.0 1.0 1798.741008293916 1 0.99999815
441736229.0 1.0 1796.6361525284656 1 0.9999997
431925339.0 0.0 1812.4118744889092 0 0.001413556
118444464.0 0.0 1812.4327886670683 0 1.6039554e-05
395942641.0 1.0 1794.5345444344962 1 0.99999326
186668934.0 1.0 1794.9328258528096 1 0.9999999
420295190.0 1.0 1811.0350998545127 1 0.99999523
268055290.0 0.0 1800.4074153790625 0 0.0005170597
178103002.0 1.0 1798.8494395268394 1 0.99999994
250609404.0 0.0 1808.8486150993715 0 3.1396852e-05
427546867.0 0.0 1793.1412593178723 0 0.00016610054
245510353.0 0.0 1808.848680359268 0 6.4434704e-07
68039381.0 1.0 1795.0160593259598 1 0.99999994
236776591.0 0.0 1794.4065839085372 0 6.472695e-07
200859406.0 0.0 1805.2035759802602 0 0.00028452123
272821136.0 0.0 1796.9098323702574 0 1.2707851e-06
264224536.0 0.0 1808.991783127994 0 9.08991e-06
256610740.0 1.0 1794.8690896382063 1 0.99999845
250828307.0 1.0 1795.5573098929897 1 0.99999994
165528347.0 0.0 1812.4263683908844 0 0.00015670672
35154430.0 0.0 1805.5581286116183 0 0.0016766079
370431297.0 0.0 1812.6813964343264 0 6.9835355e-06
418988080.0 1.0 1797.5975409250507 1 1.0
441738038.0 1.0 1795.2404369374162 1 0.9998941
311938016.0 0.0 1811.0977713466884 2 4.091934e-11
229500175.0 1.0 1793.7824966726164 1 0.9999985
233712251.0 1.0 1799.4065380599436 1 0.99999946
427344511.0 0.0 1808.8881786919455 0 1.8881706e-06
301342453.0 1.0 1796.3281524046997 1 0.99939036
184734764.0 0.0 1812.7657641796977 0 3.279324e-05
269807963.0 0.0 1808.8469000137889 0 2.5447785e-05
256665874.0 1.0 1794.8242194873505 1 0.99999166
178143920.0 1.0 1794.3076802312044 1 0.9999999
284050395.0 1.0 1794.32671750578 1 1.0
432021191.0 1.0 1797.9115464718384 1 0.9999173
370064932.0 1.0 1793.848409116487 1 0.9999976
256721289.0 0.0 1809.0752245034246 0 0.66759855
117520490.0 0.0 1812.3907258602608 0 0.00059479283
445189935.0 1.0 1799.5564880915745 1 1.0
51955546.0 0.0 1801.9103410794116 3 4.486254e-16
251194285.0 1.0 1795.7650438022438 1 0.9999161
370273679.0 0.0 1812.6605769574471 0 1.3168536e-12
285565974.0 1.0 1796.0781070459325 1 0.9999999
327121759.0 0.0 1797.347737226774 3 4.354144e-12
292318254.0 1.0 1795.932528500368 1 0.9999999
202954633.0 0.0 1809.140846787723 0 0.02557606
192782452.0 1.0 1795.4323982012738 1 0.9999977
118298039.0 0.0 1805.2037062040517 0 0.033989917
85528058.0 0.0 1809.120476252269 0 0.0005377539
184692533.0 1.0 1797.370280551261 1 1.0
354595192.0 0.0 1805.5559516939356 0 0.00013783156
346715927.0 1.0 1805.495483417508 1 1.0
251199388.0 1.0 1811.5569530998127 1 0.9999983
422522337.0 0.0 1811.0757705014407 2 4.346588e-06
329173245.0 0.0 1794.4057942413865 0 0.0055673234
367422383.0 1.0 1799.0338437522416 1 1.0
420108995.0 1.0 1810.3032631346305 1 1.0
436870928.0 0.0 1812.4120522708579 0 0.0005843502
192734843.0 0.0 1796.4323685362306 2 8.898304e-13
434972989.0 1.0 1798.4927346302607 1 0.9999997
265267331.0 0.0 1808.846861389369 0 0.03467369
308955071.0 1.0 1800.5361406600764 1 0.99987876
194736844.0 0.0 1803.9119551973827 3 0.28283066
327570015.0 0.0 1805.244621143189 0 1.8645736e-05
423034236.0 0.0 1805.2235617027466 0 2.5089054e-07
139465772.0 1.0 1797.849536286501 1 1.0
316079899.0 0.0 1808.8871941604875 0 2.965133e-05
235996802.0 0.0 1812.3873272313676 0 0.023044402
351686652.0 1.0 1797.8058340036036 1 1.0
417852492.0 0.0 1808.8680456288598 0 1.0919571e-05
387286423.0 1.0 1799.3662793612114 1 0.9999998
428739935.0 1.0 1795.5341941403956 1 0.99999046
13454797.0 1.0 1799.2855406556105 1 1.0
301994054.0 0.0 1805.2030003935056 0 2.198535e-07
236871714.0 0.0 1793.5535040629675 2 8.749198e-12
81382674.0 0.0 1808.910867291159 0 0.00035253004
275588232.0 1.0 1798.0770150639758 1 0.99999887
406839755.0 0.0 1812.701645544233 0 0.028493447
286475835.0 1.0 1810.9734056718792 1 1.0
219875389.0 0.0 1808.8442434366145 0 5.7255005e-07
367864478.0 1.0 1811.47172673127 1 0.9999998
198556409.0 0.0 1793.1764574410513 0 4.4144002e-13
292606214.0 1.0 1796.411634403039 1 0.9999998
376637457.0 1.0 1796.159046022435 1 0.9999639
428964062.0 0.0 1805.200667041802 0 0.0001260205
196947858.0 0.0 1805.2027676779862 0 1.35012715e-05
427649471.0 1.0 1811.0966399856495 1 0.99999774
432016703.0 1.0 1794.911587820396 1 0.9999998
321857254.0 1.0 1811.1582398969679 1 0.9999866
306188615.0 0.0 1795.160801042847 2 2.2273563e-08
229740254.0 0.0 1812.3444736355045 0 4.0908317e-06
159511616.0 0.0 1799.8241422412161 2 0.00025509569
399859253.0 1.0 1794.7422779131366 1 1.0
354695014.0 0.0 1809.2017886751055 0 0.00018789792
377740879.0 1.0 1805.5551469307566 1 1.0
236985082.0 1.0 1799.0535924337235 1 0.99999654
436854824.0 1.0 1793.516387904904 1 0.9996001
398212665.0 1.0 1810.2438227994999 1 1.0
72079875.0 1.0 1796.0774966027357 1 0.9999998
35200692.0 1.0 1806.0164688839934 1 0.9999991
104152774.0 0.0 1796.8281269597503 0 4.3714176e-06
81906928.0 1.0 1795.32727742474 1 1.0
445642383.0 0.0 1808.8694967868664 0 0.0005450792
255993777.0 0.0 1796.3246192968288 3 0.0012336898
241121946.0 0.0 1808.8695232768373 0 1.2932414e-07
428205603.0 1.0 1795.8489525314178 1 0.9999999
137203328.0 1.0 1797.8471764810263 1 0.99999577
302552714.0 0.0 1805.3893656503158 0 0.0001025058
178042927.0 1.0 1793.516048664251 1 1.0
422990449.0 1.0 1805.7389710906152 1 0.98199403
316134613.0 1.0 1799.0359139988077 1 0.9998187
233045871.0 1.0 1800.2187901704099 1 0.9999983
191768804.0 0.0 1812.390210314963 0 5.591639e-06
370271012.0 1.0 1795.7024729409763 1 0.99999946
101302325.0 0.0 1796.6413667459547 3 0.015127133
126098229.0 1.0 1794.9953554548795 1 0.99999934
256423258.0 0.0 1812.680980287038 0 5.0325695e-11
445189320.0 1.0 1793.452379660646 1 0.9999997
441802173.0 1.0 1797.3447016573512 1 0.99999934
280254059.0 1.0 1798.0976188909565 1 0.9999753
354964290.0 1.0 1797.8270665861357 1 1.0
312467197.0 1.0 1799.744021879522 1 0.999997
22901110.0 0.0 1793.141439171245 0 0.0005579495
49792902.0 1.0 1810.5150068711794 1 0.99999934
256102034.0 1.0 1811.3477650415757 1 0.99999994
316739113.0 0.0 1800.3900939867422 0 1.9851552e-05
364185907.0 1.0 1795.2207071752268 1 1.0
10606656.0 0.0 1808.9314669408268 0 2.2394538e-06
444447980.0 1.0 1797.3477697667147 1 0.9999998
196947078.0 1.0 1810.7443073976224 1 0.99999917
264076355.0 1.0 1794.054006856049 1 0.99999344
444413183.0 1.0 1796.6809265615193 1 1.0
431870216.0 0.0 1793.1407334780522 0 0.0012223998
117521729.0 0.0 1808.8490217828391 0 3.507157e-09
435537997.0 1.0 1811.0966711521762 1 0.9999309
1981434198.0 0.0 1796.9915968994585 3 4.4843193e-24
367093764.0 0.0 1795.4506008687422 2 0.0010255099
356896553.0 0.0 1808.8849011548732 0 2.1424867e-14
348435439.0 0.0 1805.2650478195214 0 2.724224e-05
192794391.0 0.0 1793.1407942592784 0 0.008567739
104143301.0 1.0 1796.6404898892931 1 1.0
316250867.0 0.0 1798.932036246712 3 1.0772349e-16
301647374.0 1.0 1805.8488607589572 1 1.0
372211841.0 0.0 1796.7212977228737 2 9.9624295e-14
250494958.0 0.0 1812.369472783418 0 2.0331976e-08
428053550.0 0.0 1808.8699101673935 0 2.994125e-05
408620413.0 1.0 1794.930826240472 1 0.9999997
388504397.0 1.0 1797.9922741207179 1 0.99999243
117524811.0 1.0 1810.4947658732317 1 0.99999356
200777333.0 1.0 1797.1411676682071 1 0.9999999
286477979.0 1.0 1799.2857322054772 1 0.99999684
230028226.0 1.0 1796.6362226791398 1 0.99997884
53965082.0 1.0 1811.1603987621759 1 0.9999992
250512403.0 1.0 1797.5987335250188 1 0.9999651
240993844.0 0.0 1805.2027045152804 0 0.00012501703
453279129.0 1.0 1805.3900764469959 1 1.0
101092642.0 1.0 1794.495427843079 1 0.99998134
251253598.0 0.0 1805.2027197795298 0 0.00017071351
445641464.0 1.0 1799.8070324200896 1 0.9990156
269595458.0 0.0 1799.803570844455 2 4.3450665e-09
353691399.0 1.0 1798.409978522665 1 0.99999225
422663383.0 0.0 1805.201038017408 0 0.00019570866
118333870.0 1.0 1796.724719103276 1 0.9999907
395773542.0 0.0 1793.3053275041316 0 7.9904583e-13
408703119.0 0.0 1799.3049869105225 2 3.814975e-11
256099225.0 0.0 1809.3894284672417 0 0.0005518279
407026659.0 0.0 1812.346939040621 0 4.55742e-05
428706982.0 1.0 1796.7843089814558 1 0.99999976
301572901.0 1.0 1797.911354615668 1 0.99997056
431769742.0 1.0 1795.4948963084407 1 0.99999976
51883741.0 0.0 1809.2018095286912 0 1.899865e-07
192250180.0 0.0 1812.5575346282933 0 0.0012055283
12320313.0 0.0 1805.2855758783678 0 2.0205796e-07
374040772.0 1.0 1794.5982143798378 1 0.9999767
401326744.0 1.0 1798.325929634045 1 0.99999976
444140965.0 0.0 1805.2236440604863 0 2.695012e-06
292466626.0 0.0 1793.1408337647126 0 0.00017376171
233497259.0 1.0 1806.1780141245006 1 0.99999905
312335431.0 0.0 1805.5354043846999 0 1.8058692e-05
450162354.0 1.0 1810.3487758638676 1 1.0
272532690.0 0.0 1793.4098702322392 0 7.679939e-09
389969698.0 0.0 1805.9270216659054 2 7.264095e-05
362222220.0 1.0 1810.3662064806263 1 1.0
192422831.0 1.0 1796.9324524371198 1 0.9999995
240997918.0 1.0 1796.056934115707 1 0.9999986
285735879.0 1.0 1797.4947495311278 1 0.9999592
444584299.0 0.0 1796.9102778879626 0 3.49327e-07
445233065.0 0.0 1813.0144203976145 0 3.8263565e-06
331935383.0 1.0 1805.7848130660873 1 0.9999938
387405861.0 1.0 1806.3662377669013 1 1.0
11435346.0 0.0 1808.931549442052 0 1.4513601e-08
309055202.0 0.0 1808.8901162704499 0 9.973963e-05
241020520.0 1.0 1794.9942947103495 1 1.0
373130261.0 1.0 1811.2219042051893 1 0.9883367
390458781.0 0.0 1812.4106282411444 0 7.9771315e-05
280191995.0 0.0 1805.3061477548579 0 0.00070879515
200791980.0 1.0 1794.7035061909178 1 0.99976474
354014194.0 0.0 1794.0150628581907 2 8.335382e-09
83222019.0 0.0 1795.6182898598972 3 4.926001e-09
236787464.0 1.0 1810.1562596640383 1 0.9999548
250553211.0 1.0 1811.5153426320016 1 0.9997814
264224485.0 0.0 1805.2417581011484 0 5.151911e-12
82345712.0 0.0 1808.9108379322802 0 0.00022607757
240881973.0 1.0 1798.140116995341 1 0.9999999
373149548.0 0.0 1808.867654377984 0 4.662992e-08
258388870.0 1.0 1795.949285645045 1 1.0
420175802.0 1.0 1796.2410285988578 1 0.99997413
367102509.0 1.0 1793.8040828820986 1 0.99999833
51962527.0 0.0 1805.5561803002875 0 5.9672747e-09
235989488.0 0.0 1808.86643583819 0 0.00021039623
312253968.0 0.0 1799.3687621494066 2 2.5102065e-10
236934849.0 0.0 1805.1993091242025 0 1.7761267e-05
329249157.0 0.0 1811.405523395257 2 1.960672e-06
407414914.0 1.0 1794.5780929401315 1 0.99999857
201108289.0 1.0 1806.037004518426 1 0.99994504
259965499.0 0.0 1805.220686235202 0 0.0004847648
406598195.0 1.0 1799.0760742650582 1 1.0
399828838.0 0.0 1805.2011573334157 0 7.857252e-09
309235278.0 0.0 1805.244411185987 0 6.3010277e-09
419246700.0 1.0 1797.931051128137 1 1.0
81599012.0 1.0 1795.9937640649528 1 0.99999994
441725483.0 1.0 1794.9067610511677 1 0.9999651
407018395.0 0.0 1809.2015658484468 0 0.0012344016
229751802.0 0.0 1798.5321623124803 3 7.0527775e-17
316736104.0 0.0 1796.8901129729607 0 0.00022429253
445399032.0 1.0 1806.1812437479532 1 0.9999919
336106354.0 1.0 1793.9290702881267 1 0.999973
198278962.0 1.0 1796.801942513417 1 0.99999976
252195782.0 1.0 1797.5565247892227 1 0.9999931
436847865.0 0.0 1797.099812048684 2 0.00580661
285242213.0 1.0 1795.6405280133592 1 0.999999
354869862.0 1.0 1799.3279656632676 1 0.9999999
410741144.0 0.0 1808.8491670594622 0 0.0011151471
249858764.0 1.0 1796.098763492577 1 0.99999994
229958869.0 0.0 1805.2401098272594 0 3.5736976e-09
264226520.0 1.0 1796.9708706686076 1 0.99999785
200871250.0 1.0 1794.30773253906 1 0.9999994
353990474.0 1.0 1799.8643987067042 1 0.99999994
34619169.0 1.0 1795.9122483034344 1 1.0
184693913.0 1.0 1798.2868495654561 1 1.0
402779051.0 0.0 1809.0144276227043 0 0.00027480657
252841040.0 0.0 1796.9737934160269 2 1.9154802e-05
278932454.0 1.0 1795.0557158946353 1 1.0
233546424.0 1.0 1806.3231439588142 1 0.9999993
456130400.0 0.0 1810.2243946987076 3 1.1434303e-12
398158100.0 0.0 1808.9517258220753 0 1.3085073e-06
116890331.0 0.0 1806.6405443912201 3 3.2306034e-05
229676619.0 0.0 1805.2808550995376 0 1.1908927e-12
233743035.0 1.0 1806.219022178214 1 0.99999785
399738195.0 0.0 1796.8049252746928 0 0.0020659184
308122849.0 0.0 1805.244356017501 0 2.0440564e-07
139463633.0 1.0 1796.807736916916 1 1.0
416094279.0 1.0 1796.5574761244695 1 0.9999999
116849798.0 0.0 1805.2449499020954 0 0.00026664487
427647423.0 1.0 1798.8057360396413 1 0.9999135
250479421.0 1.0 1794.8903356896283 1 0.99995846
265191865.0 1.0 1793.7652849091846 1 0.9999776
71850221.0 1.0 1810.7441685827987 1 1.0
283018851.0 1.0 1798.7223763727889 1 0.9999921
233071028.0 1.0 1798.489689306284 1 0.9999999
367768136.0 0.0 1793.13785838067 0 1.7601667e-05
376354818.0 0.0 1808.9310799615146 0 1.9548877e-05
312146023.0 1.0 1796.764824175687 1 1.0
240815660.0 0.0 1808.8482434849318 0 0.0004962229
279435154.0 0.0 1812.556275042411 0 1.545121e-08
230074678.0 0.0 1794.1982070479933 0 8.666595e-06
292200269.0 1.0 1798.974078177524 1 1.0
356865267.0 1.0 1799.0528552029941 1 0.99962306
256928119.0 0.0 1808.8866671432938 0 0.0002659388
327704791.0 1.0 1795.8907089717538 1 0.999999
63719587.0 1.0 1794.3495404586636 1 0.9999998
302625940.0 1.0 1798.5349997071787 1 0.9999995
270007793.0 0.0 1812.3496104979363 0 0.00086963753
279875902.0 0.0 1793.4094615725157 0 2.107596e-08
137263210.0 0.0 1805.201569504879 0 6.045915e-08
192467947.0 0.0 1812.4743472766752 0 0.0008133461
251521810.0 0.0 1805.202724141409 0 2.7574533e-05
368241733.0 1.0 1799.1595392109703 1 0.9999983
396194794.0 1.0 1794.7219212222599 1 0.99993956
379472174.0 1.0 1795.2435912012445 1 1.0
264308788.0 1.0 1798.9917688161504 1 0.99999946
371489126.0 1.0 1797.9956679030456 1 0.99997896
420286437.0 0.0 1805.2000544556593 0 9.027726e-06
232602546.0 0.0 1808.8436054135082 0 0.0208445
292524302.0 1.0 1794.7867310791871 1 0.9999999
82095970.0 0.0 1794.3478936541105 0 0.00047946014
250494958.0 1.0 1798.1612878480034 1 0.999996
427738956.0 0.0 1812.620624698364 0 0.0004963514
376200464.0 0.0 1797.8477148652157 0 7.751028e-10
418134658.0 1.0 1795.1806880608171 1 0.9999998
265295800.0 1.0 1805.7860795258084 1 0.99978584
230001393.0 0.0 1805.2193395120526 0 9.311525e-07
353175462.0 0.0 1794.3476560739775 0 1.6620044e-06
184656177.0 1.0 1795.9535753118498 1 0.99995404
71695764.0 1.0 1793.7442926517676 1 0.9999997
367080025.0 1.0 1806.2416323751236 1 0.99999994
332049029.0 1.0 1793.973224691208 1 0.99999815
357032660.0 1.0 1798.1558710863737 1 0.99999994
34885883.0 0.0 1793.14142930288 0 0.0005520463
285036664.0 1.0 1798.6603769407527 1 1.0
403939319.0 0.0 1798.1183665009098 2 5.894113e-05
379094967.0 1.0 1795.4934015333665 1 1.0
117868677.0 1.0 1795.578000004423 1 0.99991685
256507852.0 1.0 1797.033634395029 1 1.0
46481823.0 1.0 1799.1414310376124 1 0.9982382
427546867.0 0.0 1809.5581296262417 0 0.00017814402
308785248.0 0.0 1793.1403196401493 0 2.2768437e-07
351609665.0 0.0 1812.3472400498958 0 1.0201863e-07
322262406.0 1.0 1796.3252346696115 1 0.9999738
302388209.0 1.0 1798.2862751526832 1 1.0
230116490.0 0.0 1799.4270102207286 2 4.9682236e-10
388508051.0 1.0 1796.6380860381523 1 0.9999719
284713269.0 0.0 1809.2018127095919 0 0.00024933048
299335684.0 1.0 1797.869479391163 1 0.99999666
137085487.0 1.0 1796.3054321226214 1 0.9999928
347681160.0 0.0 1812.3485745838443 0 0.00019437767
65279171.0 1.0 1796.2240341272836 1 1.0
233730349.0 1.0 1798.0731346829316 1 0.9999991
219754614.0 0.0 1808.927027874951 0 0.0007464262
229461186.0 0.0 1805.9695331558364 3 1.7339932e-14
377207757.0 1.0 1798.5758123937642 1 0.9999945
458875828.0 0.0 1806.2024725151327 3 1.15763375e-14
202957905.0 1.0 1796.32828195161 1 0.9999997
198517139.0 0.0 1812.5100598397146 0 1.5386224e-05
422515262.0 1.0 1798.366982460426 1 0.9999997
10702234.0 0.0 1812.4522449048063 0 1.9101728e-08
240979790.0 1.0 1805.2651795617621 1 1.0
390515296.0 1.0 1796.2231782273384 1 0.99999946
331933530.0 1.0 1798.9723222241632 1 0.99999994
421111145.0 0.0 1794.889293070812 2 2.8461955e-06
65642073.0 0.0 1808.8493801849797 0 0.00037488138
379472568.0 1.0 1799.7436523160718 1 0.9999861
327122265.0 0.0 1809.1599983929293 0 0.00018887705
229741985.0 0.0 1805.615561914158 3 3.2454504e-05
348673737.0 0.0 1805.202741784917 0 6.84371e-08
428521595.0 1.0 1806.1391617812767 1 1.0
321686951.0 1.0 1798.6167538479797 1 0.9999995
331789740.0 0.0 1793.1398380943426 0 8.769167e-11
352117309.0 0.0 1805.2223923277686 0 5.086916e-13
347401384.0 0.0 1812.3485412874174 0 9.933767e-07
139502796.0 0.0 1812.6618262730753 0 0.0007638919
367681735.0 0.0 1798.8026152434904 3 1.0306071e-14
316736104.0 1.0 1806.265293916949 1 0.9999998
368733280.0 1.0 1806.2014774018944 1 0.9983663
192468012.0 1.0 1795.807641113938 1 0.99999267
68001857.0 1.0 1793.870196939022 1 0.9999977
366026466.0 1.0 1797.0138135890575 1 0.999995
103947013.0 1.0 1797.4321302935862 1 0.99999857
322060987.0 1.0 1796.137713506755 1 1.0
424276988.0 1.0 1800.5357753596295 1 0.99998033
237255006.0 1.0 1806.3036456768568 1 1.0
406856798.0 1.0 1798.2609562181908 1 0.99999994
196893256.0 0.0 1808.8485027297356 0 0.00044663413
52855093.0 0.0 1805.5562218667499 0 1.2444884e-05
343466058.0 1.0 1798.3454685711235 1 1.0
398238078.0 1.0 1799.0331985055325 1 0.9999999
192589987.0 1.0 1793.2657646447321 1 1.0
54050622.0 1.0 1805.9311017401715 1 0.9999979
301470893.0 1.0 1799.307229195525 1 0.99998987
374830553.0 1.0 1797.2857846610718 1 0.9999996
14041308.0 1.0 1796.3690174798317 1 0.9999999
410497627.0 1.0 1793.3071887245608 1 0.9999979
306188277.0 0.0 1805.5564731443903 0 0.00018243356
68038064.0 1.0 1798.8910348644986 1 0.9999973
129761434.0 1.0 1796.8494767742225 1 0.9999968
26437316.0 0.0 1805.4746298863274 0 0.020469768
192835946.0 0.0 1805.3700237870316 0 0.0007229908
390241134.0 0.0 1795.1394566181982 2 6.497957e-09
245501851.0 1.0 1794.890227433188 1 0.9999986
229741985.0 0.0 1805.448895271738 3 7.8716716e-05
285430725.0 1.0 1798.516186330019 1 1.0
431929504.0 1.0 1810.3077424369365 1 0.9999968
250859182.0 0.0 1793.1404836699862 0 1.7830264e-07
275854772.0 1.0 1811.4313164267785 1 1.0
399543586.0 0.0 1798.119921527562 2 1.1191709e-09
376351234.0 1.0 1796.5144439975559 1 1.0
83227510.0 1.0 1799.3891549575233 1 0.9999992
308959220.0 0.0 1793.3696773353392 0 2.538211e-07
230016745.0 0.0 1812.344375910584 0 1.8296232e-05
422340534.0 1.0 1810.7828888731779 1 0.9999994
449993800.0 1.0 1795.8478555998588 1 0.99999356
312343214.0 0.0 1812.6811920306952 0 0.00023154067
229781362.0 1.0 1805.3864020318308 1 0.99997556
389415385.0 0.0 1812.7020534606243 0 0.006762105
139352774.0 0.0 1805.536815799193 0 0.00025913084
52522462.0 1.0 1797.410335918809 1 0.99999994
200879107.0 1.0 1793.8700470794067 1 1.0
219097692.0 1.0 1797.3858715568865 1 0.9999531
177885456.0 1.0 1795.6202633965254 1 0.9999958
326260646.0 0.0 1796.9077700015232 0 2.8813835e-07
219894351.0 0.0 1805.2193390585128 0 7.1810675e-05
316953862.0 1.0 1795.306779599214 1 0.9999966
256110165.0 0.0 1809.2019436688454 0 5.3315125e-05
333733062.0 1.0 1811.470335415529 1 1.0
400669401.0 0.0 1794.3483015488914 0 1.1393787e-05
315920101.0 0.0 1796.824897580375 0 2.8999055e-05
256433907.0 0.0 1805.2001686844387 0 5.276194e-07
370690088.0 0.0 1809.2023863500333 0 0.000109547545
301992734.0 1.0 1811.2862738279928 1 0.9999996
406837454.0 0.0 1809.1601022303078 0 2.8611277e-08
137993372.0 1.0 1793.3078677452204 1 0.99999994
186746448.0 1.0 1805.9535716361174 1 1.0
285582454.0 1.0 1811.0142733456605 1 0.9999999
67463952.0 1.0 1799.015860339833 1 1.0
388504333.0 0.0 1808.8465348656587 0 2.1125238e-06
264913049.0 0.0 1796.5153358799644 2 3.1225087e-09
301104468.0 1.0 1805.8906168627427 1 1.0
250747121.0 1.0 1795.494793188951 1 1.0
279785144.0 1.0 1798.3053885228392 1 0.99999887
233063260.0 0.0 1812.3855515945183 0 8.720186e-06
232622659.0 1.0 1797.3018663031694 1 0.9999997
327392153.0 1.0 1795.6405918947994 1 1.0
353988152.0 0.0 1812.530670206233 0 1.1893873e-09
191725102.0 0.0 1812.369284640679 0 0.0036858912
241069243.0 1.0 1810.181790574792 1 0.99999994
252125547.0 1.0 1795.014715660068 1 1.0
116275987.0 0.0 1808.8488520863418 0 0.00046211045
52031533.0 0.0 1805.681097636718 0 2.9221363e-08
240817037.0 1.0 1805.8066142132927 1 0.9999999
251301475.0 0.0 1808.8485719504952 0 9.2666465e-05
201013636.0 1.0 1795.2242318297663 1 0.99999845
118337424.0 0.0 1805.2037191944387 0 0.00067954336
322130060.0 1.0 1799.7835013261238 1 0.99998415
351872881.0 1.0 1798.868332093126 1 0.99999857
396601990.0 0.0 1805.2221739893764 0 0.0008887397
384734909.0 0.0 1796.8902919420486 0 0.00019403454
317838761.0 1.0 1805.70089717507 1 0.99999917
374974502.0 0.0 1794.6609301601254 2 1.269965e-06
420843459.0 0.0 1796.6394968821933 0 0.00013985635
368031350.0 0.0 1808.8886787132053 0 1.1153643e-05
346785547.0 1.0 1795.9118307376418 1 0.9999979
94455316.0 1.0 1810.1205103146115 1 1.0
354308449.0 0.0 1808.848707134385 0 4.1249777e-08
233527009.0 1.0 1810.8856252791338 1 0.99999946
83966750.0 1.0 1797.8474786525271 1 0.9961187
52259996.0 0.0 1805.5562538566633 0 2.5140383e-07
379248646.0 1.0 1811.4101691563744 1 0.9999959
73570843.0 0.0 1812.4536024994854 0 0.0014397852
264898803.0 1.0 1795.8460864120025 1 0.99999994
233194162.0 1.0 1799.031589561989 1 0.9999999
275853812.0 0.0 1794.3477343275297 0 0.000408443
367681735.0 0.0 1799.5734616297116 3 3.2216837e-20
373704667.0 0.0 1805.3062599998336 0 0.00031392518
450007274.0 1.0 1799.368918859006 1 1.0
21123653.0 0.0 1806.2181747579848 2 4.2723944e-09
279440865.0 1.0 1794.8058639574654 1 0.9999999
270331684.0 0.0 1808.8469337865488 0 5.701748e-05
309052331.0 1.0 1811.3275818441095 1 1.0
137126578.0 0.0 1796.8054894773495 0 3.7248662e-06
388566311.0 0.0 1808.846609189865 0 7.9887475e-05
399443800.0 1.0 1794.9729559105558 1 1.0
13351941.0 0.0 1807.7232697068334 3 5.6660643e-27
229640639.0 1.0 1795.3864873510945 1 0.99999994
395690594.0 0.0 1797.243129273397 0 1.5508215e-07
347764609.0 1.0 1810.9525165509433 1 0.9999991
22872908.0 0.0 1793.1413741400413 0 0.00086327916
352029849.0 0.0 1812.3682525448503 0 7.121737e-05
420850781.0 0.0 1800.1394692521717 0 3.178057e-05
292467344.0 1.0 1793.515874636984 1 0.99998623
332866785.0 1.0 1793.1607223502701 1 1.0
233605562.0 0.0 1808.9691266992334 0 3.9106257e-05
250744364.0 1.0 1806.265550597958 1 0.9999956
431899940.0 1.0 1793.4740104172133 1 0.9999869
258955205.0 1.0 1798.5530469597347 1 1.0
315937374.0 0.0 1796.3899980578174 3 2.564193e-13
428165157.0 1.0 1798.8071675502163 1 0.99910235
279208666.0 0.0 1812.431033546911 0 0.030278409
444123806.0 1.0 1797.3275888130584 1 1.0
240770011.0 0.0 1809.1604868523034 0 0.00034370788
468293391.0 0.0 1793.3673884449804 3 3.946206e-27
233050540.0 0.0 1799.0313078520462 2 1.9620188e-06
270015086.0 1.0 1810.4926714589665 1 0.99999475
219801736.0 1.0 1811.1562458051694 1 0.9999821
233531272.0 1.0 1810.8234378012398 1 1.0
367430078.0 0.0 1812.3461374346048 0 2.600291e-08
445276351.0 1.0 1796.0357063055844 1 0.99999976
229461186.0 0.0 1795.511409340736 3 1.5407406e-21
28998182.0 0.0 1805.5373249742672 0 0.00030121452
293126849.0 1.0 1795.1407233597906 1 0.9999998
229607785.0 0.0 1812.3655398049436 0 8.183733e-07
13083393.0 1.0 1797.05647888916 1 1.0
354178105.0 1.0 1798.2239483391224 1 0.99999875
428206415.0 0.0 1793.3281066295642 0 0.013629128
432070155.0 0.0 1808.9118411119862 0 0.00076747674
251605076.0 0.0 1794.3277341824294 2 6.077931e-08
129980433.0 1.0 1795.2452400617492 1 1.0
309057291.0 0.0 1808.8901681168466 0 8.7238206e-08
65643666.0 0.0 1796.6408043447348 0 0.0009868075
240770097.0 1.0 1798.5774098472937 1 0.99999774
402372496.0 0.0 1805.5369294227091 0 0.00016975406
51954629.0 0.0 1809.2227340570073 0 3.7085105e-05
331814837.0 0.0 1812.3470741997235 0 1.1741399e-05
332493254.0 0.0 1805.556390802557 0 1.0887776e-09
354155631.0 0.0 1812.348421572592 0 5.186589e-05
233534487.0 0.0 1809.156430693039 0 6.5002423e-06
383623165.0 1.0 1806.0933792951187 1 1.0
280568468.0 1.0 1811.5146501207428 1 0.9999999
347304991.0 0.0 1805.5558356365345 0 1.6529267e-09
400895472.0 1.0 1795.9521225887397 1 0.99999386
395769189.0 0.0 1793.305453002654 0 3.1683783e-10
420448703.0 0.0 1800.972476696996 3 5.5714873e-09
366553377.0 1.0 1793.5960900630328 1 0.99999964
354046724.0 1.0 1797.1377202676367 1 0.9999999
368110030.0 1.0 1810.2427211705583 1 0.99999887
198416591.0 0.0 1809.42650331176 3 1.0909194e-30
1981434198.0 0.0 1808.0123274881853 3 1.6235552e-24
287195806.0 1.0 1805.927691633865 1 0.99999475
67518891.0 0.0 1796.2450912210593 2 3.4812848e-09
229699513.0 0.0 1797.8860549752899 2 2.1964898e-13
229398840.0 0.0 1805.6363013502032 2 1.5497641e-15
396486931.0 0.0 1807.5966836035575 3 1.5047022e-17
288808734.0 1.0 1795.285337372315 1 0.99996305
229412530.0 1.0 1810.3861415285119 1 0.9999998
359497366.0 1.0 1811.2393997296028 1 0.99951774
398327110.0 0.0 1812.3671809437012 0 1.9955303e-05
352693190.0 1.0 1796.1995563328335 1 0.9999995
288469684.0 1.0 1811.5535736858383 1 0.99999315
240885637.0 0.0 1796.6402771081048 0 0.00065361214
368031350.0 1.0 1796.9304826896637 1 0.9999978
229910664.0 1.0 1798.0110751971406 1 0.99999964
436878255.0 1.0 1810.578823816051 1 1.0
233546620.0 1.0 1805.5731323567604 1 0.999922
301906843.0 0.0 1808.869776656089 0 4.5047566e-09
65350867.0 1.0 1798.4324452170008 1 0.99999857
441737397.0 1.0 1794.511453003959 1 0.9999995
399544712.0 1.0 1798.307458906055 1 0.99999946
54997270.0 0.0 1805.5563683239254 0 1.8980467e-07
229972243.0 1.0 1794.6780157234375 1 0.9999987
383674728.0 1.0 1796.7606828442233 1 0.9999888
398370307.0 0.0 1812.3668639843647 0 0.0002510422
10510046.0 1.0 1796.806309678839 1 0.97490114
399585106.0 1.0 1810.9949545394084 1 0.99999875
453160398.0 1.0 1794.931285080307 1 0.9999997
269697721.0 0.0 1806.886907976685 3 3.293564e-16
411582590.0 1.0 1794.3671001267853 1 1.0
395695392.0 1.0 1797.6596961394116 1 0.9999939
264615805.0 0.0 1797.0985398408711 3 0.0024543644
402846490.0 0.0 1812.3468800082926 0 3.9462293e-08
379604231.0 0.0 1797.8477154693876 0 0.03500381
366517381.0 0.0 1799.0747079592911 3 2.5079143e-25
422339909.0 0.0 1808.8662819673134 0 4.4671997e-05
364075498.0 1.0 1799.4497042439737 1 0.9999999
379159594.0 1.0 1793.4725866239444 1 1.0
82556590.0 1.0 1798.8689071018914 1 0.99999964
196778038.0 1.0 1806.306836488602 1 1.0
13258369.0 1.0 1794.8687620409034 1 0.9959295
233732940.0 0.0 1805.1984057562925 0 9.523512e-05
422977100.0 1.0 1806.2866256192772 1 1.0
408094673.0 0.0 1812.3458115843991 0 1.1550617e-05
252175123.0 1.0 1799.181365239383 1 0.9999999
186670093.0 1.0 1810.6411902327873 1 0.9999976
229751802.0 0.0 1812.469632676982 3 3.0040707e-22
21002519.0 1.0 1799.1141176392089 1 1.0
331713084.0 1.0 1797.9108282419832 1 1.0
444143116.0 1.0 1794.306959249627 1 0.99969864
402880087.0 0.0 1795.367049510505 2 0.0007703277
366779865.0 1.0 1795.1170272491138 1 0.9188584
285933440.0 1.0 1793.6196621980791 1 0.9999901
421307364.0 1.0 1797.656844863799 1 1.0
370350764.0 1.0 1796.9108699299084 1 1.0
238775956.0 1.0 1799.0785162144168 1 1.0
388583389.0 0.0 1805.2007192981696 0 1.640966e-06
399084825.0 0.0 1812.6814578331737 0 5.5600907e-05
245552501.0 1.0 1799.6402331321854 1 0.99990636
286408062.0 0.0 1797.8481030582718 0 0.0003025041
372339636.0 0.0 1805.200352794065 0 4.097976e-05
423032256.0 1.0 1793.5360347719234 1 0.99771357
377279511.0 1.0 1794.6383883817464 1 0.9999793
387527773.0 1.0 1796.199813907387 1 1.0
422541381.0 1.0 1799.8896495794954 1 1.0
346114089.0 0.0 1805.2649119210394 0 0.00036595948
270327645.0 1.0 1810.846862176957 1 0.9999995
285517354.0 0.0 1808.8489662262064 0 6.908571e-10
116274531.0 0.0 1812.3488821336434 0 8.292942e-10
331214558.0 1.0 1799.1191619133829 1 0.99999857
229639273.0 1.0 1810.2615691553572 1 0.99958664
285236447.0 1.0 1798.4729192205414 1 1.0
378470252.0 0.0 1795.347265712752 2 6.605636e-13
434533254.0 1.0 1805.7425485189983 1 0.9993806
207402821.0 1.0 1794.259534671023 1 0.9999999
348607599.0 0.0 1796.931826939501 2 1.5511053e-13
184564828.0 1.0 1811.1407219172472 1 1.0
397978324.0 1.0 1799.5351744454656 1 0.9999467
377307592.0 0.0 1795.5318138776968 3 7.560354e-24
202930273.0 0.0 1812.3697844405162 0 2.253625e-07
445344381.0 1.0 1794.202406898991 1 1.0
12648264.0 0.0 1808.9107952301592 0 0.00016999443
359593546.0 1.0 1811.2430939162673 1 0.9999676
378047543.0 0.0 1796.909681490766 0 3.1166852e-05
327512153.0 1.0 1799.494736648812 1 0.99999976
73623668.0 1.0 1797.5370460272254 1 1.0
251816520.0 0.0 1805.2029891602197 0 1.25251345e-05
241136738.0 1.0 1797.9321877885454 1 0.99998325
118443390.0 1.0 1796.5164171776958 1 1.0
434437489.0 0.0 1804.659197272659 3 1.7740743e-18
453154083.0 0.0 1793.306449113928 2 0.00070058863
407352723.0 0.0 1805.2432310620177 0 2.0826898e-05
275422678.0 0.0 1812.3455674611316 0 0.00020134696
320496370.0 1.0 1798.6813094810855 1 0.99999964
372069112.0 1.0 1798.3461990243838 1 1.0
367422320.0 1.0 1798.9921687792882 1 1.0
12000797.0 0.0 1805.306376298425 0 0.00016943159
441797422.0 0.0 1797.698607523153 0 9.264153e-06
116889702.0 1.0 1811.4530688952705 1 0.99923897
418205364.0 1.0 1805.82651787348 1 0.9999988
317779648.0 0.0 1794.0339851012448 2 1.625025e-15
11059633.0 1.0 1795.431160093348 1 0.9999929
177881728.0 1.0 1796.01612520848 1 0.99999744
284295015.0 1.0 1798.0308851669597 1 0.99998546
352929478.0 0.0 1798.1807465656238 2 0.00019325834
230119000.0 1.0 1795.2188350539298 1 0.9993426
233079659.0 0.0 1800.969022072857 3 7.777716e-05
192795281.0 0.0 1808.9326587194494 0 0.00047836176
13268428.0 0.0 1812.4731633581673 0 0.00026169533
402659580.0 0.0 1793.8242082701995 2 2.1461633e-18
285935625.0 1.0 1796.1822721888075 1 0.9999998
372054243.0 1.0 1796.6379336926284 1 0.999999
249832286.0 1.0 1797.0363037663367 1 1.0
397238231.0 1.0 1799.13938152808 1 0.99999994
326630342.0 0.0 1808.9930207823204 3 8.240509e-15
229647462.0 0.0 1812.3451317000608 0 0.00034861822
327581427.0 0.0 1805.535138629086 0 0.00041346642
410734924.0 1.0 1811.3490739000579 1 1.0
445416642.0 1.0 1797.2441204615766 1 0.9999682
331978398.0 0.0 1812.7021584720615 0 1.53799e-09
252101670.0 1.0 1806.2438270740183 1 0.99999994
63345593.0 1.0 1796.4744546046097 1 1.0
26621692.0 1.0 1797.6411930819588 1 0.9999992
65495632.0 0.0 1805.2034317427945 0 0.0014948004
233050273.0 1.0 1796.9063563153566 1 0.99999475
368611906.0 1.0 1794.4097566862863 1 1.0
427579590.0 0.0 1812.6831338994643 0 0.00053819024
379328177.0 1.0 1799.2433648855542 1 0.9998522
63584281.0 1.0 1795.8495088118218 1 0.99999976
316250867.0 0.0 1806.4738216189392 3 4.236524e-18
284915325.0 1.0 1811.3267020075352 1 1.0
387878252.0 0.0 1798.9498799366079 2 0.00027325418
186986337.0 0.0 1794.7659536234328 2 6.1881547e-06
420851130.0 1.0 1796.2644717218025 1 1.0
366517381.0 0.0 1796.345529308466 3 5.45309e-22
251195002.0 1.0 1798.4109389365997 1 1.0
400535190.0 0.0 1805.5565182650366 0 2.9097873e-07
139432899.0 1.0 1811.1618703527047 1 0.9999998
353076207.0 1.0 1795.8892800316935 1 0.20655884
387288160.0 1.0 1811.0328341163408 1 0.99999964
367855005.0 0.0 1795.6780395196458 2 0.0001333947
319843215.0 1.0 1798.7645960930192 1 1.0
356701572.0 0.0 1808.865180025827 0 1.2080812e-05
445193795.0 0.0 1812.6811316987619 0 0.00071153813
312671977.0 1.0 1810.5353499891312 1 0.9999408
275142573.0 1.0 1810.1388090984992 1 0.9999999
376042183.0 1.0 1799.3047709535288 1 0.9999177
337004549.0 1.0 1810.3670502626446 1 0.9999999
445484565.0 1.0 1805.9734725183966 1 0.99999565
12221845.0 1.0 1811.1607764354535 1 1.0
357829802.0 1.0 1797.326905779526 1 0.9999972
129979528.0 0.0 1801.1411085120255 3 8.7134275e-08
399828529.0 1.0 1798.929757256697 1 0.9999999
301997839.0 1.0 1796.8072442340128 1 1.0
264721808.0 1.0 1794.0333906824408 1 0.9999617
331546203.0 1.0 1795.6379255504478 1 0.99999
445258913.0 1.0 1795.1605672003664 1 1.0
12906712.0 1.0 1810.4104824296621 1 1.0
416043282.0 0.0 1809.140694666365 0 0.00109157
308529610.0 1.0 1794.3694263999685 1 0.9999955
280321964.0 0.0 1797.0767014726935 3 9.454312e-16
452990852.0 1.0 1798.3061745147745 1 1.0
372212744.0 1.0 1811.0335518915356 1 0.9999998
370073677.0 0.0 1805.556613979641 0 6.8576316e-14
101258576.0 1.0 1794.4121075396306 1 0.9999941
444494162.0 1.0 1811.1601323589089 1 1.0
200792112.0 0.0 1793.1409589773034 0 0.00076780224
245559525.0 1.0 1796.9320345162666 1 0.9999997
245588080.0 1.0 1796.4527053149018 1 0.999998
377784679.0 0.0 1808.8447352402593 0 4.439024e-05
389634673.0 0.0 1796.6396974171812 0 8.643772e-05
279754531.0 1.0 1795.1812545604853 1 1.0
373626245.0 1.0 1798.181379904086 1 0.9999999
236886901.0 1.0 1806.324202629765 1 0.99992603
368409443.0 0.0 1808.8682467546148 0 1.0096187e-05
83148011.0 0.0 1812.3680200425074 0 0.0010058634
12902946.0 1.0 1811.535752722469 1 0.99962175
353241083.0 1.0 1797.4309474024076 1 0.9999998
241023969.0 0.0 1808.8483793696219 0 0.0026730418
256557975.0 0.0 1812.3862777105576 0 2.570392e-06
364175597.0 1.0 1811.158137609608 1 0.99999547
285036238.0 1.0 1795.5979047488042 1 1.0
353691613.0 1.0 1797.8891270974013 1 1.0
356975809.0 1.0 1798.7184229581428 1 0.9999996
229764062.0 1.0 1806.0531488734568 1 1.0
1981434198.0 0.0 1797.5957594308043 3 1.2299375e-21
235710948.0 0.0 1805.1994308700841 0 1.845885e-06
233508020.0 1.0 1797.5723808735975 1 1.0
289723065.0 1.0 1799.3641598840143 1 0.9997841
390407250.0 1.0 1810.827470420388 1 0.99998415
315929104.0 1.0 1795.4526951297476 1 1.0
241098754.0 1.0 1805.6404778293695 1 1.0
284479475.0 1.0 1810.5316968097625 1 1.0
336543055.0 1.0 1797.6797586350947 1 0.99987966
288734666.0 1.0 1796.0537931657482 1 0.99999565
83967462.0 0.0 1805.201554390158 0 0.00019417485
353896753.0 1.0 1796.7395128680666 1 0.99999964
309140428.0 0.0 1793.1402739494506 0 1.0348008e-06
50772261.0 1.0 1796.0564888463289 1 1.0
251387790.0 0.0 1800.3902197463503 0 6.9398965e-07
13619204.0 1.0 1798.3897263195483 1 0.9999999
116892799.0 0.0 1812.390542695621 0 2.6822958e-08
258749219.0 1.0 1799.284704490148 1 0.99999994
311821411.0 0.0 1809.1810679228436 0 7.2859907e-06
301420230.0 1.0 1795.4737769600033 1 0.9999778
201039805.0 0.0 1812.3495556740297 0 0.00041478776
241085949.0 0.0 1808.8694869976007 0 3.8592773e-07
286320298.0 1.0 1796.035800879101 1 0.99998856
245711074.0 0.0 1812.348692998831 0 0.00046525852
284146933.0 1.0 1799.8269704656327 1 0.99999934
235929241.0 1.0 1794.5537924457012 1 0.9999991
400436414.0 1.0 1797.8274046102451 1 0.9999736
233534075.0 0.0 1805.3231083225924 0 1.9106603e-05
233079659.0 0.0 1800.7190229041255 3 2.1581068e-12
333067722.0 1.0 1793.223298987023 1 0.99971986
232625524.0 0.0 1809.2181689171132 0 4.5003574e-07
404113234.0 0.0 1808.8457345421114 0 0.0002117454
370950181.0 1.0 1795.4318723099657 1 0.99999595
177886661.0 1.0 1811.266116468135 1 0.99999976
390049080.0 0.0 1812.5352563098484 0 2.4849928e-07
229508892.0 0.0 1795.6574585307858 2 1.5888381e-05
116556570.0 0.0 1793.3279284999198 0 2.6271515e-08
283025371.0 0.0 1812.3680232885044 0 1.9909673e-07
256109664.0 1.0 1799.3062220931758 1 0.99996513
256660902.0 1.0 1797.8241856429368 1 0.9977873
245616307.0 0.0 1793.3899898156242 0 2.2623817e-06
372058437.0 1.0 1798.117061392663 1 1.0
250476986.0 0.0 1805.2028198433027 0 0.00049271184
12644700.0 1.0 1797.2649159084117 1 1.0
395924247.0 1.0 1795.2638031738325 1 0.9999997
240976971.0 1.0 1796.723537588202 1 0.99999994
366559842.0 0.0 1796.8246064724783 0 0.00063814415
199549440.0 0.0 1796.676555587484 0 1.1612163e-06
403831420.0 1.0 1796.0145583417168 1 1.0
327013587.0 1.0 1795.7865612026624 1 1.0
201108636.0 0.0 1796.641017008383 0 0.011132858
283840173.0 0.0 1796.6394032354672 0 1.0666654e-05
403526428.0 1.0 1805.3276341780709 1 0.99999875
424730553.0 0.0 1793.8227883584536 2 1.7361699e-15
399433700.0 1.0 1805.9106763067239 1 1.0
50350463.0 1.0 1811.1399845646736 1 0.999998
403041738.0 1.0 1799.682280146853 1 0.99995404
452967724.0 0.0 1805.5353593078185 0 0.0010661737
406890430.0 1.0 1798.618201930555 1 1.0
301472229.0 1.0 1805.9531168669755 1 0.99999154
376643415.0 0.0 1810.5547242876073 2 5.720523e-08
34749696.0 1.0 1795.1206055747607 1 1.0
117402526.0 1.0 1795.557208270025 1 0.99705744
357828616.0 1.0 1797.9311213829508 1 0.99999845
272787246.0 0.0 1793.176949538686 0 3.4495384e-05
71973961.0 1.0 1793.6191167164886 1 1.0
285173025.0 1.0 1796.0786877769956 1 0.99999994
305859208.0 1.0 1796.3041379062909 1 0.9999997
423036868.0 0.0 1812.3901328197471 0 2.1100224e-05
259004297.0 0.0 1805.21986429776 0 4.068492e-08
165502667.0 1.0 1798.655849581221 1 0.99999857
271833843.0 1.0 1795.4721640339374 1 0.99998295
453252569.0 1.0 1796.5148971428937 1 1.0
256197394.0 0.0 1805.6602671931255 0 2.7842972e-05
388602832.0 0.0 1793.6380657462266 3 2.1830064e-18
441742116.0 1.0 1798.4486624921544 1 1.0
13356881.0 1.0 1797.0566461328995 1 1.0
354924503.0 1.0 1797.1809576945702 1 0.9999935
233719053.0 1.0 1811.1562716757 1 0.9999997
431766521.0 1.0 1793.244949249513 1 0.99999994
256925744.0 0.0 1805.1991115370838 0 1.3035786e-06
255993777.0 0.0 1804.0536833940214 3 0.07189087
200939418.0 0.0 1811.1828631078865 3 0.00019080481
322317965.0 0.0 1797.7419240150405 2 7.2644966e-06
338427075.0 1.0 1797.596578148619 1 0.9999825
333072716.0 0.0 1805.327529683528 0 2.9994234e-07
452968676.0 0.0 1796.6396655449455 0 0.004803222
397923260.0 1.0 1795.2434820869203 1 0.9999999
139378834.0 0.0 1805.4744709569848 3 1.8024353e-10
374695963.0 1.0 1798.2026705447117 1 0.9999892
348614319.0 1.0 1799.3691917350907 1 0.9987276
417734986.0 1.0 1805.678385475646 1 0.99999964
444443217.0 0.0 1793.9727421284222 2 3.9074837e-12
12216262.0 1.0 1811.1606668862785 1 0.9999998
450147833.0 1.0 1810.6819125794332 1 1.0
186624496.0 0.0 1793.140964299301 0 0.00036925313
35114670.0 1.0 1810.2455662424263 1 0.99999875
237200649.0 1.0 1810.6369241655655 1 0.9999993
90572367.0 1.0 1805.6205750985866 1 1.0
420452282.0 1.0 1810.3473031436415 1 0.99999833
444116234.0 1.0 1799.806788589138 1 0.9999824
362968354.0 0.0 1808.8466655217817 0 3.972101e-08
403432373.0 1.0 1805.9107499891156 1 1.0
84165986.0 1.0 1795.7851349397413 1 0.99999994
378989192.0 0.0 1805.4931995909371 2 7.317218e-05
357737013.0 1.0 1795.076862003104 1 0.9999996
326856830.0 1.0 1810.869432385045 1 0.99999094
335480540.0 1.0 1795.4713971982499 1 1.0
139378834.0 0.0 1794.1203575685388 3 5.3955075e-05
198157957.0 0.0 1799.0516155314758 2 8.890708e-12
199549391.0 1.0 1810.6559328573292 1 1.0
405463318.0 0.0 1796.6414197693014 0 0.0010313655
83141432.0 0.0 1805.2223745859367 0 1.2083271e-07
229511362.0 0.0 1796.9074160407185 0 0.00015599723
441795507.0 0.0 1797.6990549603167 0 5.16208e-05
285178006.0 1.0 1798.3495284463665 1 0.99993324
249945361.0 1.0 1799.4323833927222 1 0.9999994
279195613.0 1.0 1795.4102511395 1 1.0
250748747.0 1.0 1797.890572198663 1 0.99999905
309239101.0 0.0 1796.640256062224 0 0.00012509144
192416863.0 0.0 1793.1408045113358 0 0.00053360686
50516847.0 0.0 1794.348160270271 0 0.0015480616
268948167.0 0.0 1799.6594996566278 2 3.208994e-13
265349418.0 0.0 1793.4093639139721 0 8.9616823e-13
187030585.0 1.0 1798.3493541209127 1 1.0
357740731.0 1.0 1811.4101703025308 1 0.99999386
352175100.0 1.0 1798.2403338168417 1 0.9999999
251430059.0 0.0 1805.2028630740456 0 1.959001e-05
250538434.0 0.0 1812.369431919423 0 1.11434265e-05
235982927.0 0.0 1796.7830345231416 3 4.8524584e-05
298664740.0 1.0 1798.6354821213934 1 0.9999974
29701613.0 1.0 1800.078908788833 1 1.0
408732795.0 0.0 1805.201093704715 0 7.781499e-06
12645126.0 0.0 1799.514943389029 2 3.6694473e-06
320271196.0 1.0 1797.9313129486177 1 0.9999986
84161498.0 1.0 1793.2435553294647 1 0.99999976
285691112.0 0.0 1797.8481872745294 0 0.00036650567
139534302.0 1.0 1798.0994468088431 1 0.9999968
354241911.0 1.0 1798.5548804033047 1 0.99977267
367334001.0 0.0 1812.3877997830718 0 1.8209678e-07
436933164.0 1.0 1806.391404957222 1 0.9999997
229597519.0 1.0 1805.6571530762842 1 0.9999996
351880161.0 0.0 1812.3682556432527 0 9.192883e-05
53973931.0 0.0 1793.1395620867124 0 0.00037149666
422657234.0 1.0 1797.6593322701312 1 0.99999994
252854757.0 0.0 1812.3490269595954 0 1.7733442e-05
424461577.0 0.0 1804.4689473802875 3 3.1711908e-13
275060533.0 0.0 1795.1384803735277 2 3.006257e-09
341840419.0 1.0 1798.6765627622317 1 0.9999985
229676244.0 0.0 1808.0740170503086 3 2.4862896e-07
347686404.0 0.0 1812.369330556576 0 2.519958e-06
186624384.0 0.0 1805.2035625902088 0 5.7901906e-07
394090475.0 1.0 1793.55356588371 1 1.0
63559570.0 1.0 1794.5370449749046 1 0.9999999
306564418.0 1.0 1797.9108253640338 1 1.0
282791613.0 0.0 1795.680823222942 2 5.172622e-06
388434512.0 1.0 1811.0549118352599 1 1.0
389974349.0 1.0 1795.6606064246494 1 0.999999
230028452.0 0.0 1805.219397792732 0 4.3896245e-05
301916817.0 1.0 1811.2871203220182 1 0.9999979
367681735.0 0.0 1799.823465925103 3 1.561726e-18
265306055.0 1.0 1811.2208355512475 1 0.9999996
256564233.0 1.0 1796.2200679878172 1 0.9999973
308781417.0 1.0 1798.8693736964758 1 0.99999475
367073935.0 1.0 1799.6588041169678 1 0.9998695
285788731.0 0.0 1805.285794574418 0 2.8194877e-06
279288205.0 0.0 1808.8676085783059 0 6.647418e-05
357746262.0 0.0 1809.0559873717157 0 0.0068875435
104029331.0 0.0 1812.3489460755354 0 8.577676e-06
252096958.0 0.0 1798.4729919847487 3 4.585493e-19
230004498.0 1.0 1795.844713023861 1 0.99999934
377289389.0 1.0 1795.3883047940749 1 0.9999948
359136804.0 0.0 1806.3056965138949 2 3.3034867e-05
117110388.0 0.0 1808.8698796239346 0 0.00011769701
238799830.0 0.0 1797.3700305163761 2 4.390149e-07
302547752.0 0.0 1812.3474768222331 0 3.3171852e-07
63400333.0 1.0 1795.6203333763463 1 1.0
12481463.0 1.0 1799.2648945139051 1 1.0
376112614.0 0.0 1797.950568332395 2 2.2756196e-11
29058618.0 0.0 1809.2247711708862 0 0.00058157067
279871956.0 0.0 1805.2011356287983 0 0.00042856167
274837414.0 1.0 1799.951258568459 1 0.99999815
427111667.0 1.0 1793.7001412890443 1 1.0
358829327.0 1.0 1797.013483532653 1 0.99700314
236969748.0 0.0 1796.9077845781535 0 7.404821e-05
283019371.0 1.0 1810.743022829486 1 1.0
389759527.0 1.0 1796.6188077517509 1 0.9999488
26536848.0 1.0 1810.287183494647 1 0.9999976
219109908.0 0.0 1798.073578254676 3 4.607619e-20
81593786.0 1.0 1810.5775010388254 1 0.99999744
73689467.0 1.0 1811.266166131964 1 1.0
348135324.0 0.0 1808.8693724587156 0 5.4427877e-05
370691418.0 1.0 1810.8898457350513 1 0.9999999
418257102.0 0.0 1796.6584783321136 3 7.921611e-09
368375292.0 1.0 1795.4096578567808 1 0.9999997
264933313.0 1.0 1811.513109196245 1 0.99999726
359498291.0 0.0 1794.4064448490242 0 0.0001723139
403346446.0 1.0 1810.6808701830516 1 0.99998087
427475064.0 0.0 1808.971616210788 0 3.3429092e-07
198420520.0 1.0 1811.4681231387342 1 0.99999547
94673268.0 1.0 1797.0995176864355 1 0.99999976
396244175.0 1.0 1797.076230731345 1 0.9999995
349294422.0 0.0 1808.5164224987236 3 1.3690142e-07
275906654.0 1.0 1794.9936288188553 1 0.9999999
390575242.0 0.0 1805.2856777303682 0 2.932472e-07
264292988.0 1.0 1795.4916599917392 1 1.0
229765827.0 0.0 1805.1986893922 0 5.191514e-06
52271545.0 1.0 1796.6811173804674 1 1.0
229507275.0 1.0 1805.6572061496463 1 0.99966097
265461913.0 1.0 1798.7221605816767 1 0.9999998
289351584.0 1.0 1797.6597071205845 1 0.9999989
256205283.0 1.0 1810.7017385398244 1 0.99999994
368738000.0 1.0 1795.1598064739467 1 1.0
434893323.0 0.0 1809.9299834375884 3 6.7475754e-23
285386243.0 1.0 1798.3288282604462 1 0.999999
354475437.0 1.0 1797.5364009780903 1 0.9999995
202977876.0 0.0 1812.3489784988933 0 8.4125735e-05
245589110.0 0.0 1808.8485833015734 0 0.019184021
293063375.0 1.0 1796.0782817808354 1 1.0
373148780.0 1.0 1796.8259166127848 1 0.999388
332983286.0 0.0 1793.1398949205443 0 1.0864329e-06
444332522.0 1.0 1798.3268893073298 1 0.999993
252149464.0 0.0 1793.2022007708802 0 6.408295e-08
219865641.0 1.0 1798.3021668372846 1 0.99999964
326885582.0 1.0 1810.9723923801778 1 0.99309653
233075446.0 1.0 1799.614864135311 1 0.9998883
428070652.0 1.0 1795.1821828653074 1 0.9999987
269040926.0 0.0 1808.8676200310285 0 7.982799e-06
229676244.0 0.0 1796.53216290675 3 3.0524465e-16
455960348.0 1.0 1795.7841671120154 1 0.99994576
286176467.0 1.0 1805.9329040061014 1 0.99999994
445176745.0 0.0 1805.5561373212786 0 3.359746e-07
390896859.0 0.0 1812.4317117035318 0 3.1549013e-07
347488959.0 1.0 1799.0775310678473 1 0.9999988
445108634.0 0.0 1812.8684920803976 0 8.375616e-07
219900027.0 0.0 1796.5941469083507 3 9.606024e-22
387633055.0 1.0 1797.1581275280612 1 0.9999927
309126202.0 1.0 1798.2446461446016 1 0.99999964
270725122.0 0.0 1808.8469212372304 0 1.21635485e-05
229765695.0 1.0 1798.740401596858 1 1.0
407208818.0 0.0 1796.9097463095366 0 2.8766857e-07
407115556.0 0.0 1805.2222000866172 0 1.0614651e-08
381659772.0 1.0 1796.495236070985 1 1.0
436848526.0 1.0 1794.0997847167848 1 1.0
401498429.0 0.0 1794.2634504045627 2 3.5868406e-14
372501164.0 1.0 1800.3476588864282 1 0.99999857
441734144.0 0.0 1809.9282332034857 3 5.8112775e-29
352775340.0 0.0 1808.868221668948 0 1.8941968e-07
272331853.0 1.0 1795.4930976221892 1 0.9680196
352425043.0 1.0 1798.9725089715312 1 1.0
410499999.0 1.0 1795.3904712323883 1 0.9999984
392536812.0 0.0 1796.6981043521307 3 5.879939e-13
319913512.0 0.0 1796.6395374180606 0 2.570755e-06
406960929.0 0.0 1794.993561739404 2 4.9360137e-14
444081101.0 1.0 1796.8069531812678 1 0.9999875
358910231.0 1.0 1794.700904282393 1 1.0
54261022.0 1.0 1811.0143742735163 1 0.9999965
72088471.0 1.0 1793.785833776635 1 0.999994
315920260.0 0.0 1805.2205933947369 0 7.190171e-07
250869492.0 1.0 1799.0363155925925 1 0.92662674
367093858.0 0.0 1808.8672022988867 0 2.335915e-08
255993777.0 0.0 1807.1369695430838 3 0.004562905
293067471.0 1.0 1810.8073267016994 1 0.999997
200735265.0 0.0 1796.6411461815692 0 0.0005764593
280253461.0 1.0 1798.389241382995 1 1.0
366676700.0 0.0 1808.846191461244 0 1.6142117e-07
288312840.0 0.0 1797.7407956905554 3 5.4406098e-12
445635467.0 1.0 1806.390256612001 1 1.0
233659783.0 1.0 1797.3437155110878 1 0.9999999
385411301.0 1.0 1805.9736899737957 1 0.99997944
192420860.0 0.0 1812.369943578614 0 0.00739201
235954079.0 1.0 1797.074772414207 1 0.99999887
235682901.0 0.0 1812.3451705851858 0 4.1676003e-07
387504170.0 1.0 1811.012151531671 1 0.9999999
445434937.0 0.0 1799.1399373855152 2 2.75461e-10
249917479.0 1.0 1796.3281026915147 1 1.0
50943560.0 1.0 1798.514945968186 1 0.99998987
240982081.0 1.0 1795.3070227681953 1 1.0
237082307.0 1.0 1805.5535598187405 1 0.9999998
269238622.0 0.0 1798.5762391479589 3 6.6855596e-19
367333600.0 1.0 1794.7838586072228 1 1.0
362965342.0 1.0 1810.117531795749 1 0.9999997
20895509.0 1.0 1793.911536787058 1 0.99999934
379085094.0 1.0 1794.0347374228697 1 0.99999607
373515841.0 0.0 1812.346938817818 0 6.4597936e-07
229581052.0 1.0 1797.490480365068 1 0.99998903
364118779.0 1.0 1794.7414219850796 1 1.0
373281221.0 1.0 1797.4092927583913 1 0.9987887
279443519.0 0.0 1808.9309478419393 0 0.035710987
194607626.0 1.0 1810.536922035669 1 1.0
445108124.0 0.0 1812.7018233209553 0 2.7324827e-08
352431171.0 1.0 1796.2223038168552 1 0.9999998
359676320.0 0.0 1798.7814574791914 3 5.3539865e-05
368793041.0 1.0 1798.326630563923 1 0.9994667
286482705.0 1.0 1797.3897168358494 1 0.99999994
265348946.0 0.0 1805.221891035668 0 3.7605714e-09
333868181.0 0.0 1809.3871740926156 3 1.8013746e-16
427755043.0 0.0 1798.3260753045454 2 2.2065242e-14
396615018.0 0.0 1811.4325284325207 3 3.6167886e-09
428112624.0 1.0 1794.8696588234768 1 0.99998677
264303459.0 0.0 1812.4490124994584 0 6.1688085e-11
117037903.0 1.0 1796.6196241403657 1 0.99999976
198280388.0 0.0 1808.6765981518126 3 1.3259284e-21
288524964.0 0.0 1793.1369050919354 0 5.3540445e-12
245590189.0 1.0 1810.7652221270214 1 0.9999996
312460816.0 0.0 1809.1603502741245 0 3.9333625e-09
289206848.0 0.0 1793.3051136954446 0 9.831568e-12
410742973.0 1.0 1797.9322967761489 1 0.9999998
449934617.0 0.0 1796.8905051640686 0 0.00044214827
101302325.0 0.0 1798.8497239968742 3 0.010565109
308876826.0 0.0 1812.3693116566433 0 4.4364464e-05
275713133.0 1.0 1796.7433983660226 1 0.99999946
338992133.0 1.0 1798.6175272181988 1 0.9999992
395736802.0 0.0 1808.8474338594515 0 2.1218509e-07
367859029.0 1.0 1805.3883552676443 1 0.9935148
34552734.0 1.0 1796.6206170337064 1 0.99997413
250477601.0 1.0 1797.4528277292304 1 0.9999884
433970898.0 1.0 1799.0550622313137 1 0.99999976
403688930.0 0.0 1808.848627115466 0 5.0342376e-05
416093819.0 0.0 1805.286738944658 0 0.0020047198
272625675.0 0.0 1812.3470192079687 0 1.659988e-07
240854578.0 1.0 1798.4526492989341 1 1.0
265191251.0 1.0 1796.034637490587 1 0.999975
353003546.0 1.0 1796.7433283349812 1 0.99999994
275858205.0 1.0 1799.1392384620353 1 0.99999195
237288865.0 0.0 1808.8871659724007 0 2.9487646e-08
12825000.0 0.0 1809.0562930352114 0 1.5746406e-05
247003756.0 1.0 1811.0786504386358 1 1.0
219885946.0 0.0 1808.9692086952637 0 0.00079086877
198457457.0 0.0 1799.0097689217127 3 8.604506e-31
238795688.0 1.0 1806.0782886320887 1 0.99999905
395693038.0 0.0 1812.7224928398389 0 0.0080421455
422563617.0 1.0 1795.159258734531 1 0.9999999
117114448.0 1.0 1796.6615321530612 1 0.9999989
65489669.0 1.0 1811.2243960714675 1 0.99999976
422607630.0 0.0 1793.4092964744439 0 6.125046e-07
375852951.0 1.0 1806.17964322721 1 0.99999714
229461186.0 0.0 1800.7404732931852 3 2.1094343e-19
356786271.0 1.0 1805.4490807680138 1 0.9999985
279265624.0 0.0 1799.0974392763235 2 0.00022286044
201112408.0 0.0 1809.1829458917205 0 0.000100457044
366487403.0 1.0 1805.7618691143293 1 0.99999905
317773938.0 0.0 1793.409263100264 0 1.6545353e-07
139463395.0 1.0 1797.2452239823747 1 0.99999684
46616950.0 1.0 1794.9954991559237 1 0.9999598
311706812.0 1.0 1797.0355439124326 1 0.99999726
400535190.0 0.0 1809.2023137648387 0 1.5208317e-07
444460341.0 0.0 1805.535021393391 0 4.8223166e-07
251458145.0 0.0 1805.2026762604896 0 2.1986493e-06
21228448.0 1.0 1798.3434886570462 1 1.0
198457457.0 0.0 1805.0514071511252 3 1.8394619e-32
274986334.0 0.0 1805.2012512903361 0 5.702477e-05
396446258.0 0.0 1805.2431332945798 0 0.00023843982
398284092.0 1.0 1810.6379720916989 1 0.99999356
192417130.0 1.0 1796.140847278298 1 1.0
354257885.0 0.0 1800.1404763889757 0 9.9623634e-08
422429717.0 0.0 1805.2415428844329 0 2.0665152e-09
368920666.0 1.0 1795.0349679013264 1 0.99999875
63401276.0 1.0 1799.1411804793809 1 1.0
184739277.0 0.0 1804.1410196773932 3 9.0096375e-09
77357782.0 1.0 1799.0371139141741 1 0.9999974
229594752.0 0.0 1805.2199088521668 0 2.9254656e-05
379480669.0 1.0 1810.1602136226363 1 1.0
355821222.0 1.0 1799.181995065648 1 0.99997133
427449552.0 1.0 1796.9299838989068 1 0.99999976
385553813.0 1.0 1794.9329608470805 1 0.9991899
319844277.0 1.0 1806.389416031048 1 0.99999136
456130400.0 0.0 1809.1827278831358 3 1.1021262e-21
186595806.0 0.0 1796.5578123341973 3 2.408899e-06
230131062.0 0.0 1805.1984682835612 0 1.193565e-05
116497645.0 0.0 1793.3280863271577 0 2.306824e-07
387831439.0 1.0 1805.3039114539113 1 0.9999998
219797699.0 0.0 1808.9477904915727 0 0.009853944
283132719.0 0.0 1805.722426416668 0 1.0022178e-05
288603421.0 1.0 1805.3035245994952 1 1.0
1981434198.0 0.0 1798.1999218902863 3 9.771463e-27
359495272.0 0.0 1805.5934458938852 2 2.6242801e-06
417643330.0 0.0 1793.324983386505 0 0.0004879655
237202531.0 0.0 1796.595146276106 2 4.2141572e-08
331391192.0 1.0 1793.285835397437 1 0.9999918
432020324.0 1.0 1810.5159449110874 1 0.9999999
366105371.0 1.0 1798.7850861281877 1 0.9999896
424461577.0 0.0 1799.9898401005387 3 1.9928799e-19
399895019.0 1.0 1806.3261511813807 1 0.99994874
279983207.0 1.0 1794.9700721254503 1 0.9999998
353993388.0 1.0 1797.197597123724 1 1.0
329289997.0 1.0 1811.134634943125 1 1.0
410614931.0 0.0 1805.2236455685847 0 1.3756655e-06
11434359.0 1.0 1798.4732043688073 1 1.0
441727298.0 1.0 1810.803282365453 1 0.9999953
53963002.0 1.0 1810.2020523144317 1 0.9999737
245583260.0 0.0 1796.8278241044966 0 3.1457454e-05
10499438.0 1.0 1798.9104207726223 1 0.9999914
230001393.0 0.0 1808.865101329089 0 0.00025017126
428118911.0 1.0 1796.849056168361 1 0.9999992
396195602.0 0.0 1793.4094525527703 0 2.5389254e-06
28869820.0 0.0 1800.1414021654525 0 5.2720457e-05
348223748.0 1.0 1796.0982995777374 1 0.9998952
405479774.0 1.0 1797.1622102461424 1 0.9999992
275142750.0 1.0 1799.8888136924613 1 0.99999946
252119144.0 1.0 1797.6189379850216 1 0.9999999
370855562.0 1.0 1795.6191465551292 1 0.99999994
285091042.0 1.0 1797.890535573891 1 1.0
54269985.0 0.0 1796.6394934729524 0 2.8431887e-05
192692806.0 1.0 1797.120113292411 1 1.0
408094673.0 1.0 1793.9711749471644 1 0.99999934
445341864.0 0.0 1799.5356270916927 2 3.0318834e-08
374787265.0 1.0 1798.4733462679378 1 0.9999993
53963493.0 0.0 1793.1396761354613 0 6.594386e-08
250555759.0 0.0 1796.7447276700725 2 1.1028737e-08
292728399.0 0.0 1812.3489014524378 0 2.4585682e-07
346788833.0 0.0 1805.2036871527787 0 0.00012740139
63781753.0 0.0 1805.5785654121598 0 0.0025973802
375087015.0 1.0 1798.931669582751 1 0.99979955
269912856.0 0.0 1805.2038741434894 0 0.0005485326
129685635.0 1.0 1793.91182565412 1 0.9998149
238342999.0 1.0 1810.7870749759031 1 1.0
407156046.0 0.0 1805.4722486219518 2 2.6996586e-16
353778327.0 1.0 1796.7810167116857 1 1.0
279893616.0 1.0 1806.1593167700414 1 0.99999976
417766157.0 1.0 1795.2216525793465 1 0.99998456
252134961.0 0.0 1793.1399709443012 0 4.560361e-06
434626013.0 0.0 1812.700727910685 0 0.0011109599
389407516.0 1.0 1806.4314126856864 1 0.9999912
343326607.0 1.0 1797.0329460960522 1 0.9999999
177883592.0 1.0 1796.5161964796446 1 1.0
332253771.0 1.0 1797.3480911620015 1 0.9999913
233738261.0 0.0 1793.4067902080797 0 2.4106333e-07
235979153.0 0.0 1793.1371864630403 0 0.00022988493
289581233.0 1.0 1805.9477006641375 1 0.9999984
233633697.0 1.0 1810.9690421851997 1 0.9999972
283336414.0 1.0 1797.0560921650906 1 1.0
13522361.0 0.0 1805.3064493588636 0 3.059236e-05
65749395.0 0.0 1808.9325257778185 0 0.0005626252
396713719.0 0.0 1804.6180767249182 3 9.454869e-09
403877209.0 1.0 1796.9314170504936 1 0.99998504
398337224.0 1.0 1798.2207111942214 1 0.9999999
279923797.0 1.0 1805.471790750777 1 0.997371
441741547.0 1.0 1797.0113131530973 1 0.9984232
428606311.0 1.0 1797.472200722201 1 0.99947125
13351941.0 0.0 1796.6607002678163 3 5.904944e-25
415963377.0 1.0 1793.5991337518535 1 0.9999986
229968202.0 0.0 1805.2193722257634 0 3.1903008e-07
236715367.0 1.0 1794.3013372031673 1 0.9999999
14114615.0 0.0 1808.9522956689002 0 3.0703217e-05
264992244.0 1.0 1797.263432102374 1 0.999994
317467699.0 1.0 1810.1590599662381 1 0.99998957
359588943.0 1.0 1797.2604344351967 1 0.9999999
34619582.0 1.0 1806.391409833159 1 0.99999994
286318509.0 1.0 1794.9537205177141 1 0.9999999
241046656.0 0.0 1793.1403933029608 0 3.5041046e-06
264990086.0 0.0 1812.3465579348706 0 4.2693316e-09
251153933.0 1.0 1794.9528070446713 1 0.9999972
200873044.0 0.0 1793.141020972804 0 0.00039738242
376295810.0 0.0 1812.5143526692443 0 0.0004892206
312464164.0 0.0 1812.7018820120263 0 3.2615686e-09
445601827.0 0.0 1805.4110228815357 2 1.0175897e-08
301734237.0 0.0 1812.3487775463664 0 9.325903e-06
349294422.0 0.0 1797.974693838482 3 4.8793972e-06
418374277.0 1.0 1811.180121176787 1 1.0
352931836.0 0.0 1797.5973222964058 2 4.2305864e-08
347561614.0 0.0 1796.6409487589804 0 0.0009554829
192290461.0 1.0 1810.5991895774598 1 0.99996805
352113276.0 0.0 1812.347212015307 0 0.0003022147
356917353.0 0.0 1797.093585200379 2 1.4747324e-09
357526213.0 1.0 1810.2389162720426 1 0.99998385
309053181.0 1.0 1794.0360764593586 1 0.999893
372054422.0 0.0 1812.3668148293802 0 1.191208e-07
369994518.0 1.0 1793.3272823346529 1 1.0
396240458.0 1.0 1798.5557614313652 1 0.99999774
422609857.0 1.0 1796.7218365997753 1 0.9999948
366329599.0 0.0 1812.387684830829 0 9.898582e-10
366517287.0 1.0 1805.6580663911523 1 0.9999953
192933930.0 0.0 1805.2034034223743 0 0.0025802338
259003723.0 1.0 1805.74063583364 1 0.99999964
90664557.0 0.0 1805.578815901815 0 0.00029550033
354595192.0 1.0 1799.2435545578708 1 1.0
192376694.0 0.0 1805.2867094854112 0 0.00013232016
54790697.0 1.0 1799.3687986215998 1 0.99994504
317467777.0 1.0 1795.5132152469885 1 0.99999946
326857449.0 1.0 1797.5988613092704 1 1.0
229507255.0 0.0 1808.8446434997493 0 1.8537727e-07
403921372.0 1.0 1811.326742934725 1 0.99999994
396388576.0 0.0 1808.9101161205272 0 0.00031106424
327294119.0 1.0 1799.5572455572553 1 1.0
264403496.0 1.0 1797.0959228223303 1 0.99996877
232618473.0 1.0 1797.926682114374 1 0.97638136
229958707.0 1.0 1794.2402975832522 1 1.0
444532964.0 1.0 1806.2229592389967 1 1.0
251835872.0 1.0 1796.8484357752259 1 0.9999988
357827252.0 1.0 1810.639554899992 1 0.9999908
279872031.0 0.0 1796.9095538994427 0 1.5550704e-05
394128479.0 0.0 1797.6994165054234 0 6.326989e-07
428112325.0 0.0 1812.3488839732777 0 0.00015716793
453162411.0 0.0 1805.764447298546 0 3.1704208e-06
368610846.0 0.0 1806.34724573726 2 8.955338e-06
202898725.0 0.0 1796.8907107861478 0 6.393848e-06
356199531.0 0.0 1809.0721107487589 0 3.441109e-08
268428145.0 1.0 1793.1788309538738 1 0.9999996
90689531.0 1.0 1793.2869715954419 1 0.9998843
198280388.0 0.0 1807.6974219888673 3 1.0601571e-25
117523433.0 1.0 1796.1196477192716 1 0.99999624
406704112.0 1.0 1793.6186129794237 1 1.0
445369659.0 1.0 1800.202259933823 1 0.99999833
401079326.0 0.0 1812.3489118119076 0 3.1166497e-08
241072521.0 1.0 1798.1193703088595 1 0.99999875
139580552.0 1.0 1793.7035259178024 1 0.9999999
21000780.0 1.0 1797.6204887888143 1 0.99999845
65643891.0 0.0 1793.1407009502466 0 0.0026485252
101097682.0 0.0 1809.2663415775403 0 0.0005302189
90569440.0 0.0 1809.1204906526968 0 0.00078066613
403520745.0 0.0 1808.8483934915275 0 0.00020095226
399739182.0 0.0 1796.8880533405468 2 7.7363765e-10
252109289.0 1.0 1794.556643296662 1 1.0
445567121.0 1.0 1796.0777080731693 1 0.9999999
280321964.0 0.0 1801.4309475460602 3 1.4683198e-08
236712642.0 0.0 1805.1973904536674 0 1.16108085e-05
229798877.0 1.0 1798.365610055406 1 1.0
433977596.0 0.0 1812.3672581178057 0 0.000104970124
367453933.0 1.0 1793.5755497088307 1 0.9999986
319846728.0 0.0 1805.5144083069201 0 5.522238e-06
399626757.0 1.0 1796.556127811212 1 0.9999982
21227811.0 1.0 1797.926756999519 1 0.9999945
279440979.0 1.0 1797.8684110617762 1 0.99999595
444081066.0 1.0 1797.8277966488085 1 0.9999838
117175528.0 0.0 1795.494628677863 3 1.03177125e-22
385149848.0 1.0 1810.6826009373215 1 0.9999994
269715378.0 0.0 1793.4096993960966 0 2.5890223e-08
230082206.0 0.0 1796.677267279185 0 1.7482106e-06
85489941.0 1.0 1805.8079820748137 1 0.9999999
348677323.0 1.0 1805.4111588706414 1 0.99996835
389959982.0 0.0 1811.5307499491378 2 8.270385e-10
269665710.0 1.0 1811.553278466073 1 0.9999854
21024419.0 1.0 1797.1205536801754 1 0.9999997
301641075.0 1.0 1805.8907236658006 1 0.9996799
445288344.0 1.0 1795.910509380457 1 0.9999993
333956880.0 1.0 1806.0540297766706 1 1.0
263968694.0 0.0 1802.2828251705312 3 4.370991e-17
431960273.0 1.0 1805.9952258312787 1 0.9999996
422755219.0 1.0 1798.0347333836512 1 0.99999917
194776882.0 1.0 1810.932935689188 1 1.0
444756506.0 0.0 1812.681409553532 0 1.5015404e-07
20876588.0 0.0 1798.6200715061195 3 2.5919238e-05
334800701.0 1.0 1797.0129935144805 1 0.9989213
301835530.0 1.0 1797.5154370217736 1 0.9999997
83800829.0 0.0 1805.243138061564 0 1.4866124e-06
365885357.0 1.0 1810.8052622025696 1 0.99999845
374391608.0 1.0 1796.7231871963972 1 0.99911505
129980879.0 1.0 1794.7243783863119 1 0.9999999
426082924.0 1.0 1796.4094066052496 1 0.9999997
274802651.0 0.0 1812.3468738073095 0 5.059327e-06
280129025.0 1.0 1798.2016238938077 1 0.99996376
245640560.0 1.0 1800.223627066579 1 0.99934006
408196356.0 1.0 1797.5370501912935 1 0.99999666
444079028.0 0.0 1812.3486666613016 0 3.896057e-06
82563428.0 1.0 1810.9940852947009 1 0.9999991
229483119.0 1.0 1798.5114461572675 1 1.0
264922559.0 0.0 1805.202782240937 0 0.0005450334
12830328.0 1.0 1796.66049639516 1 1.0
356978310.0 1.0 1798.510253030146 1 1.0
435446518.0 0.0 1796.909432446528 0 0.00050276663
198392180.0 1.0 1811.5305028286848 1 1.0
366675642.0 1.0 1794.846271392136 1 0.99998343
198182380.0 1.0 1806.2184126757784 1 1.0
241013115.0 1.0 1796.4528667131017 1 1.0
433283920.0 1.0 1798.5995548243188 1 0.9999911
436871835.0 0.0 1808.9121595808806 0 0.030597404
83810074.0 1.0 1795.4100262652248 1 1.0
245499965.0 0.0 1793.4318269872094 2 3.9753296e-08
251297451.0 1.0 1794.8693468519623 1 0.9999951
219852181.0 0.0 1808.885576087931 0 1.5960728e-05
353488648.0 0.0 1812.5353680101198 0 2.3595169e-06
356199531.0 1.0 1798.9055568125843 1 0.977321
230121756.0 0.0 1805.1982951772964 0 3.2683584e-08
402442745.0 0.0 1808.8449876927034 0 9.063198e-06
298730256.0 1.0 1798.9687302874552 1 0.9999985
302467487.0 1.0 1805.2657209904683 1 1.0
117031206.0 1.0 1798.6197093094893 1 1.0
445187894.0 0.0 1809.202065776339 0 9.514191e-06
372259885.0 0.0 1808.846115210864 0 5.730587e-06
117408426.0 1.0 1806.1196841291373 1 1.0
229509726.0 1.0 1798.949135749691 1 1.0
433791577.0 1.0 1798.6800169116402 1 0.9999999
67514724.0 1.0 1798.8910423710242 1 0.99999887
408358699.0 1.0 1797.0961264365053 1 0.99999994
184736957.0 1.0 1811.3282397680796 1 0.99998367
358901093.0 1.0 1797.8676944333704 1 1.0
83426957.0 0.0 1793.4098661821827 0 2.737638e-07
348138277.0 1.0 1806.3484948386315 1 0.99999934
250688116.0 0.0 1808.8694780287647 0 0.0009803281
117172450.0 1.0 1811.307206520857 1 0.9999974
256640561.0 0.0 1794.0336289182515 3 1.4535878e-15
11997859.0 1.0 1799.5562817653272 1 1.0
410620748.0 1.0 1810.4529328225876 1 1.0
238802637.0 1.0 1793.724265417934 1 1.0
406854936.0 1.0 1811.5529818579562 1 0.9999998
421110675.0 0.0 1807.6809551397685 3 1.0157304e-26
320188124.0 1.0 1797.2020424073576 1 0.9999908
229749398.0 0.0 1812.9485564624954 0 1.8415982e-06
13526584.0 1.0 1796.4106298728314 1 0.99999857
256434290.0 1.0 1793.4295148414083 1 0.99999976
374691551.0 0.0 1805.2444569619076 0 9.330532e-05
401088630.0 0.0 1796.8900408121194 0 0.0003631382
400251883.0 0.0 1805.722188969861 2 2.9058044e-06
316552132.0 0.0 1796.8254430868774 0 1.5245797e-06
326210250.0 1.0 1794.6154131716794 1 0.9999999
264805538.0 1.0 1805.8902956599895 1 0.99999976
357888118.0 1.0 1797.160027880011 1 0.99999565
400254698.0 0.0 1793.409769814081 0 2.8557384e-10
219897631.0 0.0 1797.9902069725895 2 1.3376866e-06
278774659.0 1.0 1800.034874348552 1 0.99999964
35085306.0 1.0 1798.4747954709321 1 0.99999774
331605852.0 1.0 1794.973080012887 1 0.9999997
245465143.0 0.0 1796.8277084260023 0 0.000115963674
353935927.0 1.0 1799.8018769978557 1 0.99999785
13026243.0 1.0 1810.4923713843132 1 0.99999964
441724916.0 1.0 1794.7610644137644 1 0.99999803
229409434.0 1.0 1796.7404635396786 1 0.9999999
186912006.0 0.0 1812.6824908427702 0 4.757437e-05
233060062.0 1.0 1805.4480117245475 1 0.9999929
444524949.0 1.0 1806.3478479805378 1 1.0
367095972.0 0.0 1805.2005248373355 0 5.272811e-06
431767614.0 0.0 1808.84933889507 0 0.027088134
312678943.0 0.0 1809.1813503080973 0 4.967648e-09
445276947.0 1.0 1796.4940478194053 1 0.99999994
317777850.0 1.0 1794.284073932157 1 0.999997
292399533.0 0.0 1808.869821428426 0 0.00041853488
285278902.0 0.0 1805.203696601449 0 0.0007808432
198186748.0 1.0 1811.3851655195026 1 0.99999464
229767084.0 0.0 1808.8860865509264 0 7.7172174e-10
331714637.0 0.0 1809.1606869934624 0 8.055623e-05
104151925.0 0.0 1812.55731185992 0 7.737727e-06
421110675.0 0.0 1797.1393859497243 3 4.1780808e-29
116755759.0 0.0 1805.2032668320605 0 0.00078252744
347305741.0 1.0 1794.618517607907 1 1.0
269039656.0 0.0 1812.3675457642914 0 1.1770819e-11
192734732.0 0.0 1812.4116379054542 0 0.00057796645
444144314.0 1.0 1805.5570584573297 1 0.9999977
353607934.0 1.0 1797.743687890997 1 0.99999887
369144280.0 1.0 1798.3683782785163 1 1.0
229594701.0 1.0 1805.6157372176326 1 0.9999937
83425443.0 0.0 1805.2431395869576 0 3.353364e-05
354404238.0 0.0 1808.8486453705602 0 0.0005800072
406681219.0 1.0 1796.138498523633 1 0.9999996
354799106.0 0.0 1795.7863447084023 2 9.31378e-06
285605065.0 1.0 1811.4516528850354 1 0.9999897
399788405.0 0.0 1797.4271375686483 3 2.6320005e-20
126096578.0 0.0 1794.2871510570449 2 0.095498815
418698185.0 0.0 1793.4100068320324 0 1.6834596e-08
441734144.0 0.0 1800.8239429702344 3 8.973935e-23
104196730.0 1.0 1796.6197998544988 1 0.99999803
240930239.0 0.0 1808.8899305094687 0 1.565331e-05
375651200.0 1.0 1805.9921089801971 1 0.99999976
12867182.0 0.0 1812.3464596031852 0 4.7899357e-05
387808343.0 1.0 1796.0957243831353 1 0.999989
445286253.0 0.0 1812.8060952547257 0 6.4231103e-06
376372602.0 1.0 1796.8048724158486 1 1.0
285579244.0 1.0 1798.3685882465388 1 1.0
320502307.0 1.0 1799.4474674769078 1 0.61190456
423034236.0 1.0 1796.0151758707782 1 1.0
53015872.0 1.0 1810.389291604375 1 0.9999822
436845575.0 1.0 1810.5995483191161 1 0.99998236
336122651.0 1.0 1794.0332632248997 1 0.9999997
353018022.0 1.0 1799.4310259980393 1 1.0
232634196.0 0.0 1798.9058436730404 3 1.3462984e-16
285178066.0 0.0 1796.6412103720018 0 0.0006255246
292817245.0 1.0 1796.0366358303036 1 1.0
423031237.0 1.0 1795.7444266436853 1 0.99999386
396323026.0 0.0 1808.9723926969455 0 8.3701554e-05
139535572.0 0.0 1805.4953187359151 0 0.00028159638
369035535.0 1.0 1793.993468304986 1 0.9999995
326914072.0 0.0 1796.6406020906277 0 2.0321087e-07
201261968.0 0.0 1805.266149237394 0 0.00020407994
376925413.0 1.0 1811.3659598909262 1 0.999952
428526514.0 1.0 1793.5143230438905 1 0.99999887
396267528.0 0.0 1797.8474384751628 0 0.0005749163
368231565.0 0.0 1796.9096449124288 0 0.0067459927
28673722.0 0.0 1809.0572851366471 0 0.00047258567
396486931.0 0.0 1795.304801043897 3 8.033593e-18
251278457.0 1.0 1805.8071211436193 1 0.99999976
129912235.0 1.0 1794.703495560002 1 0.9999844
307116166.0 1.0 1799.494130715466 1 1.0
424391542.0 1.0 1797.5325031058592 1 0.99997175
327258368.0 0.0 1808.8694878265142 0 1.8072456e-05
249916950.0 1.0 1810.3906071359568 1 1.0
445608162.0 0.0 1812.3694511097463 0 3.3911732e-08
118300110.0 1.0 1810.1619136553325 1 1.0
367335906.0 1.0 1797.9088053749342 1 0.9959111
354926863.0 0.0 1797.2019250702795 3 8.911067e-15
22815944.0 0.0 1805.2038464490208 0 0.00040483024
359130292.0 0.0 1796.9099140490928 0 2.4451527e-05
441722040.0 0.0 1805.1986076251637 0 2.901012e-05
343563499.0 1.0 1793.8663807565085 1 0.9999996
192797897.0 0.0 1796.6409714050544 0 0.00056036084
366782092.0 1.0 1806.3045891137294 1 1.0
250580727.0 0.0 1805.2237086241364 0 5.329994e-07
366555356.0 0.0 1812.3461167684618 0 0.00068414724
417607351.0 1.0 1811.1788739382218 1 1.0
400197592.0 1.0 1799.5349097168846 1 0.99999994
445288344.0 0.0 1809.2228216287212 0 8.191829e-06
348607837.0 1.0 1799.6818450320554 1 1.0
444358462.0 1.0 1796.7017714248575 1 0.99999845
252829817.0 1.0 1798.932329229543 1 1.0
250803662.0 1.0 1797.8278895332112 1 0.9999998
285230292.0 1.0 1798.7019760120359 1 1.0
352283255.0 0.0 1810.5973231945347 2 1.624606e-12
11147573.0 1.0 1796.1396989827917 1 0.99999386
309236496.0 0.0 1796.6402779446514 0 0.00032179838
400438131.0 0.0 1809.1607059178982 0 6.254172e-07
49849463.0 1.0 1795.0771814116974 1 0.9999944
423928432.0 1.0 1811.2619397257008 1 1.0
280468723.0 1.0 1796.139404969422 1 0.99992937
65568119.0 0.0 1800.1407788169752 0 0.00014182403
434633415.0 1.0 1796.7635673635073 1 0.9999927
377202392.0 1.0 1799.6173556619183 1 1.0
366871747.0 0.0 1798.2837300123706 2 2.283415e-15
368679823.0 0.0 1793.40995368471 0 2.6260539e-12
374830280.0 0.0 1805.2858127297593 0 7.2752846e-06
249830707.0 0.0 1812.3487211552624 0 9.782952e-05
256457534.0 1.0 1798.095001580623 1 1.0
28909637.0 0.0 1800.1414438299998 0 3.4656846e-08
265430185.0 1.0 1796.0761583403214 1 1.0
269697721.0 0.0 1797.6994736680344 3 1.5307695e-21
177993560.0 1.0 1797.4952054204066 1 0.99999946
399788405.0 0.0 1812.5102409094761 3 2.8751776e-22
370269511.0 1.0 1795.4316795647726 1 1.0
395525198.0 0.0 1812.367910040383 0 1.9044113e-05
229640571.0 0.0 1808.8656833878833 0 0.00124977
241025429.0 1.0 1799.5777818610402 1 0.9999999
241013310.0 0.0 1810.827578440068 3 2.6141745e-16
265385975.0 1.0 1800.6194463689394 1 0.99999636
301417517.0 0.0 1805.2445537836338 0 5.618892e-09
12643088.0 1.0 1795.6190289808733 1 0.99989706
435263915.0 0.0 1810.6800024053282 2 9.344367e-06
240780577.0 1.0 1796.4107706511913 1 1.0
366471232.0 0.0 1812.3877246138068 0 1.04578585e-05
250714920.0 1.0 1811.3279665129592 1 0.9999977
288241123.0 0.0 1797.6992545976123 0 5.252289e-09
287150450.0 1.0 1795.7185573834172 1 0.9999999
284721995.0 0.0 1811.5142567248738 2 3.060977e-08
117624488.0 1.0 1810.9323224248149 1 1.0
186719381.0 1.0 1810.161971723897 1 0.99999756
347426813.0 0.0 1808.9951522848198 0 0.00040427526
137122809.0 1.0 1811.3474470678082 1 0.99999285
354398282.0 1.0 1794.3488119248857 1 0.9999958
196949615.0 1.0 1797.973818215583 1 1.0
104026376.0 1.0 1806.2863725316784 1 0.99998915
240855261.0 1.0 1810.1607362341301 1 0.99999785
52856454.0 1.0 1794.4937977888762 1 0.98246586
418034300.0 0.0 1793.1409352232733 0 0.0011776631
264296742.0 1.0 1795.450050857495 1 1.0
65160165.0 0.0 1809.0992478808905 0 0.0030106541
268377432.0 0.0 1808.8665193289394 0 5.4456537e-05
229775786.0 0.0 1805.2405731663973 0 3.9669805e-09
354255296.0 0.0 1795.807061382715 2 1.5696349e-09
272539879.0 0.0 1807.5346972134273 3 2.1178339e-07
265472792.0 1.0 1798.6192917688113 1 0.9999999
50044375.0 1.0 1794.4314179377093 1 0.9999991
427511059.0 1.0 1798.24254815172 1 0.9999346
354118916.0 0.0 1812.3668250729809 0 2.284536e-10
269928718.0 1.0 1797.5137856808685 1 0.99051774
402205653.0 1.0 1795.3701105664913 1 0.99999744
338927884.0 1.0 1797.7008258449234 1 0.9999995
230021550.0 1.0 1796.2405127608054 1 0.9999804
326819671.0 0.0 1808.847283705248 0 0.00020417102
219799660.0 1.0 1810.2604032820766 1 0.9999998
49856118.0 0.0 1808.9105993785531 0 6.128975e-05
256871703.0 1.0 1795.9075685575697 1 0.99999994
427335936.0 1.0 1798.2425889015692 1 1.0
406517945.0 1.0 1811.3457807791922 1 0.9999997
331546403.0 0.0 1805.2002852963374 0 4.0767136e-05
229943691.0 1.0 1805.7192625217867 1 0.9999888
423038170.0 0.0 1812.3692727977304 0 3.0457209e-06
376110341.0 1.0 1793.7006101173445 1 0.9999995
285428044.0 1.0 1793.2871816078027 1 0.999998
353605798.0 0.0 1794.347715475092 0 0.0004887886
374691551.0 1.0 1793.2027864449688 1 0.9999995
265191346.0 0.0 1809.0760211525703 0 1.0955662e-05
28834711.0 0.0 1812.8288766871487 0 0.0006302462
353175462.0 0.0 1797.8476849849117 0 2.5760512e-06
452939536.0 1.0 1797.5978784947076 1 0.9999922
129979528.0 0.0 1793.8494568416602 3 0.023832189
333801983.0 1.0 1794.92894657737 1 1.0
390172232.0 0.0 1805.5564000053325 0 8.0248634e-07
455961151.0 1.0 1795.8258268825089 1 0.99999964
126063387.0 0.0 1793.8912336491946 2 0.048027407
61000856.0 0.0 1812.7661251907884 0 7.1151153e-06
312254981.0 1.0 1810.4935382098838 1 0.9941512
264728694.0 0.0 1808.8693539353876 0 2.2287677e-05
73623351.0 1.0 1797.3912297219003 1 0.99999964
352175100.0 0.0 1805.2193571556754 0 8.407061e-08
219109908.0 0.0 1809.1152692086239 3 6.232601e-34
279779102.0 0.0 1797.1179869319321 2 0.011048001
84059267.0 0.0 1805.2015488874424 0 1.1485001e-06
306188113.0 1.0 1811.3688436413536 1 0.9999876
184733749.0 0.0 1811.078361173487 2 1.4648638e-10
389985069.0 0.0 1805.5563358444147 0 7.5199246e-06
275689069.0 0.0 1797.615327188684 2 5.4510284e-08
139432465.0 1.0 1798.6620263191369 1 0.99996525
149999431.0 1.0 1810.2664416064226 1 0.9999999
229593136.0 1.0 1799.6779924296668 1 0.9999954
381656536.0 1.0 1794.2868132236172 1 0.9999987
194618998.0 1.0 1799.0160203171715 1 1.0
71980235.0 0.0 1808.8692303215353 0 2.2132808e-06
229912659.0 1.0 1796.802940072263 1 0.999999
251657793.0 1.0 1806.431893335684 1 0.99999946
229782870.0 1.0 1798.1987391420394 1 0.99999905
372342313.0 1.0 1798.3670807968883 1 0.9999871
374483367.0 0.0 1808.8693116442848 0 0.0003488285
347426057.0 0.0 1805.2035131281916 0 0.00020815544
441739153.0 0.0 1811.5528260243298 3 3.9489872e-22
65568119.0 1.0 1794.848984591435 1 0.99999756
139372942.0 0.0 1793.6619437882414 2 0.020566875
444487873.0 1.0 1797.0559656762905 1 1.0
129869843.0 1.0 1794.6203438458865 1 0.9999885
286328028.0 0.0 1794.4105538143679 2 9.555574e-10
359676320.0 0.0 1794.302363550774 3 1.0242638e-06
312470626.0 0.0 1793.2440040976262 2 5.7988163e-12
14036467.0 1.0 1797.9316320811972 1 0.9999987
250747097.0 1.0 1797.953133233208 1 0.99973744
186627861.0 1.0 1810.9744973500112 1 1.0
445348455.0 0.0 1796.702424143811 0 2.1813561e-05
385444288.0 0.0 1796.8048912726817 0 0.003173215
370511668.0 0.0 1805.5150043387607 0 2.01013e-05
376368735.0 0.0 1805.2005626477685 0 2.6353018e-08
305047748.0 1.0 1810.3480126289696 1 1.0
77323774.0 1.0 1798.6204449005575 1 0.9999564
237281392.0 0.0 1805.241295073996 0 0.008475304
240897127.0 0.0 1793.286003151242 0 3.5745137e-10
29700236.0 1.0 1800.3081297348035 1 0.99999976
274842485.0 1.0 1795.5968431284816 1 0.99720824
372113117.0 0.0 1808.8484722930655 0 4.6254613e-06
396575419.0 1.0 1798.9951330778415 1 0.99999434
116058716.0 1.0 1799.5363762143447 1 0.9999982
351543860.0 0.0 1806.20160897056 2 1.6432515e-16
321595317.0 1.0 1799.6792129905482 1 1.0
192735487.0 0.0 1793.890670259805 2 5.237156e-08
186596283.0 1.0 1797.2453421456187 1 0.99999833
297777946.0 1.0 1797.93111046005 1 1.0
387681619.0 1.0 1796.7623498071735 1 0.99999696
104198361.0 0.0 1808.9533165034925 0 0.0029396033
233612467.0 0.0 1812.3649203592267 0 4.7428694e-06
418257102.0 0.0 1794.9918155912292 3 5.7438875e-08
403584089.0 1.0 1795.4108055303054 1 0.9999974
436882696.0 1.0 1797.516490058611 1 0.99999964
116497448.0 0.0 1808.8490784859962 0 0.00018529428
428526894.0 0.0 1809.2641916931343 0 4.213489e-06
299439376.0 1.0 1795.0779653710706 1 0.9999999
10871928.0 1.0 1794.5981388251514 1 0.9993194
67662362.0 1.0 1795.5160213138997 1 1.0
219812409.0 0.0 1805.281160956854 0 3.54565e-05
309142167.0 1.0 1799.0777089610103 1 0.9999962
348133389.0 0.0 1799.5777716273467 2 0.033239048
238744310.0 1.0 1798.8282616272559 1 0.9999999
272781956.0 0.0 1808.5731614468784 3 1.1602534e-25
356199531.0 0.0 1805.4263135985705 0 1.2894273e-11
286481774.0 1.0 1798.2647683686246 1 0.9999972
387353320.0 1.0 1805.6163686567731 1 0.99999917
367862410.0 0.0 1812.346721208103 0 5.0063013e-06
369352998.0 0.0 1812.4309489542436 0 8.097228e-05
395693664.0 0.0 1812.3474606096472 0 1.1922772e-05
82163508.0 1.0 1796.764884039909 1 0.9999983
348765189.0 1.0 1795.1203925490033 1 0.9999904
308784753.0 1.0 1796.8902938639837 1 0.9999999
367753856.0 1.0 1805.3242388372425 1 0.9965649
245377365.0 0.0 1812.6611365075137 0 1.2146578e-05
292853413.0 1.0 1796.8699404821393 1 0.99999994
428302867.0 0.0 1798.1822181958862 2 4.5050335e-08
332802664.0 1.0 1796.1400341567542 1 1.0
298601243.0 1.0 1796.8848456376886 1 0.9999958
52950869.0 1.0 1795.7227896432132 1 0.99986374
272538760.0 0.0 1812.3678749524954 0 6.23073e-05
353726056.0 1.0 1797.7436488500064 1 0.9999998
289724089.0 1.0 1811.2805256327724 1 0.99999714
381656536.0 0.0 1812.6614934121956 0 0.00048529738
10599963.0 1.0 1795.4938355117256 1 0.99998426
65349164.0 0.0 1812.4326519901053 0 0.00011103695
117749777.0 1.0 1795.203141801641 1 0.99999994
250743820.0 0.0 1793.1405515735214 0 2.7960638e-07
83418907.0 1.0 1805.8265324636623 1 0.99999887
434626115.0 0.0 1793.4094420645615 0 3.6759737e-09
322338950.0 1.0 1798.6818467700593 1 0.9999999
308711972.0 0.0 1809.1192526007549 0 3.4183129e-06
354130394.0 1.0 1795.5780513801928 1 0.9999752
398019841.0 1.0 1810.5767946820708 1 0.99999547
357036445.0 1.0 1798.0937222834816 1 0.99999857
298599819.0 1.0 1811.2388657445226 1 1.0
319599158.0 1.0 1811.3266858249315 1 0.9996001
329351229.0 0.0 1794.4057287280052 0 3.2980327e-09
403335736.0 0.0 1805.556040840071 0 2.1497512e-05
199712573.0 1.0 1799.2596253819672 1 1.0
418035361.0 0.0 1805.30766828631 0 0.0026272973
403394718.0 1.0 1796.8895914916388 1 1.0
251385069.0 0.0 1800.556830803114 0 3.1913988e-08
269697721.0 0.0 1798.3869698376138 3 8.332149e-14
394050555.0 0.0 1796.6371438736078 0 0.0010318191
441814153.0 1.0 1797.6782732913737 1 0.99999607
353876227.0 0.0 1794.4061565536533 0 1.26709865e-05
224596414.0 1.0 1805.905567657153 1 0.9999966
283935894.0 1.0 1806.2018011026676 1 0.9999999
52348695.0 1.0 1797.6393558326731 1 0.99863714
219759300.0 0.0 1799.4892981420517 2 0.003082791
321983526.0 0.0 1808.866648492172 0 3.5151565e-06
445356907.0 0.0 1809.2020590887312 0 7.5736502e-06
243278225.0 0.0 1812.3649096338088 0 6.0771654e-08
369091821.0 1.0 1806.3889758603036 1 1.0
445530990.0 1.0 1797.8486115330445 1 0.9999947
354157048.0 1.0 1799.4111587892928 1 0.9999962
366976802.0 1.0 1799.450551039378 1 0.996653
67420315.0 1.0 1798.07846392579 1 0.99999964
50685267.0 1.0 1795.1187369750032 1 1.0
235933717.0 0.0 1794.8246787686323 2 1.12179946e-13
445187532.0 0.0 1809.2020658211222 0 0.011352287
279608953.0 1.0 1806.1175021860763 1 0.9999991
265348968.0 1.0 1795.617724295326 1 0.99997634
250478299.0 0.0 1808.8694114511868 0 0.00025274468
292720178.0 1.0 1794.5783319656468 1 1.0
394119708.0 0.0 1794.1992836152285 0 0.0016661095
322386692.0 0.0 1805.241823038448 0 4.1447538e-07
421683849.0 0.0 1812.701806765624 0 2.3155876e-07
399830522.0 1.0 1794.1590750230894 1 0.99972665
436846711.0 0.0 1793.141431149172 0 0.0007169016
256803595.0 1.0 1798.3658985409181 1 1.0
427111429.0 0.0 1805.2207703394645 0 7.72519e-05
235934693.0 1.0 1806.3038389346118 1 1.0
369825812.0 1.0 1793.93111791648 1 1.0
256716627.0 0.0 1796.8254097528484 0 0.0007818782
265389646.0 0.0 1808.8873292563799 0 8.05599e-08
240911239.0 0.0 1800.9734575819202 3 7.501736e-27
418981690.0 1.0 1805.9308126317605 1 0.9999985
235673225.0 1.0 1796.1575620658493 1 0.9999999
376996522.0 0.0 1805.7189618812579 2 1.0030557e-09
202903398.0 0.0 1793.9742173368704 2 2.7191918e-06
389984657.0 0.0 1809.306313531543 0 7.7468045e-05
417643325.0 1.0 1797.3041366613875 1 0.99999946
311830260.0 1.0 1798.8062486158353 1 0.99999744
279983207.0 0.0 1808.8449140017842 0 0.0012984384
326790523.0 1.0 1810.8057049755396 1 0.999997
61000802.0 1.0 1793.9748155999223 1 0.99996173
236995537.0 1.0 1806.0742329659702 1 0.99999934
139378835.0 0.0 1811.1201993096133 3 6.4561726e-05
356893432.0 1.0 1797.3645272464153 1 1.0
388530057.0 1.0 1805.4924110008071 1 0.9998309
372269200.0 0.0 1805.2026815293143 0 5.158197e-05
394031081.0 1.0 1799.4703943041957 1 0.99999964
186762155.0 1.0 1810.4327922327113 1 0.9999998
256801712.0 1.0 1795.511726290972 1 0.9999991
317034907.0 1.0 1805.390504582595 1 0.9999999
26531554.0 1.0 1795.3703753717934 1 1.0
233095811.0 0.0 1797.1357669611696 2 1.8993217e-11
453272088.0 1.0 1794.6817276647419 1 0.99999905
367917461.0 0.0 1805.2009325425777 0 3.297993e-14
436873913.0 0.0 1798.7456294487847 3 0.005547975
192596441.0 0.0 1808.995072557494 0 0.00020122739
292723624.0 0.0 1805.5157642414154 0 0.0026442446
352117369.0 1.0 1805.618224888228 1 0.94010556
101169354.0 1.0 1799.6829500173314 1 0.99999934
67767565.0 1.0 1797.6826959607386 1 0.9999999
369908768.0 1.0 1794.744106319868 1 0.99999845
453181449.0 0.0 1793.1399199506754 0 1.48707375e-08
301831915.0 0.0 1808.8697393920024 0 6.2693493e-06
424730641.0 1.0 1797.5311142383011 1 1.0
422517498.0 1.0 1793.9712121958992 1 0.9999997
326734789.0 1.0 1811.0555053591843 1 0.9999999
333732696.0 1.0 1794.3037683147368 1 0.99993885
370427030.0 1.0 1794.035813071825 1 0.99999934
256607833.0 1.0 1797.4316419337724 1 1.0
453234100.0 0.0 1805.2025636036844 0 4.020412e-05
129756845.0 1.0 1793.5159416335068 1 1.0
236002766.0 1.0 1797.8456720410163 1 0.99979097
427547333.0 0.0 1809.1206173358796 0 0.0014602045
441734144.0 0.0 1811.2407495042364 3 5.3774502e-27
139372188.0 0.0 1809.099388175839 0 5.145725e-07
200792606.0 0.0 1799.9327621645036 3 1.9236077e-07
362257716.0 0.0 1794.1993099927472 0 1.5428806e-05
46632988.0 1.0 1795.6830330709145 1 1.0
256581455.0 0.0 1805.2418714015646 0 2.18663e-06
332046053.0 0.0 1805.5564103749132 0 0.0004302428
353565609.0 0.0 1810.5976117223317 3 5.019434e-12
292199646.0 1.0 1806.2656389020742 1 0.9999998
35225377.0 0.0 1805.4747974346797 0 0.0011191788
420538276.0 0.0 1805.4520315302657 0 0.00030746273
415976002.0 0.0 1796.6408745970928 0 0.00058077165
416094367.0 1.0 1798.724184299978 1 0.99999815
229795064.0 1.0 1798.5112282224798 1 1.0
240876637.0 1.0 1794.1818124970273 1 0.99999505
323305362.0 1.0 1805.4087352173078 1 1.0
376680727.0 0.0 1808.867254758853 0 0.005414873
101408267.0 0.0 1796.6412776716172 0 0.0006418142
331859639.0 0.0 1800.1399944643663 0 0.0003148141
229963796.0 1.0 1795.219652735677 1 0.9999997
433354163.0 1.0 1793.5995043895778 1 1.0
375779290.0 1.0 1798.825532236254 1 0.99999654
293190507.0 1.0 1798.2449804413438 1 0.999925
259167440.0 1.0 1797.9282010218599 1 0.99999964
394123264.0 1.0 1795.2409607534366 1 0.9999998
445580861.0 1.0 1795.4941041520592 1 0.9999999
436844413.0 1.0 1796.5372753900306 1 0.99999994
353933946.0 1.0 1800.384942038541 1 0.9999569
233193242.0 0.0 1794.198467387428 0 4.47555e-07
94543505.0 0.0 1793.1411045647571 0 0.0010892863
327091381.0 1.0 1795.2447479186294 1 1.0
367330723.0 1.0 1811.262808369786 1 1.0
229684969.0 1.0 1798.5932817259443 1 0.999995
445534244.0 1.0 1805.6818736378968 1 0.99999803
292822594.0 0.0 1808.8906790845758 0 9.3874536e-05
327603331.0 1.0 1798.1197316554806 1 1.0
101096921.0 1.0 1793.7244198315343 1 0.99998486
408706597.0 1.0 1794.9299839780979 1 0.99999607
229688549.0 0.0 1794.405932598462 0 0.0060959384
384814745.0 1.0 1795.098387881756 1 0.99999595
332374073.0 1.0 1797.8066585070678 1 1.0
407026659.0 0.0 1805.201161596684 0 0.00018582048
236966496.0 0.0 1793.4077620421112 0 5.3700377e-09
250745089.0 0.0 1805.2239215735783 0 4.324454e-05
258628143.0 1.0 1795.0121405245804 1 0.99999994
335036468.0 0.0 1812.3876802269988 0 1.4697221e-10
332812687.0 0.0 1809.1605177939225 0 2.0507453e-06
250505642.0 1.0 1811.244426597188 1 0.9999624
269106906.0 0.0 1793.4096172469935 0 6.7125633e-10
184680608.0 1.0 1796.4534226242477 1 0.99994427
357036225.0 1.0 1811.156107624307 1 0.9999994
279079545.0 1.0 1796.7642940930637 1 1.0
381688462.0 1.0 1795.9744656850023 1 0.99999994
250563009.0 1.0 1798.932096212559 1 0.9999999
468343249.0 0.0 1808.2635140203438 3 3.3853921e-25
406854857.0 0.0 1812.365497073508 0 2.2842066e-06
229400524.0 1.0 1805.4903266970362 1 0.9999963
369145520.0 1.0 1797.972579466236 1 0.9999855
186624610.0 1.0 1794.6409958398563 1 0.9999995
117752754.0 1.0 1798.2656178497639 1 0.99999994
407425750.0 1.0 1795.8053314408041 1 1.0
235985170.0 0.0 1805.2622723976979 0 0.0015983203
368727681.0 1.0 1797.5558162661837 1 0.99999994
358909502.0 0.0 1808.8466390311773 0 0.00037890187
289589219.0 1.0 1798.572411810544 1 1.0
298662873.0 0.0 1797.9686101237664 0 1.3468022e-08
282785712.0 1.0 1805.8890682922477 1 1.0
301838830.0 1.0 1795.1612597780427 1 1.0
348021286.0 0.0 1793.4942488147597 3 1.7212764e-11
407494436.0 1.0 1795.222058397538 1 0.9869038
321546077.0 1.0 1798.3250410946466 1 0.9999998
229650991.0 1.0 1805.4076212888615 1 0.99999577
82397631.0 1.0 1798.0979304193354 1 0.99999964
85524349.0 0.0 1800.1413243549393 0 3.2173826e-05
12396579.0 1.0 1797.139559716782 1 0.9999988
272823545.0 1.0 1794.847376284075 1 0.9999998
327190106.0 0.0 1805.2238261462178 0 8.4991194e-07
335795763.0 0.0 1795.783911599046 2 1.0282909e-09
11437325.0 0.0 1798.264926135301 3 2.83136e-13
301575691.0 1.0 1811.0364262241026 1 1.0
347484352.0 1.0 1799.6193088588914 1 0.9999999
320497478.0 1.0 1806.1139278773865 1 0.9999989
118297614.0 1.0 1795.2455083135694 1 0.9999968
268724888.0 0.0 1808.8467035251501 0 2.2444745e-08
394091364.0 1.0 1798.9912561106696 1 0.99999875
50116364.0 1.0 1811.2648302083885 1 0.9999999
229496857.0 1.0 1794.7406854745268 1 0.99991643
81755546.0 1.0 1811.3481889117 1 0.999999
422426827.0 0.0 1799.0124834932983 2 2.6477449e-07
202839485.0 0.0 1797.349227953389 3 2.8478209e-05
376640214.0 1.0 1806.0756272347105 1 0.99998164
302682732.0 0.0 1794.347513045005 0 0.0014456703
327140903.0 1.0 1800.3071271221047 1 0.9999989
317006696.0 0.0 1812.3669050278436 0 0.0007304264
397925171.0 1.0 1794.6810305091997 1 0.9999615
241096955.0 1.0 1794.265583965628 1 0.99999857
233528942.0 0.0 1808.8856820759356 0 0.00025515573
230001186.0 0.0 1796.9069856365197 0 4.6647447e-08
445565390.0 1.0 1811.4110041250153 1 0.99999756
255993777.0 0.0 1811.4493977512172 3 0.0017518522
312260442.0 0.0 1799.035417458888 2 3.2011e-14
301994288.0 0.0 1812.6404691139398 0 1.8768178e-07
233057220.0 0.0 1794.4062877490408 0 0.00033148366
269101075.0 0.0 1796.9095071838574 0 4.072778e-07
137964526.0 1.0 1793.5371172812795 1 0.99999934
403692337.0 1.0 1794.2861698520203 1 0.9999967
229583094.0 0.0 1812.3450599740627 0 5.8767196e-06
426449556.0 1.0 1798.3498219036805 1 0.99996823
367009809.0 1.0 1799.4713929089214 1 1.0
399788405.0 0.0 1806.468662606616 3 4.342948e-19
201111651.0 0.0 1809.1829699153488 0 0.016436463
327092860.0 1.0 1797.0154895537398 1 0.99999905
54464022.0 1.0 1796.8062097492825 1 1.0
71747343.0 1.0 1798.3483327193157 1 1.0
292721975.0 0.0 1805.5158388896014 0 0.0086172335
327007961.0 0.0 1793.1405788702812 0 7.2010594e-06
376880697.0 1.0 1805.5951408076246 1 0.99999917
372194338.0 1.0 1793.411001925716 1 0.9999683
116847243.0 0.0 1812.3490546007856 0 7.1176495e-05
354703135.0 0.0 1808.910464617181 0 0.00010932818
51951685.0 0.0 1809.1601870638187 0 0.00395238
375853698.0 0.0 1812.3878819108838 0 4.4980658e-10
388436487.0 0.0 1800.3047200070748 3 3.649029e-21
280322140.0 0.0 1811.2643734779901 2 7.969523e-11
252126276.0 0.0 1798.2647212889187 2 7.846725e-16
431891777.0 0.0 1805.286744858322 0 0.0021785912
388581443.0 1.0 1811.0756100770734 1 0.9999992
116367144.0 1.0 1798.9947352326608 1 0.9999787
137057129.0 1.0 1810.7012667216793 1 0.8521067
139371975.0 0.0 1805.4952916889354 0 0.00023023106
415975234.0 0.0 1805.5158509933851 0 0.0004781612
117531026.0 1.0 1798.8072325681633 1 0.9993031
292470079.0 0.0 1805.4740611800971 0 0.0016540256
348234504.0 1.0 1810.7443771976216 1 0.999988
399692631.0 0.0 1808.8469425499027 0 3.3275216e-09
401324480.0 0.0 1793.3049148359614 0 2.4162195e-05
367188489.0 0.0 1805.221409197096 0 1.1429988e-08
288312840.0 0.0 1793.9490671902308 3 9.459918e-13
250632049.0 1.0 1794.182285959762 1 0.99977815
256802502.0 0.0 1808.8656577332183 0 2.9455092e-05
410497430.0 1.0 1797.536327077857 1 0.9999965
252127107.0 0.0 1812.68118461715 0 2.2747092e-05
376965007.0 1.0 1806.3673356108409 1 0.99999964
237081441.0 0.0 1798.2203551361738 2 5.9043295e-12
292321274.0 1.0 1793.9741225539478 1 0.99999994
452988500.0 1.0 1797.5353446150195 1 1.0
286358203.0 0.0 1809.9536576318667 3 0.012410482
233208885.0 0.0 1810.385981220166 3 3.167923e-15
237288639.0 1.0 1796.199644721844 1 0.99999833
270014077.0 1.0 1795.6804274934436 1 0.99999434
232620122.0 0.0 1808.8847643590218 0 2.4323757e-07
373789223.0 0.0 1805.2647583850548 0 4.0694854e-08
354405889.0 1.0 1798.8278664186337 1 0.9993275
366718106.0 1.0 1793.4921207934005 1 0.99999964
308373138.0 0.0 1805.202719482484 0 0.00010473596
347943160.0 1.0 1794.8276414419227 1 0.30154234
445564273.0 1.0 1793.72360137775 1 0.9999976
427548920.0 0.0 1805.200824079825 0 0.00073508685
264615805.0 0.0 1802.411062626345 3 7.1250825e-11
280070712.0 0.0 1793.616021700045 2 1.0766385e-06
301477092.0 0.0 1796.8906612383887 0 8.142913e-05
229676244.0 0.0 1799.907220261416 3 2.8163564e-08
21178416.0 1.0 1795.099757961841 1 0.9999851
229741985.0 0.0 1810.6572262723328 3 2.4104427e-05
245759596.0 0.0 1805.2028932228584 0 0.00019578332
354157048.0 0.0 1808.869309026748 0 6.747394e-05
264546305.0 1.0 1794.6792075307417 1 0.9999927
378152218.0 0.0 1808.867791538708 0 0.0034821862
81684387.0 1.0 1794.848182621574 1 0.99999917
336538973.0 1.0 1799.5339037729693 1 0.9984477
94673839.0 0.0 1793.1410426342013 0 0.0005102409
251437021.0 0.0 1805.2027158056737 0 2.1606176e-05
317470793.0 0.0 1811.4091167688468 3 2.954577e-14
10603777.0 0.0 1794.3480632636858 0 2.2375404e-09
229947250.0 1.0 1797.886304893828 1 0.9999992
54710829.0 1.0 1810.1187095313494 1 1.0
373146264.0 0.0 1796.8049869495221 0 1.9703572e-08
259097799.0 0.0 1808.8655289498076 0 0.01899244
34821228.0 0.0 1812.4121983938194 0 0.00054673385
373146264.0 1.0 1805.6383780911656 1 0.9992628
302617953.0 1.0 1796.847814946276 1 0.99999994
347682064.0 1.0 1806.16115671982 1 0.99998945
236785983.0 0.0 1805.2190094426783 0 1.03670466e-07
252107997.0 1.0 1796.8899252738997 1 0.9999688
306183734.0 1.0 1796.8274403607372 1 1.0
353853850.0 0.0 1798.5727785590266 2 0.0042292434
390862758.0 1.0 1811.1816229969056 1 0.9999998
445133661.0 0.0 1809.1604367961465 0 1.3712371e-06
332053527.0 0.0 1796.6399982386263 0 5.2520187e-05
71742397.0 1.0 1811.535841440591 1 0.99997884
202979060.0 0.0 1809.0573861386395 0 0.0007766234
352111607.0 0.0 1796.8056149884133 0 2.496499e-07
405321620.0 1.0 1806.2000242045197 1 0.9999795
444750991.0 0.0 1809.202206528254 0 8.9300244e-07
366872353.0 1.0 1810.9295827057533 1 0.99999934
65746968.0 0.0 1812.4117807636906 0 0.00047223442
286476556.0 0.0 1812.452556498117 0 5.1793726e-05
186765819.0 1.0 1797.3494939620068 1 1.0
373234499.0 0.0 1793.409460246628 0 2.0332389e-07
285181196.0 0.0 1800.12038190246 3 2.1789238e-06
286355915.0 1.0 1795.5370757133285 1 1.0
421381052.0 1.0 1796.8269687843178 1 1.0
194731690.0 1.0 1795.3077196052216 1 0.99999756
192473409.0 1.0 1811.0783413176825 1 0.9999999
194783144.0 1.0 1795.1825951223113 1 0.9999973
372350288.0 0.0 1808.848843960047 0 4.0224113e-06
406901830.0 1.0 1799.264154569987 1 0.9999997
348519253.0 1.0 1798.8903542926303 1 0.9999842
194857406.0 1.0 1796.912005447983 1 1.0
373456959.0 1.0 1794.2218657694473 1 0.9999993
308290986.0 1.0 1799.3277536001979 1 0.9999997
376039083.0 0.0 1812.3670843531493 0 3.8582577e-08
255865141.0 1.0 1800.1370750139663 1 0.9999882
245398036.0 1.0 1796.3901108306534 1 0.99999684
199710296.0 0.0 1793.176412978902 0 0.9936438
233578304.0 0.0 1812.469044170076 0 0.0013476138
398018851.0 1.0 1811.3684236613678 1 1.0
396339551.0 0.0 1809.2434284021972 3 2.1629987e-05
317033034.0 0.0 1805.2029578847844 0 0.007466062
229751802.0 0.0 1807.8238126046358 3 3.8361146e-14
252155828.0 1.0 1794.9106603867028 1 0.99999994
387632808.0 1.0 1793.491515268259 1 0.9883232
285232826.0 0.0 1812.7018137300452 0 3.580653e-06
400441995.0 1.0 1797.8275549949692 1 0.999569
336294668.0 0.0 1808.84618953797 0 1.8039464e-05
426141862.0 1.0 1799.6802365535134 1 0.99193555
233208885.0 0.0 1800.510939874231 3 1.6330389e-18
322206040.0 1.0 1811.2624752334523 1 0.99999994
258511985.0 1.0 1794.6787069725638 1 0.99997544
331508525.0 1.0 1810.5356470718289 1 1.0
256103806.0 0.0 1793.1396425576577 0 5.8942726e-11
196845377.0 1.0 1811.0359347639048 1 1.0
408101062.0 0.0 1805.200140867551 0 0.00028563122
434437099.0 1.0 1794.6594298943194 1 0.9988755
219791854.0 0.0 1808.843979126502 0 3.5315035e-09
351691094.0 0.0 1809.201671384107 0 1.5129822e-07
285536129.0 1.0 1806.2436009779717 1 1.0
233514389.0 0.0 1794.4056591129083 0 0.00077258976
198240456.0 0.0 1794.6349508777096 2 6.857886e-05
269809716.0 1.0 1796.7221705869742 1 1.0
259237610.0 0.0 1805.219936876668 0 6.0436037e-07
410617496.0 1.0 1798.2027713077473 1 0.99999857
398018454.0 0.0 1812.451734148322 0 3.849155e-05
198237165.0 1.0 1811.4266986947223 1 0.99999887
270327432.0 0.0 1812.3468205019624 0 5.6361165e-07
434724230.0 1.0 1811.138256283301 1 0.99992824
65696118.0 1.0 1806.203480460013 1 0.9999934
12216678.0 1.0 1795.2023045571807 1 0.9999999
419524140.0 1.0 1795.014361692058 1 1.0
428293180.0 1.0 1794.6613257159354 1 0.9999995
331866906.0 0.0 1812.472027883156 0 0.00026823237
378653362.0 1.0 1811.388764564637 1 0.9999983
94454314.0 1.0 1795.9952294227678 1 1.0
331727884.0 1.0 1795.867637358351 1 0.999998
200773031.0 0.0 1805.2036375303273 0 0.00042712665
101032677.0 1.0 1794.7245757918902 1 0.99999964
252195327.0 0.0 1812.7021203721354 0 0.018387157
387562212.0 1.0 1798.720596615684 1 0.9999933
287137719.0 1.0 1797.2394833862172 1 1.0
51022448.0 1.0 1796.1398835840937 1 0.999998
449991108.0 1.0 1793.410324391635 1 1.0
251250924.0 0.0 1805.2026621123855 0 0.00013144514
13080907.0 1.0 1794.8063843548812 1 1.0
395407102.0 1.0 1799.972199595146 1 0.99998933
94453754.0 0.0 1805.5371038057601 0 0.02989198
250505921.0 1.0 1811.2652505877581 1 0.99999976
445616870.0 0.0 1812.3484667271414 0 4.7916524e-06
301642504.0 0.0 1805.224013169306 0 0.00027979052
412353000.0 0.0 1808.8876701173342 0 4.315432e-05
354844793.0 0.0 1808.9103664121053 0 0.0013376718
377733327.0 0.0 1798.5136303192885 2 3.1626416e-06
23051058.0 1.0 1794.8078634466174 1 1.0
63689111.0 1.0 1810.7242847902726 1 0.99999297
73527713.0 0.0 1812.411899838797 0 0.00050059205
285127345.0 1.0 1797.9725724845018 1 0.99999774
49938487.0 1.0 1796.3481152182883 1 0.9999586
250722413.0 1.0 1793.890315236815 1 0.99999994
396026334.0 1.0 1795.4302117655245 1 0.99999994
436863245.0 1.0 1797.8705815623157 1 1.0
241094438.0 1.0 1795.0154672881613 1 0.9999971
436930286.0 0.0 1808.9329939885822 0 0.0004645375
458842028.0 0.0 1806.2229955630967 3 7.255399e-09
390734825.0 1.0 1795.160663305218 1 1.0
306564214.0 0.0 1796.640007253974 0 0.005154652
352954787.0 0.0 1811.3870213905452 3 2.5607116e-14
381660977.0 1.0 1793.3494498667399 1 1.0
139506131.0 0.0 1812.703391827921 0 1.3926648e-06
264468462.0 0.0 1812.658576992206 0 1.1973028e-06
352815200.0 1.0 1810.1620052731203 1 1.0
389963202.0 0.0 1797.9688277859457 0 1.4049523e-06
219897213.0 1.0 1796.0318051811653 1 0.99999565
353735662.0 1.0 1797.614563241977 1 0.99999946
422305222.0 0.0 1805.199727916082 0 4.3248196e-08
279662725.0 1.0 1797.2219178944085 1 0.999971
353898098.0 0.0 1806.0308397486347 2 2.3903414e-07
258773798.0 1.0 1798.5529434570933 1 1.0
235711420.0 1.0 1806.3866021023725 1 0.99994797
229748770.0 1.0 1794.9903888768338 1 0.9999994
389693567.0 0.0 1805.3269374628771 0 0.00036691228
35015461.0 0.0 1805.5789681566757 0 7.445916e-06
83349390.0 1.0 1793.8684501219484 1 1.0
354129904.0 1.0 1797.098906233134 1 0.9999999
198179503.0 0.0 1805.2183512062618 0 1.0342168e-06
245424073.0 1.0 1796.7860184177168 1 0.9999997
427803788.0 0.0 1812.3883766142935 0 1.6595019e-06
256647627.0 1.0 1795.200368555842 1 1.0
178175440.0 1.0 1796.0369255299825 1 1.0
117868583.0 1.0 1805.7864948770698 1 0.9999998
301909087.0 0.0 1811.7448168550393 3 4.4650064e-05
434625997.0 0.0 1800.2843638841646 3 6.4209195e-16
265195449.0 1.0 1798.473598126209 1 0.99999976
285536806.0 1.0 1795.0353773641905 1 0.9999996
245463747.0 0.0 1812.3694315522907 0 2.2765537e-06
307642205.0 0.0 1812.3485421317343 0 0.00023004852
346119463.0 1.0 1795.2648975905952 1 0.9999993
399831693.0 1.0 1810.117481227214 1 0.99998647
327139897.0 1.0 1810.1611361078658 1 0.99999994
389958835.0 1.0 1799.3644305134621 1 0.9999997
368611669.0 1.0 1793.993075713953 1 0.9999992
381686169.0 1.0 1793.9326562685053 1 1.0
238717786.0 0.0 1793.1406406089761 0 2.2955313e-05
192731997.0 1.0 1797.5366441742183 1 0.99999136
259039731.0 1.0 1806.345015609379 1 0.99999446
264730832.0 0.0 1808.9526598808443 0 1.5057232e-07
422981940.0 0.0 1805.4325666040208 0 0.00013423801
336291798.0 1.0 1796.0339545886945 1 0.9999999
307956318.0 0.0 1793.67688130111 2 0.0055306153
376548032.0 1.0 1796.1798683477632 1 0.9999885
373512118.0 1.0 1796.4509344624373 1 0.9993047
138017750.0 0.0 1799.828819490631 3 0.012703975
275143610.0 1.0 1797.2221109054894 1 0.9999715
405614107.0 1.0 1796.9531988178376 1 0.9999685
311934395.0 0.0 1805.5563148147032 0 4.855079e-06
362131922.0 1.0 1799.7394344924205 1 0.99999994
327508064.0 1.0 1811.3279540153628 1 1.0
203105437.0 1.0 1793.4950811582353 1 0.9999958
256619170.0 0.0 1805.1989846153494 0 5.057833e-07
251408385.0 1.0 1793.4110904839704 1 1.0
229779905.0 0.0 1793.4072468202307 0 0.00013360906
390734132.0 1.0 1810.6608566975974 1 1.0
238720199.0 1.0 1810.9321655956635 1 0.9999991
13608268.0 0.0 1812.4108430335227 0 1.9695285e-06
367092770.0 1.0 1810.471347819254 1 1.0
202977153.0 0.0 1805.2032073387745 0 1.3735466e-05
445637996.0 1.0 1795.786112535917 1 0.99999344
445110677.0 1.0 1810.7019112230244 1 0.9999678
400245742.0 1.0 1795.9098901632226 1 0.99999636
229399917.0 1.0 1811.3444446735746 1 1.0
84167346.0 0.0 1812.6806638860999 0 4.2181487e-06
245581701.0 1.0 1810.265397743704 1 0.99999994
200773420.0 1.0 1805.9328217828074 1 0.99999636
272630114.0 0.0 1797.0347710176004 0 1.4440641e-05
22945470.0 1.0 1811.0162344200296 1 0.99999577
392125262.0 0.0 1808.8487874884563 0 0.00025722044
235716285.0 1.0 1794.8865604251282 1 1.0
20805612.0 0.0 1805.3075526338957 0 0.0010273268
450133593.0 1.0 1797.9943536191809 1 1.0
428611573.0 1.0 1796.763776286003 1 0.9999913
311188656.0 1.0 1797.32339134344 1 0.99999934
275462086.0 1.0 1796.930957953084 1 0.9999977
367536838.0 0.0 1793.3906363116862 0 5.129041e-06
445593436.0 1.0 1811.5149714300153 1 0.99974096
189685363.0 0.0 1805.3907037747142 0 0.00019359916
367081941.0 1.0 1810.2623633498513 1 0.99811935
250744292.0 1.0 1799.3072571657062 1 1.0
232644237.0 0.0 1797.9688082099792 0 0.00083557586
264404052.0 1.0 1799.4709354984486 1 0.9997697
219800917.0 1.0 1794.323099213907 1 1.0
445278771.0 1.0 1799.473188382453 1 0.99999994
376848439.0 1.0 1795.3860326112024 1 0.999997
202904195.0 1.0 1796.2659344548995 1 0.9999998
306951915.0 1.0 1798.535770563085 1 0.99999905
51961116.0 1.0 1795.3687880189827 1 0.9999995
233206362.0 1.0 1794.9273833700388 1 1.0
312976544.0 1.0 1798.202254151883 1 0.99999905
11335164.0 1.0 1797.3479438564877 1 0.9999879
321911609.0 0.0 1805.2209131636719 0 3.4362537e-09
468343249.0 0.0 1800.0551151992913 3 9.880137e-13
284056209.0 0.0 1809.2016879397872 0 4.0736122e-05
370064338.0 1.0 1811.1398556122617 1 0.9999918
366760089.0 0.0 1808.8462242489716 0 2.2237894e-09
408094808.0 0.0 1797.4919489740266 2 1.1224652e-09
189592051.0 1.0 1800.2448822021865 1 0.99999994
444724716.0 1.0 1810.202008476727 1 1.0
299328236.0 1.0 1794.5360242872307 1 0.9999902
377202633.0 0.0 1796.9090356627894 0 0.00016984082
326969027.0 1.0 1797.0990022814 1 0.9999999
427546254.0 0.0 1805.599806076766 0 0.00048345947
54128263.0 0.0 1812.7020345429169 0 4.6439003e-05
280036019.0 0.0 1805.219967082631 0 1.2114809e-06
192487627.0 1.0 1810.432479638929 1 0.99999994
354258570.0 1.0 1798.8280182793287 1 0.9999994
348231753.0 1.0 1796.327650496289 1 0.9999966
272324250.0 1.0 1796.159842069666 1 0.9999995
387409979.0 0.0 1798.2830818496666 2 0.0002791588
389982667.0 1.0 1810.7854935046262 1 1.0
387631215.0 0.0 1799.4497922812657 2 3.638278e-07
403430910.0 1.0 1810.473225893022 1 0.99981624
305831990.0 1.0 1797.9733263374235 1 1.0
149978133.0 1.0 1795.9328974191358 1 1.0
407514640.0 1.0 1796.5548093568113 1 0.9999993
233689439.0 1.0 1810.7398683013253 1 0.10368431
71691223.0 1.0 1798.5149923306699 1 0.9999981
196891391.0 0.0 1812.4942377259993 0 6.538521e-05
251726271.0 1.0 1794.9110796908014 1 0.9999967
433075988.0 1.0 1797.9326745660323 1 1.0
288610944.0 0.0 1806.1164187305176 2 8.011671e-13
13454275.0 1.0 1810.681444222798 1 0.9999989
237307634.0 1.0 1810.366303017244 1 0.9999999
229744093.0 1.0 1795.4694420614417 1 0.99994105
402204723.0 1.0 1810.7239158698292 1 0.9999956
280162900.0 0.0 1812.344924380719 0 2.4556874e-08
428071828.0 0.0 1808.848890545997 0 0.0002802166
418220541.0 0.0 1805.2001106776008 0 0.011342047
219854644.0 1.0 1798.4273350259668 1 0.99997807
327702232.0 1.0 1811.432131668659 1 0.99999684
389849892.0 1.0 1798.7644787193426 1 1.0
245377299.0 1.0 1797.6403095683852 1 0.99999946
302157740.0 1.0 1811.2864533275942 1 0.9999991
237016001.0 1.0 1794.3036608294115 1 1.0
272759306.0 1.0 1810.1771878014836 1 0.9999999
71697381.0 1.0 1794.077683930537 1 0.99999845
354700723.0 1.0 1795.8477245023541 1 0.9999996
235937080.0 0.0 1812.3872604235216 0 4.7791065e-07
63396412.0 0.0 1793.3912456596122 2 8.2893203e-10
83143741.0 0.0 1808.8889562460727 0 4.0426876e-05
319911472.0 0.0 1809.180949437863 0 8.785578e-06
250556056.0 1.0 1797.1405744146837 1 0.99999994
252114644.0 1.0 1805.9731015682894 1 1.0
302393948.0 0.0 1793.3279922964175 0 1.4795258e-05
374833810.0 1.0 1796.765015550682 1 0.9999778
229673190.0 1.0 1795.0945673914646 1 0.9999986
82097187.0 1.0 1796.4729007328542 1 1.0
116218267.0 0.0 1793.3281260685994 0 0.0015778586
392536812.0 0.0 1795.5314576125033 3 4.136336e-13
366915995.0 1.0 1794.3672230384295 1 1.0
229676244.0 0.0 1797.8030180673543 3 2.4203708e-11
353565609.0 0.0 1799.1808328035966 3 5.8678335e-30
285270916.0 1.0 1797.9120128173636 1 1.0
453268379.0 0.0 1805.556584281594 0 0.00032158734
331472386.0 0.0 1806.2002639837094 2 0.0068321037
271141434.0 0.0 1806.0137442867194 2 1.4370052e-13
265186168.0 1.0 1810.4301369904194 1 0.9993678
192845021.0 1.0 1794.6406631912992 1 0.99999857
366915995.0 0.0 1808.867135021354 0 1.19456915e-08
309053519.0 1.0 1793.6402322646668 1 0.99999976
445248709.0 1.0 1806.2020383700926 1 0.9999964
436935532.0 1.0 1797.7664510806771 1 0.999998
366194419.0 1.0 1799.681022956516 1 0.99993914
441762659.0 1.0 1796.5112202361956 1 0.9999998
366491596.0 1.0 1797.261767245561 1 0.99999726
10974183.0 1.0 1810.5563390277728 1 1.0
298313179.0 1.0 1810.325933020328 1 1.0
354116108.0 0.0 1793.3252400713081 0 2.4840313e-06
400252968.0 1.0 1805.4096795529936 1 1.0
445412390.0 0.0 1805.556427173376 0 5.4758e-05
372071808.0 1.0 1806.1586259575506 1 0.9999999
270127471.0 0.0 1808.909423911117 0 0.00020757946
200739444.0 1.0 1798.5576992868755 1 0.9999329
178139320.0 0.0 1805.224522996187 0 0.0003055382
21022385.0 1.0 1795.6622239662952 1 1.0
445619293.0 0.0 1798.6817634293295 2 2.9983043e-12
445637206.0 1.0 1810.640269341648 1 0.99928796
52037363.0 1.0 1799.5977154844197 1 0.9999978
21116714.0 0.0 1805.2037624566003 0 5.1087925e-05
332048456.0 0.0 1805.5147909430295 0 1.7949909e-06
94367054.0 1.0 1793.2036000019575 1 1.0
432090580.0 0.0 1796.6407557955888 0 0.022739518
279187055.0 0.0 1805.5559218251076 0 9.446342e-07
315922289.0 0.0 1808.8663223930682 0 8.506706e-06
116616937.0 1.0 1811.4324137523604 1 0.9999981
83149868.0 0.0 1793.4098870570651 0 2.925923e-12
250559030.0 1.0 1810.432122967095 1 1.0
288346006.0 0.0 1808.8659784035062 0 1.389429e-09
101163592.0 0.0 1809.39141819717 0 0.00055197394
322319485.0 1.0 1794.4502828226152 1 0.9999995
387505561.0 0.0 1805.2413402089835 0 1.6563585e-05
444801274.0 0.0 1811.7645410654015 3 6.6446554e-10
256206976.0 1.0 1796.9101476326807 1 0.9999957
249859598.0 1.0 1797.99458290263 1 0.9999998
63719613.0 0.0 1793.7662094846944 2 2.776189e-07
279872508.0 1.0 1797.888704749078 1 0.99999636
54210431.0 0.0 1805.6186998522712 0 0.00064742944
327444221.0 1.0 1799.9530380338715 1 0.999986
407383039.0 0.0 1805.2030834526045 0 1.2125231e-07
418030746.0 0.0 1812.4324744711237 0 0.0010944636
229938728.0 1.0 1797.4487712084456 1 0.9999998
12740962.0 1.0 1795.5980476915738 1 1.0
335692090.0 0.0 1812.3668858807239 0 1.9607337e-06
422838576.0 1.0 1805.6806008248086 1 0.99998677
219885612.0 0.0 1805.2193019767233 0 1.886475e-05
370274722.0 0.0 1809.2022885046897 0 1.18433896e-07
428299068.0 0.0 1805.3074395965784 0 0.001191693
237011192.0 1.0 1795.1369950179467 1 1.0
238719871.0 1.0 1797.4323455831004 1 1.0
11239272.0 0.0 1808.9106284897618 0 0.000901473
366681188.0 1.0 1798.4086812865057 1 1.0
417852503.0 0.0 1808.8472098692948 0 0.0011353025
264193575.0 1.0 1806.3667340564014 1 1.0
269697721.0 0.0 1794.1369912922673 3 1.6513129e-17
192736261.0 1.0 1797.286598867541 1 0.99999964
285276573.0 1.0 1793.6203978051524 1 1.0
321544763.0 1.0 1805.3249522002143 1 1.0
77352946.0 1.0 1798.7454973769359 1 0.99999994
249918677.0 0.0 1805.2030855052792 0 3.254449e-08
251116926.0 0.0 1805.2027532103345 0 5.28467e-05
71932079.0 1.0 1810.16071379171 1 0.99803364
351687142.0 1.0 1810.493288601435 1 0.9999992
285793850.0 1.0 1794.9106324149989 1 0.9999663
353871287.0 0.0 1806.0515710152206 3 0.43062794
233579092.0 1.0 1798.9691350589103 1 0.99999803
388605142.0 0.0 1805.2008027261577 0 3.652731e-05
129788532.0 1.0 1810.4950580902564 1 1.0
317511453.0 0.0 1795.6800099876948 2 1.9686992e-13
289569942.0 1.0 1793.2807268227405 1 0.9999873
374613564.0 1.0 1796.2026921593056 1 1.0
366557556.0 0.0 1805.304506058124 3 1.8493812e-11
309232490.0 0.0 1812.4526831179132 0 1.0527305e-05
417310592.0 1.0 1793.5559716866626 1 1.0
354869471.0 1.0 1805.8280898475266 1 0.9999981
233210176.0 1.0 1794.7190226355285 1 0.99992955
453224609.0 1.0 1805.9316047445407 1 0.99999505
329154069.0 0.0 1805.1990204991191 0 1.483928e-07
445182516.0 0.0 1809.2019804892986 0 0.0017502367
285036737.0 0.0 1805.5561282206938 0 4.2139618e-05
352978599.0 0.0 1794.9498180248615 2 9.771319e-11
265186608.0 0.0 1798.9303780562789 2 8.031057e-07
417831403.0 0.0 1805.5371736585369 0 0.00018348395
219900027.0 0.0 1811.5317214124887 3 4.266825e-16
403689041.0 0.0 1805.4528077437178 2 0.0038343119
396532179.0 1.0 1811.4933438222854 1 1.0
428121854.0 0.0 1805.2448439311927 0 1.2501481e-07
374967351.0 1.0 1794.9316736342678 1 1.0
312555125.0 1.0 1798.035611830792 1 0.9999977
331212224.0 0.0 1805.5565556274794 0 0.012460874
309049634.0 0.0 1810.661003093198 2 8.333286e-12
374480651.0 1.0 1796.2234658909472 1 0.9921126
67711552.0 1.0 1796.4119367268809 1 0.9999914
395769189.0 0.0 1796.805524084125 0 0.00016138922
201156659.0 1.0 1795.703486309871 1 1.0
431760531.0 0.0 1795.244936664332 2 0.0031189364
407213357.0 0.0 1805.2012420811657 0 0.00789916
376775467.0 0.0 1793.4091855328354 0 9.8662255e-08
387446706.0 0.0 1808.8870089066513 0 0.0001928243
285344045.0 1.0 1793.5787076793968 1 1.0
272324340.0 0.0 1800.3472806241414 3 1.7042472e-14
370073677.0 1.0 1799.1191780330496 1 1.0
256562314.0 1.0 1796.615824775897 1 0.9086178
375082218.0 0.0 1812.3484049665058 0 2.464566e-07
251650602.0 0.0 1808.8485560054273 0 4.2099735e-05
387810926.0 0.0 1805.283160789517 0 0.00084624224
396162820.0 0.0 1793.3678768810526 0 1.0692844e-08
233547085.0 1.0 1806.0940092849683 1 0.9999995
258628565.0 1.0 1798.3662795786536 1 0.9999994
316330990.0 1.0 1810.8277972816443 1 1.0
129916255.0 1.0 1797.5577974089972 1 0.9999991
353893520.0 0.0 1805.7246469312865 2 4.444558e-06
316250867.0 0.0 1809.9113487997076 3 5.2806744e-17
417663305.0 0.0 1793.304844059842 0 3.681387e-11
434973053.0 1.0 1811.1591259248846 1 0.9999878
241023945.0 1.0 1797.5569094888688 1 1.0
346932389.0 0.0 1805.5766533040967 0 9.903318e-07
334832291.0 0.0 1796.676780132304 0 0.00035653822
279209662.0 0.0 1805.3060829492103 0 7.5794887e-06
322132773.0 1.0 1810.8875151173745 1 1.0
427767103.0 0.0 1808.8468602792816 0 1.1180901e-07
117271063.0 1.0 1795.6821104893572 1 0.9999553
302231611.0 0.0 1808.8489117412348 0 6.5958534e-06
308777391.0 0.0 1805.2027699145342 0 8.127916e-05
322263229.0 1.0 1793.887748479365 1 0.999986
54265033.0 1.0 1795.3268727800566 1 0.9999975
54262058.0 1.0 1806.0352321900612 1 1.0
229793974.0 0.0 1799.0112992352929 2 1.1961903e-08
280189682.0 1.0 1797.5144860935418 1 0.9999998
352954787.0 0.0 1797.3456272752526 3 2.0863973e-16
367463947.0 1.0 1806.4113274229555 1 0.99999845
436844413.0 0.0 1812.7661918763108 0 0.0005246673
235682059.0 1.0 1810.4703318387049 1 0.9999992
237209077.0 1.0 1806.386955577499 1 0.9999999
229959574.0 0.0 1796.9069701242868 0 8.320402e-06
410549837.0 0.0 1812.348581248059 0 1.4584245e-07
233573290.0 1.0 1798.1774768952887 1 0.9999804
250836327.0 1.0 1794.6820677800836 1 0.9999814
116985098.0 0.0 1808.848990688808 0 1.0436399e-05
346119271.0 1.0 1796.5149232136316 1 1.0
49942082.0 1.0 1798.2857373472461 1 1.0
34754039.0 1.0 1797.287322990774 1 1.0
387505561.0 1.0 1795.1581181318543 1 0.9999998
252860768.0 0.0 1805.203058839356 0 3.1662705e-07
289582210.0 0.0 1805.197804466361 0 4.4458656e-07
387676401.0 1.0 1795.5540068145406 1 0.99999976
346717337.0 1.0 1806.2871299420306 1 1.0
230073755.0 0.0 1806.0938912911665 2 1.6859046e-12
374615414.0 0.0 1796.6402512497998 0 0.00022178149
67660662.0 1.0 1795.286856967474 1 0.9999988
308533786.0 1.0 1799.6402326955122 1 0.99999875
269520434.0 1.0 1796.9929568335651 1 1.0
291840808.0 0.0 1805.2239758422559 0 0.0006277176
316620933.0 1.0 1810.1403812604926 1 0.99999934
264051736.0 0.0 1795.0747914102817 2 3.2763246e-06
201039995.0 0.0 1808.8703889118783 0 0.0025997171
285865221.0 1.0 1795.2445969771725 1 0.9999946
229674517.0 1.0 1794.2193626421652 1 0.9999991
357674770.0 1.0 1799.5357747096093 1 1.0
368610965.0 1.0 1796.4097326718584 1 0.9999977
50266875.0 0.0 1812.4315476432944 0 0.00014805107
405626004.0 1.0 1793.6824471942116 1 0.9970106
255922200.0 0.0 1805.241267445626 0 8.358662e-05
12832101.0 0.0 1805.2647645984189 0 6.9381036e-05
431763108.0 1.0 1797.9742526357957 1 0.9999981
65353666.0 1.0 1805.2658245518048 1 0.99999267
421110478.0 1.0 1797.910262667716 1 0.9999997
441800311.0 1.0 1806.1363476601807 1 0.99999964
428415789.0 1.0 1794.347626975467 1 1.0
186967134.0 0.0 1812.6407297478997 0 0.0017725182
354838464.0 1.0 1799.368760448495 1 0.9999998
26647932.0 1.0 1805.6830228320696 1 1.0
312063765.0 0.0 1812.681020269892 0 0.00018839967
373278501.0 1.0 1805.3050264043338 1 0.9999999
21119455.0 1.0 1798.7039047933326 1 0.99999976
233526800.0 1.0 1810.3856590235496 1 0.99999315
336168635.0 1.0 1796.0958468266708 1 0.9999997
186595861.0 1.0 1796.9536522461628 1 1.0
332477068.0 1.0 1797.3226479364764 1 0.999994
356893496.0 0.0 1809.1144143701913 0 2.4113302e-07
258627226.0 1.0 1795.57462981208 1 0.99999875
285943293.0 0.0 1805.203184259439 0 2.308124e-08
94475719.0 1.0 1798.7036620433707 1 0.9999991
201300054.0 0.0 1805.474574294251 0 0.0013343546
82339604.0 0.0 1796.8899899125286 0 8.252935e-05
320504763.0 1.0 1796.7184196233422 1 0.8709859
265298970.0 1.0 1805.556987417606 1 0.99999905
192254117.0 1.0 1793.974247650891 1 0.9999994
376194008.0 1.0 1798.2018934113628 1 0.99999994
402373908.0 0.0 1796.6413144731214 0 0.00097321736
265474329.0 0.0 1794.4108549020698 2 4.5853216e-07
240873079.0 0.0 1803.9318017260673 3 5.650081e-16
233519583.0 0.0 1812.34301305562 0 1.7476393e-07
139533878.0 1.0 1796.516080540316 1 0.99999756
423948019.0 0.0 1805.2418985723475 0 7.101865e-08
201383274.0 1.0 1810.4538094524282 1 1.0
445187894.0 1.0 1793.6606745134006 1 1.0
264296742.0 0.0 1812.3667856373793 0 8.3617e-05
387631870.0 0.0 1809.4287942749081 0 1.4333812e-09
275421016.0 1.0 1810.491431762296 1 0.9999997
420448703.0 0.0 1809.2015247076324 3 0.0006699073
259248433.0 1.0 1799.7030304835362 1 0.9993911
251766493.0 1.0 1796.8276690877303 1 0.99999857
348672128.0 1.0 1797.3485082692184 1 0.9999982
417303905.0 1.0 1805.9932481146554 1 1.0
292272943.0 0.0 1812.3696741373558 0 2.6046599e-05
408579218.0 1.0 1797.9103416136384 1 1.0
398212665.0 0.0 1797.8478428111864 0 2.167474e-07
396299458.0 0.0 1809.4307569014977 0 7.232045e-05
428517443.0 1.0 1797.8697996635162 1 1.0
445401551.0 1.0 1794.0563374521157 1 1.0
77353169.0 1.0 1798.0163441884874 1 0.9999994
390972142.0 0.0 1793.1374962934515 0 0.00034725244
52942046.0 1.0 1799.7854539391492 1 0.9999981
397281080.0 0.0 1808.9312299295955 0 1.3503486e-09
50361034.0 1.0 1799.2024183527458 1 1.0
427975152.0 1.0 1798.513668422466 1 0.99999994
431868967.0 0.0 1805.224299205177 0 0.0013830477
52435044.0 1.0 1799.5979290381872 1 0.99999505
259297355.0 0.0 1809.1201027583365 0 0.00028865514
370000049.0 0.0 1810.6188950937365 2 4.5531884e-05
116218868.0 1.0 1794.0989768112725 1 0.99999267
117619327.0 1.0 1797.03650128112 1 0.9995945
387330110.0 1.0 1806.0329199141922 1 0.99999905
322317967.0 0.0 1805.2418153001279 0 5.3921094e-06
279610261.0 0.0 1805.2008755089644 0 5.8527323e-05
370756231.0 1.0 1794.3275924915008 1 0.99999624
63676243.0 0.0 1796.6412206810785 0 0.0005503133
392536812.0 0.0 1800.2605442256918 3 1.4436708e-12
368792432.0 1.0 1795.9099340180326 1 0.9999999
20801954.0 1.0 1799.0992654098266 1 1.0
423745608.0 1.0 1797.9524326265582 1 0.9999912
299437154.0 1.0 1797.2238375398965 1 1.0
235995775.0 1.0 1798.1581684478829 1 0.9999995
379475992.0 0.0 1808.9936887756874 0 3.040359e-07
233005145.0 1.0 1799.2812951604578 1 0.9999972
117178835.0 1.0 1794.0363690924244 1 0.9999983
399197082.0 1.0 1799.4526078538213 1 0.9999738
366557556.0 0.0 1807.0961565315054 3 3.5340463e-15
327445165.0 1.0 1798.9739259137993 1 0.99954796
83150452.0 1.0 1810.3055348825053 1 0.99999934
233719821.0 0.0 1808.8439173385668 0 7.199045e-05
129981993.0 1.0 1793.286808550179 1 1.0
54373874.0 1.0 1794.1813826879286 1 0.9999993
268519302.0 1.0 1796.596957926046 1 0.99999905
373511585.0 0.0 1808.8468027637286 0 1.9549027e-05
283943176.0 0.0 1798.0976213790684 2 1.5534987e-08
240891599.0 1.0 1795.5984859035073 1 0.9999998
378851958.0 1.0 1795.8474296839927 1 0.9999999
363808254.0 1.0 1795.055572221872 1 0.99999774
117527376.0 1.0 1795.2653733550435 1 1.0
374391716.0 1.0 1795.7648385457474 1 0.9995222
233604728.0 0.0 1808.9692354749411 0 2.8539898e-05
230070507.0 0.0 1805.1978914784627 0 3.376543e-06
433140425.0 1.0 1810.4118070142852 1 1.0
229741985.0 0.0 1795.698886553269 3 1.3381586e-05
198204954.0 1.0 1797.8433287342932 1 0.9999937
348313828.0 0.0 1793.3901378042417 0 0.00066683954
233051156.0 1.0 1806.2811530642368 1 0.99999654
201153761.0 0.0 1810.3286235515754 2 1.5536252e-05
368603158.0 1.0 1798.9932481690012 1 0.9999993
385592030.0 0.0 1793.1411953425022 0 0.0015740922
422425395.0 1.0 1795.6375298566018 1 0.9992298
347426535.0 1.0 1796.5159212929148 1 0.9999936
101093971.0 0.0 1805.4747122890194 0 0.031932436
251540528.0 1.0 1797.7860686129914 1 0.9998994
10868974.0 0.0 1805.3897932674245 0 5.0702383e-06
201114052.0 0.0 1796.6410389543553 0 0.000506403
275465944.0 0.0 1805.2646491735277 0 1.3795313e-05
419524843.0 1.0 1794.889264429757 1 0.99960566
240876177.0 1.0 1795.0359938119916 1 0.999999
415962502.0 1.0 1798.786561050915 1 0.9999926
177764705.0 1.0 1797.245249505375 1 1.0
235977284.0 1.0 1796.8456146537212 1 0.9999999
65157917.0 0.0 1798.911697125204 2 4.2596315e-11
279599877.0 0.0 1808.910687856196 0 0.03078979
229767084.0 1.0 1799.886147271966 1 0.9999918
400669412.0 0.0 1805.2650197433743 0 2.3726008e-08
417556399.0 1.0 1795.8895307301486 1 0.99997914
272831479.0 1.0 1810.9304521894696 1 1.0
302467487.0 0.0 1796.8281776734905 0 0.003198364
352424791.0 0.0 1797.847511641934 0 1.715168e-05
116208577.0 1.0 1796.4737369938855 1 0.9999996
83525725.0 1.0 1795.0974906868207 1 0.99999994
420657532.0 0.0 1796.8050852250296 0 4.7745602e-06
233724202.0 1.0 1811.1354245035932 1 0.99999994
101406660.0 1.0 1806.058071781286 1 0.9999615
407155253.0 0.0 1793.4097588872003 0 1.9761192e-06
229585356.0 0.0 1809.5738000844087 3 7.0911537e-28
331389591.0 1.0 1799.8690845469025 1 1.0
370346214.0 0.0 1806.0565352647325 2 1.700428e-06
332152659.0 0.0 1812.6605475905685 0 8.1734855e-05
67571969.0 0.0 1793.1409781818377 0 0.0006500788
275858205.0 0.0 1805.3268590250354 0 0.00093494036
265146654.0 1.0 1797.0958029991618 1 0.9999736
357668748.0 0.0 1808.9523245410235 0 0.00021149842
351546522.0 1.0 1795.159959936474 1 1.0
279288500.0 1.0 1798.5344313777548 1 0.9999904
396339551.0 0.0 1811.2434431762108 3 7.553463e-05
286640501.0 0.0 1805.202627835953 0 7.034718e-06
373065405.0 0.0 1805.200851073487 0 1.4347515e-09
354743557.0 1.0 1794.5561602077735 1 0.9999999
286567037.0 0.0 1805.2856156500616 0 3.8265116e-05
235982927.0 0.0 1801.8664108313535 3 2.5017737e-06
230112279.0 1.0 1797.7190130148995 1 0.9997785
284191524.0 1.0 1797.468452470246 1 0.9999999
301997839.0 0.0 1812.3489062923393 0 0.0002885949
85595785.0 1.0 1794.5996119205245 1 0.99999875
322061484.0 1.0 1796.3043694649473 1 0.99999934
192319410.0 1.0 1810.4949492724445 1 0.99999475
353505793.0 1.0 1806.0335063096647 1 1.0
103951524.0 1.0 1810.9323454031507 1 0.99999994
444497412.0 0.0 1796.6394729631866 0 5.2313644e-05
445401617.0 1.0 1794.0146718421977 1 0.99999946
354788350.0 1.0 1810.744913851074 1 0.99998516
196948294.0 1.0 1798.0779183904192 1 1.0
292152138.0 1.0 1798.8698431731425 1 0.9999999
317320470.0 1.0 1799.575694713221 1 0.9998269
302157746.0 0.0 1808.8698095305206 0 0.00012204034
256502781.0 1.0 1799.241931710106 1 0.9986374
301421405.0 1.0 1799.2446832826658 1 0.99992615
29056167.0 0.0 1809.1206295074442 0 0.00038877426
410237933.0 0.0 1805.2001965874094 0 0.0014114543
316628089.0 0.0 1808.8488888207614 0 7.374596e-05
10791936.0 1.0 1810.6395408396522 1 0.9979756
198187777.0 1.0 1811.2183063811053 1 0.99999195
258512355.0 1.0 1806.3035643881524 1 0.99999994
284308187.0 1.0 1797.3683996870798 1 0.99999875
417549814.0 1.0 1795.0142624430196 1 0.9999772
372433150.0 0.0 1812.3485981603453 0 2.5621895e-05
264453826.0 1.0 1793.262583992521 1 0.9999985
293128897.0 0.0 1805.203227833289 0 6.510027e-05
233076423.0 1.0 1799.5313633545466 1 0.99999917
63789906.0 1.0 1810.3493255571695 1 0.9999948
359253239.0 0.0 1796.639242150566 0 0.029451357
349294422.0 0.0 1807.2872583196415 3 3.5860523e-06
366557556.0 0.0 1809.3461334263595 3 6.3490635e-10
237237907.0 0.0 1812.5120507353938 0 7.280972e-07
321595539.0 0.0 1808.887391991169 0 2.1762192e-09
455893446.0 1.0 1795.4299541607797 1 1.0
406518465.0 1.0 1795.8039394987493 1 0.99999934
377251803.0 0.0 1800.4482268230547 3 2.875953e-13
401320381.0 1.0 1806.1384353514716 1 1.0
235988533.0 1.0 1799.1581408295199 1 1.0
186940754.0 1.0 1796.9951555214864 1 0.99999696
219739842.0 0.0 1793.7600025818504 2 2.0687025e-14
352693463.0 0.0 1812.4283936182408 0 0.0001162174
433699236.0 1.0 1799.9508547792564 1 0.9999974
256601288.0 0.0 1808.910749791835 0 0.00023700985
280414997.0 1.0 1796.014417875679 1 0.99999934
377165246.0 1.0 1797.5524566281958 1 1.0
229444187.0 0.0 1805.1988347619324 0 7.3512254e-08
433286543.0 1.0 1798.4745033940105 1 0.999999
445424477.0 1.0 1794.0147951404224 1 0.99999994
286316649.0 0.0 1805.203736316562 0 0.00047626297
396486931.0 0.0 1806.5758366590053 3 1.7750753e-19
422613703.0 1.0 1798.409402360329 1 0.9997563
285512131.0 1.0 1798.723782731808 1 0.9978702
384985022.0 0.0 1805.2452363022821 0 0.0004376643
387530516.0 1.0 1810.282893386675 1 0.9999432
229953195.0 1.0 1796.6987380075727 1 0.99994063
377251803.0 0.0 1798.7399300002387 3 9.723212e-17
347488959.0 0.0 1812.410828647189 0 0.00058940734
90645076.0 1.0 1796.932894187822 1 0.9999791
256206317.0 0.0 1805.6809319536985 0 0.0001583672
101091735.0 1.0 1796.9329389709592 1 0.99999976
201099379.0 0.0 1809.1204475979487 0 0.00046278795
288266366.0 1.0 1806.0741769754973 1 0.99994963
255993442.0 1.0 1794.36630444643 1 1.0
233747337.0 1.0 1798.656505476495 1 0.99999803
34554020.0 0.0 1812.4121533569971 0 0.00056561985
351609665.0 1.0 1799.8472728886838 1 0.99999344
241061382.0 1.0 1800.4735002842215 1 0.99575305
396339551.0 0.0 1809.7225989750877 3 2.0668966e-05
354125416.0 0.0 1812.369794285232 0 2.718935e-05
233079659.0 0.0 1807.0106671143817 3 2.2209566e-10
423995849.0 0.0 1797.8482186065194 0 1.397593e-06
410472997.0 0.0 1808.8901518418957 0 1.6385142e-07
420110764.0 1.0 1797.3661182564028 1 1.0
186615198.0 0.0 1805.2869545552587 0 0.0001893977
354385277.0 0.0 1800.8257592053149 3 4.8947263e-10
292978984.0 0.0 1793.1408357444816 0 0.00023418204
256101052.0 1.0 1795.368754203041 1 0.9999939
184731492.0 1.0 1798.8076678199209 1 1.0
399582774.0 1.0 1811.4117039353616 1 0.95877314
441792818.0 1.0 1795.1570921274324 1 0.9999997
272323801.0 0.0 1806.0138382479076 2 1.4289733e-08
354703941.0 1.0 1794.8061703282542 1 0.9999984
250636476.0 0.0 1808.8904324320636 0 6.354118e-09
237000094.0 1.0 1795.4911537312169 1 1.0
368459023.0 1.0 1811.388862329114 1 0.99999756
237220961.0 0.0 1805.2412509867631 0 0.008115197
427737203.0 1.0 1796.2037794410212 1 1.0
372723747.0 1.0 1795.8062540034723 1 0.9999997
333068970.0 0.0 1805.53576189593 0 0.0001050299
184739277.0 0.0 1804.8910061027818 3 1.3687744e-29
315938753.0 1.0 1793.7232955310637 1 1.0
302391058.0 1.0 1795.6820980122382 1 0.9999862
284315713.0 1.0 1797.639362317893 1 0.99999434
250520255.0 1.0 1811.5362365108083 1 0.99999964
269697721.0 0.0 1800.574456262849 3 7.23056e-24
331365131.0 1.0 1810.3464439745842 1 0.99999994
264922703.0 1.0 1798.1610553827845 1 0.99999607
63405466.0 0.0 1809.0575895972895 0 0.0005497118
241135505.0 0.0 1805.932173815875 2 0.00013340513
52430131.0 0.0 1805.6604365508317 0 1.06337494e-10
332977105.0 1.0 1794.8900763731947 1 0.99999994
283936559.0 0.0 1797.5768928474945 2 5.10861e-09
34715957.0 0.0 1793.1414013082224 0 0.0004165604
369027781.0 0.0 1808.8682404298165 0 3.2648184e-06
288624796.0 1.0 1805.8283525522752 1 1.0
291957039.0 1.0 1811.0989389152808 1 0.9999554
428383194.0 1.0 1796.930846192535 1 1.0
398370643.0 1.0 1799.0333438206615 1 0.99635786
420024734.0 1.0 1796.3686834892678 1 0.9999998
397234039.0 1.0 1797.7433008956773 1 1.0
390022379.0 1.0 1810.8019190237032 1 0.99999994
309299903.0 0.0 1812.3901495451694 0 1.3989411e-06
302393948.0 1.0 1805.911431836457 1 0.99996084
445188624.0 1.0 1793.3482007971038 1 0.9999992
219858745.0 1.0 1795.885473980918 1 0.9999939
338157274.0 1.0 1799.7840079814553 1 0.9999997
279878476.0 0.0 1793.4093780692174 0 1.1421824e-06
428417620.0 0.0 1797.5559637338222 2 2.1393547e-14
10793323.0 1.0 1794.4728425752053 1 0.99999297
400439788.0 1.0 1794.098317551337 1 0.9999929
316449921.0 0.0 1808.8487995269275 0 0.025737418
202866994.0 1.0 1811.4323879277208 1 1.0
302777879.0 0.0 1810.4729427625168 2 0.0049537527
233211275.0 0.0 1805.2193026131672 0 8.531131e-07
398107097.0 1.0 1799.680961035165 1 0.99999845
284889645.0 0.0 1812.634718979591 0 2.899643e-07
452911445.0 0.0 1809.1811157138854 0 4.924223e-07
77322543.0 1.0 1811.4537026510588 1 0.99997956
77425520.0 1.0 1793.1620259065344 1 0.9999816
117663295.0 0.0 1796.6406321167642 0 0.00049012474
279380757.0 1.0 1805.5760402747699 1 0.9999838
251221335.0 1.0 1795.0361593485047 1 0.9999955
219871753.0 1.0 1798.7191774755197 1 1.0
192558696.0 1.0 1806.1201998961806 1 0.9999994
444797901.0 1.0 1794.889477310704 1 0.9999903
240899435.0 1.0 1806.3900430033723 1 1.0
229744948.0 0.0 1793.4069797284578 0 6.4344285e-09
301641054.0 1.0 1794.1406758254777 1 1.0
219821915.0 0.0 1797.9688214004336 0 0.0005415848
301741193.0 0.0 1800.3906937600307 3 8.886706e-06
381806115.0 1.0 1795.3286999892357 1 0.9999995
428731898.0 0.0 1805.2220361922114 0 3.75284e-09
52266477.0 1.0 1810.4102545073356 1 0.9595619
305294281.0 1.0 1805.699549847312 1 0.9999968
373958040.0 1.0 1811.3895955995192 1 0.9999791
444141905.0 1.0 1794.2444251720494 1 0.9997938
232610775.0 1.0 1810.5518200334252 1 0.9999983
370595387.0 1.0 1811.1192281297685 1 0.9999994
427652742.0 0.0 1812.36742467474 0 1.02114e-08
61016388.0 1.0 1795.1206563246744 1 0.9999997
367424347.0 0.0 1796.8255501676645 0 0.001306483
233684697.0 1.0 1795.5729052880756 1 1.0
378197124.0 1.0 1794.659615452171 1 0.9999984
233689085.0 0.0 1797.9690545313654 0 0.00015360765
274806038.0 0.0 1810.8886902213542 2 0.0008623588
369989622.0 1.0 1796.327353969853 1 0.99998003
117801296.0 0.0 1805.2030964561525 0 4.259451e-08
82556947.0 1.0 1798.1397091531032 1 0.99999917
301911971.0 1.0 1795.682321225741 1 1.0
198213885.0 1.0 1795.489260537943 1 0.99999094
72149837.0 1.0 1810.5567824638526 1 0.9999998
241080896.0 1.0 1793.4113808143916 1 0.9999977
353894453.0 0.0 1812.4056848050686 0 2.657427e-05
390408582.0 0.0 1805.2649159506739 0 9.592214e-06
83625098.0 0.0 1796.7434411115867 0 0.00033153803
256665572.0 1.0 1797.678341100354 1 0.99999005
283135823.0 1.0 1795.1395845225077 1 1.0
347690764.0 0.0 1798.7442890595062 2 6.414179e-11
196883709.0 1.0 1797.5779176150284 1 0.9999999
289138821.0 1.0 1797.6806226025196 1 0.99999994
68094383.0 1.0 1796.7035948243395 1 0.99999946
372199921.0 1.0 1796.181746108069 1 1.0
369238838.0 1.0 1794.8476266554055 1 1.0
374606779.0 0.0 1805.2650020490184 0 3.5573446e-06
54714467.0 0.0 1809.1812900681443 0 0.0048563457
230380515.0 0.0 1805.1986239439075 0 5.683839e-06
264332761.0 0.0 1808.8668303976194 0 8.636983e-05
412352904.0 1.0 1796.429610475726 1 0.999964
241089580.0 1.0 1797.5569519610262 1 0.9999999
452941437.0 1.0 1810.3685075262674 1 0.9999964
192837240.0 1.0 1798.8490915888397 1 1.0
250931180.0 1.0 1798.244795179171 1 0.99999887
354602800.0 1.0 1796.1395745363686 1 0.99991745
233508786.0 0.0 1809.030405533685 0 0.0005670713
219871703.0 0.0 1811.1776291402118 2 2.0745693e-11
372394663.0 1.0 1797.783804910302 1 0.99999183
395391834.0 1.0 1810.1179867421129 1 0.99988824
362218334.0 1.0 1794.8661151017334 1 0.99999976
369141038.0 0.0 1808.868262828146 0 0.0007693044
219847282.0 0.0 1797.698370705272 0 2.866052e-06
353779320.0 1.0 1810.5725379091461 1 1.0
283028372.0 1.0 1805.618211250091 1 1.0
323059832.0 1.0 1794.5125706056779 1 1.0
194737323.0 1.0 1794.4951572653356 1 0.99998766
359336500.0 1.0 1794.5974559837573 1 0.9999784
444413484.0 0.0 1805.5141708262743 0 0.007556862
268516426.0 1.0 1805.8884428186939 1 0.99999976
65491343.0 1.0 1806.2869139373768 1 0.9999861
453256390.0 1.0 1797.764876159117 1 0.99961174
368966682.0 1.0 1811.3681769317334 1 1.0
230071415.0 1.0 1805.4065326635332 1 0.99999845
161731976.0 0.0 1805.197207237745 0 0.00013819795
270826022.0 1.0 1811.4719414910699 1 0.99999994
378463864.0 0.0 1805.2222192738848 0 3.2199423e-06
271749335.0 1.0 1795.5140448734396 1 0.99999994
240950472.0 1.0 1797.1402892353474 1 1.0
445646082.0 0.0 1807.9110908877494 3 8.196621e-07
372976059.0 0.0 1800.137460496422 0 1.4555554e-06
256317115.0 0.0 1796.6812518781558 2 1.8495817e-06
219863986.0 1.0 1796.1984386578317 1 0.9999991
230386284.0 0.0 1796.5319913872934 3 2.6718662e-14
377154944.0 1.0 1798.013303150493 1 0.99999285
322338839.0 1.0 1796.8276609504123 1 0.99999994
441718331.0 0.0 1808.8445805885829 0 1.5298522e-06
445439435.0 1.0 1794.2441916040727 1 0.999999
331517869.0 0.0 1795.0773345798937 2 1.0524952e-13
352835398.0 0.0 1808.8683288560326 0 1.5347958e-09
237277760.0 0.0 1797.8661600048629 3 2.6857767e-27
316623082.0 1.0 1796.473553287928 1 0.99999017
229937398.0 0.0 1812.3442671781559 0 0.00019626704
13214018.0 0.0 1808.8674368550394 0 0.004564985
11437325.0 0.0 1801.1191024797386 3 2.3094511e-14
249949014.0 1.0 1794.8697296219887 1 1.0
354470695.0 1.0 1795.9737442693586 1 0.9999799
370432510.0 1.0 1794.8690230460593 1 0.9999722
249887658.0 0.0 1812.9113193494127 0 0.021244353
13768405.0 0.0 1798.973323760578 2 0.0001960366
104150714.0 0.0 1805.2031271093945 0 2.0672441e-07
323305362.0 0.0 1812.5335910077893 0 3.4906398e-09
256506463.0 0.0 1793.3253085574015 0 4.071189e-06
198207488.0 0.0 1805.3227262923372 0 9.048136e-06
264308037.0 1.0 1795.4083617370227 1 1.0
405492210.0 0.0 1796.6412910238191 0 0.00059296284
376289446.0 0.0 1805.2214442527152 0 8.1125145e-05
359630498.0 0.0 1794.4065416042313 0 7.62591e-05
279282173.0 0.0 1808.8474068493554 0 0.034281235
400388934.0 1.0 1810.9305388075513 1 1.0
256929656.0 0.0 1808.8449095824808 0 0.017252138
354109773.0 0.0 1809.1813977714944 0 0.0018771226
286117516.0 0.0 1808.9106917834129 0 0.00019929255
346926316.0 1.0 1799.3683974698388 1 0.9999998
352836311.0 0.0 1797.8475130504244 0 5.056673e-05
236786957.0 0.0 1797.9690386394248 0 7.9975655e-07
219811526.0 1.0 1799.1769164620634 1 0.999998
237234709.0 1.0 1806.1161225835365 1 0.99999833
251817383.0 0.0 1798.6820558233094 2 1.0777716e-06
353989515.0 0.0 1805.197505185165 0 0.0005097781
219900408.0 1.0 1796.2609267237638 1 1.0
366821603.0 0.0 1805.2004612769208 0 0.00026282054
252158971.0 1.0 1796.3482332026076 1 0.99999636
196845710.0 0.0 1808.890158325217 0 0.00023358219
203094295.0 1.0 1796.3284217767875 1 0.9999986
52187259.0 1.0 1797.264601553694 1 1.0
285088311.0 1.0 1798.5570893116305 1 1.0
249920086.0 0.0 1808.848848306032 0 7.124309e-06
288611323.0 1.0 1799.6576748129874 1 0.9999995
265000874.0 1.0 1810.8693538189623 1 1.0
264615805.0 0.0 1800.8068929558156 3 5.1151006e-10
445135409.0 1.0 1799.9731098927296 1 0.9999968
402894192.0 0.0 1805.2409723234562 0 2.741451e-05
315937274.0 0.0 1805.2235007982283 0 7.585701e-05
279186887.0 1.0 1793.9518844000197 1 0.9962185
428735978.0 0.0 1798.2011493451769 3 4.8993195e-22
390410161.0 1.0 1799.4731420453604 1 0.9999799
229649474.0 0.0 1808.8656577442712 0 8.982983e-06
436838655.0 1.0 1811.4537279693284 1 0.99997765
83898350.0 1.0 1793.535129898682 1 0.9999994
251360274.0 1.0 1805.4319344523683 1 0.9999996
406596531.0 1.0 1800.0552641645697 1 0.9999992
129992737.0 1.0 1793.724433077797 1 1.0
372054243.0 0.0 1805.221125488048 0 5.8676136e-07
249916954.0 1.0 1793.9114302081741 1 0.99999434
367145378.0 1.0 1799.2839107978848 1 0.99991953
258701778.0 0.0 1808.8447934547967 0 7.7945326e-05
427469938.0 0.0 1805.2841413969684 2 1.1507495e-11
350071311.0 1.0 1799.5749511905296 1 0.99999994
271023834.0 1.0 1797.2429903122988 1 0.9999999
34713170.0 0.0 1793.1414209012141 0 0.0004076114
402448481.0 1.0 1811.3242289038335 1 0.99999857
370697966.0 0.0 1812.6607488135876 0 5.4951284e-05
50052128.0 1.0 1794.5353779518546 1 0.99998695
202844773.0 0.0 1805.2031862533254 0 1.0068811e-10
34647589.0 0.0 1812.4329582804498 0 0.0007588606
35154430.0 0.0 1809.203980371049 0 0.0022679318
326787194.0 1.0 1795.7434795234442 1 1.0
428518138.0 0.0 1793.4100080216904 0 4.9347395e-06
250747121.0 0.0 1805.2030989712396 0 1.1827694e-06
407347162.0 1.0 1797.3680674245527 1 0.9999925
256509726.0 1.0 1810.9696371625064 1 0.9999997
387327964.0 1.0 1810.2413032185946 1 0.99999994
202838286.0 1.0 1797.8284451787194 1 0.9999532
319920120.0 0.0 1809.1810552110317 0 0.00014561243
230005098.0 1.0 1806.219638667357 1 1.0
387675673.0 0.0 1805.2413682784438 0 5.6625824e-05
301420230.0 0.0 1808.8696503709912 0 1.994001e-05
194667110.0 1.0 1794.4534946529996 1 1.0
354538713.0 0.0 1800.1405045903805 0 3.8019455e-06
385340540.0 1.0 1797.2653314457834 1 0.99999917
396662259.0 1.0 1795.6803962194879 1 0.9999999
160602710.0 1.0 1810.8447195472645 1 0.99985176
94365784.0 0.0 1805.5372337212698 0 0.000112971975
444756920.0 0.0 1809.1606348530358 0 5.872993e-07
287139533.0 1.0 1796.426517646761 1 1.0
335693771.0 0.0 1796.0755738496266 2 2.6584508e-05
285036737.0 0.0 1812.7018214305479 0 0.000106453226
453226444.0 0.0 1809.2024363831342 0 2.5620186e-05
177708876.0 0.0 1812.4118958907159 0 0.00050657004
129822085.0 1.0 1810.3701209613264 1 0.9999993
354926863.0 0.0 1807.2437152888829 3 2.305985e-12
77321625.0 1.0 1798.7455297409506 1 0.9999916
34622335.0 1.0 1795.974753237963 1 0.9999992
251488479.0 0.0 1805.2029389319848 0 6.732252e-05
449985007.0 0.0 1812.7017275417516 0 1.081108e-06
385240776.0 1.0 1798.8908474007835 1 0.9999998
34644961.0 0.0 1812.433003872513 0 0.0004085653
139427755.0 1.0 1796.266051685557 1 0.99999774
369728583.0 0.0 1812.6599168176494 0 1.13374135e-05
229951283.0 1.0 1805.8651047366075 1 0.9999998
320493987.0 0.0 1812.680944152741 0 0.00059601857
137083119.0 1.0 1799.3889885331303 1 0.99999946
301259781.0 0.0 1805.3280676298455 0 0.000111724556
50520582.0 0.0 1794.3482359461696 0 0.00023280557
117324067.0 0.0 1810.2240961529392 2 3.0567317e-05
400253601.0 0.0 1808.888785408352 0 0.00032299495
247003756.0 0.0 1796.6414628505638 0 0.01495092
370427302.0 1.0 1806.03574404581 1 0.99699587
240939060.0 1.0 1795.6610189730593 1 0.9999841
285517195.0 1.0 1810.119789379185 1 0.9999975
317474626.0 1.0 1805.6799862517798 1 0.9999993
301416042.0 1.0 1806.3070914007246 1 0.9999994
236902797.0 1.0 1794.5535906392963 1 0.9999967
396012717.0 0.0 1796.8056528378263 0 0.006380329
29016102.0 0.0 1796.641444022661 0 0.0005757304
445559725.0 0.0 1810.452630541915 2 1.4532543e-06
311939209.0 1.0 1793.3272327951545 1 1.0
453011301.0 1.0 1800.056339836613 1 0.9999994
237001301.0 1.0 1810.657480138533 1 0.9999162
177993043.0 1.0 1798.1619052615072 1 1.0
387272459.0 1.0 1797.220793447469 1 0.99998975
229435185.0 0.0 1808.865464470492 0 0.00035946665
250505525.0 1.0 1805.34867367641 1 1.0
376848612.0 1.0 1795.3443432278411 1 0.99999994
117031971.0 1.0 1796.2863109000461 1 1.0
229701637.0 1.0 1797.5113041294949 1 1.0
46479770.0 1.0 1794.1621380012389 1 0.9999953
129758680.0 0.0 1795.2868664314544 2 1.260483e-07
347583744.0 1.0 1810.4734563804868 1 0.99999976
317320470.0 0.0 1812.3465137801652 0 5.9446673e-05
441793849.0 1.0 1798.1986211983808 1 0.9999914
50941668.0 0.0 1805.264977767428 0 1.6239612e-05
288946353.0 1.0 1810.3687256197602 1 0.99999416
35154189.0 1.0 1795.9954642348712 1 0.9999352
312682043.0 0.0 1809.2021269224379 0 0.0004848985
192420284.0 0.0 1796.6407271219935 0 4.1996926e-05
284892452.0 0.0 1812.3641274898791 0 0.0001895153
403527307.0 0.0 1805.223445804509 0 0.00033922965
312151981.0 1.0 1798.1605256293838 1 0.9999999
384812248.0 0.0 1801.744284005599 3 2.9497316e-05
139374201.0 1.0 1793.6201926564972 1 1.0
82980345.0 1.0 1795.3058095368833 1 0.9999991
116273526.0 1.0 1795.0987950279355 1 0.99999934
269238883.0 1.0 1805.6594356279534 1 1.0
366200164.0 0.0 1809.1599773602936 0 0.00062825985
366557556.0 0.0 1795.8878913321041 3 1.41049044e-14
291888574.0 0.0 1793.1406282446853 0 0.0002784058
201013581.0 1.0 1796.8492729874604 1 0.9999966
376193302.0 0.0 1794.347689006135 0 3.7055408e-05
326967731.0 1.0 1799.1406064340688 1 0.9999998
309132339.0 1.0 1793.390439998675 1 1.0
104152774.0 1.0 1805.411529778451 1 0.9999999
302469111.0 1.0 1795.9532069866668 1 1.0
420448703.0 0.0 1799.8058213360284 3 0.0006712046
335037725.0 0.0 1808.846110831625 0 3.9530212e-07
445555125.0 0.0 1796.6400919771802 0 1.28653555e-05
280031408.0 0.0 1798.928444510125 2 1.1068738e-15
285428718.0 1.0 1796.0163175770772 1 0.99998474
52181279.0 1.0 1795.035326388356 1 0.99490273
369994913.0 1.0 1796.8272798499836 1 0.9999991
357744803.0 1.0 1798.6808252246947 1 1.0
137265019.0 0.0 1805.2014277341164 0 6.549251e-06
427867897.0 0.0 1793.409375475658 0 2.8106935e-09
441804845.0 0.0 1796.8861580018856 2 1.0833662e-10
219092927.0 1.0 1810.323411334179 1 0.99982285
251278457.0 0.0 1809.4321251093286 0 9.263729e-06
235934037.0 1.0 1810.1579391318633 1 1.0
368518022.0 1.0 1795.9724510135848 1 0.9999994
441734144.0 0.0 1810.2615707004513 3 1.4794109e-29
401007302.0 1.0 1796.3484271354125 1 0.9999715
305047694.0 1.0 1811.2854852766095 1 1.0
49847125.0 0.0 1798.660631116098 2 7.347069e-10
219756935.0 1.0 1795.4686813246155 1 0.9999892
301736993.0 0.0 1809.0572128338808 0 6.4849635e-05
229447803.0 0.0 1793.407217102285 0 8.62908e-05
308716542.0 0.0 1812.3693010474226 0 7.3454953e-06
279441587.0 0.0 1805.3059606349061 0 0.002164291
410502911.0 1.0 1805.452770178405 1 0.9999967
417665707.0 1.0 1799.7424573107608 1 0.99998474
378473492.0 0.0 1805.2219611727155 0 3.1388145e-06
270325883.0 0.0 1812.3676462083338 0 0.00045486345
230027382.0 1.0 1798.3445376648729 1 0.999979
301642907.0 1.0 1805.5364964115602 1 1.0
334802172.0 0.0 1809.3044170500887 0 1.0329085e-05
264403400.0 1.0 1798.38759770735 1 0.99999976
367097800.0 1.0 1798.2421196238251 1 0.9999945
52269296.0 0.0 1805.5561113665185 0 9.826477e-06
354786452.0 1.0 1794.6599153733366 1 0.99997765
354784701.0 0.0 1797.8475414493084 0 4.1604515e-05
219816292.0 1.0 1810.1560207546238 1 0.9999943
272926383.0 0.0 1793.4098934037306 0 4.5313868e-08
198176304.0 1.0 1794.2388971508576 1 0.9999959
376298461.0 1.0 1800.1185365235378 1 0.9999948
308619443.0 0.0 1810.8483579579981 2 1.0088122e-05
435679839.0 0.0 1812.3677000117627 0 0.0001733528
200793167.0 1.0 1805.453649175042 1 1.0
85400893.0 0.0 1805.266356514075 0 0.0027864526
229404112.0 0.0 1812.3444143494883 0 2.982747e-06
434717882.0 0.0 1812.367392055216 0 0.0001537404
445606247.0 0.0 1808.8485847191523 0 0.0002512371
29109072.0 0.0 1800.1414419744049 0 1.7951912e-06
389634659.0 1.0 1810.827123240615 1 0.9999999
198416591.0 0.0 1804.6765052757967 3 9.425935e-31
235678225.0 0.0 1805.199206632816 0 4.4977673e-06
347838840.0 1.0 1806.0776856113807 1 0.99985635
265071977.0 0.0 1808.867615850866 0 0.00019361208
327366335.0 1.0 1796.4310907009433 1 1.0
275482504.0 1.0 1810.3895119284598 1 0.99999964
445306740.0 1.0 1796.6190745929762 1 0.99999785
331814268.0 1.0 1798.701296917547 1 0.99991673
405404134.0 0.0 1812.683100958286 0 0.00059090916
286574198.0 0.0 1808.910779099623 0 0.00029050602
292318734.0 1.0 1810.9323418483573 1 0.9999999
367866882.0 0.0 1805.2008590188339 0 2.7091351e-08
199633179.0 1.0 1794.3638441709224 1 0.9999999
280021896.0 1.0 1806.2234323102446 1 0.99999994
400498116.0 0.0 1796.6401705212456 0 0.00046249383
387836322.0 0.0 1805.4498705755823 0 0.0012368885
139408161.0 1.0 1793.2244587100536 1 0.99997807
28871876.0 1.0 1810.4956114241602 1 0.9999622
389772044.0 1.0 1797.1814315761567 1 0.9999854
403746452.0 0.0 1808.848687119589 0 0.00016400067
34786329.0 0.0 1812.5163631740274 0 0.0011718773
353238522.0 0.0 1805.4102666999734 0 0.0003034692
285128834.0 1.0 1799.7225995019915 1 1.0
229448349.0 0.0 1800.4071076583277 0 6.4092324e-06
353894978.0 0.0 1799.260104245916 3 8.686772e-28
346120142.0 1.0 1793.4732036980517 1 0.99999785
236888977.0 0.0 1808.8658405324416 0 0.0033343516
81823040.0 1.0 1795.0148559469458 1 0.99999964
90648961.0 0.0 1812.7247101329542 0 0.011548315
251199388.0 0.0 1793.3276190276997 0 1.534607e-06
445558956.0 0.0 1799.9735225684055 2 1.6498839e-09
405460528.0 1.0 1798.9122418293164 1 0.99999994
250683200.0 1.0 1795.4530040432287 1 0.99999994
85486799.0 0.0 1796.6413407330583 0 0.0011768232
406762303.0 0.0 1809.2017649415536 0 7.612171e-05
200771373.0 0.0 1805.2035861736808 0 0.000108118096
431866783.0 1.0 1810.1201164814236 1 0.9999966
352954638.0 1.0 1797.0539640013576 1 0.99987084
129913508.0 0.0 1805.6410033767147 0 0.0003254675
280036563.0 1.0 1797.1367001257497 1 0.99999875
320048581.0 1.0 1805.8894235149205 1 0.9999991
356786817.0 0.0 1794.2824145233224 2 9.4377455e-14
52855338.0 0.0 1809.202013603369 0 0.0001676398
398327078.0 1.0 1793.5961223458505 1 0.99999994
354165783.0 1.0 1797.1586017310021 1 0.9999976
354398903.0 1.0 1798.0571628719579 1 0.9998504
329248962.0 0.0 1812.4263124298402 0 0.00013331839
229701055.0 1.0 1805.886331381811 1 0.99998933
272219327.0 1.0 1798.3681121572977 1 0.99999946
423025200.0 1.0 1811.468329700954 1 1.0
316133276.0 1.0 1795.660873091018 1 0.99999535
235709741.0 0.0 1793.5533592188167 2 4.230086e-07
229958444.0 1.0 1794.8444567209885 1 0.9999997
321688478.0 0.0 1805.4499986019378 0 4.106315e-07
368104582.0 1.0 1798.0554401453178 1 1.0
230001271.0 1.0 1798.1361372185388 1 0.9999969
184740987.0 1.0 1798.661888778475 1 0.9999999
396484827.0 1.0 1797.013485521082 1 0.9999595
184687209.0 0.0 1809.3282532068665 0 0.0013492042
82619767.0 1.0 1811.036039313301 1 0.9999989
238793088.0 1.0 1796.1199776804588 1 0.99999994
402894571.0 1.0 1795.3661540754097 1 1.0
264468735.0 1.0 1797.1375809072495 1 0.99992627
285270246.0 1.0 1797.391190773616 1 0.99999857
306951920.0 0.0 1805.5356403242527 0 0.39381447
444625810.0 0.0 1805.5562978399153 0 4.192206e-06
235988533.0 0.0 1808.8665705165472 0 3.412476e-06
327443417.0 1.0 1798.99467523229 1 0.9996248
198354443.0 0.0 1795.4263366499736 3 3.273832e-18
230019513.0 0.0 1808.8443183516767 0 0.0012904278
412359570.0 1.0 1794.8462605685531 1 1.0
320272215.0 0.0 1805.5353400885315 0 0.036048863
81456953.0 1.0 1800.389767623603 1 1.0
241142422.0 1.0 1799.702798813699 1 0.9999873
417310918.0 1.0 1798.0558853853074 1 1.0
279715893.0 1.0 1795.3689712718704 1 0.9999008
427643087.0 1.0 1810.2018280682746 1 0.9999885
398236889.0 1.0 1799.4498112569754 1 0.9999967
286224054.0 0.0 1812.4109004920424 0 6.799141e-07
20872964.0 1.0 1796.2658992236068 1 0.99999803
250506049.0 0.0 1812.3485635821453 0 0.0006294952
331934505.0 1.0 1797.05568273292 1 0.99983287
54620702.0 1.0 1794.431402662116 1 0.9999883
229683649.0 1.0 1798.0931229711216 1 0.9999976
381593629.0 0.0 1809.0574926862462 0 0.0005099745
354105524.0 1.0 1811.4522592227643 1 0.99612373
331787298.0 0.0 1805.5563773016986 0 7.507683e-05
252096958.0 0.0 1794.9730056263338 3 1.6282508e-16
407417198.0 1.0 1797.78649445838 1 0.99999994
280033934.0 0.0 1807.84510016968 3 1.2071282e-22
377294784.0 0.0 1797.9691663736367 0 0.00035513903
322057079.0 0.0 1805.2000596640635 0 1.1307861e-06
432095130.0 1.0 1811.1619497760773 1 0.9999884
346781468.0 1.0 1794.0994261590604 1 0.99999994
250896425.0 1.0 1806.2031037858628 1 0.9999993
400735127.0 1.0 1796.6813888280155 1 0.99991316
51877874.0 1.0 1794.0142707392538 1 1.0
252854084.0 1.0 1799.9947686454368 1 0.99999964
284149063.0 0.0 1809.2017881649829 0 7.678889e-05
396379847.0 1.0 1795.9309999399647 1 0.9999982
240976971.0 0.0 1805.244245262528 0 1.6764988e-09
349292582.0 1.0 1810.5580075910805 1 0.9999455
353551124.0 1.0 1811.2228600399158 1 0.999934
376200464.0 1.0 1810.4103877110585 1 1.0
83224269.0 1.0 1799.32661743652 1 1.0
400340005.0 0.0 1795.6598666477926 2 1.1458274e-16
395586623.0 1.0 1796.2430181647137 1 0.9999943
445613150.0 0.0 1805.2235718056593 0 5.888343e-10
321688676.0 1.0 1795.3042897777382 1 0.99980056
388505889.0 0.0 1812.3672750174735 0 1.6144677e-05
403262379.0 0.0 1812.6807902877094 0 0.00013494761
372121288.0 0.0 1797.3902813188226 2 3.3162356e-10
369352318.0 1.0 1811.3059895222543 1 0.9999997
12214526.0 1.0 1797.3481093826556 1 0.99812007
307640555.0 1.0 1800.035930630298 1 0.9999682
394122320.0 1.0 1806.0325467420373 1 1.0
348308681.0 0.0 1808.8486408960189 0 2.6843161e-05
272223983.0 1.0 1806.4305050955293 1 0.99999994
258463587.0 0.0 1808.8869964650955 0 6.2631525e-06
302149884.0 0.0 1805.4325417618093 0 0.0002704075
369091357.0 1.0 1795.2430833739875 1 0.9999999
230386284.0 0.0 1811.885975473493 3 9.5330055e-09
274842485.0 0.0 1805.2010764121544 0 0.0018293234
269597203.0 0.0 1812.3866249735786 0 6.7374892e-09
116986642.0 0.0 1805.599024293869 2 1.2664635e-16
192883327.0 0.0 1808.8493661561922 0 0.00024464697
275855499.0 1.0 1794.743484473469 1 1.0
403332619.0 0.0 1805.1994124698099 0 7.572182e-07
322134641.0 1.0 1811.4916359980677 1 0.99997425
250455941.0 0.0 1796.9946837268328 0 0.00042180665
219109908.0 0.0 1794.261067480355 3 2.976983e-18
390863193.0 1.0 1794.7230902585839 1 0.9999948
332985056.0 1.0 1798.1815152789802 1 0.9999995
63404192.0 1.0 1810.3075052224635 1 0.99999845
229589968.0 1.0 1798.1155374216064 1 0.99979025
63344672.0 0.0 1805.3909664409036 0 0.00026854532
424438495.0 1.0 1811.4899665676219 1 0.99995565
399259890.0 1.0 1810.3688009037808 1 0.99999726
139459961.0 1.0 1797.2244467508308 1 0.99999994
320186525.0 0.0 1805.5352155465387 0 2.715219e-05
236982290.0 1.0 1797.5952439218431 1 0.99999607
434973203.0 1.0 1799.7635137954524 1 0.9999999
420658063.0 1.0 1799.59673095845 1 0.9997614
20896006.0 0.0 1793.1406664568733 0 0.0004864928
5722134.0 1.0 1794.5996802184993 1 0.9999999
67635034.0 0.0 1805.3077126750914 0 7.3024195e-05
125735774.0 1.0 1794.3496105736067 1 0.9999449
251679140.0 0.0 1805.2028773746576 0 5.011226e-06
348306966.0 1.0 1799.015353765867 1 0.9999747
369821322.0 0.0 1793.1393953226611 0 2.159494e-09
389545459.0 1.0 1798.806475932158 1 0.9999999
369732109.0 0.0 1812.6807125584041 0 0.00018082022
194667324.0 0.0 1793.2867943075432 2 0.0004367185
377276570.0 1.0 1795.7008610664686 1 0.99998814
367532344.0 0.0 1800.1404933792785 0 4.349569e-09
229614158.0 0.0 1808.845167246689 0 7.128705e-09
377153943.0 1.0 1799.0549753101361 1 0.9999985
326815615.0 0.0 1811.0763644931333 2 9.676971e-07
11061640.0 1.0 1797.1187231263818 1 0.9999999
233233781.0 1.0 1796.4691717325559 1 0.9999905
444596968.0 1.0 1797.4313791042782 1 1.0
354469474.0 1.0 1794.0153638209867 1 0.99999964
229512750.0 0.0 1812.3445442365385 0 3.223559e-05
417339069.0 0.0 1809.2434391796487 0 4.4219198e-07
378194321.0 1.0 1800.159579747644 1 1.0
219807930.0 1.0 1800.0520028095054 1 0.9999995
431761589.0 1.0 1810.5993366158375 1 0.99999946
20876588.0 0.0 1801.7659188429207 3 2.884694e-09
103946678.0 1.0 1795.6612560327571 1 0.999994
292051618.0 1.0 1810.244669824529 1 1.0
400668269.0 0.0 1805.3067120952921 0 5.3826357e-06
326815804.0 0.0 1807.4722913261483 3 5.239607e-06
354595629.0 1.0 1796.9727597847402 1 0.9999998
240956901.0 0.0 1808.8900182738305 0 8.1580845e-05
367351684.0 1.0 1811.5130429056924 1 0.99992234
359541332.0 0.0 1809.1599692177026 0 9.8158365e-05
52425081.0 1.0 1795.389590212857 1 0.99999315
369353023.0 0.0 1795.8057528926001 2 1.0056332e-11
264105079.0 1.0 1805.6167081790081 1 1.0
275259619.0 1.0 1794.5344198674327 1 0.999999
256509568.0 0.0 1805.2197675549362 0 3.1496427e-08
389959420.0 1.0 1800.5518380821145 1 0.99964726
390803914.0 0.0 1797.8479531468959 0 0.00038402216
268948084.0 0.0 1812.3467152070305 0 8.697172e-08
292465093.0 0.0 1812.3489114637734 0 0.00059968355
233630074.0 1.0 1795.4486649130515 1 1.0
251153442.0 0.0 1805.598768668904 2 5.024717e-07
82010486.0 1.0 1797.952507667508 1 1.0
374702218.0 0.0 1812.4107867935134 0 5.664419e-13
316042773.0 1.0 1796.619300662825 1 0.9999954
348305768.0 1.0 1796.7444734491658 1 0.9999937
192473103.0 1.0 1795.3907595396743 1 0.99999964
381591824.0 1.0 1798.7451752659067 1 1.0
229676244.0 0.0 1806.803164306231 3 1.85985e-13
445133704.0 0.0 1798.7023343633168 3 8.4147625e-34
269889891.0 1.0 1810.6412361268262 1 0.99999994
409530925.0 0.0 1809.0990998093107 0 1.49007e-06
189592051.0 0.0 1812.723710635148 0 0.00044917068
428734994.0 0.0 1808.867866002904 0 5.934918e-15
427550560.0 0.0 1812.3673821316245 0 4.6860987e-06
356108092.0 1.0 1811.0933272497284 1 0.9999017
396339551.0 0.0 1799.4307956407542 3 0.0012690017
377744167.0 1.0 1805.5551703176525 1 0.9999998
336003623.0 1.0 1793.7839296401855 1 0.99999964
237280112.0 1.0 1806.1370026825425 1 0.99999535
445351659.0 0.0 1809.160473054048 0 2.1127998e-06
192734741.0 1.0 1798.0990598340006 1 1.0
387696625.0 1.0 1799.1164571817726 1 0.99999976
375605159.0 1.0 1811.4086723441987 1 0.999997
192466790.0 0.0 1805.2868406385828 2 4.0669093e-08
445308408.0 1.0 1796.0565873586213 1 1.0
400496840.0 0.0 1805.2442423921673 0 5.8221983e-09
265288719.0 1.0 1805.2651042737004 1 0.99996877
407312229.0 0.0 1805.2223027853265 0 5.42171e-07
52033890.0 0.0 1809.3060111025936 0 9.721202e-11
202844845.0 1.0 1798.9115350378713 1 0.99984986
431762590.0 0.0 1800.1409419068793 0 9.892447e-05
394091373.0 1.0 1805.8455122553332 1 1.0
299489062.0 1.0 1797.9944527199589 1 1.0
63627127.0 0.0 1812.5367497924758 0 0.0011009575
427868447.0 0.0 1793.4093530424868 0 1.6145913e-08
63623869.0 0.0 1808.7034526297452 3 8.261151e-09
369152941.0 0.0 1805.285289354949 0 2.51009e-05
375905602.0 1.0 1793.8672002652356 1 0.99999976
403253601.0 1.0 1793.4311864942174 1 0.99999934
385105618.0 1.0 1811.4950576261379 1 0.9999979
240874160.0 0.0 1805.2025653067374 0 9.173337e-05
245395761.0 0.0 1795.6818170042532 2 1.33968315e-05
376926539.0 0.0 1805.198196145032 0 2.3376494e-07
365596569.0 1.0 1811.5119521291922 1 0.99999726
159539963.0 0.0 1805.1991505269425 0 2.3443008e-06
402812432.0 1.0 1797.4517043058027 1 0.99999994
29019078.0 0.0 1809.1205944694689 0 0.00051130325
445560036.0 1.0 1805.348526883648 1 0.9999978
427732007.0 1.0 1797.7218349277937 1 0.9999999
201356128.0 0.0 1805.2036210850729 0 0.00033848264
390021728.0 0.0 1808.364359917162 3 8.432785e-35
264899051.0 0.0 1800.1377880655234 0 1.8593867e-06
272229196.0 0.0 1805.201389129288 0 2.5621596e-06
316135650.0 0.0 1800.390084413783 0 5.094643e-06
348138318.0 1.0 1795.6817933650107 1 0.9996616
417831350.0 1.0 1794.8287004758688 1 1.0
301738265.0 1.0 1805.265602731944 1 1.0
229776076.0 1.0 1797.9697131767036 1 1.0
429005280.0 0.0 1793.1379139972776 0 1.7763543e-13
418218506.0 0.0 1808.9917233995934 0 5.2184594e-05
401087272.0 1.0 1806.41110916592 1 0.99999267
354013240.0 1.0 1797.0566669676723 1 0.9999687
452945606.0 1.0 1797.4730019092249 1 0.9999951
63623869.0 0.0 1801.078612109163 3 3.9320303e-15
362964028.0 0.0 1800.409336439939 0 1.6739305e-12
229445310.0 1.0 1795.094758547793 1 0.99999523
407234920.0 0.0 1805.201327528707 0 1.4449115e-06
444794150.0 1.0 1799.3895238593861 1 0.99999976
249833332.0 1.0 1796.7238426139752 1 0.9999869
275424226.0 0.0 1805.220705154856 0 2.7174707e-07
428395071.0 1.0 1799.348851082192 1 0.99997866
271240484.0 0.0 1805.2220348874218 0 1.791759e-09
139353433.0 1.0 1795.8702272830865 1 0.9999956
275767819.0 0.0 1805.327147370335 0 1.10172905e-05
405623715.0 1.0 1794.994808795923 1 1.0
229644238.0 0.0 1794.1989680073148 0 4.4789676e-06
333733312.0 0.0 1800.6162197817625 0 3.3639972e-07
436844373.0 1.0 1796.99561062443 1 0.9999999
351879739.0 1.0 1811.0557912529878 1 1.0
196919111.0 1.0 1810.9526311665695 1 0.9999884
429020102.0 1.0 1797.8463781517912 1 0.99978125
189637855.0 1.0 1798.724117539587 1 0.9999998
284059419.0 1.0 1796.5162743474602 1 0.9999223
293185832.0 1.0 1811.286545555396 1 0.99999905
233080784.0 1.0 1810.323165863295 1 0.9999507
368737058.0 1.0 1799.3056259216175 1 0.99999946
348019467.0 0.0 1808.848426734251 0 2.813149e-06
402775080.0 1.0 1799.5142511482402 1 0.9651707
347306080.0 1.0 1797.5559724823922 1 0.9999902
251646422.0 0.0 1805.2027796992827 0 0.00020631759
410615214.0 1.0 1811.0152068017314 1 0.99999905
433140578.0 1.0 1798.0786834541896 1 0.9999695
279842375.0 1.0 1797.8481944456714 1 0.999998
259167484.0 0.0 1805.1989703689817 0 1.2853831e-11
359675890.0 0.0 1812.364519757686 0 3.6184055e-08
433878077.0 1.0 1795.305124199003 1 0.99999744
229957580.0 1.0 1794.552840655503 1 0.99999034
82619536.0 0.0 1808.8485170279066 0 8.782609e-05
251256829.0 1.0 1806.286128636718 1 0.9998629
356917895.0 0.0 1805.2810549398826 0 9.154156e-05
286239868.0 0.0 1794.9121778549802 2 3.7272695e-11
219864007.0 1.0 1795.5525898741414 1 0.9999997
229449989.0 1.0 1798.2197494363259 1 1.0
238656082.0 0.0 1805.2028792213916 0 2.991738e-06
399358798.0 0.0 1809.2023240736935 0 0.0001233494
65694498.0 1.0 1806.3910344042552 1 0.99999857
445140600.0 0.0 1812.7018967091562 0 2.2184334e-10
264544107.0 1.0 1798.5751612835645 1 0.9998961
353934550.0 1.0 1799.3433462858493 1 0.9999978
63586477.0 0.0 1800.474518088545 0 2.1184242e-05
319844644.0 1.0 1793.8688002638953 1 0.999991
335966372.0 0.0 1797.6990856885755 0 3.4447208e-08
427384704.0 0.0 1797.575846029746 2 8.3133216e-07
354467450.0 1.0 1805.911079707821 1 0.99997526
259168895.0 0.0 1808.9280537967857 0 2.561954e-07
250478210.0 0.0 1808.8485770724437 0 6.665232e-06
28834711.0 1.0 1795.9538886481275 1 0.99998844
26396354.0 0.0 1805.5787787587647 0 0.00033643827
250912291.0 1.0 1805.8281742778668 1 1.0
199664100.0 1.0 1793.3847025803548 1 0.9999998
286128765.0 1.0 1794.868675608607 1 1.0
279348496.0 1.0 1799.1393005145512 1 0.99999726
265195002.0 1.0 1798.8069471235576 1 1.0
332260437.0 1.0 1794.2856810637454 1 1.0
229492454.0 1.0 1793.636560016326 1 1.0
189672579.0 1.0 1811.3696679107125 1 0.99999964
279354199.0 1.0 1795.7019612779754 1 1.0
265379453.0 0.0 1808.8487789913613 0 0.0002528787
399735241.0 1.0 1794.721377413872 1 0.99999994
252115405.0 1.0 1793.7232203021479 1 1.0
410552467.0 1.0 1805.9737403015167 1 0.9999998
370598467.0 1.0 1794.1193879023642 1 0.9999999
52036676.0 1.0 1795.5768998845047 1 0.9999999
268626693.0 0.0 1812.388329406087 0 2.4957259e-05
427737153.0 1.0 1811.2664803150867 1 1.0
85590649.0 1.0 1793.7245052992514 1 0.99999744
264738932.0 0.0 1805.265024601024 0 2.3179959e-07
249884710.0 1.0 1805.4948274623357 1 0.9999935
237307579.0 1.0 1797.782982773321 1 0.9999988
444628469.0 1.0 1794.6812691246125 1 0.99990106
198354443.0 0.0 1795.8846693768096 3 1.1802313e-15
259301265.0 1.0 1797.3699305214207 1 0.99999136
372725730.0 1.0 1798.5979068336985 1 0.99999946
198354443.0 0.0 1808.9263470007459 3 3.099126e-20
258389103.0 1.0 1795.740972579452 1 0.9999987
452945261.0 0.0 1809.1602592085608 0 0.00010832676
407156620.0 1.0 1805.4305937938852 1 0.99999386
292398977.0 0.0 1812.5155504211257 0 9.2101545e-06
28870707.0 1.0 1793.1830206064842 1 0.99999744
326815804.0 0.0 1802.2640638385333 3 0.000111172565
101169160.0 0.0 1805.4747000243246 0 0.00016495878
219737542.0 0.0 1808.843716820034 0 0.00097487384
327703444.0 0.0 1805.2031388712915 0 9.254178e-05
364176415.0 1.0 1805.5748705509543 1 0.9998611
422540796.0 1.0 1793.2022402308407 1 0.9999992
270920070.0 1.0 1806.284564700182 1 1.0
312974144.0 1.0 1810.5146113680678 1 0.99999875
377306466.0 0.0 1808.8856256158967 0 3.5754422e-07
388526862.0 1.0 1798.1173362781747 1 0.999218
285181325.0 0.0 1809.1202139297172 0 0.00058758556
240900115.0 1.0 1796.3485886604997 1 0.99997365
397921977.0 0.0 1808.9309794349049 0 6.789982e-05
444800317.0 1.0 1796.3062114411032 1 0.9997028
258393554.0 1.0 1811.4695702512843 1 0.99995476
241046345.0 0.0 1805.2027334759027 0 5.5567827e-05
331212334.0 1.0 1810.3272888614529 1 0.9999992
407205752.0 0.0 1808.8680901139317 0 2.1282123e-05
279064282.0 1.0 1811.5140604963349 1 1.0
368965412.0 0.0 1805.2014667049857 0 0.00030505095
271911876.0 1.0 1795.1806196359 1 1.0
316966379.0 0.0 1805.202777089457 0 1.1715678e-10
445361586.0 1.0 1797.1188013715423 1 1.0
230018065.0 1.0 1798.698681775071 1 0.99992007
433206606.0 1.0 1793.8911614108642 1 1.0
422540162.0 0.0 1805.5564237831265 0 5.674917e-07
301163102.0 0.0 1812.3487969792225 0 2.6569118e-09
321544207.0 0.0 1812.3873455826265 0 1.9830212e-08
333112922.0 1.0 1794.4109661532116 1 0.9999968
444078430.0 0.0 1796.8278648011428 0 0.00039858566
366195369.0 0.0 1793.1393850942798 0 0.00043719792
396266973.0 1.0 1810.1600927652169 1 0.99999905
329344868.0 0.0 1805.4471680872548 0 2.3008846e-08
420498361.0 0.0 1808.9517537377715 0 0.03698235
177972520.0 0.0 1808.9328128509628 0 0.0010057846
279270131.0 0.0 1793.785176034865 2 1.8954292e-07
230073412.0 0.0 1808.8438002706998 0 3.167417e-06
353172968.0 1.0 1810.472620611861 1 1.0
402831124.0 1.0 1805.8051061815538 1 0.9999993
352979549.0 0.0 1803.7414198085792 3 2.8459262e-12
241076979.0 1.0 1805.7653302125464 1 1.0
445397699.0 1.0 1793.6397163019105 1 1.0
408731664.0 0.0 1812.3471422683983 0 1.3243572e-05
236986155.0 0.0 1805.22010252693 0 9.432362e-07
453224104.0 1.0 1796.2024772617397 1 0.9999495
397763866.0 0.0 1796.9096452103615 0 9.195164e-06
354115138.0 0.0 1805.2210422424064 0 2.635554e-07
376971463.0 0.0 1795.9923813448997 3 3.2244418e-10
292324789.0 0.0 1812.3904929175087 0 5.4795073e-08
200794039.0 0.0 1805.2036189716798 0 4.799533e-05
375852500.0 0.0 1795.138097109545 2 7.708229e-10
452960580.0 1.0 1799.306350577984 1 0.9999985
192530067.0 1.0 1798.995020700494 1 0.99999976
375913362.0 0.0 1805.2421874426802 0 1.785153e-11
302228229.0 1.0 1810.349004430347 1 0.99999994
53863797.0 0.0 1809.1810398538205 0 1.0518847e-06
50936525.0 0.0 1805.2648724446642 0 0.00021918757
422978430.0 0.0 1795.1823811930337 2 5.196051e-09
326793563.0 0.0 1796.618532940513 2 1.6690822e-06
388077369.0 0.0 1812.9706137925011 0 5.514752e-07
352115715.0 0.0 1811.3473107328332 2 1.8755384e-07
137120078.0 1.0 1810.8264533970819 1 0.9999996
35114024.0 0.0 1809.120570412271 0 0.0008695351
396200112.0 1.0 1799.076279638293 1 0.99999213
433283420.0 0.0 1793.1410685661615 0 0.0006684752
230091823.0 1.0 1795.6563738205018 1 0.9999999
301741759.0 0.0 1805.2032129375411 0 3.064435e-08
445611717.0 1.0 1806.0569295297933 1 0.99999845
323405815.0 1.0 1805.6378988415613 1 0.99998146
137907585.0 1.0 1796.745421942774 1 0.99999994
319599158.0 0.0 1793.3269737919702 0 9.685023e-07
367819665.0 1.0 1810.6590684543817 1 0.9999842
251435105.0 0.0 1808.8486072876294 0 0.00018878323
309303437.0 1.0 1810.1403164094118 1 1.0
293066086.0 0.0 1796.807376712608 3 2.0524616e-15
367861883.0 1.0 1797.6384533290773 1 0.99999994
366381688.0 0.0 1796.8252956244266 0 2.981581e-06
405482457.0 0.0 1793.2870955637256 2 0.057645462
77224596.0 0.0 1805.2870789495591 0 0.021390771
403681809.0 1.0 1794.5150551681088 1 0.9999999
194736844.0 0.0 1800.8702555115647 3 8.175131e-12
359588373.0 1.0 1810.635122139579 1 1.0
229676244.0 0.0 1794.3029574416812 3 1.0417771e-11
356977663.0 0.0 1805.197568298979 0 4.1564866e-07
249920084.0 0.0 1805.203032655074 0 3.0431482e-05
420842891.0 1.0 1799.7645253438204 1 0.9999999
13527871.0 1.0 1810.6815760534173 1 0.9995905
289139593.0 0.0 1808.8473763413958 0 6.902586e-05
258463587.0 0.0 1812.3869623615874 0 4.724663e-05
50692461.0 1.0 1810.5149014930298 1 0.999995
71697808.0 1.0 1798.5360283532484 1 0.9999961
320179989.0 0.0 1812.6808599637789 0 0.00013800712
191704473.0 1.0 1794.6405808257614 1 0.9999999
334173291.0 0.0 1812.3876350876744 0 1.9853199e-14
376897562.0 0.0 1811.0339283671342 2 8.6848833e-13
334678928.0 1.0 1805.7406202285729 1 0.9999987
400349220.0 1.0 1797.597407686345 1 1.0
398308735.0 0.0 1805.2004668770912 0 0.00022787096
445486065.0 1.0 1805.7860051087448 1 0.999973
366972961.0 0.0 1811.2837685286465 3 3.0675832e-18
408620232.0 1.0 1811.118584350088 1 0.99998736
250452367.0 1.0 1795.6612060210311 1 0.9999996
387813994.0 0.0 1812.3662881829687 0 4.074331e-05
405321655.0 0.0 1808.8458065238551 0 3.3141225e-06
332367733.0 0.0 1805.5149236462585 0 0.0006648797
68038052.0 0.0 1805.245214258345 0 0.00085828296
28693251.0 1.0 1810.8280710566319 1 0.99999994
385042743.0 0.0 1796.6407498766305 0 0.0007085632
184685168.0 0.0 1805.349280210236 0 4.431936e-06
265299463.0 0.0 1796.8277541504185 0 0.00029505868
268948397.0 0.0 1808.8676433105973 0 2.991821e-08
241099231.0 1.0 1805.9529533807463 1 0.9999999
359493570.0 0.0 1806.0519705118672 2 3.440195e-09
81446824.0 1.0 1810.5775256658062 1 0.99999917
417752339.0 1.0 1811.284207414779 1 0.9999769
302544353.0 1.0 1794.2246106050804 1 0.99960834
251382976.0 0.0 1796.8900598640287 0 0.0004913466
428328845.0 0.0 1808.8906986211514 0 1.917105e-05
252833791.0 1.0 1796.1821676578752 1 0.9999712
308535325.0 1.0 1793.1819905095629 1 1.0
445610609.0 1.0 1794.5777374326929 1 1.0
138053282.0 1.0 1793.2037306555183 1 1.0
406708763.0 0.0 1793.1395439895957 0 4.631435e-09
81452605.0 1.0 1795.8687818747605 1 0.9999488
198416591.0 0.0 1799.6140146553694 3 8.190885e-33
65440013.0 0.0 1805.5784921548031 2 0.044118285
233682766.0 0.0 1808.9059828307472 0 0.00029075594
291839937.0 0.0 1812.3696277851482 0 1.1323269e-05
374391190.0 0.0 1812.4107295019217 0 0.00036076474
268843207.0 1.0 1796.492801471643 1 1.0
12414654.0 1.0 1798.5981606305322 1 0.9891549
445483401.0 0.0 1808.8484216915278 0 1.7755782e-06
229953415.0 0.0 1812.3652064229836 0 1.3849168e-06
198418184.0 1.0 1810.9679197924293 1 1.0
403431219.0 1.0 1795.494145810971 1 1.0
407026265.0 0.0 1808.8886247955525 0 3.9366185e-07
315938664.0 1.0 1795.8691845207788 1 0.9999993
249916249.0 0.0 1812.3697724229621 0 1.1471942e-06
322443844.0 0.0 1808.8876557948142 0 1.2073572e-09
275362451.0 0.0 1808.867885101695 0 7.768838e-09
445365644.0 1.0 1805.9937718660162 1 0.99999964
54461534.0 1.0 1796.1187613478191 1 1.0
422925834.0 1.0 1793.6824527793597 1 0.9999692
396532179.0 0.0 1811.4933438222854 99 1.4558469e-06
237000094.0 0.0 1795.4911537312169 99 8.257437e-08
54465292.0 0.0 1795.74368063678 99 0.0011423223
245552501.0 0.0 1799.6402331321854 99 0.23754086
445352722.0 0.0 1793.4315112875615 99 4.296756e-05
394088540.0 0.0 1810.7412696345068 99 6.107551e-06
354242093.0 0.0 1810.721483884119 99 8.1031076e-10
238778460.0 0.0 1810.3075821019447 99 4.1074586e-07
249889812.0 0.0 1798.2029550000286 99 4.7426838e-07
278933172.0 0.0 1805.5766023299634 99 1.2921894e-19
129901285.0 0.0 1795.9952542623432 99 1.7042692e-06
192469090.0 0.0 1810.2243255349802 99 0.00012105586
285238432.0 0.0 1798.9528715452707 99 9.600616e-05
285280889.0 0.0 1794.016189182502 99 4.8976184e-11
264292988.0 0.0 1795.4916599917392 99 8.663554e-10
229957580.0 0.0 1794.552840655503 99 0.0001127147
407387075.0 0.0 1811.5571204323319 99 1.9853776e-07
359593546.0 0.0 1811.2430939162673 99 0.0011842727
374479643.0 0.0 1810.265044206078 99 0.00014522835
445296618.0 0.0 1793.577213375826 99 2.4591218e-06
301916817.0 0.0 1811.2871203220182 99 2.678963e-06
251766867.0 0.0 1794.0567665061612 99 1.5239134e-08
301417546.0 0.0 1810.2236828806685 99 0.00016312355
356978922.0 0.0 1811.3018636582408 99 3.4895274e-07
265348968.0 0.0 1795.617724295326 99 0.0003530138
229674517.0 0.0 1794.2193626421652 99 3.170315e-06
401007633.0 0.0 1794.1192110949555 99 1.726159e-05
428740772.0 0.0 1810.763443656995 99 0.034563225
317845833.0 0.0 1794.5132139685904 99 0.0017539447
384805458.0 0.0 1806.2653180390232 99 6.690247e-06
279288500.0 0.0 1798.5344313777548 99 1.5138876e-05
372793338.0 0.0 1794.9103898429407 99 2.8050479e-06
233083400.0 0.0 1811.1978528398936 99 8.026908e-06
23051058.0 0.0 1794.8078634466174 99 9.33072e-08
444834252.0 0.0 1810.1605893902954 99 7.958853e-07
237100372.0 0.0 1795.8228455383532 99 5.633759e-06
405460528.0 0.0 1798.9122418293164 99 9.659701e-07
407244881.0 0.0 1796.1182891186663 99 5.885222e-10
34619582.0 0.0 1806.391409833159 99 3.0043957e-08
400405642.0 0.0 1806.261196890502 99 1.4260024e-05
286010581.0 0.0 1811.4107330138306 99 0.00205347
116015207.0 0.0 1795.7863890904212 99 0.00023600955
237221686.0 0.0 1798.887039428279 99 1.4307835e-07
381656536.0 0.0 1794.2868132236172 99 5.607246e-05
453256390.0 0.0 1797.764876159117 99 0.009337378
375785288.0 0.0 1795.8047606309008 99 3.057237e-08
292849468.0 0.0 1794.8908668127349 99 2.3977166e-06
177992394.0 0.0 1811.1828116137967 99 1.2618483e-07
191769044.0 0.0 1810.5986150655924 99 0.00024375081
434972989.0 0.0 1798.4927346302607 99 5.547782e-05
238652771.0 0.0 1799.0779673684399 99 1.4776501e-08
117270306.0 0.0 1793.5987523058357 99 1.1645695e-05
249940864.0 0.0 1805.5780500867393 99 1.2010756e-06
341840419.0 0.0 1798.6765627622317 99 5.9624817e-06
421381395.0 0.0 1810.930929690288 99 2.9170252e-07
13613256.0 0.0 1794.6398183848578 99 2.6212081e-05
116009267.0 0.0 1795.2031718745825 99 5.5415374e-05
396244148.0 0.0 1799.1804438513943 99 2.7345369e-08
63627127.0 0.0 1796.2246189538569 99 5.390217e-06
11061640.0 0.0 1797.1187231263818 99 7.814479e-06
177880459.0 0.0 1795.078551123973 99 4.0342982e-08
396575419.0 0.0 1798.9951330778415 99 1.7970438e-05
203005093.0 0.0 1799.4324800301422 99 0.00024170638
272785475.0 0.0 1793.3643949395528 99 0.0013304885
320270508.0 0.0 1793.3063546227143 99 3.7417403e-09
436931352.0 0.0 1796.7456202868236 99 0.00045349405
366779865.0 0.0 1795.1170272491138 99 0.030169548
264801730.0 0.0 1799.6193372410964 99 2.458845e-06
388581443.0 0.0 1811.0756100770734 99 2.4531288e-05
233546620.0 0.0 1805.5731323567604 99 7.804253e-05
200793167.0 0.0 1805.453649175042 99 8.918325e-08
316960543.0 0.0 1797.8067089888111 99 3.0565454e-06
402205653.0 0.0 1795.3701105664913 99 3.1722354e-06
268516134.0 0.0 1797.9510721034644 99 3.617164e-15
420268013.0 0.0 1794.0123675247153 99 1.3394252e-06
395407102.0 0.0 1799.972199595146 99 2.3115128e-05
377202187.0 0.0 1806.1589869021764 99 7.330947e-09
403257785.0 0.0 1795.0144114899945 99 1.5823109e-07
387808343.0 0.0 1796.0957243831353 99 0.04810458
352693190.0 0.0 1796.1995563328335 99 0.00012646808
186988202.0 0.0 1798.9743907568527 99 7.114988e-07
427685099.0 0.0 1799.7010708832472 99 8.120318e-06
184564369.0 0.0 1795.9951168336984 99 1.7293209e-07
376925580.0 0.0 1811.0534929527973 99 3.6628142e-10
104196730.0 0.0 1796.6197998544988 99 3.2230023e-06
250931180.0 0.0 1798.244795179171 99 3.980861e-06
327789778.0 0.0 1810.8695720031185 99 1.9902847e-05
316953862.0 0.0 1795.306779599214 99 2.8053983e-06
308290986.0 0.0 1799.3277536001979 99 2.9879343e-06
356917895.0 0.0 1799.34362417 99 8.4535226e-05
256457534.0 0.0 1798.095001580623 99 9.850357e-12
278998415.0 0.0 1797.2432675200284 99 2.1317424e-21
201383274.0 0.0 1810.4538094524282 99 1.8855272e-10
61000802.0 0.0 1793.9748155999223 99 0.0001456259
12414654.0 0.0 1798.5981606305322 99 8.71042e-08
410497430.0 0.0 1797.536327077857 99 5.5264845e-06
292200269.0 0.0 1798.974078177524 99 8.893392e-11
252101670.0 0.0 1806.2438270740183 99 1.2260291e-05
387451160.0 0.0 1794.449802953015 99 2.0802929e-07
49938487.0 0.0 1796.3481152182883 99 0.00052156125
116060265.0 0.0 1796.661383098629 99 3.4581703e-08
433075966.0 0.0 1810.7659242106122 99 6.3143336e-05
177800448.0 0.0 1794.474434772517 99 6.528634e-05
12214526.0 0.0 1797.3481093826556 99 0.011631711
280568468.0 0.0 1811.5146501207428 99 9.4585755e-07
233071028.0 0.0 1798.489689306284 99 1.0405682e-06
370600386.0 0.0 1811.369221832427 99 0.00018353731
374480651.0 0.0 1796.2234658909472 99 0.09612291
250684105.0 0.0 1798.3071491416504 99 0.0014893159
240966282.0 0.0 1806.056812135692 99 1.4938382e-05
377036419.0 0.0 1794.5966644677744 99 2.3184757e-07
377070346.0 0.0 1805.9714840260344 99 5.055139e-11
34619169.0 0.0 1795.9122483034344 99 4.772175e-07
417332401.0 0.0 1795.7222991325652 99 3.0997126e-07
368603158.0 0.0 1798.9932481690012 99 8.7900014e-07
284315713.0 0.0 1797.639362317893 99 0.0002424281
12415594.0 0.0 1795.8689899300405 99 0.00061963964
279715893.0 0.0 1795.3689712718704 99 0.000120320954
372355186.0 0.0 1805.4320965401034 99 0.00027586133
65199347.0 0.0 1805.7035310171932 99 0.002784647
428521595.0 0.0 1806.1391617812767 99 1.3071082e-10
370427302.0 0.0 1806.03574404581 99 0.00090446096
420110764.0 0.0 1797.3661182564028 99 4.488237e-17
319599611.0 0.0 1794.056141072115 99 6.1137126e-07
21099543.0 0.0 1796.0997369683816 99 8.916664e-07
85490917.0 0.0 1798.1620855744593 99 2.9276118e-06
426090237.0 0.0 1806.2636574279775 99 0.00023222252
251722904.0 0.0 1798.0360578746397 99 2.2774202e-05
229912370.0 0.0 1798.0112274396868 99 7.5392294e-05
256863477.0 0.0 1794.0118444152522 99 0.0018284364
284012439.0 0.0 1798.2244043866658 99 1.6459644e-07
327397734.0 0.0 1798.3490594875893 99 2.2885123e-11
369140957.0 0.0 1805.368265075683 99 1.2789907e-06
264226520.0 0.0 1796.9708706686076 99 6.5073755e-06
49942082.0 0.0 1798.2857373472461 99 1.0257468e-08
374967351.0 0.0 1794.9316736342678 99 1.8294622e-07
13620888.0 0.0 1798.6188498076472 99 4.153431e-05
305859208.0 0.0 1796.3041379062909 99 4.334329e-07
198204954.0 0.0 1797.8433287342932 99 8.470083e-06
77321625.0 0.0 1798.7455297409506 99 8.911589e-06
402880107.0 0.0 1794.8670326286983 99 3.4996895e-06
12324179.0 0.0 1811.2438136013443 99 0.024917305
71747343.0 0.0 1798.3483327193157 99 2.0126672e-08
279440979.0 0.0 1797.8684110617762 99 2.6399655e-05
420656138.0 0.0 1806.179952977793 99 7.145778e-05
420843335.0 0.0 1810.347672622505 99 7.779266e-06
129870247.0 0.0 1796.8078156114439 99 3.546281e-08
259144809.0 0.0 1797.3281484541094 99 1.936448e-13
245553367.0 0.0 1797.640231147264 99 0.00030932677
384659769.0 0.0 1796.7026474382694 99 5.562349e-06
184608038.0 0.0 1794.1619070272604 99 0.0022375924
233200610.0 0.0 1805.5110221604189 99 0.0025255315
377035146.0 0.0 1799.2424743098027 99 0.0008769852
272759306.0 0.0 1810.1771878014836 99 1.1863755e-06
366435734.0 0.0 1805.7824977429175 99 1.0219723e-07
354130394.0 0.0 1795.5780513801928 99 0.027891004
233579092.0 0.0 1798.9691350589103 99 3.518666e-05
245722819.0 0.0 1795.4108681749256 99 3.4088467e-18
54057589.0 0.0 1797.4727573677862 99 3.5939837e-10
428251922.0 0.0 1810.7239482307525 99 2.3619708e-09
34577942.0 0.0 1798.0373120771214 99 1.379751e-05
455960348.0 0.0 1795.7841671120154 99 0.004240574
331389591.0 0.0 1799.8690845469025 99 1.8903556e-14
436933164.0 0.0 1806.391404957222 99 3.384206e-06
203093888.0 0.0 1796.3076085183025 99 3.4816193e-07
264223929.0 0.0 1795.8458457979489 99 0.0013401046
445666747.0 0.0 1799.1817769261575 99 1.5471563e-11
81906928.0 0.0 1795.32727742474 99 2.3583452e-14
233152830.0 0.0 1795.4483820745459 99 2.6202484e-05
22872830.0 0.0 1810.4953555650484 99 0.0001253381
284915325.0 0.0 1811.3267020075352 99 1.3286511e-08
241097195.0 0.0 1806.2655101656617 99 4.786149e-07
356786649.0 0.0 1805.553347009811 99 1.4161049e-11
335154630.0 0.0 1796.0546753152007 99 3.8766368e-07
229965790.0 0.0 1796.4903321790591 99 1.50515225e-05
289095239.0 0.0 1795.7844592476251 99 3.107671e-06
22872266.0 0.0 1798.4122220899778 99 3.3212206e-08
428071042.0 0.0 1794.1196526958993 99 0.00039359325
441812183.0 0.0 1798.302854673752 99 1.0870467e-05
378374218.0 0.0 1805.8055829271495 99 2.1893185e-07
375607442.0 0.0 1795.1589605532881 99 1.09831e-08
417707923.0 0.0 1810.6173447812291 99 3.7327322e-06
327124382.0 0.0 1794.5144902713066 99 3.549232e-15
229767084.0 0.0 1799.886147271966 99 6.2103604e-06
12646117.0 0.0 1797.473282949035 99 1.2933728e-08
285507165.0 0.0 1794.2237187779774 99 9.506744e-05
104151375.0 0.0 1797.8280902149188 99 1.105247e-05
441767564.0 0.0 1811.0529128893684 99 0.015163364
65358461.0 0.0 1805.3909783338818 99 7.303206e-05
377034691.0 0.0 1797.2841594764877 99 3.9846825e-07
387527773.0 0.0 1796.199813907387 99 5.8048895e-09
441813072.0 0.0 1806.0530473754977 99 3.1345487e-06
283336414.0 0.0 1797.0560921650906 99 1.7388986e-10
377075568.0 0.0 1798.3674373820133 99 1.1199979e-08
387567187.0 0.0 1796.2623233684897 99 6.930969e-05
245634889.0 0.0 1797.4112166439754 99 1.3929163e-05
21131390.0 0.0 1798.37059540382 99 3.122088e-08
272219327.0 0.0 1798.3681121572977 99 3.5769874e-06
388526862.0 0.0 1798.1173362781747 99 0.27536902
202903126.0 0.0 1797.3700523238192 99 6.003345e-05
259168895.0 0.0 1811.053027459943 99 0.00037879968
366198106.0 0.0 1805.9933900142696 99 1.8522017e-11
308955071.0 0.0 1800.5361406600764 99 2.712512e-05
390516475.0 0.0 1795.1190209817753 99 5.773214e-05
445483401.0 0.0 1799.1818071072971 99 2.6248304e-05
258627226.0 0.0 1795.57462981208 99 9.09937e-05
287152450.0 0.0 1794.4682556606583 99 1.4302803e-05
52702113.0 0.0 1793.4730332988404 99 9.930604e-06
230005098.0 0.0 1806.219638667357 99 3.9551907e-11
392567622.0 0.0 1797.8020962122946 99 5.730092e-05
250505642.0 0.0 1811.244426597188 99 0.0001604156
322266557.0 0.0 1796.8877444080188 99 9.58497e-08
192648949.0 0.0 1793.390849480649 99 1.856125e-05
85596002.0 0.0 1796.9329665622413 99 1.0482686e-06
219872333.0 0.0 1794.3648130930164 99 0.00011864184
436848408.0 0.0 1798.7664497345254 99 7.1493625e-05
405479774.0 0.0 1797.1622102461424 99 9.430809e-05
196947078.0 0.0 1810.7443073976224 99 0.00015381664
51028863.0 0.0 1796.6605861533778 99 3.0768197e-17
229594701.0 0.0 1805.6157372176326 99 8.736685e-05
426089741.0 0.0 1796.222085380619 99 1.2394797e-06
258829795.0 0.0 1800.2613660429329 99 1.7501103e-08
396615000.0 0.0 1794.3909179603038 99 3.4392403e-06
84161498.0 0.0 1793.2435553294647 99 6.6614804e-05
365940645.0 0.0 1796.6802491578724 99 1.0690488e-06
230126329.0 0.0 1796.614571325923 99 3.5239128e-07
445245536.0 0.0 1800.160527304903 99 5.510735e-07
116889354.0 0.0 1811.5155771306522 99 0.00016678729
432021191.0 0.0 1797.9115464718384 99 0.00057798106
445248709.0 0.0 1806.2020383700926 99 1.7688032e-07
63677137.0 0.0 1811.4117233808677 99 3.491694e-05
376925413.0 0.0 1811.3659598909262 99 6.664951e-07
302186200.0 0.0 1793.4323656058782 99 3.2391792e-05
229742721.0 0.0 1795.927949521212 99 2.203348e-07
287150450.0 0.0 1795.7185573834172 99 9.0997143e-10
452961054.0 0.0 1798.4313759595912 99 3.8534668e-06
357740731.0 0.0 1811.4101703025308 99 2.339463e-09
240748813.0 0.0 1810.8687447905022 99 2.7723393e-15
238802637.0 0.0 1793.724265417934 99 7.8131444e-07
270015086.0 0.0 1810.4926714589665 99 5.757742e-06
189637855.0 0.0 1798.724117539587 99 1.4274418e-05
237200205.0 0.0 1805.9494857174627 99 2.094822e-07
177968691.0 0.0 1805.891139157817 99 2.2537643e-05
352366856.0 0.0 1798.8684647262912 99 0.009229105
283938009.0 0.0 1795.2435511072429 99 0.00014398954
269889891.0 0.0 1810.6412361268262 99 7.420615e-06
375913362.0 0.0 1796.1589884308953 99 3.0328204e-06
259234489.0 0.0 1810.3864067183745 99 0.0001767898
283135126.0 0.0 1798.4104093652013 99 1.3184582e-06
428302704.0 0.0 1795.390482747269 99 0.007051555
289537652.0 0.0 1811.1976819309314 99 1.1370828e-05
250494958.0 0.0 1798.1612878480034 99 5.201726e-05
230023671.0 0.0 1805.2821919603252 99 6.443805e-06
198160374.0 0.0 1798.2597504132286 99 3.1375755e-06
420851130.0 0.0 1796.2644717218025 99 1.2813529e-09
336293555.0 0.0 1794.7839553524664 99 7.707596e-05
426111554.0 0.0 1797.2005144549457 99 9.560989e-10
455954904.0 0.0 1796.3258772787574 99 2.473227e-05
427728264.0 0.0 1811.0550422907331 99 0.0007736013
229798877.0 0.0 1798.365610055406 99 5.620063e-07
376640214.0 0.0 1806.0756272347105 99 0.00035939246
388504397.0 0.0 1797.9922741207179 99 8.119666e-05
34749696.0 0.0 1795.1206055747607 99 8.8615786e-07
83339750.0 0.0 1795.6600933459604 99 3.433712e-05
34647018.0 0.0 1794.9122284915052 99 6.778767e-08
233658981.0 0.0 1798.280984393248 99 5.799452e-05
285166956.0 0.0 1806.3693836107848 99 6.009499e-10
83804128.0 0.0 1805.7431739867995 99 2.2939757e-06
307111490.0 0.0 1797.3275992450574 99 3.098243e-06
301916446.0 0.0 1796.7873160223603 99 1.3408695e-06
235927999.0 0.0 1795.2411701179037 99 9.266323e-08
323011282.0 0.0 1810.8041861986221 99 0.0003226407
403922256.0 0.0 1798.2432754118342 99 0.0053666956
331793908.0 0.0 1794.0758361747048 99 4.494164e-07
279209131.0 0.0 1796.8685308938777 99 3.6573848e-09
327296784.0 0.0 1794.6197276340122 99 7.1959754e-08
445567121.0 0.0 1796.0777080731693 99 6.715771e-07
10973655.0 0.0 1811.4105058468642 99 1.2525689e-08
272230452.0 0.0 1794.6390555388418 99 6.5811925e-08
232608223.0 0.0 1795.1560137274064 99 0.00011547716
423750260.0 0.0 1810.2858578221117 99 0.030440385
376770989.0 0.0 1795.2424607026635 99 7.2155913e-06
441738610.0 0.0 1806.261232135741 99 0.00031488706
375073265.0 0.0 1806.0985830464267 99 3.8327335e-06
241076979.0 0.0 1805.7653302125464 99 1.9705338e-08
298732513.0 0.0 1797.1353082221813 99 0.0005549436
327445165.0 0.0 1798.9739259137993 99 0.0042656106
264898803.0 0.0 1795.8460864120025 99 4.4928913e-07
82976437.0 0.0 1794.7640932156412 99 8.0734325e-12
406681219.0 0.0 1796.138498523633 99 4.5800407e-05
72147483.0 0.0 1799.723488301183 99 8.930189e-08
279979169.0 0.0 1798.5118388503536 99 0.005548754
445486065.0 0.0 1805.7860051087448 99 0.0015364944
219863986.0 0.0 1796.1984386578317 99 0.00024250367
308366236.0 0.0 1798.4528209200669 99 0.0059067244
232609321.0 0.0 1798.8229716317633 99 7.2487076e-08
331979046.0 0.0 1796.3898632926034 99 0.00012021119
348025382.0 0.0 1805.3693967370784 99 3.1205513e-05
408897120.0 0.0 1798.1794579972925 99 2.0396803e-06
405327387.0 0.0 1797.7001906984856 99 0.00249375
292521301.0 0.0 1793.5365836839544 99 7.659945e-06
441762659.0 0.0 1796.5112202361956 99 6.65477e-07
255863941.0 0.0 1799.512127200041 99 0.0032363385
241072521.0 0.0 1798.1193703088595 99 6.516527e-07
427385258.0 0.0 1797.8883534599574 99 1.6202162e-05
312343012.0 0.0 1799.0981795589164 99 1.3407159e-05
407017121.0 0.0 1795.7850795992786 99 5.225906e-07
139463395.0 0.0 1797.2452239823747 99 7.072327e-06
117619327.0 0.0 1797.03650128112 99 0.00077070075
201357261.0 0.0 1810.6203765427147 99 6.25119e-07
427511059.0 0.0 1798.24254815172 99 2.1399064e-05
317065894.0 0.0 1794.9295237187966 99 0.00040288258
270661813.0 0.0 1797.0971823084851 99 5.1263755e-06
285689138.0 0.0 1794.5981084034436 99 1.5915214e-09
200875277.0 0.0 1810.995362267713 99 4.6715097e-05
387831439.0 0.0 1805.3039114539113 99 1.7742968e-06
192289702.0 0.0 1795.4533252554106 99 0.0006545743
129916255.0 0.0 1797.5577974089972 99 3.176027e-05
272625675.0 0.0 1795.8890032344705 99 1.1894107e-05
237079307.0 0.0 1795.7411805386291 99 8.7300396e-05
399831693.0 0.0 1810.117481227214 99 3.3165825e-06
292606214.0 0.0 1796.411634403039 99 4.199248e-06
233531272.0 0.0 1810.8234378012398 99 1.4921653e-08
229483119.0 0.0 1798.5114461572675 99 1.6814827e-08
67461088.0 0.0 1793.9744280420407 99 1.5421995e-07
444143116.0 0.0 1794.306959249627 99 0.0011833125
445610609.0 0.0 1794.5777374326929 99 1.2393386e-07
192373909.0 0.0 1806.0160328224233 99 8.786031e-06
291961702.0 0.0 1806.0780504589422 99 2.7278097e-06
240749356.0 0.0 1793.9940945714604 99 1.1669558e-06
428112624.0 0.0 1794.8696588234768 99 0.00020638527
369352318.0 0.0 1811.3059895222543 99 8.373146e-06
13080907.0 0.0 1794.8063843548812 99 3.6732963e-09
390656467.0 0.0 1799.5773243936524 99 4.3203577e-06
302391058.0 0.0 1795.6820980122382 99 3.110954e-05
353380967.0 0.0 1796.9308902144937 99 3.582388e-06
269664545.0 0.0 1794.6577249348964 99 4.570941e-06
376260907.0 0.0 1799.4101098347182 99 0.02454102
327346503.0 0.0 1797.6406753403733 99 2.4608626e-09
233633697.0 0.0 1810.9690421851997 99 4.487289e-05
250707320.0 0.0 1797.1404618447004 99 9.733841e-06
429020102.0 0.0 1797.8463781517912 99 0.0001486619
94673268.0 0.0 1797.0995176864355 99 4.0237932e-08
366026466.0 0.0 1797.0138135890575 99 3.5988037e-06
250559030.0 0.0 1810.432122967095 99 3.4587982e-11
349353659.0 0.0 1793.5786744163324 99 4.3591054e-08
252158971.0 0.0 1796.3482332026076 99 0.0020932625
85595785.0 0.0 1794.5996119205245 99 0.00025876224
137122809.0 0.0 1811.3474470678082 99 2.5418049e-05
275370165.0 0.0 1805.8678105065871 99 1.8466737e-06
139459369.0 0.0 1797.578650891507 99 3.931532e-05
384915146.0 0.0 1810.2027521323214 99 3.0091242e-06
285909383.0 0.0 1799.0145874006926 99 1.4075168e-05
348670956.0 0.0 1810.140162547433 99 0.0008153579
343563499.0 0.0 1793.8663807565085 99 5.2518782e-05
71852651.0 0.0 1810.8067247722727 99 3.8370972e-13
403875792.0 0.0 1810.5565918172113 99 4.876816e-07
200862766.0 0.0 1805.9536882518785 99 5.6667835e-07
246977174.0 0.0 1795.7456440604071 99 3.9581173e-05
186615894.0 0.0 1810.3911035570795 99 1.3227441e-05
354841987.0 0.0 1797.5561341209464 99 1.9927344e-09
312147538.0 0.0 1794.4523479743657 99 2.3345626e-14
378468339.0 0.0 1795.930624025928 99 1.7870592e-09
336538973.0 0.0 1799.5339037729693 99 0.00021987014
421307364.0 0.0 1797.656844863799 99 5.6913343e-08
327007693.0 0.0 1793.1822581740805 99 1.37697225e-05
428706982.0 0.0 1796.7843089814558 99 8.888927e-06
245761059.0 0.0 1811.5154084902654 99 1.4112347e-08
408620413.0 0.0 1794.930826240472 99 6.5900706e-05
359126726.0 0.0 1805.2639309531953 99 1.494637e-06
284479475.0 0.0 1810.5316968097625 99 4.280661e-11
444447980.0 0.0 1797.3477697667147 99 8.733644e-08
240855261.0 0.0 1810.1607362341301 99 4.432763e-05
301104468.0 0.0 1805.8906168627427 99 6.492125e-07
230378763.0 0.0 1799.2401516689192 99 0.00060438557
357744803.0 0.0 1798.6808252246947 99 2.4126822e-19
291885470.0 0.0 1793.9741298516121 99 9.733833e-12
201379563.0 0.0 1794.2450475295548 99 6.0525367e-06
422663677.0 0.0 1797.9719217245492 99 3.908992e-11
376926539.0 0.0 1798.3858099739825 99 3.809721e-13
293067471.0 0.0 1810.8073267016994 99 7.04874e-05
431929504.0 0.0 1810.3077424369365 99 0.00017796627
377307381.0 0.0 1793.4901672847882 99 1.28452236e-08
269606104.0 0.0 1805.971904004311 99 5.224658e-06
237294767.0 0.0 1799.7204994768003 99 3.463501e-07
256643181.0 0.0 1797.9086418065742 99 4.0504738e-06
452972873.0 0.0 1797.7854041625135 99 2.3940234e-07
259130225.0 0.0 1794.9490967432173 99 2.29596e-13
26651857.0 0.0 1810.3080547914299 99 6.433803e-09
186717969.0 0.0 1798.5577402601023 99 0.0020431846
312856774.0 0.0 1805.9731044792256 99 1.4430852e-07
258393554.0 0.0 1811.4695702512843 99 0.0001237286
366552720.0 0.0 1795.6169469347162 99 3.7488215e-07
316042154.0 0.0 1795.2442441867677 99 1.3852305e-05
352175100.0 0.0 1798.2403338168417 99 1.0185454e-07
308219107.0 0.0 1796.4318360019827 99 2.17688e-06
286576659.0 0.0 1810.848352035346 99 3.8328366e-05
354700723.0 0.0 1795.8477245023541 99 1.3224047e-06
368372568.0 0.0 1810.930295268098 99 0.00047184137
35022683.0 0.0 1795.0581121462387 99 8.650055e-05
77173813.0 0.0 1794.9745477015551 99 0.00030010723
375911768.0 0.0 1798.9714399315064 99 0.0026877413
316042773.0 0.0 1796.619300662825 99 5.1352583e-07
50116364.0 0.0 1811.2648302083885 99 1.3917911e-06
322057067.0 0.0 1795.5752095040207 99 1.6856411e-05
312254981.0 0.0 1810.4935382098838 99 4.461623e-05
320271196.0 0.0 1797.9313129486177 99 2.3269893e-06
198279370.0 0.0 1796.0518510934576 99 5.8176114e-10
322442826.0 0.0 1797.1378341923094 99 7.178912e-06
395586623.0 0.0 1796.2430181647137 99 0.00017575026
199688697.0 0.0 1799.5305863607598 99 1.0979131e-06
384986198.0 0.0 1794.3700460146506 99 2.3337811e-06
101351543.0 0.0 1798.7662624578873 99 1.0110007e-07
332982936.0 0.0 1794.952408176713 99 8.7146764e-05
196949615.0 0.0 1797.973818215583 99 1.3395477e-05
403588925.0 0.0 1797.991796660291 99 2.2069993e-05
301990520.0 0.0 1798.8279612002107 99 0.0032756203
270006368.0 0.0 1810.8495810090922 99 4.067425e-05
445199845.0 0.0 1794.7021861853677 99 2.027815e-05
327184990.0 0.0 1805.8487844230167 99 4.7130936e-05
265295800.0 0.0 1805.7860795258084 99 0.00039069512
347495290.0 0.0 1794.828183676382 99 3.1296816e-09
299437154.0 0.0 1797.2238375398965 99 1.7093624e-13
403328929.0 0.0 1799.6994323003582 99 0.010320659
378924841.0 0.0 1799.0556418942801 99 3.880586e-05
370694384.0 0.0 1799.348275959794 99 0.061401315
94367054.0 0.0 1793.2036000019575 99 4.333554e-09
396615115.0 0.0 1794.9117619635988 99 1.136725e-05
302388870.0 0.0 1794.8695408546648 99 0.00022062993
252109307.0 0.0 1793.931647499042 99 1.5912391e-07
249832286.0 0.0 1797.0363037663367 99 6.447257e-08
366500692.0 0.0 1797.4502889933317 99 0.0025788746
137886126.0 0.0 1810.6205523846963 99 0.00036644106
373626245.0 0.0 1798.181379904086 99 8.5921545e-09
270813758.0 0.0 1798.8888722805098 99 2.0570232e-08
331937287.0 0.0 1797.4723966634947 99 0.00015176248
250563009.0 0.0 1798.932096212559 99 1.5192357e-07
230394266.0 0.0 1798.094590187059 99 0.0012866969
275858205.0 0.0 1799.1392384620353 99 1.2874107e-05
13454797.0 0.0 1799.2855406556105 99 7.0168625e-07
326967731.0 0.0 1799.1406064340688 99 2.374089e-06
269419535.0 0.0 1811.0759760459628 99 7.955734e-07
359588943.0 0.0 1797.2604344351967 99 2.4799884e-09
63471618.0 0.0 1797.1827967370702 99 0.00043434618
285239772.0 0.0 1793.9529304462865 99 3.7372915e-06
229938728.0 0.0 1797.4487712084456 99 2.2885317e-07
12734150.0 0.0 1794.7856882939784 99 1.258056e-07
407495344.0 0.0 1800.055374379492 99 3.8693932e-05
389764565.0 0.0 1797.598080174483 99 0.00010708589
431988425.0 0.0 1796.3698739254403 99 1.353679e-07
229701637.0 0.0 1797.5113041294949 99 1.312681e-08
455824689.0 0.0 1793.5960263870527 99 3.0408598e-06
116403299.0 0.0 1793.4113134191603 99 0.0020782026
372723747.0 0.0 1795.8062540034723 99 2.6075852e-05
117531026.0 0.0 1798.8072325681633 99 0.0023452959
250688116.0 0.0 1796.723684611178 99 1.1515455e-05
229782870.0 0.0 1798.1987391420394 99 4.852302e-06
434437492.0 0.0 1805.8466819236282 99 1.765075e-08
73449681.0 0.0 1796.5996165659155 99 2.5410693e-06
241075508.0 0.0 1811.3068619302544 99 1.2875544e-05
374040772.0 0.0 1794.5982143798378 99 4.7877387e-05
268728977.0 0.0 1795.6177804641413 99 1.9779518e-08
250747789.0 0.0 1799.5781057938632 99 0.00046539248
331928233.0 0.0 1796.6180244721857 99 0.0013255697
368890185.0 0.0 1799.4723189021324 99 0.00024297071
219779541.0 0.0 1795.3229390802362 99 1.7437615e-06
407354487.0 0.0 1796.764129201361 99 9.9679326e-08
116888474.0 0.0 1795.9738000905352 99 0.00047239152
139465772.0 0.0 1797.849536286501 99 1.1017971e-08
229702512.0 0.0 1811.3444610501028 99 3.422599e-06
320603294.0 0.0 1793.8271481150225 99 1.476001e-05
316437216.0 0.0 1805.3694244840096 99 5.6175445e-08
354746123.0 0.0 1797.972745733852 99 3.37437e-09
394091225.0 0.0 1796.0120244526315 99 0.00039883918
238775956.0 0.0 1799.0785162144168 99 3.109999e-08
354256474.0 0.0 1798.2446005709 99 0.0009744824
445416642.0 0.0 1797.2441204615766 99 0.0009154586
398212665.0 0.0 1810.2438227994999 99 3.589132e-11
292609933.0 0.0 1805.2447988252206 99 2.1248823e-07
28834711.0 0.0 1795.9538886481275 99 0.00047573115
35015702.0 0.0 1793.7247560653382 99 8.511104e-06
233076423.0 0.0 1799.5313633545466 99 0.003698083
406518465.0 0.0 1795.8039394987493 99 1.857717e-06
67635034.0 0.0 1793.6409927497443 99 0.00023859084
264221810.0 0.0 1793.5951338560542 99 1.2338737e-09
445107304.0 0.0 1796.785425259472 99 0.0903435
255882694.0 0.0 1799.5352010074416 99 1.4562147e-07
375847878.0 0.0 1793.6381747259438 99 3.7720132e-05
376195427.0 0.0 1798.305949795926 99 7.604496e-06
321825159.0 0.0 1796.2001472454112 99 0.00065596984
321544207.0 0.0 1795.0125842197042 99 9.883165e-07
326787194.0 0.0 1795.7434795234442 99 1.6711334e-05
436873082.0 0.0 1796.620652817856 99 6.1616805e-07
275143610.0 0.0 1797.2221109054894 99 3.1492888e-07
256796553.0 0.0 1797.615842986616 99 8.270226e-14
351609665.0 0.0 1799.8472728886838 99 1.6522253e-06
21024419.0 0.0 1797.1205536801754 99 6.078643e-06
283246566.0 0.0 1810.3058441185415 99 0.00013548254
21124574.0 0.0 1810.5306414583993 99 0.007043266
21002519.0 0.0 1799.1141176392089 99 1.9327781e-07
259965499.0 0.0 1796.9499971045127 99 2.0447075e-32
238771755.0 0.0 1793.682435091067 99 0.0
387757211.0 0.0 1799.9915440178786 99 8.0777357e-22
71926521.0 0.0 1797.5984580344004 99 1.4151734e-37
272230452.0 0.0 1794.6390555388418 99 4.432418e-37
219743922.0 0.0 1794.634732643255 99 4.2292438e-17
50943839.0 0.0 1796.8482605288862 99 3.8126122e-14
63400413.0 0.0 1798.3078075140613 99 0.0
12559257.0 0.0 1799.1396587331901 99 2.0573559e-20
116842765.0 0.0 1797.3279968155543 99 1.3569143e-24
444083730.0 0.0 1806.2027588268036 99 7.799317e-28
237200205.0 0.0 1805.9494857174627 99 0.0
219740340.0 0.0 1795.864275816513 99 8.6043e-33
370350764.0 0.0 1796.9108699299084 99 6.2536814e-33
236765799.0 0.0 1797.7402697192865 99 1.2290266e-30
192422831.0 0.0 1796.9324524371198 99 1.8493955e-26
444487873.0 0.0 1797.0559656762905 99 0.0
255863611.0 0.0 1798.9288120299225 99 2.3085639e-27
371423396.0 0.0 1793.9123313168457 99 0.0
298780946.0 0.0 1811.0520213390735 99 0.0
237234709.0 0.0 1806.1161225835365 99 3.5091012e-22
237304997.0 0.0 1798.0746117633666 99 2.293479e-16
327124382.0 0.0 1794.5144902713066 99 4.9708124e-32
370057979.0 0.0 1810.5356435770227 99 1.9752472e-17
237000094.0 0.0 1795.4911537312169 99 3.5754647e-27
376298461.0 0.0 1800.1185365235378 99 4.7678114e-27
305294281.0 0.0 1805.699549847312 99 3.9616695e-18
54710829.0 0.0 1810.1187095313494 99 0.0
54461534.0 0.0 1796.1187613478191 99 0.0
293190850.0 0.0 1798.932464802375 99 1.1991478e-13
396573154.0 0.0 1810.390827989759 99 1.7827447e-14
101352760.0 0.0 1795.6203741982285 99 9.150837e-28
230076213.0 0.0 1810.927211614822 99 5.0318528e-21
405432240.0 0.0 1797.1206002519434 99 4.4084818e-33
445494729.0 0.0 1798.41100486175 99 0.0
410773762.0 0.0 1798.9711652851604 99 5.227008e-15
312555125.0 0.0 1798.035611830792 99 3.888895e-20
22739840.0 0.0 1810.8911821764016 99 0.0
245588240.0 0.0 1797.3277132619087 99 1.0601537e-31
219894351.0 0.0 1800.3026366753895 99 5.509271e-15
178044996.0 0.0 1795.745166264117 99 2.1115098e-13
385103406.0 0.0 1796.2656962494393 99 8.3258253e-22
352117369.0 0.0 1805.618224888228 99 5.0997995e-20
390741075.0 0.0 1795.3896732048113 99 2.4737457e-18
252125547.0 0.0 1795.014715660068 99 0.0
192417130.0 0.0 1796.140847278298 99 0.0
251657793.0 0.0 1806.431893335684 99 1.1687983e-21
428415789.0 0.0 1794.347626975467 99 0.0
116015207.0 0.0 1795.7863890904212 99 5.0680236e-16
403831420.0 0.0 1796.0145583417168 99 0.0
264468735.0 0.0 1797.1375809072495 99 3.0441478e-21
431767082.0 0.0 1796.1408392199219 99 2.5879634e-36
256581075.0 0.0 1798.3878038729297 99 2.2522416e-26
376548032.0 0.0 1796.1798683477632 99 6.144978e-16
237079307.0 0.0 1795.7411805386291 99 2.3237657e-38
236967042.0 0.0 1800.595142843398 99 2.6718124e-16
177827291.0 0.0 1796.4743649849217 99 1.3835618e-15
399357353.0 0.0 1795.3273277475712 99 6.040654e-36
117663295.0 0.0 1805.661587123845 99 6.6947747e-26
250823620.0 0.0 1806.2238035612204 99 2.7666406e-18
230389443.0 0.0 1797.302712097144 99 3.8787355e-18
377070346.0 0.0 1805.9714840260344 99 1.1660196e-28
370698607.0 0.0 1799.1400328477478 99 1.1208065e-29
331928059.0 0.0 1806.3888338299648 99 3.2961626e-33
233547085.0 0.0 1806.0940092849683 99 9.7783666e-26
238342999.0 0.0 1810.7870749759031 99 0.0
177918201.0 0.0 1797.891219275805 99 3.067229e-20
292467344.0 0.0 1793.515874636984 99 6.1093255e-11
198236207.0 0.0 1793.343235200364 99 1.1612124e-13
268332946.0 0.0 1795.9079729775033 99 3.7478792e-37
229673190.0 0.0 1795.0945673914646 99 1.7793943e-26
399859253.0 0.0 1794.7422779131366 99 8.3654185e-32
326209505.0 0.0 1794.5942854156028 99 2.345877e-26
230001271.0 0.0 1798.1361372185388 99 7.8461923e-22
389538483.0 0.0 1797.3480236475195 99 2.4857518e-24
420268181.0 0.0 1810.3668146932632 99 8.079303e-38
292156689.0 0.0 1810.9114875919336 99 4.0664412e-13
445567121.0 0.0 1796.0777080731693 99 0.0
229952279.0 0.0 1799.2402941070452 99 5.034506e-27
326856726.0 0.0 1799.328039289511 99 1.4912725e-26
395941845.0 0.0 1794.5554581271454 99 5.7465183e-19
275142573.0 0.0 1810.1388090984992 99 9.469266e-36
323407257.0 0.0 1794.0963911773347 99 2.810709e-13
427553234.0 0.0 1795.6384978659476 99 5.8975326e-19
302468661.0 0.0 1794.3906892071525 99 0.0
34647018.0 0.0 1794.9122284915052 99 1.0143548e-28
327573921.0 0.0 1799.6199036321104 99 3.345174e-24
67461088.0 0.0 1793.9744280420407 99 4.1306305e-38
370696018.0 0.0 1794.3066208607684 99 3.8544818e-13
285670349.0 0.0 1793.4110971094667 99 1.50925895e-27
265288719.0 0.0 1805.2651042737004 99 2.1889531e-32
445666747.0 0.0 1799.1817769261575 99 0.0
292612506.0 0.0 1795.0782840403685 99 0.0
445484565.0 0.0 1805.9734725183966 99 1.03092485e-23
229744093.0 0.0 1795.4694420614417 99 2.6803194e-21
352794937.0 0.0 1794.953409458569 99 5.790178e-18
431766521.0 0.0 1793.244949249513 99 7.2999235e-33
139459369.0 0.0 1797.578650891507 99 2.4734418e-27
265276170.0 0.0 1805.9925936034865 99 1.1681713e-26
372509663.0 0.0 1796.5142408772551 99 0.0
404104934.0 0.0 1796.158519120858 99 3.680685e-26
428606311.0 0.0 1797.472200722201 99 1.0258072e-27
20895509.0 0.0 1793.911536787058 99 1.4280055e-35
250836660.0 0.0 1799.4737506887634 99 1.9229516e-24
229704187.0 0.0 1797.031896634543 99 0.0
417231174.0 0.0 1798.5765227827671 99 3.1310856e-16
327575969.0 0.0 1796.2032623572009 99 0.0
256479484.0 0.0 1798.014583040294 99 0.0
252158435.0 0.0 1805.806435643656 99 7.472124e-33
383677392.0 0.0 1810.969187124248 99 5.443437e-18
229943691.0 0.0 1805.7192625217867 99 1.9612133e-33
264805538.0 0.0 1805.8902956599895 99 4.9850374e-31
357888118.0 0.0 1797.160027880011 99 5.355958e-33
139459961.0 0.0 1797.2244467508308 99 3.8569126e-26
390338696.0 0.0 1800.2231173763794 99 8.040894e-17
353076207.0 0.0 1795.8892800316935 99 0.0
372335021.0 0.0 1798.4296344864738 99 1.2076078e-21
233579092.0 0.0 1798.9691350589103 99 2.5571923e-18
270006368.0 0.0 1810.8495810090922 99 7.165448e-19
426082924.0 0.0 1796.4094066052496 99 3.5388102e-29
376846693.0 0.0 1798.6988112374406 99 1.1092205e-21
280068832.0 0.0 1806.011623680773 99 1.2003468e-28
372212744.0 0.0 1811.0335518915356 99 8.050419e-37
283832839.0 0.0 1799.2642722031078 99 1.5654292e-19
229976071.0 0.0 1799.386098892048 99 0.0
331931799.0 0.0 1806.284745630467 99 5.6469664e-35
372640394.0 0.0 1793.5330616841222 99 6.9802213e-38
71980235.0 0.0 1795.7026537263334 99 4.249615e-27
396484827.0 0.0 1797.013485521082 99 4.7729285e-18
230025052.0 0.0 1805.2820655555577 99 4.514528e-24
229400524.0 0.0 1805.4903266970362 99 1.0228467e-17
13619204.0 0.0 1798.3897263195483 99 1.8750373e-21
245391330.0 0.0 1805.4111529337376 99 6.265739e-26
285909383.0 0.0 1799.0145874006926 99 5.4515915e-30
258388870.0 0.0 1795.949285645045 99 2.9524459e-30
387881576.0 0.0 1810.4705038847003 99 6.4709836e-31
229683649.0 0.0 1798.0931229711216 99 1.0844241e-26
65358461.0 0.0 1805.3909783338818 99 3.356102e-13
233730349.0 0.0 1798.0731346829316 99 3.2114973e-36
256434290.0 0.0 1793.4295148414083 99 6.503104e-31
250688116.0 0.0 1796.723684611178 99 5.7489242e-21
331546745.0 0.0 1797.9295635091182 99 2.9713086e-34
441717836.0 0.0 1805.9905369562323 99 8.3250964e-29
194560871.0 0.0 1805.8078723517706 99 3.3988815e-29
379472174.0 0.0 1795.2435912012445 99 4.8836504e-35
397368134.0 0.0 1796.8914265931207 99 3.0145923e-14
117868583.0 0.0 1805.7864948770698 99 8.4849584e-36
436844373.0 0.0 1796.99561062443 99 0.0
65647427.0 0.0 1810.620059387518 99 5.0533203e-21
178138752.0 0.0 1811.4536567963366 99 0.0
402208125.0 0.0 1796.9743281227106 99 0.0
444332522.0 0.0 1798.3268893073298 99 2.9549662e-25
77258822.0 0.0 1810.9953117462226 99 7.7702696e-14
423031237.0 0.0 1795.7444266436853 99 1.569946e-13
395508745.0 0.0 1795.6389796281894 99 0.0
21023342.0 0.0 1794.8914443971928 99 1.1055925e-12
452945606.0 0.0 1797.4730019092249 99 8.374258e-18
280025167.0 0.0 1798.3691556353112 99 9.602758e-38
252833791.0 0.0 1796.1821676578752 99 2.1534896e-23
441737397.0 0.0 1794.511453003959 99 6.2338696e-24
309052331.0 0.0 1811.3275818441095 99 3.7981018e-26
331508525.0 0.0 1810.5356470718289 99 0.0
397368352.0 0.0 1793.1622583247117 99 2.0182336e-34
390515296.0 0.0 1796.2231782273384 99 0.0
431990675.0 0.0 1798.4324915866634 99 5.4241915e-29
202866134.0 0.0 1796.0157972390139 99 1.18885895e-20
369031592.0 0.0 1799.7433842138848 99 0.0
387627144.0 0.0 1797.94983808342 99 7.937861e-15
203091094.0 0.0 1795.3283612061161 99 4.413659e-13
453160398.0 0.0 1794.931285080307 99 3.0659088e-34
332866785.0 0.0 1793.1607223502701 99 1.3602441e-35
434533254.0 0.0 1805.7425485189983 99 0.0
116612613.0 0.0 1795.7031287048655 99 0.0
378861516.0 0.0 1810.138801886716 99 5.9858367e-19
453309323.0 0.0 1795.4523601416247 99 1.7555465e-34
396194794.0 0.0 1794.7219212222599 99 2.3208847e-32
435355210.0 0.0 1798.6385779991117 99 6.9097065e-28
233005145.0 0.0 1799.2812951604578 99 1.1464546e-20
419751560.0 0.0 1797.868473394419 99 0.0
370600386.0 0.0 1811.369221832427 99 8.99034e-17
326885582.0 0.0 1810.9723923801778 99 1.8474084e-05
305562802.0 0.0 1810.1995743569144 99 0.0
10962838.0 0.0 1798.952371176981 99 0.0
320046775.0 0.0 1795.2646368774247 99 0.0
201359969.0 0.0 1796.7035919099324 99 0.0
52037363.0 0.0 1799.5977154844197 99 1.1138433e-34
302544353.0 0.0 1794.2246106050804 99 2.286795e-07
288610611.0 0.0 1795.7203255755487 99 0.0
436873082.0 0.0 1796.620652817856 99 0.0
367335906.0 0.0 1797.9088053749342 99 1.2815063e-21
385340540.0 0.0 1797.2653314457834 99 3.1671326e-33
250512403.0 0.0 1797.5987335250188 99 1.2470518e-17
250747097.0 0.0 1797.953133233208 99 9.956415e-24
192877594.0 0.0 1793.515739896236 99 6.6830895e-18
375073265.0 0.0 1806.0985830464267 99 1.3319296e-30
198187903.0 0.0 1800.0098782886355 99 2.9904919e-19
312857240.0 0.0 1810.5980065985798 99 1.2702714e-16
264179263.0 0.0 1800.4917082657973 99 2.3303578e-11
376965007.0 0.0 1806.3673356108409 99 0.0
250767925.0 0.0 1794.8904174141912 99 1.0752361e-30
331317391.0 0.0 1798.5773847316004 99 6.3715647e-22
367859029.0 0.0 1805.3883552676443 99 8.6517805e-36
10497846.0 0.0 1810.993780784971 99 0.0
353929309.0 0.0 1798.8497085701526 99 4.3324473e-16
186745918.0 0.0 1797.7035508677664 99 1.774366e-25
26651857.0 0.0 1810.3080547914299 99 4.2198462e-33
418416736.0 0.0 1810.701449550447 99 0.0
186937732.0 0.0 1797.4118813672526 99 1.7614242e-10
279778620.0 0.0 1810.242740309394 99 0.0
81755546.0 0.0 1811.3481889117 99 0.0
376290178.0 0.0 1810.6380001604107 99 1.8788139e-25
292004228.0 0.0 1794.849165988808 99 1.05291625e-14
81599012.0 0.0 1795.9937640649528 99 1.6781493e-32
285084573.0 0.0 1794.0986270630565 99 0.0
302186200.0 0.0 1793.4323656058782 99 4.755837e-21
362965342.0 0.0 1810.117531795749 99 5.972058e-20
237107014.0 0.0 1796.782414257015 99 1.5311892e-22
116372536.0 0.0 1797.9740418408533 99 0.0
418029110.0 0.0 1806.1824582789136 99 8.701721e-30
184684618.0 0.0 1793.9327723238973 99 1.1419786e-16
230028226.0 0.0 1796.6362226791398 99 6.12238e-22
444596968.0 0.0 1797.4313791042782 99 9.5696566e-32
445110528.0 0.0 1800.34794916761 99 2.0149074e-22
377202187.0 0.0 1806.1589869021764 99 0.0
229458191.0 0.0 1796.8447690653804 99 0.0
327366509.0 0.0 1799.4935494018969 99 0.0
284527341.0 0.0 1796.3477497911506 99 1.3394754e-38
316953862.0 0.0 1795.306779599214 99 3.202978e-16
184736957.0 0.0 1811.3282397680796 99 3.3189038e-15
219738983.0 0.0 1794.1137904839734 99 8.404499e-26
353004614.0 0.0 1794.6808237063062 99 3.9406735e-18
396026334.0 0.0 1795.4302117655245 99 0.0
428735483.0 0.0 1799.0345035123203 99 2.9638024e-27
283246200.0 0.0 1797.9726004426548 99 3.057354e-15
81822846.0 0.0 1810.2025717884062 99 1.4568601e-19
187030106.0 0.0 1798.2452150236559 99 9.118961e-11
301907047.0 0.0 1798.869779867697 99 0.0
301416430.0 0.0 1796.6612313441162 99 1.3539419e-38
250912291.0 0.0 1805.8281742778668 99 0.0
275854772.0 0.0 1811.4313164267785 99 0.0
385507212.0 0.0 1795.1412848017205 99 1.7500805e-30
245553367.0 0.0 1797.640231147264 99 5.1605495e-18
381686576.0 0.0 1795.8701960511553 99 0.0
428011995.0 0.0 1796.20119230504 99 6.515932e-34
83227510.0 0.0 1799.3891549575233 99 1.8882887e-20
279715893.0 0.0 1795.3689712718704 99 6.110872e-16
369989622.0 0.0 1796.327353969853 99 2.9800695e-13
370431639.0 0.0 1796.4107110369634 99 2.6788181e-20
376161251.0 0.0 1796.9298742675962 99 4.1288617e-25
272039438.0 0.0 1798.5765195124986 99 1.7267643e-30
264292988.0 0.0 1795.4916599917392 99 4.935305e-19
435676733.0 0.0 1810.7842468998763 99 6.3927733e-21
271334324.0 0.0 1798.5763046132022 99 2.0350294e-30
336121449.0 0.0 1793.6999277241976 99 9.6186033e-29
333960394.0 0.0 1811.1584832556139 99 4.0411237e-37
427320022.0 0.0 1795.867452739016 99 2.4046118e-14
263969621.0 0.0 1795.2203552198957 99 2.5657616e-33
65489669.0 0.0 1811.2243960714675 99 1.7924366e-38
137120621.0 0.0 1796.6388459549487 99 2.2976639e-32
236764972.0 0.0 1799.6151238778625 99 1.5308474e-26
285684806.0 0.0 1796.8480347329032 99 1.4638949e-13
374394150.0 0.0 1811.494009394295 99 4.2660808e-29
256104600.0 0.0 1799.264635756293 99 5.3512776e-12
331726882.0 0.0 1798.471500387147 99 1.0739546e-12
354602800.0 0.0 1796.1395745363686 99 1.7520624e-25
367864478.0 0.0 1811.47172673127 99 2.7183027e-30
428165254.0 0.0 1794.2029311097813 99 0.0
410623122.0 0.0 1806.203038404886 99 2.499999e-15
245548907.0 0.0 1799.4734835693114 99 1.1010191e-32
251496064.0 0.0 1805.2652740853339 99 7.881985e-21
265348968.0 0.0 1795.617724295326 99 3.934599e-36
270012643.0 0.0 1796.0137416993152 99 4.4913773e-37
390862758.0 0.0 1811.1816229969056 99 2.5666154e-24
279004215.0 0.0 1797.7435150637011 99 1.2711126e-12
201013636.0 0.0 1795.2242318297663 99 0.0
333801796.0 0.0 1806.0331480932923 99 1.6342251e-38
331552930.0 0.0 1794.4295169637046 99 2.0106061e-16
341816492.0 0.0 1806.4265513322728 99 5.9755507e-18
203039360.0 0.0 1799.6824068194717 99 3.5078314e-21
20706394.0 0.0 1795.557508273767 99 5.2169754e-35
431925268.0 0.0 1810.4743650131784 99 7.2879245e-20
397239109.0 0.0 1798.0769064420047 99 2.2328846e-13
332046772.0 0.0 1795.0564999150645 99 0.0
377307381.0 0.0 1793.4901672847882 99 1.2023523e-16
397927532.0 0.0 1796.0560608702885 99 0.0
395769189.0 0.0 1810.909860613884 99 4.4613473e-34
385205711.0 0.0 1796.2241654689988 99 0.0
301835530.0 0.0 1797.5154370217736 99 3.3729114e-19
435167469.0 0.0 1799.6385312111038 99 0.0
53963002.0 0.0 1810.2020523144317 99 2.0234448e-34
292318734.0 0.0 1810.9323418483573 99 4.1434052e-27
198420520.0 0.0 1811.4681231387342 99 8.507369e-25
453224104.0 0.0 1796.2024772617397 99 4.5079973e-20
292845139.0 0.0 1798.8906783270868 99 0.0
63677137.0 0.0 1811.4117233808677 99 9.651438e-19
403430910.0 0.0 1810.473225893022 99 3.7541453e-30
286404968.0 0.0 1811.0356476322486 99 2.6198918e-26
373130261.0 0.0 1811.2219042051893 99 1.9640088e-30
279064282.0 0.0 1811.5140604963349 99 0.0
83805971.0 0.0 1806.0556966950617 99 0.0
445179073.0 0.0 1798.389601786865 99 0.0
224596414.0 0.0 1805.905567657153 99 8.099404e-35
302314964.0 0.0 1795.6407051841807 99 0.0
401007633.0 0.0 1794.1192110949555 99 4.283162e-25
258627226.0 0.0 1795.57462981208 99 1.03134385e-19
368381484.0 0.0 1811.0970044315698 99 1.3753004e-30
46632988.0 0.0 1795.6830330709145 99 0.0
256692904.0 0.0 1796.5563987363303 99 1.1066811e-27
184735618.0 0.0 1796.7243172534663 99 0.0
137057129.0 0.0 1810.7012667216793 99 4.8816065e-33
12396579.0 0.0 1797.139559716782 99 0.0
230396530.0 0.0 1799.0943468293985 99 6.533168e-30
321594823.0 0.0 1800.679203080354 99 1.29700075e-17
275694120.0 0.0 1798.3028843209713 99 3.6836287e-29
320279640.0 0.0 1811.160185599812 99 2.4223796e-15
117270306.0 0.0 1793.5987523058357 99 1.2931365e-26
81593786.0 0.0 1810.5775010388254 99 2.4863168e-27
301470893.0 0.0 1799.307229195525 99 7.6832014e-14
369825812.0 0.0 1793.93111791648 99 7.8736027e-28
395586623.0 0.0 1796.2430181647137 99 1.25991655e-36
54050622.0 0.0 1805.9311017401715 99 2.9167432e-25
264721808.0 0.0 1794.0333906824408 99 2.3433937e-16
275484012.0 0.0 1798.1392129627354 99 1.17351e-16
362105477.0 0.0 1796.406971318493 99 5.2720198e-17
192288719.0 0.0 1805.8076096570423 99 1.2371527e-11
389407516.0 0.0 1806.4314126856864 99 2.2405912e-15
241136259.0 0.0 1797.5155421285713 99 5.1473743e-19
396031854.0 0.0 1796.638962172615 99 0.0
346785547.0 0.0 1795.9118307376418 99 8.2301447e-22
417707923.0 0.0 1810.6173447812291 99 0.0
332814610.0 0.0 1795.4106555065684 99 1.0144858e-14
250842070.0 0.0 1795.494603509388 99 1.03724495e-14
265174270.0 0.0 1799.409452736065 99 1.14489875e-20
101351543.0 0.0 1798.7662624578873 99 2.2497881e-24
238795688.0 0.0 1806.0782886320887 99 1.0516188e-12
390656467.0 0.0 1799.5773243936524 99 2.518673e-31
388435585.0 0.0 1805.9715093044879 99 7.4617636e-16
387633966.0 0.0 1800.1580876237945 99 5.1639747e-26
428074524.0 0.0 1798.4112673510142 99 6.194387e-36
287195806.0 0.0 1805.927691633865 99 6.8543866e-37
249916950.0 0.0 1810.3906071359568 99 0.0
302467487.0 0.0 1805.2657209904683 99 3.081675e-37
233719053.0 0.0 1811.1562716757 99 1.9852704e-33
367333600.0 0.0 1794.7838586072228 99 1.0398989e-30
116612613.0 0.0 1795.6197939095123 99 0.0
433079797.0 0.0 1794.391055745809 99 2.4568287e-17
186717969.0 0.0 1798.5577402601023 99 1.197673e-10
82167490.0 0.0 1794.077417721248 99 3.4712837e-14
229589968.0 0.0 1798.1155374216064 99 1.7503713e-26
73625027.0 0.0 1811.2244411872632 99 0.0
82556590.0 0.0 1798.8689071018914 99 1.1907692e-21
367682548.0 0.0 1796.7195304221605 99 4.7887417e-25
235954079.0 0.0 1797.074772414207 99 1.3245725e-30
431866783.0 0.0 1810.1201164814236 99 4.16838e-13
240781407.0 0.0 1798.639879325805 99 5.3647458e-20
384985022.0 0.0 1798.4326651602612 99 7.5242644e-19
326259592.0 0.0 1797.2201911894754 99 7.567823e-25
22815944.0 0.0 1796.0789559333166 99 1.5467673e-18
13258369.0 0.0 1794.8687620409034 99 6.6801455e-05
26625920.0 0.0 1810.3288752153605 99 0.0
359126726.0 0.0 1805.2639309531953 99 9.060338e-31
256796553.0 0.0 1797.615842986616 99 7.5530643e-38
268728977.0 0.0 1795.6177804641413 99 4.6334597e-27
417410096.0 0.0 1810.7643489178054 99 0.0
52702113.0 0.0 1793.4730332988404 99 4.0328238e-14
50116364.0 0.0 1811.2648302083885 99 1.179897e-32
398370643.0 0.0 1799.0333438206615 99 0.0
389958835.0 0.0 1799.3644305134621 99 2.5787652e-24
385041366.0 0.0 1796.89070355442 99 3.2996096e-18
229508096.0 0.0 1794.303279248328 99 1.0887958e-36
275855499.0 0.0 1794.743484473469 99 5.267637e-32
444797901.0 0.0 1794.889477310704 99 9.609046e-11
258511985.0 0.0 1794.6787069725638 99 0.0
326794161.0 0.0 1794.931062578376 99 3.165866e-32
353779228.0 0.0 1799.5727053256617 99 3.674967e-30
427685099.0 0.0 1799.7010708832472 99 4.331422e-24
198186748.0 0.0 1811.3851655195026 99 1.1162501e-13
315722511.0 0.0 1794.9081845611925 99 3.0369148e-18
370211258.0 0.0 1797.723333056966 99 1.6533737e-25
71747343.0 0.0 1798.3483327193157 99 3.8679933e-18
445496340.0 0.0 1811.5150448974193 99 2.7645736e-25
367453933.0 0.0 1793.5755497088307 99 2.676483e-32
51022694.0 0.0 1796.5565524940985 99 1.1412578e-20
293125350.0 0.0 1794.3907818770444 99 2.6916865e-33
369238838.0 0.0 1794.8476266554055 99 2.724306e-35
284530877.0 0.0 1806.0767729874324 99 1.5304605e-13
256349356.0 0.0 1805.5541900360188 99 5.2824694e-24
401007302.0 0.0 1796.3484271354125 99 0.0
268516039.0 0.0 1797.5760693870295 99 3.872261e-25
50122168.0 0.0 1811.2024659272033 99 6.549775e-19
370118640.0 0.0 1798.035797553524 99 2.1821553e-12
348140556.0 0.0 1796.0984101890676 99 2.3252967e-18
34619169.0 0.0 1795.9122483034344 99 1.1459235e-31
396240458.0 0.0 1798.5557614313652 99 3.22378e-16
417549814.0 0.0 1795.0142624430196 99 2.4552441e-18
415836428.0 0.0 1794.5781939821427 99 0.0
372630142.0 0.0 1798.3272850917301 99 1.0740895e-09
28909025.0 0.0 1795.6413684023016 99 7.160107e-15
394129205.0 0.0 1794.3451513150394 99 5.084794e-31
265386739.0 0.0 1793.4734880167398 99 0.0
433283112.0 0.0 1796.9744695466043 99 2.7929258e-12
186594170.0 0.0 1794.7868753943228 99 5.219818e-29
289095239.0 0.0 1795.7844592476251 99 5.774803e-33
264220563.0 0.0 1795.1367130984438 99 1.4212628e-18
381655370.0 0.0 1798.5159182312275 99 5.27547e-28
230023671.0 0.0 1805.2821919603252 99 1.4289486e-12
82006053.0 0.0 1799.7857793395647 99 5.4932952e-17
354178105.0 0.0 1798.2239483391224 99 5.705946e-22
269597106.0 0.0 1810.115828182728 99 1.9233433e-36
375782459.0 0.0 1811.4087214595381 99 1.110751e-25
54790697.0 0.0 1799.3687986215998 99 0.0
299439376.0 0.0 1795.0779653710706 99 0.0
90694177.0 0.0 1794.1411614249787 99 1.0443662e-17
390738379.0 0.0 1795.3480810291856 99 6.128588e-32
373278501.0 0.0 1805.3050264043338 99 5.7183325e-26
256690009.0 0.0 1810.848236888187 99 1.3160291e-32
279079545.0 0.0 1796.7642940930637 99 1.7296502e-32
233734547.0 0.0 1798.9690518372308 99 0.0
326969027.0 0.0 1797.0990022814 99 0.0
46479770.0 0.0 1794.1621380012389 99 1.2982876e-10
321548549.0 0.0 1796.4084165351774 99 5.8426756e-25
366506022.0 0.0 1796.242026032254 99 1.0384066e-26
346119463.0 0.0 1795.2648975905952 99 5.9953757e-31
275259619.0 0.0 1794.5344198674327 99 4.7989786e-34
272219327.0 0.0 1798.3681121572977 99 4.588039e-30
302071120.0 0.0 1799.2032234093806 99 0.0
353018022.0 0.0 1799.4310259980393 99 1.6376466e-36
374475598.0 0.0 1799.2858508366032 99 7.981249e-15
241025429.0 0.0 1799.5777818610402 99 1.2016387e-28
327000169.0 0.0 1805.868379118653 99 4.1235774e-38
272823545.0 0.0 1794.847376284075 99 1.1516379e-16
292316929.0 0.0 1794.8699578643098 99 2.9514942e-19
357595868.0 0.0 1797.6143011968622 99 1.0741726e-18
445530990.0 0.0 1797.8486115330445 99 1.8353673e-26
445611717.0 0.0 1806.0569295297933 99 1.6838104e-33
178175440.0 0.0 1796.0369255299825 99 4.098713e-34
343620660.0 0.0 1797.1371517434031 99 0.0
235940299.0 0.0 1796.4913954950505 99 9.721556e-37
21131390.0 0.0 1798.37059540382 99 1.4266595e-14
269419535.0 0.0 1811.0759760459628 99 0.0
240986235.0 0.0 1796.8901628536125 99 0.0
250960997.0 0.0 1794.6821663642747 99 1.744511e-12
383674728.0 0.0 1796.7606828442233 99 2.390107e-22
331549197.0 0.0 1811.1585214290665 99 3.3335963e-38
353957999.0 0.0 1806.078356968508 99 3.6756706e-10
367861883.0 0.0 1797.6384533290773 99 1.6183258e-22
357887247.0 0.0 1799.680941104587 99 3.5127153e-38
90645490.0 0.0 1796.1411898189267 99 1.539678e-20
237107958.0 0.0 1810.7413611647733 99 5.432737e-24
403431219.0 0.0 1795.494145810971 99 2.4082592e-34
309303437.0 0.0 1810.1403164094118 99 3.295372e-17
327704791.0 0.0 1795.8907089717538 99 0.0
389692960.0 0.0 1795.7019335549069 99 0.0
117031206.0 0.0 1798.6197093094893 99 0.0
427447728.0 0.0 1811.2839924267337 99 4.7333782e-20
250505921.0 0.0 1811.2652505877581 99 1.0877425e-19
275702972.0 0.0 1798.5353687740521 99 3.7710853e-21
256514724.0 0.0 1805.5531569789075 99 5.786841e-19
402894571.0 0.0 1795.3661540754097 99 2.3610488e-34
379084450.0 0.0 1798.9305792230728 99 7.9540485e-11
365595041.0 0.0 1796.3247785907702 99 9.920764e-34
301342453.0 0.0 1796.3281524046997 99 7.655956e-12
374568518.0 0.0 1796.744427793393 99 1.9259021e-17
292322994.0 0.0 1799.3281985835815 99 0.0
411043564.0 0.0 1805.5960428528458 99 2.1440904e-28
320497858.0 0.0 1796.264697777357 99 1.1281382e-20
347484352.0 0.0 1799.6193088588914 99 2.1534744e-22
20705894.0 0.0 1796.5574953899222 99 1.4316352e-24
229456600.0 0.0 1805.2614148946413 99 5.3141e-24
250707320.0 0.0 1797.1404618447004 99 2.1509068e-20
282881417.0 0.0 1810.8054813258698 99 2.964138e-37
101216819.0 0.0 1796.0578395779023 99 2.4169103e-19
359441156.0 0.0 1798.5767979644575 99 0.0
230377991.0 0.0 1793.9693161031325 99 9.0823285e-35
237100372.0 0.0 1795.8228455383532 99 2.304381e-15
424115833.0 0.0 1798.1409230688491 99 0.0
396235574.0 0.0 1800.1809350293365 99 0.0
20873121.0 0.0 1795.4742322600523 99 0.0
202844773.0 0.0 1796.0573608504283 99 0.0
285235696.0 0.0 1797.2229121600483 99 0.0
423954138.0 0.0 1798.8461276173596 99 4.3772517e-38
372685312.0 0.0 1797.8456059969137 99 3.5950915e-08
326532106.0 0.0 1810.2638888802524 99 0.0
194667110.0 0.0 1794.4534946529996 99 6.918303e-36
389911307.0 0.0 1796.368860353551 99 1.0993554e-20
235927999.0 0.0 1795.2411701179037 99 2.9039824e-28
299438729.0 0.0 1796.640474762052 99 0.0
357827252.0 0.0 1810.639554899992 99 0.0
407019919.0 0.0 1797.2641842438197 99 2.6020487e-37
236886901.0 0.0 1806.324202629765 99 1.8502281e-26
251354499.0 0.0 1806.3070632945257 99 8.8165476e-18
207493891.0 0.0 1805.2597720659403 99 1.2409028e-38
29056167.0 0.0 1796.9330890442775 99 1.9616428e-30
336106354.0 0.0 1793.9290702881267 99 2.946294e-21
251351950.0 0.0 1806.1404534832063 99 1.6985393e-25
302388870.0 0.0 1794.8695408546648 99 1.3910022e-23
94367268.0 0.0 1794.0786190686397 99 0.0
240854578.0 0.0 1798.4526492989341 99 0.0
259001008.0 0.0 1799.2822920694414 99 2.8602708e-12
256863477.0 0.0 1794.0118444152522 99 6.202074e-06
