tic gt tpeak labels pred_s0104
229944109.0 0 1808.844250306577 0 4.640766e-05
445410746.0 0 1805.5563970684336 0 4.227286e-06
331780550.0 0 1809.1813578567921 0 1.1658158e-08
347768506.0 0 1805.2442930988377 0 6.7431394e-11
233629196.0 0 1812.385866191936 0 3.995821e-07
229748836.0 0 1812.386148366143 0 9.626345e-11
427766763.0 0 1797.0553628876457 0 1.2453552e-05
130083516.0 1 1795.1827995757753 1 1.0
390170776.0 1 1797.139776137706 1 1.0
233079895.0 1 1811.239875266335 1 1.0
275146861.0 1 1799.0970435376244 1 1.0
139553692.0 0 1809.1410603448255 0 0.00035544235
267882450.0 0 1805.1985978979587 0 1.0610846e-06
26439243.0 1 1805.5579826466449 1 0.9999998
347581893.0 1 1793.9317349980083 1 1.0
302468363.0 1 1810.3698906091354 1 1.0
235709858.0 0 1812.3450137685304 0 6.83899e-11
377507360.0 1 1795.2842205617364 1 1.0
385245132.0 1 1797.7865767193418 1 1.0
94448601.0 1 1798.453762495035 1 1.0
299332103.0 0 1809.1606284246282 0 1.2309214e-09
316629077.0 1 1798.4320356029018 1 1.0
417746712.0 0 1812.3673901646855 0 1.550775e-08
219800917.0 1 1794.323099213907 1 1.0
405414542.0 1 1797.4956025957513 1 1.0
372389105.0 0 1805.2420174422061 0 6.559194e-10
367089929.0 1 1796.3463625388201 1 1.0
258627737.0 0 1805.2829308461585 0 6.223264e-08
321819483.0 0 1808.887486486495 0 2.439761e-07
139532737.0 1 1797.495178420349 1 0.99999994
233080784.0 1 1810.323165863295 1 1.0
428606311.0 1 1797.472200722201 1 0.9996823
422533069.0 1 1799.1397987660507 1 0.9999809
192320564.0 1 1810.9533068626629 1 1.0
332870266.0 0 1809.2023477820762 0 2.4788913e-09
245470004.0 1 1795.9525867046425 1 0.9999997
436861165.0 0 1796.6414726933483 0 0.0006078929
327189417.0 1 1797.015668106432 1 1.0
250560831.0 0 1808.8695912534563 0 2.3821087e-05
359432099.0 0 1796.9100025866217 0 7.3202887e-07
233724202.0 0 1797.9689058450863 0 0.00010001717
377672342.0 1 1797.6386860482012 1 1.0
322310532.0 1 1795.3044477421474 1 1.0
259266180.0 0 1812.365631423346 0 6.337517e-11
269414794.0 1 1797.32623283249 1 0.9999999
416046064.0 1 1793.7242480486411 1 1.0
194779555.0 1 1811.4536995418362 1 0.9999031
283840173.0 1 1806.285123735164 1 0.9999998
396006762.0 0 1812.3472591346356 0 4.833191e-06
271754473.0 0 1808.8679112428883 0 7.5302273e-07
104316130.0 0 1808.8490844944956 0 0.000211174
283933555.0 1 1797.576937585975 1 1.0
356340576.0 1 1798.1139023296853 1 0.9998594
422533317.0 1 1795.5772776013891 1 0.9999877
378861516.0 0 1800.3054818335218 0 1.181174e-09
251172551.0 0 1793.3901038138363 0 0.00020180979
229497700.0 1 1798.7823280215107 1 0.9999989
385401741.0 1 1810.1402593258656 1 1.0
241049137.0 0 1805.2027647659788 0 2.275896e-05
241005693.0 0 1805.2443037777311 0 1.9327782e-15
279002856.0 0 1805.326834921049 0 6.5761293e-07
390521483.0 0 1805.2026109910491 0 2.923335e-05
407416720.0 0 1805.2238762630568 0 1.2064888e-05
431960980.0 1 1796.5783939886092 1 1.0
321720499.0 1 1796.887600766284 1 1.0
346787412.0 1 1797.3702547125827 1 1.0
256482129.0 1 1799.0355193511327 1 1.0
241024734.0 0 1812.3899751211118 0 0.0001752267
396267528.0 0 1797.8474384751628 0 0.00025561545
403832971.0 1 1810.1812115790133 1 1.0
264918797.0 0 1812.3486784602446 0 7.6628055e-09
245701169.0 1 1805.5152802863413 1 1.0
233527009.0 0 1797.9691133526132 0 3.858615e-06
259130225.0 1 1794.9490967432173 1 1.0
270015117.0 0 1796.9095936576848 0 3.7761993e-06
34821228.0 1 1798.0373031952952 1 1.0
452995303.0 1 1795.0146504101767 1 0.9999906
400336887.0 1 1796.9514868664533 1 1.0
436883430.0 1 1796.4747905612962 1 1.0
54204641.0 1 1794.4730150248067 1 1.0
178143596.0 1 1806.0370043695727 1 0.9999806
250473966.0 0 1808.8695396572718 0 7.234371e-08
249898079.0 0 1796.8281217371855 0 0.000535981
245707562.0 0 1805.2029190715734 0 5.742918e-10
441807965.0 0 1805.1988117228434 0 1.1653534e-08
284971496.0 0 1805.217950977784 0 1.2053255e-09
256347735.0 0 1805.2416799031575 0 1.7538167e-11
284535029.0 0 1812.7016102886041 0 0.010872479
252103748.0 0 1809.285470384023 0 0.00026309027
367241683.0 1 1798.7214437660605 1 1.0
436860179.0 0 1809.016302914273 0 0.0061757253
354798248.0 1 1793.9321480755395 1 0.9999476
378589986.0 1 1805.7428333544815 1 1.0
418134290.0 0 1805.2222836044218 0 1.2513553e-05
229944109.0 0 1812.3441908902778 0 1.4521845e-05
229788338.0 1 1798.2612857133051 1 0.9999967
285384380.0 1 1796.7870677780345 1 0.99999857
12550101.0 1 1796.5771773647668 1 1.0
219109953.0 1 1798.5319088423794 1 1.0
219779428.0 0 1808.8438042408002 0 0.00014458307
94455316.0 0 1793.1410072931294 0 0.00020766696
307115630.0 0 1805.514835695504 0 2.5021725e-09
250866967.0 1 1805.8488754997572 1 0.999995
385444288.0 0 1796.8048912726817 0 0.0012586022
49942082.0 1 1798.2857373472461 1 0.9999999
286482458.0 1 1798.3897461438928 1 1.0
441797422.0 1 1805.9278410797492 1 1.0
359134285.0 1 1810.2430946271631 1 0.999999
250475148.0 0 1808.869500384763 0 1.3952829e-08
403626895.0 0 1812.3484266492453 0 3.0446723e-05
229800570.0 0 1808.8653270850516 0 5.9161973e-09
268850495.0 0 1812.7841669707782 0 0.0005761198
354013125.0 1 1794.4733567421417 1 1.0
441802006.0 1 1794.6154643914558 1 1.0
402953332.0 1 1811.0335679454286 1 0.9999997
94335288.0 0 1809.1204809546555 0 0.00039647336
279565723.0 0 1808.8675056792088 0 2.6614424e-08
326210045.0 1 1805.6571997675262 1 0.99999034
407118556.0 1 1798.3679482324594 1 1.0
438262949.0 0 1808.9330959971892 0 3.5836754e-05
219772326.0 0 1797.9685021853873 0 8.30488e-06
256108894.0 0 1805.5561815364863 0 8.641101e-12
245399809.0 0 1793.3275221369374 0 5.192126e-05
351686387.0 1 1794.95164791033 1 1.0
376997143.0 0 1805.1980805316202 0 6.236343e-09
332984339.0 1 1794.1190358907202 1 1.0
28778281.0 1 1798.4741588034028 1 0.99993914
5639198.0 0 1808.9118724808854 0 0.0004003956
368452048.0 1 1798.5557264395134 1 1.0
238721667.0 1 1811.494709793601 1 1.0
219900578.0 0 1808.844395754463 0 7.1169547e-06
270137767.0 0 1808.8677692212486 0 9.33801e-05
316552547.0 1 1799.8045918626929 1 1.0
138122553.0 0 1809.1204556295888 0 0.0002982708
327508381.0 1 1799.6407344430888 1 0.99999976
192471870.0 1 1794.057452704866 1 0.9999737
265010455.0 0 1805.202702063244 0 3.4975124e-05
284714811.0 0 1809.3893204002886 0 7.196903e-05
94671657.0 0 1812.891441747161 0 0.00011999485
34753451.0 0 1796.6414736549564 0 0.0005228933
315520526.0 1 1797.1191853211772 1 1.0
307276485.0 0 1805.2441529852624 0 3.7441623e-07
84161760.0 1 1806.3683624355617 1 0.9999961
301480359.0 1 1796.2238687657975 1 1.0
356978759.0 1 1799.260307497522 1 0.9999999
229512467.0 0 1805.198872038654 0 1.9262847e-09
445378752.0 1 1810.7021561286049 1 1.0
288314361.0 0 1794.1992594305643 0 3.8193928e-08
373701453.0 1 1795.493633957156 1 0.99539393
327703444.0 1 1797.1199402151442 1 0.99999356
21018135.0 1 1799.2182480714898 1 1.0
139464423.0 1 1793.6202690517223 1 0.9999707
444445708.0 1 1810.2850223952385 1 1.0
352408429.0 0 1793.324782064193 0 0.00032992617
320493641.0 1 1811.389309944997 1 1.0
279285973.0 1 1798.4724757391562 1 1.0
250455085.0 0 1805.2237708718865 0 0.0012756425
65165362.0 0 1812.453444140659 0 0.0005442828
395769456.0 1 1805.3889580197429 1 0.991403
302313993.0 1 1800.328212600081 1 1.0
395944886.0 0 1800.3053800860284 0 1.5331267e-05
238771755.0 1 1793.682435091067 1 1.0
229401156.0 0 1812.3443133551957 0 3.7683905e-09
332568616.0 0 1812.7022468397724 0 1.1434872e-08
65351247.0 0 1808.9117450509934 0 0.00060285727
321682751.0 0 1805.2416649100778 0 4.230901e-08
408703881.0 0 1800.3049032223294 0 3.989131e-07
370212062.0 1 1800.0775084073662 1 0.99999934
420850745.0 0 1796.6394826193546 0 0.0160858
390040549.0 1 1799.3688162773049 1 1.0
184588451.0 0 1800.140994416189 0 0.00017385435
26432739.0 1 1796.6204041757853 1 1.0
240897927.0 1 1798.015153412634 1 0.99999994
252116309.0 1 1810.2854761481208 1 0.99997085
285280982.0 0 1809.2035132714122 0 9.434622e-05
264612637.0 1 1798.2443212007531 1 1.0
240993834.0 0 1805.2027006586402 0 0.00023333244
85486829.0 0 1809.1830032338057 0 0.00060931745
250709705.0 0 1796.640541061268 0 0.00022015796
367003633.0 1 1798.7004989639197 1 1.0
406845242.0 0 1812.3679666295445 0 1.0512283e-07
417699430.0 0 1808.866061217476 0 4.9178504e-07
417607351.0 0 1796.8250198295693 0 9.901931e-06
444413797.0 0 1793.139287942388 0 1.4099043e-10
326257345.0 1 1797.470063884671 1 0.999998
301259781.0 1 1799.8697504831473 1 1.0
203035428.0 1 1810.578290100334 1 0.99999386
376964669.0 1 1798.1591026354122 1 0.9999969
353083186.0 0 1808.8473867734008 0 4.964863e-09
251817717.0 1 1805.7446332260938 1 1.0
345915530.0 1 1796.8482967664113 1 0.99999803
250454268.0 0 1796.76544745723 0 0.00015511426
237014073.0 1 1796.886989509427 1 1.0
285578995.0 1 1794.0769312093873 1 1.0
250923701.0 1 1799.8279573547634 1 1.0
374211362.0 0 1808.9313526862238 0 2.1332946e-05
302476679.0 0 1805.2446823749403 0 7.507688e-09
375985267.0 1 1798.0339051061278 1 1.0
373626245.0 1 1798.181379904086 1 1.0
26435247.0 0 1809.1205593751336 0 8.651631e-05
397803860.0 1 1810.3889869468615 1 1.0
445303963.0 0 1809.2021190359073 0 6.675198e-05
240764205.0 0 1809.2021210348034 0 6.820366e-05
385048098.0 0 1805.2035590981038 0 0.00017555448
289581773.0 0 1812.4896424175952 0 1.7987078e-06
358909502.0 0 1805.200851038343 0 6.363925e-06
389962223.0 0 1808.843544533326 0 2.3138277e-08
63466196.0 0 1812.6824371758412 0 0.00011639551
291959014.0 0 1793.140751902683 0 5.104346e-08
377201663.0 1 1805.658999163114 1 1.0
403744320.0 1 1811.390438926593 1 0.99999946
233719821.0 1 1796.7190287875187 1 0.999751
116218714.0 1 1794.557331518086 1 1.0
366635780.0 1 1795.7212105676017 1 0.9999986
352406822.0 0 1805.241375977585 0 7.437339e-12
417749569.0 1 1795.430161659577 1 0.9999983
353002246.0 1 1796.6599602427675 1 1.0
367862410.0 1 1799.28429920648 1 1.0
378585324.0 1 1795.4303790061356 1 0.99999994
378366908.0 0 1805.2014628042434 0 3.287799e-06
13456596.0 0 1808.9105576043685 0 7.691744e-05
407462577.0 1 1795.492816743814 1 1.0
184587091.0 0 1805.4951268719697 0 0.0019919379
395586623.0 0 1812.34732838522 0 8.364343e-06
285936441.0 1 1810.2866676436493 1 0.9999873
270005883.0 0 1809.3704121541225 0 0.00022981153
445293991.0 0 1805.681205693859 0 2.9150922e-13
368508592.0 1 1799.2846886437321 1 1.0
445259470.0 1 1798.4938829526786 1 1.0
379528619.0 1 1798.222537581978 1 0.98929834
256695842.0 0 1808.9105945914107 0 5.837229e-06
419745366.0 1 1798.847627614406 1 1.0
83425443.0 0 1805.2431395869576 0 1.7476154e-06
256642325.0 1 1810.7626392711657 1 0.9999996
373394521.0 0 1808.8885210089086 0 3.4182347e-06
52426624.0 0 1812.7019355847253 0 1.9869327e-07
259107632.0 1 1798.2030004738456 1 1.0
289355048.0 1 1796.6597668034126 1 1.0
104317112.0 0 1796.8905753515517 0 0.00028016156
396355329.0 0 1809.1599614556721 0 1.9802997e-06
104059935.0 0 1805.2031833416 0 1.0467977e-05
279378661.0 1 1798.6177924745634 1 0.9999998
34691690.0 0 1812.3913356817177 0 0.00040220874
292324789.0 1 1796.2448387439347 1 1.0
372356717.0 1 1810.1404283409354 1 1.0
250776044.0 0 1812.348721760793 0 0.00021619952
268842033.0 0 1812.36749037713 0 8.9775756e-13
94279774.0 1 1796.3078128140978 1 1.0
279606294.0 1 1796.5549821761479 1 1.0
435167321.0 0 1812.367430483355 0 1.329416e-07
258801567.0 0 1812.3445427980457 0 5.2178747e-11
250560326.0 1 1798.9738586198625 1 1.0
377165286.0 0 1812.3646585731121 0 4.8823455e-05
370059938.0 0 1812.7022791800925 0 5.0758e-05
137991091.0 1 1793.4537804696588 1 1.0
63559370.0 1 1793.2662316137614 1 0.99999875
283133292.0 1 1806.0765886089428 1 0.9991182
395652803.0 1 1795.5971935520847 1 0.9999998
71853056.0 0 1809.0359342334239 0 4.4638473e-06
390521861.0 1 1794.6816211196012 1 1.0
381733616.0 0 1809.078531822213 0 0.004136692
292725056.0 0 1812.3697612553146 0 1.8384468e-05
229910664.0 1 1798.0110751971406 1 1.0
283244040.0 0 1805.6184374058014 0 2.0593097e-06
77420789.0 1 1797.0371270492535 1 1.0
327010874.0 1 1793.390592197561 1 1.0
333801983.0 1 1794.92894657737 1 1.0
199572965.0 0 1812.364476913887 0 1.17839264e-07
229491564.0 0 1805.2197563007 0 4.29846e-13
445189935.0 1 1799.5564880915745 1 1.0
407163612.0 1 1810.243100820511 1 0.99999994
422533925.0 0 1796.6397275281247 0 0.8829506
407381866.0 1 1810.8487325096617 1 1.0
286240747.0 0 1812.4952294657296 0 0.0005247554
436848926.0 0 1796.6414343713811 0 0.00053397246
26619955.0 1 1793.516140532302 1 0.9999999
251298307.0 1 1797.640209354701 1 0.9999989
353604021.0 0 1805.2852860546823 0 2.4144794e-10
85489202.0 1 1796.2038129997393 1 0.9999981
424438254.0 1 1797.3234505017508 1 0.9999999
237079307.0 1 1795.7411805386291 1 0.9999996
347769273.0 1 1810.4942799758853 1 1.0
305099994.0 1 1810.3452991807937 1 0.9999993
390019727.0 0 1797.9685795762505 0 3.4839704e-08
236966496.0 0 1793.4077620421112 0 2.689878e-12
283841421.0 0 1805.5559844997483 0 4.792009e-06
198457602.0 0 1805.1972090606846 0 6.957033e-07
377027389.0 1 1794.6591431338784 1 0.99998903
373695206.0 0 1808.9521113125384 0 0.0006664263
381687627.0 1 1810.224355250804 1 1.0
405623715.0 1 1794.994808795923 1 1.0
251653385.0 0 1800.39007951186 0 0.0009649314
445490752.0 1 1795.9735989330595 1 1.0
230021635.0 1 1798.8029812133095 1 0.9999966
165550566.0 1 1810.760075233669 1 1.0
184734764.0 0 1812.7657641796977 0 1.5543335e-05
445350626.0 1 1793.4107332899432 1 1.0
73637730.0 0 1796.6412716033176 0 0.00020507435
381687387.0 0 1800.1410887668856 0 6.1804945e-05
68092901.0 0 1812.5159934454605 0 0.00038522063
422562711.0 0 1796.909224899627 0 5.6532407e-08
117615813.0 0 1805.2240703965806 0 2.1729005e-07
198457602.0 0 1808.8430297757757 0 0.00058297697
368892341.0 1 1797.034769068425 1 1.0
327508064.0 0 1796.6407759941462 0 0.019477487
322338839.0 1 1796.8276609504123 1 1.0
418698185.0 1 1810.4305664269034 1 1.0
299436180.0 0 1812.3486128836364 0 2.061021e-08
428955419.0 1 1799.4297226842427 1 1.0
366070209.0 1 1797.9093978554224 1 1.0
219877284.0 1 1796.510730884753 1 0.9999994
385104615.0 0 1808.95335713778 0 0.00045486345
381685255.0 0 1809.2032184070579 0 4.8438288e-11
264404726.0 0 1808.8668690977677 0 0.00015700168
259097836.0 1 1796.8448115991137 1 1.0
359556000.0 1 1798.7603812970017 1 0.99999964
202838286.0 1 1797.8284451787194 1 1.0
416043293.0 1 1810.4115077677272 1 0.99999976
312555694.0 1 1795.2856294362327 1 1.0
116849668.0 0 1808.8907841480282 0 0.00021314713
353782215.0 0 1794.4061598299995 0 5.7787434e-12
77173994.0 0 1809.1411408772915 0 0.0003400495
400819374.0 1 1796.202106459433 1 1.0
357819964.0 1 1797.7851700263625 1 1.0
250767169.0 1 1798.1404558318832 1 0.9999904
331325154.0 1 1797.3480507935928 1 1.0
54202529.0 0 1812.7020568415367 0 3.2238422e-05
251230924.0 1 1811.369401180203 1 0.99999946
444487133.0 1 1799.1184463197537 1 0.9999999
291886727.0 1 1797.807387247531 1 1.0
256206548.0 1 1797.7642990183854 1 1.0
269597733.0 0 1793.4076845046625 0 5.5126122e-08
50348977.0 1 1795.1398206839226 1 0.99999964
259003334.0 0 1812.344701100585 0 5.6946267e-11
316330990.0 0 1793.3899824612936 0 0.00036790353
392571731.0 0 1805.1980167689153 0 2.341226e-13
288242861.0 1 1798.3035200117943 1 0.99999946
374395706.0 1 1810.3064864944165 1 0.99953675
418175781.0 1 1805.9931471203297 1 1.0
63505904.0 1 1805.786917490044 1 1.0
376835878.0 0 1805.2215010479536 0 1.343023e-07
408196356.0 1 1797.5370501912935 1 0.9999782
94608286.0 0 1805.5163814574908 0 0.015270075
186743440.0 1 1794.7244547728803 1 1.0
455954904.0 1 1796.3258772787574 1 0.99999875
287151566.0 1 1798.1560085347576 1 1.0
259001008.0 1 1799.2822920694414 1 1.0
420654334.0 0 1808.846839491135 0 4.029891e-06
201244584.0 1 1793.5367140974524 1 0.99999994
367429972.0 1 1798.929714219647 1 1.0
191726462.0 0 1796.6405097652214 0 1.1607144e-05
279270131.0 0 1809.1600038718964 0 0.00014942221
302074041.0 0 1812.3697902172169 0 1.1902944e-06
224605215.0 0 1805.197272641757 0 4.7091633e-09
229794951.0 1 1795.6154044047162 1 1.0
67635275.0 0 1812.4534602210672 0 0.00026311033
229744228.0 0 1808.886015778098 0 2.5976588e-08
77423868.0 0 1812.432834163189 0 0.00050468656
396615115.0 1 1794.9117619635988 1 1.0
201382737.0 1 1805.9120902371994 1 0.9999975
427551335.0 1 1805.3258473744531 1 0.9999954
139377072.0 0 1809.2034824715838 0 0.00064527127
236968622.0 0 1812.3658009859112 0 2.8788212e-05
229585958.0 0 1805.198912037609 0 8.7185974e-08
264078912.0 1 1796.4498851708568 1 1.0
348308612.0 1 1797.0778174196696 1 1.0
308712908.0 1 1810.5359101465876 1 1.0
362221920.0 0 1812.5120137529823 0 1.933017e-12
436846978.0 0 1808.9537999329702 0 0.00025848532
116409684.0 1 1795.84874902462 1 1.0
177805493.0 1 1793.4743274628838 1 0.99999994
194813094.0 1 1795.1201659064352 1 0.9999971
241005693.0 1 1799.473567133645 1 1.0
272538760.0 0 1812.3678749524954 0 9.886107e-06
354844793.0 0 1805.2645081124983 0 3.480763e-07
385041366.0 1 1796.89070355442 1 1.0
326860407.0 0 1805.2029147086073 0 7.7622375e-05
241132335.0 0 1812.369508536913 0 2.028056e-06
85400410.0 0 1796.6413593283216 0 2.7976184e-05
177825946.0 0 1805.224495875515 0 6.454972e-05
240823702.0 1 1799.265105630748 1 1.0
351364107.0 0 1800.409776360906 0 7.336643e-05
272538760.0 1 1794.8890914763583 1 1.0
250803739.0 0 1812.348638644903 0 3.7583904e-05
387955876.0 1 1810.7623236868085 1 0.99998415
308369594.0 1 1798.3696270676273 1 1.0
311939866.0 0 1805.5562084830156 0 3.2004774e-14
371470493.0 0 1812.3496413945131 0 0.00054433953
230075794.0 0 1808.8438033461057 0 0.00021961724
351545508.0 1 1797.1599752444595 1 0.999972
240912683.0 1 1806.3691433917932 1 1.0
388440365.0 0 1805.2005594847049 0 2.0754987e-06
322055307.0 0 1805.241747584455 0 2.1474897e-11
265198364.0 1 1794.4942971349778 1 1.0
13842660.0 1 1795.3063555325757 1 0.9999991
115918132.0 0 1812.348894680216 0 3.2459417e-09
229444113.0 1 1794.4073382159418 1 1.0
232621338.0 0 1797.9684276422163 0 0.0005410085
372199588.0 1 1805.681819990075 1 1.0
388635005.0 0 1808.8466634690922 0 0.00033535704
101304091.0 1 1797.7037973776403 1 0.99984324
399858557.0 1 1797.6174715719078 1 0.99999994
275460266.0 1 1797.3266784348875 1 1.0
271760298.0 0 1808.8470551823618 0 3.7910107e-05
233238631.0 0 1808.9276723353269 0 0.00037553775
372060884.0 1 1795.6795508327893 1 1.0
403401901.0 1 1810.8066467480696 1 1.0
428516141.0 1 1794.8280128197746 1 0.99995697
35023339.0 1 1797.4956121338803 1 0.9999996
348223782.0 1 1810.6191587191963 1 1.0
352113276.0 0 1812.347212015307 0 0.000685399
235937156.0 0 1812.36643757217 0 5.729163e-05
255924170.0 1 1805.366176285802 1 0.9999999
359247721.0 0 1805.5557778570305 0 2.4894143e-07
198187013.0 0 1808.8433435633735 0 0.01128262
433079908.0 1 1795.3077103618923 1 1.0
229703476.0 0 1808.9692932892328 0 3.7312424e-09
312344648.0 1 1810.1604140077643 1 1.0
332152659.0 1 1794.244119832468 1 1.0
94365784.0 1 1796.182887406639 1 0.999999
187029874.0 0 1805.5159800298281 0 1.1047906e-06
292850091.0 0 1796.6409067498603 0 0.00012492028
256476907.0 0 1809.2226297480358 0 2.9112412e-05
426141801.0 0 1812.3468340267561 0 1.6474053e-10
302159302.0 0 1812.348989727838 0 5.764698e-05
331711087.0 0 1796.63995098688 0 0.0002911546
63584575.0 0 1805.5160156664942 0 2.839945e-05
359679715.0 1 1805.3435973981848 1 0.87237287
368603344.0 1 1796.6182368801842 1 0.99987257
83149066.0 1 1805.8056305622974 1 1.0
288854677.0 0 1812.6394226850434 0 3.3147894e-06
118295878.0 0 1808.911947130433 0 0.0002561605
116761333.0 0 1808.84894524349 0 4.07423e-06
54051137.0 1 1799.5769530518571 1 1.0
104196403.0 0 1812.3491879305843 0 0.00028127816
298315900.0 1 1800.4093858864455 1 1.0
331727723.0 0 1805.2011533348696 0 2.5473524e-08
354470651.0 1 1810.9944229987307 1 1.0
5724371.0 1 1795.3705521001352 1 0.99987406
251170140.0 1 1806.390324887531 1 1.0
178138752.0 0 1793.1410026655678 0 0.012427952
321443552.0 0 1812.3872809562383 0 3.4012225e-14
418034300.0 1 1810.9951829148304 1 0.99999994
329350530.0 0 1808.9680074600851 0 1.6046607e-14
347427410.0 1 1798.6825889092156 1 0.9999937
245720110.0 0 1805.202691994994 0 0.005697802
245621333.0 1 1806.1193105147677 1 1.0
77632054.0 0 1793.1413548788216 0 0.0005318477
316464758.0 1 1810.824891269809 1 0.9999936
83723784.0 0 1812.347262661577 0 6.1749605e-09
241121187.0 1 1794.4529824161068 1 1.0
400435225.0 0 1812.6814276675289 0 2.1316595e-05
357097766.0 0 1812.3849070968251 0 2.8169392e-10
139408806.0 1 1798.3495161798478 1 1.0
286410310.0 1 1797.2231597931218 1 0.9999989
410743006.0 1 1793.807194040802 1 1.0
82556366.0 0 1805.2648689753573 0 6.7788926e-09
301910192.0 1 1797.2240450982406 1 0.9999998
21023589.0 1 1798.3080759355305 1 1.0
420303412.0 1 1794.5332495028565 1 0.99999154
453223094.0 0 1812.6814674184457 0 5.6543482e-05
165499818.0 0 1812.3429709989082 0 0.00043545954
256479484.0 0 1808.9730171054252 0 2.5999903e-14
251619693.0 0 1805.2029229616307 0 6.719856e-09
229437475.0 0 1793.4072223877902 0 2.389662e-07
336294668.0 0 1808.84618953797 0 2.658882e-05
90770012.0 1 1806.4121729197273 1 1.0
117658865.0 1 1798.3488677432676 1 1.0
431769742.0 0 1805.224241308703 0 8.380026e-07
13702883.0 0 1805.2647951120746 0 2.2465967e-10
445322851.0 0 1812.7019028448321 0 5.328221e-19
302393832.0 1 1799.1613997953746 1 1.0
399018929.0 1 1799.1816889568038 1 1.0
375605159.0 0 1800.3255481741262 0 6.5015383e-06
94725941.0 0 1805.5372237238914 0 0.015210478
68038052.0 0 1808.8910262545442 0 1.8787827e-09
399207947.0 1 1795.22300247188 1 0.9999813
410811678.0 1 1794.1611870608872 1 1.0
252099924.0 1 1795.68140472381 1 1.0
422563048.0 0 1805.2216815999927 0 8.026495e-06
291958823.0 0 1805.2240081661253 0 2.9367167e-10
275857387.0 1 1810.951989541547 1 0.9999993
235953370.0 0 1793.137152250197 0 1.6070041e-10
436848526.0 1 1794.0997847167848 1 1.0
129907117.0 1 1798.391147533476 1 1.0
233535135.0 0 1808.9898522000367 0 1.4786166e-06
285506890.0 1 1794.3695629550107 1 1.0
265470867.0 1 1794.410934841626 1 0.99999624
265091431.0 0 1808.848611694192 0 1.6463662e-05
321681351.0 1 1795.3251142110055 1 1.0
368023334.0 1 1805.784435227802 1 0.9999996
198537044.0 1 1798.1974512716197 1 1.0
286318509.0 1 1794.9537205177141 1 1.0
245374473.0 0 1805.2029097260076 0 4.125214e-08
395584718.0 0 1812.3682500911639 0 9.823497e-14
12417513.0 1 1797.5357175963327 1 1.0
370073677.0 0 1809.2023877669544 0 7.242646e-05
387829719.0 0 1812.3454354120481 0 0.000109153494
428517150.0 0 1805.2241061590455 0 2.3053355e-05
395525198.0 0 1812.367910040383 0 2.5495345e-05
280414812.0 1 1794.6393919167517 1 0.9999989
137908045.0 1 1794.7245337397687 1 0.99997896
406535523.0 1 1797.6582507182982 1 1.0
453305405.0 0 1809.202375357984 0 2.1908666e-09
381808575.0 1 1810.9118596848284 1 0.99999815
288508794.0 1 1796.4700705951554 1 0.99999934
396566592.0 1 1796.576548327125 1 1.0
357669546.0 1 1811.035663988293 1 0.99986917
428204663.0 0 1793.3905445507564 0 0.00016862268
116985098.0 1 1794.9321724838924 1 1.0
285046835.0 0 1805.6601445408342 0 9.818024e-11
301566719.0 1 1799.9113153595447 1 1.0
353897321.0 1 1797.4894046526804 1 1.0
353989515.0 0 1805.197505185165 0 1.4262143e-09
53803650.0 1 1793.5770325268381 1 1.0
419246815.0 0 1793.2435729814822 0 1.4017641e-07
422708676.0 0 1808.8677356586843 0 2.3441407e-05
251331850.0 0 1805.2028643910471 0 4.16385e-07
308615088.0 1 1793.5153372361783 1 1.0
116057769.0 0 1793.3279104483843 0 1.3821662e-08
427585756.0 1 1795.888312075247 1 1.0
357827739.0 0 1794.3477619012876 0 0.067952335
117326282.0 0 1793.1405811914487 0 0.00028173576
241046345.0 1 1794.7445404672599 1 1.0
50941668.0 0 1808.910827262892 0 7.9661615e-05
412113665.0 1 1795.3462805978645 1 0.99999964
292001899.0 0 1812.557207619997 0 0.00062097254
327124311.0 1 1797.2852871340317 1 1.0
444463996.0 0 1805.2224573111216 0 1.0224836e-05
327249607.0 1 1795.7644365501214 1 0.99999994
245503288.0 0 1796.827786811635 0 9.773622e-09
192528136.0 1 1796.4950671617692 1 0.99999684
317596624.0 1 1798.0548752066707 1 1.0
219846355.0 0 1793.177327385378 0 3.1986478e-05
256112843.0 1 1798.1395013021465 1 1.0
177763189.0 0 1805.2661986767496 0 9.587643e-05
381652131.0 1 1798.5159106375552 1 0.99999946
256601288.0 1 1797.0981603538542 1 0.99998367
323189838.0 1 1810.345936026369 1 1.0
186984424.0 1 1795.1202021514262 1 1.0
26619266.0 1 1795.8078970302124 1 1.0
139505001.0 1 1795.7243402710365 1 0.99999994
53799079.0 1 1798.5979652188457 1 1.0
390804313.0 1 1797.764632550481 1 1.0
240933714.0 1 1811.4524639951032 1 1.0
235941004.0 1 1799.9079525498405 1 1.0
366197595.0 0 1796.70183676699 0 5.4407527e-09
49721563.0 0 1808.9108116215007 0 1.8413632e-05
202867375.0 0 1809.1407751845825 0 0.00033896748
385197850.0 1 1793.4948894200156 1 1.0
285938556.0 1 1797.8281495606009 1 1.0
285280909.0 0 1805.349429002677 0 0.0010648232
81381397.0 1 1796.1189850809192 1 0.9999668
329249778.0 1 1810.1765004202234 1 1.0
72080973.0 1 1810.3690746457291 1 1.0
90569440.0 1 1795.8911920168086 1 1.0
256615590.0 0 1808.8657265560266 0 8.209959e-06
235938997.0 0 1805.199669552465 0 4.4354874e-11
233518095.0 1 1806.363755949448 1 0.99998593
285685590.0 1 1798.5772345372773 1 1.0
285686830.0 0 1812.4105914973763 0 2.5915725e-07
320272215.0 0 1805.5353400885315 0 0.0141436085
265344857.0 1 1797.7425505177478 1 1.0
441806671.0 1 1797.6365696960497 1 1.0
362217321.0 1 1810.2806744497802 1 1.0
272823545.0 0 1808.8679592195617 0 0.00027656392
264028468.0 1 1798.6373490851179 1 0.9999977
396446258.0 0 1808.8890151164996 0 0.00012705007
372390508.0 1 1794.5337838371622 1 1.0
284539228.0 1 1797.5767063306653 1 1.0
302471073.0 1 1794.161441862839 1 1.0
186943162.0 0 1812.6200254631763 0 0.00030716741
445302812.0 0 1805.5563494419446 0 7.033294e-11
275856923.0 0 1805.2852825012753 0 1.7108357e-05
22815944.0 1 1796.0789559333166 1 0.9999785
352928514.0 0 1796.8057800705233 0 9.7229396e-08
322209219.0 0 1808.8875708935786 0 3.3043739e-06
352279989.0 1 1798.3891181282427 1 1.0
441797142.0 0 1808.8445634017924 0 5.839384e-06
272426187.0 0 1796.9097892485258 0 0.0009230456
428472783.0 0 1805.6809658483498 0 1.8305653e-05
219821367.0 0 1805.2811777243037 0 1.06998215e-08
359586929.0 1 1796.9062162429875 1 1.0
428299068.0 1 1794.7863817952118 1 1.0
332048480.0 0 1805.5356267039633 0 3.842548e-12
250802701.0 1 1806.1612358903255 1 1.0
284044554.0 1 1805.951664813178 1 0.9999944
270011530.0 0 1793.4095853416798 0 1.7239343e-15
184564285.0 1 1794.8076146480905 1 1.0
251812214.0 1 1796.3277832955846 1 1.0
436844413.0 0 1793.1414374619415 0 0.00028231603
319918612.0 1 1799.202090506255 1 1.0
116011953.0 1 1811.2448963972697 1 0.9999999
250767874.0 0 1812.3695006367977 0 3.0571318e-08
178076631.0 1 1793.3911371339575 1 1.0
444113356.0 0 1805.2027127600725 0 0.00058978196
94668322.0 1 1810.912191227423 1 1.0
77353547.0 0 1800.1413633513728 0 1.6610224e-18
354472298.0 0 1805.2237417616961 0 3.0178636e-08
444116234.0 0 1808.8484749921593 0 7.987369e-08
184680608.0 1 1796.4534226242477 1 1.0
274805576.0 0 1796.8053231766437 0 8.051819e-10
65495624.0 0 1796.640773274689 0 0.0005061146
264332168.0 1 1810.220988393079 1 1.0
371423396.0 1 1793.9123313168457 1 1.0
117521729.0 1 1796.348878478288 1 1.0
53864341.0 1 1794.7644289694676 1 1.0
270127418.0 0 1808.8469240884438 0 0.00071073236
117028747.0 1 1796.7239273716589 1 1.0
13258369.0 1 1794.8687620409034 1 1.0
63505893.0 1 1794.1829496343794 1 0.999914
407460551.0 1 1796.451061361938 1 1.0
50450585.0 0 1805.306440218762 0 4.1514475e-05
272330700.0 0 1808.8678939953104 0 4.9771434e-06
327136798.0 1 1805.6822176567503 1 1.0
229948350.0 0 1805.2194442005073 0 2.129188e-12
403521340.0 0 1808.869240209929 0 5.2442814e-05
301739819.0 1 1810.2656216831047 1 1.0
94610224.0 1 1810.8705780346143 1 1.0
390021469.0 0 1805.2185392032425 0 9.496093e-09
376366791.0 1 1811.3046419580246 1 1.0
354382905.0 0 1808.8465599223207 0 3.082359e-05
370766649.0 1 1794.2234953294123 1 1.0
256642304.0 0 1812.3876088847421 0 3.3599857e-08
444720882.0 0 1805.306163382561 0 1.2450967e-08
286118364.0 0 1805.2648518423207 0 3.2129877e-09
390579628.0 0 1812.4314349111842 0 0.0003025843
279715687.0 0 1805.2858435883097 0 5.8853116e-06
368603344.0 0 1805.2015629817686 0 3.9806324e-05
280414997.0 0 1805.2854421834045 0 5.6829387e-05
50192248.0 1 1797.0981996019661 1 1.0
347500892.0 1 1794.0158034795782 1 0.9997859
94369870.0 1 1805.8704589582558 1 1.0
233501129.0 1 1796.4486864242697 1 1.0
372335737.0 1 1794.4505190302789 1 0.9999826
250834403.0 0 1808.8696013040724 0 3.8519753e-05
356310937.0 1 1810.3637473629267 1 0.9999196
372497842.0 1 1795.4102594053072 1 1.0
28760973.0 0 1809.0573339611017 0 0.00040840136
84160930.0 1 1810.222455164016 1 1.0
249886811.0 1 1799.7864137652412 1 1.0
356892980.0 1 1806.364351569875 1 1.0
289263382.0 0 1812.3890340575533 0 6.7472723e-07
229641835.0 1 1795.1783376660633 1 1.0
353171074.0 0 1794.3475137480477 0 0.0017864201
348305610.0 0 1812.3694229811063 0 3.2605112e-09
279355033.0 1 1810.472962381794 1 1.0
401084952.0 1 1798.202693458925 1 0.99998254
63404060.0 1 1798.3286048001014 1 1.0
232681328.0 0 1809.2396089645624 0 4.746471e-07
327257774.0 0 1805.2237397241638 0 1.9954412e-10
320504104.0 1 1805.968439214151 1 0.99996424
431965436.0 0 1805.2659458559426 0 0.0003477789
301570089.0 1 1796.3487458454633 1 1.0
245705581.0 0 1805.2028765372004 0 1.3207187e-10
259234905.0 1 1795.407370750224 1 0.9999995
252181839.0 1 1796.1815039268815 1 1.0
375648373.0 0 1812.3461696857253 0 3.8578015e-05
399200958.0 0 1812.6814184617313 0 0.00022628719
50850448.0 0 1805.26469833707 0 0.0004602833
177913636.0 0 1808.9119086641638 0 0.0006041788
139426979.0 1 1795.4744322158149 1 0.9999997
259297927.0 0 1805.2659359569989 0 0.00015941789
258829991.0 0 1805.219686917742 0 2.5246094e-15
333068970.0 0 1805.53576189593 0 0.00033415816
236971368.0 1 1799.2827173580336 1 1.0
65485425.0 0 1796.6407257574353 0 0.0002831546
229685749.0 0 1808.9263724311688 0 0.007671104
387357975.0 0 1812.3869170460907 0 7.668566e-09
259237610.0 0 1812.365709102912 0 2.011553e-05
431955916.0 0 1808.911805774716 0 0.0005746435
377734862.0 1 1798.0761185371869 1 0.9999994
270725122.0 0 1808.8469212372304 0 7.1307395e-06
50942363.0 1 1795.9523747829257 1 0.9999975
10343822.0 1 1798.9522794875838 1 0.9997933
94542928.0 0 1796.6412132278178 0 0.005276136
229598099.0 1 1799.0530598695136 1 1.0
233124721.0 1 1810.7395878697846 1 0.99998266
410622822.0 0 1805.203031525856 0 5.1534425e-05
366587892.0 1 1810.7836317436966 1 1.0
377978347.0 0 1812.3467860554324 0 2.6752944e-06
138021514.0 0 1805.5788337919844 0 0.00025538087
322057079.0 1 1793.7210641503145 1 0.99998975
375715297.0 1 1799.4714087524324 1 1.0
422977211.0 0 1812.4324031071174 0 4.0196655e-06
352775725.0 0 1809.1598759552287 0 2.1335482e-06
387561871.0 0 1805.199656852757 0 1.0961536e-05
117271063.0 0 1805.20308129718 0 2.1438939e-07
331508183.0 0 1809.1815044763528 0 2.4778397e-05
405666081.0 0 1796.640813002957 0 0.0006218929
432070155.0 0 1808.9118411119862 0 0.00033499545
232636428.0 1 1799.4896016789978 1 1.0
419751436.0 1 1799.7643275075584 1 0.99999994
270065787.0 0 1812.787043487543 0 0.0005656734
427591563.0 0 1812.367254083297 0 0.00025093256
441729288.0 0 1808.865418578022 0 1.623244e-06
422558821.0 1 1795.5758756370801 1 1.0
203088943.0 0 1809.3282333197224 0 0.00049284124
375913362.0 1 1796.1589884308953 1 1.0
372135581.0 1 1793.8462781141993 1 0.9999999
268516134.0 1 1797.9510721034644 1 1.0
444142359.0 0 1812.369466627044 0 1.3490486e-05
229444113.0 0 1812.3445663197128 0 1.9844324e-06
354538713.0 1 1806.1196028644024 1 1.0
333112922.0 0 1805.3275362452505 0 2.292648e-06
403827847.0 0 1797.8479961878716 0 8.486007e-07
229958869.0 0 1805.2401098272594 0 7.9969336e-14
299436219.0 0 1796.6405289802838 0 4.814817e-06
321911339.0 1 1805.9500751504092 1 1.0
241023899.0 1 1799.1610532590717 1 1.0
445257457.0 1 1799.9729850496312 1 1.0
420112174.0 0 1808.845136981724 0 9.268373e-12
389968212.0 0 1808.843432643785 0 8.81502e-10
288408695.0 1 1796.5952940182272 1 1.0
245396933.0 0 1812.3485109900585 0 1.06862416e-07
289139601.0 1 1799.2014929440654 1 0.99999964
194730782.0 0 1805.2662181582841 0 0.00045937556
286240486.0 1 1806.245393806327 1 1.0
279498483.0 0 1805.2643303344391 0 7.614159e-09
229711339.0 0 1808.8447401436947 0 6.313743e-13
251441472.0 1 1795.9941541702444 1 0.9999882
50937987.0 0 1808.9107540481875 0 0.00034551928
117802168.0 1 1797.390509828537 1 1.0
420288206.0 0 1809.3684367816502 0 3.0599207e-07
269911786.0 0 1808.9329612864212 0 0.00048142942
346121512.0 0 1808.848524848803 0 8.765416e-05
327365295.0 1 1793.3061454669594 1 0.99996686
431778580.0 0 1808.9118641161567 0 0.00015274576
104028697.0 1 1805.7864514564271 1 1.0
118418150.0 0 1805.2870986656521 0 0.00012914067
332987130.0 1 1810.6396891004842 1 1.0
219806085.0 0 1812.3437579386075 0 0.00019680693
389962223.0 1 1800.0728416676932 1 1.0
192838962.0 1 1795.057564434556 1 0.9999927
427605489.0 0 1796.805736491358 0 1.4817524e-10
137125232.0 1 1797.3055955531602 1 0.998721
390804313.0 0 1808.9106085420788 0 2.1132486e-05
322267413.0 1 1810.2208923285361 1 0.99999946
353935927.0 1 1799.8018769978557 1 0.99992037
264612485.0 0 1796.8276405946472 0 0.0003116481
422385876.0 0 1793.3250448162485 0 5.2669982e-08
383674728.0 0 1808.9688595683724 0 4.0414743e-09
245395537.0 0 1793.3276188025332 0 0.00015062628
192842270.0 1 1795.8074566661614 1 0.99997103
129870771.0 1 1795.786952607732 1 1.0
377065893.0 1 1797.4716323027774 1 0.999999
321592850.0 1 1799.512560840794 1 1.0
351882649.0 0 1796.9099655718421 0 9.1514e-08
323059832.0 0 1812.4083184798433 0 1.8136701e-05
417767562.0 0 1796.805061968729 0 7.398971e-06
302394399.0 0 1808.8697710835536 0 2.98759e-08
354250797.0 1 1800.1193919661043 1 1.0
284310633.0 1 1810.7433068848256 1 1.0
381656536.0 1 1794.2868132236172 1 0.9999552
251356078.0 1 1810.4320344046564 1 0.9999496
230391000.0 1 1793.9276965500412 1 1.0
256695655.0 1 1797.0563272602622 1 1.0
394120946.0 1 1805.5950316995813 1 0.99999326
252133898.0 0 1809.410551420926 0 3.5360796e-13
353237896.0 1 1795.181046072829 1 0.9999829
81301757.0 0 1794.3478595543245 0 3.0973094e-06
352349228.0 0 1812.3871698073392 0 0.0014252152
21018496.0 0 1797.9682533141154 0 7.161263e-05
334810832.0 0 1808.8669254821427 0 2.7735004e-07
453234100.0 0 1808.8483423565103 0 3.5417663e-06
249856791.0 1 1799.0571954161064 1 1.0
354869862.0 0 1805.203071093097 0 7.4707527e-06
279067445.0 0 1805.535033841993 0 8.186381e-05
54202529.0 1 1793.4938890881913 1 0.9999981
292006341.0 1 1798.8073893860637 1 0.9999991
192558373.0 1 1797.8909870068246 1 0.9999878
444756920.0 0 1812.6605851732145 0 8.536371e-09
21177643.0 0 1805.307975422139 0 0.0001878354
308442061.0 1 1810.285935399232 1 1.0
259941442.0 0 1812.348425005818 0 0.036878206
104206630.0 1 1799.4947654247865 1 1.0
250519273.0 1 1795.9321976617116 1 1.0
245398600.0 1 1793.7025572058255 1 1.0
370273679.0 0 1809.1606407230756 0 1.7035842e-05
424097378.0 1 1810.4953403356953 1 0.99999976
255828282.0 0 1812.5120415846536 0 3.6206784e-05
385240776.0 1 1798.8908474007835 1 1.0
177972767.0 1 1795.3285584547775 1 1.0
327392518.0 0 1805.223778005268 0 7.0261514e-05
428739935.0 0 1808.8467978819358 0 8.5356784e-11
427335936.0 0 1805.2216501212972 0 1.9194288e-14
259948028.0 1 1796.577645586502 1 1.0
232983794.0 1 1810.5525065561274 1 0.99999845
50194798.0 0 1808.9107419322368 0 1.6687603e-05
275465084.0 0 1805.2854408557653 0 2.5989213e-09
433143724.0 0 1793.1410991154949 0 0.0005273027
229510813.0 0 1812.3655258547578 0 2.1834218e-07
403118244.0 1 1798.2828558297138 1 1.0
81827615.0 0 1805.2026060180353 0 1.2443843e-06
279765124.0 1 1797.242662923007 1 0.9999998
233719572.0 1 1811.0313533861245 1 1.0
301991922.0 1 1794.1820229566558 1 1.0
428734994.0 1 1794.0553287287241 1 1.0
319599315.0 0 1805.5351495153504 0 1.285041e-13
403581621.0 1 1798.535753834033 1 0.99998623
375072586.0 1 1797.6194096995985 1 1.0
237299382.0 1 1797.574614307331 1 0.9999175
441802173.0 1 1810.2823356605156 1 1.0
359592195.0 1 1805.722371024119 1 1.0
265472792.0 0 1805.2026870777377 0 0.00015605958
82160623.0 1 1795.1189107526354 1 0.9999939
387286746.0 0 1805.2203526174744 0 0.0030799508
387329606.0 1 1805.7829404916392 1 1.0
368020837.0 0 1808.8676876323652 0 1.7119906e-06
241029211.0 1 1793.3487011186064 1 0.9999044
377292876.0 0 1805.1982880697099 0 3.9052907e-07
240968626.0 0 1812.494141585143 0 0.0004346568
387601052.0 1 1798.9081185884206 1 0.9999999
198555348.0 0 1808.8435503353794 0 0.06938798
374925208.0 0 1794.3483399074819 0 3.7481138e-06
420538276.0 0 1809.0978687819309 0 0.00010998863
423946500.0 1 1800.116221426689 1 0.9999999
104314704.0 1 1797.5155217321205 1 1.0
279375962.0 1 1793.596004598364 1 1.0
50692559.0 1 1798.973146934475 1 1.0
320186525.0 0 1805.5352155465387 0 3.2168607e-06
372796235.0 0 1797.8479615733415 0 0.015275662
445421702.0 0 1812.702062267065 0 6.9034424e-05
125737097.0 1 1794.6203861874037 1 0.999999
264293712.0 1 1810.6792722714722 1 1.0
275762183.0 0 1805.5142817851515 0 4.8638057e-08
67635471.0 1 1793.2659633761716 1 0.9999848
359542220.0 1 1793.8268505682054 1 1.0
291958823.0 1 1798.599083893401 1 0.99999803
240751928.0 1 1794.2441142652422 1 1.0
292937697.0 1 1794.1199286728956 1 0.9997808
283018595.0 0 1812.3471465059238 0 3.9485945e-05
308712174.0 1 1798.5360609263394 1 1.0
240898427.0 1 1795.9943615429954 1 1.0
230027601.0 0 1805.1985541886147 0 6.98335e-12
308715091.0 1 1793.3903521688298 1 1.0
444454334.0 0 1793.1393640511449 0 7.856825e-07
387628952.0 0 1805.5539304992076 0 1.108094e-09
233503779.0 1 1795.9487897837816 1 0.9999962
305678104.0 1 1795.8665594343638 1 0.9999996
407431893.0 1 1795.849027682639 1 1.0
376978573.0 1 1798.3023499704232 1 0.9999981
349918057.0 0 1812.3451450846355 0 1.0090685e-11
455894899.0 1 1798.7632687727926 1 0.99986255
285425945.0 1 1794.5571043901396 1 0.999999
68157879.0 0 1793.141153803037 0 0.0005829614
301173087.0 1 1794.9946661401443 1 1.0
230086115.0 0 1808.844039143736 0 4.5390985e-05
428322685.0 1 1798.702922222837 1 0.9999909
331792218.0 0 1805.2007765641226 0 9.70868e-05
83216201.0 0 1808.888891500023 0 0.010886235
428749676.0 1 1806.2634962500265 1 0.9999998
400409117.0 0 1808.8655811588505 0 4.0478964e-11
407389216.0 0 1805.2220174629522 0 5.447382e-06
417662736.0 1 1805.304857935765 1 0.9999959
430328310.0 0 1812.578088935548 0 0.028681949
240899568.0 0 1805.2234122501256 0 8.155267e-10
302547240.0 0 1812.3682835066793 0 1.11553604e-07
34620499.0 1 1810.2455438500115 1 0.99991363
427611698.0 1 1799.5142786117772 1 1.0
271239538.0 0 1805.2220488507642 0 2.2584939e-07
420108995.0 1 1810.3032631346305 1 1.0
332154083.0 1 1796.3690819496903 1 1.0
444524034.0 1 1798.7020736687023 1 0.9999999
189679333.0 1 1797.9116836648018 1 1.0
450144875.0 1 1799.0567787652558 1 1.0
445142001.0 0 1805.5562177326788 0 2.4008374e-05
233724202.0 1 1811.1354245035932 1 1.0
219791737.0 1 1795.3647651271199 1 1.0
406598861.0 1 1806.1384882556401 1 1.0
83059902.0 1 1810.347336998736 1 1.0
251360274.0 1 1805.4319344523683 1 1.0
186990258.0 1 1810.9534032676045 1 1.0
308218238.0 0 1805.2442779709966 0 7.025158e-14
321909827.0 1 1794.5126616402872 1 1.0
332367733.0 0 1800.6608226992657 0 0.00027901775
137124726.0 1 1798.8681495561225 1 0.99999994
186670567.0 1 1795.3286573493315 1 1.0
229713082.0 1 1797.7819534181635 1 1.0
186713109.0 0 1796.6411531346032 0 2.120872e-11
399449430.0 0 1812.4103379152095 0 1.3064711e-06
395409158.0 0 1796.8056159128114 0 8.422954e-11
251547304.0 0 1796.827870714765 0 0.00011478891
402371867.0 0 1805.4952237942337 0 2.727484e-05
395942641.0 0 1805.2013975283548 0 7.94178e-12
359247721.0 1 1794.9726075863114 1 1.0
186601097.0 1 1793.286814840783 1 1.0
117114207.0 0 1808.9116384639647 0 0.00022146665
264300167.0 1 1805.844977470631 1 0.9999993
12733815.0 0 1805.2649312083413 0 3.3121555e-08
376193302.0 1 1810.6812680659705 1 1.0
264699419.0 1 1796.9500990848417 1 1.0
264915759.0 0 1805.2237650431532 0 5.1478437e-06
387632643.0 1 1800.24142653239 1 1.0
289137531.0 0 1812.3473098417094 0 4.262812e-07
116374908.0 0 1812.5782345297005 0 2.8190247e-10
301338074.0 1 1810.6404920209197 1 1.0
240910761.0 1 1793.8068981140989 1 0.9999566
186717969.0 1 1798.5577402601023 1 1.0
251465199.0 0 1808.8486711460619 0 0.00034701815
388076858.0 0 1805.4498824534237 0 7.1466195e-17
316322598.0 1 1796.681827026355 1 0.99999857
390021758.0 1 1798.8020166540348 1 1.0
387506178.0 0 1812.3870389105973 0 3.5773648e-10
378043919.0 1 1794.6180086174675 1 1.0
256102034.0 0 1796.6396050740539 0 1.6724363e-09
428052096.0 1 1797.5781696429085 1 0.9999971
302088188.0 0 1808.9324673523272 0 0.00025112982
418222756.0 1 1799.658450204704 1 0.99983186
198408880.0 0 1812.3847748525136 0 1.500225e-06
332266624.0 0 1805.556503439985 0 4.7050726e-05
412353519.0 0 1805.22109938726 0 8.1930494e-07
184691423.0 1 1797.3285657846857 1 1.0
229682917.0 1 1810.6766230268584 1 0.9999998
83218083.0 0 1793.4099077561118 0 8.72637e-11
428170179.0 0 1805.2238666571736 0 3.5791638e-07
354786452.0 1 1794.6599153733366 1 1.0
376355921.0 0 1797.8474847628788 0 0.0004890388
352033634.0 1 1810.5766822567732 1 0.9999999
373126975.0 1 1794.7426340613565 1 0.9999851
20999728.0 0 1796.641378001115 0 0.0005380941
434533224.0 1 1797.617705208965 1 1.0
283018612.0 1 1811.388837092 1 0.999698
403038542.0 0 1796.640800380657 0 0.00055888225
427473603.0 0 1808.8466043689941 0 2.961955e-08
245583260.0 0 1796.8278241044966 0 0.0002864493
192320467.0 0 1812.4741263187598 0 0.00049455115
275465944.0 1 1796.972832053216 1 0.99995476
52183436.0 1 1798.8061939273953 1 0.9999998
367856665.0 1 1798.511580725861 1 0.99999976
249920086.0 0 1808.848848306032 0 2.7431806e-06
368516895.0 1 1805.2640735139407 1 0.9999975
308120144.0 0 1812.494101763862 0 1.5387515e-05
250861644.0 0 1812.3488167823496 0 9.836703e-05
421684975.0 1 1793.9522129278491 1 1.0
270324877.0 0 1805.2219669157969 0 4.3641758e-05
403831420.0 1 1796.0145583417168 1 1.0
376295940.0 1 1796.034924086123 1 1.0
52945191.0 0 1793.1395671238931 0 0.00014129854
13837118.0 0 1805.2649085594855 0 4.9777915e-05
455898357.0 0 1808.846420290228 0 1.9840463e-05
232624262.0 0 1805.3431496856283 0 5.1948564e-11
177762383.0 1 1797.724525286555 1 0.9999985
177824144.0 1 1805.3495716011475 1 1.0
279521778.0 0 1805.200890857783 0 1.7888474e-06
427842531.0 0 1800.409395509201 0 5.0504195e-10
403038960.0 1 1793.5991351811608 1 0.80026597
332568616.0 1 1795.3899777013662 1 1.0
52624378.0 1 1795.6185606588201 1 1.0
373061469.0 0 1808.8885018291421 0 7.9438615e-07
23051058.0 1 1794.8078634466174 1 1.0
249879393.0 0 1808.890543299989 0 5.3865792e-06
450009373.0 1 1796.2022430146656 1 0.9999998
192794239.0 1 1793.7866359144653 1 0.9999103
284892452.0 1 1798.4682990592585 1 1.0
250911080.0 1 1811.4114067219818 1 1.0
219851935.0 0 1812.3438988949583 0 7.0207555e-09
348509982.0 0 1808.8485574005895 0 1.4327364e-05
245664758.0 1 1810.119384038555 1 0.9999791
434893628.0 1 1806.117534920254 1 0.99999875
435742094.0 0 1812.3467229641317 0 0.00024828763
362258492.0 0 1805.1994182609776 0 6.064472e-09
199614232.0 1 1805.780570405014 1 1.0
237239465.0 1 1810.970419286913 1 1.0
198413518.0 1 1805.9263089582516 1 1.0
367145336.0 1 1795.8464135509282 1 0.99999714
346594521.0 0 1793.1412568534074 0 0.0015046148
138049355.0 1 1794.8703585931416 1 1.0
270007793.0 0 1812.3496104979363 0 0.0006060353
138017683.0 1 1796.8287763492258 1 0.9999854
421111304.0 0 1809.1599960130459 0 3.5210142e-06
130060453.0 1 1795.2660407881212 1 1.0
104194295.0 0 1808.8490999821554 0 0.0006837444
410614931.0 0 1805.2236455685847 0 1.1247713e-09
235686753.0 1 1793.8033138923804 1 1.0
301884525.0 1 1805.5163594824658 1 0.9999759
288381465.0 1 1799.7409157818124 1 1.0
192471665.0 1 1793.2241111966398 1 0.9999999
139559534.0 0 1812.5577046919298 0 2.977428e-07
192795719.0 1 1805.76600509548 1 0.99999684
331710072.0 0 1812.7021824414244 0 2.9293908e-08
338162462.0 1 1798.3049072412582 1 0.99999964
283139717.0 0 1805.5561030105641 0 0.023156647
317320211.0 0 1805.2006985604676 0 3.0320654e-10
418035265.0 1 1797.953461692298 1 1.0
343269511.0 1 1794.7621458832216 1 1.0
417234885.0 0 1793.3057804481032 0 1.00614145e-07
367944612.0 0 1808.8467537244726 0 2.8052627e-09
117501993.0 0 1805.203273465593 0 4.7997517e-10
368681767.0 1 1806.4099916200153 1 1.0
258701778.0 0 1808.8447934547967 0 2.7856306e-05
422706950.0 0 1793.4094863593284 0 1.6128097e-06
279600257.0 0 1797.848001985723 0 8.088483e-05
256099225.0 1 1798.972875576999 1 0.9999449
383677123.0 1 1796.5525884658116 1 1.0
331202927.0 0 1796.6397741705002 0 0.00021500641
94368942.0 0 1805.5371499484743 0 0.00018526534
279437019.0 1 1796.4102595851523 1 1.0
433205608.0 0 1805.5576701250009 0 1.062752e-05
377906251.0 0 1812.3466961707118 0 2.4232477e-08
233541199.0 0 1812.3856365303948 0 1.3873033e-08
395925318.0 0 1805.2223789583406 0 0.00032480227
320597807.0 1 1810.6394062411719 1 0.9999879
284141104.0 1 1797.6185783130604 1 1.0
192883327.0 0 1808.8493661561922 0 5.246737e-06
373958040.0 0 1797.847902039321 0 1.4431997e-16
116051521.0 0 1812.3489017184754 0 1.170262e-07
259238217.0 1 1794.3033832880835 1 0.9999993
21162454.0 1 1811.4056399124242 1 1.0
12903003.0 1 1798.827414226198 1 1.0
264077998.0 1 1794.0331637695056 1 1.0
186627799.0 0 1812.4328078823762 0 0.009822456
65199347.0 1 1805.7035310171932 1 1.0
403434609.0 0 1812.7022783765765 0 2.7940434e-09
356785763.0 0 1808.8448070933948 0 2.5586933e-12
407354446.0 1 1810.6807078956908 1 0.9999984
279375991.0 0 1812.3876062010086 0 2.969887e-07
165552414.0 0 1812.4681158915917 0 0.0027369696
322437547.0 1 1797.0127713769039 1 1.0
229980400.0 0 1796.9072269624457 0 3.7039405e-05
252187980.0 0 1793.1400126884757 0 4.3439087e-08
384816045.0 1 1794.4109147015845 1 0.99998266
192652602.0 0 1812.432520031227 0 0.0006049515
283024823.0 0 1808.8681042199892 0 3.104327e-08
258546796.0 1 1793.8245683117639 1 0.99999505
331713257.0 0 1809.1606594636648 0 8.4292205e-06
252197115.0 0 1805.5564056745786 0 7.420117e-07
427472557.0 1 1799.700913254533 1 0.99999666
352926197.0 0 1812.430890760988 0 1.7489458e-06
372500632.0 1 1794.701885413625 1 0.9999995
402951575.0 0 1808.8668639669847 0 9.6315524e-09
434437133.0 1 1798.2843709809158 1 1.0
116016135.0 1 1796.4947051969348 1 1.0
374917952.0 1 1799.556905545188 1 1.0
200771162.0 1 1798.0159707588334 1 0.99999994
349977780.0 0 1796.8245542460022 0 3.9628576e-05
256721289.0 0 1809.0752245034246 0 1.0
387948683.0 0 1808.908056365083 0 2.9295416e-05
240897599.0 1 1806.0983302444429 1 1.0
264295185.0 1 1794.9083413319242 1 0.99999803
232623982.0 1 1805.3848718284412 1 1.0
385253969.0 1 1794.4317153513266 1 1.0
22844577.0 0 1808.9329445783515 0 0.0018319521
160600097.0 1 1810.4073578767566 1 0.99999523
84216009.0 1 1798.4308723451802 1 1.0
398327107.0 1 1810.450503209444 1 1.0
400821431.0 0 1812.4520951092134 0 2.7214126e-06
385553813.0 1 1794.9329608470805 1 1.0
81596781.0 0 1808.9107220940875 0 1.012469e-06
350697003.0 0 1812.3665265447646 0 8.709212e-07
259941442.0 0 1805.2026213096037 0 7.4084533e-06
417616933.0 1 1794.3871529987828 1 0.9999998
449983897.0 1 1796.0771206439106 1 1.0
229402514.0 1 1797.6154079799944 1 0.99999905
436840066.0 0 1808.8496224902988 0 0.00025205236
192835526.0 0 1796.6407686598275 0 0.00055440253
28913612.0 1 1793.2454936464826 1 1.0
274980088.0 0 1808.8677129670543 0 6.054177e-08
129761727.0 1 1798.224455404695 1 0.9999974
288392957.0 0 1805.3453750619594 0 0.00041439748
12905830.0 0 1812.4107988978008 0 8.855541e-08
420682215.0 1 1810.5760207515184 1 1.0
184687209.0 0 1809.3282532068665 0 0.00047131744
250454834.0 0 1796.640470578191 0 0.00014310176
445536159.0 1 1793.7859946980016 1 0.9999999
12867182.0 1 1797.0342341637563 1 1.0
264699894.0 0 1796.6375614115366 0 0.033867195
240980634.0 0 1793.1404051479253 0 3.4550267e-05
72028676.0 1 1799.6402312103935 1 0.9999999
403681809.0 0 1805.244305835083 0 2.1234845e-07
366436126.0 1 1794.5534859885295 1 0.99995244
374028888.0 0 1809.0355168117574 0 5.8903875e-06
312343214.0 1 1795.6815476393303 1 1.0
268944634.0 1 1795.1179429548931 1 1.0
417645419.0 1 1798.304075980512 1 0.99999917
395651443.0 0 1812.3474542854517 0 0.0004406346
427476631.0 0 1796.909273574559 0 0.00010170032
373704783.0 1 1811.535402402051 1 1.0
252186590.0 1 1800.3690843965978 1 1.0
81509186.0 1 1797.2440411932062 1 1.0
77322543.0 1 1811.4537026510588 1 0.99999607
192739190.0 1 1797.6825454283514 1 1.0
67716224.0 1 1795.3911057108646 1 0.99995124
285792542.0 0 1812.4106759407953 0 1.1067342e-05
252814483.0 1 1797.5988034704983 1 1.0
90648458.0 1 1794.6620580803046 1 0.9999637
201039571.0 1 1794.6618088284092 1 1.0
331751703.0 0 1796.8047104553834 0 4.210447e-05
302147082.0 1 1797.95348001924 1 1.0
21129787.0 0 1805.2037553073308 0 0.00013484599
417667304.0 0 1805.2216341310182 0 2.6422963e-06
373329826.0 1 1798.9092090414847 1 1.0
12743893.0 1 1796.1396576673244 1 1.0
389693567.0 0 1805.3269374628771 0 5.344273e-06
251252845.0 0 1808.8485503973116 0 5.7288624e-05
283939546.0 1 1793.743532705605 1 1.0
28872596.0 0 1809.1831353425246 0 0.045754973
26502738.0 1 1795.4328070887675 1 1.0
285273628.0 1 1811.2660360402306 1 1.0
376039083.0 0 1805.221347827157 0 1.217324e-08
104066414.0 1 1798.2239530046234 1 1.0
252829817.0 0 1805.2032502900656 0 0.013481618
420545370.0 1 1797.9726891952114 1 1.0
292721975.0 1 1797.8700793928435 1 1.0
422614706.0 1 1799.7635758323 1 0.9999999
230077679.0 1 1798.6981673624362 1 0.9999747
83148011.0 1 1795.076581877624 1 1.0
279257633.0 1 1794.8893833103066 1 1.0
53969220.0 0 1805.5354492858262 0 4.8488533e-09
359482562.0 0 1808.9270962824858 0 8.779313e-06
384653267.0 1 1810.9318878166935 1 0.99999726
347577498.0 1 1797.6608354236116 1 1.0
288532331.0 1 1811.2032724965304 1 0.9999992
353691613.0 1 1797.8891270974013 1 1.0
305641906.0 1 1795.2624088333528 1 1.0
200791980.0 0 1812.4328697540082 0 0.00050371425
235989189.0 0 1800.1788849662144 0 0.00055407285
395944878.0 1 1798.6386803967748 1 0.9999997
453255825.0 0 1812.6814089573281 0 2.0899364e-10
12829691.0 0 1794.3479475221868 0 0.00017370391
251100825.0 1 1794.8066384078652 1 0.9999994
202897195.0 0 1808.8490291228452 0 2.4567355e-06
388434752.0 1 1805.7423914686883 1 1.0
29017767.0 1 1798.1206090855087 1 1.0
400440603.0 1 1811.3482197798735 1 1.0
285517354.0 1 1798.932264737747 1 1.0
82095405.0 0 1808.910680655667 0 0.00042777782
245418888.0 1 1795.7442214201649 1 1.0
77494370.0 0 1796.6412913747904 0 0.0005195106
377982815.0 0 1812.3676349561968 0 1.6761609e-08
184689724.0 1 1794.6617858078453 1 0.9999969
241097195.0 0 1793.1405959124777 0 8.544857e-13
288497879.0 1 1794.724264984222 1 1.0
398237621.0 0 1805.304055153971 0 7.080407e-10
302774308.0 0 1812.4102042650964 0 0.009419796
388507257.0 1 1797.992330353204 1 1.0
63624912.0 0 1809.0576200119376 0 0.011855209
343269564.0 0 1812.3451513309283 0 0.0041715633
285668713.0 0 1812.3488378324341 0 2.5402103e-05
67418975.0 0 1812.5989942927906 0 0.0025320323
418082911.0 0 1805.3076140920452 0 2.1851833e-05
50050546.0 0 1808.931396941837 0 3.460035e-05
71928965.0 0 1805.5358431065108 0 6.3325097e-06
445483401.0 0 1808.8484216915278 0 1.2160499e-08
229407537.0 1 1796.9280818032923 1 0.9999899
67519745.0 0 1793.1410021134934 0 0.0024186003
46428036.0 1 1796.8288930819492 1 1.0
201112408.0 1 1797.0577731726958 1 1.0
192532362.0 0 1808.9116543126297 0 0.0004642456
229761994.0 1 1794.38618907603 1 1.0
441742116.0 1 1798.4486624921544 1 0.9999971
240885637.0 1 1811.160770620736 1 1.0
270931638.0 0 1808.8469246950817 0 3.8584676e-06
407456259.0 0 1808.8468497776648 0 9.7484914e-08
202354046.0 0 1805.1974986991418 0 6.4486067e-06
285905264.0 1 1795.7437551395146 1 1.0
383677166.0 0 1805.198359467216 0 2.5151726e-13
370274722.0 0 1809.2022885046897 0 4.0898456e-07
367242405.0 0 1805.2005713994072 0 1.1880852e-10
275603383.0 0 1805.1998986968858 0 3.3155123e-07
348676276.0 0 1812.3485831921535 0 1.2578116e-06
354315124.0 1 1798.8277593604512 1 1.0
398021209.0 0 1808.9518364960356 0 2.5534366e-06
387448344.0 0 1812.366174589716 0 3.2361737e-07
77351883.0 1 1810.3703365783176 1 0.99999917
352116923.0 0 1808.847368392907 0 0.000119159406
422429615.0 1 1794.3458854090482 1 0.99999964
389842621.0 0 1805.514625962536 0 1.3878167e-08
431927528.0 0 1793.1407831306117 0 0.0005416788
192536159.0 1 1798.2241799709884 1 0.99955595
236780192.0 1 1805.7187289732892 1 0.9999828
67570451.0 1 1795.3284343110472 1 1.0
428614032.0 0 1812.3471464814234 0 9.1745005e-06
417419499.0 1 1810.4934984405377 1 1.0
279666773.0 0 1793.4095131279448 0 0.0005717054
101169160.0 0 1805.4747000243246 0 0.000196836
326964352.0 0 1808.8486531105734 0 1.1678393e-05
200799609.0 0 1796.6410787351244 0 0.00060329266
415875125.0 1 1798.0782734247896 1 1.0
285532266.0 1 1795.3061209400826 1 1.0
10423067.0 0 1812.4522587439071 0 8.8694426e-14
283738003.0 0 1809.159950031765 0 3.7559825e-05
13214018.0 0 1808.8674368550394 0 0.0022012428
219740187.0 0 1800.176910928403 0 0.000412805
265343830.0 0 1805.2008423636184 0 9.339598e-10
453223521.0 0 1812.68147590971 0 0.00010904769
229967781.0 1 1799.6986042267656 1 0.99949896
229597834.0 0 1808.844725947435 0 0.0003275328
233497465.0 0 1794.1987197475942 0 1.569588e-05
279085391.0 1 1798.3890365093046 1 0.9999995
229438746.0 0 1812.3651179682388 0 2.2962236e-06
445372883.0 1 1797.9523528678649 1 1.0
233623696.0 1 1797.3236703797706 1 0.9999995
68092901.0 0 1805.3702215615167 0 1.7157468e-11
453150220.0 0 1796.639859068584 0 2.506574e-06
67461271.0 1 1798.9951930583609 1 1.0
370998869.0 1 1805.2860302849704 1 1.0
312678281.0 1 1811.2646375654956 1 1.0
21021749.0 1 1796.9121812026092 1 0.99999815
323060389.0 1 1795.700068741272 1 1.0
186627799.0 1 1793.2869627051916 1 0.99999946
326785892.0 1 1797.2642834873661 1 0.99984676
385149969.0 1 1796.0366076865982 1 0.99995625
368592012.0 0 1812.388652695077 0 1.1090555e-21
269713861.0 0 1805.2011487375296 0 8.772442e-06
10972836.0 0 1809.0355348596556 0 0.00040886356
245476001.0 1 1811.5359287320491 1 0.99999934
116989469.0 0 1808.9532659156207 0 0.00024464136
233501988.0 1 1795.4692043499117 1 1.0
219878140.0 1 1797.969346121296 1 1.0
427731711.0 1 1806.1384424336986 1 1.0
408896648.0 1 1793.5545324685686 1 1.0
264157795.0 1 1805.5125557315955 1 0.9999727
367330067.0 1 1805.3462561058266 1 1.0
256375216.0 0 1812.3447233608415 0 2.1504676e-09
449985007.0 0 1812.7017275417516 0 4.406655e-08
420135110.0 1 1796.2619511119983 1 1.0
316521687.0 1 1798.4316871740307 1 1.0
184612384.0 0 1805.390828855828 0 4.6335997e-09
326209833.0 1 1805.2821101859265 1 0.9999883
445273980.0 1 1810.7020375498669 1 1.0
286408579.0 0 1808.910758388274 0 4.7595165e-07
346782253.0 1 1796.5160969495735 1 0.9999999
401326744.0 0 1805.2217690310765 0 8.141912e-11
321853793.0 0 1805.3042210147394 0 0.00013478966
250560868.0 1 1795.7446691060306 1 1.0
445496494.0 0 1812.3691992462336 0 3.1953405e-11
192295908.0 1 1796.7033285459386 1 0.99990964
327394173.0 0 1808.8486987619906 0 1.4266511e-06
397279639.0 1 1798.4934616647731 1 0.9999947
117110659.0 1 1798.1197969735551 1 0.99999994
138016137.0 1 1796.3703629880536 1 1.0
191725102.0 0 1812.369284640679 0 0.00072985486
321984127.0 1 1799.908469495848 1 1.0
292694387.0 1 1811.2863866545379 1 1.0
265348946.0 1 1798.70107098201 1 0.9999735
403692337.0 1 1794.2861698520203 1 1.0
331551927.0 1 1806.012782934872 1 0.9999947
405612280.0 1 1797.744950333156 1 0.9999952
201185068.0 0 1812.3912386581026 0 0.00029400116
83800829.0 0 1805.243138061564 0 1.482707e-11
233236346.0 0 1797.6983975015835 0 0.0046824114
245505921.0 0 1793.327800738012 0 2.2003424e-10
402779051.0 1 1798.3060681153606 1 0.99995786
407206498.0 0 1796.9098128098399 0 5.270818e-07
398306925.0 1 1795.5338340687301 1 1.0
452998092.0 1 1795.1188861873984 1 1.0
445256908.0 1 1794.7230216546511 1 1.0
354251900.0 1 1796.3902730937587 1 1.0
46480453.0 1 1798.3497018546507 1 0.9999986
396659113.0 0 1793.3054968631745 0 5.5723107e-11
400199647.0 0 1796.9099147484783 0 7.946761e-05
258632561.0 0 1796.9078522419377 0 1.1823641e-07
338718387.0 0 1812.367136624086 0 2.184271e-08
129912361.0 0 1805.578451577343 0 8.106885e-05
233743035.0 0 1797.9691044220572 0 0.0003210479
184659255.0 0 1809.182413289613 0 0.005001404
378197423.0 0 1808.8885594002486 0 1.4535423e-05
354962851.0 0 1794.347813181396 0 1.419988e-05
359253700.0 1 1806.0349186655155 1 1.0
284169037.0 1 1805.7181367976475 1 0.9999501
82500760.0 1 1795.7439616822599 1 1.0
445228077.0 0 1812.7018651518706 0 9.908129e-08
116209912.0 0 1793.3278534441806 0 1.07159766e-08
404393926.0 0 1793.3252273105948 0 8.99246e-05
240924874.0 1 1810.348270492403 1 1.0
116848602.0 1 1806.0366023553506 1 1.0
320185670.0 1 1794.077025819796 1 0.9999999
184590700.0 1 1797.6200737642107 1 1.0
372501667.0 1 1796.493521299357 1 1.0
269888243.0 1 1797.9330573055756 1 0.9999968
286405890.0 1 1798.5563712698363 1 1.0
366558772.0 1 1794.929568518172 1 1.0
235981025.0 0 1793.1371715826554 0 0.00023910827
417830496.0 1 1795.078656653908 1 1.0
331207311.0 1 1805.9522765102488 1 0.99999976
431778273.0 1 1810.682694451474 1 0.9997475
219898902.0 1 1796.9065042999168 1 0.9999994
301911058.0 0 1808.8490443099847 0 0.00016234616
320497858.0 1 1796.264697777357 1 0.9999996
379528619.0 0 1808.9517854706432 0 0.0012332352
237293755.0 1 1810.2829716851552 1 0.9999969
259006009.0 0 1796.9074695110453 0 0.000110553505
54459231.0 1 1805.972938294463 1 0.9999932
326969027.0 0 1805.2446776580048 0 6.0555285e-12
249862386.0 1 1805.890476241539 1 1.0
235937156.0 1 1799.1371627057415 1 0.9998726
372195923.0 1 1798.2651935739684 1 1.0
378924841.0 1 1799.0556418942801 1 0.999995
406678050.0 0 1800.3050034322048 0 1.232537e-10
370947467.0 0 1808.8900822369162 0 2.5213034e-05
331385890.0 1 1811.3063227719515 1 1.0
428118911.0 0 1808.890758420976 0 0.00033030257
250577024.0 1 1797.5986921502474 1 1.0
449988211.0 1 1810.9517354973545 1 1.0
67631564.0 1 1797.0162139158435 1 1.0
229458191.0 0 1805.1987882147357 0 1.8797262e-08
219428801.0 0 1793.1768301979607 0 5.4747666e-06
82242979.0 0 1805.2856169178237 0 6.7277274e-06
417643330.0 1 1811.137366124877 1 1.0
431891777.0 1 1793.557312502914 1 1.0
264726849.0 0 1808.8693904139163 0 3.5947972e-15
236784418.0 0 1797.9689978717804 0 0.13146766
377165051.0 1 1805.843934141395 1 0.9999833
20768756.0 0 1796.6407688057807 0 0.0005001285
431802820.0 1 1796.453378343242 1 1.0
362219768.0 0 1812.3453377558847 0 1.62092e-08
433080059.0 0 1805.3700356566928 0 0.009704612
374391190.0 0 1812.4107295019217 0 4.559063e-05
251716018.0 0 1808.8485290472092 0 6.0291354e-06
407021492.0 0 1812.3472912395735 0 4.608646e-05
245391213.0 1 1805.9944882875925 1 1.0
327189822.0 0 1813.0986196531546 0 0.00012824449
403431248.0 0 1809.16073720425 0 3.2290579e-10
245705643.0 0 1796.8278170219253 0 0.0004945377
292722039.0 1 1795.3909146959418 1 1.0
406535088.0 0 1796.6373998270392 0 3.453284e-09
301173023.0 1 1795.3488327068358 1 1.0
356785627.0 1 1805.5530832210588 1 1.0
315937034.0 0 1812.3485604645114 0 4.728697e-06
229476915.0 0 1796.9072503715588 0 8.962608e-06
321724494.0 1 1797.6792736529478 1 1.0
372060884.0 0 1808.8669114296176 0 7.471076e-09
230384685.0 0 1800.4067741462522 0 3.2961e-14
433497105.0 0 1808.8494932429358 0 0.00022879335
431801658.0 1 1795.4950693218373 1 1.0
445234574.0 0 1805.5354633782442 0 5.7290234e-10
359388299.0 0 1805.301739090872 0 9.3547206e-09
82500760.0 0 1808.9108659625651 0 0.00023398854
368101245.0 1 1798.4513278901663 1 1.0
418374805.0 1 1810.5758382266292 1 0.99999934
315917180.0 0 1812.34540632606 0 1.2951655e-11
427511029.0 0 1805.2008008229363 0 3.1430613e-05
200937431.0 0 1812.4328042948016 0 0.00020481992
269107060.0 1 1798.9303741548556 1 1.0
10344074.0 0 1808.9314251277488 0 6.1827166e-05
389979213.0 0 1812.7021789837622 0 1.5663076e-05
359585725.0 0 1797.968805641682 0 5.2526397e-05
301417546.0 1 1810.2236828806685 1 1.0
94473350.0 0 1800.1412639708303 0 1.8076907e-12
326555997.0 1 1794.8268902860614 1 1.0
445430159.0 0 1800.139646480951 0 5.689262e-06
306564418.0 1 1797.9108253640338 1 0.9999998
117265799.0 0 1812.3490748470383 0 0.00014301037
259967322.0 1 1794.783367148263 1 1.0
378527314.0 0 1805.2428640596286 0 5.657822e-09
12707627.0 0 1796.909260590517 0 1.6708914e-06
385241357.0 1 1796.7032935820243 1 1.0
377334685.0 0 1793.409077408372 0 1.7301637e-07
65746968.0 0 1808.91176509937 0 0.00023637617
379375782.0 1 1796.4308910848388 1 1.0
331928059.0 1 1806.3888338299648 1 1.0
400500239.0 0 1812.3691630738497 0 0.00010481859
427548884.0 1 1796.3675842236119 1 1.0
368593849.0 0 1812.367791213556 0 1.0989114e-08
423745367.0 1 1797.1607047197904 1 1.0
418083239.0 0 1805.3700986683036 0 3.971358e-06
377785772.0 0 1805.198901578825 0 1.0028277e-05
28910232.0 1 1795.1830798376682 1 0.999976
21119455.0 1 1798.7039047933326 1 0.9999982
279925142.0 0 1793.3051066325763 0 2.6439387e-10
285510909.0 0 1793.140253492895 0 1.04594725e-13
322208121.0 0 1812.345819558462 0 1.7622797e-05
418029110.0 1 1806.1824582789136 1 1.0
366581371.0 1 1798.7829988637861 1 1.0
381592391.0 1 1811.1615955429809 1 1.0
192295673.0 0 1805.2867160881628 0 0.00019710533
433496867.0 1 1798.4952392547493 1 1.0
432148578.0 1 1794.4532706534774 1 1.0
192558960.0 1 1795.9326011919466 1 0.9999991
200795756.0 0 1805.2035884845598 0 0.00010196056
71696581.0 0 1812.3899878160914 0 1.5998067e-08
326535837.0 0 1805.2014810272285 0 2.245719e-07
274985708.0 1 1811.4095465489138 1 1.0
317474626.0 0 1793.4091494525067 0 2.1926407e-15
65687856.0 0 1808.8492874333053 0 0.00027267198
445302944.0 1 1794.431509656165 1 1.0
252854757.0 1 1799.5780751400328 1 0.9999482
129685635.0 0 1805.5784193940742 0 1.43869765e-05
397234375.0 0 1808.9517543993584 0 3.6765723e-05
390579360.0 1 1811.3480859506878 1 0.9999996
270137853.0 1 1794.909729911555 1 0.9999999
445633848.0 1 1794.348496208406 1 0.99999976
250556682.0 0 1808.8488303792637 0 7.162328e-05
403921171.0 1 1796.3683317290338 1 1.0
377906251.0 1 1796.5345131399456 1 0.9999994
272226485.0 0 1808.8679596023376 0 1.60947e-05
72148529.0 0 1812.3692151011355 0 1.3224136e-05
378648975.0 1 1799.2013339341954 1 0.99999994
129790498.0 0 1812.7033999430134 0 3.3969896e-05
264391632.0 1 1811.2616499513422 1 1.0
235715965.0 1 1805.8450010626375 1 1.0
177804915.0 0 1805.2036000538458 0 0.00020673624
353488648.0 0 1812.5353680101198 0 2.0135462e-06
403438475.0 1 1799.2024407950585 1 0.9999745
416097930.0 1 1797.8909580588052 1 0.9999966
410651000.0 1 1793.4321006902442 1 1.0
370939271.0 0 1805.5149587896508 0 5.2256667e-07
287150450.0 0 1808.8436620036468 0 0.00023282974
293192866.0 1 1795.2448691709808 1 1.0
388508051.0 0 1808.8465289190747 0 1.6017155e-07
230052512.0 0 1805.2196746348927 0 2.5518359e-08
326814571.0 1 1798.4932770296741 1 1.0
240985115.0 1 1795.2652233768051 1 1.0
369280155.0 1 1796.6602327838475 1 1.0
331848311.0 1 1811.4719905292332 1 0.99999934
352112720.0 1 1796.9513968220522 1 0.999904
428526894.0 0 1809.2641916931343 0 3.3904456e-05
139430610.0 0 1809.2034905315938 0 0.0006207905
370351107.0 0 1805.5358036201378 0 8.553362e-07
229744487.0 1 1799.1568941837738 1 1.0
219866098.0 1 1811.260693105932 1 1.0
376773631.0 1 1799.1591149064268 1 0.9999993
401320107.0 1 1796.8051033183467 1 1.0
250936633.0 0 1808.8698019813976 0 2.716915e-14
418256655.0 0 1809.1167217466239 0 3.29381e-08
285124298.0 0 1809.16004203859 0 0.0013363837
21131390.0 1 1797.5997707989336 1 1.0
12986516.0 0 1812.410771465891 0 2.458125e-07
428458355.0 0 1805.514327568423 0 1.4540748e-07
363756038.0 1 1794.6811028644636 1 0.9999999
428378991.0 0 1796.9099495412459 0 0.0011881386
367915022.0 0 1812.3883272970147 0 6.6543186e-14
233632143.0 1 1796.9694052569746 1 1.0
139556415.0 1 1810.9742516344315 1 0.99992836
395506519.0 1 1811.263992593924 1 0.9999992
302239138.0 0 1805.2030386434037 0 6.454855e-07
194736550.0 1 1806.0994608643275 1 1.0
375843942.0 1 1805.3254957393574 1 1.0
256206317.0 1 1800.0976225671086 1 0.9999998
338925619.0 0 1796.9091125104874 0 0.0001572084
268728170.0 1 1797.5969186426992 1 0.99989676
410742036.0 1 1798.3906696986899 1 1.0
286216188.0 1 1797.7230357051956 1 1.0
285567910.0 0 1812.3697738175185 0 1.0953623e-08
12830328.0 1 1796.66049639516 1 1.0
101097458.0 1 1795.0161442075296 1 1.0
312682043.0 0 1812.702034241854 0 1.0500436e-06
224601763.0 0 1796.676334201707 0 0.00015248935
118270850.0 0 1812.5368028926916 0 0.000330267
399260561.0 0 1812.4520997375068 0 2.6759092e-06
279874917.0 1 1795.9928177120617 1 0.9994286
285512509.0 0 1812.3488289051015 0 1.7326736e-05
302148465.0 1 1795.9950638723178 1 1.0
233682617.0 1 1794.0726791660147 1 1.0
410477422.0 0 1808.869456996975 0 1.1802489e-06
400677803.0 1 1811.4105477895691 1 1.0
312779538.0 0 1809.2229201674616 0 0.00010905767
309125699.0 0 1805.2028720819162 0 4.3125897e-06
420579244.0 1 1810.159570155906 1 0.9999994
403877913.0 1 1799.4106733426008 1 1.0
357034919.0 0 1797.968649759457 0 0.00041655602
348672078.0 1 1796.2443298913545 1 1.0
270811822.0 1 1795.1597376172815 1 1.0
297818602.0 1 1810.26438126855 1 1.0
229494089.0 1 1805.2612639578922 1 0.9987366
331388241.0 0 1805.514808480846 0 6.686566e-08
235954162.0 0 1805.1998956194557 0 2.004073e-06
256348172.0 1 1797.4084754170408 1 1.0
251703686.0 0 1805.2028567846132 0 0.0002600927
71926571.0 1 1797.4942886329427 1 1.0
178045889.0 0 1800.3285289536475 0 4.4031362e-11
280132950.0 1 1799.181085405769 1 1.0
387959719.0 1 1793.470811507291 1 1.0
400606739.0 1 1795.39025586963 1 1.0
372117591.0 1 1805.6193983395744 1 0.99962085
346014568.0 0 1812.4107578923497 0 0.00014546562
370269511.0 0 1809.202384710296 0 4.5599845e-05
420454310.0 0 1805.222347929172 0 2.3106972e-05
302077481.0 1 1810.53637670424 1 1.0
405668462.0 0 1805.2447605818604 0 3.6097007e-11
326914072.0 1 1810.1403127137028 1 0.9999999
272785728.0 1 1795.510379864308 1 0.9999992
270526373.0 1 1795.4075329558168 1 1.0
445410590.0 0 1800.1398132595502 0 2.9291882e-09
245512147.0 0 1812.3486231477752 0 2.0208437e-07
82390118.0 0 1805.3491890820696 0 0.00040184503
53710811.0 0 1809.472899107564 0 0.000101611724
400344508.0 1 1799.7640229210392 1 0.9999932
192289069.0 1 1805.724263803458 1 0.9999993
415961316.0 0 1808.8488581734318 0 0.000104442945
116849668.0 1 1794.4531471046819 1 0.99999005
319911870.0 0 1796.6395079674178 0 2.7945389e-05
379317065.0 1 1794.5144129149332 1 1.0
384602727.0 1 1796.973498862113 1 1.0
279195015.0 1 1811.3475189574033 1 1.0
334485891.0 0 1793.3255461252288 0 2.3907323e-10
241028343.0 0 1805.2235734841088 0 4.2762345e-09
387508159.0 0 1812.366128210368 0 1.9923462e-07
354539097.0 0 1812.369464164647 0 2.0951e-11
104150966.0 1 1810.2031301929296 1 1.0
263931085.0 1 1797.2392453198647 1 0.9999972
256696297.0 0 1808.9939159318144 0 0.00013092552
365944803.0 1 1795.513612121935 1 0.9999988
12005022.0 1 1799.514783072664 1 1.0
259129583.0 0 1796.9073686596482 0 1.0663271e-08
434717882.0 0 1808.8674759092517 0 4.59463e-05
372392680.0 0 1812.38773211253 0 6.130269e-14
327246099.0 0 1805.5559598629177 0 5.562905e-10
256509568.0 0 1808.8655230112754 0 0.00012580847
219865448.0 1 1796.8022067336562 1 1.0
327392642.0 0 1808.8695269362868 0 7.893403e-05
274982633.0 0 1793.3051347201097 0 7.0151995e-13
308618724.0 0 1800.1402069040992 0 0.00018877261
270553130.0 1 1798.4513992198058 1 0.9999995
236816554.0 1 1799.302326729635 1 1.0
292976044.0 1 1810.2657318149481 1 1.0
397765205.0 1 1796.9512544162912 1 1.0
284606209.0 1 1798.597664351374 1 1.0
230080458.0 0 1808.8441347966261 0 4.848435e-07
385240485.0 1 1806.1409410140886 1 1.0
241079003.0 1 1806.3070592655833 1 0.9999126
372976059.0 1 1805.88755176206 1 1.0
271839625.0 0 1808.8470054700158 0 7.0624184e-05
230090786.0 1 1797.219015284247 1 1.0
264915221.0 1 1794.8903554049266 1 1.0
403398796.0 1 1810.1817324367687 1 1.0
347427161.0 1 1795.6825524496717 1 0.99984443
219112822.0 1 1794.6985541071904 1 0.99999976
13279533.0 0 1812.346512702821 0 0.00015109278
407319154.0 0 1800.3054911751492 0 2.3123712e-06
200877900.0 1 1795.307572205675 1 1.0
320187565.0 0 1793.2645661804497 0 1.4821368e-10
250505667.0 1 1798.1195331737213 1 1.0
278858569.0 0 1812.4935450837233 0 0.02015722
284314464.0 0 1812.7016416700255 0 1.9241146e-05
403257785.0 1 1795.0144114899945 1 1.0
192377859.0 0 1793.1407900076165 0 7.5616364e-05
331868822.0 0 1808.846678585272 0 3.1115713e-05
258514303.0 1 1799.4495663258795 1 0.9990467
410237933.0 1 1799.9919649890987 1 1.0
28912459.0 0 1812.7872415876363 0 0.000531725
389636332.0 0 1809.2021222052958 0 2.6694987e-13
353377658.0 0 1805.3060947045585 0 6.0875345e-09
403941367.0 0 1809.0352431327747 0 0.0031620148
264194097.0 1 1796.345843589387 1 1.0
251408385.0 1 1793.4110904839704 1 1.0
267543049.0 1 1805.324313348565 1 1.0
201239488.0 1 1796.1618069847332 1 1.0
407028353.0 1 1797.3470729451178 1 0.99888897
279763747.0 1 1811.1383672406434 1 1.0
293065676.0 0 1808.8698003370016 0 0.0001265711
250834313.0 0 1808.8696053159665 0 8.077191e-05
311822551.0 1 1796.0979364303164 1 1.0
186742638.0 0 1808.849538428876 0 0.0031334758
292822594.0 0 1808.8906790845758 0 6.15126e-05
432096389.0 1 1795.5574707343208 1 1.0
353779523.0 1 1805.2393254133958 1 1.0
235933764.0 0 1812.366590363728 0 1.2420828e-05
419745119.0 1 1794.0560208415757 1 1.0
354786581.0 0 1808.9309649616896 0 3.2218222e-06
90552859.0 0 1805.4747138632424 0 0.024001222
423036802.0 0 1808.8484895641525 0 3.3136025e-08
240890658.0 0 1808.8482741076045 0 0.0012082573
126026800.0 1 1799.308030845077 1 0.9999976
378538179.0 1 1810.8262411315056 1 1.0
356894234.0 1 1799.0520219905036 1 0.9999266
332869735.0 1 1795.5149694630827 1 1.0
378734910.0 1 1811.263747359207 1 1.0
410232396.0 1 1795.0753899179495 1 0.9999999
422385635.0 0 1808.8664488105935 0 4.6443034e-07
126023725.0 0 1809.2037541113204 0 0.00028602962
385200736.0 1 1810.3285300509995 1 1.0
379525328.0 1 1810.5142220016055 1 1.0
279191380.0 1 1811.3266763917766 1 0.9999973
427578829.0 0 1809.245631037348 0 0.00062218815
428297327.0 1 1797.473994986295 1 1.0
334491923.0 1 1794.1588609132116 1 0.99999446
374391716.0 0 1805.2649063899305 0 1.217606e-10
101354250.0 1 1805.7455202417573 1 1.0
307117697.0 1 1797.1817133161308 1 1.0
21124393.0 1 1800.3016815790415 1 1.0
433202107.0 0 1809.1410919006755 0 0.00062961964
368919419.0 1 1806.0141210681797 1 0.9999996
399133359.0 0 1809.1815675211647 0 1.2654563e-05
54790509.0 1 1806.306268850002 1 1.0
236878480.0 1 1806.4282543432216 1 0.9999203
284807014.0 1 1811.222475902511 1 1.0
65571459.0 1 1797.3698845017088 1 1.0
312680867.0 1 1810.5146111148224 1 1.0
407515876.0 0 1808.86731105787 0 9.405029e-09
28961660.0 1 1796.7039353152802 1 1.0
90667435.0 0 1793.1411749903589 0 0.0002651906
407387075.0 1 1811.5571204323319 1 1.0
275712942.0 1 1796.2433919423697 1 1.0
307041476.0 0 1812.3897265417006 0 2.874017e-06
317836705.0 0 1812.3674752075246 0 0.000105609484
377503705.0 0 1808.8465012085564 0 8.397665e-06
445372883.0 0 1809.2021557494859 0 2.7239566e-10
420454088.0 1 1798.8682436688405 1 0.9999629
82377199.0 1 1794.370224530644 1 0.99999976
366762412.0 0 1796.8254767111753 0 2.304902e-07
238740657.0 0 1805.2450408233865 0 4.663517e-08
117749081.0 0 1796.6406892594778 0 0.00058642606
410549960.0 0 1812.348585999019 0 1.2576584e-08
352424791.0 1 1810.9725044665536 1 1.0
312675993.0 1 1796.5354864695669 1 1.0
368516895.0 0 1812.389006306451 0 1.1281213e-06
12984854.0 1 1811.119080013868 1 1.0
444559308.0 1 1799.3477932891913 1 1.0
436924819.0 1 1796.4747623113526 1 1.0
286576659.0 0 1794.3481313503185 0 2.3080177e-06
245400997.0 0 1805.2026128516363 0 8.254157e-06
367287906.0 1 1810.3880246797082 1 1.0
326259962.0 0 1812.3659339680496 0 9.6226555e-11
219114041.0 1 1797.386185752643 1 1.0
82376456.0 1 1810.4323422692626 1 0.9999998
264404726.0 1 1794.4291843220512 1 1.0
264990086.0 0 1808.8466103737887 0 6.0977746e-12
410807017.0 1 1796.8280753630766 1 0.99999106
400734823.0 0 1794.3480222455466 0 4.2025345e-08
286237833.0 0 1793.1412282896947 0 4.9720107e-08
269662631.0 0 1805.1994178913635 0 4.978421e-10
68156985.0 1 1796.2036446540612 1 0.9999917
269419535.0 0 1793.4096677405603 0 5.3708906e-08
390812753.0 0 1808.9108451590776 0 0.025350723
198178704.0 0 1805.197336444636 0 4.3729522e-09
191773672.0 1 1793.307273009558 1 0.9999999
398182391.0 0 1805.4935776460352 0 0.00011073191
256206317.0 0 1805.6809319536985 0 2.6904181e-05
428053550.0 1 1797.9532270846344 1 1.0
202902861.0 0 1809.1199610047727 0 0.00043399978
377338476.0 1 1806.284058570478 1 1.0
192320467.0 1 1796.9532461431247 1 0.9999707
354542410.0 1 1806.3069836956358 1 1.0
233608021.0 1 1799.4483768337468 1 1.0
399018039.0 0 1800.139984385766 0 0.00056922605
388505285.0 1 1797.4088518568697 1 1.0
354308924.0 0 1808.8903561665359 0 3.2882657e-09
399079021.0 1 1810.4733014457065 1 0.99999976
61045741.0 0 1808.9954305111787 0 3.0424462e-05
256696984.0 1 1797.7646272156214 1 1.0
306183346.0 1 1795.827481763674 1 1.0
445108124.0 0 1812.7018233209553 0 6.888196e-08
252848972.0 0 1809.0158292306114 0 0.0011726366
117529773.0 1 1799.8905435583986 1 1.0
11156887.0 1 1811.2856801395815 1 1.0
372209149.0 0 1808.8460781422436 0 3.8053205e-09
376260525.0 1 1796.222570508335 1 1.0
286475902.0 0 1797.8482654633829 0 0.00016045477
270325883.0 1 1795.847118159766 1 0.99999994
251816411.0 1 1796.0778645880077 1 0.9999964
285507494.0 0 1805.2028178433513 0 8.188791e-06
374613118.0 1 1805.47350487868 1 1.0
251658487.0 1 1811.1610935430901 1 1.0
229800613.0 1 1793.7612859568958 1 0.99999726
73728595.0 0 1808.953699966587 0 0.00054374116
305564076.0 1 1796.8040257993237 1 0.9999983
327346800.0 1 1797.828166036927 1 1.0
279085391.0 0 1808.8682661532698 0 6.426165e-08
431874993.0 1 1797.1200073466787 1 1.0
359498291.0 0 1794.4064448490242 0 0.00012212276
65445035.0 0 1796.6406627155488 0 0.0005885903
65643666.0 0 1793.1407062203714 0 0.00052982784
301572524.0 0 1805.244702881619 0 0.013448137
63345593.0 0 1805.3492980754716 0 6.8305748e-09
289571943.0 1 1811.1977101491593 1 1.0
444497375.0 1 1799.368631850275 1 0.9999999
245714191.0 1 1797.5569257303848 1 0.9999958
233051580.0 0 1812.4477033559574 0 0.00010789677
398015474.0 1 1798.5974241181755 1 0.9999997
285738504.0 0 1800.1406854678987 0 1.3346559e-11
192597317.0 1 1796.5158469551388 1 0.9997961
302385579.0 0 1800.3905465306939 0 3.7862495e-07
249920086.0 1 1795.0779832119129 1 1.0
50850412.0 0 1805.2646970671174 0 1.5562244e-05
420497818.0 1 1797.389113316383 1 0.9999996
445132208.0 1 1798.993948796661 1 1.0
116759542.0 1 1796.2447142602211 1 0.9999949
403262379.0 1 1799.0352605365952 1 0.9999998
326918763.0 0 1808.8695201979478 0 4.3740587e-05
398327078.0 1 1793.5961223458505 1 1.0
374787265.0 1 1798.4733462679378 1 1.0
292609933.0 0 1812.3696805706386 0 1.2588232e-06
398265577.0 1 1797.2837009991576 1 1.0
409525877.0 1 1797.9532428458178 1 1.0
236905036.0 0 1812.3448260280668 0 9.756022e-09
284143800.0 1 1797.7227895564079 1 1.0
396200112.0 0 1812.34697401225 0 8.519599e-06
420114439.0 0 1812.3451353640787 0 1.3296669e-09
5735606.0 0 1793.141380636402 0 0.00054311863
375779530.0 1 1795.3880543053276 1 0.99999946
312338309.0 1 1794.285632822985 1 0.9999999
359483261.0 0 1794.4063980470498 0 8.128862e-05
396387220.0 1 1805.9099949349045 1 1.0
117321693.0 0 1793.3280324034047 0 2.1771963e-15
332367537.0 1 1811.4522941796758 1 1.0
13771812.0 0 1808.9108321482017 0 8.897222e-06
323306240.0 0 1812.38776223141 0 3.759899e-06
264293640.0 1 1796.8458849545973 1 1.0
129914931.0 0 1793.1411464582607 0 4.3766042e-05
348315037.0 0 1796.8276511091904 0 3.701431e-06
250891951.0 1 1805.661297080866 1 0.99999714
373704964.0 1 1798.3479110890903 1 0.99984527
250922234.0 1 1798.557070670297 1 1.0
353735167.0 1 1811.4060776246672 1 1.0
366104924.0 0 1812.6807088626317 0 6.890607e-06
245718848.0 1 1799.119339462737 1 1.0
198158730.0 1 1796.8846492828272 1 0.9999813
406518730.0 1 1798.095706568583 1 1.0
52424565.0 1 1798.9937388513204 1 1.0
249834950.0 1 1810.348879018588 1 1.0
130059549.0 1 1797.3077709982447 1 0.99990296
321595539.0 0 1805.2416247166234 0 9.945016e-11
367866882.0 1 1798.7841853203918 1 0.9999998
376838130.0 0 1805.2214826203299 0 7.128661e-10
292466626.0 0 1793.1408337647126 0 0.00012489037
396574921.0 1 1795.1618034435592 1 1.0
269667140.0 0 1805.199312564241 0 1.40340265e-11
230087876.0 1 1794.3856261650337 1 1.0
376085702.0 0 1808.8468869623448 0 4.3024834e-11
233658981.0 1 1798.280984393248 1 0.99991196
399449058.0 1 1797.6603573919092 1 1.0
251718420.0 0 1812.411088080838 0 0.00013256402
84059267.0 0 1805.2015488874424 0 1.1134244e-09
117399022.0 0 1793.1405871796305 0 0.00052259007
445536159.0 0 1812.3484163981163 0 2.357489e-12
358909502.0 0 1808.8466390311773 0 0.0005024677
194609095.0 0 1808.849468761881 0 0.0005782384
418032156.0 1 1799.0992399473016 1 1.0
445297310.0 0 1805.6604242609728 0 2.6996286e-08
403258444.0 0 1809.201646033691 0 0.00024858702
251707475.0 1 1794.0776026415203 1 1.0
377503705.0 1 1794.9925978048877 1 0.99999946
331790583.0 1 1796.1800445612316 1 0.99999744
65439076.0 1 1796.66170130409 1 1.0
219801998.0 1 1798.364535718718 1 1.0
317713444.0 1 1795.0134192581324 1 1.0
354869471.0 1 1805.8280898475266 1 0.9999994
65571459.0 0 1808.8908993330701 0 0.0005335736
435594199.0 0 1805.262542632381 0 1.6921934e-08
400127135.0 0 1805.2219601554884 0 1.1089232e-06
445647231.0 0 1812.390196326192 0 4.3661658e-10
192646201.0 1 1798.0159681468451 1 1.0
373280365.0 0 1812.3467771617914 0 3.6422955e-11
351546522.0 1 1795.159959936474 1 1.0
116888474.0 0 1808.8489346205629 0 4.2865977e-06
428531053.0 0 1805.203297510422 0 0.00038943306
35027041.0 1 1793.162262931021 1 1.0
407349073.0 1 1795.9514708627942 1 0.99998736
178109331.0 1 1794.3701346809407 1 0.9999985
428208125.0 0 1805.2032677624186 0 4.8055834e-05
427689082.0 0 1808.8468522292721 0 5.659289e-05
192735590.0 1 1798.994934884875 1 1.0
357100479.0 0 1794.406234050811 0 2.4154637e-05
201002282.0 0 1812.4328568963708 0 0.00023556531
422356318.0 1 1798.4495227308475 1 1.0
279878476.0 1 1810.7842803305111 1 1.0
428121854.0 1 1798.2031378517186 1 1.0
83055357.0 0 1812.6598049669535 0 6.9332423e-06
367460770.0 1 1798.1406308486883 1 1.0
289210388.0 1 1797.680560284571 1 0.99999976
229785418.0 1 1794.594732764045 1 1.0
431955353.0 0 1805.2034139977693 0 0.00036178867
331388241.0 0 1809.16057397263 0 0.0004197467
229997695.0 0 1812.3861248636813 0 1.2842306e-12
418417655.0 0 1805.201511618118 0 7.410871e-09
444743857.0 0 1808.9520894700777 0 0.00019059806
137082590.0 1 1798.493174675161 1 1.0
445555922.0 0 1812.3900344059496 0 0.0001307193
305430992.0 0 1793.1399509644107 0 0.0039441814
279288205.0 0 1812.3675348245945 0 2.570162e-09
420850781.0 1 1806.368558576932 1 1.0
186985167.0 0 1812.6824226099982 0 0.012890775
237015972.0 1 1795.0119822527283 1 1.0
12478352.0 1 1797.931628005269 1 0.99999875
177708876.0 0 1812.4118958907159 0 0.00019233623
251203875.0 0 1805.202885039277 0 0.00014029566
177991199.0 0 1805.2245419913593 0 0.00661712
376994656.0 1 1798.4066143226212 1 0.9999912
298730341.0 0 1808.96855535567 0 5.3305858e-09
347943876.0 1 1810.452631641617 1 1.0
280465934.0 1 1811.347844961088 1 1.0
250561884.0 1 1794.4737911200943 1 0.99999684
229458009.0 0 1805.2196337633604 0 3.680239e-13
192740281.0 0 1812.453477765354 0 0.00044295745
445488145.0 0 1808.8693473823687 0 1.3013913e-06
90648961.0 0 1812.7247101329542 0 0.00416207
149978934.0 1 1805.9331156674696 1 0.99726635
406267557.0 1 1797.7002251148933 1 0.9999983
312677422.0 0 1793.452133009876 0 5.906059e-10
423952295.0 1 1805.8252283538964 1 1.0
420537127.0 1 1795.9102429213133 1 1.0
406855717.0 1 1799.2611342055825 1 1.0
420110245.0 0 1808.887508596659 0 0.0002153014
390464391.0 0 1808.9107065862215 0 3.7145484e-05
307479729.0 1 1795.5158063848066 1 0.99999917
416098303.0 0 1793.1408779031906 0 0.00932049
420268169.0 1 1795.2623972750885 1 0.99993527
130155097.0 0 1805.4952410274875 0 0.0004384337
311821411.0 1 1796.8896155117382 1 1.0
250605587.0 0 1808.8487121238313 0 5.098329e-05
72148529.0 0 1805.2234859593339 0 0.00019020664
332677471.0 1 1793.2857838278246 1 0.9999967
381686314.0 0 1812.640926688315 0 0.0007609607
407352723.0 0 1805.2432310620177 0 1.1442812e-06
81908388.0 0 1808.9107846229215 0 3.2246287e-05
236767649.0 0 1808.844448305814 0 9.0549125e-05
431994502.0 0 1812.6827839643672 0 1.9879513e-05
356199311.0 1 1798.6764043862945 1 1.0
201377542.0 0 1809.0786079726604 0 0.000620913
348316528.0 0 1796.8276151496143 0 3.9966096e-07
332272396.0 0 1793.1400117972498 0 1.2726963e-07
235685605.0 0 1812.3867975116675 0 5.5926547e-16
117614888.0 1 1795.2655581339777 1 1.0
50610083.0 1 1798.8482261020915 1 1.0
104150440.0 0 1796.8280424070767 0 3.0090357e-07
116062134.0 1 1799.4739826152334 1 0.99991095
399717223.0 1 1798.9717295865312 1 1.0
422895464.0 1 1797.8490703588468 1 1.0
250711787.0 0 1805.22391653306 0 2.589941e-08
354788350.0 0 1793.3904629696362 0 6.045956e-07
445608664.0 0 1793.3277693452321 0 2.473206e-12
46678383.0 0 1809.12065379369 0 0.0016098
251200709.0 1 1797.223557963638 1 0.9999999
237115411.0 0 1797.9685979342783 0 0.040197853
428162244.0 1 1795.3697154219517 1 1.0
77222689.0 1 1810.9120225810886 1 0.9999995
353726056.0 1 1797.7436488500064 1 0.9999995
327397734.0 0 1812.369559259783 0 4.0380866e-05
230019755.0 1 1798.448705607425 1 1.0
420267547.0 0 1805.2000306351213 0 0.00015934694
279704777.0 1 1811.3051036085708 1 1.0
321987520.0 1 1798.616828880703 1 1.0
272930528.0 1 1810.9095532196957 1 0.9999882
301639635.0 0 1812.3489730300735 0 9.920627e-06
401079326.0 0 1812.3489118119076 0 5.44643e-10
256433907.0 1 1797.0336395809138 1 1.0
250746947.0 0 1812.3696621751637 0 1.0794524e-08
29108129.0 0 1793.1413729197589 0 0.00058972207
230074876.0 1 1794.8022994019866 1 0.99998856
272787246.0 1 1810.51061546114 1 0.9999924
238776669.0 0 1805.3285077903288 0 4.07554e-10
250494958.0 0 1812.369472783418 0 9.259061e-12
283134835.0 0 1809.2019394424265 0 0.00022095116
389839603.0 0 1796.639663009661 0 0.0014434439
238655860.0 1 1798.4113434147366 1 1.0
353489254.0 1 1797.1603127208357 1 1.0
264614790.0 0 1808.8693537746708 0 4.2994034e-05
268729392.0 0 1793.4094784279075 0 4.025643e-08
378383081.0 1 1795.5765213237405 1 1.0
241036953.0 0 1800.1401910349075 0 0.0006863699
444527030.0 0 1809.3061506814101 0 2.7624396e-06
292725807.0 1 1794.1615588562474 1 1.0
410439084.0 1 1805.952706136416 1 0.9999979
264174508.0 0 1812.3450233781848 0 2.233795e-06
288408131.0 1 1795.5534651230282 1 1.0
241119694.0 1 1811.369552009396 1 1.0
378650885.0 0 1805.2429883497543 0 5.2466663e-11
51961039.0 1 1806.41035454363 1 1.0
202929625.0 0 1808.8698595591231 0 1.2625238e-06
77633175.0 1 1810.9537481257726 1 1.0
201355636.0 1 1795.932572927718 1 1.0
373785642.0 1 1797.639681518371 1 1.0
240735918.0 1 1799.1606513172214 1 0.99999976
332865327.0 1 1810.493890200233 1 1.0
251103507.0 0 1796.890078808198 0 0.0005227933
52179130.0 1 1799.3061163475907 1 1.0
376407837.0 1 1799.7631900080041 1 0.99978125
406536209.0 0 1805.2000056593652 0 2.47045e-05
81597042.0 1 1798.7022385795603 1 1.0
348615115.0 1 1810.3275174410649 1 1.0
229403199.0 0 1812.9693232395273 0 0.00013546935
139532660.0 0 1805.3701566910756 0 1.1592901e-08
418085296.0 0 1805.265845859464 0 2.2372411e-07
286315939.0 0 1805.2037598394195 0 0.0002112008
338161462.0 1 1800.3673668422591 1 0.99999917
340905225.0 0 1812.4702254963743 0 0.00015365849
49937439.0 1 1798.7647925545855 1 0.9999999
63403914.0 0 1812.7866024707691 0 0.00014882811
321447827.0 1 1798.4500468505141 1 0.9999998
321600884.0 1 1795.9905131116461 1 1.0
252848527.0 0 1809.0158306149387 0 0.0005428236
352358226.0 1 1810.7850225564089 1 1.0
250828300.0 0 1812.36967992837 0 2.5222655e-05
186629856.0 0 1812.516132651306 0 0.00044528887
316845444.0 0 1812.3488952438174 0 7.2850535e-06
137961193.0 0 1800.328758882512 0 2.967454e-06
370947698.0 0 1808.8900847624645 0 5.711904e-07
309133946.0 1 1796.0570698468212 1 1.0
65205803.0 0 1812.3491914627098 0 0.018054076
73626790.0 0 1812.3494745238513 0 0.00031366313
279384366.0 1 1805.576067507644 1 1.0
83528970.0 0 1793.410044340116 0 9.8519776e-11
426419025.0 1 1806.016375966032 1 1.0
20770479.0 1 1806.0365934565582 1 0.9999999
396111546.0 1 1798.5348858115717 1 1.0
387602720.0 1 1800.4705652607922 1 1.0
198554899.0 0 1812.4267628379125 0 0.00031576247
419524702.0 1 1806.035035512733 1 1.0
82493179.0 1 1795.8899211154135 1 0.99999994
26435015.0 0 1805.5372093172373 0 0.010810608
399358798.0 0 1812.7022779621661 0 4.9106144e-05
240979790.0 1 1805.2651795617621 1 1.0
316447896.0 0 1805.2029821709925 0 8.724096e-06
219877628.0 1 1797.1983473430007 1 1.0
387996029.0 1 1810.4080558868227 1 1.0
400506011.0 0 1809.1607432139053 0 1.3065185e-06
264247035.0 0 1808.8450071579095 0 2.903458e-08
372630691.0 0 1800.13977765629 0 8.377166e-07
117037903.0 1 1796.6196241403657 1 1.0
259460349.0 0 1805.2658855908062 0 0.0002742164
308219626.0 0 1793.140183254845 0 5.180758e-14
285569113.0 0 1796.8905232516756 0 0.00014007818
21124393.0 0 1805.2390929703731 0 9.1440925e-15
292613411.0 0 1809.182364536146 0 0.00011185792
403431219.0 0 1812.681511810312 0 1.7720746e-23
424093566.0 1 1810.9121321058133 1 1.0
229484366.0 0 1808.8653395914641 0 5.100772e-09
285331232.0 0 1812.8892849393337 0 0.00010687451
436866363.0 1 1806.2455033572478 1 1.0
81303965.0 0 1805.285652742872 0 0.00013599497
315940355.0 1 1795.3900553006763 1 1.0
219794529.0 0 1812.3852448927723 0 1.1473863e-07
252812191.0 1 1810.9740191088094 1 0.99999434
321824026.0 0 1796.8251404075277 0 0.00030087325
229787746.0 1 1797.5530208997648 1 1.0
312856774.0 0 1800.1398683992356 0 0.00028887182
178175702.0 0 1805.2037069059695 0 0.034325458
419745107.0 1 1810.7642056806867 1 0.99999934
334678928.0 0 1794.1987275501094 0 8.428956e-06
399203662.0 1 1793.8897651488583 1 1.0
445278656.0 0 1812.6603798714748 0 0.00021059533
11063082.0 0 1812.4104348768976 0 0.00031972898
236779479.0 0 1812.3645127253003 0 7.5191914e-10
331863833.0 0 1796.640015307678 0 0.011280738
370695361.0 1 1797.7857935082939 1 1.0
302390056.0 0 1796.8279156452338 0 1.4720446e-06
196948284.0 1 1793.3279707040929 1 1.0
308288258.0 1 1797.265392528706 1 0.99998456
73488347.0 0 1796.6412835699439 0 0.00030010895
250636476.0 1 1795.9113323592676 1 0.999999
307640555.0 0 1812.3485718834413 0 0.0005161992
403944798.0 0 1808.9937096762046 0 0.00013043567
327570157.0 1 1799.8905425040498 1 1.0
229610772.0 0 1794.1989449477987 0 0.0001287811
252862134.0 0 1812.3698095214027 0 1.1162256e-07
396010549.0 1 1795.2431668778404 1 0.9999979
376111907.0 1 1806.2004917370036 1 1.0
376230355.0 0 1796.8256020424606 0 9.226184e-08
284539300.0 1 1805.8474861665097 1 1.0
445643360.0 0 1793.3902579733115 0 2.869422e-07
251328660.0 0 1796.890197962903 0 3.4112395e-06
387508159.0 1 1799.1371977902647 1 0.99999875
21099543.0 1 1796.0997369683816 1 0.9999955
390168532.0 0 1809.202256987811 0 5.048993e-06
201246217.0 1 1806.1620350900946 1 0.9999998
275855120.0 0 1808.93127428059 0 0.0013226281
399084016.0 0 1812.7856358816825 0 0.00042510557
34713020.0 1 1793.9331036501883 1 0.9991499
71844721.0 1 1799.3691191582514 1 1.0
265343830.0 0 1812.3466706571398 0 5.9218678e-08
368737937.0 1 1797.972324781959 1 1.0
445221603.0 0 1793.1396697713803 0 4.205706e-07
381848109.0 1 1795.6617859913688 1 0.9999996
444112191.0 1 1798.1818733079979 1 0.9999997
444139884.0 0 1808.848605163847 0 2.5847132e-06
219848566.0 0 1793.1770990700797 0 9.242078e-05
83729128.0 0 1808.868118436585 0 1.3315324e-07
372391590.0 0 1805.2420251660633 0 0.00019841507
186594028.0 1 1810.641059424047 1 1.0
184683802.0 1 1794.3911199096062 1 0.99999815
73690810.0 1 1798.8495996060753 1 0.9999992
359249364.0 1 1796.9726051663122 1 0.99989885
381779577.0 1 1793.8911879683521 1 1.0
397803860.0 0 1793.409909714044 0 5.6217565e-12
240984691.0 0 1805.2234330003516 0 2.3127159e-08
13456257.0 1 1810.7230666542755 1 0.9999956
236765030.0 0 1812.3859504150846 0 1.2359824e-08
149904096.0 1 1796.245395111552 1 0.99999964
377253743.0 1 1794.36516188774 1 0.9999889
417735434.0 1 1810.5532922067139 1 0.99999994
385445155.0 0 1800.304788843493 0 0.00057091884
237098134.0 0 1808.8440049768376 0 1.5695002e-09
289352104.0 0 1808.868163361431 0 3.719222e-08
306182652.0 0 1805.5148687791868 0 7.220485e-13
279501959.0 0 1812.4103544481989 0 0.016712168
343409567.0 0 1800.3245487989182 0 0.00030063355
410467298.0 1 1796.1402785717382 1 1.0
396455299.0 1 1793.5127103723898 1 1.0
245581679.0 1 1797.744540056613 1 0.99999905
285906063.0 1 1798.8062681668287 1 1.0
428605069.0 0 1808.9741636415322 0 7.282398e-05
285238128.0 0 1808.8485793329376 0 1.7978454e-07
453153922.0 0 1812.6810875379736 0 1.09968396e-10
250829566.0 1 1798.765652777131 1 1.0
332571096.0 1 1810.3065184706995 1 1.0
399443433.0 0 1812.5562773506344 0 0.00042863912
291885128.0 0 1793.1407965177805 0 0.0002294238
403118244.0 0 1812.345246798733 0 2.2083914e-06
308712011.0 0 1805.2026542879964 0 1.2227483e-08
302385579.0 0 1812.5780323150877 0 2.0952122e-05
434893544.0 0 1812.3465749588258 0 1.4207003e-06
233072454.0 1 1798.1353920986596 1 0.99999994
357101501.0 0 1805.1974735800525 0 2.7924158e-11
129905237.0 0 1809.2659146259764 0 0.0005768385
229605268.0 1 1811.1992351449974 1 1.0
71693616.0 0 1809.1608079874563 0 0.0002424401
177820510.0 0 1808.8703006863766 0 0.0047049327
245533304.0 1 1799.4527677850406 1 1.0
10344074.0 1 1796.8897653918502 1 0.9999992
285181325.0 0 1809.1202139297172 0 0.00024192772
94547394.0 1 1806.0787968678048 1 0.9999762
270667006.0 1 1795.8262947917863 1 1.0
251430659.0 0 1812.3486951718744 0 0.00016569432
399135065.0 1 1795.785886265445 1 1.0
431763114.0 1 1793.4324789925952 1 1.0
389415385.0 0 1812.7020534606243 0 0.0020897675
387448750.0 1 1797.2414091632716 1 1.0
269597733.0 1 1811.553261930381 1 1.0
410737350.0 1 1810.5156675491419 1 1.0
353881162.0 0 1793.1407932743064 0 0.0002325653
68000294.0 0 1812.3494142774025 0 0.0006195363
201258150.0 1 1806.0162692417305 1 1.0
67390878.0 1 1796.703484442351 1 0.99999964
256375216.0 1 1795.4700090955303 1 1.0
403877251.0 1 1794.4521849397497 1 1.0
323054666.0 0 1793.137509713524 0 9.9932324e-05
250686151.0 1 1805.9320577997391 1 1.0
283251110.0 1 1794.9101826429076 1 1.0
445515145.0 1 1793.4526056809893 1 1.0
137260061.0 0 1800.3056407322108 0 2.8550894e-05
280315636.0 0 1805.2646678189803 0 1.2496952e-07
285435004.0 0 1812.7016224404317 0 1.9996685e-06
434626140.0 0 1808.8466531800864 0 0.00082852587
10965765.0 0 1812.410609941042 0 5.3708288e-12
241041614.0 0 1808.8691559949027 0 2.6754373e-07
26530036.0 1 1796.8495653275838 1 0.99999976
241000835.0 0 1812.3481994645804 0 1.4261097e-06
200797446.0 1 1805.641144932099 1 0.9999853
279008024.0 0 1809.1394639743464 0 2.4595662e-05
264336056.0 1 1810.8251900381388 1 1.0
241022477.0 1 1810.8482848697647 1 0.9999931
301478384.0 0 1805.2448061929654 0 0.00035836542
378042730.0 0 1805.242823489578 0 1.3027034e-07
353241692.0 0 1805.3059813238553 0 0.00010181433
407316644.0 0 1808.8471664480844 0 4.8803654e-06
376680397.0 1 1795.388270633827 1 1.0
286121361.0 0 1805.389783380824 0 1.2329262e-08
26530386.0 1 1797.3495898651115 1 0.99998164
236712642.0 1 1799.9264626848922 1 0.99994373
348444259.0 1 1794.7026283394803 1 1.0
198538313.0 0 1812.3433527018972 0 0.00064165855
229751795.0 0 1793.40716694789 0 0.00016029786
376113790.0 0 1808.8463179361584 0 4.9284843e-08
256557483.0 1 1806.0947827213045 1 1.0
385445253.0 0 1808.8465675264968 0 2.94259e-08
275149358.0 0 1808.867846324156 0 5.5254336e-08
20875355.0 0 1805.4951391749116 0 3.472047e-07
410651000.0 0 1812.3487634884364 0 8.498701e-08
50269558.0 0 1808.9107758627904 0 0.00021787614
26534393.0 0 1812.7663435591219 0 0.0003824033
219870762.0 0 1805.1984640954063 0 8.3757925e-14
326962793.0 0 1805.2028820219364 0 1.814796e-07
352573876.0 0 1808.910048895352 0 2.733859e-08
409713105.0 1 1798.4503179117198 1 1.0
229476774.0 1 1794.2822851510023 1 1.0
192290822.0 0 1812.3699966039733 0 0.007254047
71748745.0 0 1805.5149282863747 0 4.1408574e-10
308374326.0 0 1812.3900234705209 0 1.1398538e-06
198556409.0 1 1811.0934564917636 1 0.9999996
229489998.0 1 1797.3032795286113 1 0.9999999
444113390.0 0 1805.2027107924905 0 0.001540507
65487030.0 0 1808.911805676093 0 0.00045386728
67635530.0 1 1793.307627910848 1 0.99988866
452944756.0 0 1809.1810819862217 0 4.094732e-07
26396354.0 1 1797.8494816417879 1 0.99999994
219899510.0 0 1805.239871981312 0 2.296413e-15
245392223.0 0 1808.8902918856868 0 1.4559702e-09
353024137.0 1 1799.243574682347 1 1.0
272924777.0 1 1795.284886136309 1 1.0
409530625.0 0 1812.6615199255593 0 0.0012980872
251325923.0 0 1805.2027351941244 0 0.00017593992
351468959.0 1 1798.8057051957085 1 1.0
376497215.0 0 1808.9922175823435 0 2.0294926e-09
370345974.0 0 1805.5148690580293 0 5.1223283e-09
77547034.0 1 1797.7453917171636 1 1.0
326816881.0 1 1805.451508360026 1 0.9999998
306183477.0 1 1810.2021760032117 1 1.0
302076473.0 1 1794.8071933953454 1 1.0
192246961.0 1 1810.4532730648186 1 0.9999848
375787555.0 1 1796.2631151775183 1 1.0
159455573.0 1 1806.365766691383 1 1.0
452945261.0 1 1795.6188551971804 1 1.0
331868822.0 0 1805.2007847399486 0 4.3251372e-10
394122320.0 0 1794.1992058770097 0 8.957779e-07
240875231.0 1 1796.3276821230893 1 1.0
410506199.0 0 1805.244344249077 0 0.00029272382
250858590.0 1 1794.8071444716888 1 1.0
241028159.0 0 1812.369218897042 0 3.041858e-08
184564324.0 1 1797.2867733375283 1 1.0
387331780.0 1 1795.2830108845696 1 1.0
229774203.0 1 1794.7821917431702 1 1.0
12903268.0 0 1808.9107713470294 0 1.1410839e-06
94372127.0 0 1805.578809875575 0 0.00032020913
321853793.0 0 1808.9500070841614 0 0.00091451866
320498088.0 0 1809.1810932554424 0 2.7016613e-06
256486409.0 0 1812.4106941661094 0 0.00017615694
200798478.0 0 1796.6410385296904 0 0.00014794085
258957263.0 0 1809.3031355918695 0 0.00024998933
65355029.0 0 1812.4325775670304 0 0.0005931335
452941702.0 0 1800.1812204783319 0 8.432735e-06
332478393.0 1 1798.2598860829094 1 1.0
235991061.0 1 1810.4916116100335 1 1.0
275059964.0 0 1812.3469359907958 0 5.9956157e-05
329290321.0 1 1798.23891546673 1 0.99999726
229782694.0 1 1805.4070461234883 1 1.0
22711623.0 1 1793.495263953127 1 1.0
186623509.0 0 1812.370178294814 0 0.00014359139
265307425.0 1 1799.5542239962626 1 1.0
366835587.0 1 1798.3254613695863 1 0.9999997
420107276.0 0 1812.3660456302268 0 1.939784e-06
201104005.0 1 1811.349480461407 1 1.0
219776118.0 0 1797.968587626201 0 0.0010076871
423952295.0 0 1812.9501176395565 0 4.9563123e-08
229511521.0 0 1808.8447025924727 0 0.0022863997
366561246.0 1 1805.699578864538 1 0.99999976
415963300.0 1 1794.4324609533132 1 0.9999758
364186408.0 1 1796.429030276879 1 0.9999999
354241879.0 0 1796.9090459216557 0 1.06803834e-13
351361362.0 0 1808.8471450881725 0 6.1518165e-07
395409868.0 1 1795.5973012839952 1 0.99999934
322338879.0 1 1797.4526673346315 1 1.0
368165075.0 1 1799.596898889616 1 0.99999934
240701337.0 1 1798.7439764219478 1 0.99981767
202870694.0 1 1795.8909086587953 1 0.9999979
184732477.0 0 1809.057558603625 0 1.3396491e-08
275458486.0 0 1796.805156214765 0 3.4787812e-05
428256292.0 0 1812.4323323630747 0 1.868112e-05
370073713.0 1 1799.369175591559 1 1.0
83417835.0 0 1793.4100092776384 0 1.3655031e-06
275361605.0 1 1805.7011742901389 1 0.9998978
65438359.0 0 1805.2660407951194 0 0.027860137
85524349.0 0 1793.1412453747687 0 0.00026268951
230023671.0 0 1793.4073298171227 0 6.682324e-05
235687126.0 1 1799.3660992028838 1 1.0
301415506.0 1 1794.9112474008566 1 1.0
284148066.0 0 1809.3059668363478 0 6.886642e-05
192420860.0 0 1805.2241255981187 0 4.9156412e-08
139507011.0 0 1809.1409989345166 0 0.0006265375
233612467.0 0 1808.864966695263 0 2.108915e-08
428733965.0 1 1796.3262186067018 1 1.0
264155741.0 0 1812.4084457163501 0 8.537233e-13
10707331.0 1 1795.8896758908313 1 1.0
383646165.0 1 1806.0523235656715 1 1.0
302318972.0 1 1794.8905620963117 1 0.99999946
359039683.0 0 1812.3888502254154 0 1.0217185e-06
247407601.0 1 1810.5163196699857 1 0.99999946
427475064.0 0 1812.4715411030274 0 2.0024747e-11
403521659.0 0 1808.8484125187383 0 9.453958e-07
192653365.0 1 1796.1823982693202 1 1.0
289095239.0 1 1799.763684666298 1 1.0
428383514.0 0 1793.4100313746442 0 2.554191e-07
366865150.0 1 1805.825452752829 1 1.0
433693135.0 0 1805.2215743805639 0 0.0017762064
278923875.0 0 1812.6602185021309 0 6.506346e-05
354841244.0 0 1797.8478210215453 0 0.00015231306
117266204.0 1 1795.8697660210541 1 1.0
201179295.0 1 1797.7243066044118 1 0.9999937
271916638.0 1 1811.4720156483295 1 0.99999577
240783236.0 0 1805.5564222092426 0 1.0956112e-15
256459777.0 1 1798.9283212487467 1 0.9999999
236995753.0 0 1808.8450150593035 0 6.613219e-05
292051524.0 1 1796.640666162371 1 1.0
434724040.0 1 1795.8052282829558 1 1.0
279521486.0 0 1793.4093683267088 0 6.460699e-12
83527909.0 0 1805.2015725715041 0 5.522952e-07
365945775.0 0 1793.4094828135599 0 1.2280847e-15
407385394.0 0 1809.2239027860808 0 0.00051651197
369359946.0 1 1795.368673597257 1 0.99985707
398210583.0 1 1794.9935021942379 1 0.99999565
229590708.0 1 1796.761501800664 1 1.0
422540290.0 1 1811.5563385806063 1 1.0
445643908.0 0 1812.34859859745 0 4.6198254e-12
435680812.0 0 1793.3047178312665 0 3.246794e-05
264224536.0 0 1805.3250959983197 0 6.909203e-06
353782215.0 0 1797.9685936328046 0 2.4251654e-09
400193642.0 0 1805.2015072766114 0 1.6529393e-07
351883459.0 0 1805.2432859782841 0 0.0008841193
275768701.0 1 1796.6603555047452 1 0.9999992
428392420.0 1 1805.3698749494447 1 0.9999847
269321890.0 0 1808.8468353269002 0 4.5669432e-05
237306098.0 1 1795.0746600895607 1 1.0
65288358.0 0 1812.4118534611607 0 7.791203e-05
51952457.0 1 1811.535158523776 1 0.9999755
12000757.0 1 1795.3063110545856 1 1.0
10602946.0 0 1812.452212797246 0 2.0933989e-05
418140826.0 1 1799.3890404197637 1 0.99999166
301736993.0 1 1797.3905284252737 1 1.0
317845833.0 0 1812.3465959444432 0 1.1508807e-08
302389258.0 1 1796.5778877579592 1 0.99999976
252170321.0 1 1798.2231592586022 1 1.0
229938797.0 0 1796.9071183622734 0 0.034029726
307276813.0 0 1808.9107272413717 0 0.00014638061
240924388.0 0 1808.8899934106125 0 2.6374248e-11
288470551.0 0 1808.9704550179888 0 0.0002394749
28757422.0 1 1798.1200476217386 1 1.0
357827646.0 1 1797.2228057070727 1 1.0
417663305.0 1 1805.8673688385438 1 1.0
139502796.0 1 1797.057825390156 1 1.0
194731674.0 0 1805.2661878797744 0 1.2205055e-05
384833748.0 0 1808.848781215684 0 2.0659152e-05
327011327.0 0 1808.8486924594017 0 5.2938398e-05
245590002.0 1 1811.036057068008 1 1.0
264726710.0 0 1796.8277263740713 0 1.1583624e-05
367288168.0 0 1808.8880231978053 0 1.0052851e-09
250505348.0 0 1793.1403558494949 0 1.0959127e-14
265186608.0 0 1812.3467474794613 0 0.0025053537
302778742.0 1 1810.2646493266639 1 0.9999983
186713109.0 1 1806.0786900108242 1 0.9999984
84222439.0 0 1812.3680773415897 0 4.2605866e-09
129817128.0 0 1809.1408448730995 0 0.00023308673
441805251.0 1 1797.0945768483225 1 1.0
322264780.0 0 1808.991781240532 0 1.5068898e-07
288316004.0 0 1808.9492833996162 0 8.913705e-07
194736550.0 0 1793.1409282031714 0 0.000591345
186985308.0 0 1809.2033299132527 0 0.0002246388
288610611.0 1 1795.7203255755487 1 0.9999996
63583905.0 1 1794.4328765141256 1 1.0
316136055.0 0 1812.3485536677197 0 1.1833035e-05
365732243.0 1 1796.3664357977125 1 1.0
376364806.0 1 1794.5964813095661 1 1.0
385556396.0 0 1805.4747706866094 0 0.00032749344
117495405.0 1 1797.848859693285 1 1.0
286327867.0 1 1796.535604732339 1 1.0
398358143.0 1 1798.3041577393449 1 1.0
233608478.0 1 1806.0733386111172 1 1.0
52073229.0 0 1800.1393909518868 0 0.00071536604
52713606.0 0 1809.1811114187963 0 0.002340117
200800648.0 1 1795.4119255113146 1 1.0
65647263.0 0 1805.2658504821861 0 0.0002433138
315723563.0 1 1805.7237047634599 1 1.0
308527098.0 0 1812.3484184861127 0 0.00042472914
428798145.0 0 1793.305097824959 0 5.578509e-05
407395720.0 1 1805.8468136657123 1 1.0
250458788.0 0 1796.640607207608 0 2.6559512e-06
308711003.0 0 1812.3899935063032 0 0.00013103643
427846146.0 0 1793.4095312712107 0 1.2322308e-11
389848430.0 1 1795.0561603466065 1 1.0
445233986.0 1 1810.8061575747627 1 1.0
149905154.0 1 1806.141445668061 1 0.99994206
407312229.0 0 1805.2223027853265 0 4.6321392e-07
387270996.0 0 1812.3666774921155 0 0.004207587
192377212.0 0 1805.2033947410773 0 0.00025276758
270013850.0 1 1799.5970491116332 1 0.9999511
293187737.0 0 1809.0783390205306 0 4.5950233e-06
279722552.0 0 1805.2026073039988 0 1.7200017e-07
293067496.0 0 1809.1823585479265 0 0.0063711735
301740928.0 1 1811.140641310813 1 0.9999998
256457534.0 0 1808.8448243820358 0 9.454647e-10
355820555.0 1 1798.0153183558264 1 0.99999917
52941152.0 1 1797.4104756111376 1 1.0
292002880.0 0 1805.3490848286046 0 6.9781745e-05
264552077.0 0 1805.2234570741603 0 1.5055221e-11
63583905.0 0 1805.34938860143 0 5.136609e-05
28998249.0 0 1793.1413950624992 0 0.000615789
249918677.0 0 1805.2030855052792 0 2.3207033e-07
403436721.0 1 1795.8690529397672 1 1.0
230396131.0 0 1812.3858533208534 0 1.6008802e-09
445141659.0 0 1812.6810530556968 0 2.2125161e-05
192687418.0 1 1797.536668371553 1 1.0
417339069.0 0 1809.2434391796487 0 1.5205214e-07
279085922.0 0 1805.2224083298775 0 6.0136026e-14
241107939.0 0 1812.3693930861068 0 3.7985596e-05
354871888.0 0 1805.2030128141837 0 9.742115e-06
407382233.0 0 1793.2865005703482 0 4.2224344e-09
436844413.0 0 1809.2662836161255 0 0.0002569148
264180515.0 1 1795.9708283116818 1 1.0
420114439.0 0 1808.8451409680752 0 8.541533e-13
444450192.0 1 1800.0560463011961 1 1.0
327297211.0 0 1800.1405336324763 0 1.4848808e-06
49937439.0 0 1808.9107030155478 0 3.100848e-05
230025052.0 0 1796.907190654963 0 1.8046049e-07
250859182.0 0 1796.6405102585175 0 0.00034398452
65694286.0 0 1805.224361117027 0 0.00049797597
201186407.0 0 1809.1204399956207 0 0.00023436655
285908697.0 0 1805.3896036616904 0 4.2766025e-12
376296101.0 0 1805.3684270068368 0 0.00010689612
316442745.0 0 1796.8277682442322 0 1.5773174e-05
272426717.0 0 1808.8470851351333 0 0.00050847384
101130685.0 0 1793.1411228397114 0 6.173856e-05
427755261.0 1 1811.3259287717635 1 1.0
403338682.0 0 1812.6808047246736 0 0.68255
284904031.0 0 1805.3012786321406 0 5.4474906e-17
186745213.0 0 1809.1202707344833 0 0.00019232962
403877209.0 1 1796.9314170504936 1 1.0
347564997.0 1 1796.661676548342 1 0.99985707
129867987.0 1 1798.3702286376865 1 1.0
385100596.0 1 1806.411771155487 1 0.99998194
275137021.0 1 1810.8469748371886 1 1.0
229673427.0 1 1798.5738960306694 1 1.0
26619684.0 0 1805.6205640121684 0 0.017286561
250798686.0 1 1793.2030176464477 1 1.0
370073677.0 1 1799.1191780330496 1 0.99999815
265196030.0 0 1812.6194606081217 0 2.5006096e-11
194737902.0 1 1796.2452166924688 1 0.9999385
229968704.0 0 1796.9070441501087 0 0.0005998471
336291443.0 1 1793.5548294005246 1 1.0
405667011.0 0 1796.7032726498785 0 1.6024556e-05
354316193.0 1 1797.2236231828256 1 1.0
389538123.0 0 1805.5563320213455 0 1.0628148e-11
68095491.0 1 1811.4536116821002 1 1.0
77268684.0 0 1805.412146868949 0 0.00040064778
372335090.0 1 1810.9502285949443 1 0.99997234
388583953.0 1 1797.4922491133027 1 1.0
434539833.0 1 1805.534228597495 1 0.99999213
285046853.0 0 1812.701705796825 0 1.2842486e-07
138054017.0 1 1796.3287574728322 1 1.0
83417770.0 0 1796.9099889440743 0 3.9617807e-05
85591467.0 1 1795.4120717524324 1 1.0
264052273.0 1 1793.7622888531534 1 1.0
428526514.0 0 1809.2016913919 0 9.8679e-06
441805642.0 0 1808.8447791236076 0 5.716788e-06
229740698.0 0 1812.4695567837332 0 2.4847822e-11
194663265.0 0 1812.6620878364088 0 0.0004832006
348135223.0 0 1805.2027283110485 0 2.3935968e-11
249916249.0 0 1805.2240073205799 0 1.2560652e-06
199571960.0 0 1805.19723692275 0 0.0037625798
402809727.0 0 1808.9727127481383 0 0.0004660968
117808557.0 0 1793.1406084634991 0 0.00040065963
403338682.0 1 1799.1394430807343 1 1.0
12869279.0 1 1806.2424436053639 1 1.0
369141038.0 0 1812.3682423656537 0 4.0039026e-06
256927408.0 1 1799.3451219065284 1 1.0
331856982.0 1 1796.848292161202 1 1.0
352113030.0 1 1799.8472331925188 1 1.0
367424517.0 0 1805.3462706026219 0 9.312012e-13
270666058.0 0 1812.346855901904 0 6.957094e-08
285506758.0 0 1800.1403881704573 0 0.0005905514
186745213.0 0 1793.1410135103333 0 0.00013483647
415875125.0 0 1809.0572387421694 0 0.0002231979
165528504.0 0 1794.4057239652986 0 0.0004345263
389545459.0 0 1805.5356083357983 0 9.373252e-18
85486318.0 0 1805.537181006178 0 0.0001215062
346675119.0 1 1793.4746373348412 1 0.9999982
286316649.0 0 1812.3494043257842 0 0.00024394097
368683747.0 1 1795.7434024880613 1 1.0
445644731.0 0 1812.3485831494586 0 0.0001552298
354599985.0 1 1793.2645509550196 1 1.0
441810984.0 1 1797.178119024692 1 1.0
352810984.0 1 1811.4537820158591 1 0.9999949
445563048.0 0 1805.2235969361234 0 1.6805514e-05
312339154.0 1 1797.5147840600082 1 0.9999999
49941084.0 0 1808.9107895413313 0 6.823605e-06
240902506.0 1 1797.6611435612872 1 0.99999124
444410082.0 1 1799.1808713429205 1 1.0
428383173.0 1 1798.9516637833688 1 0.99973744
327441682.0 1 1799.5572505547764 1 1.0
394127971.0 1 1796.9702461646925 1 1.0
245512147.0 1 1793.9735539891344 1 1.0
240976971.0 0 1805.244245262528 0 9.986863e-13
383676077.0 1 1799.0524427206908 1 0.9999958
366110508.0 1 1795.347684558611 1 1.0
411576289.0 1 1811.366746623907 1 0.9999995
385556749.0 0 1805.6206143850864 0 0.0002225901
297692703.0 0 1812.4101747510174 0 0.00017697668
13280154.0 1 1811.1590450078581 1 0.9999982
387566207.0 1 1797.8873285964285 1 0.999996
252809986.0 0 1808.8490792608177 0 3.2523103e-06
428207929.0 1 1793.6615004243195 1 1.0
236886008.0 1 1796.9493341292114 1 0.9999994
326858407.0 1 1811.2235314953048 1 0.99999994
288531391.0 1 1796.869972573921 1 1.0
418257050.0 0 1812.595857022918 0 1.643884e-13
288428722.0 0 1812.3451692509939 0 1.9392425e-09
138116477.0 1 1805.6205306713623 1 1.0
369728583.0 0 1812.6599168176494 0 2.2407898e-05
376366791.0 0 1796.8255947017037 0 1.3720386e-11
233680651.0 0 1812.3853366771805 0 4.559072e-10
103952689.0 1 1796.6198553320048 1 1.0
387879324.0 0 1805.2206049724282 0 6.469671e-10
104196730.0 1 1796.6197998544988 1 1.0
331981453.0 1 1799.618963849287 1 1.0
12644136.0 0 1812.410741099667 0 6.8147997e-06
194853002.0 0 1805.2661217963907 0 1.2759864e-06
390581221.0 1 1796.7229881484495 1 1.0
377192025.0 0 1808.8439590307237 0 3.072747e-05
388431117.0 0 1805.2007307531178 0 1.251794e-10
407315823.0 1 1806.326373802156 1 0.99999803
232631089.0 1 1811.1557113839535 1 0.9999998
236937071.0 0 1812.386587594276 0 0.00021527841
240823702.0 0 1808.8690537208313 0 7.940853e-05
292614592.0 1 1797.682562130852 1 0.99994034
52261415.0 0 1809.2020113366732 0 2.7097047e-11
138114716.0 1 1795.7871463324598 1 1.0
426147441.0 1 1805.9508174651155 1 1.0
407518484.0 0 1796.8047578624016 0 4.132481e-06
347946105.0 0 1805.2234510309236 0 1.0163749e-09
376976038.0 0 1794.406682321982 0 3.9905106e-05
250458788.0 1 1805.8280401400873 1 1.0
186714186.0 0 1812.4952602278927 0 0.00010695251
279262790.0 1 1796.4100530581695 1 0.9997833
347403391.0 1 1799.4528331667848 1 1.0
251007909.0 0 1808.848737948974 0 6.6145117e-06
444365309.0 0 1796.9099854336 0 2.2463635e-05
377972715.0 0 1808.867595399719 0 6.655952e-06
241048110.0 1 1800.1195678794893 1 0.9999999
219895512.0 0 1805.3648243210164 0 3.7473914e-08
322134641.0 1 1811.4916359980677 1 0.9999903
256977889.0 1 1810.1157214170116 1 0.9999998
353381493.0 1 1799.5767256288484 1 1.0
265432302.0 1 1796.6387392909628 1 0.99999976
22739134.0 1 1811.432816355665 1 1.0
321825581.0 0 1796.8251438940347 0 0.0005970966
229444187.0 0 1805.1988347619324 0 5.302715e-18
21097612.0 1 1810.9744226898833 1 0.9999986
256607858.0 0 1812.431697784221 0 1.2096641e-05
308716455.0 0 1812.3484646724025 0 3.6200706e-11
12485365.0 1 1795.9522813938177 1 0.9999997
321688898.0 1 1798.3042607290865 1 1.0
298356285.0 1 1794.971881615336 1 0.9999998
334486683.0 0 1805.2419836932422 0 7.6543727e-10
229594701.0 0 1794.1989754997376 0 6.8312947e-06
275145921.0 0 1808.8679133736812 0 2.491999e-09
388038756.0 0 1793.3249953472964 0 4.831345e-11
230050565.0 1 1799.6571138486127 1 0.9999999
219801675.0 0 1794.4062842630294 0 0.016757395
90572951.0 1 1794.0787250416881 1 0.9995454
302546433.0 1 1794.0987047286114 1 1.0
366911574.0 0 1793.1379013458795 0 6.581007e-11
184590042.0 0 1805.5783167027616 0 5.8127277e-11
240995020.0 0 1805.2235715658037 0 1.2476606e-10
331605323.0 0 1812.827058504015 0 1.2883611e-10
52358497.0 1 1794.5769563019057 1 1.0
444524949.0 0 1793.1396081990176 0 5.3274825e-14
292853707.0 0 1808.8698451756563 0 4.1072723e-05
423035053.0 1 1798.0776762131625 1 1.0
385153973.0 1 1796.9948933760827 1 0.9999994
82979741.0 0 1812.388873846688 0 2.052499e-07
363811005.0 0 1800.409803942276 0 0.00091570575
71693616.0 0 1805.5150215009587 0 5.7861225e-08
377159410.0 1 1798.198270510404 1 0.99994725
408621438.0 0 1805.3684411438496 0 1.841855e-07
319911472.0 0 1812.680857676997 0 3.1423528e-07
233006770.0 1 1796.6361290653645 1 0.9999999
390118003.0 1 1798.556320741574 1 1.0
428381104.0 1 1799.3891369373061 1 1.0
233744262.0 0 1808.8858549099052 0 0.0072814184
207493891.0 1 1805.2597720659403 1 1.0
322388345.0 1 1799.9294055803143 1 1.0
237199243.0 1 1810.116173409331 1 1.0
398160829.0 0 1808.8682805741046 0 2.25627e-07
445564020.0 0 1812.369343917913 0 1.4721091e-06
387332343.0 1 1799.1996278499898 1 0.9999943
353483103.0 1 1797.03506198095 1 1.0
63467989.0 0 1796.6412182730755 0 0.00088787044
28911691.0 0 1809.2248014453237 0 0.00022987048
259384968.0 0 1793.1409089613444 0 5.047871e-05
65749412.0 0 1809.1616938883262 0 0.0005701236
406267226.0 1 1795.2002759000789 1 1.0
321983526.0 0 1808.866648492172 0 5.6827494e-06
374041654.0 0 1797.8482584391697 0 5.0089734e-11
445336151.0 0 1793.2438870367305 0 7.8436063e-10
352406822.0 0 1812.3871481278495 0 2.8134442e-05
436840961.0 0 1812.599499639806 0 0.00042250764
372863935.0 1 1805.8689903964498 1 1.0
237080213.0 0 1796.9078518843103 0 9.470496e-05
241133018.0 1 1794.390547543456 1 1.0
423745428.0 1 1794.514935582967 1 0.99951285
271029879.0 0 1808.8678378791633 0 2.2098136e-06
272532292.0 0 1812.3678497460633 0 7.8775415e-12
137260807.0 1 1796.2014624726914 1 1.0
430327641.0 0 1793.1409058527674 0 0.00034520993
427473603.0 1 1798.3884396213355 1 1.0
219897213.0 1 1796.0318051811653 1 1.0
245554309.0 1 1805.7236354252416 1 1.0
12902989.0 0 1805.2649425423936 0 5.692095e-06
272625420.0 1 1805.7638449707651 1 0.9999999
243279280.0 1 1796.073470141069 1 1.0
270919139.0 0 1812.3469135825321 0 0.94657946
406965293.0 0 1809.180795911005 0 7.128736e-08
387697639.0 1 1797.4706433217427 1 0.99999994
354744762.0 0 1812.6808082553214 0 0.0003261639
410731150.0 1 1793.5155749274131 1 0.78381485
312544144.0 1 1793.4730807061412 1 1.0
279608953.0 1 1806.1175021860763 1 1.0
67465915.0 0 1812.6614484832498 0 0.000200307
370850223.0 0 1805.2442493960834 0 1.5482857e-07
298729586.0 1 1805.4895421160716 1 1.0
322265512.0 1 1797.9710611059363 1 1.0
269239512.0 1 1796.6804280634913 1 1.0
245426946.0 0 1805.2444707929005 0 2.8426941e-11
265198364.0 0 1812.3485759552732 0 2.7273254e-05
270127418.0 0 1805.2011821817925 0 6.705981e-05
427800065.0 0 1805.2010336485923 0 1.768743e-14
184730439.0 1 1797.7034414865425 1 0.99999994
230005098.0 0 1793.4072830899343 0 0.0015793295
279840730.0 1 1795.8272501873978 1 0.99999994
94336594.0 0 1796.6411165499567 0 0.00065360224
284145319.0 1 1798.493637790044 1 1.0
400606031.0 0 1805.244371323353 0 0.00021567883
240889961.0 0 1796.640201855812 0 6.112701e-09
233071926.0 0 1805.281155676458 0 4.0321904e-08
264721727.0 0 1808.8669451255112 0 4.046965e-05
250553211.0 0 1796.7237951077313 0 6.306483e-07
34821762.0 0 1812.4330197836787 0 0.0001305153
404113234.0 1 1793.3877151738038 1 0.99997544
198187903.0 0 1812.343371204179 0 5.356126e-06
422660772.0 0 1808.8674812856968 0 4.938567e-10
286221625.0 1 1795.3064915170398 1 1.0
292467716.0 1 1796.932560330072 1 0.9999989
279352847.0 1 1795.0352450784046 1 1.0
230381450.0 1 1806.0110850824651 1 1.0
236876182.0 0 1805.2200545516623 0 4.128779e-12
83149868.0 0 1793.4098870570651 0 4.6302158e-09
420302086.0 1 1797.0541190814677 1 1.0
272728914.0 0 1808.847069587035 0 1.3236472e-07
81681261.0 0 1805.264946963255 0 8.065889e-06
301478384.0 1 1798.640627083516 1 0.9999998
395944886.0 0 1793.3052322646342 0 9.403417e-16
378990638.0 1 1800.4098186859994 1 0.9977197
240881939.0 1 1798.4109456338824 1 1.0
444756920.0 0 1809.1606348530358 0 2.3846923e-07
186766107.0 0 1808.849503036519 0 0.0003550055
177881146.0 0 1793.1410453760373 0 0.00031645023
189630428.0 0 1805.5156483476585 0 0.00089824916
192529825.0 1 1811.1825635313912 1 0.9999871
445293146.0 0 1812.6810528145293 0 0.00014849669
272040335.0 1 1795.38906091354 1 1.0
194658685.0 0 1796.641013293526 0 0.0005009806
67635471.0 0 1812.4534542918896 0 0.0001960785
327789293.0 0 1808.8696391203741 0 2.9842322e-06
396202094.0 1 1795.9930007420496 1 0.9999847
192496880.0 1 1795.4534074662363 1 1.0
258803068.0 0 1805.3031275391859 0 2.0423698e-16
420902019.0 0 1805.3846248311324 0 3.321694e-09
327575969.0 1 1796.2032623572009 1 1.0
229594694.0 1 1796.615660110134 1 0.9999999
72077975.0 1 1796.015045750262 1 0.99998796
229614265.0 1 1798.3867237643367 1 1.0
379165795.0 1 1810.1807442826653 1 1.0
445105009.0 1 1795.3895525803723 1 1.0
269707889.0 1 1794.8679415955096 1 1.0
428705952.0 1 1796.200879314799 1 1.0
236762131.0 1 1795.5737422783964 1 0.9999996
198390247.0 1 1810.3430649279285 1 0.99998784
271752432.0 0 1805.2013363186725 0 1.2505106e-07
250476986.0 0 1805.2028198433027 0 5.380669e-05
420454310.0 0 1808.8681308923292 0 0.00017834493
287081097.0 0 1808.9265016410836 0 1.2661734e-07
357888190.0 1 1810.9726379242727 1 0.99999964
381781755.0 1 1796.7661685637013 1 1.0
256562158.0 0 1812.3863261733864 0 1.7769315e-08
270005818.0 0 1809.3704082237211 0 0.0004150633
403589370.0 1 1798.4703036307078 1 1.0
130058767.0 1 1794.8911467681035 1 1.0
389962222.0 0 1805.1977620948692 0 1.6214986e-11
233733156.0 0 1793.4067817920316 0 6.238343e-06
385336673.0 1 1798.5778711685346 1 0.99999195
327570310.0 1 1811.411155759088 1 0.99999696
251548965.0 1 1793.8903188542802 1 1.0
348764696.0 1 1797.8288122549272 1 1.0
399433294.0 1 1797.13986148033 1 1.0
348607686.0 1 1798.1818370711428 1 1.0
50116665.0 0 1808.9523339051796 0 0.00013269011
271838045.0 0 1793.5555138890322 0 3.562993e-12
184681084.0 1 1794.474262737081 1 0.9999983
10346566.0 0 1812.4938552471513 0 0.0009575079
283736464.0 0 1805.2224652898851 0 1.3102146e-08
81825223.0 0 1808.848463910405 0 0.00013641409
10868459.0 0 1805.2856209741149 0 5.749287e-13
412359278.0 1 1810.179318799522 1 1.0
264180453.0 1 1798.1583514559334 1 0.9999999
403525927.0 1 1794.036013696444 1 1.0
377339554.0 0 1805.242413334083 0 1.3028582e-05
84167720.0 0 1812.680662674669 0 6.314984e-05
196919077.0 1 1795.786308910753 1 1.0
445235410.0 1 1806.389623607325 1 0.9999985
250969095.0 1 1799.0988261038565 1 1.0
381806049.0 0 1812.6202424260919 0 0.000671155
284600641.0 0 1812.6599125789294 0 0.00085794565
397918716.0 0 1805.3058839592425 0 2.8476214e-07
269821975.0 0 1805.2220044928902 0 3.2561005e-08
407018663.0 1 1795.451722643881 1 1.0
285429087.0 1 1794.4329668411126 1 1.0
250860873.0 1 1798.5155782164065 1 1.0
354424466.0 1 1797.846604522738 1 0.9999999
289581126.0 1 1797.0725940209118 1 0.9999975
65159437.0 0 1812.4326090727993 0 0.0005675434
288267701.0 0 1796.636958241166 0 0.0001236378
235938689.0 1 1793.1995474510363 1 0.9999983
129688290.0 1 1810.6825964599993 1 0.9999998
360020372.0 1 1805.2410205561944 1 0.9999998
353551702.0 1 1796.514416891221 1 1.0
405433405.0 0 1793.1413210668304 0 0.0002249157
65282366.0 1 1798.0991904769044 1 1.0
407415290.0 0 1796.7655710783738 0 2.6823452e-06
348766679.0 0 1812.7247912524458 0 0.0009688742
283837124.0 0 1809.180861139211 0 2.3431305e-05
283251438.0 1 1793.4310230245355 1 0.9999801
387696625.0 1 1799.1164571817726 1 1.0
400606498.0 1 1806.265207509435 1 1.0
307206821.0 0 1796.6400111854718 0 1.568666e-05
332868986.0 0 1793.1399507820447 0 9.372811e-13
241068188.0 0 1812.3692623237725 0 7.463601e-12
12492766.0 0 1808.9105991737913 0 0.00041778863
315724612.0 1 1794.973472519185 1 0.99999803
449936752.0 0 1796.8905692578767 0 1.4110256e-06
402775546.0 0 1812.4101256457814 0 5.223888e-07
230122533.0 0 1793.177052085347 0 1.0681694e-08
240956901.0 0 1808.8900182738305 0 3.799389e-05
137124994.0 0 1793.3055403519322 0 2.0871803e-07
200774699.0 0 1800.1411229913583 0 0.00017105373
375981890.0 1 1794.9089744541814 1 1.0
63470895.0 0 1809.1409048209352 0 0.00029986643
320049623.0 0 1793.1396074024979 0 1.4591653e-08
377337529.0 0 1812.3881196803604 0 4.0140162e-07
309232490.0 1 1805.3278350324833 1 1.0
83049624.0 0 1805.5349348598993 0 9.497751e-07
230381879.0 1 1795.7403091973183 1 0.9999999
420899839.0 1 1797.8849591181997 1 0.99999905
348678323.0 0 1812.3486225551765 0 3.313029e-06
292693203.0 0 1796.64069053191 0 7.376345e-07
353989037.0 1 1798.7600262653557 1 0.9999863
367360355.0 1 1805.6797291914183 1 1.0
368444244.0 0 1793.4094880975254 0 1.6977398e-06
354174615.0 1 1810.5366588403556 1 0.9999999
406839755.0 0 1805.5559921937831 0 0.00042369426
389984460.0 1 1799.3688650230238 1 1.0
441763244.0 0 1812.3653994823492 0 0.00040646305
405480955.0 0 1805.4747654878554 0 0.0005447299
240997801.0 0 1805.24430072468 0 7.3146196e-09
445515448.0 0 1808.8692583235702 0 5.2863113e-12
354969420.0 1 1798.4726424996004 1 0.9746987
258958363.0 1 1810.9491281277274 1 0.99999714
445560431.0 0 1812.3484515515604 0 7.120949e-05
5735456.0 1 1798.787148431397 1 0.9999998
85431003.0 0 1809.224580460064 0 0.00056157407
245760583.0 1 1811.223733211749 1 1.0
236776931.0 1 1805.3230885403445 1 1.0
11237412.0 1 1796.6606472377969 1 0.99999994
229445310.0 0 1805.1987521778372 0 2.162841e-09
285042236.0 0 1793.1394668237515 0 6.12162e-05
251408385.0 0 1812.348754510563 0 8.0723155e-14
245426282.0 1 1810.6402749270342 1 1.0
359135647.0 0 1796.9099897037597 0 0.0048709917
293062767.0 0 1812.5573211304334 0 0.00030534313
71849965.0 0 1808.8900210348195 0 1.9988142e-06
139353786.0 0 1796.6410865689545 0 0.00052991824
237209325.0 0 1805.199486056062 0 4.155936e-15
13610498.0 0 1812.410799256846 0 0.005921771
349918057.0 1 1799.7619799694432 1 1.0
116367144.0 0 1808.8906287838656 0 8.363505e-06
240982081.0 0 1805.2026934439914 0 4.9369417e-05
331818664.0 1 1805.5759088343027 1 0.9999642
369242172.0 1 1794.659932586674 1 0.9999736
54465943.0 1 1798.5561700129538 1 1.0
367075604.0 1 1793.8462818747823 1 0.9999972
292001961.0 1 1794.765808775135 1 0.9999539
192298077.0 0 1793.1408660025013 0 0.0005390173
178105698.0 0 1809.1204310777377 0 0.00019414003
250709403.0 0 1800.1405339089154 0 2.4845978e-05
186944085.0 1 1794.8702604652915 1 1.0
390857560.0 1 1798.4312879354857 1 1.0
235990124.0 0 1793.1371953796554 0 9.850351e-13
219893598.0 0 1805.198512760172 0 3.310343e-08
285874358.0 1 1811.18235717885 1 0.99999315
407390548.0 1 1805.9928088966092 1 1.0
63472118.0 1 1796.4328370519331 1 0.9999995
327392518.0 1 1795.5155729631958 1 1.0
68037944.0 1 1794.2034785625895 1 0.9999986
348234805.0 0 1805.202754200399 0 4.665152e-09
322056447.0 1 1793.5127382555856 1 0.99999225
10871935.0 1 1796.1814860795369 1 1.0
241134818.0 1 1798.9114353580405 1 1.0
200937294.0 0 1796.6409477038753 0 0.0004688058
427146378.0 1 1805.4916156682305 1 0.99993193
409522915.0 0 1809.0991002985236 0 0.00023483674
332048456.0 0 1805.5147909430295 0 7.553647e-10
372261202.0 1 1810.9502475465563 1 0.9999971
427805690.0 0 1812.5133577428005 0 1.3577805e-06
354132782.0 0 1812.4116322280947 0 0.00050735025
351877621.0 1 1796.7434127490753 1 1.0
12643216.0 1 1794.3898487293018 1 1.0
203036823.0 1 1796.9116496942308 1 1.0
410779897.0 0 1812.3459038374851 0 1.4006589e-11
399084016.0 0 1805.6399143341741 0 6.6869514e-05
376896502.0 0 1805.2007212512813 0 9.805386e-08
407115748.0 0 1793.4097141285006 0 4.4880556e-14
282874128.0 0 1793.4099572219338 0 4.5888464e-14
407316442.0 0 1805.2013583612872 0 0.00025779373
12648082.0 1 1795.827424489896 1 1.0
200861882.0 0 1812.4536798303234 0 0.0005027767
237290140.0 0 1793.3245476652346 0 4.8497807e-08
402894602.0 1 1806.1993932752832 1 0.99999946
10163538.0 0 1805.410564847555 0 5.1420233e-09
94371127.0 0 1800.1411819824302 0 5.0017403e-05
13350523.0 0 1805.2648993091711 0 1.6329031e-09
407155918.0 1 1798.5972840005527 1 1.0
264249642.0 1 1810.88642968647 1 1.0
235714772.0 1 1798.5324501639054 1 1.0
403744320.0 0 1793.3900990713437 0 9.229775e-05
336168332.0 1 1805.9292059275776 1 1.0
336390873.0 1 1811.5127872538214 1 0.9999957
250684105.0 0 1805.2029579847447 0 0.00015247932
186598107.0 1 1794.4536490777386 1 1.0
240976971.0 1 1796.723537588202 1 1.0
444116234.0 0 1812.348453781948 0 1.4286455e-09
256619170.0 0 1808.8447398453661 0 2.8951551e-06
54624637.0 0 1812.9102125872028 0 1.9542729e-07
417616933.0 0 1805.24150923093 0 3.4189878e-09
284439764.0 1 1794.0769934248503 1 1.0
348438240.0 0 1808.9108766473353 0 3.7738472e-14
196946286.0 1 1798.7862912489538 1 1.0
247017338.0 0 1812.4536609687407 0 0.00054984936
116498460.0 1 1794.057240533445 1 1.0
378588925.0 1 1797.7428265482797 1 1.0
308446775.0 1 1811.3902026034727 1 1.0
327706187.0 0 1800.1405989537886 0 2.2263894e-06
347502127.0 0 1812.495151086355 0 6.877573e-05
186988331.0 0 1812.8283186170788 0 0.0002947095
376676771.0 0 1808.8880977640908 0 1.7710068e-05
251651770.0 1 1796.8067211902257 1 1.0
422305222.0 1 1796.804037210702 1 0.999994
433350686.0 0 1809.161943771037 0 0.0011119742
184736138.0 1 1796.703449396343 1 0.99988276
237237907.0 0 1805.345389586424 0 9.332144e-08
375908419.0 0 1812.3878910238798 0 5.479711e-10
84220093.0 0 1808.8890038476582 0 2.6431149e-15
427335936.0 1 1798.2425889015692 1 1.0
390854538.0 0 1808.91090330645 0 2.7233309e-05
305048005.0 0 1809.2021706427915 0 6.519623e-08
418709743.0 0 1805.2222808883312 0 1.2618593e-06
400439167.0 1 1805.827432869425 1 1.0
230002702.0 0 1793.4071308468265 0 1.9974087e-07
418409824.0 1 1810.8055701852545 1 1.0
401494831.0 1 1799.6592628032301 1 1.0
233060935.0 1 1810.1769951796298 1 1.0
307207934.0 0 1809.2022585081234 0 0.007524122
240972989.0 0 1805.2233536934236 0 0.000716213
249862238.0 1 1797.952952575069 1 1.0
408890999.0 0 1812.3874929262638 0 3.9934753e-09
229711350.0 0 1794.1988769749894 0 0.00242704
320188390.0 1 1810.8684413482938 1 1.0
245465143.0 0 1793.3276570527723 0 0.00015195216
73693030.0 0 1812.5160878900322 0 0.0006231703
285544398.0 1 1794.1395523632143 1 1.0
435161010.0 1 1798.5135553732255 1 0.9999411
372347173.0 0 1805.2029108702998 0 0.0004346034
264170681.0 1 1805.5114775148866 1 1.0
51960998.0 0 1809.201970241362 0 6.411498e-08
354474739.0 0 1808.8487609495032 0 0.00022249122
390574978.0 0 1808.9107100305491 0 1.0908777e-05
251381815.0 0 1805.202645920669 0 4.4905846e-05
271021609.0 0 1796.9096329920383 0 3.6596903e-05
400405706.0 0 1808.8444888348138 0 2.1288131e-05
379322275.0 1 1795.1602164919882 1 1.0
309132457.0 1 1795.848763218422 1 1.0
401494474.0 0 1805.2010193777255 0 1.0351668e-05
63563165.0 0 1793.1413073597546 0 0.027299626
312679604.0 1 1797.5148885280892 1 1.0
235944823.0 0 1796.6372327935978 0 0.00013786598
137959883.0 1 1796.5371081524095 1 1.0
399797101.0 1 1811.4300364051276 1 0.9999999
301741759.0 0 1805.2032129375411 0 9.499567e-10
455893540.0 0 1812.3671658952358 0 4.264469e-06
241027303.0 1 1810.4526147682711 1 1.0
269707580.0 0 1796.9095747416113 0 1.4758632e-05
285940626.0 0 1812.3699501969884 0 0.00031059986
201380599.0 1 1793.9950813306632 1 0.9999995
311704789.0 1 1793.6814613413 1 0.9999995
427802651.0 1 1797.1593704268432 1 0.9999996
329440598.0 0 1794.4056500559357 0 0.00021714033
192464394.0 0 1808.8492482379527 0 0.000118757176
186810509.0 0 1812.349418499974 0 1.3985028e-05
246973941.0 1 1793.4123257216263 1 0.9998697
284891619.0 0 1805.2805679045277 0 2.880455e-09
349920226.0 0 1805.2202074235624 0 2.2694262e-06
367144411.0 0 1805.2005371174814 0 3.45275e-13
353989758.0 1 1800.135114663256 1 0.9999841
299436194.0 0 1808.8487020192458 0 1.1294034e-10
412113747.0 1 1796.2420910176177 1 0.9999973
82620725.0 0 1808.848497095786 0 9.3730605e-06
367092770.0 1 1810.471347819254 1 1.0
368512025.0 0 1805.201290077203 0 7.8437535e-07
287196085.0 1 1795.9904139805112 1 1.0
138117599.0 0 1796.6412248186436 0 0.0002687628
284719314.0 1 1810.9934662335963 1 1.0
410232617.0 1 1793.8670614809007 1 1.0
264612485.0 1 1806.3068318059086 1 1.0
331716412.0 1 1793.4317134844366 1 0.9999424
415837366.0 0 1793.140751362624 0 8.2776635e-13
301906843.0 1 1793.5780455066556 1 1.0
137960933.0 1 1797.4954034143987 1 1.0
403258511.0 1 1793.2019115528014 1 1.0
199715780.0 0 1793.176278569697 0 8.6332286e-05
387836053.0 0 1812.7206139539428 0 3.7663317e-11
405482715.0 1 1794.974647561133 1 0.9988904
322444219.0 0 1796.8253423799565 0 1.8937177e-08
453232562.0 1 1794.9318390834383 1 1.0
385593497.0 1 1798.5162978892565 1 0.9999979
315758001.0 0 1793.1373536598803 0 5.4001557e-05
309125960.0 1 1793.4113306060506 1 0.99999976
400737514.0 1 1798.0356205011403 1 1.0
191728260.0 1 1797.1614307968327 1 0.99999577
285539582.0 0 1809.201933669721 0 2.4243744e-07
283026336.0 1 1797.7641391099608 1 0.99999875
317393518.0 0 1805.2008005999244 0 1.4932279e-07
445181630.0 0 1812.7018824299867 0 1.3936099e-08
34850354.0 0 1805.474735777938 0 0.00017017816
358947971.0 0 1796.639258930189 0 0.00018057677
245633586.0 1 1795.2653230701662 1 1.0
370594543.0 0 1793.1401619887556 0 3.429801e-11
402442892.0 0 1793.407634508607 0 5.0585688e-05
200792112.0 1 1805.349514803207 1 1.0
275768382.0 1 1796.3686664366728 1 0.9999681
316515420.0 0 1805.2028548408412 0 5.362244e-06
351608447.0 0 1796.805534401934 0 1.8457831e-05
311929784.0 1 1799.5563394460116 1 0.99956805
53014825.0 0 1809.3059937844916 0 5.326448e-07
436870583.0 1 1797.9330715294332 1 1.0
377150632.0 1 1796.0550553734056 1 0.9999991
288299418.0 1 1799.2199989390574 1 1.0
418034412.0 1 1796.7659861739153 1 1.0
232636875.0 1 1798.9479929145937 1 0.9938815
83141432.0 0 1805.2223745859367 0 3.1189987e-08
245503288.0 1 1806.0153387792764 1 0.9999879
356862553.0 1 1810.3859481614343 1 1.0
317714340.0 0 1808.8884045742318 0 2.5055716e-10
354468365.0 0 1796.6403282154881 0 8.583089e-05
251116926.0 1 1798.0360170406418 1 1.0
199572965.0 1 1799.3225848665 1 1.0
417559438.0 1 1796.19994842404 1 1.0
279847952.0 0 1805.2026419331614 0 1.0208773e-07
177992116.0 1 1806.1203375209946 1 0.99999547
272831301.0 0 1805.2014381889942 0 1.9947372e-06
72031664.0 1 1799.2443080994217 1 1.0
322325511.0 0 1812.3875976269574 0 7.943225e-07
400745295.0 0 1805.2649162602188 0 3.2422253e-07
291998735.0 0 1812.390448475294 0 2.9197348e-12
396484827.0 1 1797.013485521082 1 1.0
186600825.0 1 1796.641042607149 1 1.0
428298321.0 1 1796.911458881289 1 1.0
232675613.0 1 1797.948171203029 1 0.99999833
390045150.0 0 1805.3062089327707 0 6.0891045e-12
198392180.0 1 1811.5305028286848 1 1.0
229487136.0 0 1808.8445628707166 0 4.4118246e-06
251296491.0 0 1812.348672722044 0 0.0003973983
256433240.0 1 1798.3043776326947 1 0.99976206
139509192.0 1 1798.412030770316 1 0.9999753
292469923.0 1 1799.932458277477 1 0.9999995
292465644.0 0 1809.0781546298365 0 0.0005503191
269701889.0 1 1805.7843866597063 1 1.0
322224442.0 0 1805.2234355422058 0 0.000113696704
200858018.0 1 1799.8077088927282 1 1.0
327337815.0 1 1798.4322974724337 1 1.0
308216332.0 0 1805.3276822448677 0 2.955235e-11
418708766.0 0 1805.2223513934862 0 0.0002333469
233534075.0 1 1796.8232292706814 1 1.0
65642073.0 0 1812.3493905893063 0 0.00014397115
376288980.0 0 1796.9090760232612 0 6.479073e-05
389641227.0 1 1798.7645744600748 1 1.0
291955034.0 1 1797.2032920324277 1 1.0
301904071.0 0 1812.369666297706 0 7.3701216e-07
308445921.0 0 1800.140425688445 0 9.913964e-17
436860165.0 0 1793.1414206684171 0 0.0002993154
367283166.0 1 1798.0756732435148 1 1.0
233210830.0 1 1810.7192049329224 1 1.0
312549913.0 1 1798.7857347501802 1 1.0
406261792.0 0 1793.3252806338335 0 3.9390077e-05
52364483.0 0 1809.2227649217286 0 0.00017189576
452991627.0 1 1796.7853744823892 1 1.0
22842245.0 1 1793.891366397539 1 0.9999988
251195002.0 0 1805.2026793021585 0 3.358722e-06
20894098.0 0 1812.4116247175425 0 0.00017603573
249898079.0 1 1811.2655889561966 1 1.0
53865269.0 0 1809.2643976807353 0 0.00015320393
323058312.0 1 1799.4083687691998 1 0.999659
252168478.0 1 1794.09823026908 1 1.0
331320467.0 0 1796.639821660869 0 5.1593874e-05
390803914.0 1 1810.7647722577758 1 0.999992
245581701.0 0 1796.8278625666646 0 9.152775e-06
264405683.0 0 1805.220992900339 0 1.0428145e-08
63472430.0 0 1793.1412118158717 0 0.00019568478
203032941.0 1 1810.8908418067185 1 0.99999964
366821603.0 0 1805.2004612769208 0 0.00020220692
284917511.0 1 1795.3685518224504 1 0.99999917
348232466.0 1 1798.6193500828283 1 1.0
309052604.0 1 1796.0569278711446 1 1.0
388133217.0 1 1795.1166718354648 1 1.0
230393741.0 1 1798.8862168910578 1 1.0
376843726.0 0 1805.2006398247797 0 1.0713426e-11
326257955.0 0 1808.8657835171225 0 4.1516058e-05
354255041.0 0 1796.6403813965876 0 9.0922974e-08
285237671.0 1 1810.7852170223584 1 0.99995244
407349073.0 0 1812.3680814407558 0 1.43258435e-11
117398218.0 1 1794.8073196771832 1 1.0
341839327.0 0 1808.9266774834073 0 0.050555672
417750006.0 1 1797.9718192467706 1 1.0
427111667.0 0 1812.3456077833443 0 0.00018566301
427345964.0 0 1793.4090854038943 0 5.3216156e-09
379378830.0 0 1812.4310859370923 0 0.002242214
428322685.0 0 1805.2030501557874 0 8.3668077e-13
251459295.0 0 1800.3901475151572 0 1.1995463e-06
20707145.0 0 1796.6408904124858 0 0.0005163712
279375974.0 1 1805.8876520864544 1 0.9999995
424437726.0 1 1810.9067790366494 1 1.0
186970106.0 0 1805.495201142783 0 1.0849885e-08
374475282.0 0 1809.1608001412565 0 0.00037986843
139533844.0 0 1812.6409471640973 0 0.00040827642
311939072.0 1 1806.1187085198512 1 1.0
353684207.0 1 1795.5768169593207 1 1.0
20771909.0 0 1808.911636700309 0 0.00020410253
370595795.0 1 1810.1192563985464 1 1.0
177886801.0 0 1805.2244638988004 0 1.0993843e-05
186769524.0 1 1798.1410138626395 1 0.9999995
370949218.0 1 1798.3485199859465 1 1.0
332260437.0 1 1794.2856810637454 1 1.0
381807163.0 1 1795.8078252980372 1 1.0
224604943.0 1 1798.218189857367 1 0.99997973
251249526.0 1 1797.869213732868 1 0.999987
445370620.0 0 1809.306280295391 0 0.0023932299
52265831.0 0 1812.7018926384085 0 0.00036860898
389408952.0 0 1809.1813613208972 0 4.5616547e-05
335696480.0 1 1799.9504965544231 1 0.9999986
378290764.0 0 1796.9099155851577 0 1.5715889e-08
452940508.0 0 1809.201853610441 0 0.0012455995
436855249.0 0 1809.016291168683 0 2.1408292e-07
125735589.0 0 1796.6413276099752 0 0.00027655918
400676475.0 0 1812.4521789956523 0 1.4039035e-06
54204641.0 0 1812.7020278801467 0 0.00011887716
264051652.0 1 1796.4914613168328 1 1.0
104064704.0 1 1797.099003822475 1 0.99999917
237238595.0 1 1811.1371420134215 1 1.0
117306552.0 0 1812.3696966040295 0 1.5989333e-06
332684363.0 0 1800.1397723653808 0 4.0383857e-06
285909383.0 0 1808.9521270897292 0 1.9853921e-06
229580770.0 0 1812.3448412868868 0 7.0511805e-06
237101514.0 0 1808.8441631916867 0 3.259967e-05
367947120.0 0 1805.2009756782109 0 5.091706e-07
428053623.0 0 1808.8907474577254 0 0.012854651
192468117.0 1 1810.7451903197687 1 1.0
230129388.0 1 1794.0728318643755 1 0.9999897
331710452.0 0 1809.181437418382 0 2.5150692e-05
400895472.0 1 1795.9521225887397 1 1.0
317708873.0 0 1808.8465765993722 0 2.1179182e-10
417853286.0 0 1812.3471373571297 0 1.3598627e-09
374036037.0 1 1797.639810347306 1 0.99999815
137078349.0 1 1798.0763015904133 1 0.9998995
252201292.0 1 1811.1187211392219 1 1.0
192877702.0 1 1793.4115749091138 1 0.9999594
387271308.0 1 1806.0750048078478 1 1.0
286327999.0 0 1808.9107609799098 0 1.6530586e-05
186986122.0 0 1793.1409343517903 0 0.00019057626
229510522.0 1 1799.7824182161228 1 1.0
320606986.0 0 1812.6809053693453 0 0.0019474244
302157740.0 0 1796.8906142799724 0 1.9223219e-06
268722615.0 1 1805.450957219668 1 0.9999998
250825174.0 0 1812.3487633508487 0 9.4190526e-08
403259861.0 0 1812.7015903747745 0 3.910156e-05
431893317.0 1 1805.5367030465761 1 0.9999847
240982081.0 0 1812.3483278523524 0 0.0002260547
302686987.0 0 1797.8478603854155 0 0.000349617
52861961.0 0 1809.160399680471 0 0.00028303723
81604363.0 0 1794.3480273031303 0 9.403117e-06
13703489.0 0 1808.9106511230946 0 0.00035637015
374917304.0 1 1796.806914859641 1 0.99999994
259255376.0 0 1808.9533029470779 0 0.0005230191
249856862.0 0 1808.8488441123802 0 1.1288272e-06
445423597.0 0 1805.5146899565984 0 4.153825e-09
252814483.0 0 1812.3489593863947 0 8.365092e-06
426141606.0 1 1806.242721668515 1 1.0
334802172.0 1 1805.679496861896 1 0.99999994
249893633.0 0 1808.848797510078 0 0.3116084
400949386.0 1 1795.8491904145753 1 0.9999843
73691743.0 0 1809.161953458953 0 0.0004885142
129916255.0 1 1797.5577974089972 1 0.99997574
435742004.0 0 1805.2008614347646 0 5.438369e-12
418710087.0 0 1800.4098262806249 0 0.000105384046
331324439.0 1 1795.723068479481 1 1.0
186939338.0 0 1793.1409494514965 0 0.0005080948
200873044.0 0 1796.6411097823263 0 0.00023649858
189685363.0 0 1805.3907037747142 0 2.830378e-09
302069283.0 0 1812.348952126834 0 3.1145257e-07
235946111.0 1 1796.0538060574384 1 1.0
379632635.0 1 1796.5560035679002 1 1.0
406679025.0 0 1805.242580780037 0 1.6216398e-05
390049080.0 0 1812.5352563098484 0 8.504451e-06
333733223.0 0 1805.199535846483 0 5.9173e-06
321546971.0 0 1805.2415912135693 0 2.661143e-08
293065676.0 1 1794.4948441912939 1 1.0
326149115.0 1 1800.0133277899445 1 1.0
400388934.0 1 1810.9305388075513 1 0.9999994
366502502.0 0 1793.3253229901568 0 5.2710304e-05
250922655.0 0 1808.890403821437 0 1.9575077e-09
233071614.0 0 1794.4062979378766 0 1.8884822e-06
81458165.0 1 1795.7647229773402 1 1.0
423952435.0 1 1797.4711593775094 1 1.0
400250310.0 1 1805.8472077356907 1 0.9999999
233544425.0 1 1795.3026732769 1 1.0
292152018.0 0 1812.5779734004445 0 1.3152868e-09
308618372.0 0 1808.8900950584095 0 4.842479e-07
321601554.0 1 1794.3445189584693 1 0.99999565
347116617.0 1 1811.4514989185382 1 0.99999875
390927619.0 1 1798.431379401966 1 1.0
219872762.0 1 1794.218868148159 1 1.0
203091094.0 1 1795.3283612061161 1 1.0
405413202.0 0 1800.141472779854 0 1.1617698e-05
255865742.0 1 1797.0329243685148 1 0.9992874
317028902.0 0 1812.3487480085378 0 0.71388835
373456920.0 0 1812.4927164265562 0 2.918115e-08
452963896.0 0 1809.1603250804412 0 5.9051905e-05
288381315.0 0 1797.699178128951 0 2.5161347e-11
286117516.0 0 1805.2648687730969 0 3.876573e-06
445639006.0 0 1808.8694894233456 0 7.5666626e-06
387696625.0 0 1812.3453954162962 0 9.1624e-05
289536658.0 1 1794.6140558798584 1 0.99999726
434724444.0 0 1805.2217088916314 0 2.6176515e-06
284801652.0 1 1805.2203437300648 1 0.85135347
286013049.0 1 1794.9524090637979 1 1.0
219797699.0 0 1805.3019634726375 0 8.9371155e-10
118421268.0 1 1794.058083247663 1 1.0
396267528.0 0 1794.3473631053682 0 0.00020411437
241081158.0 0 1796.6405605481204 0 0.00018940277
423455690.0 0 1808.931454762128 0 0.0001448012
63506391.0 1 1794.9745773090451 1 1.0
256977179.0 1 1810.4281690619566 1 0.99999976
366782962.0 0 1805.20044044827 0 8.0240625e-08
405491316.0 1 1805.9539603697103 1 1.0
285344141.0 0 1796.6412084954559 0 0.00037756687
233514389.0 0 1797.9680928242933 0 0.0006238493
366563358.0 0 1793.1371873293692 0 3.3161807e-06
317596370.0 0 1805.2423847782304 0 8.506904e-07
275062328.0 0 1809.1801926393216 0 6.3775824e-06
269703842.0 1 1794.6595538867025 1 1.0
337550536.0 1 1794.5549419116821 1 0.99977285
201185915.0 0 1809.1204227553558 0 0.009992638
20703587.0 1 1794.4323789821094 1 1.0
229442981.0 0 1793.4074076155373 0 1.9605785e-17
237227917.0 1 1793.2828189966597 1 0.9986617
20805366.0 1 1810.8075214040066 1 0.9999992
308962533.0 1 1795.994570769858 1 1.0
285533267.0 1 1794.8894695698991 1 0.9999999
233576783.0 0 1808.8651273031862 0 1.2102996e-06
237217548.0 1 1811.5535389607344 1 1.0
445533207.0 1 1811.4318243734137 1 1.0
396061742.0 1 1797.4098296567831 1 0.9999894
368611425.0 1 1795.055575054239 1 1.0
368168198.0 0 1796.9094955942837 0 4.0463544e-10
332577163.0 0 1805.514908270529 0 4.2244784e-07
428170921.0 1 1796.494648333469 1 0.99999946
400246637.0 0 1812.3679296389191 0 1.609099e-10
444754389.0 1 1797.5773090817006 1 1.0
354250098.0 0 1812.348245510028 0 5.5630795e-07
238716646.0 1 1798.3281913755534 1 1.0
403259861.0 1 1796.1394094067473 1 1.0
445370379.0 1 1797.2023030029038 1 0.9987911
46479770.0 1 1794.1621380012389 1 1.0
230137150.0 0 1805.2817119002646 0 3.4963404e-11
250496363.0 1 1794.5155012380785 1 0.9999238
317836431.0 1 1797.7633129728263 1 1.0
453234100.0 1 1799.6192803261997 1 0.999791
417340054.0 1 1797.3476289029782 1 1.0
453278013.0 0 1800.1401559525677 0 1.207028e-07
198159870.0 1 1795.0309154668494 1 0.9999813
50520093.0 0 1812.4108670313751 0 0.00055216445
284214790.0 0 1800.139294691408 0 1.3925944e-06
196947078.0 0 1796.6404533718735 0 0.00035563996
418981815.0 1 1805.4516171696137 1 0.99999803
71928965.0 1 1794.1192027005195 1 1.0
101407303.0 0 1793.1412612512702 0 0.0005988888
444138949.0 0 1808.8485861631466 0 1.8619776e-05
366116219.0 0 1812.3885962211543 0 2.3699795e-10
403685735.0 1 1806.140226464739 1 1.0
379324008.0 0 1809.1602524692296 0 0.00067964435
50519916.0 0 1808.9317008539824 0 3.040062e-05
326817214.0 0 1808.8472688781756 0 0.00046689148
445383420.0 0 1805.5146990861422 0 2.994761e-08
322345879.0 0 1812.3486489571812 0 1.6235617e-05
54458365.0 0 1809.327076229328 0 0.00012275299
256577928.0 0 1805.2210181634562 0 1.5378676e-08
259237935.0 0 1805.2199685963428 0 7.276779e-07
422533317.0 0 1805.5564097519302 0 1.0491317e-10
450004241.0 1 1794.1189376415107 1 1.0
245721512.0 1 1795.4317317996436 1 1.0
279566917.0 1 1810.57584032051 1 0.9999996
21283108.0 0 1797.9684713167671 0 1.9259925e-05
230084082.0 0 1805.1978891876238 0 6.8123563e-06
117270306.0 1 1793.5987523058357 1 1.0
398337224.0 0 1812.3667595445709 0 4.4943463e-05
422252745.0 1 1797.410410563147 1 1.0
268948084.0 1 1794.5762433668074 1 0.99999994
201002282.0 1 1795.9534910102734 1 1.0
21124830.0 1 1806.1765023497196 1 1.0
302470991.0 0 1812.348987399642 0 1.7049617e-06
240982932.0 1 1798.619448115236 1 0.99991983
420295248.0 1 1797.5769276104938 1 1.0
407028353.0 0 1812.3886463101878 0 3.9406788e-07
194808696.0 0 1809.1829365309598 0 0.0011397001
229458009.0 1 1796.4697847229154 1 0.9999993
192736246.0 0 1796.6407544052638 0 0.00027837604
237232295.0 1 1798.1578987405924 1 1.0
315613916.0 1 1805.2237498700126 1 0.9996615
54269985.0 0 1793.1394769521132 0 1.45046e-07
233533858.0 0 1808.864753293053 0 2.128072e-08
10353856.0 0 1805.3062613920163 0 1.16695045e-08
441742141.0 1 1796.2402997369081 1 0.999997
67517753.0 0 1809.1406670701167 0 0.0053064665
219095076.0 1 1798.6151546658164 1 1.0
331363487.0 1 1798.4300185985976 1 1.0
417748796.0 0 1808.8466245239108 0 0.00010370567
372723747.0 1 1795.8062540034723 1 1.0
83048837.0 0 1805.514091140618 0 0.005114974
201360067.0 1 1811.0579712767785 1 1.0
370212311.0 1 1794.4525345128422 1 1.0
410472267.0 0 1796.6402578117375 0 1.0067788e-07
238660312.0 1 1798.0780430537618 1 0.9999981
73625562.0 0 1812.4535979557827 0 0.00014095443
387998687.0 0 1808.8455794726437 0 6.230352e-06
357678363.0 1 1798.5561837783282 1 0.9999938
428414457.0 1 1798.618408674386 1 1.0
373236148.0 0 1808.8885816543154 0 1.7434502e-08
229456600.0 0 1812.3863028280896 0 1.3288308e-12
312459904.0 1 1810.243675074685 1 1.0
453230738.0 0 1812.389964308287 0 7.041267e-11
20767198.0 0 1796.6408441143637 0 0.0006267856
237098134.0 0 1805.198100915639 0 2.691545e-09
367737917.0 1 1794.678223079301 1 0.9999994
402775546.0 1 1798.4934282998695 1 0.9999473
229782870.0 0 1812.3444747727287 0 6.937006e-08
410865841.0 0 1808.890782521073 0 0.0045507187
428209530.0 0 1793.140515766769 0 0.0006152036
285676351.0 1 1796.1196604765335 1 1.0
251815533.0 0 1793.3903040797325 0 0.015548167
354316349.0 0 1796.640296154639 0 2.1417336e-05
445367333.0 0 1793.2022579427814 0 1.584919e-06
230133460.0 1 1794.9272624322969 1 0.9999999
49853206.0 1 1799.327126686497 1 1.0
198538353.0 1 1796.5305629757993 1 1.0
433350615.0 0 1812.5367627710111 0 0.000546346
420106840.0 0 1808.8452930897952 0 6.952789e-10
358824770.0 0 1808.8466139426298 0 4.2630876e-05
118441967.0 1 1794.1413863781838 1 0.9999998
289094785.0 0 1805.2012102210483 0 8.142157e-08
395505258.0 0 1808.8472387457432 0 1.5891106e-05
400127098.0 1 1797.8051503172926 1 0.9999995
264157430.0 0 1797.1374893796965 0 0.00021761227
232640371.0 1 1798.4064307414883 1 1.0
405459712.0 1 1794.7038059457286 1 0.99999976
422977211.0 1 1798.4949372200863 1 1.0
327137540.0 1 1793.578205117797 1 1.0
354798248.0 0 1808.8490885558401 0 9.418505e-05
288611623.0 1 1798.9702128195722 1 1.0
347586508.0 0 1805.2443895744123 0 1.0839828e-09
418982014.0 0 1796.9098043563192 0 9.345937e-07
367185621.0 1 1793.2421144428006 1 1.0
198390031.0 0 1797.9680046277995 0 0.0002236828
396242679.0 1 1796.951389353578 1 0.9999162
268320718.0 1 1793.9286930588876 1 0.9999984
246973941.0 0 1805.20380053992 0 0.000464468
65641116.0 0 1808.9119077299506 0 0.0005059842
240829983.0 0 1808.9732201952563 0 0.004245698
118421181.0 0 1805.287128727414 0 0.00045350508
233008980.0 0 1808.844411631902 0 3.9949544e-05
332377663.0 1 1800.2857187166182 1 1.0
250722413.0 0 1812.3485898142826 0 2.9506858e-10
441718331.0 1 1794.3027113984542 1 0.99999666
101130984.0 1 1795.5578386840557 1 1.0
346852957.0 0 1805.203619163484 0 7.2212046e-05
52260830.0 1 1798.035474179319 1 1.0
441791928.0 0 1808.8449824283339 0 0.010916189
406267319.0 0 1805.2209251714696 0 2.4331432e-05
265000874.0 0 1796.890103494966 0 0.009724535
250720272.0 1 1798.0362388646047 1 1.0
258680455.0 1 1810.9931632054254 1 0.9999636
293188044.0 0 1805.3492304316421 0 1.1117738e-06
373232181.0 0 1812.3468626924302 0 7.0944515e-07
449997222.0 1 1810.2226817750723 1 0.99999815
22845012.0 0 1805.370513598152 0 0.00053209614
356087112.0 1 1797.634893076783 1 1.0
436934619.0 0 1808.9538330670246 0 0.00022258925
194805333.0 0 1808.8494949134854 0 0.00020063425
388134305.0 0 1808.991474835636 0 1.1897908e-05
245509612.0 1 1796.9944907820154 1 1.0
279375962.0 0 1812.3876083098794 0 3.1971877e-11
77324915.0 0 1805.3495399907038 0 0.0002987014
251199878.0 0 1793.3901330476342 0 2.0218243e-08
373456920.0 1 1805.36774054583 1 1.0
453303485.0 1 1806.0982945801663 1 1.0
348607534.0 0 1805.2026933844813 0 5.565809e-06
354841987.0 0 1808.931255957445 0 2.3215836e-10
351610703.0 1 1796.5764692660136 1 0.9999988
250660751.0 1 1798.5988327174603 1 1.0
428773302.0 1 1810.7216980250832 1 0.99999934
403037892.0 0 1809.1406337359124 0 0.00012152856
428606661.0 1 1795.4930227005048 1 1.0
255879260.0 0 1796.6394398435134 0 0.00029337898
373959997.0 1 1810.9729716177433 1 1.0
354694730.0 0 1805.5560507410562 0 7.195026e-06
52038497.0 1 1798.4101942946031 1 1.0
366972822.0 0 1796.6379193527268 0 9.0008695e-07
356978150.0 1 1805.6559658275555 1 0.9999485
409522234.0 1 1810.390767022293 1 0.9999999
436846978.0 0 1812.453710609489 0 0.00021440945
394121705.0 1 1797.09498588931 1 1.0
83142000.0 0 1812.3680594117723 0 1.8847655e-07
444140186.0 0 1812.7860844195557 0 3.5444296e-05
348672128.0 1 1797.3485082692184 1 1.0
186985837.0 0 1812.7032250705715 0 0.00026525836
256416606.0 0 1812.7018988251255 0 8.289708e-08
192740281.0 0 1805.3076604988487 0 1.2070654e-05
374222981.0 0 1809.035596493923 0 2.1656949e-07
407415975.0 0 1796.7656053094177 0 0.072400495
400344508.0 0 1805.2222692685216 0 2.127905e-12
351538646.0 0 1812.368155408564 0 2.104807e-05
230079118.0 1 1798.0104252183266 1 0.99999845
333865930.0 1 1810.4498220988053 1 1.0
71696581.0 0 1805.2442713038063 0 3.6635868e-08
288853174.0 1 1796.451848276372 1 1.0
292324789.0 0 1805.2447859160477 0 8.7657836e-16
321450937.0 0 1808.9915798797306 0 3.236819e-07
160618155.0 1 1805.8652889191846 1 1.0
137126056.0 0 1805.2014736303688 0 1.2980025e-06
445402441.0 1 1797.0771735431792 1 1.0
422389585.0 1 1798.3249958919457 1 1.0
433283165.0 0 1812.7659966658864 0 0.0005548455
302476679.0 1 1797.0987895982396 1 1.0
65159558.0 0 1805.2242396927898 0 3.9267623e-05
177709925.0 0 1812.5785980081941 0 2.4654346e-05
192529825.0 0 1796.6408308031873 0 0.00022835945
285280982.0 1 1793.8911816960547 1 0.9999968
445592469.0 1 1799.014995720305 1 1.0
370857442.0 1 1794.0357624465767 1 1.0
229683910.0 1 1797.4888987176355 1 1.0
250661165.0 0 1812.3487158215432 0 0.000111065965
116992839.0 0 1808.8699321658403 0 9.425764e-05
117868677.0 1 1795.578000004423 1 0.9999999
445546957.0 0 1812.4107250229235 0 3.1975749e-13
445564070.0 1 1794.0361083483172 1 1.0
77451620.0 1 1805.5371272739815 1 1.0
387269721.0 0 1812.7834279190542 0 9.302032e-10
230001021.0 0 1808.8859014449624 0 3.5559063e-07
198159870.0 0 1805.2185694652221 0 2.5940428e-05
364184823.0 0 1808.8873603310026 0 5.003152e-10
219860187.0 0 1812.5110904273308 0 1.8260821e-06
77322543.0 0 1793.141329122945 0 2.191544e-05
298734683.0 1 1798.6146851851347 1 0.9999999
445315985.0 0 1809.202055259027 0 8.9796595e-06
245400997.0 0 1808.8484464014111 0 2.3675277e-06
49712862.0 1 1799.4938702333775 1 0.9992995
375787430.0 0 1812.5753585424197 0 7.384086e-14
367949619.0 1 1800.2425730171651 1 1.0
194783674.0 1 1805.8494375933005 1 1.0
299493136.0 0 1808.8877131569989 0 7.0974333e-09
241035265.0 1 1805.6192125357736 1 1.0
403746970.0 0 1793.390010406819 0 0.00014813777
420268169.0 0 1812.3668426342708 0 1.746999e-05
366782088.0 1 1805.4295996255848 1 1.0
427647772.0 1 1798.7223801225439 1 1.0
250934637.0 0 1805.2240141455902 0 2.0398326e-15
288854677.0 0 1809.1394138126307 0 7.7444776e-05
427555786.0 1 1794.5134868066543 1 1.0
385101074.0 0 1796.6407924700554 0 0.0005122406
415959499.0 0 1805.4948730743513 0 2.5930979e-06
229639831.0 1 1797.1989374254285 1 1.0
410474261.0 1 1799.5153150028457 1 1.0
381807163.0 0 1812.5577190873325 0 0.003419149
201187252.0 1 1796.6619464022738 1 1.0
28914297.0 1 1798.1205544747754 1 1.0
284207676.0 0 1793.1394420459433 0 1.0231734e-08
289354991.0 0 1808.868199548005 0 1.7534115e-06
375905662.0 0 1805.2004794282952 0 6.181654e-09
370763683.0 1 1805.2443736104071 1 1.0
441812532.0 1 1798.5945291960084 1 1.0
432015131.0 1 1811.1619176021852 1 1.0
431775050.0 1 1793.8073266329313 1 1.0
259384433.0 1 1805.9951294481052 1 0.9999998
229442981.0 1 1805.3031018736108 1 1.0
376994854.0 1 1799.2607808011028 1 1.0
256661026.0 1 1794.282581642058 1 1.0
301642812.0 0 1812.3489418626245 0 7.173815e-07
13277778.0 1 1798.5967814697267 1 1.0
65351340.0 1 1795.7240311155692 1 1.0
265291150.0 1 1805.5359783613187 1 0.9999995
240808670.0 1 1795.285808611309 1 1.0
81688370.0 0 1805.2026220652263 0 2.092694e-09
309137526.0 1 1797.3694999414715 1 1.0
250454963.0 0 1812.3486524581708 0 0.0006283817
292720939.0 0 1812.6406539728498 0 0.00049740664
405625413.0 0 1812.3904535845054 0 0.0006753977
247404039.0 0 1812.5787542452479 0 0.0002180821
250897228.0 1 1797.4948155127056 1 1.0
427956433.0 1 1796.4094784118079 1 0.9999996
441717793.0 1 1794.8028817966704 1 1.0
229448888.0 0 1796.9072038352085 0 5.575673e-07
423461498.0 1 1799.3479213574008 1 1.0
250962119.0 1 1794.0571188809354 1 0.99997383
289208457.0 1 1810.263844095569 1 0.99999976
299492187.0 0 1808.8668868765683 0 2.7218972e-08
353733033.0 1 1798.9479554390796 1 0.99999744
292607265.0 0 1805.2240403654632 0 1.3601117e-09
264305111.0 0 1812.3876773588922 0 0.0020875144
315757230.0 0 1812.491657008615 0 0.0003273124
104150354.0 0 1793.3279780363634 0 1.9070954e-13
381806049.0 0 1805.4745185652748 0 0.029116921
82094777.0 1 1796.3688321156062 1 1.0
415959842.0 1 1811.3904059497715 1 0.99999994
258628565.0 1 1798.3662795786536 1 1.0
427689755.0 1 1805.3885668243886 1 0.9999999
359584949.0 0 1808.8437235391737 0 2.288155e-05
347688587.0 0 1812.3484532270204 0 4.753146e-09
178139182.0 0 1793.1410222404172 0 0.00016879321
418223087.0 1 1805.6792720031797 1 1.0
422612121.0 0 1805.2217871683072 0 2.57231e-07
452943219.0 0 1796.6396323603335 0 2.7982102e-08
449987928.0 1 1810.9309124745178 1 1.0
245398036.0 0 1808.84850828775 0 9.619548e-05
259143396.0 1 1794.8281212315012 1 1.0
230384124.0 1 1796.3026292410764 1 0.99999595
431992623.0 1 1795.328294811779 1 1.0
73448829.0 1 1797.4329934827686 1 0.9999936
28913670.0 1 1795.7455343864613 1 0.99999994
264730191.0 1 1811.4109764699983 1 1.0
22735738.0 0 1805.287158903997 0 0.0112338085
375985983.0 1 1794.5755682945444 1 1.0
196788556.0 1 1795.0987620623748 1 0.99994165
329084479.0 0 1805.1998540026968 0 8.563965e-09
400194383.0 0 1812.347150478118 0 7.56942e-05
445231304.0 1 1799.285498990682 1 0.9999999
202954152.0 0 1809.0992000423364 0 0.0027046057
230003870.0 0 1793.4071965375026 0 0.00042986358
34820374.0 0 1793.1414512565689 0 0.00024982516
284207578.0 1 1797.1394245237839 1 1.0
396343734.0 0 1812.3473394024406 0 1.0475477e-05
233129338.0 1 1806.1773291844568 1 0.9999395
116850886.0 0 1808.9324505939442 0 6.9871436e-05
320499425.0 1 1810.2596099403734 1 0.9993552
269820061.0 0 1812.5134784888908 0 1.6807345e-06
203094809.0 0 1796.6409011670378 0 0.00025452036
256581455.0 1 1795.9711618848617 1 0.9999998
301835445.0 1 1798.6612842378715 1 1.0
230011847.0 0 1805.2194800997956 0 1.303603e-13
346723607.0 0 1805.5372477218039 0 0.000479287
406899460.0 0 1812.3680422023194 0 4.6986916e-06
189598287.0 0 1805.6197751407751 0 3.0778342e-06
241022632.0 0 1812.3899158535326 0 1.0506222e-05
279765760.0 0 1808.846747124027 0 5.7506066e-12
376546667.0 0 1805.221459174389 0 1.727964e-07
73565824.0 0 1809.161934809481 0 3.21515e-05
270441804.0 1 1799.3887681991228 1 1.0
20872863.0 0 1805.4117580953568 0 2.6059002e-09
264309188.0 1 1793.8458940760331 1 1.0
11246577.0 0 1794.3480227715809 0 0.0027684502
270230875.0 0 1805.2011709451826 0 3.746405e-08
12110841.0 0 1809.1605071742085 0 0.00056299806
389636332.0 1 1795.2229962794893 1 1.0
250586032.0 1 1793.9739097183617 1 1.0
331314073.0 0 1809.2022954941622 0 3.6169105e-05
285181188.0 1 1797.4329069402377 1 1.0
372114999.0 1 1794.140088706542 1 1.0
357820669.0 1 1796.264343846751 1 1.0
416098108.0 0 1805.2660414403606 0 8.266238e-05
377204994.0 0 1808.8464855618552 0 5.783155e-05
400506361.0 0 1805.5357800870077 0 3.3472294e-05
420850137.0 1 1811.389321002144 1 1.0
249830559.0 1 1810.973735583756 1 1.0
396388563.0 1 1811.305969418469 1 0.99987537
410651644.0 1 1797.390451956685 1 1.0
308717191.0 1 1797.848750049469 1 1.0
240933918.0 0 1805.2026446744037 0 2.9646792e-08
323301167.0 1 1796.2213470968493 1 0.9995188
372197986.0 0 1805.2026850985383 0 0.0074758697
233621863.0 0 1812.3441032483129 0 0.011032503
251838877.0 1 1798.4525537270079 1 1.0
376976038.0 1 1805.5106527010025 1 1.0
94371007.0 0 1805.474607093284 0 0.020242298
282784786.0 1 1794.7642698924838 1 1.0
373018350.0 0 1805.2008570090952 0 1.841365e-05
240808670.0 0 1809.2021852983805 0 4.7383573e-08
433977596.0 0 1808.8673374609102 0 3.4318495e-05
302627980.0 1 1797.3266255288645 1 0.99999917
68000621.0 1 1797.59946472576 1 0.99999994
229502273.0 0 1805.1988683682314 0 3.4110496e-08
83812940.0 1 1810.4306847164253 1 0.9999499
449937974.0 0 1805.2865795295438 0 0.0004997903
421381550.0 0 1809.2434357682832 0 0.00017711782
387239641.0 1 1794.8871499549816 1 1.0
90667435.0 0 1796.6412547519626 0 0.00027391227
322055601.0 1 1794.0127255145915 1 1.0
177886618.0 1 1799.5786008096193 1 0.99991083
196918940.0 1 1799.2654312105853 1 1.0
265007029.0 0 1805.2026294617765 0 5.0764797e-06
264224989.0 1 1805.2834406580987 1 1.0
431989510.0 0 1812.4326582432975 0 0.0006292004
415901876.0 1 1797.2449840859667 1 1.0
71849965.0 1 1799.5984395945445 1 0.99999994
192489455.0 1 1794.3907060746144 1 0.99999994
13456596.0 1 1795.1187689245453 1 1.0
299330938.0 1 1795.327579850984 1 0.9999991
240891813.0 1 1810.556529591691 1 0.9999876
229674024.0 0 1808.8447669617328 0 3.283611e-08
372112312.0 1 1811.2234459473489 1 0.99999243
219741444.0 1 1796.4263163201572 1 0.999953
229769044.0 1 1794.96973538087 1 1.0
353956367.0 1 1796.9324318327199 1 0.99989486
20872572.0 0 1793.1408383432758 0 0.0018435663
139408139.0 1 1811.1409960264957 1 1.0
366582053.0 0 1793.1371864230741 0 4.616151e-09
377146412.0 0 1808.846499772676 0 1.4492467e-08
229512750.0 1 1796.7406900037802 1 1.0
354382330.0 1 1810.554874946113 1 0.99999994
230112337.0 1 1795.0731228278082 1 0.9999928
366637868.0 1 1797.4919816142292 1 1.0
426082998.0 1 1810.3259878562128 1 1.0
368028401.0 0 1805.2011839578424 0 0.0015477482
379481591.0 1 1811.431004052171 1 1.0
230127811.0 1 1795.4899923549222 1 1.0
352674335.0 0 1805.2224877696 0 6.012026e-06
230018535.0 1 1810.2817702530083 1 1.0
252148311.0 0 1812.702003779187 0 6.8025177e-09
396062171.0 0 1808.8682790363289 0 5.4821794e-05
299335635.0 1 1796.2653121012622 1 1.0
118300110.0 1 1810.1619136553325 1 1.0
417662947.0 1 1794.4715014651572 1 0.99995494
327120572.0 0 1805.535067013776 0 1.863267e-06
286409037.0 0 1805.264910555366 0 1.4522637e-06
278855680.0 1 1798.972654078571 1 0.99999976
85486856.0 1 1794.4746509771662 1 1.0
101259135.0 1 1796.1621070588085 1 1.0
235942843.0 1 1810.4288050456025 1 0.9999998
322055289.0 1 1806.1792358153702 1 1.0
326810027.0 1 1793.786423189355 1 1.0
192552870.0 1 1794.5782446445464 1 0.9999884
396208925.0 1 1795.1178640206606 1 1.0
354404238.0 0 1808.8486453705602 0 6.132793e-05
279521486.0 1 1811.2216064803886 1 1.0
280412792.0 1 1799.9937814096904 1 1.0
359548396.0 1 1799.5142068413543 1 0.99999994
417456401.0 0 1805.2644405901394 0 0.000622684
331389565.0 0 1809.2022697718814 0 4.2252304e-06
149979036.0 0 1805.474779337213 0 1.4072483e-05
444135376.0 1 1793.7650779960286 1 0.99667287
367463682.0 0 1812.3487604918637 0 0.00028300832
405415022.0 1 1799.3706102006447 1 1.0
65749412.0 1 1805.5366564068206 1 1.0
292613411.0 1 1796.120000571395 1 0.98277265
292469923.0 0 1812.7864170975931 0 0.00046149347
419751930.0 0 1796.6392428557463 0 5.367503e-05
177804060.0 0 1805.307733003283 0 0.00018746073
444588743.0 0 1793.1395179979438 0 0.0131395925
396198189.0 1 1799.722054402545 1 0.99999607
53961649.0 0 1809.3895435005982 0 4.128158e-07
252183064.0 0 1809.2021938622456 0 0.0004195445
20703587.0 0 1805.203273559032 0 9.104277e-07
20801285.0 0 1793.1408423603743 0 0.00013288953
233209941.0 0 1812.364881180496 0 1.6747537e-06
103946306.0 1 1799.6196285112921 1 1.0
241092480.0 0 1812.3693977650846 0 0.030940484
374695963.0 0 1805.2026628157016 0 9.777376e-05
428775428.0 0 1793.3049293541344 0 4.4013795e-08
302235453.0 1 1793.577861735946 1 1.0
352902799.0 0 1812.3494316777162 0 0.00024158403
445402441.0 0 1805.5562516056948 0 3.2916525e-10
265189652.0 1 1795.7637900546706 1 1.0
359588051.0 0 1812.3850474451774 0 7.47453e-06
219855237.0 0 1808.8438938405857 0 6.9794226e-08
270929379.0 1 1806.2011592994893 1 1.0
436924709.0 0 1793.1414133680555 0 9.010531e-09
354600017.0 0 1812.7016690828286 0 0.00011344535
249881771.0 0 1808.8489607475199 0 0.0010688219
104029331.0 0 1812.3489460755354 0 4.1571717e-08
251224729.0 0 1808.8487002024824 0 3.5905563e-11
333067722.0 1 1793.223298987023 1 1.0
200777759.0 1 1796.599477386428 1 1.0
250746187.0 0 1793.1406489596948 0 9.148144e-14
399763482.0 1 1798.88846728759 1 1.0
28690469.0 0 1793.1409245991783 0 0.00011249533
374129736.0 1 1810.9939728451648 1 1.0
29018316.0 1 1797.1622456222335 1 0.99999774
445224414.0 0 1812.7018365649456 0 0.00010897254
192593596.0 1 1810.6824787006378 1 0.99997944
338718387.0 0 1808.8672246302901 0 7.6143635e-07
403336243.0 1 1810.764226961674 1 1.0
371000432.0 1 1795.765178560913 1 1.0
288633162.0 1 1805.9078966087766 1 1.0
436879848.0 1 1806.2871903357734 1 1.0
272831301.0 1 1794.6807946362467 1 0.99999857
417843052.0 1 1799.328470558887 1 0.99999976
321688478.0 1 1796.0334485469155 1 1.0
445324142.0 0 1805.5562264612643 0 4.6989696e-13
333112922.0 1 1794.4109661532116 1 1.0
366470628.0 0 1812.3669000272068 0 7.88247e-09
63677963.0 1 1797.9744983102576 1 1.0
279753804.0 0 1805.2648452493665 0 1.7506611e-08
308785248.0 1 1810.9109460522504 1 1.0
237011192.0 1 1798.9702622753707 1 0.9999995
250456709.0 0 1812.3903705278137 0 1.8476305e-05
421307285.0 0 1812.344064080848 0 1.076389e-08
251123022.0 0 1796.827829651922 0 8.590112e-06
21120914.0 0 1812.9327178602216 0 0.0004485225
194670356.0 1 1798.4326937477367 1 0.99999744
336819422.0 0 1793.3256792013044 0 5.0565486e-06
368611685.0 1 1799.3681072756958 1 0.999999
449991108.0 1 1793.410324391635 1 1.0
403622718.0 1 1793.369265760363 1 1.0
219112671.0 1 1794.2401975595742 1 0.99999976
403746452.0 0 1805.2028068124469 0 3.158483e-10
288636282.0 1 1810.4286063628113 1 0.999954
251626846.0 1 1797.056969346477 1 1.0
316138176.0 1 1795.7441745068386 1 1.0
236776528.0 1 1805.5313749853528 1 0.9999946
315775727.0 1 1798.8040856329335 1 1.0
445372883.0 0 1805.5564030058388 0 5.4491794e-15
398069666.0 0 1805.2643712636893 0 1.6616739e-12
186629856.0 1 1793.578619997332 1 0.9999994
65196007.0 0 1796.6408777814 0 0.00049216213
230384546.0 1 1806.2191705377945 1 0.9999947
309235278.0 0 1805.244411185987 0 8.193425e-16
319847776.0 1 1794.5978933101267 1 0.99999994
398306011.0 1 1797.5545212888458 1 1.0
63471618.0 1 1797.1827967370702 1 1.0
435355210.0 1 1798.6385779991117 1 0.9999964
192297712.0 1 1797.0367443570422 1 1.0
427588201.0 0 1796.9091813062707 0 1.4589872e-08
312467981.0 1 1810.535436713321 1 1.0
279568639.0 0 1808.8675561061107 0 6.8127333e-06
292322983.0 1 1806.3697975737405 1 1.0
270014616.0 0 1796.9095929832115 0 8.40006e-05
396574801.0 1 1795.578465838139 1 1.0
288945163.0 1 1795.5768187725425 1 1.0
285083594.0 1 1796.2027612095194 1 1.0
256645287.0 0 1808.8668129939037 0 9.2353184e-07
326788321.0 0 1805.5558236156824 0 0.0009158223
34750272.0 1 1795.6830861055428 1 0.9998538
129864940.0 1 1797.1618377599968 1 1.0
436843124.0 1 1795.8498004434634 1 0.9999986
400951601.0 1 1799.1407835788048 1 1.0
249916590.0 1 1810.244786970721 1 0.99996513
28961645.0 0 1809.120626864351 0 0.00058326905
453184239.0 1 1795.764991009043 1 1.0
292001899.0 1 1794.3908062826506 1 1.0
269893200.0 0 1808.9121135419844 0 8.268011e-05
412353000.0 0 1805.2419228515794 0 8.3822904e-08
400254698.0 1 1805.3679935298524 1 1.0
229597519.0 0 1794.1987714421832 0 0.0013423191
83806793.0 1 1811.451436935325 1 1.0
396662379.0 0 1796.8054171129916 0 2.3080522e-05
428705952.0 0 1812.3468038103358 0 2.906393e-07
417843137.0 1 1794.8910337446057 1 1.0
233514389.0 0 1794.4056591129083 0 0.000635023
229499393.0 1 1811.4697348517052 1 0.9999997
252192240.0 1 1797.0566137221126 1 1.0
431760686.0 0 1808.9743062042342 0 0.00042817276
381585159.0 1 1796.5993831652765 1 0.99999833
428054344.0 1 1805.307422855566 1 0.99999994
308289231.0 0 1793.140366598354 0 1.2665918e-12
370212288.0 1 1811.4940142431958 1 1.0
395925044.0 1 1800.493129811749 1 1.0
129762002.0 0 1805.5993587377031 0 7.400471e-07
192536159.0 0 1805.3075716773203 0 1.9961451e-05
22814039.0 0 1796.6413699104548 0 0.00020338685
377416971.0 1 1805.9507592789628 1 1.0
229445310.0 1 1795.094758547793 1 1.0
237290140.0 1 1805.220377118863 1 0.9996662
352807799.0 1 1811.203687330605 1 1.0
366975840.0 0 1812.3462763330672 0 5.036341e-08
441722462.0 0 1805.1985898880332 0 1.0743928e-09
395658146.0 1 1796.3262940993418 1 1.0
250554398.0 0 1808.869590971787 0 2.3037665e-05
450157798.0 1 1793.80691355735 1 1.0
327245482.0 1 1794.181174570288 1 1.0
85524349.0 0 1800.1413243549393 0 1.2888901e-07
101037444.0 0 1809.1205331357894 0 0.00028433735
323304257.0 1 1805.4920685557615 1 0.99999976
417310592.0 1 1793.5559716866626 1 0.9999993
268516426.0 0 1796.9094199629671 0 8.741885e-05
198184398.0 1 1795.426390050497 1 1.0
178106889.0 1 1795.4536071392556 1 1.0
395696619.0 1 1794.8886924818332 1 1.0
258958811.0 0 1812.3657565715737 0 2.3373572e-05
398024704.0 0 1805.3477584736675 0 2.6804534e-09
288734931.0 1 1811.011977235763 1 1.0
374303249.0 1 1798.452342242171 1 1.0
245421634.0 0 1812.3485055911449 0 0.00020609642
270553187.0 0 1805.2220966502373 0 4.787347e-09
405482889.0 1 1811.391487450578 1 1.0
12986516.0 1 1797.5565961858636 1 0.99999374
252817841.0 1 1798.4946032125968 1 0.99999547
77543001.0 1 1793.2246530743494 1 0.99999565
65165362.0 1 1796.8074365880839 1 1.0
289723597.0 0 1797.968343826358 0 8.945339e-13
34620321.0 1 1795.7248030576511 1 1.0
445450149.0 1 1796.7652023116036 1 0.9999996
322060987.0 0 1808.8875333627677 0 6.5204435e-12
233132351.0 1 1799.6356180204543 1 1.0
307640507.0 1 1795.5358305159468 1 1.0
116214066.0 0 1812.3906225154774 0 4.964769e-05
445235922.0 0 1796.6398010127496 0 2.580217e-05
116760547.0 1 1797.4322015702744 1 0.999655
316322253.0 0 1796.8901781793184 0 0.00030124784
284807429.0 1 1795.9934419916103 1 0.99999356
377978347.0 1 1795.9512080542456 1 0.9999987
407391200.0 0 1805.2011089442792 0 6.8085303e-12
192467947.0 0 1808.974376711348 0 0.00061857875
370596684.0 0 1808.8484595913515 0 4.7245047e-07
428067663.0 1 1796.786477368823 1 1.0
289093425.0 0 1808.8470229863503 0 0.00028279363
378280451.0 0 1812.367876899941 0 6.8599996e-07
312862956.0 1 1799.5773710566539 1 1.0
229966242.0 0 1812.3858567580457 0 3.3412844e-09
415837750.0 0 1805.2031415002264 0 6.9144306e-08
139579405.0 0 1796.6411229043758 0 0.00028424792
286025926.0 1 1810.9531671931368 1 1.0
288406303.0 0 1805.2410529498193 0 1.2858292e-15
235683276.0 1 1806.17843731549 1 0.99999994
403948749.0 1 1799.5769960406205 1 0.99999875
252866189.0 1 1794.5155310281168 1 0.9999996
444594142.0 1 1798.4938137275974 1 0.99999535
264454096.0 0 1809.3876815222977 0 2.9095483e-05
316491478.0 0 1809.0721073221016 0 1.116716e-10
372269137.0 1 1797.4525457466666 1 1.0
434263751.0 1 1795.4926921799674 1 0.9999999
444497412.0 0 1796.6394729631866 0 0.00010650755
192652602.0 0 1808.9325341232475 0 0.0005819006
298358846.0 0 1812.3674940452959 0 2.8111215e-06
177993784.0 1 1795.4743268484588 1 1.0
415961061.0 0 1805.2239170970047 0 1.8542302e-08
444356097.0 1 1793.80599469147 1 1.0
453272088.0 0 1809.1607914048375 0 3.011128e-05
423948197.0 1 1810.4917959170025 1 1.0
177992848.0 0 1793.1409908599749 0 0.00063831115
422922286.0 0 1812.6616879199664 0 0.00032454196
52437210.0 0 1812.8060697012054 0 0.023741625
251325954.0 1 1805.4944041779029 1 1.0
450142397.0 1 1798.3692111125001 1 1.0
410615958.0 0 1808.8693888477246 0 2.0007266e-05
306183336.0 0 1812.7020983040336 0 2.4548313e-11
192693142.0 1 1794.870060515116 1 0.99999255
312339132.0 1 1794.4314850277249 1 1.0
369825016.0 0 1796.9102318843566 0 0.2786452
403877251.0 0 1808.9316372577157 0 5.077175e-05
327581427.0 1 1795.9936397242477 1 0.99999976
420176421.0 0 1808.8869531865757 0 2.9137133e-05
292465093.0 0 1812.3489114637734 0 0.00035424717
139533981.0 1 1794.1202392725925 1 1.0
302148491.0 1 1805.4950982847893 1 0.9998881
398325962.0 0 1808.867237829372 0 3.1667685e-08
319920120.0 1 1798.243803386095 1 0.9999985
259097101.0 1 1796.4073697202507 1 1.0
403742835.0 1 1805.9112648519579 1 1.0
353779523.0 0 1797.9686136659734 0 1.07084205e-07
347494001.0 1 1795.0573940385011 1 0.9999998
402658915.0 1 1797.115775345498 1 1.0
422353035.0 1 1794.2621666729333 1 1.0
285237181.0 0 1796.6395854577283 0 0.00080196175
65287349.0 0 1793.1407764222872 0 0.0006064678
117621693.0 1 1810.5990739950641 1 1.0
270065714.0 0 1809.3079273540768 0 0.0006353548
194783674.0 0 1793.1408991191154 0 0.00034164827
332869735.0 0 1809.1815009912457 0 8.222332e-07
245392252.0 1 1798.0152623537217 1 1.0
65749395.0 1 1797.994848471465 1 1.0
428472302.0 1 1795.5352599043765 1 1.0
177968181.0 1 1810.9744758372785 1 1.0
308959220.0 0 1793.3696773353392 0 3.2211452e-11
268332837.0 0 1796.6371338847584 0 0.0003138378
22746976.0 1 1810.3078835388244 1 1.0
198237420.0 1 1805.8642369648435 1 0.99999845
433283420.0 0 1793.1410685661615 0 0.00034813068
322338839.0 0 1805.2443724267303 0 1.507108e-11
192651412.0 0 1793.140740386895 0 0.00023411062
177821128.0 1 1811.286974596251 1 0.99998647
160586222.0 0 1805.1984887661338 0 1.0117769e-06
191773391.0 1 1796.1405967345627 1 0.9995458
367241905.0 0 1805.2422507450488 0 2.7259342e-05
279195613.0 1 1795.4102511395 1 1.0
417607351.0 1 1811.1788739382218 1 1.0
354548262.0 1 1797.9736905276586 1 1.0
373058009.0 0 1812.3677046587138 0 2.0811294e-06
357046368.0 0 1794.405957647326 0 2.2335244e-06
376368590.0 0 1808.8880155045867 0 3.5252342e-06
229597834.0 0 1812.3447372244245 0 2.8752873e-05
268428072.0 1 1796.678896960921 1 1.0
186597420.0 1 1798.3703899102054 1 1.0
264298907.0 1 1794.0326409907311 1 1.0
399013326.0 0 1809.202252898174 0 2.4001477e-07
199525869.0 1 1806.259980550621 1 1.0
311833578.0 1 1796.1605086280513 1 0.9999343
230027382.0 0 1812.3650963474963 0 4.6795103e-12
312250970.0 0 1793.1397155372824 0 9.243305e-08
51029031.0 1 1796.1189047602063 1 0.7665659
412359232.0 0 1808.8668466128743 0 9.846176e-06
229611301.0 0 1812.3447580789846 0 0.004980325
240770097.0 0 1805.5147613753832 0 4.820276e-13
230086115.0 1 1800.4897455976186 1 1.0
292058043.0 1 1799.3491643846442 1 1.0
346627004.0 1 1810.2454550498205 1 0.9999997
13363403.0 0 1805.2648968836431 0 9.947273e-15
309126202.0 1 1798.2446461446016 1 1.0
264252568.0 0 1808.8450049679384 0 2.950154e-06
10868208.0 0 1808.9106004503508 0 1.0704139e-06
54265677.0 1 1799.9310725940572 1 0.99993837
445361290.0 0 1812.8060827133231 0 1.5953301e-05
264897135.0 0 1805.2004633105157 0 1.07795294e-07
359312949.0 0 1805.4681219230467 0 1.1977625e-13
367532344.0 1 1805.4946453328823 1 0.99999964
321598171.0 1 1795.5126156473918 1 1.0
240882665.0 1 1805.619170841448 1 0.99999845
321684196.0 0 1808.991630337613 0 2.7106586e-09
63782213.0 1 1797.4120406995773 1 0.9999995
201111651.0 1 1795.1827564237838 1 1.0
224596196.0 1 1795.6763235352375 1 0.99996734
348025858.0 0 1812.3485162021618 0 1.2822125e-06
341816088.0 1 1806.0306427028863 1 1.0
353937836.0 0 1794.4062572934542 0 0.00022632236
219099780.0 1 1810.4486027179025 1 1.0
219092927.0 1 1810.323411334179 1 0.99999976
249945361.0 1 1799.4323833927222 1 0.99999994
366587671.0 1 1810.5544726570056 1 1.0
289263532.0 0 1808.8681987772934 0 2.9018534e-07
245700119.0 0 1805.202756759015 0 3.518503e-07
399588188.0 1 1810.3893586741972 1 0.9999999
259100944.0 0 1808.8449011767063 0 0.00014791643
251201370.0 0 1808.8486680539017 0 0.00034128348
71930893.0 1 1794.3899767886317 1 1.0
159539998.0 0 1812.3867875890778 0 5.40916e-07
301566719.0 0 1808.8488165168494 0 0.0001727698
322261825.0 0 1805.2209659381385 0 1.875564e-09
177995000.0 0 1808.8494168340637 0 0.00057884
192690272.0 1 1796.4742622044137 1 0.9999991
81451527.0 1 1796.0771653608413 1 1.0
348311663.0 1 1810.348556034433 1 1.0
65356037.0 0 1808.8909299268457 0 0.0005555456
67518987.0 1 1794.5784404559204 1 1.0
396527515.0 0 1805.2015556173994 0 1.9600899e-12
389913634.0 1 1805.8016777647783 1 0.9866103
423948083.0 1 1799.137833726592 1 0.9995826
445633103.0 1 1793.8484723157346 1 1.0
240892011.0 0 1793.3484872823176 0 6.1759936e-05
219428871.0 1 1794.3018099931255 1 1.0
236760882.0 1 1797.1360516003633 1 1.0
240903642.0 0 1812.3482436084223 0 2.6756746e-07
22842245.0 0 1805.3079529055085 0 1.9196035e-07
292610590.0 0 1808.8489423004287 0 8.101176e-10
34622929.0 1 1796.308060083973 1 0.9999916
289043754.0 1 1805.7430394171206 1 1.0
316249661.0 0 1812.3904956754805 0 1.8546606e-09
390579628.0 0 1805.285557738841 0 0.0001517943
10702178.0 1 1794.8272572386024 1 1.0
338718899.0 1 1797.1382938717552 1 0.9999931
46616986.0 1 1810.5997912048824 1 0.97613007
368727477.0 0 1808.8891092396725 0 5.999286e-09
316623566.0 0 1796.8277407324501 0 8.969407e-06
403742640.0 0 1808.869638648235 0 8.857607e-18
372349959.0 0 1808.8488371384374 0 7.4349173e-06
255995855.0 0 1812.4495008802453 0 2.9210395e-07
237011192.0 0 1812.3449945364346 0 3.0318084e-08
366556362.0 0 1808.8878095728692 0 5.9351626e-09
428388736.0 0 1805.2032846900613 0 0.013412667
230084677.0 0 1812.3440626176714 0 0.000116682
229948115.0 0 1805.2194714743025 0 1.7058996e-10
452883240.0 1 1795.347724978543 1 0.99999994
427649941.0 1 1805.4300409741702 1 0.99999964
73486963.0 1 1796.8287014444725 1 1.0
160520703.0 0 1794.1982000208757 0 4.543434e-05
427950161.0 1 1796.4926772061615 1 1.0
368738288.0 1 1797.0139989065 1 1.0
435362507.0 1 1811.0758181642188 1 0.9999997
453250707.0 0 1809.160694608739 0 0.00011314523
256696297.0 1 1800.0980154859396 1 1.0
384983276.0 1 1810.1618535499144 1 0.9999912
428605931.0 0 1808.8679697950963 0 4.466547e-09
201116684.0 1 1796.0576036007346 1 1.0
249940864.0 1 1805.5780500867393 1 1.0
348025785.0 0 1793.327690299408 0 4.861419e-13
235954162.0 0 1812.3666369423092 0 6.385594e-07
327789293.0 0 1805.223888783178 0 5.3679228e-11
354466165.0 0 1808.8693567868706 0 9.8821026e-08
367423172.0 1 1805.8462586143369 1 1.0
229497381.0 0 1812.344550333564 0 4.5764333e-11
272784070.0 1 1793.3022425213771 1 0.99999976
395521835.0 1 1810.3472954998872 1 1.0
67634988.0 0 1808.8493552239545 0 0.00020195992
219897695.0 1 1797.6360183598092 1 1.0
422451468.0 0 1808.8874134990522 0 4.010686e-06
444078430.0 0 1796.8278648011428 0 0.00023660819
279288205.0 0 1808.8676085783059 0 2.9278362e-07
249830333.0 0 1812.348714159969 0 1.0802076e-05
345782594.0 1 1805.61808853697 1 0.9999969
137205513.0 1 1794.1385318699654 1 1.0
401494592.0 1 1811.4718721571746 1 1.0
235686198.0 1 1810.865873292135 1 0.9998927
264172903.0 1 1797.178391345999 1 1.0
129903219.0 0 1809.1200315632611 0 0.00023482218
291890860.0 0 1796.786551919504 0 0.0001221627
285681305.0 0 1805.3688369722336 0 9.099459e-09
249921263.0 1 1806.1613207231694 1 1.0
68002143.0 1 1798.036894581713 1 0.99999195
237293455.0 1 1796.0120937207416 1 0.99999654
241125585.0 0 1808.8694098877238 0 0.0091767395
192317597.0 0 1812.4949946799588 0 0.00022096845
269667140.0 1 1799.1160479933037 1 1.0
424438076.0 0 1812.552529848119 0 1.4758661e-13
229474843.0 0 1805.2195465785946 0 2.027936e-10
245390572.0 1 1811.2236420038835 1 1.0
368738288.0 0 1808.8473502639392 0 2.3152907e-06
445368635.0 0 1805.5146629793833 0 2.6974934e-07
250867463.0 1 1794.1405224430393 1 1.0
83343204.0 1 1811.2431844923672 1 1.0
219810107.0 1 1805.7813627539756 1 0.99997324
376994775.0 0 1805.1981637233494 0 3.1722483e-10
428747635.0 1 1798.0757406555094 1 1.0
283344958.0 0 1812.8685332551122 0 9.253085e-14
418256655.0 0 1805.4709232720475 0 8.885025e-13
436848526.0 0 1805.3705414882031 0 3.13104e-11
450009479.0 0 1805.535409306388 0 1.7896424e-08
235713902.0 1 1805.720300759498 1 0.99998516
433140578.0 0 1805.4953173170088 0 2.4364098e-08
28693825.0 1 1810.1197856049407 1 1.0
101407235.0 1 1794.6621254782451 1 0.999993
201181969.0 1 1795.5992437550963 1 1.0
331607710.0 1 1806.3063292782365 1 1.0
316047081.0 0 1808.84879051636 0 3.717858e-09
376408914.0 1 1811.2838371716414 1 1.0
417339069.0 1 1795.3684171140608 1 1.0
237210250.0 1 1793.9703407291984 1 0.9999661
275362451.0 1 1795.180316086632 1 0.999996
322346243.0 0 1812.3486599876426 0 2.0865586e-05
116141144.0 0 1809.2863843104772 0 1.5661764e-06
264728694.0 1 1798.7651944934507 1 0.9999992
354109094.0 0 1812.7021415981808 0 7.360005e-05
233571443.0 1 1799.2817157184852 1 0.9999351
265204271.0 0 1805.2026206609041 0 0.0035158042
351553757.0 0 1812.3472161028978 0 1.7173123e-05
389970188.0 0 1805.3229320693272 0 3.5496382e-06
286177742.0 1 1794.9121207369587 1 1.0
322390336.0 0 1796.825301933777 0 1.4441137e-05
192590256.0 1 1798.1408428871873 1 0.9999289
422384169.0 0 1805.241189657446 0 2.380696e-05
347688471.0 0 1793.3901273424158 0 1.3754722e-05
302160540.0 1 1798.5990677730306 1 1.0
321600484.0 1 1799.5739815751954 1 1.0
192558373.0 0 1812.3493477464774 0 0.00018004155
398156989.0 0 1805.3475952392866 0 2.4653152e-10
356056062.0 1 1810.8860454185894 1 1.0
387528535.0 1 1810.9288037401855 1 0.9999998
418372588.0 1 1797.388480070186 1 1.0
284889425.0 1 1797.0098108462705 1 1.0
82618423.0 1 1795.3690835583277 1 1.0
453185259.0 0 1809.3064724547064 0 5.631401e-06
264077432.0 1 1797.7831841162251 1 0.9999986
402810602.0 1 1795.8476042080117 1 1.0
373695206.0 1 1799.1187836136257 1 0.99364007
35082807.0 1 1796.1414114928434 1 1.0
71741380.0 0 1793.1401818927127 0 4.994772e-13
235978781.0 1 1797.470548744032 1 0.9999813
357678363.0 0 1808.9729001142532 0 0.0001988175
452961054.0 1 1798.4313759595912 1 1.0
354288232.0 0 1812.346500543567 0 5.5039573e-06
347946105.0 1 1799.452608968592 1 1.0
359339341.0 0 1812.3888441839788 0 6.544337e-17
73623909.0 1 1794.0786996738505 1 0.9998527
369352998.0 1 1798.930812286843 1 1.0
278855364.0 0 1805.2851677040535 0 2.3684103e-11
362219454.0 0 1808.8873074495718 0 1.34395195e-05
283251929.0 1 1794.6185308610097 1 0.9999928
201300054.0 1 1797.2660862833388 1 1.0
301994288.0 0 1809.140496968857 0 0.00010778479
377255243.0 0 1794.406727609353 0 5.805013e-05
198159522.0 1 1795.3432730471045 1 1.0
207402722.0 1 1794.176249480459 1 0.99999756
35200562.0 1 1797.6413482525443 1 0.9999993
445410590.0 0 1793.1398711361971 0 1.8646469e-07
63626295.0 0 1809.0368464938795 0 0.00039464448
65159476.0 1 1793.43235000187 1 0.9999958
230131062.0 0 1808.844350307758 0 2.4328323e-05
252124251.0 0 1812.7019747296517 0 3.1130912e-07
192647436.0 1 1795.0784447128633 1 0.9999391
71688124.0 0 1805.5357137617284 0 1.6341892e-10
252143445.0 0 1812.6812478360962 0 1.8547152e-11
434717882.0 1 1798.5968336559122 1 0.9999996
250601664.0 0 1796.640590185348 0 9.90212e-06
407517568.0 1 1796.4715242228567 1 1.0
359256653.0 1 1796.6600096094382 1 1.0
272415400.0 0 1812.3677596269367 0 9.511395e-05
398308220.0 1 1799.1379465124282 1 1.0
264917481.0 0 1805.2028928659743 0 6.932825e-07
34753451.0 1 1805.9539566516544 1 0.9999999
191773499.0 1 1794.3281080499553 1 0.9999997
403117926.0 1 1800.053601206956 1 0.9999997
12708463.0 1 1810.8881563738414 1 1.0
270015117.0 0 1793.4096327283746 0 1.6729578e-11
420295661.0 1 1793.8477144186372 1 1.0
374479027.0 0 1793.14006912381 0 6.7699045e-15
241049173.0 1 1794.6404081080236 1 0.9999959
94548312.0 1 1798.4536217939583 1 1.0
407389500.0 1 1799.6595076872343 1 0.99999934
184590042.0 0 1812.7239784251258 0 0.00039590552
445300077.0 1 1798.3480810507576 1 1.0
229650991.0 0 1812.532657360543 0 0.008872094
251702778.0 1 1794.161041291486 1 1.0
402442745.0 0 1808.8449876927034 0 3.7169315e-07
351958171.0 1 1811.0555969066772 1 1.0
250531946.0 0 1805.2029311399715 0 5.0602404e-07
319599158.0 1 1811.3266858249315 1 0.9999998
436870404.0 1 1796.495578419242 1 0.9999953
198413518.0 0 1797.9679992756546 0 0.0042423285
420295645.0 1 1810.1600107102988 1 1.0
264801594.0 1 1810.2860463152779 1 0.9999998
331714637.0 0 1809.1606869934624 0 3.3254986e-05
396344576.0 1 1796.6178265539993 1 0.9999984
353505793.0 0 1796.637650852345 0 0.014521059
301266153.0 1 1798.7030498595327 1 1.0
201356318.0 1 1794.0158732418422 1 0.9990095
396028046.0 1 1797.7221279876337 1 0.99978995
118334690.0 0 1793.141385042446 0 7.145983e-05
418218507.0 0 1808.9708923091619 0 0.00013967829
422354492.0 0 1805.1995102597994 0 3.185672e-06
423034236.0 1 1796.0151758707782 1 1.0
381583700.0 1 1794.8493070800066 1 1.0
275858205.0 0 1805.3268590250354 0 0.00016940592
407390845.0 1 1799.3052857882815 1 1.0
354541797.0 0 1796.6404026501957 0 0.00012795973
229496251.0 1 1794.1573403790874 1 1.0
431925339.0 1 1796.3699718589128 1 1.0
12415594.0 1 1795.8689899300405 1 0.9996157
403335736.0 0 1812.7016754162914 0 3.3257088e-08
259144034.0 0 1805.2241002249339 0 8.482745e-09
279711204.0 0 1805.2009643404208 0 4.153208e-06
331603658.0 0 1812.7437514605372 0 2.9982908e-05
117619327.0 0 1808.9532908710398 0 0.00034603698
444492163.0 1 1793.3477130197832 1 0.9999853
436930306.0 0 1793.141373223944 0 0.011885485
357746262.0 1 1797.1808851014111 1 1.0
444500656.0 0 1809.3269070638091 0 0.00038924455
279926110.0 1 1796.5356145697356 1 0.999999
286315939.0 1 1793.8496918064664 1 0.99997455
235678217.0 0 1805.2200382019764 0 7.2471217e-11
302089547.0 1 1806.0782672143634 1 1.0
229443411.0 1 1797.9698299080194 1 0.9999866
395653848.0 0 1808.868115201762 0 5.614536e-06
47518812.0 0 1794.4060778203632 0 0.0004927797
427866488.0 0 1808.8884754555781 0 5.060756e-10
452963866.0 1 1797.618923846111 1 0.99999714
251459295.0 0 1793.3900163694523 0 0.0007514471
312682246.0 0 1812.6811964368549 0 8.344944e-07
370602955.0 1 1805.2442480184816 1 1.0
54721478.0 1 1811.2437758259698 1 0.99999255
243297793.0 1 1794.0319420145738 1 1.0
390165432.0 1 1796.6606370185843 1 1.0
326258980.0 0 1805.345082432527 0 6.997383e-07
346781234.0 0 1805.2036934470311 0 0.004548665
326632451.0 0 1805.2222426785152 0 8.057619e-08
420552290.0 1 1796.1184471835427 1 0.99999964
284145168.0 0 1812.660056020607 0 7.031646e-06
363810550.0 0 1812.3680071008573 0 1.0883603e-09
410773762.0 1 1798.9711652851604 1 1.0
65358511.0 1 1810.120179575625 1 1.0
252841611.0 0 1805.2447807030312 0 1.9086542e-06
327364701.0 0 1812.6599371098798 0 0.002906203
116611892.0 0 1808.8490515011092 0 5.830174e-07
35014268.0 1 1810.5163889256744 1 1.0
270324183.0 0 1796.9095799717863 0 0.012107387
241027976.0 1 1794.890418170603 1 1.0
192466803.0 1 1794.2034042510734 1 0.9999999
137159262.0 0 1805.2013328800224 0 0.00024720744
387675673.0 0 1808.8871393924583 0 2.1361402e-08
311820958.0 0 1809.1810781020372 0 8.3333616e-05
427867897.0 1 1810.7634303482 1 0.9999962
71691701.0 0 1796.6400022431467 0 1.7908611e-05
427519378.0 1 1798.1383584760874 1 1.0
285178066.0 1 1811.1826379413021 1 1.0
445356907.0 0 1812.701977170218 0 1.703804e-08
138122604.0 1 1794.0161352304983 1 1.0
301331679.0 0 1796.8278968914558 0 2.8022245e-05
251430659.0 1 1798.431943672998 1 1.0
366068119.0 0 1808.846849924475 0 4.067254e-10
316953722.0 1 1794.3275886370354 1 1.0
250720272.0 0 1805.2237253014769 0 1.317807e-05
201112646.0 0 1805.537078690405 0 0.0007944079
305678997.0 0 1812.3453531802666 0 7.9735946e-05
241022632.0 1 1797.077690963448 1 1.0
334804299.0 0 1812.7835118565354 0 4.6470947e-07
240940049.0 0 1813.098149139567 0 2.5936338e-08
233233781.0 1 1796.4691717325559 1 1.0
359982726.0 1 1799.720145099496 1 0.99999994
275055370.0 1 1796.0554495591568 1 1.0
230380918.0 1 1796.219583649238 1 1.0
307117358.0 0 1809.18145914384 0 8.227519e-08
240962467.0 1 1810.1607441969995 1 1.0
35117954.0 1 1797.5164205185292 1 1.0
46502622.0 0 1793.1413331334193 0 0.00029637953
85400817.0 0 1808.8496476091323 0 0.00025576272
333803315.0 0 1808.9705430539673 0 1.7933654e-06
289622680.0 1 1794.343648531259 1 0.9999996
353173655.0 0 1808.9101491991396 0 0.00034907885
353929217.0 1 1794.8704633362065 1 0.99843895
279726148.0 0 1808.910890433923 0 0.0001479809
368599330.0 0 1812.3468768678965 0 6.0199207e-12
186719960.0 0 1805.2245265755537 0 7.7866585e-05
441812532.0 0 1805.1987414586126 0 1.4893876e-15
385555160.0 0 1805.5581003957702 0 0.00022346282
444439472.0 0 1809.201657464396 0 0.000106923246
230014869.0 0 1808.844596491313 0 3.153262e-07
445558560.0 1 1793.931819143246 1 1.0
286409527.0 0 1808.9316203870205 0 0.00010016425
117327185.0 1 1795.0781398930114 1 1.0
427383588.0 0 1805.2007539934887 0 6.9412145e-08
52260867.0 0 1809.20202157667 0 3.6410697e-09
305430833.0 0 1796.7649379473291 0 0.003406573
370430421.0 1 1794.1190667387446 1 1.0
14038149.0 0 1808.952493209236 0 1.1766036e-05
233501988.0 0 1805.219348499938 0 1.2776769e-10
375719362.0 1 1794.096466277906 1 1.0
445311096.0 0 1809.1812996278225 0 5.977495e-06
305047853.0 1 1795.4941391488187 1 1.0
184588451.0 0 1796.641028592577 0 0.0017972139
237293896.0 1 1797.5329660030354 1 0.9989253
421683849.0 0 1809.2018829353556 0 6.5923484e-07
279670446.0 0 1808.8678203731079 0 0.00017453537
289723597.0 1 1805.6140388865747 1 1.0
312142585.0 1 1796.2647419349273 1 1.0
400814245.0 0 1805.306441550336 0 3.7538066e-09
264897914.0 0 1793.137800674176 0 2.0504597e-10
264915759.0 1 1795.348681134689 1 1.0
432046871.0 0 1805.3075783693498 0 0.000816125
444495288.0 0 1812.8267821334416 0 7.004908e-08
184659682.0 1 1795.4742548415004 1 0.9999905
229510813.0 0 1808.8655870076504 0 4.5255883e-06
229605375.0 0 1812.3659442891935 0 2.1810984e-12
285506890.0 0 1812.3485441078633 0 2.297533e-05
357048961.0 1 1805.65611773546 1 0.9999495
235685605.0 1 1798.199278739364 1 1.0
370269511.0 1 1795.4316795647726 1 1.0
11158635.0 0 1797.8482412007604 0 6.635353e-08
445632761.0 1 1797.1401707018151 1 1.0
308529167.0 0 1812.4733631041038 0 8.3709847e-07
402977148.0 0 1808.8467587322523 0 0.000111288915
237209648.0 0 1812.387030184983 0 0.00013654956
417843514.0 0 1793.1410760691151 0 0.0050260145
347681653.0 0 1805.2028292138689 0 9.501093e-07
326856571.0 0 1808.8903329130146 0 0.00010595133
435355173.0 1 1798.61775535469 1 0.9999987
284316014.0 0 1809.2017300724362 0 5.3768662e-08
252101423.0 1 1799.9939082155552 1 0.99999994
116849798.0 0 1812.3907739737292 0 0.00035412444
312466656.0 0 1809.1813337099898 0 9.9537786e-08
22739283.0 0 1809.0162195626558 0 0.00014386575
198279732.0 0 1808.9060180666631 0 0.0003777445
299492988.0 0 1808.8877183345564 0 3.4753527e-17
354160716.0 0 1812.3899398176789 0 7.900564e-05
444113917.0 0 1808.8901922718978 0 1.9463496e-13
52341315.0 0 1796.6393738723007 0 0.0010956022
46428036.0 0 1805.578972804701 0 0.0005345043
332802700.0 1 1795.4942004960233 1 1.0
72084719.0 1 1796.619078464063 1 1.0
396533038.0 1 1799.2014134990152 1 1.0
251650602.0 0 1808.8485560054273 0 6.132863e-05
387563791.0 1 1798.3456249112314 1 1.0
422827667.0 1 1798.5324823138353 1 1.0
265188499.0 0 1796.9095975778687 0 1.4460983e-05
275186724.0 1 1810.7219498485981 1 1.0
351606357.0 1 1796.8263606428707 1 0.99949837
354046724.0 1 1797.1377202676367 1 1.0
445245390.0 0 1809.2020277832623 0 0.00011110898
292274351.0 1 1798.0573041484656 1 1.0
203037041.0 1 1797.515810255277 1 1.0
327606180.0 0 1805.2030341162224 0 1.8209537e-06
387675673.0 0 1805.2413682784438 0 1.4969979e-06
200935514.0 0 1793.140857361707 0 0.00037616747
376298461.0 1 1800.1185365235378 1 1.0
444334200.0 1 1793.8894022378788 1 0.9999942
403751764.0 0 1796.639881864451 0 0.00015164068
428208284.0 1 1811.1824118572224 1 0.99999994
403691682.0 1 1794.6819875764209 1 0.99999994
268378643.0 1 1805.7414725117358 1 1.0
368889209.0 0 1797.1598506230528 0 4.6929853e-07
116218054.0 1 1794.3489718992653 1 0.9999994
364179456.0 0 1805.2623231184732 0 9.0529437e-07
403117926.0 0 1808.8451623367382 0 1.9514589e-07
445560130.0 1 1796.3485405448234 1 1.0
50607892.0 1 1795.7232221781512 1 0.9999999
332872308.0 1 1797.535871825525 1 1.0
118389968.0 0 1812.453577126554 0 0.0002700929
354253718.0 1 1796.8070014963373 1 1.0
452913014.0 0 1793.139720410383 0 7.2361706e-14
83142000.0 0 1808.8681367545437 0 3.314157e-09
236759538.0 1 1797.4900197594652 1 0.9999563
116374908.0 0 1809.07825266187 0 4.201503e-06
387763343.0 1 1797.0331879989014 1 1.0
309235372.0 0 1812.3901055692636 0 9.052445e-12
252860768.0 1 1799.0154613117672 1 0.9999975
265390268.0 0 1808.8456578659282 0 5.9389873e-07
327396263.0 1 1797.8698209505317 1 0.99999815
82560838.0 1 1797.1604561416725 1 0.9999916
285424819.0 0 1809.202838570039 0 6.2270476e-05
229446898.0 1 1794.8446836193975 1 1.0
192252686.0 1 1798.7659859185526 1 0.9999998
238802411.0 0 1793.140909947331 0 0.00031073077
229977698.0 1 1795.2196074185551 1 0.99999994
452882061.0 0 1805.514199998922 0 5.5940445e-06
289139323.0 0 1800.3056750257995 0 0.0001298898
28875006.0 1 1798.5163858636536 1 1.0
445308298.0 0 1809.1813475819283 0 0.00010618456
245499939.0 0 1805.2027680512908 0 4.6547808e-05
362260536.0 1 1810.115814303329 1 1.0
376843726.0 1 1799.3881899289324 1 1.0
337001974.0 1 1794.117354503171 1 1.0
433283420.0 0 1796.641102694711 0 0.0002410213
250866926.0 0 1805.2238786373523 0 4.2853566e-07
232984664.0 1 1795.1143569485755 1 1.0
238793257.0 1 1794.7866178136107 1 0.9999997
81681682.0 1 1795.5564580350301 1 0.99999946
399202034.0 1 1795.2023091458302 1 1.0
219791854.0 0 1805.1981382827419 0 7.79218e-13
375081930.0 0 1812.3484100635098 0 1.8757366e-06
49718546.0 1 1796.1398152740278 1 1.0
196739142.0 1 1795.327865266938 1 0.9999989
139374736.0 1 1798.1826781628947 1 1.0
279441950.0 0 1812.5559761606 0 0.0014151069
256925930.0 0 1805.2199521105547 0 2.129631e-08
331325154.0 0 1809.3270943046186 0 0.00012433677
230380918.0 0 1808.844467868497 0 1.0489783e-05
445488829.0 1 1799.4319294589238 1 1.0
139463633.0 1 1796.807736916916 1 0.99999994
351538646.0 0 1808.8682031626383 0 0.00013818766
245723918.0 1 1810.431786037172 1 0.999993
400505163.0 0 1796.6400219813333 0 0.00058086106
258954643.0 0 1805.2197059811958 0 6.9683537e-16
333783724.0 1 1797.3872131255105 1 0.9999998
293127200.0 1 1811.5156127696491 1 0.9999999
139431605.0 0 1805.4952648696649 0 0.00018183338
399197082.0 0 1812.473259043681 0 0.24433216
53800027.0 0 1805.6812296864673 0 2.5608704e-05
233738083.0 0 1812.3441402022495 0 3.521725e-08
332814610.0 1 1795.4106555065684 1 1.0
287151482.0 1 1796.0310200392366 1 1.0
272415400.0 1 1796.8054930479786 1 1.0
252109307.0 1 1793.931647499042 1 1.0
312252628.0 0 1809.2019409906345 0 0.00039414797
445563048.0 0 1808.869390549511 0 6.7710374e-05
377068335.0 0 1793.4091058748525 0 1.3904522e-13
240995323.0 0 1808.8484653980927 0 9.3347046e-07
117028823.0 0 1805.2031931116148 0 9.087892e-16
368730227.0 0 1796.9099064959935 0 0.0009852941
184680906.0 1 1810.1407267439515 1 1.0
291888805.0 1 1810.20296081761 1 1.0
381732587.0 1 1797.6826950564114 1 1.0
71980557.0 0 1805.2026209722007 0 4.9743157e-08
428460631.0 0 1805.2866424168824 0 0.00019382966
138117383.0 1 1796.2870621940701 1 1.0
283251783.0 1 1793.7018627186003 1 1.0
65202284.0 1 1798.2866582266104 1 1.0
327361569.0 1 1795.514537230111 1 1.0
233612242.0 0 1812.3441181012063 0 0.0005208627
332152659.0 0 1812.6605475905685 0 1.93998e-06
203105437.0 1 1793.4950811582353 1 0.9999676
235938869.0 0 1812.3663593595495 0 0.00012586497
289583047.0 0 1800.176656529546 0 0.00032753215
445666747.0 1 1799.1817769261575 1 1.0
372189172.0 1 1798.8278631115722 1 1.0
367079240.0 1 1805.49165309122 1 1.0
331793189.0 1 1795.034280362686 1 1.0
233193894.0 0 1794.1982961153446 0 1.4480484e-06
377159956.0 1 1805.635568503442 1 1.0
431768929.0 0 1805.2659360595205 0 2.46416e-09
293127200.0 0 1793.1406891111692 0 2.4688944e-15
353853561.0 1 1811.0519043826723 1 1.0
94542690.0 0 1812.766432232144 0 0.00024139733
270811822.0 0 1812.3885581670634 0 9.65295e-05
292695766.0 1 1806.036526297113 1 1.0
326972582.0 0 1812.3903166332095 0 2.3617149e-05
240957101.0 0 1808.89000949449 0 6.198952e-05
408891476.0 1 1798.2211329583383 1 1.0
370950181.0 0 1805.2235130357171 0 3.013081e-05
271749807.0 0 1805.2430183628983 0 1.2472846e-10
245391330.0 1 1805.4111529337376 1 0.9999371
83723784.0 0 1808.8473382042891 0 7.996636e-06
14045089.0 0 1808.9107006442898 0 0.0013735383
441734844.0 1 1796.3653268398293 1 1.0
399762535.0 0 1812.34705557428 0 9.094575e-07
450128755.0 1 1799.3486427197413 1 1.0
271912478.0 1 1797.1389429174665 1 0.99999696
377973762.0 1 1799.3469221331181 1 1.0
289269714.0 1 1810.3262185045126 1 1.0
367838290.0 0 1808.8447856196947 0 9.501125e-10
395769189.0 1 1810.909860613884 1 0.99999976
354117541.0 1 1797.2419191507113 1 1.0
269708304.0 1 1795.0762752984265 1 1.0
288633162.0 0 1813.0538027987232 0 0.0003849255
10867335.0 0 1812.431389730308 0 3.5916675e-10
252145274.0 0 1809.202134335787 0 0.0018139353
316246858.0 1 1796.6402144906099 1 1.0
264546305.0 1 1794.6792075307417 1 1.0
402204433.0 1 1795.3491948834603 1 0.99999917
270065787.0 0 1805.6412875306294 0 0.00014721601
354643553.0 0 1796.8905244495406 0 4.5267452e-13
359034933.0 0 1793.4100322414301 0 6.6245946e-11
445513724.0 0 1793.1400701061343 0 8.392199e-14
390660986.0 1 1810.473360656921 1 1.0
230011156.0 0 1812.3859655609338 0 1.6202468e-07
279191045.0 1 1799.076902095606 1 0.99999994
240964770.0 0 1808.8483506108732 0 5.349755e-05
292058320.0 1 1810.4947946900409 1 1.0
82981337.0 0 1812.6805484627453 0 2.3762093e-06
396606311.0 1 1810.3891891258495 1 0.9999994
331718137.0 1 1811.0980985175854 1 1.0
301639841.0 1 1811.390658562957 1 1.0
232601695.0 1 1805.8438486706914 1 0.99999976
271344174.0 0 1793.40982328291 0 1.9120052e-09
366077287.0 1 1796.451254507949 1 0.99999547
65488320.0 0 1805.265983852783 0 0.0005936366
427846146.0 0 1796.909511669442 0 6.8530935e-05
63791013.0 1 1797.0161598470827 1 0.9999949
302236716.0 0 1812.3487750146533 0 2.2104564e-06
319841362.0 1 1796.806326593808 1 1.0
403627005.0 0 1812.3900929778488 0 7.765695e-05
420108114.0 1 1810.3450688881169 1 0.9999999
348136441.0 1 1795.577666168915 1 1.0
288497796.0 1 1810.4741933869493 1 0.9999995
126023935.0 1 1796.9537708422502 1 0.99967855
268849947.0 0 1812.3675138498402 0 7.212789e-17
321821691.0 0 1808.845772668918 0 0.00012401398
400333648.0 0 1808.8471165576839 0 4.2467967e-05
364186291.0 0 1812.4914144560014 0 0.00047193153
406518264.0 1 1805.9499264655403 1 1.0
279762020.0 1 1795.6604921219705 1 0.99999857
353882327.0 0 1805.2243107936943 0 3.8473303e-08
34977849.0 0 1809.1830726720143 0 0.00027967902
348506671.0 1 1794.9734873500738 1 1.0
269662631.0 1 1799.2202929186633 1 1.0
233617131.0 0 1808.844414780825 0 2.8934737e-08
68152527.0 1 1810.1618872816548 1 1.0
365942256.0 0 1805.2218293771793 0 1.293981e-10
379609130.0 1 1795.639090851684 1 1.0
407429103.0 0 1800.3053113734054 0 3.54189e-10
332377663.0 0 1812.7021949314992 0 1.0
337286503.0 0 1808.8670939388956 0 4.978222e-07
117401886.0 0 1805.22403028352 0 7.643468e-06
375653671.0 1 1796.3255090091268 1 0.99999994
410773652.0 0 1805.2210417271895 0 1.1448996e-11
403256913.0 1 1795.4102586996175 1 0.99999905
405491068.0 1 1796.7454954789255 1 0.99947464
353381540.0 0 1797.8475371166005 0 7.5845937e-06
384811988.0 0 1808.8485231424995 0 4.844926e-05
245556881.0 0 1805.202858528187 0 5.5457826e-05
251387790.0 1 1805.6402711511432 1 1.0
320280832.0 1 1800.2437669252568 1 0.9999874
316629077.0 0 1812.3905486624992 0 7.4511713e-06
353808537.0 1 1811.4473157287478 1 1.0
422386791.0 1 1797.783313527546 1 1.0
301994288.0 1 1805.5155074755403 1 1.0
308287122.0 1 1799.4112520614412 1 0.99997306
230377874.0 1 1798.552572540826 1 0.9999966
401326744.0 1 1798.325929634045 1 1.0
199714030.0 0 1812.343007979591 0 3.5595443e-11
28677372.0 0 1809.1198088522522 0 0.00043601985
320387028.0 0 1796.6811955036737 0 0.0010572231
385445253.0 1 1794.2004615320516 1 0.9999987
250861781.0 0 1805.2030848083132 0 0.00028912863
364074339.0 1 1811.449772885075 1 1.0
12223216.0 0 1805.264958682718 0 6.183791e-12
312779937.0 0 1809.2020916663212 0 0.00020027245
428118911.0 1 1794.9115300571464 1 1.0
368893419.0 0 1805.2223566634912 0 2.7188356e-12
359554876.0 1 1797.6977911450795 1 0.99999565
240701287.0 0 1793.1398875260643 0 7.315854e-06
279067445.0 1 1793.8268099704421 1 0.99998677
240943389.0 1 1796.2859741694012 1 1.0
264077911.0 1 1793.9289923269266 1 1.0
389772196.0 1 1795.1605909639031 1 0.99999744
374481448.0 1 1811.1817380947257 1 1.0
233629196.0 0 1805.2401239404337 0 1.7641189e-12
275603017.0 0 1805.1999002493626 0 4.2089198e-07
229618363.0 0 1805.1993249122063 0 9.995689e-07
331782770.0 0 1812.7020885291488 0 2.3548628e-07
191704569.0 1 1810.4944127564418 1 1.0
250607560.0 0 1812.3486001888546 0 0.00040487942
423928432.0 1 1811.2619397257008 1 1.0
424438076.0 0 1805.4067521895586 0 6.2865853e-13
364075691.0 0 1808.8871598093401 0 0.00069094705
403689697.0 1 1810.2653008110185 1 0.99999994
65281295.0 1 1796.5366186953736 1 0.9999967
250586032.0 0 1812.3695939307127 0 7.0512715e-13
194854202.0 0 1805.2661631709818 0 0.000112886475
65287866.0 0 1812.41186900043 0 0.0003102917
353604021.0 1 1796.8476851923886 1 1.0
178040892.0 1 1795.4953455126424 1 1.0
396554866.0 0 1812.6199811391302 0 0.0001020443
390399845.0 0 1808.8484483986433 0 0.00040699498
251231553.0 0 1808.8485554629017 0 0.00012984041
256583918.0 0 1805.2418778479134 0 0.00023872715
275420983.0 0 1793.325090454353 0 1.6444e-11
374605557.0 0 1805.285803242205 0 2.1846752e-08
397283958.0 1 1800.222939611699 1 1.0
387809787.0 1 1793.5957522527726 1 1.0
241082413.0 0 1808.8904496625516 0 2.0479716e-12
229606711.0 0 1808.844858108603 0 6.455643e-05
345915846.0 1 1799.6400149718756 1 1.0
396265575.0 1 1794.2430705155778 1 0.9999881
406680218.0 1 1796.346786004596 1 1.0
256384489.0 1 1795.2824440291722 1 0.9999891
332687102.0 0 1809.3065734233082 0 0.00017203925
372389869.0 1 1793.637947910628 1 1.0
378588478.0 1 1797.9719722900131 1 1.0
379604231.0 0 1794.3476600356319 0 0.020655092
130156535.0 0 1809.1409438314206 0 0.0005704829
374475282.0 1 1797.8483361147782 1 1.0
13214018.0 0 1805.2216908156558 0 0.0092885
289385086.0 1 1798.0141033546338 1 0.9998098
453205176.0 1 1796.5774280851504 1 1.0
368515150.0 1 1794.8681991346928 1 0.9999998
21228448.0 1 1798.3434886570462 1 1.0
347492507.0 1 1797.1824769055265 1 0.9999358
21124393.0 0 1812.3848095290534 0 5.233711e-08
116891017.0 0 1812.3488642216628 0 1.898043e-07
258628143.0 0 1808.8870417433275 0 0.00026297718
408682037.0 1 1798.9926009143867 1 1.0
52034693.0 0 1805.5352169254577 0 4.7136236e-15
259882992.0 0 1808.8455623462758 0 7.3738505e-05
201239488.0 0 1805.2869872207434 0 0.00032061173
406679046.0 0 1805.2425851056669 0 1.05443485e-08
308618427.0 1 1796.3069065198226 1 1.0
192464679.0 1 1796.8491947921043 1 0.99999934
192423066.0 0 1805.390867049838 0 4.040859e-06
436881455.0 0 1809.0996716976128 0 0.0088065
445350626.0 0 1809.2021607126703 0 2.6069688e-07
284083936.0 1 1797.3078688420876 1 1.0
445228074.0 1 1796.1604665801287 1 1.0
50050546.0 1 1795.5770845804714 1 1.0
354152498.0 1 1810.2859014775522 1 1.0
434723934.0 0 1812.3465709075836 0 6.922407e-06
139532804.0 0 1805.4743309373707 0 1.1795856e-07
259269325.0 1 1811.2198288486886 1 1.0
376197050.0 1 1799.4100038471079 1 0.9999985
359441382.0 0 1812.6807066803476 0 0.006694852
255993442.0 0 1805.1994897644222 0 9.973383e-05
408896648.0 0 1808.8875700067613 0 4.3125135e-07
77321254.0 1 1795.3080030808549 1 0.9999999
431870216.0 0 1793.1407334780522 0 0.0006105178
265201832.0 1 1797.2025957503774 1 1.0
378283890.0 0 1805.2013875310652 0 2.960715e-10
445641309.0 0 1805.2028731812347 0 5.1989014e-06
417764939.0 1 1798.7841055630297 1 1.0
444754389.0 0 1809.202258121336 0 1.5347447e-06
201363790.0 1 1805.724484250266 1 0.9999827
422426616.0 1 1799.1999806692313 1 1.0
354833741.0 1 1796.3060120640012 1 1.0
230133460.0 0 1805.1982152658284 0 1.9684844e-10
312680360.0 0 1812.6812247187233 0 0.004036277
250722413.0 1 1793.890315236815 1 1.0
395944878.0 0 1805.2012893923593 0 3.0018327e-05
90645490.0 1 1796.1411898189267 1 1.0
319716802.0 1 1795.3479180517816 1 1.0
357678363.0 0 1812.4728891157847 0 0.00016812884
20805612.0 0 1808.9533613124086 0 0.0004721363
431770990.0 0 1808.8700634598358 0 0.0006376402
230083123.0 0 1796.6772821839995 0 1.4092316e-06
65574779.0 0 1812.3701824280106 0 0.0012563122
302077929.0 0 1808.8488772707517 0 0.00026935255
186937670.0 0 1805.557624544398 0 9.773162e-05
259248402.0 0 1808.8697994047827 0 0.0019657558
441738038.0 0 1808.8447816220196 0 3.012636e-06
77262080.0 0 1808.9120828802402 0 0.00023429819
431767523.0 0 1793.140743926561 0 0.00050298905
302141157.0 1 1799.2032632888577 1 1.0
219099780.0 0 1794.1985512230556 0 9.8887634e-11
284599257.0 1 1794.3475401758512 1 1.0
359312949.0 1 1796.8432206475193 1 0.99999994
200772795.0 1 1805.5161331207164 1 1.0
379164948.0 1 1805.7016247912861 1 1.0
63466196.0 0 1809.1825476185036 0 0.0008342548
249834355.0 0 1808.8697086852544 0 1.6916552e-07
288533608.0 0 1809.1200190301586 0 0.0006040115
237232810.0 1 1794.1787425789828 1 0.9999999
288318622.0 0 1808.8663650672604 0 0.00024159763
347690442.0 1 1794.8275965863027 1 0.99999905
283027755.0 0 1812.3680499135926 0 3.984302e-08
50118192.0 0 1812.410703346208 0 2.5508332e-05
377973597.0 0 1812.3675099328173 0 1.2752382e-06
194854749.0 1 1810.5370271401384 1 1.0
285466374.0 0 1805.4120304084151 0 3.3822523e-08
264614791.0 1 1797.4318518812252 1 1.0
258775864.0 1 1797.7822892781544 1 1.0
410736506.0 1 1797.8696980002717 1 1.0
396471469.0 1 1798.9095984762641 1 1.0
427930656.0 1 1795.7845350882321 1 1.0
445248036.0 1 1799.410484424085 1 1.0
94371127.0 0 1796.6410942592338 0 0.004299384
445608162.0 0 1808.8694878261363 0 6.0388006e-13
400894508.0 1 1794.5771337364258 1 1.0
368591185.0 1 1796.5138346821977 1 1.0
201377730.0 1 1797.2242332147957 1 1.0
385341834.0 0 1812.348786046941 0 2.109826e-06
400612609.0 1 1795.8068150416266 1 1.0
269412448.0 1 1811.3884441118098 1 1.0
288672953.0 1 1805.4494953473304 1 1.0
327450977.0 1 1793.4104044257233 1 1.0
379483266.0 1 1798.4933558249977 1 1.0
201303091.0 0 1796.640955502362 0 5.0073577e-05
301416430.0 0 1805.2029162394426 0 1.7220177e-12
139535266.0 1 1797.9120095738597 1 1.0
251714102.0 0 1796.8275105486666 0 5.3445747e-05
331516361.0 1 1794.9940376676934 1 0.99999756
418140600.0 1 1799.305727005506 1 0.9999927
331866906.0 0 1808.9719897377815 0 1.5005932e-05
237102372.0 0 1800.364434787073 0 2.5797937e-05
160618937.0 1 1798.9904476281529 1 1.0
198361834.0 0 1793.176475325053 0 0.00025233804
283144397.0 0 1812.7017584145124 0 0.0010556852
272330171.0 0 1793.409807789995 0 3.8554575e-14
288600444.0 0 1805.2412030073008 0 4.692135e-07
326630427.0 0 1812.3471149643249 0 2.7923993e-06
126027166.0 0 1809.2454800453238 0 0.0016083523
367463317.0 1 1797.1613647926465 1 1.0
49941084.0 1 1796.8273601190301 1 0.9999942
265389051.0 0 1796.8276544108428 0 2.2184217e-05
320272629.0 1 1796.3480274090732 1 1.0
370697248.0 0 1805.514983661605 0 5.875083e-10
390019727.0 0 1794.406150006868 0 1.24303285e-11
312257532.0 1 1796.5770464299926 1 0.99999434
403394718.0 1 1796.8895914916388 1 1.0
288624453.0 1 1798.5783100716021 1 1.0
199549440.0 0 1800.1766097445657 0 0.0038485278
137886126.0 0 1800.1413952428782 0 2.7791986e-09
436849953.0 1 1806.2663065922236 1 1.0
279266421.0 0 1805.222441573931 0 8.87209e-16
250661165.0 1 1795.7446746387973 1 1.0
297819072.0 0 1808.9101611874605 0 0.00042733498
405430735.0 1 1793.9330372377572 1 1.0
90694177.0 1 1794.1411614249787 1 1.0
117314464.0 1 1810.286473949273 1 1.0
13844534.0 0 1812.4314288820287 0 3.7648413e-09
250969124.0 1 1797.2863141783118 1 1.0
444355382.0 1 1796.055992964554 1 1.0
348234290.0 1 1795.3902014241908 1 1.0
288611323.0 1 1799.6576748129874 1 1.0
445630982.0 0 1793.3275854833398 0 1.3784881e-12
187030106.0 1 1798.2452150236559 1 1.0
83046167.0 1 1811.3889278095196 1 0.9999976
401088630.0 1 1810.2444484013868 1 0.9999039
278923875.0 1 1798.4727389501345 1 1.0
427473464.0 0 1812.3881975512763 0 3.9950537e-06
139404880.0 1 1795.8076902662438 1 0.9999951
251278457.0 1 1805.8071211436193 1 0.9999999
252865941.0 0 1812.390751551133 0 0.00012794779
249886811.0 0 1808.890559573568 0 3.1473119e-16
202927849.0 1 1793.8282814737076 1 0.9999558
241046656.0 1 1806.1818854317994 1 1.0
427444797.0 1 1811.1173394676982 1 1.0
94668322.0 0 1793.1409988612916 0 0.0032159004
241059614.0 0 1793.1401683136064 0 1.6365602e-13
405430735.0 0 1805.4748207600562 0 0.0005212245
353020190.0 0 1812.493505070302 0 0.0027763653
21227979.0 1 1797.3434489883246 1 0.99999577
34750272.0 0 1808.8705548777077 0 0.00032421044
336543055.0 0 1805.2004634045725 0 1.9003735e-10
83218083.0 1 1811.4722024662424 1 0.9999989
255879260.0 0 1793.1394369994182 0 1.2199887e-14
302073435.0 1 1805.7031907369962 1 1.0
250603022.0 1 1799.4530363884562 1 1.0
13214018.0 1 1796.5135231431761 1 0.9999999
272228578.0 1 1798.4306904279454 1 0.9999984
275762966.0 1 1796.5766667478433 1 1.0
311934601.0 1 1794.8898469303701 1 1.0
237238823.0 1 1793.449586895105 1 1.0
54993535.0 0 1809.202177380654 0 2.2972832e-05
396162820.0 1 1805.2639361018378 1 1.0
268518486.0 1 1805.8676235858734 1 0.9999986
101304091.0 0 1812.7454583858512 0 0.00015564733
285541718.0 0 1812.7018629143552 0 2.5339268e-05
433500994.0 0 1812.5370360006066 0 0.00050780113
28830046.0 0 1809.182268316092 0 0.00016989931
250799418.0 0 1808.890464218675 0 6.0161594e-05
388506340.0 0 1812.367227350688 0 0.00013482066
407493498.0 0 1805.2012128820907 0 1.5981032e-05
452995303.0 0 1809.1810726411227 0 0.00014447876
311831093.0 1 1795.0979640592866 1 1.0
94605993.0 1 1800.3703927538916 1 1.0
377900716.0 1 1796.5137400532528 1 1.0
198360670.0 1 1797.3222246891664 1 1.0
402659092.0 0 1793.4077795532974 0 1.107863e-06
418221469.0 1 1806.3042916284426 1 0.99999964
308120970.0 0 1812.3482990192044 0 1.2516242e-06
21132776.0 0 1808.953673390084 0 0.00035261924
362104664.0 1 1810.323521780199 1 1.0
250580072.0 0 1808.8694831936684 0 9.3838735e-06
139463870.0 1 1810.536811245802 1 1.0
302078137.0 1 1794.2237928352943 1 1.0
265379820.0 1 1796.86955810032 1 1.0
196921585.0 0 1805.2444743442063 0 2.3039147e-08
321720499.0 0 1805.2208006236406 0 1.4149792e-06
301575691.0 1 1811.0364262241026 1 1.0
240969171.0 0 1805.202656078474 0 8.481476e-05
306188097.0 0 1793.1400498919443 0 5.645275e-09
237114243.0 0 1808.8432486377787 0 0.0005486834
292721975.0 0 1805.5158388896014 0 0.00015288025
415961545.0 0 1808.869699824708 0 6.283213e-05
366382499.0 0 1796.8253009630687 0 3.9400744e-05
308956522.0 0 1812.3693098362503 0 1.450859e-12
355824233.0 1 1798.244384081334 1 0.99997115
432046871.0 0 1808.9534556762776 0 0.00081696815
198413518.0 0 1794.405516865302 0 0.0045091035
240815660.0 0 1808.8482434849318 0 0.00016491063
372510824.0 1 1797.410056084034 1 0.9999996
199526211.0 0 1812.4477576403945 0 7.8295336e-08
284045395.0 0 1809.1599437776263 0 5.9605783e-05
285467081.0 1 1798.974650802942 1 0.99999046
445236558.0 1 1799.2439542358375 1 1.0
359593072.0 0 1808.88897458906 0 8.374242e-05
338370730.0 1 1799.1382350247109 1 0.9999957
177912351.0 0 1808.932767005339 0 0.00013082517
252159372.0 0 1805.535632012515 0 0.00036856136
390464852.0 1 1797.9105945701203 1 1.0
387998687.0 1 1796.0332910651377 1 0.9999998
308877060.0 0 1805.2236297376442 0 4.5364328e-07
101216724.0 1 1796.9953647497296 1 0.9999955
308716542.0 0 1812.3693010474226 0 4.4577995e-05
229688549.0 0 1794.405932598462 0 0.0030291397
229701227.0 1 1811.2405427555211 1 0.9999581
389538863.0 0 1812.764592336639 0 0.04320358
445342657.0 0 1812.7020449283907 0 2.8738907e-06
445555125.0 1 1810.8067062674454 1 1.0
291882540.0 0 1793.140808316234 0 0.00061903434
240990984.0 0 1805.2025990288132 0 0.0016160476
343562954.0 0 1805.1995308843495 0 1.7975823e-12
250494958.0 1 1798.1612878480034 1 0.9999981
116410271.0 0 1805.2030460025783 0 3.591395e-13
50360587.0 0 1808.9108286574408 0 7.145894e-05
378764744.0 1 1795.1389084391271 1 1.0
94543883.0 0 1793.1410947374375 0 0.011884785
199617093.0 0 1805.2597700126514 0 4.985315e-08
28693825.0 0 1793.1409586525913 0 0.00033322987
455898357.0 1 1797.4091546280404 1 1.0
129685192.0 1 1793.286797780674 1 1.0
77543001.0 0 1796.7038453765117 0 0.00028486946
327296784.0 1 1794.6197276340122 1 1.0
13454275.0 1 1810.681444222798 1 1.0
28909637.0 0 1800.1414438299998 0 7.882886e-05
321546971.0 1 1800.137513162298 1 1.0
366830370.0 1 1793.9503495074634 1 0.99999386
374917633.0 0 1812.3484953856837 0 1.4223963e-06
415957476.0 0 1812.348799510119 0 5.440135e-11
101128203.0 1 1795.641264971843 1 0.9999373
374219745.0 0 1808.9521953629242 0 0.00031724072
421306911.0 1 1799.0526922025465 1 1.0
52178333.0 0 1809.3685222215042 0 2.677709e-07
327446804.0 1 1798.2227532367383 1 1.0
331984288.0 0 1805.556352078103 0 3.6111246e-08
453161937.0 1 1796.556238039942 1 1.0
415974904.0 1 1793.557596866356 1 0.99998087
366717545.0 1 1797.8046330938198 1 0.99993294
421684975.0 0 1805.5146904519033 0 1.7151727e-07
229511624.0 0 1805.1989270463791 0 5.6505858e-09
177886801.0 0 1808.870293745171 0 0.0005038386
417667585.0 0 1805.2008081453112 0 6.7023063e-09
366759941.0 1 1810.7003741000185 1 1.0
372339636.0 1 1797.3462864845335 1 1.0
373458532.0 0 1793.3052575897543 0 7.5900475e-12
445422322.0 0 1793.1398458808665 0 1.2361268e-07
186968146.0 1 1798.9951734252177 1 1.0
299437154.0 1 1797.2238375398965 1 1.0
256198836.0 1 1794.0352909658334 1 0.99819094
366073361.0 0 1808.8469102497668 0 2.7252875e-06
384842388.0 1 1796.265223638104 1 1.0
292727416.0 1 1811.098888508551 1 0.9999991
138124840.0 1 1795.5371077113675 1 1.0
289090826.0 0 1793.3053823035787 0 3.3099117e-09
229672218.0 1 1805.511050857173 1 1.0
346720823.0 0 1809.1205537200756 0 0.00014103875
250858403.0 0 1808.9321115179207 0 0.0001605893
367768136.0 1 1806.0338651898956 1 0.99999976
203035294.0 0 1809.1616525012982 0 0.0005300786
345782594.0 0 1793.4099809115557 0 1.7342388e-13
235710948.0 1 1796.1992504658588 1 1.0
400677415.0 0 1809.0980514922242 0 0.0004609101
240832899.0 1 1799.0358328584493 1 1.0
229676619.0 1 1797.0517097396153 1 1.0
284534077.0 1 1796.4934681833097 1 1.0
229943407.0 0 1808.8441865290565 0 2.1776523e-06
350131938.0 1 1798.01283876896 1 1.0
264922559.0 0 1808.848618464083 0 0.0012235187
237216182.0 1 1806.4287028166293 1 0.99998176
26533207.0 1 1795.786994753639 1 1.0
250499075.0 0 1805.2447364171167 0 7.2544715e-13
381804997.0 1 1797.9536565096648 1 1.0
252860786.0 1 1798.5571190730311 1 1.0
396012717.0 0 1793.3055795732785 0 5.245848e-14
444797593.0 0 1812.5144729010897 0 0.0002079979
431874093.0 0 1808.9118950037557 0 0.0024229793
396557391.0 0 1805.5783900524816 0 1.6257849e-07
435074220.0 1 1796.9927834244986 1 0.99997133
255872513.0 1 1796.3270728107302 1 1.0
259238677.0 0 1793.407583326144 0 3.6937835e-09
445320591.0 1 1794.2438298288178 1 1.0
354798745.0 0 1808.8490764665157 0 0.00013442937
427867729.0 1 1797.034377260399 1 1.0
372192668.0 1 1800.20278824084 1 1.0
298733065.0 1 1797.9686791835827 1 0.99991906
35114056.0 0 1812.6205277254367 0 0.00058893824
259945770.0 0 1812.3692990770965 0 8.3028775e-05
194734225.0 0 1793.1409077396427 0 0.000608476
377065893.0 0 1808.8673152309052 0 9.4911705e-08
20768880.0 1 1810.4740900991244 1 1.0
428740772.0 1 1810.763443656995 1 1.0
367283228.0 1 1796.9090138879578 1 1.0
302079289.0 0 1812.3696432850156 0 6.0549513e-07
63781713.0 0 1805.3702325865245 0 0.00094779336
29017767.0 0 1812.8289211515182 0 0.00052394153
264619741.0 1 1795.8069642649477 1 1.0
28874439.0 0 1796.6413899708114 0 0.0005625729
347569897.0 0 1793.1406153430007 0 0.00066014484
288600444.0 1 1795.9077344880602 1 1.0
271021609.0 1 1811.0969010103267 1 1.0
265349418.0 1 1810.9301660826316 1 1.0
233617131.0 0 1812.344383149434 0 1.1758809e-08
433501482.0 0 1812.4328429834782 0 0.0002856331
137084975.0 1 1797.263822399073 1 0.99981
83729128.0 0 1812.368049638294 0 6.3511766e-07
219772418.0 1 1799.1351410210425 1 1.0
400535190.0 0 1809.2023137648387 0 1.504529e-06
126027254.0 1 1795.620478882756 1 1.0
385105618.0 0 1793.1406648474772 0 0.00036140723
445195302.0 0 1805.5562964800117 0 8.432531e-08
77566604.0 0 1800.1412387276464 0 2.401584e-06
73691743.0 1 1798.6203853566078 1 1.0
241092543.0 1 1805.8695051413204 1 1.0
233528701.0 0 1805.198188593161 0 6.67468e-11
407208818.0 0 1793.4097362094678 0 1.5004733e-08
316620896.0 1 1795.390127046073 1 1.0
219899123.0 1 1811.5106609795987 1 0.9999722
104146382.0 0 1805.202985388793 0 2.3413291e-09
452941403.0 0 1812.7017718270654 0 0.0043131826
400940947.0 1 1796.5141511429551 1 0.99987715
286010389.0 1 1794.3898694156499 1 1.0
404001140.0 1 1795.555922794742 1 1.0
441762659.0 1 1796.5112202361956 1 0.9999998
417229861.0 1 1797.8056253365758 1 0.99998426
240900846.0 1 1793.3694853228953 1 1.0
455898107.0 1 1805.5964966699398 1 0.9997544
403825746.0 1 1810.2438551918792 1 1.0
436871428.0 0 1808.9329782071236 0 0.00030293528
338992133.0 0 1805.2215614758902 0 9.397414e-05
26623000.0 0 1809.1204910321728 0 0.093267694
418698082.0 1 1798.930791599604 1 1.0
251199885.0 0 1805.20279024531 0 1.3266866e-07
12000757.0 0 1805.3688752463443 0 1.305785e-10
240824997.0 0 1805.2025300492612 0 2.8507613e-12
373704783.0 0 1797.8479040723578 0 0.00012478502
245552416.0 1 1805.536094745437 1 1.0
417229335.0 1 1795.8264147914103 1 1.0
275767819.0 1 1797.7020041105018 1 0.9999868
233569063.0 0 1808.86511370363 0 2.0244277e-05
250747748.0 0 1793.1405856203583 0 1.4569153e-12
403341982.0 1 1799.5768729107092 1 0.9999996
327002250.0 1 1796.951842297792 1 1.0
389977486.0 1 1798.4106582708207 1 0.9999997
101093971.0 0 1805.4747122890194 0 0.018558744
321684196.0 1 1794.63760761997 1 1.0
302227871.0 1 1794.1823053787432 1 1.0
390734129.0 1 1811.4108576223473 1 0.99998873
319918348.0 0 1796.6396255594095 0 0.00039835356
184684700.0 0 1809.0575585088654 0 0.0014826033
316629404.0 0 1812.348872391017 0 4.3356724e-08
320270508.0 0 1805.5144804398965 0 2.3521611e-06
428458355.0 1 1796.5561133634362 1 1.0
306553760.0 0 1812.6604801480285 0 5.0525807e-05
407206498.0 0 1793.409807115184 0 1.7496888e-09
186912006.0 1 1793.4952855697154 1 0.99998957
366759175.0 0 1812.5128572704916 0 1.2573215e-10
29059895.0 1 1797.891444912728 1 0.99987525
94608286.0 0 1809.1622514471935 0 0.00848394
407383381.0 1 1810.223812520383 1 0.9999759
354381881.0 1 1798.409093167213 1 1.0
312973583.0 1 1795.764841653127 1 0.9999995
373901030.0 0 1797.8480999886606 0 0.00048935966
322266557.0 1 1796.8877444080188 1 1.0
390408582.0 0 1805.2649159506739 0 2.1878778e-08
387445084.0 1 1793.6997571976638 1 1.0
256197521.0 1 1798.3686497780964 1 0.9747874
268330571.0 0 1808.9082366105283 0 5.775494e-06
241024734.0 1 1793.4528047961578 1 0.9999999
376122544.0 0 1808.9105152667416 0 0.00014701736
301884046.0 1 1811.1829023149435 1 0.99996036
10974183.0 1 1810.5563390277728 1 1.0
396490980.0 1 1796.7450381379067 1 1.0
178043173.0 1 1805.3286779946134 1 1.0
252101699.0 1 1796.4522729199948 1 1.0
186912619.0 0 1805.4743017491337 0 0.002916733
240818476.0 1 1795.6817340649702 1 0.9998321
233201264.0 1 1805.948348819277 1 0.9999348
279374603.0 1 1798.0126862829618 1 1.0
327366723.0 1 1798.9518818958597 1 0.9999209
428751418.0 0 1808.84669468526 0 8.969507e-07
417700830.0 0 1808.8450949109235 0 4.4116374e-10
229749398.0 1 1805.8235984317362 1 1.0
378287918.0 1 1797.9515347196173 1 1.0
272418829.0 1 1799.8263276313573 1 0.9999999
126064149.0 0 1809.203737558167 0 0.0005631735
367241683.0 0 1805.2422546981797 0 2.7964106e-07
186622908.0 0 1796.6410411447375 0 0.00021156156
229790559.0 1 1797.51134567292 1 1.0
83813702.0 1 1811.0765051272372 1 0.9999999
240950642.0 0 1808.8900499007177 0 0.00029540146
353020190.0 1 1796.3060271025308 1 1.0
320179989.0 0 1805.5351995513865 0 3.0065656e-05
381584330.0 1 1796.3910035961085 1 1.0
264619741.0 0 1805.2028185755896 0 7.252597e-11
316523968.0 1 1794.0358085108883 1 0.99999875
264988967.0 0 1812.3882072469946 0 2.2468626e-05
452988805.0 0 1809.201815280242 0 2.7709066e-06
259000554.0 0 1812.3655708782658 0 3.303814e-05
354465329.0 1 1799.3903069205635 1 1.0
323298973.0 1 1797.262977832976 1 0.99999624
302547752.0 0 1812.3474768222331 0 6.356414e-15
445227290.0 0 1809.306099269132 0 3.1568383e-14
444628469.0 0 1812.6603295785787 0 0.00013498557
292194484.0 0 1809.1406484048457 0 0.0006065849
284084579.0 1 1810.6204844465951 1 1.0
326629304.0 1 1799.2848636994706 1 0.9999998
376768797.0 1 1805.6589724420394 1 0.9999983
77258274.0 1 1795.787144545515 1 1.0
321544207.0 0 1812.3873455826265 0 1.0241305e-11
292517099.0 1 1793.4949119262099 1 1.0
352580584.0 1 1799.972329623534 1 1.0
378528078.0 1 1799.5137540609771 1 0.9999978
301734237.0 0 1812.3487775463664 0 1.28608535e-05
219864233.0 1 1795.1566827236559 1 0.9999992
390050991.0 1 1800.0978417899817 1 1.0
431964306.0 0 1812.4952046344463 0 0.00063123385
302684625.0 1 1811.1603927963595 1 0.9999999
82343498.0 1 1810.3484112197834 1 0.9998616
352808034.0 1 1796.4327151503237 1 1.0
235931223.0 0 1812.4081560020752 0 0.0004496548
282885769.0 0 1808.8888410410907 0 2.8418023e-07
455823832.0 1 1796.804311487589 1 1.0
238702563.0 1 1797.0782982970204 1 0.9999986
83143741.0 0 1812.388880749716 0 0.0009898825
232624945.0 1 1798.28069396485 1 1.0
445643360.0 0 1800.390320830588 0 6.854676e-07
353175133.0 1 1811.5143314033728 1 1.0
229943407.0 1 1794.6777718567457 1 1.0
378589875.0 0 1805.2011682825694 0 2.2244357e-07
256507075.0 1 1799.7627621837453 1 1.0
367413485.0 1 1799.0570731104126 1 1.0
149978934.0 0 1793.1411664090037 0 0.00038560992
219428871.0 0 1812.4477660555117 0 0.016205508
427318175.0 1 1797.742396849105 1 0.9999998
417766930.0 0 1805.2217218701112 0 1.6290404e-08
189674221.0 0 1805.3490051747926 0 0.012591801
192553942.0 1 1805.9950751566769 1 1.0
233202047.0 1 1794.7189787303657 1 1.0
404104771.0 1 1797.6793225276135 1 1.0
232608223.0 1 1793.885178236704 1 1.0
229937398.0 0 1812.3442671781559 0 0.00018881493
390018994.0 0 1812.3434080083039 0 6.2096013e-09
445513724.0 1 1811.1400329170165 1 1.0
308778838.0 1 1797.7028066470336 1 1.0
397368311.0 1 1793.287255687557 1 1.0
233009424.0 0 1805.1986755783098 0 6.3394246e-12
418085899.0 1 1810.1199818532991 1 0.9999987
65647263.0 0 1812.411735753402 0 0.00024750904
235686753.0 0 1812.3657856964546 0 4.3632608e-07
354381885.0 0 1812.388179800565 0 2.0505126e-08
279210810.0 1 1798.2852572400602 1 0.9998445
240928116.0 0 1809.3065301715608 0 8.670204e-09
233732719.0 0 1808.8859270436847 0 1.4769711e-08
287081097.0 1 1793.4054661924429 1 1.0
399722259.0 0 1808.8466494099548 0 5.125365e-10
245477282.0 0 1805.223460271883 0 8.074234e-05
356870192.0 1 1794.40690747951 1 1.0
192684721.0 0 1808.8491658985627 0 0.00029534686
388074219.0 1 1810.5955641213884 1 1.0
139463078.0 0 1809.1201322936536 0 0.00025224444
184589180.0 0 1809.0574526716516 0 0.0022652177
65693455.0 1 1805.3702220687233 1 1.0
427768985.0 1 1805.8260543268395 1 1.0
305295004.0 0 1808.8453421629877 0 1.9769182e-05
116611548.0 1 1806.2032078524524 1 1.0
255866485.0 0 1808.84523571207 0 2.439412e-07
270023069.0 0 1793.409726800034 0 7.0739205e-08
229409037.0 1 1797.136318339524 1 0.99999976
321820098.0 0 1808.9708046535902 0 8.673789e-06
229609915.0 0 1812.5325997864838 0 2.0829881e-10
255865349.0 0 1793.3246340487437 0 5.2451846e-15
387829719.0 0 1808.8455040774843 0 2.507315e-05
381686314.0 1 1796.1201843339197 1 1.0
241136221.0 1 1797.9738768100958 1 0.9999995
29109245.0 0 1809.1831149409616 0 0.00016157245
258771780.0 0 1805.2614638595596 0 6.666262e-06
192249306.0 1 1797.953323777988 1 0.9999997
428748285.0 1 1794.242268390631 1 1.0
252106595.0 1 1810.1813388902963 1 1.0
286313019.0 0 1805.4952928586972 0 3.0468913e-05
403742835.0 0 1793.327649099004 0 2.6187327e-06
370074844.0 1 1793.6816600448117 1 1.0
298730256.0 1 1798.9687302874552 1 1.0
441791928.0 1 1794.88646367643 1 1.0
84055288.0 0 1808.8472712962198 0 0.00043146286
11057188.0 0 1805.306255181624 0 1.0500019e-11
394048824.0 0 1794.199352198555 0 7.835644e-08
201115644.0 1 1797.9118498454923 1 1.0
230133595.0 1 1797.4065110615677 1 0.999985
327093958.0 0 1812.3485675495754 0 0.00016623236
387288160.0 1 1811.0328341163408 1 0.9999995
252838174.0 0 1805.2238538376491 0 3.0496135e-08
444332679.0 1 1811.409971722735 1 1.0
245510544.0 1 1797.4528070592683 1 1.0
81382470.0 1 1796.2023541485185 1 0.99999416
367351684.0 1 1811.5130429056924 1 1.0
10869447.0 1 1797.2856168268504 1 1.0
184689868.0 0 1812.7448669297617 0 0.00030511964
400669401.0 0 1794.3483015488914 0 9.773057e-06
50768405.0 1 1795.494063073148 1 1.0
201112742.0 0 1812.6829394893182 0 0.00021190355
67712917.0 0 1805.2868924670026 0 0.006146592
236786470.0 1 1805.760618561149 1 1.0
395730765.0 1 1800.6179548810558 1 0.9999931
308374326.0 0 1805.2443442179417 0 1.0737025e-09
259000034.0 0 1793.4074174266452 0 4.727921e-08
259000689.0 0 1793.4073639937787 0 0.002190902
322339309.0 0 1812.3693454338584 0 1.1942211e-07
407423533.0 0 1812.3677401319733 0 2.773322e-12
403572572.0 0 1812.389979497934 0 3.2775098e-08
201182476.0 1 1805.516123597063 1 0.9999579
178141302.0 1 1806.3079419232165 1 0.99999994
417704740.0 1 1795.7631691369945 1 0.9999997
435742422.0 0 1796.8047061517389 0 9.168659e-05
240981938.0 1 1805.9110153548625 1 1.0
256320703.0 0 1805.5145714067078 0 4.3881357e-08
308444845.0 1 1793.6404298285538 1 1.0
233630253.0 1 1796.886169777809 1 0.9999997
369999875.0 0 1809.1605895345388 0 3.9519993e-08
323300561.0 0 1808.8669800244704 0 1.8546676e-09
52522362.0 1 1805.9311266926006 1 1.0
237230628.0 0 1808.9285818022697 0 1.7167687e-14
376839554.0 0 1808.8464218465492 0 2.145571e-07
67765541.0 1 1793.411920569132 1 1.0
374300622.0 0 1797.8481104108844 0 4.104868e-05
241087313.0 0 1812.3693777355224 0 6.4180036e-05
396234904.0 1 1795.2643277982645 1 1.0
252107303.0 1 1796.119077547552 1 1.0
426141862.0 0 1808.8468704009679 0 2.7942774e-06
366197595.0 1 1806.2225600713118 1 0.99999994
241068188.0 1 1798.494554574154 1 1.0
292466276.0 0 1812.5780973263995 0 0.00019667919
184731934.0 0 1805.4951080779288 0 2.4528576e-10
348517267.0 0 1812.3486032597755 0 3.3136764e-09
415975425.0 1 1797.4742389401536 1 1.0
410551842.0 1 1810.6403360979975 1 0.9999998
252159739.0 1 1796.3065897882266 1 1.0
309239263.0 1 1795.702761668215 1 1.0
285280909.0 1 1798.0786781118268 1 0.99999994
370849212.0 0 1796.640125471687 0 2.416957e-11
13845301.0 1 1798.3271667786858 1 0.99999714
251702667.0 0 1808.8487305752867 0 7.6471086e-05
366758238.0 1 1797.137843542251 1 1.0
236904409.0 0 1808.844942207008 0 1.3157477e-05
394121889.0 0 1808.8449855753013 0 3.344725e-06
420176421.0 0 1812.3869541362326 0 4.7535787e-07
357825368.0 1 1797.1811879236259 1 0.9999998
378292347.0 1 1797.5557563827874 1 1.0
200773031.0 1 1795.9951539724552 1 1.0
367331713.0 1 1810.5336654062269 1 1.0
348435439.0 0 1805.2650478195214 0 4.9876975e-10
369994518.0 1 1793.3272823346529 1 1.0
406683158.0 0 1793.4093968498235 0 1.6366701e-16
353853673.0 1 1799.4686421407816 1 1.0
117624488.0 0 1793.3279322042522 0 2.3932543e-11
12746179.0 1 1795.5145941008884 1 1.0
424439575.0 1 1797.7191130137778 1 1.0
292322994.0 1 1799.3281985835815 1 0.99999994
265427465.0 0 1805.221710181213 0 4.4494755e-07
400435272.0 1 1810.5564622375666 1 1.0
81452605.0 1 1795.8687818747605 1 0.9999983
51954528.0 1 1806.0561098662024 1 1.0
252114410.0 1 1794.5357463908178 1 1.0
353505333.0 1 1799.2418323892125 1 1.0
376373526.0 1 1799.4090182916043 1 0.99999857
367838656.0 0 1812.3657023339606 0 5.284555e-09
396208476.0 1 1796.1803329742736 1 0.9999999
371008358.0 0 1812.6607525628474 0 0.0005304741
308960472.0 1 1805.577878805719 1 0.9999999
101262272.0 1 1797.4537886885116 1 1.0
293124916.0 1 1798.3699841256575 1 0.99999994
46505710.0 1 1811.141451985117 1 1.0
256697252.0 1 1797.2437770008735 1 1.0
333866833.0 1 1795.678940972352 1 1.0
83347119.0 0 1805.5349814242659 0 2.3833394e-07
387763343.0 0 1805.2205607385076 0 9.8861165e-06
332864971.0 0 1796.6398433515456 0 4.5860103e-05
444413484.0 0 1809.1599417699083 0 0.022964614
177708876.0 0 1808.9119228657162 0 0.00013351279
251203875.0 1 1799.2236661331997 1 1.0
390018754.0 0 1812.3434426572908 0 0.0007233804
428414343.0 0 1812.7015156617001 0 1.4436165e-07
50509016.0 0 1812.452321196706 0 0.00032455716
415963236.0 1 1810.2238987288656 1 1.0
445309724.0 0 1796.6398873518694 0 0.012099445
433139697.0 0 1812.6409777161691 0 0.0005162327
312545949.0 1 1794.348034702284 1 1.0
385198417.0 0 1805.2034401662838 0 5.9542836e-05
331814268.0 0 1808.8471022787096 0 8.462405e-06
67390198.0 1 1796.0992772391476 1 0.999999
233129271.0 1 1797.0107329190498 1 1.0
250560249.0 1 1805.619653246761 1 1.0
427635111.0 1 1796.95102689793 1 0.9999999
354643717.0 0 1808.849039740141 0 6.757819e-05
54128263.0 0 1812.7020345429169 0 2.0078262e-06
233151478.0 0 1805.2397836624975 0 4.016148e-12
355824233.0 0 1808.848738815702 0 0.0001414634
395408858.0 0 1805.201516718597 0 6.6905136e-07
289355620.0 0 1796.8055699250233 0 7.8185036e-07
354314386.0 0 1805.2235721455656 0 9.431022e-07
285176229.0 1 1795.9329073676397 1 1.0
68095368.0 0 1812.5577578000812 0 0.0001546116
353175462.0 1 1811.4935057701284 1 0.99999136
352684915.0 0 1808.9101637219549 0 0.0004964194
199709723.0 0 1808.8431432281911 0 0.00024507678
272825522.0 0 1812.367884083404 0 6.4504277e-09
201104965.0 1 1796.1200689206546 1 0.40507883
292052265.0 0 1805.2030644625675 0 2.4457752e-10
194673250.0 1 1794.4118840835574 1 0.99999756
159465927.0 0 1805.3032861894892 0 5.656142e-08
378988247.0 0 1808.847382669833 0 0.00014840045
116497006.0 0 1808.8699235707943 0 9.0308e-07
265099046.0 1 1795.5778602040753 1 1.0
219807827.0 1 1799.6769798720068 1 1.0
149926534.0 1 1795.578710652248 1 0.99999875
232649480.0 0 1805.1978792467178 0 7.616467e-13
335952082.0 0 1808.8428906353015 0 0.016925262
363759314.0 0 1796.7851721745171 0 0.00015729401
301647374.0 1 1805.8488607589572 1 1.0
422305222.0 0 1808.8454893901196 0 1.09868e-05
12906712.0 1 1810.4104824296621 1 1.0
365947827.0 0 1809.2427577198548 0 9.440369e-15
396533243.0 1 1811.0974106335034 1 0.9999997
286314572.0 0 1796.6412840760518 0 0.000545586
229976071.0 1 1799.386098892048 1 1.0
229510522.0 0 1805.1990026165008 0 2.3730793e-09
230050758.0 1 1797.7613194556598 1 1.0
354690272.0 1 1798.1396064355988 1 1.0
186600172.0 1 1798.3910917303635 1 1.0
240985115.0 0 1805.2025880920926 0 1.5934271e-11
327088598.0 0 1805.2863900658217 0 2.8268117e-09
271338810.0 0 1808.8678415057843 0 1.9352321e-14
282877324.0 0 1793.4099148090197 0 2.7154556e-09
85400103.0 0 1808.9537030022357 0 0.0002643311
251786433.0 1 1797.494197953755 1 1.0
332477246.0 1 1797.7809430964999 1 1.0
428614032.0 0 1808.8471785316829 0 6.9969083e-06
237210806.0 1 1811.4286731983927 1 1.0
452883240.0 0 1812.701523326256 0 0.00013987209
301105242.0 0 1805.2030942805936 0 9.4194894e-07
229398552.0 1 1798.2822587087405 1 1.0
367427051.0 0 1812.9711119165806 0 1.1192124e-07
233011228.0 1 1796.1777030535436 1 1.0
403525927.0 0 1812.369202143935 0 1.1977555e-05
117265334.0 1 1795.4114520336884 1 1.0
63561453.0 1 1795.2036835363645 1 1.0
260030920.0 0 1805.223627780741 0 4.7986165e-10
347949540.0 1 1811.4108475605208 1 1.0
320599604.0 1 1799.2438228043643 1 1.0
186966008.0 0 1812.6199113559333 0 0.0063998783
116754534.0 1 1794.6823263821475 1 0.99999934
301644721.0 0 1805.2031070584146 0 3.9424496e-05
77222689.0 0 1796.6413525414725 0 0.00037949995
370065062.0 1 1797.1817352613173 1 0.9999421
416400914.0 0 1796.9068153004475 0 0.00021227826
117754740.0 1 1799.3072356367263 1 1.0
233089591.0 0 1812.3855227366919 0 3.5597306e-13
420025256.0 1 1811.555888556658 1 1.0
230136137.0 1 1797.6354401255576 1 0.9999551
327190106.0 1 1799.9322586605872 1 0.99999917
278849474.0 1 1794.4931741087773 1 1.0
264546812.0 0 1812.410817346891 0 1.0232426e-05
434626115.0 1 1810.367451843215 1 0.9999851
317836693.0 0 1812.3883079401696 0 0.00027856245
233738106.0 1 1810.739986342367 1 0.9999998
445349361.0 0 1805.5356012964796 0 0.000582062
229439935.0 1 1798.0946596906545 1 0.99999905
34754039.0 1 1797.287322990774 1 0.9999998
312143908.0 0 1805.5146142515496 0 0.00034052477
320606769.0 0 1809.201837164036 0 0.0007121633
396388563.0 0 1797.8474500971674 0 0.00026437343
10963444.0 0 1808.9106758077132 0 2.1918033e-05
399787877.0 1 1797.6147171842713 1 0.99983436
420267425.0 0 1808.8667362733825 0 8.877398e-06
256747530.0 0 1808.844928820644 0 0.00013186708
230131062.0 0 1805.1984682835612 0 2.48073e-10
117324648.0 0 1805.2240921643793 0 2.3728134e-08
250711787.0 1 1799.036453520294 1 1.0
353878210.0 0 1797.9684450135992 0 0.00028586903
250563009.0 0 1812.3694688626285 0 2.2185295e-05
83971277.0 0 1805.3264998948007 0 1.6194896e-11
219812409.0 0 1808.9269834288557 0 0.008044021
352511824.0 0 1796.8057633852777 0 2.0320176e-07
272627433.0 1 1797.0556398917247 1 0.9999998
427646714.0 1 1798.4932779109563 1 0.99999976
229583094.0 0 1812.3450599740627 0 1.0759385e-06
184608281.0 0 1809.0575274801936 0 0.0027548426
312056017.0 1 1794.306239419687 1 0.9999999
291887568.0 1 1797.1198450068773 1 0.99999034
233501129.0 0 1805.198832960036 0 1.4933718e-06
407417249.0 1 1793.4531866734953 1 1.0
85400893.0 1 1794.9746958977842 1 0.9999898
452998092.0 0 1805.5562101707867 0 1.5485308e-07
256607524.0 1 1794.91076289939 1 1.0
377099523.0 1 1806.385530370658 1 1.0
354791642.0 1 1811.0991403490893 1 0.99999964
271155172.0 1 1811.326122855861 1 1.0
387412215.0 1 1798.9914137261464 1 1.0
289352450.0 1 1811.2640131642654 1 0.9999999
240983691.0 0 1812.348282806623 0 2.568997e-08
271331502.0 1 1799.7220799912882 1 1.0
250703688.0 0 1793.1403186181897 0 1.2793136e-13
385508077.0 0 1812.68314526229 0 0.0119898375
368515911.0 0 1793.409877476888 0 2.1217663e-11
422514153.0 0 1808.8456484992878 0 1.9978049e-07
389693567.0 0 1812.4727225749111 0 0.0001574112
377202392.0 1 1799.6173556619183 1 1.0
275367941.0 0 1808.8470909648245 0 9.0459787e-07
327140909.0 0 1809.0777904626602 0 2.5836294e-05
352836311.0 1 1810.5975272105961 1 0.999855
233524952.0 1 1797.3235326224976 1 0.9994054
264543810.0 1 1793.9501375324403 1 1.0
416098303.0 0 1796.6409509487355 0 0.0097828135
