tic gt tpeak labels pred_s0129
428210990.0 0.0 1796.64057653402 0 0.0012132025
285166956.0 1.0 1806.3693836107848 1 1.0
376499580.0 0.0 1795.0340859440284 3 2.0343028e-12
83967167.0 1.0 1810.1389690323674 1 1.0
336750985.0 0.0 1811.3253337241695 2 0.006064888
378280451.0 0.0 1812.367876899941 0 0.0002513763
305794540.0 0.0 1812.366338775926 0 5.213039e-07
198279370.0 1.0 1796.0518510934576 1 1.0
407928263.0 1.0 1796.8704471745916 1 0.9999999
377251803.0 0.0 1810.1563545943413 3 9.164027e-16
284210800.0 0.0 1805.5559531708138 0 0.0020623636
198242868.0 1.0 1793.4055761981613 1 0.9999946
194618143.0 1.0 1797.7660308110542 1 0.9999996
258462992.0 1.0 1806.4285732950777 1 1.0
129817128.0 0.0 1809.1408448730995 0 0.0011876832
449986821.0 0.0 1796.3478887388233 2 7.4793143e-06
445486200.0 0.0 1808.8484763312201 0 0.00039039226
366674459.0 1.0 1797.762903903927 1 0.99997056
28757422.0 1.0 1798.1200476217386 1 1.0
236876634.0 1.0 1805.4283619026792 1 0.99999994
240972851.0 0.0 1808.8691140094895 0 3.625478e-05
445439591.0 1.0 1797.5775368421157 1 1.0
279438097.0 0.0 1794.347675995836 0 8.828263e-05
424283843.0 1.0 1795.3897823882178 1 1.0
317470793.0 0.0 1795.971680062842 3 1.0543632e-14
301100564.0 0.0 1796.8072272656243 0 0.0004873331
368515752.0 1.0 1798.430725746045 1 0.99996865
67390878.0 1.0 1796.703484442351 1 0.9999997
377159927.0 1.0 1805.5522437010334 1 0.9999999
236998036.0 1.0 1811.1992400143072 1 0.99998444
275057491.0 1.0 1799.4303788295053 1 0.9999998
331726882.0 1.0 1798.471500387147 1 0.99998146
307203546.0 0.0 1796.64013258671 0 0.0019704443
431839593.0 0.0 1805.2243777627423 0 0.00075702707
35023339.0 0.0 1812.6205480668184 0 0.0020965142
229398450.0 1.0 1805.7196747084295 1 0.99999994
51024867.0 0.0 1798.8482137043054 2 0.00039984175
10973655.0 1.0 1811.4105058468642 1 0.9999992
104196403.0 0.0 1805.203302108932 0 0.00065856654
247008991.0 1.0 1793.6206677181701 1 0.9999942
395924247.0 0.0 1805.2431340370345 0 0.00012722926
53799292.0 1.0 1796.827129526816 1 0.99999976
385591488.0 0.0 1805.4747929436123 0 0.0013861259
63584575.0 0.0 1809.1617580654088 0 0.0014058903
352283883.0 1.0 1796.9097649050168 1 0.9999998
129822207.0 1.0 1797.95362347605 1 0.99999857
352359172.0 1.0 1799.4100701610032 1 0.07071398
365940645.0 1.0 1796.6802491578724 1 1.0
251220253.0 1.0 1793.8069963118667 1 0.9984558
259000751.0 1.0 1794.178185349627 1 1.0
418218506.0 0.0 1812.491691143691 0 0.00028199403
445559476.0 0.0 1808.848480055969 0 3.053209e-05
288513991.0 0.0 1808.8872230967888 0 0.00027145
372216052.0 1.0 1796.8462675357787 1 0.99997103
301476871.0 0.0 1796.8281686013875 0 8.27579e-08
271021518.0 0.0 1798.32628207817 2 4.250655e-11
149925140.0 1.0 1795.182907107183 1 0.99999976
219857381.0 1.0 1796.344155871709 1 0.99999994
63471618.0 0.0 1809.2450654308727 0 0.002843852
63345107.0 0.0 1805.3492740945394 0 0.0065472806
301173087.0 0.0 1805.2030133137202 0 5.6315173e-07
367754612.0 0.0 1794.1992609047047 0 0.0013485264
376114509.0 0.0 1808.8467324442254 0 1.10842e-05
397982006.0 1.0 1794.7016638294747 1 0.45860454
422984324.0 0.0 1805.2868337205193 0 0.0006798124
315728194.0 0.0 1808.8485886166852 0 0.0006752258
233201941.0 1.0 1797.6981561540713 1 0.9999999
252149464.0 0.0 1796.7021950244875 0 0.0015546393
356820646.0 0.0 1801.7613128021683 3 3.7592396e-19
431968168.0 0.0 1812.3492728390918 0 0.0010876558
21097861.0 1.0 1794.1622071390445 1 0.9999961
312857240.0 1.0 1810.5980065985798 1 0.99993545
435741705.0 0.0 1808.8468102648555 0 9.248907e-06
372628397.0 1.0 1798.264811601352 1 0.99999875
376355122.0 0.0 1794.3891334035309 2 4.143984e-11
201163245.0 0.0 1808.9120290060298 0 0.0011342284
399013326.0 0.0 1812.702184224607 0 0.0006558207
374612662.0 1.0 1796.660998880781 1 1.0
259255376.0 1.0 1796.0781439565476 1 1.0
352366856.0 1.0 1798.8684647262912 1 0.99998814
367145487.0 0.0 1808.8671983458269 0 4.830145e-08
444587149.0 0.0 1805.5769881427063 0 4.4094395e-05
245592544.0 1.0 1798.0776285794936 1 0.99988836
200871515.0 0.0 1809.1204498878574 0 0.0011326375
308365224.0 0.0 1812.3483684651314 0 6.180283e-05
83415135.0 1.0 1795.0975306787802 1 0.9999499
417234885.0 1.0 1811.3474578376224 1 1.0
238750791.0 0.0 1796.6409772377085 0 0.00078456686
420443912.0 0.0 1800.2642288148725 0 0.0025749798
201115541.0 1.0 1810.6411896942404 1 0.9999998
301642812.0 0.0 1805.203167253197 0 0.0007106227
367765596.0 1.0 1806.0965245538403 1 0.9999945
367150268.0 0.0 1796.8255626182306 0 1.44821e-06
319915099.0 0.0 1809.1601575000143 0 4.1651012e-07
435453818.0 1.0 1798.4301851445093 1 1.0
319911472.0 0.0 1812.680857676997 0 2.1686724e-06
198280388.0 0.0 1811.1141230363928 3 2.1501203e-19
90763724.0 0.0 1796.6411601945647 0 0.0023122414
388604399.0 0.0 1805.2005357587661 0 3.729538e-05
444797901.0 0.0 1805.3478547896923 0 0.00085585617
50690977.0 0.0 1808.931531194614 0 0.00056335796
395521835.0 1.0 1810.3472954998872 1 0.99981296
353957999.0 1.0 1806.078356968508 1 0.99999315
139554787.0 1.0 1794.0577177641835 1 0.99999994
250561377.0 1.0 1794.3904775144981 1 0.99999815
396195602.0 1.0 1811.3052263574107 1 0.999996
428388736.0 1.0 1794.6405532423269 1 1.0
369821948.0 1.0 1805.8058643106524 1 1.0
256579500.0 1.0 1794.8670181796813 1 0.99728125
384659769.0 1.0 1796.7026474382694 1 0.99999154
366587892.0 1.0 1810.7836317436966 1 0.9999985
73621231.0 1.0 1794.4955072262467 1 0.9999765
177769654.0 1.0 1796.4119433835958 1 0.9993366
332375303.0 0.0 1795.2233006636827 2 5.6686866e-10
407022666.0 0.0 1812.3889465789093 0 1.5486577e-07
269696438.0 0.0 1809.1992689624556 3 1.5393518e-05
387270996.0 0.0 1812.3666774921155 0 0.0027181052
255993777.0 0.0 1794.1579771727952 3 0.0005181543
256507075.0 1.0 1799.7627621837453 1 1.0
252158435.0 1.0 1805.806435643656 1 0.9999976
264615805.0 0.0 1801.4110612397626 3 0.00035893318
238716143.0 1.0 1811.5571638874908 1 1.0
201242969.0 1.0 1797.5576045305183 1 0.9999992
177828016.0 1.0 1810.8077356094552 1 0.9999785
240969500.0 1.0 1810.9733245907335 1 0.9999987
377146885.0 1.0 1796.4300174075418 1 1.0
285181196.0 0.0 1805.0994735581069 3 3.5904662e-07
410237933.0 1.0 1799.9919649890987 1 1.0
259097101.0 1.0 1796.4073697202507 1 0.99998254
233608021.0 0.0 1812.4273659287958 0 0.0006418044
368608355.0 0.0 1805.2014029774296 0 2.7608535e-10
445107304.0 1.0 1796.785425259472 1 0.084053695
29700500.0 1.0 1793.1830125698857 1 0.9999999
250986432.0 0.0 1812.3489310108805 0 0.00018221278
334802172.0 0.0 1796.8254905996987 0 5.205924e-05
200917272.0 1.0 1796.3909819781875 1 0.9999897
332979205.0 1.0 1797.3483424544527 1 0.9999973
177823340.0 0.0 1807.3912562135242 3 5.649437e-06
372728152.0 1.0 1798.0353566651656 1 0.99992406
396713858.0 0.0 1794.5553720243765 2 1.4252495e-12
241097195.0 1.0 1806.2655101656617 1 1.0
370220483.0 1.0 1799.6400419697286 1 0.99976856
259463294.0 1.0 1797.5365584195424 1 1.0
346595078.0 1.0 1794.6412793388672 1 0.9999586
219896633.0 0.0 1796.7608185534818 2 4.055905e-06
65199347.0 1.0 1805.7035310171932 1 0.99990445
55087427.0 0.0 1796.639489310112 0 0.0011665619
352035677.0 1.0 1794.9100698714838 1 1.0
343464665.0 1.0 1794.5746795166524 1 0.9999995
401087739.0 1.0 1810.1611394342472 1 1.0
237295088.0 0.0 1805.241318268082 0 0.00027957323
427728264.0 1.0 1811.0550422907331 1 0.9999996
372069658.0 1.0 1796.6170523928936 1 1.0
200872371.0 1.0 1795.7869495336956 1 0.9999664
293067488.0 1.0 1810.9739917415245 1 1.0
424461577.0 0.0 1811.9063516462795 3 2.4705476e-19
34644961.0 1.0 1797.5373259687096 1 1.0
249886811.0 1.0 1799.7864137652412 1 1.0
368510605.0 1.0 1798.0763872267403 1 1.0
400949130.0 0.0 1812.8283463386601 0 0.00039936329
272833158.0 0.0 1808.8471599733375 0 4.9204345e-06
434270013.0 0.0 1808.846621145452 0 6.235391e-05
240875231.0 1.0 1796.3276821230893 1 1.0
363759663.0 0.0 1797.7226547233665 2 0.00014200549
230084082.0 1.0 1796.17693336795 1 0.9999968
241015420.0 1.0 1799.7861342331717 1 0.99993014
441734144.0 0.0 1804.4073269737187 3 3.0899008e-16
331851550.0 1.0 1798.8884812625272 1 0.9999841
28997709.0 1.0 1798.287283795071 1 0.9999837
241028101.0 0.0 1797.2445529609756 2 4.953137e-08
367288168.0 0.0 1808.8880231978053 0 4.2117244e-05
34753451.0 1.0 1805.9539566516544 1 0.99996394
264615805.0 0.0 1800.098557256776 3 8.565749e-08
288673471.0 1.0 1798.2619479171453 1 1.0
396009144.0 1.0 1811.2016117335318 1 0.9999973
52711488.0 1.0 1811.5144443530835 1 0.999994
238700016.0 0.0 1805.203186062818 0 0.00021622964
258748157.0 0.0 1812.368036770161 0 3.7811542e-06
11331653.0 1.0 1799.5770580523965 1 0.9999331
280072381.0 0.0 1796.9077075435837 0 5.0688348e-05
353487021.0 1.0 1811.0353260053096 1 1.0
374613725.0 0.0 1806.3068525264005 2 9.473136e-09
432014548.0 0.0 1812.370269697088 0 0.0007656676
235934001.0 0.0 1805.2412460129935 0 0.00085317943
317511130.0 1.0 1795.5341638502064 1 1.0
184610711.0 1.0 1793.5159944487862 1 0.9999998
435744596.0 1.0 1810.242735972566 1 0.999999
229439489.0 1.0 1799.1571136391126 1 0.99995935
279374603.0 1.0 1798.0126862829618 1 1.0
394119914.0 0.0 1794.1992679065704 0 2.6253215e-06
319599611.0 1.0 1794.056141072115 1 0.99999994
356979949.0 0.0 1794.4062879250184 0 0.00092138536
286325819.0 0.0 1797.327347455673 2 3.868526e-05
388564901.0 1.0 1798.0754826408777 1 0.9999951
406968861.0 1.0 1794.3267666927845 1 1.0
301334476.0 0.0 1793.3278787980978 0 3.5051575e-09
229741985.0 0.0 1800.7405598311186 3 3.1390275e-08
230076103.0 1.0 1795.947766570114 1 0.99999905
353378764.0 0.0 1809.181061581289 0 2.2946071e-07
265461913.0 0.0 1808.888726922117 0 1.9522255e-05
199633302.0 1.0 1796.842982058994 1 0.99999976
229435185.0 1.0 1794.0323369648006 1 0.999912
409531909.0 0.0 1812.7448976272574 0 0.000951304
427558679.0 1.0 1796.7425753397679 1 0.93014485
322384734.0 1.0 1796.991943383185 1 1.0
245589547.0 0.0 1795.4109895752974 2 1.3960582e-07
240993834.0 1.0 1799.556976186711 1 1.0
10240617.0 0.0 1812.410448809632 0 0.0022296316
201261167.0 1.0 1811.5370558406364 1 0.9999996
203005093.0 1.0 1799.4324800301422 1 0.9999596
104034355.0 1.0 1797.848776218654 1 0.9998355
198538351.0 0.0 1811.0100091339657 2 0.0028153637
322382169.0 0.0 1805.2418274604936 0 0.0010580895
422614996.0 0.0 1808.8675966001163 0 5.4653297e-05
377251803.0 0.0 1803.8648205978998 3 3.2950452e-17
11335015.0 1.0 1798.3062832483643 1 0.99998474
308123058.0 1.0 1793.4111567847376 1 0.9998993
348678270.0 1.0 1806.2653465851834 1 0.9999967
354156485.0 0.0 1805.20274668062 0 0.00029422576
232984295.0 1.0 1795.4686849005677 1 1.0
198214654.0 1.0 1806.1977723126395 1 1.0
397798163.0 0.0 1796.9097549048467 0 0.0012719418
428706982.0 0.0 1812.3468643277279 0 4.0905034e-05
292695766.0 1.0 1806.036526297113 1 0.99999696
441764774.0 1.0 1796.9071935008687 1 0.99991065
420268181.0 1.0 1810.3668146932632 1 0.99998206
237293287.0 1.0 1796.9495841808116 1 1.0
198354443.0 0.0 1797.2596677682322 3 7.9941126e-14
219790018.0 1.0 1805.63520063491 1 1.0
285132017.0 1.0 1798.20183498197 1 1.0
352836311.0 1.0 1810.5975272105961 1 0.99999154
194734225.0 0.0 1793.1409077396427 0 0.0011555441
379630402.0 1.0 1799.4101036629716 1 0.99997455
240972384.0 0.0 1812.3690367313366 0 3.3130274e-08
229648375.0 0.0 1808.844938154676 0 5.6157594e-05
390240645.0 1.0 1798.3894932335884 1 0.9999943
117530920.0 0.0 1793.3279461864577 0 6.565182e-07
270931638.0 0.0 1808.8469246950817 0 1.7766231e-05
306182652.0 0.0 1809.1605999018448 0 0.0011237924
284925600.0 0.0 1807.5977383777413 3 4.2574188e-20
250706109.0 0.0 1797.6404246444179 2 2.4214234e-05
130086309.0 1.0 1797.2659698401542 1 1.0
63399285.0 1.0 1811.3282976401965 1 0.9999997
116375720.0 0.0 1812.3490462220054 0 2.5551053e-06
301417485.0 0.0 1799.8695510791988 2 1.6890635e-14
396615115.0 1.0 1794.9117619635988 1 0.9999942
436931811.0 1.0 1797.037309205293 1 1.0
373237466.0 0.0 1812.3885222006077 0 2.2850497e-06
68153308.0 0.0 1812.349329415133 0 0.0012234598
415975730.0 0.0 1812.6406948358756 0 0.00051678217
431964306.0 0.0 1812.4952046344463 0 0.0011972961
435742094.0 0.0 1812.3467229641317 0 0.00018647629
453277314.0 1.0 1799.0776791267365 1 0.9999999
410470479.0 0.0 1812.3482357774421 0 0.00083390746
233089591.0 0.0 1812.3855227366919 0 1.291758e-08
83339798.0 1.0 1793.4101105719992 1 0.99996215
390741075.0 1.0 1795.3896732048113 1 1.0
251496064.0 1.0 1805.2652740853339 1 0.99999934
269597106.0 1.0 1810.115828182728 1 1.0
285909464.0 0.0 1797.8479098620885 0 1.6317043e-06
356863935.0 1.0 1797.5527574794207 1 0.99998367
255863611.0 1.0 1798.9288120299225 1 0.73309803
21228396.0 1.0 1797.2185017207519 1 1.0
417707923.0 1.0 1810.6173447812291 1 0.99999803
291890286.0 1.0 1805.3697758392602 1 0.99999005
326859016.0 0.0 1796.6404835235921 0 0.0006057391
433563574.0 1.0 1810.4537631186656 1 0.99999076
233528701.0 0.0 1805.198188593161 0 2.5112968e-05
450145177.0 0.0 1808.8485250580386 0 0.0033318917
28914297.0 0.0 1809.120579303498 0 0.0025363765
357673920.0 1.0 1799.4315860911406 1 0.99999315
370212311.0 1.0 1794.4525345128422 1 1.0
259965499.0 1.0 1796.9499971045127 1 1.0
198416738.0 1.0 1805.447293300898 1 0.9999999
352929656.0 0.0 1795.7640468587977 2 0.002132897
83343204.0 1.0 1811.2431844923672 1 1.0
417234073.0 0.0 1795.8057773441292 2 7.631784e-08
445320345.0 1.0 1811.3061143430812 1 0.9999992
387567187.0 1.0 1796.2623233684897 1 0.9999937
270526373.0 1.0 1795.4075329558168 1 0.9999999
396615018.0 0.0 1804.9117703439372 3 4.6568318e-12
312975584.0 0.0 1809.181283860559 0 0.00011254372
354840446.0 1.0 1797.222836476397 1 1.0
292727416.0 1.0 1811.098888508551 1 0.9999754
241030146.0 1.0 1799.661096517507 1 0.9999951
219805359.0 1.0 1797.5314479779643 1 0.9999974
22844899.0 0.0 1808.8496078276578 0 0.00034164076
399828838.0 1.0 1795.7218341214905 1 1.0
372640394.0 1.0 1793.5330616841222 1 0.9999998
309130480.0 1.0 1797.5362917237653 1 1.0
385100383.0 1.0 1795.6616314404384 1 0.99999994
370690088.0 0.0 1805.5565859665753 0 0.00052981573
83809500.0 0.0 1808.847339278463 0 8.133065e-05
202870694.0 0.0 1809.3074859143956 0 0.00086088915
117270306.0 1.0 1793.5987523058357 1 0.99999535
441761621.0 0.0 1805.2199411981485 0 3.3270271e-06
308529760.0 0.0 1805.2443288050674 0 4.2076863e-06
456130400.0 0.0 1808.495226993278 3 1.1905844e-11
354160375.0 0.0 1805.2442771888827 0 8.604051e-05
264305610.0 0.0 1793.1374624515474 0 4.4235142e-07
256102034.0 0.0 1796.6396050740539 0 7.731251e-08
370698262.0 1.0 1795.6400130527904 1 1.0
347307581.0 0.0 1805.5766349969088 0 0.0054586586
255871515.0 1.0 1811.3894100653383 1 1.0
372214805.0 1.0 1795.9087822022436 1 0.9999577
288312840.0 0.0 1796.2199379930573 3 2.242721e-11
376290178.0 1.0 1810.6380001604107 1 1.0
441735715.0 1.0 1796.094343078733 1 0.9999994
207463920.0 0.0 1805.1971733777307 0 0.0006115993
77567833.0 1.0 1795.5579377404313 1 1.0
265198364.0 1.0 1794.4942971349778 1 0.9999957
381686576.0 1.0 1795.8701960511553 1 1.0
421110466.0 0.0 1812.7017268461766 0 2.0344582e-06
383622633.0 0.0 1794.4059405860214 0 0.015452494
360020372.0 0.0 1793.4077692299245 0 1.0723091e-06
319918348.0 0.0 1796.6396255594095 0 0.0014695103
288470983.0 1.0 1793.9286638315866 1 0.99999994
347691279.0 1.0 1797.306768476373 1 1.0
298729609.0 0.0 1806.364524043361 2 8.302871e-07
369823770.0 1.0 1806.4308793888454 1 0.99999785
71932051.0 0.0 1799.389957094894 2 2.2145133e-11
241022625.0 0.0 1811.2024450932765 2 2.3493208e-06
233720275.0 1.0 1798.177406252182 1 0.99999666
368611669.0 0.0 1812.3472359608195 0 8.594966e-05
90646912.0 1.0 1795.7870127231001 1 0.99999976
232617353.0 0.0 1812.4476147930648 0 9.619743e-10
270014616.0 0.0 1796.9095929832115 0 0.00042584215
233495139.0 0.0 1796.4904443198125 2 1.8953293e-06
370756231.0 0.0 1808.8900430645183 0 0.00029924407
315757230.0 0.0 1805.3249590194387 0 7.1635994e-05
320268279.0 0.0 1806.5769249390344 3 8.7973536e-13
240939984.0 1.0 1811.5356952150898 1 0.99999386
399925836.0 0.0 1805.2009637702008 0 0.00038018546
279610249.0 1.0 1794.680109490082 1 0.9995951
420470684.0 1.0 1810.53479430608 1 1.0
198187903.0 1.0 1800.0098782886355 1 0.9996266
28998249.0 1.0 1811.3081148355088 1 0.9999911
13613256.0 1.0 1794.6398183848578 1 0.9999904
357887247.0 1.0 1799.680941104587 1 0.9999995
34553649.0 1.0 1797.808161342352 1 0.9999464
312147538.0 1.0 1794.4523479743657 1 1.0
332494935.0 1.0 1806.202205223832 1 0.99999833
399763305.0 1.0 1796.6384440762424 1 1.0
420851354.0 1.0 1795.785278663947 1 0.9999999
63624860.0 1.0 1811.4742137404262 1 1.0
374034427.0 1.0 1798.7856150240668 1 1.0
240887113.0 1.0 1810.140004275167 1 0.9999862
444116652.0 1.0 1794.7442209752946 1 0.99775183
149927067.0 0.0 1812.745615373772 0 0.0011562291
352794937.0 1.0 1794.953409458569 1 0.9999998
375082757.0 1.0 1799.744289412852 1 1.0
390804313.0 0.0 1808.9106085420788 0 0.00012874267
198361834.0 0.0 1796.6764717831568 0 0.0011347411
229675298.0 1.0 1810.3028485780387 1 0.9999998
364183728.0 1.0 1811.3040841018892 1 0.99997
284435554.0 1.0 1793.7436773861916 1 0.9999993
67422158.0 0.0 1812.6822025799559 0 0.00080584484
241134566.0 1.0 1805.5988858824921 1 0.9999964
219095424.0 1.0 1796.2610427148256 1 0.99067014
377607119.0 1.0 1811.3050246046082 1 0.99999815
269412448.0 0.0 1796.909549245204 0 0.0010685389
237304997.0 1.0 1798.0746117633666 1 0.99999887
250580072.0 0.0 1808.8694831936684 0 0.0002515518
369035900.0 0.0 1794.1184790589652 2 3.045195e-05
396341901.0 1.0 1794.680561380506 1 0.99999964
201360067.0 1.0 1811.0579712767785 1 1.0
407494959.0 0.0 1809.3053804491885 0 1.0154007e-06
292942043.0 1.0 1810.5781397613516 1 0.9999997
284146933.0 0.0 1805.5352216589683 0 0.00042714723
65438028.0 1.0 1810.8910844407117 1 0.9999438
268519801.0 0.0 1808.846728452468 0 5.2825082e-05
311828730.0 0.0 1805.5561151117415 0 1.3123999e-07
252155467.0 1.0 1795.0773206127894 1 1.0
251457857.0 1.0 1793.7441581502426 1 0.99996954
436850057.0 0.0 1793.1413693169807 0 0.0015155252
354013819.0 0.0 1805.556522816724 0 0.0013274363
367681735.0 0.0 1811.3861576867762 3 8.647843e-16
353073300.0 1.0 1810.32686451947 1 0.9999994
445606365.0 1.0 1795.7028024406668 1 0.9999998
256929085.0 1.0 1796.907648379733 1 0.99894845
189679333.0 0.0 1809.1197583926355 0 0.0012227538
286404968.0 1.0 1811.0356476322486 1 0.9999996
352573876.0 0.0 1808.910048895352 0 1.7154052e-05
283144803.0 0.0 1794.681083256847 2 6.995861e-14
327392518.0 0.0 1805.223778005268 0 0.00041836413
71745969.0 0.0 1809.1816223007995 0 3.4005516e-05
373458182.0 1.0 1798.138606332664 1 0.9999999
370694384.0 1.0 1799.348275959794 1 0.9995137
422707313.0 0.0 1810.784352046226 2 2.506255e-10
367331490.0 0.0 1812.4919574314474 0 4.8585836e-05
331937287.0 1.0 1797.4723966634947 1 0.9999912
445182516.0 1.0 1793.8063765086094 1 0.999988
233070615.0 1.0 1810.8855460584082 1 1.0
77260122.0 0.0 1796.8078989356832 2 8.4408e-07
429001549.0 0.0 1796.6379886906982 0 0.00011710959
390579360.0 0.0 1794.347862079237 0 0.00017798597
352774977.0 0.0 1805.4307396837537 0 0.0033958552
422354961.0 1.0 1798.845399417554 1 0.99999833
283942575.0 0.0 1809.2016706797976 0 8.300145e-06
321450971.0 1.0 1806.0749498317625 1 0.9998974
301470349.0 0.0 1805.2030578201689 0 0.00622836
410473179.0 1.0 1796.0986246895684 1 0.9998768
312554793.0 0.0 1805.5355047148912 0 1.3615392e-05
116557796.0 1.0 1810.6406368149023 1 1.0
245702533.0 0.0 1812.348623454771 0 0.00032683625
436879578.0 1.0 1793.745571961009 1 0.999654
245581212.0 0.0 1812.3487215280813 0 5.9835013e-05
444413484.0 0.0 1809.1599417699083 0 0.013811995
249893819.0 1.0 1796.3487843483729 1 1.0
94609999.0 0.0 1805.6205363782294 0 0.003798629
230126329.0 1.0 1796.614571325923 1 1.0
388001334.0 0.0 1796.8249624046705 0 0.001433509
417410096.0 1.0 1810.7643489178054 1 1.0
299436180.0 0.0 1800.3488347246737 0 0.0003841377
252113153.0 1.0 1797.3899260547932 1 0.9999794
349294422.0 0.0 1801.703904117689 3 5.8245242e-15
395693038.0 0.0 1809.222482255406 0 0.00080246245
377418427.0 0.0 1805.2007893797181 0 1.7886712e-05
272625675.0 1.0 1795.8890032344705 1 0.9999998
367350931.0 0.0 1809.158865562333 0 0.00013337268
160550483.0 0.0 1797.6986890627747 0 0.0008925671
428378716.0 1.0 1811.368108593319 1 0.9999991
245702077.0 1.0 1794.1818583330596 1 0.99999475
130061105.0 0.0 1805.536795476099 0 0.00026589874
346541338.0 1.0 1795.0579526686115 1 0.9999959
354132782.0 0.0 1812.4116322280947 0 0.0027693217
321546971.0 0.0 1808.8873532578873 0 2.2377224e-06
284439764.0 1.0 1794.0769934248503 1 0.99999094
186744198.0 1.0 1795.8702703605416 1 1.0
233005991.0 1.0 1798.1150382393732 1 0.99999833
192466803.0 1.0 1794.2034042510734 1 1.0
410438587.0 1.0 1795.3487215048606 1 0.99999934
237104001.0 1.0 1797.4273176062256 1 0.99999875
444499311.0 0.0 1793.1395020141133 0 0.0042126207
394089367.0 1.0 1794.0537057654988 1 0.99999964
352810984.0 1.0 1811.4537820158591 1 1.0
293067336.0 1.0 1811.4323288232001 1 1.0
379085094.0 0.0 1805.222296028695 0 0.001961207
323407257.0 1.0 1794.0963911773347 1 0.9999938
372355186.0 1.0 1805.4320965401034 1 0.9999879
403879070.0 0.0 1810.2442185607413 2 1.9431646e-08
332045437.0 0.0 1798.7231320597555 2 5.2620757e-09
241037295.0 0.0 1808.8900477300012 0 0.00024981325
433202283.0 1.0 1796.6619475287869 1 1.0
354782159.0 1.0 1795.9726650928528 1 0.99997634
377251803.0 0.0 1809.010545223016 3 5.97587e-14
284443179.0 0.0 1812.9516964150255 0 2.9425562e-06
445398118.0 1.0 1806.0354278197794 1 0.99990624
445115660.0 1.0 1806.2854353609434 1 0.9999999
265174270.0 1.0 1799.409452736065 1 0.9999998
346852957.0 1.0 1797.9951899163993 1 0.99999976
235981025.0 1.0 1806.4289667094652 1 0.99994737
445223944.0 1.0 1798.8062496359144 1 0.9999991
335799067.0 1.0 1805.7212251152187 1 0.9999987
321914704.0 0.0 1806.1375383021825 2 0.005192318
229672541.0 1.0 1805.4486530733761 1 0.9999995
420303728.0 1.0 1795.4499343677346 1 0.999955
367407019.0 1.0 1794.3486199365752 1 0.9999961
286410563.0 1.0 1796.5773205295832 1 0.9999998
357674703.0 0.0 1812.410775598144 0 2.332684e-06
338159479.0 0.0 1801.6798332443896 3 6.4490715e-25
334174894.0 0.0 1805.2211447647876 0 2.0969078e-06
233659783.0 0.0 1809.072926970055 0 7.6798926e-05
245617094.0 1.0 1797.2233668275944 1 0.99999976
445378752.0 1.0 1810.7021561286049 1 1.0
323124975.0 1.0 1798.1584117602551 1 1.0
373515841.0 0.0 1805.2011377136387 0 1.5639955e-05
403581621.0 1.0 1798.535753834033 1 0.99999994
138125163.0 0.0 1809.516389182501 0 0.0008714292
428751351.0 0.0 1812.3467217530142 0 1.7362016e-05
321552490.0 1.0 1795.5542505366334 1 0.9999474
374128526.0 0.0 1805.2648506348633 0 0.000103035585
251814564.0 1.0 1794.4528053727968 1 0.99997956
338159479.0 0.0 1804.5131123967765 3 1.03924094e-22
229702512.0 1.0 1811.3444610501028 1 0.9999998
46430281.0 0.0 1796.641374696498 0 0.0023547872
370057979.0 1.0 1810.5356435770227 1 1.0
308878987.0 0.0 1796.6403153409115 0 1.3801885e-07
94371127.0 0.0 1793.1409865611108 0 0.0023840384
381655370.0 1.0 1798.5159182312275 1 1.0
279201903.0 1.0 1795.5140477742918 1 1.0
334174894.0 1.0 1798.8045931612621 1 1.0
252128466.0 0.0 1809.2021222807941 0 8.704436e-05
343327003.0 0.0 1800.3245459070783 0 0.0006550206
67461269.0 0.0 1809.1407930330793 0 0.00052492117
67515038.0 0.0 1809.0782937565025 0 3.6548176e-05
302466609.0 0.0 1796.8281445324487 0 0.0001758723
366558772.0 1.0 1794.929568518172 1 0.9999794
289090826.0 1.0 1811.4930452987567 1 0.9999882
238743287.0 1.0 1794.453187451303 1 0.9999992
366517381.0 0.0 1803.9705548218517 3 1.0530708e-18
229400018.0 0.0 1812.3444119963974 0 3.9598916e-08
367531855.0 1.0 1794.0154428373141 1 1.0
396714371.0 1.0 1797.951354381313 1 1.0
191769044.0 1.0 1810.5986150655924 1 0.99998415
367280190.0 0.0 1798.346433870838 2 1.6535997e-11
259001008.0 1.0 1799.2822920694414 1 0.99997914
387627542.0 1.0 1798.7831733921635 1 1.0
385507212.0 1.0 1795.1412848017205 1 1.0
428740427.0 0.0 1812.3468028384277 0 0.00029497317
118298815.0 1.0 1810.3077421226433 1 1.0
389961180.0 1.0 1811.385035262621 1 0.99999803
50849800.0 0.0 1794.0770305327771 3 3.819213e-18
402952425.0 1.0 1797.1375126462647 1 0.99998367
445198484.0 1.0 1795.4730450024097 1 1.0
61085531.0 1.0 1797.7664954256124 1 0.99999905
272538760.0 0.0 1805.2222334613457 0 0.0009311932
336002352.0 0.0 1805.221253890462 0 5.025403e-07
249952332.0 0.0 1805.2238279377625 0 0.00029798577
321854847.0 0.0 1805.491724226511 0 3.3800792e-05
445181630.0 0.0 1805.5562143296527 0 0.00058274704
279282710.0 1.0 1810.284879528579 1 1.0
83339750.0 0.0 1812.7014548627903 0 0.0002039879
410623122.0 1.0 1806.203038404886 1 0.99999887
22874841.0 1.0 1811.0370555400796 1 0.9999994
199688409.0 0.0 1800.7804877336414 3 1.3749386e-11
374133172.0 0.0 1811.0564187021077 2 7.981765e-08
453250707.0 0.0 1809.160694608739 0 0.0003850736
233519951.0 1.0 1799.134806274338 1 0.99999946
264615805.0 0.0 1806.8068860236308 3 2.8612414e-05
298601598.0 1.0 1806.2804556881747 1 0.99999857
233740998.0 1.0 1797.6357040470655 1 1.0
368023395.0 0.0 1812.3885236875549 0 2.2162696e-06
387239641.0 1.0 1794.8871499549816 1 1.0
428772568.0 1.0 1794.6173966566755 1 0.9998858
252159372.0 0.0 1805.535632012515 0 0.00041506722
356862844.0 1.0 1799.0526725359864 1 0.99999326
426112442.0 0.0 1805.221413248411 0 9.807537e-05
369997828.0 1.0 1810.1188683304772 1 0.99999934
50450585.0 0.0 1805.306440218762 0 0.000248393
381656247.0 1.0 1794.786801801724 1 0.9999945
241090316.0 0.0 1805.202770261639 0 6.0065366e-07
410807677.0 0.0 1793.3279613296022 0 1.6980171e-07
385438153.0 1.0 1805.557081476544 1 0.99999917
251646422.0 1.0 1796.2651538599584 1 0.9999987
375983222.0 0.0 1805.2421834332936 0 0.00020102909
427578829.0 0.0 1809.245631037348 0 0.0011301365
229607259.0 0.0 1805.1988995317547 0 0.00030675886
251105103.0 0.0 1805.2027089431858 0 1.5056748e-05
241078868.0 0.0 1812.3902740943934 3 1.0093966e-13
354132782.0 0.0 1808.9116264905108 0 0.002948555
367681735.0 0.0 1804.4485437651574 3 1.10925845e-10
400381932.0 0.0 1808.9097318687557 0 3.5029586e-06
410703899.0 1.0 1797.2863789295066 1 1.0
250858590.0 1.0 1794.8071444716888 1 0.9999941
305430992.0 1.0 1810.5562923717737 1 0.99999976
53865269.0 0.0 1809.2643976807353 0 0.0017181132
285869859.0 0.0 1797.3487034938069 2 9.311495e-05
399798826.0 0.0 1795.38835554253 2 6.5412337e-12
354283949.0 1.0 1796.3257088670857 1 0.99999905
375607442.0 1.0 1795.1589605532881 1 0.999849
418134525.0 0.0 1799.180676355996 2 1.17717125e-08
401007290.0 1.0 1805.3694505993474 1 0.969825
375600883.0 0.0 1808.8462304495145 0 5.15447e-05
250891012.0 0.0 1796.0779154475772 2 0.0012820099
433970925.0 0.0 1796.6175838252377 2 4.9796528e-11
292523477.0 1.0 1798.328345364649 1 0.9999901
73523692.0 1.0 1795.9746482396872 1 0.9998661
52714831.0 0.0 1797.6603451088367 2 0.00013273857
240794802.0 1.0 1798.806567088601 1 0.99999934
50050546.0 0.0 1808.931396941837 0 0.00023043554
264223929.0 1.0 1795.8458457979489 1 0.99873954
368892974.0 0.0 1812.680646456116 0 0.00015029071
323011282.0 1.0 1810.8041861986221 1 0.99999774
374030551.0 1.0 1810.5147082846515 1 0.99999374
279352847.0 0.0 1812.514449793601 0 0.0027297905
274948374.0 0.0 1812.3469536961823 0 0.0012072572
10510046.0 0.0 1805.348007580463 0 0.008728992
385105755.0 0.0 1808.9117293479703 3 1.4312363e-13
403875792.0 1.0 1810.5565918172113 1 0.99999917
445564070.0 1.0 1794.0361083483172 1 1.0
329343815.0 0.0 1812.4262592762173 0 0.0030942396
250767874.0 0.0 1808.869551589364 0 5.9120375e-06
21227979.0 0.0 1812.5514865932762 0 1.6986111e-06
445530277.0 1.0 1805.3693993318186 1 0.99999917
359677358.0 0.0 1808.8438282607722 0 6.778117e-05
63472118.0 1.0 1796.4328370519331 1 1.0
366193604.0 1.0 1806.430933566247 1 0.99995095
401083630.0 0.0 1808.869588261927 0 0.00029868688
258629961.0 0.0 1793.324605307778 0 9.357594e-09
353779228.0 1.0 1799.5727053256617 1 0.9999857
370688888.0 0.0 1812.6606934442054 0 0.0036550665
63690302.0 1.0 1796.057969500155 1 0.9999995
395925044.0 0.0 1796.8055650314545 0 0.00059962017
77356631.0 0.0 1797.1620607394893 2 0.060195394
307478925.0 0.0 1808.953346811087 0 0.0006416821
279004132.0 0.0 1799.785193704141 2 3.1512997e-09
63623869.0 0.0 1806.411843821036 3 2.0887225e-16
379604836.0 1.0 1797.0976820103413 1 0.99999774
311704365.0 0.0 1805.5354351308727 0 0.00034187877
445558560.0 0.0 1805.2026600121817 0 0.00011632539
302186200.0 1.0 1793.4323656058782 1 0.999986
427657613.0 1.0 1794.513523396951 1 0.99999887
373702832.0 0.0 1810.3895421913037 3 0.0075713736
367335183.0 0.0 1800.471291679666 0 0.0007708806
230124490.0 0.0 1797.6983748860823 0 0.00016634034
229676244.0 0.0 1806.6989960143187 3 1.0358805e-11
165530589.0 1.0 1798.2392857391999 1 0.99999976
381544532.0 1.0 1795.036860226651 1 1.0
259005248.0 0.0 1793.4075102179404 0 0.00051079225
282880937.0 1.0 1805.6180758725554 1 0.9999987
233048879.0 1.0 1797.5939913756113 1 0.9999997
229741985.0 0.0 1810.8447261415256 3 5.1846353e-05
366435734.0 1.0 1805.7824977429175 1 1.0
252807272.0 0.0 1793.1405788542238 0 0.0017701682
203091205.0 0.0 1809.161650307534 0 0.00044629007
159539998.0 0.0 1808.8867289039185 0 1.2797814e-06
252187980.0 0.0 1793.1400126884757 0 6.923648e-07
422756237.0 1.0 1805.6390072597903 1 0.9997381
450137038.0 1.0 1798.7651218571636 1 0.9999963
385555157.0 0.0 1809.2039511149785 0 0.0045627877
186670567.0 1.0 1795.3286573493315 1 0.9999983
137260061.0 1.0 1805.6598661832973 1 0.99999577
427545899.0 1.0 1797.9330648977718 1 1.0
250581688.0 1.0 1795.2654214829506 1 0.9999997
387408582.0 1.0 1795.4705780468557 1 0.99999434
376288684.0 0.0 1805.2214271159214 0 3.7539232e-07
271766891.0 1.0 1795.8055949495624 1 0.9999985
419531845.0 1.0 1810.1599863482488 1 0.9999989
417620398.0 1.0 1811.095942241874 1 1.0
284136822.0 1.0 1810.472515259953 1 1.0
406597100.0 0.0 1812.3467398594125 0 1.5692339e-06
387901049.0 0.0 1795.8041022384411 2 9.6372093e-17
250655207.0 1.0 1805.8069919764012 1 0.99999833
422663677.0 1.0 1797.9719217245492 1 0.99999994
377251803.0 0.0 1811.3021640087468 3 1.1653977e-12
327006143.0 0.0 1796.7018745733392 2 1.5149133e-10
243336425.0 1.0 1794.0111417271862 1 1.0
279847952.0 0.0 1808.8485225928675 0 0.0011680484
139465168.0 1.0 1798.703669479287 1 1.0
315724612.0 0.0 1808.8695372213513 0 0.0002865955
433351349.0 1.0 1811.3077665641965 1 0.99998605
368028401.0 0.0 1805.2011839578424 0 0.008950077
366674060.0 1.0 1810.2628367270734 1 1.0
441738610.0 1.0 1806.261232135741 1 0.9999987
369731616.0 0.0 1805.5559035132228 0 0.00014749561
375712663.0 1.0 1798.138070065748 1 0.999981
264615805.0 0.0 1800.5777257103962 3 0.00043189098
284049245.0 1.0 1798.701676599054 1 0.99997383
270128468.0 0.0 1796.2221998143943 2 1.5162236e-09
308220348.0 0.0 1808.9733782796882 0 1.2569432e-09
116060265.0 1.0 1796.661383098629 1 0.99999994
230014869.0 0.0 1795.6780944916404 2 1.8214942e-07
229943561.0 1.0 1796.594418240029 1 0.99999994
378586604.0 1.0 1795.5970007207309 1 0.9999996
322442826.0 1.0 1797.1378341923094 1 0.99999654
445293146.0 0.0 1812.6810528145293 0 0.000958986
346787628.0 0.0 1812.453604317867 0 0.00074658025
196974107.0 0.0 1808.8485981050976 0 0.0048851976
331315758.0 0.0 1794.3066174156436 2 8.594434e-07
424806376.0 0.0 1805.3064618247372 0 0.00010293492
250707320.0 1.0 1797.1404618447004 1 1.0
283345494.0 1.0 1798.3687536444347 1 1.0
241075508.0 1.0 1811.3068619302544 1 0.9999961
366782088.0 0.0 1793.32545030463 0 6.84248e-09
418034045.0 1.0 1796.0159732721092 1 1.0
427768985.0 0.0 1793.4094979144802 0 3.289096e-07
238801324.0 0.0 1796.6409170556008 0 0.000666513
288636477.0 0.0 1805.2410955671546 0 1.6931433e-07
398210443.0 0.0 1797.8477203566604 0 4.1133504e-07
416096872.0 1.0 1811.557668101185 1 0.99999213
381732453.0 1.0 1794.3909953012658 1 0.99999523
250798686.0 0.0 1800.1822127635721 0 8.072356e-08
116403299.0 1.0 1793.4113134191603 1 0.9999926
445537735.0 1.0 1794.07762447144 1 0.9999949
104151375.0 1.0 1797.8280902149188 1 0.9999998
415963236.0 1.0 1810.2238987288656 1 1.0
137960769.0 1.0 1796.0162212275352 1 1.0
233057220.0 1.0 1811.531196253557 1 1.0
348235541.0 1.0 1799.765268421447 1 0.9999992
54213390.0 1.0 1810.4102619893313 1 0.9999998
26439582.0 0.0 1805.4746585085895 0 0.0023464274
445288673.0 1.0 1795.7021720287844 1 1.0
372275195.0 1.0 1797.6818900011026 1 1.0
319916989.0 0.0 1809.1601843865385 0 0.00012153447
219797699.0 1.0 1799.197812091015 1 0.99999964
396006259.0 1.0 1797.6178383869126 1 0.9999998
10962838.0 1.0 1798.952371176981 1 0.99918276
367360176.0 1.0 1797.575564250283 1 0.9999831
445506790.0 1.0 1811.2857411338734 1 0.99999994
412887931.0 1.0 1800.0545366098656 1 0.9999998
198413518.0 0.0 1797.9679992756546 0 0.0051050833
269235068.0 0.0 1812.3676092135574 0 3.1414288e-06
265007029.0 0.0 1805.2026294617765 0 0.00012747712
200921621.0 0.0 1805.3079411565825 3 4.3927726e-06
278922816.0 0.0 1805.3686154306126 0 0.00139524
272426464.0 0.0 1808.8470814870257 0 0.0003578533
301906843.0 1.0 1793.5780455066556 1 0.9999923
219796423.0 1.0 1811.3439363856069 1 1.0
233079659.0 0.0 1807.2606662249275 3 9.26374e-09
366073468.0 1.0 1799.88865247959 1 0.99999857
299438729.0 1.0 1796.640474762052 1 0.9999729
302386390.0 1.0 1796.015473440997 1 0.99999046
353026030.0 1.0 1797.5352468876474 1 0.99999994
427110409.0 1.0 1799.5125371570036 1 1.0
256349356.0 1.0 1805.5541900360188 1 0.99996394
316850474.0 0.0 1794.6193384949408 2 1.5783917e-05
275636326.0 1.0 1797.8685410328017 1 0.9999983
12901320.0 1.0 1794.9106646654104 1 0.9999997
396442760.0 1.0 1811.1379871682627 1 1.0
186912006.0 1.0 1793.4952855697154 1 0.9999985
137082590.0 0.0 1812.347435278351 0 1.5978425e-05
376544321.0 1.0 1796.0965965534624 1 0.9999979
275694120.0 1.0 1798.3028843209713 1 0.9999998
402810602.0 1.0 1795.8476042080117 1 0.99999994
137886081.0 1.0 1798.9538864423287 1 0.9999831
415834582.0 1.0 1794.9114226671197 1 0.99999994
116015207.0 1.0 1795.7863890904212 1 0.9999969
49731716.0 0.0 1808.9108908835585 0 6.113138e-05
229976071.0 1.0 1799.386098892048 1 0.9999996
235676373.0 0.0 1808.8659106009388 0 1.8976873e-05
241023969.0 0.0 1812.3482854372921 0 0.00013596009
400341172.0 1.0 1810.2429770393587 1 0.9999981
348135324.0 0.0 1805.2235595926686 0 0.00012387996
353077789.0 0.0 1806.972603623951 3 1.3815627e-08
351390279.0 0.0 1796.909917712338 0 5.7413527e-06
366110508.0 1.0 1795.347684558611 1 0.99972063
337643686.0 0.0 1805.2005647274364 0 5.1413477e-05
241017747.0 0.0 1793.7860857617543 3 1.622797e-20
282874128.0 0.0 1796.9099297415094 0 0.27040505
433139697.0 0.0 1805.49525140311 0 0.0012651935
250773561.0 0.0 1800.1404228475153 0 3.9195916e-06
444834252.0 1.0 1810.1605893902954 1 1.0
384919112.0 0.0 1812.3491915470863 0 0.0006112893
420024734.0 0.0 1812.7017747542836 0 1.230757e-07
233048798.0 1.0 1798.052308960347 1 1.0
436842161.0 0.0 1809.037107499319 0 0.00028924554
243286840.0 1.0 1811.1148913302502 1 0.9999629
198189928.0 0.0 1793.1764461261664 0 0.0013947171
283832839.0 1.0 1799.2642722031078 1 1.0
430327641.0 0.0 1793.1409058527674 0 0.0014224146
426085192.0 1.0 1797.1803061911958 1 0.9999989
400950668.0 0.0 1794.0991014635927 2 5.0834005e-05
332866260.0 1.0 1796.0565436806403 1 1.0
405491869.0 1.0 1793.495387804873 1 0.9999976
12559257.0 1.0 1799.1396587331901 1 0.9991837
348517267.0 1.0 1797.2861481945938 1 0.99998957
50850412.0 0.0 1808.9105560478515 0 0.00065678585
309054541.0 0.0 1796.6402230052224 0 4.926647e-07
270824726.0 0.0 1795.368135377985 2 1.1413337e-07
192558373.0 0.0 1805.2035425024974 0 0.0015634173
250823620.0 1.0 1806.2238035612204 1 1.0
352358226.0 1.0 1810.7850225564089 1 0.99999917
83615808.0 1.0 1795.5767780885672 1 0.99999994
238774934.0 1.0 1795.4534348924117 1 0.9999999
233534504.0 0.0 1797.969083237028 0 2.0653813e-06
285239772.0 1.0 1793.9529304462865 1 0.99999946
356894095.0 0.0 1808.8436088063418 0 0.0014414755
292269490.0 1.0 1795.3700410401016 1 0.99998254
431858847.0 1.0 1797.6199595572555 1 0.99997395
236784540.0 1.0 1811.489592907022 1 1.0
186938347.0 0.0 1796.6410135403019 0 0.00034819276
10418223.0 0.0 1794.3477956344504 0 2.4401247e-06
302147474.0 0.0 1812.4742406992705 0 0.0009723693
331724986.0 0.0 1793.305019210056 0 1.5804717e-05
192295407.0 1.0 1805.745041157921 1 1.0
52424473.0 0.0 1809.3269674476426 0 0.022681432
394091225.0 1.0 1796.0120244526315 1 0.9999362
178046956.0 0.0 1810.1411120719401 2 0.0033657602
428015818.0 1.0 1811.3885611868832 1 0.9999999
415977699.0 0.0 1797.9532921981468 2 6.076805e-06
279920905.0 1.0 1794.8673624167243 1 0.9999826
245477282.0 0.0 1805.223460271883 0 0.00031736685
396572727.0 0.0 1809.2449932393615 0 0.00092179055
374615528.0 1.0 1806.2235695463226 1 0.9999977
232609354.0 1.0 1797.614641627276 1 0.99999976
12984480.0 0.0 1812.410727891486 0 0.0005137672
229497973.0 1.0 1798.9698331708612 1 0.99999833
352979549.0 0.0 1810.6996969402505 3 1.2981879e-26
252173759.0 0.0 1793.1397557864404 0 0.0005077392
264294796.0 0.0 1808.9709673344587 0 5.214036e-06
275579776.0 1.0 1796.2850072975457 1 0.9999818
21162234.0 1.0 1797.2601025232989 1 0.99999994
284215241.0 0.0 1805.9725612939312 2 2.2504651e-10
258514303.0 0.0 1805.2203490243437 0 6.85295e-05
265147478.0 1.0 1797.012474806477 1 1.0
353380967.0 1.0 1796.9308902144937 1 0.9999999
269417075.0 1.0 1806.3052557249082 1 0.99999577
302776007.0 0.0 1797.3268277040747 2 1.1376763e-12
113801184.0 1.0 1810.2872569528647 1 1.0
237080213.0 0.0 1812.907542348348 0 0.0004251802
367419139.0 1.0 1798.3905834007885 1 1.0
279607090.0 1.0 1810.5757612548957 1 1.0
284717791.0 1.0 1797.1186941620913 1 1.0
285685590.0 0.0 1808.9314215230022 0 0.0002428776
378292347.0 1.0 1797.5557563827874 1 0.99999994
385041366.0 1.0 1796.89070355442 1 1.0
240820973.0 1.0 1806.1815383066628 1 0.9999985
232674183.0 1.0 1796.8857399827525 1 0.9999874
398157908.0 0.0 1797.8475078952813 0 2.494441e-05
236776985.0 1.0 1797.8232253606657 1 0.9999996
379370837.0 1.0 1794.951610917723 1 1.0
259037524.0 1.0 1794.0740297951997 1 1.0
65695091.0 0.0 1808.9535362757783 0 0.000969057
129913061.0 0.0 1805.390987983907 3 0.0003097804
375985511.0 0.0 1808.8671224475145 0 1.0919101e-06
52702113.0 1.0 1793.4730332988404 1 0.9999968
282881417.0 1.0 1810.8054813258698 1 0.9993516
341813855.0 1.0 1806.1558291279507 1 1.0
21189397.0 0.0 1812.4680857650396 0 4.6929243e-05
331552874.0 0.0 1805.241959020965 0 8.833775e-09
396573154.0 1.0 1810.390827989759 1 1.0
427872227.0 1.0 1796.0968734591136 1 1.0
34647018.0 1.0 1794.9122284915052 1 1.0
375782459.0 1.0 1811.4087214595381 1 0.9999991
237197619.0 1.0 1794.178461594273 1 0.7576685
389536476.0 0.0 1809.2021015017356 0 0.00080875383
377031464.0 0.0 1805.221561157594 0 9.975976e-07
374479643.0 1.0 1810.265044206078 1 0.9999904
117753504.0 1.0 1810.9115409477613 1 1.0
199682593.0 0.0 1808.8432107643882 0 0.0046187704
236765799.0 1.0 1797.7402697192865 1 1.0
251354499.0 1.0 1806.3070632945257 1 0.99998003
420176519.0 0.0 1812.366133639714 0 1.3467578e-09
359126965.0 0.0 1805.2014397085961 0 7.945347e-06
456130400.0 0.0 1796.8492615575087 3 3.698154e-13
374041661.0 0.0 1808.9107465053073 0 2.9054165e-06
403117827.0 0.0 1808.8868112131984 0 7.469597e-08
28834478.0 0.0 1805.4747838645362 0 0.00040904345
237294767.0 1.0 1799.7204994768003 1 0.9999965
34977164.0 1.0 1795.4538797552477 1 0.9999991
403740880.0 1.0 1797.2028164099308 1 0.999998
428257299.0 0.0 1793.7028638311256 3 6.7099985e-15
198388252.0 0.0 1798.3638879057708 3 4.777508e-15
354746123.0 1.0 1797.972745733852 1 0.99999976
445108078.0 0.0 1793.1396286981526 0 5.011511e-09
365944938.0 0.0 1805.242739812304 0 5.5632894e-09
319851927.0 0.0 1809.2017521092023 0 9.130321e-05
240912683.0 0.0 1793.1401604236105 0 2.8535686e-08
332148984.0 1.0 1810.952330553199 1 1.0
129819081.0 1.0 1793.2035312425478 1 1.0
54206670.0 1.0 1799.6604731612167 1 0.9999251
307206821.0 1.0 1811.2855454995565 1 0.99999994
387676018.0 0.0 1795.5331717031113 2 2.0432822e-08
236996885.0 1.0 1795.5328125435187 1 0.9999964
117619327.0 0.0 1812.453286267957 0 0.002510673
455954904.0 1.0 1796.3258772787574 1 0.99999994
445240803.0 0.0 1796.7023569638347 0 9.272383e-05
354400632.0 1.0 1796.2864139442881 1 1.0
357516853.0 0.0 1797.2613679383446 2 4.5421147e-09
286010581.0 1.0 1811.4107330138306 1 0.99991804
284429312.0 1.0 1806.410126709355 1 0.9999996
233724679.0 1.0 1797.9064368814584 1 0.9999817
288629022.0 0.0 1805.3076822218231 0 7.08426e-05
288501292.0 0.0 1809.265744119524 0 2.6856247e-05
312678960.0 1.0 1798.8065568808715 1 0.9999999
207493891.0 1.0 1805.2597720659403 1 0.99999994
427447728.0 1.0 1811.2839924267337 1 0.9999952
369281625.0 1.0 1811.2644617890976 1 1.0
453253534.0 0.0 1812.6605835215946 0 1.9354955e-09
452972873.0 1.0 1797.7854041625135 1 1.0
265349418.0 1.0 1810.9301660826316 1 1.0
366113979.0 1.0 1797.0352313083567 1 0.99999976
453307914.0 1.0 1810.8689690639403 1 0.99999994
370351780.0 1.0 1798.0775591059949 1 0.9999966
399740110.0 0.0 1808.846952905653 0 0.0005249287
249879726.0 1.0 1795.8072158419627 1 0.9999996
373791072.0 1.0 1810.6397524499694 1 0.9999999
85596002.0 1.0 1796.9329665622413 1 1.0
191701812.0 0.0 1805.244474104422 0 0.0006070906
250505824.0 1.0 1811.3902531607516 1 0.99999684
289046284.0 1.0 1799.5347918229734 1 0.99998134
219743922.0 1.0 1794.634732643255 1 0.99999994
436848567.0 1.0 1793.4331139833762 1 0.9999839
301105242.0 0.0 1805.2030942805936 0 0.00012195065
366870031.0 0.0 1799.5337934528188 2 4.011892e-08
285181196.0 0.0 1797.4329056964455 3 2.1167822e-05
65749500.0 1.0 1793.20304594409 1 0.99998456
233079659.0 0.0 1805.8023379191286 3 1.3893468e-07
327369121.0 1.0 1796.264374696579 1 0.99999964
302312584.0 0.0 1795.5364503071908 2 3.8627826e-05
202839485.0 0.0 1810.9741010147814 3 0.0002735654
326819151.0 1.0 1794.7225393785707 1 0.9999997
250867760.0 0.0 1796.4738629270282 2 2.4738e-05
269913100.0 0.0 1800.141382047223 0 7.489728e-05
241135571.0 0.0 1795.2447420900303 2 1.1330978e-07
302472923.0 1.0 1806.2447993065684 1 0.9998632
387703234.0 1.0 1798.720706572562 1 0.99999976
343268523.0 1.0 1805.345270724257 1 0.9999982
453309323.0 1.0 1795.4523601416247 1 1.0
376869780.0 1.0 1796.3867252735963 1 0.9999997
67571745.0 0.0 1805.203529126036 0 0.0007631887
359249364.0 1.0 1796.9726051663122 1 0.99999857
186744508.0 1.0 1805.4953151829668 1 1.0
285684687.0 1.0 1796.181358571468 1 0.99982727
192933252.0 1.0 1806.1409308363113 1 0.99999934
21025654.0 0.0 1796.6413427976581 0 0.0011282541
406899460.0 0.0 1808.8681246523713 0 0.000119414544
445236019.0 0.0 1809.1812388439405 0 3.4969755e-05
258829795.0 1.0 1800.2613660429329 1 1.0
28783316.0 1.0 1810.2447892973337 1 0.9999061
63677137.0 1.0 1811.4117233808677 1 0.99996334
445546957.0 1.0 1799.2024490821418 1 0.99999994
366557275.0 1.0 1794.908717212037 1 0.9999185
445115898.0 1.0 1793.9523108176495 1 1.0
427111160.0 1.0 1795.5334420903446 1 0.99999356
444621957.0 1.0 1799.389739365259 1 0.99999976
428114036.0 0.0 1811.244773368784 2 0.0020016618
302089301.0 1.0 1806.3074412443068 1 0.99999577
411577210.0 1.0 1798.179531286836 1 0.99999976
427111429.0 0.0 1808.8665232565681 0 0.0002250002
238823660.0 1.0 1793.786563932516 1 0.9860438
390399845.0 1.0 1799.8692100640292 1 0.9999987
428734864.0 1.0 1798.78452861164 1 1.0
256796553.0 1.0 1797.615842986616 1 1.0
264309188.0 0.0 1809.0126280432091 0 0.00025078215
20805612.0 0.0 1808.9533613124086 0 0.00046427437
426141725.0 1.0 1799.2844053498218 1 0.9940916
406968910.0 1.0 1810.6182273713082 1 1.0
322389686.0 1.0 1798.2419474539447 1 1.0
322439942.0 0.0 1805.2418997007521 0 3.3435373e-07
420901037.0 1.0 1806.3847498660853 1 0.99975866
399018929.0 0.0 1809.2023789004932 0 0.01005439
371470493.0 0.0 1808.8497209170432 0 0.0032979331
117037138.0 0.0 1796.827938697773 0 1.4596659e-06
271652234.0 0.0 1805.2012866193484 0 3.009351e-08
326734970.0 1.0 1796.5974326009768 1 0.9999996
378290764.0 0.0 1796.9099155851577 0 1.0541161e-06
312145776.0 1.0 1797.8481359868497 1 1.0
249892509.0 1.0 1795.661227412349 1 1.0
431806899.0 0.0 1800.1408372293483 0 1.1354294e-05
233720276.0 0.0 1796.448256915905 3 9.999344e-25
346021008.0 0.0 1812.348481853297 0 0.0015339551
240783211.0 1.0 1797.1815879981843 1 0.99970984
400337114.0 1.0 1810.1596244246311 1 0.99999976
237282061.0 1.0 1793.2412832903228 1 0.99770576
428382801.0 0.0 1805.2432609252596 0 4.3815935e-06
272039438.0 1.0 1798.5765195124986 1 0.9999996
332571288.0 1.0 1799.3900253108231 1 0.9999997
251621547.0 0.0 1796.411186914 2 6.5830995e-05
308221746.0 0.0 1812.3691750312382 0 6.3301595e-05
229776076.0 0.0 1801.3030398092483 3 4.1292095e-17
351777072.0 1.0 1795.2847926746465 1 0.9999949
178082795.0 0.0 1808.911965626257 0 0.0011224957
427474084.0 0.0 1793.4093377736722 0 7.755716e-06
256615590.0 0.0 1808.8657265560266 0 8.7714274e-05
420843864.0 1.0 1794.6186476970513 1 0.9999997
81917019.0 0.0 1808.9315716724375 0 0.00077221397
368503100.0 1.0 1805.7428587429692 1 0.99992305
321600323.0 1.0 1798.1365131391344 1 0.99999475
292609933.0 1.0 1805.2447988252206 1 0.9999999
229584652.0 1.0 1806.094750792941 1 1.0
252817583.0 1.0 1797.161232699387 1 0.9999987
390892820.0 1.0 1796.3482591563834 1 1.0
284892548.0 1.0 1810.364150121623 1 0.99988973
301338003.0 0.0 1810.5571574187334 2 8.777845e-09
331852758.0 1.0 1793.535693028522 1 0.99999017
301099660.0 1.0 1794.348842743233 1 0.9999551
241078868.0 0.0 1800.72377784861 3 1.9665944e-16
419531065.0 0.0 1805.5559756030914 0 4.3183104e-06
230011931.0 0.0 1808.8652552680812 0 0.00012816099
237100372.0 0.0 1805.1980175392785 0 3.3969493e-06
354836444.0 0.0 1812.472951487597 0 0.0005304246
10605393.0 0.0 1797.8481203243905 0 0.00026130988
198354443.0 0.0 1798.8013333553436 3 7.271021e-14
378983937.0 1.0 1796.660008659274 1 1.0
65358461.0 1.0 1805.3909783338818 1 0.9999874
84157522.0 1.0 1793.3685106740743 1 0.99999875
376772625.0 0.0 1796.4091317842385 2 9.59882e-08
240931090.0 1.0 1799.8693028503637 1 0.99992734
369140957.0 1.0 1805.368265075683 1 0.9999995
375980588.0 0.0 1800.3255980976294 0 1.6022839e-06
321594823.0 1.0 1800.679203080354 1 0.9999939
285336868.0 1.0 1797.7018834999965 1 1.0
445287089.0 0.0 1808.1395300816923 3 1.6052444e-19
138021852.0 1.0 1810.7871423268255 1 0.99999964
28778281.0 0.0 1809.2031043102388 0 0.0011905727
359497385.0 0.0 1794.4063606170155 0 1.6366683e-05
229676244.0 0.0 1800.761401093836 3 8.954293e-11
319911472.0 1.0 1793.7436952327862 1 1.0
203096879.0 1.0 1810.4115787238804 1 1.0
427652649.0 1.0 1796.6591954145115 1 0.99998945
395523334.0 1.0 1794.7220134389595 1 0.99999976
372071148.0 1.0 1810.2835648886548 1 0.9999996
65203189.0 1.0 1797.1199348890516 1 0.99998623
229676244.0 0.0 1802.032255351884 3 1.6929102e-08
400438109.0 0.0 1805.5149121476456 0 0.0002028999
230394266.0 1.0 1798.094590187059 1 0.9994811
367420473.0 0.0 1812.3878142745336 0 2.5231202e-06
331363487.0 1.0 1798.4300185985976 1 1.0
11437325.0 0.0 1808.0149173099385 3 1.843582e-06
327005888.0 0.0 1812.6806970397977 0 1.9082165e-05
192418828.0 0.0 1808.9325269970193 0 0.0013163566
252201292.0 1.0 1811.1187211392219 1 0.9999996
270437677.0 0.0 1805.4302938801316 2 3.3308457e-11
375985511.0 0.0 1805.2213342823648 0 0.0004926062
379084220.0 0.0 1812.3472357841881 0 0.00013415342
269107060.0 1.0 1798.9303741548556 1 0.99999964
192836247.0 0.0 1812.432513868644 0 0.00035330266
428545533.0 1.0 1797.5144280078057 1 0.99984014
250798668.0 1.0 1798.1822113594092 1 0.99998873
353874075.0 0.0 1794.40611584106 0 3.656062e-07
275466698.0 1.0 1799.410418305043 1 1.0
441715063.0 1.0 1795.4902678629912 1 1.0
184684618.0 1.0 1793.9327723238973 1 1.0
332812443.0 1.0 1799.3064488503987 1 0.9999999
230088998.0 1.0 1805.635664628076 1 1.0
431759813.0 1.0 1806.1200955824957 1 0.9999741
320272378.0 0.0 1809.2019118971627 0 0.002221227
63560111.0 1.0 1811.432525511514 1 0.99999964
407423951.0 0.0 1812.367756951305 0 6.0074926e-06
292056732.0 1.0 1810.2239731335746 1 0.99999994
245664558.0 0.0 1808.8485568869598 0 6.345015e-05
445224373.0 0.0 1810.8685463993322 2 5.334486e-11
407319154.0 0.0 1793.305444925718 0 6.333515e-07
251650602.0 1.0 1793.9316844349319 1 0.99999946
366557556.0 0.0 1797.2212207669868 3 2.7736658e-12
229435005.0 0.0 1805.2405407220665 0 3.6255772e-06
256925930.0 1.0 1793.9493181839687 1 1.0
327606431.0 0.0 1812.369527040933 0 0.00062612764
50121533.0 1.0 1795.681499008392 1 0.9999931
288853174.0 0.0 1805.2644614907442 0 0.00016721658
241041295.0 0.0 1805.2442142192274 0 9.582463e-07
337464262.0 0.0 1796.3048914806866 2 1.0619838e-15
399357353.0 1.0 1795.3273277475712 1 1.0
347496529.0 0.0 1812.4950007867835 0 0.0033490034
427769436.0 0.0 1812.3467702633527 0 9.339979e-08
329083941.0 1.0 1796.3250160954292 1 0.99999994
289537652.0 1.0 1811.1976819309314 1 1.0
428302704.0 1.0 1795.390482747269 1 0.9998843
245553108.0 1.0 1796.6402127513945 1 1.0
433501542.0 1.0 1798.49526495944 1 0.99998266
160618937.0 0.0 1812.3448565973683 0 1.6428453e-07
250830123.0 0.0 1808.8697274230774 0 6.4012793e-06
285758739.0 0.0 1795.723807817314 2 1.6585146e-11
186664686.0 0.0 1796.6410048797031 0 0.0007531038
327011233.0 1.0 1805.369606618407 1 0.9999999
245557201.0 0.0 1805.2445311482295 0 9.237344e-06
26533207.0 0.0 1811.1622143308266 3 0.02826723
389960954.0 1.0 1797.2810791647125 1 0.9968528
160617954.0 1.0 1796.5942243900327 1 1.0
54214324.0 0.0 1794.4311381018795 2 2.6072364e-10
301470886.0 0.0 1808.8488889394953 0 0.00012793449
377507360.0 1.0 1795.2842205617364 1 0.99999636
309057291.0 0.0 1812.3900902488454 0 1.1016243e-09
28909025.0 1.0 1795.6413684023016 1 0.9999994
272540534.0 1.0 1798.2223943059669 1 1.0
139378835.0 0.0 1798.7661944825797 3 0.00019440641
323301167.0 0.0 1808.887818140242 0 4.5616338e-07
104025123.0 0.0 1808.8488330708396 0 4.420576e-05
28911691.0 0.0 1809.2248014453237 0 0.0010784895
250836660.0 1.0 1799.4737506887634 1 0.99999917
137124346.0 1.0 1811.4307701544378 1 1.0
238751280.0 1.0 1797.28679734734 1 0.9999993
316631586.0 1.0 1794.1193561425964 1 0.99998766
241031803.0 0.0 1808.8900322558181 0 1.508335e-05
263969621.0 1.0 1795.2203552198957 1 0.9999995
376891085.0 0.0 1811.0547425888067 3 1.4443086e-10
287086599.0 0.0 1808.8440011877951 0 0.0007628364
51029712.0 0.0 1808.9106998821312 0 0.00052730244
377192659.0 0.0 1795.5108335712623 3 8.6326485e-16
367682548.0 1.0 1796.7195304221605 1 0.99995697
428071828.0 0.0 1812.3488681355436 0 2.8344011e-05
196947858.0 0.0 1812.3484002554164 0 0.00013076831
285390072.0 1.0 1799.1203776348295 1 1.0
366917987.0 0.0 1805.200485962594 0 3.300388e-05
83618308.0 0.0 1809.1807498625326 0 0.0002857611
233074697.0 0.0 1805.1982450186229 0 3.006534e-06
312061449.0 1.0 1797.5146087058447 1 0.9999956
313590737.0 0.0 1808.9262376628967 0 0.002366957
356896561.0 0.0 1809.343226742652 3 6.98028e-14
90568158.0 1.0 1799.328738044449 1 0.999907
319601211.0 1.0 1797.076975268571 1 1.0
378924841.0 1.0 1799.0556418942801 1 0.9998255
378981036.0 0.0 1798.7642418989426 2 6.270903e-11
241060447.0 0.0 1812.389922058638 0 0.00011541475
426089741.0 1.0 1796.222085380619 1 0.9999947
285935937.0 0.0 1812.3699935946643 0 0.0006758045
372073838.0 0.0 1798.2212421050137 2 3.133682e-06
13213572.0 1.0 1795.3052108508625 1 0.9999997
118300960.0 0.0 1812.4534820736305 0 0.0062210336
355819250.0 1.0 1799.5362222823626 1 0.99994254
326198515.0 0.0 1798.1383120029266 2 7.221934e-07
13100462.0 1.0 1797.680144364195 1 0.9999999
372335737.0 0.0 1812.3668711258802 0 5.5500614e-06
130156535.0 0.0 1809.1409438314206 0 0.0012116515
359676320.0 0.0 1807.2396570026033 3 4.014172e-06
347768273.0 1.0 1810.140096436966 1 1.0
368021562.0 1.0 1805.5760667603774 1 1.0
341839687.0 0.0 1812.3432521423601 0 8.442212e-05
359441731.0 1.0 1797.389322542408 1 0.9999991
353613912.0 1.0 1799.6394233812905 1 1.0
390863585.0 1.0 1810.7024750434136 1 0.99999994
53802777.0 1.0 1796.7853970953947 1 1.0
354690272.0 0.0 1809.2018514162128 0 0.011178674
270929379.0 1.0 1806.2011592994893 1 0.9999992
288298418.0 1.0 1810.3036654563248 1 0.99999976
399198998.0 0.0 1812.3691328080126 0 0.0013989215
192292290.0 0.0 1812.432447436582 0 0.0011202365
233716661.0 1.0 1805.489889534943 1 1.0
233544096.0 1.0 1806.3651084056305 1 0.99998194
224605072.0 0.0 1793.6139713951177 3 2.617871e-13
378287390.0 1.0 1795.9932210204129 1 0.9999684
445105009.0 0.0 1809.2018663113943 0 0.0016254584
240828639.0 1.0 1805.4525236298848 1 0.99999934
354158535.0 1.0 1795.3486369642126 1 1.0
431925268.0 1.0 1810.4743650131784 1 1.0
101305399.0 0.0 1812.7662451108815 0 0.0010502543
240986235.0 1.0 1796.8901628536125 1 0.99999994
387238000.0 1.0 1794.5746878683658 1 0.99900585
427755261.0 1.0 1811.3259287717635 1 1.0
270815737.0 1.0 1810.3886333151304 1 0.9999999
376843726.0 0.0 1808.8464293203865 0 5.341868e-06
366760640.0 0.0 1808.8462202719174 0 1.9901731e-06
298780946.0 1.0 1811.0520213390735 1 0.9999808
301263784.0 1.0 1806.0781180651304 1 0.99999994
399513969.0 1.0 1805.5968252324471 1 1.0
83621645.0 1.0 1793.7851797198232 1 1.0
250923349.0 0.0 1796.827927336297 0 3.1099439e-09
236002469.0 1.0 1805.9499015043932 1 0.99999994
50850448.0 0.0 1808.9105572559995 0 0.0002011518
387269721.0 0.0 1793.137382382976 0 1.9071257e-06
1981434198.0 0.0 1808.6164867896628 3 1.924178e-23
186938854.0 0.0 1812.6824057150386 0 1.9743313e-06
377098949.0 1.0 1798.1149156709341 1 0.99939674
233742162.0 0.0 1805.4897392820014 0 2.4421372e-05
84161715.0 1.0 1805.9100429211398 1 0.9999999
396235574.0 1.0 1800.1809350293365 1 1.0
53965082.0 0.0 1800.1396988490897 0 1.166612e-06
346119364.0 1.0 1795.1190578739563 1 0.99999905
219112665.0 0.0 1794.1985291813319 0 5.4863947e-05
354923212.0 0.0 1805.2851564572275 0 0.007900639
376846693.0 1.0 1798.6988112374406 1 0.9999989
233525703.0 0.0 1797.6775995832063 2 0.0010652721
423754720.0 0.0 1808.9316512613282 0 1.5382717e-05
116407896.0 1.0 1794.161186283771 1 1.0
403037785.0 0.0 1798.3700013489174 3 8.5406595e-19
292318847.0 0.0 1812.6406340884528 0 0.0013207784
445536159.0 1.0 1793.7859946980016 1 0.9999929
455961098.0 1.0 1810.9297131061458 1 1.0
249942013.0 0.0 1805.20309111196 0 2.1872369e-05
356111525.0 0.0 1797.9682433434643 0 8.1126534e-05
250767925.0 1.0 1794.8904174141912 1 0.99999994
332814610.0 1.0 1795.4106555065684 1 1.0
117803273.0 1.0 1795.0779947374012 1 0.9999995
396116177.0 0.0 1805.4931078427533 2 1.7536848e-09
241085949.0 0.0 1805.2237067328435 0 9.74864e-06
236767649.0 1.0 1797.0944413035886 1 1.0
307404493.0 0.0 1809.2659495781932 0 0.006028909
237283383.0 0.0 1796.6370603743753 0 0.0004892519
388044512.0 1.0 1810.32471214994 1 0.9999991
327367977.0 0.0 1793.1394287425185 0 1.2191201e-08
452972049.0 1.0 1796.1604361867057 1 0.99981976
388606331.0 1.0 1795.7006024622335 1 1.0
229751802.0 0.0 1798.0113295723172 3 7.534642e-13
279765124.0 1.0 1797.242662923007 1 1.0
241078252.0 1.0 1799.4320943495538 1 0.9460049
301907047.0 1.0 1798.869779867697 1 0.9998957
368512025.0 0.0 1808.8470702253767 0 8.110643e-05
192472255.0 0.0 1793.1407510620622 0 0.00056861737
374475282.0 0.0 1805.5149961259497 0 0.0015562145
410467298.0 1.0 1796.1402785717382 1 0.99992996
312471759.0 1.0 1797.1606102342982 1 0.9999999
432046871.0 1.0 1794.4531596356 1 1.0
12489868.0 1.0 1796.4522393486966 1 0.99937636
384981905.0 1.0 1793.6616213021157 1 0.99999744
410739260.0 1.0 1796.0153970744 1 0.9999998
407052538.0 0.0 1812.388677772176 0 3.14334e-05
332155506.0 0.0 1795.1398801733376 2 0.09216855
348137592.0 1.0 1794.8276327359874 1 0.9997825
378292834.0 1.0 1805.3056231509768 1 0.9999939
198281228.0 1.0 1805.343415597649 1 0.9999997
268723328.0 0.0 1793.4094496612702 0 0.00011680067
424388673.0 1.0 1795.6158461863472 1 0.9999999
319917991.0 1.0 1799.4729120497439 1 1.0
399085736.0 0.0 1797.3274203463532 2 1.6013517e-15
441718248.0 0.0 1796.177765020615 2 2.654508e-07
73692255.0 0.0 1793.1412066882879 0 0.00091858476
236863134.0 1.0 1797.136832556493 1 1.0
360020323.0 1.0 1805.407682402469 1 0.99995714
117031206.0 0.0 1812.369793635751 0 0.0003464983
444141999.0 1.0 1810.8278067105177 1 1.0
387675915.0 1.0 1795.2831714033098 1 0.9999924
323304279.0 0.0 1812.366923589861 0 6.737402e-07
137120621.0 1.0 1796.6388459549487 1 0.9999998
422659599.0 1.0 1796.325927746926 1 0.99998796
396323026.0 0.0 1805.3265160867688 0 1.698097e-05
441794658.0 0.0 1795.9071275326896 2 3.7060653e-07
436861165.0 0.0 1796.6414726933483 0 0.0011232118
373458528.0 0.0 1812.3677618576044 0 5.983844e-07
192472979.0 1.0 1797.8699704757007 1 0.9999995
376997589.0 1.0 1798.4273667444006 1 0.9999829
101031996.0 1.0 1793.4745757872747 1 0.99999756
229711350.0 1.0 1806.3030671928868 1 1.0
194671339.0 1.0 1805.4744710418313 1 1.0
237100372.0 1.0 1795.8228455383532 1 0.9999999
445133704.0 0.0 1808.7437788215693 3 1.0921622e-19
53799292.0 0.0 1809.2020322584083 0 1.2361953e-05
250921683.0 1.0 1798.3903864258564 1 0.99999785
389694410.0 1.0 1799.8477838639876 1 0.99999934
388602832.0 0.0 1803.9715294291693 3 1.7875167e-12
194560338.0 1.0 1794.2660434778609 1 0.9999999
317011115.0 0.0 1812.3460997940197 0 1.2748109e-05
71851190.0 1.0 1793.619313855947 1 0.99999934
241085555.0 1.0 1806.327873832855 1 1.0
269697721.0 0.0 1794.9703208886272 3 1.4665551e-10
389764181.0 1.0 1793.5980536031695 1 0.9999997
219811169.0 1.0 1797.5728236018522 1 1.0
285787160.0 1.0 1798.1190766053028 1 1.0
259293097.0 0.0 1805.2450655954322 0 0.0011567072
368170935.0 0.0 1808.8886259519431 0 3.65735e-09
407244881.0 1.0 1796.1182891186663 1 1.0
345916542.0 0.0 1812.3484763097772 0 0.00052183546
270553187.0 1.0 1799.4930501860729 1 0.9999994
354164960.0 0.0 1812.7001815377478 0 2.4029014e-06
396611845.0 1.0 1806.0366202200819 1 1.0
368236561.0 0.0 1805.2220830241258 0 1.6025666e-06
229402514.0 0.0 1812.344278383168 0 1.7817832e-06
445195302.0 1.0 1797.3480971338709 1 1.0
186742935.0 0.0 1796.641170830163 0 0.0006250511
245722819.0 1.0 1795.4108681749256 1 1.0
286323590.0 1.0 1811.202549279742 1 0.99999994
403584130.0 0.0 1806.3482956468038 2 3.354087e-05
417453027.0 1.0 1799.3267015127167 1 0.99999976
236716189.0 0.0 1800.1765618376346 0 0.000587948
200737304.0 0.0 1796.1202237871673 2 3.436885e-08
250868494.0 0.0 1809.3904579616867 0 9.297947e-06
291840278.0 1.0 1794.8907116754272 1 0.9999973
199688409.0 0.0 1806.843014709616 3 6.639795e-16
186600548.0 1.0 1795.7243773844357 1 0.9999999
219802073.0 1.0 1799.010349251334 1 1.0
286177742.0 1.0 1794.9121207369587 1 1.0
445444800.0 1.0 1810.7441879593453 1 0.999994
237107014.0 1.0 1796.782414257015 1 0.9999997
333801796.0 1.0 1806.0331480932923 1 0.9962348
452940508.0 0.0 1809.201853610441 0 0.002748529
399270011.0 1.0 1797.1187038823277 1 0.9999863
198388252.0 0.0 1811.4055529381424 3 3.5490668e-09
194560871.0 1.0 1805.8078723517706 1 0.9999972
184690920.0 1.0 1797.0993631986696 1 1.0
399894767.0 1.0 1811.5345802788877 1 0.9999539
178041134.0 1.0 1793.1828020791145 1 1.0
316328082.0 1.0 1796.5983085625287 1 1.0
264611276.0 0.0 1808.8484634892538 0 0.00052922114
418029110.0 1.0 1806.1824582789136 1 0.9998279
238654651.0 0.0 1800.1404162894917 0 1.8540994e-05
269664096.0 1.0 1805.636801022465 1 0.9999998
402746933.0 1.0 1798.22238520016 1 1.0
354548262.0 0.0 1808.8902596016335 0 0.0006514926
85399196.0 0.0 1793.1412806133794 0 0.00061448396
178138752.0 1.0 1811.4536567963366 1 1.0
229957565.0 1.0 1798.948607040376 1 1.0
236863134.0 0.0 1805.1991982470363 0 2.7434741e-09
374926086.0 0.0 1808.9525082889757 0 2.6305704e-16
352429460.0 0.0 1796.805639905926 0 8.299966e-05
445631556.0 0.0 1794.2651129200224 2 6.359917e-08
192529148.0 1.0 1799.1200604766948 1 0.9999436
354475200.0 0.0 1797.994742412818 2 0.000312713
230072260.0 1.0 1794.9481059905443 1 1.0
307276176.0 1.0 1805.9941238690155 1 0.9999646
229496251.0 0.0 1812.3652990970495 0 9.126314e-06
321546971.0 1.0 1800.137513162298 1 1.0
444823902.0 1.0 1796.2437633560971 1 1.0
387881331.0 0.0 1808.8455309534986 0 0.00021545171
306563210.0 0.0 1812.7021441532022 0 1.6894697e-05
12746179.0 0.0 1805.264680690916 0 0.00015634838
285441617.0 0.0 1805.5559911421394 0 0.0005155007
376290730.0 1.0 1810.8463220866884 1 0.99999946
435676733.0 1.0 1810.7842468998763 1 0.99991345
424572623.0 0.0 1798.848228369271 2 1.2216288e-09
271533663.0 0.0 1812.3468872708622 0 0.00013021386
13840107.0 0.0 1809.1190260693752 3 0.008187306
292196880.0 1.0 1798.265687781359 1 0.9999625
375913362.0 1.0 1796.1589884308953 1 0.99999857
184737137.0 0.0 1794.8076271125092 2 1.6069137e-08
353173655.0 0.0 1808.9101491991396 0 0.0038514726
317512600.0 0.0 1799.7842223340351 2 1.069651e-09
250742323.0 1.0 1811.4945815538972 1 0.9999985
356871176.0 1.0 1810.3026207539035 1 0.9999982
65201898.0 1.0 1797.7449923437277 1 0.99999964
395944878.0 0.0 1805.2012893923593 0 7.622944e-05
387405003.0 0.0 1805.1995744038836 0 1.4916152e-07
312680360.0 0.0 1805.535572313594 0 0.00043486094
272759634.0 1.0 1794.2393029123348 1 0.9999947
272729780.0 1.0 1795.1597792849896 1 0.99999714
416089396.0 0.0 1812.3908496994738 0 0.0007782259
237103757.0 1.0 1797.0732585228188 1 0.99999964
288627881.0 1.0 1799.0159545041693 1 1.0
236771139.0 1.0 1811.3862676640995 1 1.0
67571745.0 1.0 1795.8701679555159 1 1.0
428551226.0 0.0 1811.4930226884678 2 2.78169e-10
83145296.0 1.0 1806.180659986637 1 0.9999937
372116276.0 1.0 1805.286038956473 1 0.99968237
326725721.0 0.0 1795.055665804423 2 3.782151e-09
285544398.0 1.0 1794.1395523632143 1 1.0
46534668.0 1.0 1793.4538097157613 1 1.0
229446550.0 1.0 1798.0738012495183 1 0.9999389
396527515.0 1.0 1795.1388560868106 1 0.9999967
12911827.0 1.0 1797.3271977484624 1 0.99999976
346720712.0 1.0 1805.9538688778885 1 0.9999965
198354443.0 0.0 1793.1138413231138 3 2.0420644e-10
83423764.0 0.0 1793.4099274457071 0 0.0005464879
233500987.0 1.0 1810.1364707038801 1 0.9999998
292004228.0 1.0 1794.849165988808 1 0.9999232
373147253.0 1.0 1796.4924724610091 1 1.0
117521729.0 1.0 1796.348878478288 1 1.0
302690254.0 0.0 1805.2646244706777 0 6.7720706e-05
428740772.0 1.0 1810.763443656995 1 0.99997747
54998005.0 0.0 1805.8896860017455 2 1.545247e-07
385593571.0 1.0 1796.8704206910056 1 1.0
139353786.0 0.0 1796.6410865689545 0 0.0011440838
252865941.0 0.0 1812.390751551133 0 0.002127788
346596467.0 1.0 1794.1828803139827 1 0.99999905
417750404.0 0.0 1800.4093068294108 0 5.077104e-06
376926539.0 1.0 1798.3858099739825 1 1.0
250767874.0 0.0 1812.3695006367977 0 1.0208622e-05
50049420.0 0.0 1805.2647527678066 0 0.0024698598
67572159.0 1.0 1810.3493354145933 1 1.0
297772608.0 1.0 1795.1602588655549 1 1.0
403828870.0 1.0 1796.9104634252612 1 1.0
444364634.0 1.0 1810.1806766010036 1 0.9999936
356822124.0 1.0 1806.0117381146174 1 0.99999803
308715881.0 1.0 1805.286108870368 1 0.98818
452942790.0 1.0 1811.1601664925008 1 1.0
288538041.0 1.0 1798.8491782760957 1 1.0
374394150.0 1.0 1811.494009394295 1 0.99993956
397981275.0 0.0 1808.9309209437392 0 1.7415964e-07
229458009.0 1.0 1796.4697847229154 1 0.9999993
192248748.0 1.0 1794.76575663338 1 0.99997914
192320467.0 0.0 1812.4741263187598 0 0.001062238
233055967.0 1.0 1811.1769695887876 1 0.9999983
251764767.0 0.0 1805.2028329016193 0 0.0036067292
67997050.0 0.0 1805.3491799658973 0 4.838443e-05
187030106.0 1.0 1798.2452150236559 1 0.99999386
268728683.0 1.0 1794.9094532009647 1 0.9999999
13458777.0 1.0 1796.0978900126638 1 0.9999996
28764217.0 1.0 1810.515610527218 1 1.0
279845407.0 1.0 1795.9315604135445 1 1.0
240945140.0 0.0 1812.3898833081114 0 0.00012743153
392567622.0 1.0 1797.8020962122946 1 0.99809515
275480108.0 1.0 1796.3685835832896 1 0.99971443
349382069.0 0.0 1796.6411717213407 0 0.0011290427
420135110.0 1.0 1796.2619511119983 1 1.0
292322941.0 1.0 1796.9532084208647 1 0.998817
12734150.0 1.0 1794.7856882939784 1 0.9999999
370210441.0 0.0 1812.6606271873895 0 0.0012752515
420454088.0 0.0 1805.201520304251 0 0.0002926697
431869317.0 1.0 1798.6200216232771 1 1.0
65747556.0 1.0 1794.9739961656721 1 0.99999684
420656138.0 1.0 1806.179952977793 1 0.9999951
82010228.0 0.0 1808.8485026021726 0 2.5420497e-05
317839085.0 1.0 1796.1175842419673 1 1.0
259293097.0 1.0 1798.59921241447 1 1.0
367681735.0 0.0 1805.219390005495 3 1.6596854e-11
400407141.0 1.0 1806.1363009831582 1 1.0
400436443.0 1.0 1797.4315725610406 1 0.9999752
403114692.0 1.0 1810.803596180525 1 1.0
139460937.0 0.0 1811.265935135635 3 5.5893557e-05
316042154.0 1.0 1795.2442441867677 1 0.9999989
81681666.0 1.0 1795.9731336009904 1 0.9999999
67635034.0 1.0 1793.6409927497443 1 0.99998844
104066414.0 1.0 1798.2239530046234 1 0.99500036
403398683.0 0.0 1795.9527093129711 2 1.5801047e-07
433977629.0 0.0 1806.1382317993164 3 8.3613984e-17
283251438.0 1.0 1793.4310230245355 1 0.9999928
53800463.0 0.0 1796.6396086014497 0 0.0018010212
389692960.0 1.0 1795.7019335549069 1 0.99999833
356891048.0 1.0 1800.176634916467 1 1.0
427923532.0 1.0 1794.826155264318 1 0.99999964
357678363.0 1.0 1798.5561837783282 1 1.0
332869290.0 0.0 1812.6605916303854 0 0.00065645325
400543724.0 0.0 1797.5151233265433 2 2.70094e-05
305796898.0 0.0 1793.325011021699 0 8.2214615e-07
315830189.0 1.0 1793.431835927932 1 1.0
444413797.0 0.0 1793.139287942388 0 4.0318014e-06
240984073.0 1.0 1811.119141068637 1 0.99999994
366198106.0 1.0 1805.9933900142696 1 1.0
237228216.0 1.0 1806.1161553673016 1 1.0
427802476.0 0.0 1805.45098460858 2 1.2682067e-08
251102489.0 0.0 1796.8900537151055 0 4.480121e-06
420455609.0 1.0 1796.2004072845423 1 0.99999803
331791784.0 1.0 1795.846515907479 1 0.9999922
235933200.0 0.0 1799.4913421768633 2 5.3121944e-06
368241492.0 1.0 1810.867765528643 1 0.9999995
331214194.0 1.0 1811.264780178452 1 1.0
21174782.0 0.0 1796.6413791810012 0 0.00121917
233151393.0 0.0 1794.406520254498 0 0.0004167189
322338950.0 0.0 1808.8901957606627 0 6.5157337e-06
274806124.0 1.0 1805.9928754867235 1 0.99997675
83723784.0 0.0 1812.347262661577 0 1.603935e-07
428774625.0 1.0 1798.2217922403715 1 0.99995923
258799330.0 0.0 1796.9072884168008 0 0.00041195
256099482.0 1.0 1795.1603896112417 1 0.9999999
198239774.0 1.0 1799.3222860959681 1 0.9999997
409526842.0 0.0 1808.8697992534771 0 7.732309e-05
335798015.0 0.0 1805.2212391860057 0 2.2321976e-06
22952374.0 0.0 1809.1831430409486 0 0.00079894776
370600386.0 1.0 1811.369221832427 1 0.99999505
379246213.0 1.0 1810.8059028849516 1 0.99999595
237115623.0 0.0 1805.385253330639 0 7.8417404e-05
418204425.0 1.0 1810.9098130426294 1 0.9999968
272627433.0 0.0 1805.2013438965937 0 1.0386477e-05
245756548.0 0.0 1805.2028264831001 0 0.00018742301
235929979.0 1.0 1811.095440322677 1 1.0
12324179.0 1.0 1811.2438136013443 1 0.999877
245508690.0 1.0 1806.3903918294277 1 0.99998355
165528054.0 0.0 1805.218029517492 0 0.00030032647
20806948.0 1.0 1799.349150365178 1 0.9999428
11058088.0 1.0 1795.0145036357812 1 0.9999993
368736057.0 1.0 1805.8888663036437 1 0.9999863
270553130.0 1.0 1798.4513992198058 1 1.0
369246625.0 1.0 1797.7851607117116 1 1.0
199525869.0 0.0 1793.1764389480961 0 6.9462265e-05
368030059.0 1.0 1799.3887699081642 1 0.9999988
370696018.0 1.0 1794.3066208607684 1 1.0
301741193.0 0.0 1793.5156300156114 3 0.00047319895
274802651.0 1.0 1794.450946461096 1 0.9999999
367859105.0 0.0 1805.2008592872025 0 1.3868762e-05
258351752.0 1.0 1795.199276183899 1 0.9988127
299435282.0 0.0 1812.3902923425442 0 2.927464e-06
301837299.0 1.0 1811.2029269587679 1 0.9999888
323060389.0 1.0 1795.700068741272 1 1.0
377034691.0 1.0 1797.2841594764877 1 0.9999995
403401444.0 1.0 1793.3067859996263 1 0.9999979
249858782.0 0.0 1798.202948207001 2 1.8083348e-09
230021635.0 1.0 1798.8029812133095 1 0.9999933
405327387.0 1.0 1797.7001906984856 1 0.9999445
258748157.0 1.0 1798.763910918372 1 0.9999987
299443090.0 0.0 1800.8278639387988 3 9.955802e-10
286576659.0 1.0 1810.848352035346 1 0.9999923
326810027.0 1.0 1793.786423189355 1 0.9999993
456130400.0 0.0 1801.7868436937745 3 3.9274273e-08
250829566.0 1.0 1798.765652777131 1 0.99999607
312059799.0 1.0 1811.4518299930062 1 0.9999974
359040365.0 0.0 1793.4099510825436 0 1.2915412e-08
366517337.0 0.0 1796.5538607571139 3 3.5481906e-22
359126726.0 1.0 1805.2639309531953 1 0.9999988
229949813.0 0.0 1796.906948414589 0 0.000100850666
424461639.0 1.0 1805.4272780216584 1 0.999993
441737846.0 0.0 1805.198966719764 0 1.195784e-06
249948419.0 0.0 1793.3280646415249 0 6.8193565e-08
343621916.0 0.0 1793.4080584519872 2 2.6287504e-05
117663295.0 1.0 1805.661587123845 1 0.9999998
278998415.0 1.0 1797.2432675200284 1 1.0
13699668.0 1.0 1799.1813252884742 1 0.999999
337465539.0 1.0 1806.3880166999331 1 1.0
184739277.0 0.0 1800.3702407898334 3 1.0463854e-22
250742831.0 0.0 1796.411365862933 2 1.2200866e-05
229676244.0 0.0 1799.0738729713294 3 0.39088792
377307381.0 1.0 1793.4901672847882 1 1.0
400675298.0 0.0 1797.84797751199 0 3.091391e-05
315732136.0 1.0 1796.0983221503109 1 0.9999991
356701213.0 0.0 1808.8651697258251 0 0.00026930938
250934637.0 0.0 1812.369759520335 0 1.0363959e-08
366977977.0 0.0 1796.8255624484002 0 8.689864e-05
445231306.0 1.0 1810.326962194315 1 1.0
191702296.0 1.0 1810.1610123702792 1 0.99999946
116497858.0 0.0 1796.8281450442817 0 0.000209125
417747375.0 1.0 1810.638254861285 1 0.9999984
428209530.0 0.0 1793.140515766769 0 0.0018783407
77320223.0 0.0 1807.7037216789747 3 0.0068771797
403744320.0 0.0 1793.3900990713437 0 0.0002963442
428257299.0 0.0 1807.76565869136 3 4.332726e-17
302318659.0 1.0 1810.9114552537544 1 0.99999946
198354443.0 0.0 1794.0513392593211 3 9.699958e-11
285280889.0 1.0 1794.016189182502 1 1.0
240873079.0 0.0 1796.6611039227819 3 8.540501e-18
219429288.0 1.0 1811.0517677655082 1 1.0
403746452.0 0.0 1805.2028068124469 0 1.4386579e-05
401088630.0 1.0 1810.2444484013868 1 0.9999994
312464618.0 0.0 1799.4312741095378 2 3.3232345e-06
240823702.0 0.0 1812.3689453329523 0 6.0278056e-05
177709925.0 0.0 1812.5785980081941 0 0.00017316826
417831067.0 0.0 1796.641220478962 0 0.0011448965
348444454.0 1.0 1796.9526569045452 1 0.99992394
229910746.0 0.0 1797.719419481051 3 3.210623e-24
353076207.0 0.0 1805.305983771146 0 0.0033251937
184679932.0 0.0 1795.7659709057639 3 0.0018679865
186622908.0 0.0 1796.6410411447375 0 0.00085664354
410474067.0 1.0 1794.348659775047 1 0.9999995
375911768.0 1.0 1798.9714399315064 1 0.999997
351367902.0 1.0 1797.6598832633476 1 0.9999988
81751236.0 0.0 1808.9107082499738 0 0.0008031383
408891476.0 0.0 1812.366686856501 0 1.1183349e-05
422516651.0 0.0 1799.241988293601 2 1.1633453e-09
272787246.0 0.0 1796.6770136954833 0 0.00021327785
435362324.0 1.0 1797.9511262104618 1 0.9999918
90665787.0 1.0 1805.9538018040441 1 0.99999976
285541718.0 0.0 1812.7018629143552 0 0.00014215574
198416591.0 0.0 1804.364005678011 3 1.5720882e-21
264332168.0 0.0 1793.1375364206745 0 0.0010729872
436859618.0 1.0 1795.2872354417996 1 0.9999972
230386284.0 0.0 1797.2194837711172 3 8.218869e-10
274983647.0 0.0 1808.8886402897517 0 0.00013260133
250606862.0 0.0 1793.1403773137274 0 1.01644936e-07
381685255.0 1.0 1799.5367187166366 1 0.9999999
249951515.0 0.0 1812.348806622468 0 1.2142953e-06
427579590.0 0.0 1805.5373098862017 0 0.00063297857
184681084.0 1.0 1794.474262737081 1 0.9999999
409713193.0 1.0 1795.7836993334354 1 0.99999976
233045495.0 1.0 1797.0938811681533 1 0.9999998
250960997.0 1.0 1794.6821663642747 1 0.9999996
275460367.0 1.0 1799.0767256448287 1 0.9999983
292470296.0 0.0 1794.0574515674782 2 0.00940947
241015899.0 1.0 1797.4736409169673 1 0.99999994
450137395.0 1.0 1794.4733927740378 1 0.9999968
240941665.0 1.0 1796.2234091055775 1 1.0
396387220.0 1.0 1805.9099949349045 1 1.0
256692904.0 1.0 1796.5563987363303 1 1.0
308291638.0 1.0 1798.4110714128626 1 0.99999416
259035773.0 0.0 1805.219721418864 0 1.5917217e-07
285181196.0 0.0 1806.8702704218958 3 2.677658e-06
240950642.0 0.0 1812.389944725388 0 0.00032278834
52358497.0 1.0 1794.5769563019057 1 0.9999983
229775860.0 1.0 1794.6989081826598 1 1.0
280191514.0 1.0 1795.722695069943 1 1.0
265296856.0 0.0 1796.890190488246 0 0.00017415317
420579981.0 1.0 1794.3049845149321 1 0.9999997
420263680.0 1.0 1797.8455090728905 1 0.9999999
268725465.0 0.0 1812.3466302540585 0 0.0007391974
233234133.0 1.0 1806.1151075155517 1 0.9999916
399763354.0 0.0 1808.8469539816774 0 0.00025835843
250514231.0 1.0 1793.2862477245685 1 0.9999982
328997916.0 1.0 1798.5948053286143 1 1.0
445137230.0 0.0 1812.7019432042587 0 0.0008653393
241028650.0 0.0 1805.2027312823316 0 0.00022086354
420449584.0 0.0 1793.4100151202176 0 1.3815431e-05
230052512.0 0.0 1808.8654583664265 0 1.8503724e-05
229458804.0 1.0 1806.3237161006634 1 0.99944234
326537513.0 1.0 1810.7846769481534 1 1.0
284808318.0 1.0 1800.1809099165025 1 1.0
422424701.0 1.0 1793.6583718168438 1 1.0
240965190.0 1.0 1806.2442623761717 1 0.99999183
284145168.0 0.0 1812.660056020607 0 2.3536364e-05
238716646.0 0.0 1808.8697112002446 0 0.00012898043
356892980.0 1.0 1806.364351569875 1 1.0
445617488.0 1.0 1795.2234310515178 1 0.9999901
370212927.0 0.0 1805.5566386027378 0 5.1380834e-05
186990195.0 1.0 1810.1409252519363 1 0.9999962
396388563.0 1.0 1811.305969418469 1 0.9999917
52855592.0 0.0 1795.0771209330264 2 3.333393e-08
235988533.0 0.0 1805.199872717154 0 2.131505e-07
365890232.0 1.0 1799.8886412304767 1 1.0
400437418.0 1.0 1798.0565965091357 1 0.9999941
335157086.0 0.0 1812.3668656182465 0 1.2906006e-05
63403914.0 0.0 1805.6409817012327 0 0.00059986167
285544482.0 1.0 1794.93121428872 1 1.0
385401741.0 1.0 1810.1402593258656 1 0.99402624
270054967.0 1.0 1810.2662200536195 1 0.9998935
178076469.0 1.0 1797.4745336443164 1 1.0
249940864.0 1.0 1805.5780500867393 1 0.99999976
200771994.0 1.0 1794.1200707678727 1 0.99998206
362105169.0 1.0 1799.1777526558326 1 0.99993366
399013824.0 1.0 1793.8690601232092 1 1.0
403517011.0 0.0 1809.181634832728 0 1.6567028e-05
104313421.0 0.0 1808.8490103715667 0 0.0017609969
368518022.0 0.0 1812.3473630046612 0 0.00012451841
346895866.0 1.0 1793.5575371675043 1 0.99995834
186986122.0 0.0 1793.1409343517903 0 0.0008040856
279847952.0 1.0 1794.4107341827462 1 0.99966264
252149464.0 1.0 1811.0978543578385 1 0.9999953
232628334.0 1.0 1806.4058766327423 1 1.0
22813209.0 1.0 1806.2246307480768 1 1.0
243278861.0 1.0 1806.3857917410028 1 0.9998522
272787161.0 1.0 1795.9895284167133 1 0.9999175
46424916.0 1.0 1806.0581248784465 1 1.0
237014073.0 1.0 1796.886989509427 1 0.999988
424438021.0 0.0 1808.8650713283218 0 2.7733433e-08
395392811.0 0.0 1797.4094076348995 2 0.00021442478
392567651.0 0.0 1797.9687522264717 0 2.0048521e-05
420295185.0 0.0 1809.3059688751719 0 0.0005506531
49796144.0 1.0 1797.4106860514103 1 1.0
356892546.0 1.0 1798.6768787295528 1 0.9999995
65162330.0 1.0 1810.1825168702187 1 0.9999829
77492014.0 1.0 1798.1829380699633 1 0.99998796
322129367.0 0.0 1794.7001972208304 3 5.643313e-10
279980950.0 1.0 1810.5949205937566 1 1.0
10697182.0 1.0 1798.5357079090863 1 1.0
189672879.0 0.0 1809.0572279167764 0 0.0016250826
229409893.0 0.0 1805.198603983994 0 1.4611754e-07
357099943.0 0.0 1809.3851212384598 0 3.7457196e-06
50122168.0 1.0 1811.2024659272033 1 0.9999962
366073468.0 0.0 1805.2219483022066 0 0.00030289916
301473015.0 0.0 1796.8281199185012 0 0.0002579813
359346278.0 1.0 1805.847354093459 1 0.9999827
366109288.0 0.0 1812.6599194300263 0 0.00016899515
307116639.0 0.0 1812.6605053384849 0 0.00056331494
219803316.0 0.0 1805.3435769974333 0 0.0004645973
255863941.0 1.0 1799.512127200041 1 0.99999905
316256201.0 0.0 1796.806940634952 2 5.6423227e-07
312143919.0 0.0 1793.1398078989448 0 1.7995918e-09
352574490.0 0.0 1808.9516971373132 0 0.00025385706
368728753.0 1.0 1811.139054683814 1 0.9998883
353683510.0 0.0 1794.347645887604 0 1.861568e-09
94543837.0 1.0 1793.7244499405988 1 1.0
256929656.0 0.0 1794.8034924531455 2 8.992113e-08
5724410.0 1.0 1795.3705505273676 1 1.0
116497916.0 1.0 1794.0155911710503 1 0.99996334
251405039.0 0.0 1796.8902435514076 0 0.00020312618
285689138.0 1.0 1794.5981084034436 1 1.0
410773762.0 1.0 1798.9711652851604 1 1.0
377192675.0 0.0 1806.4481078326373 3 0.0016315109
192648949.0 1.0 1793.390849480649 1 0.9999998
233202244.0 1.0 1795.8856907181203 1 1.0
289264100.0 1.0 1796.0555725070515 1 0.9999891
264615805.0 0.0 1808.8485392948546 3 0.0029976848
186720659.0 1.0 1810.2245236575677 1 0.99999976
285943261.0 1.0 1805.6198574134376 1 1.0
323404330.0 1.0 1799.2421386332226 1 0.99999964
331984006.0 1.0 1794.4730866351765 1 0.99991626
219812449.0 0.0 1808.9269931643944 0 0.0011689728
428173336.0 0.0 1796.8280633645204 0 0.00014949191
129989147.0 1.0 1796.2243586678499 1 0.9999926
450009489.0 0.0 1805.5145709606322 0 0.0011617275
396609538.0 0.0 1805.203271024654 0 0.0004343762
61016963.0 1.0 1810.9953576352552 1 1.0
417340054.0 1.0 1797.3476289029782 1 1.0
186595806.0 0.0 1793.8494442919373 3 2.3860215e-05
399738772.0 1.0 1794.075587815063 1 1.0
314642341.0 1.0 1811.49097996913 1 1.0
250991748.0 0.0 1812.3488198258358 0 8.350036e-06
351365304.0 1.0 1797.4098119063 1 1.0
450127567.0 1.0 1795.806969653918 1 0.9999709
357824861.0 0.0 1810.6187369441636 2 1.0339302e-07
418988266.0 1.0 1798.2847884220348 1 0.9999953
81593786.0 1.0 1798.514856820943 1 0.9999964
116890331.0 0.0 1799.0363004858073 3 0.010427127
395523564.0 1.0 1810.5555139954845 1 1.0
298730229.0 1.0 1810.676875376519 1 1.0
288406589.0 1.0 1795.4493070352225 1 0.9992126
12318175.0 1.0 1797.4730765022966 1 0.9999999
198388252.0 0.0 1810.6138847318477 3 9.658853e-09
374965171.0 0.0 1812.4524702384715 0 0.0002117672
353006537.0 1.0 1794.7850185754683 1 1.0
236714379.0 0.0 1812.0104484146543 3 2.3658356e-05
374832773.0 1.0 1794.8483054744045 1 0.99992824
301417546.0 1.0 1810.2236828806685 1 0.9999962
233528795.0 0.0 1794.4066690400764 0 0.00012947049
354315525.0 1.0 1799.7860947474448 1 0.999988
299439835.0 1.0 1794.9112879435795 1 0.99976957
346843561.0 1.0 1794.368519460164 1 0.9999977
21099573.0 1.0 1810.432789409213 1 0.99999964
302151492.0 1.0 1795.1195501749066 1 0.9999953
285279461.0 1.0 1796.5162744920551 1 0.9999998
291953555.0 0.0 1808.9739111548158 0 3.8102107e-07
285084573.0 1.0 1794.0986270630565 1 1.0
10240204.0 1.0 1795.8063042095853 1 0.999961
258062234.0 1.0 1799.6414158462478 1 1.0
387284426.0 0.0 1812.4494488993466 0 6.1885266e-06
428661642.0 1.0 1799.430666082643 1 0.9999993
377307592.0 0.0 1803.8858254404993 3 7.7292465e-19
236878480.0 1.0 1806.4282543432216 1 0.9959605
219754614.0 0.0 1793.1770025587548 0 3.2552172e-05
116888474.0 1.0 1795.9738000905352 1 0.99998724
444763710.0 1.0 1805.8063942749166 1 0.9999997
251721484.0 1.0 1806.0361277886961 1 0.9999999
388506340.0 0.0 1805.2004868869278 0 0.00020485175
331851389.0 0.0 1799.159337550045 2 1.6352656e-09
453254771.0 0.0 1805.535651698489 0 1.7556795e-07
230124631.0 0.0 1797.6983306335626 0 0.00020533791
258771780.0 1.0 1795.3656596571273 1 0.99999154
317845833.0 1.0 1794.5132139685904 1 0.99997866
428071042.0 0.0 1805.2239205258459 2 0.00011327208
192422597.0 0.0 1808.9116845623844 0 0.00065795996
400947836.0 1.0 1796.078435582895 1 0.99999934
184653228.0 1.0 1796.57855673963 1 1.0
280132950.0 1.0 1799.181085405769 1 0.9999996
378937065.0 1.0 1811.2848739850408 1 1.0
436934603.0 0.0 1800.1414053713206 0 5.6614036e-10
312340630.0 1.0 1795.09818407124 1 0.9999724
104145330.0 0.0 1795.7237365427955 2 2.3400378e-05
376971463.0 0.0 1801.6590162253717 3 1.7201714e-10
251200771.0 1.0 1796.5360482284075 1 1.0
252106213.0 1.0 1794.327396001211 1 0.9999999
284721446.0 0.0 1805.722709928634 0 1.4308479e-06
322262706.0 1.0 1793.971083855122 1 0.999996
354832363.0 1.0 1798.7434764661948 1 1.0
316623211.0 0.0 1808.8487674885869 0 6.1029743e-05
198280388.0 0.0 1803.780719974007 3 6.505519e-21
26647675.0 0.0 1793.1410755721947 0 0.00033388077
366972822.0 0.0 1796.6379193527268 0 5.131986e-06
343409567.0 1.0 1810.1993381144466 1 0.9999991
346723607.0 0.0 1805.5372477218039 0 0.0011874405
192597384.0 1.0 1806.182605651998 1 1.0
332576387.0 1.0 1806.2440835835225 1 0.9999998
200934777.0 1.0 1796.286800070962 1 0.9999388
279061059.0 1.0 1796.8891780839856 1 1.0
272823545.0 0.0 1808.8679592195617 0 0.00037949235
54051951.0 0.0 1793.139414941718 0 2.9187522e-05
352036490.0 0.0 1793.1392085188857 0 4.499377e-05
368592012.0 1.0 1798.4929778186695 1 1.0
293185164.0 1.0 1810.6615316582865 1 0.9999998
219797699.0 0.0 1812.447786257269 0 0.0020757262
129864288.0 1.0 1797.3077069641602 1 0.9999999
369999640.0 1.0 1796.098197993276 1 0.9999955
388605142.0 1.0 1794.8048702533654 1 1.0
22738503.0 1.0 1793.5788634731578 1 0.9999918
256583918.0 1.0 1794.6378126103702 1 0.99999964
275694782.0 0.0 1794.347701321032 0 0.0070298924
291956590.0 0.0 1805.474088035312 0 0.0007555691
269665710.0 0.0 1796.9076667424058 0 5.276371e-05
376884305.0 0.0 1805.2199305494842 0 3.2064042e-06
400505405.0 0.0 1805.5149717304537 0 6.6225005e-07
445110528.0 1.0 1800.34794916761 1 0.9999978
229461186.0 0.0 1803.969574486113 3 2.0194957e-20
34753451.0 0.0 1793.1414412616452 0 0.0023615968
233533858.0 1.0 1797.260745408923 1 0.9999989
285788057.0 0.0 1812.4107280230787 0 2.1402263e-06
359589333.0 0.0 1794.4063636653852 0 2.4504445e-05
331978374.0 0.0 1805.5147969471611 0 0.0012555555
233125532.0 0.0 1797.4896475360172 2 1.5237416e-12
397926071.0 1.0 1796.2644010195502 1 1.0
406518365.0 1.0 1796.3664409548135 1 0.9999998
199716496.0 0.0 1803.6140224906187 3 7.934036e-10
275767819.0 0.0 1812.4730536541824 0 0.00037197839
444113482.0 0.0 1808.8485351955856 0 0.004270943
407017121.0 1.0 1795.7850795992786 1 0.99999905
329246824.0 0.0 1809.9473990617394 3 7.0808477e-15
249926459.0 0.0 1810.6613293872076 2 1.1680832e-07
177913636.0 1.0 1793.953442038146 1 1.0
407163612.0 0.0 1796.909875442957 0 2.7083866e-05
186942284.0 1.0 1811.2450256096602 1 1.0
441795507.0 0.0 1794.1990024610054 0 0.00040558577
139534999.0 0.0 1812.6409990314733 0 0.00091884076
94472583.0 0.0 1805.5997148527733 0 0.006874705
352114421.0 0.0 1812.3472592537044 0 1.7878407e-05
354798745.0 1.0 1796.2446988674603 1 1.0
116612613.0 1.0 1795.7031287048655 1 0.99999994
117311616.0 0.0 1808.8489350703608 0 9.56545e-06
308120167.0 0.0 1800.2859843348162 0 6.232864e-05
427593232.0 0.0 1808.867141684694 0 0.0004907741
90694177.0 1.0 1794.1411614249787 1 0.9999934
28830630.0 1.0 1793.2038292907791 1 0.99999976
269700065.0 1.0 1794.8036067878095 1 1.0
376847031.0 1.0 1796.1154179513192 1 0.99999976
198185576.0 1.0 1810.6977500020412 1 0.99999994
423461158.0 1.0 1794.7646314020578 1 0.99998975
288391801.0 0.0 1803.8242006646472 3 1.1432343e-23
235927999.0 1.0 1795.2411701179037 1 0.9999987
230016516.0 0.0 1808.8444509835358 0 8.346572e-05
54371879.0 0.0 1812.702075088153 0 2.9814332e-06
389534816.0 1.0 1798.243787485929 1 0.9999993
198177427.0 1.0 1797.3643733422866 1 0.99999946
370698607.0 1.0 1799.1400328477478 1 0.9999999
389533990.0 1.0 1798.6396056278304 1 0.9999846
129901285.0 1.0 1795.9952542623432 1 1.0
320376468.0 1.0 1810.4101496389683 1 1.0
275367846.0 0.0 1805.2221002598849 0 8.478405e-10
312852988.0 1.0 1799.6606090637874 1 1.0
219801998.0 0.0 1812.468676513256 0 0.002188014
374568518.0 1.0 1796.744427793393 1 0.9999998
428048140.0 0.0 1794.6196545823034 2 0.008272408
240832899.0 1.0 1799.0358328584493 1 0.9999999
192795719.0 0.0 1800.140963240552 0 0.00012999066
366977747.0 0.0 1797.8880728897946 2 0.00066627865
389545459.0 0.0 1812.6813452838196 0 8.010277e-10
258136742.0 1.0 1794.2662675938914 1 0.99999887
369091618.0 0.0 1796.805584709523 0 1.5743883e-08
258800240.0 1.0 1805.4696331337282 1 0.99999785
285540735.0 1.0 1810.7435871932144 1 0.9999985
348672078.0 0.0 1805.2443710397015 0 0.0009665821
373125030.0 0.0 1794.4925053083991 2 7.815807e-08
67660118.0 1.0 1795.9952280219322 1 0.99998605
374702108.0 1.0 1796.18165953713 1 0.9999866
445229538.0 1.0 1810.4519379777894 1 0.99999994
90645490.0 1.0 1796.1411898189267 1 0.99999994
250500610.0 1.0 1797.8072270443367 1 0.9999716
219097692.0 0.0 1808.8442138221326 0 1.6180678e-06
241140375.0 1.0 1799.2028708734088 1 0.999988
331078237.0 1.0 1796.2647105743515 1 1.0
177919166.0 1.0 1796.5578302715862 1 1.0
270006368.0 1.0 1810.8495810090922 1 0.9999878
373145693.0 1.0 1795.1591772839056 1 0.99999994
410736221.0 0.0 1809.2656952999218 0 7.642186e-06
377503752.0 0.0 1812.533911503465 0 0.0003456652
336747732.0 1.0 1796.4923220468997 1 1.0
427111860.0 0.0 1805.1999342047384 0 0.00023909846
280069440.0 1.0 1798.9700735902827 1 1.0
67463613.0 1.0 1796.203410389324 1 0.99999344
399449430.0 1.0 1795.472827973494 1 1.0
408194873.0 0.0 1805.4747318251239 0 0.0013968246
292981142.0 1.0 1797.2865862232898 1 1.0
424438076.0 1.0 1793.5110070011117 1 1.0
177968691.0 1.0 1805.891139157817 1 0.9999995
240764205.0 0.0 1809.2021210348034 0 0.00030320403
366579460.0 0.0 1808.8662303103747 0 3.9219904e-05
233152830.0 1.0 1795.4483820745459 1 0.99999756
366557556.0 0.0 1811.5961071299448 3 1.0886618e-08
50940794.0 1.0 1797.38986704886 1 1.0
230026051.0 1.0 1810.115237888295 1 1.0
389691282.0 0.0 1797.8478211475156 0 1.4158042e-05
420288073.0 0.0 1796.9311198464206 0 0.00021574424
353878210.0 0.0 1797.9684450135992 0 0.0009762904
387812829.0 0.0 1805.2414562461322 0 1.377857e-06
284143800.0 0.0 1809.2017868493476 0 0.00032459362
445199845.0 1.0 1794.7021861853677 1 0.99999803
264468835.0 1.0 1794.4500316427193 1 0.9999999
427550308.0 0.0 1805.9091640885576 2 2.8223397e-07
340926233.0 0.0 1796.033245239606 2 0.0008565741
367350931.0 0.0 1796.6380032178088 0 3.165928e-06
320046775.0 1.0 1795.2646368774247 1 1.0
444742421.0 1.0 1795.368729301567 1 0.99997145
65440875.0 1.0 1795.974124151171 1 0.9999772
356821610.0 0.0 1810.1366188178647 2 6.930188e-06
240684915.0 1.0 1799.243948040645 1 1.0
229742721.0 1.0 1795.927949521212 1 1.0
245533304.0 1.0 1799.4527677850406 1 0.99996114
272759127.0 1.0 1806.0938614367135 1 1.0
250632099.0 1.0 1795.6197935457221 1 0.99999994
194738660.0 1.0 1811.3911970504985 1 0.9999999
445425975.0 0.0 1809.2020822129532 0 0.00981175
288516356.0 1.0 1795.8242557030414 1 1.0
357034865.0 1.0 1797.4478133745135 1 0.99999946
275058350.0 0.0 1805.4303550541172 2 5.416769e-07
235709858.0 0.0 1812.3450137685304 0 3.4991817e-07
251543902.0 0.0 1812.3487390499024 0 1.4765119e-08
368891248.0 1.0 1795.1805662550878 1 1.0
312337608.0 0.0 1796.743920945702 0 0.00021073272
259130225.0 1.0 1794.9490967432173 1 1.0
412113679.0 1.0 1795.0962799295971 1 0.9999998
396262969.0 1.0 1805.6388733709875 1 0.9999997
219777080.0 1.0 1799.1351798729124 1 0.9999998
29056167.0 1.0 1796.9330890442775 1 0.9999994
201303091.0 0.0 1796.640955502362 0 0.00037333873
445494729.0 1.0 1798.41100486175 1 1.0
327186016.0 1.0 1799.994780160101 1 1.0
198354443.0 0.0 1811.530522739101 3 2.0502045e-11
367145711.0 1.0 1796.7839210700035 1 0.99999833
229714496.0 1.0 1799.4486011619774 1 0.99997807
275579776.0 0.0 1808.9727363725096 0 0.002588622
403335736.0 0.0 1809.2017796394714 0 9.17025e-05
5735954.0 0.0 1808.8494322913564 0 0.009567073
410620575.0 1.0 1799.3487936886318 1 0.99951744
50610471.0 1.0 1797.6190321270306 1 0.9995185
308875056.0 0.0 1796.4946399243852 2 6.065175e-07
250862322.0 1.0 1811.2863560571782 1 0.9999987
67517939.0 1.0 1810.3697898889723 1 0.999998
359133495.0 0.0 1806.1598324355202 2 1.97387e-05
353081511.0 1.0 1810.2849610683138 1 0.99989855
356868588.0 0.0 1805.1986957013637 0 0.0002579218
418700004.0 0.0 1808.8680517315925 0 2.698098e-05
332568616.0 1.0 1795.3899777013662 1 1.0
230078853.0 0.0 1795.5519572321753 2 7.313248e-05
240823702.0 1.0 1799.265105630748 1 1.0
390734129.0 1.0 1811.4108576223473 1 0.99895716
292978984.0 1.0 1811.1198714907093 1 0.9999911
326791478.0 1.0 1810.868211459605 1 1.0
275136810.0 0.0 1805.2011228955414 0 2.2300179e-05
65081990.0 1.0 1805.4744111011184 1 1.0
230051023.0 1.0 1795.5738664231471 1 0.9999923
418030406.0 0.0 1796.078297883737 2 0.027338283
316964012.0 1.0 1797.7025502769245 1 0.9998808
387836322.0 0.0 1809.0956686816548 0 0.20831527
240964770.0 0.0 1812.3482504445058 0 0.00030394754
417765877.0 0.0 1808.8466778587226 0 0.009344301
129870604.0 1.0 1810.1617940259912 1 1.0
422354063.0 1.0 1810.5119826453142 1 0.99998903
258679521.0 1.0 1799.7224270032184 1 0.9999996
235675651.0 1.0 1811.407444408074 1 0.9999996
229740698.0 0.0 1812.4695567837332 0 1.246271e-07
400818833.0 0.0 1812.4729825998477 0 0.0013505253
436839621.0 0.0 1805.3080412283527 0 0.0009916258
431855516.0 1.0 1805.4743712761738 1 0.999998
334489941.0 0.0 1812.3668320805905 0 2.0460985e-07
329246824.0 0.0 1801.1141023720756 3 2.857685e-09
331319800.0 1.0 1794.5356775042433 1 1.0
200862492.0 1.0 1798.1827349383198 1 1.0
259127073.0 0.0 1805.2198246877315 0 1.0811699e-06
178076617.0 0.0 1809.1204286385323 0 0.0004963881
238769619.0 0.0 1812.411597707527 0 0.0012309602
240938231.0 1.0 1795.8277241784167 1 0.9999948
338927086.0 1.0 1806.2631769759673 1 0.9999985
269606104.0 1.0 1805.971904004311 1 0.999998
139378834.0 0.0 1809.036910643565 3 0.00016242836
240939943.0 1.0 1797.5359657779795 1 1.0
417412311.0 0.0 1805.5979183741647 0 0.00090236333
320051246.0 0.0 1796.6395416221462 0 4.056985e-05
298733065.0 0.0 1812.3434232007046 0 0.0022117356
264157430.0 0.0 1797.1374893796965 0 0.00036581245
372340982.0 1.0 1810.7419296910432 1 0.9999995
357129474.0 1.0 1797.3646594053507 1 0.99999964
322129332.0 1.0 1798.366844413863 1 0.9999991
54051137.0 0.0 1809.1602320592 0 0.0008442288
399799131.0 1.0 1796.3258300846771 1 1.0
323058473.0 0.0 1808.991612629123 0 0.0037450898
219900027.0 0.0 1804.844188479671 3 3.9733856e-17
400743097.0 1.0 1799.3065937597423 1 1.0
428257299.0 0.0 1807.1406516010154 3 3.652897e-23
331319729.0 0.0 1805.5564143073223 0 0.00058347563
312856774.0 1.0 1805.9731044792256 1 1.0
444497375.0 1.0 1799.368631850275 1 0.99999636
292938268.0 0.0 1812.6822922115477 0 0.0015883953
400129856.0 1.0 1810.5554253901323 1 0.9999997
194736844.0 0.0 1806.9536399501906 3 0.03456993
396444503.0 1.0 1810.7846892645773 1 0.9999995
10700150.0 1.0 1798.410656561104 1 0.9999972
334806256.0 1.0 1795.8671906716847 1 0.9999832
235905828.0 1.0 1798.1787492680892 1 0.9999996
116372536.0 1.0 1797.9740418408533 1 1.0
251722904.0 1.0 1798.0360578746397 1 0.99999976
389982205.0 0.0 1809.2646854220447 0 0.00018511152
229748644.0 1.0 1798.1154003057918 1 0.9999999
370760044.0 0.0 1799.0360309287653 2 0.00010591829
353015172.0 0.0 1797.847653529214 0 0.002124395
359496389.0 1.0 1805.593548020681 1 0.99987376
198459984.0 1.0 1810.8433335545978 1 1.0
436864646.0 0.0 1806.0163517555256 2 3.1515992e-07
452961054.0 1.0 1798.4313759595912 1 0.9999987
372630142.0 0.0 1812.702202060649 0 0.0016774109
264730556.0 1.0 1800.1818397032287 1 0.99999917
428326637.0 1.0 1805.515598033711 1 0.9999917
202902669.0 1.0 1798.9533659381511 1 1.0
256352113.0 0.0 1796.4918082145164 3 3.204937e-14
396575973.0 0.0 1805.515922730407 0 0.0011569243
367246725.0 1.0 1799.2213822868296 1 0.9999784
229596926.0 1.0 1796.511375173502 1 0.9999525
10425869.0 1.0 1799.1814312653596 1 0.9999975
403922256.0 1.0 1798.2432754118342 1 0.99677116
297780648.0 1.0 1797.826754580543 1 0.9999736
20873121.0 1.0 1795.4742322600523 1 0.99978495
186594170.0 1.0 1794.7868753943228 1 0.9999999
265348860.0 1.0 1797.8052382471794 1 0.9999969
315917180.0 0.0 1812.34540632606 0 5.095203e-07
250740774.0 1.0 1810.5570594628641 1 1.0
422389585.0 1.0 1798.3249958919457 1 0.9999998
370698568.0 0.0 1795.452520226613 2 3.630679e-14
35154290.0 0.0 1809.245643774631 0 0.008345134
418301779.0 0.0 1808.887577391141 0 1.9833266e-09
198357466.0 1.0 1798.4473945448276 1 0.99999994
427768385.0 1.0 1795.6803340475103 1 0.9999999
316627328.0 0.0 1798.5362146534046 2 5.689301e-13
243298218.0 1.0 1797.6568427230275 1 0.99997276
269421289.0 1.0 1794.7430022517888 1 0.99999565
219859253.0 1.0 1794.989786319867 1 0.9999994
240910761.0 0.0 1812.3898640078057 0 2.020422e-05
418982073.0 0.0 1797.3266458712778 2 2.390557e-12
237069450.0 0.0 1805.1993126144116 0 5.0227576e-05
445133704.0 0.0 1796.119038522731 3 8.891715e-22
200939418.0 0.0 1798.9535717537797 3 0.00019280167
332568888.0 0.0 1809.2023259029959 0 1.7367514e-05
198361834.0 0.0 1793.176475325053 0 0.000346663
420131304.0 0.0 1808.8451586839662 0 3.851725e-07
394090873.0 1.0 1798.8661822258314 1 0.9999607
445450149.0 1.0 1796.7652023116036 1 0.9999991
229407392.0 0.0 1811.5112056929743 2 4.3090087e-09
427644146.0 0.0 1805.4101263098912 0 0.00038103358
280323300.0 0.0 1808.9934438752389 0 0.0012256814
264912503.0 1.0 1795.0778019245085 1 1.0
444365309.0 1.0 1805.3682425120298 1 1.0
219851935.0 0.0 1812.3438988949583 0 4.319299e-06
13609933.0 1.0 1800.1607998449792 1 0.9999993
34648966.0 1.0 1811.2455207281587 1 1.0
317033818.0 1.0 1798.5986870835604 1 1.0
12646117.0 1.0 1797.473282949035 1 1.0
320270508.0 1.0 1793.3063546227143 1 1.0
237109495.0 0.0 1805.2829315487445 0 0.0071925013
279262088.0 0.0 1794.764229419648 2 8.160402e-05
375086642.0 1.0 1796.6816638824173 1 0.9987381
453223094.0 1.0 1794.9316126394872 1 0.99999964
369241606.0 0.0 1805.2642580919967 0 0.0010412426
285338552.0 0.0 1809.201757992204 0 4.548985e-06
264155894.0 0.0 1799.5750137621048 2 2.1726954e-07
292058043.0 0.0 1805.4949171763758 0 0.0012154764
219773987.0 1.0 1805.5729183027117 1 1.0
445383420.0 1.0 1796.9314794237523 1 0.9999999
349358272.0 0.0 1809.120483629024 0 0.000635577
375715297.0 0.0 1805.2004804773949 0 0.000107724154
283238823.0 1.0 1796.6810494043623 1 0.99999994
186745213.0 0.0 1809.1202707344833 0 0.002742213
184739277.0 0.0 1809.4117394333196 3 7.2789795e-12
453150636.0 1.0 1810.1395486807626 1 1.0
73449551.0 1.0 1794.0162882862905 1 0.9999998
275484242.0 0.0 1797.5350165135815 2 5.5672942e-08
403588925.0 1.0 1797.991796660291 1 0.9999958
368372568.0 1.0 1810.930295268098 1 0.9998492
116493592.0 1.0 1798.4948685225118 1 1.0
250632099.0 1.0 1794.7239573393406 1 1.0
389977486.0 1.0 1798.4106582708207 1 1.0
275367529.0 0.0 1796.5137344597294 3 6.9210145e-08
306183477.0 1.0 1810.2021760032117 1 1.0
284917511.0 0.0 1805.555984671532 0 0.0036137602
233512880.0 1.0 1798.1139715930549 1 0.99999976
85433324.0 1.0 1798.703857046074 1 0.9999995
101037273.0 1.0 1810.8080267606572 1 0.9999924
350734696.0 0.0 1808.8872706421105 0 3.2703734e-05
198178073.0 1.0 1805.780925788823 1 0.9999975
445601812.0 0.0 1799.3693667687671 2 0.00090032147
384601642.0 1.0 1796.1818513857793 1 1.0
427512836.0 0.0 1808.8673946076192 0 5.12022e-05
417263187.0 1.0 1799.4100318403075 1 1.0
399788013.0 0.0 1805.2812526913638 0 6.341397e-05
237200205.0 1.0 1805.9494857174627 1 0.99999994
73639510.0 1.0 1794.7245617411982 1 1.0
280315636.0 1.0 1797.7645656597035 1 1.0
233046557.0 1.0 1799.7186520575015 1 0.999729
354634298.0 1.0 1806.2866311552048 1 1.0
293125350.0 1.0 1794.3907818770444 1 0.99999994
245623164.0 0.0 1793.3900523947682 0 0.000112806316
432092222.0 1.0 1794.3907357141118 1 0.9999999
229676244.0 0.0 1801.7197501919193 3 9.665565e-08
250496108.0 0.0 1805.3279540998703 2 3.4853642e-09
285933282.0 1.0 1798.0572732667054 1 0.9999997
22747560.0 1.0 1794.4747688559946 1 1.0
265189652.0 0.0 1805.2219441868863 0 8.42745e-08
250745886.0 0.0 1796.6406520309856 0 3.6236413e-06
327184990.0 1.0 1805.8487844230167 1 0.99999774
72147483.0 1.0 1799.723488301183 1 0.9999999
333067722.0 0.0 1805.5565640703635 0 3.265636e-11
388528434.0 0.0 1812.3673197398757 0 3.34858e-05
199688697.0 1.0 1799.5305863607598 1 1.0
416049443.0 1.0 1798.3283986287704 1 1.0
356785678.0 1.0 1794.4696683658258 1 1.0
22845012.0 1.0 1795.6831197191123 1 0.9999771
400506070.0 0.0 1805.5149511784523 0 3.9861243e-09
250497793.0 0.0 1793.1405613396953 0 1.4203101e-06
50521439.0 1.0 1797.2649711772992 1 0.9999994
431805355.0 1.0 1798.2866770772205 1 1.0
396441764.0 1.0 1794.9921098954444 1 0.9999998
196893036.0 0.0 1808.8484949946806 0 7.395118e-05
417234272.0 1.0 1796.639121542193 1 0.9999208
372498674.0 1.0 1793.389424741464 1 1.0
359676320.0 0.0 1800.281433470969 3 1.4103717e-06
26502738.0 0.0 1805.4746664529316 0 0.01564705
13198814.0 1.0 1797.2438808434779 1 1.0
283026336.0 0.0 1808.8889487993274 0 0.0008025634
85523152.0 0.0 1812.6828873254312 0 0.001147188
240940049.0 0.0 1800.140098175709 0 9.0461705e-05
445450961.0 0.0 1808.869286484717 0 6.4618087e-07
265379820.0 1.0 1796.86955810032 1 0.99999833
233079659.0 0.0 1804.5940088105133 3 2.6489977e-09
316842384.0 0.0 1796.827754588949 0 3.190471e-05
293065676.0 1.0 1794.4948441912939 1 0.99999446
280033934.0 0.0 1809.2409215023804 3 6.2727826e-22
10606600.0 0.0 1797.264807734694 2 5.2332666e-10
309126521.0 1.0 1796.2238439028768 1 1.0
251545506.0 1.0 1795.7028086187668 1 0.9999995
366559758.0 1.0 1795.928785213289 1 0.9996917
387701795.0 0.0 1796.3665434789868 2 1.2536498e-07
251351950.0 1.0 1806.1404534832063 1 0.99999887
54882522.0 1.0 1794.618694292009 1 1.0
433970898.0 0.0 1808.8465282905172 0 3.4805635e-05
368444244.0 1.0 1811.5135654740996 1 0.9999972
279084793.0 1.0 1810.8891255995286 1 1.0
268516134.0 1.0 1797.9510721034644 1 1.0
354110442.0 1.0 1798.9734641250386 1 1.0
348527100.0 1.0 1797.8485646449894 1 0.9999998
352408429.0 1.0 1810.9080255518395 1 0.9999182
402206395.0 1.0 1810.723990127876 1 1.0
289089819.0 0.0 1800.0138701504952 2 2.4857068e-06
251278437.0 0.0 1812.3696140508387 0 0.0001680636
356340346.0 0.0 1799.3013459594167 3 1.8021885e-13
452960580.0 0.0 1809.1811225752278 0 3.7891243e-06
177992394.0 1.0 1811.1828116137967 1 1.0
400155617.0 0.0 1793.3051300019206 0 1.0455314e-07
353555538.0 1.0 1799.660208821056 1 0.9999175
245697975.0 0.0 1805.202712859394 0 0.0006676329
399262667.0 0.0 1808.9520911673121 0 6.418952e-06
420545677.0 1.0 1806.0558986525552 1 1.0
10868459.0 0.0 1805.2856209741149 0 6.3194725e-06
308878193.0 0.0 1812.348440942427 0 0.0007825442
34754679.0 1.0 1798.4956396631628 1 0.99999994
327089528.0 1.0 1795.7865114367892 1 0.99999994
444625810.0 1.0 1799.0563321581742 1 1.0
441734144.0 0.0 1806.6781910677182 3 3.370881e-18
374303249.0 0.0 1805.3273794195734 0 0.00029785195
354697530.0 0.0 1799.3059334197605 2 4.4492356e-09
293066086.0 0.0 1808.9114807971562 3 1.6761975e-10
309059418.0 0.0 1794.4737282424671 2 1.8878005e-11
467354611.0 0.0 1801.7835336500711 3 6.6439896e-12
352201777.0 1.0 1798.055884750895 1 0.9999992
255883090.0 0.0 1805.6184933648096 0 1.2358335e-05
251754789.0 0.0 1805.2029374171404 0 9.788981e-05
256581075.0 1.0 1798.3878038729297 1 0.99997866
418140973.0 0.0 1808.8472096656878 0 0.0005218835
449937545.0 0.0 1793.1404689381832 0 0.0011677681
229497985.0 1.0 1797.5531961658828 1 0.9999946
370209799.0 1.0 1794.3483034450992 1 0.99999964
23051670.0 1.0 1795.932878776298 1 1.0
366914405.0 0.0 1796.0755211911737 2 3.6680195e-08
229700019.0 0.0 1805.219458808705 0 7.1327104e-11
390338696.0 1.0 1800.2231173763794 1 0.99999976
177992116.0 1.0 1806.1203375209946 1 0.9999981
396159882.0 0.0 1808.8472442615594 0 0.009299344
63561453.0 1.0 1795.2036835363645 1 0.9999812
237012271.0 1.0 1798.3244719767233 1 0.9999538
240900685.0 1.0 1810.1816444005608 1 0.99996626
138055117.0 1.0 1800.0162638200145 1 1.0
269697721.0 0.0 1809.7618814559119 3 6.605886e-10
311939072.0 1.0 1806.1187085198512 1 0.9999936
280257428.0 1.0 1797.4936430878734 1 1.0
256690009.0 1.0 1810.848236888187 1 0.9910407
395506519.0 1.0 1811.263992593924 1 0.99908763
240966282.0 1.0 1806.056812135692 1 0.9999966
403440108.0 1.0 1797.6399863758866 1 0.9999964
219794085.0 0.0 1811.5518113984415 2 1.6099571e-08
265069276.0 0.0 1805.929979639932 2 1.1423495e-15
436862548.0 0.0 1793.1831023948032 2 5.423088e-09
381686991.0 1.0 1794.7243733249747 1 1.0
298289530.0 1.0 1799.426441634645 1 1.0
229945199.0 1.0 1793.9279025899887 1 0.9999982
322056494.0 1.0 1797.8668527248917 1 0.9994022
402204492.0 0.0 1805.4948766835466 0 4.125172e-05
420552290.0 0.0 1812.7641251786781 0 0.0010628657
415836214.0 1.0 1794.869845108005 1 1.0
232634196.0 0.0 1795.1350565526095 3 1.0350677e-13
200801402.0 0.0 1805.5371123775694 0 0.0019156829
368441497.0 0.0 1796.9095688186521 0 2.8194281e-05
246970991.0 1.0 1810.516130544441 1 0.999997
264800127.0 0.0 1808.8485202246493 0 0.0005517677
286215854.0 0.0 1808.9106643292785 0 0.0013336913
116009267.0 1.0 1795.2031718745825 1 0.99999946
356871644.0 0.0 1808.9692511190485 0 2.467655e-05
116991977.0 0.0 1808.9532728378008 3 0.00012892755
427873899.0 1.0 1797.513586866193 1 1.0
445496137.0 0.0 1812.369205488551 0 5.4567995e-09
249948419.0 1.0 1806.3697904642122 1 0.99999964
444754389.0 0.0 1805.5564584098547 0 0.00015746074
54625712.0 0.0 1799.451983656781 2 5.1235847e-06
292055868.0 0.0 1800.1407673862418 0 3.806847e-08
435167469.0 1.0 1799.6385312111038 1 0.9999992
198354443.0 0.0 1798.0305005285059 3 1.2540963e-12
298289622.0 1.0 1798.988911861267 1 1.0
410232359.0 1.0 1795.9920383614733 1 0.99998695
327507421.0 0.0 1796.515740505656 2 2.0505054e-07
356111878.0 0.0 1797.9683389557015 0 0.000904396
241078118.0 0.0 1795.8279282216804 2 9.216103e-07
250770628.0 1.0 1806.369507200975 1 0.9999994
252853810.0 1.0 1793.4737968951267 1 0.99999624
229790888.0 0.0 1805.2405179513 0 2.2030132e-10
376401967.0 0.0 1805.3256043715726 0 1.5922212e-06
202902861.0 0.0 1812.619896374503 0 0.0010642787
82243350.0 1.0 1811.1398647246192 1 1.0
408197076.0 1.0 1798.4537100047942 1 0.9999981
301994054.0 1.0 1795.3070954123575 1 0.99983484
336121449.0 1.0 1793.6999277241976 1 0.9996937
331207060.0 1.0 1797.1398693791 1 0.99999607
279719917.0 1.0 1806.1193024646138 1 0.999995
402448308.0 1.0 1795.9700545032508 1 0.8249147
286479089.0 1.0 1811.1816543684586 1 0.99998844
229912370.0 1.0 1798.0112274396868 1 0.9999935
366564576.0 1.0 1798.0747068401465 1 0.99999875
283835493.0 0.0 1809.2016756065436 0 2.847686e-06
199525817.0 0.0 1805.23910353296 0 0.00012255066
308613272.0 0.0 1798.9945073700874 2 4.3511147e-07
139553956.0 1.0 1793.807771454265 1 0.9999997
376848788.0 0.0 1808.885942533833 0 1.1811576e-06
26353973.0 0.0 1809.1621646863384 0 0.0009947825
422978599.0 0.0 1812.4115462356913 0 0.00063073024
138111341.0 1.0 1810.9746134594868 1 0.9999997
65443360.0 0.0 1812.4325902376227 0 0.0022565501
53712338.0 0.0 1812.8061911750794 0 1.9352427e-05
139505590.0 0.0 1812.703367018875 0 0.0039643976
312335439.0 1.0 1795.4938859177735 1 0.9999974
331860062.0 0.0 1812.0356162020532 3 0.0061710654
424002296.0 1.0 1810.493943185945 1 0.99999326
165501243.0 1.0 1798.5725295359166 1 0.99999994
379160838.0 0.0 1794.222559045315 2 3.3617382e-14
50943839.0 1.0 1796.8482605288862 1 0.9999978
307594554.0 1.0 1796.7236949374474 1 0.99999607
376891085.0 0.0 1806.7631510339131 3 2.765777e-13
311830631.0 1.0 1810.743530237551 1 1.0
441723615.0 1.0 1797.8863795651378 1 0.99999803
286327679.0 0.0 1812.4107776430642 0 0.00034451013
403946894.0 0.0 1812.5562587635484 0 0.000990455
63672976.0 0.0 1805.3493944726695 0 0.008425963
265476481.0 0.0 1796.8900137321991 0 0.0014225243
364186264.0 1.0 1796.5332007475536 1 0.99996394
351364605.0 0.0 1812.3680488001162 0 1.1118608e-06
285539868.0 1.0 1806.0561557596016 1 0.9999998
251350436.0 1.0 1797.0570613655532 1 0.999998
416543821.0 1.0 1795.618435875589 1 0.9999867
77423462.0 1.0 1795.3288239790481 1 0.9998764
22872266.0 1.0 1798.4122220899778 1 1.0
229712938.0 0.0 1805.21945122921 0 0.00143633
408731262.0 0.0 1808.8466007026075 0 0.0004004078
388506340.0 0.0 1812.367227350688 0 0.00070453965
194730782.0 1.0 1797.4952969346716 1 0.9999996
428478558.0 1.0 1795.8684886953688 1 0.9998385
251377198.0 0.0 1805.202686323628 0 0.00047724185
377200445.0 1.0 1798.2215721805612 1 0.99999726
116758017.0 0.0 1793.3905388928665 0 0.0022220986
389535695.0 0.0 1809.2020900577393 0 0.00043405767
395769315.0 0.0 1810.743182564319 2 2.5524336e-09
467574373.0 0.0 1808.9537778953359 3 0.004246478
219109908.0 0.0 1796.8027413919967 3 1.557187e-18
331546745.0 1.0 1797.9295635091182 1 0.9958978
372218054.0 1.0 1799.9295508340088 1 0.999998
28760973.0 1.0 1797.7659232568817 1 0.9999999
403578453.0 0.0 1812.6815106036117 0 0.00039739322
264179263.0 1.0 1800.4917082657973 1 0.9999994
350132371.0 0.0 1808.2627131379581 3 9.444532e-07
280068832.0 1.0 1806.011623680773 1 0.9999998
199682712.0 1.0 1805.7181480054676 1 0.9999923
286566392.0 0.0 1794.722954650823 3 6.1684605e-17
13770198.0 1.0 1797.1608036535617 1 0.99956083
362104873.0 1.0 1798.031855169096 1 0.9999999
308373138.0 1.0 1797.369483681761 1 1.0
367092139.0 0.0 1797.2005938316488 2 4.382523e-08
198388252.0 0.0 1799.9472181189526 3 2.085745e-12
327259537.0 0.0 1793.682265820482 2 3.0224024e-05
237216663.0 1.0 1796.928627680034 1 1.0
387601517.0 1.0 1797.7206244408176 1 0.9999997
73449681.0 1.0 1796.5996165659155 1 1.0
436860179.0 1.0 1794.8705958823016 1 1.0
237197609.0 0.0 1805.2201129651933 0 1.3968272e-12
192835834.0 1.0 1796.5782542520872 1 0.9999484
409528658.0 0.0 1799.4324356300824 2 2.2088057e-11
370211258.0 1.0 1797.723333056966 1 0.9999983
359482562.0 1.0 1797.8855882937253 1 0.9998778
309141853.0 0.0 1812.3900319414076 0 2.0437035e-05
332680754.0 0.0 1811.0772058121925 2 1.3698263e-05
453253005.0 0.0 1812.7022554914738 0 0.0048621516
116844228.0 0.0 1805.2031354329151 0 0.0011751631
405622066.0 1.0 1796.4947659795978 1 0.9999389
433699236.0 0.0 1808.8464889881939 0 0.00017132617
10497539.0 0.0 1805.306307934098 0 0.00065437227
372268632.0 1.0 1794.43162574538 1 0.9999986
272934847.0 0.0 1793.4097808214576 0 2.2399695e-07
428074524.0 1.0 1798.4112673510142 1 0.99999267
445185884.0 0.0 1809.1603670167704 0 0.00016508953
21131390.0 1.0 1798.37059540382 1 1.0
373239804.0 1.0 1797.638424118086 1 0.9999875
77352549.0 0.0 1808.932890339912 0 0.0012101226
377202187.0 1.0 1806.1589869021764 1 0.9999991
374777678.0 1.0 1794.0360855762838 1 0.9999773
396486931.0 0.0 1810.6800531148099 3 1.7298944e-17
194611282.0 1.0 1794.8285677629801 1 1.0
126095456.0 1.0 1794.6829217163706 1 0.99999946
104056741.0 0.0 1812.3697259787189 0 9.991066e-07
191725141.0 0.0 1805.2236490779082 0 3.682495e-05
428706277.0 1.0 1795.9509044566773 1 0.75269246
269419535.0 1.0 1811.0759760459628 1 1.0
445187697.0 1.0 1800.431422379765 1 0.99982786
268334204.0 1.0 1810.720780768949 1 0.9999309
198184425.0 1.0 1794.3638728269168 1 0.9999972
433791379.0 1.0 1810.5131279932832 1 0.99999183
343412120.0 1.0 1805.3245180728509 1 0.9999964
259143451.0 1.0 1806.3491266217272 1 0.99997306
354926863.0 0.0 1795.7643982710695 3 1.54966e-12
368311302.0 0.0 1806.1594371446192 2 2.6019882e-15
399737005.0 0.0 1808.8469161225596 0 0.00044079468
366517381.0 0.0 1806.6997245245316 3 1.5394468e-15
403401901.0 1.0 1810.8066467480696 1 0.99999976
407417249.0 0.0 1808.8488229865948 0 0.0007753009
250553209.0 1.0 1798.3904626414844 1 1.0
427685099.0 1.0 1799.7010708832472 1 0.9999871
317473402.0 0.0 1800.4092011017656 0 2.0196506e-08
264334954.0 0.0 1808.9709838587435 0 0.026931923
240883303.0 1.0 1794.7860368508555 1 0.9999884
12831526.0 1.0 1799.3063836009987 1 1.0
396609776.0 1.0 1794.4323855049279 1 0.9998312
410499351.0 0.0 1812.369408857263 0 0.00040269483
336293555.0 1.0 1794.7839553524664 1 0.9998784
243276882.0 0.0 1793.4068508839284 0 2.5410911e-06
50348977.0 0.0 1805.2649427622132 0 0.00023527868
289352104.0 0.0 1812.3681656111573 0 2.9670748e-06
256643181.0 1.0 1797.9086418065742 1 0.9999396
444440107.0 1.0 1798.222668850009 1 1.0
252158238.0 0.0 1799.9106842527433 2 1.8840732e-08
348438240.0 0.0 1808.9108766473353 0 1.4686396e-11
400668024.0 0.0 1812.431665503673 0 0.00016949349
422920321.0 0.0 1807.2658498583312 3 0.018729705
396241216.0 0.0 1805.88914371436 2 9.76804e-11
359553938.0 1.0 1798.3228439978036 1 1.0
237281180.0 1.0 1797.3870886983393 1 0.99999994
354549203.0 0.0 1812.3485550023154 0 4.080806e-05
368441682.0 1.0 1805.9511764026556 1 0.99999464
353604021.0 0.0 1805.2852860546823 0 0.00085281086
235686753.0 1.0 1793.8033138923804 1 0.9998625
271448379.0 0.0 1810.7219943725547 2 1.6163375e-09
353956975.0 1.0 1799.07829016421 1 0.9999994
251440775.0 1.0 1797.5983694944937 1 0.99999833
116496566.0 1.0 1806.3282690664366 1 1.0
116006165.0 1.0 1805.7656639233862 1 0.99999833
405461997.0 0.0 1800.4539736137342 0 2.1761368e-06
279599877.0 1.0 1796.3896121608777 1 1.0
246965067.0 0.0 1808.8495031154257 0 0.00046984528
292610590.0 1.0 1797.2240411016078 1 0.99999994
77566681.0 1.0 1798.495395130085 1 1.0
445296618.0 1.0 1793.577213375826 1 0.99999994
203033921.0 0.0 1809.1825331254515 0 0.0033068464
316250867.0 0.0 1811.9530236575988 3 9.7470166e-17
20896006.0 0.0 1812.5990468289795 0 0.0008437161
177764590.0 1.0 1798.2035994583987 1 0.99999976
417842279.0 1.0 1798.140938684929 1 0.99999875
359249299.0 0.0 1809.4515374742978 0 4.784604e-05
354109773.0 1.0 1794.202494711061 1 0.99999934
327007693.0 1.0 1793.1822581740805 1 0.99999976
441726926.0 1.0 1799.7822796275843 1 0.99999034
453274255.0 1.0 1810.2024850171263 1 0.99997115
283838337.0 0.0 1805.5559446413604 0 1.2440885e-05
198242676.0 0.0 1803.4682185908052 3 1.1232645e-12
428116498.0 1.0 1794.9531259790824 1 0.9999902
268728977.0 1.0 1795.6177804641413 1 1.0
289357318.0 1.0 1794.388750726869 1 1.0
354258570.0 0.0 1812.3694421913524 0 8.2874784e-08
387633966.0 1.0 1800.1580876237945 1 0.99999976
71981869.0 1.0 1796.973543038089 1 0.99999857
259941680.0 1.0 1798.9317614916094 1 0.9999999
306553760.0 0.0 1805.5148534880595 0 0.00023286593
427555786.0 1.0 1794.5134868066543 1 1.0
26504800.0 1.0 1797.1411248327279 1 1.0
390021728.0 0.0 1812.2601330225698 3 1.8353841e-23
129902788.0 1.0 1796.8285016426594 1 0.99999994
420497818.0 0.0 1805.2642024026263 0 2.0387254e-06
258744825.0 0.0 1808.8681434689042 0 8.566428e-06
241035265.0 1.0 1805.6192125357736 1 1.0
186937636.0 0.0 1793.141062452168 0 0.0025611338
77354467.0 0.0 1805.266312908866 0 0.0038297372
400407608.0 0.0 1805.198846437709 0 2.743783e-09
264546812.0 1.0 1797.848319622113 1 1.0
420130562.0 0.0 1805.1994065454733 0 3.0506203e-07
373236148.0 0.0 1812.3885562931162 0 3.4597412e-07
194618143.0 0.0 1808.8494599333399 0 0.0011477197
285181196.0 0.0 1794.5370844835054 3 0.00012312566
245623164.0 0.0 1796.8901090570394 0 0.00044682875
373018518.0 0.0 1812.3466990511488 0 1.658938e-08
67765541.0 0.0 1812.4743969040853 0 0.00066020584
82982711.0 1.0 1799.1391414028633 1 0.9999982
274950530.0 0.0 1812.3470261275424 0 8.43581e-07
417592712.0 0.0 1805.201513988352 0 0.00039567592
388634162.0 1.0 1793.3253839069037 1 0.9999992
249943198.0 0.0 1810.0155983715997 3 4.2397187e-21
264220563.0 0.0 1808.8449331837764 0 0.00011469241
270813103.0 1.0 1795.9097422924578 1 1.0
198280388.0 0.0 1793.5306479936316 3 1.7351851e-13
198388252.0 0.0 1812.5930555839084 3 3.4549055e-16
367357103.0 1.0 1810.55476450693 1 0.99999994
317028902.0 0.0 1812.3487480085378 0 0.46194708
202866134.0 1.0 1796.0157972390139 1 0.999999
378856799.0 0.0 1805.2223016510802 0 1.3470437e-08
396474313.0 1.0 1798.9721581845934 1 1.0
203093888.0 1.0 1796.3076085183025 1 1.0
315818361.0 1.0 1796.3902083493658 1 0.9999996
421110675.0 0.0 1800.660200013848 3 1.1841643e-14
186600172.0 1.0 1798.3910917303635 1 1.0
252136926.0 1.0 1793.8275260780567 1 0.9999991
368727477.0 1.0 1794.7849833173311 1 0.9999118
326860407.0 1.0 1794.161414874658 1 1.0
83805971.0 1.0 1806.0556966950617 1 0.99999994
65354022.0 1.0 1806.1408443304647 1 0.9999993
422925969.0 1.0 1805.828323180541 1 0.999801
354539917.0 0.0 1808.8695181102792 0 7.1015575e-06
419745119.0 0.0 1809.1808927679365 0 7.576417e-06
400951601.0 0.0 1808.932456403619 0 0.00016536714
401086140.0 1.0 1810.452857093584 1 0.9999996
235982769.0 0.0 1805.2205818615482 0 0.00013298371
22815944.0 1.0 1796.0789559333166 1 0.9999973
351691178.0 1.0 1810.159994244392 1 1.0
272784070.0 1.0 1793.3022425213771 1 0.99999905
407116205.0 1.0 1795.8888730744122 1 0.9999456
326917411.0 1.0 1796.4948478299834 1 0.9999981
421381395.0 1.0 1810.930929690288 1 0.9999635
409523757.0 0.0 1807.619926072694 3 2.4562157e-09
275709758.0 1.0 1794.6392778325335 1 0.9999985
353560400.0 1.0 1796.1808631692272 1 0.99999803
271237862.0 0.0 1796.9096929580428 0 4.002825e-05
387628952.0 0.0 1805.5539304992076 0 2.8351717e-05
139402768.0 0.0 1796.6411686827914 0 0.0011102203
52356561.0 0.0 1796.6394443457602 0 0.0034897167
434171539.0 0.0 1795.055130167164 2 1.7714486e-07
258874998.0 1.0 1796.6782883551662 1 0.9999995
85490917.0 1.0 1798.1620855744593 1 0.99999857
250923367.0 1.0 1810.8487375018356 1 1.0
301742358.0 1.0 1798.2032236171315 1 0.9999864
388439859.0 0.0 1796.6380062460569 0 0.00050243584
348140556.0 1.0 1796.0984101890676 1 0.9999899
230079065.0 1.0 1797.8229041388431 1 1.0
428381104.0 0.0 1805.222408832643 0 3.5080615e-05
264795403.0 0.0 1799.0149948102442 2 5.43553e-11
237235121.0 1.0 1810.470237872113 1 0.9999999
368603158.0 0.0 1812.389005532981 0 5.90536e-06
291954355.0 0.0 1796.6407742475017 0 0.00033052306
236765030.0 1.0 1795.052639403611 1 0.9999999
288536399.0 1.0 1796.2659084310737 1 1.0
233093902.0 0.0 1797.968798171007 0 8.3846305e-07
402894602.0 0.0 1796.907817419407 0 0.0032949457
427592120.0 1.0 1793.5545776953657 1 0.9999998
470124714.0 0.0 1801.4918934292816 3 9.621015e-16
230116669.0 1.0 1795.885327386162 1 1.0
192295673.0 0.0 1805.2867160881628 0 0.0006683786
250559753.0 1.0 1793.2238683106525 1 0.9986072
272227512.0 1.0 1806.222207792856 1 0.99997663
408618322.0 1.0 1796.4726974552414 1 1.0
275713880.0 0.0 1795.4933362792929 2 0.50854915
252140076.0 0.0 1809.348059549117 3 1.627665e-11
258628143.0 0.0 1808.8870417433275 0 0.00022586362
404647115.0 1.0 1805.8666704307755 1 0.9999472
259273019.0 0.0 1794.0950316867802 2 5.157326e-09
54052752.0 0.0 1805.6185651671926 0 0.0011916885
376925580.0 1.0 1811.0534929527973 1 0.9999308
285506890.0 0.0 1812.3485441078633 0 0.00015802281
359342947.0 1.0 1797.4931691994373 1 0.99999446
251438046.0 0.0 1808.8485456471053 0 1.0315303e-05
445278656.0 0.0 1812.6603798714748 0 0.0003752987
255882694.0 1.0 1799.5352010074416 1 1.0
322209219.0 1.0 1793.575276960108 1 0.999928
285235696.0 1.0 1797.2229121600483 1 1.0
326209759.0 0.0 1812.344705000068 0 7.3182264e-06
54880878.0 0.0 1812.6602640049346 0 0.00024025864
200800648.0 1.0 1795.4119255113146 1 0.99999994
186664494.0 0.0 1805.8493972722458 2 0.00025546295
397803684.0 1.0 1797.0140803388458 1 0.999993
252112763.0 1.0 1799.0982495908424 1 0.99956477
376867523.0 1.0 1798.1569317419305 1 1.0
255878216.0 0.0 1794.847794500637 2 4.5244095e-05
251837157.0 1.0 1798.2859294067405 1 0.99999994
63345492.0 0.0 1805.4951231021332 0 0.0027662695
387809676.0 1.0 1795.0124131146715 1 0.9999996
307596372.0 1.0 1794.0777411397376 1 1.0
235714772.0 0.0 1812.345181666577 0 0.001017884
376977645.0 0.0 1808.8647215812714 0 0.00014875647
388042002.0 1.0 1794.26249775925 1 0.99999994
429021042.0 1.0 1810.2422420401485 1 1.0
252841977.0 0.0 1812.3698293251196 0 0.0015756653
230380918.0 0.0 1808.844467868497 0 0.00054642936
412359429.0 1.0 1794.8462668559696 1 0.9999797
398182598.0 1.0 1795.4101858929728 1 1.0
236768822.0 0.0 1808.8442177415345 0 0.000391194
186965998.0 1.0 1798.6409694804786 1 1.0
256503928.0 1.0 1805.971016880759 1 0.99999934
353781831.0 0.0 1797.968551782148 0 5.284408e-05
428208797.0 1.0 1806.328316831103 1 1.0
230133460.0 0.0 1808.8440919618479 0 7.90575e-06
192558372.0 1.0 1795.9534575210307 1 1.0
312545762.0 0.0 1805.5354105506512 0 0.00012463363
52521425.0 1.0 1793.577018666473 1 0.9999284
353989515.0 1.0 1799.447584781482 1 1.0
406267319.0 0.0 1805.2209251714696 0 0.00041131527
433501897.0 1.0 1810.5994526559073 1 0.9998783
186618759.0 1.0 1811.4953309206255 1 1.0
422533361.0 1.0 1794.3064422383025 1 0.9999999
149905154.0 0.0 1796.6412709107524 0 0.001189168
332685563.0 0.0 1805.2650242593497 0 0.00089004013
331852103.0 0.0 1805.2218561838697 0 5.6679906e-05
20874349.0 1.0 1805.74515835987 1 1.0
265276170.0 1.0 1805.9925936034865 1 0.99950045
280325063.0 1.0 1795.430836779295 1 0.999997
367948034.0 1.0 1798.3884597229794 1 1.0
309237940.0 1.0 1798.5985587404393 1 0.9999992
301259781.0 0.0 1808.973865866081 0 0.00067001267
13946377.0 1.0 1797.8272925285337 1 0.99999994
288735375.0 1.0 1805.8870184669352 1 1.0
346729208.0 1.0 1810.2848201272693 1 0.9999999
390521483.0 1.0 1795.306643999148 1 1.0
396198156.0 1.0 1795.722058246343 1 0.9999495
249829985.0 1.0 1797.72372664722 1 0.99999803
365938919.0 1.0 1811.346846725085 1 0.9999959
149852368.0 0.0 1805.3702661105538 0 0.0010535582
264933524.0 0.0 1805.2423176318687 0 2.3321272e-07
219103938.0 1.0 1796.1568539862337 1 0.9999971
233079659.0 0.0 1807.7398311709655 3 1.3967934e-06
268330571.0 0.0 1808.9082366105283 0 6.1034167e-05
379598261.0 1.0 1797.6603326139898 1 0.9999955
245427260.0 0.0 1805.2236441819782 0 0.00030571743
353319337.0 0.0 1808.9519257046095 0 1.796284e-07
149926162.0 1.0 1794.62036088365 1 1.0
73449656.0 0.0 1793.1412786082608 0 0.00035394353
354631851.0 0.0 1808.8904379290268 0 1.3167053e-06
116014367.0 1.0 1796.7030964244077 1 0.99994385
200734451.0 1.0 1796.4536449458137 1 0.9999999
427689755.0 1.0 1805.3885668243886 1 0.9999999
401087272.0 0.0 1796.8900806119393 0 0.00067534513
219894801.0 0.0 1794.1982969280248 0 0.0012274944
264224374.0 1.0 1796.8458503932143 1 0.9999999
194734225.0 0.0 1800.141049122141 0 9.072831e-05
312863051.0 0.0 1800.139857234832 0 0.000108954664
285181196.0 0.0 1807.0577662857486 3 5.581213e-06
178105783.0 1.0 1810.182920773971 1 0.9999991
229446096.0 1.0 1799.4279681737587 1 0.9999979
275484012.0 1.0 1798.1392129627354 1 0.99955237
77545160.0 0.0 1795.3704754181183 3 3.1711758e-11
357048415.0 0.0 1800.2394463680048 2 1.3425223e-07
283246200.0 1.0 1797.9726004426548 1 0.9999999
315937374.0 0.0 1807.9110355922676 3 2.579379e-10
233530865.0 1.0 1794.2818982641675 1 1.0
316515420.0 1.0 1796.7235240915659 1 1.0
52187611.0 1.0 1794.3062765146474 1 0.99962604
384598987.0 1.0 1810.8904278250882 1 0.99995303
351608447.0 0.0 1796.805534401934 0 0.00017404593
280033934.0 0.0 1811.449234524019 3 7.7854464e-14
192587439.0 1.0 1796.6617655143227 1 0.9999664
229462647.0 0.0 1812.3653409695225 0 0.0001499426
85523152.0 0.0 1809.182928684456 0 0.0011971148
198457457.0 0.0 1812.3222218341468 3 2.7716104e-22
433350615.0 0.0 1812.5367627710111 0 0.0031268501
264615805.0 0.0 1805.2652258389303 3 1.6574965e-07
233534482.0 0.0 1808.8647657317824 0 0.00042016307
320381762.0 0.0 1796.639499711272 0 1.1174158e-05
275905335.0 1.0 1797.0352796139662 1 0.9999997
219738983.0 1.0 1794.1137904839734 1 0.9999981
333068559.0 0.0 1797.5774850674327 2 5.4845704e-11
279763747.0 0.0 1796.909305515597 0 5.966885e-05
267543049.0 1.0 1805.324313348565 1 0.99755883
354131240.0 0.0 1798.0781321712202 2 7.3231054e-17
21283108.0 1.0 1810.1140647583113 1 0.9999929
292465493.0 1.0 1794.7032797307386 1 1.0
67636637.0 0.0 1812.5159825005599 0 0.006554837
436931352.0 1.0 1796.7456202868236 1 0.99996644
322062685.0 1.0 1805.5751033694776 1 0.9993715
389971787.0 0.0 1812.7021303928225 0 2.4543317e-05
264552077.0 0.0 1808.8692753782798 0 1.3955105e-05
427388381.0 0.0 1812.492333135087 0 0.0012165202
431870606.0 0.0 1805.203514436343 0 5.205537e-05
408729609.0 1.0 1795.179954451167 1 1.0
264917995.0 1.0 1795.6819643647377 1 0.9999498
356785133.0 1.0 1805.9279818197165 1 0.99990374
428748979.0 1.0 1794.721335273014 1 0.9999989
241046656.0 1.0 1806.1818854317994 1 0.99999475
286482458.0 1.0 1798.3897461438928 1 0.99999964
207490814.0 0.0 1805.2805425530394 0 0.00037123254
436851125.0 1.0 1797.1622685060936 1 0.9999998
28778026.0 1.0 1797.6616516926101 1 0.9999996
177764869.0 1.0 1797.453577433463 1 1.0
149979036.0 0.0 1805.474779337213 0 0.0005675818
81604058.0 1.0 1798.6814469260137 1 0.9999996
285130759.0 1.0 1793.160139364219 1 1.0
445177443.0 0.0 1810.5143818079437 2 1.4208651e-13
104311730.0 0.0 1808.848965210635 0 8.475397e-05
356896098.0 1.0 1810.6766161734313 1 0.99999994
284314464.0 0.0 1812.7016416700255 0 0.00010056851
403752701.0 0.0 1796.6398614190157 0 0.00012857385
376367271.0 0.0 1793.6589431615373 2 1.4930243e-09
299328679.0 1.0 1794.9943361450796 1 1.0
250803662.0 0.0 1808.8695182649892 0 0.00041477766
229961793.0 0.0 1796.9071345747082 0 0.00031729604
395840779.0 1.0 1796.5348662045433 1 1.0
229943407.0 1.0 1794.6777718567457 1 0.99999505
326257345.0 0.0 1808.865740237183 0 0.0001175346
441805642.0 1.0 1796.0113202034474 1 0.99999994
50126822.0 0.0 1798.5774969927368 2 5.6888603e-06
441720520.0 0.0 1812.3450098286298 0 5.105009e-05
138017972.0 1.0 1793.2037202302622 1 1.0
332257870.0 1.0 1810.785499686999 1 0.9998436
272047922.0 1.0 1805.6179710257898 1 0.9998095
395608077.0 0.0 1805.7432924870616 2 3.3629469e-16
375082218.0 0.0 1808.848443607354 0 2.0159376e-05
370758693.0 0.0 1805.2026341952728 0 0.00038720437
21098399.0 1.0 1810.974407216911 1 1.0
417753741.0 1.0 1811.2841719505711 1 0.99990886
417841294.0 0.0 1809.057320624309 0 0.0015542768
331610898.0 1.0 1795.9523138544444 1 0.99999905
280461897.0 0.0 1808.972809533264 0 0.0004926085
387567417.0 0.0 1798.4289682902345 2 0.0011634479
320279640.0 1.0 1811.160185599812 1 1.0
186720394.0 1.0 1798.3911930536053 1 1.0
284527341.0 1.0 1796.3477497911506 1 0.9997816
229784122.0 0.0 1808.84450949394 0 4.8306056e-06
233691082.0 1.0 1797.0732738661666 1 0.99999994
264331531.0 0.0 1805.3459633163327 0 0.0005703679
468293391.0 0.0 1804.805025514798 3 2.9115605e-19
198354443.0 0.0 1805.8638391288794 3 5.878199e-10
321688056.0 0.0 1808.9499550170065 0 0.00020214736
372259239.0 1.0 1810.1794336262192 1 0.9999992
358940756.0 1.0 1795.5550049278233 1 0.9999997
68000442.0 1.0 1796.2452944920785 1 0.99999964
118421181.0 0.0 1805.287128727414 0 0.0011759324
445495082.0 0.0 1808.8692759482276 0 0.00060647615
186989051.0 0.0 1805.4951896549544 0 0.0004545059
387600798.0 1.0 1805.9080311854748 1 0.9999931
354541405.0 0.0 1812.3902333532312 0 6.434652e-07
82167490.0 1.0 1794.077417721248 1 0.9999972
129992194.0 1.0 1794.932734580889 1 0.99999964
441714502.0 0.0 1808.8448395528762 0 0.0013191861
322338879.0 1.0 1797.4526673346315 1 0.9999601
390018754.0 0.0 1812.3434426572908 0 0.0013321927
280466929.0 0.0 1812.4104136690064 0 0.0016809258
230083123.0 0.0 1793.177227812593 0 3.213013e-06
252132565.0 1.0 1798.7440302210653 1 0.99999887
301575757.0 0.0 1808.8906147262903 0 3.460451e-06
245761059.0 1.0 1811.5154084902654 1 1.0
367145487.0 0.0 1812.3671657793873 0 8.8950685e-08
238652771.0 1.0 1799.0779673684399 1 0.9999999
285233603.0 1.0 1794.0145553744414 1 0.9998638
117167920.0 1.0 1794.68212822902 1 0.99881595
198280388.0 0.0 1808.1765933569711 3 7.886464e-14
301884046.0 1.0 1811.1829023149435 1 1.0
368608355.0 1.0 1800.2430662127367 1 0.99999994
370950343.0 1.0 1794.0777017461378 1 0.9999824
372276096.0 0.0 1793.3276427766673 0 3.6615577e-06
434437454.0 0.0 1796.9093352272187 0 0.0004422147
54368012.0 1.0 1794.2646647120014 1 0.99999994
326209505.0 1.0 1794.5942854156028 1 0.99999315
192423066.0 1.0 1795.432435608515 1 0.9999332
251306879.0 0.0 1805.2026241084218 0 0.00059645274
129985474.0 0.0 1805.3910566076345 0 0.00052703265
378650885.0 0.0 1805.2429883497543 0 3.4246527e-06
301338156.0 0.0 1800.140561280089 0 5.9496676e-07
317472178.0 0.0 1808.8675005546413 0 1.5657926e-06
420287943.0 1.0 1797.2228312619893 1 1.0
265292969.0 1.0 1810.5568570329663 1 0.9999959
354285424.0 1.0 1805.784057175186 1 0.99999285
436870928.0 1.0 1798.9330530588884 1 0.9999106
346656969.0 1.0 1793.6601241347416 1 0.9999999
366517381.0 0.0 1807.220558147312 3 8.549571e-16
229456600.0 1.0 1805.2614148946413 1 0.999999
283342429.0 0.0 1805.5561291228694 0 0.00010198418
329246824.0 0.0 1808.1765713710074 3 5.0455445e-11
246977174.0 1.0 1795.7456440604071 1 0.9999979
256104600.0 1.0 1799.264635756293 1 0.9999989
347690287.0 1.0 1799.285967419855 1 0.9999996
385153342.0 1.0 1810.8700188780224 1 0.9999999
376260907.0 1.0 1799.4101098347182 1 0.9998954
428008661.0 1.0 1796.8052698693125 1 0.99999994
434717887.0 1.0 1798.450995567536 1 0.9999809
285507165.0 1.0 1794.2237187779774 1 0.9999895
285913908.0 1.0 1794.5146497350436 1 1.0
376367840.0 1.0 1799.9297674307072 1 1.0
327575969.0 1.0 1796.2032623572009 1 1.0
407423533.0 1.0 1794.8468749394553 1 0.99983
10607167.0 0.0 1805.2856616979157 0 5.7383168e-05
354160375.0 1.0 1797.2443793799619 1 0.9999942
375657170.0 0.0 1805.61712200009 2 0.009464572
356917895.0 1.0 1799.34362417 1 0.9999989
230386284.0 0.0 1796.865321008896 3 1.1823787e-07
71692572.0 1.0 1794.7650256185607 1 0.9999997
229977698.0 0.0 1812.3651665000848 0 2.740111e-06
230133460.0 1.0 1810.3857769947567 1 0.99972075
389761749.0 0.0 1800.973027244572 3 0.12128917
449932026.0 0.0 1810.3281445447003 2 3.965976e-05
390807955.0 0.0 1808.9107311691118 0 0.00010003844
368893419.0 0.0 1805.2223566634912 0 4.10681e-09
137886126.0 0.0 1800.1413952428782 0 9.757104e-08
317146115.0 1.0 1795.7649818732834 1 0.9999978
104146644.0 0.0 1808.848833069994 0 0.0001504714
116559495.0 1.0 1794.0780440049793 1 1.0
309140602.0 0.0 1808.8901382990816 0 2.9818625e-06
283838337.0 1.0 1795.3060459745204 1 0.99999964
327256725.0 1.0 1810.4111516131068 1 0.9961327
441714735.0 1.0 1806.4072087379495 1 0.9999892
326920516.0 0.0 1796.6405116113492 0 2.3453193e-05
407497031.0 1.0 1795.492764274945 1 0.9999587
372197986.0 0.0 1805.2026850985383 0 0.0069233924
327398586.0 1.0 1795.4324468774728 1 0.99999994
321683420.0 1.0 1799.2625683826795 1 0.9999797
90693515.0 1.0 1795.6203907868448 1 1.0
444525974.0 1.0 1796.5979486318038 1 0.9999799
198236985.0 1.0 1793.8014621433422 1 1.0
298732513.0 1.0 1797.1353082221813 1 1.0
265385320.0 0.0 1812.348650024424 0 1.4831338e-05
445142001.0 0.0 1812.7018831440894 0 0.00013403822
269824945.0 1.0 1795.7246912992932 1 1.0
444494162.0 0.0 1796.6394209218622 0 0.00035848483
368456093.0 0.0 1805.2014281074987 0 1.6856541e-08
353895736.0 0.0 1797.968585079387 0 1.4317092e-06
229483310.0 1.0 1794.6365005795083 1 0.99999976
359127164.0 1.0 1796.8056921011766 1 0.99999064
265460768.0 0.0 1796.9096450450954 0 0.00045019283
83812531.0 0.0 1810.9306673357978 3 1.8307835e-05
436857992.0 0.0 1812.6203817902717 0 0.0019231326
255993777.0 0.0 1805.2619986633651 3 2.2061557e-05
285181196.0 0.0 1806.0994536155292 3 7.5695934e-05
390020125.0 1.0 1800.0726590292911 1 0.99782324
407430974.0 1.0 1797.80519177632 1 0.9999974
184610711.0 0.0 1805.3908765738702 0 0.0002829552
420287850.0 1.0 1793.5957122839318 1 1.0
358902936.0 0.0 1812.346633407016 0 1.0177605e-05
26651857.0 1.0 1810.3080547914299 1 1.0
423456170.0 0.0 1808.9314319330701 0 0.019705666
435446572.0 1.0 1799.5343822914263 1 1.0
298360871.0 1.0 1810.304984916277 1 0.9996238
311939238.0 1.0 1810.8894236313142 1 0.99999106
275059964.0 1.0 1795.5343615689123 1 0.9999997
307111490.0 1.0 1797.3275992450574 1 0.9999999
21023342.0 1.0 1794.8914443971928 1 0.9999388
240978972.0 1.0 1805.619313576942 1 1.0
302314964.0 1.0 1795.6407051841807 1 1.0
186966008.0 1.0 1797.578474384382 1 1.0
417607351.0 0.0 1796.8250198295693 0 3.4385685e-05
117114712.0 1.0 1795.82817583968 1 0.9918271
396611757.0 1.0 1798.411616142471 1 0.99999994
422521515.0 1.0 1810.1174551421125 1 0.9999991
399763750.0 0.0 1795.5550408246563 2 0.00086061354
200792606.0 0.0 1806.7245089733897 3 1.0453714e-06
423456170.0 1.0 1799.3272206262268 1 0.99999887
241116452.0 0.0 1796.6405242538156 0 2.7210799e-05
129684740.0 0.0 1805.515878410391 0 0.000578043
285568403.0 1.0 1811.515600445424 1 0.99998844
275463340.0 1.0 1796.1185165948175 1 1.0
308288258.0 1.0 1797.265392528706 1 0.9999995
230123810.0 1.0 1800.4898100689636 1 0.9999699
249940864.0 0.0 1812.7029918531011 0 0.00015459758
198457457.0 0.0 1809.9055594615686 3 2.643946e-12
201357261.0 1.0 1810.6203765427147 1 1.0
354154923.0 1.0 1799.9320419600595 1 0.9999228
356894552.0 0.0 1794.4061960972222 0 0.00075950264
399125258.0 0.0 1809.202295588104 0 5.1918033e-08
5724371.0 0.0 1808.849429554877 0 0.00065942074
292937697.0 1.0 1794.1199286728956 1 0.99998164
200860735.0 1.0 1795.26594235562 1 0.99999726
233618491.0 1.0 1797.0110464838704 1 0.9999928
81913717.0 0.0 1812.4106296307255 0 0.0002671622
233576783.0 0.0 1805.2193283968593 0 0.008611407
272540534.0 0.0 1812.3470616856189 0 0.0006129599
315809188.0 1.0 1805.741642715604 1 1.0
29058618.0 1.0 1795.8497035294035 1 0.9999998
354638957.0 1.0 1810.474108292825 1 1.0
269888580.0 0.0 1796.6413697237615 0 0.0019722953
233097666.0 1.0 1810.8855448703023 1 0.99999887
270012643.0 1.0 1796.0137416993152 1 1.0
269517740.0 0.0 1800.4095887864544 0 2.483444e-05
285238432.0 0.0 1808.8694222684003 0 6.5388786e-06
354156485.0 1.0 1797.0570423544739 1 0.9999876
326732912.0 0.0 1793.4099365144125 0 1.7370274e-08
354254572.0 1.0 1798.4320249333487 1 1.0
305551437.0 1.0 1810.8870262899086 1 1.0
312769926.0 0.0 1812.6810688915548 0 1.6492356e-06
445646018.0 0.0 1805.2027681936029 0 0.013512221
250560272.0 0.0 1812.390378599086 0 0.0003188423
203009116.0 0.0 1805.2240883581144 0 4.7586136e-06
192692277.0 1.0 1795.32843537991 1 1.0
349296494.0 0.0 1805.474665408344 0 0.015244313
433283181.0 1.0 1795.1410634757435 1 0.99999994
445483401.0 1.0 1799.1818071072971 1 0.99998885
407390845.0 0.0 1812.3469373318208 0 0.0005277681
395921100.0 1.0 1794.6594516171176 1 0.9999998
299441746.0 1.0 1797.4737435686766 1 0.9992905
73693030.0 1.0 1798.7870982303868 1 0.9999996
286240608.0 0.0 1809.0161591514495 0 0.001198975
379637275.0 1.0 1798.0978639272867 1 1.0
326794161.0 1.0 1794.931062578376 1 0.9999999
434625997.0 0.0 1804.4092770908126 3 3.30649e-10
284530877.0 1.0 1806.0767729874324 1 0.9998222
312143698.0 1.0 1795.889776392829 1 1.0
198354443.0 0.0 1796.8013348536388 3 1.4267297e-11
198209214.0 0.0 1798.010021796245 2 7.819124e-10
65350258.0 0.0 1805.2867437601394 0 0.0012146253
376231525.0 1.0 1797.929782571376 1 0.99997616
250583203.0 1.0 1793.557130361261 1 0.9999966
230133595.0 0.0 1808.8441494705658 0 2.716895e-05
400340005.0 0.0 1808.8471708104266 0 0.01094517
436844413.0 0.0 1793.1414374619415 0 0.0006412309
378763922.0 1.0 1810.5971342864602 1 0.999979
129982283.0 0.0 1812.7241322675804 0 0.0015947929
270663963.0 1.0 1799.7012850621904 1 1.0
301647105.0 0.0 1795.2863096579454 2 6.8014344e-11
390021728.0 0.0 1808.0310319555265 3 1.591118e-20
427590008.0 1.0 1795.3467364293567 1 1.0
428010024.0 1.0 1805.4510823794894 1 0.999936
280069440.0 0.0 1808.865795341455 0 0.00073030917
245553367.0 1.0 1797.640231147264 1 0.99995977
326785507.0 0.0 1793.1393332754233 0 1.2402934e-10
367424962.0 0.0 1805.2421037721097 0 1.920472e-05
307597507.0 1.0 1798.6194780848125 1 0.99999726
77548002.0 0.0 1805.2037615681538 0 0.00049372663
291959251.0 1.0 1798.8698932255943 1 1.0
235679514.0 1.0 1797.6785556080843 1 1.0
63397968.0 1.0 1795.4328854194196 1 1.0
431989227.0 1.0 1798.7449598187545 1 0.99999714
50116665.0 0.0 1805.3064852441028 0 0.0005160667
13280154.0 1.0 1811.1590450078581 1 0.99963236
302074456.0 1.0 1795.0780998914963 1 0.99996126
50265531.0 1.0 1797.9314165552626 1 1.0
10705974.0 1.0 1795.9521997690777 1 0.99999976
61085210.0 1.0 1810.6829067588137 1 0.9999965
326856920.0 1.0 1797.8072185068202 1 0.9999559
201377796.0 1.0 1796.7242217273695 1 1.0
387881576.0 1.0 1810.4705038847003 1 1.0
308439651.0 1.0 1796.7860390123226 1 1.0
256487112.0 1.0 1798.34813924086 1 1.0
77543001.0 0.0 1796.7038453765117 0 0.0010856373
232634864.0 0.0 1808.884779133202 0 9.678038e-05
192469090.0 1.0 1810.2243255349802 1 0.9999962
332809311.0 1.0 1796.7023568653633 1 1.0
420286909.0 1.0 1797.7832900491142 1 1.0
63400413.0 1.0 1798.3078075140613 1 0.9999997
73692342.0 1.0 1810.349444617689 1 1.0
54993593.0 0.0 1809.2021769216549 0 3.116233e-06
192881189.0 1.0 1793.474210947698 1 1.0
178175702.0 0.0 1808.8495424794078 0 0.00024010337
13265877.0 1.0 1797.7647117341714 1 1.0
367681735.0 0.0 1811.6361617078878 3 1.2803374e-15
408619059.0 0.0 1797.493503848665 2 4.519947e-09
375847878.0 1.0 1793.6381747259438 1 0.99999887
302468661.0 1.0 1794.3906892071525 1 1.0
252809641.0 1.0 1799.2239865339625 1 0.9998498
237114243.0 0.0 1805.1974516144453 0 0.00057871
293122910.0 0.0 1812.6824144691088 0 0.003379123
268632047.0 0.0 1805.2009932939895 0 0.00022293396
299443090.0 0.0 1807.869438297281 3 8.4384206e-05
278849465.0 1.0 1805.7016049007884 1 0.99999964
370847962.0 1.0 1811.473383018983 1 1.0
399830105.0 0.0 1808.8468923029109 0 0.0004827731
5734166.0 0.0 1805.2036895435922 0 0.012359698
356868637.0 1.0 1811.38618980302 1 0.99989027
435680452.0 0.0 1808.8468364885196 0 0.00012355564
279705345.0 1.0 1796.7011545626056 1 0.9999951
269913134.0 1.0 1810.8912913857005 1 1.0
441720520.0 1.0 1794.9280658229302 1 0.99978614
232621439.0 1.0 1798.6351042170886 1 1.0
233060904.0 0.0 1808.9270073785488 0 0.004342077
396448119.0 0.0 1805.2016258257129 0 2.126833e-05
286119109.0 1.0 1795.431441115503 1 1.0
360019091.0 1.0 1796.3035294997092 1 1.0
236776931.0 0.0 1812.447969829205 0 5.1723782e-05
376680407.0 0.0 1812.3463555920196 0 6.1257338e-06
416400694.0 1.0 1798.4276356527387 1 0.99999964
308366236.0 1.0 1798.4528209200669 1 0.999909
71929379.0 1.0 1797.5567020408764 1 0.9999875
14037881.0 0.0 1794.3482152839833 0 1.2275443e-05
46629059.0 0.0 1800.1414412595532 0 0.0124634905
372124049.0 1.0 1805.4112154389586 1 0.99999976
359593549.0 1.0 1797.7432566541627 1 0.9999992
327396263.0 0.0 1808.8487760556513 0 0.0004911441
297647356.0 0.0 1797.6808357441294 3 0.0056239096
337418157.0 0.0 1808.912151967934 0 0.00035566537
301100630.0 0.0 1812.3488021302928 0 0.00061948376
435593977.0 1.0 1806.3259395338837 1 0.999998
63791013.0 0.0 1809.2451396620463 0 0.0011231209
284889047.0 0.0 1805.3432068925176 0 0.0007031621
129685626.0 0.0 1809.224186572136 0 0.001157704
250801067.0 1.0 1810.5778956435609 1 0.9999982
455961098.0 0.0 1793.409197541392 0 7.68771e-08
372079714.0 1.0 1797.242110546841 1 0.9999993
250504683.0 1.0 1810.8069622072633 1 0.99999464
250750153.0 0.0 1798.0780230090777 2 1.2649579e-05
445666747.0 1.0 1799.1817769261575 1 1.0
400608869.0 1.0 1806.4110994013797 1 0.99999976
264546144.0 0.0 1805.2001971570476 0 0.00011321926
224601458.0 1.0 1798.697251745461 1 0.9999829
292608881.0 1.0 1794.9531856868468 1 0.9999999
251170424.0 0.0 1805.2028119032468 0 6.535704e-05
272627324.0 1.0 1811.4303623047426 1 0.9999922
321689005.0 0.0 1805.4708275898622 0 0.001302106
320186807.0 0.0 1812.7017106733408 0 1.0554032e-05
416045896.0 1.0 1797.3075784315404 1 0.9999814
12481013.0 1.0 1794.8273628924644 1 0.99995315
398265273.0 1.0 1793.470661464802 1 0.99999744
235944478.0 1.0 1793.9913297179553 1 0.9999949
249889812.0 1.0 1798.2029550000286 1 0.99999976
327732339.0 1.0 1794.3907715838327 1 1.0
192293607.0 1.0 1794.5156979821938 1 0.99999565
403340714.0 1.0 1793.5561279451304 1 0.99997115
219899510.0 0.0 1808.8857186460664 0 5.2003175e-05
247400166.0 0.0 1796.6414949886891 0 0.0017176111
90694245.0 0.0 1805.4746686631433 0 0.002505779
331931799.0 1.0 1806.284745630467 1 0.9999992
280465934.0 0.0 1797.8476151803195 0 0.0025403858
431866149.0 1.0 1797.0573873442945 1 0.999997
407497205.0 0.0 1805.201131906121 0 2.3061179e-07
77271009.0 0.0 1808.93285143638 0 0.003503625
258958430.0 1.0 1810.886634284182 1 0.99999744
375985429.0 0.0 1805.2004989733084 0 4.9887106e-08
252841611.0 1.0 1797.6404926303007 1 0.99999696
137908456.0 0.0 1796.6412117536456 2 0.00028934205
445349321.0 1.0 1797.7023975823975 1 1.0
283938009.0 1.0 1795.2435511072429 1 0.9999206
46502622.0 1.0 1810.5789751470304 1 0.9999979
422519262.0 1.0 1806.0335627729592 1 0.9999991
317710049.0 0.0 1812.346605176248 0 1.1451674e-05
420302118.0 1.0 1798.8874828339342 1 1.0
82160790.0 1.0 1794.4105649676192 1 1.0
372119692.0 1.0 1796.9110667379623 1 0.99978423
379629556.0 1.0 1797.9725284722128 1 0.99999315
436934603.0 1.0 1811.1204598508536 1 0.99999976
230074876.0 1.0 1794.8022994019866 1 0.9999991
399763482.0 1.0 1798.88846728759 1 1.0
323122801.0 0.0 1810.1167397775555 2 0.0015371428
390241438.0 1.0 1794.5977794009123 1 0.9999971
229676244.0 0.0 1798.3238602591327 3 3.7605347e-05
249917077.0 1.0 1794.5155989225668 1 1.0
331749952.0 1.0 1810.8260986556122 1 1.0
352406943.0 1.0 1793.6789367892354 1 1.0
398016107.0 0.0 1798.7224552892767 2 2.396491e-09
201180697.0 1.0 1798.765949851226 1 0.99999464
186745918.0 1.0 1797.7035508677664 1 0.9999999
238743789.0 0.0 1812.4324110482623 0 0.00081102236
418981482.0 1.0 1811.180461716057 1 0.9999716
252862134.0 1.0 1796.3696143217169 1 0.9999993
240957101.0 0.0 1808.89000949449 0 0.00030266333
285181196.0 0.0 1808.4119014691864 3 0.0026630154
436880428.0 1.0 1810.4121150728733 1 0.9999986
397368311.0 1.0 1793.287255687557 1 0.99996907
230134326.0 1.0 1795.719180023714 1 0.9999923
229914252.0 1.0 1797.11535826773 1 1.0
236872570.0 1.0 1795.324326196117 1 0.99999696
65083152.0 0.0 1805.203536450303 0 0.0010838173
229435185.0 0.0 1812.3654105189426 0 9.867781e-05
249892153.0 0.0 1805.244599299191 0 0.00035329946
184588988.0 1.0 1810.4949230373009 1 0.999998
251816139.0 0.0 1808.8488505864482 0 0.00012987568
384651396.0 0.0 1808.8485940743863 0 0.00012178378
198238736.0 1.0 1806.1560423715098 1 1.0
230377874.0 1.0 1798.552572540826 1 0.99999964
292148770.0 0.0 1805.2448369875176 0 3.667852e-07
229676244.0 0.0 1803.948952937994 3 0.00012269132
256925930.0 0.0 1805.2199521105547 0 2.3620369e-05
271917717.0 1.0 1798.5973057661456 1 0.99999994
268516426.0 0.0 1800.4093719587006 0 3.5984696e-05
271338592.0 1.0 1805.8887370855582 1 0.99999994
366830370.0 0.0 1805.2004005176552 0 5.133775e-07
356980849.0 0.0 1812.3434435782426 0 0.001953321
94373607.0 1.0 1797.1828594743881 1 0.9999998
280129025.0 0.0 1810.8476195007943 2 2.4938272e-05
65650616.0 0.0 1796.6407105607464 0 0.00062024145
229969976.0 0.0 1810.3861074695535 2 0.0004015555
245421634.0 1.0 1797.7234763916952 1 0.9999899
13089158.0 0.0 1812.4108347914312 0 4.7003946e-06
287151482.0 0.0 1808.9686175180825 0 0.002222785
390661644.0 0.0 1808.869201912876 3 0.003139872
275702972.0 1.0 1798.5353687740521 1 1.0
230386284.0 0.0 1802.3444246488893 3 3.7647963e-10
272230452.0 1.0 1794.6390555388418 1 1.0
192933357.0 0.0 1800.14086852538 0 7.255987e-06
268723048.0 1.0 1794.4927802936377 1 0.99999285
316514122.0 0.0 1808.8487645500004 0 3.7981066e-05
229704187.0 1.0 1797.031896634543 1 0.9999987
395523524.0 1.0 1810.5346836190838 1 0.9999206
258802399.0 1.0 1793.9906056241414 1 1.0
229403012.0 0.0 1812.3443143542966 0 0.00022424696
366553781.0 1.0 1794.1794483373662 1 0.99999934
279979169.0 1.0 1798.5118388503536 1 0.999655
362258261.0 1.0 1796.9493966563828 1 0.9999997
428458355.0 0.0 1812.6600039892967 0 6.650145e-05
378530739.0 1.0 1795.7429961802206 1 1.0
445287089.0 0.0 1799.2230060376216 3 8.851798e-18
372211947.0 0.0 1805.2211593987658 0 2.3532853e-06
372431403.0 0.0 1793.6816972146971 2 7.712582e-06
94332065.0 0.0 1796.6412163828847 0 0.003612186
284913961.0 1.0 1793.639317122721 1 1.0
236814952.0 0.0 1797.9691436333358 0 7.2795874e-06
192646201.0 0.0 1812.4743340777895 0 0.00060329813
390122235.0 1.0 1799.0355714531245 1 0.999991
383553196.0 1.0 1794.3244912342566 1 0.99999756
259144809.0 1.0 1797.3281484541094 1 1.0
321545759.0 1.0 1810.2831777248111 1 0.99999946
63782213.0 1.0 1797.4120406995773 1 1.0
233005469.0 1.0 1794.4480192678504 1 0.9999277
327397734.0 1.0 1798.3490594875893 1 1.0
331363487.0 0.0 1805.2215563750872 0 0.00038562095
279659374.0 1.0 1795.6176822089592 1 0.9998902
186717969.0 1.0 1798.5577402601023 1 0.9999566
236985679.0 0.0 1808.8658834529795 0 0.0027958266
390467753.0 0.0 1808.9107913183589 0 0.00021894193
35157572.0 0.0 1809.3706513959894 0 0.0012738658
21128734.0 1.0 1810.3077888885891 1 0.99981487
230125089.0 0.0 1805.19825417621 0 0.00016236721
428381323.0 1.0 1798.4933116308177 1 1.0
431926767.0 1.0 1798.3492363609264 1 1.0
282881771.0 1.0 1810.1179906207337 1 0.9999926
252862091.0 0.0 1793.390369585087 0 2.0438516e-05
399075008.0 1.0 1793.6608993756954 1 0.99999964
422426616.0 1.0 1794.7625286957125 1 1.0
434626112.0 1.0 1795.5969194858308 1 0.9997253
237015854.0 1.0 1806.0325928971977 1 0.99999857
396115493.0 0.0 1796.8055259908126 0 6.750278e-05
445349361.0 1.0 1799.6607039416126 1 0.999999
455824689.0 1.0 1793.5960263870527 1 0.99999994
235941004.0 1.0 1799.9079525498405 1 1.0
371426535.0 0.0 1812.4329617842686 0 0.008721359
327604783.0 1.0 1810.452857913313 1 0.9999981
13389059.0 0.0 1798.7218446882164 3 3.8155365e-14
435446518.0 0.0 1800.4093808911355 0 0.002409676
402981829.0 0.0 1805.2006840700467 0 6.241617e-07
396026956.0 0.0 1808.868010284385 0 3.8890666e-05
77268684.0 0.0 1809.0579213340977 0 0.0023561912
90764817.0 1.0 1798.7662444457292 1 0.99999094
65166096.0 1.0 1795.3490934553702 1 0.99999964
435742272.0 1.0 1794.388105193011 1 0.99999964
424283441.0 0.0 1808.9316849719771 0 0.00039445906
331508136.0 1.0 1794.2233847683376 1 1.0
291882901.0 1.0 1810.890586288529 1 0.99999964
321598171.0 1.0 1795.5126156473918 1 0.9999842
194604557.0 0.0 1808.9536731624933 0 0.002512436
249952446.0 0.0 1805.2446574477335 0 1.3352853e-06
250558504.0 0.0 1812.369601429738 0 3.3853375e-08
427440115.0 1.0 1795.4092625900087 1 0.99999833
117811891.0 0.0 1796.8280960394306 0 6.8426e-05
354117541.0 1.0 1797.2419191507113 1 0.9990189
285684806.0 1.0 1796.8480347329032 1 0.9998918
219740187.0 0.0 1800.176910928403 0 0.0017814483
192288719.0 1.0 1805.8076096570423 1 0.99998975
292978225.0 0.0 1809.1824407073384 0 0.00090417103
396565788.0 0.0 1795.2639489970018 2 9.368541e-09
265009508.0 1.0 1796.7234308749082 1 0.99999064
264615805.0 0.0 1810.7860214291052 3 8.042091e-05
332046772.0 1.0 1795.0564999150645 1 1.0
117755317.0 1.0 1794.86962701552 1 0.99999833
258701177.0 0.0 1797.80308949684 2 9.444032e-10
229586763.0 0.0 1805.199101730314 0 1.0139754e-05
384726462.0 0.0 1808.8487273699784 0 0.0001335604
275260122.0 0.0 1805.2011389720474 0 5.1953455e-05
370003929.0 1.0 1797.285785799119 1 1.0
374396770.0 1.0 1795.2438844819353 1 0.99999994
354116951.0 1.0 1797.8044121695577 1 1.0
394088540.0 1.0 1810.7412696345068 1 0.9999993
279778620.0 1.0 1810.242740309394 1 1.0
398325962.0 1.0 1794.804610265685 1 0.9973026
71852651.0 1.0 1810.8067247722727 1 1.0
353929309.0 1.0 1798.8497085701526 1 0.9999957
284057015.0 1.0 1796.4120046462574 1 1.0
427737203.0 0.0 1805.6414500209269 0 0.0012596067
229979473.0 1.0 1796.9697073784273 1 0.99999976
398214522.0 1.0 1798.6604342658295 1 0.9999995
101350756.0 1.0 1797.2871134364664 1 0.99999803
178044996.0 1.0 1795.745166264117 1 0.99998933
354288830.0 1.0 1797.5340779177548 1 0.999996
302080732.0 1.0 1794.05703862866 1 1.0
370271562.0 1.0 1798.2857915147165 1 0.9999857
256306757.0 1.0 1795.576893181921 1 1.0
237237907.0 1.0 1799.157878565126 1 0.9999998
250505667.0 0.0 1805.20283924247 0 0.00022980166
389972302.0 1.0 1795.9522383680614 1 0.9998326
196948881.0 0.0 1805.9944563258512 2 0.00055505947
230392566.0 1.0 1797.4694420240385 1 0.9999915
366918728.0 1.0 1805.762973304744 1 0.9999999
394129205.0 1.0 1794.3451513150394 1 0.9999613
245662663.0 0.0 1793.3276372161984 0 2.1819855e-07
396339551.0 0.0 1804.1808722295573 3 2.1032206e-06
427471138.0 1.0 1795.7634277496343 1 1.0
236878035.0 0.0 1793.4076977217899 0 2.1823571e-05
400408265.0 1.0 1799.9489750491869 1 0.99999857
117399022.0 1.0 1805.4116053297544 1 0.99999917
192248294.0 1.0 1799.140797677527 1 1.0
65485843.0 1.0 1795.682384709649 1 1.0
331515737.0 0.0 1798.8273638846008 2 1.1464157e-08
326914327.0 0.0 1805.2029583231126 0 0.00057292706
286224091.0 1.0 1796.264913648642 1 1.0
243297793.0 0.0 1805.1983876377674 0 1.2778914e-10
233211441.0 1.0 1797.7609715314104 1 0.9999999
406680207.0 1.0 1810.471792516916 1 1.0
186746448.0 0.0 1796.6410139759457 0 0.004286671
240957123.0 0.0 1793.1402642666478 0 0.003536412
284140615.0 0.0 1809.201748463484 0 2.2815104e-07
229479981.0 1.0 1793.8657756456391 1 1.0
354602800.0 0.0 1812.6808674019558 0 4.3746386e-05
353897607.0 1.0 1810.3225458152153 1 1.0
260032406.0 1.0 1794.8694462139658 1 0.9999951
423953351.0 0.0 1812.3668148412519 0 9.121515e-05
372498538.0 1.0 1811.222480492065 1 0.9999899
224605072.0 0.0 1808.2598364908931 3 1.7684784e-12
159508285.0 0.0 1805.9283616853977 2 2.2096066e-05
390659967.0 1.0 1797.4732094896624 1 0.9999986
229458191.0 1.0 1796.8447690653804 1 0.99999714
250503295.0 1.0 1796.7029488194464 1 0.9999815
198354443.0 0.0 1807.6971766861604 3 1.3556464e-13
229443205.0 1.0 1797.0531921876475 1 0.9999763
235687126.0 0.0 1808.8661428652044 0 2.1755173e-07
397280529.0 0.0 1812.4312188972813 0 0.00033434326
285670349.0 1.0 1793.4110971094667 1 0.99998796
285595336.0 1.0 1806.3476095508859 1 1.0
177800448.0 1.0 1794.474434772517 1 0.9999835
137908356.0 0.0 1793.141151921065 0 0.0009511155
270812636.0 1.0 1805.4512315733552 1 0.9997018
118393132.0 1.0 1797.9330464619013 1 1.0
354258570.0 0.0 1805.22376915466 0 0.00010331351
445496340.0 1.0 1811.5150448974193 1 0.999998
351873519.0 1.0 1793.4725094683672 1 1.0
331317391.0 1.0 1798.5773847316004 1 1.0
315809582.0 0.0 1808.9499502490219 0 6.3508774e-06
372071808.0 0.0 1796.8254055048872 0 0.00020575183
26535689.0 1.0 1797.9744752108816 1 1.0
250481378.0 1.0 1796.7862480440392 1 0.99987966
240962467.0 1.0 1810.1607441969995 1 0.99999446
445369776.0 1.0 1795.2023040620898 1 0.99999976
202843094.0 0.0 1805.2449099554108 0 0.00029964748
229912765.0 1.0 1795.511295826212 1 0.9999969
369279350.0 0.0 1809.1395694551657 0 0.0014545581
352284597.0 1.0 1797.9514796681906 1 0.9999998
376042276.0 1.0 1810.6379410803193 1 1.0
377251803.0 0.0 1807.302247804904 3 1.472403e-12
259297355.0 0.0 1805.4742915696836 0 9.105915e-05
404898257.0 1.0 1798.3876622943187 1 1.0
71847068.0 0.0 1793.348338135833 3 4.0268336e-08
272731184.0 1.0 1799.763916114017 1 0.9977902
394031258.0 1.0 1805.4080030865837 1 0.9999996
269828846.0 1.0 1793.3912688636208 1 1.0
286240747.0 1.0 1798.5163165191877 1 1.0
428299206.0 1.0 1793.5780067112457 1 0.9999985
316960543.0 1.0 1797.8067089888111 1 0.9999995
308529167.0 0.0 1812.4733631041038 0 5.102899e-06
284046473.0 1.0 1796.9516841703417 1 1.0
82162663.0 1.0 1798.702398647636 1 0.9999979
250986432.0 1.0 1798.4323539304414 1 0.9999997
420268013.0 1.0 1794.0123675247153 1 0.99999964
400246320.0 1.0 1805.784736350415 1 0.9999995
349979036.0 1.0 1795.1371180257006 1 0.9996626
407354487.0 1.0 1796.764129201361 1 0.9999989
377251803.0 0.0 1806.7397595744137 3 1.6644413e-14
390341511.0 0.0 1811.181409947879 2 0.00044563835
240832176.0 0.0 1798.4942010111947 2 7.77898e-09
348306290.0 0.0 1808.8486434183073 0 2.851651e-06
388509461.0 1.0 1811.263091276347 1 0.99986637
160493914.0 0.0 1808.9485092211976 0 0.00089732447
252186236.0 1.0 1798.1607623884363 1 0.9999143
441765604.0 1.0 1794.323898477259 1 0.99999994
192842401.0 0.0 1793.140725448113 0 0.0011105066
384805458.0 1.0 1806.2653180390232 1 0.9999994
269708304.0 0.0 1812.3467800067294 0 1.5758634e-08
407493964.0 1.0 1798.6387238159793 1 0.9999967
367951052.0 0.0 1808.8466801590823 0 0.0010273806
336119492.0 0.0 1805.429110792204 0 0.0003514376
236762470.0 1.0 1797.7403492638216 1 0.9999973
445320450.0 1.0 1797.5146482707305 1 0.9999499
83804128.0 1.0 1805.7431739867995 1 0.99999875
264293712.0 0.0 1800.1375724959075 0 0.00025194112
302391058.0 0.0 1812.369650432569 0 0.0008169576
312862956.0 0.0 1812.7021092624248 0 0.00018798071
327790460.0 0.0 1808.8487628018106 0 2.2356648e-05
13764526.0 0.0 1808.9107819530782 0 0.0005716785
417231174.0 1.0 1798.5765227827671 1 0.99999994
258352236.0 1.0 1810.4074417515221 1 1.0
192792952.0 0.0 1795.682460235748 2 7.4116375e-05
49731618.0 1.0 1811.3067167633706 1 0.9999999
399079021.0 0.0 1796.6401218950737 0 0.00036246947
284528940.0 1.0 1795.035228332907 1 1.0
374030402.0 0.0 1797.8480272755005 0 0.0009875384
321720499.0 0.0 1808.866564126634 0 1.0373411e-06
65485618.0 1.0 1793.786490692268 1 0.999722
279704903.0 1.0 1805.5968840288908 1 1.0
68156985.0 1.0 1796.2036446540612 1 0.9999986
240939060.0 0.0 1808.889959007782 0 7.868947e-05
427641495.0 1.0 1799.6393649104375 1 0.99995804
357050032.0 1.0 1796.947950500666 1 0.9999919
230396449.0 0.0 1797.1360482312875 2 0.0008563869
71926521.0 1.0 1797.5984580344004 1 1.0
412881919.0 1.0 1805.4502683860128 1 0.9999157
229942663.0 0.0 1798.990184056493 2 6.6258754e-06
362964028.0 1.0 1811.2425311585491 1 1.0
392123267.0 1.0 1794.0360460321288 1 0.99999976
177919166.0 0.0 1805.2662333925266 0 0.00032342016
63466196.0 0.0 1812.6824371758412 0 0.0001753524
428661642.0 0.0 1808.8472761294965 0 9.858022e-07
202959060.0 0.0 1794.9324053966575 2 6.6054044e-11
274801366.0 1.0 1794.1174874355688 1 0.9999999
138017750.0 0.0 1797.3496203985533 3 0.003967138
373322764.0 1.0 1810.2218746455449 1 0.9998526
285691112.0 1.0 1810.4523560633495 1 1.0
284143800.0 1.0 1797.7227895564079 1 0.9999986
399084016.0 1.0 1793.7232918834789 1 0.9999686
317473322.0 0.0 1805.2008473326791 0 9.204128e-05
21017686.0 0.0 1796.6414255081763 0 0.0028225658
233544651.0 1.0 1810.656654237001 1 0.99997765
301743323.0 0.0 1805.224052709655 0 0.0002255202
271449248.0 1.0 1796.9931009328848 1 1.0
50349530.0 1.0 1794.9939970669097 1 1.0
101255981.0 1.0 1798.6829416108399 1 0.99999946
237221686.0 1.0 1798.887039428279 1 1.0
118392759.0 0.0 1808.9537026351875 0 0.00207455
327365295.0 0.0 1800.2852195592593 0 0.000488687
445423597.0 1.0 1799.2022777397242 1 1.0
13463522.0 0.0 1805.2008692515276 0 7.655111e-06
240865210.0 0.0 1811.3064381225317 2 1.9673245e-05
252129765.0 0.0 1809.2021390848097 0 0.00025902636
252118886.0 1.0 1795.2647913997746 1 1.0
28693845.0 1.0 1794.7034459589343 1 0.9999998
359436624.0 0.0 1796.6392478542036 0 0.00012528064
186943628.0 1.0 1796.8911168841207 1 0.9999998
407415290.0 0.0 1793.265578814283 0 3.2095624e-05
233525873.0 0.0 1793.8651081919038 2 1.992167e-06
259253371.0 0.0 1812.3907683241687 0 0.0007230169
427650789.0 1.0 1798.1592372593745 1 0.99961185
292977865.0 1.0 1794.8075703248703 1 1.0
406843547.0 1.0 1798.6806303693515 1 0.999997
286237650.0 1.0 1798.8912135787025 1 0.99995637
28911633.0 1.0 1793.5997474182507 1 0.99999994
230124490.0 0.0 1794.1983243156221 0 7.833529e-06
445538655.0 0.0 1808.8692517620912 0 2.6342112e-05
427323052.0 0.0 1812.388136650465 0 7.190839e-05
400543230.0 1.0 1805.8900816737184 1 0.8321878
241125924.0 0.0 1808.8485684625307 0 0.00044832777
331325154.0 1.0 1797.3480507935928 1 0.999999
13355842.0 1.0 1810.119182425091 1 0.9999964
359632679.0 1.0 1806.0102487576733 1 0.9628365
407019919.0 1.0 1797.2641842438197 1 0.9999986
229454227.0 0.0 1812.3861069047248 0 2.2693315e-05
184611951.0 1.0 1796.036733192304 1 0.9999992
284891619.0 0.0 1812.4263929643114 0 0.003987596
326259592.0 1.0 1797.2201911894754 1 0.99999994
184739277.0 0.0 1807.1617932203856 3 2.2351629e-14
194669966.0 0.0 1796.6409797558433 0 0.0043081827
450008926.0 1.0 1806.3895655527654 1 0.99999785
302388870.0 1.0 1794.8695408546648 1 0.99979544
192648163.0 0.0 1812.5159975543734 0 0.0011273947
385557182.0 1.0 1810.933140112939 1 0.9998257
326920180.0 1.0 1793.2655568027108 1 1.0
249942013.0 0.0 1812.3488661584802 0 7.373478e-06
397239109.0 1.0 1798.0769064420047 1 0.99999774
308220194.0 1.0 1796.3693640495246 1 0.99999523
177886801.0 0.0 1805.2244638988004 0 0.0010835258
269611835.0 1.0 1799.3886343972868 1 0.99999803
403875821.0 1.0 1810.473259178893 1 0.9999998
203091094.0 1.0 1795.3283612061161 1 0.9999999
250821007.0 0.0 1808.8487063905222 0 0.00011766502
196974107.0 0.0 1805.202868179859 0 0.0048656855
20706394.0 1.0 1795.557508273767 1 0.9999998
374481448.0 1.0 1811.1817380947257 1 0.99999994
427647772.0 0.0 1812.347444598124 0 7.401568e-06
406677499.0 1.0 1798.2424434318714 1 0.9998556
334753378.0 0.0 1793.176776513597 0 1.541748e-06
389975250.0 0.0 1809.1813970882579 0 3.0336419e-06
320188390.0 0.0 1793.1395820916136 0 7.63385e-12
241051202.0 0.0 1798.994442430158 2 8.747196e-12
186600825.0 0.0 1808.870234256491 0 0.0027792887
323401170.0 1.0 1796.0546335532347 1 0.9999914
232615325.0 1.0 1797.5516850597812 1 0.99999946
68154886.0 0.0 1805.370251731633 0 1.4638391e-05
319719472.0 0.0 1798.2229300911079 2 4.066633e-06
200738352.0 1.0 1797.182709474349 1 0.9999956
275705307.0 0.0 1805.3479387505877 0 0.0005527963
428606040.0 0.0 1808.8888027051944 0 5.9129853e-08
250922234.0 1.0 1798.557070670297 1 0.99999994
312343012.0 1.0 1799.0981795589164 1 0.9999979
255978207.0 1.0 1796.2436134861316 1 0.99999905
77633791.0 0.0 1805.3287983205469 0 0.00070434617
395773542.0 1.0 1800.451300648661 1 0.9479501
219894697.0 1.0 1810.2817588147143 1 0.9999984
219864233.0 0.0 1808.8443122452402 0 0.00097203074
250832458.0 0.0 1797.5988781845151 2 3.6417841e-06
372340982.0 0.0 1793.3254683647106 0 3.6786165e-05
312146302.0 1.0 1795.9106794798124 1 1.0
233658981.0 1.0 1798.280984393248 1 0.9999715
400741150.0 1.0 1795.1606815631617 1 0.9999999
301912273.0 0.0 1812.3489688691764 0 5.9992253e-06
413172223.0 0.0 1805.2002775074047 0 4.1969856e-06
230076213.0 1.0 1810.927211614822 1 1.0
327440344.0 0.0 1795.1615286858353 2 4.6930973e-07
238773842.0 1.0 1810.3700898910786 1 0.9999999
309230387.0 1.0 1793.890525105112 1 1.0
12415594.0 1.0 1795.8689899300405 1 0.9997401
229947609.0 1.0 1795.9904668023523 1 0.9999999
387288587.0 1.0 1793.6997264611607 1 0.99996907
229585958.0 0.0 1812.3447838524542 0 1.5795517e-09
298315900.0 0.0 1805.20099367772 0 1.0586446e-06
251465199.0 0.0 1805.202822362883 0 0.0011382208
116556570.0 1.0 1810.1614363260478 1 0.99999994
331979046.0 1.0 1796.3898632926034 1 0.99998945
280025167.0 1.0 1798.3691556353112 1 1.0
20874897.0 1.0 1805.7034923430601 1 0.9999993
397368352.0 1.0 1793.1622583247117 1 0.9999999
420114364.0 1.0 1794.9701215034859 1 0.9998139
251195002.0 0.0 1808.8485270392734 0 6.407967e-05
249835468.0 1.0 1795.5155811381046 1 0.9999987
445382883.0 0.0 1812.8478732302808 0 0.00020151441
200995848.0 0.0 1808.849538757273 0 0.0007861269
444790081.0 0.0 1797.8479287864645 0 0.01637056
219856671.0 1.0 1795.90667910578 1 0.9999994
470710327.0 0.0 1797.7431874458564 3 7.398787e-15
265091431.0 0.0 1808.848611694192 0 0.00011387824
305470590.0 0.0 1798.512303127325 2 3.9489834e-09
186619984.0 1.0 1810.7036638202333 1 1.0
299488163.0 1.0 1798.2028173694284 1 1.0
387328831.0 1.0 1810.7412470200557 1 0.9999999
278928515.0 1.0 1794.6808965853913 1 1.0
334801172.0 1.0 1798.575472618064 1 0.99999
348305420.0 1.0 1794.4944428116112 1 0.9999999
403037785.0 0.0 1807.8698418644394 3 1.2071002e-15
203039360.0 1.0 1799.6824068194717 1 0.9999997
198393889.0 0.0 1811.3013559723095 2 9.001275e-12
241121187.0 0.0 1808.8695468204924 0 1.4526651e-05
348670894.0 0.0 1805.2443477385618 0 2.7408445e-05
401007633.0 1.0 1794.1192110949555 1 0.999999
285238432.0 1.0 1798.9528715452707 1 0.9996663
279871433.0 0.0 1796.972063764254 0 6.146621e-05
308617297.0 1.0 1798.0986069237251 1 0.99974906
354256474.0 1.0 1798.2446005709 1 0.99650913
202844773.0 1.0 1796.0573608504283 1 0.99999964
288536867.0 0.0 1809.2241748816923 0 0.0011267622
177914171.0 1.0 1798.4952094195994 1 1.0
233200610.0 1.0 1805.5110221604189 1 0.9999931
279525032.0 1.0 1795.7842812077008 1 0.99999595
335154630.0 1.0 1796.0546753152007 1 0.99999994
399857092.0 0.0 1805.2427885234117 0 2.2543344e-07
376677614.0 1.0 1805.5548318020465 1 0.99991536
316629077.0 0.0 1812.3905486624992 0 0.00025931423
219753605.0 1.0 1805.7396681509838 1 0.999148
291887757.0 0.0 1796.640669312363 0 1.4544422e-05
302476291.0 1.0 1811.3488422122855 1 0.27307323
312464164.0 0.0 1809.2019634675764 0 1.9100598e-06
229651191.0 0.0 1812.3452103354284 0 0.00013913515
34712379.0 1.0 1805.6831261190107 1 1.0
269822505.0 0.0 1805.2220000090672 0 2.34579e-09
327296784.0 1.0 1794.6197276340122 1 1.0
383646537.0 1.0 1797.7816274487054 1 0.9999989
283345928.0 1.0 1805.931173673577 1 0.9999845
240924476.0 0.0 1805.2442460817872 0 0.024461435
395653802.0 0.0 1805.222251822311 0 0.0004440283
177823340.0 0.0 1808.7037492433226 3 1.3654894e-05
200871386.0 1.0 1805.8287639731677 1 0.9999632
251407846.0 1.0 1810.4320818943725 1 0.9999785
401324480.0 0.0 1796.8049488908957 0 3.925566e-06
387270759.0 1.0 1811.4291570775695 1 1.0
389538483.0 1.0 1797.3480236475195 1 0.99999887
453251751.0 0.0 1810.6189872192658 2 0.0011238803
229774203.0 1.0 1794.7821917431702 1 0.99999845
52261415.0 0.0 1805.5562327795817 0 1.8901254e-06
229502273.0 1.0 1795.3448789067738 1 0.999988
354633354.0 1.0 1796.7656553638026 1 0.9601131
130088394.0 1.0 1798.932755730794 1 0.99999756
374483451.0 0.0 1805.2235201539281 0 5.2809417e-05
291961702.0 1.0 1806.0780504589422 1 0.9999994
49721563.0 1.0 1795.1607022263686 1 1.0
405482919.0 1.0 1794.328803228169 1 0.9830714
270543076.0 1.0 1798.826361196407 1 0.9999999
356150860.0 1.0 1798.7388834473352 1 0.99999964
405327607.0 1.0 1810.76244255536 1 0.99999887
383646165.0 1.0 1806.0523235656715 1 1.0
285239396.0 1.0 1795.9529160149116 1 0.9999991
441765316.0 0.0 1805.240809450541 0 1.2041588e-08
406267226.0 0.0 1808.845844597769 0 3.9261986e-06
94449799.0 0.0 1794.9119959663542 2 0.00043357565
375074029.0 1.0 1796.8902836850734 1 0.9999996
275149358.0 1.0 1795.805286022012 1 0.99999964
50944381.0 1.0 1799.0149760948962 1 0.99999946
264453032.0 0.0 1795.887618804264 2 6.2276507e-07
116550420.0 0.0 1812.3697324318991 0 4.790743e-06
347568635.0 1.0 1795.474044966755 1 0.9999999
35115423.0 1.0 1795.058075310716 1 0.9444745
240976971.0 0.0 1808.8899958889504 0 8.564721e-06
332809791.0 1.0 1810.8063774114141 1 0.9998836
256514724.0 1.0 1805.5531569789075 1 0.9999983
241132335.0 0.0 1812.369508536913 0 6.582751e-06
421307790.0 1.0 1796.1568469306092 1 0.99999857
426090237.0 1.0 1806.2636574279775 1 0.9999978
285797410.0 0.0 1805.30644758441 0 4.0360565e-10
137987763.0 1.0 1796.5162079806582 1 0.9999981
387808343.0 0.0 1808.8872496895722 0 7.122714e-07
327706965.0 0.0 1812.3694798522176 0 6.437747e-05
445235703.0 1.0 1810.7853550664122 1 1.0
384811988.0 1.0 1795.30664901427 1 1.0
347559767.0 0.0 1812.4326666203694 0 0.0011596772
418698021.0 1.0 1797.9933026415977 1 1.0
353551702.0 1.0 1796.514416891221 1 0.99998105
291885470.0 1.0 1793.9741298516121 1 1.0
455893540.0 0.0 1812.3671658952358 0 9.7381366e-05
375719617.0 1.0 1810.3253933240437 1 1.0
376085702.0 1.0 1794.9301814407197 1 0.9999902
436856823.0 1.0 1798.3081431532405 1 0.9999958
256200897.0 1.0 1810.9726402983738 1 1.0
235978860.0 0.0 1812.4498470340968 0 0.0135162575
67390338.0 1.0 1794.682632451626 1 0.9999993
81386428.0 1.0 1795.4941404877075 1 0.9999381
412113747.0 0.0 1805.200251043538 0 2.6119033e-05
378528609.0 1.0 1798.9096011754727 1 0.9999995
82006053.0 1.0 1799.7857793395647 1 0.99997455
255993777.0 0.0 1804.9703363634123 3 1.1621986e-05
268521719.0 0.0 1808.8675741665509 0 0.00033050703
270817048.0 0.0 1808.8470134051863 0 0.00027848195
320603294.0 1.0 1793.8271481150225 1 0.99998957
371006240.0 0.0 1805.5150398166154 0 0.00087642716
50267992.0 1.0 1798.743992312212 1 0.99999994
335966372.0 1.0 1810.8866169216892 1 1.0
63587609.0 1.0 1806.286932992293 1 0.99999976
229464649.0 0.0 1805.2406155901099 0 1.2425828e-05
118301995.0 1.0 1795.1830253669123 1 1.0
377190161.0 0.0 1804.4065553135092 3 5.213158e-19
201101268.0 1.0 1806.1828654418416 1 1.0
372055691.0 0.0 1808.887722650038 0 2.9400282e-05
201377730.0 1.0 1797.2242332147957 1 1.0
240911239.0 0.0 1796.848515496603 3 1.3605874e-19
470710327.0 0.0 1796.0973746948189 3 4.4798658e-20
322321784.0 1.0 1797.9919059291403 1 0.99948055
396242679.0 1.0 1796.951389353578 1 0.9994164
283133292.0 1.0 1806.0765886089428 1 0.99998856
445291780.0 1.0 1810.3477447964462 1 1.0
289536614.0 0.0 1805.3016236145263 0 0.0007358242
65647427.0 1.0 1810.620059387518 1 0.99997133
91417161.0 0.0 1812.4746528218939 0 0.007883256
192739188.0 0.0 1808.8701240519256 0 0.0006163982
229752575.0 1.0 1799.532282923965 1 1.0
138054777.0 1.0 1805.745486204828 1 0.9999899
139426623.0 1.0 1797.724460318901 1 1.0
436873913.0 0.0 1812.5995953942133 3 0.00039142394
402204606.0 0.0 1811.0364031577046 2 0.005016545
390245651.0 1.0 1799.035367446361 1 0.9999751
286237833.0 0.0 1793.1412282896947 0 2.1995631e-05
116842286.0 1.0 1794.3695917550122 1 0.99999976
137965774.0 1.0 1795.7871390024495 1 1.0
77260066.0 0.0 1805.3495331216336 0 0.0004040853
256479484.0 1.0 1798.014583040294 1 1.0
410742133.0 0.0 1808.9533042338303 0 0.0030264996
241136950.0 0.0 1805.2237934527438 0 0.0002742164
331928233.0 1.0 1796.6180244721857 1 0.99908406
289043298.0 1.0 1799.4721265608998 1 0.9999961
302475930.0 0.0 1796.8279776189693 0 0.00029351749
449939890.0 0.0 1808.911664376332 0 0.0016041519
73639108.0 0.0 1797.5162126153639 2 0.00030541007
83906008.0 1.0 1810.3057437820942 1 0.99998754
94725358.0 0.0 1805.5580484347108 0 0.014368586
403520936.0 0.0 1796.6401523402026 0 1.9803489e-05
315722511.0 1.0 1794.9081845611925 1 0.99999744
270324877.0 1.0 1799.7428910079445 1 1.0
398015330.0 1.0 1797.0765645672388 1 0.9997654
245465584.0 0.0 1799.015222446487 2 1.8534735e-08
326732912.0 1.0 1805.3472823565123 1 1.0
374475598.0 1.0 1799.2858508366032 1 0.9999998
265147571.0 1.0 1798.5124796250723 1 0.99998283
452881542.0 1.0 1794.5768705443722 1 1.0
308120970.0 0.0 1808.8483817717174 0 0.00032502966
270008288.0 1.0 1811.2038151434265 1 0.9999991
264293640.0 0.0 1809.0126034368857 0 0.0015552725
352773477.0 1.0 1806.3891347603828 1 0.99999905
377070346.0 1.0 1805.9714840260344 1 1.0
399717830.0 1.0 1794.0548957073668 1 0.9998607
285276744.0 1.0 1794.7037447042856 1 0.9999999
236967042.0 1.0 1800.595142843398 1 0.9992482
445245536.0 1.0 1800.160527304903 1 0.9999999
332677222.0 0.0 1809.2023112670656 0 6.4740205e-05
333960394.0 1.0 1811.1584832556139 1 0.9999999
200875277.0 1.0 1810.995362267713 1 0.99999666
279375991.0 1.0 1797.7001713875964 1 0.9999033
320046712.0 1.0 1794.1396524305508 1 1.0
326856726.0 1.0 1799.328039289511 1 0.9999911
385100383.0 0.0 1805.4117716303779 0 0.00013660088
445296013.0 1.0 1810.6811398304208 1 0.9999981
265174424.0 1.0 1794.5970030745664 1 0.9999572
375985429.0 0.0 1812.3462349870335 0 3.347927e-08
269412448.0 1.0 1811.3884441118098 1 0.99999607
368409353.0 1.0 1800.0974758775676 1 0.9997456
54465292.0 1.0 1795.74368063678 1 0.99931
283937779.0 0.0 1795.1602199710949 2 2.9408602e-09
229741985.0 0.0 1807.0113951526798 3 5.9198777e-05
353565609.0 0.0 1807.9309309494274 3 2.4242038e-20
445236696.0 1.0 1795.3481692577845 1 1.0
441742141.0 0.0 1805.198734436944 0 3.4746805e-05
376083447.0 1.0 1799.826138841513 1 0.99999994
255977546.0 0.0 1812.701784223694 0 0.0010625569
52435597.0 0.0 1805.7437012918556 0 0.00049035053
264615805.0 0.0 1807.6610478464706 3 0.0011902625
219102044.0 0.0 1809.0317160323707 0 1.3083714e-05
445350626.0 0.0 1809.2021607126703 0 9.311898e-07
322058180.0 0.0 1797.3460365625303 2 0.00010182919
240962482.0 0.0 1812.2440238770994 3 3.755171e-18
26534393.0 0.0 1805.6204735555261 0 0.00059199776
377149295.0 1.0 1811.0547958118782 1 0.99999946
302157477.0 0.0 1796.9114395721972 2 2.14675e-07
285181196.0 0.0 1800.3078799561222 3 3.3556607e-05
219870762.0 1.0 1796.0525474348847 1 0.99999774
232649480.0 1.0 1797.2813700051065 1 0.9999989
367681735.0 0.0 1804.9693858674775 3 6.92417e-12
291890676.0 1.0 1793.9532109229747 1 0.99991554
63563510.0 0.0 1811.2659425982831 2 0.2668451
288312840.0 0.0 1795.4699257118061 3 4.6238128e-11
245625851.0 1.0 1793.9317892080846 1 1.0
441717836.0 1.0 1805.9905369562323 1 0.99999934
117039358.0 1.0 1794.3279508126109 1 0.9997118
387633985.0 1.0 1810.762064656996 1 0.9999999
434626112.0 0.0 1812.346570526355 0 0.00012401729
104308566.0 0.0 1812.3489299999449 0 0.0002626825
372259069.0 0.0 1799.9920581230201 2 1.75681e-07
441813072.0 1.0 1806.0530473754977 1 0.99999946
137261833.0 1.0 1796.7015336124 1 1.0
233731165.0 0.0 1796.7607589718732 2 0.0003517463
202839485.0 0.0 1793.6408795714028 3 0.0015121398
331549535.0 0.0 1793.9920830772035 2 5.9280006e-13
200853134.0 1.0 1796.641154972994 1 0.9999991
403256913.0 1.0 1795.4102586996175 1 0.9999996
301639635.0 0.0 1812.3489730300735 0 0.00021658867
104314423.0 1.0 1797.2030058485125 1 0.99999994
259462821.0 1.0 1794.5365367281086 1 1.0
104146382.0 0.0 1812.3488124090322 0 1.26700315e-05
372058412.0 1.0 1799.596205180399 1 0.9999986
237082121.0 0.0 1808.8451716094366 0 0.0017237804
240797266.0 0.0 1812.702066315764 0 0.00019596542
308224002.0 0.0 1796.6403615540332 0 0.0010618187
422386287.0 0.0 1808.8873026419972 0 0.0068808864
82172851.0 1.0 1797.1606666743203 1 0.9999999
233055944.0 1.0 1797.947879353628 1 0.9999996
126099906.0 1.0 1793.7660735428003 1 1.0
399015512.0 0.0 1796.6399373335073 0 7.2880954e-05
396442342.0 0.0 1796.637928046443 0 1.4902042e-05
381582982.0 1.0 1796.3909228399145 1 0.9999999
229461186.0 0.0 1808.3861492024378 3 1.5280026e-23
233734547.0 1.0 1798.9690518372308 1 0.99999976
94367268.0 1.0 1794.0786190686397 1 1.0
417267059.0 0.0 1805.2015545172194 0 4.0126494e-08
370431639.0 1.0 1796.4107110369634 1 0.99990296
233678872.0 1.0 1795.4060279825223 1 0.9999988
347768351.0 1.0 1796.473430752979 1 1.0
275762183.0 0.0 1809.160167267757 0 0.0012484821
374397100.0 1.0 1797.3897399641512 1 0.9999594
269932696.0 1.0 1799.1803808882191 1 0.9999992
238745406.0 0.0 1808.9324912785332 0 0.00017264481
410866535.0 1.0 1794.1405400644471 1 0.99999326
292196794.0 1.0 1794.015695061788 1 0.9999737
424283926.0 0.0 1796.223144199616 2 6.0941125e-07
358907780.0 0.0 1808.8674922505713 0 8.041021e-06
331928059.0 1.0 1806.3888338299648 1 1.0
241092480.0 0.0 1812.3693977650846 0 0.005189528
241013635.0 1.0 1795.9112326139427 1 1.0
353781664.0 1.0 1799.26016456119 1 1.0
445367374.0 0.0 1809.202070341716 0 4.113897e-05
387560718.0 1.0 1798.2830712596308 1 0.9999998
316441141.0 0.0 1808.8487555887727 0 5.2701707e-05
104029060.0 1.0 1811.4114453183256 1 0.9999579
406261792.0 0.0 1793.3252806338335 0 5.723288e-05
184735160.0 1.0 1811.0991263021567 1 0.9999989
338647367.0 0.0 1812.3462918142093 0 7.067518e-05
117492701.0 1.0 1793.9112320296642 1 0.99999547
292612506.0 1.0 1795.0782840403685 1 1.0
376867219.0 0.0 1808.8443572775336 0 0.00010893274
22998380.0 0.0 1793.1411444339983 0 0.0009959347
186624344.0 0.0 1812.3493470129135 0 0.0011797604
445352722.0 1.0 1793.4315112875615 1 0.9993725
297689215.0 1.0 1798.9518985553216 1 0.99904615
356701572.0 0.0 1805.219303504928 0 9.581386e-07
202864775.0 1.0 1794.9324166661174 1 0.9999711
406762707.0 0.0 1805.5560320989412 0 2.282334e-05
352197150.0 0.0 1812.6601139121706 0 0.00134566
238778460.0 1.0 1810.3075821019447 1 0.99999994
264625464.0 1.0 1810.661121187631 1 0.9999995
359438961.0 1.0 1794.6393045365924 1 0.99999774
418257895.0 1.0 1798.158462970517 1 1.0
279594697.0 0.0 1808.993621794125 0 0.0006414833
285567422.0 0.0 1793.328014767389 0 4.984064e-10
427111860.0 0.0 1812.3456076472155 0 0.00037895696
370210441.0 0.0 1809.1606966310762 0 0.0014609222
402813493.0 1.0 1794.993277281524 1 0.99999976
333065138.0 1.0 1793.5357261286722 1 0.99999964
323193501.0 0.0 1805.2212056705823 0 1.06695925e-05
13620888.0 1.0 1798.6188498076472 1 0.9999993
395653555.0 1.0 1795.9096355858253 1 0.9999995
365595860.0 1.0 1798.8872274070177 1 0.99999994
5721442.0 0.0 1810.4535068740363 2 1.2026237e-07
387831439.0 0.0 1796.8248810396842 0 1.0293941e-05
354245142.0 1.0 1806.4089381310432 1 0.9999918
50046625.0 1.0 1794.848034663561 1 0.99999964
323302696.0 1.0 1798.2213301930667 1 0.9999999
431875692.0 1.0 1796.3074622872914 1 0.99996907
137908606.0 0.0 1809.1829412442655 0 0.00037254838
331314111.0 0.0 1796.6399838528719 0 1.2494449e-05
94455881.0 1.0 1794.2660614806753 1 1.0
354250797.0 0.0 1805.2026811422063 0 0.00010953323
177711068.0 1.0 1806.245348555966 1 0.99999917
265292755.0 1.0 1799.5359623024513 1 0.9999993
264028960.0 0.0 1796.637350492062 0 0.0002547527
219875365.0 1.0 1810.6150998419903 1 0.9998875
390021728.0 0.0 1798.0728652089813 3 5.00351e-19
403942106.0 1.0 1810.9727761035451 1 0.99998796
251328660.0 0.0 1796.890197962903 0 1.3486254e-05
402978255.0 0.0 1812.3466534144354 0 0.00010735345
396203652.0 1.0 1798.2223276195355 1 0.99984646
410237584.0 1.0 1794.9503888807258 1 1.0
445139857.0 1.0 1810.1811392115287 1 0.9999999
312777468.0 1.0 1798.2855491776877 1 1.0
302682732.0 0.0 1797.847587917441 0 0.0040330263
233208885.0 0.0 1806.9276339884939 3 1.1284564e-13
428680774.0 0.0 1811.07676058352 2 0.0016376794
275690797.0 0.0 1812.3440963943463 0 7.796793e-05
309239729.0 1.0 1810.2442933129184 1 1.0
264801730.0 1.0 1799.6193372410964 1 0.99998635
65647263.0 0.0 1805.2658504821861 0 0.0012529424
352979254.0 0.0 1810.5538816098847 2 1.1310109e-11
194658799.0 1.0 1794.3493009153 1 0.9999996
422429546.0 0.0 1808.8456309150263 0 0.0004251581
346594521.0 0.0 1800.1414040913785 0 0.00014648435
269701889.0 0.0 1796.909510968311 0 0.004037792
337642995.0 1.0 1811.054587869005 1 0.999959
81602148.0 1.0 1796.0979829265698 1 0.99998826
65495461.0 1.0 1797.578302379647 1 0.9999852
433354584.0 1.0 1796.1202834710489 1 1.0
235995223.0 0.0 1793.1372356977672 0 1.0433078e-08
326257955.0 1.0 1793.6992980110447 1 1.0
353877375.0 1.0 1798.9476724809792 1 0.99999756
428045010.0 1.0 1797.6820972075423 1 0.9999931
219860804.0 1.0 1795.844147247242 1 0.9999955
116371513.0 0.0 1810.7240796749875 2 9.1296504e-05
241117725.0 1.0 1798.39057530815 1 1.0
399832361.0 1.0 1795.305130505154 1 1.0
399740378.0 0.0 1793.3050068308573 0 9.699057e-10
431805659.0 0.0 1793.1406929945206 0 0.002603616
63623869.0 0.0 1800.307789878211 3 6.1610674e-20
233735589.0 0.0 1805.1980072599806 0 5.851583e-05
322263678.0 1.0 1796.8043869847832 1 1.0
347308076.0 1.0 1795.9309612217044 1 0.9999999
322203332.0 1.0 1805.2834466692148 1 0.99954176
372792951.0 1.0 1810.952055673366 1 1.0
20805728.0 1.0 1794.8908362862346 1 0.999998
229499393.0 1.0 1811.4697348517052 1 0.99999994
285793096.0 0.0 1794.3481439140887 0 3.573502e-05
376994123.0 0.0 1812.3646344180597 0 2.1094409e-05
251549942.0 1.0 1796.7028505564497 1 0.9997326
445110528.0 0.0 1796.6396591117602 0 0.00021677873
189592051.0 0.0 1793.1408053023968 0 0.00081954396
245426946.0 0.0 1805.2444707929005 0 8.592578e-06
22738919.0 1.0 1810.4120043528237 1 0.9999945
201035024.0 1.0 1797.5786198057365 1 0.99999875
427476064.0 0.0 1793.4509794129576 0 2.3339108e-08
370951651.0 1.0 1810.2651444026806 1 1.0
369909046.0 0.0 1809.1814650438619 0 1.6186481e-06
431767523.0 0.0 1793.140743926561 0 0.0014019602
423950693.0 0.0 1812.3876165248103 0 9.033815e-09
288855753.0 0.0 1812.4310365959477 0 2.8933312e-07
445354648.0 1.0 1798.9939270341627 1 0.9998466
26625920.0 1.0 1810.3288752153605 1 1.0
199666370.0 1.0 1799.030581685282 1 0.99999964
71929771.0 1.0 1797.2858546802513 1 0.9999994
274845027.0 1.0 1799.3884498221112 1 0.9999989
353171961.0 1.0 1796.805905016225 1 0.99999523
229741985.0 0.0 1808.57389444661 3 0.0002370865
238755134.0 1.0 1797.1824674209356 1 0.9999997
388579957.0 1.0 1811.492403375202 1 0.9998622
372135269.0 0.0 1805.241980431048 0 8.743227e-06
202844240.0 1.0 1794.4948713136478 1 1.0
292849468.0 1.0 1794.8908668127349 1 1.0
390656467.0 1.0 1799.5773243936524 1 0.99999887
428071042.0 1.0 1794.1196526958993 1 0.9999916
377154735.0 0.0 1805.2423924131838 0 1.8154786e-05
428258542.0 1.0 1796.2863090788724 1 0.9999996
348305768.0 0.0 1805.2028230848557 0 0.00010080086
400811727.0 1.0 1799.9731474632263 1 1.0
403521659.0 0.0 1812.3483502418817 0 0.009079102
353483759.0 1.0 1811.410210367269 1 1.0
444358370.0 1.0 1796.0976095199273 1 1.0
235937156.0 0.0 1805.1997216766752 0 0.0002759718
326920516.0 1.0 1810.3485789483816 1 1.0
236969371.0 1.0 1793.8036494405017 1 0.9999661
229965790.0 1.0 1796.4903321790591 1 0.99999964
293186533.0 1.0 1797.1617093571679 1 1.0
350695632.0 1.0 1797.3661316642551 1 0.999992
419524108.0 1.0 1794.889370230148 1 0.9999939
230376579.0 0.0 1810.344149566579 2 1.1499061e-05
219900027.0 0.0 1804.3233525409553 3 3.1079745e-13
375600980.0 1.0 1799.4505245499304 1 0.8820783
399441548.0 1.0 1797.0563541816218 1 1.0
326260646.0 1.0 1799.428595326159 1 0.99876
353735167.0 0.0 1797.968757833004 0 0.00022787334
436924709.0 0.0 1793.1414133680555 0 3.303014e-08
397368112.0 0.0 1808.9329796477614 0 0.0013496754
186937732.0 1.0 1797.4118813672526 1 0.9999864
116612613.0 1.0 1795.6197939095123 1 0.9999999
373133412.0 0.0 1805.2010390478063 0 8.232956e-07
427513402.0 0.0 1812.3465075951392 0 1.4012795e-05
376408892.0 0.0 1793.4090640095055 0 1.6106273e-07
418085908.0 1.0 1796.4740759805838 1 1.0
433693084.0 1.0 1811.4297595781372 1 1.0
351685860.0 1.0 1798.3058140916778 1 1.0
376891085.0 0.0 1796.0549469985122 3 2.0026886e-11
427320022.0 1.0 1795.867452739016 1 0.9999993
291841485.0 1.0 1798.953258281252 1 0.99999976
367143265.0 0.0 1800.1380058785949 0 8.9715604e-07
202977153.0 0.0 1800.4115540976989 0 5.035755e-05
184658972.0 0.0 1809.182424945801 0 0.0010773754
397921977.0 1.0 1798.9934724180027 1 1.0
260030623.0 1.0 1810.4735915598724 1 1.0
286410659.0 1.0 1797.3065049668878 1 0.9999997
235937825.0 1.0 1805.8456546897544 1 1.0
354779012.0 0.0 1794.3477761339273 0 0.0024492072
323400312.0 0.0 1808.846181338288 0 1.6291282e-05
250580707.0 1.0 1806.161198309886 1 0.9998082
51028863.0 1.0 1796.6605861533778 1 1.0
326858996.0 0.0 1811.4110239226216 2 3.5496926e-06
400344508.0 1.0 1799.7640229210392 1 1.0
323056866.0 0.0 1793.9500423793195 2 0.0011164716
389915921.0 1.0 1798.4479095460024 1 0.9999991
219801998.0 1.0 1798.364535718718 1 0.9999889
240861686.0 1.0 1806.1191306198875 1 0.9999986
327000169.0 1.0 1805.868379118653 1 1.0
272052964.0 0.0 1805.222103483182 0 5.360115e-07
367532344.0 0.0 1812.6195623800427 0 2.1787782e-05
63310637.0 0.0 1797.3077657734502 3 0.0009965645
424115833.0 1.0 1798.1409230688491 1 1.0
396486931.0 0.0 1796.346490292176 3 3.498831e-17
306182874.0 0.0 1810.5980282150063 2 9.693943e-12
422369207.0 1.0 1796.8455130913926 1 1.0
53962783.0 1.0 1794.410497447753 1 0.9999238
336119106.0 1.0 1811.1374137284931 1 1.0
376366064.0 0.0 1812.346290944509 0 3.1678278e-06
264614791.0 0.0 1812.34848296646 0 6.3255805e-09
264912503.0 0.0 1805.2028924383708 0 0.00011443547
427469869.0 1.0 1799.1800420040584 1 0.99997467
65650265.0 0.0 1793.1405988759518 0 0.013321512
445186099.0 1.0 1796.2231074698745 1 0.9999933
403686814.0 1.0 1798.056889401961 1 0.9999997
445133704.0 0.0 1795.4732133837833 3 1.2019292e-18
233729070.0 1.0 1811.0522152599342 1 0.99998456
82376852.0 1.0 1799.0576436240567 1 1.0
240890841.0 1.0 1794.5151906121287 1 0.9999988
73571498.0 1.0 1793.6205134428988 1 0.9999955
275695228.0 1.0 1795.9102647412835 1 0.9999993
94546443.0 1.0 1800.2037169141431 1 1.0
53619377.0 0.0 1800.1394470671473 0 9.00538e-08
377614396.0 1.0 1806.0760236614065 1 0.99997115
428458522.0 1.0 1795.9727825038879 1 0.9999992
232604113.0 1.0 1798.635090665848 1 1.0
352921533.0 1.0 1799.1810397965494 1 0.99999815
372349988.0 0.0 1793.327755753276 0 7.704488e-06
283736464.0 0.0 1805.2224652898851 0 0.0001540427
235997172.0 1.0 1810.6165199540878 1 0.9999988
432014548.0 0.0 1805.2243771592057 0 0.0014917828
51022694.0 1.0 1796.5565524940985 1 0.99999994
26394201.0 1.0 1793.7452901045713 1 1.0
241136259.0 1.0 1797.5155421285713 1 0.999985
81522591.0 1.0 1797.2232321566307 1 0.9999994
270333887.0 1.0 1795.4930506170615 1 0.9998819
137206593.0 1.0 1805.8887935701546 1 0.9999991
116218054.0 1.0 1794.3489718992653 1 0.99999344
286479089.0 0.0 1797.8481719701533 0 0.00018188368
259234489.0 1.0 1810.3864067183745 1 0.9999999
316449249.0 0.0 1798.9320027525066 2 8.098944e-08
101216819.0 1.0 1796.0578395779023 1 0.99999845
366557556.0 0.0 1799.0128802731858 3 3.8058867e-09
286236435.0 1.0 1811.557682556929 1 0.9999998
336539375.0 1.0 1797.3047745694973 1 0.99999905
233065340.0 1.0 1799.0105524481849 1 0.99999845
275582418.0 0.0 1812.4312634571481 0 1.5121589e-05
371423396.0 1.0 1793.9123313168457 1 1.0
219894351.0 1.0 1800.3026366753895 1 0.99999607
366914102.0 1.0 1798.7630080728156 1 1.0
91436583.0 0.0 1796.6415011194947 0 0.000710009
236764972.0 1.0 1799.6151238778625 1 0.9997572
198186043.0 1.0 1796.3435620099788 1 1.0
316439223.0 0.0 1808.848701619713 0 0.0004361938
198212263.0 0.0 1793.1765855411852 0 0.0010534213
348232466.0 0.0 1812.3484832233787 0 3.0891508e-07
236886483.0 0.0 1805.2408620478118 0 1.0289976e-05
441812183.0 1.0 1798.302854673752 1 0.9999883
428257299.0 0.0 1806.4948105371498 3 7.659369e-17
192732741.0 0.0 1812.4325247320467 0 0.0011686896
417665111.0 0.0 1812.3465362392542 0 3.096862e-09
251204655.0 0.0 1805.202903507698 0 0.00052748853
288632135.0 0.0 1794.1992545280586 0 7.927997e-05
420545835.0 0.0 1812.6599411035797 0 0.00061117776
445444150.0 0.0 1800.140136181329 0 0.00037801382
286219895.0 0.0 1805.2649315258145 0 0.0004709198
232609321.0 1.0 1798.8229716317633 1 0.99999833
54720878.0 1.0 1793.8272225751693 1 1.0
449997359.0 0.0 1812.680947660589 0 0.0008821708
348316528.0 1.0 1805.6818155054084 1 0.9999476
302232862.0 1.0 1793.7029499478865 1 0.9999999
445179073.0 1.0 1798.389601786865 1 1.0
445410504.0 1.0 1795.36902321283 1 1.0
390334254.0 0.0 1796.6396945068757 0 1.1935175e-07
445317944.0 0.0 1805.5145964236874 0 0.000456032
77452606.0 1.0 1793.391355603153 1 1.0
264332761.0 1.0 1797.8250748139926 1 0.99999994
85486829.0 0.0 1809.1830032338057 0 0.0012401426
327253355.0 0.0 1812.6806877952088 0 0.00014335866
384654908.0 0.0 1808.056831925371 3 6.005626e-07
400673457.0 0.0 1794.5978919162756 2 0.00010351075
428784674.0 0.0 1800.9508985179632 3 6.3558666e-08
240860339.0 0.0 1796.2860233318477 2 2.9758155e-07
445358883.0 1.0 1794.931368659503 1 0.999999
390516475.0 1.0 1795.1190209817753 1 0.99997646
237296831.0 1.0 1798.0328763684845 1 0.99999666
445227290.0 1.0 1793.785461997714 1 1.0
54371266.0 1.0 1797.285563277274 1 0.99999475
81691480.0 1.0 1811.5150735585426 1 0.99998283
376351234.0 1.0 1810.118808888764 1 1.0
435594384.0 0.0 1793.1375383185252 0 0.00043550806
410773962.0 0.0 1808.845982836899 0 0.00014546978
331552930.0 1.0 1794.4295169637046 1 0.9999989
54057589.0 1.0 1797.4727573677862 1 1.0
366032282.0 1.0 1795.4095281928408 1 0.99999875
279209131.0 1.0 1796.8685308938777 1 1.0
408358422.0 1.0 1795.1586663648925 1 1.0
219872333.0 1.0 1794.3648130930164 1 0.9999174
374393406.0 0.0 1805.2857020361255 0 7.601783e-05
384986198.0 1.0 1794.3700460146506 1 0.9999988
373130313.0 1.0 1795.7219494122862 1 1.0
235953328.0 0.0 1812.491493907978 0 0.0024601736
250688116.0 1.0 1796.723684611178 1 0.99999315
417852566.0 1.0 1795.0348765829535 1 0.9999609
385404264.0 1.0 1794.2857645835682 1 0.99999595
356981427.0 1.0 1798.6768745064317 1 0.9999999
357677267.0 1.0 1795.6191220262967 1 0.99984705
245588240.0 1.0 1797.3277132619087 1 0.99999934
198457457.0 0.0 1811.1138904655047 3 3.1744724e-12
285172835.0 1.0 1795.4120099973009 1 1.0
406639913.0 1.0 1805.5761558089214 1 0.9999993
368592802.0 1.0 1794.9304706461564 1 1.0
287195709.0 1.0 1795.1570763727586 1 1.0
441803734.0 1.0 1798.6988445694496 1 0.9999999
327366509.0 1.0 1799.4935494018969 1 0.99999434
427723970.0 1.0 1798.513593496107 1 1.0
379381127.0 0.0 1805.3686611367475 0 0.001716403
284012439.0 1.0 1798.2244043866658 1 1.0
316437216.0 1.0 1805.3694244840096 1 0.9999998
94725631.0 0.0 1805.6205558333797 0 0.01996773
433977376.0 0.0 1808.8673440418033 0 1.7918075e-05
288501120.0 1.0 1798.0366294264982 1 0.99999946
117170847.0 0.0 1805.2030339810256 0 0.00035389562
302077173.0 0.0 1811.1822149329437 2 8.719777e-12
333066555.0 1.0 1796.785766129201 1 1.0
387955876.0 1.0 1810.7623236868085 1 0.99999714
308291491.0 1.0 1793.473599446466 1 1.0
50265754.0 0.0 1794.3480255854413 0 0.00037645877
316136270.0 1.0 1794.2024166860717 1 0.9999999
192373909.0 1.0 1806.0160328224233 1 0.99999994
421684663.0 0.0 1793.20222538141 2 2.825671e-15
224605072.0 0.0 1799.593143188332 3 6.8512847e-12
423954138.0 1.0 1798.8461276173596 1 0.96137416
445486354.0 1.0 1810.7234524058701 1 0.99999624
264221810.0 1.0 1793.5951338560542 1 0.9999998
259005458.0 0.0 1805.5116767772722 2 1.0486264e-12
428734142.0 1.0 1796.3470431374071 1 0.99999964
418257102.0 0.0 1793.741817461859 3 4.108738e-16
356978922.0 1.0 1811.3018636582408 1 0.9999996
116849668.0 0.0 1808.8907841480282 0 0.0011982528
63627127.0 1.0 1796.2246189538569 1 0.99999994
323057260.0 1.0 1795.1375406785323 1 1.0
367681735.0 0.0 1794.6983784462172 3 1.5872035e-14
230087513.0 0.0 1812.344089085584 0 1.5011022e-06
445176376.0 1.0 1796.5978995599853 1 1.0
356895782.0 0.0 1796.7185099894066 2 3.1553004e-06
201379563.0 1.0 1794.2450475295548 1 0.99999994
402748426.0 0.0 1797.7016473088088 2 0.00058130163
370118640.0 1.0 1798.035797553524 1 0.99994206
285125307.0 0.0 1793.3059329494604 2 9.346491e-05
250865149.0 1.0 1795.6406177237216 1 0.9999992
427588201.0 0.0 1793.4091821491136 0 3.074101e-07
192933899.0 1.0 1798.9324985139326 1 0.9999998
366718977.0 1.0 1799.429593909656 1 0.99999887
353692022.0 1.0 1795.7640669108694 1 1.0
250506274.0 0.0 1796.6403416496596 0 0.00017253634
420132237.0 0.0 1796.9075655252261 0 0.0001465035
434270359.0 0.0 1808.8466109111023 0 5.3984928e-05
196816907.0 1.0 1796.7237570415969 1 1.0
285240820.0 0.0 1810.9944478461543 2 6.81522e-16
285684950.0 0.0 1808.9522425725308 0 0.00017452554
370595343.0 1.0 1795.5776923409442 1 0.9999855
403745495.0 1.0 1797.1401709752097 1 0.9999911
292467389.0 0.0 1812.7239683701105 0 0.00047172894
366713278.0 1.0 1806.3045373585644 1 0.99995816
252148311.0 0.0 1809.202076702626 0 5.428451e-07
301416430.0 1.0 1796.6612313441162 1 1.0
468293391.0 0.0 1798.4507948987673 3 1.0106818e-20
396161845.0 1.0 1805.3888395337178 1 0.99999654
34691690.0 0.0 1812.3913356817177 0 0.0027126523
322263832.0 1.0 1806.1584757479498 1 0.9999294
229508096.0 1.0 1794.303279248328 1 1.0
233079659.0 0.0 1806.5315019925492 3 2.6550802e-06
356701798.0 0.0 1801.9900302447543 3 2.0219587e-16
367417261.0 0.0 1812.3486390070357 0 1.5022212e-05
229488713.0 0.0 1812.3654551079276 0 5.745413e-05
259145621.0 1.0 1793.6197031864158 1 1.0
35015702.0 1.0 1793.7247560653382 1 0.9999994
428011995.0 1.0 1796.20119230504 1 0.9999987
354545033.0 1.0 1794.5152874767775 1 0.9995104
117311616.0 0.0 1812.3489347102338 0 2.9003596e-07
264469090.0 0.0 1812.408531382372 0 1.5519696e-07
405433406.0 1.0 1811.1831090972319 1 0.9999937
329153362.0 1.0 1805.2617059482657 1 0.9999999
374960751.0 0.0 1805.2649703397133 0 0.0049482374
396615000.0 1.0 1794.3909179603038 1 1.0
263969741.0 0.0 1796.6370579451345 0 0.00048872584
264897914.0 1.0 1805.8671011580611 1 0.999996
299433775.0 1.0 1805.3903891747239 1 0.999993
256508512.0 1.0 1797.241967484332 1 0.9999862
431767736.0 1.0 1794.0990953027408 1 0.99999034
235951404.0 1.0 1810.408201731322 1 1.0
329440598.0 0.0 1797.968086860586 0 0.001295868
431768693.0 0.0 1795.0365872156524 2 5.4093794e-06
270818287.0 1.0 1796.4097806754016 1 0.99999744
117170145.0 1.0 1794.7862305826445 1 0.999967
445309247.0 0.0 1805.6605855666694 0 1.3414006e-08
258827539.0 1.0 1800.0947541039516 1 0.9999997
94541716.0 1.0 1795.8078196509741 1 0.9999999
399717755.0 1.0 1797.8258119368302 1 0.99999803
384985022.0 1.0 1798.4326651602612 1 0.99999994
399765787.0 1.0 1805.3678387179255 1 0.9999998
403751331.0 0.0 1796.8899779632698 0 0.00023182055
139375146.0 1.0 1798.3493210129923 1 1.0
285736210.0 1.0 1794.99469379905 1 0.99989456
219847282.0 1.0 1810.136010424742 1 1.0
104316853.0 0.0 1805.203230501203 0 0.000279261
389913794.0 0.0 1808.8849900997689 0 0.0001269757
229505774.0 0.0 1808.8445506158114 0 0.00046003022
63349449.0 1.0 1798.8702755404336 1 1.0
101095969.0 1.0 1800.3287414631582 1 0.9999933
407156620.0 0.0 1793.4097959145324 0 1.0869371e-09
327443430.0 0.0 1796.4321939954455 2 5.3204607e-12
376967349.0 1.0 1799.0965541710827 1 0.999997
269240011.0 0.0 1796.9095860894156 0 1.4597811e-05
418410124.0 0.0 1810.3264140671874 2 1.3592934e-07
258547154.0 0.0 1795.5328703757739 2 1.1824057e-05
366415516.0 0.0 1793.137722886826 0 0.00063794566
427799458.0 1.0 1798.8886041613719 1 0.99999946
427323622.0 1.0 1811.513157561763 1 0.9999973
186615894.0 1.0 1810.3911035570795 1 0.9999994
396327479.0 0.0 1812.3473883247482 0 0.00017853736
1981434198.0 0.0 1806.7831751019123 3 8.9715314e-17
292940701.0 0.0 1808.869777626428 0 0.001935954
201359969.0 1.0 1796.7035919099324 1 0.99999905
236768822.0 1.0 1794.6984213229337 1 0.99999994
357046177.0 0.0 1799.5725577921191 2 0.02575855
11424087.0 1.0 1797.9105215253082 1 0.99999416
373329826.0 1.0 1798.9092090414847 1 0.99999917
285469792.0 1.0 1810.1618760644762 1 1.0
353807056.0 1.0 1798.3227583967878 1 0.99999875
420295348.0 0.0 1796.639403945924 0 0.00012286153
251578173.0 0.0 1805.2026319996032 0 3.2317374e-05
450155280.0 1.0 1810.6404130297312 1 0.9999969
34787896.0 0.0 1805.203946731988 0 0.0003688489
309140943.0 1.0 1806.202675680091 1 1.0
229410861.0 0.0 1812.3442910529923 0 1.4790649e-07
52857152.0 0.0 1805.6812513096659 0 6.4400697e-06
323058587.0 1.0 1795.0959131271627 1 0.99999994
390168923.0 0.0 1812.7021996898343 0 8.338409e-05
241082070.0 0.0 1812.3695531636463 0 1.3008568e-05
292403462.0 1.0 1797.994992706556 1 0.9999882
21119562.0 0.0 1805.93293802789 2 3.0998626e-06
327606431.0 1.0 1799.307306325593 1 0.9999236
444801865.0 1.0 1798.7645877627235 1 0.9999936
283246566.0 1.0 1810.3058441185415 1 0.99999833
397235842.0 1.0 1799.3267718328516 1 1.0
289263532.0 0.0 1805.2223536901797 0 0.00041262025
368611685.0 1.0 1799.3681072756958 1 0.99996513
219870762.0 0.0 1808.8443296693986 0 0.00065586326
433501573.0 1.0 1794.7243470343233 1 0.9999142
139372111.0 1.0 1795.0578398357611 1 0.9999998
395940851.0 1.0 1798.1597750155709 1 0.99803525
356862553.0 1.0 1810.3859481614343 1 0.9990469
237219723.0 0.0 1808.9702716626757 0 0.00013080236
272324340.0 0.0 1806.847150472914 3 2.9118986e-12
230380918.0 1.0 1796.219583649238 1 0.9999995
229952279.0 1.0 1799.2402941070452 1 0.9999988
301475840.0 0.0 1808.869864897155 0 1.0316396e-05
272532614.0 0.0 1805.2013509745807 0 0.00035407027
293066086.0 0.0 1795.4115367733034 3 1.0073513e-11
258353545.0 0.0 1796.1783433176079 2 2.3375342e-18
272954590.0 0.0 1812.3469611190321 0 0.000181981
219870137.0 0.0 1805.1982796041689 0 0.00027210405
269609913.0 1.0 1806.1593715911863 1 0.9999925
424438254.0 0.0 1808.8441911546206 0 9.493454e-06
200778468.0 1.0 1811.4329289677282 1 0.9999998
367079240.0 0.0 1809.1374844095537 0 0.011148534
138053332.0 1.0 1796.9746340124145 1 1.0
269697721.0 0.0 1807.157738995978 3 2.081202e-09
230073412.0 0.0 1805.197907888029 0 4.3269825e-05
357595868.0 1.0 1797.6143011968622 1 0.99999106
235978860.0 0.0 1808.949828275303 0 0.011194825
402830550.0 1.0 1795.117522605749 1 0.99999976
409525457.0 1.0 1797.5990963384145 1 0.99999624
424439974.0 0.0 1808.9272550714286 0 0.0006818423
377075568.0 1.0 1798.3674373820133 1 1.0
196919646.0 0.0 1805.2027767789546 0 6.977915e-05
370511668.0 0.0 1809.1607980538472 0 0.00023126138
348021035.0 1.0 1798.5359603055026 1 0.99998915
368889473.0 1.0 1798.3473497418552 1 0.999999
387881182.0 0.0 1808.845527948432 0 7.781781e-05
428257299.0 0.0 1796.9112890464053 3 4.947633e-19
238742070.0 1.0 1794.2657307447423 1 0.99999946
275466698.0 0.0 1808.9105557861253 0 0.000376628
445311443.0 1.0 1797.0773425726431 1 0.9999989
308223943.0 1.0 1793.5362094741508 1 0.99999535
436848408.0 1.0 1798.7664497345254 1 0.99994886
237079307.0 1.0 1795.7411805386291 1 0.9999989
279826925.0 0.0 1805.2011131723207 0 0.00026393618
250684105.0 1.0 1798.3071491416504 1 0.9992993
238741045.0 0.0 1794.119936533304 2 0.0020828517
376295940.0 0.0 1805.2642657495655 0 3.0652793e-06
311830172.0 0.0 1805.556140061398 0 4.382603e-07
90648033.0 1.0 1795.4120521818834 1 1.0
369994722.0 0.0 1793.1397768983709 0 1.354202e-09
433693135.0 0.0 1805.2215743805639 0 0.004183565
229787746.0 0.0 1808.8446370559711 0 8.780126e-08
374557870.0 0.0 1797.84830455585 0 0.00019259112
219760588.0 1.0 1795.6353135961308 1 0.9999898
348607778.0 1.0 1797.5776634926845 1 0.9999985
279523549.0 1.0 1799.6384482887192 1 1.0
453309498.0 0.0 1812.6814136848366 0 7.161034e-08
366557556.0 0.0 1799.9295424981308 3 2.1590422e-07
309058127.0 0.0 1795.8695107696617 2 0.00057517365
301737507.0 1.0 1794.9530175019836 1 0.9999967
28763463.0 1.0 1810.5364721252827 1 1.0
81523734.0 1.0 1796.4940312084925 1 0.99999815
250582395.0 1.0 1793.4945993140543 1 0.99999994
397368220.0 1.0 1796.0997630944098 1 0.9999999
441807493.0 1.0 1797.4280104173965 1 1.0
250605790.0 0.0 1808.8695387214402 0 3.185637e-05
256796784.0 0.0 1793.4075779134969 0 0.0014392122
453303092.0 0.0 1797.619186973746 2 9.836274e-06
351956267.0 1.0 1794.4930388226571 1 0.9997948
396031854.0 1.0 1796.638962172615 1 0.99905986
202954633.0 1.0 1797.8075990337409 1 1.0
177916177.0 1.0 1796.245267308195 1 0.99999994
346299439.0 1.0 1797.055780855893 1 0.99999994
452968676.0 0.0 1793.139701560982 0 6.6183117e-09
52347173.0 0.0 1806.243475266889 2 4.44914e-05
420267547.0 0.0 1805.2000306351213 0 0.00093269825
302471021.0 0.0 1805.2031944354633 0 7.146261e-05
233532450.0 1.0 1810.823247312077 1 0.9999998
186619878.0 1.0 1811.3494926348678 1 1.0
73521705.0 0.0 1805.474481047199 0 0.00019326255
427381732.0 1.0 1796.617438619862 1 0.9999998
445197000.0 1.0 1796.0564040380311 1 0.9999997
368523229.0 0.0 1805.5350105411062 0 6.1789455e-05
250892719.0 0.0 1808.9737958579492 0 7.805221e-05
434893209.0 0.0 1793.40948493347 0 7.960357e-06
449997173.0 1.0 1810.6185049662386 1 1.0
359555465.0 1.0 1800.0102974672868 1 0.9999999
230023671.0 1.0 1805.2821919603252 1 0.9999938
22814039.0 0.0 1796.6413699104548 0 0.0010155056
401084504.0 1.0 1794.327602041866 1 0.9999835
252109307.0 1.0 1793.931647499042 1 1.0
236712642.0 1.0 1799.9264626848922 1 0.99999994
50348977.0 1.0 1795.1398206839226 1 0.9999995
293066086.0 0.0 1798.6615479823827 3 6.998745e-10
327392518.0 1.0 1795.5155729631958 1 0.99999994
311704171.0 1.0 1810.9311286885873 1 1.0
399207947.0 0.0 1812.4104698162707 0 0.0014291328
372269137.0 1.0 1797.4525457466666 1 0.99999934
308604274.0 1.0 1805.9111536610408 1 0.99999934
404104934.0 1.0 1796.158519120858 1 0.9999967
367241683.0 0.0 1812.3880294057465 0 0.016035324
308536424.0 1.0 1810.2234825266517 1 0.9999986
233204702.0 0.0 1805.1984675202427 0 3.3494025e-08
250494610.0 1.0 1811.0986549208528 1 0.99968207
400672334.0 1.0 1795.4312011686873 1 0.9999988
117034117.0 1.0 1806.4113765518905 1 1.0
377035146.0 0.0 1805.2007249664002 0 0.00029622274
375721386.0 1.0 1799.1797206970477 1 0.9999762
372335021.0 1.0 1798.4296344864738 1 0.99999905
288600444.0 0.0 1805.2412030073008 0 1.5023196e-06
184680608.0 0.0 1809.2032538146611 0 0.0073168636
230136137.0 0.0 1808.8438861343031 0 0.00072530424
352578146.0 0.0 1808.8474077725791 0 4.4878993e-06
428384504.0 1.0 1796.4530397979424 1 0.9999998
406596553.0 1.0 1805.5343554426604 1 0.99999684
77357818.0 0.0 1805.287087374352 0 0.0027498559
65576784.0 1.0 1800.3701277747962 1 0.9999999
192473556.0 0.0 1793.1406989609688 0 0.0025490255
264220563.0 1.0 1795.1367130984438 1 0.99999905
240985351.0 1.0 1793.306889828787 1 0.99999964
77548002.0 1.0 1796.8287692951367 1 0.9999998
196891799.0 1.0 1805.2861026642781 1 0.9999999
201300177.0 0.0 1809.1621037883194 0 0.0037463547
389912740.0 0.0 1805.5563723890978 0 0.00016032843
444404392.0 1.0 1794.7224163680837 1 1.0
422429717.0 1.0 1794.5125472689224 1 0.9999993
349294422.0 0.0 1806.34975858412 3 0.00015830681
251387790.0 0.0 1793.3900942236153 0 0.0007291969
417554759.0 1.0 1795.3894735277213 1 0.9999999
370273714.0 1.0 1793.5357389406022 1 0.999717
245622507.0 0.0 1798.244277652645 2 4.410174e-07
427594701.0 1.0 1796.3051085315683 1 0.999998
22843856.0 0.0 1803.9330387834366 3 0.0009301605
370073677.0 0.0 1812.7023149104266 0 5.485724e-10
428475356.0 0.0 1798.7018506160632 2 4.6441844e-19
321451090.0 1.0 1797.241726201947 1 0.99998474
200774792.0 1.0 1796.7868949880688 1 1.0
293184778.0 0.0 1805.4740868289718 0 0.00093065616
63471618.0 1.0 1797.1827967370702 1 0.99998057
403263056.0 1.0 1805.9518090889762 1 1.0
270444405.0 0.0 1805.2012007251703 0 5.4483176e-06
249919778.0 1.0 1805.848876117227 1 0.9999974
435447020.0 0.0 1805.6592413100868 2 2.073555e-20
200739316.0 0.0 1796.640997868713 0 0.0015364111
116556436.0 0.0 1812.3697579195589 0 1.2627041e-11
278856459.0 0.0 1812.451836935727 0 0.008953551
285430698.0 0.0 1805.3494489867933 0 0.00032184005
286410310.0 1.0 1797.2231597931218 1 0.99999946
373704160.0 1.0 1797.1187170773526 1 0.99944675
331720926.0 1.0 1795.5982491862117 1 1.0
52631344.0 0.0 1805.535324068058 0 8.32865e-05
435742004.0 0.0 1805.2008614347646 0 6.379824e-07
251385069.0 1.0 1805.3693806056299 1 0.9999999
320380013.0 1.0 1798.243674450469 1 1.0
327789778.0 1.0 1810.8695720031185 1 0.9999995
441796790.0 1.0 1806.1362977563426 1 0.9999996
53807577.0 1.0 1799.0144552128788 1 0.9999854
445256146.0 1.0 1796.4521609459869 1 0.9998012
269715117.0 0.0 1798.4721218205038 2 2.0414677e-11
192495800.0 1.0 1798.9326678024734 1 1.0
186716592.0 0.0 1812.4118421723192 0 0.0026263748
387560634.0 1.0 1796.8664299992515 1 0.9999975
468293391.0 0.0 1807.9717124453884 3 2.384636e-20
378282090.0 1.0 1798.743128668159 1 0.9997416
383676129.0 1.0 1810.9273138446492 1 0.9999969
343467012.0 1.0 1799.4704690741926 1 1.0
285578020.0 1.0 1810.2851358975063 1 0.9999999
249886811.0 0.0 1812.390519381621 0 0.0002465622
71742796.0 0.0 1805.202594615033 0 0.00072683167
444083730.0 1.0 1806.2027588268036 1 1.0
35026766.0 1.0 1795.0164441496586 1 0.99999917
326817214.0 1.0 1797.909980182041 1 1.0
327371135.0 1.0 1795.847760690721 1 0.9999982
65647263.0 1.0 1798.140720696966 1 1.0
229751802.0 0.0 1797.4904966475362 3 4.652326e-14
415960247.0 0.0 1808.8488142087745 0 0.00017968226
292056645.0 1.0 1799.1199855649552 1 1.0
250836327.0 1.0 1797.9320887637562 1 0.9999987
247006412.0 0.0 1808.8495568415526 0 0.0005802574
410231988.0 1.0 1800.033641574649 1 0.99999946
26654252.0 1.0 1794.3702084299398 1 1.0
54624637.0 0.0 1805.7644469356915 0 0.00039840545
219109908.0 0.0 1797.2402426569936 3 3.2523477e-14
279501959.0 0.0 1812.4103544481989 0 0.010687873
34750272.0 0.0 1812.370496845297 0 0.00056990277
252174670.0 1.0 1793.9105612915357 1 0.9999999
376891083.0 0.0 1796.0549470002766 3 2.0026886e-11
399740559.0 1.0 1796.2633812985648 1 0.9999999
410779784.0 0.0 1812.3667217850257 0 6.631356e-06
423461477.0 0.0 1812.4313295509878 0 5.882971e-05
237233441.0 0.0 1810.2412424382896 2 7.119978e-10
83812531.0 0.0 1795.1184035211334 3 1.4589881e-06
252190282.0 0.0 1793.140030164919 0 6.940261e-06
354112041.0 1.0 1795.6193641766001 1 1.0
21131417.0 0.0 1808.9953717105668 0 0.0015976613
270813427.0 1.0 1811.388589662003 1 0.99999225
354841987.0 0.0 1805.2853995959517 0 5.402718e-06
410773652.0 1.0 1798.2836824017766 1 0.9999998
116889354.0 1.0 1811.5155771306522 1 1.0
251766867.0 1.0 1794.0567665061612 1 1.0
233238544.0 1.0 1794.7817689815142 1 1.0
433283112.0 1.0 1796.9744695466043 1 0.9999999
65159476.0 1.0 1793.43235000187 1 0.99999857
433286487.0 1.0 1797.2869662037751 1 0.9999999
291998825.0 1.0 1796.7448305038054 1 1.0
251199393.0 0.0 1796.890186871915 0 0.0006252793
279594697.0 0.0 1805.3477655997779 0 0.0005473016
376231996.0 1.0 1806.2630399656323 1 1.0
444445961.0 0.0 1796.6394763843982 0 0.0047609084
411043564.0 1.0 1805.5960428528458 1 0.9999994
264308939.0 1.0 1810.5542884798879 1 1.0
250772110.0 1.0 1798.0778771461455 1 0.9999952
289088986.0 1.0 1806.1181259883617 1 1.0
433283484.0 0.0 1809.3910529377597 0 8.803605e-05
418257102.0 0.0 1810.9083822579112 3 7.827854e-10
407495344.0 1.0 1800.055374379492 1 0.9999993
428120496.0 1.0 1799.224026904865 1 0.9997559
192652602.0 1.0 1796.4740973619625 1 0.99999964
419245939.0 1.0 1793.7436607676561 1 0.99999744
405430590.0 1.0 1810.1622994988882 1 0.9999929
275370165.0 1.0 1805.8678105065871 1 0.99999875
230386284.0 0.0 1812.2401377670096 3 9.260277e-09
252869093.0 1.0 1811.3074870675123 1 0.9999721
236762131.0 0.0 1808.8446210025884 0 0.00011975629
251432448.0 0.0 1793.3901428684355 0 0.001331677
198189413.0 1.0 1797.4891925702536 1 0.9999974
377255272.0 1.0 1797.3025000350215 1 0.9999995
428165254.0 1.0 1794.2029311097813 1 0.99999505
249889025.0 1.0 1796.848804968144 1 0.99999905
256101052.0 1.0 1795.2854209902357 1 0.9999987
10698068.0 1.0 1795.8690090011949 1 0.99999994
252135875.0 1.0 1797.931625838329 1 0.99999994
233622431.0 0.0 1808.8858863597616 0 4.9303217e-05
403038960.0 1.0 1793.5991351811608 1 0.85113174
187031415.0 0.0 1809.182506799654 0 0.00031224857
327346503.0 1.0 1797.6406753403733 1 0.9999999
73489137.0 0.0 1805.349581687233 0 0.0007019306
359250458.0 0.0 1805.5141310645345 0 0.011217729
233233116.0 0.0 1808.8440453256367 0 8.156469e-06
427737930.0 1.0 1793.30783992042 1 1.0
230378763.0 1.0 1799.2401516689192 1 0.99981123
192422329.0 1.0 1794.807399159466 1 0.9999994
321820098.0 0.0 1800.3250914059947 0 0.00024024329
245398585.0 1.0 1798.4317900340511 1 1.0
279269179.0 1.0 1798.8893255078647 1 0.99999994
405614267.0 1.0 1799.661495937725 1 1.0
115918466.0 0.0 1812.3697364654286 0 2.2211072e-08
11158635.0 0.0 1797.8482412007604 0 1.0359688e-05
374393666.0 0.0 1805.2648621607393 0 0.00045277315
219895512.0 1.0 1793.8647840391686 1 0.9999988
116991381.0 0.0 1808.911622150893 0 0.009026591
336547397.0 1.0 1794.2006774483232 1 0.99999994
367681735.0 0.0 1808.2611069265092 3 1.1102776e-12
177880459.0 1.0 1795.078551123973 1 1.0
291889068.0 0.0 1793.140623464966 0 3.1844843e-06
399787877.0 0.0 1812.343682570237 0 0.0007641788
329246824.0 0.0 1795.843300651111 3 1.451404e-16
397927532.0 1.0 1796.0560608702885 1 0.9999848
374390935.0 0.0 1797.848215924621 0 0.00045418102
376839554.0 0.0 1805.2006356503643 0 0.00027584526
270930675.0 0.0 1805.2011645381185 0 0.00012141945
372339636.0 1.0 1797.3462864845335 1 1.0
229509472.0 1.0 1811.2197675552582 1 0.9997577
308125835.0 0.0 1808.8485633393902 0 0.0017562582
417767716.0 1.0 1795.784230766603 1 1.0
374303452.0 1.0 1796.7023290386 1 0.99999785
272327554.0 0.0 1795.784816553979 2 1.2470325e-10
279662725.0 0.0 1812.3675479025806 0 3.965753e-05
385103406.0 1.0 1796.2656962494393 1 0.99999917
184739277.0 0.0 1808.6617581897651 3 3.7108256e-07
362105477.0 1.0 1796.406971318493 1 1.0
385205711.0 1.0 1796.2241654689988 1 1.0
235903581.0 0.0 1808.8871519088466 0 0.00016719727
293061019.0 1.0 1796.3075769693946 1 0.99999684
117662217.0 0.0 1808.869919723918 0 0.0003342614
397235842.0 0.0 1805.305991266153 0 0.00026699973
68094492.0 0.0 1805.4536268886623 0 0.0016590641
385556396.0 1.0 1796.8704696176917 1 0.9999996
230027382.0 0.0 1812.3650963474963 0 6.622338e-06
129758596.0 1.0 1810.22419553739 1 0.99999964
346627403.0 0.0 1796.5580017455316 3 1.5418738e-23
229650991.0 0.0 1797.6992319167387 0 0.00095792674
10875292.0 1.0 1795.1398750726241 1 0.9999998
235950428.0 1.0 1806.1788930765272 1 1.0
241006859.0 0.0 1812.3899915076317 0 2.2098493e-06
241081158.0 0.0 1796.6405605481204 0 0.0007244919
452880907.0 1.0 1805.9725025349871 1 0.99998873
289722957.0 0.0 1811.4264372442328 3 8.677613e-17
83419843.0 0.0 1799.2224435229991 2 3.956877e-09
13697423.0 0.0 1796.910390805049 2 1.112825e-10
409528623.0 1.0 1795.6615938171064 1 1.0
245541676.0 1.0 1810.181782762791 1 0.9999942
385147599.0 0.0 1805.3284912860977 0 0.0008822343
285790549.0 1.0 1798.764913433041 1 0.9999954
177827291.0 1.0 1796.4743649849217 1 0.9999955
178043245.0 1.0 1811.1828279946449 1 1.0
372389345.0 0.0 1808.846142247879 0 9.052462e-05
331202960.0 1.0 1798.2230984556884 1 0.9920047
238740981.0 1.0 1793.6199302745206 1 0.99999994
199526211.0 0.0 1805.3017909626012 0 3.5007076e-06
378468339.0 1.0 1795.930624025928 1 1.0
302309480.0 0.0 1811.1197161258358 2 5.6057974e-07
230389443.0 1.0 1797.302712097144 1 0.999999
329344881.0 1.0 1798.926428308222 1 1.0
240882665.0 0.0 1812.743974625117 0 0.000537571
331717791.0 1.0 1793.3900092334977 1 1.0
329248120.0 1.0 1806.2804797114643 1 0.99999774
83625098.0 0.0 1809.1599044394866 0 0.00037530586
359553226.0 0.0 1812.4684999228296 0 0.0007542645
407319154.0 0.0 1800.3054911751492 0 4.5140837e-06
85487976.0 0.0 1805.6205578139252 0 0.00048544936
431760001.0 1.0 1797.3491353505644 1 0.99999905
401497155.0 1.0 1810.1799608837316 1 0.9999965
402659158.0 1.0 1810.7409309041295 1 1.0
230123304.0 1.0 1796.8020991444903 1 1.0
301421405.0 0.0 1805.2030322100984 0 5.1659357e-05
312543164.0 0.0 1812.7019573900882 0 6.6480725e-06
82971072.0 1.0 1810.8471605661355 1 0.99996084
192250180.0 0.0 1809.0575637449465 0 0.0004743277
308288288.0 1.0 1798.5362120883337 1 0.9999998
433287246.0 1.0 1796.891180637669 1 0.9999822
279193368.0 1.0 1794.8477918088283 1 0.99999976
285384380.0 1.0 1796.7870677780345 1 0.99999607
252178122.0 0.0 1793.1397491400685 0 5.937e-07
263968694.0 0.0 1796.1786067944001 3 5.706204e-08
149851171.0 1.0 1797.974381736698 1 1.0
251150643.0 1.0 1795.4528318104133 1 0.9999747
365885995.0 1.0 1798.388755707189 1 1.0
251247961.0 1.0 1795.1816512753499 1 0.9999974
280035355.0 0.0 1810.4491142872953 2 0.00028146835
192884105.0 0.0 1812.661825613959 0 0.001136071
405623817.0 0.0 1812.348723076466 0 0.00015047999
367095517.0 1.0 1794.7213757422796 1 0.9999999
376195427.0 1.0 1798.305949795926 1 0.99999875
283251438.0 0.0 1809.201773730372 0 0.00014749124
407387075.0 1.0 1811.5571204323319 1 1.0
269597733.0 1.0 1811.553261930381 1 0.9999999
285272328.0 1.0 1795.0787891788675 1 0.9999567
365737112.0 1.0 1811.095573126019 1 0.99998593
286224054.0 0.0 1808.9108952909266 0 8.897456e-13
201104760.0 1.0 1795.599228305838 1 0.9999997
29109245.0 1.0 1795.9538836475917 1 1.0
453256745.0 0.0 1805.5356883207137 0 0.00048673167
184675875.0 0.0 1795.16184586009 2 9.43597e-09
269420198.0 0.0 1805.2011312034927 0 0.0013975645
81381712.0 0.0 1805.2649757265003 0 0.00020590528
320498016.0 0.0 1796.0146996009742 2 5.7326527e-10
427808873.0 1.0 1795.0552287812366 1 0.9999999
343623289.0 1.0 1794.3247322804166 1 0.9999977
453254150.0 0.0 1796.6398617733241 0 0.00016117316
229638988.0 1.0 1797.9907288616803 1 0.9999999
301993657.0 1.0 1795.1820809507424 1 1.0
165552573.0 1.0 1806.4056248422914 1 1.0
317645990.0 0.0 1796.5132547739825 2 5.811863e-11
348670956.0 1.0 1810.140162547433 1 0.99990827
378861516.0 1.0 1810.138801886716 1 0.9999965
272324340.0 0.0 1809.4512541414122 3 6.640578e-13
420454310.0 0.0 1805.222347929172 0 0.00015342204
237068644.0 1.0 1795.2620178967366 1 0.9999991
245548907.0 1.0 1799.4734835693114 1 0.99999654
445439566.0 0.0 1805.5149953037007 0 9.440999e-06
305562802.0 1.0 1810.1995743569144 1 1.0
427555953.0 1.0 1796.8259587611121 1 0.9999968
372630142.0 1.0 1798.3272850917301 1 0.9999959
359632086.0 0.0 1805.1978349743708 0 1.1159595e-07
357033231.0 1.0 1798.551764276886 1 0.9999987
279202207.0 1.0 1795.2223900118354 1 0.9999997
403037892.0 1.0 1794.4116839728347 1 0.99987876
196920546.0 0.0 1803.952794274691 3 2.0041161e-20
274949415.0 1.0 1799.6803262636563 1 0.99999934
399587190.0 0.0 1801.6407594319355 3 0.07716254
346786600.0 1.0 1811.1827541481152 1 1.0
369031592.0 1.0 1799.7433842138848 1 1.0
354116108.0 1.0 1806.42936822082 1 0.99598175
409530571.0 1.0 1810.9740523826295 1 1.0
417332401.0 1.0 1795.7222991325652 1 1.0
202926467.0 0.0 1796.6408629744665 0 0.00086678966
326963921.0 0.0 1812.3485421386933 0 7.978711e-06
13844018.0 1.0 1795.014647669195 1 0.9999975
367463947.0 0.0 1800.1405176997584 0 0.00046743697
367838397.0 0.0 1805.1989590406924 0 2.265638e-05
251513685.0 1.0 1796.5567377340608 1 0.9999999
85431003.0 1.0 1793.4953576835778 1 0.99999714
288391589.0 0.0 1805.4704680228729 2 2.654713e-07
194608369.0 1.0 1811.2452739172627 1 0.99999994
117113742.0 1.0 1805.4116186221656 1 0.9999999
270813758.0 1.0 1798.8888722805098 1 1.0
219900583.0 1.0 1805.6985437386097 1 0.9999424
139503099.0 1.0 1795.8911332388893 1 0.999997
219740340.0 1.0 1795.864275816513 1 0.99999976
291961702.0 0.0 1796.6406288979229 0 8.1016755e-05
322058806.0 1.0 1799.4501754267221 1 0.9999987
192691235.0 1.0 1794.057588901182 1 1.0
264178725.0 1.0 1805.4084172656871 1 0.9999912
376112177.0 1.0 1796.8047274602295 1 1.0
233629196.0 0.0 1812.385866191936 0 1.1937882e-05
417600455.0 1.0 1805.8665546803911 1 0.9999998
321544207.0 1.0 1795.0125842197042 1 1.0
288507955.0 0.0 1808.9704608757372 0 0.00038260582
384813951.0 0.0 1812.348586169609 0 0.00035434042
219117355.0 1.0 1799.615212733554 1 0.9987286
346678533.0 1.0 1811.4955368618605 1 0.99999964
165498199.0 0.0 1805.2390742326515 0 1.0893659e-08
83339750.0 1.0 1795.6600933459604 1 0.999794
323306240.0 0.0 1812.38776223141 0 0.0003152445
399797891.0 1.0 1795.5759775167505 1 0.9999924
332475164.0 0.0 1805.2388911833677 2 2.6654006e-06
450129274.0 0.0 1793.327726421425 0 9.641242e-08
256863477.0 1.0 1794.0118444152522 1 0.99478626
427800363.0 1.0 1811.0967746455565 1 0.99978465
192313589.0 1.0 1794.786763318957 1 0.9999994
219899510.0 0.0 1805.239871981312 0 3.0363592e-05
428256292.0 1.0 1798.0362896082797 1 0.99999934
250538904.0 0.0 1805.5778728072069 2 0.00039488438
28690469.0 1.0 1810.578079287732 1 0.9999999
250799836.0 0.0 1805.2446551012624 0 7.031163e-06
238654774.0 1.0 1795.5988179386732 1 1.0
256717300.0 1.0 1798.2420482375564 1 1.0
252186590.0 0.0 1809.2022614531354 0 0.0013956645
346022245.0 1.0 1811.098513167172 1 0.99969006
301916446.0 1.0 1796.7873160223603 1 1.0
428735483.0 1.0 1799.0345035123203 1 0.9999995
301420654.0 1.0 1811.0154789551675 1 0.9999997
366517337.0 0.0 1798.2622021790178 3 1.3331988e-25
453160576.0 1.0 1806.222806695408 1 0.9999997
399358798.0 0.0 1812.7022779621661 0 0.00022189443
292521301.0 1.0 1793.5365836839544 1 0.9999849
101352760.0 1.0 1795.6203741982285 1 0.9999995
117808602.0 1.0 1794.3073021832827 1 0.9999991
94367944.0 0.0 1810.412221650837 2 4.6164228e-06
427579590.0 1.0 1793.5787956946854 1 0.9996222
77633791.0 0.0 1808.9745903441335 0 0.0011007593
426111554.0 1.0 1797.2005144549457 1 0.9999958
388435585.0 1.0 1805.9715093044879 1 0.99999946
398307314.0 1.0 1805.825550261791 1 0.99999833
312551151.0 0.0 1794.3899157947617 2 2.757e-11
90669919.0 1.0 1810.4538847234946 1 0.99988973
90851587.0 1.0 1795.766144829745 1 0.99999416
354424466.0 0.0 1812.3465325304537 0 0.00095107924
116273288.0 0.0 1808.8905928874588 0 0.00074694736
412887771.0 1.0 1806.012759782137 1 0.99995685
229741985.0 0.0 1806.1363953179964 3 3.19848e-05
235985080.0 1.0 1794.8455160160458 1 0.9999648
376403308.0 1.0 1805.6381057662886 1 1.0
258829670.0 0.0 1800.4280217248297 2 2.065785e-06
433693135.0 0.0 1808.8673203224598 0 0.0031473225
428737982.0 0.0 1808.8885862489237 0 1.4175866e-10
284565098.0 0.0 1805.1984909252287 0 0.00010442243
21021749.0 0.0 1808.8494632660827 0 0.00035899508
408364941.0 1.0 1795.9503210855132 1 0.99991727
354178364.0 1.0 1810.2657740864636 1 0.9999903
301416430.0 0.0 1812.34868651208 0 4.3338186e-09
90767011.0 1.0 1793.3078900836335 1 0.9996462
35154187.0 1.0 1797.0788226012412 1 0.99962586
359556336.0 0.0 1797.781269583867 2 1.0482064e-12
321548549.0 1.0 1796.4084165351774 1 0.9993242
13264809.0 0.0 1805.306417549906 0 4.349621e-05
10702234.0 0.0 1808.9522771944035 0 0.00014450093
367242405.0 0.0 1812.3463555861235 0 4.862493e-06
117323091.0 1.0 1795.9114442347163 1 0.999995
423034554.0 0.0 1812.3693539967837 0 2.0361374e-06
28909709.0 1.0 1799.1206046839752 1 0.9999065
224604024.0 1.0 1806.134679578354 1 0.9999998
90569440.0 1.0 1795.8911920168086 1 0.99999756
374691551.0 1.0 1793.306954045448 1 0.9999942
237233368.0 1.0 1798.1578896607473 1 0.9999986
411576835.0 1.0 1797.929543749933 1 0.99961126
272226798.0 1.0 1811.1803994543086 1 0.9997919
352522257.0 0.0 1805.2643410779096 0 0.00028379733
241015904.0 1.0 1796.5569838903123 1 0.9999706
198236207.0 1.0 1793.343235200364 1 0.9999972
241027893.0 1.0 1806.3902306907012 1 1.0
433139697.0 1.0 1798.7244434292315 1 0.9999997
444441735.0 1.0 1799.3476746273222 1 0.9999999
82689448.0 0.0 1805.2856861933512 0 0.0004520827
378992100.0 0.0 1805.2222703800617 0 1.0320407e-07
250923819.0 0.0 1812.3487316013643 0 0.0014425808
453157638.0 1.0 1793.8271864773124 1 0.99999976
403256958.0 1.0 1800.097690380217 1 1.0
379534002.0 0.0 1809.03531705878 0 0.4606093
384837175.0 1.0 1810.1196969297525 1 0.99999756
192289702.0 1.0 1795.4533252554106 1 0.9999052
445285777.0 0.0 1796.639724643837 0 9.934334e-05
396339551.0 0.0 1805.9517281986398 3 7.7611636e-05
365944586.0 0.0 1808.8468687004954 0 0.0002016909
444494162.0 0.0 1793.139415951631 0 1.1711976e-05
230087452.0 1.0 1796.156328186823 1 0.99999994
419253653.0 0.0 1805.555873096511 0 7.1563775e-08
186988940.0 1.0 1793.5577828206706 1 1.0
118421181.0 1.0 1793.1830884577698 1 0.9999999
370853432.0 1.0 1811.0774564672663 1 1.0
331718137.0 1.0 1811.0980985175854 1 1.0
383674728.0 0.0 1812.4688165162845 0 5.980672e-07
332982936.0 1.0 1794.952408176713 1 0.9999979
241101553.0 1.0 1797.869590158383 1 0.9999999
50695492.0 0.0 1812.4107942226346 0 0.0006096828
202903126.0 1.0 1797.3700523238192 1 0.9999921
285909383.0 1.0 1799.0145874006926 1 0.9998352
198457457.0 0.0 1796.5931166933672 3 3.0391747e-18
230029334.0 1.0 1810.5110242113258 1 1.0
390526168.0 1.0 1810.5983691926917 1 0.99995995
81910333.0 1.0 1797.9938951016431 1 0.99992263
372118483.0 1.0 1797.8277143433745 1 1.0
54721476.0 0.0 1796.8897199456721 0 9.0196576e-05
368792432.0 0.0 1812.3682420290968 0 1.612803e-08
245458192.0 0.0 1812.36954425289 0 4.7071897e-08
367753822.0 0.0 1797.6990987428162 0 7.260981e-07
312776148.0 1.0 1795.6188830421574 1 0.9999999
368890185.0 1.0 1799.4723189021324 1 0.9999261
372259858.0 0.0 1808.8461171158447 0 6.301665e-05
229782614.0 0.0 1805.2820588203522 0 0.00092870335
67635386.0 1.0 1810.5159831721496 1 1.0
378293411.0 1.0 1797.4307702263663 1 1.0
387562042.0 0.0 1808.8454323529988 0 1.9270763e-05
403521659.0 1.0 1799.4943340592463 1 0.99999434
199682624.0 0.0 1812.4682273847932 0 0.0030726327
250718108.0 1.0 1798.265472678523 1 0.9999886
308711972.0 0.0 1812.6191747919377 0 0.00017309019
198416591.0 0.0 1796.2181919246434 3 9.9805435e-20
71982142.0 0.0 1808.8692790039865 0 5.047757e-07
399587190.0 0.0 1798.2657446497926 3 0.00033128465
289569855.0 1.0 1796.4682184242868 1 1.0
331984288.0 1.0 1794.51474732761 1 0.9999997
198280388.0 0.0 1794.5098202004126 3 5.874364e-18
417767562.0 0.0 1809.1175629746651 0 0.0001363419
433079797.0 1.0 1794.391055745809 1 0.999981
5635322.0 1.0 1796.9954580129056 1 1.0
28761158.0 0.0 1805.349115289638 0 0.0006049365
468293391.0 0.0 1797.1799450681199 3 1.2575507e-19
348307567.0 1.0 1795.5986678849158 1 0.99999034
284455777.0 1.0 1797.6569643920027 1 0.9999992
424120936.0 0.0 1805.4745674200485 0 0.00048834144
359586060.0 0.0 1809.176900712906 0 1.8538552e-06
369821282.0 0.0 1809.1808019583193 0 0.00018784811
316960588.0 1.0 1798.2650520808274 1 0.9999956
117406851.0 0.0 1795.3695674557296 2 2.4693218e-05
82395189.0 1.0 1794.3896281764603 1 0.9999993
198538313.0 0.0 1805.1973704471732 0 0.00087710255
367836207.0 1.0 1810.7200118295973 1 0.99999964
367188489.0 0.0 1808.8672178522697 0 9.418178e-07
284892749.0 0.0 1812.4266892029987 0 0.0010498136
312860374.0 0.0 1809.202244590587 0 2.1197063e-06
331814791.0 1.0 1795.284625788915 1 0.999964
377036419.0 1.0 1794.5966644677744 1 0.99999994
428325837.0 0.0 1805.2447375558681 0 0.00022823495
316629404.0 0.0 1812.348872391017 0 6.6780004e-08
353565609.0 0.0 1810.2226101908748 3 3.3056508e-14
433075966.0 1.0 1810.7659242106122 1 0.9999985
377335048.0 1.0 1810.1173017284282 1 1.0
285507494.0 1.0 1797.4112078251242 1 0.9999742
240701287.0 0.0 1793.1398875260643 0 2.739922e-05
249856862.0 1.0 1795.6613322177823 1 0.99978167
229463907.0 1.0 1795.594866041216 1 0.9999954
184587091.0 0.0 1809.1408666637767 0 0.0020136386
83523034.0 0.0 1808.8472911871356 0 5.5875225e-05
375712663.0 0.0 1812.408671595263 0 0.03495665
302544369.0 0.0 1796.641336483122 0 0.0011777295
29059845.0 0.0 1809.2039699434845 0 0.0077670524
232606710.0 1.0 1798.5518141878874 1 1.0
354742194.0 0.0 1809.2017685830106 0 7.5519993e-06
65648689.0 1.0 1806.411666372809 1 0.9999934
381849076.0 1.0 1796.0993321468331 1 0.999956
272323850.0 1.0 1795.0556924634502 1 1.0
283135126.0 1.0 1798.4104093652013 1 1.0
320498127.0 1.0 1793.764730408797 1 0.99999666
186988202.0 1.0 1798.9743907568527 1 1.0
353817714.0 1.0 1797.5932274351392 1 0.99998915
245716241.0 0.0 1796.8277026189378 0 0.00030449947
10709869.0 1.0 1795.41045278596 1 0.9999858
331726939.0 1.0 1796.9297846263278 1 0.99998575
323145595.0 1.0 1797.1792753391233 1 1.0
245634889.0 1.0 1797.4112166439754 1 0.99998957
241120119.0 0.0 1793.140530750179 0 4.2981983e-06
418219304.0 1.0 1796.0126136033098 1 0.9999997
397762695.0 0.0 1796.659693416866 2 6.132501e-05
245720392.0 0.0 1796.8067759330675 2 2.9170138e-15
334679038.0 1.0 1797.7405158095203 1 1.0
258393109.0 0.0 1812.3445805378278 0 6.620545e-05
12875048.0 1.0 1795.8051862140428 1 0.99999946
255993777.0 0.0 1805.8869890214344 3 0.00057199434
372723747.0 0.0 1805.3687779487145 0 0.00034122934
314591577.0 0.0 1793.324639261134 0 2.8175384e-08
270661813.0 1.0 1797.0971823084851 1 0.9999869
178076617.0 1.0 1793.6619755324687 1 1.0
370062153.0 0.0 1799.3900115248505 2 3.301005e-08
331793908.0 1.0 1794.0758361747048 1 1.0
229590708.0 1.0 1796.761501800664 1 0.999999
410733793.0 0.0 1808.8907635856385 0 0.0011573717
241068179.0 1.0 1793.9112572537297 1 0.99999654
192552396.0 1.0 1806.349191091063 1 0.99999994
233055311.0 0.0 1812.6354306383234 0 0.00015014861
22842062.0 0.0 1796.6413749188825 0 0.012578445
177804841.0 0.0 1805.2035974936764 0 0.0007125275
421684975.0 0.0 1805.5146904519033 0 0.00070241437
241088287.0 0.0 1800.140326802457 0 3.0155305e-05
250529744.0 1.0 1798.7655503938227 1 0.99968106
194730867.0 0.0 1812.3912084787698 0 0.0004526752
403400465.0 1.0 1796.2651552617967 1 0.9999072
348231491.0 1.0 1797.202653271505 1 0.9999999
352768077.0 1.0 1799.118467221813 1 0.99999726
373456959.0 0.0 1805.2010805504594 0 0.00022303795
245391330.0 1.0 1805.4111529337376 1 0.9999925
65288356.0 1.0 1795.0366293694226 1 0.9999952
388074219.0 0.0 1796.824967136173 0 0.0020858163
444588743.0 0.0 1793.1395179979438 0 0.0093791
236760114.0 0.0 1812.3442291098802 0 0.000550075
436873841.0 1.0 1810.3288204792555 1 0.99999833
49657950.0 0.0 1812.4522288494934 0 8.725062e-05
264915383.0 0.0 1793.3903257049162 0 0.000978571
321450723.0 1.0 1797.5333970390427 1 0.9999992
83810074.0 0.0 1805.2224149312754 0 8.1009034e-07
229512750.0 1.0 1796.7406900037802 1 0.99999964
285338552.0 0.0 1805.5559704303416 0 4.25546e-05
249919744.0 0.0 1812.3488235554194 0 0.0011242144
232677338.0 0.0 1808.8436197304745 0 0.00044131686
34821762.0 1.0 1797.203945801069 1 1.0
406683158.0 0.0 1793.4093968498235 0 3.0667458e-11
264298758.0 0.0 1808.8450720362757 0 4.0889e-05
229436622.0 0.0 1796.5322188678463 2 3.851016e-19
445530990.0 0.0 1812.3484887773268 0 4.654208e-05
83227510.0 0.0 1808.8889996350806 0 0.00013995107
370947635.0 1.0 1794.2859677330225 1 0.9999969
390743117.0 1.0 1798.306322897484 1 0.99999845
316468859.0 0.0 1805.2000425456717 0 1.8036686e-06
232604261.0 1.0 1794.0726204479543 1 0.99999803
10868459.0 0.0 1812.431407079233 0 7.1337337e-07
348135223.0 0.0 1805.2027283110485 0 2.4173103e-06
21123753.0 1.0 1798.7599957362672 1 0.9999995
373514129.0 0.0 1808.8469154398433 0 8.430805e-06
46476473.0 1.0 1793.599674142665 1 0.9999981
389838241.0 0.0 1805.5563411133635 0 3.1778766e-06
395769189.0 1.0 1810.909860613884 1 1.0
422989858.0 0.0 1812.384615434157 0 5.6839904e-06
229759631.0 1.0 1795.3029896474868 1 1.0
230025052.0 1.0 1805.2820655555577 1 0.999995
219094727.0 1.0 1797.0317504573309 1 0.99997604
101351543.0 1.0 1798.7662624578873 1 1.0
314642341.0 0.0 1796.907884852981 0 0.00034428557
449997359.0 1.0 1796.9937557494673 1 0.9999965
445351233.0 0.0 1796.639858512555 0 0.00011659381
410498550.0 1.0 1793.8072049966277 1 0.99999195
302072179.0 1.0 1796.3281993929643 1 0.99999434
1981434198.0 0.0 1807.0956716058465 3 1.6175102e-12
186939338.0 1.0 1810.4532742201332 1 0.9999786
403750431.0 1.0 1794.6816077912463 1 1.0
407311680.0 1.0 1798.222347985967 1 0.9999668
65648539.0 1.0 1794.7447587593792 1 0.9999459
271334324.0 1.0 1798.5763046132022 1 0.9999979
264252839.0 0.0 1796.4909478336133 2 0.0014315629
354242093.0 1.0 1810.721483884119 1 1.0
13279370.0 1.0 1796.8468213988758 1 0.9999044
269930796.0 1.0 1795.4304578127276 1 0.99999803
417852672.0 1.0 1799.5347751975717 1 0.99999994
256208556.0 0.0 1795.0976819263544 2 1.9416015e-15
81822846.0 1.0 1810.2025717884062 1 1.0
256311676.0 0.0 1809.1602191468248 0 0.0008509236
332870266.0 1.0 1796.848315568476 1 0.9999947
407421695.0 1.0 1811.3904747375811 1 1.0
428706728.0 1.0 1794.846770361203 1 0.999995
400532578.0 1.0 1799.9524524650546 1 1.0
233716661.0 0.0 1797.969110715019 0 1.841881e-05
22841121.0 1.0 1797.8705815933727 1 1.0
272785475.0 1.0 1793.3643949395528 1 0.99986655
250577024.0 0.0 1805.202838976097 0 0.00024398751
186940152.0 0.0 1805.474207812482 0 0.00041492895
101259735.0 0.0 1805.5996446750225 0 0.0028536143
67767538.0 0.0 1796.6410211228197 0 0.0015717086
67716306.0 0.0 1812.4743946590493 0 0.001169121
288638353.0 1.0 1805.7202487679676 1 0.9999999
354969380.0 1.0 1798.4726449478903 1 0.99999946
184731325.0 0.0 1809.0575009499498 0 0.0011443219
408100890.0 0.0 1797.4711181296725 2 3.8351794e-07
428054690.0 1.0 1810.4740533214688 1 1.0
235999243.0 0.0 1793.4497339068798 2 9.850646e-14
434625997.0 0.0 1796.1594365344545 3 7.15892e-11
309237193.0 1.0 1794.2860908839111 1 0.9999972
250498898.0 1.0 1798.59894757287 1 0.99999684
238771118.0 0.0 1812.4741410028678 0 2.1169113e-05
353939549.0 1.0 1811.3017601220236 1 0.99999166
376882425.0 0.0 1805.2200734322148 0 4.3695273e-08
85341948.0 1.0 1796.411927690322 1 1.0
255993777.0 0.0 1808.9702731355123 3 0.0015267448
285872467.0 1.0 1799.3071568983385 1 0.9923565
229651111.0 1.0 1806.3243239937294 1 1.0
428073030.0 1.0 1794.6612610473487 1 0.99976796
396355329.0 1.0 1797.9310392006405 1 0.9999999
241022650.0 0.0 1793.2027107058063 0 4.9711456e-05
332813730.0 1.0 1811.452167650349 1 0.9999999
230377991.0 1.0 1793.9693161031325 1 0.99999887
67461088.0 1.0 1793.9744280420407 1 1.0
331849016.0 1.0 1795.0341096821774 1 0.99999976
316629404.0 0.0 1805.2029814553916 0 0.00063264655
219897020.0 0.0 1808.8443370207517 0 8.728547e-06
272532173.0 0.0 1809.7220794004584 3 1.5062013e-13
301566776.0 1.0 1793.598744517817 1 0.9999938
366069438.0 0.0 1812.3884564588986 0 2.4337846e-06
265296856.0 1.0 1805.2236032673727 1 1.0
354643717.0 0.0 1812.3490538236833 0 0.0009633661
229973262.0 1.0 1811.4901970762608 1 0.999998
194672668.0 0.0 1808.9328565283543 0 0.0011781658
22842245.0 0.0 1805.3079529055085 0 0.00022205296
315919383.0 1.0 1810.1579885474846 1 0.9999922
68039151.0 0.0 1796.641068104655 0 0.0015216288
192464679.0 1.0 1796.8491947921043 1 0.9999998
279004215.0 1.0 1797.7435150637011 1 0.9999979
299333041.0 0.0 1812.7021719040915 0 0.00074879144
85489202.0 1.0 1796.2038129997393 1 1.0
192528133.0 1.0 1810.4534632177417 1 0.99999964
412353117.0 1.0 1793.6796345454625 1 0.9999983
420454160.0 0.0 1812.347236558744 0 0.00046786378
292845118.0 1.0 1798.7448448486218 1 0.9999907
264297913.0 1.0 1806.1159559266816 1 1.0
280321119.0 0.0 1805.2852276708925 0 8.9800174e-05
436927705.0 1.0 1810.32885102087 1 0.9999326
399200958.0 0.0 1812.6814184617313 0 0.0005025208
256486409.0 0.0 1812.4106941661094 0 0.00027841533
445224414.0 0.0 1812.7018365649456 0 0.0009225876
428208738.0 0.0 1796.6406374199066 0 0.0004896109
352929692.0 0.0 1796.805722684624 0 2.0138757e-05
292845139.0 1.0 1798.8906783270868 1 0.9946976
198416591.0 0.0 1794.1973663989575 3 1.19998e-14
178140121.0 0.0 1808.8495582379524 0 0.0025693108
378861197.0 1.0 1810.7846427323777 1 0.99999475
332681214.0 1.0 1795.3481946664 1 0.99999744
177764869.0 0.0 1805.2244655808636 0 0.001547668
233083400.0 1.0 1811.1978528398936 1 0.99999934
455897511.0 0.0 1808.8672516465492 0 0.00019605288
396263299.0 0.0 1800.3054887738951 0 1.4432449e-07
251270856.0 0.0 1808.8486739044345 0 0.0005673606
256583747.0 0.0 1808.8668240044435 0 0.00019738216
129910638.0 0.0 1812.7658114487563 0 0.0008004733
408621438.0 0.0 1809.0143157691273 0 0.0011204254
387997348.0 1.0 1795.366618788818 1 0.99999756
101000305.0 1.0 1800.0787745474183 1 0.9999996
417831560.0 1.0 1793.8078557446947 1 0.9999999
319599315.0 0.0 1805.5351495153504 0 9.1763944e-08
1981434198.0 0.0 1793.6166164873644 3 2.1927184e-13
410736221.0 0.0 1812.7657041487664 0 0.0006597835
407155874.0 0.0 1812.3471737694465 0 3.0117482e-05
396446258.0 1.0 1796.1804581521212 1 0.99999976
94335623.0 1.0 1810.7038134067193 1 1.0
396486931.0 0.0 1800.4299046350309 3 2.35666e-17
376773589.0 1.0 1797.1799639458993 1 0.9999998
367329364.0 1.0 1799.9713455454994 1 0.99999404
235681559.0 1.0 1794.8034963556863 1 0.9999934
415836428.0 1.0 1794.5781939821427 1 0.9999961
63465178.0 1.0 1795.0787001542408 1 0.9999979
284060490.0 1.0 1805.4746228233025 1 0.99999225
307111490.0 0.0 1808.8481778334137 0 0.0066914437
431988425.0 1.0 1796.3698739254403 1 1.0
387563791.0 1.0 1798.3456249112314 1 1.0
420843335.0 1.0 1810.347672622505 1 1.0
35022683.0 1.0 1795.0581121462387 1 0.99999905
184590715.0 0.0 1812.6406445760126 0 0.0011054113
338990572.0 1.0 1797.3675345843462 1 0.99994963
186627997.0 1.0 1806.0162113468537 1 1.0
82558409.0 0.0 1812.4107015146915 0 0.00013967896
50691155.0 0.0 1796.0147279579555 2 1.6761342e-06
139459369.0 1.0 1797.578650891507 1 0.99999815
264294796.0 0.0 1805.3042800441203 0 1.4335823e-06
241114076.0 1.0 1796.84875636642 1 0.99999845
272044881.0 1.0 1799.9514355988817 1 1.0
116842765.0 1.0 1797.3279968155543 1 0.9999993
381583665.0 0.0 1812.5781475142724 0 0.00086914917
283734531.0 0.0 1808.8682172229521 0 0.00017619258
186968146.0 0.0 1809.1616949612985 0 0.0049021067
241109533.0 1.0 1798.7444899980503 1 0.99999946
403340700.0 0.0 1805.5142928989662 0 4.6148284e-07
389764565.0 1.0 1797.598080174483 1 0.9999969
22872830.0 1.0 1810.4953555650484 1 0.99999714
245666311.0 0.0 1797.181786279868 2 1.7635111e-07
251652268.0 1.0 1798.8067469610262 1 0.99891865
315920101.0 0.0 1808.9705107197924 0 8.725761e-05
302316543.0 0.0 1812.3489998117716 0 6.091613e-06
357737852.0 1.0 1797.806036890135 1 0.99993575
395507510.0 1.0 1811.3473720976835 1 0.99999475
270139182.0 0.0 1808.8469284046155 0 0.00049740425
376108110.0 1.0 1810.5337896616143 1 1.0
271021609.0 1.0 1811.0969010103267 1 0.99999505
13946145.0 0.0 1805.2648556224713 0 0.0007257157
83896924.0 1.0 1810.2015346597104 1 0.9999999
83970704.0 0.0 1793.4099366759783 0 3.2758888e-07
317470793.0 0.0 1807.2424852894353 3 9.900208e-17
400250310.0 1.0 1799.4931328077519 1 1.0
256378205.0 1.0 1799.7200090124397 1 0.9999951
321443552.0 0.0 1805.2415885604833 0 2.7123647e-06
349353659.0 1.0 1793.5786744163324 1 1.0
241022632.0 0.0 1805.244248927819 0 0.00019420446
359676320.0 0.0 1811.2187628039778 3 0.0005928306
428067663.0 0.0 1808.8906842482586 0 0.0006006669
331546423.0 0.0 1808.8668797223695 0 3.9183084e-05
400738225.0 0.0 1805.3064904645184 0 9.682118e-05
116374151.0 0.0 1812.4324214717738 0 0.0011131882
219846806.0 1.0 1810.9485181781881 1 0.9999999
256476907.0 0.0 1809.2226297480358 0 8.007212e-05
353898012.0 1.0 1811.4474632695294 1 0.9997933
137082911.0 0.0 1793.3055706344032 0 1.4737351e-05
384912043.0 1.0 1797.0360081034053 1 1.0
406630681.0 1.0 1806.1384070027277 1 1.0
54204641.0 1.0 1794.4730150248067 1 0.9999711
422534219.0 1.0 1794.910492636824 1 0.99998343
256104717.0 1.0 1810.285325714005 1 0.9999999
359250620.0 0.0 1809.3057106890237 0 1.137007e-05
83618400.0 1.0 1795.4934865017844 1 0.9999998
427091874.0 1.0 1799.6583671823312 1 1.0
372860655.0 1.0 1794.702274044247 1 0.99999607
192289377.0 1.0 1798.9117175585864 1 0.9999909
292322994.0 1.0 1799.3281985835815 1 1.0
77632330.0 0.0 1805.2038585045884 0 0.0028921019
417840928.0 0.0 1809.119799245325 0 0.001147728
137126081.0 1.0 1793.951312223294 1 0.95664823
405794529.0 1.0 1793.9086104761038 1 0.9999998
83340134.0 0.0 1796.639253056059 0 0.00017156404
379084450.0 1.0 1798.9305792230728 1 0.99999946
184733196.0 0.0 1805.4951764773198 0 0.014800021
233079659.0 0.0 1812.5523151498237 3 5.973142e-08
428733975.0 0.0 1812.388705516839 0 0.00024221554
240863170.0 1.0 1796.2025761166196 1 1.0
252861056.0 0.0 1812.3906116488204 0 4.9390612e-05
427762938.0 1.0 1799.6178154629667 1 1.0
279343946.0 0.0 1810.9516450331946 2 4.6216725e-10
396603014.0 1.0 1810.7430407693578 1 0.99999386
390897188.0 0.0 1812.4108655984176 0 7.859958e-07
336118838.0 0.0 1793.1374039732086 0 0.001252375
427637444.0 1.0 1811.0767237167113 1 1.0
252131621.0 0.0 1809.1605141840419 0 0.0016987304
396355329.0 0.0 1809.1599614556721 0 0.0004141118
372685312.0 1.0 1797.8456059969137 1 0.99999696
263969784.0 0.0 1797.8662434743424 2 1.6691104e-08
369142891.0 1.0 1798.9516559049375 1 0.99996156
374787106.0 1.0 1810.9733189590734 1 0.9999999
229464649.0 0.0 1808.8863957844605 0 6.392501e-06
149925873.0 1.0 1793.5370009791145 1 0.99999964
351952821.0 0.0 1805.2015451214897 0 0.00022637675
428209812.0 1.0 1794.2030416290431 1 0.9999448
229646135.0 1.0 1796.1574718339484 1 1.0
367069292.0 1.0 1795.6797537002747 1 0.9998597
10497846.0 1.0 1810.993780784971 1 1.0
422369749.0 0.0 1805.1995642492357 0 3.2285005e-08
308287285.0 1.0 1796.6196092177045 1 0.99994445
387451160.0 1.0 1794.449802953015 1 0.9999999
428772370.0 0.0 1808.8468248007875 0 7.55185e-05
436924879.0 1.0 1811.2037959924596 1 0.9999943
229770518.0 1.0 1794.1155283776288 1 0.9999998
235985443.0 0.0 1812.3873291538707 0 1.39470685e-05
258801567.0 0.0 1805.198775525658 0 8.869526e-07
285576032.0 1.0 1795.1602893196653 1 0.9957929
399717755.0 0.0 1808.8467943559676 0 3.903878e-05
348673563.0 1.0 1797.1818742212756 1 0.99999726
232638764.0 1.0 1810.218832333137 1 0.9999999
77352549.0 1.0 1793.599618684196 1 0.9999773
289267373.0 1.0 1795.6178528123305 1 1.0
332684605.0 1.0 1810.4521512454978 1 1.0
82162011.0 0.0 1794.7439516679735 2 0.0012005315
351614562.0 0.0 1796.9099393638726 0 0.00066388235
139504359.0 1.0 1810.182628620128 1 0.99997157
399582774.0 0.0 1796.6409353684098 0 0.00762647
388436487.0 0.0 1804.9506009935499 3 1.8841902e-17
427385258.0 1.0 1797.8883534599574 1 0.9999674
368736611.0 1.0 1796.6597502683885 1 0.9999997
194612913.0 1.0 1810.432921482718 1 0.99999785
250503118.0 0.0 1796.6404546482124 0 0.00073559495
202927496.0 1.0 1793.7657971583058 1 1.0
395502308.0 0.0 1796.6386005177978 2 4.427616e-12
285508813.0 0.0 1795.973665689054 2 7.417372e-10
421110675.0 0.0 1795.8685562214225 3 1.6467765e-18
418416736.0 1.0 1810.701449550447 1 1.0
370273608.0 1.0 1795.2232458955714 1 0.99999934
332685563.0 1.0 1796.8692836874436 1 0.99995184
203034245.0 1.0 1794.5159139596303 1 1.0
428007710.0 0.0 1812.367618860942 0 2.2411768e-07
278933172.0 1.0 1805.5766023299634 1 1.0
400946657.0 1.0 1793.4518101846115 1 0.9999977
256323146.0 1.0 1806.4281097051157 1 0.9999998
357590680.0 0.0 1809.1396798615096 0 0.0013918915
237214483.0 0.0 1794.199441251804 0 1.8753363e-07
240972989.0 0.0 1812.369017925172 0 4.396247e-05
378647695.0 0.0 1796.909645326814 0 0.00025715327
22739840.0 1.0 1810.8911821764016 1 1.0
317010398.0 1.0 1810.7836278797115 1 0.9999986
219893598.0 0.0 1808.8443726986945 0 0.0002630326
420497818.0 1.0 1797.389113316383 1 0.9999998
366782446.0 1.0 1811.2212195266309 1 0.9999707
427727571.0 1.0 1799.3260053352344 1 0.9999786
283839452.0 1.0 1794.514401050542 1 1.0
369030560.0 1.0 1798.16001034133 1 0.99999934
256661026.0 0.0 1812.3655818189575 0 1.9060311e-06
275603938.0 0.0 1812.3664243909827 0 1.9840804e-06
21099543.0 1.0 1796.0997369683816 1 1.0
82621283.0 1.0 1797.8691330258384 1 0.9999994
384915146.0 1.0 1810.2027521323214 1 0.9999999
375073651.0 1.0 1810.8068808541725 1 0.99999607
233537988.0 0.0 1808.8650359507662 0 0.00010880764
387757211.0 1.0 1799.9915440178786 1 0.99999666
445302761.0 1.0 1793.7231768554032 1 1.0
402880107.0 1.0 1794.8670326286983 1 0.99999994
301912557.0 1.0 1798.3489909186499 1 0.9999999
250653460.0 1.0 1793.6820382198312 1 1.0
390734129.0 0.0 1794.348162686734 0 7.1900715e-05
335799318.0 1.0 1806.221219893993 1 0.9998635
321916217.0 0.0 1808.8874673569335 0 0.00012990045
352928514.0 1.0 1805.9099918383552 1 1.0
251619693.0 0.0 1808.8487712204076 0 0.00030618734
232610389.0 1.0 1795.42687665587 1 0.99999964
284143800.0 0.0 1812.701706862312 0 6.307431e-05
375905083.0 0.0 1793.325546606501 0 3.7939983e-05
377811502.0 1.0 1795.0553858679773 1 1.0
396610840.0 0.0 1808.8699044605562 0 1.2604013e-07
264102908.0 1.0 1810.5542561518114 1 0.999999
370271012.0 0.0 1809.181519383065 0 0.000242967
249954317.0 1.0 1794.1403550191824 1 0.99926805
333067940.0 1.0 1799.931624012377 1 1.0
424277622.0 1.0 1795.4313625002108 1 0.99999976
312777335.0 1.0 1794.6813989891555 1 0.99989974
417861143.0 1.0 1797.6598098028303 1 0.9999996
258394051.0 1.0 1793.7407360785169 1 0.9999997
428251922.0 1.0 1810.7239482307525 1 1.0
416046064.0 0.0 1812.6823934546505 0 0.00088553654
192776458.0 0.0 1812.9534288487657 0 0.00010316487
285905428.0 1.0 1794.8895717202727 1 0.9999999
356975809.0 0.0 1812.3640584744458 0 1.7319648e-07
416092741.0 1.0 1811.3492144084132 1 0.9999776
372863935.0 1.0 1805.8689903964498 1 0.9999997
385243741.0 1.0 1797.1615883691145 1 0.9999583
63509032.0 1.0 1798.7036641909067 1 0.99999917
407208818.0 1.0 1811.284667472423 1 0.99998206
246971072.0 1.0 1793.3914804478159 1 0.9999999
379530164.0 1.0 1797.472607338043 1 1.0
431855914.0 0.0 1812.411905244081 0 0.001155739
238771755.0 1.0 1793.682435091067 1 1.0
285673942.0 0.0 1796.827951780469 0 7.837307e-05
263969675.0 1.0 1797.137054649895 1 0.9999999
241139024.0 0.0 1808.8903354049903 0 4.6304172e-05
428478406.0 0.0 1809.2641635738548 0 0.0005599087
265276371.0 0.0 1796.86756087721 2 6.930731e-05
302318972.0 1.0 1794.8905620963117 1 0.9999951
398371142.0 1.0 1793.4082463013776 1 0.99999785
129822427.0 0.0 1805.495203569692 0 0.00038949877
272332006.0 0.0 1805.2012954500276 0 0.00062358746
378287918.0 1.0 1797.9515347196173 1 1.0
444450192.0 0.0 1809.1809012199842 0 0.0005529343
291961909.0 1.0 1799.1197982190133 1 1.0
346730890.0 0.0 1805.847454044551 0 0.00014213326
377288162.0 0.0 1796.0341629450404 2 4.222705e-06
292689571.0 1.0 1798.599178055472 1 0.99999726
283940900.0 1.0 1800.0559776410096 1 1.0
237081125.0 0.0 1797.4078681962249 2 0.00021964447
366673958.0 1.0 1805.9503705183636 1 0.99999905
353175934.0 1.0 1795.0768397834836 1 0.9999484
235940299.0 1.0 1796.4913954950505 1 0.99999905
431802820.0 1.0 1796.453378343242 1 0.99994993
389909343.0 1.0 1798.0146605144823 1 0.999999
385153476.0 1.0 1805.6616680733887 1 0.9999997
53870126.0 1.0 1795.6603980831371 1 1.0
139553692.0 1.0 1795.7661370625685 1 1.0
116851410.0 1.0 1795.4323130258726 1 0.99999946
351956085.0 0.0 1810.3680785924964 2 5.5344784e-10
367103341.0 0.0 1809.1375322558893 0 0.00011660727
240956678.0 1.0 1794.4736105136437 1 1.0
390975039.0 1.0 1795.5958453560415 1 0.99394643
395941845.0 1.0 1794.5554581271454 1 0.9999839
445111355.0 1.0 1799.4104732761252 1 1.0
422432095.0 1.0 1811.074823114806 1 0.99999374
422706627.0 0.0 1808.8677083851462 0 1.6533582e-05
233569371.0 0.0 1796.9069169712568 0 5.9049537e-05
285339013.0 0.0 1809.764240281306 3 0.01530295
428479891.0 1.0 1806.3683642061658 1 0.99999994
13702883.0 1.0 1797.5772230178643 1 0.9999968
68152527.0 1.0 1810.1618872816548 1 1.0
320499012.0 1.0 1810.5560523407978 1 1.0
237098134.0 1.0 1794.9687414273906 1 1.0
369731587.0 0.0 1809.2016471143593 0 0.005125519
292197951.0 0.0 1795.619802147166 2 6.9845557e-10
405432240.0 1.0 1797.1206002519434 1 1.0
375843772.0 0.0 1796.450624068101 2 2.8169255e-12
367279241.0 1.0 1797.013064290551 1 0.999999
367753470.0 1.0 1811.0325629403828 1 0.9999998
285276258.0 1.0 1794.5162124937458 1 0.9999971
401013386.0 1.0 1794.098565526125 1 0.99999875
389961180.0 0.0 1794.4061556875088 0 1.0848875e-05
403688942.0 1.0 1797.744442758325 1 0.9999878
21178009.0 1.0 1805.5162952184278 1 0.9999951
265300862.0 0.0 1805.2028614436733 0 0.000119119875
408364844.0 0.0 1800.3252489726092 0 0.0013458034
331793189.0 1.0 1795.034280362686 1 0.9999989
293066086.0 0.0 1804.7031939615456 3 2.4233827e-11
81691480.0 0.0 1794.3481661962317 0 0.0004896582
259168010.0 1.0 1806.0530833951664 1 0.99960923
129791140.0 0.0 1812.6408760225713 0 0.000528498
321825159.0 1.0 1796.2001472454112 1 0.99986255
289088840.0 0.0 1808.8473105721835 0 6.1470894e-07
101349494.0 0.0 1800.141370576276 0 0.0026463734
117749081.0 1.0 1810.265819905258 1 0.9999984
117617573.0 0.0 1793.140588444569 0 7.665963e-09
389767650.0 0.0 1809.2022299096125 0 2.3653236e-05
370950181.0 0.0 1805.2235130357171 0 0.00029382488
357669546.0 0.0 1797.8481181143336 0 0.0002085418
54993535.0 1.0 1795.9314287983518 1 0.99999934
333706188.0 0.0 1805.199706685191 0 0.00016254891
202354046.0 0.0 1805.1974986991418 0 0.00015400304
184693363.0 1.0 1794.7660686308398 1 0.99999994
73625027.0 1.0 1811.2244411872632 1 1.0
63401350.0 0.0 1809.120107846651 0 0.0028687336
104056866.0 0.0 1812.3488987224605 0 1.4277413e-05
269325714.0 1.0 1798.7844797292646 1 0.99999803
235686753.0 0.0 1805.219973631841 0 9.7963864e-05
331719921.0 0.0 1812.702197388379 0 3.287004e-05
306951692.0 0.0 1812.6813160104448 0 0.0009125194
284454457.0 1.0 1805.615090776167 1 0.9999993
194780717.0 1.0 1806.411992702822 1 0.9998931
349977587.0 1.0 1793.4704012628017 1 1.0
375073265.0 1.0 1806.0985830464267 1 0.999475
251309211.0 1.0 1796.327554424954 1 0.9999982
233120505.0 1.0 1810.8854814461824 1 0.99999994
252152209.0 1.0 1797.7022243146585 1 0.99999046
348522947.0 0.0 1808.8486507387345 0 0.00014519082
268332946.0 1.0 1795.9079729775033 1 0.99996734
5673082.0 1.0 1795.8288114916306 1 0.99997675
178046393.0 1.0 1793.9326127256625 1 1.0
418133774.0 0.0 1805.222311815849 0 1.6588342e-06
245752111.0 1.0 1799.1401861566214 1 0.9999965
307276813.0 0.0 1808.9107272413717 0 0.00094967394
272230662.0 1.0 1795.8057112591562 1 1.0
428170179.0 0.0 1808.869698650137 0 2.4983663e-07
293062051.0 1.0 1793.4116742654687 1 1.0
354841987.0 1.0 1797.5561341209464 1 0.9999998
375599544.0 1.0 1798.700512937258 1 0.9997961
186988179.0 1.0 1810.9950284004783 1 0.99999815
233719747.0 0.0 1797.969004442844 0 0.0005260773
285086917.0 0.0 1808.8485842263392 0 0.00079326524
377251803.0 0.0 1812.4479735142402 3 1.2325529e-11
428114976.0 1.0 1796.8489341819416 1 0.9999999
10605372.0 0.0 1808.9522786649636 0 1.5408148e-05
77173813.0 1.0 1794.9745477015551 1 0.9999883
229676244.0 0.0 1807.115669131839 3 1.296679e-10
395583247.0 1.0 1799.2848611826123 1 1.0
452987502.0 1.0 1811.3892793029493 1 1.0
354799429.0 0.0 1794.4737996329204 2 1.4422118e-06
445606247.0 0.0 1805.202788048739 0 0.0011143093
365732198.0 1.0 1794.2831394141265 1 0.99999994
348440696.0 0.0 1808.8692627040105 0 0.00030413218
428747225.0 1.0 1805.2216968034768 1 0.9973193
288673363.0 1.0 1797.1160913071985 1 1.0
450134765.0 1.0 1810.4110272360647 1 1.0
259168895.0 1.0 1811.053027459943 1 0.9999779
249835566.0 0.0 1805.2031078690113 0 0.0007938854
354543696.0 1.0 1805.7861201929825 1 0.9999124
387603862.0 0.0 1796.824768593288 0 0.002297339
279191380.0 0.0 1800.1393908358814 0 0.00013257313
233612467.0 1.0 1798.8025992252897 1 0.9999996
350129648.0 1.0 1798.1999824458903 1 0.99999934
453152186.0 0.0 1809.160381482789 0 0.0014377013
201002282.0 1.0 1795.9534910102734 1 0.9999993
402208218.0 1.0 1793.7660200257242 1 0.9999977
285331383.0 0.0 1812.9101130498857 0 4.5657587e-05
229506391.0 1.0 1810.3445542153304 1 0.99999994
236815701.0 1.0 1796.92744990488 1 0.9999923
402978556.0 0.0 1805.2006852413665 0 0.0005413737
230018510.0 1.0 1795.6570581679412 1 0.9999839
377280820.0 0.0 1810.6798281452573 2 6.147449e-13
445236390.0 1.0 1794.014837412176 1 0.99994254
264026982.0 1.0 1797.3456146096946 1 0.99999976
350072239.0 1.0 1797.1791315644664 1 1.0
390466824.0 1.0 1796.660629547837 1 0.99999964
192883327.0 0.0 1805.203523215251 0 3.420302e-06
389911307.0 1.0 1796.368860353551 1 1.0
367186580.0 1.0 1810.408844429161 1 0.9960751
396603611.0 1.0 1799.2012487049176 1 0.9999999
117259862.0 0.0 1805.4532282219157 2 0.0025269901
384729631.0 1.0 1795.84864587815 1 1.0
11331990.0 0.0 1799.4312304533703 2 5.7923558e-06
139580499.0 0.0 1805.3493714536116 0 0.00085229083
177765317.0 1.0 1799.5785832617694 1 0.9998187
427513870.0 1.0 1810.86736107169 1 0.9999939
315823443.0 1.0 1798.3903470462167 1 1.0
250560226.0 1.0 1799.4946950109995 1 1.0
441767564.0 1.0 1811.0529128893684 1 0.9998953
245512030.0 0.0 1798.327780565997 2 1.0628857e-11
245503380.0 1.0 1796.3694504531927 1 0.99964195
241115336.0 0.0 1812.3694703074088 0 0.0004645559
252161220.0 1.0 1798.9524328705431 1 0.9999966
230018866.0 1.0 1799.3652943278437 1 0.99998236
249892880.0 0.0 1799.5154435152797 2 8.410695e-17
415837750.0 0.0 1808.848891636149 0 0.0013002248
326722452.0 0.0 1805.201333447001 0 7.100578e-08
322345893.0 0.0 1796.4320038027784 2 1.545101e-07
21179484.0 0.0 1812.4472130778272 0 0.0009797482
400506070.0 1.0 1795.306654182778 1 1.0
229597519.0 0.0 1794.1987714421832 0 0.001151721
240748813.0 1.0 1810.8687447905022 1 1.0
455961763.0 1.0 1796.9299730187802 1 0.9998596
400194383.0 0.0 1812.347150478118 0 0.00013295063
251152335.0 0.0 1794.7861825257748 2 0.0021937485
241051394.0 1.0 1811.2858687642013 1 0.9999998
394128962.0 1.0 1806.1160660848268 1 1.0
258775864.0 1.0 1797.7822892781544 1 0.9999999
422657796.0 1.0 1810.1800170582767 1 0.9999999
200935603.0 1.0 1794.349223231948 1 0.9999999
307984487.0 1.0 1796.2599810646052 1 1.0
415959532.0 1.0 1811.4322229969475 1 0.9999973
388135757.0 0.0 1796.824981893417 0 0.00011251969
285674570.0 0.0 1811.07817189732 2 4.569965e-06
238738206.0 1.0 1795.2659082420514 1 0.9999955
370122916.0 0.0 1809.1814303817357 0 0.0028283293
21124574.0 1.0 1810.5306414583993 1 0.99971557
275460266.0 0.0 1805.3268332013974 0 0.0007757916
336818021.0 1.0 1798.7214256127493 1 0.9999856
331859639.0 0.0 1793.1400406745972 0 7.1008394e-06
308219107.0 1.0 1796.4318360019827 1 0.99999994
377035146.0 1.0 1799.2424743098027 1 0.9999565
322266557.0 1.0 1796.8877444080188 1 1.0
376113486.0 1.0 1805.992185827682 1 0.9999982
116556486.0 1.0 1796.161317204438 1 0.9999935
12799440.0 1.0 1797.3051092473127 1 0.9999998
346783960.0 0.0 1808.2660878398653 3 0.011823745
453182555.0 0.0 1809.3064212764623 0 0.0023270762
233496887.0 0.0 1794.1984987712556 0 4.132424e-05
427515476.0 0.0 1812.3673250807037 0 2.6055893e-06
333062752.0 0.0 1799.9939914498707 2 6.1213106e-13
428170643.0 1.0 1795.161285067068 1 0.99999565
241126022.0 1.0 1811.1610273219444 1 1.0
354403041.0 1.0 1793.682150529475 1 1.0
160585377.0 1.0 1810.8237935081127 1 0.9999116
81688391.0 0.0 1805.2026217344774 0 0.00023587323
396569017.0 1.0 1798.5973373936351 1 0.9999953
292849468.0 0.0 1809.1407429426872 0 0.00060384726
422827758.0 1.0 1795.282389817718 1 0.99999917
186662850.0 0.0 1805.3494639303601 0 0.00027018817
400949414.0 0.0 1796.6408649487903 0 0.00025062484
370595729.0 1.0 1797.6402030666936 1 1.0
340906577.0 1.0 1797.6996566612452 1 1.0
272324340.0 0.0 1797.305661015262 3 2.9985475e-10
292275122.0 1.0 1799.6823381786764 1 0.99999845
396244148.0 1.0 1799.1804438513943 1 1.0
237287334.0 1.0 1810.1370813320568 1 1.0
271746835.0 1.0 1810.9928579752282 1 0.99999774
249921967.0 1.0 1799.5571176209057 1 0.9999839
323402896.0 0.0 1798.346291358667 2 2.907623e-06
199688409.0 0.0 1799.0304824309792 3 3.7224572e-12
12408220.0 1.0 1795.8272215261406 1 0.99995816
116992839.0 0.0 1808.8699321658403 0 2.7498743e-05
421110675.0 0.0 1806.3893069117853 3 7.96223e-11
255995855.0 0.0 1808.9495464437775 0 0.0021937306
302389677.0 0.0 1796.8279016576716 0 0.000119324846
285510909.0 1.0 1810.8901404115245 1 0.99999994
199657327.0 1.0 1794.0096698916195 1 1.0
237099861.0 1.0 1796.322699618219 1 0.99999857
376891083.0 0.0 1808.9089484579724 3 9.678613e-11
285685590.0 1.0 1795.7022061677485 1 0.9999992
252140076.0 0.0 1811.0563508148357 3 3.6871032e-13
252151528.0 1.0 1794.9105529087421 1 0.9999889
354795576.0 1.0 1799.4115008414788 1 0.99847007
28778072.0 0.0 1805.557353175147 0 0.0011244874
192877594.0 1.0 1793.515739896236 1 0.99999905
372793338.0 1.0 1794.9103898429407 1 0.99999994
52346209.0 1.0 1811.285076111936 1 1.0
403257785.0 1.0 1795.0144114899945 1 1.0
233048233.0 0.0 1797.968856751855 0 8.477603e-05
396012426.0 0.0 1793.3055991197064 0 5.121434e-11
104193992.0 1.0 1797.8698841521316 1 0.99999964
374481798.0 1.0 1796.8484989274034 1 0.99888766
265094486.0 1.0 1794.9110694790918 1 0.99999857
370351780.0 0.0 1805.5566562595795 0 0.0013117066
20703587.0 0.0 1812.349051318372 0 0.0006802068
241017747.0 0.0 1796.1194047734368 3 9.740009e-21
406679745.0 0.0 1805.2217809904269 0 0.0011171753
139553692.0 0.0 1812.6409925946703 0 0.00049317424
354245142.0 0.0 1793.138046238412 0 6.7405263e-06
10510620.0 1.0 1796.597987730927 1 0.9999999
272230579.0 0.0 1812.4303564949287 0 4.765662e-06
101168461.0 1.0 1794.4537164508622 1 0.9999974
417644996.0 1.0 1805.4916209705161 1 1.0
326260646.0 0.0 1793.407777564657 0 7.8142773e-07
265308463.0 1.0 1796.5958804456575 1 0.99999994
236878145.0 0.0 1808.8865477539698 0 5.1009494e-08
198160374.0 1.0 1798.2597504132286 1 0.9999146
286572982.0 1.0 1798.7647817223142 1 1.0
428211182.0 0.0 1812.3491343465034 0 0.0029444278
116273374.0 0.0 1812.348912582063 0 9.1256e-06
415975425.0 1.0 1797.4742389401536 1 1.0
302087578.0 1.0 1797.8491748377444 1 1.0
29053989.0 0.0 1797.870612672707 3 0.01678065
5720927.0 1.0 1794.1830359093196 1 1.0
256478371.0 0.0 1809.2017709700997 0 0.0009285344
237198580.0 1.0 1810.241060547569 1 1.0
240981856.0 1.0 1795.49453295758 1 1.0
431855516.0 0.0 1793.1407702348413 0 0.0014829915
199572333.0 1.0 1796.9056024828606 1 0.9999985
399018538.0 0.0 1799.2441728218323 2 8.383493e-06
52358228.0 1.0 1798.3477917383832 1 1.0
367424517.0 1.0 1798.5547011167416 1 0.99997914
184735618.0 1.0 1796.7243172534663 1 0.9999772
10966339.0 1.0 1798.1189716190602 1 1.0
232602378.0 0.0 1793.9894158952973 2 9.717824e-06
424437726.0 1.0 1810.9067790366494 1 0.9999794
235940888.0 1.0 1805.5954827536705 1 0.9999976
332568888.0 0.0 1812.7022483101503 0 3.4339605e-06
65081990.0 0.0 1796.6409424331632 0 0.0003490802
376161251.0 1.0 1796.9298742675962 1 0.99999994
200862766.0 1.0 1805.9536882518785 1 0.9999999
423950693.0 1.0 1799.7836486367228 1 1.0
139426112.0 0.0 1809.1410541101623 0 0.004966739
280185494.0 1.0 1798.222849792354 1 1.0
10510046.0 0.0 1808.9938280520694 0 0.107035026
90671343.0 0.0 1812.6204912160304 0 0.016346928
256313527.0 1.0 1811.0352169254807 1 1.0
230381185.0 0.0 1811.3443944821506 2 0.00021560173
434979747.0 1.0 1810.8882937875399 1 1.0
398182591.0 1.0 1795.7226873065588 1 1.0
354251155.0 0.0 1796.6402495339134 0 1.9785932e-05
129870247.0 1.0 1796.8078156114439 1 1.0
252168825.0 1.0 1797.5982019475002 1 0.9999937
232616272.0 0.0 1798.3227688479433 2 2.6239847e-13
376978887.0 1.0 1798.5939842621142 1 0.99999917
373130255.0 1.0 1797.992784380099 1 0.9999997
317065894.0 1.0 1794.9295237187966 1 0.9991641
219896295.0 0.0 1809.073286615843 0 0.00018507286
410742036.0 1.0 1798.3906696986899 1 0.9999868
403524373.0 0.0 1805.2235226620012 0 1.6887019e-06
252149117.0 1.0 1794.577209251578 1 1.0
288513991.0 0.0 1812.3872691097952 0 0.00037732508
302776074.0 1.0 1795.826803822107 1 1.0
415904118.0 0.0 1795.724120446015 2 3.250708e-08
388036867.0 1.0 1798.1999567818923 1 0.999939
347115096.0 1.0 1811.4723198046534 1 0.99999964
368728537.0 1.0 1810.3890713632836 1 0.9999993
327706965.0 0.0 1808.8695719850855 0 1.54763e-05
374833923.0 0.0 1810.5983362855313 2 4.9357845e-07
26392208.0 0.0 1800.141346155235 0 0.0006308637
235993250.0 0.0 1808.908240476452 0 0.0075889756
452988805.0 0.0 1812.7017290537804 0 2.6594362e-06
241068433.0 1.0 1794.161247172384 1 1.0
367681735.0 0.0 1795.4692249725533 3 2.7644596e-16
368509333.0 1.0 1811.367869548899 1 1.0
388527038.0 1.0 1810.450732864188 1 1.0
353004614.0 1.0 1794.6808237063062 1 0.99999815
286403817.0 1.0 1797.556261440338 1 1.0
177918201.0 1.0 1797.891219275805 1 0.9999996
366502502.0 0.0 1793.3253229901568 0 0.00050734996
369731169.0 1.0 1806.0350618435473 1 1.0
293190850.0 1.0 1798.932464802375 1 0.9999921
356862553.0 0.0 1796.9068247744117 0 0.00038554816
308119982.0 0.0 1805.3275801387292 0 3.6104535e-07
237098273.0 1.0 1793.4687723708687 1 0.99844825
390573782.0 1.0 1794.5355517900425 1 0.99999446
369993218.0 0.0 1810.9730140379163 2 7.8697035e-08
46503499.0 0.0 1805.5372970826004 0 0.002726105
359588615.0 0.0 1808.2601944711982 3 0.0065172366
240749356.0 1.0 1793.9940945714604 1 1.0
279344187.0 1.0 1795.0973761860932 1 1.0
240992873.0 1.0 1810.3691994715994 1 0.9994048
83729128.0 0.0 1812.368049638294 0 2.0520349e-05
94278977.0 0.0 1809.1205033095725 0 0.0010925464
331865153.0 0.0 1796.8048724937566 0 7.078526e-05
408729609.0 0.0 1808.8468294251716 0 0.008773202
12000811.0 0.0 1812.4521818964465 0 0.00011582741
71979020.0 1.0 1793.7026116089587 1 1.0
230078223.0 0.0 1805.2188702655117 0 0.00010633138
229973739.0 1.0 1798.886197122859 1 0.9999963
357821278.0 0.0 1808.9519659651412 0 5.870188e-07
245664711.0 1.0 1798.6401727384462 1 1.0
307480468.0 1.0 1794.0365849181242 1 1.0
311188656.0 0.0 1799.4275852225815 3 7.558896e-05
347495290.0 1.0 1794.828183676382 1 1.0
285046311.0 1.0 1793.6393884110676 1 0.9999234
272330264.0 0.0 1805.492973256673 2 1.2613633e-05
357745325.0 1.0 1796.076649908008 1 0.99997705
395387066.0 1.0 1795.9514817452737 1 0.9999947
444596356.0 0.0 1809.4729425585454 0 0.00019814132
348025382.0 1.0 1805.3693967370784 1 0.99999595
431986770.0 0.0 1808.9325676871756 0 0.01332847
387627144.0 1.0 1797.94983808342 1 0.9999999
201361586.0 1.0 1799.0369434143295 1 0.9999624
71930971.0 0.0 1793.13996557069 0 2.0889618e-06
292156689.0 1.0 1810.9114875919336 1 0.99998444
283251783.0 0.0 1809.18094430694 0 5.2497353e-06
52187517.0 0.0 1809.326984303067 0 0.0002530524
275458930.0 0.0 1810.5343849724597 2 0.00010419893
327583469.0 1.0 1799.6810495252018 1 1.0
306553760.0 0.0 1812.6604801480285 0 0.000116343035
431990675.0 1.0 1798.4324915866634 1 0.99999994
368456218.0 0.0 1805.2014242670632 0 0.005114778
177969053.0 1.0 1799.0577427567039 1 0.9999974
198384611.0 1.0 1805.988782230949 1 1.0
50842009.0 1.0 1798.7231724452613 1 0.9999386
321593112.0 0.0 1809.1166001252852 0 0.00026709394
323145430.0 1.0 1811.1791806267627 1 0.9999953
428046836.0 0.0 1805.2447073247372 0 0.000911623
402204433.0 1.0 1795.3491948834603 1 1.0
445646082.0 0.0 1805.1819330982644 3 4.8225486e-09
67518542.0 1.0 1798.0783876920125 1 0.9999717
353610464.0 1.0 1795.3478235837754 1 0.9999922
101407749.0 1.0 1805.7455309067552 1 0.99997616
229997695.0 0.0 1808.8861759086792 0 2.3120183e-06
351367155.0 1.0 1800.0556964035045 1 0.99997467
249953542.0 0.0 1796.827917874123 0 1.4222689e-05
289139323.0 1.0 1806.3473773445 1 1.0
200792606.0 0.0 1797.6618856915704 3 3.5534215e-06
302071120.0 1.0 1799.2032234093806 1 0.9999693
288431006.0 1.0 1811.5536269177535 1 0.9999942
52944642.0 1.0 1795.2437510668053 1 1.0
445410590.0 0.0 1796.6398496971494 0 8.025087e-06
377785772.0 1.0 1797.1157242548668 1 0.9999999
327573921.0 1.0 1799.6199036321104 1 0.9999999
368685485.0 1.0 1795.0350369956034 1 1.0
441734144.0 0.0 1795.928036480876 3 1.05713085e-20
366782466.0 1.0 1798.8254574158577 1 0.99977815
436873082.0 1.0 1796.620652817856 1 1.0
184610680.0 1.0 1811.494897650391 1 0.99999994
327189417.0 1.0 1797.015668106432 1 0.9994559
68152143.0 1.0 1796.8494067414629 1 0.99999964
238741070.0 1.0 1797.4116478273788 1 1.0
241098754.0 1.0 1799.5780369615766 1 1.0
186808201.0 1.0 1795.6411669206468 1 0.9999994
320051095.0 1.0 1810.6184440733791 1 1.0
230396530.0 1.0 1799.0943468293985 1 1.0
431994057.0 1.0 1795.2241639507358 1 0.9999995
198185068.0 0.0 1808.843343866167 0 0.0014720493
445189295.0 0.0 1809.2020938369294 0 1.0506616e-06
358901754.0 1.0 1810.8258340596362 1 0.9999966
34577942.0 1.0 1798.0373120771214 1 0.9999996
376965007.0 0.0 1793.40913655177 0 0.00029065838
372112312.0 0.0 1793.327516831101 0 0.0005215975
312056839.0 1.0 1806.0769159509107 1 0.9999999
229507398.0 0.0 1793.4074324858261 0 1.3046744e-06
54464577.0 1.0 1795.7853629661588 1 0.99999976
422520434.0 1.0 1793.4295900548086 1 0.9999984
348021286.0 0.0 1806.6609723256604 3 1.5063523e-07
270441804.0 0.0 1812.3468450479677 0 8.044277e-05
230126562.0 1.0 1794.9271262629009 1 0.9999997
341814845.0 0.0 1812.676402335735 0 0.0011246813
272421743.0 1.0 1805.5762760664852 1 0.9999986
428752464.0 0.0 1796.804700848811 0 3.890042e-05
347560905.0 1.0 1799.4743319524944 1 1.0
46479350.0 1.0 1794.8080041393735 1 0.99999595
229968146.0 1.0 1805.636025013182 1 1.0
292398977.0 1.0 1805.3906889236637 1 0.99999976
327124382.0 1.0 1794.5144902713066 1 1.0
423750260.0 1.0 1810.2858578221117 1 0.99210507
445383420.0 0.0 1805.5146990861422 0 2.9798879e-05
1981434198.0 0.0 1811.0747887060004 3 6.4975256e-12
82976437.0 1.0 1794.7640932156412 1 1.0
431758389.0 0.0 1812.4534096011218 0 0.0005639722
26648167.0 1.0 1797.6828887341608 1 0.9995134
73448023.0 1.0 1798.8288414064584 1 0.99998754
284565271.0 0.0 1805.1985062877854 0 2.5455258e-05
331549197.0 1.0 1811.1585214290665 1 0.99999994
279288019.0 0.0 1810.3473325099023 2 2.1815995e-05
194779767.0 0.0 1808.8495310746014 0 0.00016727287
12989429.0 1.0 1811.4105002233255 1 0.9999962
20800880.0 1.0 1796.9741996484445 1 0.99999946
229461186.0 0.0 1796.7197193237566 3 1.1334288e-16
286479089.0 0.0 1794.3480966058455 0 0.00047012902
359441156.0 1.0 1798.5767979644575 1 0.9999873
241090100.0 0.0 1796.6402975790227 0 7.045084e-06
269664545.0 1.0 1794.6577249348964 1 0.9999919
237233754.0 1.0 1795.5536915624436 1 0.9999925
249856383.0 0.0 1793.3279908482946 0 6.203352e-06
376260525.0 1.0 1796.222570508335 1 0.9999994
444744358.0 0.0 1812.4937278582424 0 0.017917152
315728194.0 0.0 1812.348608041261 0 0.00022629344
374401210.0 0.0 1805.3063838447158 0 0.000116904295
118270691.0 0.0 1805.2870213960516 0 0.0017954407
453011966.0 0.0 1793.1397850860624 0 0.0043311547
238700016.0 1.0 1798.5574413191848 1 1.0
422960767.0 1.0 1793.8490301999989 1 0.99881405
20705894.0 1.0 1796.5574953899222 1 0.99999917
82339604.0 1.0 1810.8068534128734 1 0.9999958
367754616.0 1.0 1796.4076419429894 1 1.0
283252091.0 0.0 1799.639364472968 2 1.3601259e-11
81912531.0 0.0 1797.847973523615 0 0.00057311496
403432262.0 1.0 1805.9315853032824 1 0.9999997
307599459.0 1.0 1806.390367061699 1 0.99999976
285431684.0 1.0 1811.224353029192 1 1.0
230029160.0 0.0 1798.2404048010114 2 1.7402795e-13
301737528.0 1.0 1797.5988818517471 1 0.99998605
241112109.0 1.0 1794.30700711237 1 0.9999976
366552720.0 1.0 1795.6169469347162 1 1.0
381653659.0 0.0 1805.49494047385 0 0.00020069699
431778764.0 0.0 1808.9118690427786 0 0.00029917507
237046904.0 0.0 1805.1993503999743 0 1.18961175e-07
292196794.0 0.0 1808.8905711860377 0 0.00019630427
348309218.0 1.0 1795.098615857995 1 1.0
219779541.0 1.0 1795.3229390802362 1 0.9999975
348676495.0 0.0 1808.8694550109462 0 1.8939123e-05
51877910.0 0.0 1799.7226131090501 2 1.6440658e-17
419246479.0 1.0 1811.222424513888 1 0.9999968
396471469.0 0.0 1812.3681382972572 0 9.144478e-06
241110670.0 1.0 1797.098631624303 1 1.0
117490267.0 0.0 1796.8279270464734 0 0.00030941144
284534033.0 1.0 1794.8476393741462 1 1.0
378374218.0 1.0 1805.8055829271495 1 1.0
397368134.0 1.0 1796.8914265931207 1 0.9999798
389761749.0 0.0 1796.8063569337896 3 0.77422655
81600352.0 0.0 1812.4106304580512 0 5.3411357e-05
250725421.0 1.0 1797.7237555156826 1 1.0
368460130.0 1.0 1810.6597326473025 1 0.9999407
366557413.0 1.0 1794.6378874478926 1 1.0
397802293.0 0.0 1805.2015092652953 0 0.00074322714
186767023.0 0.0 1793.1410401500652 0 0.0003200782
192298244.0 0.0 1812.4534418751057 0 0.0011802338
285443283.0 1.0 1806.3476681755815 1 1.0
292148770.0 1.0 1794.2240820436398 1 0.9999997
320381058.0 0.0 1809.2017994440398 0 0.001538457
308721541.0 1.0 1810.202692300827 1 1.0
250560249.0 0.0 1809.2446036249128 0 9.672614e-05
396474539.0 0.0 1805.2431302188024 0 0.00014449983
301990520.0 1.0 1798.8279612002107 1 0.9997003
312347243.0 1.0 1799.5355673232473 1 1.0
327297853.0 0.0 1805.244642736415 0 0.0016982089
427765892.0 1.0 1798.2428579870666 1 0.99999994
353565609.0 0.0 1803.7433938704808 3 1.4565011e-16
264298907.0 0.0 1805.1992507871448 0 3.150162e-06
308783036.0 0.0 1796.640235779334 0 5.282835e-07
13456596.0 0.0 1808.9105576043685 0 0.00018857869
388074101.0 1.0 1810.2830687428316 1 0.999998
403832971.0 1.0 1810.1812115790133 1 0.99998254
67422780.0 1.0 1796.7867130015154 1 0.99991435
94338079.0 0.0 1797.078682374522 2 2.9853054e-06
353483855.0 0.0 1812.4518813943798 0 0.0017224203
366972948.0 1.0 1794.4087518729477 1 1.0
265386739.0 1.0 1793.4734880167398 1 0.99999976
71846676.0 0.0 1809.1607654768343 0 0.00078757026
229751795.0 0.0 1793.40716694789 0 0.0007424937
50844597.0 0.0 1811.1190454324467 2 0.0017329899
301991922.0 0.0 1808.8487765111188 0 0.00063930417
429066703.0 1.0 1797.516180954792 1 0.9998606
320497858.0 1.0 1796.264697777357 1 1.0
370073759.0 1.0 1810.806521245388 1 0.99996835
50264795.0 0.0 1794.3479990553012 0 8.914194e-05
418698626.0 0.0 1798.139105250949 2 2.692532e-08
308220416.0 1.0 1797.9526972949845 1 1.0
279849549.0 1.0 1795.3482213109608 1 1.0
259003334.0 0.0 1808.8447348692025 0 0.00016681876
387833702.0 1.0 1796.1999055026442 1 0.999995
229647462.0 0.0 1805.1992635870488 0 1.9179315e-05
372272032.0 1.0 1796.7651079889145 1 0.99999946
403037785.0 0.0 1810.578105096742 3 1.4819327e-18
229580770.0 0.0 1812.3448412868868 0 0.00012557008
192550730.0 1.0 1794.1614922174415 1 0.99999994
238656028.0 0.0 1812.348495988235 0 0.00013908857
236776788.0 0.0 1812.3646182827254 0 1.0603228e-06
256618816.0 1.0 1796.345000320135 1 0.9999982
90552382.0 0.0 1800.1413608537055 0 0.00045476633
374963114.0 1.0 1795.431628489451 1 0.9990484
316047081.0 0.0 1808.84879051636 0 7.538316e-05
232608223.0 1.0 1795.1560137274064 1 0.99994814
219821955.0 0.0 1805.1979747506223 0 0.00018832425
26502932.0 1.0 1810.4955270673315 1 1.0
235982927.0 0.0 1808.6581172465806 3 0.00026045452
376770989.0 1.0 1795.2424607026635 1 0.99999887
285173025.0 0.0 1809.2451642828435 0 0.0012394837
236762131.0 1.0 1795.5737422783964 1 0.9999993
284436992.0 0.0 1812.9934248457948 0 1.7147423e-06
321595962.0 1.0 1810.470685587502 1 0.97682303
368381484.0 1.0 1811.0970044315698 1 1.0
229952290.0 1.0 1810.1776202435733 1 1.0
445316412.0 1.0 1795.473077642205 1 0.9999923
250860873.0 1.0 1798.5155782164065 1 0.9999999
200798478.0 0.0 1796.6410385296904 0 0.0003126963
240781407.0 1.0 1798.639879325805 1 0.9999258
289206508.0 1.0 1797.0968984070828 1 0.9999846
432015552.0 1.0 1798.74506043038 1 1.0
308618435.0 0.0 1805.2443240721516 0 0.0005794543
256507075.0 0.0 1805.2418636494688 0 5.949106e-07
366500692.0 1.0 1797.4502889933317 1 0.9992875
374030551.0 0.0 1798.2646998934383 2 1.3302458e-12
320268279.0 0.0 1795.7646187451778 3 9.0728544e-17
407154489.0 1.0 1810.4513338586705 1 1.0
256298033.0 1.0 1800.5113459759307 1 0.99999976
445196334.0 0.0 1809.202024120231 0 0.0068642944
390165214.0 0.0 1809.202243355535 0 0.002623061
236971449.0 1.0 1796.5952624515692 1 1.0
372392680.0 0.0 1805.2420214553547 0 3.587847e-05
21162664.0 1.0 1806.114036850593 1 0.9999839
264615805.0 0.0 1804.4110613838168 3 1.0405241e-11
370073713.0 1.0 1799.369175591559 1 0.9999986
403692188.0 1.0 1797.1820296530186 1 1.0
368234072.0 1.0 1797.6388507130016 1 0.9999671
289095239.0 1.0 1795.7844592476251 1 0.9999899
292982071.0 0.0 1805.3490116839387 2 8.2371756e-08
77258822.0 1.0 1810.9953117462226 1 0.99997795
389965118.0 0.0 1797.968728218529 0 0.0015077285
160585313.0 1.0 1796.9693872010985 1 0.99999964
178140121.0 1.0 1794.93277492237 1 1.0
268516039.0 1.0 1797.5760693870295 1 0.9999995
441763244.0 1.0 1799.5527748478275 1 0.9992237
376197050.0 0.0 1809.0143137815264 0 0.0010372725
428068513.0 0.0 1808.8489917008774 0 0.0042382553
271154012.0 0.0 1805.2221226627712 0 1.4850466e-06
445414093.0 1.0 1805.8897869648815 1 0.9999999
396235258.0 1.0 1811.5556761780365 1 0.9999603
387951214.0 1.0 1795.2624600799438 1 0.9999998
52854421.0 1.0 1795.9312695012227 1 0.99998945
137082590.0 1.0 1798.493174675161 1 0.9999997
237309375.0 1.0 1797.1578880847428 1 1.0
420295663.0 1.0 1794.368544447064 1 0.9999964
268728880.0 0.0 1796.9094303870402 0 1.2066037e-06
232632943.0 0.0 1797.9685765372833 0 1.4158056e-05
285908697.0 0.0 1805.3896036616904 0 4.0463433e-08
332147990.0 0.0 1805.556631206637 0 0.000845813
444769476.0 1.0 1810.2020980919049 1 0.999994
219104689.0 0.0 1794.1986751909105 0 2.6987518e-05
377739453.0 1.0 1795.4094328198485 1 0.9999899
359250620.0 0.0 1812.8056169713939 0 1.5848102e-06
118335168.0 0.0 1796.641347114896 0 0.0013692675
232620122.0 0.0 1812.3847334386849 0 1.564134e-05
291886760.0 1.0 1806.3906176497685 1 0.9998871
236982088.0 1.0 1797.741065234148 1 0.99999654
398160829.0 1.0 1797.9932028017095 1 0.9997235
372392104.0 0.0 1812.3460701389174 0 3.9120488e-07
229511875.0 1.0 1806.4072233758445 1 0.99999505
274841097.0 1.0 1795.3886001313317 1 0.9999794
235929888.0 0.0 1794.241146131362 2 0.00082672975
255874124.0 0.0 1809.2019160246923 0 2.6911031e-05
431767082.0 1.0 1796.1408392199219 1 1.0
236777184.0 1.0 1811.427190085909 1 0.99998873
308875920.0 0.0 1805.2028321888479 0 0.0013634372
71692766.0 0.0 1812.6607299548846 0 8.925291e-06
392569148.0 0.0 1808.8434796268712 0 0.004630982
90768413.0 0.0 1809.1205669693397 0 0.004222371
378762806.0 0.0 1793.4096796125375 0 3.5175343e-09
71980235.0 1.0 1795.7026537263334 1 0.9999999
365831006.0 0.0 1805.2207444960484 0 9.133244e-06
178138894.0 1.0 1793.620186682609 1 1.0
139378834.0 0.0 1796.7036973227591 3 0.00040114994
372509663.0 1.0 1796.5142408772551 1 1.0
202841130.0 0.0 1809.3282436438474 0 0.0028010856
352283989.0 1.0 1800.3681336397678 1 0.9999998
250747789.0 1.0 1799.5781057938632 1 0.99985087
265201832.0 0.0 1808.8485184064143 0 0.00089767505
400604566.0 0.0 1812.3692305924685 0 0.00049354124
50841878.0 1.0 1811.5357680818197 1 0.9999989
26397233.0 0.0 1812.6830041829376 0 0.00046176522
359586929.0 1.0 1796.9062162429875 1 1.0
196976276.0 0.0 1812.3484082379496 0 0.00035643674
184608038.0 1.0 1794.1619070272604 1 0.99993646
284479240.0 1.0 1797.7194427533411 1 1.0
395508745.0 1.0 1795.6389796281894 1 1.0
284138281.0 0.0 1809.2017222218624 0 9.539109e-05
302315862.0 1.0 1795.7240174659185 1 1.0
316514122.0 0.0 1805.202891947183 0 2.1444663e-05
407356248.0 0.0 1805.2432997889068 0 0.00034416807
63672976.0 1.0 1800.0578188546438 1 1.0
312672257.0 1.0 1806.2646054235686 1 0.9999982
292153735.0 1.0 1795.7865983349495 1 0.99991554
368028401.0 0.0 1812.3469103752084 0 4.372237e-08
326258283.0 1.0 1793.699317951247 1 0.99999934
270054304.0 1.0 1810.5370511598553 1 1.0
346852310.0 0.0 1808.8494860606788 0 0.0007441857
238743789.0 0.0 1808.9324377463886 0 0.00074483734
201246217.0 1.0 1806.1620350900946 1 1.0
149851171.0 0.0 1812.4326838115442 0 0.0061367922
352928643.0 1.0 1805.909987762021 1 0.99997514
235943028.0 0.0 1812.366335186944 0 7.897265e-06
5674169.0 0.0 1797.8288366826355 3 0.00023261095
199688409.0 0.0 1812.0513813467676 3 2.6785518e-13
236786957.0 1.0 1810.3646462980525 1 0.9999822
229997706.0 1.0 1811.156971396403 1 1.0
308285846.0 1.0 1799.8278962938384 1 1.0
184564369.0 1.0 1795.9951168336984 1 0.9999991
445142354.0 0.0 1809.3061280106272 0 1.2000821e-05
104316853.0 1.0 1797.3489123428437 1 0.9999966
250480498.0 0.0 1805.2028514803042 0 7.714569e-06
279343709.0 1.0 1794.4723405597583 1 0.99999875
383646199.0 1.0 1799.9273957856992 1 0.9999191
186938854.0 1.0 1795.286816743685 1 1.0
402208125.0 1.0 1796.9743281227106 1 0.9999999
288610611.0 1.0 1795.7203255755487 1 0.9999999
288524366.0 0.0 1808.8453194155263 0 7.3428515e-07
302076473.0 0.0 1805.244765602196 0 1.0149544e-06
233200804.0 1.0 1798.719267198164 1 0.99999994
410651000.0 0.0 1808.8488023885873 0 7.9740477e-07
269701889.0 1.0 1805.7843866597063 1 0.99998975
256375216.0 1.0 1795.4700090955303 1 0.999999
362257499.0 1.0 1811.3243607411555 1 0.9994897
67661596.0 0.0 1808.9951640130805 0 0.0004909033
317473563.0 1.0 1794.5341906069382 1 0.9999642
137886126.0 1.0 1810.6205523846963 1 0.99998343
184690200.0 0.0 1812.682386764786 0 0.009438304
369088512.0 1.0 1798.326581382871 1 1.0
370430421.0 1.0 1794.1190667387446 1 0.99999607
198383311.0 1.0 1799.301609666068 1 0.99999976
288623212.0 1.0 1795.5157253404434 1 0.999996
13455593.0 1.0 1794.847956898632 1 0.9999983
50516280.0 0.0 1805.2649555057242 0 8.516991e-05
192595031.0 1.0 1794.5365588157972 1 0.99999577
308289857.0 0.0 1798.9944721463391 2 2.8594583e-08
381656536.0 0.0 1805.5158464683761 0 0.0007297554
427553234.0 1.0 1795.6384978659476 1 1.0
26533207.0 0.0 1809.3913761619183 3 0.012489517
370345737.0 1.0 1793.5357457031873 1 1.0
368310516.0 1.0 1795.9719992712544 1 1.0
422454625.0 1.0 1805.6165874122787 1 0.99999994
285676351.0 1.0 1796.1196604765335 1 0.9999639
400405642.0 1.0 1806.261196890502 1 0.99999857
230079251.0 1.0 1806.3022782984528 1 0.999991
372210735.0 0.0 1808.8460833072118 0 0.00095920573
417700830.0 0.0 1812.345055398696 0 2.9935989e-06
256351070.0 0.0 1796.4918150588144 2 9.585918e-09
316623082.0 0.0 1805.202890798623 0 5.3164847e-08
302541811.0 1.0 1793.266275629405 1 1.0
434437492.0 1.0 1805.8466819236282 1 0.9999998
245377402.0 0.0 1795.0777763351873 2 1.3968533e-06
400194383.0 0.0 1805.2014995387062 0 2.5821835e-05
389538863.0 0.0 1805.6188436191346 0 0.0018069957
352281923.0 0.0 1793.305648826842 0 7.552271e-08
436883482.0 1.0 1811.4329657174815 1 0.9999923
259234905.0 1.0 1795.407370750224 1 0.9992328
54120426.0 0.0 1805.5561746034057 0 0.00014691855
50451900.0 0.0 1812.4105933114254 0 0.00023243761
275422880.0 1.0 1795.804227681501 1 0.9999989
198354490.0 1.0 1810.3221644567616 1 1.0
198413302.0 1.0 1799.5305445996366 1 0.9999997
326258091.0 0.0 1793.4076389374954 0 1.8289635e-09
256607524.0 0.0 1805.3066996453867 0 5.4717697e-05
258829737.0 1.0 1794.7405716367107 1 1.0
250842070.0 1.0 1795.494603509388 1 1.0
285046899.0 0.0 1797.7643720165054 2 3.6326999e-06
284058611.0 0.0 1812.6202505341328 0 0.00057468563
83964224.0 1.0 1796.7433486513817 1 1.0
368596977.0 1.0 1795.9720256159844 1 0.99999523
230396530.0 0.0 1805.2192514635499 0 1.9781686e-05
139425930.0 1.0 1810.6827012195008 1 0.9999995
139406736.0 0.0 1805.5160098452116 0 0.003820068
347945718.0 0.0 1808.8901090435513 0 1.6082227e-05
410807017.0 0.0 1812.3490960722265 0 7.744108e-05
377029076.0 0.0 1808.8464765416356 0 0.00026404668
427092194.0 0.0 1797.4917377743302 2 4.630154e-09
241029468.0 1.0 1799.6819616315909 1 0.9999985
22942877.0 0.0 1795.6622270451426 2 0.000516564
194672668.0 1.0 1796.2452329682367 1 0.9999947
50844619.0 1.0 1797.5980921405064 1 0.9999944
331364868.0 0.0 1796.9092242698507 0 0.04360047
390167211.0 1.0 1796.6815048534963 1 1.0
292719974.0 1.0 1798.0574853934047 1 0.99999815
233630837.0 0.0 1808.8652684973597 0 0.000145593
387696316.0 1.0 1795.429013543056 1 1.0
83964226.0 1.0 1810.1598262555099 1 0.99999446
453267201.0 1.0 1811.348143544418 1 0.9999629
387451875.0 1.0 1794.8664799911762 1 0.99998844
321688478.0 1.0 1796.0334485469155 1 0.9999998
398266747.0 0.0 1800.1378423005524 0 9.172733e-06
399788405.0 0.0 1801.3020757410993 3 2.577035e-16
427602825.0 0.0 1805.2223273545785 0 9.674834e-06
395862665.0 0.0 1796.9515257130624 0 5.086442e-09
302312833.0 1.0 1793.7239320343817 1 0.9999999
22872658.0 1.0 1793.2247041820638 1 1.0
331714577.0 1.0 1793.848397924769 1 1.0
73490339.0 0.0 1796.6413358258328 0 0.0017133517
376195427.0 0.0 1808.9519404791677 0 0.0013413612
334807001.0 1.0 1811.1377095131786 1 0.999999
374693211.0 1.0 1796.2235824504558 1 0.9999997
298648307.0 1.0 1806.0098058824472 1 0.99999946
315825416.0 1.0 1793.4736074573498 1 1.0
408897120.0 1.0 1798.1794579972925 1 1.0
258389807.0 1.0 1797.8451726469284 1 1.0
184732477.0 1.0 1793.432756027902 1 1.0
435264091.0 0.0 1793.4094590182262 0 2.2319125e-06
322057067.0 1.0 1795.5752095040207 1 0.9999963
116714368.0 0.0 1808.8488739573957 0 0.001840716
432046871.0 0.0 1808.9534556762776 0 0.0007460055
284807014.0 0.0 1796.8892815194308 0 0.0005127081
429018846.0 0.0 1797.5756240555845 2 9.878618e-05
50118192.0 0.0 1808.9107050179455 0 0.00019172175
240981884.0 1.0 1793.9737121699854 1 0.99999976
435081582.0 1.0 1798.2011126846996 1 1.0
387833641.0 1.0 1799.97070205621 1 0.99999607
348143304.0 0.0 1794.7649922106164 2 2.6052613e-11
333732430.0 1.0 1806.1370873257194 1 0.9997672
274837414.0 0.0 1812.3678903820223 0 2.9491128e-05
288601352.0 1.0 1798.9076034108011 1 0.99989396
396575973.0 1.0 1794.2034073382035 1 0.9999968
200734333.0 1.0 1795.6827902954387 1 0.9999805
353235769.0 0.0 1805.4728571486967 0 0.00010139074
444722690.0 0.0 1812.4936186947077 0 0.0007743772
284479240.0 1.0 1810.5733374736676 1 1.0
383677392.0 1.0 1810.969187124248 1 0.9999941
251441472.0 1.0 1795.9941541702444 1 0.9999972
387259626.0 0.0 1797.7204335991307 3 1.07590295e-05
116007369.0 0.0 1793.328071486345 0 8.610845e-08
288508794.0 1.0 1796.4700705951554 1 0.99999875
229669930.0 0.0 1808.8446020920724 0 4.6368386e-06
348765189.0 0.0 1809.1206268089607 0 0.0007716877
367754612.0 1.0 1810.303732096612 1 0.9999997
341816492.0 1.0 1806.4265513322728 1 0.9999999
309052753.0 1.0 1796.2860894996616 1 0.9999998
302470991.0 0.0 1805.203195834057 0 0.00017385534
378647446.0 1.0 1798.3679676750853 1 1.0
433000531.0 1.0 1793.995251176624 1 0.99999475
392536812.0 0.0 1799.6563875776346 3 1.5422353e-12
418981485.0 0.0 1796.9098333623908 0 0.0010779775
410809215.0 0.0 1805.2031518673264 0 1.579304e-05
343620660.0 1.0 1797.1371517434031 1 1.0
312251188.0 1.0 1810.5560909321257 1 1.0
284807423.0 1.0 1806.2433755983618 1 0.9999809
371001989.0 0.0 1793.1401233290999 0 1.6978396e-10
272324340.0 0.0 1805.1180223468036 3 3.2471706e-11
241049137.0 0.0 1808.8485119661368 0 0.00026028845
233514206.0 1.0 1806.3013226891917 1 0.9999983
366118640.0 1.0 1799.9266084045896 1 0.9999996
320186525.0 0.0 1812.6808759402115 0 7.094321e-06
396664296.0 1.0 1794.617718584142 1 0.99999994
177969271.0 1.0 1811.0577681074828 1 0.99999976
358907018.0 1.0 1805.6800445630608 1 1.0
417412584.0 0.0 1809.0562528639798 0 0.0005218949
373388567.0 1.0 1794.7010312630487 1 0.99999887
372686327.0 1.0 1793.428968417067 1 0.9817349
53963134.0 1.0 1798.5771694901991 1 0.9999998
237107958.0 1.0 1810.7413611647733 1 1.0
387506865.0 1.0 1796.4497502327913 1 1.0
94725358.0 1.0 1797.4745484563346 1 1.0
348611797.0 0.0 1793.3275184203674 0 1.1863521e-05
258390124.0 1.0 1797.0326920463351 1 0.99999976
250679759.0 1.0 1796.9323060235536 1 1.0
268626693.0 1.0 1798.0136746022679 1 0.9999974
353878210.0 1.0 1805.718349025086 1 0.99999774
381808341.0 1.0 1794.7035871219382 1 0.9999954
264077194.0 0.0 1805.5332150720344 0 0.00048281456
326857363.0 0.0 1812.3485318871806 0 0.00017660717
269597899.0 1.0 1810.7824347032413 1 0.99999875
419751560.0 1.0 1797.868473394419 1 0.9999857
407539100.0 1.0 1806.3875815178812 1 1.0
12403972.0 1.0 1797.743858737987 1 1.0
82344745.0 1.0 1797.9106949880904 1 0.99999934
346595503.0 1.0 1810.2664451824148 1 0.9999935
420114439.0 0.0 1812.3451353640787 0 4.979268e-05
370273679.0 0.0 1809.1606407230756 0 1.4033096e-05
308220659.0 1.0 1798.7235358078592 1 0.99999994
400197592.0 0.0 1793.4099836609116 0 1.5813885e-08
286013243.0 1.0 1810.5357615619857 1 0.9997871
229707305.0 0.0 1808.8653387467812 0 2.1862837e-05
77357818.0 0.0 1808.9328738684837 0 0.0022977928
292316929.0 1.0 1794.8699578643098 1 0.9999998
422663383.0 0.0 1812.3467889683247 0 0.00012710047
359441069.0 0.0 1812.7015358768206 0 1.8406205e-05
375785288.0 1.0 1795.8047606309008 1 1.0
363809884.0 0.0 1796.9097816439003 0 1.5534579e-06
366590719.0 0.0 1812.4086425471012 0 0.0009628839
11437325.0 0.0 1810.8690588663699 3 1.401611e-10
435355210.0 1.0 1798.6385779991117 1 0.99998564
369141038.0 1.0 1796.0974001888937 1 1.0
385558019.0 1.0 1796.3288392035377 1 0.99999934
34820374.0 1.0 1805.7039722929885 1 0.99999213
236767649.0 0.0 1808.844448305814 0 1.2380181e-05
117114207.0 0.0 1805.2657978752015 0 0.0010150626
51026422.0 1.0 1795.8481282492762 1 0.99999136
285333364.0 1.0 1798.306104391761 1 1.0
251790041.0 1.0 1796.5567357904038 1 1.0
233577417.0 1.0 1796.4485086662314 1 1.0
278850856.0 1.0 1810.8266637714664 1 0.9999995
280326335.0 1.0 1796.4725821853563 1 0.99999994
407391200.0 1.0 1795.0969020961056 1 1.0
399081275.0 0.0 1805.535823714857 0 0.00014317437
353993486.0 0.0 1810.155737329982 2 2.1221418e-08
327398586.0 0.0 1809.0571767945576 0 0.0010833823
229788338.0 1.0 1798.2612857133051 1 1.0
26617419.0 0.0 1795.9745192760408 2 2.46323e-16
356786649.0 1.0 1805.553347009811 1 1.0
250717813.0 1.0 1796.3279752480767 1 1.0
420901024.0 0.0 1811.3013404125581 2 0.00028642698
264222449.0 1.0 1797.157656485633 1 0.9999373
237284730.0 1.0 1805.2619737051791 1 1.0
288430852.0 1.0 1797.0325742164828 1 1.0
379325503.0 0.0 1809.0143702968273 0 0.0010837431
270137767.0 0.0 1808.8677692212486 0 0.0009951585
326532106.0 1.0 1810.2638888802524 1 1.0
445178123.0 1.0 1799.7020734732002 1 0.9999994
251250384.0 1.0 1795.5150219490395 1 1.0
130083400.0 0.0 1796.641141319849 0 0.0014341058
403328929.0 1.0 1799.6994323003582 1 0.99998504
278924558.0 0.0 1805.306077868289 0 0.0013882515
317470793.0 0.0 1809.3258027025693 3 3.4153272e-19
332869735.0 0.0 1809.1815009912457 0 3.3106044e-05
424002725.0 1.0 1798.3064014890972 1 0.99999917
118444464.0 0.0 1805.2871512694285 0 0.0002511724
50360119.0 1.0 1796.3273936626229 1 1.0
367768281.0 1.0 1794.2628554409607 1 0.9999989
365595041.0 1.0 1796.3247785907702 1 0.9999842
409530625.0 0.0 1805.5158086252857 0 0.0008942381
378043919.0 0.0 1808.8469243515437 0 0.002978054
229643095.0 0.0 1794.199125451395 0 0.0029064878
349294422.0 0.0 1796.4121689098254 3 7.628929e-05
408581009.0 0.0 1805.2646572747844 0 0.0027208223
376295810.0 1.0 1795.6599269533544 1 0.99999845
390738379.0 1.0 1795.3480810291856 1 0.9995023
327092391.0 1.0 1811.056910739539 1 0.99999875
198456803.0 1.0 1806.4057603319104 1 0.999881
444666394.0 0.0 1809.1814266395727 0 2.044434e-06
353875441.0 1.0 1799.0520145941537 1 0.99998045
420287886.0 0.0 1793.1395194229297 0 1.2833996e-05
192844584.0 1.0 1806.3491781279088 1 0.9996619
389535695.0 1.0 1794.1812872715689 1 1.0
420538859.0 0.0 1797.8478246348086 0 1.0758348e-06
428379136.0 0.0 1808.847326062653 0 0.0017442089
259146217.0 0.0 1805.2032191632204 0 8.159328e-05
192532107.0 0.0 1793.1406723907016 0 0.008475737
323144549.0 0.0 1808.950052683668 0 9.741955e-05
396442479.0 0.0 1795.1795733117744 2 1.0684342e-08
35115423.0 0.0 1805.4747963226848 0 0.0014177948
287152450.0 1.0 1794.4682556606583 1 0.9999983
445115636.0 1.0 1811.097810000051 1 1.0
10607010.0 1.0 1795.7231387647678 1 0.9999997
366506022.0 1.0 1796.242026032254 1 0.9998352
417645110.0 1.0 1799.3665709792524 1 0.9999906
370209274.0 1.0 1811.098133312492 1 0.9999999
61085649.0 1.0 1797.745667106839 1 1.0
431804934.0 1.0 1793.265721966205 1 0.99999887
375911510.0 1.0 1794.6798208024113 1 1.0
219741939.0 1.0 1799.134830873012 1 0.99984086
417599180.0 0.0 1809.0332577416277 0 2.339846e-05
422540420.0 0.0 1812.702148418771 0 0.0006543435
321822275.0 1.0 1811.387378963661 1 1.0
236932661.0 1.0 1798.741008293916 1 0.99999726
441736229.0 1.0 1796.6361525284656 1 0.9999998
431925339.0 0.0 1812.4118744889092 0 0.0028573463
118444464.0 0.0 1812.4327886670683 0 4.5345518e-05
395942641.0 1.0 1794.5345444344962 1 0.99999297
186668934.0 1.0 1794.9328258528096 1 1.0
420295190.0 1.0 1811.0350998545127 1 0.9999966
268055290.0 0.0 1800.4074153790625 0 0.0012518407
178103002.0 1.0 1798.8494395268394 1 1.0
250609404.0 0.0 1808.8486150993715 0 0.00027651648
427546867.0 0.0 1793.1412593178723 0 0.00025918
245510353.0 0.0 1808.848680359268 0 7.1590166e-06
68039381.0 1.0 1795.0160593259598 1 1.0
236776591.0 0.0 1794.4065839085372 0 6.040099e-06
200859406.0 0.0 1805.2035759802602 0 0.0008182891
272821136.0 0.0 1796.9098323702574 0 1.0988633e-05
264224536.0 0.0 1808.991783127994 0 9.5753625e-05
256610740.0 1.0 1794.8690896382063 1 0.9999993
250828307.0 1.0 1795.5573098929897 1 0.9999999
165528347.0 0.0 1812.4263683908844 0 0.0005311215
35154430.0 0.0 1805.5581286116183 0 0.0051985728
370431297.0 0.0 1812.6813964343264 0 2.9243136e-05
418988080.0 1.0 1797.5975409250507 1 1.0
441738038.0 1.0 1795.2404369374162 1 0.99988407
311938016.0 0.0 1811.0977713466884 2 9.736103e-11
229500175.0 1.0 1793.7824966726164 1 0.9999979
233712251.0 1.0 1799.4065380599436 1 0.9999999
427344511.0 0.0 1808.8881786919455 0 1.1251535e-05
301342453.0 1.0 1796.3281524046997 1 0.99948126
184734764.0 0.0 1812.7657641796977 0 0.00014624947
269807963.0 0.0 1808.8469000137889 0 0.00020096528
256665874.0 1.0 1794.8242194873505 1 0.99999344
178143920.0 1.0 1794.3076802312044 1 0.99999976
284050395.0 1.0 1794.32671750578 1 1.0
432021191.0 1.0 1797.9115464718384 1 0.9999706
370064932.0 1.0 1793.848409116487 1 0.99998975
256721289.0 0.0 1809.0752245034246 0 0.090333834
117520490.0 0.0 1812.3907258602608 0 0.0001696914
445189935.0 1.0 1799.5564880915745 1 1.0
51955546.0 0.0 1801.9103410794116 3 8.4459693e-16
251194285.0 1.0 1795.7650438022438 1 0.99967206
370273679.0 0.0 1812.6605769574471 0 1.2858914e-10
285565974.0 1.0 1796.0781070459325 1 0.9999999
327121759.0 0.0 1797.347737226774 3 2.7212494e-11
292318254.0 1.0 1795.932528500368 1 0.99999994
202954633.0 0.0 1809.140846787723 0 0.009710141
192782452.0 1.0 1795.4323982012738 1 0.999999
118298039.0 0.0 1805.2037062040517 0 0.009552847
85528058.0 0.0 1809.120476252269 0 0.0006494967
184692533.0 1.0 1797.370280551261 1 0.9999999
354595192.0 0.0 1805.5559516939356 0 0.00024688707
346715927.0 1.0 1805.495483417508 1 1.0
251199388.0 1.0 1811.5569530998127 1 0.9999985
422522337.0 0.0 1811.0757705014407 2 5.4851403e-06
329173245.0 0.0 1794.4057942413865 0 0.0013964975
367422383.0 1.0 1799.0338437522416 1 1.0
420108995.0 1.0 1810.3032631346305 1 1.0
436870928.0 0.0 1812.4120522708579 0 0.0012287638
192734843.0 0.0 1796.4323685362306 2 2.1784781e-13
434972989.0 1.0 1798.4927346302607 1 0.9999998
265267331.0 0.0 1808.846861389369 0 0.012816708
308955071.0 1.0 1800.5361406600764 1 0.99996763
194736844.0 0.0 1803.9119551973827 3 0.691111
327570015.0 0.0 1805.244621143189 0 9.1487105e-05
423034236.0 0.0 1805.2235617027466 0 2.6583307e-06
139465772.0 1.0 1797.849536286501 1 1.0
316079899.0 0.0 1808.8871941604875 0 0.00046559086
235996802.0 0.0 1812.3873272313676 0 0.0093687065
351686652.0 1.0 1797.8058340036036 1 0.99999994
417852492.0 0.0 1808.8680456288598 0 7.2817595e-05
387286423.0 1.0 1799.3662793612114 1 0.9999999
428739935.0 1.0 1795.5341941403956 1 0.9999911
13454797.0 1.0 1799.2855406556105 1 0.99999994
301994054.0 0.0 1805.2030003935056 0 1.027999e-05
236871714.0 0.0 1793.5535040629675 2 2.1370956e-10
81382674.0 0.0 1808.910867291159 0 0.00049918256
275588232.0 1.0 1798.0770150639758 1 0.99999756
406839755.0 0.0 1812.701645544233 0 0.018998023
286475835.0 1.0 1810.9734056718792 1 1.0
219875389.0 0.0 1808.8442434366145 0 1.0185286e-05
367864478.0 1.0 1811.47172673127 1 0.9999997
198556409.0 0.0 1793.1764574410513 0 1.4595082e-11
292606214.0 1.0 1796.411634403039 1 0.9999999
376637457.0 1.0 1796.159046022435 1 0.99997723
428964062.0 0.0 1805.200667041802 0 0.00072525657
196947858.0 0.0 1805.2027676779862 0 4.786068e-05
427649471.0 1.0 1811.0966399856495 1 0.99999946
432016703.0 1.0 1794.911587820396 1 0.9999999
321857254.0 1.0 1811.1582398969679 1 0.9999918
306188615.0 0.0 1795.160801042847 2 3.1944012e-08
229740254.0 0.0 1812.3444736355045 0 4.172061e-05
159511616.0 0.0 1799.8241422412161 2 0.0002074032
399859253.0 1.0 1794.7422779131366 1 1.0
354695014.0 0.0 1809.2017886751055 0 0.0004411194
377740879.0 1.0 1805.5551469307566 1 1.0
236985082.0 1.0 1799.0535924337235 1 0.9999985
436854824.0 1.0 1793.516387904904 1 0.9997076
398212665.0 1.0 1810.2438227994999 1 1.0
72079875.0 1.0 1796.0774966027357 1 0.99999964
35200692.0 1.0 1806.0164688839934 1 0.9999997
104152774.0 0.0 1796.8281269597503 0 2.6576272e-05
81906928.0 1.0 1795.32727742474 1 1.0
445642383.0 0.0 1808.8694967868664 0 0.00069274567
255993777.0 0.0 1796.3246192968288 3 0.0004598818
241121946.0 0.0 1808.8695232768373 0 2.085234e-06
428205603.0 1.0 1795.8489525314178 1 1.0
137203328.0 1.0 1797.8471764810263 1 0.99999744
302552714.0 0.0 1805.3893656503158 0 0.0003992626
178042927.0 1.0 1793.516048664251 1 1.0
422990449.0 1.0 1805.7389710906152 1 0.9925462
316134613.0 1.0 1799.0359139988077 1 0.9992803
233045871.0 1.0 1800.2187901704099 1 0.9999983
191768804.0 0.0 1812.390210314963 0 2.686834e-05
370271012.0 1.0 1795.7024729409763 1 0.9999997
101302325.0 0.0 1796.6413667459547 3 0.006253468
126098229.0 1.0 1794.9953554548795 1 0.9999996
256423258.0 0.0 1812.680980287038 0 2.1175113e-09
445189320.0 1.0 1793.452379660646 1 0.9999999
441802173.0 1.0 1797.3447016573512 1 0.9999997
280254059.0 1.0 1798.0976188909565 1 0.9999876
354964290.0 1.0 1797.8270665861357 1 1.0
312467197.0 1.0 1799.744021879522 1 0.99999917
22901110.0 0.0 1793.141439171245 0 0.0011710029
49792902.0 1.0 1810.5150068711794 1 0.99999964
256102034.0 1.0 1811.3477650415757 1 0.99999994
316739113.0 0.0 1800.3900939867422 0 9.637902e-05
364185907.0 1.0 1795.2207071752268 1 1.0
10606656.0 0.0 1808.9314669408268 0 6.066429e-06
444447980.0 1.0 1797.3477697667147 1 1.0
196947078.0 1.0 1810.7443073976224 1 0.99999803
264076355.0 1.0 1794.054006856049 1 0.999997
444413183.0 1.0 1796.6809265615193 1 1.0
431870216.0 0.0 1793.1407334780522 0 0.0020889633
117521729.0 0.0 1808.8490217828391 0 4.0372004e-08
435537997.0 1.0 1811.0966711521762 1 0.9996433
1981434198.0 0.0 1796.9915968994585 3 5.847248e-17
367093764.0 0.0 1795.4506008687422 2 0.0009451822
356896553.0 0.0 1808.8849011548732 0 1.3016324e-10
348435439.0 0.0 1805.2650478195214 0 6.073741e-05
192794391.0 0.0 1793.1407942592784 0 0.0028844567
104143301.0 1.0 1796.6404898892931 1 1.0
316250867.0 0.0 1798.932036246712 3 1.1592152e-15
301647374.0 1.0 1805.8488607589572 1 1.0
372211841.0 0.0 1796.7212977228737 2 2.0869976e-13
250494958.0 0.0 1812.369472783418 0 2.1270732e-06
428053550.0 0.0 1808.8699101673935 0 5.933244e-05
408620413.0 1.0 1794.930826240472 1 0.9999992
388504397.0 1.0 1797.9922741207179 1 0.99999446
117524811.0 1.0 1810.4947658732317 1 0.99998677
200777333.0 1.0 1797.1411676682071 1 1.0
286477979.0 1.0 1799.2857322054772 1 0.9999983
230028226.0 1.0 1796.6362226791398 1 0.9999796
53965082.0 1.0 1811.1603987621759 1 0.9999992
250512403.0 1.0 1797.5987335250188 1 0.9999278
240993844.0 0.0 1805.2027045152804 0 0.00020929058
453279129.0 1.0 1805.3900764469959 1 1.0
101092642.0 1.0 1794.495427843079 1 0.999991
251253598.0 0.0 1805.2027197795298 0 0.001006159
445641464.0 1.0 1799.8070324200896 1 0.9989336
269595458.0 0.0 1799.803570844455 2 1.4062402e-07
353691399.0 1.0 1798.409978522665 1 0.9999943
422663383.0 0.0 1805.201038017408 0 0.0004292158
118333870.0 1.0 1796.724719103276 1 0.9999839
395773542.0 0.0 1793.3053275041316 0 3.6492774e-11
408703119.0 0.0 1799.3049869105225 2 1.4432407e-09
256099225.0 0.0 1809.3894284672417 0 0.0012620924
407026659.0 0.0 1812.346939040621 0 0.00020523573
428706982.0 1.0 1796.7843089814558 1 0.9999998
301572901.0 1.0 1797.911354615668 1 0.9999707
431769742.0 1.0 1795.4948963084407 1 0.9999999
51883741.0 0.0 1809.2018095286912 0 2.52166e-06
192250180.0 0.0 1812.5575346282933 0 0.00043479874
12320313.0 0.0 1805.2855758783678 0 5.613701e-06
374040772.0 1.0 1794.5982143798378 1 0.9999954
401326744.0 1.0 1798.325929634045 1 0.99999994
444140965.0 0.0 1805.2236440604863 0 1.8998277e-05
292466626.0 0.0 1793.1408337647126 0 0.000774912
233497259.0 1.0 1806.1780141245006 1 0.99999964
312335431.0 0.0 1805.5354043846999 0 0.00017080779
450162354.0 1.0 1810.3487758638676 1 1.0
272532690.0 0.0 1793.4098702322392 0 2.5948742e-07
389969698.0 0.0 1805.9270216659054 2 9.886752e-05
362222220.0 1.0 1810.3662064806263 1 1.0
192422831.0 1.0 1796.9324524371198 1 0.99999946
240997918.0 1.0 1796.056934115707 1 0.9999997
285735879.0 1.0 1797.4947495311278 1 0.99996656
444584299.0 0.0 1796.9102778879626 0 2.5903792e-06
445233065.0 0.0 1813.0144203976145 0 3.7459947e-06
331935383.0 1.0 1805.7848130660873 1 0.9999965
387405861.0 1.0 1806.3662377669013 1 1.0
11435346.0 0.0 1808.931549442052 0 1.654937e-08
309055202.0 0.0 1808.8901162704499 0 0.0014290538
241020520.0 1.0 1794.9942947103495 1 1.0
373130261.0 1.0 1811.2219042051893 1 0.9657679
390458781.0 0.0 1812.4106282411444 0 0.00025797493
280191995.0 0.0 1805.3061477548579 0 0.003851454
200791980.0 1.0 1794.7035061909178 1 0.99988437
354014194.0 0.0 1794.0150628581907 2 9.3141095e-09
83222019.0 0.0 1795.6182898598972 3 2.702734e-09
236787464.0 1.0 1810.1562596640383 1 0.9999708
250553211.0 1.0 1811.5153426320016 1 0.9995847
264224485.0 0.0 1805.2417581011484 0 6.383281e-10
82345712.0 0.0 1808.9108379322802 0 0.00057879084
240881973.0 1.0 1798.140116995341 1 1.0
373149548.0 0.0 1808.867654377984 0 9.098852e-07
258388870.0 1.0 1795.949285645045 1 1.0
420175802.0 1.0 1796.2410285988578 1 0.9999852
367102509.0 1.0 1793.8040828820986 1 0.9999994
51962527.0 0.0 1805.5561803002875 0 1.3605171e-08
235989488.0 0.0 1808.86643583819 0 0.0007110772
312253968.0 0.0 1799.3687621494066 2 8.156943e-11
236934849.0 0.0 1805.1993091242025 0 0.00013012484
329249157.0 0.0 1811.405523395257 2 2.8091867e-05
407414914.0 1.0 1794.5780929401315 1 0.99999857
201108289.0 1.0 1806.037004518426 1 0.99994653
259965499.0 0.0 1805.220686235202 0 0.0004909086
406598195.0 1.0 1799.0760742650582 1 1.0
399828838.0 0.0 1805.2011573334157 0 7.6237384e-08
309235278.0 0.0 1805.244411185987 0 1.7264108e-07
419246700.0 1.0 1797.931051128137 1 1.0
81599012.0 1.0 1795.9937640649528 1 1.0
441725483.0 1.0 1794.9067610511677 1 0.9999884
407018395.0 0.0 1809.2015658484468 0 0.00072856055
229751802.0 0.0 1798.5321623124803 3 8.8678606e-16
316736104.0 0.0 1796.8901129729607 0 0.00049051404
445399032.0 1.0 1806.1812437479532 1 0.9999858
336106354.0 1.0 1793.9290702881267 1 0.9999721
198278962.0 1.0 1796.801942513417 1 0.99999994
252195782.0 1.0 1797.5565247892227 1 0.9999958
436847865.0 0.0 1797.099812048684 2 0.004857634
285242213.0 1.0 1795.6405280133592 1 0.99999994
354869862.0 1.0 1799.3279656632676 1 1.0
410741144.0 0.0 1808.8491670594622 0 0.0017969179
249858764.0 1.0 1796.098763492577 1 1.0
229958869.0 0.0 1805.2401098272594 0 9.473067e-08
264226520.0 1.0 1796.9708706686076 1 0.99999934
200871250.0 1.0 1794.30773253906 1 0.9999997
353990474.0 1.0 1799.8643987067042 1 1.0
34619169.0 1.0 1795.9122483034344 1 1.0
184693913.0 1.0 1798.2868495654561 1 1.0
402779051.0 0.0 1809.0144276227043 0 0.0009725245
252841040.0 0.0 1796.9737934160269 2 1.4387498e-05
278932454.0 1.0 1795.0557158946353 1 1.0
233546424.0 1.0 1806.3231439588142 1 0.9999998
456130400.0 0.0 1810.2243946987076 3 8.7507345e-08
398158100.0 0.0 1808.9517258220753 0 1.4285381e-05
116890331.0 0.0 1806.6405443912201 3 3.854334e-06
229676619.0 0.0 1805.2808550995376 0 1.03985505e-08
233743035.0 1.0 1806.219022178214 1 0.99999917
399738195.0 0.0 1796.8049252746928 0 0.0032768862
308122849.0 0.0 1805.244356017501 0 4.624562e-06
139463633.0 1.0 1796.807736916916 1 1.0
416094279.0 1.0 1796.5574761244695 1 1.0
116849798.0 0.0 1805.2449499020954 0 0.00063777907
427647423.0 1.0 1798.8057360396413 1 0.9995738
250479421.0 1.0 1794.8903356896283 1 0.99999076
265191865.0 1.0 1793.7652849091846 1 0.9999903
71850221.0 1.0 1810.7441685827987 1 1.0
283018851.0 1.0 1798.7223763727889 1 0.99992657
233071028.0 1.0 1798.489689306284 1 1.0
367768136.0 0.0 1793.13785838067 0 0.00019742717
376354818.0 0.0 1808.9310799615146 0 8.620953e-06
312146023.0 1.0 1796.764824175687 1 1.0
240815660.0 0.0 1808.8482434849318 0 0.0013171755
279435154.0 0.0 1812.556275042411 0 9.409105e-08
230074678.0 0.0 1794.1982070479933 0 1.7487877e-05
292200269.0 1.0 1798.974078177524 1 1.0
356865267.0 1.0 1799.0528552029941 1 0.9996923
256928119.0 0.0 1808.8866671432938 0 0.0012421542
327704791.0 1.0 1795.8907089717538 1 0.9999997
63719587.0 1.0 1794.3495404586636 1 0.9999999
302625940.0 1.0 1798.5349997071787 1 0.9999999
270007793.0 0.0 1812.3496104979363 0 0.0012835818
279875902.0 0.0 1793.4094615725157 0 2.7824763e-07
137263210.0 0.0 1805.201569504879 0 6.3640124e-07
192467947.0 0.0 1812.4743472766752 0 0.0011302944
251521810.0 0.0 1805.202724141409 0 0.000120686454
368241733.0 1.0 1799.1595392109703 1 0.9999933
396194794.0 1.0 1794.7219212222599 1 0.99997467
379472174.0 1.0 1795.2435912012445 1 1.0
264308788.0 1.0 1798.9917688161504 1 0.99999976
371489126.0 1.0 1797.9956679030456 1 0.9999914
420286437.0 0.0 1805.2000544556593 0 5.5871333e-05
232602546.0 0.0 1808.8436054135082 0 0.005897719
292524302.0 1.0 1794.7867310791871 1 1.0
82095970.0 0.0 1794.3478936541105 0 0.0010194037
250494958.0 1.0 1798.1612878480034 1 0.99999136
427738956.0 0.0 1812.620624698364 0 0.00039903464
376200464.0 0.0 1797.8477148652157 0 2.7038285e-08
418134658.0 1.0 1795.1806880608171 1 0.9999996
265295800.0 1.0 1805.7860795258084 1 0.9975751
230001393.0 0.0 1805.2193395120526 0 5.908611e-07
353175462.0 0.0 1794.3476560739775 0 1.1294408e-05
184656177.0 1.0 1795.9535753118498 1 0.9999807
71695764.0 1.0 1793.7442926517676 1 0.9999999
367080025.0 1.0 1806.2416323751236 1 1.0
332049029.0 1.0 1793.973224691208 1 0.9999976
357032660.0 1.0 1798.1558710863737 1 0.9999999
34885883.0 0.0 1793.14142930288 0 0.001207767
285036664.0 1.0 1798.6603769407527 1 1.0
403939319.0 0.0 1798.1183665009098 2 0.00013032813
379094967.0 1.0 1795.4934015333665 1 1.0
117868677.0 1.0 1795.578000004423 1 0.9999696
256507852.0 1.0 1797.033634395029 1 1.0
46481823.0 1.0 1799.1414310376124 1 0.9983417
427546867.0 0.0 1809.5581296262417 0 0.0005894622
308785248.0 0.0 1793.1403196401493 0 1.5271802e-06
351609665.0 0.0 1812.3472400498958 0 2.35841e-06
322262406.0 1.0 1796.3252346696115 1 0.99994963
302388209.0 1.0 1798.2862751526832 1 1.0
230116490.0 0.0 1799.4270102207286 2 2.611991e-09
388508051.0 1.0 1796.6380860381523 1 0.99999285
284713269.0 0.0 1809.2018127095919 0 0.0009866218
299335684.0 1.0 1797.869479391163 1 0.99999785
137085487.0 1.0 1796.3054321226214 1 0.99999744
347681160.0 0.0 1812.3485745838443 0 0.00060323806
65279171.0 1.0 1796.2240341272836 1 1.0
233730349.0 1.0 1798.0731346829316 1 0.99999833
219754614.0 0.0 1808.927027874951 0 0.0016065845
229461186.0 0.0 1805.9695331558364 3 3.643294e-12
377207757.0 1.0 1798.5758123937642 1 0.99999243
458875828.0 0.0 1806.2024725151327 3 2.1953255e-13
202957905.0 1.0 1796.32828195161 1 0.99999976
198517139.0 0.0 1812.5100598397146 0 0.000103153856
422515262.0 1.0 1798.366982460426 1 0.9999997
10702234.0 0.0 1812.4522449048063 0 3.8831007e-07
240979790.0 1.0 1805.2651795617621 1 0.9999999
390515296.0 1.0 1796.2231782273384 1 0.99999964
331933530.0 1.0 1798.9723222241632 1 1.0
421111145.0 0.0 1794.889293070812 2 7.3966635e-06
65642073.0 0.0 1808.8493801849797 0 0.0006737919
379472568.0 1.0 1799.7436523160718 1 0.999989
327122265.0 0.0 1809.1599983929293 0 0.00057941483
229741985.0 0.0 1805.615561914158 3 0.00017507054
348673737.0 0.0 1805.202741784917 0 9.6988614e-08
428521595.0 1.0 1806.1391617812767 1 1.0
321686951.0 1.0 1798.6167538479797 1 0.9999999
331789740.0 0.0 1793.1398380943426 0 1.6796194e-09
352117309.0 0.0 1805.2223923277686 0 1.7471767e-10
347401384.0 0.0 1812.3485412874174 0 2.2813352e-05
139502796.0 0.0 1812.6618262730753 0 0.0013308199
367681735.0 0.0 1798.8026152434904 3 2.4760865e-11
316736104.0 1.0 1806.265293916949 1 0.99999994
368733280.0 1.0 1806.2014774018944 1 0.99942964
192468012.0 1.0 1795.807641113938 1 0.9999968
68001857.0 1.0 1793.870196939022 1 0.99999857
366026466.0 1.0 1797.0138135890575 1 0.9999976
103947013.0 1.0 1797.4321302935862 1 0.9999986
322060987.0 1.0 1796.137713506755 1 1.0
424276988.0 1.0 1800.5357753596295 1 0.99998355
237255006.0 1.0 1806.3036456768568 1 1.0
406856798.0 1.0 1798.2609562181908 1 1.0
196893256.0 0.0 1808.8485027297356 0 0.001261175
52855093.0 0.0 1805.5562218667499 0 2.4524528e-05
343466058.0 1.0 1798.3454685711235 1 1.0
398238078.0 1.0 1799.0331985055325 1 0.99999994
192589987.0 1.0 1793.2657646447321 1 1.0
54050622.0 1.0 1805.9311017401715 1 0.9999986
301470893.0 1.0 1799.307229195525 1 0.99999815
374830553.0 1.0 1797.2857846610718 1 0.9999996
14041308.0 1.0 1796.3690174798317 1 0.99999994
410497627.0 1.0 1793.3071887245608 1 0.99999815
306188277.0 0.0 1805.5564731443903 0 0.00024856045
68038064.0 1.0 1798.8910348644986 1 0.9999984
129761434.0 1.0 1796.8494767742225 1 0.9999983
26437316.0 0.0 1805.4746298863274 0 0.0053691296
192835946.0 0.0 1805.3700237870316 0 0.0024307892
390241134.0 0.0 1795.1394566181982 2 3.8127695e-08
245501851.0 1.0 1794.890227433188 1 0.9999921
229741985.0 0.0 1805.448895271738 3 0.0008758578
285430725.0 1.0 1798.516186330019 1 1.0
431929504.0 1.0 1810.3077424369365 1 0.9999969
250859182.0 0.0 1793.1404836699862 0 9.739513e-07
275854772.0 1.0 1811.4313164267785 1 1.0
399543586.0 0.0 1798.119921527562 2 6.0890093e-09
376351234.0 1.0 1796.5144439975559 1 1.0
83227510.0 1.0 1799.3891549575233 1 0.9999993
308959220.0 0.0 1793.3696773353392 0 2.1260248e-06
230016745.0 0.0 1812.344375910584 0 5.5857483e-05
422340534.0 1.0 1810.7828888731779 1 0.99999976
449993800.0 1.0 1795.8478555998588 1 0.99999285
312343214.0 0.0 1812.6811920306952 0 0.0004562409
229781362.0 1.0 1805.3864020318308 1 0.99997824
389415385.0 0.0 1812.7020534606243 0 0.0046693627
139352774.0 0.0 1805.536815799193 0 0.00037815544
52522462.0 1.0 1797.410335918809 1 1.0
200879107.0 1.0 1793.8700470794067 1 1.0
219097692.0 1.0 1797.3858715568865 1 0.9999832
177885456.0 1.0 1795.6202633965254 1 0.9999989
326260646.0 0.0 1796.9077700015232 0 1.1619803e-05
219894351.0 0.0 1805.2193390585128 0 0.00011737668
316953862.0 1.0 1795.306779599214 1 0.9999977
256110165.0 0.0 1809.2019436688454 0 0.00011026902
333733062.0 1.0 1811.470335415529 1 1.0
400669401.0 0.0 1794.3483015488914 0 4.8530415e-05
315920101.0 0.0 1796.824897580375 0 0.00015839995
256433907.0 0.0 1805.2001686844387 0 4.5606657e-06
370690088.0 0.0 1809.2023863500333 0 0.00027485166
301992734.0 1.0 1811.2862738279928 1 0.99999994
406837454.0 0.0 1809.1601022303078 0 2.931745e-07
137993372.0 1.0 1793.3078677452204 1 1.0
186746448.0 1.0 1805.9535716361174 1 1.0
285582454.0 1.0 1811.0142733456605 1 1.0
67463952.0 1.0 1799.015860339833 1 1.0
388504333.0 0.0 1808.8465348656587 0 6.004066e-05
264913049.0 0.0 1796.5153358799644 2 5.770998e-09
301104468.0 1.0 1805.8906168627427 1 1.0
250747121.0 1.0 1795.494793188951 1 1.0
279785144.0 1.0 1798.3053885228392 1 0.9999996
233063260.0 0.0 1812.3855515945183 0 0.0001971995
232622659.0 1.0 1797.3018663031694 1 0.99999917
327392153.0 1.0 1795.6405918947994 1 1.0
353988152.0 0.0 1812.530670206233 0 1.5513253e-08
191725102.0 0.0 1812.369284640679 0 0.0024548208
241069243.0 1.0 1810.181790574792 1 1.0
252125547.0 1.0 1795.014715660068 1 1.0
116275987.0 0.0 1808.8488520863418 0 0.00022952489
52031533.0 0.0 1805.681097636718 0 1.2365524e-07
240817037.0 1.0 1805.8066142132927 1 1.0
251301475.0 0.0 1808.8485719504952 0 0.00026329607
201013636.0 1.0 1795.2242318297663 1 0.9999977
118337424.0 0.0 1805.2037191944387 0 0.0017963159
322130060.0 1.0 1799.7835013261238 1 0.9999881
351872881.0 1.0 1798.868332093126 1 0.99999917
396601990.0 0.0 1805.2221739893764 0 0.0007443321
384734909.0 0.0 1796.8902919420486 0 0.0007652019
317838761.0 1.0 1805.70089717507 1 0.9999998
374974502.0 0.0 1794.6609301601254 2 9.091462e-07
420843459.0 0.0 1796.6394968821933 0 0.0005194683
368031350.0 0.0 1808.8886787132053 0 5.5463483e-05
346785547.0 1.0 1795.9118307376418 1 0.9999976
94455316.0 1.0 1810.1205103146115 1 1.0
354308449.0 0.0 1808.848707134385 0 6.491438e-07
233527009.0 1.0 1810.8856252791338 1 0.9999995
83966750.0 1.0 1797.8474786525271 1 0.9895871
52259996.0 0.0 1805.5562538566633 0 1.804737e-06
379248646.0 1.0 1811.4101691563744 1 0.99999875
73570843.0 0.0 1812.4536024994854 0 0.0028620309
264898803.0 1.0 1795.8460864120025 1 0.99999994
233194162.0 1.0 1799.031589561989 1 1.0
275853812.0 0.0 1794.3477343275297 0 0.0013582037
367681735.0 0.0 1799.5734616297116 3 5.3387735e-14
373704667.0 0.0 1805.3062599998336 0 0.00031840726
450007274.0 1.0 1799.368918859006 1 1.0
21123653.0 0.0 1806.2181747579848 2 9.2254595e-09
279440865.0 1.0 1794.8058639574654 1 1.0
270331684.0 0.0 1808.8469337865488 0 0.0001840378
309052331.0 1.0 1811.3275818441095 1 1.0
137126578.0 0.0 1796.8054894773495 0 4.056432e-05
388566311.0 0.0 1808.846609189865 0 0.00037325814
399443800.0 1.0 1794.9729559105558 1 1.0
13351941.0 0.0 1807.7232697068334 3 6.0245363e-24
229640639.0 1.0 1795.3864873510945 1 1.0
395690594.0 0.0 1797.243129273397 0 4.1393564e-06
347764609.0 1.0 1810.9525165509433 1 0.9999995
22872908.0 0.0 1793.1413741400413 0 0.0016974588
352029849.0 0.0 1812.3682525448503 0 0.0001481249
420850781.0 0.0 1800.1394692521717 0 2.5910194e-05
292467344.0 1.0 1793.515874636984 1 0.9999929
332866785.0 1.0 1793.1607223502701 1 1.0
233605562.0 0.0 1808.9691266992334 0 0.00021699048
250744364.0 1.0 1806.265550597958 1 0.99999654
431899940.0 1.0 1793.4740104172133 1 0.999992
258955205.0 1.0 1798.5530469597347 1 1.0
315937374.0 0.0 1796.3899980578174 3 1.3814564e-13
428165157.0 1.0 1798.8071675502163 1 0.9996441
279208666.0 0.0 1812.431033546911 0 0.012676284
444123806.0 1.0 1797.3275888130584 1 1.0
240770011.0 0.0 1809.1604868523034 0 0.00094522716
468293391.0 0.0 1793.3673884449804 3 6.747828e-17
233050540.0 0.0 1799.0313078520462 2 1.2580764e-05
270015086.0 1.0 1810.4926714589665 1 0.9999797
219801736.0 1.0 1811.1562458051694 1 0.9999453
233531272.0 1.0 1810.8234378012398 1 1.0
367430078.0 0.0 1812.3461374346048 0 3.2531523e-07
445276351.0 1.0 1796.0357063055844 1 0.9999995
229461186.0 0.0 1795.511409340736 3 8.6521286e-17
28998182.0 0.0 1805.5373249742672 0 0.00073201314
293126849.0 1.0 1795.1407233597906 1 1.0
229607785.0 0.0 1812.3655398049436 0 2.4583209e-05
13083393.0 1.0 1797.05647888916 1 1.0
354178105.0 1.0 1798.2239483391224 1 0.99999833
428206415.0 0.0 1793.3281066295642 0 0.003474418
432070155.0 0.0 1808.9118411119862 0 0.0005749936
251605076.0 0.0 1794.3277341824294 2 4.6521773e-06
129980433.0 1.0 1795.2452400617492 1 1.0
309057291.0 0.0 1808.8901681168466 0 1.0542719e-06
65643666.0 0.0 1796.6408043447348 0 0.001969028
240770097.0 1.0 1798.5774098472937 1 0.99999917
402372496.0 0.0 1805.5369294227091 0 0.00049063703
51954629.0 0.0 1809.2227340570073 0 0.00022304688
331814837.0 0.0 1812.3470741997235 0 0.00012105921
332493254.0 0.0 1805.556390802557 0 4.5508752e-08
354155631.0 0.0 1812.348421572592 0 0.0002272738
233534487.0 0.0 1809.156430693039 0 3.0969437e-05
383623165.0 1.0 1806.0933792951187 1 1.0
280568468.0 1.0 1811.5146501207428 1 1.0
347304991.0 0.0 1805.5558356365345 0 3.6685304e-08
400895472.0 1.0 1795.9521225887397 1 0.9999953
395769189.0 0.0 1793.305453002654 0 8.865745e-09
420448703.0 0.0 1800.972476696996 3 1.0634596e-07
366553377.0 1.0 1793.5960900630328 1 0.99999946
354046724.0 1.0 1797.1377202676367 1 0.9999999
368110030.0 1.0 1810.2427211705583 1 0.9999996
198416591.0 0.0 1809.42650331176 3 4.5908114e-20
1981434198.0 0.0 1808.0123274881853 3 3.6739103e-18
287195806.0 1.0 1805.927691633865 1 0.9999993
67518891.0 0.0 1796.2450912210593 2 2.8084344e-07
229699513.0 0.0 1797.8860549752899 2 6.4707656e-11
229398840.0 0.0 1805.6363013502032 2 1.01760065e-13
396486931.0 0.0 1807.5966836035575 3 1.7143317e-17
288808734.0 1.0 1795.285337372315 1 0.9999397
229412530.0 1.0 1810.3861415285119 1 1.0
359497366.0 1.0 1811.2393997296028 1 0.999639
398327110.0 0.0 1812.3671809437012 0 7.7395685e-05
352693190.0 1.0 1796.1995563328335 1 0.99999785
288469684.0 1.0 1811.5535736858383 1 0.9999997
240885637.0 0.0 1796.6402771081048 0 0.00023666257
368031350.0 1.0 1796.9304826896637 1 0.9999959
229910664.0 1.0 1798.0110751971406 1 0.9999999
436878255.0 1.0 1810.578823816051 1 1.0
233546620.0 1.0 1805.5731323567604 1 0.99995726
301906843.0 0.0 1808.869776656089 0 2.1339615e-08
65350867.0 1.0 1798.4324452170008 1 0.99999607
441737397.0 1.0 1794.511453003959 1 0.9999991
399544712.0 1.0 1798.307458906055 1 0.99999917
54997270.0 0.0 1805.5563683239254 0 7.1198957e-07
229972243.0 1.0 1794.6780157234375 1 0.9999987
383674728.0 1.0 1796.7606828442233 1 0.99999183
398370307.0 0.0 1812.3668639843647 0 0.0005310782
10510046.0 1.0 1796.806309678839 1 0.98856914
399585106.0 1.0 1810.9949545394084 1 0.99999815
453160398.0 1.0 1794.931285080307 1 0.9999986
269697721.0 0.0 1806.886907976685 3 3.8537116e-12
411582590.0 1.0 1794.3671001267853 1 1.0
395695392.0 1.0 1797.6596961394116 1 0.99999136
264615805.0 0.0 1797.0985398408711 3 0.020268401
402846490.0 0.0 1812.3468800082926 0 9.177923e-07
379604231.0 0.0 1797.8477154693876 0 0.014454969
366517381.0 0.0 1799.0747079592911 3 7.9371485e-19
422339909.0 0.0 1808.8662819673134 0 9.1371585e-05
364075498.0 1.0 1799.4497042439737 1 0.99999994
379159594.0 1.0 1793.4725866239444 1 0.99999994
82556590.0 1.0 1798.8689071018914 1 0.9999993
196778038.0 1.0 1806.306836488602 1 1.0
13258369.0 1.0 1794.8687620409034 1 0.9974023
233732940.0 0.0 1805.1984057562925 0 0.0006472533
422977100.0 1.0 1806.2866256192772 1 1.0
408094673.0 0.0 1812.3458115843991 0 6.90179e-05
252175123.0 1.0 1799.181365239383 1 1.0
186670093.0 1.0 1810.6411902327873 1 0.9999991
229751802.0 0.0 1812.469632676982 3 2.4349887e-15
21002519.0 1.0 1799.1141176392089 1 1.0
331713084.0 1.0 1797.9108282419832 1 1.0
444143116.0 1.0 1794.306959249627 1 0.99968445
402880087.0 0.0 1795.367049510505 2 0.0003125765
366779865.0 1.0 1795.1170272491138 1 0.9108648
285933440.0 1.0 1793.6196621980791 1 0.99980265
421307364.0 1.0 1797.656844863799 1 1.0
370350764.0 1.0 1796.9108699299084 1 1.0
238775956.0 1.0 1799.0785162144168 1 1.0
388583389.0 0.0 1805.2007192981696 0 1.4401061e-05
399084825.0 0.0 1812.6814578331737 0 0.00011874064
245552501.0 1.0 1799.6402331321854 1 0.99958485
286408062.0 0.0 1797.8481030582718 0 0.00058358995
372339636.0 0.0 1805.200352794065 0 0.000220163
423032256.0 1.0 1793.5360347719234 1 0.99915504
377279511.0 1.0 1794.6383883817464 1 0.99995935
387527773.0 1.0 1796.199813907387 1 1.0
422541381.0 1.0 1799.8896495794954 1 1.0
346114089.0 0.0 1805.2649119210394 0 0.0011223984
270327645.0 1.0 1810.846862176957 1 0.9999976
285517354.0 0.0 1808.8489662262064 0 5.923935e-08
116274531.0 0.0 1812.3488821336434 0 2.7364396e-07
331214558.0 1.0 1799.1191619133829 1 0.99999875
229639273.0 1.0 1810.2615691553572 1 0.99984115
285236447.0 1.0 1798.4729192205414 1 0.9999999
378470252.0 0.0 1795.347265712752 2 8.631819e-10
434533254.0 1.0 1805.7425485189983 1 0.99786127
207402821.0 1.0 1794.259534671023 1 1.0
348607599.0 0.0 1796.931826939501 2 1.6544697e-12
184564828.0 1.0 1811.1407219172472 1 1.0
397978324.0 1.0 1799.5351744454656 1 0.999906
377307592.0 0.0 1795.5318138776968 3 7.206167e-23
202930273.0 0.0 1812.3697844405162 0 2.3983515e-07
445344381.0 1.0 1794.202406898991 1 1.0
12648264.0 0.0 1808.9107952301592 0 0.00018802423
359593546.0 1.0 1811.2430939162673 1 0.99995625
378047543.0 0.0 1796.909681490766 0 5.866378e-05
327512153.0 1.0 1799.494736648812 1 0.9999994
73623668.0 1.0 1797.5370460272254 1 1.0
251816520.0 0.0 1805.2029891602197 0 6.47911e-05
241136738.0 1.0 1797.9321877885454 1 0.9999816
118443390.0 1.0 1796.5164171776958 1 1.0
434437489.0 0.0 1804.659197272659 3 9.210459e-17
453154083.0 0.0 1793.306449113928 2 0.0019284667
407352723.0 0.0 1805.2432310620177 0 4.3022705e-05
275422678.0 0.0 1812.3455674611316 0 0.00048459796
320496370.0 1.0 1798.6813094810855 1 0.9999973
372069112.0 1.0 1798.3461990243838 1 1.0
367422320.0 1.0 1798.9921687792882 1 1.0
12000797.0 0.0 1805.306376298425 0 0.00019351499
441797422.0 0.0 1797.698607523153 0 3.9866503e-05
116889702.0 1.0 1811.4530688952705 1 0.9990139
418205364.0 1.0 1805.82651787348 1 0.99999803
317779648.0 0.0 1794.0339851012448 2 7.397694e-13
11059633.0 1.0 1795.431160093348 1 0.9999947
177881728.0 1.0 1796.01612520848 1 0.999997
284295015.0 1.0 1798.0308851669597 1 0.9999514
352929478.0 0.0 1798.1807465656238 2 0.00019050959
230119000.0 1.0 1795.2188350539298 1 0.99886715
233079659.0 0.0 1800.969022072857 3 0.00050008966
192795281.0 0.0 1808.9326587194494 0 0.0012077965
13268428.0 0.0 1812.4731633581673 0 0.00040907
402659580.0 0.0 1793.8242082701995 2 1.3475971e-18
285935625.0 1.0 1796.1822721888075 1 1.0
372054243.0 1.0 1796.6379336926284 1 0.99999523
249832286.0 1.0 1797.0363037663367 1 1.0
397238231.0 1.0 1799.13938152808 1 1.0
326630342.0 0.0 1808.9930207823204 3 4.9471494e-16
229647462.0 0.0 1812.3451317000608 0 0.00015782796
327581427.0 0.0 1805.535138629086 0 0.00045165024
410734924.0 1.0 1811.3490739000579 1 1.0
445416642.0 1.0 1797.2441204615766 1 0.999903
331978398.0 0.0 1812.7021584720615 0 1.2728037e-08
252101670.0 1.0 1806.2438270740183 1 0.9999999
63345593.0 1.0 1796.4744546046097 1 1.0
26621692.0 1.0 1797.6411930819588 1 0.9999989
65495632.0 0.0 1805.2034317427945 0 0.00048567177
233050273.0 1.0 1796.9063563153566 1 0.9999912
368611906.0 1.0 1794.4097566862863 1 1.0
427579590.0 0.0 1812.6831338994643 0 0.00066867715
379328177.0 1.0 1799.2433648855542 1 0.9996581
63584281.0 1.0 1795.8495088118218 1 0.9999999
316250867.0 0.0 1806.4738216189392 3 2.558422e-14
284915325.0 1.0 1811.3267020075352 1 1.0
387878252.0 0.0 1798.9498799366079 2 0.00074967934
186986337.0 0.0 1794.7659536234328 2 1.0450192e-05
420851130.0 1.0 1796.2644717218025 1 1.0
366517381.0 0.0 1796.345529308466 3 1.5061961e-16
251195002.0 1.0 1798.4109389365997 1 1.0
400535190.0 0.0 1805.5565182650366 0 9.629729e-06
139432899.0 1.0 1811.1618703527047 1 0.9999999
353076207.0 1.0 1795.8892800316935 1 0.07870306
387288160.0 1.0 1811.0328341163408 1 0.99999964
367855005.0 0.0 1795.6780395196458 2 5.9642916e-05
319843215.0 1.0 1798.7645960930192 1 1.0
356701572.0 0.0 1808.865180025827 0 8.2515726e-05
445193795.0 0.0 1812.6811316987619 0 0.0006589593
312671977.0 1.0 1810.5353499891312 1 0.9999462
275142573.0 1.0 1810.1388090984992 1 0.9999999
376042183.0 1.0 1799.3047709535288 1 0.99995184
337004549.0 1.0 1810.3670502626446 1 1.0
445484565.0 1.0 1805.9734725183966 1 0.99998903
12221845.0 1.0 1811.1607764354535 1 1.0
357829802.0 1.0 1797.326905779526 1 0.999997
129979528.0 0.0 1801.1411085120255 3 1.8526764e-06
399828529.0 1.0 1798.929757256697 1 0.99999994
301997839.0 1.0 1796.8072442340128 1 1.0
264721808.0 1.0 1794.0333906824408 1 0.99995244
331546203.0 1.0 1795.6379255504478 1 0.99994504
445258913.0 1.0 1795.1605672003664 1 1.0
12906712.0 1.0 1810.4104824296621 1 1.0
416043282.0 0.0 1809.140694666365 0 0.0005044492
308529610.0 1.0 1794.3694263999685 1 0.99999845
280321964.0 0.0 1797.0767014726935 3 7.7319454e-15
452990852.0 1.0 1798.3061745147745 1 1.0
372212744.0 1.0 1811.0335518915356 1 0.9999997
370073677.0 0.0 1805.556613979641 0 2.871526e-12
101258576.0 1.0 1794.4121075396306 1 0.9999951
444494162.0 1.0 1811.1601323589089 1 1.0
200792112.0 0.0 1793.1409589773034 0 0.0012564493
245559525.0 1.0 1796.9320345162666 1 0.99999994
245588080.0 1.0 1796.4527053149018 1 0.99999905
377784679.0 0.0 1808.8447352402593 0 0.00014283975
389634673.0 0.0 1796.6396974171812 0 0.00045083356
279754531.0 1.0 1795.1812545604853 1 1.0
373626245.0 1.0 1798.181379904086 1 0.99999976
236886901.0 1.0 1806.324202629765 1 0.9999872
368409443.0 0.0 1808.8682467546148 0 3.3442844e-05
83148011.0 0.0 1812.3680200425074 0 0.0095295
12902946.0 1.0 1811.535752722469 1 0.9998933
353241083.0 1.0 1797.4309474024076 1 0.9999998
241023969.0 0.0 1808.8483793696219 0 0.0056946264
256557975.0 0.0 1812.3862777105576 0 4.3744923e-05
364175597.0 1.0 1811.158137609608 1 0.99999845
285036238.0 1.0 1795.5979047488042 1 1.0
353691613.0 1.0 1797.8891270974013 1 1.0
356975809.0 1.0 1798.7184229581428 1 0.99999946
229764062.0 1.0 1806.0531488734568 1 1.0
1981434198.0 0.0 1797.5957594308043 3 2.3411432e-15
235710948.0 0.0 1805.1994308700841 0 2.5466865e-05
233508020.0 1.0 1797.5723808735975 1 1.0
289723065.0 1.0 1799.3641598840143 1 0.99991816
390407250.0 1.0 1810.827470420388 1 0.9999687
315929104.0 1.0 1795.4526951297476 1 1.0
241098754.0 1.0 1805.6404778293695 1 1.0
284479475.0 1.0 1810.5316968097625 1 1.0
336543055.0 1.0 1797.6797586350947 1 0.9999048
288734666.0 1.0 1796.0537931657482 1 0.99999285
83967462.0 0.0 1805.201554390158 0 0.00042147082
353896753.0 1.0 1796.7395128680666 1 0.9999996
309140428.0 0.0 1793.1402739494506 0 6.281235e-06
50772261.0 1.0 1796.0564888463289 1 1.0
251387790.0 0.0 1800.3902197463503 0 8.257818e-06
13619204.0 1.0 1798.3897263195483 1 1.0
116892799.0 0.0 1812.390542695621 0 2.3534574e-07
258749219.0 1.0 1799.284704490148 1 0.9999972
311821411.0 0.0 1809.1810679228436 0 4.4875927e-05
301420230.0 1.0 1795.4737769600033 1 0.99995226
201039805.0 0.0 1812.3495556740297 0 0.0010328094
241085949.0 0.0 1808.8694869976007 0 6.553312e-06
286320298.0 1.0 1796.035800879101 1 0.99999136
245711074.0 0.0 1812.348692998831 0 0.00085899106
284146933.0 1.0 1799.8269704656327 1 0.9999997
235929241.0 1.0 1794.5537924457012 1 0.9999995
400436414.0 1.0 1797.8274046102451 1 0.99994034
233534075.0 0.0 1805.3231083225924 0 0.00041078337
233079659.0 0.0 1800.7190229041255 3 1.4742354e-08
333067722.0 1.0 1793.223298987023 1 0.99983186
232625524.0 0.0 1809.2181689171132 0 1.520304e-05
404113234.0 0.0 1808.8457345421114 0 0.00063660945
370950181.0 1.0 1795.4318723099657 1 0.99999654
177886661.0 1.0 1811.266116468135 1 1.0
390049080.0 0.0 1812.5352563098484 0 3.7846753e-06
229508892.0 0.0 1795.6574585307858 2 1.3289144e-05
116556570.0 0.0 1793.3279284999198 0 1.03979e-07
283025371.0 0.0 1812.3680232885044 0 3.8007274e-06
256109664.0 1.0 1799.3062220931758 1 0.9999608
256660902.0 1.0 1797.8241856429368 1 0.992305
245616307.0 0.0 1793.3899898156242 0 1.401341e-05
372058437.0 1.0 1798.117061392663 1 1.0
250476986.0 0.0 1805.2028198433027 0 0.0018888318
12644700.0 1.0 1797.2649159084117 1 1.0
395924247.0 1.0 1795.2638031738325 1 0.9999999
240976971.0 1.0 1796.723537588202 1 0.99999964
366559842.0 0.0 1796.8246064724783 0 0.00044909128
199549440.0 0.0 1796.676555587484 0 1.9296069e-05
403831420.0 1.0 1796.0145583417168 1 1.0
327013587.0 1.0 1795.7865612026624 1 1.0
201108636.0 0.0 1796.641017008383 0 0.04306282
283840173.0 0.0 1796.6394032354672 0 2.3466795e-05
403526428.0 1.0 1805.3276341780709 1 0.9999975
424730553.0 0.0 1793.8227883584536 2 2.1956875e-15
399433700.0 1.0 1805.9106763067239 1 1.0
50350463.0 1.0 1811.1399845646736 1 0.9999991
403041738.0 1.0 1799.682280146853 1 0.99998665
452967724.0 0.0 1805.5353593078185 0 0.0012563893
406890430.0 1.0 1798.618201930555 1 1.0
301472229.0 1.0 1805.9531168669755 1 0.99999446
376643415.0 0.0 1810.5547242876073 2 1.5862194e-07
34749696.0 1.0 1795.1206055747607 1 1.0
117402526.0 1.0 1795.557208270025 1 0.9992424
357828616.0 1.0 1797.9311213829508 1 0.99999976
272787246.0 0.0 1793.176949538686 0 0.00024645246
71973961.0 1.0 1793.6191167164886 1 1.0
285173025.0 1.0 1796.0786877769956 1 0.9999999
305859208.0 1.0 1796.3041379062909 1 0.9999994
423036868.0 0.0 1812.3901328197471 0 0.00016305607
259004297.0 0.0 1805.21986429776 0 1.8535216e-07
165502667.0 1.0 1798.655849581221 1 0.99999803
271833843.0 1.0 1795.4721640339374 1 0.99999577
453252569.0 1.0 1796.5148971428937 1 1.0
256197394.0 0.0 1805.6602671931255 0 9.3246446e-05
388602832.0 0.0 1793.6380657462266 3 8.1758656e-19
441742116.0 1.0 1798.4486624921544 1 0.9999999
13356881.0 1.0 1797.0566461328995 1 1.0
354924503.0 1.0 1797.1809576945702 1 0.9999964
233719053.0 1.0 1811.1562716757 1 0.9999999
431766521.0 1.0 1793.244949249513 1 1.0
256925744.0 0.0 1805.1991115370838 0 1.20742e-05
255993777.0 0.0 1804.0536833940214 3 0.008292711
200939418.0 0.0 1811.1828631078865 3 0.0007871378
322317965.0 0.0 1797.7419240150405 2 1.914191e-05
338427075.0 1.0 1797.596578148619 1 0.99994546
333072716.0 0.0 1805.327529683528 0 2.580509e-06
452968676.0 0.0 1796.6396655449455 0 0.0028228785
397923260.0 1.0 1795.2434820869203 1 0.99999994
139378834.0 0.0 1805.4744709569848 3 1.5033237e-08
374695963.0 1.0 1798.2026705447117 1 0.99999154
348614319.0 1.0 1799.3691917350907 1 0.99908286
417734986.0 1.0 1805.678385475646 1 0.99999994
444443217.0 0.0 1793.9727421284222 2 8.458925e-10
12216262.0 1.0 1811.1606668862785 1 0.9999992
450147833.0 1.0 1810.6819125794332 1 1.0
186624496.0 0.0 1793.140964299301 0 0.0009640722
35114670.0 1.0 1810.2455662424263 1 0.99999934
237200649.0 1.0 1810.6369241655655 1 0.99999964
90572367.0 1.0 1805.6205750985866 1 1.0
420452282.0 1.0 1810.3473031436415 1 0.99999994
444116234.0 1.0 1799.806788589138 1 0.9999701
362968354.0 0.0 1808.8466655217817 0 2.0952248e-06
403432373.0 1.0 1805.9107499891156 1 1.0
84165986.0 1.0 1795.7851349397413 1 1.0
378989192.0 0.0 1805.4931995909371 2 0.00019066787
357737013.0 1.0 1795.076862003104 1 0.9999999
326856830.0 1.0 1810.869432385045 1 0.99999195
335480540.0 1.0 1795.4713971982499 1 1.0
139378834.0 0.0 1794.1203575685388 3 0.000104810104
198157957.0 0.0 1799.0516155314758 2 4.3730037e-12
199549391.0 1.0 1810.6559328573292 1 1.0
405463318.0 0.0 1796.6414197693014 0 0.0016464172
83141432.0 0.0 1805.2223745859367 0 6.7788637e-06
229511362.0 0.0 1796.9074160407185 0 0.00082435325
441795507.0 0.0 1797.6990549603167 0 0.00016882863
285178006.0 1.0 1798.3495284463665 1 0.99993604
249945361.0 1.0 1799.4323833927222 1 0.9999998
279195613.0 1.0 1795.4102511395 1 1.0
250748747.0 1.0 1797.890572198663 1 0.99999887
309239101.0 0.0 1796.640256062224 0 0.00036287968
192416863.0 0.0 1793.1408045113358 0 0.0007138389
50516847.0 0.0 1794.348160270271 0 0.0005901117
268948167.0 0.0 1799.6594996566278 2 5.2576277e-14
265349418.0 0.0 1793.4093639139721 0 7.4414586e-11
187030585.0 1.0 1798.3493541209127 1 1.0
357740731.0 1.0 1811.4101703025308 1 0.9999929
352175100.0 1.0 1798.2403338168417 1 1.0
251430059.0 0.0 1805.2028630740456 0 7.218244e-05
250538434.0 0.0 1812.369431919423 0 3.404189e-05
235982927.0 0.0 1796.7830345231416 3 0.000100941965
298664740.0 1.0 1798.6354821213934 1 0.9999921
29701613.0 1.0 1800.078908788833 1 1.0
408732795.0 0.0 1805.201093704715 0 5.5406654e-05
12645126.0 0.0 1799.514943389029 2 3.7630558e-05
320271196.0 1.0 1797.9313129486177 1 0.9999991
84161498.0 1.0 1793.2435553294647 1 0.9999995
285691112.0 0.0 1797.8481872745294 0 0.0009754545
139534302.0 1.0 1798.0994468088431 1 0.9999971
354241911.0 1.0 1798.5548804033047 1 0.9995734
367334001.0 0.0 1812.3877997830718 0 2.3115952e-06
436933164.0 1.0 1806.391404957222 1 0.99999994
229597519.0 1.0 1805.6571530762842 1 0.99999976
351880161.0 0.0 1812.3682556432527 0 0.00024354384
53973931.0 0.0 1793.1395620867124 0 0.0009364358
422657234.0 1.0 1797.6593322701312 1 0.9999998
252854757.0 0.0 1812.3490269595954 0 7.458809e-05
424461577.0 0.0 1804.4689473802875 3 1.7776846e-11
275060533.0 0.0 1795.1384803735277 2 5.4138667e-07
341840419.0 1.0 1798.6765627622317 1 0.99999833
229676244.0 0.0 1808.0740170503086 3 1.1817721e-05
347686404.0 0.0 1812.369330556576 0 1.6526694e-05
186624384.0 0.0 1805.2035625902088 0 1.33289195e-05
394090475.0 1.0 1793.55356588371 1 1.0
63559570.0 1.0 1794.5370449749046 1 0.9999998
306564418.0 1.0 1797.9108253640338 1 1.0
282791613.0 0.0 1795.680823222942 2 8.813866e-07
388434512.0 1.0 1811.0549118352599 1 1.0
389974349.0 1.0 1795.6606064246494 1 0.99999905
230028452.0 0.0 1805.219397792732 0 6.5456836e-05
301916817.0 1.0 1811.2871203220182 1 0.9999985
367681735.0 0.0 1799.823465925103 3 3.6512265e-11
265306055.0 1.0 1811.2208355512475 1 0.9999996
256564233.0 1.0 1796.2200679878172 1 0.99999493
308781417.0 1.0 1798.8693736964758 1 0.9999944
367073935.0 1.0 1799.6588041169678 1 0.99994415
285788731.0 0.0 1805.285794574418 0 3.8438877e-05
279288205.0 0.0 1808.8676085783059 0 0.00071669434
357746262.0 0.0 1809.0559873717157 0 0.01730685
104029331.0 0.0 1812.3489460755354 0 6.256505e-05
252096958.0 0.0 1798.4729919847487 3 1.4265608e-15
230004498.0 1.0 1795.844713023861 1 0.99999905
377289389.0 1.0 1795.3883047940749 1 0.999996
359136804.0 0.0 1806.3056965138949 2 2.5998756e-05
117110388.0 0.0 1808.8698796239346 0 1.80438e-05
238799830.0 0.0 1797.3700305163761 2 3.1442383e-07
302547752.0 0.0 1812.3474768222331 0 9.522842e-06
63400333.0 1.0 1795.6203333763463 1 1.0
12481463.0 1.0 1799.2648945139051 1 1.0
376112614.0 0.0 1797.950568332395 2 1.5452138e-10
29058618.0 0.0 1809.2247711708862 0 0.000324819
279871956.0 0.0 1805.2011356287983 0 0.00074553717
274837414.0 1.0 1799.951258568459 1 0.9999995
427111667.0 1.0 1793.7001412890443 1 1.0
358829327.0 1.0 1797.013483532653 1 0.9849317
236969748.0 0.0 1796.9077845781535 0 0.00023655404
283019371.0 1.0 1810.743022829486 1 1.0
389759527.0 1.0 1796.6188077517509 1 0.99996495
26536848.0 1.0 1810.287183494647 1 0.99999917
219109908.0 0.0 1798.073578254676 3 2.1706688e-16
81593786.0 1.0 1810.5775010388254 1 0.99999887
73689467.0 1.0 1811.266166131964 1 1.0
348135324.0 0.0 1808.8693724587156 0 0.00010617443
370691418.0 1.0 1810.8898457350513 1 0.99999976
418257102.0 0.0 1796.6584783321136 3 4.4765427e-09
368375292.0 1.0 1795.4096578567808 1 0.9999809
264933313.0 1.0 1811.513109196245 1 0.99999386
359498291.0 0.0 1794.4064448490242 0 0.00085469853
403346446.0 1.0 1810.6808701830516 1 0.9999768
427475064.0 0.0 1808.971616210788 0 2.5836043e-06
198420520.0 1.0 1811.4681231387342 1 0.9999987
94673268.0 1.0 1797.0995176864355 1 0.99999905
396244175.0 1.0 1797.076230731345 1 0.99999976
349294422.0 0.0 1808.5164224987236 3 7.808944e-06
275906654.0 1.0 1794.9936288188553 1 0.9999999
390575242.0 0.0 1805.2856777303682 0 3.822698e-06
264292988.0 1.0 1795.4916599917392 1 1.0
229765827.0 0.0 1805.1986893922 0 7.229101e-05
52271545.0 1.0 1796.6811173804674 1 1.0
229507275.0 1.0 1805.6572061496463 1 0.9997629
265461913.0 1.0 1798.7221605816767 1 0.9999998
289351584.0 1.0 1797.6597071205845 1 0.9999999
256205283.0 1.0 1810.7017385398244 1 1.0
368738000.0 1.0 1795.1598064739467 1 1.0
434893323.0 0.0 1809.9299834375884 3 1.9461794e-20
285386243.0 1.0 1798.3288282604462 1 0.99999964
354475437.0 1.0 1797.5364009780903 1 0.9999997
202977876.0 0.0 1812.3489784988933 0 0.00017387325
245589110.0 0.0 1808.8485833015734 0 0.015810413
293063375.0 1.0 1796.0782817808354 1 1.0
373148780.0 1.0 1796.8259166127848 1 0.99962866
332983286.0 0.0 1793.1398949205443 0 2.2450456e-06
444332522.0 1.0 1798.3268893073298 1 0.99997294
252149464.0 0.0 1793.2022007708802 0 2.0009295e-06
219865641.0 1.0 1798.3021668372846 1 1.0
326885582.0 1.0 1810.9723923801778 1 0.99767107
233075446.0 1.0 1799.614864135311 1 0.99990976
428070652.0 1.0 1795.1821828653074 1 0.9999995
269040926.0 0.0 1808.8676200310285 0 1.2398507e-05
229676244.0 0.0 1796.53216290675 3 5.2819626e-10
455960348.0 1.0 1795.7841671120154 1 0.99974525
286176467.0 1.0 1805.9329040061014 1 1.0
445176745.0 0.0 1805.5561373212786 0 5.904887e-06
390896859.0 0.0 1812.4317117035318 0 4.730145e-06
347488959.0 1.0 1799.0775310678473 1 0.99999964
445108634.0 0.0 1812.8684920803976 0 1.5201095e-06
219900027.0 0.0 1796.5941469083507 3 1.8431979e-18
387633055.0 1.0 1797.1581275280612 1 0.99999774
309126202.0 1.0 1798.2446461446016 1 0.99999964
270725122.0 0.0 1808.8469212372304 0 9.19518e-05
229765695.0 1.0 1798.740401596858 1 0.9999999
407208818.0 0.0 1796.9097463095366 0 1.2647384e-05
407115556.0 0.0 1805.2222000866172 0 1.1269228e-07
381659772.0 1.0 1796.495236070985 1 1.0
436848526.0 1.0 1794.0997847167848 1 1.0
401498429.0 0.0 1794.2634504045627 2 6.360038e-12
372501164.0 1.0 1800.3476588864282 1 0.9999987
441734144.0 0.0 1809.9282332034857 3 3.967498e-15
352775340.0 0.0 1808.868221668948 0 9.9274985e-06
272331853.0 1.0 1795.4930976221892 1 0.5537373
352425043.0 1.0 1798.9725089715312 1 1.0
410499999.0 1.0 1795.3904712323883 1 0.9999999
392536812.0 0.0 1796.6981043521307 3 2.9851014e-11
319913512.0 0.0 1796.6395374180606 0 4.2624415e-05
406960929.0 0.0 1794.993561739404 2 5.278858e-11
444081101.0 1.0 1796.8069531812678 1 0.9999813
358910231.0 1.0 1794.700904282393 1 1.0
54261022.0 1.0 1811.0143742735163 1 0.99999857
72088471.0 1.0 1793.785833776635 1 0.99999094
315920260.0 0.0 1805.2205933947369 0 2.1888412e-05
250869492.0 1.0 1799.0363155925925 1 0.807912
367093858.0 0.0 1808.8672022988867 0 1.1629181e-07
255993777.0 0.0 1807.1369695430838 3 0.0019703966
293067471.0 1.0 1810.8073267016994 1 0.9999975
200735265.0 0.0 1796.6411461815692 0 0.0013311026
280253461.0 1.0 1798.389241382995 1 1.0
366676700.0 0.0 1808.846191461244 0 8.385779e-06
288312840.0 0.0 1797.7407956905554 3 1.8771438e-11
445635467.0 1.0 1806.390256612001 1 1.0
233659783.0 1.0 1797.3437155110878 1 1.0
385411301.0 1.0 1805.9736899737957 1 0.9999848
192420860.0 0.0 1812.369943578614 0 0.0018606165
235954079.0 1.0 1797.074772414207 1 0.99999934
235682901.0 0.0 1812.3451705851858 0 5.2018277e-06
387504170.0 1.0 1811.012151531671 1 0.9999999
445434937.0 0.0 1799.1399373855152 2 1.232392e-09
249917479.0 1.0 1796.3281026915147 1 0.9999999
50943560.0 1.0 1798.514945968186 1 0.9999955
240982081.0 1.0 1795.3070227681953 1 1.0
237082307.0 1.0 1805.5535598187405 1 0.99999976
269238622.0 0.0 1798.5762391479589 3 1.8506803e-18
367333600.0 1.0 1794.7838586072228 1 1.0
362965342.0 1.0 1810.117531795749 1 0.99999994
20895509.0 1.0 1793.911536787058 1 0.9999994
379085094.0 1.0 1794.0347374228697 1 0.9999995
373515841.0 0.0 1812.346938817818 0 1.1005571e-05
229581052.0 1.0 1797.490480365068 1 0.99998236
364118779.0 1.0 1794.7414219850796 1 1.0
373281221.0 1.0 1797.4092927583913 1 0.99893737
279443519.0 0.0 1808.9309478419393 0 0.01319304
194607626.0 1.0 1810.536922035669 1 1.0
445108124.0 0.0 1812.7018233209553 0 6.9223006e-07
352431171.0 1.0 1796.2223038168552 1 0.9999999
359676320.0 0.0 1798.7814574791914 3 0.00025700082
368793041.0 1.0 1798.326630563923 1 0.99968475
286482705.0 1.0 1797.3897168358494 1 0.99999994
265348946.0 0.0 1805.221891035668 0 6.2987716e-08
333868181.0 0.0 1809.3871740926156 3 6.4725176e-15
427755043.0 0.0 1798.3260753045454 2 7.623992e-14
396615018.0 0.0 1811.4325284325207 3 2.0675689e-08
428112624.0 1.0 1794.8696588234768 1 0.9999842
264303459.0 0.0 1812.4490124994584 0 2.2917963e-08
117037903.0 1.0 1796.6196241403657 1 0.99999994
198280388.0 0.0 1808.6765981518126 3 5.050957e-18
288524964.0 0.0 1793.1369050919354 0 6.3098043e-10
245590189.0 1.0 1810.7652221270214 1 0.99999964
312460816.0 0.0 1809.1603502741245 0 6.752171e-07
289206848.0 0.0 1793.3051136954446 0 9.049434e-10
410742973.0 1.0 1797.9322967761489 1 0.9999999
449934617.0 0.0 1796.8905051640686 0 0.0012582422
101302325.0 0.0 1798.8497239968742 3 0.0069973413
308876826.0 0.0 1812.3693116566433 0 0.00012882444
275713133.0 1.0 1796.7433983660226 1 0.99999994
338992133.0 1.0 1798.6175272181988 1 0.99999976
395736802.0 0.0 1808.8474338594515 0 6.316219e-06
367859029.0 1.0 1805.3883552676443 1 0.99830395
34552734.0 1.0 1796.6206170337064 1 0.9999832
250477601.0 1.0 1797.4528277292304 1 0.99997145
433970898.0 1.0 1799.0550622313137 1 1.0
403688930.0 0.0 1808.848627115466 0 0.00015531642
416093819.0 0.0 1805.286738944658 0 0.0009531339
272625675.0 0.0 1812.3470192079687 0 4.736243e-06
240854578.0 1.0 1798.4526492989341 1 1.0
265191251.0 1.0 1796.034637490587 1 0.9999812
353003546.0 1.0 1796.7433283349812 1 0.99999994
275858205.0 1.0 1799.1392384620353 1 0.99999064
237288865.0 0.0 1808.8871659724007 0 5.909659e-07
12825000.0 0.0 1809.0562930352114 0 5.9795533e-05
247003756.0 1.0 1811.0786504386358 1 1.0
219885946.0 0.0 1808.9692086952637 0 0.0021318549
198457457.0 0.0 1799.0097689217127 3 5.0566534e-22
238795688.0 1.0 1806.0782886320887 1 0.99999976
395693038.0 0.0 1812.7224928398389 0 0.008276548
422563617.0 1.0 1795.159258734531 1 1.0
117114448.0 1.0 1796.6615321530612 1 0.9999994
65489669.0 1.0 1811.2243960714675 1 0.99999976
422607630.0 0.0 1793.4092964744439 0 5.376797e-06
375852951.0 1.0 1806.17964322721 1 0.9999997
229461186.0 0.0 1800.7404732931852 3 1.9340015e-16
356786271.0 1.0 1805.4490807680138 1 0.9999994
279265624.0 0.0 1799.0974392763235 2 0.00047734194
201112408.0 0.0 1809.1829458917205 0 0.00032026134
366487403.0 1.0 1805.7618691143293 1 0.9999994
317773938.0 0.0 1793.409263100264 0 1.9509132e-05
139463395.0 1.0 1797.2452239823747 1 0.999998
46616950.0 1.0 1794.9954991559237 1 0.99998134
311706812.0 1.0 1797.0355439124326 1 0.99999785
400535190.0 0.0 1809.2023137648387 0 1.9230572e-06
444460341.0 0.0 1805.535021393391 0 5.6572276e-06
251458145.0 0.0 1805.2026762604896 0 4.639505e-05
21228448.0 1.0 1798.3434886570462 1 1.0
198457457.0 0.0 1805.0514071511252 3 1.8348418e-19
274986334.0 0.0 1805.2012512903361 0 0.0001954543
396446258.0 0.0 1805.2431332945798 0 0.0012868918
398284092.0 1.0 1810.6379720916989 1 0.9999976
192417130.0 1.0 1796.140847278298 1 1.0
354257885.0 0.0 1800.1404763889757 0 2.387854e-06
422429717.0 0.0 1805.2415428844329 0 5.8454237e-08
368920666.0 1.0 1795.0349679013264 1 0.99999785
63401276.0 1.0 1799.1411804793809 1 1.0
184739277.0 0.0 1804.1410196773932 3 7.278033e-09
77357782.0 1.0 1799.0371139141741 1 0.99999964
229594752.0 0.0 1805.2199088521668 0 7.2733135e-05
379480669.0 1.0 1810.1602136226363 1 1.0
355821222.0 1.0 1799.181995065648 1 0.9999211
427449552.0 1.0 1796.9299838989068 1 0.9999999
385553813.0 1.0 1794.9329608470805 1 0.9990856
319844277.0 1.0 1806.389416031048 1 0.9999542
456130400.0 0.0 1809.1827278831358 3 5.473268e-13
186595806.0 0.0 1796.5578123341973 3 1.01021005e-05
230131062.0 0.0 1805.1984682835612 0 8.641712e-05
116497645.0 0.0 1793.3280863271577 0 2.0326004e-06
387831439.0 1.0 1805.3039114539113 1 0.99999994
219797699.0 0.0 1808.9477904915727 0 0.0028588413
283132719.0 0.0 1805.722426416668 0 2.1253609e-05
288603421.0 1.0 1805.3035245994952 1 1.0
1981434198.0 0.0 1798.1999218902863 3 6.7563496e-18
359495272.0 0.0 1805.5934458938852 2 8.185106e-06
417643330.0 0.0 1793.324983386505 0 0.00060175936
237202531.0 0.0 1796.595146276106 2 8.452982e-08
331391192.0 1.0 1793.285835397437 1 0.9999954
432020324.0 1.0 1810.5159449110874 1 0.99999994
366105371.0 1.0 1798.7850861281877 1 0.999986
424461577.0 0.0 1799.9898401005387 3 2.5409315e-20
399895019.0 1.0 1806.3261511813807 1 0.9998073
279983207.0 1.0 1794.9700721254503 1 0.9999993
353993388.0 1.0 1797.197597123724 1 1.0
329289997.0 1.0 1811.134634943125 1 1.0
410614931.0 0.0 1805.2236455685847 0 1.720627e-05
11434359.0 1.0 1798.4732043688073 1 1.0
441727298.0 1.0 1810.803282365453 1 0.9999984
53963002.0 1.0 1810.2020523144317 1 0.99999774
245583260.0 0.0 1796.8278241044966 0 0.0002998907
10499438.0 1.0 1798.9104207726223 1 0.9999981
230001393.0 0.0 1808.865101329089 0 0.0004922818
428118911.0 1.0 1796.849056168361 1 0.9999999
396195602.0 0.0 1793.4094525527703 0 2.47616e-05
28869820.0 0.0 1800.1414021654525 0 0.00013150633
348223748.0 1.0 1796.0982995777374 1 0.99987525
405479774.0 1.0 1797.1622102461424 1 0.9999994
275142750.0 1.0 1799.8888136924613 1 0.9999999
252119144.0 1.0 1797.6189379850216 1 1.0
370855562.0 1.0 1795.6191465551292 1 1.0
285091042.0 1.0 1797.890535573891 1 1.0
54269985.0 0.0 1796.6394934729524 0 0.00010416842
192692806.0 1.0 1797.120113292411 1 1.0
408094673.0 1.0 1793.9711749471644 1 0.9999998
445341864.0 0.0 1799.5356270916927 2 2.5467168e-07
374787265.0 1.0 1798.4733462679378 1 0.99999964
53963493.0 0.0 1793.1396761354613 0 5.298787e-06
250555759.0 0.0 1796.7447276700725 2 3.546488e-07
292728399.0 0.0 1812.3489014524378 0 7.829406e-06
346788833.0 0.0 1805.2036871527787 0 0.0004999254
63781753.0 0.0 1805.5785654121598 0 0.0004869168
375087015.0 1.0 1798.931669582751 1 0.99988097
269912856.0 0.0 1805.2038741434894 0 0.0014108173
129685635.0 1.0 1793.91182565412 1 0.9998083
238342999.0 1.0 1810.7870749759031 1 1.0
407156046.0 0.0 1805.4722486219518 2 8.020075e-14
353778327.0 1.0 1796.7810167116857 1 1.0
279893616.0 1.0 1806.1593167700414 1 0.9999986
417766157.0 1.0 1795.2216525793465 1 0.9999878
252134961.0 0.0 1793.1399709443012 0 1.3233875e-05
434626013.0 0.0 1812.700727910685 0 0.00033962444
389407516.0 1.0 1806.4314126856864 1 0.9999975
343326607.0 1.0 1797.0329460960522 1 1.0
177883592.0 1.0 1796.5161964796446 1 1.0
332253771.0 1.0 1797.3480911620015 1 0.9999847
233738261.0 0.0 1793.4067902080797 0 2.681064e-06
235979153.0 0.0 1793.1371864630403 0 0.0005802524
289581233.0 1.0 1805.9477006641375 1 0.9999978
233633697.0 1.0 1810.9690421851997 1 0.9999988
283336414.0 1.0 1797.0560921650906 1 1.0
13522361.0 0.0 1805.3064493588636 0 0.00021353584
65749395.0 0.0 1808.9325257778185 0 0.00097542576
396713719.0 0.0 1804.6180767249182 3 5.739581e-09
403877209.0 1.0 1796.9314170504936 1 0.9999856
398337224.0 1.0 1798.2207111942214 1 0.99999994
279923797.0 1.0 1805.471790750777 1 0.99912846
441741547.0 1.0 1797.0113131530973 1 0.9933209
428606311.0 1.0 1797.472200722201 1 0.99826443
13351941.0 0.0 1796.6607002678163 3 2.8165136e-22
415963377.0 1.0 1793.5991337518535 1 0.99999833
229968202.0 0.0 1805.2193722257634 0 4.3671656e-07
236715367.0 1.0 1794.3013372031673 1 1.0
14114615.0 0.0 1808.9522956689002 0 0.00011672118
264992244.0 1.0 1797.263432102374 1 0.99996287
317467699.0 1.0 1810.1590599662381 1 0.9999971
359588943.0 1.0 1797.2604344351967 1 0.99999994
34619582.0 1.0 1806.391409833159 1 1.0
286318509.0 1.0 1794.9537205177141 1 1.0
241046656.0 0.0 1793.1403933029608 0 1.6095315e-05
264990086.0 0.0 1812.3465579348706 0 2.741031e-06
251153933.0 1.0 1794.9528070446713 1 0.99999833
200873044.0 0.0 1793.141020972804 0 0.00035276604
376295810.0 0.0 1812.5143526692443 0 0.0010213203
312464164.0 0.0 1812.7018820120263 0 2.576835e-07
445601827.0 0.0 1805.4110228815357 2 3.900571e-07
301734237.0 0.0 1812.3487775463664 0 7.230631e-05
349294422.0 0.0 1797.974693838482 3 0.000103689155
418374277.0 1.0 1811.180121176787 1 1.0
352931836.0 0.0 1797.5973222964058 2 2.58828e-07
347561614.0 0.0 1796.6409487589804 0 0.0017230551
192290461.0 1.0 1810.5991895774598 1 0.99996096
352113276.0 0.0 1812.347212015307 0 0.0009130252
356917353.0 0.0 1797.093585200379 2 4.5010378e-09
357526213.0 1.0 1810.2389162720426 1 0.99999255
309053181.0 1.0 1794.0360764593586 1 0.99982476
372054422.0 0.0 1812.3668148293802 0 6.9764997e-06
369994518.0 1.0 1793.3272823346529 1 1.0
396240458.0 1.0 1798.5557614313652 1 0.99999934
422609857.0 1.0 1796.7218365997753 1 0.9999938
366329599.0 0.0 1812.387684830829 0 6.3931566e-08
366517287.0 1.0 1805.6580663911523 1 0.99999416
192933930.0 0.0 1805.2034034223743 0 0.0010019229
259003723.0 1.0 1805.74063583364 1 0.99999994
90664557.0 0.0 1805.578815901815 0 0.000680037
354595192.0 1.0 1799.2435545578708 1 1.0
192376694.0 0.0 1805.2867094854112 0 0.0007406665
54790697.0 1.0 1799.3687986215998 1 0.9999588
317467777.0 1.0 1795.5132152469885 1 0.99999976
326857449.0 1.0 1797.5988613092704 1 0.9999999
229507255.0 0.0 1808.8446434997493 0 1.4611806e-05
403921372.0 1.0 1811.326742934725 1 1.0
396388576.0 0.0 1808.9101161205272 0 0.0009400846
327294119.0 1.0 1799.5572455572553 1 1.0
264403496.0 1.0 1797.0959228223303 1 0.99997276
232618473.0 1.0 1797.926682114374 1 0.9849849
229958707.0 1.0 1794.2402975832522 1 1.0
444532964.0 1.0 1806.2229592389967 1 1.0
251835872.0 1.0 1796.8484357752259 1 0.99999976
357827252.0 1.0 1810.639554899992 1 0.99998325
279872031.0 0.0 1796.9095538994427 0 3.9325932e-05
394128479.0 0.0 1797.6994165054234 0 3.4655135e-05
428112325.0 0.0 1812.3488839732777 0 0.00028293903
453162411.0 0.0 1805.764447298546 0 1.664491e-05
368610846.0 0.0 1806.34724573726 2 3.6271795e-05
202898725.0 0.0 1796.8907107861478 0 3.3565982e-05
356199531.0 0.0 1809.0721107487589 0 1.4491167e-08
268428145.0 1.0 1793.1788309538738 1 1.0
90689531.0 1.0 1793.2869715954419 1 0.9999203
198280388.0 0.0 1807.6974219888673 3 2.3046203e-21
117523433.0 1.0 1796.1196477192716 1 0.9999982
406704112.0 1.0 1793.6186129794237 1 1.0
445369659.0 1.0 1800.202259933823 1 0.9999997
401079326.0 0.0 1812.3489118119076 0 5.9143726e-08
241072521.0 1.0 1798.1193703088595 1 0.9999991
139580552.0 1.0 1793.7035259178024 1 1.0
21000780.0 1.0 1797.6204887888143 1 0.9999995
65643891.0 0.0 1793.1407009502466 0 0.006224371
101097682.0 0.0 1809.2663415775403 0 0.0011301166
90569440.0 0.0 1809.1204906526968 0 0.0016064744
403520745.0 0.0 1808.8483934915275 0 0.00055456394
399739182.0 0.0 1796.8880533405468 2 3.5289516e-09
252109289.0 1.0 1794.556643296662 1 0.99999976
445567121.0 1.0 1796.0777080731693 1 1.0
280321964.0 0.0 1801.4309475460602 3 9.2174595e-08
236712642.0 0.0 1805.1973904536674 0 6.6038796e-05
229798877.0 1.0 1798.365610055406 1 1.0
433977596.0 0.0 1812.3672581178057 0 0.0010456025
367453933.0 1.0 1793.5755497088307 1 0.9999983
319846728.0 0.0 1805.5144083069201 0 1.471609e-05
399626757.0 1.0 1796.556127811212 1 0.9999985
21227811.0 1.0 1797.926756999519 1 0.9999859
279440979.0 1.0 1797.8684110617762 1 0.9999957
444081066.0 1.0 1797.8277966488085 1 0.9999979
117175528.0 0.0 1795.494628677863 3 3.5570148e-21
385149848.0 1.0 1810.6826009373215 1 0.9999995
269715378.0 0.0 1793.4096993960966 0 1.649813e-06
230082206.0 0.0 1796.677267279185 0 2.0638237e-05
85489941.0 1.0 1805.8079820748137 1 0.9999999
348677323.0 1.0 1805.4111588706414 1 0.9996184
389959982.0 0.0 1811.5307499491378 2 1.8421389e-08
269665710.0 1.0 1811.553278466073 1 0.99999607
21024419.0 1.0 1797.1205536801754 1 0.9999997
301641075.0 1.0 1805.8907236658006 1 0.9996352
445288344.0 1.0 1795.910509380457 1 0.9999996
333956880.0 1.0 1806.0540297766706 1 1.0
263968694.0 0.0 1802.2828251705312 3 2.132541e-12
431960273.0 1.0 1805.9952258312787 1 0.99999994
422755219.0 1.0 1798.0347333836512 1 0.9999962
194776882.0 1.0 1810.932935689188 1 1.0
444756506.0 0.0 1812.681409553532 0 1.1843226e-06
20876588.0 0.0 1798.6200715061195 3 9.231376e-05
334800701.0 1.0 1797.0129935144805 1 0.99919206
301835530.0 1.0 1797.5154370217736 1 0.99999964
83800829.0 0.0 1805.243138061564 0 9.287294e-06
365885357.0 1.0 1810.8052622025696 1 0.9999953
374391608.0 1.0 1796.7231871963972 1 0.9995983
129980879.0 1.0 1794.7243783863119 1 1.0
426082924.0 1.0 1796.4094066052496 1 0.99999064
274802651.0 0.0 1812.3468738073095 0 3.3738157e-05
280129025.0 1.0 1798.2016238938077 1 0.9998744
245640560.0 1.0 1800.223627066579 1 0.99978876
408196356.0 1.0 1797.5370501912935 1 0.9999978
444079028.0 0.0 1812.3486666613016 0 7.346535e-05
82563428.0 1.0 1810.9940852947009 1 0.9999998
229483119.0 1.0 1798.5114461572675 1 1.0
264922559.0 0.0 1805.202782240937 0 0.0006311469
12830328.0 1.0 1796.66049639516 1 1.0
356978310.0 1.0 1798.510253030146 1 1.0
435446518.0 0.0 1796.909432446528 0 0.0006080722
198392180.0 1.0 1811.5305028286848 1 1.0
366675642.0 1.0 1794.846271392136 1 0.99999607
198182380.0 1.0 1806.2184126757784 1 1.0
241013115.0 1.0 1796.4528667131017 1 1.0
433283920.0 1.0 1798.5995548243188 1 0.99999666
436871835.0 0.0 1808.9121595808806 0 0.009985701
83810074.0 1.0 1795.4100262652248 1 1.0
245499965.0 0.0 1793.4318269872094 2 1.7000457e-07
251297451.0 1.0 1794.8693468519623 1 0.9999937
219852181.0 0.0 1808.885576087931 0 4.7782927e-05
353488648.0 0.0 1812.5353680101198 0 1.3536092e-05
356199531.0 1.0 1798.9055568125843 1 0.95945823
230121756.0 0.0 1805.1982951772964 0 1.6936226e-06
402442745.0 0.0 1808.8449876927034 0 4.285416e-05
298730256.0 1.0 1798.9687302874552 1 0.9999921
302467487.0 1.0 1805.2657209904683 1 1.0
117031206.0 1.0 1798.6197093094893 1 1.0
445187894.0 0.0 1809.202065776339 0 4.157156e-05
372259885.0 0.0 1808.846115210864 0 9.4803734e-05
117408426.0 1.0 1806.1196841291373 1 1.0
229509726.0 1.0 1798.949135749691 1 1.0
433791577.0 1.0 1798.6800169116402 1 0.99999994
67514724.0 1.0 1798.8910423710242 1 0.9999996
408358699.0 1.0 1797.0961264365053 1 1.0
184736957.0 1.0 1811.3282397680796 1 0.99998516
358901093.0 1.0 1797.8676944333704 1 1.0
83426957.0 0.0 1793.4098661821827 0 2.5918073e-06
348138277.0 1.0 1806.3484948386315 1 0.9999996
250688116.0 0.0 1808.8694780287647 0 0.0016868141
117172450.0 1.0 1811.307206520857 1 0.9999983
256640561.0 0.0 1794.0336289182515 3 2.2160308e-14
11997859.0 1.0 1799.5562817653272 1 1.0
410620748.0 1.0 1810.4529328225876 1 0.9999999
238802637.0 1.0 1793.724265417934 1 1.0
406854936.0 1.0 1811.5529818579562 1 0.9999989
421110675.0 0.0 1807.6809551397685 3 3.3892917e-19
320188124.0 1.0 1797.2020424073576 1 0.9999879
229749398.0 0.0 1812.9485564624954 0 9.015213e-05
13526584.0 1.0 1796.4106298728314 1 0.9999998
256434290.0 1.0 1793.4295148414083 1 1.0
374691551.0 0.0 1805.2444569619076 0 0.00037856086
401088630.0 0.0 1796.8900408121194 0 0.00079000834
400251883.0 0.0 1805.722188969861 2 5.5348232e-06
316552132.0 0.0 1796.8254430868774 0 1.3899573e-05
326210250.0 1.0 1794.6154131716794 1 0.9999997
264805538.0 1.0 1805.8902956599895 1 0.9999998
357888118.0 1.0 1797.160027880011 1 0.99999124
400254698.0 0.0 1793.409769814081 0 3.998056e-09
219897631.0 0.0 1797.9902069725895 2 9.851105e-07
278774659.0 1.0 1800.034874348552 1 0.99999946
35085306.0 1.0 1798.4747954709321 1 0.9999981
331605852.0 1.0 1794.973080012887 1 1.0
245465143.0 0.0 1796.8277084260023 0 0.00023775676
353935927.0 1.0 1799.8018769978557 1 0.99999565
13026243.0 1.0 1810.4923713843132 1 0.99999934
441724916.0 1.0 1794.7610644137644 1 0.99999934
229409434.0 1.0 1796.7404635396786 1 0.99999994
186912006.0 0.0 1812.6824908427702 0 0.00025069417
233060062.0 1.0 1805.4480117245475 1 0.99983394
444524949.0 1.0 1806.3478479805378 1 0.9999998
367095972.0 0.0 1805.2005248373355 0 4.4332748e-05
431767614.0 0.0 1808.84933889507 0 0.00791557
312678943.0 0.0 1809.1813503080973 0 2.1146345e-08
445276947.0 1.0 1796.4940478194053 1 1.0
317777850.0 1.0 1794.284073932157 1 0.99999493
292399533.0 0.0 1808.869821428426 0 0.001162731
285278902.0 0.0 1805.203696601449 0 0.0006794452
198186748.0 1.0 1811.3851655195026 1 0.99999803
229767084.0 0.0 1808.8860865509264 0 2.9920096e-07
331714637.0 0.0 1809.1606869934624 0 0.00022023542
104151925.0 0.0 1812.55731185992 0 4.899178e-05
421110675.0 0.0 1797.1393859497243 3 5.3401803e-21
116755759.0 0.0 1805.2032668320605 0 0.002096673
347305741.0 1.0 1794.618517607907 1 1.0
269039656.0 0.0 1812.3675457642914 0 2.4114846e-09
192734732.0 0.0 1812.4116379054542 0 0.0005004317
444144314.0 1.0 1805.5570584573297 1 0.9999999
353607934.0 1.0 1797.743687890997 1 0.9999988
369144280.0 1.0 1798.3683782785163 1 1.0
229594701.0 1.0 1805.6157372176326 1 0.9999996
83425443.0 0.0 1805.2431395869576 0 3.5173205e-05
354404238.0 0.0 1808.8486453705602 0 0.00031714878
406681219.0 1.0 1796.138498523633 1 0.9999997
354799106.0 0.0 1795.7863447084023 2 4.6843354e-05
285605065.0 1.0 1811.4516528850354 1 0.99997413
399788405.0 0.0 1797.4271375686483 3 3.3140708e-15
126096578.0 0.0 1794.2871510570449 2 0.067615
418698185.0 0.0 1793.4100068320324 0 1.5219126e-07
441734144.0 0.0 1800.8239429702344 3 6.5930525e-12
104196730.0 1.0 1796.6197998544988 1 0.9999983
240930239.0 0.0 1808.8899305094687 0 0.00012385279
375651200.0 1.0 1805.9921089801971 1 0.99999934
12867182.0 0.0 1812.3464596031852 0 0.00022033203
387808343.0 1.0 1796.0957243831353 1 0.9999681
445286253.0 0.0 1812.8060952547257 0 3.900179e-05
376372602.0 1.0 1796.8048724158486 1 1.0
285579244.0 1.0 1798.3685882465388 1 1.0
320502307.0 1.0 1799.4474674769078 1 0.3145866
423034236.0 1.0 1796.0151758707782 1 1.0
53015872.0 1.0 1810.389291604375 1 0.9999887
436845575.0 1.0 1810.5995483191161 1 0.9999835
336122651.0 1.0 1794.0332632248997 1 0.9999998
353018022.0 1.0 1799.4310259980393 1 1.0
232634196.0 0.0 1798.9058436730404 3 1.8775113e-16
285178066.0 0.0 1796.6412103720018 0 0.0016143935
292817245.0 1.0 1796.0366358303036 1 1.0
423031237.0 1.0 1795.7444266436853 1 0.99999726
396323026.0 0.0 1808.9723926969455 0 0.00028183273
139535572.0 0.0 1805.4953187359151 0 0.00091044465
369035535.0 1.0 1793.993468304986 1 0.99999964
326914072.0 0.0 1796.6406020906277 0 5.250246e-06
201261968.0 0.0 1805.266149237394 0 0.0005900141
376925413.0 1.0 1811.3659598909262 1 0.9999641
428526514.0 1.0 1793.5143230438905 1 0.9999998
396267528.0 0.0 1797.8474384751628 0 0.0013237378
368231565.0 0.0 1796.9096449124288 0 0.007140683
28673722.0 0.0 1809.0572851366471 0 0.0008099203
396486931.0 0.0 1795.304801043897 3 1.0948967e-15
251278457.0 1.0 1805.8071211436193 1 0.99999994
129912235.0 1.0 1794.703495560002 1 0.9999666
307116166.0 1.0 1799.494130715466 1 1.0
424391542.0 1.0 1797.5325031058592 1 0.9999964
327258368.0 0.0 1808.8694878265142 0 7.096356e-05
249916950.0 1.0 1810.3906071359568 1 0.9999918
445608162.0 0.0 1812.3694511097463 0 6.02416e-07
118300110.0 1.0 1810.1619136553325 1 1.0
367335906.0 1.0 1797.9088053749342 1 0.9996374
354926863.0 0.0 1797.2019250702795 3 3.6343392e-13
22815944.0 0.0 1805.2038464490208 0 0.0011399211
359130292.0 0.0 1796.9099140490928 0 0.00019281253
441722040.0 0.0 1805.1986076251637 0 0.00016107345
343563499.0 1.0 1793.8663807565085 1 0.9999993
192797897.0 0.0 1796.6409714050544 0 0.0013402144
366782092.0 1.0 1806.3045891137294 1 1.0
250580727.0 0.0 1805.2237086241364 0 4.6422633e-06
366555356.0 0.0 1812.3461167684618 0 0.0021622274
417607351.0 1.0 1811.1788739382218 1 1.0
400197592.0 1.0 1799.5349097168846 1 1.0
445288344.0 0.0 1809.2228216287212 0 4.848429e-05
348607837.0 1.0 1799.6818450320554 1 1.0
444358462.0 1.0 1796.7017714248575 1 0.99999565
252829817.0 1.0 1798.932329229543 1 1.0
250803662.0 1.0 1797.8278895332112 1 0.9999999
285230292.0 1.0 1798.7019760120359 1 1.0
352283255.0 0.0 1810.5973231945347 2 2.316023e-11
11147573.0 1.0 1796.1396989827917 1 0.9999968
309236496.0 0.0 1796.6402779446514 0 0.0005496605
400438131.0 0.0 1809.1607059178982 0 8.442727e-06
49849463.0 1.0 1795.0771814116974 1 0.9999862
423928432.0 1.0 1811.2619397257008 1 1.0
280468723.0 1.0 1796.139404969422 1 0.9998906
65568119.0 0.0 1800.1407788169752 0 0.00014497529
434633415.0 1.0 1796.7635673635073 1 0.9999845
377202392.0 1.0 1799.6173556619183 1 0.99999994
366871747.0 0.0 1798.2837300123706 2 5.1750124e-13
368679823.0 0.0 1793.40995368471 0 1.8235714e-09
374830280.0 0.0 1805.2858127297593 0 8.730147e-05
249830707.0 0.0 1812.3487211552624 0 0.0002654532
256457534.0 1.0 1798.095001580623 1 1.0
28909637.0 0.0 1800.1414438299998 0 1.2591125e-06
265430185.0 1.0 1796.0761583403214 1 1.0
269697721.0 0.0 1797.6994736680344 3 1.2563359e-14
177993560.0 1.0 1797.4952054204066 1 0.99999976
399788405.0 0.0 1812.5102409094761 3 8.45408e-19
370269511.0 1.0 1795.4316795647726 1 1.0
395525198.0 0.0 1812.367910040383 0 7.177966e-05
229640571.0 0.0 1808.8656833878833 0 0.0033842432
241025429.0 1.0 1799.5777818610402 1 0.99999994
241013310.0 0.0 1810.827578440068 3 3.57827e-15
265385975.0 1.0 1800.6194463689394 1 0.99999756
301417517.0 0.0 1805.2445537836338 0 4.5144353e-07
12643088.0 1.0 1795.6190289808733 1 0.99996936
435263915.0 0.0 1810.6800024053282 2 1.3835367e-05
240780577.0 1.0 1796.4107706511913 1 1.0
366471232.0 0.0 1812.3877246138068 0 5.212467e-05
250714920.0 1.0 1811.3279665129592 1 0.9999997
288241123.0 0.0 1797.6992545976123 0 1.9826284e-07
287150450.0 1.0 1795.7185573834172 1 0.9999995
284721995.0 0.0 1811.5142567248738 2 3.1849717e-07
117624488.0 1.0 1810.9323224248149 1 1.0
186719381.0 1.0 1810.161971723897 1 0.9999992
347426813.0 0.0 1808.9951522848198 0 0.000648022
137122809.0 1.0 1811.3474470678082 1 0.9999675
354398282.0 1.0 1794.3488119248857 1 0.9999996
196949615.0 1.0 1797.973818215583 1 1.0
104026376.0 1.0 1806.2863725316784 1 0.99998045
240855261.0 1.0 1810.1607362341301 1 0.99999946
52856454.0 1.0 1794.4937977888762 1 0.99496686
418034300.0 0.0 1793.1409352232733 0 0.00050680013
264296742.0 1.0 1795.450050857495 1 1.0
65160165.0 0.0 1809.0992478808905 0 0.0010349882
268377432.0 0.0 1808.8665193289394 0 0.00019673674
229775786.0 0.0 1805.2405731663973 0 5.1751343e-08
354255296.0 0.0 1795.807061382715 2 2.3787132e-08
272539879.0 0.0 1807.5346972134273 3 5.0928747e-06
265472792.0 1.0 1798.6192917688113 1 1.0
50044375.0 1.0 1794.4314179377093 1 0.99999946
427511059.0 1.0 1798.24254815172 1 0.99997
354118916.0 0.0 1812.3668250729809 0 3.3627874e-08
269928718.0 1.0 1797.5137856808685 1 0.98615867
402205653.0 1.0 1795.3701105664913 1 0.99999034
338927884.0 1.0 1797.7008258449234 1 0.9999997
230021550.0 1.0 1796.2405127608054 1 0.999955
326819671.0 0.0 1808.847283705248 0 0.00034941512
219799660.0 1.0 1810.2604032820766 1 0.9999998
49856118.0 0.0 1808.9105993785531 0 0.00018102981
256871703.0 1.0 1795.9075685575697 1 1.0
427335936.0 1.0 1798.2425889015692 1 1.0
406517945.0 1.0 1811.3457807791922 1 0.9999999
331546403.0 0.0 1805.2002852963374 0 0.00065337913
229943691.0 1.0 1805.7192625217867 1 0.9999981
423038170.0 0.0 1812.3692727977304 0 1.1472115e-05
376110341.0 1.0 1793.7006101173445 1 0.99999994
285428044.0 1.0 1793.2871816078027 1 0.99999964
353605798.0 0.0 1794.347715475092 0 0.00075873296
374691551.0 1.0 1793.2027864449688 1 0.99999964
265191346.0 0.0 1809.0760211525703 0 0.00028922345
28834711.0 0.0 1812.8288766871487 0 0.0024416174
353175462.0 0.0 1797.8476849849117 0 1.7186065e-05
452939536.0 1.0 1797.5978784947076 1 0.9999968
129979528.0 0.0 1793.8494568416602 3 0.005201469
333801983.0 1.0 1794.92894657737 1 1.0
390172232.0 0.0 1805.5564000053325 0 1.0029913e-05
455961151.0 1.0 1795.8258268825089 1 0.99999994
126063387.0 0.0 1793.8912336491946 2 0.052175023
61000856.0 0.0 1812.7661251907884 0 1.0056165e-05
312254981.0 1.0 1810.4935382098838 1 0.9961967
264728694.0 0.0 1808.8693539353876 0 1.2968126e-05
73623351.0 1.0 1797.3912297219003 1 0.99999994
352175100.0 0.0 1805.2193571556754 0 2.38068e-06
219109908.0 0.0 1809.1152692086239 3 3.333638e-21
279779102.0 0.0 1797.1179869319321 2 0.017772663
84059267.0 0.0 1805.2015488874424 0 2.5180068e-05
306188113.0 1.0 1811.3688436413536 1 0.9999969
184733749.0 0.0 1811.078361173487 2 1.1562906e-09
389985069.0 0.0 1805.5563358444147 0 1.2535757e-05
275689069.0 0.0 1797.615327188684 2 1.12078894e-07
139432465.0 1.0 1798.6620263191369 1 0.99991363
149999431.0 1.0 1810.2664416064226 1 0.9999999
229593136.0 1.0 1799.6779924296668 1 0.9999994
381656536.0 1.0 1794.2868132236172 1 0.99999624
194618998.0 1.0 1799.0160203171715 1 1.0
71980235.0 0.0 1808.8692303215353 0 1.703633e-05
229912659.0 1.0 1796.802940072263 1 0.9999987
251657793.0 1.0 1806.431893335684 1 0.999999
229782870.0 1.0 1798.1987391420394 1 0.99999905
372342313.0 1.0 1798.3670807968883 1 0.99999934
374483367.0 0.0 1808.8693116442848 0 0.0005117101
347426057.0 0.0 1805.2035131281916 0 0.0008723855
441739153.0 0.0 1811.5528260243298 3 1.8232744e-18
65568119.0 1.0 1794.848984591435 1 0.99999785
139372942.0 0.0 1793.6619437882414 2 0.009138159
444487873.0 1.0 1797.0559656762905 1 1.0
129869843.0 1.0 1794.6203438458865 1 0.99997467
286328028.0 0.0 1794.4105538143679 2 4.3549754e-08
359676320.0 0.0 1794.302363550774 3 6.685317e-06
312470626.0 0.0 1793.2440040976262 2 3.1490476e-12
14036467.0 1.0 1797.9316320811972 1 0.9999992
250747097.0 1.0 1797.953133233208 1 0.9999182
186627861.0 1.0 1810.9744973500112 1 1.0
445348455.0 0.0 1796.702424143811 0 0.00026498843
385444288.0 0.0 1796.8048912726817 0 0.0051913434
370511668.0 0.0 1805.5150043387607 0 8.945523e-05
376368735.0 0.0 1805.2005626477685 0 2.4449366e-07
305047748.0 1.0 1810.3480126289696 1 1.0
77323774.0 1.0 1798.6204449005575 1 0.9999355
237281392.0 0.0 1805.241295073996 0 0.0015025894
240897127.0 0.0 1793.286003151242 0 1.4917726e-08
29700236.0 1.0 1800.3081297348035 1 0.9999999
274842485.0 1.0 1795.5968431284816 1 0.999008
372113117.0 0.0 1808.8484722930655 0 2.2685006e-05
396575419.0 1.0 1798.9951330778415 1 0.9999983
116058716.0 1.0 1799.5363762143447 1 0.9999998
351543860.0 0.0 1806.20160897056 2 4.652508e-16
321595317.0 1.0 1799.6792129905482 1 1.0
192735487.0 0.0 1793.890670259805 2 1.3983249e-06
186596283.0 1.0 1797.2453421456187 1 0.9999997
297777946.0 1.0 1797.93111046005 1 1.0
387681619.0 1.0 1796.7623498071735 1 0.99999714
104198361.0 0.0 1808.9533165034925 0 0.0010476795
233612467.0 0.0 1812.3649203592267 0 5.09396e-05
418257102.0 0.0 1794.9918155912292 3 1.999684e-08
403584089.0 1.0 1795.4108055303054 1 0.99999636
436882696.0 1.0 1797.516490058611 1 0.9999999
116497448.0 0.0 1808.8490784859962 0 0.00068359426
428526894.0 0.0 1809.2641916931343 0 0.00012107861
299439376.0 1.0 1795.0779653710706 1 0.9999999
10871928.0 1.0 1794.5981388251514 1 0.9989692
67662362.0 1.0 1795.5160213138997 1 1.0
219812409.0 0.0 1805.281160956854 0 1.5486015e-05
309142167.0 1.0 1799.0777089610103 1 0.9999987
348133389.0 0.0 1799.5777716273467 2 0.028245771
238744310.0 1.0 1798.8282616272559 1 1.0
272781956.0 0.0 1808.5731614468784 3 2.0581915e-24
356199531.0 0.0 1805.4263135985705 0 7.8599564e-11
286481774.0 1.0 1798.2647683686246 1 0.99999815
387353320.0 1.0 1805.6163686567731 1 0.99999964
367862410.0 0.0 1812.346721208103 0 3.2580442e-06
369352998.0 0.0 1812.4309489542436 0 0.0007014063
395693664.0 0.0 1812.3474606096472 0 5.2803574e-05
82163508.0 1.0 1796.764884039909 1 0.99999964
348765189.0 1.0 1795.1203925490033 1 0.99994934
308784753.0 1.0 1796.8902938639837 1 0.9999999
367753856.0 1.0 1805.3242388372425 1 0.9821776
245377365.0 0.0 1812.6611365075137 0 4.3905206e-05
292853413.0 1.0 1796.8699404821393 1 1.0
428302867.0 0.0 1798.1822181958862 2 3.3482087e-07
332802664.0 1.0 1796.1400341567542 1 1.0
298601243.0 1.0 1796.8848456376886 1 0.9999988
52950869.0 1.0 1795.7227896432132 1 0.9998729
272538760.0 0.0 1812.3678749524954 0 0.00020576105
353726056.0 1.0 1797.7436488500064 1 0.9999999
289724089.0 1.0 1811.2805256327724 1 0.9999947
381656536.0 0.0 1812.6614934121956 0 0.0011225909
10599963.0 1.0 1795.4938355117256 1 0.99995327
65349164.0 0.0 1812.4326519901053 0 0.00023515758
117749777.0 1.0 1795.203141801641 1 1.0
250743820.0 0.0 1793.1405515735214 0 1.0747775e-06
83418907.0 1.0 1805.8265324636623 1 0.99999666
434626115.0 0.0 1793.4094420645615 0 4.8925934e-08
322338950.0 1.0 1798.6818467700593 1 0.9999987
308711972.0 0.0 1809.1192526007549 0 3.8562684e-05
354130394.0 1.0 1795.5780513801928 1 0.99963814
398019841.0 1.0 1810.5767946820708 1 0.99999905
357036445.0 1.0 1798.0937222834816 1 0.99999815
298599819.0 1.0 1811.2388657445226 1 1.0
319599158.0 1.0 1811.3266858249315 1 0.998488
329351229.0 0.0 1794.4057287280052 0 1.08015925e-07
403335736.0 0.0 1805.556040840071 0 0.00023176949
199712573.0 1.0 1799.2596253819672 1 1.0
418035361.0 0.0 1805.30766828631 0 0.0009311355
403394718.0 1.0 1796.8895914916388 1 1.0
251385069.0 0.0 1800.556830803114 0 4.3212165e-07
269697721.0 0.0 1798.3869698376138 3 2.4275464e-11
394050555.0 0.0 1796.6371438736078 0 0.0012272969
441814153.0 1.0 1797.6782732913737 1 0.9999944
353876227.0 0.0 1794.4061565536533 0 0.00010482779
224596414.0 1.0 1805.905567657153 1 0.99998343
283935894.0 1.0 1806.2018011026676 1 0.99999994
52348695.0 1.0 1797.6393558326731 1 0.9988322
219759300.0 0.0 1799.4892981420517 2 0.002353702
321983526.0 0.0 1808.866648492172 0 6.862714e-05
445356907.0 0.0 1809.2020590887312 0 0.000104282124
243278225.0 0.0 1812.3649096338088 0 1.8057528e-06
369091821.0 1.0 1806.3889758603036 1 1.0
445530990.0 1.0 1797.8486115330445 1 0.99999624
354157048.0 1.0 1799.4111587892928 1 0.9999928
366976802.0 1.0 1799.450551039378 1 0.9990295
67420315.0 1.0 1798.07846392579 1 1.0
50685267.0 1.0 1795.1187369750032 1 1.0
235933717.0 0.0 1794.8246787686323 2 4.2476764e-13
445187532.0 0.0 1809.2020658211222 0 0.0052902317
279608953.0 1.0 1806.1175021860763 1 0.9999994
265348968.0 1.0 1795.617724295326 1 0.9999729
250478299.0 0.0 1808.8694114511868 0 0.000675423
292720178.0 1.0 1794.5783319656468 1 1.0
394119708.0 0.0 1794.1992836152285 0 0.0020495523
322386692.0 0.0 1805.241823038448 0 3.7352888e-07
421683849.0 0.0 1812.701806765624 0 9.909771e-07
399830522.0 1.0 1794.1590750230894 1 0.9994717
436846711.0 0.0 1793.141431149172 0 0.0011396197
256803595.0 1.0 1798.3658985409181 1 0.99999994
427111429.0 0.0 1805.2207703394645 0 0.00068776077
235934693.0 1.0 1806.3038389346118 1 1.0
369825812.0 1.0 1793.93111791648 1 1.0
256716627.0 0.0 1796.8254097528484 0 0.00032161464
265389646.0 0.0 1808.8873292563799 0 9.694883e-07
240911239.0 0.0 1800.9734575819202 3 1.6808247e-20
418981690.0 1.0 1805.9308126317605 1 0.9999979
235673225.0 1.0 1796.1575620658493 1 0.9999999
376996522.0 0.0 1805.7189618812579 2 1.792611e-08
202903398.0 0.0 1793.9742173368704 2 5.428526e-06
389984657.0 0.0 1809.306313531543 0 8.602591e-05
417643325.0 1.0 1797.3041366613875 1 0.9999999
311830260.0 1.0 1798.8062486158353 1 0.99999195
279983207.0 0.0 1808.8449140017842 0 0.00056575483
326790523.0 1.0 1810.8057049755396 1 0.9999995
61000802.0 1.0 1793.9748155999223 1 0.9999633
236995537.0 1.0 1806.0742329659702 1 0.9999998
139378835.0 0.0 1811.1201993096133 3 0.00011990278
356893432.0 1.0 1797.3645272464153 1 1.0
388530057.0 1.0 1805.4924110008071 1 0.9999088
372269200.0 0.0 1805.2026815293143 0 0.00023316144
394031081.0 1.0 1799.4703943041957 1 0.9999997
186762155.0 1.0 1810.4327922327113 1 1.0
256801712.0 1.0 1795.511726290972 1 0.99999875
317034907.0 1.0 1805.390504582595 1 0.99999994
26531554.0 1.0 1795.3703753717934 1 1.0
233095811.0 0.0 1797.1357669611696 2 1.090619e-09
453272088.0 1.0 1794.6817276647419 1 0.9999997
367917461.0 0.0 1805.2009325425777 0 1.2553678e-11
436873913.0 0.0 1798.7456294487847 3 0.0010806925
192596441.0 0.0 1808.995072557494 0 0.0008619192
292723624.0 0.0 1805.5157642414154 0 0.00075585104
352117369.0 1.0 1805.618224888228 1 0.932643
101169354.0 1.0 1799.6829500173314 1 0.9999994
67767565.0 1.0 1797.6826959607386 1 1.0
369908768.0 1.0 1794.744106319868 1 0.99999756
453181449.0 0.0 1793.1399199506754 0 1.4097932e-07
301831915.0 0.0 1808.8697393920024 0 7.078728e-05
424730641.0 1.0 1797.5311142383011 1 1.0
422517498.0 1.0 1793.9712121958992 1 0.9999998
326734789.0 1.0 1811.0555053591843 1 0.99999994
333732696.0 1.0 1794.3037683147368 1 0.99987245
370427030.0 1.0 1794.035813071825 1 0.99999875
256607833.0 1.0 1797.4316419337724 1 1.0
453234100.0 0.0 1805.2025636036844 0 0.00023963932
129756845.0 1.0 1793.5159416335068 1 1.0
236002766.0 1.0 1797.8456720410163 1 0.99985254
427547333.0 0.0 1809.1206173358796 0 0.003043843
441734144.0 0.0 1811.2407495042364 3 7.45061e-17
139372188.0 0.0 1809.099388175839 0 7.297827e-06
200792606.0 0.0 1799.9327621645036 3 1.3797542e-07
362257716.0 0.0 1794.1993099927472 0 0.00014002995
46632988.0 1.0 1795.6830330709145 1 1.0
256581455.0 0.0 1805.2418714015646 0 0.0001536519
332046053.0 0.0 1805.5564103749132 0 0.00026060748
353565609.0 0.0 1810.5976117223317 3 1.1486931e-10
292199646.0 1.0 1806.2656389020742 1 0.99999875
35225377.0 0.0 1805.4747974346797 0 0.0005266372
420538276.0 0.0 1805.4520315302657 0 0.0009868725
415976002.0 0.0 1796.6408745970928 0 0.0012588451
416094367.0 1.0 1798.724184299978 1 0.9999986
229795064.0 1.0 1798.5112282224798 1 1.0
240876637.0 1.0 1794.1818124970273 1 0.9999969
323305362.0 1.0 1805.4087352173078 1 1.0
376680727.0 0.0 1808.867254758853 0 0.0014359608
101408267.0 0.0 1796.6412776716172 0 0.0005954749
331859639.0 0.0 1800.1399944643663 0 0.0012276635
229963796.0 1.0 1795.219652735677 1 0.99999976
433354163.0 1.0 1793.5995043895778 1 1.0
375779290.0 1.0 1798.825532236254 1 0.9999991
293190507.0 1.0 1798.2449804413438 1 0.9998279
259167440.0 1.0 1797.9282010218599 1 0.9999999
394123264.0 1.0 1795.2409607534366 1 0.99999994
445580861.0 1.0 1795.4941041520592 1 1.0
436844413.0 1.0 1796.5372753900306 1 1.0
353933946.0 1.0 1800.384942038541 1 0.9999623
233193242.0 0.0 1794.198467387428 0 9.446232e-06
94543505.0 0.0 1793.1411045647571 0 0.002379106
327091381.0 1.0 1795.2447479186294 1 1.0
367330723.0 1.0 1811.262808369786 1 1.0
229684969.0 1.0 1798.5932817259443 1 0.999988
445534244.0 1.0 1805.6818736378968 1 0.9999964
292822594.0 0.0 1808.8906790845758 0 0.00028225008
327603331.0 1.0 1798.1197316554806 1 1.0
101096921.0 1.0 1793.7244198315343 1 0.9999879
408706597.0 1.0 1794.9299839780979 1 0.99999565
229688549.0 0.0 1794.405932598462 0 0.0014254081
384814745.0 1.0 1795.098387881756 1 0.99999833
332374073.0 1.0 1797.8066585070678 1 1.0
407026659.0 0.0 1805.201161596684 0 0.0004933467
236966496.0 0.0 1793.4077620421112 0 2.6247108e-07
250745089.0 0.0 1805.2239215735783 0 8.077145e-05
258628143.0 1.0 1795.0121405245804 1 0.99999994
335036468.0 0.0 1812.3876802269988 0 7.1578485e-09
332812687.0 0.0 1809.1605177939225 0 7.4628915e-06
250505642.0 1.0 1811.244426597188 1 0.9999801
269106906.0 0.0 1793.4096172469935 0 9.719136e-09
184680608.0 1.0 1796.4534226242477 1 0.9999824
357036225.0 1.0 1811.156107624307 1 0.9999996
279079545.0 1.0 1796.7642940930637 1 1.0
381688462.0 1.0 1795.9744656850023 1 1.0
250563009.0 1.0 1798.932096212559 1 1.0
468343249.0 0.0 1808.2635140203438 3 3.3450076e-17
406854857.0 0.0 1812.365497073508 0 3.3589906e-05
229400524.0 1.0 1805.4903266970362 1 0.9999993
369145520.0 1.0 1797.972579466236 1 0.999992
186624610.0 1.0 1794.6409958398563 1 0.9999996
117752754.0 1.0 1798.2656178497639 1 0.9999999
407425750.0 1.0 1795.8053314408041 1 1.0
235985170.0 0.0 1805.2622723976979 0 0.0019331438
368727681.0 1.0 1797.5558162661837 1 1.0
358909502.0 0.0 1808.8466390311773 0 0.0007266243
289589219.0 1.0 1798.572411810544 1 1.0
298662873.0 0.0 1797.9686101237664 0 8.6557575e-06
282785712.0 1.0 1805.8890682922477 1 1.0
301838830.0 1.0 1795.1612597780427 1 1.0
348021286.0 0.0 1793.4942488147597 3 9.510426e-10
407494436.0 1.0 1795.222058397538 1 0.85543746
321546077.0 1.0 1798.3250410946466 1 0.9999999
229650991.0 1.0 1805.4076212888615 1 0.9999994
82397631.0 1.0 1798.0979304193354 1 0.9999998
85524349.0 0.0 1800.1413243549393 0 3.10167e-05
12396579.0 1.0 1797.139559716782 1 0.99999976
272823545.0 1.0 1794.847376284075 1 0.99999994
327190106.0 0.0 1805.2238261462178 0 6.946532e-06
335795763.0 0.0 1795.783911599046 2 5.9815415e-09
11437325.0 0.0 1798.264926135301 3 4.108506e-11
301575691.0 1.0 1811.0364262241026 1 1.0
347484352.0 1.0 1799.6193088588914 1 0.9999998
320497478.0 1.0 1806.1139278773865 1 0.99999875
118297614.0 1.0 1795.2455083135694 1 0.9999992
268724888.0 0.0 1808.8467035251501 0 9.718719e-07
394091364.0 1.0 1798.9912561106696 1 0.99999887
50116364.0 1.0 1811.2648302083885 1 0.9999998
229496857.0 1.0 1794.7406854745268 1 0.9998925
81755546.0 1.0 1811.3481889117 1 0.99999934
422426827.0 0.0 1799.0124834932983 2 7.921522e-06
202839485.0 0.0 1797.349227953389 3 0.00010524786
376640214.0 1.0 1806.0756272347105 1 0.99998957
302682732.0 0.0 1794.347513045005 0 0.0054818997
327140903.0 1.0 1800.3071271221047 1 0.9999998
317006696.0 0.0 1812.3669050278436 0 0.0019259105
397925171.0 1.0 1794.6810305091997 1 0.9999811
241096955.0 1.0 1794.265583965628 1 0.9999974
233528942.0 0.0 1808.8856820759356 0 0.0003884683
230001186.0 0.0 1796.9069856365197 0 8.6178625e-06
445565390.0 1.0 1811.4110041250153 1 0.99999607
255993777.0 0.0 1811.4493977512172 3 0.001103446
312260442.0 0.0 1799.035417458888 2 8.47756e-11
301994288.0 0.0 1812.6404691139398 0 1.0591202e-06
233057220.0 0.0 1794.4062877490408 0 0.0009561067
269101075.0 0.0 1796.9095071838574 0 3.8406147e-06
137964526.0 1.0 1793.5371172812795 1 0.99999624
403692337.0 1.0 1794.2861698520203 1 0.9999945
229583094.0 0.0 1812.3450599740627 0 4.556981e-05
426449556.0 1.0 1798.3498219036805 1 0.9998993
367009809.0 1.0 1799.4713929089214 1 1.0
399788405.0 0.0 1806.468662606616 3 1.5384269e-13
201111651.0 0.0 1809.1829699153488 0 0.005594905
327092860.0 1.0 1797.0154895537398 1 0.99999946
54464022.0 1.0 1796.8062097492825 1 1.0
71747343.0 1.0 1798.3483327193157 1 1.0
292721975.0 0.0 1805.5158388896014 0 0.0019688762
327007961.0 0.0 1793.1405788702812 0 1.3514166e-05
376880697.0 1.0 1805.5951408076246 1 0.99999833
372194338.0 1.0 1793.411001925716 1 0.9999961
116847243.0 0.0 1812.3490546007856 0 0.0003537909
354703135.0 0.0 1808.910464617181 0 0.0005298599
51951685.0 0.0 1809.1601870638187 0 0.005444648
375853698.0 0.0 1812.3878819108838 0 1.3023265e-08
388436487.0 0.0 1800.3047200070748 3 4.7088828e-21
280322140.0 0.0 1811.2643734779901 2 7.2544304e-09
252126276.0 0.0 1798.2647212889187 2 6.1261134e-16
431891777.0 0.0 1805.286744858322 0 0.0054923547
388581443.0 1.0 1811.0756100770734 1 0.9999996
116367144.0 1.0 1798.9947352326608 1 0.9999942
137057129.0 1.0 1810.7012667216793 1 0.8423384
139371975.0 0.0 1805.4952916889354 0 0.0016440684
415975234.0 0.0 1805.5158509933851 0 0.0012658981
117531026.0 1.0 1798.8072325681633 1 0.9995719
292470079.0 0.0 1805.4740611800971 0 0.0033544367
348234504.0 1.0 1810.7443771976216 1 0.99999124
399692631.0 0.0 1808.8469425499027 0 2.6092524e-09
401324480.0 0.0 1793.3049148359614 0 4.8579077e-05
367188489.0 0.0 1805.221409197096 0 5.258311e-07
288312840.0 0.0 1793.9490671902308 3 1.3570793e-10
250632049.0 1.0 1794.182285959762 1 0.99970776
256802502.0 0.0 1808.8656577332183 0 0.00020223856
410497430.0 1.0 1797.536327077857 1 0.99999493
252127107.0 0.0 1812.68118461715 0 0.00012355269
376965007.0 1.0 1806.3673356108409 1 0.9999997
237081441.0 0.0 1798.2203551361738 2 7.213083e-12
292321274.0 1.0 1793.9741225539478 1 0.9999999
452988500.0 1.0 1797.5353446150195 1 1.0
286358203.0 0.0 1809.9536576318667 3 0.0019546181
233208885.0 0.0 1810.385981220166 3 2.397141e-12
237288639.0 1.0 1796.199644721844 1 0.99999374
270014077.0 1.0 1795.6804274934436 1 0.9999986
232620122.0 0.0 1808.8847643590218 0 9.110722e-06
373789223.0 0.0 1805.2647583850548 0 1.1041744e-06
354405889.0 1.0 1798.8278664186337 1 0.99911064
366718106.0 1.0 1793.4921207934005 1 0.9999999
308373138.0 0.0 1805.202719482484 0 0.00031657334
347943160.0 1.0 1794.8276414419227 1 0.29973534
445564273.0 1.0 1793.72360137775 1 0.99999654
427548920.0 0.0 1805.200824079825 0 0.014673704
264615805.0 0.0 1802.411062626345 3 6.216418e-07
280070712.0 0.0 1793.616021700045 2 2.6263226e-05
301477092.0 0.0 1796.8906612383887 0 0.00045400078
229676244.0 0.0 1799.907220261416 3 5.96738e-08
21178416.0 1.0 1795.099757961841 1 0.9999882
229741985.0 0.0 1810.6572262723328 3 0.0001666024
245759596.0 0.0 1805.2028932228584 0 0.00075379846
354157048.0 0.0 1808.869309026748 0 0.0002795841
264546305.0 1.0 1794.6792075307417 1 0.99997866
378152218.0 0.0 1808.867791538708 0 0.0040284693
81684387.0 1.0 1794.848182621574 1 0.9999997
336538973.0 1.0 1799.5339037729693 1 0.99965084
94673839.0 0.0 1793.1410426342013 0 0.0007110016
251437021.0 0.0 1805.2027158056737 0 0.00024881156
317470793.0 0.0 1811.4091167688468 3 3.0528863e-14
10603777.0 0.0 1794.3480632636858 0 7.404121e-08
229947250.0 1.0 1797.886304893828 1 0.9999985
54710829.0 1.0 1810.1187095313494 1 1.0
373146264.0 0.0 1796.8049869495221 0 2.4121053e-07
259097799.0 0.0 1808.8655289498076 0 0.02708883
34821228.0 0.0 1812.4121983938194 0 0.0012403677
373146264.0 1.0 1805.6383780911656 1 0.9997703
302617953.0 1.0 1796.847814946276 1 0.99999994
347682064.0 1.0 1806.16115671982 1 0.9999836
236785983.0 0.0 1805.2190094426783 0 6.7141315e-07
252107997.0 1.0 1796.8899252738997 1 0.9998999
306183734.0 1.0 1796.8274403607372 1 1.0
353853850.0 0.0 1798.5727785590266 2 0.0012690424
390862758.0 1.0 1811.1816229969056 1 1.0
445133661.0 0.0 1809.1604367961465 0 5.68566e-06
332053527.0 0.0 1796.6399982386263 0 0.00044902303
71742397.0 1.0 1811.535841440591 1 0.99996716
202979060.0 0.0 1809.0573861386395 0 0.0011493149
352111607.0 0.0 1796.8056149884133 0 4.1884573e-06
405321620.0 1.0 1806.2000242045197 1 0.99999475
444750991.0 0.0 1809.202206528254 0 5.714084e-06
366872353.0 1.0 1810.9295827057533 1 0.9999996
65746968.0 0.0 1812.4117807636906 0 0.0006412327
286476556.0 0.0 1812.452556498117 0 0.00017378558
186765819.0 1.0 1797.3494939620068 1 1.0
373234499.0 0.0 1793.409460246628 0 3.2687376e-06
285181196.0 0.0 1800.12038190246 3 0.00020065643
286355915.0 1.0 1795.5370757133285 1 1.0
421381052.0 1.0 1796.8269687843178 1 1.0
194731690.0 1.0 1795.3077196052216 1 0.9999965
192473409.0 1.0 1811.0783413176825 1 1.0
194783144.0 1.0 1795.1825951223113 1 0.9999975
372350288.0 0.0 1808.848843960047 0 1.4618706e-05
406901830.0 1.0 1799.264154569987 1 0.999999
348519253.0 1.0 1798.8903542926303 1 0.99998605
194857406.0 1.0 1796.912005447983 1 1.0
373456959.0 1.0 1794.2218657694473 1 0.9999995
308290986.0 1.0 1799.3277536001979 1 0.99999946
376039083.0 0.0 1812.3670843531493 0 1.1343221e-06
255865141.0 1.0 1800.1370750139663 1 0.9999983
245398036.0 1.0 1796.3901108306534 1 0.9999957
199710296.0 0.0 1793.176412978902 0 0.98259455
233578304.0 0.0 1812.469044170076 0 0.004989312
398018851.0 1.0 1811.3684236613678 1 1.0
396339551.0 0.0 1809.2434284021972 3 0.000115921
317033034.0 0.0 1805.2029578847844 0 0.0073907743
229751802.0 0.0 1807.8238126046358 3 1.9354046e-15
252155828.0 1.0 1794.9106603867028 1 1.0
387632808.0 1.0 1793.491515268259 1 0.9783573
285232826.0 0.0 1812.7018137300452 0 0.00019261353
400441995.0 1.0 1797.8275549949692 1 0.9999325
336294668.0 0.0 1808.84618953797 0 8.6027714e-05
426141862.0 1.0 1799.6802365535134 1 0.99481297
233208885.0 0.0 1800.510939874231 3 3.5172733e-16
322206040.0 1.0 1811.2624752334523 1 0.99999994
258511985.0 1.0 1794.6787069725638 1 0.99998415
331508525.0 1.0 1810.5356470718289 1 1.0
256103806.0 0.0 1793.1396425576577 0 9.4624845e-08
196845377.0 1.0 1811.0359347639048 1 1.0
408101062.0 0.0 1805.200140867551 0 0.00096320495
434437099.0 1.0 1794.6594298943194 1 0.99935573
219791854.0 0.0 1808.843979126502 0 5.9907075e-07
351691094.0 0.0 1809.201671384107 0 3.252564e-05
285536129.0 1.0 1806.2436009779717 1 1.0
233514389.0 0.0 1794.4056591129083 0 0.0011421144
198240456.0 0.0 1794.6349508777096 2 3.4182976e-05
269809716.0 1.0 1796.7221705869742 1 1.0
259237610.0 0.0 1805.219936876668 0 8.830426e-08
410617496.0 1.0 1798.2027713077473 1 0.9999989
398018454.0 0.0 1812.451734148322 0 0.00018744875
198237165.0 1.0 1811.4266986947223 1 0.9999983
270327432.0 0.0 1812.3468205019624 0 1.572505e-05
434724230.0 1.0 1811.138256283301 1 0.9998483
65696118.0 1.0 1806.203480460013 1 0.9999917
12216678.0 1.0 1795.2023045571807 1 1.0
419524140.0 1.0 1795.014361692058 1 1.0
428293180.0 1.0 1794.6613257159354 1 0.9999993
331866906.0 0.0 1812.472027883156 0 0.0013731805
378653362.0 1.0 1811.388764564637 1 0.99999905
94454314.0 1.0 1795.9952294227678 1 1.0
331727884.0 1.0 1795.867637358351 1 0.9999971
200773031.0 0.0 1805.2036375303273 0 0.000120639175
101032677.0 1.0 1794.7245757918902 1 0.99999994
252195327.0 0.0 1812.7021203721354 0 0.008984006
387562212.0 1.0 1798.720596615684 1 0.9999976
287137719.0 1.0 1797.2394833862172 1 1.0
51022448.0 1.0 1796.1398835840937 1 0.9999976
449991108.0 1.0 1793.410324391635 1 1.0
251250924.0 0.0 1805.2026621123855 0 0.0004947379
13080907.0 1.0 1794.8063843548812 1 1.0
395407102.0 1.0 1799.972199595146 1 0.99998444
94453754.0 0.0 1805.5371038057601 0 0.008591678
250505921.0 1.0 1811.2652505877581 1 0.9999999
445616870.0 0.0 1812.3484667271414 0 1.4712572e-06
301642504.0 0.0 1805.224013169306 0 0.00024557448
412353000.0 0.0 1808.8876701173342 0 0.0004188392
354844793.0 0.0 1808.9103664121053 0 0.0012502583
377733327.0 0.0 1798.5136303192885 2 7.957169e-06
23051058.0 1.0 1794.8078634466174 1 1.0
63689111.0 1.0 1810.7242847902726 1 0.99999523
73527713.0 0.0 1812.411899838797 0 0.0006238068
285127345.0 1.0 1797.9725724845018 1 0.99999875
49938487.0 1.0 1796.3481152182883 1 0.9999879
250722413.0 1.0 1793.890315236815 1 1.0
396026334.0 1.0 1795.4302117655245 1 1.0
436863245.0 1.0 1797.8705815623157 1 1.0
241094438.0 1.0 1795.0154672881613 1 0.99999845
436930286.0 0.0 1808.9329939885822 0 0.0010959916
458842028.0 0.0 1806.2229955630967 3 1.8169862e-08
390734825.0 1.0 1795.160663305218 1 1.0
306564214.0 0.0 1796.640007253974 0 0.0023062462
352954787.0 0.0 1811.3870213905452 3 1.6564193e-14
381660977.0 1.0 1793.3494498667399 1 1.0
139506131.0 0.0 1812.703391827921 0 7.833701e-06
264468462.0 0.0 1812.658576992206 0 1.1746013e-05
352815200.0 1.0 1810.1620052731203 1 1.0
389963202.0 0.0 1797.9688277859457 0 5.5097105e-05
219897213.0 1.0 1796.0318051811653 1 0.99998856
353735662.0 1.0 1797.614563241977 1 0.99999917
422305222.0 0.0 1805.199727916082 0 2.3173617e-07
279662725.0 1.0 1797.2219178944085 1 0.999865
353898098.0 0.0 1806.0308397486347 2 1.103606e-06
258773798.0 1.0 1798.5529434570933 1 1.0
235711420.0 1.0 1806.3866021023725 1 0.9999553
229748770.0 1.0 1794.9903888768338 1 0.99999976
389693567.0 0.0 1805.3269374628771 0 0.0011186401
35015461.0 0.0 1805.5789681566757 0 5.5875917e-05
83349390.0 1.0 1793.8684501219484 1 1.0
354129904.0 1.0 1797.098906233134 1 0.99999976
198179503.0 0.0 1805.2183512062618 0 2.1584345e-05
245424073.0 1.0 1796.7860184177168 1 0.9999998
427803788.0 0.0 1812.3883766142935 0 9.22472e-06
256647627.0 1.0 1795.200368555842 1 1.0
178175440.0 1.0 1796.0369255299825 1 1.0
117868583.0 1.0 1805.7864948770698 1 0.99999964
301909087.0 0.0 1811.7448168550393 3 0.000104205785
434625997.0 0.0 1800.2843638841646 3 1.6143162e-13
265195449.0 1.0 1798.473598126209 1 0.99999946
285536806.0 1.0 1795.0353773641905 1 0.9999997
245463747.0 0.0 1812.3694315522907 0 2.8805482e-05
307642205.0 0.0 1812.3485421317343 0 0.0004694759
346119463.0 1.0 1795.2648975905952 1 0.9999983
399831693.0 1.0 1810.117481227214 1 0.9999837
327139897.0 1.0 1810.1611361078658 1 1.0
389958835.0 1.0 1799.3644305134621 1 0.9999998
368611669.0 1.0 1793.993075713953 1 0.99999875
381686169.0 1.0 1793.9326562685053 1 1.0
238717786.0 0.0 1793.1406406089761 0 5.5370256e-05
192731997.0 1.0 1797.5366441742183 1 0.99998534
259039731.0 1.0 1806.345015609379 1 0.9999882
264730832.0 0.0 1808.9526598808443 0 5.7456637e-06
422981940.0 0.0 1805.4325666040208 0 0.0007369393
336291798.0 1.0 1796.0339545886945 1 0.9999998
307956318.0 0.0 1793.67688130111 2 0.0026673325
376548032.0 1.0 1796.1798683477632 1 0.9999956
373512118.0 1.0 1796.4509344624373 1 0.9954475
138017750.0 0.0 1799.828819490631 3 0.0015205251
275143610.0 1.0 1797.2221109054894 1 0.9999975
405614107.0 1.0 1796.9531988178376 1 0.99990207
311934395.0 0.0 1805.5563148147032 0 1.2655589e-05
362131922.0 1.0 1799.7394344924205 1 1.0
327508064.0 1.0 1811.3279540153628 1 1.0
203105437.0 1.0 1793.4950811582353 1 0.9999975
256619170.0 0.0 1805.1989846153494 0 4.4239714e-06
251408385.0 1.0 1793.4110904839704 1 1.0
229779905.0 0.0 1793.4072468202307 0 0.0005556923
390734132.0 1.0 1810.6608566975974 1 1.0
238720199.0 1.0 1810.9321655956635 1 0.9999996
13608268.0 0.0 1812.4108430335227 0 1.3205055e-06
367092770.0 1.0 1810.471347819254 1 1.0
202977153.0 0.0 1805.2032073387745 0 0.0001425029
445637996.0 1.0 1795.786112535917 1 0.9999904
445110677.0 1.0 1810.7019112230244 1 0.9999835
400245742.0 1.0 1795.9098901632226 1 0.9999867
229399917.0 1.0 1811.3444446735746 1 1.0
84167346.0 0.0 1812.6806638860999 0 1.505504e-05
245581701.0 1.0 1810.265397743704 1 0.9999999
200773420.0 1.0 1805.9328217828074 1 0.99999887
272630114.0 0.0 1797.0347710176004 0 5.6217337e-05
22945470.0 1.0 1811.0162344200296 1 0.99999875
392125262.0 0.0 1808.8487874884563 0 0.00086894043
235716285.0 1.0 1794.8865604251282 1 0.9999999
20805612.0 0.0 1805.3075526338957 0 0.00037626413
450133593.0 1.0 1797.9943536191809 1 1.0
428611573.0 1.0 1796.763776286003 1 0.9999743
311188656.0 1.0 1797.32339134344 1 0.9999997
275462086.0 1.0 1796.930957953084 1 0.9999956
367536838.0 0.0 1793.3906363116862 0 4.3209995e-05
445593436.0 1.0 1811.5149714300153 1 0.9999044
189685363.0 0.0 1805.3907037747142 0 7.672835e-05
367081941.0 1.0 1810.2623633498513 1 0.9989093
250744292.0 1.0 1799.3072571657062 1 1.0
232644237.0 0.0 1797.9688082099792 0 0.00050717394
264404052.0 1.0 1799.4709354984486 1 0.99950373
219800917.0 1.0 1794.323099213907 1 1.0
445278771.0 1.0 1799.473188382453 1 1.0
376848439.0 1.0 1795.3860326112024 1 0.99997896
202904195.0 1.0 1796.2659344548995 1 1.0
306951915.0 1.0 1798.535770563085 1 0.99999774
51961116.0 1.0 1795.3687880189827 1 0.9999992
233206362.0 1.0 1794.9273833700388 1 1.0
312976544.0 1.0 1798.202254151883 1 0.9999986
11335164.0 1.0 1797.3479438564877 1 0.9999824
321911609.0 0.0 1805.2209131636719 0 3.137077e-07
468343249.0 0.0 1800.0551151992913 3 2.564232e-13
284056209.0 0.0 1809.2016879397872 0 0.000196034
370064338.0 1.0 1811.1398556122617 1 0.99997944
366760089.0 0.0 1808.8462242489716 0 1.5114695e-06
408094808.0 0.0 1797.4919489740266 2 2.3882055e-08
189592051.0 1.0 1800.2448822021865 1 1.0
444724716.0 1.0 1810.202008476727 1 1.0
299328236.0 1.0 1794.5360242872307 1 0.99998975
377202633.0 0.0 1796.9090356627894 0 0.00034145647
326969027.0 1.0 1797.0990022814 1 1.0
427546254.0 0.0 1805.599806076766 0 0.00088231754
54128263.0 0.0 1812.7020345429169 0 0.00017113857
280036019.0 0.0 1805.219967082631 0 1.3668708e-07
192487627.0 1.0 1810.432479638929 1 1.0
354258570.0 1.0 1798.8280182793287 1 0.99999946
348231753.0 1.0 1796.327650496289 1 0.9999647
272324250.0 1.0 1796.159842069666 1 0.99999976
387409979.0 0.0 1798.2830818496666 2 0.00017659723
389982667.0 1.0 1810.7854935046262 1 1.0
387631215.0 0.0 1799.4497922812657 2 1.9178337e-06
403430910.0 1.0 1810.473225893022 1 0.9997517
305831990.0 1.0 1797.9733263374235 1 1.0
149978133.0 1.0 1795.9328974191358 1 1.0
407514640.0 1.0 1796.5548093568113 1 0.9999997
233689439.0 1.0 1810.7398683013253 1 0.057859898
71691223.0 1.0 1798.5149923306699 1 0.9999987
196891391.0 0.0 1812.4942377259993 0 0.00014060368
251726271.0 1.0 1794.9110796908014 1 0.9999988
433075988.0 1.0 1797.9326745660323 1 1.0
288610944.0 0.0 1806.1164187305176 2 2.3521418e-10
13454275.0 1.0 1810.681444222798 1 0.99999946
237307634.0 1.0 1810.366303017244 1 0.9999998
229744093.0 1.0 1795.4694420614417 1 0.99993175
402204723.0 1.0 1810.7239158698292 1 0.99999857
280162900.0 0.0 1812.344924380719 0 8.1120277e-07
428071828.0 0.0 1808.848890545997 0 0.00052813994
418220541.0 0.0 1805.2001106776008 0 0.0025667704
219854644.0 1.0 1798.4273350259668 1 0.999983
327702232.0 1.0 1811.432131668659 1 0.99999887
389849892.0 1.0 1798.7644787193426 1 1.0
245377299.0 1.0 1797.6403095683852 1 0.9999994
302157740.0 1.0 1811.2864533275942 1 0.99999946
237016001.0 1.0 1794.3036608294115 1 1.0
272759306.0 1.0 1810.1771878014836 1 0.9999998
71697381.0 1.0 1794.077683930537 1 0.99999917
354700723.0 1.0 1795.8477245023541 1 0.9999994
235937080.0 0.0 1812.3872604235216 0 3.414211e-06
63396412.0 0.0 1793.3912456596122 2 1.1012009e-07
83143741.0 0.0 1808.8889562460727 0 9.12563e-05
319911472.0 0.0 1809.180949437863 0 1.3996636e-05
250556056.0 1.0 1797.1405744146837 1 0.99999994
252114644.0 1.0 1805.9731015682894 1 1.0
302393948.0 0.0 1793.3279922964175 0 8.9824745e-05
374833810.0 1.0 1796.765015550682 1 0.9999843
229673190.0 1.0 1795.0945673914646 1 0.99999833
82097187.0 1.0 1796.4729007328542 1 1.0
116218267.0 0.0 1793.3281260685994 0 0.0029933811
392536812.0 0.0 1795.5314576125033 3 2.0321312e-12
366915995.0 1.0 1794.3672230384295 1 1.0
229676244.0 0.0 1797.8030180673543 3 3.556677e-09
353565609.0 0.0 1799.1808328035966 3 2.7519226e-20
285270916.0 1.0 1797.9120128173636 1 1.0
453268379.0 0.0 1805.556584281594 0 0.0006907768
331472386.0 0.0 1806.2002639837094 2 0.002594763
271141434.0 0.0 1806.0137442867194 2 3.2230427e-12
265186168.0 1.0 1810.4301369904194 1 0.9999943
192845021.0 1.0 1794.6406631912992 1 0.99999976
366915995.0 0.0 1808.867135021354 0 1.0310074e-06
309053519.0 1.0 1793.6402322646668 1 0.9999999
445248709.0 1.0 1806.2020383700926 1 0.9999993
436935532.0 1.0 1797.7664510806771 1 0.9999913
366194419.0 1.0 1799.681022956516 1 0.99997985
441762659.0 1.0 1796.5112202361956 1 1.0
366491596.0 1.0 1797.261767245561 1 0.99999636
10974183.0 1.0 1810.5563390277728 1 1.0
298313179.0 1.0 1810.325933020328 1 1.0
354116108.0 0.0 1793.3252400713081 0 1.46420625e-05
400252968.0 1.0 1805.4096795529936 1 1.0
445412390.0 0.0 1805.556427173376 0 0.00022726104
372071808.0 1.0 1806.1586259575506 1 0.99999994
270127471.0 0.0 1808.909423911117 0 0.0003796608
200739444.0 1.0 1798.5576992868755 1 0.9999857
178139320.0 0.0 1805.224522996187 0 0.0009023108
21022385.0 1.0 1795.6622239662952 1 1.0
445619293.0 0.0 1798.6817634293295 2 3.6145006e-12
445637206.0 1.0 1810.640269341648 1 0.9991834
52037363.0 1.0 1799.5977154844197 1 0.99999803
21116714.0 0.0 1805.2037624566003 0 8.5278254e-05
332048456.0 0.0 1805.5147909430295 0 2.327397e-05
94367054.0 1.0 1793.2036000019575 1 1.0
432090580.0 0.0 1796.6407557955888 0 0.007928583
279187055.0 0.0 1805.5559218251076 0 8.683257e-06
315922289.0 0.0 1808.8663223930682 0 8.584129e-05
116616937.0 1.0 1811.4324137523604 1 0.99999833
83149868.0 0.0 1793.4098870570651 0 4.993958e-11
250559030.0 1.0 1810.432122967095 1 1.0
288346006.0 0.0 1808.8659784035062 0 7.051303e-08
101163592.0 0.0 1809.39141819717 0 0.0011894567
322319485.0 1.0 1794.4502828226152 1 0.99999964
387505561.0 0.0 1805.2413402089835 0 0.0009977387
444801274.0 0.0 1811.7645410654015 3 1.5209586e-10
256206976.0 1.0 1796.9101476326807 1 0.99999785
249859598.0 1.0 1797.99458290263 1 0.9999999
63719613.0 0.0 1793.7662094846944 2 1.061371e-06
279872508.0 1.0 1797.888704749078 1 0.9999986
54210431.0 0.0 1805.6186998522712 0 0.0014633567
327444221.0 1.0 1799.9530380338715 1 0.9999918
407383039.0 0.0 1805.2030834526045 0 6.005035e-06
418030746.0 0.0 1812.4324744711237 0 0.0029115777
229938728.0 1.0 1797.4487712084456 1 1.0
12740962.0 1.0 1795.5980476915738 1 1.0
335692090.0 0.0 1812.3668858807239 0 3.7600003e-05
422838576.0 1.0 1805.6806008248086 1 0.99998766
219885612.0 0.0 1805.2193019767233 0 0.00015205174
370274722.0 0.0 1809.2022885046897 0 3.3386252e-06
428299068.0 0.0 1805.3074395965784 0 0.0020792978
237011192.0 1.0 1795.1369950179467 1 1.0
238719871.0 1.0 1797.4323455831004 1 1.0
11239272.0 0.0 1808.9106284897618 0 0.0028154617
366681188.0 1.0 1798.4086812865057 1 1.0
417852503.0 0.0 1808.8472098692948 0 0.0006134561
264193575.0 1.0 1806.3667340564014 1 1.0
269697721.0 0.0 1794.1369912922673 3 5.4463513e-12
192736261.0 1.0 1797.286598867541 1 0.9999999
285276573.0 1.0 1793.6203978051524 1 1.0
321544763.0 1.0 1805.3249522002143 1 1.0
77352946.0 1.0 1798.7454973769359 1 1.0
249918677.0 0.0 1805.2030855052792 0 6.1158453e-06
251116926.0 0.0 1805.2027532103345 0 0.00025920026
71932079.0 1.0 1810.16071379171 1 0.9998538
351687142.0 1.0 1810.493288601435 1 0.9999992
285793850.0 1.0 1794.9106324149989 1 0.99975705
353871287.0 0.0 1806.0515710152206 3 0.19132654
233579092.0 1.0 1798.9691350589103 1 0.99999714
388605142.0 0.0 1805.2008027261577 0 9.979529e-05
129788532.0 1.0 1810.4950580902564 1 1.0
317511453.0 0.0 1795.6800099876948 2 1.6812185e-13
289569942.0 1.0 1793.2807268227405 1 0.9999945
374613564.0 1.0 1796.2026921593056 1 1.0
366557556.0 0.0 1805.304506058124 3 2.3971548e-08
309232490.0 0.0 1812.4526831179132 0 0.00047846552
417310592.0 1.0 1793.5559716866626 1 1.0
354869471.0 1.0 1805.8280898475266 1 0.99999416
233210176.0 1.0 1794.7190226355285 1 0.9997187
453224609.0 1.0 1805.9316047445407 1 0.9999973
329154069.0 0.0 1805.1990204991191 0 7.3377446e-06
445182516.0 0.0 1809.2019804892986 0 0.0045756293
285036737.0 0.0 1805.5561282206938 0 0.0001848131
352978599.0 0.0 1794.9498180248615 2 1.5539298e-10
265186608.0 0.0 1798.9303780562789 2 2.854318e-07
417831403.0 0.0 1805.5371736585369 0 0.0006449817
219900027.0 0.0 1811.5317214124887 3 2.796746e-17
403689041.0 0.0 1805.4528077437178 2 0.015130039
396532179.0 1.0 1811.4933438222854 1 1.0
428121854.0 0.0 1805.2448439311927 0 4.6986156e-06
374967351.0 1.0 1794.9316736342678 1 1.0
312555125.0 1.0 1798.035611830792 1 0.99999815
331212224.0 0.0 1805.5565556274794 0 0.0036886188
309049634.0 0.0 1810.661003093198 2 6.089604e-12
374480651.0 1.0 1796.2234658909472 1 0.97563154
67711552.0 1.0 1796.4119367268809 1 0.99999124
395769189.0 0.0 1796.805524084125 0 0.00021687362
201156659.0 1.0 1795.703486309871 1 1.0
431760531.0 0.0 1795.244936664332 2 0.0016160852
407213357.0 0.0 1805.2012420811657 0 0.020545756
376775467.0 0.0 1793.4091855328354 0 4.8305365e-06
387446706.0 0.0 1808.8870089066513 0 0.00024468522
285344045.0 1.0 1793.5787076793968 1 1.0
272324340.0 0.0 1800.3472806241414 3 1.0803777e-11
370073677.0 1.0 1799.1191780330496 1 1.0
256562314.0 1.0 1796.615824775897 1 0.6135321
375082218.0 0.0 1812.3484049665058 0 5.7507673e-06
251650602.0 0.0 1808.8485560054273 0 0.000150542
387810926.0 0.0 1805.283160789517 0 0.000272613
396162820.0 0.0 1793.3678768810526 0 2.1022167e-07
233547085.0 1.0 1806.0940092849683 1 0.9999994
258628565.0 1.0 1798.3662795786536 1 0.9999987
316330990.0 1.0 1810.8277972816443 1 1.0
129916255.0 1.0 1797.5577974089972 1 0.9999994
353893520.0 0.0 1805.7246469312865 2 1.0285953e-05
316250867.0 0.0 1809.9113487997076 3 3.1310742e-12
417663305.0 0.0 1793.304844059842 0 6.504154e-10
434973053.0 1.0 1811.1591259248846 1 0.9998464
241023945.0 1.0 1797.5569094888688 1 1.0
346932389.0 0.0 1805.5766533040967 0 1.821583e-05
334832291.0 0.0 1796.676780132304 0 0.0008568468
279209662.0 0.0 1805.3060829492103 0 7.786272e-05
322132773.0 1.0 1810.8875151173745 1 1.0
427767103.0 0.0 1808.8468602792816 0 1.1292461e-06
117271063.0 1.0 1795.6821104893572 1 0.999991
302231611.0 0.0 1808.8489117412348 0 5.0395734e-05
308777391.0 0.0 1805.2027699145342 0 0.00059692166
322263229.0 1.0 1793.887748479365 1 0.9999875
54265033.0 1.0 1795.3268727800566 1 0.9999986
54262058.0 1.0 1806.0352321900612 1 1.0
229793974.0 0.0 1799.0112992352929 2 3.3886128e-08
280189682.0 1.0 1797.5144860935418 1 1.0
352954787.0 0.0 1797.3456272752526 3 3.5408457e-16
367463947.0 1.0 1806.4113274229555 1 0.9999993
436844413.0 0.0 1812.7661918763108 0 0.0006055991
235682059.0 1.0 1810.4703318387049 1 0.9999996
237209077.0 1.0 1806.386955577499 1 1.0
229959574.0 0.0 1796.9069701242868 0 0.00010320905
410549837.0 0.0 1812.348581248059 0 9.889275e-07
233573290.0 1.0 1798.1774768952887 1 0.99997944
250836327.0 1.0 1794.6820677800836 1 0.9999778
116985098.0 0.0 1808.848990688808 0 3.8381222e-05
346119271.0 1.0 1796.5149232136316 1 1.0
49942082.0 1.0 1798.2857373472461 1 1.0
34754039.0 1.0 1797.287322990774 1 1.0
387505561.0 1.0 1795.1581181318543 1 1.0
252860768.0 0.0 1805.203058839356 0 2.602989e-05
289582210.0 0.0 1805.197804466361 0 1.4617939e-05
387676401.0 1.0 1795.5540068145406 1 0.99999964
346717337.0 1.0 1806.2871299420306 1 1.0
230073755.0 0.0 1806.0938912911665 2 1.0534172e-09
374615414.0 0.0 1796.6402512497998 0 0.00059528474
67660662.0 1.0 1795.286856967474 1 0.9999992
308533786.0 1.0 1799.6402326955122 1 0.9999997
269520434.0 1.0 1796.9929568335651 1 1.0
291840808.0 0.0 1805.2239758422559 0 0.0010260952
316620933.0 1.0 1810.1403812604926 1 0.9999998
264051736.0 0.0 1795.0747914102817 2 9.0257545e-06
201039995.0 0.0 1808.8703889118783 0 0.005950801
285865221.0 1.0 1795.2445969771725 1 0.999996
229674517.0 1.0 1794.2193626421652 1 0.99999964
357674770.0 1.0 1799.5357747096093 1 1.0
368610965.0 1.0 1796.4097326718584 1 0.9999944
50266875.0 0.0 1812.4315476432944 0 0.00054263504
405626004.0 1.0 1793.6824471942116 1 0.9983124
255922200.0 0.0 1805.241267445626 0 7.13802e-05
12832101.0 0.0 1805.2647645984189 0 0.0005458112
431763108.0 1.0 1797.9742526357957 1 0.99999964
65353666.0 1.0 1805.2658245518048 1 0.9999865
421110478.0 1.0 1797.910262667716 1 0.9999999
441800311.0 1.0 1806.1363476601807 1 0.99999976
428415789.0 1.0 1794.347626975467 1 1.0
186967134.0 0.0 1812.6407297478997 0 0.00076075434
354838464.0 1.0 1799.368760448495 1 0.9999996
26647932.0 1.0 1805.6830228320696 1 1.0
312063765.0 0.0 1812.681020269892 0 0.00041386357
373278501.0 1.0 1805.3050264043338 1 0.9999989
21119455.0 1.0 1798.7039047933326 1 0.99999905
233526800.0 1.0 1810.3856590235496 1 0.999995
336168635.0 1.0 1796.0958468266708 1 0.9999999
186595861.0 1.0 1796.9536522461628 1 1.0
332477068.0 1.0 1797.3226479364764 1 0.99997437
356893496.0 0.0 1809.1144143701913 0 7.652374e-06
258627226.0 1.0 1795.57462981208 1 0.99999905
285943293.0 0.0 1805.203184259439 0 1.906722e-06
94475719.0 1.0 1798.7036620433707 1 0.99999976
201300054.0 0.0 1805.474574294251 0 0.00075054425
82339604.0 0.0 1796.8899899125286 0 0.0005994653
320504763.0 1.0 1796.7184196233422 1 0.9472486
265298970.0 1.0 1805.556987417606 1 0.99999976
192254117.0 1.0 1793.974247650891 1 0.9999998
376194008.0 1.0 1798.2018934113628 1 0.99999994
402373908.0 0.0 1796.6413144731214 0 0.0018236474
265474329.0 0.0 1794.4108549020698 2 2.1901444e-06
240873079.0 0.0 1803.9318017260673 3 2.0421375e-11
233519583.0 0.0 1812.34301305562 0 2.155135e-06
139533878.0 1.0 1796.516080540316 1 0.9999981
423948019.0 0.0 1805.2418985723475 0 2.367241e-06
201383274.0 1.0 1810.4538094524282 1 1.0
445187894.0 1.0 1793.6606745134006 1 0.9999999
264296742.0 0.0 1812.3667856373793 0 0.00046565675
387631870.0 0.0 1809.4287942749081 0 5.2521813e-08
275421016.0 1.0 1810.491431762296 1 0.99999994
420448703.0 0.0 1809.2015247076324 3 0.0018588135
259248433.0 1.0 1799.7030304835362 1 0.999058
251766493.0 1.0 1796.8276690877303 1 0.99999917
348672128.0 1.0 1797.3485082692184 1 0.9999982
417303905.0 1.0 1805.9932481146554 1 1.0
292272943.0 0.0 1812.3696741373558 0 6.4851614e-05
408579218.0 1.0 1797.9103416136384 1 1.0
398212665.0 0.0 1797.8478428111864 0 5.843768e-06
396299458.0 0.0 1809.4307569014977 0 0.00010796016
428517443.0 1.0 1797.8697996635162 1 1.0
445401551.0 1.0 1794.0563374521157 1 1.0
77353169.0 1.0 1798.0163441884874 1 0.99999976
390972142.0 0.0 1793.1374962934515 0 0.00089315115
52942046.0 1.0 1799.7854539391492 1 0.9999994
397281080.0 0.0 1808.9312299295955 0 7.967494e-09
50361034.0 1.0 1799.2024183527458 1 1.0
427975152.0 1.0 1798.513668422466 1 0.99999994
431868967.0 0.0 1805.224299205177 0 0.00288018
52435044.0 1.0 1799.5979290381872 1 0.9999952
259297355.0 0.0 1809.1201027583365 0 0.00046894097
370000049.0 0.0 1810.6188950937365 2 0.00013416096
116218868.0 1.0 1794.0989768112725 1 0.9999917
117619327.0 1.0 1797.03650128112 1 0.999797
387330110.0 1.0 1806.0329199141922 1 0.9999998
322317967.0 0.0 1805.2418153001279 0 1.3666189e-05
279610261.0 0.0 1805.2008755089644 0 2.6951382e-05
370756231.0 1.0 1794.3275924915008 1 0.99999845
63676243.0 0.0 1796.6412206810785 0 0.00049938104
392536812.0 0.0 1800.2605442256918 3 4.1589043e-10
368792432.0 1.0 1795.9099340180326 1 0.9999999
20801954.0 1.0 1799.0992654098266 1 1.0
423745608.0 1.0 1797.9524326265582 1 0.9999968
299437154.0 1.0 1797.2238375398965 1 1.0
235995775.0 1.0 1798.1581684478829 1 0.99999994
379475992.0 0.0 1808.9936887756874 0 3.8712133e-06
233005145.0 1.0 1799.2812951604578 1 0.99999374
117178835.0 1.0 1794.0363690924244 1 0.9999997
399197082.0 1.0 1799.4526078538213 1 0.99986887
366557556.0 0.0 1807.0961565315054 3 4.2805487e-10
327445165.0 1.0 1798.9739259137993 1 0.9995684
83150452.0 1.0 1810.3055348825053 1 0.9999995
233719821.0 0.0 1808.8439173385668 0 0.00054794183
129981993.0 1.0 1793.286808550179 1 1.0
54373874.0 1.0 1794.1813826879286 1 0.9999996
268519302.0 1.0 1796.596957926046 1 0.99999976
373511585.0 0.0 1808.8468027637286 0 0.00010025685
283943176.0 0.0 1798.0976213790684 2 2.3465928e-07
240891599.0 1.0 1795.5984859035073 1 0.9999998
378851958.0 1.0 1795.8474296839927 1 0.9999999
363808254.0 1.0 1795.055572221872 1 0.9999996
117527376.0 1.0 1795.2653733550435 1 1.0
374391716.0 1.0 1795.7648385457474 1 0.99872595
233604728.0 0.0 1808.9692354749411 0 0.00016341422
230070507.0 0.0 1805.1978914784627 0 2.4684436e-05
433140425.0 1.0 1810.4118070142852 1 1.0
229741985.0 0.0 1795.698886553269 3 9.978407e-05
198204954.0 1.0 1797.8433287342932 1 0.9999433
348313828.0 0.0 1793.3901378042417 0 0.0011362388
233051156.0 1.0 1806.2811530642368 1 0.99999833
201153761.0 0.0 1810.3286235515754 2 5.9640814e-05
368603158.0 1.0 1798.9932481690012 1 0.9999982
385592030.0 0.0 1793.1411953425022 0 0.0031260343
422425395.0 1.0 1795.6375298566018 1 0.9984734
347426535.0 1.0 1796.5159212929148 1 0.9999945
101093971.0 0.0 1805.4747122890194 0 0.010118814
251540528.0 1.0 1797.7860686129914 1 0.99995476
10868974.0 0.0 1805.3897932674245 0 7.55059e-05
201114052.0 0.0 1796.6410389543553 0 0.0011950886
275465944.0 0.0 1805.2646491735277 0 7.157494e-05
419524843.0 1.0 1794.889264429757 1 0.9998569
240876177.0 1.0 1795.0359938119916 1 0.99999964
415962502.0 1.0 1798.786561050915 1 0.99999833
177764705.0 1.0 1797.245249505375 1 1.0
235977284.0 1.0 1796.8456146537212 1 1.0
65157917.0 0.0 1798.911697125204 2 6.5951378e-09
279599877.0 0.0 1808.910687856196 0 0.010748018
229767084.0 1.0 1799.886147271966 1 0.99999183
400669412.0 0.0 1805.2650197433743 0 1.1858812e-06
417556399.0 1.0 1795.8895307301486 1 0.9999889
272831479.0 1.0 1810.9304521894696 1 1.0
302467487.0 0.0 1796.8281776734905 0 0.0013264827
352424791.0 0.0 1797.847511641934 0 0.00013220614
116208577.0 1.0 1796.4737369938855 1 0.99999994
83525725.0 1.0 1795.0974906868207 1 0.99999994
420657532.0 0.0 1796.8050852250296 0 2.5254738e-05
233724202.0 1.0 1811.1354245035932 1 0.9999999
101406660.0 1.0 1806.058071781286 1 0.9999836
407155253.0 0.0 1793.4097588872003 0 8.670448e-06
229585356.0 0.0 1809.5738000844087 3 7.97783e-25
331389591.0 1.0 1799.8690845469025 1 1.0
370346214.0 0.0 1806.0565352647325 2 1.395255e-05
332152659.0 0.0 1812.6605475905685 0 8.5912456e-05
67571969.0 0.0 1793.1409781818377 0 0.00046945756
275858205.0 0.0 1805.3268590250354 0 0.0019345612
265146654.0 1.0 1797.0958029991618 1 0.999941
357668748.0 0.0 1808.9523245410235 0 0.0006794546
351546522.0 1.0 1795.159959936474 1 1.0
279288500.0 1.0 1798.5344313777548 1 0.99998975
396339551.0 0.0 1811.2434431762108 3 0.000119777076
286640501.0 0.0 1805.202627835953 0 0.00016422162
373065405.0 0.0 1805.200851073487 0 1.9572255e-07
354743557.0 1.0 1794.5561602077735 1 1.0
286567037.0 0.0 1805.2856156500616 0 8.861182e-05
235982927.0 0.0 1801.8664108313535 3 0.0011182645
230112279.0 1.0 1797.7190130148995 1 0.9999648
284191524.0 1.0 1797.468452470246 1 0.99999994
301997839.0 0.0 1812.3489062923393 0 0.0011733628
85595785.0 1.0 1794.5996119205245 1 0.99999857
322061484.0 1.0 1796.3043694649473 1 0.9999998
192319410.0 1.0 1810.4949492724445 1 0.9999964
353505793.0 1.0 1806.0335063096647 1 1.0
103951524.0 1.0 1810.9323454031507 1 1.0
444497412.0 0.0 1796.6394729631866 0 0.00016308203
445401617.0 1.0 1794.0146718421977 1 0.9999981
354788350.0 1.0 1810.744913851074 1 0.9999861
196948294.0 1.0 1798.0779183904192 1 1.0
292152138.0 1.0 1798.8698431731425 1 0.99999964
317320470.0 1.0 1799.575694713221 1 0.9998822
302157746.0 0.0 1808.8698095305206 0 4.742281e-05
256502781.0 1.0 1799.241931710106 1 0.9992266
301421405.0 1.0 1799.2446832826658 1 0.99985343
29056167.0 0.0 1809.1206295074442 0 0.0008156971
410237933.0 0.0 1805.2001965874094 0 0.0034845416
316628089.0 0.0 1808.8488888207614 0 0.00027582454
10791936.0 1.0 1810.6395408396522 1 0.9990804
198187777.0 1.0 1811.2183063811053 1 0.99999243
258512355.0 1.0 1806.3035643881524 1 0.9999998
284308187.0 1.0 1797.3683996870798 1 0.9999989
417549814.0 1.0 1795.0142624430196 1 0.9999733
372433150.0 0.0 1812.3485981603453 0 0.00011266946
264453826.0 1.0 1793.262583992521 1 0.99999726
293128897.0 0.0 1805.203227833289 0 0.0004129561
233076423.0 1.0 1799.5313633545466 1 0.9999981
63789906.0 1.0 1810.3493255571695 1 0.9999966
359253239.0 0.0 1796.639242150566 0 0.013466552
349294422.0 0.0 1807.2872583196415 3 0.00013644686
366557556.0 0.0 1809.3461334263595 3 2.0757045e-06
237237907.0 0.0 1812.5120507353938 0 4.7972866e-05
321595539.0 0.0 1808.887391991169 0 2.1919645e-06
455893446.0 1.0 1795.4299541607797 1 1.0
406518465.0 1.0 1795.8039394987493 1 0.9999999
377251803.0 0.0 1800.4482268230547 3 7.975826e-09
401320381.0 1.0 1806.1384353514716 1 1.0
235988533.0 1.0 1799.1581408295199 1 1.0
186940754.0 1.0 1796.9951555214864 1 0.9999977
219739842.0 0.0 1793.7600025818504 2 9.568909e-13
352693463.0 0.0 1812.4283936182408 0 0.00060735916
433699236.0 1.0 1799.9508547792564 1 0.999992
256601288.0 0.0 1808.910749791835 0 0.0005517556
280414997.0 1.0 1796.014417875679 1 0.9999994
377165246.0 1.0 1797.5524566281958 1 1.0
229444187.0 0.0 1805.1988347619324 0 5.841071e-07
433286543.0 1.0 1798.4745033940105 1 0.99999803
445424477.0 1.0 1794.0147951404224 1 1.0
286316649.0 0.0 1805.203736316562 0 0.0010968988
396486931.0 0.0 1806.5758366590053 3 2.9031775e-18
422613703.0 1.0 1798.409402360329 1 0.999905
285512131.0 1.0 1798.723782731808 1 0.9977921
384985022.0 0.0 1805.2452363022821 0 0.0010234417
387530516.0 1.0 1810.282893386675 1 0.99983126
229953195.0 1.0 1796.6987380075727 1 0.9999101
377251803.0 0.0 1798.7399300002387 3 2.0157029e-11
347488959.0 0.0 1812.410828647189 0 0.0014102941
90645076.0 1.0 1796.932894187822 1 0.99999154
256206317.0 0.0 1805.6809319536985 0 0.0004731615
101091735.0 1.0 1796.9329389709592 1 0.9999999
201099379.0 0.0 1809.1204475979487 0 0.001196158
288266366.0 1.0 1806.0741769754973 1 0.9999498
255993442.0 1.0 1794.36630444643 1 1.0
233747337.0 1.0 1798.656505476495 1 0.9999964
34554020.0 0.0 1812.4121533569971 0 0.0012073347
351609665.0 1.0 1799.8472728886838 1 0.9999911
241061382.0 1.0 1800.4735002842215 1 0.997655
396339551.0 0.0 1809.7225989750877 3 0.000111883404
354125416.0 0.0 1812.369794285232 0 0.000105609586
233079659.0 0.0 1807.0106671143817 3 9.649392e-08
423995849.0 0.0 1797.8482186065194 0 7.3188476e-06
410472997.0 0.0 1808.8901518418957 0 3.058145e-05
420110764.0 1.0 1797.3661182564028 1 1.0
186615198.0 0.0 1805.2869545552587 0 0.0005740394
354385277.0 0.0 1800.8257592053149 3 8.373198e-08
292978984.0 0.0 1793.1408357444816 0 0.0007153961
256101052.0 1.0 1795.368754203041 1 0.99999106
184731492.0 1.0 1798.8076678199209 1 1.0
399582774.0 1.0 1811.4117039353616 1 0.95484734
441792818.0 1.0 1795.1570921274324 1 1.0
272323801.0 0.0 1806.0138382479076 2 1.1279421e-07
354703941.0 1.0 1794.8061703282542 1 0.99999946
250636476.0 0.0 1808.8904324320636 0 4.7431226e-07
237000094.0 1.0 1795.4911537312169 1 1.0
368459023.0 1.0 1811.388862329114 1 0.99999654
237220961.0 0.0 1805.2412509867631 0 0.012705022
427737203.0 1.0 1796.2037794410212 1 1.0
372723747.0 1.0 1795.8062540034723 1 0.99999964
333068970.0 0.0 1805.53576189593 0 0.00019038502
184739277.0 0.0 1804.8910061027818 3 9.372146e-25
315938753.0 1.0 1793.7232955310637 1 1.0
302391058.0 1.0 1795.6820980122382 1 0.99998677
284315713.0 1.0 1797.639362317893 1 0.9999895
250520255.0 1.0 1811.5362365108083 1 0.99999976
269697721.0 0.0 1800.574456262849 3 1.7173352e-18
331365131.0 1.0 1810.3464439745842 1 1.0
264922703.0 1.0 1798.1610553827845 1 0.9999991
63405466.0 0.0 1809.0575895972895 0 0.0013184827
241135505.0 0.0 1805.932173815875 2 0.00012545781
52430131.0 0.0 1805.6604365508317 0 2.450815e-09
332977105.0 1.0 1794.8900763731947 1 1.0
283936559.0 0.0 1797.5768928474945 2 1.4053923e-08
34715957.0 0.0 1793.1414013082224 0 0.0010584369
369027781.0 0.0 1808.8682404298165 0 6.460194e-05
288624796.0 1.0 1805.8283525522752 1 1.0
291957039.0 1.0 1811.0989389152808 1 0.99996865
428383194.0 1.0 1796.930846192535 1 1.0
398370643.0 1.0 1799.0333438206615 1 0.9958686
420024734.0 1.0 1796.3686834892678 1 0.9999999
397234039.0 1.0 1797.7433008956773 1 1.0
390022379.0 1.0 1810.8019190237032 1 1.0
309299903.0 0.0 1812.3901495451694 0 2.522189e-06
302393948.0 1.0 1805.911431836457 1 0.99997735
445188624.0 1.0 1793.3482007971038 1 0.99999833
219858745.0 1.0 1795.885473980918 1 0.99999225
338157274.0 1.0 1799.7840079814553 1 0.99999875
279878476.0 0.0 1793.4093780692174 0 1.3717924e-05
428417620.0 0.0 1797.5559637338222 2 1.930519e-12
10793323.0 1.0 1794.4728425752053 1 0.9999974
400439788.0 1.0 1794.098317551337 1 0.9999888
316449921.0 0.0 1808.8487995269275 0 0.009596296
202866994.0 1.0 1811.4323879277208 1 1.0
302777879.0 0.0 1810.4729427625168 2 0.0013198785
233211275.0 0.0 1805.2193026131672 0 1.3745845e-05
398107097.0 1.0 1799.680961035165 1 0.99999845
284889645.0 0.0 1812.634718979591 0 3.4706734e-06
452911445.0 0.0 1809.1811157138854 0 1.05936515e-05
77322543.0 1.0 1811.4537026510588 1 0.99997395
77425520.0 1.0 1793.1620259065344 1 0.99997294
117663295.0 0.0 1796.6406321167642 0 0.0008692411
279380757.0 1.0 1805.5760402747699 1 0.99997646
251221335.0 1.0 1795.0361593485047 1 0.9999829
219871753.0 1.0 1798.7191774755197 1 1.0
192558696.0 1.0 1806.1201998961806 1 0.99999994
444797901.0 1.0 1794.889477310704 1 0.99999547
240899435.0 1.0 1806.3900430033723 1 1.0
229744948.0 0.0 1793.4069797284578 0 1.230964e-06
301641054.0 1.0 1794.1406758254777 1 1.0
219821915.0 0.0 1797.9688214004336 0 0.0014104297
301741193.0 0.0 1800.3906937600307 3 0.0004296168
381806115.0 1.0 1795.3286999892357 1 0.99999964
428731898.0 0.0 1805.2220361922114 0 7.076531e-07
52266477.0 1.0 1810.4102545073356 1 0.9822255
305294281.0 1.0 1805.699549847312 1 0.9999972
373958040.0 1.0 1811.3895955995192 1 1.0
444141905.0 1.0 1794.2444251720494 1 0.99985814
232610775.0 1.0 1810.5518200334252 1 0.9999897
370595387.0 1.0 1811.1192281297685 1 0.99999976
427652742.0 0.0 1812.36742467474 0 1.095798e-06
61016388.0 1.0 1795.1206563246744 1 0.99999994
367424347.0 0.0 1796.8255501676645 0 0.0006242513
233684697.0 1.0 1795.5729052880756 1 1.0
378197124.0 1.0 1794.659615452171 1 0.9999983
233689085.0 0.0 1797.9690545313654 0 0.0006126845
274806038.0 0.0 1810.8886902213542 2 0.00080802705
369989622.0 1.0 1796.327353969853 1 0.9999943
117801296.0 0.0 1805.2030964561525 0 5.4132342e-06
82556947.0 1.0 1798.1397091531032 1 0.9999971
301911971.0 1.0 1795.682321225741 1 1.0
198213885.0 1.0 1795.489260537943 1 0.9999956
72149837.0 1.0 1810.5567824638526 1 1.0
241080896.0 1.0 1793.4113808143916 1 0.99999607
353894453.0 0.0 1812.4056848050686 0 0.00011440688
390408582.0 0.0 1805.2649159506739 0 4.672606e-05
83625098.0 0.0 1796.7434411115867 0 0.0018064049
256665572.0 1.0 1797.678341100354 1 0.9999533
283135823.0 1.0 1795.1395845225077 1 1.0
347690764.0 0.0 1798.7442890595062 2 1.1139022e-09
196883709.0 1.0 1797.5779176150284 1 0.99999994
289138821.0 1.0 1797.6806226025196 1 0.9999998
68094383.0 1.0 1796.7035948243395 1 0.99999976
372199921.0 1.0 1796.181746108069 1 1.0
369238838.0 1.0 1794.8476266554055 1 1.0
374606779.0 0.0 1805.2650020490184 0 6.4240594e-05
54714467.0 0.0 1809.1812900681443 0 0.016176783
230380515.0 0.0 1805.1986239439075 0 0.00012530263
264332761.0 0.0 1808.8668303976194 0 0.0005300319
412352904.0 1.0 1796.429610475726 1 0.99996036
241089580.0 1.0 1797.5569519610262 1 1.0
452941437.0 1.0 1810.3685075262674 1 0.9999993
192837240.0 1.0 1798.8490915888397 1 1.0
250931180.0 1.0 1798.244795179171 1 0.9999999
354602800.0 1.0 1796.1395745363686 1 0.99981105
233508786.0 0.0 1809.030405533685 0 0.001232331
219871703.0 0.0 1811.1776291402118 2 3.0573155e-10
372394663.0 1.0 1797.783804910302 1 0.99998474
395391834.0 1.0 1810.1179867421129 1 0.99997723
362218334.0 1.0 1794.8661151017334 1 0.99999905
369141038.0 0.0 1808.868262828146 0 0.0016708536
219847282.0 0.0 1797.698370705272 0 1.2497118e-05
353779320.0 1.0 1810.5725379091461 1 1.0
283028372.0 1.0 1805.618211250091 1 0.99999976
323059832.0 1.0 1794.5125706056779 1 1.0
194737323.0 1.0 1794.4951572653356 1 0.9999942
359336500.0 1.0 1794.5974559837573 1 0.9999789
444413484.0 0.0 1805.5141708262743 0 0.002185094
268516426.0 1.0 1805.8884428186939 1 0.99999934
65491343.0 1.0 1806.2869139373768 1 0.99999624
453256390.0 1.0 1797.764876159117 1 0.99931717
368966682.0 1.0 1811.3681769317334 1 1.0
230071415.0 1.0 1805.4065326635332 1 0.9999863
161731976.0 0.0 1805.197207237745 0 0.00030416815
270826022.0 1.0 1811.4719414910699 1 0.99999976
378463864.0 0.0 1805.2222192738848 0 2.0673106e-05
271749335.0 1.0 1795.5140448734396 1 1.0
240950472.0 1.0 1797.1402892353474 1 1.0
445646082.0 0.0 1807.9110908877494 3 1.7298999e-07
372976059.0 0.0 1800.137460496422 0 4.9768183e-05
256317115.0 0.0 1796.6812518781558 2 8.451339e-06
219863986.0 1.0 1796.1984386578317 1 0.99999714
230386284.0 0.0 1796.5319913872934 3 1.3942287e-09
377154944.0 1.0 1798.013303150493 1 0.999999
322338839.0 1.0 1796.8276609504123 1 1.0
441718331.0 0.0 1808.8445805885829 0 1.1450822e-05
445439435.0 1.0 1794.2441916040727 1 0.9999994
331517869.0 0.0 1795.0773345798937 2 9.059251e-12
352835398.0 0.0 1808.8683288560326 0 2.771149e-08
237277760.0 0.0 1797.8661600048629 3 5.0641524e-26
316623082.0 1.0 1796.473553287928 1 0.9999934
229937398.0 0.0 1812.3442671781559 0 0.0007814633
13214018.0 0.0 1808.8674368550394 0 0.002788364
11437325.0 0.0 1801.1191024797386 3 4.6239884e-15
249949014.0 1.0 1794.8697296219887 1 0.99999195
354470695.0 1.0 1795.9737442693586 1 0.99998206
370432510.0 1.0 1794.8690230460593 1 0.99994385
249887658.0 0.0 1812.9113193494127 0 0.001803496
13768405.0 0.0 1798.973323760578 2 0.00045436597
104150714.0 0.0 1805.2031271093945 0 5.8797746e-06
323305362.0 0.0 1812.5335910077893 0 9.2359795e-07
256506463.0 0.0 1793.3253085574015 0 2.1649921e-05
198207488.0 0.0 1805.3227262923372 0 5.9913687e-05
264308037.0 1.0 1795.4083617370227 1 1.0
405492210.0 0.0 1796.6412910238191 0 0.001197303
376289446.0 0.0 1805.2214442527152 0 0.00013471438
359630498.0 0.0 1794.4065416042313 0 0.0003797712
279282173.0 0.0 1808.8474068493554 0 0.011554648
400388934.0 1.0 1810.9305388075513 1 1.0
256929656.0 0.0 1808.8449095824808 0 0.051305387
354109773.0 0.0 1809.1813977714944 0 0.0011293628
286117516.0 0.0 1808.9106917834129 0 0.0004631432
346926316.0 1.0 1799.3683974698388 1 0.9999999
352836311.0 0.0 1797.8475130504244 0 0.00036439148
236786957.0 0.0 1797.9690386394248 0 1.432153e-05
219811526.0 1.0 1799.1769164620634 1 0.9999991
237234709.0 1.0 1806.1161225835365 1 0.9999988
251817383.0 0.0 1798.6820558233094 2 5.020905e-07
353989515.0 0.0 1805.197505185165 0 0.00016877985
219900408.0 1.0 1796.2609267237638 1 1.0
366821603.0 0.0 1805.2004612769208 0 0.0003513403
252158971.0 1.0 1796.3482332026076 1 0.999974
196845710.0 0.0 1808.890158325217 0 0.00021951865
203094295.0 1.0 1796.3284217767875 1 0.9999982
52187259.0 1.0 1797.264601553694 1 1.0
285088311.0 1.0 1798.5570893116305 1 1.0
249920086.0 0.0 1808.848848306032 0 2.919309e-05
288611323.0 1.0 1799.6576748129874 1 0.99999976
265000874.0 1.0 1810.8693538189623 1 1.0
264615805.0 0.0 1800.8068929558156 3 1.410782e-06
445135409.0 1.0 1799.9731098927296 1 0.9999966
402894192.0 0.0 1805.2409723234562 0 0.00013149706
315937274.0 0.0 1805.2235007982283 0 0.00012100371
279186887.0 1.0 1793.9518844000197 1 0.9984911
428735978.0 0.0 1798.2011493451769 3 1.4530582e-19
390410161.0 1.0 1799.4731420453604 1 0.99995786
229649474.0 0.0 1808.8656577442712 0 7.867964e-05
436838655.0 1.0 1811.4537279693284 1 0.9999587
83898350.0 1.0 1793.535129898682 1 0.99999964
251360274.0 1.0 1805.4319344523683 1 0.99999994
406596531.0 1.0 1800.0552641645697 1 0.9999999
129992737.0 1.0 1793.724433077797 1 1.0
372054243.0 0.0 1805.221125488048 0 1.01065325e-05
249916954.0 1.0 1793.9114302081741 1 0.99999565
367145378.0 1.0 1799.2839107978848 1 0.9999714
258701778.0 0.0 1808.8447934547967 0 0.00022391601
427469938.0 0.0 1805.2841413969684 2 4.3808748e-09
350071311.0 1.0 1799.5749511905296 1 1.0
271023834.0 1.0 1797.2429903122988 1 1.0
34713170.0 0.0 1793.1414209012141 0 0.0008574827
402448481.0 1.0 1811.3242289038335 1 0.99999326
370697966.0 0.0 1812.6607488135876 0 0.00017486469
50052128.0 1.0 1794.5353779518546 1 0.9999774
202844773.0 0.0 1805.2031862533254 0 5.992267e-08
34647589.0 0.0 1812.4329582804498 0 0.00047904332
35154430.0 0.0 1809.203980371049 0 0.0056082094
326787194.0 1.0 1795.7434795234442 1 1.0
428518138.0 0.0 1793.4100080216904 0 2.9732713e-05
250747121.0 0.0 1805.2030989712396 0 2.7016047e-05
407347162.0 1.0 1797.3680674245527 1 0.9999941
256509726.0 1.0 1810.9696371625064 1 0.99999976
387327964.0 1.0 1810.2413032185946 1 0.99999994
202838286.0 1.0 1797.8284451787194 1 0.99995154
319920120.0 0.0 1809.1810552110317 0 0.00045679635
230005098.0 1.0 1806.219638667357 1 1.0
387675673.0 0.0 1805.2413682784438 0 5.2968444e-05
301420230.0 0.0 1808.8696503709912 0 0.000115744064
194667110.0 1.0 1794.4534946529996 1 0.99999994
354538713.0 0.0 1800.1405045903805 0 2.344684e-05
385340540.0 1.0 1797.2653314457834 1 0.9999983
396662259.0 1.0 1795.6803962194879 1 0.9999999
160602710.0 1.0 1810.8447195472645 1 0.9999319
94365784.0 0.0 1805.5372337212698 0 0.00034627703
444756920.0 0.0 1809.1606348530358 0 6.748617e-07
287139533.0 1.0 1796.426517646761 1 1.0
335693771.0 0.0 1796.0755738496266 2 2.276061e-05
285036737.0 0.0 1812.7018214305479 0 0.0002803494
453226444.0 0.0 1809.2024363831342 0 0.00013274263
177708876.0 0.0 1812.4118958907159 0 0.0011205705
129822085.0 1.0 1810.3701209613264 1 0.9999996
354926863.0 0.0 1807.2437152888829 3 5.3978308e-11
77321625.0 1.0 1798.7455297409506 1 0.9999937
34622335.0 1.0 1795.974753237963 1 0.99999994
251488479.0 0.0 1805.2029389319848 0 0.00023836893
449985007.0 0.0 1812.7017275417516 0 2.112542e-06
385240776.0 1.0 1798.8908474007835 1 0.99999994
34644961.0 0.0 1812.433003872513 0 0.0007886371
139427755.0 1.0 1796.266051685557 1 0.99999857
369728583.0 0.0 1812.6599168176494 0 2.2934506e-05
229951283.0 1.0 1805.8651047366075 1 0.9999999
320493987.0 0.0 1812.680944152741 0 0.0015627089
137083119.0 1.0 1799.3889885331303 1 0.9999998
301259781.0 0.0 1805.3280676298455 0 0.0002445905
50520582.0 0.0 1794.3482359461696 0 0.00063577906
117324067.0 0.0 1810.2240961529392 2 5.0996565e-05
400253601.0 0.0 1808.888785408352 0 0.0004937186
247003756.0 0.0 1796.6414628505638 0 0.003642801
370427302.0 1.0 1806.03574404581 1 0.8264699
240939060.0 1.0 1795.6610189730593 1 0.99999535
285517195.0 1.0 1810.119789379185 1 0.9999944
317474626.0 1.0 1805.6799862517798 1 0.99999994
301416042.0 1.0 1806.3070914007246 1 0.99999964
236902797.0 1.0 1794.5535906392963 1 0.99999905
396012717.0 0.0 1796.8056528378263 0 0.006562089
29016102.0 0.0 1796.641444022661 0 0.0011202327
445559725.0 0.0 1810.452630541915 2 1.1524775e-06
311939209.0 1.0 1793.3272327951545 1 1.0
453011301.0 1.0 1800.056339836613 1 0.99999976
237001301.0 1.0 1810.657480138533 1 0.99995404
177993043.0 1.0 1798.1619052615072 1 1.0
387272459.0 1.0 1797.220793447469 1 0.9999943
229435185.0 0.0 1808.865464470492 0 0.00047563008
250505525.0 1.0 1805.34867367641 1 1.0
376848612.0 1.0 1795.3443432278411 1 0.99999994
117031971.0 1.0 1796.2863109000461 1 1.0
229701637.0 1.0 1797.5113041294949 1 1.0
46479770.0 1.0 1794.1621380012389 1 0.9999981
129758680.0 0.0 1795.2868664314544 2 1.0333225e-06
347583744.0 1.0 1810.4734563804868 1 1.0
317320470.0 0.0 1812.3465137801652 0 0.00020223047
441793849.0 1.0 1798.1986211983808 1 0.9999944
50941668.0 0.0 1805.264977767428 0 8.731678e-05
288946353.0 1.0 1810.3687256197602 1 0.9999958
35154189.0 1.0 1795.9954642348712 1 0.9999799
312682043.0 0.0 1809.2021269224379 0 0.001047895
192420284.0 0.0 1796.6407271219935 0 0.0004161863
284892452.0 0.0 1812.3641274898791 0 0.0006199935
403527307.0 0.0 1805.223445804509 0 0.0010118291
312151981.0 1.0 1798.1605256293838 1 0.99999976
384812248.0 0.0 1801.744284005599 3 0.08032187
139374201.0 1.0 1793.6201926564972 1 1.0
82980345.0 1.0 1795.3058095368833 1 0.9999996
116273526.0 1.0 1795.0987950279355 1 0.99999917
269238883.0 1.0 1805.6594356279534 1 1.0
366200164.0 0.0 1809.1599773602936 0 0.0021933508
366557556.0 0.0 1795.8878913321041 3 3.1514905e-10
291888574.0 0.0 1793.1406282446853 0 0.0005729077
201013581.0 1.0 1796.8492729874604 1 0.99999815
376193302.0 0.0 1794.347689006135 0 0.00031743795
326967731.0 1.0 1799.1406064340688 1 0.9999984
309132339.0 1.0 1793.390439998675 1 1.0
104152774.0 1.0 1805.411529778451 1 0.9999998
302469111.0 1.0 1795.9532069866668 1 1.0
420448703.0 0.0 1799.8058213360284 3 0.00042622208
335037725.0 0.0 1808.846110831625 0 1.4111256e-05
445555125.0 0.0 1796.6400919771802 0 7.0305534e-05
280031408.0 0.0 1798.928444510125 2 1.27611e-15
285428718.0 1.0 1796.0163175770772 1 0.9999956
52181279.0 1.0 1795.035326388356 1 0.99551535
369994913.0 1.0 1796.8272798499836 1 0.9999995
357744803.0 1.0 1798.6808252246947 1 1.0
137265019.0 0.0 1805.2014277341164 0 4.8211627e-05
427867897.0 0.0 1793.409375475658 0 1.2621205e-06
441804845.0 0.0 1796.8861580018856 2 6.1827005e-10
219092927.0 1.0 1810.323411334179 1 0.9996552
251278457.0 0.0 1809.4321251093286 0 0.00011301961
235934037.0 1.0 1810.1579391318633 1 1.0
368518022.0 1.0 1795.9724510135848 1 0.9999997
441734144.0 0.0 1810.2615707004513 3 1.6991312e-15
401007302.0 1.0 1796.3484271354125 1 0.99997437
305047694.0 1.0 1811.2854852766095 1 1.0
49847125.0 0.0 1798.660631116098 2 1.5714152e-08
219756935.0 1.0 1795.4686813246155 1 0.9999715
301736993.0 0.0 1809.0572128338808 0 0.00024742083
229447803.0 0.0 1793.407217102285 0 0.0002388166
308716542.0 0.0 1812.3693010474226 0 7.551181e-05
279441587.0 0.0 1805.3059606349061 0 0.0025610584
410502911.0 1.0 1805.452770178405 1 0.9999974
417665707.0 1.0 1799.7424573107608 1 0.9998875
378473492.0 0.0 1805.2219611727155 0 1.1309315e-05
270325883.0 0.0 1812.3676462083338 0 0.00070030754
230027382.0 1.0 1798.3445376648729 1 0.9999731
301642907.0 1.0 1805.5364964115602 1 0.99999994
334802172.0 0.0 1809.3044170500887 0 2.848758e-05
264403400.0 1.0 1798.38759770735 1 0.99999994
367097800.0 1.0 1798.2421196238251 1 0.99999756
52269296.0 0.0 1805.5561113665185 0 8.000602e-05
354786452.0 1.0 1794.6599153733366 1 0.99997807
354784701.0 0.0 1797.8475414493084 0 0.0002515794
219816292.0 1.0 1810.1560207546238 1 0.99999064
272926383.0 0.0 1793.4098934037306 0 4.2715084e-07
198176304.0 1.0 1794.2388971508576 1 0.99999905
376298461.0 1.0 1800.1185365235378 1 0.9999977
308619443.0 0.0 1810.8483579579981 2 4.5204462e-05
435679839.0 0.0 1812.3677000117627 0 0.00048742344
200793167.0 1.0 1805.453649175042 1 1.0
85400893.0 0.0 1805.266356514075 0 0.001924953
229404112.0 0.0 1812.3444143494883 0 3.402576e-05
434717882.0 0.0 1812.367392055216 0 0.00018155568
445606247.0 0.0 1808.8485847191523 0 0.00071556447
29109072.0 0.0 1800.1414419744049 0 5.0398817e-06
389634659.0 1.0 1810.827123240615 1 1.0
198416591.0 0.0 1804.6765052757967 3 5.777246e-19
235678225.0 0.0 1805.199206632816 0 2.9515826e-05
347838840.0 1.0 1806.0776856113807 1 0.99988467
265071977.0 0.0 1808.867615850866 0 0.00023155038
327366335.0 1.0 1796.4310907009433 1 0.9999999
275482504.0 1.0 1810.3895119284598 1 0.99999934
445306740.0 1.0 1796.6190745929762 1 0.9999995
331814268.0 1.0 1798.701296917547 1 0.99954647
405404134.0 0.0 1812.683100958286 0 0.0004708047
286574198.0 0.0 1808.910779099623 0 0.0009226253
292318734.0 1.0 1810.9323418483573 1 1.0
367866882.0 0.0 1805.2008590188339 0 9.4995926e-08
199633179.0 1.0 1794.3638441709224 1 0.9999998
280021896.0 1.0 1806.2234323102446 1 1.0
400498116.0 0.0 1796.6401705212456 0 0.001073265
387836322.0 0.0 1805.4498705755823 0 0.009644704
139408161.0 1.0 1793.2244587100536 1 0.99997497
28871876.0 1.0 1810.4956114241602 1 0.9999878
389772044.0 1.0 1797.1814315761567 1 0.99997723
403746452.0 0.0 1808.848687119589 0 0.00065073126
34786329.0 0.0 1812.5163631740274 0 0.0020946725
353238522.0 0.0 1805.4102666999734 0 0.00010712766
285128834.0 1.0 1799.7225995019915 1 1.0
229448349.0 0.0 1800.4071076583277 0 2.684265e-05
353894978.0 0.0 1799.260104245916 3 3.7094717e-24
346120142.0 1.0 1793.4732036980517 1 0.99999917
236888977.0 0.0 1808.8658405324416 0 0.005312319
81823040.0 1.0 1795.0148559469458 1 0.9999998
90648961.0 0.0 1812.7247101329542 0 0.0029297739
251199388.0 0.0 1793.3276190276997 0 9.46478e-06
445558956.0 0.0 1799.9735225684055 2 6.817614e-08
405460528.0 1.0 1798.9122418293164 1 1.0
250683200.0 1.0 1795.4530040432287 1 1.0
85486799.0 0.0 1796.6413407330583 0 0.001978384
406762303.0 0.0 1809.2017649415536 0 0.0002678817
200771373.0 0.0 1805.2035861736808 0 0.00030369035
431866783.0 1.0 1810.1201164814236 1 0.9999979
352954638.0 1.0 1797.0539640013576 1 0.99985063
129913508.0 0.0 1805.6410033767147 0 0.00092642277
280036563.0 1.0 1797.1367001257497 1 0.9999927
320048581.0 1.0 1805.8894235149205 1 0.9999999
356786817.0 0.0 1794.2824145233224 2 3.025902e-13
52855338.0 0.0 1809.202013603369 0 0.0006619623
398327078.0 1.0 1793.5961223458505 1 1.0
354165783.0 1.0 1797.1586017310021 1 0.99999666
354398903.0 1.0 1798.0571628719579 1 0.9998116
329248962.0 0.0 1812.4263124298402 0 0.00091315917
229701055.0 1.0 1805.886331381811 1 0.999985
272219327.0 1.0 1798.3681121572977 1 0.9999993
423025200.0 1.0 1811.468329700954 1 1.0
316133276.0 1.0 1795.660873091018 1 0.9999934
235709741.0 0.0 1793.5533592188167 2 1.7164045e-06
229958444.0 1.0 1794.8444567209885 1 0.99999934
321688478.0 0.0 1805.4499986019378 0 2.397017e-06
368104582.0 1.0 1798.0554401453178 1 1.0
230001271.0 1.0 1798.1361372185388 1 0.99999523
184740987.0 1.0 1798.661888778475 1 0.9999998
396484827.0 1.0 1797.013485521082 1 0.9998476
184687209.0 0.0 1809.3282532068665 0 0.0029621103
82619767.0 1.0 1811.036039313301 1 0.9999972
238793088.0 1.0 1796.1199776804588 1 1.0
402894571.0 1.0 1795.3661540754097 1 1.0
264468735.0 1.0 1797.1375809072495 1 0.9998956
285270246.0 1.0 1797.391190773616 1 0.9999977
306951920.0 0.0 1805.5356403242527 0 0.19376217
444625810.0 0.0 1805.5562978399153 0 1.6270818e-05
235988533.0 0.0 1808.8665705165472 0 3.2855467e-05
327443417.0 1.0 1798.99467523229 1 0.9998983
198354443.0 0.0 1795.4263366499736 3 4.46121e-12
230019513.0 0.0 1808.8443183516767 0 0.0013407718
412359570.0 1.0 1794.8462605685531 1 1.0
320272215.0 0.0 1805.5353400885315 0 0.0142073855
81456953.0 1.0 1800.389767623603 1 1.0
241142422.0 1.0 1799.702798813699 1 0.9999885
417310918.0 1.0 1798.0558853853074 1 1.0
279715893.0 1.0 1795.3689712718704 1 0.9999252
427643087.0 1.0 1810.2018280682746 1 0.99997383
398236889.0 1.0 1799.4498112569754 1 0.99999475
286224054.0 0.0 1812.4109004920424 0 0.00017273835
20872964.0 1.0 1796.2658992236068 1 0.9999978
250506049.0 0.0 1812.3485635821453 0 0.0011381259
331934505.0 1.0 1797.05568273292 1 0.9995964
54620702.0 1.0 1794.431402662116 1 0.9999715
229683649.0 1.0 1798.0931229711216 1 0.99999136
381593629.0 0.0 1809.0574926862462 0 0.0008070402
354105524.0 1.0 1811.4522592227643 1 0.99611205
331787298.0 0.0 1805.5563773016986 0 0.0003250247
252096958.0 0.0 1794.9730056263338 3 1.9493738e-13
407417198.0 1.0 1797.78649445838 1 1.0
280033934.0 0.0 1807.84510016968 3 2.1804357e-17
377294784.0 0.0 1797.9691663736367 0 0.0014445179
322057079.0 0.0 1805.2000596640635 0 3.242876e-05
432095130.0 1.0 1811.1619497760773 1 0.99999434
346781468.0 1.0 1794.0994261590604 1 1.0
250896425.0 1.0 1806.2031037858628 1 0.9999995
400735127.0 1.0 1796.6813888280155 1 0.9998645
51877874.0 1.0 1794.0142707392538 1 1.0
252854084.0 1.0 1799.9947686454368 1 0.9999987
284149063.0 0.0 1809.2017881649829 0 0.00028568978
396379847.0 1.0 1795.9309999399647 1 0.99999875
240976971.0 0.0 1805.244245262528 0 4.4753068e-07
349292582.0 1.0 1810.5580075910805 1 0.99977636
353551124.0 1.0 1811.2228600399158 1 0.9999452
376200464.0 1.0 1810.4103877110585 1 1.0
83224269.0 1.0 1799.32661743652 1 1.0
400340005.0 0.0 1795.6598666477926 2 4.7446117e-17
395586623.0 1.0 1796.2430181647137 1 0.99998367
445613150.0 0.0 1805.2235718056593 0 4.2900343e-08
321688676.0 1.0 1795.3042897777382 1 0.999789
388505889.0 0.0 1812.3672750174735 0 2.3541415e-05
403262379.0 0.0 1812.6807902877094 0 0.0005303715
372121288.0 0.0 1797.3902813188226 2 1.3720897e-09
369352318.0 1.0 1811.3059895222543 1 0.9999998
12214526.0 1.0 1797.3481093826556 1 0.9968761
307640555.0 1.0 1800.035930630298 1 0.9999949
394122320.0 1.0 1806.0325467420373 1 1.0
348308681.0 0.0 1808.8486408960189 0 5.290756e-05
272223983.0 1.0 1806.4305050955293 1 1.0
258463587.0 0.0 1808.8869964650955 0 5.919488e-05
302149884.0 0.0 1805.4325417618093 0 5.813411e-05
369091357.0 1.0 1795.2430833739875 1 1.0
230386284.0 0.0 1811.885975473493 3 1.3740576e-05
274842485.0 0.0 1805.2010764121544 0 0.0026914633
269597203.0 0.0 1812.3866249735786 0 3.4425835e-07
116986642.0 0.0 1805.599024293869 2 7.665807e-15
192883327.0 0.0 1808.8493661561922 0 0.00059207337
275855499.0 1.0 1794.743484473469 1 1.0
403332619.0 0.0 1805.1994124698099 0 1.1989798e-07
322134641.0 1.0 1811.4916359980677 1 0.99998933
250455941.0 0.0 1796.9946837268328 0 0.0009588032
219109908.0 0.0 1794.261067480355 3 8.029867e-15
390863193.0 1.0 1794.7230902585839 1 0.9999982
332985056.0 1.0 1798.1815152789802 1 0.99999946
63404192.0 1.0 1810.3075052224635 1 0.99999964
229589968.0 1.0 1798.1155374216064 1 0.9999726
63344672.0 0.0 1805.3909664409036 0 0.00019085285
424438495.0 1.0 1811.4899665676219 1 0.99997514
399259890.0 1.0 1810.3688009037808 1 0.9999976
139459961.0 1.0 1797.2244467508308 1 0.9999999
320186525.0 0.0 1805.5352155465387 0 0.00016210067
236982290.0 1.0 1797.5952439218431 1 0.9999993
434973203.0 1.0 1799.7635137954524 1 0.9999999
420658063.0 1.0 1799.59673095845 1 0.9999703
20896006.0 0.0 1793.1406664568733 0 0.0007927034
5722134.0 1.0 1794.5996802184993 1 1.0
67635034.0 0.0 1805.3077126750914 0 0.0003810187
125735774.0 1.0 1794.3496105736067 1 0.9998637
251679140.0 0.0 1805.2028773746576 0 8.16765e-05
348306966.0 1.0 1799.015353765867 1 0.9999651
369821322.0 0.0 1793.1393953226611 0 1.4321904e-08
389545459.0 1.0 1798.806475932158 1 0.9999999
369732109.0 0.0 1812.6807125584041 0 0.00013126916
194667324.0 0.0 1793.2867943075432 2 0.00026042917
377276570.0 1.0 1795.7008610664686 1 0.9999701
367532344.0 0.0 1800.1404933792785 0 2.32805e-09
229614158.0 0.0 1808.845167246689 0 1.9000004e-06
377153943.0 1.0 1799.0549753101361 1 0.9999994
326815615.0 0.0 1811.0763644931333 2 1.253895e-05
11061640.0 1.0 1797.1187231263818 1 1.0
233233781.0 1.0 1796.4691717325559 1 0.9999858
444596968.0 1.0 1797.4313791042782 1 1.0
354469474.0 1.0 1794.0153638209867 1 1.0
229512750.0 0.0 1812.3445442365385 0 0.00040208298
417339069.0 0.0 1809.2434391796487 0 1.0305001e-05
378194321.0 1.0 1800.159579747644 1 1.0
219807930.0 1.0 1800.0520028095054 1 0.99999976
431761589.0 1.0 1810.5993366158375 1 0.99999976
20876588.0 0.0 1801.7659188429207 3 1.9341385e-08
103946678.0 1.0 1795.6612560327571 1 0.9999987
292051618.0 1.0 1810.244669824529 1 1.0
400668269.0 0.0 1805.3067120952921 0 2.7484048e-06
326815804.0 0.0 1807.4722913261483 3 1.3929969e-06
354595629.0 1.0 1796.9727597847402 1 0.99999994
240956901.0 0.0 1808.8900182738305 0 0.00019774574
367351684.0 1.0 1811.5130429056924 1 0.9999847
359541332.0 0.0 1809.1599692177026 0 0.00022684842
52425081.0 1.0 1795.389590212857 1 0.9999963
369353023.0 0.0 1795.8057528926001 2 1.2607355e-11
264105079.0 1.0 1805.6167081790081 1 1.0
275259619.0 1.0 1794.5344198674327 1 0.9999997
256509568.0 0.0 1805.2197675549362 0 8.558691e-07
389959420.0 1.0 1800.5518380821145 1 0.99967045
390803914.0 0.0 1797.8479531468959 0 0.00069011387
268948084.0 0.0 1812.3467152070305 0 1.6252716e-06
292465093.0 0.0 1812.3489114637734 0 0.0014824853
233630074.0 1.0 1795.4486649130515 1 0.99999994
251153442.0 0.0 1805.598768668904 2 1.9900726e-06
82010486.0 1.0 1797.952507667508 1 1.0
374702218.0 0.0 1812.4107867935134 0 1.1642302e-10
316042773.0 1.0 1796.619300662825 1 0.9999956
348305768.0 1.0 1796.7444734491658 1 0.9999981
192473103.0 1.0 1795.3907595396743 1 0.99999964
381591824.0 1.0 1798.7451752659067 1 1.0
229676244.0 0.0 1806.803164306231 3 1.1503369e-11
445133704.0 0.0 1798.7023343633168 3 9.0469756e-23
269889891.0 1.0 1810.6412361268262 1 1.0
409530925.0 0.0 1809.0990998093107 0 1.5653743e-05
189592051.0 0.0 1812.723710635148 0 0.0008444083
428734994.0 0.0 1808.867866002904 0 3.4595135e-13
427550560.0 0.0 1812.3673821316245 0 5.1451343e-06
356108092.0 1.0 1811.0933272497284 1 0.99962467
396339551.0 0.0 1799.4307956407542 3 0.0013287404
377744167.0 1.0 1805.5551703176525 1 0.9999996
336003623.0 1.0 1793.7839296401855 1 1.0
237280112.0 1.0 1806.1370026825425 1 0.9999965
445351659.0 0.0 1809.160473054048 0 1.1795641e-05
192734741.0 1.0 1798.0990598340006 1 1.0
387696625.0 1.0 1799.1164571817726 1 0.9999999
375605159.0 1.0 1811.4086723441987 1 0.9999971
192466790.0 0.0 1805.2868406385828 2 1.2715783e-08
445308408.0 1.0 1796.0565873586213 1 1.0
400496840.0 0.0 1805.2442423921673 0 3.0474072e-07
265288719.0 1.0 1805.2651042737004 1 0.9999963
407312229.0 0.0 1805.2223027853265 0 2.6057755e-06
52033890.0 0.0 1809.3060111025936 0 6.971852e-08
202844845.0 1.0 1798.9115350378713 1 0.9999424
431762590.0 0.0 1800.1409419068793 0 0.0003241001
394091373.0 1.0 1805.8455122553332 1 1.0
299489062.0 1.0 1797.9944527199589 1 1.0
63627127.0 0.0 1812.5367497924758 0 0.0020527774
427868447.0 0.0 1793.4093530424868 0 1.1543144e-06
63623869.0 0.0 1808.7034526297452 3 6.815388e-09
369152941.0 0.0 1805.285289354949 0 0.00022200342
375905602.0 1.0 1793.8672002652356 1 0.9999999
403253601.0 1.0 1793.4311864942174 1 0.9999991
385105618.0 1.0 1811.4950576261379 1 0.99999875
240874160.0 0.0 1805.2025653067374 0 0.00032143164
245395761.0 0.0 1795.6818170042532 2 0.000111192814
376926539.0 0.0 1805.198196145032 0 5.4824786e-06
365596569.0 1.0 1811.5119521291922 1 0.9999968
159539963.0 0.0 1805.1991505269425 0 5.3638032e-05
402812432.0 1.0 1797.4517043058027 1 0.99999994
29019078.0 0.0 1809.1205944694689 0 0.0009847202
445560036.0 1.0 1805.348526883648 1 0.9999952
427732007.0 1.0 1797.7218349277937 1 0.9999999
201356128.0 0.0 1805.2036210850729 0 0.0010997065
390021728.0 0.0 1808.364359917162 3 5.6243605e-24
264899051.0 0.0 1800.1377880655234 0 5.9735917e-06
272229196.0 0.0 1805.201389129288 0 7.3541864e-06
316135650.0 0.0 1800.390084413783 0 2.9120409e-05
348138318.0 1.0 1795.6817933650107 1 0.9994199
417831350.0 1.0 1794.8287004758688 1 1.0
301738265.0 1.0 1805.265602731944 1 1.0
229776076.0 1.0 1797.9697131767036 1 1.0
429005280.0 0.0 1793.1379139972776 0 1.6234307e-10
418218506.0 0.0 1808.9917233995934 0 0.0002723163
401087272.0 1.0 1806.41110916592 1 0.9999764
354013240.0 1.0 1797.0566669676723 1 0.9999124
452945606.0 1.0 1797.4730019092249 1 0.9999963
63623869.0 0.0 1801.078612109163 3 4.4158698e-11
362964028.0 0.0 1800.409336439939 0 1.9070327e-10
229445310.0 1.0 1795.094758547793 1 0.99999785
407234920.0 0.0 1805.201327528707 0 8.3188e-06
444794150.0 1.0 1799.3895238593861 1 0.9999999
249833332.0 1.0 1796.7238426139752 1 0.99997395
275424226.0 0.0 1805.220705154856 0 1.9911718e-06
428395071.0 1.0 1799.348851082192 1 0.999989
271240484.0 0.0 1805.2220348874218 0 2.6180974e-08
139353433.0 1.0 1795.8702272830865 1 0.99999875
275767819.0 0.0 1805.327147370335 0 9.18356e-05
405623715.0 1.0 1794.994808795923 1 1.0
229644238.0 0.0 1794.1989680073148 0 3.1179065e-05
333733312.0 0.0 1800.6162197817625 0 3.7703876e-06
436844373.0 1.0 1796.99561062443 1 1.0
351879739.0 1.0 1811.0557912529878 1 1.0
196919111.0 1.0 1810.9526311665695 1 0.9999858
429020102.0 1.0 1797.8463781517912 1 0.99946404
189637855.0 1.0 1798.724117539587 1 0.9999998
284059419.0 1.0 1796.5162743474602 1 0.999851
293185832.0 1.0 1811.286545555396 1 0.99999964
233080784.0 1.0 1810.323165863295 1 0.99994355
368737058.0 1.0 1799.3056259216175 1 0.9999997
348019467.0 0.0 1808.848426734251 0 3.219157e-05
402775080.0 1.0 1799.5142511482402 1 0.9737946
347306080.0 1.0 1797.5559724823922 1 0.99994266
251646422.0 0.0 1805.2027796992827 0 0.0005041041
410615214.0 1.0 1811.0152068017314 1 0.9999991
433140578.0 1.0 1798.0786834541896 1 0.99996954
279842375.0 1.0 1797.8481944456714 1 0.99999934
259167484.0 0.0 1805.1989703689817 0 4.9418836e-10
359675890.0 0.0 1812.364519757686 0 1.2473174e-05
433878077.0 1.0 1795.305124199003 1 0.99999857
229957580.0 1.0 1794.552840655503 1 0.9999906
82619536.0 0.0 1808.8485170279066 0 0.00031814328
251256829.0 1.0 1806.286128636718 1 0.999845
356917895.0 0.0 1805.2810549398826 0 0.00035651168
286239868.0 0.0 1794.9121778549802 2 1.8666427e-08
219864007.0 1.0 1795.5525898741414 1 0.99999964
229449989.0 1.0 1798.2197494363259 1 1.0
238656082.0 0.0 1805.2028792213916 0 2.6306388e-05
399358798.0 0.0 1809.2023240736935 0 0.0004325422
65694498.0 1.0 1806.3910344042552 1 0.9999982
445140600.0 0.0 1812.7018967091562 0 4.5932214e-08
264544107.0 1.0 1798.5751612835645 1 0.9995192
353934550.0 1.0 1799.3433462858493 1 0.9999995
63586477.0 0.0 1800.474518088545 0 6.7994465e-06
319844644.0 1.0 1793.8688002638953 1 0.9999919
335966372.0 0.0 1797.6990856885755 0 2.0874491e-07
427384704.0 0.0 1797.575846029746 2 5.400946e-06
354467450.0 1.0 1805.911079707821 1 0.9999963
259168895.0 0.0 1808.9280537967857 0 1.1998189e-05
250478210.0 0.0 1808.8485770724437 0 0.00010364803
28834711.0 1.0 1795.9538886481275 1 0.9999726
26396354.0 0.0 1805.5787787587647 0 0.00095269544
250912291.0 1.0 1805.8281742778668 1 1.0
199664100.0 1.0 1793.3847025803548 1 0.99999946
286128765.0 1.0 1794.868675608607 1 1.0
279348496.0 1.0 1799.1393005145512 1 0.9999979
265195002.0 1.0 1798.8069471235576 1 0.9999998
332260437.0 1.0 1794.2856810637454 1 1.0
229492454.0 1.0 1793.636560016326 1 1.0
189672579.0 1.0 1811.3696679107125 1 0.9999998
279354199.0 1.0 1795.7019612779754 1 1.0
265379453.0 0.0 1808.8487789913613 0 0.0010656315
399735241.0 1.0 1794.721377413872 1 1.0
252115405.0 1.0 1793.7232203021479 1 1.0
410552467.0 1.0 1805.9737403015167 1 0.99999976
370598467.0 1.0 1794.1193879023642 1 0.99999964
52036676.0 1.0 1795.5768998845047 1 0.99999994
268626693.0 0.0 1812.388329406087 0 6.564793e-05
427737153.0 1.0 1811.2664803150867 1 1.0
85590649.0 1.0 1793.7245052992514 1 0.9999895
264738932.0 0.0 1805.265024601024 0 3.1112177e-06
249884710.0 1.0 1805.4948274623357 1 0.999979
237307579.0 1.0 1797.782982773321 1 0.99999887
444628469.0 1.0 1794.6812691246125 1 0.99996245
198354443.0 0.0 1795.8846693768096 3 8.425782e-11
259301265.0 1.0 1797.3699305214207 1 0.9999972
372725730.0 1.0 1798.5979068336985 1 0.9999992
198354443.0 0.0 1808.9263470007459 3 2.3588683e-13
258389103.0 1.0 1795.740972579452 1 0.9999994
452945261.0 0.0 1809.1602592085608 0 0.0002433551
407156620.0 1.0 1805.4305937938852 1 0.9999987
292398977.0 0.0 1812.5155504211257 0 6.74158e-05
28870707.0 1.0 1793.1830206064842 1 0.9999986
326815804.0 0.0 1802.2640638385333 3 2.0449295e-05
101169160.0 0.0 1805.4747000243246 0 0.0003503825
219737542.0 0.0 1808.843716820034 0 0.0023275919
327703444.0 0.0 1805.2031388712915 0 0.00081108895
364176415.0 1.0 1805.5748705509543 1 0.9999258
422540796.0 1.0 1793.2022402308407 1 0.9999989
270920070.0 1.0 1806.284564700182 1 1.0
312974144.0 1.0 1810.5146113680678 1 0.99999964
377306466.0 0.0 1808.8856256158967 0 9.673155e-06
388526862.0 1.0 1798.1173362781747 1 0.9973567
285181325.0 0.0 1809.1202139297172 0 0.0010424764
240900115.0 1.0 1796.3485886604997 1 0.9998804
397921977.0 0.0 1808.9309794349049 0 0.00010395548
444800317.0 1.0 1796.3062114411032 1 0.9997782
258393554.0 1.0 1811.4695702512843 1 0.99995863
241046345.0 0.0 1805.2027334759027 0 0.00019236411
331212334.0 1.0 1810.3272888614529 1 0.9999996
407205752.0 0.0 1808.8680901139317 0 0.00013396946
279064282.0 1.0 1811.5140604963349 1 1.0
368965412.0 0.0 1805.2014667049857 0 0.001062695
271911876.0 1.0 1795.1806196359 1 0.9999998
316966379.0 0.0 1805.202777089457 0 5.790351e-08
445361586.0 1.0 1797.1188013715423 1 0.9999996
230018065.0 1.0 1798.698681775071 1 0.9998929
433206606.0 1.0 1793.8911614108642 1 1.0
422540162.0 0.0 1805.5564237831265 0 1.4335427e-06
301163102.0 0.0 1812.3487969792225 0 2.900417e-06
321544207.0 0.0 1812.3873455826265 0 1.3790769e-06
333112922.0 1.0 1794.4109661532116 1 0.9999997
444078430.0 0.0 1796.8278648011428 0 0.0010632869
366195369.0 0.0 1793.1393850942798 0 0.0002528956
396266973.0 1.0 1810.1600927652169 1 0.99999964
329344868.0 0.0 1805.4471680872548 0 3.949727e-06
420498361.0 0.0 1808.9517537377715 0 0.014011812
177972520.0 0.0 1808.9328128509628 0 0.00036061084
279270131.0 0.0 1793.785176034865 2 8.9915176e-07
230073412.0 0.0 1808.8438002706998 0 1.2741035e-05
353172968.0 1.0 1810.472620611861 1 0.9999998
402831124.0 1.0 1805.8051061815538 1 0.9999991
352979549.0 0.0 1803.7414198085792 3 1.8396826e-10
241076979.0 1.0 1805.7653302125464 1 1.0
445397699.0 1.0 1793.6397163019105 1 1.0
408731664.0 0.0 1812.3471422683983 0 5.491074e-05
236986155.0 0.0 1805.22010252693 0 1.0869853e-06
453224104.0 1.0 1796.2024772617397 1 0.9999062
397763866.0 0.0 1796.9096452103615 0 6.9598325e-05
354115138.0 0.0 1805.2210422424064 0 6.8088684e-06
376971463.0 0.0 1795.9923813448997 3 3.4299903e-11
292324789.0 0.0 1812.3904929175087 0 4.068504e-07
200794039.0 0.0 1805.2036189716798 0 0.00027792627
375852500.0 0.0 1795.138097109545 2 2.0561522e-08
452960580.0 1.0 1799.306350577984 1 0.9999995
192530067.0 1.0 1798.995020700494 1 0.9999998
375913362.0 0.0 1805.2421874426802 0 2.7725169e-09
302228229.0 1.0 1810.349004430347 1 1.0
53863797.0 0.0 1809.1810398538205 0 6.789876e-06
50936525.0 0.0 1805.2648724446642 0 0.00044921268
422978430.0 0.0 1795.1823811930337 2 6.9300896e-08
326793563.0 0.0 1796.618532940513 2 1.3638112e-06
388077369.0 0.0 1812.9706137925011 0 5.001397e-05
352115715.0 0.0 1811.3473107328332 2 1.218899e-06
137120078.0 1.0 1810.8264533970819 1 0.9999999
35114024.0 0.0 1809.120570412271 0 0.0012481452
396200112.0 1.0 1799.076279638293 1 0.99999076
433283420.0 0.0 1793.1410685661615 0 0.0005569254
230091823.0 1.0 1795.6563738205018 1 0.9999993
301741759.0 0.0 1805.2032129375411 0 1.8106089e-06
445611717.0 1.0 1806.0569295297933 1 0.999991
323405815.0 1.0 1805.6378988415613 1 0.9999235
137907585.0 1.0 1796.745421942774 1 1.0
319599158.0 0.0 1793.3269737919702 0 1.3412285e-05
367819665.0 1.0 1810.6590684543817 1 0.99997264
251435105.0 0.0 1808.8486072876294 0 0.0005872866
309303437.0 1.0 1810.1403164094118 1 1.0
293066086.0 0.0 1796.807376712608 3 1.3365021e-12
367861883.0 1.0 1797.6384533290773 1 0.9999999
366381688.0 0.0 1796.8252956244266 0 2.7647126e-05
405482457.0 0.0 1793.2870955637256 2 0.09317611
77224596.0 0.0 1805.2870789495591 0 0.0070321797
403681809.0 1.0 1794.5150551681088 1 0.9999999
194736844.0 0.0 1800.8702555115647 3 1.7046548e-09
359588373.0 1.0 1810.635122139579 1 1.0
229676244.0 0.0 1794.3029574416812 3 6.755624e-06
356977663.0 0.0 1805.197568298979 0 1.3744193e-05
249920084.0 0.0 1805.203032655074 0 0.00014805008
420842891.0 1.0 1799.7645253438204 1 0.99999994
13527871.0 1.0 1810.6815760534173 1 0.9995502
289139593.0 0.0 1808.8473763413958 0 0.0001865245
258463587.0 0.0 1812.3869623615874 0 0.00032295397
50692461.0 1.0 1810.5149014930298 1 0.99997884
71697808.0 1.0 1798.5360283532484 1 0.9999979
320179989.0 0.0 1812.6808599637789 0 0.00013505637
191704473.0 1.0 1794.6405808257614 1 0.9999999
334173291.0 0.0 1812.3876350876744 0 1.4921566e-12
376897562.0 0.0 1811.0339283671342 2 5.8212237e-12
334678928.0 1.0 1805.7406202285729 1 0.99999964
400349220.0 1.0 1797.597407686345 1 1.0
398308735.0 0.0 1805.2004668770912 0 0.00016558125
445486065.0 1.0 1805.7860051087448 1 0.9999173
366972961.0 0.0 1811.2837685286465 3 1.6928207e-18
408620232.0 1.0 1811.118584350088 1 0.99997896
250452367.0 1.0 1795.6612060210311 1 0.9999999
387813994.0 0.0 1812.3662881829687 0 0.000111317364
405321655.0 0.0 1808.8458065238551 0 3.4614015e-05
332367733.0 0.0 1805.5149236462585 0 0.0024322337
68038052.0 0.0 1805.245214258345 0 0.011735362
28693251.0 1.0 1810.8280710566319 1 0.99999994
385042743.0 0.0 1796.6407498766305 0 0.00053946214
184685168.0 0.0 1805.349280210236 0 2.9211638e-05
265299463.0 0.0 1796.8277541504185 0 0.00036013123
268948397.0 0.0 1808.8676433105973 0 5.4054675e-07
241099231.0 1.0 1805.9529533807463 1 0.9999998
359493570.0 0.0 1806.0519705118672 2 1.1232282e-08
81446824.0 1.0 1810.5775256658062 1 0.9999997
417752339.0 1.0 1811.284207414779 1 0.99998754
302544353.0 1.0 1794.2246106050804 1 0.9998446
251382976.0 0.0 1796.8900598640287 0 0.001171808
428328845.0 0.0 1808.8906986211514 0 9.97657e-05
252833791.0 1.0 1796.1821676578752 1 0.9999885
308535325.0 1.0 1793.1819905095629 1 1.0
445610609.0 1.0 1794.5777374326929 1 1.0
138053282.0 1.0 1793.2037306555183 1 1.0
406708763.0 0.0 1793.1395439895957 0 9.238281e-08
81452605.0 1.0 1795.8687818747605 1 0.9999702
198416591.0 0.0 1799.6140146553694 3 4.0118328e-22
65440013.0 0.0 1805.5784921548031 2 0.066119626
233682766.0 0.0 1808.9059828307472 0 0.0008973351
291839937.0 0.0 1812.3696277851482 0 6.220762e-05
374391190.0 0.0 1812.4107295019217 0 0.0005268556
268843207.0 1.0 1796.492801471643 1 1.0
12414654.0 1.0 1798.5981606305322 1 0.9972214
445483401.0 0.0 1808.8484216915278 0 3.0039603e-06
229953415.0 0.0 1812.3652064229836 0 2.3857121e-05
198418184.0 1.0 1810.9679197924293 1 1.0
403431219.0 1.0 1795.494145810971 1 1.0
407026265.0 0.0 1808.8886247955525 0 3.5708115e-06
315938664.0 1.0 1795.8691845207788 1 0.99999946
249916249.0 0.0 1812.3697724229621 0 7.668103e-06
322443844.0 0.0 1808.8876557948142 0 4.5898325e-08
275362451.0 0.0 1808.867885101695 0 2.0006057e-07
445365644.0 1.0 1805.9937718660162 1 0.99999976
54461534.0 1.0 1796.1187613478191 1 1.0
422925834.0 1.0 1793.6824527793597 1 0.9999683
396532179.0 0.0 1811.4933438222854 99 6.9131243e-06
237000094.0 0.0 1795.4911537312169 99 6.063885e-08
54465292.0 0.0 1795.74368063678 99 0.00087775587
245552501.0 0.0 1799.6402331321854 99 0.22652364
445352722.0 0.0 1793.4315112875615 99 9.2015034e-05
394088540.0 0.0 1810.7412696345068 99 1.2796442e-05
354242093.0 0.0 1810.721483884119 99 1.8065363e-08
238778460.0 0.0 1810.3075821019447 99 6.450947e-07
249889812.0 0.0 1798.2029550000286 99 5.06647e-07
278933172.0 0.0 1805.5766023299634 99 2.4540667e-16
129901285.0 0.0 1795.9952542623432 99 1.5686144e-06
192469090.0 0.0 1810.2243255349802 99 8.407177e-05
285238432.0 0.0 1798.9528715452707 99 5.184042e-05
285280889.0 0.0 1794.016189182502 99 6.166824e-10
264292988.0 0.0 1795.4916599917392 99 6.920919e-09
229957580.0 0.0 1794.552840655503 99 0.00011372305
407387075.0 0.0 1811.5571204323319 99 6.307397e-07
359593546.0 0.0 1811.2430939162673 99 0.0008934511
374479643.0 0.0 1810.265044206078 99 0.00014360958
445296618.0 0.0 1793.577213375826 99 3.0863553e-06
301916817.0 0.0 1811.2871203220182 99 6.321685e-06
251766867.0 0.0 1794.0567665061612 99 3.2495493e-07
301417546.0 0.0 1810.2236828806685 99 0.00023359175
356978922.0 0.0 1811.3018636582408 99 1.7809508e-06
265348968.0 0.0 1795.617724295326 99 0.0001319715
229674517.0 0.0 1794.2193626421652 99 8.052569e-06
401007633.0 0.0 1794.1192110949555 99 1.535692e-05
428740772.0 0.0 1810.763443656995 99 0.019390715
317845833.0 0.0 1794.5132139685904 99 0.0025976717
384805458.0 0.0 1806.2653180390232 99 1.0627885e-05
279288500.0 0.0 1798.5344313777548 99 2.4472616e-05
372793338.0 0.0 1794.9103898429407 99 2.0437192e-05
233083400.0 0.0 1811.1978528398936 99 9.69361e-06
23051058.0 0.0 1794.8078634466174 99 1.7209089e-07
444834252.0 0.0 1810.1605893902954 99 8.4138117e-07
237100372.0 0.0 1795.8228455383532 99 2.395369e-05
405460528.0 0.0 1798.9122418293164 99 6.8038185e-06
407244881.0 0.0 1796.1182891186663 99 8.666848e-09
34619582.0 0.0 1806.391409833159 99 2.580172e-07
400405642.0 0.0 1806.261196890502 99 3.776869e-05
286010581.0 0.0 1811.4107330138306 99 0.0007880346
116015207.0 0.0 1795.7863890904212 99 0.0013513449
237221686.0 0.0 1798.887039428279 99 2.6006737e-07
381656536.0 0.0 1794.2868132236172 99 8.440264e-05
453256390.0 0.0 1797.764876159117 99 0.006824291
375785288.0 0.0 1795.8047606309008 99 1.8926349e-07
292849468.0 0.0 1794.8908668127349 99 5.0898593e-06
177992394.0 0.0 1811.1828116137967 99 4.0536514e-07
191769044.0 0.0 1810.5986150655924 99 0.00018212142
434972989.0 0.0 1798.4927346302607 99 7.011447e-05
238652771.0 0.0 1799.0779673684399 99 1.4752922e-07
117270306.0 0.0 1793.5987523058357 99 2.6344977e-05
249940864.0 0.0 1805.5780500867393 99 1.8718998e-06
341840419.0 0.0 1798.6765627622317 99 1.687753e-05
421381395.0 0.0 1810.930929690288 99 1.5852873e-05
13613256.0 0.0 1794.6398183848578 99 2.3263185e-05
116009267.0 0.0 1795.2031718745825 99 0.00010837833
396244148.0 0.0 1799.1804438513943 99 1.4261e-07
63627127.0 0.0 1796.2246189538569 99 9.920315e-06
11061640.0 0.0 1797.1187231263818 99 9.933787e-06
177880459.0 0.0 1795.078551123973 99 1.93112e-07
396575419.0 0.0 1798.9951330778415 99 3.2140462e-05
203005093.0 0.0 1799.4324800301422 99 0.00022874211
272785475.0 0.0 1793.3643949395528 99 0.00037011338
320270508.0 0.0 1793.3063546227143 99 2.2096012e-08
436931352.0 0.0 1796.7456202868236 99 0.00044365978
366779865.0 0.0 1795.1170272491138 99 0.023262817
264801730.0 0.0 1799.6193372410964 99 1.9657155e-05
388581443.0 0.0 1811.0756100770734 99 7.5689504e-06
233546620.0 0.0 1805.5731323567604 99 0.00042644297
200793167.0 0.0 1805.453649175042 99 4.0942354e-08
316960543.0 0.0 1797.8067089888111 99 4.072377e-06
402205653.0 0.0 1795.3701105664913 99 5.8398236e-06
268516134.0 0.0 1797.9510721034644 99 5.347829e-12
420268013.0 0.0 1794.0123675247153 99 2.4948527e-06
395407102.0 0.0 1799.972199595146 99 7.912893e-06
377202187.0 0.0 1806.1589869021764 99 1.5559955e-08
403257785.0 0.0 1795.0144114899945 99 4.3419456e-07
387808343.0 0.0 1796.0957243831353 99 0.005613426
352693190.0 0.0 1796.1995563328335 99 0.00010225285
186988202.0 0.0 1798.9743907568527 99 1.8141174e-06
427685099.0 0.0 1799.7010708832472 99 1.2326626e-05
184564369.0 0.0 1795.9951168336984 99 5.0276316e-07
376925580.0 0.0 1811.0534929527973 99 3.4492291e-09
104196730.0 0.0 1796.6197998544988 99 6.783617e-06
250931180.0 0.0 1798.244795179171 99 7.120641e-06
327789778.0 0.0 1810.8695720031185 99 8.404034e-06
316953862.0 0.0 1795.306779599214 99 1.7595004e-05
308290986.0 0.0 1799.3277536001979 99 1.4074591e-05
356917895.0 0.0 1799.34362417 99 4.5340672e-05
256457534.0 0.0 1798.095001580623 99 4.685097e-10
278998415.0 0.0 1797.2432675200284 99 6.5224975e-19
201383274.0 0.0 1810.4538094524282 99 2.6369495e-09
61000802.0 0.0 1793.9748155999223 99 0.00021370042
12414654.0 0.0 1798.5981606305322 99 3.0888268e-07
410497430.0 0.0 1797.536327077857 99 1.35936725e-05
292200269.0 0.0 1798.974078177524 99 2.7354446e-08
252101670.0 0.0 1806.2438270740183 99 5.000609e-06
387451160.0 0.0 1794.449802953015 99 1.1639349e-06
49938487.0 0.0 1796.3481152182883 99 0.0010109262
116060265.0 0.0 1796.661383098629 99 5.983005e-07
433075966.0 0.0 1810.7659242106122 99 0.000116623385
177800448.0 0.0 1794.474434772517 99 0.00010691662
12214526.0 0.0 1797.3481093826556 99 0.0014459355
280568468.0 0.0 1811.5146501207428 99 2.3956754e-06
233071028.0 0.0 1798.489689306284 99 2.0124116e-06
370600386.0 0.0 1811.369221832427 99 0.00036604126
374480651.0 0.0 1796.2234658909472 99 0.0061963717
250684105.0 0.0 1798.3071491416504 99 0.0017209877
240966282.0 0.0 1806.056812135692 99 2.1717646e-05
377036419.0 0.0 1794.5966644677744 99 5.149323e-07
377070346.0 0.0 1805.9714840260344 99 2.507619e-09
34619169.0 0.0 1795.9122483034344 99 8.0031276e-07
417332401.0 0.0 1795.7222991325652 99 7.299807e-07
368603158.0 0.0 1798.9932481690012 99 1.044136e-06
284315713.0 0.0 1797.639362317893 99 0.00042122058
12415594.0 0.0 1795.8689899300405 99 0.0065681376
279715893.0 0.0 1795.3689712718704 99 0.00017669259
372355186.0 0.0 1805.4320965401034 99 0.00039282197
65199347.0 0.0 1805.7035310171932 99 0.0021168857
428521595.0 0.0 1806.1391617812767 99 2.529582e-09
370427302.0 0.0 1806.03574404581 99 0.004348142
420110764.0 0.0 1797.3661182564028 99 2.9884695e-14
319599611.0 0.0 1794.056141072115 99 6.405649e-07
21099543.0 0.0 1796.0997369683816 99 4.8735005e-06
85490917.0 0.0 1798.1620855744593 99 3.8421863e-06
426090237.0 0.0 1806.2636574279775 99 0.00011777559
251722904.0 0.0 1798.0360578746397 99 3.4289016e-05
229912370.0 0.0 1798.0112274396868 99 0.00010605301
256863477.0 0.0 1794.0118444152522 99 0.006978287
284012439.0 0.0 1798.2244043866658 99 2.5719197e-07
327397734.0 0.0 1798.3490594875893 99 6.146521e-10
369140957.0 0.0 1805.368265075683 99 3.2102755e-05
264226520.0 0.0 1796.9708706686076 99 2.3153716e-05
49942082.0 0.0 1798.2857373472461 99 4.6443343e-08
374967351.0 0.0 1794.9316736342678 99 5.2412933e-08
13620888.0 0.0 1798.6188498076472 99 2.942971e-05
305859208.0 0.0 1796.3041379062909 99 1.4813802e-06
198204954.0 0.0 1797.8433287342932 99 9.482796e-06
77321625.0 0.0 1798.7455297409506 99 1.750139e-05
402880107.0 0.0 1794.8670326286983 99 3.4040218e-06
12324179.0 0.0 1811.2438136013443 99 0.011283008
71747343.0 0.0 1798.3483327193157 99 6.452965e-08
279440979.0 0.0 1797.8684110617762 99 4.3211192e-05
420656138.0 0.0 1806.179952977793 99 0.00011642315
420843335.0 0.0 1810.347672622505 99 1.1490093e-05
129870247.0 0.0 1796.8078156114439 99 1.3312759e-07
259144809.0 0.0 1797.3281484541094 99 3.0936944e-11
245553367.0 0.0 1797.640231147264 99 0.0004395043
384659769.0 0.0 1796.7026474382694 99 1.3089817e-05
184608038.0 0.0 1794.1619070272604 99 0.0020239411
233200610.0 0.0 1805.5110221604189 99 0.0013497703
377035146.0 0.0 1799.2424743098027 99 0.00047469477
272759306.0 0.0 1810.1771878014836 99 1.6182483e-06
366435734.0 0.0 1805.7824977429175 99 1.3078597e-06
354130394.0 0.0 1795.5780513801928 99 0.025928013
233579092.0 0.0 1798.9691350589103 99 4.203691e-05
245722819.0 0.0 1795.4108681749256 99 5.115163e-16
54057589.0 0.0 1797.4727573677862 99 3.0166247e-09
428251922.0 0.0 1810.7239482307525 99 2.3310013e-08
34577942.0 0.0 1798.0373120771214 99 3.0260624e-05
455960348.0 0.0 1795.7841671120154 99 0.0026926487
331389591.0 0.0 1799.8690845469025 99 3.9668968e-13
436933164.0 0.0 1806.391404957222 99 3.4853806e-06
203093888.0 0.0 1796.3076085183025 99 7.3887435e-08
264223929.0 0.0 1795.8458457979489 99 0.0009265755
445666747.0 0.0 1799.1817769261575 99 1.0027874e-10
81906928.0 0.0 1795.32727742474 99 8.820157e-12
233152830.0 0.0 1795.4483820745459 99 5.905979e-05
22872830.0 0.0 1810.4953555650484 99 7.579489e-05
284915325.0 0.0 1811.3267020075352 99 9.57251e-08
241097195.0 0.0 1806.2655101656617 99 4.3734317e-06
356786649.0 0.0 1805.553347009811 99 7.576514e-11
335154630.0 0.0 1796.0546753152007 99 3.4207521e-06
229965790.0 0.0 1796.4903321790591 99 1.3439993e-05
289095239.0 0.0 1795.7844592476251 99 8.759315e-07
22872266.0 0.0 1798.4122220899778 99 1.755831e-08
428071042.0 0.0 1794.1196526958993 99 0.0003890503
441812183.0 0.0 1798.302854673752 99 1.2787463e-05
378374218.0 0.0 1805.8055829271495 99 5.067504e-07
375607442.0 0.0 1795.1589605532881 99 2.955114e-07
417707923.0 0.0 1810.6173447812291 99 4.5326065e-05
327124382.0 0.0 1794.5144902713066 99 1.9326704e-12
229767084.0 0.0 1799.886147271966 99 8.389908e-06
12646117.0 0.0 1797.473282949035 99 9.3889184e-08
285507165.0 0.0 1794.2237187779774 99 0.00016783156
104151375.0 0.0 1797.8280902149188 99 3.113949e-05
441767564.0 0.0 1811.0529128893684 99 0.0016463968
65358461.0 0.0 1805.3909783338818 99 0.00014892878
377034691.0 0.0 1797.2841594764877 99 1.7983698e-06
387527773.0 0.0 1796.199813907387 99 2.4840752e-08
441813072.0 0.0 1806.0530473754977 99 2.186532e-06
283336414.0 0.0 1797.0560921650906 99 5.666527e-09
377075568.0 0.0 1798.3674373820133 99 1.0102971e-07
387567187.0 0.0 1796.2623233684897 99 9.2912625e-05
245634889.0 0.0 1797.4112166439754 99 7.715665e-06
21131390.0 0.0 1798.37059540382 99 1.5425333e-07
272219327.0 0.0 1798.3681121572977 99 6.963764e-06
388526862.0 0.0 1798.1173362781747 99 0.05133608
202903126.0 0.0 1797.3700523238192 99 0.00010242441
259168895.0 0.0 1811.053027459943 99 0.00042352753
366198106.0 0.0 1805.9933900142696 99 6.536526e-10
308955071.0 0.0 1800.5361406600764 99 2.7005099e-05
390516475.0 0.0 1795.1190209817753 99 0.00021637545
445483401.0 0.0 1799.1818071072971 99 3.5186426e-05
258627226.0 0.0 1795.57462981208 99 9.3078896e-05
287152450.0 0.0 1794.4682556606583 99 2.1092881e-05
52702113.0 0.0 1793.4730332988404 99 2.1909818e-05
230005098.0 0.0 1806.219638667357 99 9.841916e-10
392567622.0 0.0 1797.8020962122946 99 5.8521015e-05
250505642.0 0.0 1811.244426597188 99 0.00032440276
322266557.0 0.0 1796.8877444080188 99 1.8973644e-07
192648949.0 0.0 1793.390849480649 99 1.8350434e-05
85596002.0 0.0 1796.9329665622413 99 1.7102576e-06
219872333.0 0.0 1794.3648130930164 99 8.950702e-05
436848408.0 0.0 1798.7664497345254 99 7.673479e-05
405479774.0 0.0 1797.1622102461424 99 7.411687e-05
196947078.0 0.0 1810.7443073976224 99 0.00012704667
51028863.0 0.0 1796.6605861533778 99 1.9397063e-15
229594701.0 0.0 1805.6157372176326 99 0.00010653101
426089741.0 0.0 1796.222085380619 99 1.0328358e-06
258829795.0 0.0 1800.2613660429329 99 3.3020163e-07
396615000.0 0.0 1794.3909179603038 99 6.6203106e-06
84161498.0 0.0 1793.2435553294647 99 5.4411743e-05
365940645.0 0.0 1796.6802491578724 99 2.373831e-06
230126329.0 0.0 1796.614571325923 99 1.086204e-06
445245536.0 0.0 1800.160527304903 99 4.3126843e-06
116889354.0 0.0 1811.5155771306522 99 0.00015942124
432021191.0 0.0 1797.9115464718384 99 0.0016829825
445248709.0 0.0 1806.2020383700926 99 4.731426e-07
63677137.0 0.0 1811.4117233808677 99 3.9637678e-05
376925413.0 0.0 1811.3659598909262 99 8.377749e-07
302186200.0 0.0 1793.4323656058782 99 5.6540463e-05
229742721.0 0.0 1795.927949521212 99 1.9761944e-06
287150450.0 0.0 1795.7185573834172 99 4.4786437e-09
452961054.0 0.0 1798.4313759595912 99 5.836639e-06
357740731.0 0.0 1811.4101703025308 99 3.1148933e-10
240748813.0 0.0 1810.8687447905022 99 2.1016124e-14
238802637.0 0.0 1793.724265417934 99 1.9907197e-06
270015086.0 0.0 1810.4926714589665 99 1.805535e-05
189637855.0 0.0 1798.724117539587 99 7.5705016e-06
237200205.0 0.0 1805.9494857174627 99 2.7511925e-07
177968691.0 0.0 1805.891139157817 99 2.1984666e-05
352366856.0 0.0 1798.8684647262912 99 0.0069414615
283938009.0 0.0 1795.2435511072429 99 0.00022513261
269889891.0 0.0 1810.6412361268262 99 3.001134e-06
375913362.0 0.0 1796.1589884308953 99 7.02282e-06
259234489.0 0.0 1810.3864067183745 99 3.3556767e-05
283135126.0 0.0 1798.4104093652013 99 3.0278582e-06
428302704.0 0.0 1795.390482747269 99 0.005470873
289537652.0 0.0 1811.1976819309314 99 1.8178227e-05
250494958.0 0.0 1798.1612878480034 99 0.00011251979
230023671.0 0.0 1805.2821919603252 99 7.385744e-05
198160374.0 0.0 1798.2597504132286 99 6.487628e-06
420851130.0 0.0 1796.2644717218025 99 1.5813062e-09
336293555.0 0.0 1794.7839553524664 99 0.00019187097
426111554.0 0.0 1797.2005144549457 99 9.8628545e-09
455954904.0 0.0 1796.3258772787574 99 1.5965568e-05
427728264.0 0.0 1811.0550422907331 99 0.0007103951
229798877.0 0.0 1798.365610055406 99 1.4246973e-06
376640214.0 0.0 1806.0756272347105 99 0.0007657986
388504397.0 0.0 1797.9922741207179 99 2.8409691e-05
34749696.0 0.0 1795.1206055747607 99 1.5092066e-06
83339750.0 0.0 1795.6600933459604 99 6.413421e-05
34647018.0 0.0 1794.9122284915052 99 2.8156484e-07
233658981.0 0.0 1798.280984393248 99 5.2727093e-05
285166956.0 0.0 1806.3693836107848 99 4.5734296e-08
83804128.0 0.0 1805.7431739867995 99 9.778203e-06
307111490.0 0.0 1797.3275992450574 99 9.32233e-07
301916446.0 0.0 1796.7873160223603 99 5.649841e-06
235927999.0 0.0 1795.2411701179037 99 7.961487e-07
323011282.0 0.0 1810.8041861986221 99 0.0001690477
403922256.0 0.0 1798.2432754118342 99 0.004177588
331793908.0 0.0 1794.0758361747048 99 1.5278911e-06
279209131.0 0.0 1796.8685308938777 99 1.3418944e-08
327296784.0 0.0 1794.6197276340122 99 2.2373115e-07
445567121.0 0.0 1796.0777080731693 99 1.9826675e-06
10973655.0 0.0 1811.4105058468642 99 4.9622336e-08
272230452.0 0.0 1794.6390555388418 99 1.5683003e-07
232608223.0 0.0 1795.1560137274064 99 0.00017439063
423750260.0 0.0 1810.2858578221117 99 0.0039745797
376770989.0 0.0 1795.2424607026635 99 1.4341073e-05
441738610.0 0.0 1806.261232135741 99 0.00020288152
375073265.0 0.0 1806.0985830464267 99 9.676089e-06
241076979.0 0.0 1805.7653302125464 99 1.0571115e-07
298732513.0 0.0 1797.1353082221813 99 0.0006126337
327445165.0 0.0 1798.9739259137993 99 0.004335747
264898803.0 0.0 1795.8460864120025 99 1.4805709e-06
82976437.0 0.0 1794.7640932156412 99 5.7211613e-10
406681219.0 0.0 1796.138498523633 99 3.3768512e-05
72147483.0 0.0 1799.723488301183 99 2.4061706e-07
279979169.0 0.0 1798.5118388503536 99 0.003427556
445486065.0 0.0 1805.7860051087448 99 0.00059329945
219863986.0 0.0 1796.1984386578317 99 0.00028103398
308366236.0 0.0 1798.4528209200669 99 0.0017109751
232609321.0 0.0 1798.8229716317633 99 6.113928e-08
331979046.0 0.0 1796.3898632926034 99 0.00012485299
348025382.0 0.0 1805.3693967370784 99 2.3882298e-05
408897120.0 0.0 1798.1794579972925 99 3.1109714e-06
405327387.0 0.0 1797.7001906984856 99 0.0026055474
292521301.0 0.0 1793.5365836839544 99 7.667145e-06
441762659.0 0.0 1796.5112202361956 99 1.6431867e-06
255863941.0 0.0 1799.512127200041 99 0.001009928
241072521.0 0.0 1798.1193703088595 99 3.39442e-06
427385258.0 0.0 1797.8883534599574 99 3.1350388e-05
312343012.0 0.0 1799.0981795589164 99 5.824128e-06
407017121.0 0.0 1795.7850795992786 99 4.0492466e-07
139463395.0 0.0 1797.2452239823747 99 1.3799076e-05
117619327.0 0.0 1797.03650128112 99 0.0017845018
201357261.0 0.0 1810.6203765427147 99 1.0899552e-06
427511059.0 0.0 1798.24254815172 99 4.9563907e-05
317065894.0 0.0 1794.9295237187966 99 0.00020610762
270661813.0 0.0 1797.0971823084851 99 1.7573911e-05
285689138.0 0.0 1794.5981084034436 99 1.1841567e-08
200875277.0 0.0 1810.995362267713 99 6.9579204e-05
387831439.0 0.0 1805.3039114539113 99 2.3151624e-06
192289702.0 0.0 1795.4533252554106 99 0.00069971377
129916255.0 0.0 1797.5577974089972 99 6.060955e-05
272625675.0 0.0 1795.8890032344705 99 2.1155554e-05
237079307.0 0.0 1795.7411805386291 99 7.9818405e-05
399831693.0 0.0 1810.117481227214 99 9.313655e-06
292606214.0 0.0 1796.411634403039 99 7.979138e-06
233531272.0 0.0 1810.8234378012398 99 2.8184667e-07
229483119.0 0.0 1798.5114461572675 99 3.209927e-07
67461088.0 0.0 1793.9744280420407 99 3.35719e-07
444143116.0 0.0 1794.306959249627 99 0.0016525799
445610609.0 0.0 1794.5777374326929 99 9.900353e-07
192373909.0 0.0 1806.0160328224233 99 9.197839e-06
291961702.0 0.0 1806.0780504589422 99 2.1763942e-06
240749356.0 0.0 1793.9940945714604 99 1.5315294e-06
428112624.0 0.0 1794.8696588234768 99 0.00014622966
369352318.0 0.0 1811.3059895222543 99 1.5757823e-05
13080907.0 0.0 1794.8063843548812 99 4.352426e-08
390656467.0 0.0 1799.5773243936524 99 1.2944192e-05
302391058.0 0.0 1795.6820980122382 99 5.0155584e-05
353380967.0 0.0 1796.9308902144937 99 5.6219033e-06
269664545.0 0.0 1794.6577249348964 99 1.5370691e-05
376260907.0 0.0 1799.4101098347182 99 0.0056716236
327346503.0 0.0 1797.6406753403733 99 1.805806e-08
233633697.0 0.0 1810.9690421851997 99 6.0850525e-05
250707320.0 0.0 1797.1404618447004 99 3.567496e-05
429020102.0 0.0 1797.8463781517912 99 0.0001127048
94673268.0 0.0 1797.0995176864355 99 1.0444292e-07
366026466.0 0.0 1797.0138135890575 99 0.00011189589
250559030.0 0.0 1810.432122967095 99 9.2824654e-10
349353659.0 0.0 1793.5786744163324 99 1.3113302e-07
252158971.0 0.0 1796.3482332026076 99 0.00065734284
85595785.0 0.0 1794.5996119205245 99 0.00015144979
137122809.0 0.0 1811.3474470678082 99 3.2381136e-05
275370165.0 0.0 1805.8678105065871 99 6.444715e-06
139459369.0 0.0 1797.578650891507 99 4.461474e-05
384915146.0 0.0 1810.2027521323214 99 5.6615777e-06
285909383.0 0.0 1799.0145874006926 99 1.3272552e-05
348670956.0 0.0 1810.140162547433 99 0.0013499158
343563499.0 0.0 1793.8663807565085 99 4.058707e-05
71852651.0 0.0 1810.8067247722727 99 2.6012262e-10
403875792.0 0.0 1810.5565918172113 99 1.6047077e-06
200862766.0 0.0 1805.9536882518785 99 1.1590964e-06
246977174.0 0.0 1795.7456440604071 99 6.932541e-05
186615894.0 0.0 1810.3911035570795 99 1.5041565e-05
354841987.0 0.0 1797.5561341209464 99 1.0948238e-07
312147538.0 0.0 1794.4523479743657 99 1.1901904e-13
378468339.0 0.0 1795.930624025928 99 1.0337543e-08
336538973.0 0.0 1799.5339037729693 99 0.00021032
421307364.0 0.0 1797.656844863799 99 5.015607e-07
327007693.0 0.0 1793.1822581740805 99 6.2082814e-05
428706982.0 0.0 1796.7843089814558 99 1.1938941e-05
245761059.0 0.0 1811.5154084902654 99 1.2756077e-07
408620413.0 0.0 1794.930826240472 99 6.285934e-05
359126726.0 0.0 1805.2639309531953 99 1.3123815e-06
284479475.0 0.0 1810.5316968097625 99 6.721727e-09
444447980.0 0.0 1797.3477697667147 99 5.8734305e-08
240855261.0 0.0 1810.1607362341301 99 5.9754842e-05
301104468.0 0.0 1805.8906168627427 99 1.3844902e-06
230378763.0 0.0 1799.2401516689192 99 0.000115340146
357744803.0 0.0 1798.6808252246947 99 4.606009e-17
291885470.0 0.0 1793.9741298516121 99 2.8747346e-10
201379563.0 0.0 1794.2450475295548 99 4.3056857e-06
422663677.0 0.0 1797.9719217245492 99 3.7023942e-10
376926539.0 0.0 1798.3858099739825 99 4.927779e-12
293067471.0 0.0 1810.8073267016994 99 0.000103191625
431929504.0 0.0 1810.3077424369365 99 0.00013681909
377307381.0 0.0 1793.4901672847882 99 1.5584243e-07
269606104.0 0.0 1805.971904004311 99 1.5233837e-05
237294767.0 0.0 1799.7204994768003 99 7.454367e-07
256643181.0 0.0 1797.9086418065742 99 2.0958318e-05
452972873.0 0.0 1797.7854041625135 99 5.340848e-07
259130225.0 0.0 1794.9490967432173 99 1.2096016e-10
26651857.0 0.0 1810.3080547914299 99 2.0336165e-08
186717969.0 0.0 1798.5577402601023 99 0.00089503685
312856774.0 0.0 1805.9731044792256 99 2.5787327e-07
258393554.0 0.0 1811.4695702512843 99 0.00025437048
366552720.0 0.0 1795.6169469347162 99 6.6924363e-06
316042154.0 0.0 1795.2442441867677 99 3.6082147e-05
352175100.0 0.0 1798.2403338168417 99 3.1745326e-06
308219107.0 0.0 1796.4318360019827 99 8.490707e-06
286576659.0 0.0 1810.848352035346 99 8.927371e-05
354700723.0 0.0 1795.8477245023541 99 5.0418907e-06
368372568.0 0.0 1810.930295268098 99 0.00038963935
35022683.0 0.0 1795.0581121462387 99 5.903974e-05
77173813.0 0.0 1794.9745477015551 99 0.00018918797
375911768.0 0.0 1798.9714399315064 99 0.017846856
316042773.0 0.0 1796.619300662825 99 8.7710515e-07
50116364.0 0.0 1811.2648302083885 99 2.755722e-06
322057067.0 0.0 1795.5752095040207 99 2.175809e-05
312254981.0 0.0 1810.4935382098838 99 9.825276e-05
320271196.0 0.0 1797.9313129486177 99 5.0475246e-06
198279370.0 0.0 1796.0518510934576 99 4.064542e-09
322442826.0 0.0 1797.1378341923094 99 1.6189497e-05
395586623.0 0.0 1796.2430181647137 99 0.00016434866
199688697.0 0.0 1799.5305863607598 99 3.0818053e-06
384986198.0 0.0 1794.3700460146506 99 2.640344e-06
101351543.0 0.0 1798.7662624578873 99 6.347955e-07
332982936.0 0.0 1794.952408176713 99 0.00012036432
196949615.0 0.0 1797.973818215583 99 2.7609578e-05
403588925.0 0.0 1797.991796660291 99 2.7634867e-05
301990520.0 0.0 1798.8279612002107 99 0.005276732
270006368.0 0.0 1810.8495810090922 99 5.1883646e-05
445199845.0 0.0 1794.7021861853677 99 2.7775375e-05
327184990.0 0.0 1805.8487844230167 99 3.601498e-05
265295800.0 0.0 1805.7860795258084 99 0.00060767704
347495290.0 0.0 1794.828183676382 99 1.139818e-08
299437154.0 0.0 1797.2238375398965 99 6.496212e-12
403328929.0 0.0 1799.6994323003582 99 0.0035527674
378924841.0 0.0 1799.0556418942801 99 3.8141352e-05
370694384.0 0.0 1799.348275959794 99 0.048387576
94367054.0 0.0 1793.2036000019575 99 3.6957146e-09
396615115.0 0.0 1794.9117619635988 99 2.0942134e-05
302388870.0 0.0 1794.8695408546648 99 0.00031121317
252109307.0 0.0 1793.931647499042 99 5.9444613e-07
249832286.0 0.0 1797.0363037663367 99 9.3977874e-08
366500692.0 0.0 1797.4502889933317 99 0.0009415178
137886126.0 0.0 1810.6205523846963 99 0.00089060044
373626245.0 0.0 1798.181379904086 99 1.0767693e-07
270813758.0 0.0 1798.8888722805098 99 1.2076082e-07
331937287.0 0.0 1797.4723966634947 99 0.00014283526
250563009.0 0.0 1798.932096212559 99 3.9400138e-07
230394266.0 0.0 1798.094590187059 99 0.0011151343
275858205.0 0.0 1799.1392384620353 99 2.5145177e-05
13454797.0 0.0 1799.2855406556105 99 3.2774872e-06
326967731.0 0.0 1799.1406064340688 99 8.391876e-06
269419535.0 0.0 1811.0759760459628 99 3.8481159e-07
359588943.0 0.0 1797.2604344351967 99 5.6456656e-08
63471618.0 0.0 1797.1827967370702 99 0.00025503343
285239772.0 0.0 1793.9529304462865 99 8.025225e-06
229938728.0 0.0 1797.4487712084456 99 4.9858096e-07
12734150.0 0.0 1794.7856882939784 99 8.3917826e-07
407495344.0 0.0 1800.055374379492 99 6.0351795e-05
389764565.0 0.0 1797.598080174483 99 0.00033004224
431988425.0 0.0 1796.3698739254403 99 4.0969076e-07
229701637.0 0.0 1797.5113041294949 99 1.3967494e-06
455824689.0 0.0 1793.5960263870527 99 1.1326682e-05
116403299.0 0.0 1793.4113134191603 99 0.00075687165
372723747.0 0.0 1795.8062540034723 99 0.0002685842
117531026.0 0.0 1798.8072325681633 99 0.0029233901
250688116.0 0.0 1796.723684611178 99 1.6720962e-05
229782870.0 0.0 1798.1987391420394 99 1.1448584e-05
434437492.0 0.0 1805.8466819236282 99 1.11456195e-07
73449681.0 0.0 1796.5996165659155 99 4.15124e-06
241075508.0 0.0 1811.3068619302544 99 7.006206e-05
374040772.0 0.0 1794.5982143798378 99 0.000103234044
268728977.0 0.0 1795.6177804641413 99 8.845952e-08
250747789.0 0.0 1799.5781057938632 99 0.0012223172
331928233.0 0.0 1796.6180244721857 99 0.0011987038
368890185.0 0.0 1799.4723189021324 99 8.199021e-05
219779541.0 0.0 1795.3229390802362 99 2.0208643e-06
407354487.0 0.0 1796.764129201361 99 4.5949653e-07
116888474.0 0.0 1795.9738000905352 99 0.00017791758
139465772.0 0.0 1797.849536286501 99 1.0500917e-08
229702512.0 0.0 1811.3444610501028 99 1.8950379e-05
320603294.0 0.0 1793.8271481150225 99 5.0830855e-05
316437216.0 0.0 1805.3694244840096 99 4.050784e-07
354746123.0 0.0 1797.972745733852 99 2.5831723e-08
394091225.0 0.0 1796.0120244526315 99 0.0006002618
238775956.0 0.0 1799.0785162144168 99 7.297246e-08
354256474.0 0.0 1798.2446005709 99 0.0009397639
445416642.0 0.0 1797.2441204615766 99 0.00067051064
398212665.0 0.0 1810.2438227994999 99 3.6124848e-10
292609933.0 0.0 1805.2447988252206 99 9.667922e-07
28834711.0 0.0 1795.9538886481275 99 0.00033565398
35015702.0 0.0 1793.7247560653382 99 1.0512626e-05
233076423.0 0.0 1799.5313633545466 99 0.00083245937
406518465.0 0.0 1795.8039394987493 99 5.405089e-06
67635034.0 0.0 1793.6409927497443 99 0.00024451752
264221810.0 0.0 1793.5951338560542 99 4.233983e-09
445107304.0 0.0 1796.785425259472 99 0.028596751
255882694.0 0.0 1799.5352010074416 99 1.9971002e-07
375847878.0 0.0 1793.6381747259438 99 6.156284e-05
376195427.0 0.0 1798.305949795926 99 2.1367967e-05
321825159.0 0.0 1796.2001472454112 99 0.0003430149
321544207.0 0.0 1795.0125842197042 99 1.3773235e-06
326787194.0 0.0 1795.7434795234442 99 1.60307e-05
436873082.0 0.0 1796.620652817856 99 6.6816443e-07
275143610.0 0.0 1797.2221109054894 99 4.987817e-07
256796553.0 0.0 1797.615842986616 99 5.903988e-13
351609665.0 0.0 1799.8472728886838 99 2.6331422e-06
21024419.0 0.0 1797.1205536801754 99 8.322823e-06
283246566.0 0.0 1810.3058441185415 99 4.7931484e-05
21124574.0 0.0 1810.5306414583993 99 0.009131836
21002519.0 0.0 1799.1141176392089 99 3.7543923e-06
259965499.0 0.0 1796.9499971045127 99 4.9428224e-34
238771755.0 0.0 1793.682435091067 99 0.0
387757211.0 0.0 1799.9915440178786 99 8.9839566e-26
71926521.0 0.0 1797.5984580344004 99 4.000478e-37
272230452.0 0.0 1794.6390555388418 99 0.0
219743922.0 0.0 1794.634732643255 99 4.6887117e-16
50943839.0 0.0 1796.8482605288862 99 1.206267e-15
63400413.0 0.0 1798.3078075140613 99 0.0
12559257.0 0.0 1799.1396587331901 99 2.6050356e-24
116842765.0 0.0 1797.3279968155543 99 2.6992627e-27
444083730.0 0.0 1806.2027588268036 99 4.1558453e-28
237200205.0 0.0 1805.9494857174627 99 0.0
219740340.0 0.0 1795.864275816513 99 0.0
370350764.0 0.0 1796.9108699299084 99 7.82646e-30
236765799.0 0.0 1797.7402697192865 99 1.8074458e-31
192422831.0 0.0 1796.9324524371198 99 3.873784e-32
444487873.0 0.0 1797.0559656762905 99 0.0
255863611.0 0.0 1798.9288120299225 99 0.0
371423396.0 0.0 1793.9123313168457 99 0.0
298780946.0 0.0 1811.0520213390735 99 0.0
237234709.0 0.0 1806.1161225835365 99 1.3974994e-26
237304997.0 0.0 1798.0746117633666 99 1.8678867e-18
327124382.0 0.0 1794.5144902713066 99 4.9276795e-29
370057979.0 0.0 1810.5356435770227 99 3.343298e-17
237000094.0 0.0 1795.4911537312169 99 1.1828313e-31
376298461.0 0.0 1800.1185365235378 99 1.085834e-29
305294281.0 0.0 1805.699549847312 99 2.0081522e-17
54710829.0 0.0 1810.1187095313494 99 0.0
54461534.0 0.0 1796.1187613478191 99 0.0
293190850.0 0.0 1798.932464802375 99 6.1939327e-15
396573154.0 0.0 1810.390827989759 99 1.331957e-12
101352760.0 0.0 1795.6203741982285 99 1.615726e-33
230076213.0 0.0 1810.927211614822 99 4.4056027e-20
405432240.0 0.0 1797.1206002519434 99 8.999341e-37
445494729.0 0.0 1798.41100486175 99 0.0
410773762.0 0.0 1798.9711652851604 99 1.08495175e-11
312555125.0 0.0 1798.035611830792 99 4.1566982e-22
22739840.0 0.0 1810.8911821764016 99 0.0
245588240.0 0.0 1797.3277132619087 99 2.1193276e-37
219894351.0 0.0 1800.3026366753895 99 1.4395825e-15
178044996.0 0.0 1795.745166264117 99 9.929265e-15
385103406.0 0.0 1796.2656962494393 99 9.381374e-25
352117369.0 0.0 1805.618224888228 99 1.3035993e-30
390741075.0 0.0 1795.3896732048113 99 2.1138194e-16
252125547.0 0.0 1795.014715660068 99 0.0
192417130.0 0.0 1796.140847278298 99 0.0
251657793.0 0.0 1806.431893335684 99 8.9402987e-26
428415789.0 0.0 1794.347626975467 99 0.0
116015207.0 0.0 1795.7863890904212 99 3.29257e-17
403831420.0 0.0 1796.0145583417168 99 0.0
264468735.0 0.0 1797.1375809072495 99 2.2436602e-24
431767082.0 0.0 1796.1408392199219 99 5.029648e-35
256581075.0 0.0 1798.3878038729297 99 1.5799686e-30
376548032.0 0.0 1796.1798683477632 99 7.988099e-16
237079307.0 0.0 1795.7411805386291 99 0.0
236967042.0 0.0 1800.595142843398 99 1.596594e-15
177827291.0 0.0 1796.4743649849217 99 3.97566e-17
399357353.0 0.0 1795.3273277475712 99 1.4246245e-38
117663295.0 0.0 1805.661587123845 99 1.11553436e-29
250823620.0 0.0 1806.2238035612204 99 6.731139e-18
230389443.0 0.0 1797.302712097144 99 2.8156613e-17
377070346.0 0.0 1805.9714840260344 99 2.972056e-27
370698607.0 0.0 1799.1400328477478 99 1.0980567e-34
331928059.0 0.0 1806.3888338299648 99 2.9918596e-35
233547085.0 0.0 1806.0940092849683 99 1.707369e-31
238342999.0 0.0 1810.7870749759031 99 0.0
177918201.0 0.0 1797.891219275805 99 3.0358084e-22
292467344.0 0.0 1793.515874636984 99 7.034864e-11
198236207.0 0.0 1793.343235200364 99 1.4034073e-12
268332946.0 0.0 1795.9079729775033 99 0.0
229673190.0 0.0 1795.0945673914646 99 1.5202629e-32
399859253.0 0.0 1794.7422779131366 99 7.4283984e-37
326209505.0 0.0 1794.5942854156028 99 1.3748852e-31
230001271.0 0.0 1798.1361372185388 99 4.93166e-24
389538483.0 0.0 1797.3480236475195 99 1.8651025e-26
420268181.0 0.0 1810.3668146932632 99 0.0
292156689.0 0.0 1810.9114875919336 99 2.161047e-13
445567121.0 0.0 1796.0777080731693 99 0.0
229952279.0 0.0 1799.2402941070452 99 1.5491967e-30
326856726.0 0.0 1799.328039289511 99 2.8765812e-30
395941845.0 0.0 1794.5554581271454 99 2.3207118e-21
275142573.0 0.0 1810.1388090984992 99 1.0348226e-36
323407257.0 0.0 1794.0963911773347 99 1.1035216e-12
427553234.0 0.0 1795.6384978659476 99 2.3874522e-17
302468661.0 0.0 1794.3906892071525 99 0.0
34647018.0 0.0 1794.9122284915052 99 1.0662246e-32
327573921.0 0.0 1799.6199036321104 99 3.4125264e-27
67461088.0 0.0 1793.9744280420407 99 0.0
370696018.0 0.0 1794.3066208607684 99 1.4221708e-11
285670349.0 0.0 1793.4110971094667 99 2.3567576e-33
265288719.0 0.0 1805.2651042737004 99 1.3917669e-30
445666747.0 0.0 1799.1817769261575 99 0.0
292612506.0 0.0 1795.0782840403685 99 0.0
445484565.0 0.0 1805.9734725183966 99 8.4316936e-27
229744093.0 0.0 1795.4694420614417 99 6.8770906e-23
352794937.0 0.0 1794.953409458569 99 1.1417902e-18
431766521.0 0.0 1793.244949249513 99 0.0
139459369.0 0.0 1797.578650891507 99 8.877798e-34
265276170.0 0.0 1805.9925936034865 99 1.1710773e-31
372509663.0 0.0 1796.5142408772551 99 0.0
404104934.0 0.0 1796.158519120858 99 2.0297064e-27
428606311.0 0.0 1797.472200722201 99 2.1778304e-35
20895509.0 0.0 1793.911536787058 99 0.0
250836660.0 0.0 1799.4737506887634 99 1.8360887e-26
229704187.0 0.0 1797.031896634543 99 0.0
417231174.0 0.0 1798.5765227827671 99 4.915061e-15
327575969.0 0.0 1796.2032623572009 99 0.0
256479484.0 0.0 1798.014583040294 99 0.0
252158435.0 0.0 1805.806435643656 99 2.3469023e-37
383677392.0 0.0 1810.969187124248 99 1.6419324e-20
229943691.0 0.0 1805.7192625217867 99 6.0205674e-37
264805538.0 0.0 1805.8902956599895 99 2.3288238e-38
357888118.0 0.0 1797.160027880011 99 0.0
139459961.0 0.0 1797.2244467508308 99 5.4093137e-29
390338696.0 0.0 1800.2231173763794 99 5.894123e-16
353076207.0 0.0 1795.8892800316935 99 0.0
372335021.0 0.0 1798.4296344864738 99 1.073556e-22
233579092.0 0.0 1798.9691350589103 99 4.3850134e-20
270006368.0 0.0 1810.8495810090922 99 1.9876221e-23
426082924.0 0.0 1796.4094066052496 99 2.635212e-30
376846693.0 0.0 1798.6988112374406 99 5.5399335e-23
280068832.0 0.0 1806.011623680773 99 8.643976e-33
372212744.0 0.0 1811.0335518915356 99 0.0
283832839.0 0.0 1799.2642722031078 99 8.8628034e-20
229976071.0 0.0 1799.386098892048 99 0.0
331931799.0 0.0 1806.284745630467 99 0.0
372640394.0 0.0 1793.5330616841222 99 0.0
71980235.0 0.0 1795.7026537263334 99 6.0929818e-28
396484827.0 0.0 1797.013485521082 99 2.996484e-21
230025052.0 0.0 1805.2820655555577 99 5.361103e-28
229400524.0 0.0 1805.4903266970362 99 1.4956839e-16
13619204.0 0.0 1798.3897263195483 99 1.6164678e-23
245391330.0 0.0 1805.4111529337376 99 9.094789e-32
285909383.0 0.0 1799.0145874006926 99 1.5037817e-35
258388870.0 0.0 1795.949285645045 99 1.1338218e-32
387881576.0 0.0 1810.4705038847003 99 5.0198344e-35
229683649.0 0.0 1798.0931229711216 99 1.55966e-33
65358461.0 0.0 1805.3909783338818 99 2.9422192e-12
233730349.0 0.0 1798.0731346829316 99 0.0
256434290.0 0.0 1793.4295148414083 99 6.0340994e-33
250688116.0 0.0 1796.723684611178 99 3.1085324e-24
331546745.0 0.0 1797.9295635091182 99 9.482506e-34
441717836.0 0.0 1805.9905369562323 99 5.747357e-32
194560871.0 0.0 1805.8078723517706 99 3.2810157e-36
379472174.0 0.0 1795.2435912012445 99 4.035282e-31
397368134.0 0.0 1796.8914265931207 99 6.1713825e-16
117868583.0 0.0 1805.7864948770698 99 4.5709903e-37
436844373.0 0.0 1796.99561062443 99 0.0
65647427.0 0.0 1810.620059387518 99 1.5640986e-26
178138752.0 0.0 1811.4536567963366 99 0.0
402208125.0 0.0 1796.9743281227106 99 0.0
444332522.0 0.0 1798.3268893073298 99 4.4610645e-31
77258822.0 0.0 1810.9953117462226 99 5.643726e-16
423031237.0 0.0 1795.7444266436853 99 2.7403635e-12
395508745.0 0.0 1795.6389796281894 99 0.0
21023342.0 0.0 1794.8914443971928 99 2.1858688e-14
452945606.0 0.0 1797.4730019092249 99 2.0727426e-18
280025167.0 0.0 1798.3691556353112 99 6.464759e-33
252833791.0 0.0 1796.1821676578752 99 1.2940494e-26
441737397.0 0.0 1794.511453003959 99 1.3944428e-26
309052331.0 0.0 1811.3275818441095 99 4.0332323e-25
331508525.0 0.0 1810.5356470718289 99 0.0
397368352.0 0.0 1793.1622583247117 99 0.0
390515296.0 0.0 1796.2231782273384 99 0.0
431990675.0 0.0 1798.4324915866634 99 1.7834568e-35
202866134.0 0.0 1796.0157972390139 99 8.601682e-24
369031592.0 0.0 1799.7433842138848 99 0.0
387627144.0 0.0 1797.94983808342 99 7.601656e-15
203091094.0 0.0 1795.3283612061161 99 2.1654805e-11
453160398.0 0.0 1794.931285080307 99 0.0
332866785.0 0.0 1793.1607223502701 99 0.0
434533254.0 0.0 1805.7425485189983 99 0.0
116612613.0 0.0 1795.7031287048655 99 0.0
378861516.0 0.0 1810.138801886716 99 1.7060529e-17
453309323.0 0.0 1795.4523601416247 99 7.386578e-37
396194794.0 0.0 1794.7219212222599 99 4.5052124e-35
435355210.0 0.0 1798.6385779991117 99 9.071188e-33
233005145.0 0.0 1799.2812951604578 99 3.5191917e-24
419751560.0 0.0 1797.868473394419 99 0.0
370600386.0 0.0 1811.369221832427 99 3.792824e-15
326885582.0 0.0 1810.9723923801778 99 6.2852137e-06
305562802.0 0.0 1810.1995743569144 99 0.0
10962838.0 0.0 1798.952371176981 99 0.0
320046775.0 0.0 1795.2646368774247 99 0.0
201359969.0 0.0 1796.7035919099324 99 0.0
52037363.0 0.0 1799.5977154844197 99 0.0
302544353.0 0.0 1794.2246106050804 99 1.118585e-07
288610611.0 0.0 1795.7203255755487 99 0.0
436873082.0 0.0 1796.620652817856 99 0.0
367335906.0 0.0 1797.9088053749342 99 7.1182325e-27
385340540.0 0.0 1797.2653314457834 99 0.0
250512403.0 0.0 1797.5987335250188 99 2.5294616e-20
250747097.0 0.0 1797.953133233208 99 3.513769e-26
192877594.0 0.0 1793.515739896236 99 3.5562314e-19
375073265.0 0.0 1806.0985830464267 99 1.4785696e-30
198187903.0 0.0 1800.0098782886355 99 4.7802073e-22
312857240.0 0.0 1810.5980065985798 99 1.2531086e-16
264179263.0 0.0 1800.4917082657973 99 1.8096934e-10
376965007.0 0.0 1806.3673356108409 99 0.0
250767925.0 0.0 1794.8904174141912 99 4.270389e-32
331317391.0 0.0 1798.5773847316004 99 4.147118e-21
367859029.0 0.0 1805.3883552676443 99 0.0
10497846.0 0.0 1810.993780784971 99 0.0
353929309.0 0.0 1798.8497085701526 99 9.561405e-18
186745918.0 0.0 1797.7035508677664 99 1.4130537e-29
26651857.0 0.0 1810.3080547914299 99 8.279204e-37
418416736.0 0.0 1810.701449550447 99 0.0
186937732.0 0.0 1797.4118813672526 99 1.05477176e-10
279778620.0 0.0 1810.242740309394 99 0.0
81755546.0 0.0 1811.3481889117 99 0.0
376290178.0 0.0 1810.6380001604107 99 1.6523971e-24
292004228.0 0.0 1794.849165988808 99 3.9637423e-17
81599012.0 0.0 1795.9937640649528 99 0.0
285084573.0 0.0 1794.0986270630565 99 0.0
302186200.0 0.0 1793.4323656058782 99 1.0822091e-26
362965342.0 0.0 1810.117531795749 99 1.6920708e-19
237107014.0 0.0 1796.782414257015 99 5.879419e-22
116372536.0 0.0 1797.9740418408533 99 0.0
418029110.0 0.0 1806.1824582789136 99 1.4436422e-36
184684618.0 0.0 1793.9327723238973 99 2.3169064e-15
230028226.0 0.0 1796.6362226791398 99 5.5833625e-23
444596968.0 0.0 1797.4313791042782 99 1.3328156e-35
445110528.0 0.0 1800.34794916761 99 5.4772115e-22
377202187.0 0.0 1806.1589869021764 99 0.0
229458191.0 0.0 1796.8447690653804 99 0.0
327366509.0 0.0 1799.4935494018969 99 0.0
284527341.0 0.0 1796.3477497911506 99 0.0
316953862.0 0.0 1795.306779599214 99 3.9358527e-17
184736957.0 0.0 1811.3282397680796 99 2.5656273e-16
219738983.0 0.0 1794.1137904839734 99 5.544961e-32
353004614.0 0.0 1794.6808237063062 99 6.794936e-19
396026334.0 0.0 1795.4302117655245 99 0.0
428735483.0 0.0 1799.0345035123203 99 3.632247e-24
283246200.0 0.0 1797.9726004426548 99 2.458112e-14
81822846.0 0.0 1810.2025717884062 99 1.6033717e-19
187030106.0 0.0 1798.2452150236559 99 5.39746e-11
301907047.0 0.0 1798.869779867697 99 0.0
301416430.0 0.0 1796.6612313441162 99 6.95789e-38
250912291.0 0.0 1805.8281742778668 99 0.0
275854772.0 0.0 1811.4313164267785 99 0.0
385507212.0 0.0 1795.1412848017205 99 6.339105e-36
245553367.0 0.0 1797.640231147264 99 4.403284e-20
381686576.0 0.0 1795.8701960511553 99 0.0
428011995.0 0.0 1796.20119230504 99 1.0599863e-34
83227510.0 0.0 1799.3891549575233 99 2.2531422e-20
279715893.0 0.0 1795.3689712718704 99 1.5572005e-16
369989622.0 0.0 1796.327353969853 99 2.8688215e-12
370431639.0 0.0 1796.4107110369634 99 4.9716834e-25
376161251.0 0.0 1796.9298742675962 99 1.2266765e-28
272039438.0 0.0 1798.5765195124986 99 1.4436469e-37
264292988.0 0.0 1795.4916599917392 99 1.0197566e-18
435676733.0 0.0 1810.7842468998763 99 1.2390019e-22
271334324.0 0.0 1798.5763046132022 99 2.118875e-37
336121449.0 0.0 1793.6999277241976 99 2.8691857e-36
333960394.0 0.0 1811.1584832556139 99 0.0
427320022.0 0.0 1795.867452739016 99 2.865745e-14
263969621.0 0.0 1795.2203552198957 99 0.0
65489669.0 0.0 1811.2243960714675 99 0.0
137120621.0 0.0 1796.6388459549487 99 8.908962e-37
236764972.0 0.0 1799.6151238778625 99 2.1966077e-31
285684806.0 0.0 1796.8480347329032 99 7.416734e-14
374394150.0 0.0 1811.494009394295 99 8.8687174e-36
256104600.0 0.0 1799.264635756293 99 1.4256743e-11
331726882.0 0.0 1798.471500387147 99 1.8132365e-12
354602800.0 0.0 1796.1395745363686 99 2.1052261e-30
367864478.0 0.0 1811.47172673127 99 3.98618e-34
428165254.0 0.0 1794.2029311097813 99 0.0
410623122.0 0.0 1806.203038404886 99 2.1960152e-14
245548907.0 0.0 1799.4734835693114 99 1.2352795e-35
251496064.0 0.0 1805.2652740853339 99 1.2354527e-22
265348968.0 0.0 1795.617724295326 99 0.0
270012643.0 0.0 1796.0137416993152 99 0.0
390862758.0 0.0 1811.1816229969056 99 1.9399176e-26
279004215.0 0.0 1797.7435150637011 99 2.448779e-12
201013636.0 0.0 1795.2242318297663 99 0.0
333801796.0 0.0 1806.0331480932923 99 0.0
331552930.0 0.0 1794.4295169637046 99 2.7338195e-14
341816492.0 0.0 1806.4265513322728 99 6.368883e-17
203039360.0 0.0 1799.6824068194717 99 3.0939607e-22
20706394.0 0.0 1795.557508273767 99 0.0
431925268.0 0.0 1810.4743650131784 99 5.862516e-20
397239109.0 0.0 1798.0769064420047 99 2.93003e-14
332046772.0 0.0 1795.0564999150645 99 0.0
377307381.0 0.0 1793.4901672847882 99 1.1656061e-13
397927532.0 0.0 1796.0560608702885 99 0.0
395769189.0 0.0 1810.909860613884 99 0.0
385205711.0 0.0 1796.2241654689988 99 0.0
301835530.0 0.0 1797.5154370217736 99 2.237529e-19
435167469.0 0.0 1799.6385312111038 99 0.0
53963002.0 0.0 1810.2020523144317 99 0.0
292318734.0 0.0 1810.9323418483573 99 1.0211313e-32
198420520.0 0.0 1811.4681231387342 99 5.879371e-23
453224104.0 0.0 1796.2024772617397 99 2.5678028e-22
292845139.0 0.0 1798.8906783270868 99 0.0
63677137.0 0.0 1811.4117233808677 99 1.11233546e-20
403430910.0 0.0 1810.473225893022 99 0.0
286404968.0 0.0 1811.0356476322486 99 4.175527e-31
373130261.0 0.0 1811.2219042051893 99 2.0065172e-36
279064282.0 0.0 1811.5140604963349 99 0.0
83805971.0 0.0 1806.0556966950617 99 0.0
445179073.0 0.0 1798.389601786865 99 0.0
224596414.0 0.0 1805.905567657153 99 0.0
302314964.0 0.0 1795.6407051841807 99 0.0
401007633.0 0.0 1794.1192110949555 99 6.388042e-29
258627226.0 0.0 1795.57462981208 99 8.4320047e-22
368381484.0 0.0 1811.0970044315698 99 3.6778803e-32
46632988.0 0.0 1795.6830330709145 99 0.0
256692904.0 0.0 1796.5563987363303 99 1.934264e-34
184735618.0 0.0 1796.7243172534663 99 0.0
137057129.0 0.0 1810.7012667216793 99 0.0
12396579.0 0.0 1797.139559716782 99 0.0
230396530.0 0.0 1799.0943468293985 99 2.3007556e-28
321594823.0 0.0 1800.679203080354 99 2.9196604e-17
275694120.0 0.0 1798.3028843209713 99 3.0263245e-31
320279640.0 0.0 1811.160185599812 99 6.8297397e-13
117270306.0 0.0 1793.5987523058357 99 2.23174e-27
81593786.0 0.0 1810.5775010388254 99 1.2707784e-34
301470893.0 0.0 1799.307229195525 99 3.233965e-13
369825812.0 0.0 1793.93111791648 99 2.5099063e-24
395586623.0 0.0 1796.2430181647137 99 0.0
54050622.0 0.0 1805.9311017401715 99 1.1114759e-25
264721808.0 0.0 1794.0333906824408 99 2.9183493e-15
275484012.0 0.0 1798.1392129627354 99 9.2660204e-20
362105477.0 0.0 1796.406971318493 99 3.6769142e-16
192288719.0 0.0 1805.8076096570423 99 1.1537862e-12
389407516.0 0.0 1806.4314126856864 99 1.248234e-14
241136259.0 0.0 1797.5155421285713 99 4.2272997e-21
396031854.0 0.0 1796.638962172615 99 0.0
346785547.0 0.0 1795.9118307376418 99 2.3353626e-23
417707923.0 0.0 1810.6173447812291 99 0.0
332814610.0 0.0 1795.4106555065684 99 6.7728524e-14
250842070.0 0.0 1795.494603509388 99 1.8219406e-13
265174270.0 0.0 1799.409452736065 99 5.047153e-22
101351543.0 0.0 1798.7662624578873 99 4.5593106e-27
238795688.0 0.0 1806.0782886320887 99 2.605003e-11
390656467.0 0.0 1799.5773243936524 99 0.0
388435585.0 0.0 1805.9715093044879 99 9.244996e-16
387633966.0 0.0 1800.1580876237945 99 3.720654e-31
428074524.0 0.0 1798.4112673510142 99 0.0
287195806.0 0.0 1805.927691633865 99 0.0
249916950.0 0.0 1810.3906071359568 99 0.0
302467487.0 0.0 1805.2657209904683 99 0.0
233719053.0 0.0 1811.1562716757 99 0.0
367333600.0 0.0 1794.7838586072228 99 3.2125995e-29
116612613.0 0.0 1795.6197939095123 99 0.0
433079797.0 0.0 1794.391055745809 99 1.3588919e-18
186717969.0 0.0 1798.5577402601023 99 5.1710122e-11
82167490.0 0.0 1794.077417721248 99 6.868683e-13
229589968.0 0.0 1798.1155374216064 99 2.73268e-31
73625027.0 0.0 1811.2244411872632 99 0.0
82556590.0 0.0 1798.8689071018914 99 6.319931e-22
367682548.0 0.0 1796.7195304221605 99 7.81802e-29
235954079.0 0.0 1797.074772414207 99 5.275205e-37
431866783.0 0.0 1810.1201164814236 99 3.4487878e-13
240781407.0 0.0 1798.639879325805 99 2.958288e-21
384985022.0 0.0 1798.4326651602612 99 1.3010289e-18
326259592.0 0.0 1797.2201911894754 99 1.5054261e-24
22815944.0 0.0 1796.0789559333166 99 4.9099866e-21
13258369.0 0.0 1794.8687620409034 99 4.1122887e-05
26625920.0 0.0 1810.3288752153605 99 0.0
359126726.0 0.0 1805.2639309531953 99 1.0583192e-31
256796553.0 0.0 1797.615842986616 99 0.0
268728977.0 0.0 1795.6177804641413 99 1.4119499e-28
417410096.0 0.0 1810.7643489178054 99 0.0
52702113.0 0.0 1793.4730332988404 99 2.7122757e-14
50116364.0 0.0 1811.2648302083885 99 0.0
398370643.0 0.0 1799.0333438206615 99 0.0
389958835.0 0.0 1799.3644305134621 99 9.019931e-29
385041366.0 0.0 1796.89070355442 99 6.956767e-18
229508096.0 0.0 1794.303279248328 99 4.2413524e-36
275855499.0 0.0 1794.743484473469 99 1.5176485e-26
444797901.0 0.0 1794.889477310704 99 7.2567796e-10
258511985.0 0.0 1794.6787069725638 99 0.0
326794161.0 0.0 1794.931062578376 99 5.6148267e-37
353779228.0 0.0 1799.5727053256617 99 1.6887049e-34
427685099.0 0.0 1799.7010708832472 99 1.2113326e-26
198186748.0 0.0 1811.3851655195026 99 2.6499424e-13
315722511.0 0.0 1794.9081845611925 99 3.0572414e-20
370211258.0 0.0 1797.723333056966 99 2.3495106e-28
71747343.0 0.0 1798.3483327193157 99 5.1771717e-18
445496340.0 0.0 1811.5150448974193 99 8.712226e-28
367453933.0 0.0 1793.5755497088307 99 2.152925e-36
51022694.0 0.0 1796.5565524940985 99 3.4149492e-19
293125350.0 0.0 1794.3907818770444 99 3.9189265e-38
369238838.0 0.0 1794.8476266554055 99 0.0
284530877.0 0.0 1806.0767729874324 99 3.1440495e-15
256349356.0 0.0 1805.5541900360188 99 1.0822446e-29
401007302.0 0.0 1796.3484271354125 99 0.0
268516039.0 0.0 1797.5760693870295 99 1.810383e-26
50122168.0 0.0 1811.2024659272033 99 1.3813494e-19
370118640.0 0.0 1798.035797553524 99 1.6134635e-13
348140556.0 0.0 1796.0984101890676 99 1.2083819e-21
34619169.0 0.0 1795.9122483034344 99 1.7252785e-35
396240458.0 0.0 1798.5557614313652 99 8.300105e-15
417549814.0 0.0 1795.0142624430196 99 6.123361e-22
415836428.0 0.0 1794.5781939821427 99 0.0
372630142.0 0.0 1798.3272850917301 99 4.867035e-08
28909025.0 0.0 1795.6413684023016 99 1.7641777e-14
394129205.0 0.0 1794.3451513150394 99 1.4302985e-38
265386739.0 0.0 1793.4734880167398 99 0.0
433283112.0 0.0 1796.9744695466043 99 6.886357e-12
186594170.0 0.0 1794.7868753943228 99 5.333485e-35
289095239.0 0.0 1795.7844592476251 99 5.0332685e-38
264220563.0 0.0 1795.1367130984438 99 1.815059e-17
381655370.0 0.0 1798.5159182312275 99 4.6410593e-30
230023671.0 0.0 1805.2821919603252 99 8.5331465e-13
82006053.0 0.0 1799.7857793395647 99 1.4376219e-17
354178105.0 0.0 1798.2239483391224 99 4.976999e-24
269597106.0 0.0 1810.115828182728 99 0.0
375782459.0 0.0 1811.4087214595381 99 6.0534777e-29
54790697.0 0.0 1799.3687986215998 99 0.0
299439376.0 0.0 1795.0779653710706 99 0.0
90694177.0 0.0 1794.1411614249787 99 2.1329962e-20
390738379.0 0.0 1795.3480810291856 99 0.0
373278501.0 0.0 1805.3050264043338 99 8.72298e-25
256690009.0 0.0 1810.848236888187 99 0.0
279079545.0 0.0 1796.7642940930637 99 3.8979975e-36
233734547.0 0.0 1798.9690518372308 99 0.0
326969027.0 0.0 1797.0990022814 99 0.0
46479770.0 0.0 1794.1621380012389 99 1.852708e-10
321548549.0 0.0 1796.4084165351774 99 1.5093611e-29
366506022.0 0.0 1796.242026032254 99 1.5721394e-32
346119463.0 0.0 1795.2648975905952 99 2.3247433e-36
275259619.0 0.0 1794.5344198674327 99 0.0
272219327.0 0.0 1798.3681121572977 99 7.5272825e-33
302071120.0 0.0 1799.2032234093806 99 0.0
353018022.0 0.0 1799.4310259980393 99 0.0
374475598.0 0.0 1799.2858508366032 99 1.6840355e-14
241025429.0 0.0 1799.5777818610402 99 1.6728625e-33
327000169.0 0.0 1805.868379118653 99 0.0
272823545.0 0.0 1794.847376284075 99 7.912156e-17
292316929.0 0.0 1794.8699578643098 99 2.3526503e-20
357595868.0 0.0 1797.6143011968622 99 3.3906883e-19
445530990.0 0.0 1797.8486115330445 99 3.3933994e-30
445611717.0 0.0 1806.0569295297933 99 0.0
178175440.0 0.0 1796.0369255299825 99 0.0
343620660.0 0.0 1797.1371517434031 99 0.0
235940299.0 0.0 1796.4913954950505 99 0.0
21131390.0 0.0 1798.37059540382 99 1.529685e-12
269419535.0 0.0 1811.0759760459628 99 0.0
240986235.0 0.0 1796.8901628536125 99 0.0
250960997.0 0.0 1794.6821663642747 99 1.6284538e-11
383674728.0 0.0 1796.7606828442233 99 9.092492e-26
331549197.0 0.0 1811.1585214290665 99 0.0
353957999.0 0.0 1806.078356968508 99 4.3321076e-09
367861883.0 0.0 1797.6384533290773 99 8.2533745e-23
357887247.0 0.0 1799.680941104587 99 0.0
90645490.0 0.0 1796.1411898189267 99 2.602745e-21
237107958.0 0.0 1810.7413611647733 99 2.5246242e-26
403431219.0 0.0 1795.494145810971 99 1.586393e-32
309303437.0 0.0 1810.1403164094118 99 6.064754e-15
327704791.0 0.0 1795.8907089717538 99 0.0
389692960.0 0.0 1795.7019335549069 99 0.0
117031206.0 0.0 1798.6197093094893 99 0.0
427447728.0 0.0 1811.2839924267337 99 1.9304521e-20
250505921.0 0.0 1811.2652505877581 99 1.182189e-19
275702972.0 0.0 1798.5353687740521 99 2.6431534e-24
256514724.0 0.0 1805.5531569789075 99 3.825802e-19
402894571.0 0.0 1795.3661540754097 99 0.0
379084450.0 0.0 1798.9305792230728 99 4.4193627e-09
365595041.0 0.0 1796.3247785907702 99 0.0
301342453.0 0.0 1796.3281524046997 99 2.4422207e-12
374568518.0 0.0 1796.744427793393 99 1.9993314e-17
292322994.0 0.0 1799.3281985835815 99 0.0
411043564.0 0.0 1805.5960428528458 99 5.2387684e-29
320497858.0 0.0 1796.264697777357 99 1.040051e-20
347484352.0 0.0 1799.6193088588914 99 1.4118635e-21
20705894.0 0.0 1796.5574953899222 99 6.2381326e-30
229456600.0 0.0 1805.2614148946413 99 2.7879484e-24
250707320.0 0.0 1797.1404618447004 99 2.5238354e-18
282881417.0 0.0 1810.8054813258698 99 0.0
101216819.0 0.0 1796.0578395779023 99 3.761e-21
359441156.0 0.0 1798.5767979644575 99 0.0
230377991.0 0.0 1793.9693161031325 99 0.0
237100372.0 0.0 1795.8228455383532 99 2.0343996e-16
424115833.0 0.0 1798.1409230688491 99 0.0
396235574.0 0.0 1800.1809350293365 99 0.0
20873121.0 0.0 1795.4742322600523 99 0.0
202844773.0 0.0 1796.0573608504283 99 0.0
285235696.0 0.0 1797.2229121600483 99 0.0
423954138.0 0.0 1798.8461276173596 99 0.0
372685312.0 0.0 1797.8456059969137 99 1.5718955e-07
326532106.0 0.0 1810.2638888802524 99 0.0
194667110.0 0.0 1794.4534946529996 99 0.0
389911307.0 0.0 1796.368860353551 99 6.7267685e-20
235927999.0 0.0 1795.2411701179037 99 2.0374974e-32
299438729.0 0.0 1796.640474762052 99 0.0
357827252.0 0.0 1810.639554899992 99 0.0
407019919.0 0.0 1797.2641842438197 99 0.0
236886901.0 0.0 1806.324202629765 99 2.16292e-27
251354499.0 0.0 1806.3070632945257 99 7.596212e-21
207493891.0 0.0 1805.2597720659403 99 0.0
29056167.0 0.0 1796.9330890442775 99 7.339471e-38
336106354.0 0.0 1793.9290702881267 99 1.0859658e-23
251351950.0 0.0 1806.1404534832063 99 1.831358e-28
302388870.0 0.0 1794.8695408546648 99 3.9268777e-28
94367268.0 0.0 1794.0786190686397 99 0.0
240854578.0 0.0 1798.4526492989341 99 0.0
259001008.0 0.0 1799.2822920694414 99 8.28538e-11
256863477.0 0.0 1794.0118444152522 99 1.1100449e-06
