tic gt tpeak labels pred_s0132
251282599.0 0.0 1809.0570345043354 4 2.8093555e-06
400823288.0 1.0 1810.9318082523662 1 0.99999875
118389230.0 0.0 1799.4538474556239 3 0.004423159
453271501.0 1.0 1793.556704721263 1 0.99999976
417853483.0 1.0 1805.9930819230572 1 0.9998412
201186971.0 1.0 1795.5369101218273 1 0.99999374
396717670.0 1.0 1798.8057716581684 1 0.99998754
403939834.0 1.0 1798.451738337516 1 0.9999997
291887423.0 0.0 1795.411522234103 2 9.0224134e-13
83726119.0 1.0 1796.28497997177 1 0.9999853
240882665.0 1.0 1805.619170841448 1 0.9804481
353808537.0 1.0 1811.4473157287478 1 0.99902415
229942478.0 1.0 1805.2192580889302 1 0.99998623
259264759.0 1.0 1797.7200418627995 1 0.9991264
445297572.0 0.0 1805.9729272646764 2 6.682499e-08
402658915.0 1.0 1797.115775345498 1 0.99999624
402978255.0 0.0 1805.2007456221615 0 1.296346e-06
83415409.0 1.0 1811.409784730302 1 0.99999976
275762183.0 1.0 1799.4724982488692 1 0.99999917
229585958.0 0.0 1797.0113564683706 4 0.0
117167920.0 1.0 1794.68212822902 1 0.998892
321915925.0 1.0 1806.42918110158 1 0.9999979
271142488.0 1.0 1796.5347594386626 1 0.9999956
365889578.0 1.0 1796.4303393735277 1 0.99999803
368165075.0 1.0 1799.596898889616 1 0.9999458
389970188.0 0.0 1805.3229320693272 0 0.00014345192
376118396.0 1.0 1799.3269777117366 1 0.9986792
372640507.0 0.0 1812.6159983331386 0 3.988035e-06
219428871.0 1.0 1794.3018099931255 1 0.99999845
292823501.0 1.0 1798.474068318158 1 0.9999998
427590219.0 0.0 1808.84663911994 0 5.595996e-05
118421181.0 1.0 1793.1830884577698 1 0.99998194
255993777.0 0.0 1797.241275026988 3 0.0010551774
441810984.0 1.0 1797.178119024692 1 0.9999999
198189413.0 1.0 1797.4891925702536 1 0.9999451
323304373.0 1.0 1811.4294389483275 1 1.0
264699419.0 1.0 1796.9500990848417 1 0.99999684
198416591.0 0.0 1800.9681782202542 3 0.0
434717882.0 1.0 1798.5968336559122 1 0.9999654
230073824.0 1.0 1793.6978850374035 1 0.99999183
377150632.0 1.0 1796.0550553734056 1 0.99982554
452915009.0 0.0 1808.0352618511706 4 0.031200526
415880296.0 1.0 1797.8281264941868 1 0.998994
200935730.0 0.0 1805.2869280710754 0 0.00030641365
356896048.0 1.0 1800.0100957577342 1 0.99899757
372393589.0 1.0 1795.158823278101 1 0.9999998
264732493.0 0.0 1808.848462956745 0 2.3226256e-09
292324789.0 0.0 1805.2447859160477 0 7.1974955e-09
269697721.0 0.0 1809.9077134108184 3 1.901243e-18
388581024.0 1.0 1811.554827817807 1 0.99999976
104151375.0 1.0 1797.8280902149188 1 0.99994504
68152958.0 0.0 1812.5160074250919 0 0.0020629773
445291780.0 1.0 1810.3477447964462 1 0.99999994
403259861.0 1.0 1796.1394094067473 1 1.0
34754679.0 1.0 1798.4956396631628 1 0.99999756
251007909.0 0.0 1808.848737948974 0 5.593959e-06
12642732.0 0.0 1795.598186636759 2 3.8438624e-11
367287170.0 1.0 1810.8255403686521 1 0.99973744
63404192.0 1.0 1810.3075052224635 1 0.999997
331866937.0 1.0 1800.0343397074755 1 0.99996877
117114712.0 1.0 1795.82817583968 1 0.90645266
264898803.0 1.0 1795.8460864120025 1 0.9999997
375983121.0 1.0 1796.4297876263593 1 0.9999633
353001694.0 0.0 1808.1183295408448 4 3.4566327e-16
444527030.0 0.0 1809.3061506814101 0 4.6549508e-06
199688472.0 0.0 1804.7180282637776 3 7.975839e-21
366782088.0 1.0 1805.4295996255848 1 0.99999875
202354046.0 1.0 1794.613959985267 1 0.9999997
268330571.0 0.0 1808.9082366105283 0 0.00011458408
365945775.0 0.0 1793.4094828135599 0 2.6848701e-12
396012717.0 0.0 1793.3055795732785 0 1.3469807e-10
251514597.0 1.0 1796.7858885127837 1 0.9999955
291890860.0 0.0 1796.786551919504 0 8.650782e-06
233194792.0 0.0 1805.1981651950116 0 5.355884e-07
444495288.0 0.0 1812.8267821334416 0 3.0129865e-08
403037785.0 0.0 1805.099069115733 3 1.0783708e-29
354382905.0 0.0 1808.8465599223207 0 0.00016891348
302074456.0 1.0 1795.0780998914963 1 0.9999943
265386739.0 1.0 1793.4734880167398 1 0.9999991
301742762.0 1.0 1793.640676530383 1 0.99992776
192536159.0 0.0 1805.3075716773203 0 0.00040830616
187030959.0 1.0 1810.911655136461 1 0.9999519
94473350.0 0.0 1793.1410698373031 0 0.0016907984
359631579.0 0.0 1805.947885442425 4 6.9378145e-19
101262272.0 1.0 1797.4537886885116 1 0.99996495
116412425.0 0.0 1812.3697684108142 0 1.7707062e-08
233512880.0 1.0 1798.1139715930549 1 0.9998471
10787683.0 1.0 1798.6187588059806 1 0.9999968
302158243.0 1.0 1799.5989905601514 1 0.9999996
85597037.0 1.0 1797.9954302479375 1 0.9999846
192294921.0 0.0 1805.9533553732786 2 1.3066404e-16
255882140.0 1.0 1796.1393860458647 1 0.99957305
431835847.0 1.0 1810.4118174848556 1 0.999753
357743677.0 1.0 1796.0557075635513 1 1.0
309133946.0 1.0 1796.0570698468212 1 0.9999993
375843849.0 0.0 1796.2214621743751 2 1.1624987e-19
323189838.0 1.0 1810.345936026369 1 0.99999994
368889209.0 1.0 1810.2640250422428 1 0.99990773
22813209.0 1.0 1806.2246307480768 1 0.9999937
284599499.0 0.0 1805.5558332689425 0 2.2281423e-08
256319026.0 1.0 1798.368778120607 1 1.0
233497050.0 1.0 1810.8238302891027 1 0.99997383
301909087.0 0.0 1807.2865237941744 3 2.088235e-10
372630142.0 1.0 1798.3272850917301 1 0.99997973
426153517.0 0.0 1808.9329774252647 0 0.0030123678
245722819.0 1.0 1795.4108681749256 1 1.0
269697721.0 0.0 1797.5536411614755 3 3.9538497e-25
13941859.0 1.0 1799.1397078270406 1 0.9999977
321551203.0 1.0 1799.6375489332547 1 1.0
284891619.0 0.0 1805.2805679045277 0 1.1019991e-05
238652771.0 1.0 1799.0779673684399 1 0.9999988
312854635.0 1.0 1800.0773124489383 1 0.9999677
410506199.0 0.0 1805.244344249077 0 0.0007256797
343327003.0 0.0 1793.3246696301005 0 6.423404e-05
378203660.0 0.0 1806.0138092260177 4 0.0009837211
159539998.0 0.0 1812.3867875890778 0 1.5846977e-08
285943293.0 0.0 1805.203184259439 0 1.3544326e-08
94455316.0 0.0 1793.1410072931294 0 0.0013210613
230018866.0 1.0 1799.3652943278437 1 0.99981314
354255790.0 1.0 1793.598747982322 1 0.99999994
229461186.0 0.0 1799.9279896128664 3 1.7410359e-25
352113276.0 0.0 1805.2013999145606 0 1.039822e-05
302071120.0 1.0 1799.2032234093806 1 0.9999816
251487142.0 1.0 1796.515365387938 1 0.9999815
403521659.0 0.0 1805.2026272769049 0 3.8595605e-08
237011192.0 0.0 1812.3449945364346 0 2.0336572e-06
270325883.0 1.0 1795.847118159766 1 0.99999774
52854146.0 1.0 1797.972924796738 1 0.99992514
68092901.0 0.0 1805.3702215615167 0 2.729202e-06
397283958.0 1.0 1800.222939611699 1 0.9999964
191773391.0 0.0 1808.890334745547 0 0.0027290196
365594910.0 1.0 1798.3664199449806 1 0.9997072
186808848.0 1.0 1810.2036715734112 1 1.0
264912503.0 1.0 1795.0778019245085 1 0.9999991
198280388.0 0.0 1793.5306479936316 3 9.207864e-31
233737301.0 0.0 1810.8648581313869 2 3.9320103e-10
51042611.0 0.0 1810.3480920813 2 1.6539766e-13
284055502.0 0.0 1805.5559026696 0 0.00010754168
5735456.0 1.0 1798.787148431397 1 0.9998934
297693817.0 1.0 1795.7224947826257 1 0.9999964
293062767.0 1.0 1796.3699813778535 1 0.99996406
353077789.0 0.0 1810.6600887243267 3 9.710626e-10
52437210.0 0.0 1812.8060697012054 0 0.06135625
366563433.0 0.0 1810.158074061237 4 2.6479482e-05
250531562.0 1.0 1806.1612658406877 1 0.9999993
187038125.0 0.0 1809.1204635889628 0 0.0005668643
427578829.0 0.0 1809.245631037348 0 0.002147866
384986198.0 1.0 1794.3700460146506 1 0.9999978
240911239.0 0.0 1800.1401378247435 3 2.4127369e-27
354253718.0 1.0 1796.8070014963373 1 0.99999326
436877248.0 0.0 1798.3706307401292 2 5.156693e-06
71688745.0 1.0 1794.0357364659078 1 0.9999993
378365749.0 1.0 1806.3889385816778 1 0.99999726
232620122.0 0.0 1808.8847643590218 0 4.3785735e-06
233079659.0 0.0 1811.3648190491365 3 5.048579e-14
192587439.0 1.0 1796.6617655143227 1 0.9983217
237209648.0 0.0 1812.387030184983 0 0.0003915594
383676129.0 1.0 1810.9273138446492 1 0.99994814
434626115.0 0.0 1793.4094420645615 0 4.7569912e-09
323400312.0 1.0 1797.4921406445246 1 0.9999998
71929379.0 1.0 1797.5567020408764 1 0.9999623
359249364.0 1.0 1796.9726051663122 1 0.9998329
370063119.0 0.0 1809.5565479885847 4 2.1419355e-10
320178673.0 0.0 1797.7853506271072 4 1.03801846e-11
229609382.0 0.0 1798.3866608348612 4 2.5222003e-32
11148410.0 0.0 1811.2855526432131 2 1.32237e-17
327089071.0 0.0 1810.7445416736823 4 9.036903e-08
46629228.0 1.0 1794.1829974720054 1 0.99999994
375785288.0 1.0 1795.8047606309008 1 0.9999997
198280388.0 0.0 1805.2598995212054 3 1.2827809e-24
353988130.0 1.0 1798.2183665972743 1 0.9999999
83143741.0 0.0 1812.388880749716 0 0.0002756029
104311730.0 0.0 1805.2030894526542 0 0.00031282214
376843726.0 1.0 1799.3881899289324 1 1.0
233089957.0 0.0 1810.8022708714097 2 6.578236e-14
236971009.0 1.0 1806.240941834546 1 0.99996364
233049931.0 1.0 1797.9897530273652 1 0.99995226
194807348.0 1.0 1806.01621775906 1 0.99998933
272544161.0 1.0 1810.5137525290356 1 1.0
192739900.0 1.0 1794.349180126794 1 0.99999166
241051286.0 1.0 1800.036096090501 1 0.99999964
81681261.0 0.0 1805.264946963255 0 7.855699e-05
420448703.0 0.0 1797.451673405926 3 6.4091655e-05
229975232.0 1.0 1810.6983753284733 1 1.0
51954721.0 1.0 1796.6186948613429 1 1.0
450008870.0 0.0 1805.535416479609 0 9.976028e-05
445633848.0 1.0 1794.348496208406 1 0.9999999
285122164.0 0.0 1795.7435053429497 2 1.562673e-11
268523571.0 0.0 1800.4719496384623 4 0.0010133248
12481013.0 1.0 1794.8273628924644 1 0.9998919
405794678.0 1.0 1798.783513354464 1 0.9999944
348309067.0 1.0 1805.9736512796405 1 0.9999998
354470651.0 1.0 1810.9944229987307 1 0.9999996
241112788.0 0.0 1805.2445039330205 0 1.8734572e-06
201300177.0 1.0 1796.9119070979732 1 0.99999994
407019919.0 1.0 1797.2641842438197 1 0.99999917
285596906.0 0.0 1798.305988090144 2 3.8379846e-12
420132595.0 0.0 1795.8242333715555 2 1.6378585e-14
322261915.0 1.0 1805.5126337803704 1 0.99989915
453157579.0 1.0 1796.806332468128 1 0.9999996
390526168.0 1.0 1810.5983691926917 1 0.9998579
77543001.0 1.0 1793.2246530743494 1 0.99998957
236786957.0 1.0 1810.3646462980525 1 0.9999967
444797593.0 0.0 1812.5144729010897 0 0.0011457698
308787475.0 0.0 1799.0987169541606 4 1.4487257e-10
396269431.0 1.0 1798.7014777477025 1 0.99968773
348607534.0 0.0 1805.2026933844813 0 4.4887324e-10
390860499.0 1.0 1798.8897524191375 1 0.9999964
293126849.0 1.0 1795.1407233597906 1 0.99999994
269697721.0 0.0 1804.5535940717534 3 2.9118551e-15
292720639.0 0.0 1793.1408504661176 0 0.002326909
55085866.0 1.0 1795.3270186323527 1 0.9999998
395393753.0 1.0 1797.805278736332 1 0.99998707
237228952.0 0.0 1810.741071043193 4 3.5843724e-25
301831915.0 0.0 1805.2239210068012 0 6.278977e-06
285236231.0 1.0 1799.0979071217682 1 0.9999882
400538361.0 0.0 1806.3066275832805 2 1.1737862e-07
269697721.0 0.0 1796.8661448629719 3 8.864084e-21
445274213.0 1.0 1794.618992756128 1 0.9999921
420842891.0 1.0 1799.7645253438204 1 0.99999934
312680360.0 0.0 1812.6812247187233 0 0.0006246986
420106840.0 0.0 1808.8452930897952 0 1.9163201e-06
71926571.0 0.0 1808.8900337954442 0 0.00013689908
283026336.0 1.0 1797.7641391099608 1 0.99943465
241115151.0 1.0 1799.8487940318844 1 1.0
83349559.0 0.0 1798.7017333214228 4 5.133868e-17
268516426.0 0.0 1796.9094199629671 0 0.0005055997
390404687.0 0.0 1808.9108513713095 0 0.001370758
77266121.0 0.0 1805.578690125587 0 0.0017688542
427553282.0 1.0 1799.7426140710709 1 0.9999074
402371867.0 0.0 1805.4952237942337 0 0.0010888713
410700500.0 1.0 1795.3903864839008 1 1.0
256351480.0 1.0 1810.637482782331 1 0.99997777
441791928.0 0.0 1808.8449824283339 0 0.030722737
71696581.0 0.0 1812.3899878160914 0 2.701618e-07
356891943.0 0.0 1805.197530463929 0 7.433053e-06
233079659.0 0.0 1810.635654729441 3 8.0047835e-09
233206362.0 1.0 1794.9273833700388 1 1.0
275466706.0 1.0 1794.8894838932636 1 0.9999853
385251418.0 1.0 1797.494245085461 1 0.99999994
198455685.0 1.0 1810.780650629758 1 0.9999949
356820646.0 0.0 1804.136328633421 3 6.850766e-26
233625475.0 0.0 1812.3858484349919 0 1.4943491e-06
326962793.0 0.0 1805.2028820219364 0 4.387264e-05
256796784.0 0.0 1793.4075779134969 0 0.00079742033
94335288.0 0.0 1809.1204809546555 0 0.00075219787
323407079.0 0.0 1795.304709029345 4 1.0885477e-19
83048050.0 1.0 1799.6391634505212 1 0.99980104
396028046.0 1.0 1797.7221279876337 1 0.99977285
219789581.0 1.0 1805.7809559195393 1 0.99999446
34749696.0 1.0 1795.1206055747607 1 0.9999972
327398586.0 1.0 1795.4324468774728 1 1.0
301332738.0 1.0 1795.11951253685 1 0.9999874
233095262.0 1.0 1806.0522868528005 1 1.0
207490777.0 0.0 1808.8431007354095 0 5.7432215e-05
275370398.0 1.0 1798.2219079734386 1 0.99999994
259109253.0 1.0 1810.7031761076205 1 0.9999923
322345341.0 1.0 1806.2028539194498 1 0.9999987
367245170.0 0.0 1808.8671655652727 0 2.1704712e-07
357745049.0 1.0 1811.2017657375916 1 0.9886925
229684646.0 0.0 1794.4058911235852 0 0.00013602104
240911239.0 0.0 1794.3693730105053 3 1.092597e-24
21001720.0 1.0 1797.5163730075387 1 0.99999344
269662309.0 0.0 1809.2827469211554 4 0.00039539064
301269499.0 1.0 1796.8279198519626 1 0.99999964
359441382.0 0.0 1812.6807066803476 0 0.00059171824
240969171.0 0.0 1805.202656078474 0 2.5477335e-05
265276221.0 0.0 1812.3675629042143 0 5.7644795e-11
444361618.0 1.0 1799.2017115154158 1 1.0
358900245.0 0.0 1812.3466203637975 0 0.000771958
198213494.0 0.0 1806.0517257702536 2 1.640528e-11
279925142.0 0.0 1793.3051066325763 0 4.6356124e-10
68095491.0 1.0 1811.4536116821002 1 0.99999154
67631564.0 1.0 1797.0162139158435 1 0.99999636
452880907.0 1.0 1805.9725025349871 1 0.99999774
250660751.0 1.0 1798.5988327174603 1 0.99999636
417234885.0 1.0 1811.3474578376224 1 1.0
321735367.0 1.0 1794.4084635340453 1 0.99997646
233575573.0 1.0 1795.323579508019 1 0.9999996
395858078.0 1.0 1805.513780961127 1 0.99981666
71690780.0 0.0 1795.2233043322278 4 1.3732035e-05
285685590.0 1.0 1795.7022061677485 1 0.99999666
250585671.0 1.0 1796.4530700907271 1 0.99999946
441807965.0 0.0 1805.1988117228434 0 3.671265e-09
46506379.0 1.0 1793.328826356303 1 0.9986268
411576835.0 1.0 1797.929543749933 1 0.9992753
309232490.0 0.0 1793.1404322396975 0 2.6510978e-07
359441731.0 1.0 1797.389322542408 1 0.99998873
388044512.0 1.0 1810.32471214994 1 0.9999971
377165319.0 0.0 1810.9480257652797 2 1.2958541e-16
191765861.0 0.0 1795.4738256220949 4 8.194198e-18
251328660.0 0.0 1793.3901293962087 0 7.583183e-06
235681559.0 1.0 1794.8034963556863 1 0.9999878
284046473.0 1.0 1796.9516841703417 1 0.99999994
336539375.0 1.0 1797.3047745694973 1 0.9999972
198407968.0 0.0 1796.6766166173848 0 0.00055324694
369035535.0 1.0 1793.993468304986 1 0.99999964
73689467.0 1.0 1811.266166131964 1 0.9999967
258353492.0 1.0 1798.5324852370645 1 0.99999964
250861644.0 0.0 1812.3488167823496 0 7.942844e-05
85528058.0 0.0 1809.120476252269 0 0.001859349
395409868.0 1.0 1795.5973012839952 1 0.99999475
238740657.0 1.0 1798.8700136697898 1 0.9999963
373019696.0 1.0 1798.3259072046465 1 0.99999964
65165362.0 0.0 1812.453444140659 0 0.0031558555
377611935.0 0.0 1799.7636394350966 4 1.9066365e-06
333067722.0 1.0 1793.223298987023 1 0.99997246
374301759.0 0.0 1808.9523426522508 0 5.6652494e-10
137908045.0 0.0 1805.4746398678246 0 0.0006676869
289357318.0 0.0 1809.3472401865888 0 5.339562e-05
251710163.0 1.0 1796.2025915546014 1 0.99999195
34644961.0 1.0 1797.5373259687096 1 0.9999995
65166937.0 0.0 1808.8909882740675 0 0.00039159713
399506153.0 1.0 1811.2632990744644 1 0.9999992
67635471.0 0.0 1812.4534542918896 0 0.0014982839
65437396.0 1.0 1806.0160801081283 1 0.99997896
264305111.0 0.0 1812.3876773588922 0 0.0002459513
370343447.0 1.0 1796.3273690255473 1 1.0
322224442.0 0.0 1805.2234355422058 0 1.0972317e-06
280072919.0 0.0 1805.2201182574108 0 1.1985767e-06
322472540.0 0.0 1805.6585452403365 2 1.8222725e-11
137126056.0 0.0 1805.2014736303688 0 5.6139365e-06
71689825.0 0.0 1812.6606634834839 0 3.3052544e-10
312548989.0 1.0 1793.2229661060478 1 0.9999999
427654632.0 1.0 1811.3049680775828 1 0.99997866
71928888.0 0.0 1798.9942154207502 4 1.0357057e-24
445311096.0 0.0 1809.1812996278225 0 4.6247246e-06
94455054.0 1.0 1810.7246725367147 1 0.99999076
308711003.0 0.0 1812.3899935063032 0 0.00040275295
387562659.0 0.0 1805.3038501275316 0 3.738065e-06
427553122.0 0.0 1793.409347551741 0 1.09486976e-07
418710087.0 0.0 1800.4098262806249 0 5.458324e-05
366557556.0 0.0 1800.367040269614 3 2.524273e-22
397760770.0 1.0 1811.3471844954563 1 0.9999867
67517660.0 1.0 1793.8908945915684 1 0.99999213
186938854.0 1.0 1795.286816743685 1 1.0
292053892.0 0.0 1812.494655215842 0 7.031815e-08
274806124.0 1.0 1805.9928754867235 1 0.9999999
367837900.0 1.0 1796.0113529838611 1 0.9999806
309302242.0 1.0 1810.4944335557182 1 0.9999763
292850923.0 1.0 1798.036740467594 1 1.0
202979326.0 1.0 1795.9324440324126 1 0.9999902
445236558.0 1.0 1799.2439542358375 1 0.9999991
13463522.0 0.0 1805.2008692515276 0 0.0001287008
441812532.0 0.0 1805.1987414586126 0 1.8643696e-11
403745997.0 1.0 1794.140068454346 1 0.99999857
23051670.0 1.0 1795.932878776298 1 1.0
288533608.0 0.0 1809.1200190301586 0 0.0025848488
378042832.0 1.0 1796.3054764756157 1 0.9999741
81603793.0 1.0 1796.431390181547 1 0.9999998
367533791.0 0.0 1807.4113456129624 4 9.851366e-28
229442981.0 1.0 1805.3031018736108 1 0.99999905
219855237.0 0.0 1808.8438938405857 0 1.3531705e-07
415963236.0 0.0 1793.1407937761326 0 0.0035489914
368789799.0 0.0 1796.8056774853983 0 9.542741e-08
370272245.0 0.0 1805.8273786825346 2 5.940554e-09
200799609.0 0.0 1796.6410787351244 0 0.0019410409
417229861.0 1.0 1798.4722971662395 1 0.99999547
323055860.0 1.0 1798.5958784997351 1 1.0
77321521.0 0.0 1812.4328490174175 0 0.0013922985
250747748.0 0.0 1793.1405856203583 0 7.299975e-08
441802006.0 0.0 1808.8447749745487 0 4.798521e-07
252857747.0 0.0 1808.8905972715643 0 4.9931326e-10
374041654.0 0.0 1797.8482584391697 0 1.9649235e-11
63783616.0 1.0 1805.911989531398 1 0.999994
71747343.0 1.0 1798.3483327193157 1 0.9999997
374298294.0 1.0 1810.4314422486245 1 1.0
219772992.0 0.0 1798.7810076987557 2 0.0020945389
259038262.0 0.0 1811.3447948241019 2 1.7479173e-13
375911768.0 1.0 1798.9714399315064 1 0.9999938
396026652.0 0.0 1799.3470030691128 2 1.2525258e-12
356701798.0 0.0 1809.490115220192 3 4.0724302e-22
229676244.0 0.0 1802.344760397667 3 1.0738514e-06
433977427.0 1.0 1811.15895130757 1 0.99999887
230079214.0 1.0 1811.0731693406055 1 1.0
50617003.0 0.0 1808.9106593914403 0 7.610415e-05
12708463.0 1.0 1810.8881563738414 1 0.99999994
288299705.0 0.0 1797.4908918960898 2 1.1693974e-07
235946111.0 1.0 1796.0538060574384 1 0.99996835
201038968.0 1.0 1810.8078649551182 1 0.9999812
288391801.0 0.0 1805.7825573602477 3 4.046143e-34
198416591.0 0.0 1811.8015048977134 3 0.0
292696381.0 1.0 1797.6616186906185 1 0.9999998
264615805.0 0.0 1801.2860609319948 3 1.6316881e-10
71980046.0 1.0 1795.2859823940926 1 0.9999711
301338226.0 0.0 1812.3488044441588 0 0.00061508926
323057105.0 1.0 1796.200042975636 1 0.999937
94331975.0 1.0 1795.432852939503 1 1.0
420131483.0 0.0 1812.3451216017836 0 7.1919377e-09
279659374.0 1.0 1795.6176822089592 1 0.9999003
384652879.0 1.0 1810.3485614189 1 0.99999976
367681735.0 0.0 1807.7819323912051 3 2.0173639e-19
336007473.0 1.0 1795.9074434873387 1 0.999988
395942600.0 1.0 1799.4513145307035 1 1.0
322346150.0 0.0 1795.7445046107077 4 1.1979956e-13
389768025.0 0.0 1805.556438471295 0 1.5802177e-06
71688812.0 0.0 1809.1606915926309 0 1.9012052e-05
256803595.0 1.0 1798.3658985409181 1 1.0
372347959.0 0.0 1796.5152852410429 2 5.297818e-12
417748603.0 0.0 1796.68001084597 2 3.5480136e-07
352175100.0 1.0 1798.2403338168417 1 0.9999975
378767256.0 1.0 1797.513975215929 1 0.99997926
428392420.0 1.0 1805.3698749494447 1 0.9999709
240901271.0 1.0 1798.9944287520566 1 0.9992042
444592766.0 1.0 1795.4104485384096 1 0.9999999
192836247.0 1.0 1795.9115605944044 1 0.99989563
52341315.0 0.0 1796.6393738723007 0 0.0012336775
279385477.0 0.0 1808.8676655862591 0 1.3105954e-06
422895464.0 1.0 1797.8490703588468 1 0.999998
452968676.0 1.0 1811.3060280355276 1 0.99999756
397803860.0 1.0 1810.3889869468615 1 0.99999803
278996962.0 1.0 1806.0765871526648 1 0.9999739
359247721.0 0.0 1805.5557778570305 0 5.136677e-06
50521439.0 1.0 1797.2649711772992 1 0.9999855
353169627.0 1.0 1797.7641555453347 1 1.0
189630428.0 0.0 1805.5156483476585 0 0.0035988279
289139323.0 0.0 1793.3055895506564 0 3.3456404e-06
28911935.0 1.0 1799.3914749383905 1 0.99998856
233568688.0 1.0 1798.8859874531056 1 0.99989146
350734393.0 0.0 1796.6370692363769 0 5.6071014e-05
445141659.0 0.0 1812.6810530556968 0 5.2603697e-05
233126978.0 1.0 1799.156499986889 1 0.99999964
264298907.0 1.0 1794.0326409907311 1 0.9999985
369994585.0 0.0 1808.3063650393606 4 1.3977077e-18
11158635.0 0.0 1797.8482412007604 0 4.260154e-07
250835336.0 0.0 1809.68206913633 4 1.3878128e-10
390803914.0 1.0 1810.7647722577758 1 0.9999815
374692663.0 0.0 1805.20275649259 0 0.00010649862
84161760.0 0.0 1796.6393496536725 0 0.0013444095
13212836.0 0.0 1810.742390211939 4 1.3466593e-14
326817339.0 0.0 1809.7430736261322 4 1.4066861e-14
308873121.0 1.0 1795.6404794004663 1 0.9999811
118389968.0 1.0 1798.6413568168532 1 0.9999538
117265799.0 0.0 1812.3490748470383 0 0.00017223801
63623869.0 0.0 1799.5577996245702 3 5.9273235e-35
423948443.0 1.0 1805.5752259700932 1 0.9951683
271656934.0 0.0 1796.388983573424 2 8.886622e-12
367360355.0 1.0 1805.6797291914183 1 0.99998766
250538889.0 0.0 1808.8694995322076 0 2.8349865e-09
444500656.0 0.0 1809.3269070638091 0 0.0015023293
192377859.0 0.0 1793.1407900076165 0 9.076552e-05
352921296.0 1.0 1798.5560408108272 1 0.99996483
292275122.0 1.0 1799.6823381786764 1 0.999981
245399354.0 0.0 1798.9109431996228 4 8.431868e-09
229792801.0 1.0 1798.6364430906808 1 0.99999535
201114052.0 0.0 1800.1411169518137 0 0.0003435329
229482784.0 1.0 1794.1365314939546 1 0.999991
83140060.0 1.0 1796.9308353132542 1 0.9999985
187029874.0 0.0 1805.5159800298281 0 0.00019122098
390245651.0 0.0 1809.7228487935442 4 4.7990664e-13
63626295.0 0.0 1809.0368464938795 0 0.0033322761
353077789.0 0.0 1801.4725993938605 3 1.1886846e-12
301739819.0 1.0 1810.2656216831047 1 0.99989676
410865696.0 1.0 1810.703286430948 1 0.99999523
366822700.0 1.0 1794.4296538127028 1 0.99999994
381585159.0 1.0 1796.5993831652765 1 0.9999953
335692090.0 0.0 1812.3668858807239 0 1.2038976e-07
408896648.0 0.0 1808.8875700067613 0 1.8281265e-09
82094777.0 1.0 1796.3688321156062 1 0.99999917
286174182.0 1.0 1799.70371261358 1 0.9999908
90665863.0 1.0 1796.1203408714766 1 0.9999472
201181969.0 1.0 1795.5992437550963 1 0.9999998
249893819.0 1.0 1796.3487843483729 1 0.9999999
14039191.0 1.0 1798.5149142790494 1 0.9999266
372640507.0 1.0 1796.4913434797058 1 0.9999947
285568403.0 1.0 1811.515600445424 1 0.99954337
433079908.0 1.0 1795.3077103618923 1 0.9999999
378153141.0 1.0 1794.513902149302 1 0.9999998
90768863.0 1.0 1798.5579619927666 1 0.9999145
250558685.0 0.0 1812.3904293200785 0 4.0606654e-05
322209219.0 1.0 1793.575276960108 1 0.9998357
280568468.0 1.0 1811.5146501207428 1 0.9999849
184693363.0 1.0 1794.7660686308398 1 0.9999957
428423633.0 1.0 1794.4712678390983 1 0.9999601
291888721.0 1.0 1795.890624032482 1 0.9999209
359676320.0 0.0 1811.2187628039778 3 5.436632e-07
427647423.0 1.0 1798.8057360396413 1 0.998481
284892548.0 1.0 1810.364150121623 1 0.9999748
449996434.0 0.0 1808.035223536229 4 8.7702794e-13
285176229.0 0.0 1805.536957286101 0 0.00041591522
388076858.0 1.0 1799.970786280255 1 0.9999878
288300199.0 1.0 1794.8660020467705 1 0.99999547
427633373.0 1.0 1806.0759452921732 1 0.99946153
407421695.0 1.0 1811.3904747375811 1 0.99999994
365884514.0 0.0 1795.1596373151588 2 1.6887696e-11
333112922.0 1.0 1794.4109661532116 1 0.9999993
292465093.0 0.0 1812.3489114637734 0 0.0008417929
428795527.0 0.0 1809.5761974631555 3 1.695537e-05
401087496.0 1.0 1805.9735964311906 1 0.99999535
192652602.0 1.0 1798.974136857225 1 0.99989325
407456259.0 0.0 1808.8468497776648 0 3.4161976e-06
412353432.0 0.0 1805.2210863336802 0 5.4596056e-22
424391542.0 1.0 1797.5325031058592 1 0.99999684
116210764.0 1.0 1811.3072068950714 1 0.9999999
352979549.0 0.0 1796.7622880306496 3 2.1197293e-32
398327078.0 1.0 1793.5961223458505 1 0.999999
377192025.0 0.0 1808.8439590307237 0 2.2210212e-05
229608237.0 0.0 1808.8864701861703 0 0.00025559132
229676244.0 0.0 1796.1988238724184 3 2.208859e-16
29020967.0 1.0 1796.0997335575792 1 0.9999963
363810440.0 0.0 1808.8680585278025 0 3.0603758e-08
269043776.0 1.0 1795.1803249314346 1 0.99998397
317393385.0 1.0 1798.013315513907 1 0.99999803
326788321.0 1.0 1793.4935152522382 1 0.99999803
201239488.0 0.0 1805.2869872207434 0 0.002831412
381781755.0 0.0 1809.1411086109292 0 0.0024967694
198354443.0 0.0 1798.0305005285059 3 2.4123633e-24
272824396.0 1.0 1798.9098349941298 1 0.99999607
5672332.0 1.0 1806.0369905951743 1 0.9999636
396325024.0 1.0 1798.013661331649 1 0.9999973
398105051.0 1.0 1798.5560295598725 1 1.0
250661165.0 1.0 1795.7446746387973 1 0.99999857
375712663.0 1.0 1798.138070065748 1 0.99999815
229966406.0 0.0 1795.9486385242608 2 5.792096e-08
312779757.0 1.0 1795.6814274938856 1 0.9999999
104150354.0 0.0 1793.3279780363634 0 6.134407e-11
420551869.0 0.0 1796.910207135617 2 1.649912e-13
441734144.0 0.0 1801.8031237355906 3 2.2741525e-34
258958811.0 0.0 1812.3657565715737 0 2.6058751e-06
336089155.0 1.0 1810.1794776102076 1 0.9999929
395769315.0 0.0 1810.743182564319 2 1.5566594e-13
85487429.0 1.0 1797.3080408844512 1 0.9999598
366872353.0 1.0 1810.9295827057533 1 0.9999948
331782675.0 0.0 1795.973118674167 2 7.973419e-10
445490752.0 1.0 1795.9735989330595 1 0.9999909
410438587.0 1.0 1795.3487215048606 1 0.9999987
400612609.0 1.0 1795.8068150416266 1 0.9999999
398210583.0 1.0 1794.9935021942379 1 0.99999285
370945972.0 0.0 1793.1400867640791 0 1.5168888e-09
327365690.0 0.0 1812.7015925598848 0 0.8336943
376849001.0 1.0 1796.3026194924983 1 0.9999384
67765649.0 0.0 1812.474392527953 0 0.0017343508
194732209.0 1.0 1797.0577352262465 1 0.99999934
13619204.0 1.0 1798.3897263195483 1 0.9999988
368241733.0 1.0 1799.1595392109703 1 0.9999657
271834720.0 1.0 1797.6388042367582 1 0.99997723
369281625.0 1.0 1811.2644617890976 1 0.9999999
402204433.0 1.0 1795.3491948834603 1 0.9999985
356824114.0 1.0 1798.2609916437002 1 0.99998826
453157638.0 1.0 1793.8271864773124 1 0.9999934
229792315.0 0.0 1808.8864982313103 0 6.797873e-05
192648163.0 0.0 1812.5159975543734 0 0.0014143472
385554826.0 0.0 1794.6829236596668 2 1.3059541e-14
240911239.0 0.0 1801.3901173411823 3 1.2570003e-32
332864971.0 0.0 1793.1398380995697 0 6.0276186e-08
416401395.0 1.0 1805.9899318020555 1 0.99999726
315937374.0 0.0 1812.7444023666608 3 7.174368e-18
348672124.0 0.0 1808.890190383318 0 3.7803893e-10
241098754.0 1.0 1799.5780369615766 1 0.99999976
317393518.0 0.0 1805.2008005999244 0 2.15465e-06
347393155.0 0.0 1796.827576029998 0 1.1464317e-05
177804915.0 0.0 1805.2036000538458 0 0.0017194002
232610389.0 0.0 1805.1977375682768 0 4.6538944e-06
315827764.0 0.0 1808.848837632341 0 5.244384e-07
372347173.0 0.0 1805.2029108702998 0 0.00034091764
420024734.0 1.0 1796.3686834892678 1 0.99999565
101406660.0 1.0 1806.058071781286 1 0.99979347
264721727.0 0.0 1808.8669451255112 0 0.00014773534
265463349.0 1.0 1811.201212247522 1 0.9997755
346022245.0 1.0 1811.098513167172 1 0.99934244
292319773.0 1.0 1799.4116730927765 1 1.0
116849668.0 0.0 1808.8907841480282 0 0.0015862816
356978270.0 1.0 1800.2393870711517 1 0.99882305
450145177.0 0.0 1805.202679357553 0 0.00040885224
12746179.0 1.0 1795.5145941008884 1 0.99980867
192290822.0 0.0 1812.3699966039733 0 0.0018720157
434893323.0 0.0 1808.5758506738814 3 1.26096e-21
252862134.0 1.0 1796.3696143217169 1 0.9999821
249899475.0 1.0 1794.6198230637206 1 0.99999946
284717791.0 1.0 1797.1186941620913 1 0.9999981
229592755.0 0.0 1794.7613698496605 4 6.198611e-08
237254753.0 1.0 1799.5119831476475 1 0.9999593
368455910.0 1.0 1799.597271599067 1 0.9999994
353077265.0 0.0 1799.597608785588 4 1.4244601e-25
387897997.0 1.0 1797.699942988473 1 0.9998628
229969436.0 0.0 1797.9904078997324 2 1.3064279e-21
116993296.0 0.0 1807.4324175082772 4 3.974895e-13
366637868.0 1.0 1797.4919816142292 1 0.9999969
264247035.0 0.0 1808.8450071579095 0 4.1800785e-08
312466656.0 0.0 1809.1813337099898 0 6.845733e-08
233503220.0 0.0 1797.9279875545596 4 1.0604908e-21
245586219.0 0.0 1796.5777501036368 2 2.0139293e-13
367337981.0 1.0 1794.8463322779787 1 0.9999841
301416430.0 0.0 1805.2029162394426 0 3.1943715e-11
229741985.0 0.0 1796.2197208664336 3 0.00014670102
53711036.0 1.0 1805.8271185918475 1 0.99998605
241027893.0 1.0 1806.3902306907012 1 1.0
73488347.0 1.0 1806.2870296533602 1 0.999723
392536812.0 0.0 1804.9896324416802 3 1.418829e-20
372069658.0 1.0 1796.6170523928936 1 0.9999965
177992394.0 0.0 1793.141011105269 0 0.0012011859
50940794.0 1.0 1797.38986704886 1 0.9999993
441737846.0 0.0 1805.198966719764 0 5.7051044e-12
299439137.0 0.0 1809.2028109669493 0 0.00018250769
420455846.0 1.0 1794.6169878392288 1 0.9999927
302771680.0 1.0 1796.3267384941562 1 0.99998784
428381323.0 1.0 1798.4933116308177 1 0.99999964
400533293.0 1.0 1793.5982518626083 1 0.99997497
370351780.0 1.0 1798.0775591059949 1 0.9999791
264102908.0 1.0 1810.5542561518114 1 0.99999845
445199845.0 1.0 1794.7021861853677 1 0.99998015
408574985.0 1.0 1795.5143240522027 1 0.9999641
356699780.0 0.0 1812.3647382360853 0 0.001339898
452940132.0 0.0 1799.5353717179282 4 9.013702e-11
301839649.0 0.0 1808.8488429196202 0 2.6358195e-05
264405683.0 0.0 1805.220992900339 0 2.8224395e-07
407061655.0 1.0 1796.159842166384 1 0.9999607
348677323.0 1.0 1805.4111588706414 1 0.99979824
327295754.0 0.0 1798.5780166381003 2 5.78056e-09
399013326.0 1.0 1796.5148767746389 1 0.9999999
417644348.0 1.0 1798.0748644011176 1 0.9999916
251650602.0 0.0 1808.8485560054273 0 3.5710218e-05
196845377.0 1.0 1811.0359347639048 1 1.0
353168934.0 0.0 1805.7433267450258 4 0.003237091
354012390.0 1.0 1794.0150035878348 1 0.999992
81596281.0 0.0 1794.910523570636 4 3.2307973e-06
399717223.0 1.0 1798.9717295865312 1 0.99993896
373626245.0 0.0 1812.4313309695813 0 8.6494424e-07
348132881.0 0.0 1798.7236152761234 4 4.7190335e-10
444623717.0 0.0 1809.2021230483217 0 1.2243099e-15
348519253.0 1.0 1798.8903542926303 1 0.99994963
256112843.0 1.0 1798.1395013021465 1 0.99999946
366517337.0 0.0 1798.2622021790178 3 1.1345587e-37
368406088.0 1.0 1797.2017054649502 1 1.0
264194165.0 0.0 1796.6375142335348 0 0.0005317843
194808696.0 0.0 1809.1829365309598 0 0.0015767937
428662801.0 0.0 1810.8681082993223 4 3.9541756e-13
282791613.0 0.0 1795.680823222942 2 1.0155687e-09
292934249.0 1.0 1800.3907350568388 1 0.9999995
65160776.0 1.0 1796.2240437770938 1 0.999996
431955353.0 0.0 1805.2034139977693 0 0.0018751546
230386284.0 0.0 1810.177663391139 3 7.382839e-20
405403009.0 1.0 1796.808037180912 1 1.0
139408806.0 1.0 1798.3495161798478 1 0.99997234
368230795.0 1.0 1795.0346393834948 1 0.999997
178143596.0 1.0 1806.0370043695727 1 0.9999868
198239774.0 1.0 1799.3222860959681 1 0.99999934
445630886.0 1.0 1797.556802700373 1 1.0
420442787.0 1.0 1795.8892802574437 1 0.99999696
52632057.0 1.0 1794.6603822311577 1 0.99999464
373280365.0 0.0 1812.3467771617914 0 4.1018073e-09
264915759.0 0.0 1805.2237650431532 0 2.0945974e-06
284317185.0 1.0 1797.5768879793027 1 0.9997858
315823307.0 1.0 1793.452722973152 1 0.9999999
340905225.0 0.0 1812.4702254963743 0 0.0011694584
353171074.0 0.0 1794.3475137480477 0 0.0021068216
13703489.0 0.0 1808.9106511230946 0 0.002133304
405626004.0 1.0 1793.6824471942116 1 0.9968684
326914834.0 1.0 1794.8073295005943 1 0.9986193
354158535.0 1.0 1795.3486369642126 1 0.99999976
12114295.0 0.0 1794.4729978167886 2 2.6482294e-13
250722413.0 1.0 1793.890315236815 1 0.99999964
271529021.0 0.0 1799.2846417862145 3 1.5805756e-25
403434609.0 1.0 1794.4940503338262 1 1.0
378925488.0 0.0 1808.847292971745 0 0.0002614609
405794529.0 1.0 1793.9086104761038 1 0.9999882
455961151.0 1.0 1795.8258268825089 1 0.9999997
251178606.0 1.0 1811.244304885664 1 0.999963
388509461.0 1.0 1811.263091276347 1 0.9989439
354800244.0 0.0 1800.0572471033001 4 2.8497552e-05
353778314.0 1.0 1811.322418074184 1 0.9999973
292324789.0 1.0 1796.2448387439347 1 0.9999998
116614823.0 1.0 1794.9948393339855 1 0.98233646
279849549.0 1.0 1795.3482213109608 1 0.9999997
417852566.0 1.0 1795.0348765829535 1 0.9999648
229942774.0 1.0 1795.3027460824712 1 1.0
367102444.0 0.0 1805.241648190129 0 3.5233558e-09
422657796.0 1.0 1810.1800170582767 1 0.9999995
177879138.0 1.0 1810.8494196477357 1 0.99989235
332498538.0 0.0 1809.2855579521595 0 1.6802588e-07
444793909.0 1.0 1811.1186715016984 1 0.99999934
186714186.0 0.0 1812.4952602278927 0 0.00044476852
407385394.0 0.0 1809.2239027860808 0 0.0030219606
252162260.0 1.0 1798.8274659072604 1 0.99999833
260030920.0 0.0 1805.223627780741 0 1.6256143e-07
422707503.0 1.0 1805.7844234846132 1 0.999993
229741985.0 0.0 1806.32389526078 3 2.076425e-05
229676244.0 0.0 1795.46964449512 3 1.7694055e-09
256428331.0 1.0 1795.3877176846918 1 0.9999998
373147253.0 1.0 1796.4924724610091 1 0.9999998
279526102.0 1.0 1810.3257668178153 1 0.9999949
470710327.0 0.0 1801.0556381592469 3 1.7563807e-15
399585106.0 1.0 1810.9949545394084 1 0.99992675
53712608.0 0.0 1796.9522163413908 4 6.076908e-24
417599180.0 0.0 1809.0332577416277 0 2.5675035e-06
284603121.0 0.0 1805.6808863663605 0 0.0002968198
314593087.0 1.0 1796.3662364207376 1 0.99950963
245423600.0 1.0 1810.306889501698 1 0.9999996
84216009.0 1.0 1798.4308723451802 1 0.99999857
21015450.0 1.0 1810.697054817567 1 0.99998444
329246824.0 0.0 1805.2599158407593 3 1.8578494e-29
326198730.0 0.0 1805.2632979432553 2 9.32859e-11
410553846.0 1.0 1798.2654344887144 1 0.9999996
259271820.0 1.0 1794.6159467038312 1 0.9999939
229759631.0 1.0 1795.3029896474868 1 1.0
387876925.0 1.0 1810.970588780434 1 0.99728936
395769456.0 1.0 1805.3889580197429 1 0.96144694
256927919.0 0.0 1794.7618632718707 2 5.242544e-15
401087272.0 1.0 1806.41110916592 1 0.9998654
285333364.0 1.0 1798.306104391761 1 0.99997836
118389403.0 1.0 1796.7663572955676 1 0.99999326
65647263.0 0.0 1812.411735753402 0 0.0017418226
407028083.0 1.0 1811.0761568544824 1 0.9999961
279262790.0 1.0 1796.4100530581695 1 0.9998971
381849076.0 0.0 1808.849482904273 0 0.0024021398
326632451.0 0.0 1805.2222426785152 0 1.6889439e-07
289267065.0 1.0 1794.1803529093709 1 0.9999998
229741985.0 0.0 1804.928061942127 3 3.6602972e-19
202931538.0 0.0 1809.3281881540477 4 2.280198e-08
229943407.0 0.0 1808.8441865290565 0 3.1368784e-06
84220093.0 0.0 1808.8890038476582 0 7.460161e-11
250476986.0 1.0 1799.4528493778496 1 0.99998045
186664494.0 0.0 1805.8493972722458 2 2.1230667e-06
284143448.0 1.0 1799.014438085113 1 0.99999934
420887802.0 0.0 1808.8430159804007 0 1.9701221e-05
378379050.0 1.0 1799.347340887127 1 0.99999416
236776931.0 0.0 1808.9480276712509 0 4.454394e-06
249916590.0 1.0 1810.244786970721 1 0.99984014
354156485.0 1.0 1797.0570423544739 1 0.9996452
199682236.0 0.0 1793.7180567046883 2 4.9312805e-14
198457457.0 0.0 1808.6972288654708 3 0.0
219848631.0 0.0 1795.802102035903 4 0.0073025846
347768092.0 0.0 1811.4734131084658 2 6.2681e-06
289355048.0 1.0 1796.6597668034126 1 0.9999987
395587589.0 1.0 1795.597107520028 1 0.99999756
357526872.0 1.0 1797.5100080385403 1 1.0
358946394.0 1.0 1797.4517563430336 1 0.99998754
238702563.0 1.0 1797.0782982970204 1 0.9998699
337643921.0 0.0 1808.8463129770646 0 2.1595236e-08
390021728.0 0.0 1810.760155791073 3 0.0
11151705.0 1.0 1796.806445554343 1 0.89378226
398325962.0 1.0 1794.804610265685 1 0.99709463
77492014.0 1.0 1798.1829380699633 1 0.9999678
308601293.0 0.0 1797.2445552077336 4 3.30392e-06
268377278.0 1.0 1793.38703083459 1 0.99999714
326972582.0 0.0 1812.3903166332095 0 0.00014081031
252109307.0 1.0 1793.931647499042 1 0.99999964
184731492.0 1.0 1798.8076678199209 1 0.99999595
312143908.0 0.0 1805.5146142515496 0 0.00035244264
14035064.0 1.0 1810.348386389586 1 0.9999727
405417261.0 0.0 1800.1414159331773 0 6.346476e-06
389538863.0 0.0 1812.764592336639 0 0.010103112
358907780.0 0.0 1808.8674922505713 0 2.2543993e-11
251459295.0 0.0 1793.3900163694523 0 0.00031079003
178082636.0 1.0 1798.8493988310292 1 0.99992764
396681493.0 1.0 1806.1806437045948 1 0.99999917
398339875.0 1.0 1811.0751332841523 1 0.9999981
315934342.0 0.0 1808.848572611553 0 0.0007194781
256197521.0 0.0 1805.5144336357505 0 5.230254e-07
316249661.0 0.0 1805.2446100379857 0 1.1533841e-07
28833075.0 1.0 1794.4956025264732 1 0.99999505
417663305.0 1.0 1805.8673688385438 1 0.99975675
252197115.0 0.0 1805.5564056745786 0 1.656608e-05
288611623.0 1.0 1798.9702128195722 1 0.9733643
219894400.0 0.0 1805.2401600519115 0 8.31539e-09
436870404.0 1.0 1796.495578419242 1 0.9999824
357819964.0 1.0 1797.7851700263625 1 0.9996746
192423066.0 0.0 1805.390867049838 0 0.00028748217
284433549.0 0.0 1809.2017898161475 0 2.0648436e-06
331984288.0 0.0 1805.556352078103 0 8.080117e-07
279185619.0 1.0 1798.847660499725 1 0.9999986
28913496.0 1.0 1800.3497607261575 1 0.2531538
428208125.0 0.0 1805.2032677624186 0 2.2000479e-05
280033934.0 0.0 1810.0742473592868 3 1.3063401e-33
350695632.0 1.0 1797.3661316642551 1 0.9999651
378052256.0 1.0 1794.8055863490679 1 1.0
198536561.0 1.0 1794.5309320748217 1 0.90774167
424097378.0 0.0 1800.1410283161572 0 7.2109106e-05
289385086.0 1.0 1796.1390572088455 1 0.9998729
81915894.0 0.0 1805.2648257188725 0 9.9519035e-05
264294981.0 1.0 1805.512616221608 1 0.999999
256476305.0 1.0 1796.7227062527375 1 0.999997
317470793.0 1.0 1796.9508481603164 1 1.0
230051023.0 1.0 1795.5738664231471 1 0.9999561
455893446.0 0.0 1812.3671524428196 0 1.3292209e-05
250503853.0 1.0 1806.3903829425617 1 0.9999969
359548396.0 1.0 1799.5142068413543 1 0.99998975
284913961.0 1.0 1793.639317122721 1 0.99999976
177995472.0 0.0 1795.4951587016376 3 0.002224249
400126233.0 0.0 1806.284582561946 4 4.868747e-14
229674172.0 1.0 1805.7196620432696 1 0.99999535
368592012.0 0.0 1812.388652695077 0 1.8471142e-15
308294675.0 1.0 1811.1608380868443 1 0.99998635
352836311.0 1.0 1810.5975272105961 1 0.99994093
326857449.0 1.0 1797.5988613092704 1 0.99999714
194609095.0 0.0 1808.849468761881 0 0.0025903399
397926071.0 1.0 1796.2644010195502 1 1.0
138122878.0 0.0 1809.1204696909354 0 0.0022389626
271029879.0 0.0 1808.8678378791633 0 2.0779783e-08
272532614.0 1.0 1795.8681727281241 1 0.9999968
51952457.0 1.0 1811.535158523776 1 0.9999309
326918763.0 0.0 1808.8695201979478 0 0.00019382412
52942046.0 0.0 1812.7019657870328 0 5.159493e-08
233540097.0 1.0 1799.6357170442411 1 0.99995095
376880697.0 1.0 1805.5951408076246 1 0.99999857
275641606.0 0.0 1797.3684364148264 2 1.7199341e-06
265181645.0 1.0 1799.534510270857 1 0.99998474
406261792.0 0.0 1793.3252806338335 0 7.5092535e-06
10604634.0 1.0 1811.2855806061812 1 1.0
94279774.0 0.0 1805.6204960205325 0 0.0010630606
399018929.0 0.0 1812.702299031305 0 0.0005099343
348432819.0 1.0 1810.4109160963976 1 0.99999213
428484763.0 1.0 1810.3890667252151 1 1.0
351364321.0 1.0 1805.930599637006 1 0.99999934
101096710.0 1.0 1796.6203168252289 1 0.9999915
177970339.0 0.0 1808.8702385180381 0 0.0015614891
407389216.0 0.0 1805.2220174629522 0 5.767171e-07
94373607.0 1.0 1797.1828594743881 1 0.9999965
288535966.0 1.0 1798.6201038129414 1 0.9999936
334807001.0 1.0 1811.1377095131786 1 0.99983305
441727298.0 1.0 1810.803282365453 1 0.99999595
428734142.0 1.0 1796.3470431374071 1 0.99999326
270815973.0 1.0 1799.4305484344259 1 0.9999971
12901320.0 1.0 1794.9106646654104 1 0.999999
265276170.0 0.0 1796.8050744095115 0 5.699726e-07
12002857.0 1.0 1796.0772050655296 1 1.0
343621957.0 1.0 1796.137188081131 1 0.99999374
359677192.0 1.0 1796.9482035823987 1 0.5751586
370505821.0 0.0 1796.0357362263524 2 3.4823616e-16
198239019.0 1.0 1805.239272540281 1 0.9998146
256506463.0 1.0 1811.1792834491762 1 0.99999416
198416591.0 0.0 1797.239021753386 3 0.0
327731481.0 1.0 1805.5364061294 1 0.9999997
375985010.0 1.0 1798.0755725075994 1 0.9999997
408619713.0 1.0 1796.785093127628 1 0.99993736
235982927.0 0.0 1806.116438156677 3 1.2245499e-06
101000305.0 1.0 1800.0787745474183 1 0.99996233
444526282.0 1.0 1810.701947308992 1 0.99998456
326535837.0 0.0 1805.2014810272285 0 5.100745e-08
139374201.0 0.0 1805.5576699729622 0 1.8203933e-05
240934907.0 1.0 1795.8903622952403 1 0.9996116
317468086.0 1.0 1799.0132435240089 1 0.99999183
327731283.0 1.0 1806.0363857338589 1 0.9999986
407118556.0 1.0 1798.3679482324594 1 0.9999998
63310637.0 0.0 1797.3077657734502 3 0.00022704511
359586929.0 1.0 1796.9062162429875 1 1.0
432095130.0 1.0 1811.1619497760773 1 0.9998365
301644721.0 0.0 1805.2031070584146 0 9.866774e-05
354540836.0 1.0 1811.3486068146362 1 1.0
370073713.0 1.0 1799.369175591559 1 0.999989
428679899.0 1.0 1797.8682743630063 1 0.9970512
422369172.0 0.0 1794.783027868337 2 2.834074e-12
238739074.0 0.0 1812.453382053613 0 0.0018735352
308446111.0 1.0 1794.640484754776 1 0.9999999
348025785.0 1.0 1810.8901987991421 1 0.9998317
201039995.0 1.0 1797.745234271572 1 0.99998003
82402866.0 0.0 1812.4108515056807 0 0.00038169834
327394173.0 0.0 1808.8486987619906 0 6.8316403e-06
288603143.0 1.0 1797.762106940229 1 0.99997425
354602909.0 1.0 1796.3479080869508 1 0.9999993
433000531.0 0.0 1812.682401403868 0 8.692558e-05
251280159.0 0.0 1796.8278238185821 0 2.4153945e-07
367818419.0 1.0 1799.9921882288759 1 0.9999574
366976802.0 1.0 1799.450551039378 1 0.9997517
376368735.0 1.0 1799.4297824572097 1 0.9999565
258461391.0 0.0 1798.1993576749685 4 5.4310948e-11
301478384.0 1.0 1798.640627083516 1 0.99999565
410498550.0 1.0 1793.8072049966277 1 0.9999924
21002519.0 1.0 1799.1141176392089 1 0.9999999
245662844.0 1.0 1811.3485793034188 1 0.9999973
229770438.0 0.0 1805.2196851306783 0 4.0035313e-05
139463078.0 0.0 1809.1201322936536 0 0.0014792391
292525417.0 0.0 1793.140870057587 0 0.0008917273
10865230.0 1.0 1810.8688699255215 1 0.9999967
252112763.0 1.0 1799.0982495908424 1 0.99985874
403253435.0 1.0 1797.5353061547619 1 1.0
49719801.0 0.0 1808.9316082618082 0 6.435858e-06
268332946.0 1.0 1795.9079729775033 1 0.9998489
326537212.0 0.0 1807.2430957247132 4 7.2225286e-19
29059895.0 0.0 1809.266470030146 0 0.0019712301
26647932.0 0.0 1796.6411873723148 0 0.001750445
199715780.0 0.0 1793.176278569697 0 0.00012062848
372976233.0 0.0 1798.7207779456824 2 2.032521e-06
178105783.0 1.0 1810.182920773971 1 0.999999
285567422.0 0.0 1793.328014767389 0 9.235537e-11
390404687.0 1.0 1798.3482504777714 1 0.99998903
412881746.0 0.0 1793.6796435654314 2 8.8355314e-08
289570189.0 1.0 1806.4059070788928 1 1.0
441722558.0 1.0 1794.552654696647 1 0.99996793
198280388.0 0.0 1795.4889926947333 3 3.6933092e-29
233122437.0 0.0 1797.6566962711613 2 4.08271e-08
285509064.0 0.0 1809.5152089694366 4 8.5753425e-16
229398282.0 1.0 1796.6781360358323 1 0.99999976
370683704.0 0.0 1793.1400083614712 0 3.4836494e-09
334490271.0 0.0 1805.2003304808275 0 6.057319e-08
373238020.0 1.0 1794.7218345032072 1 0.99998796
241064755.0 0.0 1812.3483827727453 0 7.835044e-05
415963236.0 1.0 1810.2238987288656 1 1.0
327789293.0 1.0 1797.5989997821903 1 0.9999938
347690159.0 1.0 1795.4109419126335 1 0.99999547
389695576.0 0.0 1794.3477851756236 0 9.277335e-06
428118368.0 0.0 1805.2449283288813 0 5.3678182e-08
431805355.0 1.0 1798.2866770772205 1 0.9999972
81593786.0 1.0 1810.5775010388254 1 0.9998645
20871333.0 1.0 1796.5366526821979 1 0.9999955
337004549.0 1.0 1810.3670502626446 1 0.99998826
101223529.0 0.0 1805.5371833987042 0 0.00048622643
427323622.0 1.0 1798.700844198396 1 0.99997383
359435528.0 1.0 1799.0558827120544 1 0.99999815
233120533.0 1.0 1805.760522638204 1 0.9999941
366100704.0 1.0 1795.9516663823883 1 0.999968
427318175.0 1.0 1797.742396849105 1 0.9999973
347484350.0 1.0 1793.494259789516 1 0.99973875
165551119.0 0.0 1797.510162447136 4 1.3521024e-11
229960907.0 0.0 1793.4071172591337 0 1.2887632e-05
229511624.0 0.0 1805.1989270463791 0 2.2480005e-08
83812531.0 0.0 1799.076701615077 3 6.680587e-08
279343709.0 1.0 1794.4723405597583 1 0.99998873
219087622.0 1.0 1797.823584532554 1 0.9999833
252100978.0 1.0 1794.0147692011697 1 0.99993503
118298815.0 1.0 1810.3077421226433 1 0.9999977
376296101.0 0.0 1805.3684270068368 0 0.0004806217
117521729.0 1.0 1796.348878478288 1 0.9999976
12980862.0 1.0 1794.4730851892732 1 0.99999976
229759564.0 1.0 1810.9279630423555 1 0.9999324
274951377.0 0.0 1794.8887093154246 4 7.080597e-17
427766763.0 0.0 1797.0553628876457 0 1.2056043e-05
279893616.0 1.0 1806.1593167700414 1 0.9999876
67637448.0 1.0 1795.9952422184956 1 0.99999887
103948885.0 1.0 1810.348921252634 1 0.9999933
20706357.0 1.0 1793.7658178243203 1 0.9999364
291961909.0 1.0 1799.1197982190133 1 0.9999975
453162411.0 0.0 1812.9101272284722 0 4.9305036e-09
274953163.0 1.0 1799.4304380966912 1 0.9999998
251231553.0 0.0 1808.8485554629017 0 0.00051466905
387238000.0 1.0 1794.5746878683658 1 0.9995969
357101501.0 0.0 1805.1974735800525 0 8.626297e-08
356310937.0 1.0 1810.3637473629267 1 0.9997635
422755799.0 0.0 1794.7430564998106 2 4.5421512e-08
332476477.0 1.0 1806.1141917043824 1 0.9999874
285681305.0 0.0 1805.3688369722336 0 1.5079405e-06
422661364.0 0.0 1797.034334636529 2 0.00044180808
315728193.0 1.0 1805.702724158487 1 0.9999495
445133704.0 0.0 1798.7023343633168 3 0.0
256500983.0 1.0 1810.450092059486 1 0.9999998
403337962.0 1.0 1806.1393172415244 1 1.0
284044554.0 0.0 1796.6392358704938 0 0.0009497802
251006946.0 0.0 1794.5153966685439 2 6.024268e-14
402448481.0 1.0 1811.3242289038335 1 0.99999243
194671339.0 1.0 1805.4744710418313 1 0.999999
230026310.0 0.0 1793.4071803225143 0 5.508794e-09
410622822.0 0.0 1805.203031525856 0 7.986523e-05
436871428.0 0.0 1808.9329782071236 0 0.0016345677
194854202.0 0.0 1805.2661631709818 0 0.0010131212
230377874.0 1.0 1798.552572540826 1 0.999999
376085702.0 1.0 1794.9301814407197 1 0.99999356
275694782.0 0.0 1794.347701321032 0 0.0022547161
347484337.0 0.0 1805.2026440554275 0 3.1736132e-08
272330700.0 0.0 1808.8678939953104 0 0.00018716711
407431893.0 1.0 1795.849027682639 1 1.0
315755525.0 0.0 1798.554096581756 2 4.4124413e-08
240911922.0 0.0 1809.473251037413 3 7.697635e-14
399857965.0 1.0 1805.8677002751756 1 0.99995905
278856459.0 0.0 1805.3060333695466 0 0.00016638318
403741100.0 1.0 1805.6196443058336 1 0.99991226
406678551.0 1.0 1795.638334581258 1 0.9999836
288516356.0 1.0 1795.8242557030414 1 0.9999999
200774699.0 0.0 1800.1411229913583 0 0.0010148145
10797347.0 1.0 1796.285448110545 1 1.0
406517945.0 1.0 1811.3457807791922 1 0.9999994
178082659.0 1.0 1798.2868918829142 1 0.9999313
376847031.0 1.0 1796.1154179513192 1 0.9999973
341839327.0 0.0 1808.9266774834073 0 0.077313855
455865668.0 1.0 1795.3467045743134 1 0.9999936
445236696.0 1.0 1795.3481692577845 1 0.9999995
374917952.0 1.0 1799.556905545188 1 0.99999136
236972554.0 1.0 1794.6577722206673 1 0.9999966
422962376.0 0.0 1808.974247372411 0 0.003284475
240979625.0 1.0 1811.3900128277533 1 0.9999966
233632871.0 0.0 1805.2192253657709 0 6.1449556e-12
233005299.0 0.0 1808.1565310554192 4 1.1099644e-05
357672070.0 1.0 1810.4523870352352 1 0.99987197
117173053.0 0.0 1799.1404604603756 4 3.0249135e-18
52526153.0 1.0 1797.9519309895923 1 0.9976883
50050546.0 0.0 1808.931396941837 0 4.274331e-05
177765196.0 0.0 1800.141093307699 0 0.00017470369
279061151.0 1.0 1796.2641823850863 1 0.99995404
357101501.0 1.0 1800.072565177432 1 0.9999998
445236014.0 0.0 1793.452334959177 2 4.7435645e-16
441764441.0 0.0 1797.0529334772134 4 4.1535154e-28
422748933.0 1.0 1806.0137620166704 1 0.99999446
445568014.0 0.0 1806.2235075061776 2 2.4419517e-11
5722393.0 1.0 1811.203502431074 1 0.99999297
94541716.0 1.0 1795.8078196509741 1 0.9999998
327732339.0 1.0 1794.3907715838327 1 0.999969
370343522.0 1.0 1794.6606997583244 1 0.9987612
299492988.0 0.0 1808.8877183345564 0 4.518582e-14
434717759.0 1.0 1799.701002290924 1 0.99999905
229439269.0 1.0 1796.448822204499 1 0.9999996
312862575.0 1.0 1798.0982291340342 1 0.9999976
403037892.0 1.0 1794.4116839728347 1 0.99862945
271531069.0 0.0 1796.9096379390753 0 3.574109e-05
241078868.0 0.0 1793.8487890584777 3 5.8807854e-15
367681879.0 0.0 1806.05279053679 2 1.9825867e-15
396575973.0 0.0 1809.1617186164713 0 0.0028692929
50942363.0 1.0 1795.9523747829257 1 0.99979484
402975785.0 1.0 1796.430086944234 1 0.9999964
229497973.0 1.0 1798.9698331708612 1 0.9999581
319910521.0 1.0 1810.3892357264515 1 0.9999996
259461265.0 0.0 1812.3699701525309 0 1.5554576e-06
368375292.0 1.0 1795.4096578567808 1 0.9999306
422611996.0 0.0 1794.7219082869258 4 1.542123e-09
403038960.0 1.0 1793.5991351811608 1 0.6287546
249892509.0 1.0 1795.661227412349 1 1.0
399203662.0 0.0 1809.202253155704 0 0.00018682497
240781407.0 1.0 1798.639879325805 1 0.999839
381687387.0 0.0 1800.1410887668856 0 1.3620798e-06
160552204.0 0.0 1806.4695320664157 4 1.0306673e-08
50517423.0 1.0 1799.285752188229 1 0.9999993
292003360.0 0.0 1812.5780999254514 0 4.59768e-05
335952082.0 0.0 1808.8428906353015 0 0.0019313168
354969330.0 0.0 1796.8684520681968 4 5.586574e-10
245557201.0 1.0 1794.7861159373347 1 0.9999802
288853174.0 1.0 1796.451848276372 1 0.99999464
312977863.0 1.0 1810.3895505571118 1 1.0
399585928.0 1.0 1796.6616185834996 1 0.99998784
268844165.0 1.0 1796.3469824458716 1 0.9999951
332049544.0 0.0 1795.8690647241688 2 2.3022483e-13
374482767.0 0.0 1806.1818309514647 2 4.7173626e-16
229676244.0 0.0 1809.0323647705607 3 2.5326428e-09
422563048.0 0.0 1805.2216815999927 0 1.092534e-06
229977326.0 0.0 1812.3651300243218 0 4.477911e-07
399197082.0 0.0 1812.473259043681 0 0.00047628043
433563574.0 1.0 1810.4537631186656 1 0.9999342
137992267.0 0.0 1809.1205472249974 0 0.0002999373
311821944.0 0.0 1805.556143271815 0 2.0752058e-08
241090100.0 0.0 1796.6402975790227 0 1.4140485e-06
235686753.0 1.0 1793.8033138923804 1 0.9994226
390408794.0 0.0 1808.3065982280511 4 3.326267e-08
117403022.0 0.0 1810.5365154448534 2 3.6286267e-12
323059832.0 1.0 1794.5125706056779 1 0.9999999
306182652.0 0.0 1805.5148687791868 0 6.529118e-08
235934090.0 0.0 1810.032942292923 4 4.510433e-08
240940049.0 0.0 1813.098149139567 0 1.98738e-07
252143020.0 0.0 1796.639853392136 0 0.0008914172
52266477.0 1.0 1810.4102545073356 1 0.9807888
177992848.0 1.0 1806.3911416457663 1 0.9999983
373063252.0 1.0 1796.4509010480813 1 0.99995905
250800148.0 1.0 1799.036331589949 1 0.99999523
419531065.0 0.0 1805.5559756030914 0 9.04748e-07
245699332.0 0.0 1797.9110156603492 4 4.79946e-05
83149985.0 1.0 1798.2848650105557 1 1.0
327790567.0 0.0 1805.7238275530237 4 2.637554e-16
230112337.0 0.0 1805.1982679073842 0 5.973843e-05
83149710.0 0.0 1796.4098780474212 4 1.2796194e-08
431763108.0 1.0 1797.9742526357957 1 0.9999934
377861043.0 0.0 1793.6366113763386 2 3.2391333e-06
279875902.0 1.0 1806.3260496635014 1 0.99947834
403521659.0 0.0 1808.8484125187383 0 1.30997705e-05
229951763.0 1.0 1800.5944003774455 1 0.9999922
420295663.0 1.0 1794.368544447064 1 0.9999006
65197590.0 0.0 1808.8702578770046 0 0.0016757948
410806284.0 1.0 1794.1405309590493 1 0.99999976
256412935.0 1.0 1794.014644120663 1 1.0
259385456.0 1.0 1797.4743212333929 1 0.999977
453229743.0 0.0 1812.3899476497884 0 1.7155896e-06
249920084.0 1.0 1799.244687906848 1 0.9998532
284314615.0 0.0 1812.7016413782649 0 2.359898e-05
73487019.0 1.0 1798.7245364947444 1 0.9999993
399086335.0 1.0 1810.49396574446 1 0.99999994
356310929.0 1.0 1811.5304014027984 1 0.99999154
252141713.0 0.0 1796.6398866314264 0 8.596569e-06
54051137.0 1.0 1799.5769530518571 1 0.99999714
63623869.0 0.0 1810.2450758563082 3 4.825696e-31
403746196.0 1.0 1795.1817601114246 1 1.0
232627162.0 1.0 1800.0727190700081 1 0.99999964
417735836.0 0.0 1799.7825721409936 2 6.2574773e-10
316839069.0 1.0 1806.202837001932 1 0.999859
71974989.0 0.0 1807.7024490901836 4 8.692878e-19
385240776.0 0.0 1812.3701122390469 0 0.0002942109
359982726.0 0.0 1812.3449834586063 0 2.835481e-07
374393406.0 0.0 1808.931533589353 0 0.00017357527
252141764.0 0.0 1798.098207420882 4 1.0916224e-16
292000184.0 1.0 1805.7031452728831 1 0.99985003
378048262.0 0.0 1805.201201538606 0 3.467536e-08
233525078.0 0.0 1812.6983999454571 0 0.00022504998
236815701.0 1.0 1796.92744990488 1 0.9999995
233057068.0 0.0 1812.6769945852213 0 2.7594958e-06
275856923.0 0.0 1805.2852825012753 0 0.00024672755
129688296.0 0.0 1809.2243013364077 0 0.0005069997
453277314.0 0.0 1812.389991711934 0 1.8283115e-05
81382470.0 1.0 1796.2023541485185 1 0.9998526
308712908.0 1.0 1810.5359101465876 1 0.9999958
219738983.0 1.0 1794.1137904839734 1 0.9998779
116754534.0 1.0 1794.6823263821475 1 0.9999951
289092359.0 0.0 1808.6804430146378 4 6.716495e-10
55085515.0 1.0 1797.1395348261397 1 0.9999998
184684618.0 1.0 1793.9327723238973 1 0.9999998
229437389.0 1.0 1797.823815858565 1 0.99999976
407052538.0 1.0 1796.847125376492 1 0.9999843
117752754.0 1.0 1798.2656178497639 1 0.999999
35154187.0 1.0 1797.0788226012412 1 0.99889845
379248646.0 1.0 1811.4101691563744 1 0.9999693
384805458.0 1.0 1806.2653180390232 1 0.9999969
269888243.0 1.0 1797.9330573055756 1 0.9997508
250712175.0 1.0 1795.4947981319167 1 0.9999994
378288273.0 0.0 1793.4099190359482 0 7.328839e-08
301641054.0 0.0 1805.2240606709358 0 9.704645e-06
368241993.0 1.0 1795.8887120191323 1 0.99998677
365884007.0 1.0 1811.11777861781 1 0.99999774
293188343.0 1.0 1793.8492485530276 1 0.9999632
269893200.0 1.0 1796.2663192595135 1 0.99995077
375985267.0 1.0 1798.0339051061278 1 1.0
395502308.0 0.0 1796.6386005177978 2 5.1626736e-19
428074524.0 1.0 1798.4112673510142 1 0.9999993
52364483.0 0.0 1809.2227649217286 0 4.8870505e-05
368738288.0 0.0 1808.8473502639392 0 6.0746277e-07
250803662.0 1.0 1797.8278895332112 1 0.9999994
445195302.0 1.0 1797.3480971338709 1 0.99998486
50266875.0 0.0 1812.4315476432944 0 0.00016405371
284314464.0 0.0 1812.7016416700255 0 2.9508761e-05
82982711.0 1.0 1799.1391414028633 1 0.99998605
436878249.0 0.0 1808.8705295951129 0 4.146343e-05
251224729.0 0.0 1808.8487002024824 0 1.7542376e-08
449986076.0 0.0 1795.806247268676 2 5.136387e-09
352911434.0 1.0 1810.9287019457015 1 0.9998623
377251803.0 0.0 1798.7399300002387 3 4.7550074e-19
252101699.0 1.0 1796.4522729199948 1 0.99998057
65196007.0 0.0 1796.6408777814 0 0.0025333117
274806038.0 0.0 1810.8886902213542 2 4.13354e-05
241033594.0 0.0 1808.8483143492015 0 0.00035994183
352406943.0 1.0 1793.6789367892354 1 0.9999996
395652808.0 0.0 1800.0972675385715 4 4.729504e-25
331717791.0 1.0 1793.3900092334977 1 0.99999994
379167252.0 0.0 1808.8682132581864 0 0.001989388
85431635.0 0.0 1805.745462066148 0 0.0017865143
406637799.0 1.0 1810.2010561950306 1 0.9999998
366561246.0 1.0 1805.699578864538 1 0.99999636
275421393.0 1.0 1810.3872794498977 1 1.0
322321784.0 1.0 1797.9919059291403 1 0.99989283
366582053.0 0.0 1793.1371864230741 0 1.6546878e-08
417665707.0 1.0 1799.7424573107608 1 0.99996865
116274364.0 0.0 1806.3280616013703 4 1.3542776e-23
83141432.0 0.0 1805.2223745859367 0 3.2132284e-08
423461306.0 1.0 1799.4313316369403 1 0.99994004
332568616.0 0.0 1812.7022468397724 0 1.1335394e-08
445631556.0 0.0 1794.2651129200224 2 1.0670325e-13
26621692.0 1.0 1797.6411930819588 1 0.99987406
230396560.0 1.0 1797.3443717506748 1 0.99918216
94372467.0 1.0 1796.0369542722476 1 0.9999799
353173655.0 0.0 1808.9101491991396 0 0.0016634722
202954633.0 1.0 1797.8075990337409 1 0.9999997
312978515.0 0.0 1796.7647216990308 0 8.0848445e-10
52073229.0 0.0 1800.1393909518868 0 0.0010066776
238747433.0 1.0 1795.265843758603 1 0.99999136
349257127.0 1.0 1806.0788098709725 1 0.9999904
12905578.0 0.0 1805.3066628096515 0 9.644826e-07
275693524.0 1.0 1800.21947055891 1 1.0
354319204.0 1.0 1797.1195631196497 1 0.99994427
279521778.0 0.0 1805.200890857783 0 5.0807936e-05
264052273.0 0.0 1812.408229600531 0 1.7998453e-06
381686576.0 1.0 1795.8701960511553 1 1.0
450149056.0 1.0 1811.3069371051702 1 0.99999034
293066086.0 0.0 1801.4532119062362 3 2.6266443e-20
256372162.0 1.0 1796.7199306999562 1 0.9998484
116559495.0 1.0 1794.0780440049793 1 0.9999991
423455690.0 0.0 1808.931454762128 0 0.00016461592
52424203.0 1.0 1810.722772115069 1 0.99999857
428257299.0 0.0 1810.328181583951 3 1.6111088e-27
50189810.0 0.0 1798.4941068673957 3 2.2590548e-20
285046853.0 0.0 1812.701705796825 0 6.136318e-07
417607351.0 1.0 1811.1788739382218 1 0.9999996
289723597.0 1.0 1805.6140388865747 1 1.0
389407516.0 1.0 1806.4314126856864 1 0.99998957
82171885.0 1.0 1810.5358897175029 1 0.99991006
401003990.0 1.0 1796.5774891069896 1 1.0
385335725.0 1.0 1810.34880201988 1 0.9999674
287138872.0 1.0 1797.6767087903236 1 1.0
370420562.0 1.0 1799.6817998298793 1 0.99999946
445229311.0 0.0 1794.5354995830908 2 2.330715e-17
201185068.0 0.0 1812.3912386581026 0 0.0014447379
118295715.0 1.0 1810.5785618074372 1 0.9999323
345915846.0 1.0 1799.6400149718756 1 0.99999094
407210141.0 0.0 1796.9096987509122 0 3.3647343e-10
256619170.0 0.0 1808.8447398453661 0 2.3737834e-06
396454437.0 1.0 1796.3670263028177 1 0.99999905
396339551.0 0.0 1810.743439853562 3 1.2612093e-05
258803822.0 1.0 1797.990743851141 1 0.99999374
229583094.0 0.0 1812.3450599740627 0 2.5418544e-06
275367529.0 0.0 1801.68043567214 3 5.6126537e-18
347691279.0 1.0 1797.306768476373 1 1.0
316515420.0 0.0 1805.2028548408412 0 4.743417e-06
264615805.0 0.0 1804.661060786909 3 6.8012098e-12
373958324.0 1.0 1798.8062503791111 1 0.9989596
292942043.0 1.0 1810.5781397613516 1 0.9999991
50360587.0 0.0 1808.9108286574408 0 0.0007001784
445245390.0 0.0 1805.5562749314893 0 0.00029438094
387994393.0 1.0 1805.9290020332578 1 0.9998438
232674121.0 0.0 1808.8438737830618 0 0.0003983986
194856864.0 1.0 1798.787018337229 1 0.99998564
375853985.0 0.0 1803.9296705566157 3 4.593365e-14
331928059.0 1.0 1806.3888338299648 1 1.0
331855180.0 0.0 1808.2231108830933 4 4.968826e-07
126098229.0 1.0 1794.9953554548795 1 0.9999594
233615836.0 0.0 1798.5110249201487 2 0.00048056766
343326607.0 1.0 1797.0329460960522 1 0.99999905
362105169.0 1.0 1799.1777526558326 1 0.9998693
229472865.0 0.0 1807.1154868634978 4 1.0799598e-14
385241265.0 1.0 1796.3074525924815 1 0.99997795
396682476.0 1.0 1805.5555159434327 1 1.0
400339049.0 1.0 1799.6806510840615 1 0.99999464
194736844.0 0.0 1800.8702555115647 3 5.408878e-15
400500239.0 0.0 1812.3691630738497 0 2.1239708e-05
258831164.0 0.0 1812.3447993112597 0 3.507272e-05
241034823.0 1.0 1797.7859646901852 1 0.99999994
264468462.0 0.0 1800.1376352131133 0 4.1107127e-09
441795507.0 0.0 1797.6990549603167 0 0.0001536497
241080896.0 1.0 1793.4113808143916 1 0.99996686
378988247.0 0.0 1808.847382669833 0 0.00013301682
286010581.0 1.0 1811.4107330138306 1 0.999819
229947859.0 0.0 1796.5737682988097 2 9.803792e-13
29017767.0 0.0 1812.8289211515182 0 0.0017826045
326962793.0 1.0 1795.5988572816973 1 0.9999976
311708401.0 0.0 1798.7438214797319 4 2.8841287e-12
407163612.0 1.0 1810.243100820511 1 0.99999064
403332896.0 1.0 1810.907770742894 1 0.99999785
269662831.0 0.0 1796.0327968634824 4 0.00038408808
283252091.0 0.0 1799.639364472968 2 1.2345513e-17
63465362.0 1.0 1795.3703529762881 1 0.9999267
287151976.0 0.0 1809.426810310299 3 2.7067315e-05
445235922.0 0.0 1796.6398010127496 0 6.545504e-06
279701423.0 1.0 1810.9924996728364 1 0.99999917
445616870.0 0.0 1812.3484667271414 0 8.685675e-10
321552528.0 1.0 1795.2625885419584 1 0.99999964
389985611.0 0.0 1794.868821525704 4 1.0081089e-14
406856927.0 0.0 1808.8859031141042 0 4.8788182e-09
390337133.0 0.0 1798.681424652178 2 5.034718e-12
352924207.0 0.0 1812.4934376904148 0 0.005654976
367330067.0 1.0 1805.3462561058266 1 0.9999991
63348754.0 1.0 1810.8700127753223 1 0.99999994
332475115.0 1.0 1798.4681023256855 1 0.9999992
288381315.0 0.0 1797.699178128951 0 6.508733e-10
298733065.0 1.0 1797.9686791835827 1 0.998782
321683420.0 1.0 1799.2625683826795 1 0.9957206
284313388.0 1.0 1795.1393404727755 1 0.9999984
421307285.0 0.0 1812.344064080848 0 2.7924825e-09
431899940.0 1.0 1793.4740104172133 1 0.9999315
396339551.0 0.0 1802.1808427482626 3 1.6302377e-07
428390387.0 1.0 1797.2655820684636 1 1.0
249879182.0 0.0 1796.89053754867 0 6.0255315e-06
368683747.0 1.0 1795.7434024880613 1 0.99999994
233496319.0 0.0 1797.7817024859842 4 1.4831325e-17
326210045.0 1.0 1805.6571997675262 1 0.9999933
286173604.0 1.0 1796.9953594263561 1 0.9999999
376637457.0 1.0 1796.159046022435 1 0.9992462
35114670.0 1.0 1810.2455662424263 1 0.99999493
129822984.0 0.0 1798.8285775087923 2 1.2872769e-05
431778273.0 1.0 1810.682694451474 1 0.99971735
287138770.0 1.0 1811.3226782841573 1 0.9999988
241026771.0 1.0 1796.2862114253464 1 0.9999999
428549685.0 0.0 1805.6810581955979 0 0.0002299165
54715166.0 1.0 1797.681382694915 1 0.9999999
376881728.0 1.0 1797.28263838375 1 0.9999333
403626792.0 1.0 1805.6818606753968 1 0.96595144
400947995.0 1.0 1798.724282838258 1 0.9999633
288514758.0 0.0 1797.4909835145772 2 0.00013959335
285684806.0 1.0 1796.8480347329032 1 0.99988353
279599877.0 1.0 1796.3896121608777 1 1.0
241000835.0 0.0 1812.3481994645804 0 6.3621774e-06
433977371.0 1.0 1796.5758981610354 1 0.99999875
129870140.0 0.0 1793.1411549796107 0 0.002348642
207438369.0 1.0 1797.9888453094406 1 0.99978155
240684915.0 1.0 1799.243948040645 1 1.0
348517267.0 0.0 1812.3486032597755 0 1.7168204e-06
336543055.0 0.0 1805.2004634045725 0 2.995024e-08
377606709.0 1.0 1795.9094745384111 1 0.9999229
268056283.0 1.0 1810.6156364008073 1 0.9999996
366068119.0 0.0 1808.846849924475 0 1.3025779e-11
359557211.0 1.0 1811.051971756001 1 0.9999974
292608881.0 1.0 1794.9531856868468 1 0.9999981
376253643.0 1.0 1797.1186747508889 1 0.9999142
26619684.0 0.0 1805.6205640121684 0 0.0030240559
256352113.0 0.0 1809.1375181946119 3 4.8166537e-21
50192248.0 1.0 1797.0981996019661 1 0.99998266
251548965.0 1.0 1793.8903188542802 1 0.9999791
275424226.0 0.0 1808.8664541238734 0 0.00026328227
21024419.0 1.0 1797.1205536801754 1 0.999999
312150095.0 0.0 1799.9730381040017 4 3.2241136e-15
366762412.0 0.0 1796.8254767111753 0 1.1067912e-06
327189822.0 0.0 1813.0986196531546 0 4.6135756e-05
289358013.0 1.0 1794.3886964222663 1 0.9999674
433791342.0 1.0 1806.0965679766525 1 0.9999579
376637108.0 0.0 1799.5340129016529 4 9.036088e-13
421684246.0 1.0 1794.9103351943054 1 1.0
117758211.0 0.0 1799.9737962066472 4 4.692669e-11
229456600.0 0.0 1796.9073672492884 0 2.6990062e-06
311832549.0 0.0 1809.2435948497155 4 2.7483817e-09
232645223.0 1.0 1798.8647173284462 1 0.9999938
315612971.0 1.0 1796.4527404083494 1 0.9999841
403745495.0 1.0 1797.1401709752097 1 0.9999508
338072401.0 1.0 1797.2215868196677 1 0.99999434
81382674.0 0.0 1808.910867291159 0 0.0003541739
410651644.0 1.0 1797.390451956685 1 1.0
271749513.0 1.0 1797.9515044535813 1 0.99999976
397984001.0 1.0 1806.0974802048486 1 0.9999994
341872321.0 0.0 1808.8651487341322 0 4.0419084e-07
177991199.0 0.0 1805.2245419913593 0 0.0036022027
264172306.0 1.0 1793.8866968067707 1 0.99998826
359589504.0 1.0 1796.739672655878 1 0.9999766
334492377.0 1.0 1798.721289667042 1 0.99798495
444836801.0 0.0 1805.5565105780324 0 9.423704e-07
229446898.0 1.0 1794.8446836193975 1 0.9998608
312337570.0 1.0 1799.2855547954573 1 0.9996114
250744292.0 1.0 1799.3072571657062 1 1.0
279212305.0 0.0 1805.951980984144 4 1.3239347e-17
369030913.0 1.0 1794.8683325173834 1 0.99999976
409524356.0 1.0 1797.349133422365 1 0.9999477
285536806.0 1.0 1795.0353773641905 1 0.9999955
238661093.0 1.0 1797.786342041671 1 0.99999964
291955034.0 1.0 1797.2032920324277 1 0.9999939
356915621.0 1.0 1811.030663800134 1 0.9999976
327297211.0 1.0 1810.9111421297455 1 1.0
348229487.0 0.0 1796.8275994108153 0 2.3489616e-07
422384169.0 0.0 1805.241189657446 0 0.00017691679
316136270.0 1.0 1794.2024166860717 1 0.9999996
177880459.0 1.0 1795.078551123973 1 0.99999964
85524349.0 1.0 1806.1829934298041 1 0.9998497
327606993.0 1.0 1798.4740098574293 1 0.9999998
396566592.0 1.0 1796.576548327125 1 0.99989617
255872660.0 1.0 1805.9936539351543 1 0.9999997
323309264.0 0.0 1805.7628928695526 2 4.8880555e-10
130063363.0 1.0 1793.766038474397 1 0.99996996
229974301.0 1.0 1796.865352337052 1 0.999912
116016135.0 1.0 1798.0572281152315 1 0.9999231
455961763.0 1.0 1796.9299730187802 1 0.9959287
354595540.0 1.0 1811.0350026867666 1 0.99999994
319599388.0 0.0 1805.5351520834454 0 0.0018134934
308120144.0 0.0 1812.494101763862 0 7.1531955e-05
200939418.0 0.0 1798.9535717537797 3 0.00019804442
372630385.0 1.0 1799.0564486028802 1 1.0
415962730.0 1.0 1796.0365915942127 1 0.9999828
230075965.0 0.0 1795.218541050736 4 7.7090436e-07
67461749.0 0.0 1793.141054938772 0 0.00032686337
285736210.0 1.0 1794.99469379905 1 0.9999349
327345144.0 1.0 1798.2240331464752 1 1.0
431932339.0 1.0 1794.7448819021502 1 0.9953913
240798197.0 1.0 1794.5358399614254 1 0.9999988
177764869.0 1.0 1797.453577433463 1 0.9999917
366327738.0 0.0 1793.3252898094538 0 1.6274231e-07
13702883.0 0.0 1805.2647951120746 0 2.4492655e-07
354547377.0 0.0 1805.223616522367 0 2.5347075e-05
367145378.0 1.0 1799.2839107978848 1 0.99991566
327094634.0 1.0 1798.1197416029238 1 0.9999785
316328592.0 1.0 1796.8274975663426 1 0.9999973
312852988.0 1.0 1799.6606090637874 1 0.9999938
410502040.0 0.0 1796.6403849658786 0 0.056566175
274983517.0 0.0 1797.367751476429 2 3.0753077e-16
186970106.0 0.0 1805.495201142783 0 3.847551e-05
332684363.0 0.0 1800.1397723653808 0 4.3310327e-05
306564243.0 1.0 1794.327530709747 1 0.9954916
415959532.0 1.0 1811.4322229969475 1 0.9999237
68156985.0 1.0 1796.2036446540612 1 0.9999829
374219745.0 1.0 1798.5771409362392 1 0.9999962
186627861.0 1.0 1810.9744973500112 1 0.99999225
233659371.0 0.0 1794.8019233940374 2 1.4205473e-18
422657370.0 0.0 1795.534336638872 2 1.4175577e-06
398357997.0 1.0 1805.9501087482238 1 0.9999782
396268080.0 0.0 1805.3266925214052 0 2.764229e-06
198388252.0 0.0 1812.1972214333023 3 4.5500142e-20
387898662.0 1.0 1799.5749152257515 1 0.9998447
332575246.0 1.0 1798.8900364961169 1 0.99997926
116218788.0 0.0 1805.30744306878 0 8.903481e-05
237235736.0 0.0 1805.199373258372 0 1.681898e-10
85400817.0 0.0 1808.8496476091323 0 0.0015995816
371426487.0 1.0 1797.849827986817 1 0.99944144
71926521.0 0.0 1793.1401135651536 0 1.2926877e-11
320186410.0 1.0 1796.6395172154214 1 0.99992096
51022694.0 1.0 1796.5565524940985 1 0.99999917
186912619.0 0.0 1805.4743017491337 0 0.00271684
415982533.0 1.0 1811.5573113538521 1 0.9999938
250742815.0 1.0 1797.515536160063 1 0.9999964
322442826.0 0.0 1805.2210583188212 0 1.6171144e-06
245391213.0 1.0 1805.9944882875925 1 0.99998826
284316356.0 1.0 1810.3267107168454 1 0.9999945
201013581.0 1.0 1796.8492729874604 1 0.9999821
356107902.0 0.0 1794.405797699184 0 0.0025494678
399623373.0 0.0 1794.3475121124306 0 1.0573294e-05
249862386.0 1.0 1805.890476241539 1 0.99997807
177913636.0 0.0 1808.9119086641638 0 0.0016200276
452971988.0 0.0 1798.8687394422618 4 3.2662826e-12
286236415.0 0.0 1806.8286191549657 4 2.9900576e-12
348607534.0 1.0 1798.3276725263902 1 0.99995077
366564576.0 1.0 1798.0747068401465 1 0.99999607
184693785.0 1.0 1799.078516696538 1 0.99999666
372860434.0 1.0 1797.1814509632716 1 0.9999971
72088388.0 0.0 1809.1607923983868 0 0.00022429017
240716624.0 1.0 1810.535367610282 1 0.9999797
445555922.0 0.0 1812.3900344059496 0 5.127823e-06
116498460.0 1.0 1794.057240533445 1 0.99999994
299443783.0 0.0 1796.6403738523525 0 2.0430737e-06
260030939.0 1.0 1794.6194022108514 1 0.9997277
308716455.0 0.0 1812.3484646724025 0 2.7092588e-12
351685860.0 1.0 1798.3058140916778 1 0.9999997
90648961.0 0.0 1812.7247101329542 0 0.001622438
333062830.0 1.0 1798.2231668380157 1 0.99999905
445288344.0 1.0 1795.910509380457 1 0.9999767
249830330.0 0.0 1796.8278985466889 0 3.6113593e-07
258352236.0 1.0 1810.4074417515221 1 1.0
305165331.0 1.0 1794.8247257452094 1 0.9999823
423948019.0 1.0 1798.867003396174 1 0.9999971
352113030.0 1.0 1799.8472331925188 1 0.9998367
373146721.0 1.0 1797.5549566485038 1 0.9999983
235678217.0 0.0 1805.2200382019764 0 2.7732756e-07
46424916.0 0.0 1796.6413738045458 0 0.0026936491
368597251.0 0.0 1812.3677434025183 0 7.983813e-10
194673367.0 1.0 1797.3911145414213 1 0.9999435
13529474.0 1.0 1797.056551296899 1 0.99997413
434437544.0 1.0 1799.7217694853923 1 0.99996036
13037815.0 0.0 1796.9093179644858 0 0.00015523515
423031237.0 1.0 1795.7444266436853 1 0.9999807
240920492.0 1.0 1794.556969231756 1 0.999998
283738003.0 0.0 1809.159950031765 0 1.40175e-05
399262667.0 0.0 1805.3062742404652 0 3.8766437e-05
230133460.0 0.0 1805.1982152658284 0 7.3509274e-09
240932992.0 1.0 1795.7236048845111 1 0.9999789
192653272.0 1.0 1795.036546141382 1 0.999995
409521560.0 1.0 1797.8076059121024 1 0.99997663
348520238.0 1.0 1806.1403692262304 1 0.99999285
394091225.0 1.0 1796.0120244526315 1 0.99995023
191773391.0 1.0 1796.1405967345627 1 0.99709284
420498788.0 1.0 1798.618358720638 1 0.5834587
354743036.0 0.0 1795.4936637963422 4 2.9271434e-17
441738038.0 0.0 1808.8447816220196 0 1.6438465e-06
194673250.0 1.0 1794.4118840835574 1 0.9999781
241078868.0 0.0 1808.2653560330257 3 3.0832474e-09
396446258.0 0.0 1808.8890151164996 0 7.603306e-05
186804244.0 1.0 1793.5160184076597 1 0.9999744
410773652.0 1.0 1798.2836824017766 1 0.999999
387631215.0 0.0 1799.4497922812657 2 5.7391207e-09
241040337.0 0.0 1794.7445607103002 4 3.512263e-10
403874094.0 1.0 1795.6395699414927 1 0.9999754
327246099.0 1.0 1793.6395103144139 1 0.99999875
199525869.0 1.0 1806.259980550621 1 1.0
420579244.0 1.0 1810.159570155906 1 0.999999
67461115.0 1.0 1811.203233877388 1 0.9999998
367093775.0 1.0 1799.1589323838616 1 1.0
233530865.0 1.0 1794.2818982641675 1 1.0
287081013.0 1.0 1805.488975893469 1 0.9999998
237082307.0 1.0 1805.5535598187405 1 0.99998957
258774711.0 1.0 1794.407185066029 1 0.9999997
116493592.0 1.0 1798.4948685225118 1 0.99999887
232634196.0 0.0 1805.1349416973508 3 6.6906552e-21
26394201.0 1.0 1793.7452901045713 1 0.9999999
229500175.0 1.0 1793.7824966726164 1 0.9999371
240873079.0 0.0 1810.3691239007355 3 1.8242364e-31
199716496.0 0.0 1804.6556939274649 3 7.0237805e-17
259004297.0 1.0 1793.9699192896767 1 0.99999964
377192491.0 1.0 1798.5316205475701 1 0.99999505
453254806.0 0.0 1809.5564390594513 4 3.496311e-16
229456592.0 0.0 1795.865709622303 2 2.055464e-10
288312840.0 0.0 1796.2199379930573 3 8.018963e-13
192736246.0 0.0 1796.6407544052638 0 0.0011678945
270013380.0 1.0 1797.9512265853175 1 0.9999896
250651261.0 0.0 1808.7029030892784 4 1.746557e-10
83417770.0 0.0 1796.9099889440743 0 0.00014935099
264295185.0 1.0 1794.9083413319242 1 0.9998831
240882665.0 0.0 1796.6401586897805 0 2.595852e-07
82392457.0 0.0 1805.3490828921815 0 0.0026816833
315937374.0 0.0 1804.2651564367086 3 1.7912459e-17
403403675.0 1.0 1796.4525567072526 1 0.9999383
366555552.0 0.0 1798.8045112530037 2 6.904414e-06
445361831.0 0.0 1810.2019602160462 2 9.920891e-07
421684975.0 0.0 1805.5146904519033 0 2.2945947e-05
219429288.0 1.0 1811.0517677655082 1 0.9999996
400748348.0 1.0 1796.2023169099382 1 0.99999976
365946059.0 0.0 1796.9928230974099 4 4.237707e-24
233724046.0 0.0 1806.0730026527747 2 1.7626226e-05
375081930.0 0.0 1805.202639619379 0 2.9719044e-07
302476291.0 1.0 1811.3488422122855 1 0.5173626
192378128.0 0.0 1808.9950922383132 0 0.0040034843
245400997.0 0.0 1808.8484464014111 0 2.2564411e-06
237230046.0 1.0 1794.9077399380085 1 0.9998004
288428994.0 1.0 1799.0117381380712 1 0.9999598
390018754.0 1.0 1797.6770152091754 1 0.99997956
402809727.0 0.0 1808.9727127481383 0 0.003196817
372626719.0 1.0 1793.9939825464378 1 0.9999848
229676619.0 0.0 1805.2808550995376 0 5.198471e-16
373147303.0 0.0 1794.8466210731688 4 7.876753e-29
65571459.0 0.0 1808.8908993330701 0 0.0030772288
238769619.0 0.0 1808.9116233188818 0 0.0016430317
200732860.0 1.0 1799.495314557828 1 0.99999833
302318830.0 1.0 1798.890614455902 1 0.9911466
264294796.0 0.0 1812.4709800223302 0 4.4337348e-08
403255797.0 0.0 1793.1394696785685 0 7.610413e-09
422541258.0 0.0 1810.5562670135039 4 5.7496824e-13
251459295.0 0.0 1800.3901475151572 0 1.8811857e-05
403692188.0 1.0 1797.1820296530186 1 1.0
256643181.0 1.0 1797.9086418065742 1 0.9999792
82005597.0 1.0 1810.9733956571151 1 0.9999957
346675119.0 0.0 1805.2663391912472 0 0.0006434541
367183663.0 1.0 1806.1588583862851 1 0.9999858
322057079.0 0.0 1808.8458233550773 0 4.865355e-06
364177674.0 1.0 1797.8248863295705 1 0.9999993
275137021.0 1.0 1810.8469748371886 1 1.0
286313019.0 0.0 1805.4952928586972 0 0.0014454301
233055944.0 1.0 1797.947879353628 1 0.9999679
34854963.0 1.0 1793.2456173224753 1 0.99991906
354468365.0 0.0 1793.1403186460877 0 6.9158484e-10
367330723.0 1.0 1811.262808369786 1 0.9999972
12408220.0 1.0 1795.8272215261406 1 0.9999731
85432909.0 0.0 1811.0162916458876 2 0.0033019187
282792471.0 1.0 1805.930661010963 1 0.99999887
116274572.0 0.0 1808.9113921235537 4 7.3011756e-11
186595806.0 0.0 1802.3703463327101 3 6.176705e-16
315922570.0 0.0 1810.3037911111348 4 1.158998e-16
317708298.0 1.0 1799.5131880554748 1 0.9996823
77322543.0 0.0 1793.141329122945 0 5.9122012e-06
377611935.0 1.0 1794.784551949973 1 0.9999978
408364941.0 1.0 1795.9503210855132 1 0.9998938
251118058.0 1.0 1794.3484854067501 1 0.9999998
259005535.0 1.0 1799.470015935957 1 0.9999896
352283883.0 1.0 1796.9097649050168 1 0.9999993
104034355.0 1.0 1797.848776218654 1 0.9999089
337831812.0 1.0 1798.3673935875777 1 0.9993546
428046623.0 1.0 1795.5987867193746 1 0.9999978
52713606.0 0.0 1809.1811114187963 0 0.00015894402
398021209.0 0.0 1808.9518364960356 0 4.458793e-09
316448700.0 1.0 1806.4321414752592 1 0.99997824
240999935.0 0.0 1808.8899832518928 0 3.8889444e-05
331388241.0 0.0 1805.514808480846 0 6.68716e-06
198553884.0 0.0 1808.8433174294955 0 0.0012048745
265472761.0 1.0 1810.3485294371055 1 0.9999956
292980098.0 1.0 1811.0781575668636 1 0.9999966
348235541.0 1.0 1799.765268421447 1 0.9999966
359037242.0 1.0 1811.493056090591 1 0.9999998
279608953.0 1.0 1806.1175021860763 1 0.9999998
249923393.0 1.0 1794.3903508312492 1 0.99999946
385206186.0 1.0 1794.4532755383632 1 0.99999726
10347760.0 1.0 1799.077205036653 1 0.9999803
189684363.0 1.0 1798.8074385294974 1 0.99999845
368509333.0 1.0 1811.367869548899 1 0.99999833
311704789.0 1.0 1793.6814613413 1 0.99996996
368516895.0 0.0 1812.389006306451 0 6.884728e-06
299434398.0 0.0 1798.4946640987046 4 2.0274424e-16
331717791.0 0.0 1805.5565557496288 0 4.696464e-08
394128514.0 1.0 1806.2202934394625 1 0.9999837
194732914.0 1.0 1793.4742990950838 1 0.9999995
229708715.0 1.0 1811.4276064337726 1 0.9999992
379161757.0 1.0 1799.6183860128706 1 1.0
432070155.0 0.0 1808.9118411119862 0 0.0019086738
366506022.0 1.0 1796.242026032254 1 0.998263
407538847.0 1.0 1798.2210887471479 1 0.99994797
219755984.0 0.0 1794.4059491111423 0 0.0012838683
317392253.0 0.0 1799.7216738082348 2 3.047621e-14
332155506.0 0.0 1795.1398801733376 2 0.0055373516
410736506.0 1.0 1797.8696980002717 1 0.9999933
445618532.0 0.0 1808.8692954645444 0 1.01830545e-13
219088437.0 1.0 1798.219242411565 1 0.99633914
368734113.0 1.0 1794.0555793804697 1 0.9999998
354401921.0 0.0 1809.2653797300618 0 7.3606645e-09
271767147.0 1.0 1806.201260503613 1 1.0
279720659.0 0.0 1806.1818216434392 2 4.4307478e-13
418083239.0 0.0 1805.3700986683036 0 0.00020051759
418306720.0 1.0 1793.1584316986439 1 0.9998253
403118244.0 1.0 1798.2828558297138 1 1.0
292398977.0 0.0 1809.0156276465366 0 4.8389097e-06
307275760.0 0.0 1812.3480862759493 0 0.00020617207
453161937.0 1.0 1796.556238039942 1 0.99997485
356786817.0 0.0 1794.2824145233224 2 1.0549164e-18
90688775.0 0.0 1812.8079725720318 0 0.0022979765
20872572.0 0.0 1793.1408383432758 0 0.00040290155
341873787.0 1.0 1796.8864973415753 1 0.99999875
285575365.0 1.0 1794.660298897947 1 0.9999838
407158463.0 0.0 1808.8472606772823 0 4.9257167e-05
354682785.0 1.0 1798.035424320118 1 0.9999973
232609354.0 1.0 1797.614641627276 1 0.999999
283841421.0 0.0 1812.7016722479682 0 2.6668195e-07
50850448.0 0.0 1805.26469833707 0 0.0023035598
373128383.0 0.0 1795.5343762776845 3 3.166932e-30
255871892.0 1.0 1798.7229099229896 1 0.9999919
305047721.0 1.0 1796.6191658782354 1 0.999977
117525001.0 1.0 1794.9945729680078 1 0.99997956
192835535.0 1.0 1796.7032693495712 1 0.99999803
395925286.0 1.0 1805.3057125316911 1 0.9999642
259001008.0 1.0 1799.2822920694414 1 0.9998557
272629574.0 1.0 1806.3054671363352 1 0.999995
22750653.0 1.0 1805.9121604424136 1 0.9999578
376112177.0 1.0 1796.8047274602295 1 1.0
445560431.0 0.0 1812.3484515515604 0 0.0004283132
250605587.0 0.0 1808.8487121238313 0 9.963549e-06
268632047.0 0.0 1805.2009932939895 0 1.0836311e-05
192313589.0 1.0 1794.786763318957 1 0.999934
422340534.0 1.0 1810.7828888731779 1 0.99999994
241026963.0 1.0 1794.4112377757858 1 0.99988747
417264296.0 1.0 1810.1183215915407 1 0.99999964
366246585.0 1.0 1811.2639782745107 1 0.9999881
431803761.0 1.0 1810.391057556285 1 0.99969923
189637855.0 1.0 1798.724117539587 1 0.9999894
326814571.0 1.0 1798.4932770296741 1 0.9992746
428747304.0 1.0 1810.2008863541157 1 0.99999744
445309901.0 1.0 1793.2857442087952 1 0.99988556
22900399.0 1.0 1811.1204010376061 1 0.99999547
403391877.0 1.0 1796.2437062446866 1 0.99999833
341870510.0 0.0 1812.365471686682 0 4.3857192e-11
402779051.0 0.0 1809.0144276227043 0 0.0010733732
398339310.0 1.0 1795.5123441494884 1 0.9995738
396339551.0 0.0 1800.6808179923967 3 2.0122977e-09
21227979.0 1.0 1797.3434489883246 1 0.99999833
292269490.0 1.0 1795.3700410401016 1 0.9993673
366561961.0 1.0 1805.741291097691 1 0.9967825
219819894.0 1.0 1811.0103589867585 1 0.99987495
308292040.0 1.0 1794.5985712631484 1 0.99999297
411576289.0 1.0 1811.366746623907 1 0.99999875
230014869.0 0.0 1808.844596491313 0 2.0155405e-06
22845012.0 0.0 1805.370513598152 0 0.002990829
229594752.0 1.0 1794.323981792033 1 0.9864519
265191346.0 0.0 1793.409673647309 0 1.4158699e-11
336007473.0 0.0 1812.3866552947018 0 7.68528e-11
298600923.0 1.0 1810.8638194765751 1 0.9994707
116755759.0 1.0 1798.994878416487 1 0.99992776
400127098.0 0.0 1805.201131083363 0 1.17684614e-07
374392307.0 0.0 1798.119017914923 2 4.5445323e-09
403688069.0 1.0 1794.515216315137 1 0.98527
347586190.0 1.0 1794.8901855146803 1 1.0
297694418.0 1.0 1794.5975155489862 1 1.0
428112325.0 1.0 1793.9321336786893 1 0.9999966
233743035.0 1.0 1806.219022178214 1 0.9999939
235982927.0 0.0 1807.8039467200176 3 1.6164347e-07
390575242.0 0.0 1805.2856777303682 0 1.0476026e-09
233072275.0 1.0 1810.6144377145902 1 0.99995667
428213465.0 1.0 1793.807116132728 1 0.9999925
403341982.0 1.0 1799.5768729107092 1 0.9999982
372502168.0 1.0 1810.7849555057896 1 0.99999946
54206670.0 0.0 1812.701999304594 0 8.686695e-06
284057015.0 1.0 1796.4120046462574 1 0.9999998
406968582.0 1.0 1797.7434190499519 1 0.99999815
359343088.0 1.0 1799.243151300436 1 0.9999992
71691223.0 1.0 1798.5149923306699 1 0.9999952
372356717.0 1.0 1810.1404283409354 1 0.9999996
230074876.0 1.0 1794.8022994019866 1 0.99998295
268318443.0 0.0 1810.658168866909 2 2.3619622e-16
186988202.0 1.0 1798.9743907568527 1 0.9999985
368104582.0 1.0 1798.0554401453178 1 0.9999971
359542220.0 1.0 1793.8268505682054 1 1.0
312063195.0 0.0 1808.868610665225 4 2.2047318e-18
292323343.0 0.0 1793.557350250666 2 0.00014108582
377337529.0 0.0 1812.3881196803604 0 6.242118e-08
395944878.0 0.0 1805.2012893923593 0 2.2251932e-05
350697003.0 0.0 1812.3665265447646 0 6.3054006e-07
436881455.0 0.0 1809.0996716976128 0 0.0017704944
331727323.0 0.0 1799.6386060068266 4 7.0052e-20
52712900.0 0.0 1793.7645449500706 2 0.007291311
10871928.0 1.0 1794.5981388251514 1 0.9997542
264404052.0 1.0 1799.4709354984486 1 0.9997372
376971463.0 0.0 1803.9506634370412 3 0.99844444
421972494.0 0.0 1795.347921633787 2 4.0826198e-10
427952421.0 0.0 1808.8676203068171 0 0.0002749114
229942117.0 1.0 1793.9694697929413 1 0.99999344
367424962.0 1.0 1794.1172509444173 1 0.9999975
202839485.0 0.0 1798.599228242031 3 3.240208e-05
259145023.0 0.0 1805.2449218193717 0 3.4863376e-07
307480719.0 1.0 1798.474117073203 1 0.99999994
236983437.0 0.0 1800.4077297169665 4 1.7192285e-08
401007633.0 1.0 1794.1192110949555 1 0.9999826
264335086.0 1.0 1798.1584233620956 1 0.9999872
256645287.0 1.0 1793.7628628968087 1 1.0
433203028.0 1.0 1798.245342217213 1 0.9999989
441807493.0 1.0 1797.4280104173965 1 1.0
194612913.0 1.0 1810.432921482718 1 0.99986446
252178122.0 1.0 1810.3479152981408 1 0.9999995
302547752.0 0.0 1812.3474768222331 0 4.907912e-12
160520893.0 0.0 1805.6776664466065 4 1.7467631e-33
275186724.0 1.0 1810.7219498485981 1 0.99999946
116218868.0 1.0 1794.0989768112725 1 0.9996872
245508690.0 0.0 1793.3902962319858 0 2.5635918e-09
435362324.0 1.0 1797.9511262104618 1 0.9999989
420302118.0 1.0 1798.8874828339342 1 0.9999997
292150215.0 1.0 1794.4740062741776 1 0.99998236
445558560.0 1.0 1793.931819143246 1 1.0
83970419.0 1.0 1797.4932566398988 1 0.999996
289589219.0 1.0 1798.572411810544 1 1.0
13266774.0 1.0 1794.8271906091304 1 0.99999994
200939369.0 1.0 1793.1617583424147 1 0.9999992
353565609.0 0.0 1808.701769156639 3 0.0
256202198.0 1.0 1798.9935579042155 1 0.99483806
35202211.0 0.0 1805.6205901565993 0 0.0038279134
202841130.0 1.0 1798.5783285937766 1 0.9999999
348133402.0 1.0 1811.056894032022 1 0.9999537
301904034.0 1.0 1811.453007783423 1 1.0
233689439.0 1.0 1810.7398683013253 1 0.40007588
229973262.0 1.0 1811.4901970762608 1 0.9999821
327337815.0 1.0 1798.4322974724337 1 0.999993
258744984.0 1.0 1794.6806645546892 1 0.9999336
375081930.0 0.0 1812.3484100635098 0 1.1258986e-06
54265033.0 1.0 1795.3268727800566 1 0.99999523
387448750.0 1.0 1797.2414091632716 1 0.9999984
428388196.0 0.0 1805.244966073777 0 4.3016385e-05
139355123.0 1.0 1795.6828386184784 1 0.99999905
84164944.0 0.0 1797.430967151379 4 5.0733324e-09
444363067.0 1.0 1795.3058692200905 1 0.99999964
428164915.0 0.0 1805.2030500900912 0 2.1646913e-07
302313993.0 1.0 1800.328212600081 1 0.99999166
368966258.0 0.0 1805.45150710955 4 1.2666327e-31
399737240.0 1.0 1798.1175788580708 1 0.9999989
264403001.0 1.0 1796.2417546289323 1 0.99999636
317710072.0 0.0 1805.2007978663555 0 2.083729e-12
445632992.0 0.0 1810.0985225973218 4 1.4742813e-18
336294668.0 0.0 1808.84618953797 0 2.1227295e-05
422610724.0 1.0 1797.076028495572 1 0.999131
288638868.0 0.0 1798.6160960986633 2 7.504795e-13
405460005.0 1.0 1806.3289373678936 1 0.99999934
371221124.0 1.0 1795.846223121889 1 0.91787905
149858556.0 1.0 1810.7873032828554 1 0.9999998
240829983.0 1.0 1798.2026214597263 1 0.9759605
73448768.0 0.0 1805.4120821364947 0 0.0016001422
251103371.0 1.0 1798.7442710026778 1 0.99997324
117168781.0 1.0 1796.4113053554122 1 0.99999326
306188097.0 0.0 1793.1400498919443 0 4.3168213e-10
345918635.0 1.0 1798.4107278268739 1 0.9999805
368521861.0 0.0 1809.180810166417 0 1.7625628e-07
194613825.0 1.0 1796.537007601315 1 0.9999987
199716496.0 0.0 1799.426506555236 3 1.6727311e-30
264917995.0 1.0 1795.6819643647377 1 0.99992657
272932171.0 0.0 1794.8473069985312 2 6.349042e-09
116494019.0 0.0 1812.3907534674408 0 2.1511418e-07
250481535.0 1.0 1797.952921087968 1 0.9999979
272825522.0 0.0 1812.367884083404 0 3.930033e-09
252162561.0 1.0 1811.139731994174 1 0.99999654
285238354.0 0.0 1807.36944777927 4 2.556635e-19
118334690.0 0.0 1793.141385042446 0 0.0006153555
116274802.0 1.0 1795.869602466102 1 0.9999916
288532331.0 1.0 1811.2032724965304 1 0.99999595
241130079.0 1.0 1806.4112060011178 1 0.9999977
63584281.0 0.0 1809.1201066545364 0 0.001972561
385256840.0 0.0 1796.9734915284898 2 9.834974e-17
396006762.0 0.0 1812.3472591346356 0 1.8202129e-05
322055307.0 0.0 1812.3874553402727 0 2.3298077e-10
198242039.0 1.0 1796.8433878412623 1 0.9999966
392125509.0 0.0 1805.2028972102007 0 1.6834024e-07
272221182.0 1.0 1805.2221716116308 1 0.9999999
278998583.0 1.0 1810.368332581157 1 0.999895
271142749.0 0.0 1805.3262648191094 4 4.2352094e-05
370947467.0 0.0 1808.8900822369162 0 0.00011265679
396486678.0 0.0 1798.4090834496944 2 2.006869e-10
403921171.0 0.0 1812.4100835414047 0 6.9313182e-06
240962467.0 1.0 1810.1607441969995 1 0.99999255
264221447.0 0.0 1812.3449904289723 0 1.1200769e-08
285181196.0 0.0 1808.7868919625118 3 0.00046230073
319917521.0 1.0 1799.410404101227 1 0.9999725
118303352.0 1.0 1794.2247695266183 1 0.99991286
427737203.0 1.0 1796.2037794410212 1 1.0
445319070.0 1.0 1797.1813454311866 1 0.9999986
428171024.0 1.0 1796.5779863544276 1 0.9999998
390467942.0 1.0 1798.681526787625 1 0.9751038
347404232.0 1.0 1795.390289728041 1 1.0
73566257.0 1.0 1794.6412340585684 1 0.9999741
283016994.0 0.0 1808.0555540999976 4 3.3773645e-20
301906843.0 1.0 1793.5780455066556 1 0.99978524
251466714.0 1.0 1805.9528553972066 1 0.99996704
278923875.0 0.0 1812.6602185021309 0 5.4096705e-05
117658865.0 1.0 1798.3488677432676 1 0.9999998
420114772.0 0.0 1811.407681769993 3 9.9408845e-18
241064755.0 1.0 1799.6819812905599 1 0.99999046
332477246.0 1.0 1797.7809430964999 1 0.9999944
245428312.0 1.0 1797.8277960875162 1 0.99998814
444413797.0 0.0 1793.139287942388 0 1.6035985e-07
192736120.0 0.0 1805.2866827048588 0 0.00018050482
238656028.0 0.0 1812.348495988235 0 0.00049817364
302077729.0 1.0 1806.3072258495517 1 0.9999998
250536327.0 0.0 1798.2444822188356 4 3.3491604e-15
346926316.0 1.0 1799.3683974698388 1 0.9999996
431836942.0 1.0 1798.9533563137982 1 0.99999416
366554083.0 1.0 1800.1169825736733 1 0.9999997
184682330.0 1.0 1793.2660152166036 1 0.9998858
259253789.0 0.0 1810.5991124695488 2 9.26833e-10
387633055.0 1.0 1797.1581275280612 1 0.99987316
82240853.0 0.0 1808.9106570737326 0 0.00010028037
194672668.0 0.0 1808.9328565283543 0 0.0017198971
250457353.0 1.0 1795.2030762663287 1 0.99998873
456130400.0 0.0 1807.0577221533729 3 6.357515e-12
202839485.0 0.0 1795.7033904978746 3 1.9982534e-05
370212288.0 1.0 1811.4940142431958 1 0.9999963
377419014.0 1.0 1797.9300650894131 1 0.9999953
309138041.0 1.0 1793.369498483546 1 0.99996597
331749911.0 1.0 1795.0758432070295 1 0.99999946
444492029.0 1.0 1793.9102135512799 1 0.99999875
269422151.0 1.0 1799.5971014025515 1 0.9999988
374702111.0 1.0 1795.1816491660343 1 0.999002
256582233.0 1.0 1795.0544980909947 1 0.999998
390736947.0 1.0 1797.7439981241737 1 0.9999993
312769926.0 0.0 1812.6810688915548 0 1.9302767e-07
350132371.0 0.0 1798.9711708111106 3 1.9019427e-11
445228077.0 0.0 1812.7018651518706 0 4.1276408e-06
321823778.0 1.0 1811.3040240482637 1 0.99999875
397282402.0 0.0 1805.2646062625918 0 1.0694745e-05
411582686.0 1.0 1795.5545808045636 1 1.0
199572965.0 0.0 1812.364476913887 0 0.003632782
346846355.0 0.0 1808.8495519349258 0 0.0018902574
198416591.0 0.0 1800.6348454966405 3 0.0
376500394.0 0.0 1806.59644225042 4 9.356059e-09
104143203.0 1.0 1806.1822419555344 1 0.99999523
367681735.0 0.0 1799.5734616297116 3 2.5049824e-06
428069875.0 1.0 1805.6614581407448 1 0.99999946
427807689.0 1.0 1797.055190020093 1 0.9999989
410773652.0 0.0 1805.2210417271895 0 2.3844697e-11
271236952.0 1.0 1794.9305575391963 1 0.9999999
137959883.0 1.0 1796.5371081524095 1 1.0
385555160.0 1.0 1796.0579484014136 1 0.99989074
198188278.0 0.0 1810.9476719359664 2 1.3818881e-10
436882696.0 1.0 1797.516490058611 1 0.9999556
286407109.0 1.0 1799.3480970982857 1 0.9999939
353375342.0 1.0 1810.2228289220152 1 1.0
346845146.0 0.0 1799.3475952499869 2 2.7176673e-17
194781390.0 1.0 1796.0993356696713 1 0.9999967
259130855.0 1.0 1796.240804402891 1 0.9999974
82167490.0 1.0 1794.077417721248 1 0.99998647
417453027.0 1.0 1799.3267015127167 1 0.99998933
192553942.0 0.0 1793.140754089761 0 0.0008315397
285181196.0 0.0 1797.2454067958706 3 2.5007791e-09
326815804.0 0.0 1805.3890035377058 3 1.0609424e-05
407062243.0 0.0 1810.5972186714002 2 5.2270908e-14
219877628.0 1.0 1797.1983473430007 1 1.0
34692264.0 1.0 1793.5789513797286 1 0.99999976
245505921.0 0.0 1793.327800738012 0 6.685775e-08
426983804.0 1.0 1799.141496361843 1 0.99997395
252864374.0 1.0 1805.244837670656 1 0.9999941
288267230.0 1.0 1806.095282990378 1 0.99999684
138055117.0 1.0 1800.0162638200145 1 0.9999999
236787464.0 1.0 1810.1562596640383 1 0.9999668
377500022.0 0.0 1793.4093297224315 0 4.389344e-05
285092220.0 0.0 1812.3694567141963 0 3.7279293e-08
230393741.0 0.0 1808.8861102846195 0 2.3227216e-14
389910268.0 0.0 1805.5563344478705 0 0.00077957666
367815584.0 1.0 1796.9492143654363 1 0.9999909
284539228.0 1.0 1797.5767063306653 1 1.0
326630427.0 0.0 1812.3471149643249 0 5.5668057e-08
137122809.0 1.0 1811.3474470678082 1 0.99998295
407311680.0 0.0 1808.8472833388585 0 0.0009114146
279209131.0 1.0 1796.8685308938777 1 0.9999999
302546370.0 1.0 1799.223779043806 1 0.9999307
230070317.0 1.0 1795.4478106481595 1 0.99999875
198457457.0 0.0 1806.2805693978466 3 2.083744e-28
444834852.0 0.0 1811.556413292632 2 4.2407245e-12
317061647.0 0.0 1799.5337598023505 4 4.93378e-34
367360176.0 1.0 1797.575564250283 1 0.9992939
192841637.0 1.0 1799.1408731276788 1 0.99988836
219790403.0 1.0 1799.1352993390065 1 0.99999976
353781664.0 1.0 1799.26016456119 1 0.9999997
82098328.0 0.0 1808.9106700347513 0 0.0011572709
422540796.0 1.0 1793.2022402308407 1 0.99999857
428660189.0 1.0 1811.4930554416273 1 1.0
399270011.0 1.0 1797.1187038823277 1 0.99888206
269107060.0 0.0 1808.84682924049 0 3.0728e-05
250772110.0 1.0 1798.0778771461455 1 0.99999565
250553209.0 1.0 1798.3904626414844 1 1.0
353492326.0 0.0 1795.118645969678 2 7.680568e-13
435446518.0 1.0 1805.2842919566215 1 0.99999017
233577417.0 1.0 1796.4485086662314 1 0.9999993
398156989.0 0.0 1805.3475952392866 0 7.552974e-09
198457457.0 0.0 1801.4264226937853 3 6.3731474e-36
444743857.0 0.0 1808.9520894700777 0 0.0012507037
390466580.0 1.0 1796.598120771141 1 1.0
54128297.0 1.0 1806.2854719651223 1 0.98421806
352762432.0 1.0 1797.074572702039 1 0.9999973
269697721.0 0.0 1797.1369768324946 3 4.534439e-19
316491482.0 0.0 1806.6137945616172 4 7.4399047e-09
250774747.0 1.0 1806.0571006618009 1 0.9999665
431834695.0 1.0 1794.3073345942216 1 0.9999796
65575298.0 0.0 1812.3701971982234 0 0.0023739338
270324877.0 0.0 1805.2219669157969 0 1.0025982e-05
245421634.0 0.0 1812.3485055911449 0 0.0008017482
67997878.0 1.0 1811.1615610652505 1 0.9999533
77426875.0 1.0 1795.2454445283076 1 0.99998856
347485763.0 1.0 1797.3275945948644 1 0.99999976
388037253.0 0.0 1809.0956817598367 0 7.725159e-09
279609631.0 1.0 1797.7217516721998 1 0.9999996
219772418.0 1.0 1799.1351410210425 1 0.9999999
407387075.0 1.0 1811.5571204323319 1 0.99999964
264294812.0 0.0 1808.9918036412362 0 6.684532e-10
285544398.0 0.0 1805.5561302798683 0 2.188672e-05
251721478.0 1.0 1810.2653144002431 1 0.99999636
348637653.0 1.0 1796.0788254940674 1 0.99989325
286482705.0 1.0 1797.3897168358494 1 0.9999983
424277539.0 0.0 1796.05641895741 2 1.5413805e-05
373617273.0 1.0 1799.9107105917144 1 0.99999964
116613570.0 0.0 1808.8699309447043 0 2.1467638e-08
85486799.0 0.0 1796.6413407330583 0 0.0026232095
255993442.0 1.0 1794.36630444643 1 0.9999994
137907136.0 1.0 1794.5787431517538 1 0.9999999
235982927.0 0.0 1800.1788978418772 3 6.57003e-07
378464092.0 1.0 1798.3264897268334 1 0.9999912
428209530.0 0.0 1793.140515766769 0 0.0025808427
321443552.0 0.0 1812.3872809562383 0 9.637612e-10
81604363.0 0.0 1794.3480273031303 0 3.1521424e-06
271837269.0 0.0 1811.1385973077358 2 9.050126e-21
316449921.0 1.0 1799.0361532240104 1 0.9997344
199682624.0 1.0 1793.3222838123954 1 0.9999784
374693211.0 1.0 1796.2235824504558 1 0.99999803
417642904.0 0.0 1808.8874074385035 4 1.8560258e-06
250475148.0 0.0 1808.869500384763 0 6.3790973e-09
353853673.0 1.0 1799.4686421407816 1 0.9999907
445488145.0 0.0 1808.8693473823687 0 1.0585028e-05
326723199.0 1.0 1806.367999309978 1 0.9998335
240891813.0 1.0 1810.556529591691 1 0.999985
320492837.0 0.0 1810.3684953078948 4 0.12249127
256804410.0 0.0 1805.9699787614752 4 6.1255185e-12
331791672.0 0.0 1805.5758977725955 2 7.8310774e-07
406535088.0 0.0 1796.6373998270392 0 1.9796078e-09
396203652.0 1.0 1798.2223276195355 1 0.999853
91436583.0 0.0 1796.6415011194947 0 0.0016511627
34688749.0 1.0 1794.2247553345483 1 0.9999992
389764181.0 1.0 1793.5980536031695 1 0.9999999
308220194.0 1.0 1796.3693640495246 1 0.9999948
252817998.0 1.0 1799.2446218992334 1 0.99923253
420473035.0 1.0 1796.388998373832 1 0.9999983
299335638.0 0.0 1805.2444142063196 0 1.9543639e-05
445356907.0 0.0 1805.5562960069958 0 6.832414e-07
372262222.0 1.0 1793.4713178422924 1 0.99999917
229585958.0 0.0 1805.198912037609 0 1.15989165e-08
400606498.0 1.0 1806.265207509435 1 0.99996096
431895613.0 1.0 1797.5781641250273 1 1.0
377504191.0 1.0 1794.7842647664027 1 0.98300916
354539917.0 0.0 1805.2237434337621 0 9.724433e-06
201357578.0 1.0 1795.453467961887 1 0.99999756
264699894.0 0.0 1796.6375614115366 0 0.0011491451
34691690.0 1.0 1796.6206201267232 1 0.9999891
314590152.0 1.0 1796.9704840804304 1 0.9999636
81452605.0 1.0 1795.8687818747605 1 0.99983615
184681829.0 1.0 1798.6201287320741 1 0.9993636
368311879.0 1.0 1798.1386237634104 1 0.9999999
250553237.0 1.0 1798.7446294567737 1 0.99999094
52036676.0 1.0 1795.5768998845047 1 0.9999987
200997309.0 1.0 1797.1201637639385 1 0.9999994
368599655.0 0.0 1808.867733195711 0 1.3158545e-08
372792951.0 1.0 1810.952055673366 1 1.0
104314423.0 1.0 1797.2030058485125 1 0.9999946
285507165.0 1.0 1794.2237187779774 1 0.99998665
292720321.0 1.0 1795.5575066064234 1 0.9999832
412359154.0 1.0 1799.5128756432903 1 0.9996046
372639533.0 1.0 1799.5329731833535 1 0.99999785
436863245.0 0.0 1808.9121295802029 0 0.0009239018
233093015.0 1.0 1798.3854920461931 1 1.0
312776148.0 1.0 1795.6188830421574 1 1.0
374918457.0 0.0 1798.5152243954947 4 1.4891336e-09
191772387.0 0.0 1812.3485884016288 0 0.0036209987
233680651.0 0.0 1812.3853366771805 0 4.1855355e-08
46479350.0 1.0 1794.8080041393735 1 0.9999737
377143974.0 1.0 1805.8256959370885 1 0.9991735
287151718.0 1.0 1797.322627269588 1 0.9999851
271237545.0 0.0 1797.0346931591428 4 3.249556e-11
331546203.0 1.0 1795.6379255504478 1 0.99996644
269893200.0 0.0 1808.9121135419844 0 0.00020498775
26618253.0 1.0 1797.4537514801093 1 0.9999842
289271022.0 1.0 1797.5762094312392 1 0.9999998
435161383.0 1.0 1805.3467250916265 1 0.999989
308778220.0 1.0 1795.8903386936588 1 0.9999131
117754937.0 1.0 1799.7655705103027 1 0.9999391
445529185.0 0.0 1795.1818885845878 2 6.906741e-17
275190471.0 0.0 1798.4094125026452 2 3.2977518e-08
445349410.0 1.0 1811.2229566024846 1 0.9999953
405612354.0 1.0 1797.161619174672 1 0.9999994
198237165.0 1.0 1811.4266986947223 1 0.99997795
367422687.0 1.0 1794.5130480926953 1 0.99999994
272783415.0 1.0 1796.6563598686132 1 0.99992263
388606331.0 1.0 1795.7006024622335 1 0.9999769
192246961.0 0.0 1793.1406519420948 0 0.0018515262
219099780.0 1.0 1810.4486027179025 1 1.0
327439579.0 1.0 1794.369909708892 1 0.999995
444122743.0 0.0 1798.0567376060071 4 1.6009948e-07
347496529.0 0.0 1808.995008441994 0 0.00363627
323060389.0 0.0 1808.950035698849 0 0.0014037718
230386284.0 0.0 1797.2194837711172 3 1.5761097e-23
289352104.0 0.0 1808.868163361431 0 1.1223377e-07
352118260.0 1.0 1796.1807443130092 1 1.0
420114727.0 1.0 1799.678504018212 1 0.99994683
450153505.0 1.0 1794.7444201331932 1 0.9999998
82343498.0 1.0 1810.3484112197834 1 0.99974597
230071415.0 0.0 1793.1771575772816 0 0.00011247215
407461089.0 1.0 1810.951110593732 1 0.9999848
400744994.0 0.0 1812.4315381904844 0 0.00011244289
373702514.0 1.0 1796.8061782713924 1 0.9999999
279262088.0 0.0 1794.764229419648 2 4.981881e-09
428614032.0 0.0 1812.3471464814234 0 8.55113e-05
357099943.0 0.0 1809.3851212384598 0 1.6259196e-06
250473966.0 0.0 1808.8695396572718 0 1.2778438e-08
441734144.0 0.0 1807.3240329718742 3 0.0
256417788.0 1.0 1794.6187244492935 1 0.99999595
117522865.0 0.0 1812.3698183461045 0 1.7767704e-10
445450961.0 0.0 1808.869286484717 0 3.2935024e-08
285906063.0 1.0 1798.8062681668287 1 0.99999833
327137793.0 1.0 1805.41134049083 1 0.9999946
198388252.0 0.0 1807.8430478324108 3 5.787041e-26
20875993.0 1.0 1795.140901254515 1 0.99992293
323058312.0 1.0 1799.4083687691998 1 0.9915036
349294422.0 0.0 1792.9954327907299 3 4.2097503e-10
396604038.0 1.0 1810.930657848352 1 1.0
229439064.0 0.0 1810.4068564265715 4 9.415125e-22
396241216.0 0.0 1805.88914371436 2 9.245626e-17
264698494.0 1.0 1806.262705193287 1 0.9918979
269697721.0 0.0 1796.1786484705613 3 8.7840645e-15
49949467.0 0.0 1810.140016993847 2 4.7710488e-05
265191865.0 1.0 1793.7652849091846 1 0.9998944
402205169.0 0.0 1809.0573196103776 0 0.0016477369
240903642.0 0.0 1812.3482436084223 0 3.7046907e-06
419253783.0 1.0 1796.2851400352722 1 0.999995
270015117.0 0.0 1796.9095936576848 0 2.0557366e-06
315827148.0 0.0 1793.4735876018497 2 1.153413e-18
233008631.0 1.0 1798.1150795210133 1 0.9999981
283143602.0 0.0 1805.5560427041294 0 1.6941893e-08
288428722.0 0.0 1812.3451692509939 0 3.9586457e-06
67635471.0 1.0 1793.2659633761716 1 0.9999245
307478527.0 0.0 1805.286725683205 0 0.000104267005
5674169.0 0.0 1800.6829559869243 3 3.650704e-05
385556396.0 1.0 1796.8704696176917 1 0.99999595
367535296.0 1.0 1799.161433044471 1 0.9999869
237302848.0 1.0 1793.8870694410566 1 0.9986878
377419150.0 1.0 1798.8467200536809 1 0.9999965
445336581.0 1.0 1799.0771935402272 1 1.0
302472291.0 1.0 1796.5572653126042 1 0.99999607
229487644.0 1.0 1806.1779876431983 1 0.999906
322262620.0 0.0 1808.262595593118 3 1.2307316e-12
418177914.0 1.0 1799.951557564378 1 0.99999905
52637626.0 1.0 1811.4519899310526 1 1.0
399358798.0 0.0 1812.7022779621661 0 0.00010354184
348135223.0 0.0 1812.3485047426793 0 1.010823e-05
399450540.0 0.0 1795.951968513803 2 6.5680626e-07
315730280.0 1.0 1799.0358955337035 1 0.99999976
202354046.0 0.0 1805.1974986991418 0 1.7851839e-07
50122161.0 1.0 1798.0982193477034 1 0.9999944
292850091.0 0.0 1796.6409067498603 0 0.000719145
249884710.0 0.0 1812.619754504594 0 1.654589e-09
307640555.0 0.0 1812.3485718834413 0 0.00018215165
252120401.0 1.0 1799.7022303078988 1 1.0
333112922.0 0.0 1808.9733028574449 0 3.1486343e-07
428326637.0 1.0 1805.515598033711 1 0.99999905
331793908.0 1.0 1794.0758361747048 1 0.99999934
347690325.0 0.0 1793.4109164075883 2 6.061941e-06
348223782.0 1.0 1810.6191587191963 1 0.99999946
73730331.0 1.0 1798.7662230243998 1 0.9999919
50848156.0 1.0 1796.8896450534692 1 0.9999995
177968827.0 0.0 1805.3077997955927 0 0.0013957669
219429377.0 0.0 1795.4891561814932 4 0.0066364245
243297282.0 0.0 1805.281727123666 4 3.1275775e-15
445319458.0 0.0 1810.2436467811458 2 1.1090793e-09
410779590.0 1.0 1795.7420569985704 1 0.9999998
445607819.0 1.0 1805.5153516334994 1 0.9999691
444124524.0 1.0 1798.6609541086916 1 0.9999981
287081097.0 0.0 1808.9265016410836 0 3.0771627e-08
299492302.0 1.0 1793.8460861720419 1 0.99999976
417310918.0 1.0 1798.0558853853074 1 0.9999972
305294894.0 0.0 1808.8453358188049 0 0.00014640574
230392235.0 1.0 1795.49027468072 1 0.9999833
178041326.0 1.0 1794.5578194532363 1 1.0
256375216.0 1.0 1795.4700090955303 1 0.99995404
468293391.0 0.0 1801.3049941303955 3 1.2890722e-35
421691767.0 1.0 1794.5147416151042 1 1.0
302074041.0 0.0 1812.3697902172169 0 8.327535e-08
224605072.0 0.0 1804.9056569131133 3 2.5769426e-19
233724202.0 1.0 1811.1354245035932 1 0.99999946
338427075.0 1.0 1797.596578148619 1 0.9999219
34577942.0 1.0 1798.0373120771214 1 0.9999918
202927680.0 1.0 1795.9741374450211 1 0.9999154
445229538.0 1.0 1810.4519379777894 1 0.99999905
374779684.0 0.0 1809.2651806479575 4 1.4411302e-25
322267413.0 0.0 1800.408546275992 0 1.2279912e-07
230006861.0 1.0 1800.282116941512 1 0.9999994
259255376.0 1.0 1796.0781439565476 1 0.9999985
417766930.0 0.0 1805.2217218701112 0 3.3456382e-10
302776074.0 1.0 1795.826803822107 1 1.0
435263915.0 0.0 1810.6800024053282 2 3.9521805e-07
53962783.0 1.0 1794.410497447753 1 0.9997632
312555694.0 1.0 1795.2856294362327 1 0.9999997
198361226.0 1.0 1798.905716511261 1 1.0
264026982.0 1.0 1797.3456146096946 1 0.9999931
255882329.0 1.0 1796.6393816632453 1 0.99999756
388508756.0 1.0 1810.7423181098852 1 0.9999876
251786433.0 1.0 1797.494197953755 1 0.9999989
29053936.0 1.0 1799.4122931328664 1 0.9977761
198242676.0 0.0 1803.4682185908052 3 1.3148684e-12
293066086.0 0.0 1807.9531603404153 3 1.8587981e-08
444533010.0 1.0 1795.3063379243115 1 1.0
251757983.0 1.0 1810.5571741575582 1 0.9999901
312257532.0 1.0 1796.5770464299926 1 0.9999765
387530516.0 1.0 1810.282893386675 1 0.9989779
275463340.0 1.0 1796.1185165948175 1 0.9999996
184588451.0 0.0 1796.641028592577 0 0.0016364831
297772608.0 1.0 1795.1602588655549 1 0.99999994
374691551.0 1.0 1793.306954045448 1 0.9999701
117114207.0 0.0 1808.9116384639647 0 0.001506145
444792237.0 1.0 1797.6395547426027 1 0.9999425
236985082.0 1.0 1799.0535924337235 1 0.9999443
178175453.0 1.0 1810.7453595864417 1 0.9999563
160618494.0 0.0 1795.5944015252649 2 5.5765766e-14
372123888.0 0.0 1793.3277997088057 0 9.317628e-09
394121705.0 1.0 1797.09498588931 1 0.99999917
368515911.0 1.0 1805.5557157026174 1 0.9999989
455960348.0 1.0 1795.7841671120154 1 0.99979305
267542061.0 0.0 1809.30361842111 4 3.9389242e-21
299335547.0 1.0 1810.6401554821575 1 0.99986523
104029331.0 0.0 1812.3489460755354 0 1.2150437e-05
364181444.0 1.0 1796.6790297180503 1 0.99990517
229594701.0 1.0 1805.6157372176326 1 0.99999535
11431124.0 0.0 1805.2648298165964 0 4.5010398e-07
118418150.0 0.0 1805.2870986656521 0 0.0012814666
104143893.0 1.0 1798.4113278204559 1 0.9999969
252129099.0 0.0 1795.4523003467787 4 6.624804e-20
50117636.0 1.0 1811.369027801009 1 0.99999946
436873913.0 0.0 1796.7664646490289 3 0.00023693168
387286746.0 0.0 1808.8661221959403 0 0.000496532
219774911.0 0.0 1800.0313799502358 4 4.5433185e-06
316627444.0 1.0 1810.7863849554308 1 0.99999905
232640354.0 0.0 1812.5311926083743 0 5.8572063e-09
444795690.0 0.0 1799.3686542525888 2 2.0482264e-07
302386283.0 1.0 1796.5154838619571 1 0.9999897
73691743.0 1.0 1798.6203853566078 1 0.9999969
370430421.0 1.0 1794.1190667387446 1 0.9999984
317470793.0 0.0 1799.7216815522934 3 3.2132376e-36
315518878.0 0.0 1800.0775599825433 4 0.0017135196
20705070.0 1.0 1798.9116427894587 1 0.9999307
10974155.0 1.0 1799.0771719601285 1 0.9999987
219895134.0 1.0 1811.4066289085395 1 0.9999981
29109245.0 1.0 1795.9538836475917 1 0.99999917
49942082.0 1.0 1798.2857373472461 1 0.9999998
302084099.0 1.0 1796.995145691018 1 0.999982
194809464.0 1.0 1795.203641643577 1 0.9997061
377611329.0 0.0 1811.8258658726395 3 5.1271723e-18
354643717.0 0.0 1808.849039740141 0 0.00036135418
224608302.0 0.0 1809.3015711444762 4 8.449216e-18
286482458.0 1.0 1798.3897461438928 1 0.99999124
407425314.0 1.0 1810.6178182502042 1 0.99996424
445633092.0 1.0 1796.0359989991525 1 0.9999877
417735594.0 0.0 1796.9909531962383 0 1.0443247e-09
201237472.0 0.0 1812.6620940071275 0 0.00081051514
12644309.0 1.0 1798.5149177892436 1 0.36616343
200778468.0 1.0 1811.4329289677282 1 0.9999512
101216819.0 1.0 1796.0578395779023 1 0.99996716
292200979.0 0.0 1805.2865470289137 0 3.913791e-06
445181450.0 0.0 1793.8271843026957 3 4.4832577e-17
374475282.0 0.0 1809.1608001412565 0 0.0010943903
283251783.0 1.0 1793.7018627186003 1 0.9999999
317508727.0 1.0 1797.3882110638488 1 1.0
400246637.0 0.0 1812.3679296389191 0 1.0703409e-09
232617923.0 0.0 1808.676684278132 4 9.237642e-28
322392678.0 1.0 1795.2836467585753 1 0.9999989
378856233.0 0.0 1805.2223125834382 0 1.9495816e-05
385403805.0 1.0 1810.2443648257517 1 0.99993145
265378806.0 0.0 1808.890429830143 0 0.00049329665
428257299.0 0.0 1805.2031261430761 3 2.7817258e-22
409713395.0 0.0 1796.8253437433896 0 0.00010399732
383647375.0 1.0 1797.61507255069 1 0.99998355
385337099.0 0.0 1806.4321520932488 4 5.0351645e-10
432014461.0 1.0 1810.6202652886368 1 0.9999886
453011533.0 0.0 1810.8477611341164 2 2.4599635e-07
396486931.0 0.0 1804.5341403687455 3 2.0259446e-14
116374908.0 0.0 1809.07825266187 0 1.821654e-07
83812531.0 0.0 1795.1184035211334 3 1.2718161e-08
396208135.0 1.0 1796.471965361159 1 0.9999973
375851370.0 1.0 1793.6589567784947 1 1.0
237080213.0 0.0 1796.9078518843103 0 9.993318e-05
259274062.0 0.0 1793.4074739020245 0 4.315747e-08
396062171.0 0.0 1808.8682790363289 0 3.4085973e-05
77354448.0 1.0 1798.4746868715683 1 0.99991965
104146577.0 1.0 1796.7654069578812 1 0.9966097
455898212.0 0.0 1798.0966448124973 2 4.5230322e-10
399433700.0 1.0 1805.9106763067239 1 1.0
445354648.0 1.0 1798.9939270341627 1 0.9999318
312766850.0 0.0 1794.764679827498 4 0.0030910228
427548884.0 1.0 1796.3675842236119 1 0.9999978
427512948.0 1.0 1796.6383461658172 1 0.99999756
332477068.0 1.0 1797.3226479364764 1 0.9999344
301421405.0 1.0 1799.2446832826658 1 0.99997246
192882689.0 0.0 1796.640943614806 0 0.0028101304
265196030.0 0.0 1793.3276687620635 0 4.8209554e-06
371006659.0 1.0 1798.869212598865 1 0.99999976
388434752.0 1.0 1806.3882272383057 1 0.9999994
200876634.0 0.0 1812.3494883285077 0 0.00040965748
250476986.0 0.0 1805.2028198433027 0 0.00027663013
199616876.0 0.0 1809.5097360894629 0 0.0010287473
403827847.0 0.0 1797.8479961878716 0 2.0921602e-08
118270850.0 0.0 1812.5368028926916 0 0.0008919141
258801567.0 0.0 1812.3445427980457 0 1.7626249e-09
403944798.0 0.0 1805.3478691595274 0 4.753686e-05
418374518.0 1.0 1796.096462217116 1 0.9999987
348138357.0 0.0 1799.1193195877 4 8.523862e-12
285239772.0 1.0 1793.9529304462865 1 0.9999925
275421924.0 0.0 1797.200040387008 2 7.192956e-12
229585356.0 0.0 1803.886276173682 3 1.1446015e-28
370211039.0 0.0 1805.5565950686348 0 1.143221e-06
256502781.0 1.0 1799.241931710106 1 0.991496
285467081.0 1.0 1798.974650802942 1 0.99994075
65691592.0 1.0 1795.9950281733832 1 0.99999976
348025586.0 1.0 1798.7652331238532 1 0.9999947
236889847.0 0.0 1812.3448942176306 0 9.1247125e-07
272143443.0 0.0 1796.9097473033764 0 1.9459724e-06
452944756.0 0.0 1809.1810819862217 0 2.7642607e-06
343269564.0 0.0 1812.3451513309283 0 0.0007840893
252106213.0 1.0 1794.327396001211 1 1.0
354793969.0 1.0 1806.2866494152854 1 0.99995244
307111490.0 1.0 1797.3275992450574 1 0.999998
370687899.0 0.0 1805.5149606100317 0 1.0735128e-05
354548329.0 1.0 1798.494523481887 1 0.9999999
139432465.0 1.0 1798.6620263191369 1 0.99993736
356866714.0 1.0 1794.5529704157257 1 0.9999999
354288215.0 0.0 1808.8673727064745 0 8.97994e-09
94477002.0 1.0 1796.1410534763902 1 1.0
198555348.0 0.0 1808.8435503353794 0 0.0002907244
428606311.0 1.0 1797.472200722201 1 0.999435
192371525.0 1.0 1805.8076058375816 1 0.99997634
354314386.0 0.0 1805.2235721455656 0 1.463743e-07
445364484.0 1.0 1796.431357521335 1 0.99997747
427737930.0 0.0 1805.5789300436888 0 0.0012905631
284080203.0 1.0 1811.0580119107872 1 0.99999934
286326437.0 1.0 1794.8897793170336 1 0.999989
117754740.0 1.0 1799.3072356367263 1 0.99999887
94334437.0 0.0 1806.0996475300633 2 2.8122583e-06
184608038.0 1.0 1794.1619070272604 1 0.99969554
81386428.0 1.0 1795.4941404877075 1 0.9998941
358829327.0 1.0 1797.013483532653 1 0.73800164
329172512.0 1.0 1798.3847982295938 1 0.99999994
348235706.0 1.0 1794.1818952448073 1 0.99983156
403254664.0 1.0 1794.701979373908 1 0.99999714
275690049.0 1.0 1794.6152793313217 1 0.99999946
14114016.0 1.0 1796.7647083684553 1 0.9999815
279062647.0 0.0 1793.3059001420543 2 2.1898375e-06
388605142.0 1.0 1794.8048702533654 1 0.9999973
450009479.0 1.0 1799.660527301167 1 0.99999756
453305325.0 1.0 1799.0149621307355 1 0.99922734
235680772.0 1.0 1806.386780350134 1 0.9999802
251296364.0 1.0 1797.3069171388543 1 0.9999999
229676244.0 0.0 1811.6782367101503 3 4.4597304e-08
270321615.0 1.0 1799.0761815489789 1 0.9999977
50617774.0 1.0 1810.5356451219213 1 0.99998057
302476679.0 1.0 1797.0987895982396 1 0.99997956
373332929.0 1.0 1797.8258597180325 1 0.999998
399788405.0 0.0 1799.1562765202 3 3.7838958e-36
354255910.0 0.0 1805.22366922786 0 9.0257544e-07
293128261.0 1.0 1794.9532058316142 1 0.9999972
375850472.0 1.0 1810.4712453249767 1 0.99999964
12645158.0 1.0 1798.1607657650022 1 0.9999998
400404915.0 0.0 1799.3029633242454 4 3.8875858e-22
202904195.0 1.0 1796.2659344548995 1 0.9999988
256425726.0 1.0 1795.5977463826946 1 0.99669814
10163538.0 0.0 1805.410564847555 0 1.2339353e-06
245374473.0 0.0 1805.2029097260076 0 3.6674566e-05
250748273.0 1.0 1794.5572434074365 1 0.9999855
445562406.0 0.0 1808.8485445992033 0 1.7092144e-07
364185907.0 1.0 1795.2207071752268 1 0.99999994
422660772.0 0.0 1808.8674812856968 0 1.1081811e-06
269909241.0 1.0 1798.9955399082946 1 0.9999444
94668900.0 0.0 1809.1205276171231 0 0.0006783928
369238838.0 1.0 1794.8476266554055 1 0.9999886
241046656.0 0.0 1796.6403694091905 0 0.00016963626
369731587.0 1.0 1795.3269058684211 1 0.9999995
126027254.0 1.0 1795.620478882756 1 0.9999945
250828300.0 0.0 1812.36967992837 0 3.5496792e-05
233512441.0 1.0 1796.7597542608873 1 0.99998957
315937374.0 0.0 1808.5152083002836 3 5.1747867e-24
13837293.0 0.0 1799.1190258016188 4 0.23650119
353989515.0 0.0 1805.197505185165 0 7.244834e-06
238738301.0 1.0 1797.745099609887 1 0.99999976
186763551.0 0.0 1796.6411703905483 0 0.0018390312
192471665.0 0.0 1796.7033401155434 0 0.0013334753
428612019.0 1.0 1806.13880037095 1 0.9999987
83719555.0 0.0 1796.4517401172466 2 1.8257913e-06
395408858.0 0.0 1805.201516718597 0 1.240629e-05
139465168.0 1.0 1798.703669479287 1 1.0
77420789.0 1.0 1797.0371270492535 1 0.99999744
366591179.0 1.0 1793.450292895321 1 0.99998856
178082184.0 1.0 1805.995273772208 1 0.99999195
54057589.0 1.0 1797.4727573677862 1 1.0
375783301.0 0.0 1797.6797175912766 4 2.0320486e-32
417453021.0 1.0 1796.3891530802766 1 0.9999929
312682043.0 0.0 1812.702034241854 0 9.897373e-05
354699041.0 0.0 1798.2018408736167 4 1.0929728e-23
444358462.0 1.0 1796.7017714248575 1 0.9999948
237208852.0 1.0 1795.9285830185036 1 0.99999964
126062713.0 1.0 1796.6621450634832 1 0.9999847
385049038.0 1.0 1811.5368943303342 1 0.9999991
445278656.0 0.0 1812.6603798714748 0 2.3453193e-05
240701337.0 0.0 1809.1603978082076 0 0.0010038934
374842163.0 0.0 1808.452717706508 4 1.20502315e-11
368402529.0 1.0 1798.8057770973455 1 0.999999
427948876.0 1.0 1794.6593893189058 1 0.99999934
445350626.0 0.0 1809.2021607126703 0 3.235909e-09
444142556.0 0.0 1807.7445085803286 4 1.48003655e-05
374479027.0 0.0 1793.14006912381 0 4.53256e-09
372060791.0 0.0 1793.3254055011282 0 2.1566922e-07
229744228.0 0.0 1808.886015778098 0 5.6991344e-06
309237684.0 1.0 1795.9319056687373 1 0.99999934
219848566.0 0.0 1794.7812773011515 2 3.3017614e-07
346782253.0 1.0 1796.5160969495735 1 0.99998796
50615441.0 1.0 1799.4939511282869 1 0.99999905
269707580.0 0.0 1796.9095747416113 0 6.699307e-06
12483442.0 1.0 1798.8065126364277 1 0.99998075
194736550.0 0.0 1793.1409282031714 0 0.0020634013
241110670.0 1.0 1797.098631624303 1 1.0
369828750.0 1.0 1793.2436803108021 1 0.9999945
302160540.0 0.0 1808.8698996631224 0 1.9006354e-09
241084052.0 1.0 1810.3487004063772 1 0.99998564
229740698.0 0.0 1812.4695567837332 0 1.2771499e-11
63674732.0 0.0 1795.4746347885457 4 1.4868487e-13
427594357.0 0.0 1795.0342756736727 2 0.008634854
22739134.0 1.0 1811.432816355665 1 1.0
275765941.0 0.0 1810.3687743176633 4 9.263491e-06
50772699.0 1.0 1794.8272894514957 1 0.99973834
356341118.0 1.0 1797.072307800033 1 0.9999975
359388299.0 0.0 1812.4475282906985 0 0.0006419901
319713849.0 1.0 1795.9936927812164 1 1.0
336749293.0 0.0 1812.36696799644 0 0.00020904826
117173417.0 1.0 1795.6612363126133 1 0.99999183
327000169.0 1.0 1805.868379118653 1 1.0
379159594.0 1.0 1793.4725866239444 1 0.9999984
77173813.0 0.0 1812.6410622229214 0 0.0014419141
353077789.0 0.0 1795.951729811961 3 7.43982e-09
417700830.0 0.0 1808.8450949109235 0 1.3495665e-08
372060884.0 1.0 1795.6795508327893 1 0.9999934
312766854.0 1.0 1810.8478005565626 1 0.9999999
424461577.0 0.0 1799.2398501279374 3 7.349724e-31
420470524.0 1.0 1796.3265602890467 1 0.9999891
292462641.0 1.0 1793.7031521734086 1 0.99999994
252808973.0 1.0 1793.4322143325744 1 0.9999409
196919077.0 1.0 1795.786308910753 1 0.9999971
387696625.0 0.0 1812.3453954162962 0 5.7416004e-05
259144809.0 1.0 1797.3281484541094 1 1.0
331849016.0 1.0 1795.0341096821774 1 0.9999966
83056649.0 1.0 1799.035078837074 1 0.9999993
219096147.0 1.0 1805.9695552690941 1 1.0
192529148.0 1.0 1799.1200604766948 1 0.9999335
278933172.0 1.0 1805.5766023299634 1 1.0
367430441.0 1.0 1799.179708311038 1 0.99999976
250706914.0 0.0 1808.5570655626893 4 7.954229e-15
117170145.0 1.0 1794.7862305826445 1 0.9999511
334801172.0 1.0 1798.575472618064 1 0.9999935
235999054.0 1.0 1798.3039272299116 1 0.99982834
229676244.0 0.0 1799.2822097804667 3 4.838937e-05
319719472.0 0.0 1798.2229300911079 2 1.0855122e-08
410472997.0 0.0 1808.8901518418957 0 5.6432754e-07
397368112.0 0.0 1805.2872064792514 0 0.0013033845
71852651.0 1.0 1810.8067247722727 1 1.0
331719793.0 0.0 1797.2649393815545 4 3.409226e-13
63345593.0 0.0 1805.3492980754716 0 2.1206031e-05
445513724.0 0.0 1793.1400701061343 0 7.671419e-09
411582097.0 1.0 1805.8252180632403 1 0.99999994
192320467.0 0.0 1812.4741263187598 0 0.001828023
233547085.0 1.0 1806.0940092849683 1 0.9999639
83425443.0 0.0 1805.2431395869576 0 2.2807046e-05
50771941.0 0.0 1797.9731950804837 4 0.009257735
286574198.0 0.0 1812.4107925460114 0 0.000403622
229510813.0 0.0 1808.8655870076504 0 8.172469e-06
390045150.0 0.0 1805.3062089327707 0 2.9721285e-09
390929643.0 1.0 1795.6603669834535 1 0.9999389
241059614.0 0.0 1793.1401683136064 0 1.3488717e-08
20999148.0 0.0 1796.6414041231078 0 0.0017639542
378647446.0 1.0 1798.3679676750853 1 0.99999994
377251803.0 0.0 1811.864652294712 3 4.5230187e-27
317009088.0 0.0 1809.012825808382 0 5.885525e-10
417843137.0 1.0 1794.8910337446057 1 0.99999994
348132881.0 0.0 1807.8277687122368 4 3.0690833e-13
229493442.0 1.0 1811.261174669663 1 0.9999981
366027775.0 1.0 1798.5554547712848 1 0.99999946
192466212.0 0.0 1812.4951191014954 0 0.00071629824
335157865.0 1.0 1806.3045114399818 1 0.99999845
250454963.0 0.0 1805.202934240393 0 8.6059737e-07
116556486.0 1.0 1796.161317204438 1 0.99983525
279947590.0 1.0 1805.8468528181586 1 0.9999807
354715128.0 1.0 1806.3489814909456 1 0.9999851
255802749.0 0.0 1793.4313077457105 3 3.10049e-32
441763913.0 0.0 1806.4070493902389 4 1.5725075e-29
271021609.0 0.0 1796.9096329920383 0 9.663829e-07
357034919.0 1.0 1810.4684948105455 1 0.9999964
301797663.0 1.0 1810.8496062588542 1 0.99968815
269912856.0 1.0 1793.3288513134885 1 0.99999917
390575949.0 1.0 1797.0563715014407 1 0.9999966
385200736.0 1.0 1810.3285300509995 1 0.9999984
238655883.0 0.0 1794.53639216001 2 1.09865086e-13
118270197.0 0.0 1812.4326216707846 0 0.0005238611
327604783.0 0.0 1793.1405978574692 0 1.3445941e-09
366072761.0 0.0 1797.2219724727152 3 1.5501161e-26
270817603.0 1.0 1794.8889670557091 1 0.99999994
396442464.0 1.0 1794.7212359608036 1 0.9926682
271153607.0 1.0 1805.597119223153 1 0.99978584
416192978.0 0.0 1799.386433906579 2 6.9840196e-11
285508830.0 1.0 1797.869498954821 1 0.9999994
321447827.0 1.0 1798.4500468505141 1 0.9999657
252813913.0 1.0 1806.3906174244285 1 0.99999976
286358307.0 1.0 1805.5370826923381 1 1.0
316138176.0 1.0 1795.7441745068386 1 0.9999867
329246824.0 0.0 1804.07242109719 3 6.101451e-27
238721865.0 1.0 1810.911398375292 1 0.9999987
399788405.0 0.0 1810.7810989701645 3 5.4496202e-36
352674335.0 0.0 1805.2224877696 0 5.9125505e-06
317393518.0 0.0 1808.8466110064687 0 0.00039861893
258870732.0 1.0 1794.9489512134794 1 0.99904615
353988152.0 0.0 1812.530670206233 0 2.7687688e-10
264615805.0 0.0 1810.4110254227664 3 2.9292369e-05
280164086.0 1.0 1799.136823539912 1 0.9999997
256607833.0 1.0 1797.4316419337724 1 0.9999997
252140076.0 0.0 1805.9522989762022 3 2.363495e-12
117521093.0 1.0 1806.4115328754776 1 1.0
395942641.0 1.0 1793.9303640764426 1 0.9988215
470710327.0 0.0 1793.3474031569856 3 1.1306444e-22
396574801.0 1.0 1795.578465838139 1 0.9999974
388507792.0 0.0 1808.8465368916648 0 3.2098316e-05
269697721.0 0.0 1798.3869698376138 3 5.131271e-22
352979549.0 0.0 1806.0539035530371 3 8.3586304e-38
50456236.0 0.0 1808.9106316098669 0 8.5524876e-13
445108634.0 0.0 1812.8684920803976 0 6.8639565e-09
444414317.0 1.0 1799.8267504085086 1 0.9942544
5735606.0 1.0 1811.3910072138274 1 0.9995988
268842104.0 0.0 1812.3883180159976 0 3.2498836e-08
249879393.0 0.0 1812.390503233076 0 3.136567e-05
219894715.0 1.0 1805.4483916861 1 0.99999917
379604950.0 0.0 1798.118525207409 2 3.1667108e-10
194736525.0 1.0 1795.1618083405144 1 0.9993543
118443239.0 0.0 1798.099735070511 2 3.1102303e-08
420176421.0 0.0 1808.8869531865757 0 2.704077e-07
408705295.0 1.0 1794.4509485532528 1 0.9993378
390804313.0 1.0 1797.764632550481 1 0.999999
387330110.0 1.0 1806.0329199141922 1 0.99994993
376891085.0 0.0 1798.200761269978 3 4.1416584e-16
445531896.0 0.0 1799.4527937931537 4 1.2158173e-13
63507807.0 0.0 1793.1411549129953 0 0.0016759449
343326255.0 1.0 1811.1368521175345 1 0.9999638
233100081.0 1.0 1800.3438830045448 1 0.99978125
301104468.0 0.0 1800.3281436831785 0 1.2271137e-06
235711420.0 1.0 1806.3866021023725 1 0.9999966
199549104.0 0.0 1808.84326641688 0 1.02237045e-05
427545992.0 1.0 1795.5371819282557 1 0.9994505
312856774.0 0.0 1800.1398683992356 0 0.0020369883
362221920.0 0.0 1812.5120137529823 0 1.9401701e-10
129906353.0 1.0 1795.578609540326 1 0.9999874
116992557.0 1.0 1793.64060588361 1 0.99999964
427727543.0 1.0 1797.7218469196978 1 0.99994946
269102846.0 0.0 1793.4095689737733 0 1.3482617e-06
251430659.0 0.0 1812.3486951718744 0 0.0008806289
441806671.0 1.0 1797.6365696960497 1 0.9999988
397984607.0 1.0 1795.4723715629987 1 0.99999994
236816554.0 1.0 1799.302326729635 1 0.999408
417750404.0 1.0 1806.0759591792669 1 0.99988943
240736902.0 1.0 1810.3062392464276 1 0.99999744
321916029.0 0.0 1797.9918258739406 4 3.8350194e-05
247008991.0 1.0 1793.6206677181701 1 0.9999622
186713109.0 0.0 1796.6411531346032 0 1.1113544e-07
52184919.0 0.0 1795.4937255647042 2 3.97616e-06
348138277.0 1.0 1806.3484948386315 1 0.9999832
356981405.0 1.0 1810.8225465553473 1 0.99997836
229511521.0 0.0 1812.3446369154517 0 1.9231826e-05
404898257.0 1.0 1798.3876622943187 1 0.9999999
399350228.0 1.0 1811.2229884612289 1 0.99999446
251807924.0 0.0 1805.2027946770409 0 3.3079638e-07
444116234.0 0.0 1808.8484749921593 0 9.7518e-07
77223184.0 0.0 1797.5788714010398 2 3.3621225e-06
101405233.0 1.0 1799.4121790591735 1 0.9999966
256347735.0 0.0 1805.2416799031575 0 1.8460834e-10
368919231.0 1.0 1797.0765986943486 1 0.9998793
356701798.0 0.0 1807.3442577511983 3 1.3722096e-21
192377212.0 0.0 1805.2033947410773 0 0.0016608143
445428859.0 0.0 1798.9105079608937 4 3.5484252e-12
333733223.0 0.0 1805.199535846483 0 3.374582e-05
82162663.0 1.0 1798.702398647636 1 0.99999094
72148529.0 0.0 1805.2234859593339 0 0.00018440351
315829013.0 1.0 1798.0361538195998 1 0.99999636
415909616.0 0.0 1805.223841920053 2 3.6513157e-08
435822257.0 0.0 1805.2008735434995 0 4.197182e-06
400818694.0 0.0 1806.7230129491213 4 0.1134956
376868304.0 1.0 1795.1778858896319 1 0.99999243
387560718.0 1.0 1798.2830712596308 1 0.9999975
285181188.0 0.0 1809.2243833816626 0 0.00086080923
370074866.0 1.0 1794.785829358466 1 0.9999989
81908388.0 0.0 1808.9107846229215 0 2.2905238e-05
233210176.0 1.0 1794.7190226355285 1 0.99608034
432052384.0 1.0 1805.9952428273616 1 0.9995011
63472118.0 1.0 1796.4328370519331 1 0.9999773
396385069.0 1.0 1810.5348767674661 1 0.9999983
1981434198.0 0.0 1805.8665186820285 3 0.0
286409037.0 0.0 1805.264910555366 0 7.1483875e-05
229938728.0 1.0 1797.4487712084456 1 0.999975
418417106.0 1.0 1811.3888876901822 1 0.99996597
356199531.0 1.0 1798.9055568125843 1 0.99726486
63469253.0 1.0 1810.3284358909534 1 0.9999612
50121533.0 1.0 1795.681499008392 1 0.9999599
279202207.0 1.0 1795.2223900118354 1 0.9999845
331362705.0 1.0 1806.0965403819816 1 0.99989754
322055307.0 0.0 1805.241747584455 0 4.4717764e-11
272822330.0 0.0 1794.3890328984232 3 2.4405915e-19
436873841.0 1.0 1810.3288204792555 1 0.99998945
101261261.0 1.0 1795.0787072895857 1 1.0
288639748.0 0.0 1808.8872330236086 0 0.00016389469
452945606.0 1.0 1797.4730019092249 1 0.9999763
317011115.0 0.0 1812.3460997940197 0 2.3330392e-07
354869862.0 0.0 1805.203071093097 0 1.460675e-05
63400096.0 1.0 1793.2244993372176 1 0.9999998
399832230.0 0.0 1808.8678584915442 0 1.9401781e-05
374222981.0 0.0 1809.035596493923 0 8.1886355e-07
410498478.0 0.0 1811.536121988973 2 3.6922743e-10
237204910.0 0.0 1806.2828870711385 4 3.6427028e-20
265295800.0 1.0 1805.7860795258084 1 0.99987274
449936752.0 0.0 1796.8905692578767 0 3.153303e-06
116611892.0 0.0 1808.8490515011092 0 2.4932115e-06
317394570.0 0.0 1798.1591330272827 4 2.0741473e-21
384811988.0 0.0 1808.8485231424995 0 0.00041184004
192883327.0 0.0 1808.8493661561922 0 4.064602e-05
399208880.0 1.0 1794.8688118770824 1 0.38541642
417734986.0 1.0 1805.678385475646 1 0.9999995
51877910.0 0.0 1799.7226131090501 2 6.7405645e-27
233089143.0 1.0 1810.3646144430536 1 0.99623364
322442322.0 0.0 1805.4293866942317 4 1.340327e-11
397234039.0 1.0 1797.7433008956773 1 1.0
305430833.0 1.0 1811.18129239484 1 0.9999116
397756161.0 0.0 1796.7432390597155 2 0.0003083522
28692929.0 1.0 1798.0991837963134 1 0.99999297
406704112.0 1.0 1793.6186129794237 1 1.0
139405202.0 1.0 1796.495173100448 1 0.9999343
238802637.0 1.0 1793.724265417934 1 0.9999991
50360947.0 1.0 1794.6815132696818 1 1.0
308874659.0 0.0 1808.848633087232 0 0.0008841138
240898791.0 0.0 1797.5568575595269 4 4.794032e-14
198457457.0 0.0 1798.613937695638 3 2.9677033e-36
275141419.0 1.0 1795.4929324326467 1 0.9999351
418134659.0 0.0 1808.8471798751953 0 7.3101423e-09
354420707.0 0.0 1809.3673328706468 4 4.638954e-22
237237907.0 0.0 1805.345389586424 0 3.2389494e-07
370760535.0 0.0 1809.4317881446468 4 7.575366e-24
352902799.0 0.0 1812.3494316777162 0 0.0012910438
403117863.0 0.0 1805.199362520205 0 3.052379e-05
240884901.0 1.0 1805.890069091792 1 0.999988
219778705.0 1.0 1806.3647548798997 1 0.99964017
453180486.0 1.0 1798.181537652383 1 0.9999996
362257716.0 0.0 1794.1993099927472 0 8.48305e-06
427767035.0 1.0 1811.3051506360337 1 0.99993956
434437489.0 0.0 1812.0548716290539 3 4.3688422e-24
256721640.0 1.0 1794.9087051688675 1 0.9999966
192417076.0 0.0 1798.8908865253507 4 5.179851e-13
353726056.0 1.0 1797.7436488500064 1 0.9999932
237221322.0 0.0 1797.1370566647988 4 4.1333067e-07
288537609.0 1.0 1793.7449967464422 1 0.99998564
431778580.0 0.0 1808.9118641161567 0 0.00072738156
407382233.0 0.0 1793.2865005703482 0 1.196168e-07
12988543.0 0.0 1805.2650070503746 0 4.2472394e-09
165528504.0 0.0 1794.4057239652986 0 1.5080704e-05
307957969.0 0.0 1795.2184927962182 2 3.7095375e-19
350071311.0 1.0 1799.5749511905296 1 0.999999
67467396.0 1.0 1796.12022124945 1 0.99991864
292003755.0 1.0 1799.9116612340758 1 0.9999886
375852951.0 1.0 1806.17964322721 1 0.9999979
264226749.0 0.0 1809.970932288601 4 0.000105048835
252201292.0 1.0 1811.1187211392219 1 0.99999976
177916290.0 0.0 1805.3078505113544 0 0.0012470757
374131310.0 0.0 1799.6397872097452 4 3.5995586e-07
65204166.0 0.0 1805.4325419643928 2 0.00043050887
423034236.0 1.0 1796.0151758707782 1 0.99999994
207493891.0 0.0 1796.6763519133824 0 1.1350852e-10
280025167.0 1.0 1798.3691556353112 1 1.0
278997738.0 1.0 1810.9724602578156 1 0.99986064
400819374.0 1.0 1796.202106459433 1 1.0
417461649.0 1.0 1800.0978988818433 1 0.999978
259112884.0 0.0 1805.2449200314966 0 2.91639e-05
400338769.0 1.0 1797.9098351064258 1 0.999999
377027922.0 1.0 1798.8882790762477 1 0.9999938
265425888.0 0.0 1793.3050859119378 0 2.111971e-11
470710327.0 0.0 1804.3680783738057 3 8.620523e-27
280074018.0 1.0 1795.6992971596558 1 0.9999817
390657145.0 0.0 1805.2649143654407 0 1.763332e-08
352808034.0 0.0 1812.4120239811746 0 4.0296986e-06
192423364.0 0.0 1810.3492024637974 2 2.2465095e-07
372112312.0 1.0 1811.2234459473489 1 0.9999099
267882450.0 0.0 1805.1985978979587 0 2.426348e-06
72089021.0 0.0 1806.2233413131605 4 0.07946329
321857254.0 1.0 1811.1582398969679 1 0.99998826
285561333.0 0.0 1812.4740460649937 0 0.00028553072
372200398.0 0.0 1798.0567575638906 2 4.9656134e-12
46479770.0 1.0 1794.1621380012389 1 0.9999843
376994854.0 1.0 1799.2607808011028 1 0.9999998
405415513.0 1.0 1793.26632630207 1 0.9999792
308873121.0 0.0 1805.2445276036449 0 8.9407295e-05
250531946.0 0.0 1805.2029311399715 0 2.408697e-06
354385277.0 0.0 1800.8257592053149 3 9.293178e-11
317838761.0 1.0 1805.70089717507 1 0.9999979
219848566.0 0.0 1793.1770990700797 0 0.00071781594
453251525.0 1.0 1805.8898823983009 1 0.9999982
395692166.0 1.0 1796.0973687708654 1 0.9999998
399126956.0 0.0 1810.1814108044853 2 5.790368e-21
82629486.0 1.0 1797.618962454734 1 0.9999978
327252474.0 1.0 1793.4727285460126 1 0.9999172
352930608.0 0.0 1794.65981964355 2 4.5172482e-17
416098303.0 0.0 1793.1408779031906 0 0.0022847157
54882522.0 1.0 1794.618694292009 1 1.0
104146382.0 0.0 1805.202985388793 0 3.6250576e-08
367418490.0 1.0 1810.4320578046872 1 0.99745786
315929104.0 1.0 1795.4526951297476 1 1.0
286174182.0 0.0 1805.349480558916 0 0.0023624215
77354160.0 1.0 1806.0788163177087 1 0.99992955
316250641.0 1.0 1797.4944988190475 1 0.9999577
327448564.0 1.0 1800.0560867293946 1 0.99998456
232649480.0 0.0 1805.1978792467178 0 4.0901148e-07
321684196.0 0.0 1808.991630337613 0 1.35727e-11
337286503.0 0.0 1808.8670939388956 0 3.5320517e-07
229943739.0 0.0 1809.3858735723452 4 6.9593628e-12
367430078.0 0.0 1812.3461374346048 0 3.843144e-11
428173225.0 1.0 1796.140549306668 1 0.9989946
396265357.0 1.0 1795.3264133198338 1 0.9999991
270137767.0 0.0 1808.8677692212486 0 0.0005204493
184739358.0 1.0 1793.8911190245258 1 0.9999994
419531006.0 0.0 1805.5351140350465 0 2.02071e-06
332260435.0 0.0 1796.1398465265208 2 1.16592524e-07
230025052.0 0.0 1796.907190654963 0 8.09762e-07
323127267.0 0.0 1810.1791625203675 2 5.951051e-18
13214018.0 0.0 1808.8674368550394 0 0.0009964621
250581291.0 0.0 1798.6820853276558 4 2.902584e-15
370688888.0 0.0 1812.6606934442054 0 0.0020259398
233743203.0 1.0 1796.9066391275242 1 0.9999754
373784572.0 1.0 1795.8271480552646 1 1.0
139463395.0 1.0 1797.2452239823747 1 0.99998784
129916255.0 1.0 1797.5577974089972 1 0.9999065
250914470.0 0.0 1807.973910999572 4 4.9767066e-27
11061640.0 1.0 1797.1187231263818 1 0.9999886
333069792.0 1.0 1796.515026194191 1 0.9999975
232616609.0 0.0 1808.8437420814596 0 0.0015672097
272331853.0 0.0 1812.346969552826 0 7.5887106e-06
427647772.0 1.0 1798.7223801225439 1 0.99999976
333784173.0 1.0 1795.5955644570965 1 0.99999994
311831093.0 1.0 1795.0979640592866 1 1.0
323302430.0 0.0 1805.2003868232694 0 8.255004e-05
432148578.0 1.0 1794.4532706534774 1 0.99944955
365942256.0 0.0 1805.2218293771793 0 4.760885e-09
352929692.0 0.0 1796.805722684624 0 1.0839216e-07
301741759.0 0.0 1805.2032129375411 0 1.7029909e-09
353565609.0 0.0 1798.0349807701614 3 1.7848706e-37
250836671.0 1.0 1810.7028527009456 1 0.9999902
292519399.0 0.0 1806.3697723271493 2 6.130312e-19
387288160.0 1.0 1811.0328341163408 1 0.9999955
297647356.0 0.0 1806.514315529749 3 1.4896088e-05
258461391.0 0.0 1796.3243734365901 4 7.2332765e-13
420453164.0 1.0 1797.1807734897643 1 0.99997836
441763244.0 0.0 1812.3653994823492 0 3.613666e-05
233008172.0 0.0 1806.8445581172687 4 7.807878e-16
198279370.0 1.0 1796.0518510934576 1 1.0
240818476.0 1.0 1795.6817340649702 1 0.999806
378194509.0 0.0 1809.1802414618687 4 6.156715e-06
240892323.0 1.0 1805.9941328325347 1 0.99999976
139408139.0 1.0 1811.1409960264957 1 0.99995
288391801.0 0.0 1808.9075924678257 3 0.0
298732513.0 1.0 1797.1353082221813 1 1.0
331785033.0 1.0 1798.1605629086737 1 0.99663365
233208885.0 0.0 1794.5942465005394 3 5.184429e-24
394122320.0 1.0 1806.0325467420373 1 0.9999998
245589652.0 1.0 1795.473488507547 1 0.99995553
417616777.0 1.0 1794.9496554087168 1 0.99942404
139553692.0 1.0 1795.7661370625685 1 0.99999434
387270886.0 1.0 1806.2208238142975 1 0.99999917
270931123.0 0.0 1808.0344429623076 4 2.4964918e-15
250744364.0 1.0 1806.265550597958 1 0.9999959
374213957.0 0.0 1795.3478989647942 4 3.9946342e-05
255976741.0 1.0 1797.0560837985795 1 0.99919504
288318622.0 0.0 1808.8663650672604 0 0.0014227321
245759596.0 0.0 1805.3903936867462 2 3.7022255e-06
353730642.0 1.0 1798.0309819236468 1 0.99999964
269697721.0 0.0 1811.6785289283907 3 3.8230264e-21
265196030.0 0.0 1812.6194606081217 0 6.77802e-11
272324340.0 0.0 1812.0553514600047 3 1.7127855e-21
433564723.0 0.0 1805.2662137521631 0 0.0011422086
280033934.0 0.0 1803.9284642992416 3 0.0
28961645.0 0.0 1805.4748141442678 0 0.0019837525
235905828.0 1.0 1798.1787492680892 1 0.9999741
445110528.0 0.0 1812.7018579765409 0 1.1162942e-05
84334396.0 1.0 1811.3914499732862 1 0.9999998
256456686.0 1.0 1793.7200308989263 1 0.99999493
241068188.0 1.0 1798.494554574154 1 1.0
348316528.0 0.0 1796.8276151496143 0 5.995011e-07
229741985.0 0.0 1801.0947268786358 3 2.2561963e-08
376039083.0 0.0 1805.221347827157 0 2.432768e-09
272425495.0 1.0 1799.3055866119807 1 0.99999934
240987249.0 1.0 1796.7026268016223 1 0.9999945
252185775.0 0.0 1795.3899415388246 2 1.0898481e-08
347495290.0 1.0 1794.828183676382 1 0.99999976
237218440.0 0.0 1796.0118501854568 4 3.3761854e-24
85529295.0 1.0 1798.7245946736277 1 0.9997292
73626790.0 0.0 1812.3494745238513 0 0.0032692517
399543227.0 1.0 1799.5990803362129 1 0.99999446
229439761.0 1.0 1793.9905578495698 1 0.99999976
240881619.0 0.0 1794.6193094348696 2 1.1158445e-15
229702978.0 0.0 1812.46937562987 0 2.430491e-09
320270508.0 1.0 1793.3063546227143 1 0.99999976
400814245.0 1.0 1794.4522105967967 1 0.9999998
255993777.0 0.0 1807.4286315161844 3 0.00032363113
28830046.0 0.0 1809.182268316092 0 0.0012296853
233628894.0 0.0 1810.302526283096 4 1.2581688e-05
323406385.0 1.0 1799.0963240621115 1 0.9999968
233123001.0 1.0 1799.4482585372982 1 0.9991065
264194097.0 1.0 1796.345843589387 1 0.9998973
126023935.0 1.0 1796.9537708422502 1 0.9996692
240929688.0 1.0 1795.5776287833635 1 1.0
116213622.0 1.0 1810.7864540550838 1 1.0
289091017.0 1.0 1798.3679485216621 1 1.0
302157740.0 0.0 1796.8906142799724 0 1.4667608e-08
229761558.0 1.0 1796.4069678557453 1 0.9999971
309133946.0 0.0 1805.2236446863285 0 8.3470714e-10
198204954.0 1.0 1797.8433287342932 1 0.99999714
264721808.0 1.0 1794.0333906824408 1 0.9999859
286357633.0 1.0 1798.1830011737693 1 0.9999247
233729070.0 1.0 1811.0522152599342 1 0.9999951
20806948.0 1.0 1799.349150365178 1 0.99997693
50692559.0 1.0 1798.973146934475 1 0.99998343
432070155.0 1.0 1794.890726808707 1 0.99999094
444825205.0 1.0 1798.0979684450513 1 0.99983275
258677896.0 0.0 1798.5141284982467 4 4.4356173e-05
320272215.0 0.0 1805.5353400885315 0 0.0022201627
177885052.0 1.0 1796.9119679191724 1 0.99999374
312146023.0 1.0 1796.764824175687 1 0.9999999
322440273.0 0.0 1795.9919814463767 4 2.1930301e-11
396064878.0 1.0 1806.1597001011912 1 0.9999987
229973005.0 0.0 1799.6778999834041 4 1.5263444e-06
379375782.0 1.0 1796.4308910848388 1 0.9999933
200935514.0 0.0 1793.140857361707 0 0.0014260061
433283420.0 0.0 1793.1410685661615 0 0.0016581141
116616937.0 1.0 1811.4324137523604 1 0.9999978
288946353.0 1.0 1797.6185850351071 1 0.9999998
279374603.0 1.0 1798.0126862829618 1 0.9999999
104206630.0 1.0 1799.4947654247865 1 0.99999857
420654288.0 0.0 1808.84684048863 0 8.8829347e-07
317511036.0 0.0 1805.5341542549268 4 1.0280268e-15
377202392.0 1.0 1799.6173556619183 1 1.0
268518257.0 1.0 1806.305110709205 1 0.9999946
370594543.0 0.0 1793.1401619887556 0 6.5635675e-08
186985167.0 0.0 1805.5367410595768 0 0.0013862455
302682732.0 0.0 1797.847587917441 0 0.0013637532
403622718.0 1.0 1793.369265760363 1 0.9999971
229401086.0 1.0 1810.5110179992328 1 0.9999997
251815533.0 0.0 1793.3903040797325 0 0.0044934885
305048005.0 0.0 1809.2021706427915 0 4.6627966e-07
385405317.0 0.0 1809.1193748978062 0 0.00091441453
50116665.0 0.0 1808.9523339051796 0 0.00042946448
20804537.0 1.0 1798.974268276924 1 0.99999994
245625447.0 1.0 1810.8693863926035 1 0.99999976
49724899.0 0.0 1794.8691134991361 4 3.3696956e-27
445304845.0 0.0 1812.7020366949682 0 2.29292e-08
201011251.0 1.0 1793.3700473534873 1 0.99998844
240844076.0 0.0 1805.4941376199868 2 3.976649e-23
327706187.0 0.0 1800.1405989537886 0 1.8237159e-05
117808602.0 0.0 1812.4324884352443 0 0.0015652269
299439168.0 1.0 1797.9321253614016 1 0.99999774
385556743.0 0.0 1805.5372798895241 0 0.0006049809
387698431.0 1.0 1806.387178003725 1 0.9999619
327508381.0 1.0 1799.6407344430888 1 0.9999979
240930239.0 0.0 1805.244180242709 0 4.585568e-06
28871876.0 1.0 1810.4956114241602 1 0.9999009
94371127.0 0.0 1796.6410942592338 0 0.0012356867
385556749.0 0.0 1809.2664641140882 0 0.0018083932
288536399.0 1.0 1796.2659084310737 1 0.99999887
292689366.0 0.0 1809.1823902930494 0 0.0010797699
72032768.0 1.0 1798.7651086332748 1 0.99998665
359592195.0 1.0 1805.722371024119 1 0.99999785
406679025.0 0.0 1805.242580780037 0 6.323167e-05
381545929.0 1.0 1799.0784051075652 1 0.9999644
392536812.0 0.0 1796.6981043521307 3 3.0910883e-18
415836214.0 1.0 1794.869845108005 1 0.9999972
433699236.0 0.0 1808.8464889881939 0 0.00011109924
286477979.0 1.0 1799.2857322054772 1 0.99999315
139430669.0 1.0 1794.9535727054672 1 0.99999636
292846395.0 0.0 1797.9115577583586 2 1.7416143e-13
353989758.0 1.0 1800.135114663256 1 0.99999386
22898396.0 0.0 1810.787031148953 2 1.3367822e-20
235929952.0 0.0 1808.9704282893085 4 7.593393e-12
372498972.0 1.0 1799.847692145022 1 0.9999991
467574373.0 0.0 1797.099578590923 3 0.00092317234
77568692.0 0.0 1812.8495311631289 0 0.0022160797
390807955.0 1.0 1797.556428494027 1 0.9999995
428529947.0 0.0 1811.160027230895 2 5.9833514e-18
230381686.0 0.0 1812.3651420287176 0 8.866844e-09
279670446.0 0.0 1808.8678203731079 0 0.000637669
385555160.0 0.0 1805.5581003957702 0 0.0023984977
354795639.0 1.0 1798.0364692138376 1 0.9995047
149978934.0 0.0 1793.1411664090037 0 0.0016863059
243336425.0 1.0 1794.0111417271862 1 1.0
346542380.0 1.0 1797.3288698683125 1 0.99998295
251145138.0 1.0 1810.119463439396 1 0.99959815
332500724.0 1.0 1799.1190505435204 1 1.0
444135376.0 1.0 1793.7650779960286 1 0.98941296
259248402.0 0.0 1808.8697994047827 0 2.7169053e-05
374030402.0 1.0 1811.2647017817796 1 0.9888127
354967097.0 0.0 1812.410411676195 0 0.0014856714
53803071.0 0.0 1793.139546980823 0 0.0015274377
347769273.0 1.0 1810.4942799758853 1 0.99999946
367463682.0 0.0 1812.3487604918637 0 0.00046839326
436866363.0 1.0 1806.2455033572478 1 0.9999998
406968861.0 1.0 1794.3267666927845 1 1.0
285507494.0 1.0 1797.4112078251242 1 0.99998593
312344983.0 1.0 1798.9106336842283 1 0.99999976
284800525.0 1.0 1799.5532639325847 1 0.99771225
184683520.0 1.0 1794.6410997002304 1 0.9999994
194813776.0 1.0 1810.8494742234695 1 0.99992436
269913134.0 1.0 1810.8912913857005 1 0.9999995
398077535.0 0.0 1798.2015117646852 4 3.5008705e-07
387532160.0 0.0 1806.3245995871346 2 3.1750902e-12
237100372.0 1.0 1795.8228455383532 1 0.9999894
453229551.0 1.0 1794.098468641351 1 0.99999046
418257102.0 0.0 1808.3875740713854 3 9.687098e-13
377028139.0 1.0 1811.5130912831055 1 0.9999866
388036909.0 0.0 1797.1791341290743 4 3.4557126e-22
321911609.0 0.0 1805.2209131636719 0 1.4942131e-08
320606986.0 0.0 1812.6809053693453 0 0.0001658369
238823660.0 1.0 1793.786563932516 1 0.97281873
280416006.0 1.0 1797.7852446308395 1 0.96119356
359335403.0 0.0 1805.2640138415923 2 1.5506358e-12
331719921.0 1.0 1799.1399243301896 1 0.9999877
271914524.0 0.0 1811.0136778209128 2 2.5050387e-08
289581773.0 0.0 1812.4896424175952 0 0.00022638474
117262064.0 1.0 1810.6824506149983 1 0.9999996
192795719.0 0.0 1800.140963240552 0 3.252902e-05
20770283.0 0.0 1793.5365260872604 2 4.226303e-12
279186939.0 0.0 1793.4727214369047 3 0.00015880179
427767103.0 1.0 1799.9928215543302 1 0.99983686
177913497.0 1.0 1795.0159571514705 1 0.99976754
13767353.0 1.0 1794.744077052134 1 0.9999973
117809400.0 1.0 1798.3698574143716 1 0.9999981
83339750.0 0.0 1812.7014548627903 0 2.136366e-06
192298244.0 0.0 1812.4534418751057 0 0.0015128368
271747314.0 1.0 1806.2429923695026 1 1.0
287150731.0 1.0 1793.8853050134655 1 0.9999795
385401741.0 1.0 1810.1402593258656 1 0.97462016
104150440.0 1.0 1811.286441215289 1 0.99994475
232640648.0 1.0 1798.5314003218002 1 0.999988
452998092.0 0.0 1805.5562101707867 0 4.5586394e-06
423025200.0 1.0 1811.468329700954 1 0.9999997
356701423.0 0.0 1812.427770793127 0 1.2311905e-05
63505914.0 1.0 1811.4117457785844 1 0.99993706
191764033.0 1.0 1798.2238875590056 1 0.999984
359552135.0 1.0 1811.4269968812273 1 0.9999892
359679715.0 1.0 1805.3435973981848 1 0.97962695
233009424.0 0.0 1805.1986755783098 0 6.4831385e-09
319911472.0 0.0 1812.680857676997 0 1.1626852e-07
433500900.0 1.0 1798.1619448115075 1 0.9999984
229676244.0 0.0 1807.7615122762418 3 7.672073e-10
63624860.0 0.0 1800.1411309751581 0 9.875309e-06
427335936.0 0.0 1805.2216501212972 0 6.6589e-11
436854183.0 1.0 1797.766397199745 1 0.9999994
116007289.0 1.0 1795.4531066051836 1 0.999861
312338949.0 1.0 1805.8896248362453 1 0.9999613
269950014.0 0.0 1809.1203984748443 0 0.002723107
229609915.0 0.0 1812.5325997864838 0 1.909589e-09
192528136.0 1.0 1796.4950671617692 1 0.9999738
292321469.0 0.0 1796.161614166385 4 1.4203789e-26
288470551.0 1.0 1793.1993662035086 1 0.99950844
403688991.0 1.0 1810.8486126688142 1 0.99999946
405625413.0 0.0 1812.3904535845054 0 3.1652355e-05
368444244.0 0.0 1796.909492794548 0 0.0010697219
284211434.0 0.0 1811.2641794941594 2 0.0009860952
353779228.0 0.0 1805.1976090185794 0 6.2295294e-05
301105242.0 0.0 1805.2030942805936 0 1.6883148e-05
250478093.0 0.0 1808.8485784889313 0 0.00013893985
417662947.0 1.0 1794.4715014651572 1 0.9999826
285385167.0 1.0 1795.4329538232514 1 0.9999829
396201863.0 1.0 1805.7012621724448 1 0.99999905
435590228.0 1.0 1798.8042291558102 1 0.99999976
192247771.0 0.0 1796.4532431813586 2 8.772375e-06
441725483.0 1.0 1794.9067610511677 1 0.99946356
376353519.0 1.0 1796.514309028508 1 0.9999775
370596684.0 0.0 1808.8484595913515 0 4.1503768e-06
359433801.0 0.0 1805.8474232837978 4 0.0002405236
387955876.0 1.0 1810.7623236868085 1 0.9998576
292849468.0 1.0 1794.8908668127349 1 0.9999935
233005469.0 1.0 1794.4480192678504 1 0.9996953
353733033.0 1.0 1798.9479554390796 1 0.9999982
346014568.0 0.0 1812.4107578923497 0 0.00072276924
349916384.0 0.0 1807.6369904004396 4 7.5196216e-10
333801796.0 1.0 1806.0331480932923 1 0.9662434
283832839.0 1.0 1799.2642722031078 1 0.9999996
368372568.0 1.0 1810.930295268098 1 0.9998344
321820098.0 1.0 1805.3458598416437 1 0.99999976
410474894.0 1.0 1811.3276515213033 1 0.9999998
236792032.0 1.0 1810.2186978871232 1 0.99999446
271531069.0 1.0 1811.1177479150979 1 0.99994093
403522083.0 1.0 1805.5151392530543 1 0.99999964
229596767.0 0.0 1812.3656605123363 0 0.0003328517
367837919.0 0.0 1805.636382954408 2 6.067028e-13
186810509.0 0.0 1812.349418499974 0 1.5163002e-07
357887247.0 1.0 1799.680941104587 1 0.9999999
354381885.0 0.0 1812.388179800565 0 1.0426116e-08
400506656.0 0.0 1799.8691373917547 4 1.8709852e-22
192652602.0 0.0 1812.432520031227 0 0.002593745
410773800.0 0.0 1805.2002137118066 0 8.932826e-09
370761841.0 1.0 1793.911067863893 1 0.9999912
332373891.0 0.0 1805.5565773546525 0 0.0010029138
385041088.0 1.0 1810.5783341779718 1 0.9999997
387510719.0 1.0 1805.6996511631883 1 0.99999523
434973203.0 1.0 1799.7635137954524 1 0.99999934
333785488.0 1.0 1798.0956041379136 1 0.99999636
441714735.0 1.0 1806.4072087379495 1 0.9999954
316438677.0 0.0 1797.4734982457276 2 2.0442146e-11
53801570.0 1.0 1799.764580722127 1 0.99999964
308365026.0 0.0 1805.2235182646903 0 7.2143735e-06
372079714.0 1.0 1797.242110546841 1 0.99999964
101353160.0 1.0 1794.120364921155 1 0.99999976
230388080.0 1.0 1810.8860121873518 1 1.0
399859253.0 1.0 1794.7422779131366 1 0.99998957
77224854.0 1.0 1796.2454405683973 1 0.9999366
81505903.0 0.0 1811.0357752699153 2 3.0897587e-09
270544560.0 1.0 1795.9097554639202 1 0.9999989
367429342.0 1.0 1797.7630651511065 1 0.999658
389959982.0 0.0 1811.5307499491378 2 1.8706662e-12
385407961.0 1.0 1797.1401114831897 1 0.99989694
240821714.0 1.0 1795.6192419610672 1 0.99999857
229584229.0 0.0 1796.2197701591565 2 0.0001311338
116137567.0 1.0 1794.9113702312159 1 0.9999943
229972243.0 1.0 1794.6780157234375 1 0.9999997
441790974.0 0.0 1796.365480309049 2 1.0504515e-17
352577027.0 1.0 1797.9724205732 1 0.9998953
410470789.0 1.0 1811.3482517693385 1 0.9999911
468293391.0 0.0 1804.805025514798 3 0.0
316960588.0 1.0 1798.2650520808274 1 0.99976456
332869735.0 0.0 1809.1815009912457 0 8.650012e-07
10608955.0 0.0 1808.5148276993962 4 1.4913529e-25
316468859.0 0.0 1798.49183302614 2 5.6665253e-17
137908456.0 0.0 1796.6412117536456 2 6.4745986e-06
12479247.0 1.0 1795.514917101472 1 0.999993
240833655.0 0.0 1795.9941839924547 2 8.8719095e-11
427091874.0 1.0 1799.6583671823312 1 0.9999999
362964115.0 0.0 1798.4718487053378 2 2.3425949e-07
229948115.0 0.0 1805.2194714743025 0 2.4709354e-05
129822207.0 0.0 1812.5575574956213 0 0.0009510552
288516764.0 0.0 1808.8453463082014 0 2.3338359e-07
428165157.0 1.0 1798.8071675502163 1 0.99852
338718387.0 0.0 1808.8672246302901 0 6.8139474e-07
65643891.0 0.0 1793.1407009502466 0 0.0057697883
83221231.0 0.0 1796.034944336574 2 4.7802184e-10
245391374.0 1.0 1794.306904552735 1 1.0
178175702.0 0.0 1805.2037069059695 0 0.0015148593
354798248.0 1.0 1793.9321480755395 1 0.9998898
369825016.0 0.0 1796.9102318843566 0 5.0294273e-24
312973899.0 1.0 1794.6398395816243 1 0.99999607
331727884.0 0.0 1808.8678453907623 0 1.8325689e-05
372393777.0 0.0 1796.8879752124074 2 2.4655477e-12
192558373.0 0.0 1812.3493477464774 0 0.0018961439
400505163.0 0.0 1796.6400219813333 0 0.0015999106
247003756.0 1.0 1811.0786504386358 1 0.9999954
402780507.0 1.0 1796.7852707080258 1 0.9994823
353077789.0 0.0 1794.1183775304385 3 4.8518785e-09
352572277.0 1.0 1798.243425196037 1 0.9978776
359040799.0 1.0 1799.1390645334952 1 0.9999992
431870606.0 0.0 1805.203514436343 0 4.137109e-05
316960543.0 1.0 1797.8067089888111 1 0.99999136
198241258.0 0.0 1810.031241942659 4 1.9405571e-23
240823083.0 1.0 1805.3691306845876 1 0.7176347
370069863.0 0.0 1795.6817943648243 4 2.547585e-16
417234885.0 1.0 1799.243320427016 1 1.0
283344958.0 0.0 1812.8685332551122 0 2.351195e-14
241080886.0 0.0 1796.953048637556 4 1.9204865e-26
417234885.0 0.0 1793.3057804481032 0 5.8118496e-07
302387883.0 1.0 1798.2654514182311 1 0.99999964
240876822.0 1.0 1810.869003785306 1 0.99999523
428072790.0 1.0 1796.3696289343025 1 0.99999726
116056484.0 0.0 1800.3279846644111 0 5.1767536e-08
116271546.0 1.0 1806.1614740570471 1 0.9999997
54058423.0 1.0 1795.639433378091 1 0.99996036
377251803.0 0.0 1807.302247804904 3 5.386329e-16
104150440.0 0.0 1796.8280424070767 0 1.287819e-06
332681214.0 1.0 1795.3481946664 1 0.9999975
445179073.0 1.0 1798.389601786865 1 0.9999998
49938064.0 0.0 1805.2648702952306 0 0.0002457155
444364634.0 1.0 1810.1806766010036 1 0.99980307
233508695.0 1.0 1799.6763992444353 1 0.9999951
21162234.0 1.0 1797.2601025232989 1 0.9999993
317028902.0 0.0 1812.3487480085378 0 0.061361115
428989652.0 1.0 1806.1797300496291 1 0.99962175
198416291.0 1.0 1798.843276953501 1 0.99915916
441809475.0 0.0 1805.4280753705089 2 1.8158233e-14
428114976.0 1.0 1796.8489341819416 1 0.99999946
192844584.0 1.0 1806.3491781279088 1 0.9997454
94367268.0 1.0 1794.0786190686397 1 0.9999814
403751764.0 1.0 1810.3273331291502 1 0.99999887
274804921.0 0.0 1800.513647302655 4 0.0
400949020.0 0.0 1812.4741882334142 0 0.0022876074
390341349.0 1.0 1794.8064835384912 1 0.9995093
219741233.0 1.0 1797.55140921728 1 0.99999726
322321400.0 0.0 1805.2418223028585 0 5.7245224e-14
321853793.0 0.0 1808.9500070841614 0 0.0002563875
408890999.0 0.0 1812.3874929262638 0 6.69974e-07
28998249.0 1.0 1811.3081148355088 1 0.99999154
77173994.0 0.0 1809.1411408772915 0 0.001531978
418204446.0 1.0 1806.1806330996035 1 0.9999979
301737528.0 1.0 1797.5988818517471 1 0.9999532
445532066.0 1.0 1794.0986066488274 1 0.99999166
322345879.0 0.0 1812.3486489571812 0 9.612696e-07
367076793.0 1.0 1798.0332757755389 1 1.0
415958599.0 1.0 1797.765773946535 1 0.9999982
90764912.0 1.0 1799.0579194800137 1 1.0
305796898.0 1.0 1806.1164245527907 1 0.9999962
327124382.0 0.0 1812.701577544284 0 0.0009770138
403584089.0 1.0 1795.4108055303054 1 0.99999666
312056223.0 1.0 1810.8268296712413 1 0.9998878
250504550.0 1.0 1805.3070379379187 1 0.9999893
279501959.0 0.0 1812.4103544481989 0 0.00059565145
399268815.0 0.0 1798.8270170577398 4 2.87763e-05
256380997.0 1.0 1799.0741112072042 1 0.99997044
229512467.0 0.0 1805.198872038654 0 1.4104106e-09
375787430.0 0.0 1812.5753585424197 0 1.6553778e-13
94608286.0 0.0 1809.1622514471935 0 0.001238726
284316496.0 0.0 1809.1808994686578 0 2.1394617e-05
353993645.0 0.0 1811.2181958566466 2 1.2773457e-17
356701798.0 0.0 1796.6149685617363 3 3.9274562e-31
285276345.0 1.0 1793.8078840195144 1 0.99998695
400500879.0 1.0 1797.2026590891003 1 0.9999906
236998036.0 0.0 1796.9078178357493 0 6.1148814e-05
343466058.0 1.0 1798.3454685711235 1 0.9999999
46481823.0 1.0 1799.1414310376124 1 0.99830794
369353089.0 0.0 1800.4099960775768 4 0.0
379599806.0 0.0 1797.8478638152 0 0.0012986783
390735522.0 0.0 1805.264965745383 0 9.0151127e-07
445293991.0 0.0 1805.681205693859 0 1.5704008e-10
130060132.0 1.0 1794.6410591812646 1 0.99999654
359555465.0 1.0 1800.0102974672868 1 0.99999976
272040941.0 0.0 1799.5764854143688 2 0.00015745098
390657860.0 1.0 1798.7023472051214 1 0.99997693
77352946.0 0.0 1812.4328383736447 0 0.0015114113
90647038.0 1.0 1810.4746536607927 1 0.99999505
229711350.0 0.0 1794.1988769749894 0 0.00064672786
436935532.0 1.0 1797.7664510806771 1 0.9999957
399580151.0 1.0 1796.7242414793072 1 0.99999905
468293391.0 0.0 1800.0341470172916 3 3.6341056e-38
198281228.0 1.0 1805.343415597649 1 0.9999977
323143779.0 1.0 1794.658426576202 1 0.9999404
229741985.0 0.0 1799.698892161402 3 0.0043912586
238702093.0 0.0 1812.640537767895 0 0.003510641
90572951.0 1.0 1794.0787250416881 1 0.99978644
369091618.0 0.0 1796.805584709523 0 1.9198875e-13
311822551.0 1.0 1796.0979364303164 1 0.99998313
235990933.0 0.0 1806.1373955204137 2 3.507828e-08
22992830.0 1.0 1793.1827798624283 1 1.0
354832326.0 1.0 1799.1809809727995 1 0.9978483
236786193.0 0.0 1810.864730029336 2 4.360019e-16
288631953.0 1.0 1805.9914164177173 1 0.9991679
282873736.0 1.0 1796.5141087516342 1 0.9999979
245709432.0 0.0 1807.4529199463932 4 1.5400001e-10
385104802.0 1.0 1794.8698442056932 1 0.99998254
65488320.0 0.0 1805.265983852783 0 0.0023986446
52425282.0 1.0 1796.0354238838274 1 0.99999964
229712608.0 1.0 1805.5111733401322 1 0.9999434
90765470.0 1.0 1793.870334926125 1 0.99996895
441718520.0 1.0 1796.469354408259 1 0.99998665
428162091.0 1.0 1811.3281127950152 1 0.99999964
255883279.0 1.0 1810.2226014864689 1 0.99999845
258675901.0 1.0 1795.389169959357 1 0.99979395
259143396.0 1.0 1794.8281212315012 1 0.99999684
317470793.0 0.0 1804.7424999090167 3 0.0
292609933.0 0.0 1812.3696805706386 0 4.0890372e-06
356979949.0 1.0 1810.8019454364246 1 0.9999999
219753637.0 0.0 1798.3438185717546 2 6.247192e-08
401013386.0 1.0 1794.098565526125 1 0.9999975
321598171.0 1.0 1795.5126156473918 1 0.9999946
63345593.0 1.0 1796.4744546046097 1 0.99999493
51020234.0 1.0 1798.0358073535515 1 0.9999992
264897754.0 0.0 1805.7629386222413 4 5.224214e-24
444763313.0 0.0 1794.327223537152 2 2.6055395e-06
233497465.0 0.0 1794.1987197475942 0 2.9549645e-07
233079659.0 0.0 1794.1982145210834 3 1.4021498e-12
286217231.0 1.0 1800.0564508835323 1 0.9999884
329440665.0 1.0 1811.2803780675536 1 0.9999835
12906712.0 1.0 1810.4104824296621 1 1.0
200939418.0 0.0 1806.516177853829 3 0.00022576997
272223377.0 0.0 1805.2013580750215 0 3.6918093e-05
422520855.0 1.0 1806.22105462243 1 0.9999995
230070252.0 0.0 1808.8438942272192 0 1.5681726e-05
84215051.0 1.0 1811.0556868728202 1 0.99999994
21124393.0 1.0 1800.3016815790415 1 1.0
285668713.0 0.0 1812.3488378324341 0 6.81267e-05
430328310.0 0.0 1812.578088935548 0 0.0037734304
184608281.0 0.0 1809.0575274801936 0 0.001487696
104150224.0 1.0 1805.973945515089 1 1.0
359585725.0 0.0 1797.968805641682 0 5.2010862e-05
252143178.0 1.0 1799.6398212974368 1 0.9999805
219865641.0 1.0 1798.3021668372846 1 0.9999971
200873044.0 0.0 1796.6411097823263 0 0.00036033662
427648360.0 1.0 1810.84665924896 1 0.99999845
374214037.0 0.0 1799.0562713828506 4 9.6800524e-26
445608545.0 0.0 1811.0569604886855 2 2.0141239e-14
229398840.0 0.0 1805.6363013502032 2 1.4582606e-20
301738265.0 1.0 1805.265602731944 1 0.9999999
423030259.0 1.0 1811.265300704651 1 0.9999992
422353953.0 0.0 1799.3454303465667 4 0.0001301256
384658710.0 1.0 1793.6817081628506 1 0.9999999
364179456.0 0.0 1805.2623231184732 0 1.8525248e-05
419246815.0 0.0 1793.2435729814822 0 8.2467625e-07
353989230.0 1.0 1798.7808890430015 1 0.99999964
101256977.0 1.0 1806.1830844768963 1 0.9982237
259166905.0 0.0 1795.6365883053543 2 7.644436e-14
233619521.0 0.0 1808.8649422370568 0 6.624473e-06
50353232.0 1.0 1810.1192050982027 1 0.99999315
403876042.0 1.0 1798.9939164515308 1 0.99999714
264392040.0 1.0 1796.5742930604758 1 0.99999785
284357070.0 0.0 1797.843412650744 2 4.4324473e-09
13104681.0 1.0 1794.6594007356136 1 0.99999845
297656053.0 1.0 1794.4519417132226 1 0.99976057
399580598.0 0.0 1809.2033924354364 0 0.0019599204
400823137.0 0.0 1805.2026177120913 0 2.7001647e-06
441812183.0 1.0 1798.302854673752 1 0.9995875
229596505.0 1.0 1799.2198089755934 1 0.99999917
331814268.0 1.0 1798.701296917547 1 0.99958247
94671019.0 1.0 1795.0994729909637 1 0.99999785
378937065.0 1.0 1811.2848739850408 1 0.99999934
232674183.0 1.0 1796.8857399827525 1 0.9995458
307203415.0 0.0 1805.2441344639478 0 2.20865e-05
50265437.0 1.0 1795.2647011990666 1 0.9999617
309132457.0 1.0 1795.848763218422 1 0.99999607
368919926.0 0.0 1800.2224679631413 4 3.98717e-18
407206498.0 0.0 1793.409807115184 0 4.1017234e-08
267543049.0 1.0 1805.324313348565 1 0.9991471
431900770.0 0.0 1794.494903311877 2 3.541117e-08
359676320.0 0.0 1810.7396032640072 3 2.1310252e-07
370271012.0 1.0 1795.7024729409763 1 0.9999977
399828838.0 1.0 1795.7218341214905 1 0.99999976
65642073.0 1.0 1793.4949397168245 1 0.99999964
274845454.0 1.0 1805.3468588607782 1 0.99999607
400896867.0 0.0 1810.3689199169653 2 3.216737e-11
67418975.0 0.0 1812.5989942927906 0 0.0017279874
331214194.0 1.0 1811.264780178452 1 0.9999998
77353169.0 1.0 1798.0163441884874 1 0.9999941
255995595.0 1.0 1805.4912420968 1 0.99996954
284925600.0 0.0 1793.910372564956 3 1.3676171e-27
288600444.0 1.0 1795.9077344880602 1 0.99999744
445400653.0 1.0 1810.5769728650093 1 0.99998283
50189810.0 0.0 1805.2233357255457 3 1.902391e-24
229676244.0 0.0 1800.2405591447555 3 1.5126308e-12
315937374.0 0.0 1803.6609804951192 3 5.4489815e-19
354926863.0 0.0 1794.326869278714 3 1.6795432e-12
53014825.0 0.0 1809.3059937844916 0 1.0273268e-06
354638957.0 1.0 1810.474108292825 1 1.0
288406303.0 0.0 1812.386972824865 0 1.2471246e-11
376086424.0 1.0 1797.05515713965 1 0.9999962
441718248.0 1.0 1795.8027595039425 1 0.9999845
256383835.0 1.0 1795.3866244200278 1 0.99995893
371217233.0 1.0 1795.5336703350058 1 0.9999881
219899510.0 0.0 1805.239871981312 0 2.1193112e-11
428164710.0 1.0 1795.8696425841194 1 0.99999774
285431874.0 1.0 1810.4327144433116 1 0.9999999
346781234.0 0.0 1805.2036934470311 0 0.0017677433
235686726.0 1.0 1794.21998269821 1 1.0
441734144.0 0.0 1804.4073269737187 3 1.7316876e-35
320598817.0 1.0 1810.8477174641232 1 0.99999875
327392518.0 0.0 1805.223778005268 0 0.00023451183
427440951.0 0.0 1805.2216383387693 0 9.434134e-09
184733513.0 0.0 1809.1617569875707 0 0.00017761707
299327679.0 0.0 1796.6401842808114 0 0.0012776605
374695963.0 0.0 1805.2026628157016 0 0.0001967587
390333685.0 1.0 1795.077173913057 1 0.99996626
240829451.0 1.0 1798.0984767905334 1 0.99999833
198388252.0 0.0 1799.1555529629188 3 1.693722e-29
351773857.0 1.0 1810.9930588534196 1 0.9999981
229641835.0 0.0 1805.407584501907 0 3.6037835e-07
284527341.0 1.0 1796.3477497911506 1 0.99937755
347307581.0 0.0 1805.5766349969088 0 0.00034373478
177763189.0 0.0 1805.2661986767496 0 0.00082738313
230387586.0 1.0 1793.6362581308067 1 0.99996376
116557796.0 1.0 1810.6406368149023 1 1.0
192588606.0 1.0 1810.7867908275055 1 0.9999729
387448360.0 0.0 1812.3661763029938 0 2.7400822e-06
233046557.0 1.0 1799.7186520575015 1 0.99809337
265063020.0 1.0 1810.2008165620755 1 0.9822659
396446258.0 1.0 1796.1804581521212 1 0.99999726
289536553.0 0.0 1798.4057332721238 2 2.1535622e-13
14041308.0 1.0 1796.3690174798317 1 0.9999829
264224989.0 1.0 1805.2834406580987 1 0.9999999
420303728.0 1.0 1795.4499343677346 1 0.99998087
445667765.0 1.0 1796.494229277019 1 0.9999428
116992839.0 0.0 1812.3699220767357 0 3.6194357e-05
177881146.0 0.0 1793.1410453760373 0 0.0016692821
400506361.0 0.0 1805.5357800870077 0 5.2312396e-05
199688472.0 0.0 1800.4055105807117 3 1.0363506e-15
445349313.0 1.0 1798.4107219492148 1 0.9999996
192558373.0 1.0 1797.8909870068246 1 0.9999719
312555125.0 1.0 1798.035611830792 1 0.9999961
35013424.0 1.0 1793.2246728406892 1 0.9999662
241136221.0 1.0 1797.9738768100958 1 0.9999351
444594880.0 0.0 1793.6188204273935 2 2.2177957e-09
428531053.0 0.0 1805.203297510422 0 0.001643483
51029031.0 1.0 1796.1189047602063 1 0.99521816
286328028.0 0.0 1794.4105538143679 2 7.3503315e-11
116549701.0 0.0 1808.890595788622 0 6.7202313e-06
192841197.0 1.0 1798.0992038879324 1 0.9996859
229969976.0 0.0 1810.3861074695535 2 2.2214884e-08
229979473.0 1.0 1796.9697073784273 1 0.9999876
256321169.0 0.0 1796.4521535734045 4 4.120134e-08
400506070.0 0.0 1805.5149511784523 0 4.5567137e-11
354643553.0 0.0 1796.8905244495406 0 1.5223452e-06
275420577.0 1.0 1796.3250399915255 1 0.99999535
289540459.0 1.0 1811.1352427976597 1 0.9999071
316953722.0 1.0 1794.3275886370354 1 0.99998635
279878476.0 0.0 1793.4093780692174 0 6.63271e-05
445632125.0 1.0 1798.973508138341 1 0.9983433
224596414.0 1.0 1805.905567657153 1 0.9999963
400407608.0 0.0 1808.8446189570218 0 2.3510728e-07
348673126.0 1.0 1794.9110058675485 1 0.9999959
236716440.0 1.0 1800.0516687184884 1 0.99998623
240982081.0 1.0 1795.3070227681953 1 0.9999997
374775107.0 1.0 1794.5569657231526 1 0.99999964
322058180.0 0.0 1797.3460365625303 2 6.832813e-05
275466698.0 1.0 1799.410418305043 1 1.0
327443417.0 1.0 1798.99467523229 1 0.9995829
308367718.0 1.0 1797.4528941377407 1 0.99999994
265176389.0 0.0 1796.701181889091 2 0.00039776522
390410161.0 1.0 1799.4731420453604 1 0.99998987
279085922.0 0.0 1808.868252430218 0 2.490797e-09
431994502.0 0.0 1812.6827839643672 0 0.00017429853
285128834.0 1.0 1799.7225995019915 1 0.999997
445436525.0 0.0 1800.139965505805 0 0.0001014008
233711268.0 1.0 1799.3231378146045 1 0.99998987
368409353.0 1.0 1800.0974758775676 1 0.9992954
259236115.0 1.0 1805.7406341876297 1 0.99902296
256417824.0 0.0 1810.4727604214813 4 1.136154e-27
28870707.0 0.0 1809.2664302678697 0 0.0016621761
194777265.0 1.0 1797.8495319019753 1 0.9998616
256925744.0 0.0 1805.1991115370838 0 4.460862e-08
285674570.0 0.0 1811.07817189732 2 1.7896799e-08
397765121.0 0.0 1806.7845931248353 4 1.1461368e-06
366637868.0 0.0 1812.4086592563208 0 4.7733945e-10
421110675.0 0.0 1805.4518191042896 3 0.0
299491276.0 1.0 1795.1168963165244 1 1.0
422533317.0 0.0 1805.5564097519302 0 2.3394692e-07
405491068.0 1.0 1796.7454954789255 1 0.999642
265184616.0 1.0 1797.3470628974442 1 0.9999955
390863585.0 1.0 1810.7024750434136 1 0.9999998
399441295.0 1.0 1799.2438719636905 1 0.9999999
245634583.0 1.0 1810.348738444281 1 0.9999816
22842245.0 0.0 1805.3079529055085 0 0.00010596123
200938962.0 1.0 1797.432691567366 1 0.9999978
368023334.0 1.0 1805.784435227802 1 0.9999978
367183844.0 1.0 1795.9296745062315 1 0.9999771
258771780.0 0.0 1805.2614638595596 0 5.0767878e-05
422708676.0 0.0 1808.8677356586843 0 2.5510035e-05
232609321.0 1.0 1798.8229716317633 1 0.9999967
427647246.0 1.0 1797.7015691780089 1 0.99999994
194735385.0 1.0 1794.2659153070979 1 0.9999906
396442760.0 1.0 1811.1379871682627 1 1.0
269912311.0 0.0 1808.8496520713716 0 0.00092178263
186937670.0 0.0 1805.557624544398 0 0.0010267382
71688124.0 0.0 1805.5357137617284 0 9.334856e-07
396486931.0 0.0 1796.346490292176 3 3.974636e-21
390049765.0 0.0 1805.3061499146713 0 7.554026e-09
271525268.0 0.0 1797.5347187130014 2 5.138785e-10
250651359.0 0.0 1798.2654634229461 2 1.8871226e-12
426141801.0 0.0 1812.3468340267561 0 8.3528924e-08
251457857.0 1.0 1793.7441581502426 1 0.99997216
71697808.0 1.0 1798.5360283532484 1 0.99999547
229497381.0 0.0 1812.344550333564 0 1.3661104e-08
192473556.0 0.0 1793.1406989609688 0 0.0021559894
401083189.0 0.0 1794.9109951727767 4 1.5209357e-17
345782594.0 1.0 1805.61808853697 1 0.9999988
395601289.0 1.0 1799.8262505153457 1 0.99225295
251621620.0 0.0 1812.3904725159646 0 0.00036181093
271655169.0 1.0 1794.555658063339 1 0.9999202
22661968.0 1.0 1794.2244252462885 1 0.9999981
397918716.0 0.0 1805.3058839592425 0 1.1094659e-06
396339551.0 0.0 1793.8890109889721 3 5.8773485e-17
240964649.0 1.0 1798.5152172901549 1 0.9999555
422747742.0 0.0 1811.3261783261596 2 1.4984967e-12
238741070.0 1.0 1797.4116478273788 1 0.9999954
230029334.0 1.0 1810.5110242113258 1 0.9999997
353897321.0 1.0 1797.4894046526804 1 0.9999999
85524349.0 0.0 1793.1412453747687 0 0.0018314918
186744508.0 1.0 1805.4953151829668 1 0.99999946
366557556.0 0.0 1795.429559175898 3 4.2857043e-21
82621088.0 1.0 1795.2857395575813 1 1.0
256503928.0 1.0 1805.971016880759 1 0.9999985
427765055.0 0.0 1807.1177291616445 4 9.505625e-07
375906417.0 1.0 1799.3880345515513 1 0.99908966
245632364.0 1.0 1797.7028263178895 1 0.99999946
219776118.0 0.0 1797.968587626201 0 6.328995e-05
117494384.0 0.0 1805.2031075639113 0 2.6979305e-06
420851246.0 0.0 1809.3893196985525 0 1.213694e-07
428121854.0 1.0 1798.2031378517186 1 0.99998724
192652602.0 1.0 1796.4740973619625 1 0.9999958
352425043.0 1.0 1798.9725089715312 1 1.0
292721973.0 1.0 1795.5367514444922 1 0.99998903
398212665.0 1.0 1810.2438227994999 1 1.0
256352174.0 1.0 1795.5751480466845 1 0.9999966
365941341.0 0.0 1812.5134532658801 0 0.0004776831
326529945.0 1.0 1806.2848450434285 1 0.99715793
428737838.0 0.0 1808.8469212581988 0 1.30636045e-05
83055357.0 0.0 1812.6598049669535 0 2.5452748e-06
368241492.0 1.0 1810.867765528643 1 0.9999912
353171961.0 1.0 1796.805905016225 1 0.9999882
410237561.0 0.0 1798.4920061918572 4 1.8729554e-15
219856671.0 0.0 1808.8443130782618 0 7.133734e-05
327121928.0 0.0 1805.1392589749755 3 3.3924248e-25
376231996.0 1.0 1806.2630399656323 1 0.9999997
444144683.0 1.0 1810.5570398707714 1 0.999999
445422059.0 0.0 1806.3480344468421 2 2.237863e-06
422983929.0 1.0 1810.4326045875591 1 0.99998546
306183346.0 1.0 1795.827481763674 1 0.9999993
320376468.0 1.0 1810.4101496389683 1 1.0
307119079.0 1.0 1811.4730966366567 1 0.998289
289723065.0 0.0 1799.218329306601 2 4.6918227e-17
329248002.0 0.0 1795.7597513520736 3 2.1516672e-30
378290764.0 0.0 1796.9099155851577 0 3.69386e-06
252829817.0 0.0 1805.2032502900656 0 0.0025899552
207402722.0 1.0 1794.176249480459 1 0.9999915
250836327.0 1.0 1797.9320887637562 1 0.99999243
331325154.0 0.0 1809.3270943046186 0 0.000622801
326780213.0 1.0 1793.45189662557 1 0.99999666
178043245.0 1.0 1811.1828279946449 1 0.9999978
235991061.0 1.0 1810.4916116100335 1 0.9999001
233711453.0 0.0 1810.5522222716713 2 5.4929195e-09
237197609.0 0.0 1805.2201129651933 0 3.3763436e-22
404104934.0 1.0 1796.158519120858 1 0.9999981
370946228.0 1.0 1794.431767985847 1 0.9999998
90567149.0 1.0 1795.0995473893022 1 0.99999154
378356523.0 1.0 1805.8889610047822 1 0.99999094
251403318.0 0.0 1805.2028068518023 0 0.001289569
11424087.0 1.0 1797.9105215253082 1 0.99999636
403258444.0 0.0 1809.201646033691 0 0.00019018959
258353545.0 0.0 1796.1783433176079 2 1.9530976e-26
352039322.0 0.0 1808.889119521531 0 1.76803e-08
264615805.0 0.0 1800.202724364061 3 1.3150337e-06
321853793.0 0.0 1805.3042210147394 0 0.00014072975
338992133.0 0.0 1805.2215614758902 0 0.000115310904
249886811.0 1.0 1799.7864137652412 1 0.9999999
251123022.0 0.0 1796.827829651922 0 1.0177129e-05
323124948.0 1.0 1794.9500744753004 1 0.99977255
368516895.0 1.0 1805.2640735139407 1 0.9999689
230077236.0 1.0 1800.4483224260725 1 0.9999976
233193894.0 0.0 1794.1982961153446 0 8.773275e-09
406899460.0 0.0 1812.3680422023194 0 6.863815e-06
323140287.0 1.0 1806.3250578984075 1 0.9999998
61085649.0 1.0 1797.745667106839 1 1.0
431804404.0 1.0 1796.0991530949318 1 0.999981
387681857.0 1.0 1796.5331915477657 1 0.9999987
453150636.0 1.0 1810.1395486807626 1 0.9999986
10711974.0 1.0 1794.8270708321818 1 0.9999367
28692009.0 1.0 1797.0783085503667 1 1.0
251387790.0 1.0 1805.6402711511432 1 0.9999999
126063876.0 0.0 1796.641241635945 0 0.002408426
250452231.0 1.0 1806.3069951189616 1 0.999997
184737927.0 1.0 1797.3701728360218 1 0.99999326
291840064.0 1.0 1796.807362216065 1 0.9998897
395586478.0 1.0 1797.013871360069 1 0.9999971
301642812.0 0.0 1812.3489418626245 0 7.481702e-07
46429002.0 1.0 1810.6830964888259 1 0.99999267
65288356.0 1.0 1795.0366293694226 1 0.99992955
366487367.0 1.0 1793.5744315125755 1 0.9998923
406963641.0 1.0 1797.701825151427 1 0.9999926
376195741.0 0.0 1807.993572205589 4 1.008221e-13
275713133.0 1.0 1796.7433983660226 1 0.999854
358828514.0 1.0 1795.9926425323474 1 0.99999785
279183336.0 1.0 1795.8893192545354 1 0.9999974
302544817.0 0.0 1805.4748069845407 0 0.004614892
187031415.0 0.0 1805.536739119453 0 4.996243e-07
269609504.0 0.0 1798.3469912098915 3 2.5051496e-11
365940361.0 1.0 1798.3260847010972 1 1.0
280412792.0 1.0 1799.9937814096904 1 0.9999988
376193476.0 1.0 1796.9519032305811 1 0.9999741
387289084.0 1.0 1796.7205352882256 1 0.99999905
84055364.0 0.0 1812.4305454378916 0 0.0014853835
424461639.0 1.0 1805.4272780216584 1 0.99999034
251815533.0 1.0 1805.327990879254 1 0.9999938
427955222.0 1.0 1799.763592506211 1 0.99999154
241039594.0 1.0 1798.5778237762142 1 0.99999994
399788405.0 0.0 1810.343605334413 3 3.7334744e-33
403681809.0 0.0 1805.244305835083 0 9.072926e-09
186746737.0 0.0 1806.016060424732 4 0.34657735
235977359.0 1.0 1806.3040894818628 1 0.9999954
194730782.0 0.0 1805.2662181582841 0 0.002013976
453150220.0 1.0 1810.8478739057048 1 0.99999964
229480270.0 1.0 1795.594938940344 1 0.9999991
444463996.0 0.0 1805.2224573111216 0 0.0001646715
219877512.0 0.0 1805.2816973262384 0 4.704408e-06
348607686.0 1.0 1798.1818370711428 1 0.99988973
251783246.0 1.0 1793.8275283621413 1 0.9995268
315917180.0 0.0 1812.34540632606 0 5.7219035e-10
20874581.0 1.0 1797.3701636684718 1 0.9999993
275192164.0 1.0 1795.3469876023885 1 0.9999439
194737896.0 1.0 1799.599443341523 1 0.99999756
327257774.0 0.0 1805.2237397241638 0 3.2483033e-08
428611573.0 1.0 1796.763776286003 1 0.99995613
456130400.0 0.0 1797.2034353937347 3 4.3124292e-24
354799106.0 0.0 1795.7863447084023 2 7.300607e-07
230378528.0 1.0 1794.677692418857 1 0.9999958
445224414.0 0.0 1812.7018365649456 0 0.0001633871
374303249.0 1.0 1798.452342242171 1 0.9999994
378464628.0 1.0 1799.7431304723307 1 0.99872375
352928514.0 0.0 1796.8057800705233 0 2.439487e-09
373061918.0 0.0 1808.7009903132475 4 3.6275083e-18
378992579.0 1.0 1795.05553264711 1 0.99999297
264615028.0 0.0 1798.0776958665667 4 3.5558688e-17
82094001.0 0.0 1805.2648598540895 0 5.208213e-05
366470628.0 0.0 1812.3669000272068 0 1.2774012e-06
279195613.0 1.0 1795.4102511395 1 0.9999931
184611444.0 0.0 1812.6406618886674 0 8.246641e-05
370949218.0 1.0 1798.3485199859465 1 1.0
245552501.0 1.0 1799.6402331321854 1 0.999957
280566427.0 1.0 1795.9311487288392 1 0.99994797
364075498.0 0.0 1805.2413607768947 0 2.0094839e-07
387262771.0 1.0 1810.4083382651866 1 0.99995947
184732101.0 0.0 1797.9118815669078 4 2.1204201e-10
245664236.0 1.0 1805.3485621879013 1 0.99994546
367095312.0 0.0 1796.8255510404122 0 6.6865923e-06
336747732.0 1.0 1796.4923220468997 1 1.0
402846446.0 0.0 1809.7635330442654 4 6.667006e-06
399081275.0 1.0 1798.6608790081516 1 0.99999774
233721547.0 1.0 1811.3025469811398 1 0.9999995
198354443.0 0.0 1807.8430104849228 3 1.2494009e-22
436931352.0 1.0 1796.7456202868236 1 0.99982256
284892390.0 1.0 1798.6557847467743 1 0.9999994
279186705.0 0.0 1805.5142493695416 0 0.00031615375
420017091.0 1.0 1798.4520249160214 1 0.99999183
378372197.0 1.0 1799.7432004554328 1 0.9999989
250769268.0 0.0 1808.8695175919274 0 4.6970205e-15
341816492.0 1.0 1806.4265513322728 1 0.9999968
265195099.0 1.0 1810.7861569849 1 0.9999918
116212174.0 1.0 1797.3488353740413 1 0.9999993
270018986.0 1.0 1800.3679192375325 1 0.99999994
264803524.0 0.0 1810.3277505183305 2 2.1984192e-23
192839417.0 1.0 1796.2659034383337 1 0.9999949
375651838.0 1.0 1811.1378692017515 1 0.9999304
245427506.0 0.0 1812.3486158387582 0 6.244544e-09
387760681.0 1.0 1805.3247313127943 1 0.99999005
410651000.0 1.0 1793.4321006902442 1 0.9999999
301911058.0 0.0 1808.8490443099847 0 0.000116356125
326199758.0 1.0 1794.32574322881 1 0.9997505
396664296.0 1.0 1794.617718584142 1 0.9999882
285124298.0 0.0 1809.16004203859 0 0.0010104848
51884863.0 1.0 1797.431096232855 1 0.99999976
426419025.0 1.0 1806.016375966032 1 0.99998367
436873082.0 1.0 1796.620652817856 1 0.99999076
312147538.0 1.0 1794.4523479743657 1 1.0
139378834.0 0.0 1811.1201993479033 3 3.7627078e-06
256460459.0 1.0 1797.3866423093812 1 0.9999997
230007745.0 1.0 1798.657077838357 1 1.0
286477976.0 0.0 1805.2649816749522 0 1.0883423e-05
116992839.0 1.0 1799.9740416933305 1 0.9999992
385197850.0 1.0 1793.4948894200156 1 0.9999989
401326744.0 1.0 1798.325929634045 1 1.0
445110528.0 1.0 1800.34794916761 1 0.9999951
312862941.0 0.0 1810.847988098493 3 0.0003186569
410502911.0 1.0 1805.452770178405 1 0.99999785
101032677.0 1.0 1794.7245757918902 1 0.99996376
251334166.0 1.0 1810.327922549088 1 0.9999973
423995849.0 0.0 1797.8482186065194 0 5.1818883e-09
369145520.0 1.0 1797.972579466236 1 0.9999421
444628850.0 0.0 1800.910435614895 4 0.0
445630982.0 0.0 1793.3275854833398 0 1.3302809e-09
192590893.0 1.0 1811.2867110736604 1 0.999968
351467297.0 1.0 1796.7848209044823 1 0.9999863
433206218.0 0.0 1793.2451596251972 2 6.94386e-09
356892980.0 1.0 1806.364351569875 1 0.9999995
139459369.0 1.0 1797.578650891507 1 0.99992794
28909025.0 1.0 1795.6413684023016 1 0.9999915
377153745.0 0.0 1812.6172618443925 0 6.6543386e-08
369908768.0 1.0 1794.744106319868 1 0.9999986
352572230.0 0.0 1799.1600989754493 2 4.237663e-22
186811470.0 0.0 1796.3285201391263 2 1.7355329e-09
302320051.0 1.0 1810.5155818658739 1 0.9998458
418372795.0 1.0 1805.763604149226 1 0.99999267
259934977.0 0.0 1812.410860547128 0 2.5163696e-05
230076103.0 1.0 1795.947766570114 1 0.99998915
53798295.0 0.0 1796.7646486684796 2 1.6184262e-20
241022650.0 0.0 1796.702692429414 0 5.3611315e-10
5720927.0 1.0 1794.1830359093196 1 0.999996
301472955.0 0.0 1809.598947595879 4 5.467044e-30
449998001.0 1.0 1797.410430257673 1 1.0
329248002.0 0.0 1805.0930087696295 3 1.7997751e-30
249855428.0 1.0 1810.307212620308 1 0.9999227
103953204.0 0.0 1807.557428657564 4 3.536512e-24
49717463.0 0.0 1798.2231479934733 2 1.8840604e-10
65640574.0 1.0 1794.7658549559571 1 0.9997674
186719960.0 0.0 1805.2245265755537 0 0.0014081958
270333887.0 1.0 1795.4930506170615 1 0.99990076
20805612.0 0.0 1808.9533613124086 0 0.001557207
292519851.0 1.0 1796.557351637967 1 0.99996585
316053491.0 0.0 1808.8696516140028 0 1.05178115e-05
452972519.0 0.0 1797.7437407774964 2 4.4308077e-09
435446518.0 0.0 1800.4093808911355 0 0.00012929962
366329599.0 0.0 1805.2419280497547 0 2.1813855e-12
305564076.0 1.0 1796.8040257993237 1 0.9999886
368455819.0 0.0 1806.3889323483484 4 7.2505154e-06
373695206.0 0.0 1808.9521113125384 0 0.001150831
389961180.0 1.0 1811.385035262621 1 0.9999203
202927496.0 1.0 1793.7657971583058 1 0.99999857
50849800.0 0.0 1799.7854698187534 3 5.158299e-28
445231680.0 1.0 1796.7855313577309 1 0.99999684
346717973.0 1.0 1793.8285873780248 1 0.9998427
177769654.0 1.0 1796.4119433835958 1 0.9994328
362963394.0 0.0 1799.49268792782 2 4.268348e-08
230131062.0 0.0 1808.844350307758 0 5.6053108e-05
219860486.0 0.0 1800.0734582164096 2 1.5073609e-11
312678281.0 1.0 1811.2646375654956 1 0.99994063
366762412.0 1.0 1806.2212505256011 1 0.99999934
367095933.0 1.0 1794.5338611257791 1 0.9999956
229938293.0 1.0 1811.1985577188664 1 0.99999964
81916001.0 0.0 1808.9107017305091 0 0.0003115697
240956678.0 0.0 1808.869191320593 0 1.16632e-05
436869712.0 0.0 1812.3079223351044 3 0.0008691252
407545326.0 0.0 1798.387749031155 4 0.00026301353
387627200.0 1.0 1794.2623529733394 1 0.99999464
199688409.0 0.0 1809.4471967466911 3 3.6730843e-25
279846008.0 0.0 1797.4524493737022 4 2.2299011e-13
90764817.0 1.0 1798.7662444457292 1 0.9999169
395924933.0 1.0 1799.8264449934816 1 0.9999995
104315510.0 1.0 1795.0571464054992 1 0.99999535
332687102.0 0.0 1809.3065734233082 0 1.8179524e-05
83049674.0 1.0 1799.9933622913916 1 0.9999599
354154923.0 1.0 1799.9320419600595 1 0.9999798
316047081.0 0.0 1808.84879051636 0 3.3922996e-07
286410563.0 1.0 1796.5773205295832 1 0.9999996
326788321.0 0.0 1805.5558236156824 0 0.0002996832
444113390.0 0.0 1805.2027107924905 0 0.00013635764
352425643.0 1.0 1798.7641425343006 1 0.99999905
250470772.0 1.0 1799.4947582786315 1 0.9999963
302232862.0 1.0 1793.7029499478865 1 0.9999995
366587671.0 1.0 1810.5544726570056 1 0.99999994
286005545.0 1.0 1797.243945057898 1 0.9999999
428423379.0 0.0 1809.1600163873554 0 4.6589784e-07
21178009.0 1.0 1805.5162952184278 1 0.9999727
285942178.0 1.0 1796.3697068385693 1 0.9999995
285561092.0 0.0 1808.3699052910931 4 6.814389e-07
418981815.0 1.0 1805.4516171696137 1 0.99999726
241028734.0 1.0 1795.286210792877 1 0.9999956
428118911.0 0.0 1808.890758420976 0 0.0007534426
192649619.0 1.0 1805.6618027470038 1 0.99999595
11437325.0 0.0 1809.723236887523 3 8.504072e-22
264897548.0 1.0 1797.054546525409 1 0.9999232
68037795.0 0.0 1805.370204483325 0 0.0011590227
350072239.0 1.0 1797.1791315644664 1 0.99999994
21099543.0 0.0 1812.4743882697437 0 0.0011434593
285035316.0 0.0 1796.6395833612198 0 7.351267e-08
363759337.0 0.0 1795.9310139808906 2 3.2843563e-08
427802651.0 1.0 1797.1593704268432 1 0.99999774
377207757.0 1.0 1798.5758123937642 1 0.99958915
377204994.0 0.0 1808.8464855618552 0 0.00029890533
317470793.0 0.0 1801.4091787619293 3 6.991748e-34
236761683.0 1.0 1795.8028634015445 1 0.99999994
12711276.0 1.0 1810.8464983683627 1 0.9999984
441768219.0 1.0 1794.6154283867231 1 0.98370504
256108894.0 0.0 1805.5561815364863 0 6.513334e-08
332872308.0 1.0 1797.535871825525 1 0.9999926
196947934.0 0.0 1796.702921337312 0 2.472645e-08
229676244.0 0.0 1804.6781311333189 3 3.1154573e-14
279526834.0 1.0 1795.0759157029986 1 0.99972403
301100561.0 1.0 1793.9738736184465 1 0.9999998
401083630.0 0.0 1805.2237091312609 0 2.1605249e-05
298649220.0 1.0 1811.0512582817603 1 0.9998649
251465268.0 1.0 1811.5361721930585 1 0.99998486
305678997.0 0.0 1812.3453531802666 0 5.540211e-05
240783236.0 0.0 1805.5564222092426 0 2.404149e-10
370697248.0 0.0 1805.514983661605 0 2.3090063e-06
230090786.0 1.0 1797.219015284247 1 1.0
22842062.0 1.0 1794.2247092383466 1 0.99998957
198457602.0 0.0 1805.1972090606846 0 2.3547474e-05
319720465.0 1.0 1794.9104989479013 1 0.99996984
389538123.0 0.0 1805.5563320213455 0 1.116986e-07
252103748.0 0.0 1809.285470384023 0 0.0004462907
264453826.0 1.0 1793.262583992521 1 0.99999213
373704160.0 1.0 1797.1187170773526 1 0.9995245
407158463.0 1.0 1795.4931814468812 1 0.9999863
26619955.0 1.0 1793.516140532302 1 0.99999845
398358056.0 0.0 1812.4085179975746 0 5.6977042e-05
396659113.0 0.0 1793.3054968631745 0 2.252333e-10
298315900.0 0.0 1808.846769466735 0 1.4017341e-10
394048824.0 0.0 1794.199352198555 0 8.584492e-12
235709741.0 0.0 1793.5533592188167 2 1.4867213e-09
370600569.0 1.0 1805.4734656609166 1 0.99999386
301571443.0 1.0 1798.7446462602288 1 0.9999967
230382319.0 0.0 1806.615116971004 4 3.8801912e-07
230122907.0 0.0 1808.0104499898719 4 2.8840932e-10
28913526.0 1.0 1797.4955650761049 1 0.99982285
387897917.0 0.0 1796.3666161314627 2 0.00041265195
252827737.0 1.0 1806.0158154156823 1 0.99999934
305859208.0 1.0 1796.3041379062909 1 0.9999997
306563415.0 1.0 1799.4524914219244 1 0.9999995
356895463.0 1.0 1796.9685492548324 1 0.9999981
384811988.0 1.0 1795.30664901427 1 0.9999999
291957039.0 1.0 1811.0989389152808 1 0.9998549
250970401.0 1.0 1806.098863581154 1 1.0
288509061.0 0.0 1812.386999772343 0 1.0038328e-09
406634291.0 0.0 1797.617756127245 2 2.5707886e-10
224605215.0 0.0 1805.197272641757 0 1.5324222e-06
235978781.0 1.0 1797.470548744032 1 0.99944913
241096821.0 0.0 1799.1197351334229 4 2.7535357e-08
229590791.0 1.0 1797.9281990335585 1 0.99999976
390021728.0 0.0 1808.0310319555265 3 3.9632977e-35
326920180.0 1.0 1793.2655568027108 1 0.99995184
235982927.0 0.0 1809.4914540516054 3 9.58766e-06
352175100.0 0.0 1805.2193571556754 0 3.0966246e-10
327568989.0 0.0 1793.1405734657017 0 7.478578e-08
354697683.0 1.0 1795.5350435116825 1 0.9999855
229674725.0 0.0 1794.9068090346223 2 2.0006122e-18
399203662.0 1.0 1793.8897651488583 1 0.9999901
427690513.0 0.0 1795.2011737237797 2 5.9982476e-08
191725141.0 1.0 1794.5571425680932 1 0.9999995
423949456.0 0.0 1796.6795213476055 4 2.613538e-07
285514463.0 1.0 1793.6196033609274 1 0.9999011
293189287.0 1.0 1797.3283763865543 1 0.99999887
130059297.0 1.0 1795.8911181193366 1 0.99990207
366074571.0 1.0 1796.4303645097182 1 0.9999747
264908668.0 0.0 1805.2214120967012 0 8.902242e-05
229452950.0 0.0 1805.7613369583923 4 4.938486e-27
387566207.0 1.0 1797.8873285964285 1 0.9999636
405480955.0 0.0 1805.4747654878554 0 0.0020817965
395651443.0 0.0 1812.3474542854517 0 9.025531e-06
353241692.0 0.0 1805.3059813238553 0 6.368369e-06
428477008.0 1.0 1796.9518395507912 1 0.99995357
367855784.0 1.0 1796.5322649399693 1 0.9999176
49938200.0 1.0 1798.9523132027377 1 0.99997044
332681227.0 1.0 1793.2440244064926 1 0.99999917
347581893.0 0.0 1805.2234521732169 0 2.0280657e-08
160520620.0 1.0 1796.6357780078756 1 0.99996376
271529113.0 0.0 1798.3471569311218 3 5.966018e-22
199664321.0 1.0 1810.2598992420897 1 1.0
285934900.0 1.0 1795.6405712904984 1 0.9999887
399582774.0 1.0 1811.4117039353616 1 0.98645747
405491869.0 1.0 1793.495387804873 1 0.99998546
376259663.0 1.0 1796.3476501456844 1 0.99999994
50519916.0 0.0 1808.9317008539824 0 0.00019762435
401326744.0 0.0 1805.2217690310765 0 4.619799e-12
346627403.0 0.0 1796.5580017455316 3 3.2372568e-34
292051376.0 1.0 1797.7240029325853 1 0.99979156
450012655.0 1.0 1794.0563544237666 1 0.9999999
233608984.0 1.0 1793.490213809588 1 0.9999976
236771139.0 1.0 1811.3862676640995 1 0.9999992
394031081.0 1.0 1799.4703943041957 1 0.99999976
229944543.0 1.0 1800.0944281441575 1 0.99999917
230386284.0 0.0 1807.4485301170637 3 2.8336112e-18
453307914.0 1.0 1810.8689690639403 1 0.999997
331751703.0 0.0 1796.8047104553834 0 0.00018729601
397852641.0 0.0 1796.8057111521566 0 8.898326e-08
83624867.0 1.0 1793.1809695342909 1 0.9999528
403589346.0 0.0 1808.8659920978157 0 1.2204607e-11
229962453.0 0.0 1805.1987656531098 0 2.6364086e-07
77451620.0 0.0 1793.1412970394401 0 0.0023986963
233631775.0 1.0 1810.3442917999716 1 1.0
21132407.0 1.0 1810.5161391118218 1 0.9999968
291885128.0 0.0 1793.1407965177805 0 0.001065159
396662259.0 1.0 1795.6803962194879 1 0.99998695
65157585.0 0.0 1812.411829721337 0 0.0014959538
65567010.0 1.0 1793.2864762002182 1 0.99963164
256618816.0 1.0 1796.345000320135 1 0.9999936
81681682.0 0.0 1805.2649589201103 0 0.0005912926
354314535.0 1.0 1797.8069494146985 1 0.9999998
387761739.0 1.0 1795.9290210356612 1 0.9999974
82337809.0 0.0 1807.7442959382374 3 1.4130021e-11
233129338.0 1.0 1806.1773291844568 1 0.9998301
332987130.0 1.0 1810.6396891004842 1 0.99998736
375086642.0 1.0 1796.6816638824173 1 0.9900593
396065275.0 0.0 1797.3678374894841 4 6.369801e-11
362257499.0 1.0 1811.3243607411555 1 0.99974495
293062588.0 1.0 1797.557491132801 1 0.99998903
13608268.0 0.0 1812.4108430335227 0 2.0357709e-07
400439788.0 1.0 1794.098317551337 1 0.9999319
241073627.0 1.0 1805.577577082282 1 0.99999577
184738802.0 1.0 1810.2658603764132 1 0.99999917
270021465.0 0.0 1798.992963040517 4 7.9622015e-18
272732649.0 0.0 1805.2013403410515 0 0.0011942721
403521659.0 1.0 1799.4943340592463 1 0.9999984
327789293.0 0.0 1805.223888783178 0 1.0205032e-08
337831977.0 0.0 1806.2630561241247 2 2.6817357e-10
241041295.0 0.0 1805.2442142192274 0 1.1002133e-09
83723784.0 1.0 1796.1808436755323 1 0.99878407
255872513.0 1.0 1796.3270728107302 1 0.99940944
200798478.0 0.0 1796.6410385296904 0 0.00025264133
354631874.0 1.0 1810.2862442425517 1 0.99999875
71847068.0 0.0 1798.4941864623443 3 3.8859935e-06
116491873.0 0.0 1795.2655975471725 4 0.00015319882
201377451.0 1.0 1797.495076244141 1 0.99972373
278850856.0 1.0 1810.8266637714664 1 0.9999973
13080907.0 1.0 1794.8063843548812 1 1.0
245621333.0 1.0 1806.1193105147677 1 1.0
270021465.0 0.0 1809.4719008471532 4 9.241839e-20
332867023.0 0.0 1799.7648850102476 4 4.628307e-17
360019091.0 1.0 1796.3035294997092 1 0.9999994
372685312.0 1.0 1797.8456059969137 1 0.9999591
285666015.0 1.0 1798.8905429396043 1 0.99999475
246977327.0 0.0 1812.4744094831092 0 0.0020555533
321682751.0 0.0 1805.2416649100778 0 1.8435524e-07
356820922.0 0.0 1812.3447768461251 0 3.7451339e-06
444413183.0 1.0 1796.6809265615193 1 1.0
21099543.0 1.0 1796.0997369683816 1 0.99999744
251408385.0 0.0 1812.348754510563 0 1.3776833e-09
184564324.0 1.0 1797.2867733375283 1 0.99999344
418257956.0 1.0 1798.2626370409678 1 0.99999046
317033818.0 1.0 1798.5986870835604 1 1.0
117171082.0 1.0 1794.2236914140992 1 0.999999
444556331.0 1.0 1799.9311873431927 1 0.99321216
229676244.0 0.0 1799.1780413822762 3 8.4517895e-05
445464041.0 0.0 1798.0984388751979 4 4.5637758e-30
341814286.0 1.0 1797.17664548211 1 0.9999993
431770990.0 0.0 1808.8700634598358 0 0.0021940959
126063876.0 0.0 1793.141192593454 0 0.0024037152
396660371.0 1.0 1797.1180312464344 1 0.9999844
264217040.0 1.0 1795.136681259691 1 0.9999999
104063567.0 0.0 1795.5573570107952 2 1.3375771e-10
279599402.0 1.0 1796.2854226019494 1 0.99999857
427146378.0 1.0 1805.4916156682305 1 0.9999667
331508183.0 0.0 1809.1815044763528 0 0.0002766655
249926810.0 0.0 1805.2030437707604 0 0.00013254923
230089908.0 0.0 1807.9063268093882 4 4.665181e-06
417747375.0 1.0 1810.638254861285 1 0.99999946
233081083.0 0.0 1806.2397856034104 2 5.5704134e-13
229448055.0 1.0 1810.9068767576146 1 1.0
301471635.0 1.0 1796.598901005396 1 0.9999999
192252686.0 1.0 1798.7659859185526 1 0.99999774
375087354.0 1.0 1798.660825421915 1 0.99999994
139579780.0 1.0 1796.2035964802865 1 0.9999999
452939430.0 1.0 1799.0978616420891 1 0.9999415
53619377.0 1.0 1810.514370738579 1 0.99999285
250580707.0 1.0 1806.161198309886 1 0.99988204
326972505.0 0.0 1812.3903137226064 0 9.9621545e-08
198281642.0 0.0 1810.4894589509702 4 2.7412642e-11
249943198.0 0.0 1804.4323018198972 3 5.2229195e-16
348143985.0 0.0 1808.5150271209825 4 7.972111e-25
198176425.0 0.0 1806.3224243371778 4 1.1476966e-10
54721478.0 1.0 1811.2437758259698 1 0.9998597
302626190.0 1.0 1798.8891544812968 1 0.99999964
375905602.0 1.0 1793.8672002652356 1 0.9999994
50686220.0 1.0 1795.5145448655578 1 0.99997467
94725941.0 0.0 1805.5372237238914 0 0.0008999548
412353000.0 0.0 1805.2419228515794 0 4.948963e-08
367858067.0 1.0 1798.2633049104343 1 0.9999914
385100383.0 0.0 1805.4117716303779 0 1.4067961e-05
233010581.0 1.0 1795.761269198549 1 0.99999994
292610590.0 1.0 1797.2240411016078 1 0.9999997
229448778.0 1.0 1794.9072381239773 1 0.9996992
265344857.0 1.0 1797.7425505177478 1 0.99999285
381776262.0 1.0 1810.1827248083791 1 0.9999848
388441669.0 1.0 1798.3673459324903 1 0.9999998
327575969.0 1.0 1796.2032623572009 1 0.9999955
377149295.0 1.0 1811.0547958118782 1 0.99991417
192463621.0 0.0 1795.7866362558902 4 0.00014677449
445410746.0 0.0 1805.5563970684336 0 0.00012263692
233083590.0 1.0 1810.802062602657 1 0.9999998
10703113.0 1.0 1795.9522532023384 1 0.9999712
13459076.0 1.0 1795.1395302690585 1 1.0
118441967.0 1.0 1794.1413863781838 1 0.99993867
285787142.0 0.0 1812.4107106660533 0 4.5358726e-09
34850354.0 0.0 1805.474735777938 0 0.0014039576
116011321.0 1.0 1798.4115501208792 1 0.9999999
389962222.0 0.0 1805.1977620948692 0 1.155288e-06
77452335.0 1.0 1805.5371575111153 1 0.9999987
288626988.0 1.0 1805.8076025577375 1 0.9999986
368167374.0 1.0 1797.930304266439 1 0.99887383
11437325.0 0.0 1798.8274287726301 3 1.033341e-18
354285609.0 1.0 1797.1382567630258 1 0.99999833
470710327.0 0.0 1808.8054817359607 3 1.6603952e-18
329246901.0 1.0 1810.3223793484287 1 0.9999995
271154012.0 0.0 1805.2221226627712 0 8.014194e-09
431774982.0 1.0 1795.7240417102391 1 0.9998242
343622286.0 1.0 1798.1579923878141 1 0.9999245
335798015.0 1.0 1793.5547908681267 1 1.0
453204506.0 0.0 1805.4732055547952 4 4.996096e-32
396569017.0 1.0 1798.5973373936351 1 0.99996656
373333633.0 1.0 1810.3259374257789 1 1.0
401360509.0 0.0 1798.3051836817874 2 3.374617e-07
445532978.0 1.0 1795.306922444338 1 0.99999917
377099523.0 1.0 1806.385530370658 1 1.0
420176519.0 1.0 1798.8661020393072 1 0.99999976
191773499.0 1.0 1794.3281080499553 1 0.99999744
408703881.0 0.0 1800.3049032223294 0 4.7768575e-05
336388834.0 0.0 1799.5130602233935 2 1.2760986e-25
381851378.0 1.0 1796.224424520847 1 0.9999915
374613118.0 1.0 1805.47350487868 1 0.9999988
286639654.0 0.0 1812.348471028445 0 0.001292101
229442981.0 0.0 1793.4074076155373 0 5.3216732e-14
250709705.0 0.0 1796.640541061268 0 0.00042351824
395921029.0 1.0 1794.7219610103234 1 0.9999905
280035355.0 0.0 1810.4491142872953 2 2.2561152e-07
63589145.0 0.0 1805.39105144902 0 0.00015013157
116554169.0 0.0 1805.203025822569 0 2.7664391e-06
284714811.0 0.0 1809.3893204002886 0 2.110945e-06
279193368.0 1.0 1794.8477918088283 1 0.99999696
312674703.0 0.0 1809.181169092963 0 7.513917e-06
397234375.0 0.0 1808.9517543993584 0 0.0001697335
245499939.0 0.0 1805.2027680512908 0 1.875756e-05
348025858.0 0.0 1812.3485162021618 0 9.5333326e-07
255866158.0 1.0 1793.5954458621168 1 0.9999995
52034693.0 0.0 1805.5352169254577 0 2.9398621e-09
321593555.0 1.0 1811.1582276661275 1 0.99998957
13351941.0 0.0 1806.139935778488 3 4.4680828e-38
52424658.0 0.0 1810.9102761476959 2 3.5290384e-06
403752840.0 1.0 1800.3898683493203 1 0.9999963
373789515.0 1.0 1810.118899423207 1 0.99789184
230384685.0 0.0 1800.4067741462522 0 2.2997205e-13
249943936.0 0.0 1805.22399523046 0 1.11609154e-07
186748649.0 1.0 1793.3076742979988 1 0.99936265
396242679.0 1.0 1796.951389353578 1 0.9443173
279946733.0 0.0 1808.847015627714 0 1.9236954e-06
233577148.0 0.0 1805.1984432992826 0 1.119141e-09
352954787.0 0.0 1809.9078871862005 3 2.008311e-19
202839485.0 0.0 1803.5575390211366 3 0.99966
284900355.0 1.0 1799.4889805191915 1 0.9986733
50362642.0 1.0 1796.8481825379054 1 0.9999014
418141646.0 1.0 1805.5346878883133 1 1.0
137205922.0 0.0 1811.4929267095188 3 4.1345567e-15
117314262.0 1.0 1805.557287762772 1 0.9999989
272781956.0 0.0 1797.0104284367294 3 1.2720086e-29
423031714.0 1.0 1799.9319494830488 1 0.9999665
349294422.0 0.0 1806.34975858412 3 2.774711e-10
264801594.0 1.0 1810.2860463152779 1 0.9853134
252171903.0 0.0 1805.5563696475112 0 2.7240876e-09
67461269.0 0.0 1809.1407930330793 0 0.0015156032
329000350.0 1.0 1794.4283075258472 1 0.9998804
375074029.0 1.0 1796.8902836850734 1 0.9999973
428475356.0 0.0 1798.7018506160632 2 1.5406108e-29
403588925.0 1.0 1797.991796660291 1 0.99999595
251151172.0 1.0 1793.827817169754 1 0.9999996
327440517.0 0.0 1809.0779467383177 4 1.0238578e-17
415959499.0 0.0 1805.4948730743513 0 0.00041561757
194665311.0 1.0 1794.3285615029856 1 0.9999977
417263187.0 1.0 1799.4100318403075 1 0.9999906
445302761.0 1.0 1793.7231768554032 1 0.9999992
117399022.0 0.0 1793.1405871796305 0 0.0017783502
282784786.0 1.0 1794.7642698924838 1 0.999978
94606152.0 1.0 1793.5577079370785 1 1.0
396659113.0 1.0 1805.951596335579 1 0.9880447
403041738.0 1.0 1799.682280146853 1 0.99966604
396379847.0 1.0 1796.2643294461484 1 0.99994844
129864364.0 1.0 1793.4743645157412 1 0.9999999
338074475.0 0.0 1794.9507690808503 4 1.3910121e-09
250536149.0 1.0 1810.9110674259566 1 0.99999017
399797086.0 1.0 1810.2425251773586 1 0.9983005
312335439.0 1.0 1795.4938859177735 1 0.9995371
348672128.0 1.0 1797.3485082692184 1 0.9999928
377035146.0 1.0 1799.2424743098027 1 0.9999793
12648197.0 0.0 1795.0774128859891 2 5.868399e-13
388436487.0 0.0 1808.0547911775914 3 1.4993743e-31
245512147.0 0.0 1812.3486231477752 0 7.0091305e-06
256197521.0 1.0 1798.3686497780964 1 0.9868525
354549068.0 1.0 1793.3487129174791 1 0.9996751
338374689.0 1.0 1799.304871760349 1 0.9999869
452995303.0 0.0 1809.1810726411227 0 2.9527257e-05
272823545.0 1.0 1794.847376284075 1 0.99999857
258547695.0 0.0 1793.40788358569 0 4.522791e-07
116208577.0 1.0 1796.4737369938855 1 0.99999857
202866994.0 1.0 1811.4323879277208 1 0.9999999
200939418.0 0.0 1810.016195050837 3 0.0006266581
265198364.0 1.0 1794.4942971349778 1 0.9999821
21020936.0 0.0 1795.6621929174378 2 1.2961937e-07
256562158.0 0.0 1812.3863261733864 0 1.7019379e-10
375853722.0 1.0 1796.3255744838664 1 0.99999833
453160344.0 0.0 1798.1812585337655 4 3.7437837e-07
1981434198.0 0.0 1801.2623974195965 3 1.09745e-33
301163695.0 1.0 1805.5571896778868 1 0.9998149
428166842.0 1.0 1796.2237493891967 1 0.9999984
184685038.0 1.0 1795.4327396829206 1 0.9998386
424277217.0 1.0 1797.3481750139442 1 0.99998194
229676244.0 0.0 1797.5738474573968 3 4.3020142e-07
410437804.0 0.0 1797.7237335427963 4 6.654404e-15
322338950.0 1.0 1798.6818467700593 1 0.9999986
260030759.0 1.0 1799.0569397776133 1 0.9978878
229800570.0 0.0 1808.8653270850516 0 2.7291387e-08
418372588.0 1.0 1797.388480070186 1 0.9999225
402831644.0 1.0 1797.2215934673152 1 0.9992253
377190161.0 0.0 1804.4065553135092 3 1.3971835e-28
264104303.0 0.0 1793.1374288490158 0 1.8307785e-09
201039420.0 1.0 1793.2867644565692 1 0.965296
236778540.0 1.0 1805.7397367346734 1 0.98298407
233057220.0 1.0 1811.531196253557 1 0.99999964
298734307.0 0.0 1809.8019731863108 3 3.6551317e-28
198390247.0 1.0 1810.3430649279285 1 0.99999124
420500461.0 0.0 1795.410056120886 3 0.0091332765
252833808.0 1.0 1799.828075093769 1 0.9996754
272532760.0 1.0 1806.1179986872817 1 0.99994487
378763922.0 1.0 1810.5971342864602 1 0.9999348
354382470.0 0.0 1795.846617740543 2 6.27873e-11
235904292.0 1.0 1811.1789772720686 1 0.9999982
320384437.0 0.0 1793.410338391342 0 4.0935324e-06
427383588.0 0.0 1812.3464861552218 0 2.6449055e-07
389691282.0 0.0 1797.8478211475156 0 6.4341924e-07
297647356.0 0.0 1795.9099633554085 3 8.18708e-06
29053989.0 0.0 1805.8081505089542 3 0.01075173
275420983.0 0.0 1793.325090454353 0 8.31648e-10
269238622.0 0.0 1807.1177315405412 3 1.8433804e-26
387997793.0 1.0 1806.3872831891185 1 0.9999437
238776669.0 0.0 1805.3285077903288 0 5.014611e-06
332475486.0 0.0 1797.551527680958 2 4.4683386e-08
402205653.0 0.0 1809.161505818859 0 0.0013253922
256352113.0 0.0 1808.179197240983 3 3.03139e-13
199716385.0 0.0 1799.9889727292546 4 4.405018e-11
348672078.0 1.0 1796.2443298913545 1 0.99999833
452943612.0 0.0 1812.6601300337122 0 0.0006764843
375845531.0 0.0 1798.6381181308013 2 4.390051e-20
428418890.0 1.0 1797.5768132887208 1 1.0
286410310.0 1.0 1797.2231597931218 1 0.9999945
237211389.0 0.0 1794.7410905757965 2 6.157424e-13
229650991.0 0.0 1812.532657360543 0 0.00084377005
189674221.0 0.0 1805.3490051747926 0 0.0029135314
396339551.0 0.0 1798.6599476993526 3 4.110132e-05
265292755.0 1.0 1799.5359623024513 1 0.9999967
34712929.0 1.0 1794.0164417649598 1 0.99984205
184564097.0 1.0 1798.0992524876883 1 0.9999891
353004614.0 1.0 1794.6808237063062 1 0.9999988
34648966.0 1.0 1811.2455207281587 1 0.9999991
236904806.0 1.0 1811.5115252374085 1 1.0
441742657.0 0.0 1810.2194823090963 2 5.0366794e-11
308445921.0 0.0 1800.140425688445 0 4.889433e-11
101303705.0 0.0 1810.620496796502 2 0.21773668
283837124.0 0.0 1809.180861139211 0 4.2118631e-07
81912531.0 1.0 1810.785655977888 1 0.9999018
229676244.0 0.0 1799.698883403632 3 3.2915918e-06
240897127.0 1.0 1811.53567927127 1 0.99998915
82243350.0 1.0 1811.1398647246192 1 0.99999994
200925355.0 0.0 1794.9326412684084 2 5.5024017e-08
84220093.0 0.0 1812.3889334512166 0 1.0987106e-11
370849212.0 1.0 1805.7025990313944 1 0.99989665
366558772.0 1.0 1794.929568518172 1 0.99998105
407395720.0 1.0 1805.8468136657123 1 0.9999999
130058767.0 0.0 1805.474417449316 0 0.00021582797
73449551.0 1.0 1794.0162882862905 1 0.9999975
178042425.0 1.0 1798.8494968528373 1 0.9998541
353737369.0 1.0 1806.114297761924 1 1.0
396339551.0 0.0 1801.430830699638 3 5.6224017e-06
65436901.0 1.0 1797.3284320704151 1 0.9999953
331933530.0 1.0 1798.9723222241632 1 0.99999964
305294281.0 1.0 1805.699549847312 1 0.9999468
240985351.0 1.0 1793.306889828787 1 0.9999975
370269511.0 1.0 1795.4316795647726 1 0.9999998
302239138.0 0.0 1805.2030386434037 0 1.6050383e-06
178175702.0 0.0 1808.8495424794078 0 0.0003030462
256577928.0 0.0 1805.2210181634562 0 6.2447705e-09
219115569.0 1.0 1797.7192372994264 1 0.9999982
292517014.0 1.0 1798.2032539792979 1 0.9999975
264155741.0 0.0 1812.4084457163501 0 2.2110099e-07
240911239.0 0.0 1806.3275161241295 3 1.4859848e-27
50519243.0 1.0 1811.4525227616953 1 0.99999493
399506713.0 0.0 1805.2425391066665 0 1.4478106e-11
389842621.0 0.0 1805.514625962536 0 1.42743775e-05
375853985.0 0.0 1810.9295774345828 3 2.5032536e-22
301910192.0 0.0 1805.224067310339 0 5.823917e-07
198420520.0 1.0 1811.4681231387342 1 0.99999684
390021728.0 0.0 1804.4060906731713 3 1.2903526e-33
236786470.0 1.0 1798.3024141378053 1 1.0
368409443.0 0.0 1808.8682467546148 0 7.195172e-07
374134059.0 0.0 1808.88974879577 4 3.4626895e-09
235950428.0 1.0 1806.1788930765272 1 1.0
292726632.0 1.0 1799.3073563411017 1 0.99999213
284455934.0 1.0 1798.9069301982202 1 0.9999928
403037785.0 0.0 1810.578105096742 3 1.7778868e-20
198280388.0 0.0 1806.7182460876313 3 4.764593e-27
138019175.0 1.0 1811.0372244800142 1 0.9999987
272533177.0 1.0 1797.5764935789434 1 0.9999974
431767412.0 1.0 1796.599171145075 1 0.9999996
352424791.0 0.0 1794.3474839135397 0 2.632014e-05
219791470.0 1.0 1810.6147214918694 1 1.0
200731857.0 1.0 1798.4327595613368 1 0.99999964
271838045.0 0.0 1793.5555138890322 0 1.6925296e-11
420114364.0 1.0 1794.9701215034859 1 0.99814796
251296491.0 0.0 1812.348672722044 0 0.0005233416
400344508.0 1.0 1799.7640229210392 1 0.99999547
418372795.0 1.0 1794.7633946130704 1 0.99999636
250496363.0 0.0 1808.869576960257 0 0.012803941
353897607.0 1.0 1810.3225458152153 1 0.9999999
82237819.0 1.0 1796.4313989888299 1 0.99999964
427447848.0 1.0 1805.2840630771816 1 0.99999964
409530625.0 1.0 1796.7033515639457 1 0.999989
192734741.0 1.0 1798.0990598340006 1 0.9999999
233658981.0 1.0 1798.280984393248 1 0.99906975
233006770.0 1.0 1796.6361290653645 1 0.99999905
357127803.0 0.0 1812.343377575575 0 0.0002904969
317034907.0 1.0 1805.390504582595 1 0.99999875
283144397.0 0.0 1812.7017584145124 0 0.0005426953
186746448.0 1.0 1805.9535716361174 1 0.99999994
418256934.0 1.0 1798.8667995782553 1 0.9999483
427873899.0 1.0 1797.513586866193 1 1.0
265195002.0 1.0 1798.8069471235576 1 0.99999994
10697454.0 1.0 1797.5981993607852 1 0.9999941
331725668.0 0.0 1807.8260292615596 4 5.1419904e-14
238702430.0 1.0 1794.890818141917 1 0.9998513
224605072.0 0.0 1812.2181894154203 3 1.1432965e-21
139353786.0 0.0 1796.6410865689545 0 0.0017389985
347577498.0 0.0 1805.3066922744165 0 8.315127e-05
400129376.0 1.0 1794.3260021015124 1 0.99999434
418257102.0 0.0 1800.012632498608 3 5.270966e-20
421388495.0 0.0 1805.5560090261213 0 3.068424e-08
236968622.0 0.0 1812.3658009859112 0 7.931478e-06
264998273.0 1.0 1798.9735259743197 1 0.9975877
372353556.0 1.0 1799.619550836338 1 0.999916
400828636.0 1.0 1796.7023590036176 1 0.99999446
65491343.0 1.0 1806.2869139373768 1 0.99991727
12745517.0 1.0 1794.4104260408192 1 0.9999895
396573232.0 1.0 1798.0575603382902 1 0.99999744
250529744.0 1.0 1798.7655503938227 1 0.99994594
240915412.0 1.0 1797.8900624170865 1 0.9999725
177824144.0 0.0 1796.641178341163 0 0.001973347
347946105.0 1.0 1799.452608968592 1 0.9997951
200879107.0 1.0 1793.8700470794067 1 1.0
20706163.0 1.0 1805.8283612091993 1 0.9999985
200735595.0 1.0 1796.5577984490271 1 0.9999948
230379483.0 0.0 1805.1984831619338 0 2.8068242e-10
240997801.0 0.0 1805.24430072468 0 2.8381052e-07
241067505.0 1.0 1799.7028997142506 1 0.99999714
378532032.0 1.0 1799.6596720555287 1 0.99999976
406683158.0 0.0 1793.4093968498235 0 7.904603e-12
308366892.0 1.0 1794.8278748219195 1 0.9999993
259965108.0 1.0 1797.637481444359 1 0.9999971
404393926.0 0.0 1793.3252273105948 0 1.176552e-05
387993489.0 1.0 1795.2624653561106 1 0.99879515
230021070.0 1.0 1799.1571057965837 1 0.99415225
353779523.0 1.0 1805.2393254133958 1 0.9999991
280068832.0 1.0 1806.011623680773 1 0.99999624
333068970.0 0.0 1805.53576189593 0 0.0001631542
427728264.0 1.0 1811.0550422907331 1 0.9999988
10510046.0 1.0 1796.806309678839 1 0.9883808
445375820.0 0.0 1805.5564580731875 0 5.2803763e-08
418083487.0 0.0 1805.265922804144 0 1.3614561e-05
275146861.0 1.0 1799.0970435376244 1 0.9998374
309057363.0 1.0 1799.327801389707 1 0.9999997
369141038.0 1.0 1796.0974001888937 1 0.9999907
241089580.0 1.0 1797.5569519610262 1 0.999999
139557796.0 0.0 1805.4952266253554 0 0.0026180423
331359894.0 1.0 1798.2424903546412 1 0.9992605
235981616.0 1.0 1811.1790779101684 1 0.99996257
327296929.0 1.0 1806.036250143449 1 0.99987334
229437475.0 0.0 1793.4072223877902 0 1.3607711e-06
236876335.0 1.0 1797.7201688187909 1 1.0
245501899.0 0.0 1809.1194705183495 4 1.130335e-20
370595387.0 1.0 1811.1192281297685 1 0.9999979
285230292.0 1.0 1798.7019760120359 1 1.0
397925867.0 0.0 1797.5977388900449 2 4.9765247e-05
354540223.0 0.0 1795.077960687371 2 5.735532e-24
229701055.0 1.0 1805.886331381811 1 0.999935
233051156.0 1.0 1806.2811530642368 1 0.9998324
230392566.0 1.0 1797.4694420240385 1 0.999991
117661728.0 0.0 1808.8490726508344 0 2.3573944e-05
233576783.0 0.0 1808.8651273031862 0 5.020531e-07
233079659.0 0.0 1809.906490574314 3 1.4990745e-08
292727416.0 1.0 1811.098888508551 1 0.9999424
177970067.0 1.0 1794.057615853631 1 0.9999766
428516141.0 1.0 1794.8280128197746 1 0.99988866
378194000.0 0.0 1799.3887675271599 4 2.506871e-18
137205922.0 0.0 1798.2844261224593 3 2.3139297e-15
94672604.0 0.0 1800.1412787648137 0 3.7468914e-07
389971114.0 1.0 1810.843678711594 1 0.9999994
264296742.0 0.0 1812.3667856373793 0 0.00033113908
377251905.0 1.0 1796.844137353487 1 1.0
20874349.0 0.0 1793.1409366185358 0 0.0027040343
321451090.0 1.0 1797.241726201947 1 0.9999893
445367333.0 1.0 1806.1604570586267 1 0.99999785
407416720.0 0.0 1805.2238762630568 0 0.00010036637
354779012.0 1.0 1811.0979539050736 1 0.99990666
353898012.0 1.0 1811.4474632695294 1 0.9998626
388581730.0 0.0 1796.6378655280562 0 0.00026556963
417457297.0 0.0 1805.285306102857 0 5.800032e-05
67424526.0 0.0 1809.1199127303291 0 0.0024903931
352279989.0 1.0 1798.3891181282427 1 0.9999993
331207186.0 1.0 1798.3481972390757 1 0.9999322
245553108.0 1.0 1796.6402127513945 1 1.0
358947971.0 0.0 1796.639258930189 0 0.0004002471
258546796.0 1.0 1793.8245683117639 1 0.99999624
370510256.0 1.0 1794.410820881051 1 0.9999767
84160930.0 1.0 1810.222455164016 1 0.9999997
434437576.0 0.0 1809.0132814872973 4 4.6145143e-20
418262086.0 0.0 1805.7626240524864 4 1.3459517e-20
417547230.0 1.0 1795.8057806523968 1 0.99988765
331607710.0 1.0 1806.3063292782365 1 0.99999875
229970951.0 0.0 1796.9072039732844 0 2.6177258e-05
326537212.0 0.0 1797.0765990353746 4 9.001798e-18
269240531.0 1.0 1799.2428753411398 1 0.9991092
275692962.0 1.0 1798.344433869687 1 0.99999845
219741444.0 0.0 1812.5098946821504 0 0.001031737
192735590.0 1.0 1798.994934884875 1 0.9999979
84167346.0 0.0 1812.6806638860999 0 4.507287e-06
322204642.0 1.0 1795.4710897857751 1 0.99997157
116849668.0 1.0 1794.4531471046819 1 0.99996793
387627542.0 1.0 1798.7831733921635 1 0.99999356
49941084.0 0.0 1808.9107895413313 0 5.0653525e-06
279705345.0 1.0 1796.7011545626056 1 0.999963
316623082.0 1.0 1796.473553287928 1 0.9999993
77494370.0 0.0 1796.6412913747904 0 0.0019236478
177825946.0 0.0 1805.224495875515 0 0.0011623983
129909801.0 1.0 1797.3077145270179 1 0.99999994
445286253.0 0.0 1812.8060952547257 0 2.0501375e-05
423948019.0 0.0 1806.1168822492577 2 1.9371617e-16
346781468.0 1.0 1794.0994261590604 1 0.9999993
129820966.0 0.0 1809.1618207039064 0 0.0012065364
387408582.0 1.0 1795.4705780468557 1 0.99999034
376547112.0 1.0 1811.138020474952 1 0.99996936
12560231.0 0.0 1807.4313875911103 4 2.6058544e-21
369091357.0 1.0 1795.2430833739875 1 1.0
71926761.0 1.0 1796.890116292965 1 0.999998
250858590.0 1.0 1794.8071444716888 1 0.9999783
438262949.0 0.0 1808.9330959971892 0 0.00039224757
230380918.0 0.0 1808.844467868497 0 1.2301764e-05
453011301.0 1.0 1800.056339836613 1 0.9999974
65689042.0 1.0 1796.3491201844834 1 0.99994427
250832458.0 0.0 1797.5988781845151 2 1.8883102e-09
331814268.0 0.0 1808.8471022787096 0 4.354456e-05
388040303.0 1.0 1796.6583103876135 1 0.999984
29058618.0 1.0 1795.8497035294035 1 0.9999982
269609504.0 0.0 1794.6386951025077 3 1.2577446e-12
199715780.0 1.0 1810.5513137413902 1 0.9999996
359592055.0 0.0 1806.4306928148685 4 6.9142574e-16
428256292.0 0.0 1812.4323323630747 0 5.8555015e-05
441734144.0 0.0 1811.2407495042364 3 7.40955e-37
351390776.0 1.0 1798.0557621339644 1 0.99999994
200876634.0 1.0 1794.8076029816584 1 0.99999475
445342657.0 0.0 1812.7020449283907 0 1.4880753e-05
403337222.0 1.0 1794.827029103823 1 1.0
400438109.0 1.0 1797.4316139650473 1 0.99999815
368965412.0 0.0 1805.2014667049857 0 7.786257e-05
388433160.0 1.0 1798.4088571183515 1 0.99999857
256640207.0 0.0 1800.0335945321667 3 1.0920019e-30
280414997.0 1.0 1796.014417875679 1 0.99995726
233541199.0 0.0 1812.3856365303948 0 5.250884e-10
138021514.0 0.0 1805.5788337919844 0 0.001511869
377165286.0 0.0 1812.3646585731121 0 2.7437224e-07
428774625.0 1.0 1798.2217922403715 1 0.9999793
235710948.0 1.0 1796.1992504658588 1 0.99999726
297780648.0 1.0 1797.826754580543 1 0.9999792
265472792.0 1.0 1798.6192917688113 1 0.99999475
230003870.0 0.0 1793.4071965375026 0 0.0001788582
22735738.0 1.0 1797.1622709345945 1 0.9999284
359042902.0 1.0 1799.9515311803088 1 0.9999984
403749662.0 1.0 1805.9735496406743 1 1.0
117868677.0 1.0 1795.578000004423 1 0.99992925
117270306.0 1.0 1793.5987523058357 1 0.9999985
332809791.0 1.0 1810.8063774114141 1 0.9997868
394121889.0 0.0 1805.1991611912867 0 3.896792e-05
21000161.0 1.0 1797.6830115496539 1 0.99996626
323143121.0 0.0 1796.5125879190934 4 5.900644e-17
410550417.0 1.0 1805.6820824843326 1 0.99999744
421684975.0 1.0 1793.9522129278491 1 0.9999711
420579981.0 1.0 1794.3049845149321 1 0.9999795
418175781.0 1.0 1805.9931471203297 1 0.99999785
240868938.0 1.0 1797.5568478186278 1 0.99999905
285129764.0 0.0 1812.6808148236323 0 6.432977e-07
367681735.0 0.0 1800.3443080651336 3 1.1819257e-22
406635762.0 1.0 1798.6177935728526 1 0.9999999
12398756.0 0.0 1810.3480032197658 4 2.9605415e-24
367079240.0 1.0 1805.49165309122 1 0.9961524
418257102.0 0.0 1810.9083822579112 3 4.5585755e-14
445140895.0 1.0 1798.8063443715423 1 1.0
293187737.0 1.0 1799.1617758834968 1 0.9999868
219846355.0 0.0 1793.177327385378 0 1.2853018e-05
348441003.0 1.0 1796.1192323855196 1 0.99999374
368888154.0 0.0 1809.3682343403423 4 4.453681e-18
73690767.0 1.0 1798.787102487598 1 0.9999988
272226485.0 0.0 1808.8679596023376 0 4.2282358e-05
383647416.0 0.0 1793.4067802329866 0 0.00025790706
362964028.0 1.0 1811.2425311585491 1 1.0
415975425.0 1.0 1797.4742389401536 1 0.9999989
240899568.0 0.0 1812.3690451923478 0 1.0413794e-06
348306905.0 0.0 1798.6195176825954 4 2.5794315e-11
258632574.0 0.0 1798.7203271500957 2 1.2451268e-13
305430992.0 1.0 1810.5562923717737 1 0.9998919
387632808.0 1.0 1793.491515268259 1 0.98956776
240823702.0 1.0 1799.265105630748 1 1.0
178046393.0 1.0 1793.9326127256625 1 0.99999255
431986770.0 1.0 1796.1614898948776 1 0.00012491146
306188450.0 0.0 1796.7024807030236 4 0.0008166779
196816906.0 1.0 1810.4734371816244 1 0.9999977
445643908.0 0.0 1812.34859859745 0 2.7524e-09
327140909.0 0.0 1809.0777904626602 0 3.6314985e-05
280032323.0 1.0 1810.2617611512821 1 0.9999938
424390026.0 0.0 1796.3031418768867 4 0.008329706
334171233.0 1.0 1805.5961272366915 1 0.9995093
321823144.0 1.0 1798.5334363915993 1 0.9999994
236863134.0 1.0 1797.136832556493 1 0.99999994
265292969.0 1.0 1810.5568570329663 1 0.9999959
285938556.0 1.0 1797.8281495606009 1 0.9999525
278855364.0 0.0 1805.2851677040535 0 2.7583988e-06
53714098.0 1.0 1798.743850751158 1 0.9999981
317034358.0 0.0 1808.8488635436033 0 4.4772947e-05
417644996.0 1.0 1805.4916209705161 1 0.9999992
327189822.0 0.0 1796.6406522977836 0 0.0022333253
445486095.0 0.0 1805.202675943315 0 1.812704e-12
250473367.0 0.0 1812.4944896649815 0 1.1554551e-09
192298039.0 1.0 1794.849226982665 1 0.99999654
219813095.0 1.0 1797.4271625187703 1 0.9999977
322345879.0 1.0 1797.557013393067 1 0.99989164
184734764.0 0.0 1812.7657641796977 0 3.6210342e-05
396166613.0 1.0 1794.4098695936211 1 0.99997354
10869811.0 1.0 1811.3689333562577 1 0.9999998
433351421.0 1.0 1793.8286402969475 1 0.99986863
118300416.0 1.0 1799.3080022940692 1 0.59065497
396484827.0 0.0 1808.8469735524072 0 9.5618314e-05
50939427.0 0.0 1805.285766350073 0 3.0109302e-07
320599604.0 1.0 1799.2438228043643 1 0.99999547
245633586.0 1.0 1795.2653230701662 1 0.99974483
252114029.0 1.0 1798.9732185520757 1 0.99997723
384986656.0 1.0 1796.1409012023953 1 0.9999968
34821228.0 1.0 1798.0373031952952 1 0.99999994
411582026.0 0.0 1796.8254074813126 0 1.7464843e-05
259252192.0 0.0 1805.2240434765602 0 9.046819e-08
229446550.0 1.0 1798.0738012495183 1 0.99999064
177763019.0 1.0 1799.182844935019 1 0.99999994
250970173.0 0.0 1812.3487964428841 0 3.2579504e-05
65438359.0 0.0 1805.2660407951194 0 0.0040045003
320606769.0 0.0 1809.201837164036 0 0.00017261172
202872142.0 1.0 1810.5574121427246 1 0.99996156
236786470.0 1.0 1805.760618561149 1 0.9999991
233721760.0 0.0 1812.3858506027295 0 8.645215e-05
326626920.0 0.0 1799.3890558839394 2 4.2393907e-08
280322091.0 1.0 1795.9100007835618 1 0.9999947
444722592.0 0.0 1797.1394621302745 2 5.6334923e-22
236905036.0 0.0 1812.3448260280668 0 7.4913783e-06
450148963.0 1.0 1805.3902645160001 1 0.996583
445431084.0 0.0 1797.1398615985008 4 1.3515204e-10
353779320.0 1.0 1810.5725379091461 1 1.0
423033684.0 1.0 1797.5568753595737 1 0.99999505
452944756.0 0.0 1812.680981147821 0 3.9811422e-07
224597631.0 1.0 1798.218044378608 1 0.9999595
137058189.0 0.0 1805.2013375748986 0 2.7997216e-06
359130550.0 0.0 1796.9099164817262 0 1.6257467e-12
332268572.0 0.0 1812.7022152118602 0 4.7838585e-06
129980433.0 1.0 1795.2452400617492 1 0.99999994
434717759.0 0.0 1808.8674865611422 0 1.3875024e-07
22812378.0 1.0 1796.4539499732252 1 0.9996795
259298098.0 1.0 1795.6825468492357 1 0.99884903
192652602.0 0.0 1808.9325341232475 0 0.0024658227
390927550.0 1.0 1794.597947393962 1 1.0
403589069.0 0.0 1798.9501120382934 2 6.565854e-06
331612419.0 0.0 1805.5355924596354 0 3.409233e-06
375908419.0 0.0 1812.3878910238798 0 1.3114453e-07
322058806.0 1.0 1799.4501754267221 1 0.99999547
240983198.0 0.0 1810.0150352669527 4 6.282207e-14
359038006.0 1.0 1799.7224275658562 1 0.9999968
445384709.0 1.0 1795.598125333578 1 0.9999934
407928263.0 1.0 1796.8704471745916 1 0.9999794
299436180.0 1.0 1793.3697033568678 1 0.99999976
240990984.0 0.0 1805.2025990288132 0 0.00032124447
433205945.0 0.0 1798.5161103815333 2 6.8209927e-09
444556943.0 1.0 1806.4311491717972 1 0.99999213
250554286.0 0.0 1797.7238377600613 2 4.6563894e-19
326820184.0 0.0 1805.2223713643639 0 3.1544958e-05
67520143.0 1.0 1794.3701919027746 1 0.9999986
275689069.0 0.0 1797.615327188684 2 2.5225946e-10
403589370.0 1.0 1798.4703036307078 1 1.0
368168742.0 1.0 1805.3469625013604 1 0.99999946
201262982.0 1.0 1795.8284213029199 1 0.999975
255971847.0 1.0 1798.2018066885717 1 1.0
219792306.0 1.0 1797.5105181477788 1 0.9999652
353878210.0 0.0 1797.9684450135992 0 0.001305131
327399046.0 1.0 1800.5990334545318 1 0.99999976
229972471.0 1.0 1795.4904887860516 1 0.99998814
399722259.0 0.0 1808.8466494099548 0 1.2451508e-09
427649378.0 0.0 1805.2425496139665 0 4.5139977e-06
452963896.0 0.0 1809.1603250804412 0 5.585253e-05
240823834.0 0.0 1796.6401531013503 0 2.4185108e-05
237122593.0 1.0 1798.364296214091 1 0.999939
399544712.0 1.0 1798.307458906055 1 0.99999875
194780717.0 1.0 1806.411992702822 1 0.99986374
10874565.0 0.0 1795.1190290692398 2 0.014998404
63466196.0 0.0 1809.1825476185036 0 0.0016134913
372393451.0 0.0 1796.8254706837884 0 5.973028e-07
184588244.0 1.0 1811.286599313574 1 0.99995005
352840020.0 0.0 1797.847643576118 0 0.001092764
420175919.0 1.0 1798.511881825264 1 0.9999982
186747150.0 1.0 1794.245122194051 1 0.9999979
259000751.0 1.0 1794.178185349627 1 1.0
101130328.0 1.0 1799.6829524031461 1 0.99999803
94371127.0 0.0 1793.1409865611108 0 0.0008651682
200735346.0 0.0 1810.6204457520187 4 0.115663365
236982088.0 1.0 1797.741065234148 1 0.99999887
201187252.0 1.0 1796.6619464022738 1 1.0
54375555.0 1.0 1799.3480168906513 1 0.9999999
316848292.0 1.0 1797.7028121308701 1 0.9999991
229751802.0 0.0 1807.8238126046358 3 1.4938076e-24
309055202.0 0.0 1805.2443419176961 0 0.00016589081
317034907.0 0.0 1809.015544069288 0 2.8184957e-06
219801998.0 1.0 1798.364535718718 1 0.9999269
240821683.0 1.0 1811.3689228495016 1 0.9999999
312543164.0 0.0 1809.2020461488646 0 1.3226976e-10
202868554.0 1.0 1795.515905799898 1 0.999993
265309718.0 0.0 1797.9916991463986 4 1.8863277e-08
250632049.0 1.0 1794.182285959762 1 0.9952082
389535695.0 1.0 1794.1812872715689 1 1.0
402978255.0 0.0 1812.3466534144354 0 1.0926383e-05
445191896.0 1.0 1796.7856815772955 1 0.9999993
433693084.0 1.0 1811.4297595781372 1 0.99999785
293187737.0 0.0 1809.0783390205306 0 6.361063e-05
401320381.0 1.0 1806.1384353514716 1 1.0
104194295.0 0.0 1808.8490999821554 0 0.001366002
336390873.0 0.0 1793.3256784680075 0 0.00014489306
271529021.0 0.0 1805.3678817107077 3 8.916824e-28
298601243.0 1.0 1796.8848456376886 1 0.99999654
445276351.0 1.0 1796.0357063055844 1 0.9999971
297772267.0 0.0 1810.9729865460972 2 2.3923971e-14
358940756.0 0.0 1805.2007988710598 0 1.6269901e-09
184736890.0 1.0 1795.0367776161984 1 0.99999976
308285846.0 1.0 1799.8278962938384 1 0.99999964
370275227.0 1.0 1797.9523728883667 1 0.99999994
219900027.0 0.0 1800.7191677484302 3 2.619308e-29
139557796.0 1.0 1798.9535867435038 1 0.99992853
139372111.0 1.0 1795.0578398357611 1 0.9999391
301644443.0 0.0 1807.8072730102715 4 2.333245e-14
302686987.0 0.0 1797.8478603854155 0 0.0016049532
259967623.0 0.0 1800.4707649611764 3 0.00037859334
298649091.0 0.0 1810.8429434897353 2 2.4749136e-20
52520666.0 0.0 1800.1395294707577 0 1.9040936e-05
249889812.0 1.0 1798.2029550000286 1 0.99999744
272924055.0 1.0 1811.2637512805145 1 0.99999833
417852639.0 1.0 1799.493131753411 1 0.99999833
356870780.0 0.0 1808.8443290055043 0 8.3867846e-08
302686987.0 1.0 1811.0771683725382 1 0.99999744
403037785.0 0.0 1803.7865937442991 3 3.170836e-08
368965706.0 0.0 1799.513954472535 2 1.5422408e-20
13192925.0 0.0 1810.0565822123344 4 4.49533e-25
252190282.0 1.0 1806.0773730246242 1 0.9999938
229913022.0 0.0 1806.698716138377 4 1.3782056e-10
420545724.0 1.0 1799.305941110229 1 0.9999996
347687401.0 1.0 1798.306864130756 1 0.9999198
219114561.0 1.0 1796.0527454756625 1 0.9999401
269038679.0 1.0 1795.763709671738 1 0.9999837
251683364.0 1.0 1805.4946396225841 1 0.9999988
264180515.0 0.0 1808.9500752707825 0 0.002656529
202840363.0 1.0 1797.4950259457307 1 0.99997187
250740899.0 1.0 1796.598801441452 1 0.9999739
309053464.0 0.0 1812.3483639952515 0 6.5398635e-06
370950692.0 0.0 1812.3484215703966 0 7.790725e-09
13532679.0 1.0 1796.973300638469 1 0.9999974
289721816.0 1.0 1810.280426283892 1 0.9998116
285936391.0 1.0 1805.9533008799526 1 0.99955666
444750991.0 1.0 1799.0147501444505 1 0.99999
352901408.0 1.0 1795.3076234153962 1 0.99999887
233077756.0 1.0 1799.4062098355616 1 0.9999887
10429729.0 1.0 1810.4521830439835 1 0.999985
399741073.0 1.0 1793.9299299772456 1 0.9999584
409524618.0 1.0 1798.744954213117 1 0.999966
94371127.0 0.0 1800.1411819824302 0 2.2279517e-05
198187903.0 1.0 1800.0098782886355 1 0.9999787
272930196.0 1.0 1795.8264891379106 1 0.999998
249943198.0 0.0 1796.4531082747594 3 4.727694e-20
240868409.0 1.0 1805.8900031566207 1 1.0
331782770.0 0.0 1812.7020885291488 0 2.7881889e-08
184736218.0 1.0 1794.7659450242295 1 0.9999994
431775050.0 1.0 1793.8073266329313 1 1.0
363807725.0 0.0 1812.367960921919 0 2.5631794e-05
321914908.0 0.0 1812.3457475361786 0 4.052882e-05
311939072.0 1.0 1806.1187085198512 1 0.9999956
452991916.0 1.0 1793.1604092135947 1 0.99984634
452881542.0 1.0 1794.5768705443722 1 0.9999998
284142139.0 0.0 1797.806091986261 4 1.6286215e-26
396111475.0 0.0 1808.8475149114302 0 1.5128671e-05
433784463.0 0.0 1811.429764469223 2 4.1539766e-12
200792606.0 0.0 1803.724482851526 3 0.022943856
370268649.0 0.0 1809.1815669387922 0 8.902301e-05
71697381.0 1.0 1794.077683930537 1 0.9999938
422614706.0 1.0 1799.7635758323 1 0.9975984
399787877.0 1.0 1797.6147171842713 1 0.9991917
378193958.0 0.0 1797.0346293647015 0 4.7122022e-08
219895512.0 1.0 1793.8647840391686 1 0.9999897
390579360.0 1.0 1811.3480859506878 1 0.9999978
338164484.0 1.0 1795.1591459856693 1 0.9998461
398325962.0 0.0 1805.200550814267 0 1.925496e-08
51022448.0 1.0 1796.1398835840937 1 0.9999827
379089935.0 1.0 1805.847442928807 1 0.9999909
20896006.0 0.0 1809.099080396834 0 0.0014921118
301104468.0 1.0 1805.8906168627427 1 0.99998605
101302325.0 0.0 1809.8497205244614 3 0.00028140208
335154630.0 1.0 1796.0546753152007 1 0.9999992
373132386.0 1.0 1798.1385705144353 1 0.99998534
317844724.0 0.0 1806.3674890471664 4 1.7153134e-24
353725532.0 1.0 1811.3687602246794 1 0.9999993
444720882.0 0.0 1805.306163382561 0 1.582052e-05
284439068.0 0.0 1798.7228087193164 2 1.7684623e-11
10971083.0 1.0 1795.9313693130503 1 0.9999988
426111554.0 1.0 1797.2005144549457 1 0.9998777
280033934.0 0.0 1799.1784954385457 3 0.0
256640603.0 1.0 1797.8461119123085 1 0.9999999
240764205.0 0.0 1809.2021210348034 0 0.00020248766
354784530.0 1.0 1799.5767478538164 1 0.9999981
308119959.0 0.0 1793.9943398270902 2 2.3719882e-13
245421634.0 1.0 1797.7234763916952 1 0.9999822
388563844.0 1.0 1796.221414972641 1 0.9999937
258679521.0 1.0 1799.7224270032184 1 0.9999303
427650949.0 0.0 1808.9924815504216 4 2.9736151e-31
233547029.0 0.0 1805.3231798318486 0 2.147837e-08
85401836.0 0.0 1805.2663177122981 0 0.00043014213
230001186.0 1.0 1806.1568052581363 1 1.0
332567333.0 0.0 1806.6398366968315 4 1.1113494e-16
270014077.0 1.0 1795.6804274934436 1 0.9999999
229748770.0 1.0 1794.9903888768338 1 0.9999611
229676244.0 0.0 1805.1156380875116 3 3.060557e-19
184590042.0 0.0 1805.5783167027616 0 1.8813637e-06
427800065.0 0.0 1805.2010336485923 0 2.7674724e-12
12905830.0 0.0 1812.4107988978008 0 3.2198426e-07
200937294.0 0.0 1796.6409477038753 0 0.0017377414
368441497.0 1.0 1811.201114504874 1 0.9999996
327294904.0 1.0 1794.057255526692 1 0.99999774
54523829.0 0.0 1805.556089730597 0 0.0028725665
445259470.0 1.0 1798.4938829526786 1 0.999994
396451821.0 0.0 1806.221240764452 4 1.835483e-22
229751802.0 0.0 1808.8654766066015 3 8.9043116e-36
236878480.0 1.0 1806.4282543432216 1 0.9930185
129910638.0 0.0 1805.6201122151708 0 7.4550496e-07
237115512.0 1.0 1797.9061129759828 1 0.99999505
186597420.0 0.0 1808.9953702618745 0 0.001608442
434626013.0 1.0 1805.5759125585093 1 0.99998343
252171903.0 0.0 1809.202137954669 0 4.562626e-08
256555639.0 1.0 1798.8241723945546 1 0.9999949
302146875.0 1.0 1795.7034703379575 1 0.99998236
422428710.0 1.0 1794.0750363367401 1 0.9999999
302238980.0 1.0 1795.4529578820323 1 0.9999975
395525114.0 1.0 1796.8677162442482 1 0.9999977
240964621.0 1.0 1797.4943921526356 1 0.99997675
321852554.0 0.0 1793.700161404784 2 7.7399594e-11
390407250.0 1.0 1810.827470420388 1 0.9992768
347586508.0 0.0 1805.2443895744123 0 3.115697e-09
347763413.0 1.0 1798.2024995714983 1 0.9601256
129761727.0 1.0 1798.224455404695 1 0.99994713
271234899.0 1.0 1794.513927083762 1 0.99996984
279288500.0 1.0 1798.5344313777548 1 0.9999778
236886901.0 1.0 1806.324202629765 1 0.99999285
415837750.0 0.0 1805.2031415002264 0 2.347106e-06
54458365.0 0.0 1809.327076229328 0 0.0001370455
410475410.0 0.0 1812.3693128778732 0 4.865448e-07
412359451.0 1.0 1799.1795397087235 1 0.99999785
387602720.0 1.0 1800.4705652607922 1 0.99999785
29108129.0 0.0 1793.1413729197589 0 0.0019091225
428168488.0 1.0 1794.9320472901923 1 0.99989974
401293947.0 1.0 1806.1176503210381 1 1.0
316623566.0 0.0 1796.8277407324501 0 2.047353e-06
301647374.0 1.0 1805.8488607589572 1 0.9999999
77423868.0 0.0 1812.432834163189 0 0.0025375977
367754612.0 1.0 1810.303732096612 1 0.9999986
326917767.0 1.0 1794.4531816693232 1 0.9999972
359312949.0 0.0 1805.4681219230467 0 3.525784e-12
418709313.0 1.0 1797.1599322931015 1 0.9999783
292817101.0 1.0 1810.369825161037 1 0.99986076
5738427.0 1.0 1797.9329736980824 1 1.0
301566776.0 1.0 1793.598744517817 1 0.9999865
368611906.0 1.0 1794.4097566862863 1 1.0
375981890.0 1.0 1794.9089744541814 1 0.99999607
353691613.0 1.0 1797.8891270974013 1 1.0
139373516.0 0.0 1809.1409846679032 0 0.0013044209
26623098.0 1.0 1798.7453358102905 1 0.99999946
428531693.0 1.0 1810.6200272477945 1 0.9999993
256507449.0 0.0 1797.6794517521837 4 1.107596e-15
321911672.0 1.0 1795.7626694241985 1 0.9999982
284167948.0 0.0 1810.218218299843 2 2.2009793e-11
354690272.0 1.0 1798.1396064355988 1 1.0
389915921.0 1.0 1798.4479095460024 1 0.9999915
288633162.0 0.0 1813.0538027987232 0 0.00041725588
11157751.0 0.0 1812.4315103933136 0 3.3126317e-14
388077369.0 0.0 1812.9706137925011 0 4.9043095e-08
345916542.0 0.0 1805.202584022171 0 0.0012153798
445115538.0 0.0 1793.9106358237345 2 6.89175e-06
427516716.0 1.0 1810.4506939412984 1 1.0
348315037.0 0.0 1796.8276511091904 0 1.5359497e-06
202867375.0 0.0 1809.1407751845825 0 0.0017323185
256323410.0 1.0 1805.490609752771 1 0.999995
10163637.0 1.0 1811.306352871822 1 0.9999988
396554866.0 0.0 1812.6199811391302 0 0.0010684264
385259314.0 1.0 1798.4110665612804 1 0.999975
284192324.0 0.0 1797.9683496936943 0 0.0015039695
230002134.0 1.0 1794.1779140018648 1 1.0
297692703.0 0.0 1812.4101747510174 0 0.0015359343
389968369.0 0.0 1796.9686635959167 4 2.6192495e-13
387446706.0 0.0 1808.8870089066513 0 8.535033e-05
445565390.0 1.0 1811.4110041250153 1 0.9999949
377614396.0 1.0 1806.0760236614065 1 0.9986029
377053797.0 0.0 1796.531675003678 4 6.2895116e-13
229676244.0 0.0 1797.3655105856324 3 4.6460323e-06
258829795.0 0.0 1805.1988271459693 0 1.4886608e-07
240890658.0 1.0 1794.4526974287526 1 0.9999961
83059902.0 1.0 1810.347336998736 1 0.9999996
450147833.0 1.0 1810.6819125794332 1 0.99999744
251125082.0 0.0 1805.2654613552538 4 2.2549788e-08
285515212.0 1.0 1797.973859286986 1 0.9999541
396265575.0 1.0 1805.3057727771686 1 0.9999961
385198035.0 0.0 1812.3492772773045 0 0.0003728884
229583442.0 0.0 1812.3659502174073 0 1.5182957e-06
445190216.0 0.0 1809.202108615732 0 9.1766367e-07
67463952.0 1.0 1799.015860339833 1 0.99999523
415881208.0 0.0 1806.2030591831563 4 5.413747e-16
198365769.0 1.0 1798.3014893269954 1 1.0
116716700.0 0.0 1812.34886716701 0 2.2723567e-05
246977164.0 1.0 1810.224491884164 1 0.9999936
34622161.0 1.0 1811.2038337546337 1 0.99999964
229669930.0 0.0 1808.8446020920724 0 3.8740828e-07
433693135.0 0.0 1805.2215743805639 0 0.001369332
334678928.0 1.0 1805.7406202285729 1 0.9999997
177763189.0 1.0 1797.2661491859303 1 0.99999905
237115994.0 0.0 1812.510118108666 0 0.0016997406
376997143.0 0.0 1805.1980805316202 0 9.876815e-07
71844320.0 0.0 1807.5565626865953 4 2.49674e-05
368885318.0 1.0 1795.0141575180546 1 1.0
432148636.0 1.0 1797.932538109 1 0.99999833
10510620.0 1.0 1796.597987730927 1 0.9999994
285083073.0 0.0 1812.3692423176567 0 0.0004586632
374391716.0 1.0 1795.7648385457474 1 0.99967766
375907060.0 1.0 1798.5338824129058 1 1.0
285240570.0 0.0 1808.8694883898663 0 5.9576446e-06
116849990.0 0.0 1808.8907935885743 0 0.0021208469
272728914.0 0.0 1808.847069587035 0 5.4364686e-09
400199647.0 0.0 1796.9099147484783 0 9.050624e-05
302088795.0 0.0 1805.3699689990653 0 3.7621445e-05
192691235.0 1.0 1794.057588901182 1 0.99998754
129788532.0 1.0 1810.4950580902564 1 0.9999999
403875792.0 1.0 1810.5565918172113 1 0.9999982
347690442.0 1.0 1794.8275965863027 1 0.99998814
403623473.0 1.0 1795.8484689164084 1 0.9999807
138116477.0 1.0 1805.6205306713623 1 1.0
301566719.0 1.0 1799.9113153595447 1 0.99980557
256647627.0 1.0 1795.200368555842 1 1.0
237293455.0 1.0 1796.0120937207416 1 0.99999535
293065676.0 0.0 1808.8698003370016 0 0.00012728773
104066414.0 1.0 1798.2239530046234 1 0.999787
198387413.0 1.0 1794.905781257757 1 0.99999994
420500461.0 0.0 1810.2851802048244 3 0.005569262
441734144.0 0.0 1806.0323491557924 3 0.0
346852783.0 1.0 1795.1201337510176 1 0.99993986
301263784.0 1.0 1806.0781180651304 1 0.9999998
177823340.0 0.0 1806.0579267100509 3 6.444773e-08
374779186.0 0.0 1795.2443923964036 2 2.3578764e-07
83720916.0 1.0 1795.889227670394 1 0.9996484
349977795.0 1.0 1797.5328783355028 1 0.99996805
264170681.0 1.0 1805.5114775148866 1 0.99999493
436880056.0 0.0 1807.9538267074254 4 3.1809497e-05
302235235.0 1.0 1810.2446311970452 1 0.999997
230001393.0 0.0 1805.2193395120526 0 7.90428e-06
370947635.0 1.0 1794.2859677330225 1 0.99998975
441715063.0 1.0 1795.4902678629912 1 0.99999976
20966097.0 1.0 1810.9744020360156 1 0.9999983
298734307.0 0.0 1797.5104976555783 3 1.8163376e-20
229943691.0 1.0 1805.7192625217867 1 0.9999874
379378830.0 0.0 1812.4310859370923 0 0.0007241937
288948132.0 1.0 1799.3686893381955 1 0.9999832
406899383.0 1.0 1811.4930685992697 1 0.9999979
268842033.0 0.0 1812.36749037713 0 6.582526e-11
397921977.0 1.0 1798.9934724180027 1 0.99999994
316330990.0 0.0 1793.3899824612936 0 0.0010424342
403527307.0 0.0 1805.223445804509 0 0.00034068176
245559871.0 0.0 1808.848746726666 0 4.349791e-07
293066086.0 0.0 1798.6615479823827 3 2.1986904e-13
312146302.0 0.0 1809.1812308627727 0 9.5204854e-07
285676351.0 1.0 1796.1196604765335 1 0.9997992
282880937.0 1.0 1805.6180758725554 1 0.9999935
338927086.0 1.0 1806.2631769759673 1 0.99999964
250776044.0 0.0 1812.348721760793 0 9.188421e-05
256721439.0 1.0 1793.4295534783623 1 0.99998385
445339378.0 1.0 1796.7231061987961 1 0.9999937
199710046.0 1.0 1798.968172270495 1 0.99999523
376288980.0 0.0 1796.9090760232612 0 0.0002198213
362219768.0 0.0 1812.3453377558847 0 4.5276718e-07
65354954.0 1.0 1796.6198708000327 1 0.99999547
332864971.0 0.0 1796.6398433515456 0 2.0305746e-05
258803068.0 0.0 1805.3031275391859 0 2.7913707e-12
229741985.0 0.0 1795.178052377696 3 0.00071156904
292003046.0 0.0 1805.4949210618424 0 8.1878225e-06
203091094.0 1.0 1795.3283612061161 1 0.9999967
359432099.0 0.0 1796.9100025866217 0 1.2796796e-05
417418443.0 0.0 1812.431052505649 0 2.6124368e-11
94668322.0 0.0 1793.1409988612916 0 0.0011733427
378201812.0 1.0 1811.4720243283973 1 0.9999964
372133964.0 0.0 1793.3254221535606 0 2.4942018e-08
139559534.0 0.0 1812.5577046919298 0 4.8925417e-06
229476155.0 0.0 1797.7821928665626 2 9.907106e-07
250653460.0 1.0 1793.6820382198312 1 1.0
428605069.0 0.0 1808.9741636415322 0 0.00013517181
354152507.0 1.0 1811.3483687441556 1 0.99992496
387763343.0 1.0 1797.0331879989014 1 0.99999976
357034919.0 0.0 1797.968649759457 0 0.001342007
192314513.0 1.0 1797.0367552674313 1 0.9999987
449984615.0 0.0 1809.1810020649532 0 2.9737348e-06
381652131.0 1.0 1798.5159106375552 1 0.99995726
423031605.0 0.0 1794.619402402917 2 3.3687252e-12
378588478.0 0.0 1805.2219610695395 0 1.319756e-11
405623715.0 1.0 1794.994808795923 1 1.0
265007029.0 0.0 1805.2026294617765 0 7.221666e-05
388562723.0 1.0 1795.0339973666491 1 0.99998
65443360.0 0.0 1812.4325902376227 0 0.0026737167
22739840.0 1.0 1810.8911821764016 1 0.9999443
317015040.0 0.0 1804.9920403185645 3 2.1217763e-13
13837367.0 1.0 1798.6815192694537 1 0.9999614
444793731.0 0.0 1798.8686954015723 4 6.2435493e-26
258748552.0 1.0 1795.4722106971217 1 0.9999999
293066086.0 0.0 1804.244864124646 3 4.1067123e-18
417767562.0 0.0 1812.617541266842 0 5.240282e-06
192491354.0 1.0 1805.5575655788684 1 0.9999979
265174270.0 1.0 1799.409452736065 1 0.999974
311831038.0 0.0 1799.5354172319376 4 4.386965e-15
316250867.0 0.0 1796.2028073101037 3 9.234819e-29
284889047.0 1.0 1800.0098821220126 1 0.9999406
65436239.0 1.0 1805.6410451928832 1 0.9999898
334486724.0 0.0 1810.4710234305094 2 7.3988863e-06
395843275.0 1.0 1805.5556560991733 1 0.9979484
327583823.0 0.0 1796.8477503382278 3 2.6082604e-14
94474388.0 1.0 1798.72453551509 1 0.99999803
315616403.0 1.0 1805.4529768104205 1 0.99999833
403831420.0 1.0 1796.0145583417168 1 1.0
245511490.0 1.0 1795.1819210113902 1 0.9999932
198280388.0 0.0 1801.8223705747398 3 5.8557197e-28
198392180.0 1.0 1811.5305028286848 1 0.9999997
354241879.0 0.0 1796.9090459216557 0 2.5324313e-12
445302944.0 1.0 1794.431509656165 1 1.0
445288673.0 1.0 1795.7021720287844 1 0.9999999
351615184.0 1.0 1798.2641267486338 1 0.9999995
445322777.0 1.0 1796.3062988191245 1 0.9999957
192467947.0 0.0 1808.974376711348 0 0.0022203752
302469111.0 1.0 1795.9532069866668 1 1.0
375721386.0 1.0 1799.1797206970477 1 0.9999628
240970981.0 1.0 1796.598552759313 1 0.9999998
52426624.0 0.0 1812.7019355847253 0 5.631394e-08
445603279.0 1.0 1797.6610664818672 1 0.9999894
229943640.0 1.0 1810.6983394270103 1 0.99993026
245556881.0 0.0 1805.202858528187 0 0.00019218042
302682216.0 1.0 1797.2016958733877 1 0.9999974
259144912.0 1.0 1797.203142754733 1 0.9999988
177913100.0 1.0 1798.9326919524653 1 0.99999976
229676244.0 0.0 1805.948984452205 3 0.052120853
258776446.0 0.0 1808.636487905515 4 1.0668002e-21
399788405.0 0.0 1806.0311693410674 3 8.3455374e-30
292695766.0 1.0 1806.036526297113 1 0.9999969
192464679.0 1.0 1796.8491947921043 1 0.9999839
367455701.0 1.0 1799.8046513461293 1 0.99999535
423953959.0 0.0 1796.8253017451348 0 9.1459e-06
444670678.0 0.0 1796.806396676924 2 2.8184253e-08
322202346.0 1.0 1794.2835810004726 1 0.9999982
285036076.0 1.0 1799.222885485926 1 0.9999996
268427739.0 0.0 1809.1790616874569 4 1.8946045e-10
250519273.0 1.0 1795.9321976617116 1 0.9999858
232616609.0 1.0 1797.635361934732 1 0.99999756
284540136.0 1.0 1805.7432957486117 1 0.99999976
52179130.0 1.0 1799.3061163475907 1 0.9999997
315730249.0 0.0 1808.8485422517729 0 2.0929109e-07
241035265.0 1.0 1805.6192125357736 1 0.9999998
428048140.0 0.0 1794.6196545823034 2 0.0011887867
369994518.0 1.0 1793.3272823346529 1 1.0
20873121.0 1.0 1795.4742322600523 1 0.99930817
375784809.0 1.0 1795.2005863980446 1 0.99999917
272230579.0 1.0 1805.3055406336318 1 0.99999344
337286741.0 0.0 1806.7629755009398 4 3.923896e-29
422429717.0 1.0 1794.5125472689224 1 0.9999116
367863152.0 0.0 1805.2009651148169 0 5.5189426e-09
177916649.0 1.0 1793.8494135695876 1 0.99990803
389631988.0 0.0 1809.2021882048507 0 1.1654383e-07
401090505.0 1.0 1798.5358564649025 1 1.0
434723934.0 0.0 1812.3465709075836 0 3.243507e-05
378861516.0 0.0 1800.3054818335218 0 6.324389e-08
366194419.0 1.0 1799.681022956516 1 0.9984318
398018454.0 0.0 1808.9517510201104 0 3.244522e-05
272323801.0 1.0 1810.3470655321123 1 0.9999972
373058009.0 1.0 1798.95109875159 1 0.9945346
359338425.0 0.0 1805.2223191075336 0 5.461998e-08
258388870.0 1.0 1795.949285645045 1 0.9999996
331518976.0 1.0 1793.5981440168146 1 0.99999344
117753927.0 0.0 1808.3906900909406 4 7.099131e-15
249898079.0 0.0 1796.8281217371855 0 0.0010491272
402746933.0 1.0 1798.22238520016 1 0.99999875
279700479.0 1.0 1794.909353393652 1 0.99999976
116217589.0 1.0 1810.932395460573 1 0.999972
332475164.0 0.0 1805.2388911833677 2 1.1203456e-09
396242679.0 0.0 1805.4098692677944 0 5.4257485e-05
101133244.0 0.0 1809.120505505278 0 0.00027046137
432096389.0 1.0 1795.5574707343208 1 0.99999946
396161845.0 1.0 1805.3888395337178 1 0.999999
372209149.0 0.0 1808.8460781422436 0 2.5450017e-08
431932339.0 1.0 1793.432341456147 1 0.9981694
251820261.0 1.0 1799.1194883730443 1 0.9999982
21227811.0 0.0 1808.9473666841038 0 0.0016761984
65281446.0 1.0 1796.036612094282 1 0.9998095
291959251.0 1.0 1798.8698932255943 1 0.99999183
387451068.0 1.0 1806.366384331303 1 0.9990015
251435981.0 1.0 1798.8068309829196 1 0.9999967
275060815.0 0.0 1805.2010396756991 0 1.998984e-06
387676847.0 0.0 1793.324873207096 0 3.2253275e-10
46502622.0 0.0 1793.1413331334193 0 0.0016012084
251149964.0 0.0 1805.2029153584542 0 3.4799862e-07
321851950.0 0.0 1796.8251337246022 0 2.4168463e-07
285242957.0 1.0 1799.6405361617537 1 0.9999724
271648343.0 1.0 1810.3678092234702 1 0.99998856
396714371.0 1.0 1810.8890789128611 1 0.9999985
356895396.0 1.0 1800.1976805519703 1 0.999712
428049386.0 0.0 1805.2031191448289 0 0.0010960771
444441735.0 1.0 1799.3476746273222 1 0.9999999
347764575.0 0.0 1797.8483546411805 0 3.653282e-11
441814153.0 1.0 1797.6782732913737 1 0.99999917
241043686.0 1.0 1805.7859569005782 1 0.9999942
372070187.0 0.0 1794.950400878028 2 1.9403276e-23
387764507.0 0.0 1808.8871993999967 4 1.0860766e-25
184737202.0 1.0 1798.4326209536825 1 0.99945754
272230452.0 1.0 1794.6390555388418 1 0.999998
428481150.0 1.0 1793.2851204643018 1 0.99999285
311829828.0 1.0 1795.3271048866125 1 0.99999595
403692443.0 1.0 1800.0570590412585 1 0.9999186
269611835.0 1.0 1799.3886343972868 1 0.9999996
327607119.0 0.0 1805.2239063250847 0 8.620698e-06
428748886.0 1.0 1805.6590255164706 1 0.9999945
376110341.0 1.0 1793.7006101173445 1 0.9999635
104065450.0 0.0 1799.2031680666717 2 6.46179e-07
264468510.0 0.0 1808.658554678189 4 2.8340558e-17
129979656.0 0.0 1805.5160524852124 0 0.0017332804
200860735.0 1.0 1795.26594235562 1 0.99998635
400498192.0 1.0 1793.6193403507132 1 0.999961
249884710.0 0.0 1809.1197996031697 0 1.3432575e-05
377278259.0 0.0 1796.2008701912443 3 5.0005826e-11
375985983.0 1.0 1794.5755682945444 1 0.99978274
317393385.0 0.0 1805.200799298223 0 2.3594414e-08
269714780.0 1.0 1810.13853199813 1 0.99987435
332050949.0 1.0 1800.2024049660843 1 0.99996984
250455085.0 1.0 1797.1196487883178 1 0.9999936
256416606.0 0.0 1812.7018988251255 0 5.7852397e-08
52183436.0 0.0 1805.68114264686 0 1.9909882e-07
356785678.0 0.0 1805.1989296271995 0 4.2471118e-08
186939232.0 1.0 1793.2034550763049 1 0.065878935
400193642.0 0.0 1805.2015072766114 0 6.1735554e-05
199548236.0 1.0 1793.2598134599557 1 0.99999565
420455574.0 1.0 1805.492272233719 1 1.0
421110675.0 0.0 1809.2642636429562 3 0.0
11437325.0 0.0 1801.1191024797386 3 1.163852e-19
395652803.0 1.0 1795.5971935520847 1 0.9999875
249919744.0 0.0 1812.3488235554194 0 0.0004351676
236713762.0 1.0 1810.926824836316 1 0.9999651
264917578.0 1.0 1806.3487254267125 1 0.9999852
265100276.0 0.0 1805.2029350900737 0 3.2608658e-09
435355173.0 1.0 1798.61775535469 1 0.9999976
139463861.0 1.0 1798.891086880079 1 0.999396
374307857.0 0.0 1805.2649839344888 0 4.341877e-09
240883303.0 1.0 1794.7860368508555 1 0.9999664
378156575.0 1.0 1798.5763060766865 1 0.9999996
315818448.0 0.0 1796.3902101366677 4 0.00013997976
374833935.0 1.0 1796.01501392331 1 0.9999963
397801633.0 1.0 1810.7639443294663 1 1.0
282874128.0 0.0 1793.4099572219338 0 1.8078044e-12
237102413.0 1.0 1794.2184824861922 1 0.99999917
65439076.0 0.0 1812.411887922325 0 0.0024942672
200791974.0 0.0 1793.6201441810113 2 0.008990946
259297927.0 0.0 1805.2659359569989 0 0.0008618219
73522048.0 0.0 1805.5578297427837 0 0.0017513344
219428871.0 0.0 1812.4477660555117 0 0.0029836728
306554704.0 0.0 1812.702123907694 0 2.2853068e-05
356975843.0 0.0 1811.4682283112882 2 8.364169e-18
249881771.0 0.0 1808.8489607475199 0 3.7786016e-05
362964294.0 1.0 1806.0551001975002 1 0.99932796
247414059.0 0.0 1808.9121935866833 0 0.0012927867
327582340.0 1.0 1810.8474922827634 1 0.9999999
256315959.0 1.0 1806.1811628017088 1 0.99791294
249919778.0 1.0 1805.848876117227 1 0.99999934
126097648.0 1.0 1798.6829696092573 1 0.9999738
279871956.0 1.0 1797.617882523776 1 0.99998784
34712379.0 0.0 1793.1414523907029 0 0.000978895
298360871.0 1.0 1810.5549820633908 1 0.99996877
292398977.0 1.0 1805.3906889236637 1 0.9999692
312149691.0 1.0 1810.910304585847 1 0.99999994
422755399.0 1.0 1810.2639755602902 1 0.9999994
357828616.0 1.0 1797.9311213829508 1 0.999971
366779985.0 0.0 1800.1378914445584 0 8.5887913e-10
418256655.0 0.0 1805.4709232720475 0 3.241821e-09
408896437.0 0.0 1793.971204540996 2 4.7676318e-11
350132371.0 0.0 1804.1377747786323 3 2.5244239e-05
332870266.0 0.0 1809.2023477820762 0 8.483477e-08
186967988.0 1.0 1797.6826731730544 1 0.99999875
372274808.0 0.0 1805.2028348327688 0 0.00017531175
441765604.0 1.0 1794.323898477259 1 0.99998415
327292056.0 0.0 1812.3486911808939 0 0.00046178277
298358846.0 1.0 1799.0551267654462 1 0.99999505
13215740.0 0.0 1812.5548306587698 0 9.616932e-07
374306779.0 0.0 1797.0982486511275 2 3.833614e-21
352284180.0 1.0 1797.8472890142812 1 0.99999905
138017750.0 0.0 1804.7455203614795 3 6.01688e-19
319599315.0 0.0 1805.5351495153504 0 1.1150596e-11
387675673.0 0.0 1805.2413682784438 0 1.362532e-06
229781162.0 1.0 1797.42811136672 1 0.9999974
378764744.0 0.0 1808.8471672281185 0 0.0022684487
192532362.0 0.0 1808.9116543126297 0 0.0016101642
456130400.0 0.0 1805.307712197524 3 2.226339e-21
356896561.0 0.0 1811.5931968643488 3 2.701981e-28
285904560.0 1.0 1796.368780138265 1 0.99999875
241123671.0 1.0 1798.952888881543 1 1.0
372188394.0 0.0 1805.2029021386597 0 1.4131765e-05
455954904.0 1.0 1796.3258772787574 1 0.99998343
279722552.0 0.0 1805.2026073039988 0 3.4809327e-06
326149070.0 0.0 1812.4507588949914 3 2.3868804e-08
424437685.0 1.0 1800.1360203152633 1 0.99999964
388439836.0 1.0 1794.9504875870966 1 0.99999714
250922234.0 1.0 1798.557070670297 1 0.99999976
270138324.0 0.0 1812.388502755709 0 4.4501476e-06
199657796.0 1.0 1806.1348028057494 1 0.99999726
252831127.0 1.0 1810.8490928519766 1 0.97485346
332045887.0 1.0 1810.5979933448334 1 0.99999636
65354664.0 1.0 1795.5990033301725 1 0.9998441
445602575.0 1.0 1796.8693786527258 1 0.99999475
67390878.0 1.0 1796.703484442351 1 0.9999984
233501988.0 0.0 1805.219348499938 0 3.5423465e-08
137120078.0 1.0 1810.8264533970819 1 0.9999927
455894899.0 0.0 1808.8672456504482 0 2.1701248e-06
258954341.0 1.0 1810.4071942869061 1 1.0
427649810.0 1.0 1805.7008767482878 1 1.0
130087732.0 1.0 1810.64092072704 1 1.0
192290461.0 1.0 1810.5991895774598 1 0.99923986
445529958.0 0.0 1807.952699355209 4 1.1947577e-24
373788354.0 1.0 1810.5563790855676 1 0.9999999
83048837.0 0.0 1805.514091140618 0 0.0014388546
327185172.0 1.0 1811.2028151717461 1 0.9881263
419247224.0 0.0 1796.7644417580748 0 0.00044128325
383674043.0 0.0 1811.11476962909 2 1.5865236e-09
259238257.0 1.0 1810.3658008043983 1 0.9999991
10965068.0 1.0 1797.5356554081163 1 0.99996656
331984288.0 1.0 1794.51474732761 1 0.9999979
233612242.0 0.0 1812.3441181012063 0 0.00094714965
375850243.0 1.0 1795.575630055316 1 0.9999982
441734144.0 0.0 1811.8865907243223 3 0.0
445133704.0 0.0 1794.8273874691922 3 3.1794145e-36
269697721.0 0.0 1800.1577923865382 3 4.6857427e-24
315830189.0 1.0 1793.431835927932 1 1.0
256378205.0 1.0 1799.7200090124397 1 0.99996597
238655883.0 1.0 1798.182178540756 1 0.9999997
201112742.0 1.0 1797.4327692929628 1 0.99999917
229937398.0 0.0 1812.3442671781559 0 0.0005401027
90770012.0 1.0 1806.4121729197273 1 0.9999692
407213856.0 1.0 1799.76377384435 1 0.9997587
49731560.0 0.0 1796.3899770369703 4 1.4480984e-14
394118689.0 1.0 1794.3035537897902 1 0.99999964
192320564.0 1.0 1810.9533068626629 1 0.99999976
65749412.0 0.0 1809.1616938883262 0 0.0022279348
377036419.0 1.0 1794.5966644677744 1 1.0
389533990.0 1.0 1798.6396056278304 1 0.99996316
251153442.0 0.0 1805.598768668904 2 1.0413616e-08
184734213.0 0.0 1812.786621209947 0 0.00010587518
63691131.0 1.0 1799.1204032439878 1 0.99590755
368515752.0 1.0 1798.430725746045 1 0.99872714
20872964.0 1.0 1796.2658992236068 1 0.9999416
445378752.0 1.0 1810.7021561286049 1 0.99999774
233212109.0 0.0 1806.5320314711562 4 3.91343e-15
250803739.0 0.0 1812.348638644903 0 0.0002076333
292152018.0 0.0 1812.5779734004445 0 1.1849356e-09
367682548.0 1.0 1796.7195304221605 1 0.9999645
372863935.0 1.0 1805.8689903964498 1 0.99999994
332865327.0 1.0 1810.493890200233 1 0.9999943
230111377.0 0.0 1794.364777657874 2 2.2874636e-12
388434512.0 1.0 1811.0549118352599 1 1.0
372724218.0 1.0 1797.6604266008935 1 0.9999954
327706187.0 1.0 1806.369661887733 1 0.9999996
241136738.0 1.0 1797.9321877885454 1 0.9999584
20705894.0 1.0 1796.5574953899222 1 0.9999929
245636999.0 1.0 1795.702826246455 1 1.0
117802214.0 0.0 1812.348986414547 0 2.1964841e-05
326537513.0 1.0 1810.7846769481534 1 0.9999989
441799167.0 1.0 1797.699057859398 1 0.9999931
326630342.0 0.0 1801.6181550128795 3 1.9808145e-26
301572524.0 0.0 1805.244702881619 0 8.93992e-05
233120979.0 0.0 1796.6148208479974 3 0.00082126807
403744320.0 0.0 1793.3900990713437 0 8.0796024e-05
363809884.0 0.0 1796.9097816439003 0 4.731764e-08
305857820.0 1.0 1799.5124074917246 1 0.9999979
346594521.0 0.0 1793.1412568534074 0 0.0017449488
104032950.0 0.0 1796.5990444193267 2 6.214786e-06
377255272.0 1.0 1797.3025000350215 1 0.9999999
444463053.0 1.0 1795.6808820757283 1 1.0
264247675.0 1.0 1810.9074236966683 1 0.9999922
288636477.0 1.0 1799.6368713206157 1 1.0
315617593.0 1.0 1796.5986878524575 1 0.99999654
81690987.0 1.0 1795.0773656440613 1 0.999995
387959540.0 1.0 1811.0956454179209 1 0.99994445
385507220.0 1.0 1795.2037882482991 1 0.99998045
327701812.0 0.0 1812.3487486893737 0 0.0020554967
436838655.0 1.0 1811.4537279693284 1 0.99881625
285355262.0 1.0 1796.974530097221 1 0.99999493
370063781.0 0.0 1805.6607896603093 0 2.3745842e-07
365594370.0 0.0 1797.6997383542305 4 4.773995e-10
316468859.0 1.0 1797.3668513870505 1 0.9999931
67420944.0 1.0 1796.1409420641278 1 0.9999958
398016107.0 0.0 1798.7224552892767 2 2.967929e-14
28760973.0 1.0 1797.7659232568817 1 0.9999999
399126842.0 1.0 1795.8898326856881 1 0.9999849
329290321.0 1.0 1798.23891546673 1 0.9999968
73639510.0 0.0 1805.4953550572325 0 0.0006911765
246970991.0 1.0 1810.516130544441 1 0.9998591
376849649.0 0.0 1812.385955381231 0 3.5677815e-05
240950472.0 1.0 1797.1402892353474 1 0.99999785
354841987.0 0.0 1808.931255957445 0 4.4306574e-08
219112533.0 0.0 1812.4276858485684 0 0.00012819972
288267297.0 0.0 1806.1786422789069 4 0.00020926046
320502307.0 1.0 1799.4474674769078 1 0.06811338
279271104.0 1.0 1797.5143107300357 1 0.99999964
280072381.0 0.0 1796.9077075435837 0 0.00027678788
236001043.0 0.0 1805.2208108909263 0 0.0002951262
265297756.0 1.0 1796.5777079211248 1 0.9998137
233005125.0 0.0 1808.8439552397172 0 0.00025143957
233508020.0 1.0 1797.5723808735975 1 0.9999998
452968878.0 0.0 1809.2019187441704 0 0.00015008321
353556621.0 1.0 1796.3059666183274 1 0.99993056
83621645.0 1.0 1793.7851797198232 1 0.99999654
250686151.0 1.0 1805.9320577997391 1 0.9999991
353565609.0 0.0 1810.9726130184067 3 1.2239085e-37
237197609.0 1.0 1795.740957127629 1 0.99997693
431804934.0 1.0 1793.265721966205 1 0.99997216
407315823.0 1.0 1806.326373802156 1 0.99906
230001568.0 1.0 1798.0528142163926 1 0.9999989
312675993.0 1.0 1796.5354864695669 1 0.9999999
400245742.0 1.0 1795.9098901632226 1 0.99992806
233079659.0 0.0 1812.323149288052 3 5.218933e-10
366491672.0 0.0 1810.9074028578834 4 1.7882741e-19
192932964.0 1.0 1793.9115979720486 1 0.99996936
160551004.0 1.0 1797.427623538681 1 0.9999777
288500479.0 0.0 1805.7033132245815 0 3.010766e-05
284012663.0 1.0 1796.578583321743 1 0.999994
369731169.0 1.0 1806.0350618435473 1 1.0
94670385.0 1.0 1810.6622403181539 1 0.99998975
367076032.0 1.0 1793.6171362199627 1 0.99998856
229669559.0 1.0 1794.2192256129188 1 0.99999833
445577880.0 1.0 1798.7649887782077 1 0.981733
191725102.0 0.0 1812.369284640679 0 6.696747e-05
371303202.0 0.0 1808.1377045135844 4 4.8095374e-18
186715730.0 1.0 1795.6618537991185 1 0.9999654
390577834.0 1.0 1799.1396697347143 1 1.0
417618837.0 1.0 1797.8873075018337 1 0.99992836
287151976.0 0.0 1812.5518361228162 3 0.00018314588
421388721.0 1.0 1794.9727190712051 1 0.9999982
415982164.0 0.0 1805.2240560386767 0 1.051955e-06
198416591.0 0.0 1805.7181709564545 3 0.0
279926110.0 1.0 1796.5356145697356 1 0.99998087
346783960.0 0.0 1796.8493646784862 3 0.0015084033
236712244.0 1.0 1793.739038832427 1 0.9999951
245712608.0 1.0 1794.9527590470937 1 0.9998583
126095456.0 1.0 1794.6829217163706 1 0.99992514
202977182.0 1.0 1795.5573673432466 1 0.9999945
235954162.0 0.0 1805.1998956194557 0 2.7205819e-05
258872538.0 0.0 1795.9072210113145 4 8.098047e-27
347688771.0 1.0 1798.1401627455157 1 0.99998856
177917296.0 0.0 1808.8495508698143 0 0.0011728543
406536209.0 0.0 1805.2000056593652 0 0.00012418628
403340402.0 1.0 1796.4102761077797 1 0.99994344
264292933.0 0.0 1793.9083011388577 2 7.958131e-11
229788338.0 1.0 1798.2612857133051 1 0.9999992
233528701.0 0.0 1805.198188593161 0 2.8352993e-06
312465859.0 1.0 1798.8687517080125 1 0.9999991
351608447.0 0.0 1796.805534401934 0 5.772917e-05
285181188.0 1.0 1797.4329069402377 1 0.99999964
301884046.0 1.0 1811.1829023149435 1 0.99999404
327297154.0 0.0 1796.640569683704 0 7.290025e-07
34553649.0 1.0 1797.808161342352 1 0.9992505
327183309.0 0.0 1812.3485519239764 0 4.2350453e-06
331380081.0 0.0 1809.3062638195265 0 0.000182609
354546333.0 0.0 1805.2027549443717 0 2.0764416e-07
400606031.0 0.0 1805.244371323353 0 0.00038736552
395507510.0 1.0 1811.3473720976835 1 0.9999999
189684346.0 1.0 1810.6196682078125 1 0.9999222
259000689.0 0.0 1793.4073639937787 0 0.0011192216
256579589.0 1.0 1795.679510243844 1 0.9999999
264076355.0 1.0 1794.054006856049 1 0.99997365
285541718.0 0.0 1812.7018629143552 0 6.0670654e-06
396263299.0 0.0 1796.805416624612 0 1.1954467e-08
240817037.0 1.0 1805.8066142132927 1 0.9999997
298356329.0 0.0 1808.8467466116283 0 3.055893e-10
200791980.0 0.0 1812.4328697540082 0 0.002794155
367427051.0 0.0 1812.9711119165806 0 1.078766e-06
71982139.0 1.0 1800.536040416973 1 0.99999905
116371513.0 0.0 1810.7240796749875 2 2.6405053e-06
117658646.0 1.0 1798.3280270072335 1 1.0
352424708.0 0.0 1797.4516807161785 4 0.0050008707
378197124.0 1.0 1794.659615452171 1 0.9998952
177969053.0 1.0 1799.0577427567039 1 0.99979013
289537652.0 1.0 1811.1976819309314 1 0.9999978
436860179.0 0.0 1809.016302914273 0 0.0024120985
117617837.0 1.0 1794.3072933857413 1 0.99987334
240749607.0 1.0 1795.7648974454603 1 0.9999751
308955071.0 1.0 1800.5361406600764 1 0.9969501
50520921.0 0.0 1812.4317151553316 0 0.00014112901
331202960.0 1.0 1798.2230984556884 1 0.9696372
331614552.0 0.0 1812.7021645746338 0 6.1745786e-06
65177335.0 1.0 1796.9724996326947 1 0.9999403
315757230.0 0.0 1812.491657008615 0 0.0019305972
241092543.0 1.0 1796.2028901064446 1 1.0
354398903.0 1.0 1798.0571628719579 1 0.9941351
302151704.0 0.0 1798.515432913471 2 5.776309e-05
184588316.0 1.0 1799.5160110026447 1 0.99999994
245634889.0 1.0 1797.4112166439754 1 0.9998622
322346243.0 0.0 1812.3486599876426 0 5.821994e-05
251251365.0 0.0 1794.8900307132967 4 9.165589e-06
420391690.0 1.0 1799.8684529787708 1 0.99999917
237115411.0 0.0 1797.9685979342783 0 0.008123438
116267070.0 1.0 1806.1407784451098 1 0.9998506
354316349.0 0.0 1800.0152890775498 4 2.361635e-26
428112443.0 1.0 1806.1614135181967 1 0.99999785
81750368.0 0.0 1810.6399198327122 2 2.4920728e-06
184739277.0 0.0 1793.599447837289 3 1.1020718e-28
367360176.0 0.0 1805.2214086927318 0 3.014882e-09
403589028.0 1.0 1799.0334469014042 1 0.99999416
198557872.0 1.0 1798.4890334858187 1 1.0
21018496.0 1.0 1810.4680409377609 1 0.9999025
356871176.0 1.0 1810.3026207539035 1 0.9998592
252830604.0 1.0 1798.57815024428 1 0.99999994
269665710.0 1.0 1811.553278466073 1 0.9999795
394091373.0 1.0 1805.8455122553332 1 0.99999976
350734771.0 1.0 1797.074635794035 1 0.99999213
334485891.0 0.0 1793.3255461252288 0 6.3838223e-07
149926534.0 1.0 1795.578710652248 1 0.9999986
229450118.0 1.0 1794.2823181810083 1 0.99999744
26533207.0 0.0 1811.1622143308266 3 0.004831013
397918063.0 0.0 1805.2641939243924 0 0.00090909196
286236435.0 1.0 1811.557682556929 1 0.99991673
116009267.0 1.0 1795.2031718745825 1 0.99993783
241086794.0 1.0 1795.6403905117554 1 0.99999726
52950869.0 1.0 1795.7227896432132 1 0.99953866
29055681.0 1.0 1799.9123035068535 1 0.999999
270239814.0 0.0 1812.3884506162826 0 1.6712194e-05
396556641.0 1.0 1811.307520873671 1 0.99999326
298734307.0 0.0 1801.3021035632084 3 2.6228245e-24
336122651.0 1.0 1794.0332632248997 1 0.99999815
13620888.0 1.0 1798.6188498076472 1 0.999996
370119754.0 1.0 1795.7649409334417 1 0.99996275
390813252.0 0.0 1810.2858614105908 2 0.00032052767
246975525.0 0.0 1808.849534445836 0 0.001693321
431955586.0 1.0 1810.2243059387843 1 0.9999941
312146302.0 1.0 1795.9106794798124 1 1.0
251565782.0 1.0 1806.057062680951 1 0.99995756
428257299.0 0.0 1799.4530185328215 3 1.0111446e-20
366515267.0 1.0 1799.0327763182909 1 0.99999934
241017747.0 0.0 1796.1194047734368 3 6.2147906e-28
264615882.0 0.0 1805.2027277950756 0 1.982515e-07
420545370.0 1.0 1797.9726891952114 1 0.99999887
326257955.0 1.0 1793.6992980110447 1 0.99999994
279979484.0 0.0 1797.7201526668166 4 4.5551432e-10
428165254.0 1.0 1794.2029311097813 1 0.99988323
419531845.0 1.0 1810.1599863482488 1 0.999841
288498365.0 1.0 1799.0159264807053 1 0.9999958
293185164.0 1.0 1810.6615316582865 1 0.99999744
229958869.0 0.0 1805.2401098272594 0 6.134605e-15
370764250.0 0.0 1806.84851061958 4 5.503383e-25
434533434.0 1.0 1798.0759747645914 1 0.99999994
230386284.0 0.0 1801.656932630706 3 4.1968257e-18
65351247.0 0.0 1808.9117450509934 0 0.0019350797
269662631.0 0.0 1805.1994178913635 0 4.528361e-09
264615805.0 0.0 1793.3693350129577 3 2.9110683e-14
396024877.0 1.0 1810.7222723641653 1 0.99998015
50450585.0 0.0 1805.306440218762 0 0.0005846039
444354496.0 0.0 1794.3893476980913 2 1.00875336e-25
240875231.0 1.0 1796.3276821230893 1 0.99999976
399721565.0 1.0 1794.4507035223082 1 0.9996225
202838286.0 1.0 1797.8284451787194 1 0.9998264
11329543.0 0.0 1812.4520543049825 0 0.0032649687
387696085.0 1.0 1794.8873565060671 1 0.989588
117039312.0 1.0 1798.015522233209 1 0.9999986
396533243.0 1.0 1811.0974106335034 1 0.9999743
283250925.0 1.0 1798.1810152032583 1 0.9999507
359132040.0 0.0 1805.972323842468 3 0.9492927
368459023.0 1.0 1811.388862329114 1 0.9999988
192653155.0 1.0 1798.7657807023609 1 0.999959
399442338.0 0.0 1795.9521630647512 2 1.1189256e-16
432046871.0 0.0 1805.3075783693498 0 0.0019726774
198354443.0 0.0 1806.9263415102735 3 7.5367124e-24
431743084.0 1.0 1798.036580801352 1 0.99989057
348316603.0 0.0 1805.2234806903812 0 7.751447e-09
375779290.0 1.0 1798.825532236254 1 0.99999154
194731674.0 0.0 1805.2661878797744 0 0.00024053645
410469334.0 1.0 1793.411044683248 1 0.99999964
251430110.0 1.0 1798.7861270386275 1 0.99999905
395606282.0 1.0 1793.9513541936326 1 0.9998467
11432423.0 1.0 1799.7648450335516 1 0.9998517
427657613.0 1.0 1794.513523396951 1 0.99999684
388436487.0 0.0 1798.7630342096459 3 9.5616286e-32
286240486.0 1.0 1806.245393806327 1 0.9999997
421110675.0 0.0 1808.2642796849134 3 0.0
269609334.0 0.0 1809.888466665811 4 2.4704351e-11
353779523.0 0.0 1797.9686136659734 0 3.0897245e-06
407383381.0 1.0 1810.223812520383 1 0.999922
352775725.0 0.0 1809.1598759552287 0 1.2099268e-06
118389230.0 0.0 1807.974532017959 3 0.0012235093
331985877.0 1.0 1796.8481016848107 1 1.0
186600825.0 1.0 1796.641042607149 1 0.9999978
388602832.0 0.0 1798.075630944659 3 9.811888e-25
139554787.0 1.0 1794.0577177641835 1 0.999993
241005693.0 0.0 1805.2443037777311 0 1.3983805e-13
319601211.0 1.0 1797.076975268571 1 1.0
252113741.0 0.0 1812.86878350554 0 3.848736e-06
353896793.0 1.0 1797.8644903938077 1 0.99998784
333804930.0 0.0 1812.3871293871523 0 4.4391596e-05
367145825.0 0.0 1808.8463692168764 0 1.988765e-05
403875821.0 1.0 1810.473259178893 1 0.9999631
233534487.0 1.0 1805.5314795916784 1 0.9999998
354250789.0 0.0 1809.577613540623 4 1.9137723e-19
326918763.0 1.0 1797.2655937745606 1 0.9999996
376289876.0 1.0 1799.6381951986236 1 0.9998517
230129267.0 1.0 1799.0937071487213 1 1.0
367839732.0 0.0 1796.7407992024916 2 3.7848725e-16
240783420.0 1.0 1793.7441387613683 1 0.9999969
269697721.0 0.0 1800.8452878133985 3 6.55574e-14
354398141.0 0.0 1797.2654691218293 4 1.8060358e-09
288638353.0 1.0 1805.7202487679676 1 0.9999999
53961649.0 0.0 1809.3895435005982 0 8.6990354e-07
238770010.0 0.0 1797.3282571203413 4 3.737991e-11
241068188.0 0.0 1812.3692623237725 0 3.6036916e-09
374615310.0 0.0 1808.848536716465 0 4.7108104e-05
368736611.0 1.0 1796.6597502683885 1 0.99999917
194667324.0 0.0 1793.2867943075432 2 1.3156473e-05
84161498.0 1.0 1793.2435553294647 1 0.99994546
12224888.0 0.0 1799.8899051297915 4 1.2132639e-05
388040701.0 0.0 1795.5124872223682 2 2.2059842e-19
81691480.0 1.0 1811.5150735585426 1 0.9994505
198457457.0 0.0 1799.8222643410388 3 3.0850453e-33
52944642.0 1.0 1795.2437510668053 1 0.99999946
280410267.0 1.0 1795.4519282411597 1 1.0
269707529.0 1.0 1805.2219405761123 1 0.9997868
377506471.0 0.0 1803.7841071273774 3 3.2610003e-14
232607261.0 1.0 1798.0308326239613 1 0.9999999
233088570.0 1.0 1799.2396045366738 1 0.9992754
403431219.0 0.0 1812.681511810312 0 2.5970613e-14
445221603.0 0.0 1793.1396697713803 0 2.8787218e-07
422708883.0 1.0 1798.180354968123 1 1.0
378992411.0 1.0 1805.6805915731595 1 0.99999964
327396011.0 1.0 1805.5571814248672 1 0.99985427
404646834.0 0.0 1805.2000127972553 0 1.4570068e-06
405667011.0 0.0 1796.7032726498785 0 2.6571508e-05
233048673.0 0.0 1808.885602483122 4 1.2234991e-20
255828282.0 0.0 1812.5120415846536 0 1.3108019e-05
383677166.0 0.0 1805.198359467216 0 3.048431e-09
390399845.0 0.0 1808.8484483986433 0 0.0024099203
63789906.0 1.0 1810.3493255571695 1 0.99997944
445297310.0 0.0 1805.6604242609728 0 5.944864e-08
357716723.0 0.0 1811.3223830758382 2 2.8673966e-10
356920166.0 1.0 1811.5100611157347 1 0.99999833
308217319.0 0.0 1812.3483261109902 0 3.0960307e-06
311235700.0 0.0 1805.6982114020586 2 1.2507281e-12
28998249.0 0.0 1793.1413950624992 0 0.0022442313
332504121.0 1.0 1805.5725226051654 1 0.99999803
129992571.0 1.0 1798.5369285182092 1 0.9999868
117495734.0 0.0 1812.3698151132699 0 3.8046803e-06
444365309.0 0.0 1796.9099854336 0 3.0351634e-05
279756714.0 0.0 1797.2426284944268 2 5.8514416e-10
77563256.0 1.0 1798.6205420900678 1 0.9999974
316250867.0 0.0 1800.3070638757893 3 1.1213293e-27
375656380.0 0.0 1810.7628853543172 2 4.509829e-09
268723656.0 1.0 1806.0551018618235 1 0.99991214
374702108.0 1.0 1796.18165953713 1 0.99990344
428708961.0 1.0 1811.2427950851172 1 0.99999964
453272088.0 0.0 1809.1607914048375 0 6.308195e-05
279509403.0 0.0 1807.6187269003144 3 0.0041349847
384654908.0 0.0 1812.5151843972835 3 2.4047416e-05
65351340.0 1.0 1795.7240311155692 1 0.9999902
85431003.0 1.0 1793.4953576835778 1 0.9999968
34713020.0 1.0 1793.9331036501883 1 0.9983139
198354443.0 0.0 1800.1763331976047 3 1.6503846e-20
301575691.0 1.0 1811.0364262241026 1 0.9999998
388528795.0 1.0 1794.7837459248144 1 0.9999991
353779228.0 1.0 1799.5727053256617 1 0.99999666
237201602.0 1.0 1798.4493115425184 1 0.9999814
389767650.0 0.0 1812.7021767459391 0 4.198286e-09
445444493.0 0.0 1795.1193177093492 2 3.6358787e-09
292853533.0 1.0 1795.6199490140482 1 1.0
116218054.0 1.0 1794.3489718992653 1 0.9999966
63563165.0 0.0 1796.6412785778568 0 0.0039437767
389977486.0 1.0 1798.4106582708207 1 0.99999994
240892011.0 0.0 1805.2024917863216 0 1.2198073e-05
270495263.0 0.0 1794.198990867907 0 2.0424021e-07
347427161.0 1.0 1795.6825524496717 1 0.9989776
1400770435.0 0.0 1796.2807023004661 3 2.1666983e-05
240919830.0 1.0 1798.8068850338746 1 0.9995923
348315037.0 1.0 1805.952682125325 1 0.9999999
374303452.0 0.0 1805.2857163009987 0 2.7084386e-07
251549942.0 1.0 1796.7028505564497 1 0.9993498
367286909.0 1.0 1806.1588898447199 1 0.99997824
5674169.0 0.0 1804.18287924505 3 1.4662286e-09
385204973.0 1.0 1810.9743399731556 1 0.9999988
137991883.0 1.0 1793.5996162804017 1 0.9999995
269040926.0 1.0 1798.4094820366163 1 1.0
354249703.0 0.0 1805.3275737833037 0 4.5997135e-07
336543055.0 1.0 1797.6797586350947 1 0.9999875
331509560.0 0.0 1809.3065036076296 0 1.2945032e-05
241120043.0 1.0 1806.2029663662934 1 0.99999976
50690977.0 0.0 1805.2856786121956 0 0.00028124193
357821278.0 1.0 1798.4310649753163 1 1.0
299443090.0 0.0 1811.4110330903245 3 6.2419003e-09
390241438.0 1.0 1794.5977794009123 1 0.9999927
368379279.0 1.0 1797.6596957406293 1 0.9999921
346659596.0 0.0 1810.2431451343014 2 4.78147e-05
252859391.0 0.0 1808.8488815888315 0 3.835205e-07
370069863.0 0.0 1798.973443174195 4 1.6014242e-16
354595192.0 1.0 1799.2435545578708 1 0.9999999
12707627.0 0.0 1796.909260590517 0 2.4183503e-06
420110956.0 0.0 1797.6994370955026 0 7.46148e-08
403753024.0 1.0 1797.4523572525268 1 0.99999976
358827045.0 1.0 1798.9717516775488 1 0.9948044
444316846.0 0.0 1799.1807939109972 2 4.1300493e-05
410619250.0 1.0 1794.0778704216227 1 1.0
270526373.0 1.0 1795.4075329558168 1 0.9999999
34644356.0 1.0 1798.1831376275316 1 0.9998155
332270395.0 0.0 1798.9941252810665 4 3.2232252e-13
35154187.0 0.0 1809.26647450351 0 0.0024372684
82620695.0 1.0 1805.806796731657 1 0.999971
375853698.0 1.0 1798.8255512174871 1 0.99998665
312858856.0 0.0 1800.1399234276396 0 0.00231317
445487282.0 0.0 1805.2027005232299 0 1.0533621e-05
264052963.0 1.0 1796.970674756016 1 0.9999951
403523644.0 0.0 1795.806898101682 4 1.828902e-06
275186846.0 0.0 1805.2011005378117 0 1.2380632e-06
449937545.0 0.0 1793.1404689381832 0 0.002127937
358902763.0 0.0 1796.3468855594244 4 6.396619e-16
241142325.0 0.0 1794.306956948268 2 7.5324226e-11
348619377.0 0.0 1799.1192608491535 2 1.9594827e-10
117307939.0 0.0 1806.0363642288748 2 7.2680477e-12
49850029.0 1.0 1798.9522270328848 1 0.9999988
372117591.0 0.0 1793.3276350542778 0 1.0383022e-06
291958823.0 0.0 1805.2240081661253 0 1.0733384e-08
370760201.0 0.0 1796.6402000938742 0 9.886535e-05
265472792.0 0.0 1805.2026870777377 0 0.0005787864
428052118.0 0.0 1811.2448475747915 2 7.0535357e-12
129902079.0 0.0 1805.5159768111766 0 5.8186302e-05
139378834.0 0.0 1808.5577534583692 3 0.00025731
10793652.0 0.0 1805.306255835013 0 4.5351807e-09
219803960.0 1.0 1811.3228831599454 1 0.9999797
427650789.0 1.0 1798.1592372593745 1 0.9997944
445194383.0 0.0 1809.889538951543 4 9.206717e-21
292609043.0 1.0 1796.9948465738573 1 0.9999846
264392517.0 0.0 1799.3451447577008 2 3.1135412e-16
288347710.0 1.0 1795.5741362971414 1 1.0
288392338.0 0.0 1798.3242592448087 2 1.8238773e-13
353483219.0 1.0 1797.4517407846877 1 0.99999994
279521486.0 0.0 1793.4093683267088 0 1.9910294e-08
54462508.0 0.0 1795.3270761754382 2 3.922331e-05
259096715.0 0.0 1812.3447702789526 0 1.1109599e-08
319920081.0 1.0 1798.6604591651499 1 0.9999998
117170847.0 1.0 1793.4320120616821 1 0.99999756
356199531.0 0.0 1805.4263135985705 0 4.1887177e-10
376022023.0 0.0 1793.4083207351828 2 8.603797e-13
372630691.0 0.0 1800.13977765629 0 6.935186e-07
71976852.0 0.0 1805.515021651389 0 0.00046514743
326630342.0 0.0 1808.9930207823204 3 2.318999e-25
264728694.0 1.0 1798.7651944934507 1 0.9994322
428964062.0 0.0 1808.8464821608359 0 2.6484568e-06
417585921.0 0.0 1799.5766286517623 3 1.840727e-08
359593072.0 0.0 1808.88897458906 0 0.0007551037
82097187.0 1.0 1796.4729007328542 1 0.99999917
427474526.0 1.0 1798.3884564469747 1 0.99997854
352810984.0 1.0 1811.4537820158591 1 0.999994
201376991.0 0.0 1805.2660827593431 0 0.0025937692
368460130.0 1.0 1810.6597326473025 1 0.99971014
240976971.0 0.0 1805.244245262528 0 1.863487e-12
256692904.0 1.0 1796.5563987363303 1 0.9999775
353081362.0 0.0 1795.1390643677792 4 3.7541208e-13
186990195.0 1.0 1810.1409252519363 1 0.99998033
285276744.0 1.0 1794.7037447042856 1 0.99991834
378852499.0 0.0 1806.097386333197 2 2.5511815e-10
241114076.0 1.0 1796.84875636642 1 0.99999833
71973503.0 1.0 1811.0565361787342 1 0.9999969
316552132.0 0.0 1796.8254430868774 0 2.073119e-06
258954454.0 1.0 1797.8656171081523 1 1.0
233206362.0 0.0 1809.0315777024043 4 8.5045485e-06
372788131.0 1.0 1797.0769702265231 1 0.99999446
433354584.0 1.0 1796.1202834710489 1 0.9999998
418029110.0 1.0 1806.1824582789136 1 0.9999814
369027964.0 0.0 1808.847418291827 0 2.0222292e-06
346978575.0 1.0 1806.2453847355112 1 0.99999976
376995081.0 1.0 1797.3233349710097 1 0.9999106
196918978.0 1.0 1796.4946359217242 1 0.9999544
354696898.0 0.0 1805.8059757192968 4 9.439152e-10
368679912.0 1.0 1810.4515717511204 1 1.0
230018510.0 1.0 1795.6570581679412 1 0.9999846
365943176.0 1.0 1795.5135543250003 1 1.0
354965858.0 1.0 1799.0978524173604 1 0.9999947
346851757.0 1.0 1798.8494088724478 1 0.99977946
444756929.0 1.0 1796.4523550234942 1 1.0
406681219.0 1.0 1796.138498523633 1 0.99999875
284609328.0 1.0 1806.014310112377 1 0.99997324
388606538.0 1.0 1796.450597622204 1 0.999987
250581143.0 1.0 1799.390413474501 1 0.99999833
373126975.0 1.0 1799.1593267714884 1 1.0
376039170.0 0.0 1793.3255925325698 0 2.9809537e-11
67514724.0 1.0 1798.8910423710242 1 0.99999106
252864392.0 0.0 1811.3907085168498 2 9.4850904e-08
366973440.0 1.0 1796.3462836326255 1 0.999999
229765695.0 1.0 1798.740401596858 1 0.99999994
445606247.0 0.0 1805.202788048739 0 0.00041326412
251457925.0 0.0 1799.34843493588 2 5.3114672e-05
374397100.0 0.0 1808.9522982058534 0 5.5732557e-06
314641836.0 1.0 1806.2202603771584 1 0.9999088
291998825.0 1.0 1796.7448305038054 1 1.0
376546667.0 0.0 1805.221459174389 0 1.5369739e-07
423948019.0 0.0 1808.8876610329746 0 3.476295e-09
422305654.0 0.0 1811.1162551484588 2 1.411447e-16
279501959.0 0.0 1808.9103497287251 0 0.00061458355
81755546.0 1.0 1811.3481889117 1 0.99998695
21179484.0 0.0 1805.301514128149 0 5.124725e-07
288318622.0 1.0 1796.303634670053 1 0.9999138
83908323.0 1.0 1794.0976465288065 1 0.9999883
51026422.0 1.0 1795.8481282492762 1 0.99993515
241023899.0 1.0 1799.1610532590717 1 1.0
252810411.0 0.0 1795.6405544038068 2 1.7035496e-09
246965607.0 1.0 1793.8498013919516 1 0.99999416
101169160.0 0.0 1805.4747000243246 0 0.00050728634
52189823.0 1.0 1794.514650187019 1 0.99999785
285787160.0 1.0 1798.1190766053028 1 0.99999994
265092844.0 0.0 1808.848639801375 0 8.004158e-07
289722297.0 0.0 1810.1971781907068 2 8.775235e-05
52035028.0 0.0 1806.7018644463346 4 0.00082058756
400674996.0 0.0 1812.514645377369 0 2.0079e-09
83806793.0 1.0 1811.451436935325 1 0.9999955
269609504.0 0.0 1807.6593453619405 3 2.288958e-18
357097766.0 0.0 1812.3849070968251 0 1.8254731e-11
81755405.0 1.0 1796.7438086347847 1 1.0
309237193.0 1.0 1794.2860908839111 1 0.9999921
347691290.0 0.0 1807.056779718551 4 1.015286e-09
73728595.0 0.0 1808.953699966587 0 0.0018025461
13356881.0 1.0 1797.0566461328995 1 0.9999982
407208659.0 0.0 1808.8680312230742 0 2.0780653e-06
401084504.0 1.0 1794.327602041866 1 0.9999259
279783631.0 1.0 1799.7220658636766 1 0.9999107
403572572.0 0.0 1812.389979497934 0 1.6300307e-06
390522058.0 1.0 1797.327500455746 1 0.9999996
452936933.0 0.0 1809.2018035882404 0 1.2452992e-07
12869477.0 0.0 1805.2216316502333 0 3.0200349e-07
428119363.0 0.0 1812.3698821780183 0 0.00013416364
410621612.0 0.0 1809.0988032890336 0 4.0644238e-05
229402514.0 1.0 1797.6154079799944 1 0.9999636
256476907.0 1.0 1797.9726970993488 1 0.9999772
198278962.0 1.0 1796.801942513417 1 0.9999828
424437726.0 1.0 1810.9067790366494 1 0.9999459
233625526.0 0.0 1797.7401967067144 2 1.8544355e-15
21119455.0 1.0 1798.7039047933326 1 0.99999666
468293391.0 0.0 1811.471725701736 3 4.3075654e-30
377071022.0 1.0 1805.5756450037297 1 0.99998057
270010057.0 1.0 1806.2218974420975 1 0.999917
65349164.0 1.0 1797.474147530968 1 0.9999947
352760933.0 1.0 1795.1787727927467 1 0.9998318
377506471.0 0.0 1810.888121286902 3 4.534416e-14
54790697.0 1.0 1799.3687986215998 1 0.9997949
198206106.0 1.0 1798.4473528751162 1 0.99999076
251523621.0 0.0 1805.5985978464678 2 4.6505945e-11
369280326.0 0.0 1797.847743825452 0 8.061155e-08
417489257.0 0.0 1805.3058821739555 0 1.8147844e-05
387353320.0 1.0 1805.6163686567731 1 0.99999696
374218844.0 1.0 1797.4729377636993 1 0.9999994
285036238.0 1.0 1795.5979047488042 1 0.99999976
13088260.0 1.0 1799.098307413991 1 0.99999785
67997050.0 0.0 1805.3491799658973 0 4.021681e-05
198457457.0 0.0 1811.509722970327 3 3.15878e-35
408358699.0 1.0 1797.0961264365053 1 0.9999784
359629316.0 1.0 1805.968792789837 1 1.0
232604261.0 1.0 1794.0726204479543 1 0.99985135
375082757.0 1.0 1799.744289412852 1 0.99998206
255878389.0 1.0 1797.0977911852094 1 1.0
302079289.0 1.0 1799.0571479423143 1 0.9970649
117261364.0 1.0 1795.8073199747555 1 0.99999803
363027090.0 0.0 1798.6592151403174 4 1.2340453e-28
275603383.0 0.0 1805.1998986968858 0 1.8121828e-07
288408131.0 1.0 1795.5534651230282 1 0.99999195
13275758.0 1.0 1795.0342893544544 1 0.99999917
270054967.0 1.0 1810.2662200536195 1 0.99734807
321821691.0 0.0 1808.845772668918 0 0.0007944798
116849798.0 0.0 1812.3907739737292 0 0.0015976499
306183336.0 0.0 1812.7020983040336 0 2.8130628e-10
385205711.0 1.0 1796.2241654689988 1 0.9999993
229960594.0 1.0 1806.3860671999737 1 0.9999997
279085391.0 0.0 1808.8682661532698 0 1.02902595e-05
83525725.0 1.0 1795.0974906868207 1 0.9999999
53969220.0 0.0 1805.5354492858262 0 2.2342157e-07
441729288.0 0.0 1808.865418578022 0 1.5088644e-05
264625464.0 1.0 1810.661121187631 1 0.9999982
377200445.0 1.0 1798.2215721805612 1 0.9999987
229444113.0 0.0 1812.3445663197128 0 4.326611e-05
445439435.0 1.0 1794.2441916040727 1 0.99999857
389972215.0 0.0 1809.7230109138955 4 1.2352938e-05
418082911.0 0.0 1805.3076140920452 0 0.00055969384
284207676.0 0.0 1793.1394420459433 0 4.5159766e-08
374391190.0 0.0 1812.4107295019217 0 1.8669898e-05
308608582.0 1.0 1811.1193624108025 1 0.99993956
129985308.0 1.0 1811.2659353680106 1 0.99962175
230126164.0 1.0 1796.3228509262535 1 0.999609
376870405.0 1.0 1805.7825042510499 1 0.99982786
292938268.0 0.0 1812.6822922115477 0 0.0014038258
312334734.0 1.0 1794.1605473294333 1 0.99999964
288852555.0 1.0 1810.7645089871692 1 1.0
428543182.0 0.0 1809.2017490238957 0 6.526387e-06
428414343.0 0.0 1812.7015156617001 0 2.1116243e-07
366517381.0 0.0 1804.5122223337478 3 1.7727208e-26
452938965.0 0.0 1805.5560793535808 0 2.3152237e-11
85525113.0 1.0 1810.1204887498525 1 0.9999893
348765189.0 1.0 1795.1203925490033 1 0.9999003
445397955.0 1.0 1810.6811743164678 1 0.9998785
12986516.0 0.0 1812.410771465891 0 9.0246266e-07
468343249.0 0.0 1795.596723649229 3 4.6183531e-35
52189624.0 1.0 1794.2229761342076 1 0.9999969
354465329.0 1.0 1799.3903069205635 1 0.9999927
358824770.0 0.0 1808.8466139426298 0 4.8493735e-06
348527100.0 1.0 1797.8485646449894 1 0.9999964
427846146.0 0.0 1796.909511669442 0 1.863738e-05
137204219.0 1.0 1810.8264108273322 1 0.9999535
63587160.0 1.0 1798.703752238086 1 0.99984705
241090523.0 0.0 1805.2027808489286 0 1.0148238e-08
405491558.0 1.0 1810.891470105212 1 0.9999965
279270131.0 0.0 1809.1600038718964 0 6.445616e-05
370073677.0 0.0 1809.2023877669544 0 1.5209956e-07
353492649.0 1.0 1810.8062467098828 1 0.999964
116883339.0 0.0 1796.8281456261368 0 5.881412e-06
50257461.0 1.0 1796.6813380186284 1 0.999978
50269558.0 0.0 1808.9107758627904 0 0.00066068483
368610989.0 1.0 1805.4722542928757 1 0.998191
410865445.0 0.0 1805.244907713454 0 6.96688e-08
275188990.0 1.0 1795.4092533039666 1 0.99999875
427652201.0 1.0 1795.3883685558917 1 0.99999994
129869843.0 1.0 1794.6203438458865 1 0.9997301
255993442.0 0.0 1808.8452633188754 0 0.00041667398
320504335.0 0.0 1810.3017328451292 2 4.845842e-07
229980400.0 0.0 1796.9072269624457 0 2.415824e-06
322058690.0 1.0 1798.0960190036492 1 0.99973327
229490023.0 1.0 1797.199115081787 1 1.0
435744753.0 1.0 1796.0341464984558 1 0.999996
230079118.0 1.0 1798.0104252183266 1 0.99997574
198182263.0 1.0 1810.947592473458 1 0.9999989
354404238.0 0.0 1808.8486453705602 0 7.850551e-06
270236735.0 1.0 1806.0761103548866 1 1.0
54790069.0 1.0 1805.9521134187805 1 0.9999982
77452867.0 1.0 1793.2871955874948 1 0.9994817
77489309.0 1.0 1797.4121929290286 1 0.999214
369241606.0 0.0 1805.2642580919967 0 1.3799418e-05
126023725.0 0.0 1809.2037541113204 0 0.0018287898
385245132.0 1.0 1797.7865767193418 1 0.99999124
126063387.0 0.0 1793.8912336491946 2 0.012085194
399854549.0 0.0 1810.346928907946 4 3.320735e-05
187087443.0 1.0 1797.6202483750092 1 1.0
229459572.0 1.0 1811.323564760679 1 0.9999839
327392642.0 0.0 1812.3694310724325 0 7.2209084e-05
367187840.0 1.0 1805.867223817846 1 0.9999638
427090354.0 0.0 1810.2206609492746 2 1.2735458e-17
184685168.0 0.0 1800.4326903004128 0 9.017671e-05
308219912.0 1.0 1798.5151792209176 1 0.99800175
230075965.0 0.0 1800.6561185758317 4 3.2542657e-10
116841472.0 1.0 1806.307226843728 1 0.9999623
370951440.0 1.0 1805.3068726864885 1 0.99999934
420288576.0 1.0 1798.2017970155741 1 0.9999998
236886354.0 0.0 1794.3243806005773 2 6.023325e-06
269697721.0 0.0 1810.4493747455015 3 1.3214682e-12
233723060.0 1.0 1797.7607265933357 1 0.99992275
321824026.0 0.0 1796.8251404075277 0 4.268249e-06
420545677.0 1.0 1806.0558986525552 1 0.99999964
90552859.0 1.0 1795.287087196442 1 0.9999997
444749895.0 1.0 1799.6397286110696 1 0.99999994
370059370.0 1.0 1797.4941563483696 1 0.9999997
275464103.0 1.0 1795.6810445060619 1 0.98981345
229480112.0 0.0 1805.2197999211323 0 7.649574e-13
402373186.0 0.0 1812.349285379754 0 0.0017475421
431891777.0 1.0 1793.557312502914 1 0.9998502
399084672.0 1.0 1793.4107742152528 1 0.9999964
327091170.0 1.0 1796.9530776733409 1 0.99999547
94545854.0 1.0 1797.3286618338218 1 0.999994
229676244.0 0.0 1800.657232684529 3 7.322402e-11
406537664.0 1.0 1805.6375295119544 1 0.99981314
202984941.0 1.0 1810.3491380799735 1 0.9999932
258875083.0 0.0 1812.7199329608304 0 2.7946139e-09
28998182.0 0.0 1805.5373249742672 0 0.00094922574
299436219.0 0.0 1796.6405289802838 0 7.460664e-06
250859182.0 0.0 1796.6405102585175 0 0.000681986
367186261.0 1.0 1799.325522177888 1 0.9998859
390019727.0 0.0 1794.406150006868 0 4.6931686e-12
198354443.0 0.0 1810.4680187042675 3 5.5187045e-19
396343734.0 0.0 1812.3473394024406 0 1.12088355e-05
13609893.0 1.0 1811.3899871814422 1 0.9999976
374391716.0 0.0 1805.2649063899305 0 1.4308941e-07
240887986.0 1.0 1811.0357777228849 1 0.9999999
192373909.0 1.0 1806.0160328224233 1 0.999994
49731560.0 0.0 1807.9317244653373 4 4.2241066e-14
238823344.0 1.0 1794.1407480624282 1 0.9999968
408364757.0 1.0 1806.1792888806488 1 0.99999744
237237907.0 1.0 1799.157878565126 1 0.9999999
434625997.0 0.0 1804.4092770908126 3 1.01456336e-10
116051521.0 0.0 1812.3489017184754 0 5.200516e-07
236864241.0 1.0 1796.178480909539 1 0.99999964
275142947.0 1.0 1797.2637926186203 1 0.99998564
402894812.0 0.0 1808.8452286656352 0 4.2242514e-06
13840107.0 0.0 1794.3480633772087 0 6.517754e-05
376869780.0 0.0 1808.8659554130431 0 1.2772949e-09
201112646.0 0.0 1805.537078690405 0 0.0015612431
399506268.0 0.0 1808.846664481169 0 4.264168e-06
219740461.0 1.0 1793.48918817039 1 0.99997
396576624.0 0.0 1812.6408043520378 0 0.0023111615
21189397.0 1.0 1797.1767257844613 1 0.9999998
298734307.0 0.0 1794.677210648358 3 1.910399e-15
103951737.0 1.0 1805.9740417424557 1 0.999998
316322253.0 0.0 1796.8901781793184 0 6.54252e-05
237238590.0 1.0 1797.845427976322 1 0.99999976
354924387.0 1.0 1798.055966800999 1 0.99999774
427111667.0 0.0 1812.3456077833443 0 0.00042294656
293067496.0 0.0 1809.1823585479265 0 0.0016623464
184656128.0 1.0 1793.3702539932688 1 0.9999996
348306290.0 0.0 1808.8486434183073 0 1.26559995e-11
256414344.0 1.0 1811.1811238953278 1 1.0
354868111.0 0.0 1808.8906571495318 0 2.435082e-07
241029468.0 1.0 1799.6819616315909 1 0.9999953
353505793.0 1.0 1806.0335063096647 1 1.0
376291842.0 1.0 1811.471309978256 1 0.99996895
365942505.0 1.0 1796.6385279755002 1 0.9999998
241119694.0 1.0 1811.369552009396 1 0.9999991
232634636.0 0.0 1812.7597875329081 0 4.4913062e-07
233514389.0 0.0 1794.4056591129083 0 0.002197182
192794239.0 1.0 1793.7866359144653 1 0.99996114
434980003.0 1.0 1795.3885262969561 1 0.9998457
229688549.0 1.0 1810.7808880191303 1 0.99999976
327093958.0 0.0 1812.3485675495754 0 0.00030537747
395655987.0 1.0 1794.3260090801894 1 0.9999987
354162720.0 1.0 1796.887707968496 1 0.9999979
444527225.0 0.0 1812.7019211536783 0 2.992286e-06
240933918.0 0.0 1805.2026446744037 0 1.8883525e-06
192591464.0 1.0 1797.0782818901832 1 0.99976504
229968704.0 0.0 1796.9070441501087 0 2.6945625e-05
408197076.0 1.0 1798.4537100047942 1 0.99973726
84160098.0 0.0 1809.2016280156329 0 8.325602e-05
235714714.0 0.0 1810.365966242935 4 7.4532537e-32
72085328.0 0.0 1806.7649141826653 4 2.9688538e-09
301333379.0 1.0 1796.4945402772037 1 0.99993145
385145227.0 0.0 1796.1201175382835 2 8.47407e-07
369278985.0 1.0 1796.0561104879266 1 0.99997216
229592538.0 1.0 1805.240656636179 1 0.99994797
249886811.0 0.0 1808.890559573568 0 7.8455294e-08
129911196.0 0.0 1797.390966481656 2 0.000121122495
116057769.0 0.0 1793.3279104483843 0 2.7490762e-07
410735111.0 1.0 1797.0572243474105 1 0.9999912
445663788.0 1.0 1811.1610011094865 1 1.0
240701337.0 1.0 1798.7439764219478 1 0.999623
245553367.0 1.0 1797.640231147264 1 0.9999748
259234905.0 1.0 1795.407370750224 1 0.99833804
356056109.0 0.0 1812.4277479328864 0 1.0545753e-05
392569148.0 0.0 1808.8434796268712 0 0.00040344425
201355375.0 1.0 1806.391111157951 1 0.99999386
192464394.0 0.0 1808.8492482379527 0 0.0014565582
338718899.0 1.0 1797.1382938717552 1 0.99992025
13838327.0 1.0 1798.618997480288 1 0.9999998
346594367.0 1.0 1806.0373006162476 1 0.9999912
256607833.0 0.0 1805.2858745274573 0 2.2522274e-06
356785133.0 1.0 1805.9279818197165 1 0.9999923
46425981.0 1.0 1810.870637125933 1 0.9999694
347427161.0 0.0 1805.4118122253228 0 0.00071003404
326858407.0 1.0 1811.2235314953048 1 0.99999946
288600647.0 1.0 1810.199649996841 1 0.9999983
389848848.0 1.0 1811.1603016432703 1 0.9998073
250750201.0 1.0 1793.2029956315462 1 0.9999953
268516039.0 1.0 1797.5760693870295 1 0.9999999
302544369.0 0.0 1796.641336483122 0 0.002008442
308785418.0 1.0 1799.640300764656 1 0.99998355
354835559.0 1.0 1810.452079097622 1 0.9802119
275462086.0 1.0 1796.930957953084 1 0.9998086
233531243.0 1.0 1794.573560725327 1 1.0
410703051.0 0.0 1808.3281796522128 4 0.14864363
322263832.0 1.0 1806.1584757479498 1 0.99992895
403877209.0 1.0 1796.9314170504936 1 0.99999505
240853900.0 1.0 1805.7858116808602 1 0.999995
12740603.0 1.0 1794.5980408355135 1 0.9999995
436930028.0 1.0 1793.3705322989333 1 0.9996715
252107997.0 1.0 1796.8899252738997 1 0.9999772
317028902.0 0.0 1805.2028459533185 0 6.37291e-07
326785507.0 0.0 1800.1392437978202 0 0.0006773921
1981434198.0 0.0 1809.5331420603998 3 0.0
186943162.0 0.0 1812.6200254631763 0 0.0011432557
428170643.0 1.0 1795.161285067068 1 0.99998945
192734984.0 1.0 1796.849047079928 1 0.99999726
255993777.0 0.0 1798.4912594959885 3 0.0008625218
46428036.0 0.0 1805.578972804701 0 0.0034516843
130155097.0 0.0 1805.4952410274875 0 0.0011761783
399260561.0 0.0 1812.4520997375068 0 2.1420892e-07
229997706.0 1.0 1811.156971396403 1 0.9999999
441742116.0 1.0 1798.4486624921544 1 0.9999988
265427465.0 0.0 1805.221710181213 0 3.8907215e-06
230001021.0 0.0 1808.8859014449624 0 1.307284e-08
378471683.0 1.0 1795.2639096799048 1 0.99996674
235716789.0 1.0 1794.9700549336224 1 0.99993575
240940049.0 1.0 1805.9733308419973 1 0.99999785
271912478.0 0.0 1805.2013076655933 0 5.1414654e-06
137908606.0 0.0 1809.1829412442655 0 0.00011640806
83902236.0 0.0 1798.576805239409 2 2.6910737e-12
302393948.0 1.0 1805.911431836457 1 0.999922
309301037.0 1.0 1797.411248814477 1 0.9999895
13610498.0 0.0 1812.410799256846 0 0.001220331
356820646.0 0.0 1797.7821178132874 3 2.7539537e-32
422960767.0 1.0 1793.8490301999989 1 0.99548185
421683849.0 0.0 1809.2018829353556 0 4.9445003e-07
307479264.0 1.0 1810.1824873193477 1 0.9999093
368453777.0 0.0 1808.8889782281528 0 5.668023e-05
83729128.0 0.0 1808.868118436585 0 1.315262e-06
445199576.0 0.0 1796.63967789839 0 3.1502136e-08
265390268.0 0.0 1808.8456578659282 0 4.5875785e-07
230114503.0 0.0 1804.3232641818333 3 4.8424146e-19
312471759.0 1.0 1797.1606102342982 1 0.99999577
198416591.0 0.0 1798.5931841174536 3 0.0
366470011.0 1.0 1799.3461462232729 1 0.9982307
202932293.0 0.0 1805.494922644938 4 9.622045e-12
250563009.0 0.0 1812.3694688626285 0 1.8112745e-05
259107632.0 1.0 1798.2030004738456 1 0.9999997
396161521.0 1.0 1795.284441854705 1 0.9999999
35154430.0 0.0 1809.203980371049 0 0.005117343
406854936.0 1.0 1811.5529818579562 1 0.999996
398015474.0 1.0 1798.5974241181755 1 0.9999792
232601695.0 1.0 1805.8438486706914 1 0.99999964
63348375.0 1.0 1796.891203469907 1 1.0
322389686.0 1.0 1798.2419474539447 1 0.99999964
317710049.0 0.0 1805.2007977149294 0 1.1144733e-10
264172714.0 0.0 1809.65745220563 4 2.528137e-07
229642444.0 0.0 1808.9285257211366 0 9.5347066e-05
335157865.0 0.0 1796.8255336866025 0 0.0002612242
305641938.0 0.0 1795.5957318923001 4 1.5267214e-07
177801825.0 1.0 1795.0785511484546 1 0.99999964
445244903.0 1.0 1793.368944519863 1 1.0
292466626.0 0.0 1793.1408337647126 0 8.555421e-05
418031506.0 0.0 1808.9325416395598 0 0.001415202
116847982.0 1.0 1793.723929422032 1 0.99997294
376403993.0 1.0 1798.6590631707945 1 0.99962914
285181196.0 0.0 1797.6204043840437 3 1.4025978e-05
12735766.0 1.0 1810.889875883453 1 0.9999998
292152018.0 1.0 1796.4740108202327 1 0.9999947
285036664.0 1.0 1798.6603769407527 1 1.0
366470607.0 1.0 1795.5336546705612 1 1.0
453303485.0 1.0 1806.0982945801663 1 0.9999997
353240566.0 1.0 1810.9518632627505 1 0.99999034
237290140.0 0.0 1793.3245476652346 0 1.6481885e-06
400734889.0 0.0 1808.9522456416696 0 1.672591e-07
420268169.0 0.0 1812.3668426342708 0 3.341785e-05
337886863.0 0.0 1794.929908361082 3 6.770122e-08
54529549.0 0.0 1809.181163997331 0 9.688564e-05
256697252.0 1.0 1797.2437770008735 1 1.0
436879848.0 1.0 1806.2871903357734 1 0.9999946
422562544.0 0.0 1795.1592165625534 4 1.3427527e-26
396615018.0 0.0 1801.6409499718648 3 1.3050648e-07
194738508.0 1.0 1798.516114077412 1 0.999881
286124944.0 0.0 1812.4730201215414 0 7.799616e-09
283135126.0 1.0 1798.4104093652013 1 0.99999136
366821722.0 1.0 1805.6587865105587 1 0.9999975
410232359.0 1.0 1795.9920383614733 1 0.99993485
10867335.0 0.0 1812.431389730308 0 2.9038248e-11
420843726.0 0.0 1796.6395102628671 0 0.0021221824
395843820.0 0.0 1796.5763116235958 2 0.00016720525
241117789.0 1.0 1795.6614182482526 1 0.99987197
334677725.0 1.0 1795.3858084450023 1 0.9999974
267542061.0 0.0 1805.2827725514437 4 3.7603384e-22
367838290.0 0.0 1812.3447944797915 0 2.8463865e-09
424426625.0 1.0 1799.4284277617728 1 0.99998456
427588201.0 0.0 1796.9091813062707 0 1.9199697e-07
50759520.0 0.0 1812.4524880907086 0 0.0003184874
428472302.0 1.0 1795.5352599043765 1 0.9999995
316741712.0 1.0 1794.5149601028822 1 0.9999838
198354443.0 0.0 1796.0305025594112 3 1.3042387e-26
236937071.0 0.0 1812.386587594276 0 2.466746e-06
336818021.0 1.0 1798.7214256127493 1 0.99999124
373695206.0 1.0 1799.1187836136257 1 0.9927817
369151709.0 0.0 1799.2644655658914 4 0.00042424313
274805576.0 0.0 1796.8053231766437 0 2.8563892e-12
252162295.0 0.0 1812.6605212560023 0 0.0067597744
198280218.0 1.0 1794.468209539941 1 0.998585
67997536.0 1.0 1794.703524830445 1 0.9998963
292003360.0 1.0 1795.1825496494967 1 0.99988985
321720499.0 0.0 1805.2208006236406 0 2.4169432e-07
229458009.0 1.0 1796.4697847229154 1 0.9999972
354549203.0 0.0 1805.2028415777422 0 2.1358119e-06
83520736.0 1.0 1795.409917386933 1 0.9999203
249879726.0 1.0 1795.8072158419627 1 0.9999713
417559438.0 0.0 1805.220604396783 0 2.7406625e-06
444079686.0 1.0 1796.84866141259 1 0.9803846
379480669.0 1.0 1810.1602136226363 1 1.0
286013243.0 1.0 1810.5357615619857 1 0.99988836
229782278.0 0.0 1812.3445626368862 0 4.623714e-07
445144913.0 1.0 1797.3062758530848 1 0.99999857
387448540.0 1.0 1810.5745540341504 1 0.9999784
367351410.0 1.0 1794.7005162985927 1 0.9999781
198183533.0 1.0 1796.864236166959 1 0.999994
410467881.0 0.0 1794.3486026162311 2 7.6308626e-13
250923701.0 1.0 1799.8279573547634 1 0.9999923
359334262.0 0.0 1812.3680489085352 0 2.6632968e-06
293124916.0 1.0 1798.3699841256575 1 0.9999988
322266557.0 1.0 1796.8877444080188 1 0.99999964
243278848.0 0.0 1798.8859484518348 2 3.5253008e-19
270924589.0 0.0 1797.8471833243063 2 3.2966304e-24
403921171.0 1.0 1796.3683317290338 1 0.99997556
379324008.0 0.0 1809.1602524692296 0 5.5750043e-05
327703444.0 0.0 1812.348773056549 0 0.0012560304
327583823.0 0.0 1793.2227869634548 3 1.4458826e-17
229688734.0 1.0 1799.3225304611465 1 0.99999285
250496656.0 1.0 1793.3488426685187 1 0.9999999
81908990.0 1.0 1811.056614722379 1 0.9999824
434533224.0 1.0 1797.617705208965 1 1.0
372189172.0 1.0 1798.8278631115722 1 0.99431694
297778089.0 0.0 1797.8477673873606 0 0.0020418763
256320703.0 0.0 1805.5145714067078 0 9.7280035e-06
54528609.0 1.0 1796.3270408307258 1 0.99999547
250560831.0 0.0 1808.8695912534563 0 7.6179516e-05
302071014.0 1.0 1811.4740172954341 1 0.99996704
285938556.0 0.0 1808.9324847312218 0 0.0030101447
219788748.0 0.0 1812.426985647681 0 0.0005072564
374833586.0 1.0 1794.8691598165303 1 0.9999992
445643360.0 0.0 1793.3902579733115 0 8.344416e-06
229788998.0 0.0 1808.865287138138 0 1.4374839e-05
22945057.0 1.0 1796.9539656317345 1 0.9999754
246973941.0 0.0 1805.20380053992 0 0.0017473557
229639831.0 1.0 1797.1989374254285 1 0.9999968
316250213.0 0.0 1800.5570506244294 4 0.0
240863170.0 1.0 1796.2025761166196 1 0.99999994
387329606.0 1.0 1805.7829404916392 1 0.9999723
245584130.0 1.0 1796.1194607754446 1 0.999883
354117541.0 1.0 1797.2419191507113 1 0.99985135
396390579.0 0.0 1812.3475013497678 0 7.774012e-07
389536476.0 0.0 1809.2021015017356 0 0.0007056755
407517280.0 0.0 1795.7007063095145 2 1.188547e-11
288316004.0 1.0 1795.8657615061716 1 0.9999978
427723970.0 1.0 1798.513593496107 1 1.0
395502102.0 1.0 1796.76362549382 1 1.0
367765596.0 1.0 1806.0965245538403 1 0.99967986
200734451.0 1.0 1796.4536449458137 1 0.9999943
285544482.0 1.0 1794.93121428872 1 1.0
192739880.0 0.0 1808.8493152965943 0 0.0016300459
198354443.0 0.0 1793.1138413231138 3 2.2024264e-20
359039683.0 0.0 1805.2431641198953 0 8.1313374e-07
233734547.0 1.0 1798.9690518372308 1 0.9999977
373702832.0 0.0 1806.3478907871881 3 0.0040857694
452886627.0 1.0 1806.285072599693 1 0.9997038
258921602.0 1.0 1795.5322850288865 1 1.0
186717969.0 1.0 1798.5577402601023 1 0.99948436
233741843.0 1.0 1805.7813526750692 1 0.9999659
21128734.0 1.0 1810.3077888885891 1 0.99973476
65355651.0 1.0 1793.6406462184366 1 0.99979424
186985837.0 0.0 1812.7032250705715 0 0.00090692815
449937974.0 0.0 1805.2865795295438 0 0.0025804294
63623869.0 0.0 1805.641027934597 3 1.0605797e-10
238756498.0 1.0 1794.328203462161 1 0.99999285
366032282.0 1.0 1795.4095281928408 1 0.9999919
270926294.0 0.0 1796.9096752535775 0 1.3122384e-07
249884710.0 1.0 1805.4948274623357 1 0.9999915
194558456.0 1.0 1797.120195654801 1 0.9999992
376195741.0 0.0 1799.1392733796947 4 3.36398e-12
381804997.0 0.0 1812.7660349096689 0 0.00078399293
418416799.0 1.0 1796.1808667656394 1 0.9999982
250458788.0 0.0 1796.640607207608 0 9.219816e-08
258354831.0 1.0 1810.5531921581448 1 1.0
408196356.0 1.0 1797.5370501912935 1 0.99975234
219738121.0 1.0 1811.40599706527 1 0.99998915
14036467.0 0.0 1808.9108588967017 0 2.3645141e-08
445370620.0 0.0 1809.306280295391 0 0.0006468438
377306452.0 0.0 1797.969187426815 0 0.00013803187
237235033.0 0.0 1809.282748824364 4 2.1324718e-16
420538276.0 0.0 1809.0978687819309 0 0.0012573693
219802551.0 1.0 1810.4477114791036 1 0.99999464
331391192.0 1.0 1793.285835397437 1 0.99993867
269697721.0 0.0 1795.6369843717036 3 3.3674843e-20
308717468.0 1.0 1799.932074052354 1 0.9995723
10974183.0 0.0 1794.3479627628262 0 2.3298743e-10
326782912.0 1.0 1797.4309753938624 1 0.9999991
46480023.0 0.0 1805.4747688669113 0 0.00256757
396166808.0 0.0 1797.1599267558788 2 7.347212e-13
417764782.0 1.0 1806.2841307090823 1 1.0
346595078.0 1.0 1794.6412793388672 1 0.99981636
372135269.0 0.0 1808.8877576535351 0 2.5092229e-08
428543182.0 0.0 1812.7016778917325 0 1.2842849e-05
198558543.0 1.0 1796.447624637755 1 0.95138764
370939271.0 0.0 1805.5149587896508 0 1.0359126e-06
252148311.0 0.0 1812.702003779187 0 4.0529044e-10
252096958.0 0.0 1812.4519622201171 3 1.7971612e-15
63624912.0 0.0 1809.0576200119376 0 0.002828188
394030239.0 1.0 1795.61605007328 1 0.9999946
396341901.0 1.0 1794.680561380506 1 0.9999886
198553684.0 1.0 1793.6139543782845 1 0.99998814
199610751.0 1.0 1796.197202594194 1 0.99976414
240996689.0 1.0 1806.1609894293936 1 0.99999994
46616950.0 1.0 1794.9954991559237 1 0.9999176
449991108.0 1.0 1793.410324391635 1 1.0
237015854.0 1.0 1806.0325928971977 1 0.99989814
186970340.0 1.0 1810.7034224587467 1 0.9999958
279288019.0 0.0 1810.3473325099023 2 2.4528234e-07
252807272.0 0.0 1809.0783117903422 0 0.0020396216
387269721.0 0.0 1812.7834279190542 0 2.639019e-08
441738781.0 1.0 1797.0735752312394 1 0.99999607
338646057.0 1.0 1810.8879907996752 1 0.9999936
417735434.0 1.0 1810.5532922067139 1 0.99999917
26534594.0 1.0 1794.1410613600133 1 0.99999154
366200164.0 0.0 1809.1599773602936 0 0.00046756933
347110157.0 1.0 1796.8684688724957 1 0.9999261
399692631.0 1.0 1796.7634683901142 1 1.0
233603867.0 1.0 1796.3444617763791 1 0.9999997
11061949.0 0.0 1808.9312665954155 0 1.13129566e-07
445444686.0 0.0 1808.5983898894494 4 4.2392583e-17
352035624.0 0.0 1805.5558925291634 0 9.972637e-06
407391200.0 0.0 1805.2011089442792 0 1.2239775e-09
219740187.0 0.0 1800.176910928403 0 0.0003914497
327005342.0 1.0 1799.368489473199 1 0.9999997
292938268.0 1.0 1797.6408029186916 1 0.99999875
139533844.0 0.0 1812.6409471640973 0 0.001928341
428325837.0 0.0 1805.2447375558681 0 8.6825006e-05
368173011.0 0.0 1808.8469969494654 0 3.1186946e-06
356820646.0 0.0 1798.5737902792687 3 1.7935716e-31
327511924.0 1.0 1799.203085670387 1 0.9999955
198554899.0 0.0 1812.4267628379125 0 0.0011657226
396561792.0 1.0 1810.6615482693464 1 0.9999852
279600257.0 0.0 1797.848001985723 0 0.0009445191
202959106.0 1.0 1795.8490767361673 1 0.9999997
230026051.0 1.0 1810.115237888295 1 0.9999998
272324340.0 0.0 1802.0764165122534 3 4.0866032e-24
235977076.0 1.0 1810.7624168211153 1 0.999968
237098273.0 1.0 1793.4687723708687 1 0.9838359
387357975.0 0.0 1812.3869170460907 0 7.08987e-09
335158350.0 1.0 1798.992168114764 1 0.9999992
396267528.0 0.0 1794.3473631053682 0 0.0013717421
356978150.0 0.0 1812.7808804099782 0 0.00035994183
232608684.0 1.0 1805.2395000423558 1 0.9999961
201357261.0 1.0 1810.6203765427147 1 0.9999986
46476509.0 1.0 1796.5163999492288 1 0.99999976
326200721.0 1.0 1796.4923621757166 1 1.0
252125655.0 1.0 1798.6605374420124 1 0.9999998
408364844.0 0.0 1800.3252489726092 0 7.0104565e-05
385046883.0 0.0 1808.8701924525903 0 0.0018890935
418374289.0 1.0 1794.4923074966132 1 0.9999977
407457880.0 0.0 1799.6175477150557 4 1.1395544e-24
317467777.0 1.0 1795.5132152469885 1 0.9999994
366500692.0 1.0 1797.4502889933317 1 0.99993247
12002334.0 1.0 1799.2022212830746 1 0.99999994
427923174.0 0.0 1795.6386426704405 2 1.1107326e-09
284719314.0 1.0 1810.9934662335963 1 1.0
305047748.0 1.0 1810.3480126289696 1 0.9999996
279702373.0 1.0 1796.8885410664318 1 0.9999898
159539963.0 0.0 1808.8450488957694 0 1.2831963e-10
372192734.0 0.0 1812.3486009814512 0 2.8943714e-05
54790509.0 1.0 1806.306268850002 1 1.0
259003334.0 0.0 1812.344701100585 0 1.5268278e-09
427323434.0 1.0 1806.2840874154776 1 0.9999898
116054123.0 1.0 1810.661343102558 1 0.99980134
292469923.0 1.0 1799.932458277477 1 0.99992
389839603.0 0.0 1796.639663009661 0 0.0061488356
236776528.0 1.0 1805.5313749853528 1 0.9998843
368610846.0 0.0 1806.34724573726 2 6.250004e-07
137122630.0 1.0 1810.2849382105296 1 0.9999553
354926863.0 0.0 1810.1187296793537 3 4.2096257e-12
292153735.0 1.0 1795.7865983349495 1 0.99981445
354744762.0 0.0 1812.6808082553214 0 7.378127e-05
368733280.0 1.0 1806.2014774018944 1 0.99939907
219100598.0 0.0 1799.4070055893997 4 3.0720332e-18
229782870.0 0.0 1812.3444747727287 0 3.9358486e-08
271017892.0 0.0 1805.20114067288 0 5.5863634e-09
250828307.0 1.0 1795.5573098929897 1 0.9999995
265492527.0 0.0 1812.366353893707 0 1.0641389e-08
198390031.0 0.0 1797.9680046277995 0 6.21648e-05
250793821.0 0.0 1805.4947444780466 2 1.5895137e-12
292000184.0 1.0 1793.9949016720925 1 0.99999
256104717.0 1.0 1810.285325714005 1 0.99999887
230113769.0 1.0 1795.9062358038275 1 0.99991035
84161760.0 1.0 1806.3683624355617 1 0.99998236
316845444.0 0.0 1808.8488755935707 0 7.4493464e-06
26432264.0 0.0 1809.3080599581124 3 0.00043419216
323298976.0 1.0 1797.137978637313 1 0.99997747
284812090.0 1.0 1798.118410651415 1 0.99999076
255874124.0 0.0 1812.7018496840558 0 1.3304449e-06
252115405.0 1.0 1793.7232203021479 1 0.9999997
52945191.0 0.0 1793.1395671238931 0 2.9201863e-05
91518228.0 1.0 1798.3914976293365 1 0.9999998
255865349.0 0.0 1793.3246340487437 0 4.0146723e-11
250562227.0 0.0 1798.0779571093065 2 5.0989307e-25
264469006.0 0.0 1799.6793458678987 2 3.1872782e-13
249879393.0 0.0 1808.890543299989 0 1.9716823e-05
377332522.0 0.0 1805.2215225160069 0 4.608682e-09
35117954.0 1.0 1797.5164205185292 1 0.999993
302154481.0 1.0 1799.9946983377429 1 0.9999999
233712251.0 1.0 1799.4065380599436 1 0.999971
5674169.0 0.0 1799.099650565519 3 6.7594825e-05
312779937.0 0.0 1809.2020916663212 0 0.00020267985
390021728.0 0.0 1800.4894899271965 3 0.0
233200039.0 0.0 1805.4069714716893 2 3.2701547e-15
83729128.0 0.0 1812.368049638294 0 2.954969e-06
199657786.0 0.0 1810.6348475272773 2 3.6146258e-07
445115636.0 1.0 1811.097810000051 1 0.9999998
289723065.0 1.0 1799.3641598840143 1 0.99995404
233621694.0 1.0 1799.2817603652104 1 0.9999898
376226621.0 1.0 1798.4297844854884 1 0.9999998
302469289.0 0.0 1796.4323729588361 2 2.8825517e-26
367532344.0 0.0 1809.1196120410214 0 8.633668e-09
332375303.0 0.0 1795.2233006636827 2 2.8342888e-13
372389044.0 0.0 1808.8878087496048 0 1.9817544e-06
291960901.0 0.0 1799.1198108639437 4 9.362947e-28
68153449.0 1.0 1796.1826687143068 1 0.99998087
219743269.0 1.0 1797.4267038207754 1 0.9999984
333066555.0 1.0 1796.785766129201 1 0.9999998
65694498.0 1.0 1806.3910344042552 1 0.9997981
308440627.0 1.0 1799.911051880141 1 1.0
364183728.0 1.0 1811.3040841018892 1 0.9999168
22843800.0 1.0 1810.6203851107389 1 0.99999785
249856687.0 1.0 1806.3072028165273 1 0.9999998
177886801.0 0.0 1805.2244638988004 0 0.000983365
373284392.0 1.0 1800.0344364441967 1 0.9999997
367070088.0 0.0 1806.6797019978073 4 4.625636e-12
201004840.0 0.0 1794.4952021236104 2 4.5374454e-05
275059964.0 0.0 1812.3469359907958 0 0.000116569565
101092642.0 1.0 1794.495427843079 1 0.9999348
50937797.0 1.0 1811.2857546317223 1 0.9999145
316619550.0 1.0 1797.265129986455 1 0.999998
85341834.0 1.0 1794.1827762694215 1 1.0
279845407.0 1.0 1795.9315604135445 1 1.0
279763201.0 0.0 1808.9107811016504 0 0.002137712
441801985.0 1.0 1794.5321274633498 1 0.9999998
388074101.0 1.0 1810.2830687428316 1 0.9999968
367150268.0 0.0 1796.8255626182306 0 8.2877946e-08
288510378.0 1.0 1794.261695268395 1 0.99997896
229703476.0 0.0 1808.9692932892328 0 1.2305938e-07
233574649.0 1.0 1796.8859556640177 1 0.99998766
356194818.0 1.0 1806.405441174217 1 0.99998784
229741985.0 0.0 1811.1780591968277 3 0.00012451164
311828154.0 1.0 1798.035378712967 1 0.99997014
322338839.0 0.0 1805.2443724267303 0 4.1637836e-11
264917481.0 0.0 1805.2028928659743 0 4.7213475e-06
289350968.0 0.0 1799.347191084214 2 1.5205099e-05
317653139.0 0.0 1794.8675332305752 4 1.7201755e-24
275854772.0 1.0 1811.4313164267785 1 0.99999994
374776649.0 0.0 1808.8694056668162 0 2.595076e-10
292978225.0 1.0 1798.3492213199834 1 0.99952984
279435154.0 0.0 1812.556275042411 0 4.7743776e-10
54883317.0 1.0 1799.577061189686 1 0.9999942
117758211.0 0.0 1809.786393812484 4 1.1472461e-13
265147478.0 1.0 1797.012474806477 1 0.9999997
407114784.0 0.0 1795.5972509743867 2 2.9321838e-13
410700235.0 0.0 1812.3906079781768 0 1.2206671e-16
376288537.0 0.0 1805.221431858637 0 3.4530303e-06
200793167.0 1.0 1805.453649175042 1 1.0
395652643.0 1.0 1796.8472290683771 1 0.9996659
450004241.0 1.0 1794.1189376415107 1 0.99999887
117398086.0 1.0 1805.5158008711394 1 0.99998426
177975382.0 1.0 1805.9121043342814 1 0.9999995
428709838.0 1.0 1810.9303213396377 1 0.999967
351548004.0 1.0 1795.1599380842943 1 1.0
256349356.0 1.0 1805.5541900360188 1 0.9999869
327011233.0 0.0 1808.9945140233413 0 0.0007632876
233719736.0 1.0 1796.7398485712617 1 0.9997972
250720272.0 1.0 1798.0362388646047 1 0.9999963
427518970.0 0.0 1796.9091915617787 0 7.2526205e-07
186597420.0 1.0 1798.3703899102054 1 0.9999999
255921486.0 0.0 1795.4705268573705 2 2.6786772e-11
138020108.0 1.0 1798.433008125196 1 0.9999188
229440509.0 0.0 1812.3652670777665 0 1.2563671e-06
177827291.0 1.0 1796.4743649849217 1 0.9999926
299330790.0 1.0 1796.4109064024215 1 0.9999977
357671841.0 1.0 1798.5148474909975 1 0.9999832
354786581.0 0.0 1808.9309649616896 0 7.833393e-07
445491744.0 1.0 1799.0569099131221 1 0.99999976
259947804.0 0.0 1795.2026263480006 4 5.861769e-08
280164550.0 1.0 1796.8452001604342 1 0.9996964
333803315.0 1.0 1794.762247737035 1 0.9999992
377967107.0 0.0 1812.367525544274 0 7.013062e-06
407319154.0 0.0 1800.3054911751492 0 5.8727473e-08
52178333.0 0.0 1809.3685222215042 0 1.2013026e-06
235904974.0 0.0 1805.678712348174 2 5.154092e-06
422426616.0 1.0 1794.7625286957125 1 1.0
34620821.0 0.0 1805.2872916494086 0 0.0014140139
198160374.0 1.0 1798.2597504132286 1 0.99999475
376971463.0 0.0 1807.3672941645186 3 6.782073e-13
65577476.0 0.0 1796.6409024973748 0 0.002739691
230078862.0 1.0 1794.968619076093 1 0.99997
269419535.0 0.0 1793.4096677405603 0 4.5342225e-07
445248479.0 0.0 1794.993847205207 2 2.2983346e-13
356917895.0 1.0 1799.34362417 1 0.9999931
428795527.0 0.0 1794.4717401006685 3 0.00020342776
236998339.0 1.0 1811.2825819446216 1 1.0
258800240.0 1.0 1805.4696331337282 1 0.9999932
50941668.0 0.0 1808.910827262892 0 0.0001726504
374605557.0 0.0 1805.285803242205 0 5.193443e-07
250860873.0 1.0 1798.5155782164065 1 1.0
322202573.0 1.0 1798.6377079661288 1 0.99999833
233730349.0 1.0 1798.0731346829316 1 0.99999976
316442745.0 0.0 1796.8277682442322 0 4.7048798e-05
233534487.0 0.0 1812.6563839601283 0 1.5769552e-11
299432200.0 1.0 1794.744583293935 1 0.9999769
441727189.0 1.0 1796.198936915816 1 0.997111
332048480.0 0.0 1805.5356267039633 0 4.051629e-10
219754614.0 0.0 1793.1770025587548 0 3.137375e-06
385105755.0 0.0 1804.6825392483822 3 5.420912e-33
236714379.0 0.0 1795.7393063886923 3 3.26808e-06
229494283.0 1.0 1805.927898244099 1 0.9999974
423031237.0 0.0 1796.5361020415235 4 2.1192764e-17
138113554.0 1.0 1796.057930645664 1 0.99999887
370950181.0 0.0 1808.8693040503256 0 0.00029701288
240829983.0 0.0 1808.9732201952563 0 0.0016955507
321989887.0 1.0 1797.3460047263218 1 0.9999999
139532660.0 0.0 1805.3701566910756 0 1.4359111e-05
229588669.0 1.0 1810.6156177511666 1 0.99998844
332374073.0 1.0 1797.8066585070678 1 1.0
427381732.0 1.0 1796.617438619862 1 0.99999577
422540162.0 0.0 1805.5564237831265 0 3.6075093e-05
435680812.0 0.0 1793.3047178312665 0 5.1837645e-07
366714977.0 1.0 1796.471246256626 1 0.99994934
250743350.0 0.0 1793.1405324650875 0 1.2939066e-06
230386284.0 0.0 1793.8028548786447 3 1.1586258e-25
367406316.0 0.0 1811.5359893595212 2 4.8518283e-18
240946730.0 1.0 1806.1817636793144 1 0.9999995
177992848.0 0.0 1793.1409908599749 0 0.0024708526
417331137.0 1.0 1805.5765353837028 1 0.9999969
445412390.0 0.0 1812.7020874168259 0 3.4952834e-06
26619266.0 1.0 1795.8078970302124 1 0.9999999
399357353.0 1.0 1795.3273277475712 1 0.9999999
366581371.0 1.0 1798.7829988637861 1 0.99999547
352922196.0 1.0 1798.722685511654 1 0.99980646
250580072.0 0.0 1808.8694831936684 0 5.778364e-05
376971463.0 0.0 1805.096485669742 3 1.0239775e-27
436930306.0 0.0 1793.141373223944 0 0.0015149927
405463433.0 1.0 1794.0997037662964 1 0.99993443
445277797.0 0.0 1806.0147310843347 4 1.5829893e-10
387561593.0 1.0 1796.9914371754926 1 0.9999981
52631267.0 1.0 1806.4311430068772 1 0.9999384
283134835.0 0.0 1812.7018656584778 0 0.0010100545
428706982.0 1.0 1796.7843089814558 1 0.9999992
424284396.0 1.0 1798.8688733220556 1 0.9999894
101131323.0 0.0 1800.1412511370688 0 0.00021174681
301797771.0 1.0 1794.09983797957 1 0.9999532
241006859.0 0.0 1812.3899915076317 0 3.7698447e-07
396444503.0 1.0 1810.7846892645773 1 0.9999994
429031794.0 1.0 1794.533286929905 1 0.99089843
284219415.0 1.0 1811.3057532740272 1 0.9998599
326818710.0 1.0 1795.5975277204632 1 0.9999994
247012234.0 1.0 1796.933143318675 1 0.9999999
235941004.0 1.0 1799.9079525498405 1 0.99999946
316620896.0 1.0 1795.390127046073 1 0.99999344
406707806.0 1.0 1810.9933519411525 1 0.9999997
368607501.0 1.0 1794.4722395649337 1 0.9999998
233525922.0 1.0 1800.1983810640652 1 0.9996241
230015612.0 1.0 1798.7405142297844 1 0.99969906
272137103.0 0.0 1808.03448924057 4 5.180368e-27
283937659.0 0.0 1805.5559509854795 0 1.4279767e-07
308121998.0 1.0 1805.3693208646507 1 0.9998541
320179989.0 0.0 1805.5351995513865 0 0.0001102767
428517150.0 0.0 1805.2241061590455 0 0.0005228594
412359278.0 1.0 1810.179318799522 1 0.9999825
192416896.0 1.0 1798.0158829844656 1 0.99999964
241049137.0 0.0 1805.2027647659788 0 4.805111e-05
308959273.0 1.0 1795.1613416879384 1 0.9999998
418260924.0 1.0 1797.6167908607904 1 1.0
250747121.0 1.0 1795.494793188951 1 1.0
405482889.0 1.0 1811.391487450578 1 0.99999684
233533396.0 1.0 1811.4272761307348 1 0.9999956
287151482.0 1.0 1796.0310200392366 1 0.99997395
11159891.0 0.0 1808.9107373462555 0 1.9772822e-10
407518484.0 0.0 1796.8047578624016 0 1.78144e-06
272928266.0 0.0 1798.7431446037315 2 1.3612017e-09
376768946.0 0.0 1805.200649991596 0 3.7269e-05
335798015.0 0.0 1808.8669857665789 0 2.1694309e-09
321444025.0 0.0 1808.8873549385683 0 3.154549e-07
427809547.0 1.0 1795.9094072867235 1 0.9999199
219109908.0 0.0 1805.7194294408773 3 1.3448103e-23
444756506.0 0.0 1812.681409553532 0 4.078188e-08
285790549.0 1.0 1798.764913433041 1 0.9999949
288633162.0 1.0 1805.9078966087766 1 0.99988115
275192901.0 1.0 1794.1803487168777 1 0.9999998
315721954.0 0.0 1796.6373632867628 0 0.0016878223
359040380.0 0.0 1796.9099302289455 0 3.0203742e-06
264799079.0 0.0 1808.8484991433584 0 0.00029738437
422921362.0 0.0 1809.140872685185 0 0.0027942704
444487049.0 0.0 1812.6808393267588 0 7.657518e-07
376766363.0 1.0 1797.6798627437477 1 1.0
77490787.0 1.0 1794.5996536444882 1 0.99996173
410237584.0 1.0 1794.9503888807258 1 1.0
421389331.0 1.0 1793.8476140879734 1 0.99999845
184686035.0 1.0 1793.9743378969588 1 0.99998915
374219745.0 0.0 1808.9521953629242 0 0.0007132099
348135223.0 0.0 1805.2027283110485 0 2.0478852e-09
63690652.0 1.0 1795.8704634041308 1 0.9999924
101304091.0 0.0 1809.2454938414755 0 0.0010579434
333801983.0 1.0 1794.92894657737 1 1.0
240783211.0 1.0 1797.1815879981843 1 0.99993926
104308329.0 1.0 1794.7236411477186 1 0.9999875
65641116.0 1.0 1795.7033641421456 1 0.99999124
388000400.0 1.0 1793.512488592252 1 0.9999995
351873519.0 1.0 1793.4725094683672 1 1.0
198538313.0 0.0 1812.3433527018972 0 0.002190012
250742279.0 1.0 1795.4530107367254 1 0.9984183
395940851.0 1.0 1798.1597750155709 1 0.9822702
63586200.0 1.0 1797.2662084170188 1 0.99999964
232638764.0 1.0 1810.218832333137 1 0.99999535
301994054.0 1.0 1795.3070954123575 1 0.99996173
191767122.0 1.0 1799.2446295517066 1 0.9999963
389968212.0 0.0 1808.843432643785 0 1.3366481e-07
259000033.0 1.0 1798.9282282132233 1 0.9979587
202839485.0 0.0 1793.2242098283189 3 1.5789283e-06
308125465.0 1.0 1798.8279061107175 1 0.9999996
403524327.0 1.0 1797.265237339358 1 0.99999857
377337133.0 1.0 1796.325793142463 1 0.95599246
271833843.0 1.0 1795.4721640339374 1 0.9999741
395944886.0 0.0 1800.3053800860284 0 1.2841293e-05
302470991.0 0.0 1812.348987399642 0 1.066522e-05
250561884.0 0.0 1812.369497595567 0 6.958155e-08
418083844.0 1.0 1796.474168944291 1 0.9999978
424438495.0 1.0 1811.4899665676219 1 0.99999726
374780402.0 1.0 1800.4943768041883 1 0.9578805
13355842.0 1.0 1810.119182425091 1 0.99996173
51952461.0 1.0 1810.9726682505043 1 0.99999726
67635034.0 1.0 1793.6409927497443 1 0.99958813
376229643.0 0.0 1798.054740861388 2 1.2197734e-16
327341483.0 0.0 1808.8488269827878 0 0.00013570131
11149363.0 0.0 1797.8272445829448 2 2.9208948e-11
331315809.0 0.0 1794.0357824626956 2 3.2880998e-06
445530990.0 0.0 1808.8485442688132 0 2.3852792e-07
317511036.0 0.0 1794.8674868664405 4 1.013621e-11
274845027.0 1.0 1799.3884498221112 1 0.9999631
264028964.0 0.0 1794.6789847679752 4 3.5162807e-16
428118368.0 1.0 1795.9740384196002 1 0.99989337
279498483.0 0.0 1805.2643303344391 0 1.3255787e-07
279067445.0 1.0 1793.8268099704421 1 0.9983706
307117358.0 0.0 1809.18145914384 0 3.5100948e-06
250865149.0 1.0 1795.6406177237216 1 0.9999983
237209077.0 1.0 1806.386955577499 1 0.99999285
258680099.0 1.0 1805.3890547813976 1 1.0
468293391.0 0.0 1807.9717124453884 3 0.0
285512509.0 0.0 1812.3488289051015 0 2.2444534e-05
309053519.0 1.0 1793.6402322646668 1 0.9999989
219895311.0 0.0 1812.3440794647597 0 8.567497e-08
259935681.0 0.0 1808.015056936626 4 4.194885e-05
329440598.0 0.0 1794.4056500559357 0 0.0016013273
11999540.0 1.0 1798.6813167316855 1 0.9242139
288627881.0 1.0 1799.0159545041693 1 0.99999946
367453589.0 0.0 1793.3255638790336 0 1.2453587e-05
83966035.0 0.0 1808.8890025293306 0 4.6434794e-05
341816088.0 0.0 1794.4057700050605 0 0.0018919864
347688587.0 0.0 1812.3484532270204 0 1.0733941e-07
366507777.0 0.0 1795.2419875953992 4 2.8512864e-10
376367271.0 0.0 1793.6589431615373 2 1.539612e-14
445133704.0 0.0 1807.452147596018 3 6.8554624e-36
278998415.0 1.0 1797.2432675200284 1 1.0
192469090.0 1.0 1810.2243255349802 1 0.9999603
452960580.0 1.0 1799.306350577984 1 0.99997073
400543141.0 1.0 1799.1817727756043 1 0.99999994
269715378.0 1.0 1805.909470955935 1 0.99997437
13189191.0 1.0 1799.8066488020604 1 0.9999681
201355863.0 1.0 1797.724297520896 1 0.9999991
381804017.0 0.0 1797.8286036645818 2 0.01651616
444619287.0 1.0 1797.473076848223 1 1.0
83337744.0 0.0 1805.514098685877 0 0.0015384934
28911691.0 0.0 1812.7247561794584 0 0.0018499002
432046871.0 1.0 1794.4531596356 1 0.99999994
186626871.0 0.0 1795.4744482626895 2 0.002637208
331717432.0 1.0 1793.431688193971 1 0.9999944
240924874.0 1.0 1810.348270492403 1 0.99999994
354402983.0 1.0 1794.202987080174 1 1.0
178076631.0 1.0 1793.3911371339575 1 0.9999998
326790523.0 1.0 1810.8057049755396 1 0.9999918
269697721.0 0.0 1794.261990756964 3 2.6200857e-23
399208089.0 0.0 1808.9313304477523 0 0.00010102603
269913100.0 1.0 1811.5162820860073 1 0.99997634
423950693.0 1.0 1799.7836486367228 1 1.0
433496860.0 0.0 1800.1411020402572 0 0.00026962464
52349394.0 0.0 1809.2018045423024 0 2.007026e-06
317507345.0 0.0 1798.700648602675 3 1.10457995e-05
372264022.0 1.0 1795.4713114820338 1 0.99999994
405794860.0 0.0 1795.9085672673998 4 2.733425e-20
280318440.0 1.0 1811.4104309270972 1 0.9999972
327396263.0 1.0 1797.8698209505317 1 0.99996424
265476481.0 0.0 1796.8900137321991 0 0.0012754574
186765005.0 1.0 1795.8911814499993 1 0.99989855
327259175.0 0.0 1800.3071819402467 3 5.335513e-15
285905428.0 1.0 1794.8895717202727 1 0.9999982
309127567.0 1.0 1810.9736185121544 1 0.99998826
417852492.0 0.0 1808.8680456288598 0 9.095191e-06
265188671.0 0.0 1793.4096402740142 0 4.641461e-07
374840287.0 1.0 1795.3068516604199 1 0.9999958
387953782.0 1.0 1794.9916333844592 1 0.99854386
149926534.0 0.0 1809.1206173519522 0 0.001455191
20706241.0 0.0 1795.72416852737 2 1.6225037e-08
367241683.0 0.0 1805.2422546981797 0 6.8153977e-06
321825581.0 0.0 1796.8251438940347 0 2.1269567e-05
82395189.0 1.0 1794.3896281764603 1 0.99999154
279075078.0 1.0 1796.8060918524613 1 0.9999959
445635312.0 0.0 1796.3693861381787 2 1.2712746e-24
116061472.0 1.0 1810.3281652859532 1 0.99999785
250824273.0 0.0 1805.2029960309428 0 3.595238e-05
200795756.0 0.0 1808.8494467243468 0 0.0019794672
229589331.0 1.0 1810.1988024128993 1 0.99999875
34977849.0 0.0 1809.1830726720143 0 0.001861877
286479496.0 1.0 1794.4730886453085 1 0.99998695
35015461.0 0.0 1805.5789681566757 0 9.30178e-07
286118364.0 0.0 1805.2648518423207 0 3.284488e-07
116992839.0 0.0 1808.8699321658403 0 9.826625e-07
450009479.0 0.0 1805.535409306388 0 1.3554462e-07
427652649.0 1.0 1796.6591954145115 1 0.99866045
67517753.0 0.0 1809.1406670701167 0 0.0014895337
445198484.0 1.0 1795.4730450024097 1 0.9999993
323304279.0 1.0 1796.867209314519 1 0.99999714
229510522.0 1.0 1799.7824182161228 1 0.99999934
452945261.0 1.0 1795.6188551971804 1 0.99999994
421692279.0 0.0 1805.556308550924 0 5.1093917e-08
331931129.0 0.0 1796.388940463655 2 2.2085269e-08
22942865.0 1.0 1805.3704834944594 1 0.99996275
237253405.0 1.0 1797.7827825568402 1 0.9999973
229706410.0 0.0 1810.4071773489256 2 2.3858432e-15
232604113.0 0.0 1812.4893059348724 0 0.001003253
450137395.0 1.0 1794.4733927740378 1 0.99998534
288623144.0 1.0 1794.7657114477647 1 0.9998779
399443433.0 0.0 1812.5562773506344 0 1.5713838e-05
357034870.0 0.0 1794.4061890947328 0 6.1569284e-07
264628479.0 1.0 1811.1819169689718 1 0.9999997
387676401.0 1.0 1795.5540068145406 1 0.9999863
194663265.0 0.0 1812.6620878364088 0 0.0018196304
323306240.0 0.0 1812.38776223141 0 1.09253335e-07
399513271.0 1.0 1798.9510702041034 1 0.9999004
230079214.0 0.0 1793.1770572907521 0 0.0009571731
381655370.0 1.0 1798.5159182312275 1 0.99999905
249951515.0 0.0 1805.2030226601926 0 1.3322222e-05
264052273.0 1.0 1793.7622888531534 1 0.9999939
129870247.0 1.0 1796.8078156114439 1 0.9999988
385558019.0 1.0 1796.3288392035377 1 0.9999475
65647427.0 1.0 1810.620059387518 1 0.99972796
270666058.0 1.0 1799.9512632289639 1 0.99999654
329246824.0 0.0 1797.0307929649616 3 4.4846065e-33
73730221.0 1.0 1797.8912284221576 1 0.99999034
279266421.0 0.0 1805.222441573931 0 8.595853e-14
53712338.0 1.0 1795.9313807883043 1 0.99999875
250803626.0 1.0 1796.369550191141 1 0.99999946
34750272.0 0.0 1808.8705548777077 0 0.0012799235
229399917.0 1.0 1811.3444446735746 1 1.0
402894587.0 1.0 1796.428647509022 1 0.99999374
387448344.0 1.0 1799.8455340289938 1 0.99999857
235937657.0 1.0 1805.6997889364309 1 0.9980831
259000034.0 0.0 1793.4074174266452 0 7.1659763e-09
12103222.0 1.0 1811.4314949498382 1 0.9999815
375653671.0 1.0 1796.3255090091268 1 0.9983364
269517740.0 0.0 1793.4097008513227 0 5.7638895e-06
229799448.0 0.0 1799.1155422797929 4 6.8999226e-24
422607357.0 0.0 1812.3466163547657 0 2.8726148e-05
192692277.0 1.0 1795.32843537991 1 0.9999985
372190470.0 1.0 1799.6403383236363 1 0.9999919
387269721.0 1.0 1805.6375406278535 1 0.9999935
293062767.0 0.0 1812.5573211304334 0 0.0008653265
315937374.0 0.0 1795.1816333056836 3 2.4692461e-20
403117926.0 0.0 1808.8451623367382 0 2.8216016e-06
378156575.0 0.0 1812.3676789782592 0 5.12582e-07
400496840.0 1.0 1796.0984658616273 1 1.0
352037377.0 0.0 1806.8266878073684 4 1.4447443e-13
265291150.0 1.0 1805.5359783613187 1 0.9999796
233533858.0 0.0 1808.864753293053 0 7.106488e-11
428388602.0 1.0 1797.5989709643854 1 0.99996185
270065787.0 0.0 1812.787043487543 0 0.0018630951
445144542.0 0.0 1812.6601817667001 0 0.0019972438
192772576.0 0.0 1808.9118793909083 0 0.0017450658
71745456.0 1.0 1796.0775553691333 1 0.9999997
354928111.0 0.0 1794.7227670425075 2 1.0966105e-05
320279582.0 0.0 1793.1397208455023 0 1.7907047e-11
250555759.0 0.0 1796.7447276700725 2 1.8415026e-12
184690954.0 1.0 1796.8702011008083 1 0.99998736
229611301.0 1.0 1797.7405367474378 1 0.99987745
372391762.0 0.0 1795.242134243191 4 1.0143643e-17
77457576.0 1.0 1793.328774523052 1 0.9999368
259144034.0 0.0 1805.2241002249339 0 1.40579705e-05
445558956.0 0.0 1799.9735225684055 2 4.055498e-16
327583469.0 0.0 1805.5142752117704 0 2.6801366e-05
365941784.0 0.0 1794.9093679737282 4 3.1791153e-11
200939418.0 0.0 1797.7868806728825 3 0.0007303593
63624860.0 1.0 1811.4742137404262 1 1.0
230018065.0 1.0 1798.698681775071 1 0.99999285
399831693.0 1.0 1810.117481227214 1 0.9999885
245757276.0 0.0 1808.84867457486 0 1.0708907e-08
418085899.0 1.0 1810.1199818532991 1 0.9999186
370347608.0 0.0 1796.056627571426 4 6.196917e-13
354871888.0 0.0 1805.2030128141837 0 4.4803204e-07
302083370.0 1.0 1797.474286806714 1 0.99999505
202977876.0 0.0 1805.2032324589109 0 3.2383008e-07
192466212.0 1.0 1799.22428521767 1 0.9999493
366117573.0 1.0 1805.638727470377 1 0.9999913
445274106.0 0.0 1805.5563311735536 0 0.00048524854
322326087.0 0.0 1793.325261277665 0 9.370703e-09
445133704.0 0.0 1799.3689901552718 3 0.0
256640207.0 0.0 1809.491834800951 3 2.7243374e-20
235935385.0 0.0 1812.3873338450785 0 0.0004907042
349977780.0 0.0 1796.8245542460022 0 0.00024235276
399763642.0 1.0 1797.8259316443477 1 1.0
366105371.0 1.0 1798.7850861281877 1 0.9999631
237302304.0 0.0 1793.324590964017 0 0.0011776369
372390508.0 0.0 1812.3460840339835 0 0.00096944673
264454096.0 0.0 1809.3876815222977 0 1.6002986e-07
285686830.0 0.0 1808.9106145004935 0 2.3103797e-07
366835689.0 0.0 1805.221282676527 0 3.3371699e-09
327092600.0 1.0 1811.4527272232856 1 0.99999404
286356542.0 1.0 1793.6204440898218 1 0.9999792
373394521.0 0.0 1808.8885210089086 0 6.392411e-05
395689933.0 1.0 1799.8681261781683 1 0.9997875
250553781.0 0.0 1808.848737232892 0 7.722435e-05
331855180.0 0.0 1799.5357279472457 4 1.15687904e-10
433000652.0 1.0 1794.8701989580215 1 0.99994516
323122729.0 1.0 1811.2417298824575 1 0.9999997
368679912.0 1.0 1795.055795503556 1 0.99998736
410733690.0 0.0 1810.03660397953 4 1.2116185e-12
251357181.0 0.0 1806.2445037525765 4 2.4917955e-27
284915325.0 1.0 1811.3267020075352 1 1.0
468343249.0 0.0 1810.8468564381712 3 0.0
26533207.0 0.0 1809.3913761619183 3 0.0042468067
356701798.0 0.0 1795.552456377719 3 3.436946e-33
337286741.0 0.0 1798.4089587869285 4 7.2284695e-30
255879628.0 1.0 1806.0143815026152 1 0.99999046
354545033.0 1.0 1794.5152874767775 1 0.9994969
292977092.0 1.0 1797.5575940602332 1 0.9999846
292321074.0 0.0 1809.1823067557402 0 0.0019300855
250796034.0 0.0 1797.6406407781099 2 5.118209e-12
116267684.0 1.0 1797.599028374887 1 0.99999356
403038542.0 0.0 1796.640800380657 0 0.0028940563
354468604.0 1.0 1793.9319957753426 1 0.99959624
387601693.0 1.0 1806.2205023993376 1 0.99999714
301572042.0 1.0 1795.2029626750073 1 0.9998595
259234489.0 1.0 1810.3864067183745 1 0.99999917
284316014.0 0.0 1809.2017300724362 0 6.9519173e-09
229711350.0 1.0 1806.3030671928868 1 0.99999744
256642905.0 1.0 1797.5753086488073 1 0.9995785
284889425.0 1.0 1797.0098108462705 1 0.9998342
90694177.0 1.0 1794.1411614249787 1 0.9999939
50115636.0 0.0 1810.598142685535 2 2.1825278e-14
384816045.0 1.0 1794.4109147015845 1 0.9995201
372054243.0 0.0 1805.221125488048 0 3.9985537e-08
431875692.0 1.0 1796.3074622872914 1 0.99992913
286008668.0 1.0 1796.6606834938132 1 0.9999838
229651111.0 1.0 1806.3243239937294 1 1.0
367681735.0 0.0 1809.5944620043279 3 6.1953096e-13
379632635.0 1.0 1796.5560035679002 1 0.9998841
250799836.0 0.0 1811.4529134709699 2 3.3039096e-15
301162518.0 0.0 1796.7447395685485 4 6.252034e-26
377906251.0 0.0 1812.3466961707118 0 1.0938699e-07
428378716.0 1.0 1811.368108593319 1 0.99999624
264226749.0 0.0 1806.179255600681 4 2.5778672e-06
352928514.0 1.0 1805.9099918383552 1 0.9999999
28780319.0 1.0 1810.661481820085 1 0.9999998
240968626.0 0.0 1796.2236678002216 2 1.02383796e-10
288603243.0 1.0 1795.282552673183 1 0.99987704
458842028.0 0.0 1806.2229955630967 3 4.730713e-10
238776826.0 1.0 1798.3076417678064 1 0.9999961
297819072.0 0.0 1808.9101611874605 0 0.0021022353
292721569.0 0.0 1808.640771948353 4 4.1373823e-22
326964352.0 0.0 1808.8486531105734 0 3.9093244e-05
302227871.0 1.0 1794.1823053787432 1 0.9999996
389538619.0 1.0 1796.9105275654538 1 0.9999992
350132371.0 0.0 1801.033647735225 3 3.023972e-15
367145336.0 1.0 1795.8464135509282 1 0.9999508
191725102.0 1.0 1794.1821449481918 1 0.99999726
379377701.0 1.0 1798.8893379701178 1 1.0
424461577.0 0.0 1795.5315664523791 3 1.3320055e-38
292975685.0 1.0 1793.745006590785 1 1.0
285089188.0 1.0 1805.932040750711 1 0.99999404
256577852.0 1.0 1798.2628022819933 1 0.99999934
352358226.0 1.0 1810.7850225564089 1 0.99999416
50943839.0 1.0 1796.8482605288862 1 0.9999782
372217648.0 0.0 1808.8877745915815 0 1.7475319e-08
403746452.0 0.0 1805.2028068124469 0 8.3489397e-07
279723138.0 0.0 1798.5566309533128 2 9.913238e-11
198206706.0 1.0 1794.1558775656893 1 1.0
309235372.0 0.0 1812.3901055692636 0 4.0066223e-12
250801277.0 1.0 1810.3278959756112 1 0.99999833
317508768.0 1.0 1795.3257003847039 1 0.9999989
250583203.0 1.0 1793.557130361261 1 0.99992234
427647872.0 1.0 1798.7015399816676 1 0.9964723
327137540.0 1.0 1793.578205117797 1 0.99999005
373901030.0 0.0 1797.8480999886606 0 0.0026896042
280069477.0 0.0 1799.7825679479274 2 1.5572477e-09
252137181.0 0.0 1809.2022921148534 0 0.0016699136
250451391.0 0.0 1808.8902686452604 0 5.0523446e-05
427689755.0 1.0 1805.3885668243886 1 0.9999988
129906918.0 1.0 1794.1619751610542 1 0.9999953
285161229.0 0.0 1801.3903756337143 3 8.0098614e-22
177823340.0 0.0 1811.3703931574419 3 2.199669e-08
302395643.0 1.0 1793.5572245656938 1 0.9999511
85400893.0 1.0 1794.9746958977842 1 0.999937
352954787.0 0.0 1796.6164723419747 3 3.4861264e-29
137909248.0 1.0 1795.120365794204 1 0.9999274
316042773.0 1.0 1796.619300662825 1 0.9999982
390408332.0 0.0 1797.9314954395552 4 0.009828278
116989469.0 0.0 1808.9532659156207 0 0.0017916653
292721975.0 1.0 1797.8700793928435 1 0.9999999
368444244.0 0.0 1793.4094880975254 0 3.0359364e-05
28872874.0 1.0 1795.6206065970005 1 0.9997109
258700473.0 0.0 1805.1987984725401 0 1.2833273e-08
250744364.0 1.0 1797.5989251813057 1 0.9999807
237304765.0 0.0 1799.19960160705 2 1.0027696e-07
370510731.0 1.0 1798.9316780857723 1 0.99999493
317471506.0 1.0 1795.013372633671 1 0.9997513
332259685.0 1.0 1796.7023366442727 1 0.9999943
219900027.0 0.0 1809.4692113383087 3 1.4478712e-30
139378834.0 0.0 1799.2661928436712 3 2.5659381e-05
394089367.0 1.0 1794.0537057654988 1 0.99993694
65487030.0 0.0 1808.911805676093 0 0.0025357818
367863228.0 1.0 1811.4092524180367 1 0.9999999
219807930.0 1.0 1800.0520028095054 1 0.9999988
407116205.0 1.0 1795.8888730744122 1 0.99994403
238740657.0 0.0 1805.2450408233865 0 2.4662717e-05
368727681.0 0.0 1812.389059606439 0 0.000121640085
21099573.0 1.0 1810.432789409213 1 0.9999916
322129332.0 1.0 1798.366844413863 1 0.99999213
468293391.0 0.0 1800.679987492703 3 2.7489876e-33
353736449.0 1.0 1810.7184743223472 1 0.999993
251683173.0 1.0 1795.8486754794187 1 0.9999754
309126202.0 1.0 1798.2446461446016 1 0.99999434
427767269.0 0.0 1799.5969927897688 3 7.787677e-17
101097762.0 1.0 1806.3913335995733 1 0.9999996
326856699.0 0.0 1798.6613838248197 4 7.408998e-26
403626895.0 0.0 1812.3484266492453 0 0.00011331128
435355199.0 0.0 1805.2217907892275 0 1.2098923e-06
436924455.0 1.0 1810.245493484798 1 0.9999971
406837485.0 1.0 1793.5770500800882 1 1.0
283019371.0 1.0 1797.7223901208959 1 0.99998975
360018980.0 0.0 1798.616001671357 2 5.924487e-16
279983207.0 1.0 1794.9700721254503 1 0.9999926
250717224.0 0.0 1808.9112692191375 4 1.2425426e-14
428472783.0 0.0 1805.6809658483498 0 8.234877e-05
400408265.0 1.0 1799.9489750491869 1 0.99999946
229483119.0 1.0 1798.5114461572675 1 0.99999994
365941059.0 1.0 1805.388535563439 1 0.99999386
219791854.0 0.0 1805.1981382827419 0 2.6392551e-12
348671419.0 1.0 1810.1610034015098 1 0.9999937
389545076.0 1.0 1796.4939786537136 1 0.99999166
390466824.0 1.0 1796.660629547837 1 0.99994975
317836693.0 0.0 1812.3883079401696 0 9.727001e-05
409521951.0 1.0 1811.0991003056627 1 0.99999934
385553813.0 1.0 1794.9329608470805 1 0.99789953
315938753.0 1.0 1793.7232955310637 1 0.99999815
445181630.0 0.0 1812.7018824299867 0 6.1110763e-06
322262706.0 1.0 1793.971083855122 1 0.9999984
316322598.0 1.0 1796.681827026355 1 0.9999988
367416724.0 0.0 1811.4528100888108 2 3.0359615e-09
292056305.0 1.0 1797.66164395958 1 0.99999404
241038759.0 1.0 1794.0153233379524 1 0.99987525
237302410.0 1.0 1797.324583081296 1 0.9999987
63690916.0 1.0 1811.3909644481375 1 0.99999094
305430420.0 0.0 1808.8063833906779 4 0.0006180669
292398459.0 0.0 1795.2240622199479 2 0.015124875
275762183.0 0.0 1805.5142817851515 0 8.296238e-05
378473928.0 1.0 1811.3052533464133 1 0.9999996
399260561.0 0.0 1799.3063163802137 2 4.62946e-15
271021225.0 1.0 1805.597001531577 1 0.9999999
288391801.0 0.0 1800.6991612256584 3 3.8924916e-25
308531711.0 1.0 1794.3693552589252 1 0.99999964
219741444.0 0.0 1805.3639423293766 0 8.48028e-05
321544207.0 0.0 1812.3873455826265 0 2.0555955e-08
387604978.0 1.0 1810.1995707252604 1 0.99999994
12833100.0 1.0 1797.368895775278 1 0.9999805
117399286.0 1.0 1795.265626593159 1 1.0
288635063.0 1.0 1793.67854986893 1 0.9999005
139407291.0 1.0 1797.5577501947002 1 0.9999013
232636591.0 0.0 1797.0521677858576 2 5.2670284e-08
374703858.0 0.0 1797.785789984718 2 9.614072e-18
349977587.0 1.0 1793.4704012628017 1 0.99999946
192496880.0 1.0 1795.4534074662363 1 0.99999696
367858358.0 1.0 1799.2008202145926 1 0.9999994
415877977.0 1.0 1798.557301229457 1 0.9999999
34754039.0 1.0 1797.287322990774 1 0.9999998
284811760.0 1.0 1810.180815281558 1 0.999737
370688453.0 1.0 1794.9316223861945 1 0.9999232
424438076.0 0.0 1812.552529848119 0 8.942862e-10
395769946.0 1.0 1796.9512920695618 1 0.99984056
53704740.0 0.0 1795.8478966732546 2 5.4954158e-12
415876713.0 1.0 1811.5571233460585 1 0.9999785
381733396.0 1.0 1798.0577382206964 1 0.9999742
285940626.0 0.0 1812.3699501969884 0 0.0018048821
441795750.0 1.0 1796.4073090074312 1 0.9999999
368508592.0 1.0 1799.2846886437321 1 0.999997
233051580.0 0.0 1812.4477033559574 0 0.00050616625
10791936.0 1.0 1810.6395408396522 1 0.99640036
332869782.0 1.0 1799.6607879409848 1 0.9999922
436861165.0 0.0 1796.6414726933483 0 0.0019539814
322339309.0 0.0 1812.3693454338584 0 2.3905286e-05
436866247.0 1.0 1793.6205354321785 1 1.0
240891599.0 1.0 1795.5984859035073 1 0.999993
370764731.0 1.0 1799.5568847110123 1 0.9999864
378280451.0 0.0 1812.367876899941 0 5.134999e-07
14045089.0 0.0 1808.9107006442898 0 0.000409408
369994913.0 1.0 1796.8272798499836 1 0.99999535
357096616.0 1.0 1811.1976029848745 1 0.9999713
279063834.0 0.0 1809.1599300199555 0 0.00018252041
264546144.0 0.0 1805.2001971570476 0 6.5410486e-06
285536129.0 1.0 1806.2436009779717 1 0.9999995
46631876.0 1.0 1798.5788835356143 1 0.9999942
235676133.0 1.0 1797.9074918041078 1 0.99963397
376971044.0 1.0 1800.2423520576524 1 0.99831945
403585408.0 1.0 1793.5953902314934 1 1.0
370069863.0 0.0 1805.5566989151746 4 1.3822897e-16
272426717.0 0.0 1808.8470851351333 0 0.00014596301
177996009.0 1.0 1798.307730257934 1 0.9999988
233048673.0 0.0 1805.5939406250386 4 2.4635832e-19
10700150.0 1.0 1798.410656561104 1 0.99999726
229761994.0 1.0 1794.38618907603 1 1.0
284058027.0 1.0 1794.9744525416138 1 0.9999832
385240485.0 1.0 1806.1409410140886 1 0.9999596
427643087.0 1.0 1810.2018280682746 1 0.99998873
129989147.0 1.0 1796.2243586678499 1 0.9999583
198457602.0 0.0 1808.8430297757757 0 0.00072026777
177914171.0 1.0 1798.4952094195994 1 0.99999386
312467981.0 1.0 1810.535436713321 1 0.9999995
354634298.0 1.0 1806.2866311552048 1 0.99999976
256977520.0 1.0 1795.4701404430573 1 1.0
367333051.0 1.0 1793.7838785663691 1 0.9999991
354174554.0 1.0 1798.411527233082 1 0.9999676
317509144.0 1.0 1799.4715815501902 1 0.99981236
354183708.0 0.0 1812.4739923682237 0 3.5440227e-08
241022477.0 1.0 1810.8482848697647 1 0.9992611
417699852.0 1.0 1799.4910858680164 1 0.9999674
241087313.0 0.0 1812.3693777355224 0 0.00018831385
21124574.0 1.0 1810.5306414583993 1 0.9999091
258546796.0 0.0 1808.8452086543093 0 0.00074261334
427653161.0 0.0 1797.7633807303164 2 6.9473295e-13
265092399.0 1.0 1798.3694054516616 1 1.0
21129406.0 1.0 1793.7038619551743 1 0.9999961
203105437.0 1.0 1793.4950811582353 1 0.9999157
250914470.0 0.0 1799.4322767794804 4 7.6703613e-25
177968691.0 1.0 1805.891139157817 1 0.9999904
400336887.0 0.0 1812.3470745214383 0 5.5317948e-11
94725941.0 0.0 1809.1830961727558 0 0.0007252075
418028864.0 1.0 1797.578245103562 1 0.9999963
352117369.0 1.0 1805.618224888228 1 0.99682
389768852.0 1.0 1797.9106594872108 1 0.9999946
353565609.0 0.0 1794.2432430086697 3 1.2127452e-37
389695576.0 1.0 1810.806115461369 1 1.0
264915221.0 0.0 1808.8487755588305 0 0.00029801184
381585037.0 1.0 1796.578542506951 1 0.9999898
63404626.0 1.0 1794.2661445471017 1 0.99999994
137960933.0 1.0 1797.4954034143987 1 1.0
352844018.0 1.0 1796.160223912415 1 1.0
377784713.0 0.0 1796.9074444254968 0 2.4750668e-06
230113967.0 1.0 1794.447947786261 1 0.99999744
356869802.0 1.0 1811.4902391189762 1 0.999953
326532106.0 1.0 1810.2638888802524 1 1.0
445308298.0 0.0 1809.1813475819283 0 6.7779554e-05
203007213.0 0.0 1808.8698611265993 0 2.3857257e-05
186769524.0 1.0 1798.1410138626395 1 0.99996495
104149897.0 0.0 1805.7239350187451 4 3.4401282e-21
285280909.0 0.0 1805.349429002677 0 0.00088733685
375983996.0 0.0 1808.8879584449528 0 4.0363307e-07
317393518.0 1.0 1795.1383111631812 1 0.99999726
251628129.0 1.0 1795.786080360275 1 0.99806947
426145828.0 1.0 1810.2634035007445 1 0.9999933
428119412.0 1.0 1793.9323312729637 1 0.9999909
199712958.0 1.0 1798.3014304286462 1 0.9999999
200996203.0 1.0 1798.6827353014448 1 1.0
50772261.0 1.0 1796.0564888463289 1 0.99999994
312146941.0 1.0 1794.3065281461336 1 0.99999994
117397619.0 0.0 1800.0574121242464 3 7.213226e-18
237068644.0 1.0 1795.2620178967366 1 0.9999995
192248748.0 1.0 1794.76575663338 1 0.9998527
387808343.0 1.0 1796.0957243831353 1 0.99993086
233744262.0 0.0 1808.8858549099052 0 0.0003086522
346593780.0 0.0 1794.6204851143161 2 7.912516e-06
406518365.0 1.0 1796.3664409548135 1 0.9999998
268948897.0 1.0 1810.6800953387808 1 0.9999868
202954152.0 0.0 1809.0992000423364 0 0.0015257994
370947698.0 0.0 1808.8900847624645 0 4.7155336e-07
28757422.0 1.0 1798.1200476217386 1 0.9999997
331857477.0 0.0 1793.5149814224012 2 1.1418854e-19
370690088.0 1.0 1796.2649280543253 1 0.99998325
22872908.0 0.0 1796.6413782863606 0 0.002479255
302319351.0 0.0 1808.9322799289182 4 1.9732596e-09
258872538.0 0.0 1798.6780318208873 4 1.9801662e-32
417340054.0 1.0 1797.3476289029782 1 0.9999997
307118041.0 1.0 1799.910850296085 1 0.9999989
385345420.0 1.0 1806.2028197413276 1 0.9997949
378651133.0 1.0 1805.4721607583037 1 0.9982988
402442892.0 0.0 1793.407634508607 0 3.2820972e-06
256314664.0 0.0 1800.1186942409731 4 6.9174905e-12
381653899.0 0.0 1805.7032795333673 4 9.452795e-24
269697721.0 0.0 1805.6577517494948 3 1.573018e-21
387811556.0 1.0 1794.0540827482077 1 0.999989
34820374.0 0.0 1793.1414512565689 0 0.0016426162
286177742.0 0.0 1808.9744565964454 0 0.0027512868
370595343.0 1.0 1795.5776923409442 1 0.9999724
229950598.0 0.0 1807.3650291230629 4 4.282361e-05
264845062.0 1.0 1798.846244047529 1 0.9999977
259097101.0 1.0 1796.4073697202507 1 0.9999735
90669919.0 1.0 1810.4538847234946 1 0.99976456
307040154.0 0.0 1799.3275140477658 3 0.00018509457
201111472.0 1.0 1796.328611008632 1 1.0
288313254.0 1.0 1805.9076409945098 1 0.99998176
286026965.0 0.0 1812.390647386575 0 3.0442417e-09
285385683.0 1.0 1793.8496497581095 1 0.999964
289208457.0 1.0 1810.263844095569 1 0.99998903
73523692.0 1.0 1795.9746482396872 1 0.99654317
284720503.0 1.0 1794.5145020909295 1 0.99998486
83813702.0 1.0 1811.0765051272372 1 0.99998087
285517191.0 0.0 1808.8489632278274 0 4.2028737e-06
252841611.0 1.0 1797.6404926303007 1 0.9999951
251275554.0 0.0 1797.2653606388778 2 4.7134265e-11
316250867.0 0.0 1799.6195504803934 3 2.0206469e-17
299491275.0 1.0 1806.3252428539065 1 0.9999423
434724040.0 1.0 1795.8052282829558 1 1.0
259249176.0 1.0 1798.9947059197264 1 0.9894691
236985535.0 0.0 1809.095055284948 4 9.600706e-08
280033934.0 0.0 1811.7408983813116 3 0.0
359044210.0 1.0 1798.4723558759304 1 0.99997866
353898168.0 1.0 1796.7184508407129 1 0.9999698
202844773.0 0.0 1805.2031862533254 0 4.1507844e-16
327088598.0 0.0 1805.2863900658217 0 4.06249e-05
370600743.0 1.0 1795.4526675888142 1 1.0
385405317.0 1.0 1805.494342284603 1 0.9999816
5673082.0 1.0 1795.8288114916306 1 0.99948996
250841618.0 0.0 1811.2653663386195 2 8.143761e-11
115918466.0 1.0 1797.453012841677 1 0.9999879
177991756.0 0.0 1796.6411080707041 0 0.0017628957
256617828.0 0.0 1793.4075874213784 0 0.0011190521
285909383.0 0.0 1812.4521138591492 0 2.541253e-07
470710327.0 0.0 1796.0973746948189 3 3.4465976e-32
189679333.0 0.0 1809.1197583926355 0 0.0016577329
292322941.0 1.0 1796.9532084208647 1 0.9968609
428418588.0 1.0 1811.5557393203019 1 0.99999857
46535544.0 1.0 1796.9330132618986 1 0.99999297
229950490.0 0.0 1812.3441209648656 0 1.1300765e-05
354109094.0 0.0 1812.7021415981808 0 1.9233239e-05
372390890.0 0.0 1799.5754156244955 4 2.0216903e-22
229713159.0 0.0 1806.0110775499033 2 1.7466811e-09
441716376.0 1.0 1800.2820026251868 1 0.99999994
251710459.0 0.0 1796.8275978078009 0 5.6272638e-05
269697721.0 0.0 1810.9910360228623 3 6.2919643e-19
264455529.0 1.0 1794.1791978057888 1 0.9999868
407051696.0 1.0 1806.305389016408 1 1.0
428008661.0 0.0 1805.2010518059124 0 3.284545e-11
332374378.0 0.0 1797.0566515507905 2 5.5654704e-26
415963775.0 1.0 1797.5782892140883 1 0.99940145
292154064.0 0.0 1793.140781260476 0 2.689255e-10
13258369.0 1.0 1794.8687620409034 1 0.99690706
348305768.0 1.0 1796.7444734491658 1 0.99999917
275709740.0 0.0 1812.431247190356 0 8.191212e-06
219858745.0 0.0 1812.343915735349 0 4.467626e-05
229483310.0 1.0 1794.6365005795083 1 0.9999998
241082413.0 0.0 1808.8904496625516 0 2.4755023e-10
427654164.0 0.0 1796.1592554313524 4 1.0725352e-25
377159956.0 1.0 1805.635568503442 1 1.0
369283121.0 1.0 1799.2850942222544 1 0.9999991
288406741.0 0.0 1797.1368820018147 4 0.028228298
323060437.0 0.0 1812.5125124422814 0 0.0006660142
275858205.0 0.0 1805.3268590250354 0 0.0018807594
320043149.0 1.0 1811.4518432452344 1 0.9999964
230116299.0 0.0 1810.1772017345984 2 6.1210983e-07
284479240.0 1.0 1810.5733374736676 1 0.99999994
431893317.0 1.0 1805.5367030465761 1 0.9998641
264933313.0 1.0 1811.513109196245 1 0.9999696
272759127.0 1.0 1806.0938614367135 1 1.0
192731997.0 1.0 1797.5366441742183 1 0.99919844
312261876.0 1.0 1796.7229735416017 1 0.99999934
371000347.0 0.0 1808.2859620705713 4 1.8099955e-27
434806673.0 1.0 1800.0343672361016 1 0.9999746
384989630.0 1.0 1798.7658411671541 1 0.99997807
235674325.0 1.0 1798.4907507860582 1 1.0
354838464.0 1.0 1799.368760448495 1 0.9999999
308876826.0 0.0 1805.2236367180733 0 8.338466e-06
280465440.0 0.0 1808.9102857684582 0 0.00157663
10868459.0 0.0 1805.2856209741149 0 2.757539e-09
404400246.0 0.0 1812.3664935956676 0 0.00015630307
390460013.0 0.0 1798.09794494685 4 0.00043673057
321912086.0 1.0 1800.6584658771123 1 0.9999999
354178266.0 1.0 1793.8279975579026 1 0.9999979
1400770435.0 0.0 1810.030603107869 3 6.242903e-08
250709403.0 0.0 1800.1405339089154 0 4.2995143e-06
320268279.0 0.0 1794.4104671176603 3 3.898834e-34
410553028.0 0.0 1808.8486665430885 0 1.9278866e-06
292276892.0 1.0 1800.369918799006 1 0.9999992
332377258.0 1.0 1793.7232531836232 1 0.999999
378470252.0 0.0 1795.347265712752 2 2.8185335e-15
229638988.0 0.0 1812.344956447396 0 0.0007692351
192734732.0 0.0 1808.9116474530974 0 0.0014428061
319714769.0 1.0 1798.4311753309155 1 0.9999998
308373138.0 1.0 1797.369483681761 1 0.9999998
398017574.0 1.0 1810.8267219209147 1 1.0
229435185.0 0.0 1808.865464470492 0 1.6549595e-05
271828611.0 1.0 1796.9097287603317 1 0.9998424
395860160.0 1.0 1798.4305431019845 1 0.99998564
246965710.0 1.0 1793.9539724248018 1 0.9997799
241099441.0 0.0 1794.8905148614135 4 2.0853382e-13
236937183.0 0.0 1798.1368619153955 2 3.1363646e-19
293185027.0 1.0 1795.7241261923148 1 0.9990308
373511585.0 0.0 1808.8468027637286 0 3.6181693e-05
434178559.0 1.0 1797.7425888701714 1 0.9981688
332270395.0 0.0 1806.57736566271 4 6.8997554e-19
269414794.0 1.0 1797.32623283249 1 0.99999624
329172334.0 1.0 1797.2806007938639 1 0.9999698
389693567.0 0.0 1805.3269374628771 0 0.0002878683
436878831.0 0.0 1796.495621745098 2 0.00011607221
229497985.0 1.0 1797.5531961658828 1 0.99988115
444667363.0 1.0 1810.8480569298824 1 0.99738836
372861416.0 1.0 1797.077297547178 1 0.99999356
198182146.0 1.0 1793.4889889331919 1 0.9999993
238703550.0 0.0 1808.3281074518566 4 1.1249153e-05
398236889.0 1.0 1799.4498112569754 1 0.99999505
407423533.0 0.0 1812.3677401319733 0 1.9507736e-08
235934693.0 1.0 1806.3038389346118 1 1.0
390408582.0 0.0 1805.2649159506739 0 6.7025853e-06
445435901.0 1.0 1794.014943464583 1 0.9999977
427591820.0 1.0 1811.4922390080924 1 0.9999914
229449989.0 1.0 1798.2197494363259 1 0.9999997
401086140.0 1.0 1810.452857093584 1 0.9999891
251572785.0 1.0 1797.9526497261936 1 0.9998661
250895740.0 0.0 1797.4739268612614 2 4.4524328e-14
366029238.0 0.0 1796.0554348234589 4 1.01701274e-13
417752249.0 1.0 1794.5967120201717 1 0.9995706
427766780.0 1.0 1795.4512054547467 1 0.99998814
452941702.0 0.0 1800.1812204783319 0 9.853155e-06
252838174.0 0.0 1805.2238538376491 0 7.107583e-08
367839612.0 1.0 1794.574093186102 1 0.99993986
427957216.0 1.0 1798.4719833468166 1 0.9999902
374034427.0 1.0 1798.7856150240668 1 0.9999997
285691112.0 1.0 1810.4523560633495 1 0.9999999
390021469.0 0.0 1805.2185392032425 0 7.7465853e-07
346781910.0 1.0 1810.7244747611537 1 0.9988249
445370168.0 1.0 1805.8271794456145 1 0.99999875
71751230.0 0.0 1794.3065378539259 2 1.03983436e-17
436856895.0 1.0 1796.2664799189615 1 0.9994356
219791737.0 1.0 1795.3647651271199 1 0.99999905
376085369.0 0.0 1795.9718737695516 4 2.7701062e-13
388582734.0 1.0 1806.2841012520578 1 0.99999934
422779250.0 1.0 1795.722910498766 1 0.9999966
331388241.0 0.0 1809.16057397263 0 0.00040832133
348025858.0 0.0 1808.8485543924069 0 1.0055206e-05
13700814.0 1.0 1795.6396376788705 1 0.99992806
367006741.0 1.0 1799.3671329017513 1 0.99999243
373126079.0 0.0 1796.4925958409892 4 7.054064e-26
229496857.0 1.0 1794.7406854745268 1 0.99993634
322346243.0 1.0 1800.1612075483927 1 0.9999991
436860165.0 0.0 1793.1414206684171 0 0.0018885838
285754909.0 0.0 1793.5987904970382 2 1.4419847e-07
372137096.0 0.0 1793.32546168524 0 2.6899245e-08
376994775.0 0.0 1805.1981637233494 0 8.242394e-08
375086326.0 1.0 1798.9941887664374 1 0.99961126
264052814.0 1.0 1799.220698457897 1 0.99999535
307038835.0 0.0 1811.4938626720773 2 2.4502733e-20
250512403.0 1.0 1797.5987335250188 1 0.9999701
374134059.0 0.0 1799.8064038870573 4 5.683047e-08
292195734.0 1.0 1799.4115727528133 1 0.9997249
362218334.0 1.0 1794.8661151017334 1 0.9999884
368319042.0 1.0 1799.5553832953756 1 0.9999995
359679694.0 1.0 1798.427077300618 1 0.99963653
229949952.0 0.0 1809.3025544449874 4 2.299669e-27
396442496.0 1.0 1794.5128956732697 1 0.99992025
399788405.0 0.0 1804.7395222200053 3 3.398526e-32
285231238.0 1.0 1797.3478349399518 1 0.9999998
291839807.0 0.0 1799.369835420577 2 1.344509e-10
381806936.0 1.0 1797.7036829410852 1 0.9999894
235935861.0 1.0 1810.720752983612 1 0.9999186
139535641.0 0.0 1805.3703252829532 0 8.351746e-05
366507923.0 1.0 1797.9711526008186 1 0.9999951
436934619.0 0.0 1808.9538330670246 0 0.0017358498
83053919.0 0.0 1798.451770404946 4 0.006983274
445351233.0 1.0 1811.0979315687593 1 1.0
347840902.0 0.0 1796.8277248951226 0 2.2338886e-06
240970827.0 1.0 1806.244241607234 1 0.99999946
237228216.0 0.0 1794.199472814474 0 0.00030247238
292721569.0 0.0 1805.7241579503666 4 1.3530004e-18
434973001.0 1.0 1799.0135650571247 1 0.999974
288808734.0 1.0 1795.285337372315 1 0.9999738
445140291.0 1.0 1806.4103949580553 1 0.9999906
200917963.0 0.0 1793.1409183377398 0 0.000955961
55002343.0 1.0 1799.1604751253549 1 0.9997226
200937300.0 0.0 1808.8494610188898 0 9.3275316e-24
10607698.0 1.0 1798.8273330616812 1 0.99996305
316557614.0 0.0 1795.3463564856977 4 5.937485e-20
399358798.0 1.0 1798.9523721682615 1 0.9999736
331859125.0 1.0 1810.6606318918884 1 0.99999887
418221375.0 0.0 1797.8459365414824 2 9.482139e-09
392536812.0 0.0 1808.5104086803483 3 5.9495574e-24
279444542.0 0.0 1799.8475815839304 4 2.0766834e-26
374695963.0 1.0 1798.2026705447117 1 0.9999933
427956138.0 1.0 1806.2427245456904 1 0.9998312
450128755.0 1.0 1799.3486427197413 1 0.9999999
435264004.0 1.0 1805.3051168612612 1 0.9999996
282784948.0 0.0 1809.3264998964728 0 3.1883024e-05
377165051.0 1.0 1805.843934141395 1 0.9999807
312347243.0 1.0 1799.5355673232473 1 0.9999614
431774463.0 1.0 1795.1823442515229 1 0.9999751
378585324.0 1.0 1795.4303790061356 1 0.9999859
233045871.0 1.0 1800.2187901704099 1 0.9999969
354160716.0 0.0 1812.3899398176789 0 1.4811441e-07
250515860.0 1.0 1810.473688170903 1 0.99999917
250770342.0 0.0 1808.6611577868507 4 1.5470549e-20
240892011.0 1.0 1798.7234362394397 1 0.9999998
229775860.0 1.0 1794.6989081826598 1 0.9999997
404654596.0 0.0 1812.3665163917624 0 4.6159963e-05
116371069.0 0.0 1806.349076063775 4 4.1700515e-16
441733569.0 0.0 1800.1572797422343 2 4.6756876e-10
285422372.0 0.0 1810.515386203791 2 6.9712145e-19
229683649.0 1.0 1798.0931229711216 1 0.99987096
137886081.0 1.0 1798.9538864423287 1 0.9999662
363762632.0 1.0 1805.8679723099613 1 0.99999994
326967304.0 0.0 1798.4322724451038 4 0.00027779516
352036490.0 0.0 1796.6392250590127 0 2.1224887e-05
285162485.0 1.0 1810.6193676021196 1 0.99983996
323193501.0 0.0 1808.8669930850929 0 2.1044232e-07
417645419.0 0.0 1805.1999813481748 0 4.8662276e-08
396527515.0 1.0 1795.1388560868106 1 0.99999666
137260061.0 0.0 1793.305522539363 0 0.00013224962
280033934.0 0.0 1801.428481523019 3 0.0
379246213.0 1.0 1810.8059028849516 1 0.9999109
265344398.0 1.0 1796.6175082738457 1 0.99999994
272231083.0 1.0 1797.4306794782967 1 0.9999927
312252628.0 0.0 1805.5561876116055 0 4.059295e-05
292156689.0 1.0 1810.9114875919336 1 0.9998754
353082116.0 1.0 1810.5140974551725 1 0.99973816
367859029.0 1.0 1805.3883552676443 1 0.99275196
403948749.0 1.0 1799.5769960406205 1 0.9999054
264546812.0 0.0 1812.410817346891 0 4.030007e-08
256507966.0 1.0 1797.1169649258006 1 0.999967
245398036.0 0.0 1808.84850828775 0 0.00016738089
422450432.0 1.0 1796.033366475985 1 0.9999993
292845283.0 1.0 1794.8073260915037 1 0.9999998
374842163.0 0.0 1798.6194236178453 4 5.204675e-11
116012242.0 1.0 1798.9323600768173 1 0.9999909
377104716.0 0.0 1812.6563005673565 0 9.9025526e-09
116367144.0 0.0 1812.3906155333013 0 1.4520975e-06
265349418.0 1.0 1810.9301660826316 1 1.0
417667585.0 0.0 1805.2008081453112 0 1.3332441e-05
285677991.0 0.0 1807.4740620239427 4 0.0004792027
309052604.0 1.0 1796.0569278711446 1 0.9999978
50695492.0 0.0 1805.2649451315804 0 0.00031880458
72085749.0 0.0 1811.5565393228137 2 6.7195507e-12
50934407.0 1.0 1798.264733202219 1 0.99999845
395406770.0 1.0 1794.8679371775436 1 0.99997634
406894219.0 0.0 1805.2431573384058 0 2.4902885e-05
407423951.0 1.0 1797.305252843142 1 0.9999986
298358877.0 0.0 1797.3051279384117 4 3.6665475e-17
299490516.0 1.0 1794.866858795895 1 0.99999166
5674169.0 0.0 1809.2660653098642 3 0.00015940361
428705952.0 0.0 1812.3468038103358 0 9.631985e-07
21178416.0 1.0 1795.099757961841 1 0.9997241
265204271.0 0.0 1805.2026206609041 0 0.021408023
427600295.0 1.0 1794.6385761769463 1 0.9999949
252173441.0 1.0 1793.7230989392071 1 0.9999679
288626618.0 1.0 1797.0575504712674 1 0.9991508
452882061.0 0.0 1805.514199998922 0 7.4385625e-06
317474626.0 0.0 1793.4091494525067 0 1.7934992e-13
395584718.0 0.0 1812.3682500911639 0 1.308967e-10
397983748.0 1.0 1811.5558135164088 1 0.9999995
219738018.0 0.0 1805.239271603132 4 1.2291938e-10
14039615.0 0.0 1797.8482326004123 0 0.0026961379
374485342.0 0.0 1796.640266475358 0 1.3098273e-08
53968857.0 0.0 1797.5146731610073 2 1.4975062e-07
233746566.0 0.0 1811.3231292504481 2 7.165716e-13
436848926.0 0.0 1796.6414343713811 0 0.0034369342
381687387.0 0.0 1796.641077038073 0 0.002932816
470710327.0 0.0 1812.1178978698129 3 1.2027557e-24
186713109.0 1.0 1806.0786900108242 1 0.99942416
379531902.0 0.0 1807.1185844399106 4 1.791691e-16
353937836.0 1.0 1810.8436058782536 1 0.9997952
259882992.0 0.0 1808.8455623462758 0 0.0006493596
367285629.0 1.0 1798.2422710757508 1 0.9999987
275260322.0 1.0 1798.5344160309858 1 0.9999986
322382555.0 1.0 1805.366827877926 1 0.9999498
396112205.0 1.0 1796.0557241425788 1 0.9999804
402894192.0 1.0 1797.8660673880688 1 0.9990239
10423509.0 0.0 1798.8481365935995 4 1.5855876e-33
349294422.0 0.0 1801.391401439603 3 2.3895896e-09
418206285.0 0.0 1805.201563892605 0 1.8566194e-11
229944109.0 0.0 1808.844250306577 0 3.725596e-05
285561775.0 1.0 1806.4115962119722 1 0.9999815
355824233.0 0.0 1808.848738815702 0 0.0005215643
282785712.0 1.0 1805.8890682922477 1 0.9999999
302474822.0 1.0 1797.4738564186036 1 0.99998224
366412862.0 0.0 1797.3878171176732 4 2.274082e-20
202839485.0 0.0 1799.0158942891314 3 4.3705422e-06
52633323.0 0.0 1805.556187575069 0 3.1153363e-08
348670544.0 0.0 1799.910993353547 3 0.0001708516
82004274.0 1.0 1797.0356672541498 1 0.9999939
265378875.0 1.0 1795.9320174192328 1 0.9999588
453224094.0 0.0 1811.0356857108645 2 3.6086483e-14
400404915.0 0.0 1809.636081621192 4 6.589143e-27
373132821.0 1.0 1794.4302004733488 1 0.99999845
441800311.0 1.0 1806.1363476601807 1 0.9999999
379525237.0 1.0 1794.514081345088 1 1.0
288624453.0 1.0 1798.5783100716021 1 0.9999999
357819621.0 1.0 1797.8059885729608 1 1.0
46681577.0 1.0 1810.6414545226287 1 0.99999547
327506424.0 1.0 1794.307368793525 1 0.999987
285788731.0 1.0 1799.3066204290087 1 0.9999886
368020837.0 0.0 1808.8676876323652 0 4.779366e-07
332260437.0 1.0 1794.2856810637454 1 0.99999946
235991281.0 0.0 1812.4083267796727 0 0.0006844048
423928432.0 1.0 1811.2619397257008 1 0.99999875
90667435.0 0.0 1796.6412547519626 0 0.0015835372
269321890.0 0.0 1808.8468353269002 0 6.0797855e-05
308778653.0 1.0 1795.1819910175504 1 0.99999976
251008411.0 1.0 1806.3070747824397 1 0.9999989
259170852.0 1.0 1810.615721438923 1 1.0
381459787.0 1.0 1798.141436448425 1 0.9999961
101408146.0 1.0 1795.453764771686 1 0.9999984
293121203.0 1.0 1794.7658750070968 1 0.99999994
83059421.0 0.0 1796.6392459169167 0 5.5181867e-05
63396412.0 0.0 1793.3912456596122 2 3.5259677e-11
219095424.0 1.0 1796.2610427148256 1 0.94742084
283025578.0 1.0 1798.1182909869085 1 0.9999497
427110444.0 0.0 1810.6164606857324 2 4.2009593e-10
368443731.0 0.0 1805.2428042805402 0 1.2660093e-09
264615805.0 0.0 1805.3693922137893 3 6.7356586e-11
445569825.0 1.0 1793.3901238084343 1 0.9684506
235989189.0 0.0 1800.1788849662144 0 0.00079612737
381733616.0 0.0 1809.078531822213 0 0.0018634906
400405642.0 1.0 1806.261196890502 1 0.9999928
428011995.0 0.0 1812.346835506519 0 1.6030175e-07
229505774.0 1.0 1798.7405993904995 1 0.9999996
83223192.0 1.0 1805.5973547992353 1 0.99997646
433206092.0 1.0 1811.09929104564 1 0.999652
338651375.0 1.0 1798.3465756997246 1 1.0
390734825.0 1.0 1795.160663305218 1 0.99999964
308120144.0 1.0 1797.6193358291277 1 0.99999326
417618163.0 0.0 1808.90822221844 0 8.6973597e-07
229736116.0 1.0 1797.219672758934 1 0.9998029
288611323.0 1.0 1799.6576748129874 1 0.99999446
376260907.0 1.0 1799.4101098347182 1 0.9996062
241017747.0 0.0 1807.7650582664205 3 4.7315455e-24
433351645.0 1.0 1794.0368091945295 1 0.99999374
387703234.0 1.0 1798.720706572562 1 0.9999997
279565723.0 0.0 1808.8675056792088 0 1.6591571e-07
385201732.0 1.0 1805.745222351396 1 0.99999785
406834858.0 1.0 1798.8270385066717 1 0.9999928
378988111.0 1.0 1811.5556940638687 1 0.99999666
52353116.0 0.0 1800.1394093166125 0 0.00017081691
118298039.0 0.0 1805.2037062040517 0 0.0017904346
372188275.0 0.0 1798.4320501339405 4 6.3825814e-23
191775527.0 1.0 1805.3486730780337 1 1.0
377035399.0 0.0 1797.179989451384 2 2.7771767e-07
422517386.0 0.0 1793.6587134993736 2 1.7351312e-14
346785501.0 1.0 1798.2035277345958 1 0.9999448
81916985.0 1.0 1795.4105153168505 1 0.9999944
251621781.0 0.0 1808.557147642368 4 0.007891104
424439403.0 1.0 1799.1149525784137 1 0.9999913
269412448.0 1.0 1811.3884441118098 1 0.9999889
327005888.0 1.0 1797.8893536488067 1 0.99997884
428204663.0 0.0 1793.3905445507564 0 8.3235296e-05
319844277.0 1.0 1806.389416031048 1 0.999894
286224091.0 1.0 1796.264913648642 1 0.99999845
408891476.0 1.0 1798.2211329583383 1 0.9999999
331790168.0 1.0 1796.0981792181692 1 1.0
192552396.0 1.0 1806.349191091063 1 0.99996275
368029539.0 1.0 1805.4512042793901 1 0.99999976
116129895.0 0.0 1812.3490251669125 0 1.1501202e-06
309137526.0 1.0 1797.3694999414715 1 0.9999495
289263532.0 0.0 1808.8681987772934 0 1.10814135e-07
292053892.0 0.0 1808.9947342443465 0 4.741187e-07
378927825.0 0.0 1812.34729122289 0 0.00010538726
229461186.0 0.0 1800.344647995396 3 6.862862e-30
280322140.0 0.0 1808.9101908255318 0 1.49387815e-05
445142001.0 0.0 1805.5562177326788 0 9.4831026e-05
65689074.0 1.0 1799.7450342745653 1 0.0023725326
373128383.0 0.0 1812.2426865212658 3 8.161899e-28
196891391.0 0.0 1812.4942377259993 0 1.4602391e-05
35201045.0 1.0 1810.74564603838 1 1.0
428009565.0 1.0 1798.930287319728 1 0.9999696
198457457.0 0.0 1807.0722335859664 3 2.5178752e-24
407426553.0 1.0 1810.867853598033 1 1.0
417662736.0 1.0 1805.304857935765 1 0.9998596
245458192.0 0.0 1812.36954425289 0 4.232743e-11
67572159.0 1.0 1810.3493354145933 1 0.9999912
240911691.0 1.0 1796.3485072671108 1 0.99999684
278928515.0 1.0 1794.6808965853913 1 1.0
375601295.0 0.0 1812.346157775323 0 3.0693727e-07
252833791.0 1.0 1796.1821676578752 1 0.99982893
403337962.0 0.0 1793.2436934563877 0 9.2927754e-10
453232209.0 1.0 1798.6610044120246 1 0.99999994
236999323.0 0.0 1808.8659362319054 0 3.390646e-05
370950916.0 1.0 1793.9527152593803 1 0.99990517
453274368.0 1.0 1794.8484595707498 1 0.9999277
251650602.0 1.0 1793.9316844349319 1 0.99999696
317507345.0 0.0 1794.763115113304 3 7.8177e-08
68038064.0 1.0 1798.8910348644986 1 0.99999654
265426901.0 0.0 1793.3050194225386 0 6.4848327e-09
327573921.0 1.0 1799.6199036321104 1 0.99997866
399018039.0 0.0 1800.139984385766 0 0.002093963
240828639.0 1.0 1805.4525236298848 1 0.99997705
219846398.0 0.0 1806.3649752288825 2 3.250882e-08
199548146.0 1.0 1794.843206650159 1 1.0
351365304.0 1.0 1797.4098119063 1 0.9999991
117268901.0 1.0 1793.5571289812965 1 0.99996823
331714577.0 1.0 1793.848397924769 1 0.999999
400244506.0 1.0 1796.7848929528932 1 1.0
22748264.0 1.0 1793.2663954531447 1 0.99999815
444756920.0 0.0 1805.514836945235 0 5.4208646e-09
65356037.0 0.0 1808.8909299268457 0 0.0029282882
233075954.0 0.0 1794.406467338057 0 0.0013312934
198457457.0 0.0 1812.3222218341468 3 0.0
68095368.0 0.0 1809.057805153821 0 0.0016327206
422660772.0 0.0 1805.2216811509684 0 3.9008346e-06
34623918.0 1.0 1797.8497643432338 1 0.9999492
322322673.0 1.0 1799.012733606207 1 0.9989778
418410084.0 0.0 1794.972517317976 4 0.0023787608
265253603.0 1.0 1810.5332947933173 1 0.99937844
427382943.0 0.0 1796.0133070876075 2 1.4883346e-18
236936913.0 1.0 1798.199366600512 1 0.9999997
229703077.0 0.0 1812.3860175367097 0 3.685123e-08
422662265.0 1.0 1798.8052020658047 1 0.9999993
52423425.0 1.0 1797.30622578635 1 1.0
397919626.0 1.0 1795.639196772466 1 0.99999326
357590680.0 0.0 1805.493838886401 0 6.2243197e-07
201002282.0 0.0 1812.4328568963708 0 0.0011429095
12984891.0 0.0 1805.2649318656129 0 0.00010455675
389914002.0 0.0 1805.1975716823656 0 2.1581893e-06
229676244.0 0.0 1809.1365329821456 3 3.7712052e-11
286355915.0 1.0 1795.5370757133285 1 0.99999845
302088120.0 1.0 1811.4949392462713 1 0.9999915
417486844.0 0.0 1810.3476883952155 4 1.5003469e-31
407493498.0 0.0 1805.2012128820907 0 4.1999367e-05
67957382.0 1.0 1794.8908790378848 1 0.9999983
420288020.0 0.0 1809.2018241546732 0 0.0007428971
419245939.0 1.0 1793.7436607676561 1 0.9999713
348510716.0 0.0 1805.22358251227 0 1.2353478e-09
321450425.0 1.0 1793.9500896775558 1 1.0
326257345.0 1.0 1797.470063884671 1 0.9999122
389974235.0 1.0 1795.4314388799726 1 0.9999922
331934505.0 1.0 1797.05568273292 1 0.9915611
367408479.0 0.0 1809.952710566925 4 1.3159804e-15
417842279.0 1.0 1798.140938684929 1 0.999972
387877670.0 0.0 1796.8249087340307 0 0.0016003709
232624262.0 0.0 1805.3431496856283 0 4.8190846e-06
264615805.0 0.0 1798.4110490704152 3 0.00047889494
312551121.0 0.0 1811.2229407790087 2 1.2332299e-15
468343249.0 0.0 1809.7218531527196 3 0.0
424565282.0 0.0 1798.7441145871283 2 2.2724691e-06
367080025.0 1.0 1806.2416323751236 1 0.9999995
233657984.0 1.0 1798.0726121980224 1 0.99999285
388434752.0 1.0 1805.7423914686883 1 0.99999726
367142176.0 1.0 1795.3879299246844 1 0.99999917
420654605.0 1.0 1805.721792547944 1 0.9999936
243279280.0 1.0 1796.073470141069 1 1.0
422926428.0 1.0 1796.3491202003893 1 0.9999996
196975100.0 1.0 1797.702969960584 1 0.99998605
101219049.0 0.0 1809.1205056412573 0 0.0019314858
258956125.0 0.0 1798.469753409896 4 2.9832467e-18
245469969.0 1.0 1805.4318324867309 1 0.9999981
249835468.0 1.0 1795.5155811381046 1 0.9999987
240924388.0 0.0 1808.8899934106125 0 1.791514e-08
71975603.0 1.0 1799.181682488839 1 0.9999845
14043319.0 1.0 1798.6398394612818 1 0.9999999
192248294.0 1.0 1799.140797677527 1 0.99999636
331931846.0 1.0 1794.743119925056 1 0.999958
233535135.0 0.0 1808.9898522000367 0 6.2730896e-07
240984516.0 1.0 1793.6402599523706 1 1.0
252191540.0 1.0 1805.9940098261147 1 0.99999636
354241911.0 1.0 1798.5548804033047 1 0.9998126
67660025.0 1.0 1794.6618845248854 1 0.99997014
326975093.0 1.0 1811.3903066364282 1 0.9999958
444628469.0 1.0 1794.6812691246125 1 0.99998206
184691423.0 0.0 1812.6616107598766 0 0.0009142735
10354823.0 1.0 1798.4103873319168 1 0.9999992
376085836.0 1.0 1799.1385368173915 1 0.9999998
418141422.0 0.0 1793.409844611487 0 1.1178253e-08
256101052.0 1.0 1795.368754203041 1 0.99998486
389961500.0 1.0 1798.7186118379202 1 0.9999861
353603494.0 1.0 1797.7435056045567 1 0.9999953
306183812.0 1.0 1798.8274082354621 1 0.9999608
83227510.0 1.0 1799.3891549575233 1 0.9999968
307640555.0 0.0 1808.848552263718 0 0.0003050757
63628006.0 1.0 1795.68289982219 1 0.99999845
317590085.0 1.0 1795.1800656490957 1 0.9999951
407385313.0 0.0 1794.2658281680408 2 4.2738416e-06
137125650.0 0.0 1805.22233042538 0 3.9551023e-06
196845710.0 0.0 1812.3900438949288 0 0.0005306628
387997446.0 1.0 1793.5124847681377 1 0.9996671
81916001.0 0.0 1805.2648294658868 0 0.00017400262
198414763.0 1.0 1811.426258232376 1 2.4213412e-06
284723963.0 0.0 1796.8477595488469 4 6.206591e-10
431900770.0 1.0 1795.494932499989 1 0.99999994
10155522.0 1.0 1797.7440444117328 1 0.99995923
224599914.0 0.0 1796.676270492697 0 0.0038643307
332048456.0 0.0 1805.5147909430295 0 1.9569903e-07
49796144.0 1.0 1797.4106860514103 1 1.0
71975420.0 1.0 1796.3691754029692 1 0.99964255
286241302.0 1.0 1798.4954566290228 1 0.9999593
285677686.0 0.0 1798.807256465618 2 7.816227e-15
372135799.0 1.0 1805.5753086590694 1 0.9993488
412352904.0 1.0 1796.429610475726 1 0.9999368
292607711.0 1.0 1805.7865163160923 1 0.99999166
241028343.0 0.0 1805.2235734841088 0 2.6860537e-08
13279370.0 1.0 1811.0340427375747 1 0.9997935
252848527.0 0.0 1809.0158306149387 0 0.0018074594
284317330.0 1.0 1797.0143919888135 1 0.99997306
315722511.0 1.0 1794.9081845611925 1 0.99999624
385554497.0 1.0 1795.3287820687387 1 0.99998355
233072454.0 1.0 1798.1353920986596 1 0.99999326
353878210.0 1.0 1805.718349025086 1 0.9998634
229952238.0 1.0 1797.4069909424036 1 0.99999964
316491685.0 0.0 1807.6137443710102 4 8.454501e-11
207497114.0 1.0 1805.843128051975 1 0.999975
377146412.0 0.0 1808.846499772676 0 7.0041057e-07
441723615.0 1.0 1797.8863795651378 1 0.99999136
366110508.0 1.0 1795.347684558611 1 0.9997621
184687209.0 0.0 1809.3282532068665 0 0.0030030138
187037456.0 0.0 1805.599572230528 0 0.0009980553
264615805.0 0.0 1794.6818505384726 3 7.210367e-05
368508592.0 0.0 1808.8679062906172 0 0.0017201736
377605530.0 1.0 1800.1177399787496 1 0.9994584
275582418.0 1.0 1799.4519201111318 1 0.99651396
28909940.0 1.0 1806.4331297930273 1 0.99999344
230052512.0 0.0 1805.2196746348927 0 2.071777e-08
272622914.0 0.0 1797.034851590569 3 7.0203396e-28
219811169.0 1.0 1797.5728236018522 1 1.0
334490271.0 1.0 1796.2421482967984 1 1.0
351545508.0 1.0 1797.1599752444595 1 0.99999464
452963866.0 0.0 1805.5145927800336 0 7.43612e-08
52351230.0 1.0 1798.6393907445379 1 1.0
375780446.0 1.0 1799.4088480210382 1 0.9999463
374475282.0 1.0 1797.8483361147782 1 0.9999517
398308018.0 1.0 1793.3045631336597 1 0.9999434
233732719.0 0.0 1808.8859270436847 0 4.8693657e-08
232626687.0 1.0 1811.1558765404625 1 0.9996869
297688173.0 1.0 1799.0561219897522 1 0.9966834
428614032.0 0.0 1808.8471785316829 0 7.386463e-05
177992394.0 1.0 1811.1828116137967 1 0.999999
11330851.0 0.0 1805.3062348108394 0 1.8706278e-07
241040370.0 1.0 1798.4528617459473 1 0.9999822
201104005.0 1.0 1811.349480461407 1 0.99999136
370950181.0 1.0 1795.4318723099657 1 0.9999759
272634828.0 0.0 1808.8887040686423 0 1.8746492e-05
417550084.0 1.0 1811.1602674697624 1 0.99999374
28964100.0 0.0 1809.1830949616103 0 0.002671669
82628548.0 0.0 1797.8481514412026 0 0.0007850927
251330512.0 1.0 1797.4527478622263 1 1.0
398017027.0 0.0 1794.9099695886823 4 0.00011546483
299436194.0 0.0 1808.8487020192458 0 4.1353823e-09
116758143.0 1.0 1796.07808901672 1 0.999983
378854472.0 0.0 1812.347282005981 0 3.789381e-08
433501064.0 0.0 1805.203620563585 0 0.0005473546
444335072.0 0.0 1799.4310011805758 2 7.644793e-12
356735454.0 1.0 1810.5107105699453 1 0.9997699
229912659.0 1.0 1796.802940072263 1 0.9999994
203093044.0 1.0 1796.0159565526874 1 0.999991
385556396.0 0.0 1805.4747706866094 0 0.0020970472
402951575.0 0.0 1808.8668639669847 0 1.9845007e-08
233544651.0 1.0 1810.656654237001 1 0.9998184
139378834.0 0.0 1799.7870238685803 3 5.907129e-10
399622556.0 0.0 1796.7433388239522 2 6.3879946e-10
288312840.0 0.0 1794.6990796564069 3 5.1138555e-16
51955546.0 0.0 1801.9103410794116 3 2.4290346e-21
317035913.0 0.0 1793.3902444412752 0 6.164819e-08
420535648.0 0.0 1805.806116105964 4 2.464546e-05
186987168.0 1.0 1797.0160048262996 1 0.9999972
349918057.0 0.0 1812.3451450846355 0 2.0774273e-06
356978922.0 1.0 1811.3018636582408 1 0.9999996
434626140.0 0.0 1808.8466531800864 0 0.00031591786
420018215.0 1.0 1810.9309087422787 1 0.99997836
240993834.0 0.0 1805.2027006586402 0 0.00014216632
406958399.0 1.0 1810.2015018327338 1 0.99997354
327446804.0 1.0 1798.2227532367383 1 0.9999997
354716781.0 1.0 1794.077949845246 1 0.9995152
417266856.0 1.0 1795.514002987612 1 0.999999
427553234.0 1.0 1795.6384978659476 1 0.9999995
252099451.0 1.0 1797.0355509049011 1 0.99999756
229501128.0 1.0 1797.2824073291802 1 0.99999917
364184823.0 1.0 1796.1373865181793 1 0.99998885
219894083.0 0.0 1807.1152709405908 4 2.4087783e-23
232681555.0 0.0 1796.1565368976192 4 2.347579e-10
178139582.0 0.0 1808.9537009985538 0 0.0018682319
305859028.0 1.0 1805.970630695535 1 0.99999017
348230607.0 1.0 1805.9526586718243 1 0.99999464
94542928.0 0.0 1796.6412132278178 0 0.0019255925
230392566.0 0.0 1805.2401716449465 0 8.793446e-09
320051095.0 1.0 1810.6184440733791 1 0.99999917
200937431.0 0.0 1812.4328042948016 0 0.000290652
354180682.0 0.0 1796.8905279606058 0 4.7457917e-05
199549391.0 1.0 1810.6559328573292 1 0.99998164
387353921.0 1.0 1794.9914387857932 1 0.9999965
52856716.0 1.0 1797.3063051895672 1 0.9999949
396388563.0 0.0 1797.8474500971674 0 0.0011816506
370273679.0 0.0 1809.1606407230756 0 2.0527745e-08
418262086.0 0.0 1807.970948208275 4 1.4220137e-22
384988042.0 1.0 1810.182651181754 1 0.9999865
265308463.0 1.0 1796.5958804456575 1 0.9999998
198456803.0 1.0 1806.4057603319104 1 0.999936
12219552.0 1.0 1795.0982039112594 1 0.99979573
243278861.0 1.0 1806.3857917410028 1 0.9995041
198538682.0 1.0 1805.8850464204995 1 0.9999067
433202107.0 0.0 1809.1410919006755 0 0.002182791
387631481.0 1.0 1798.0748020481662 1 0.9999503
20871840.0 1.0 1806.1825428622283 1 0.9999966
219738018.0 0.0 1809.7810171676606 4 1.6462133e-08
333803009.0 0.0 1805.4289062040168 0 1.5657953e-13
368023334.0 0.0 1793.4094806309636 0 4.959816e-10
230027382.0 0.0 1812.3650963474963 0 2.6139409e-08
392123267.0 1.0 1794.0360460321288 1 0.99994934
417339069.0 0.0 1809.2434391796487 0 1.2974914e-06
398156203.0 1.0 1798.5767559699188 1 0.9999936
315756112.0 1.0 1811.4499104337613 1 0.9999944
50520093.0 0.0 1812.4108670313751 0 0.0017072854
373130261.0 1.0 1811.2219042051893 1 0.9961195
292606449.0 1.0 1794.536619131325 1 0.9999979
250505921.0 1.0 1811.2652505877581 1 0.99999976
370854504.0 1.0 1794.1191597903878 1 0.9999999
284049245.0 1.0 1798.701676599054 1 0.99998343
229701227.0 1.0 1811.2405427555211 1 0.99933124
265195449.0 1.0 1798.473598126209 1 0.9999993
453173877.0 1.0 1810.3270616740483 1 0.9999431
285181196.0 0.0 1805.911957425861 3 0.00010763175
289354182.0 1.0 1796.659809147123 1 0.99999875
272924777.0 1.0 1795.284886136309 1 0.9999764
219864007.0 1.0 1795.5525898741414 1 0.999999
186624610.0 1.0 1794.6409958398563 1 0.99999595
322383513.0 1.0 1796.1794502247137 1 1.0
250833355.0 1.0 1806.2029916502447 1 0.9999948
139463276.0 1.0 1810.4742852565216 1 0.999999
265348860.0 1.0 1797.8052382471794 1 0.99998695
327120572.0 0.0 1805.535067013776 0 5.447586e-05
302087578.0 1.0 1797.8491748377444 1 0.99997115
274956433.0 1.0 1806.3053092065982 1 0.999985
371217988.0 0.0 1798.0545049927719 2 2.9404797e-05
82555123.0 0.0 1812.4108196630846 0 2.2792017e-06
403521340.0 0.0 1812.3691786020281 0 0.00017644088
431893993.0 0.0 1808.8492190700438 0 0.0031765837
399626892.0 1.0 1810.160512295654 1 0.9999987
405433405.0 0.0 1793.1413210668304 0 0.0017879817
232620952.0 1.0 1799.2808498211664 1 0.99882215
378531987.0 0.0 1807.55542976853 4 2.816553e-32
285132509.0 1.0 1795.1185119232566 1 0.99999887
233082095.0 0.0 1796.6355098896688 4 3.6017547e-31
117495405.0 1.0 1797.848859693285 1 0.9999991
275458486.0 0.0 1796.805156214765 0 2.4652652e-05
347761168.0 1.0 1797.5983199027899 1 0.99999017
368376344.0 1.0 1811.4094935613623 1 0.99999946
420654918.0 0.0 1806.5342668354253 4 5.7060954e-23
251550353.0 1.0 1800.015393361377 1 0.99999857
186622908.0 0.0 1796.6410411447375 0 0.0016928592
403744320.0 1.0 1811.390438926593 1 0.9998457
349294422.0 0.0 1809.7664170496055 3 4.9358026e-12
367102509.0 1.0 1793.8040828820986 1 0.9999908
63559946.0 0.0 1805.5993640617296 0 0.00033953073
450144819.0 0.0 1799.9734557478682 2 3.4878008e-07
400669401.0 0.0 1794.3483015488914 0 4.69668e-06
251306879.0 1.0 1797.0566852529873 1 0.9999981
101302325.0 0.0 1805.4539135770276 3 7.020826e-08
256314085.0 0.0 1797.9311970209708 2 8.502588e-09
219811526.0 1.0 1799.1769164620634 1 0.99999666
308219626.0 0.0 1793.140183254845 0 3.8642507e-09
445135913.0 1.0 1798.8897813078288 1 0.9999997
367144411.0 1.0 1794.5130381263793 1 0.9999999
116497858.0 1.0 1811.307390072321 1 0.9999991
368381484.0 1.0 1811.0970044315698 1 0.99999934
417861143.0 1.0 1797.6598098028303 1 0.99999994
367331490.0 1.0 1794.9922257536805 1 0.9999997
71849965.0 0.0 1808.8900210348195 0 2.1075816e-06
433075966.0 1.0 1810.7659242106122 1 0.9999868
264469090.0 0.0 1812.408531382372 0 4.3775086e-09
432090706.0 1.0 1795.3907231637165 1 1.0
400813042.0 1.0 1797.8689377449195 1 0.99999774
396242075.0 0.0 1812.3683118315957 0 0.0002997455
235982927.0 0.0 1801.033071245674 3 1.1477306e-08
320374919.0 0.0 1799.5145766971195 4 2.1908342e-08
428052096.0 1.0 1797.5781696429085 1 0.9999791
101168461.0 1.0 1794.4537164508622 1 0.999929
275906385.0 0.0 1810.6605724720741 2 1.8054225e-13
369142891.0 0.0 1808.868318552585 0 4.8431753e-05
53710687.0 0.0 1795.2646790319986 4 1.0129154e-07
252199778.0 1.0 1810.8062532004342 1 0.9999994
191764363.0 1.0 1798.098874007366 1 0.99988925
321684133.0 1.0 1798.1584155859166 1 1.0
369035535.0 0.0 1812.7017466462992 0 1.8518248e-10
250777386.0 0.0 1797.7030444733225 2 2.127566e-14
137122630.0 0.0 1793.305591657837 0 7.402409e-09
186600548.0 1.0 1795.7243773844357 1 0.99996996
82982516.0 1.0 1811.118096609872 1 0.9999947
233079182.0 1.0 1810.614729878884 1 0.9999931
308716542.0 0.0 1812.3693010474226 0 3.0300802e-07
401498429.0 0.0 1794.2634504045627 2 1.7378039e-18
250962648.0 0.0 1793.3279251344452 0 8.4864657e-13
117759205.0 1.0 1805.890526908716 1 0.9999691
13845630.0 1.0 1797.6396463226831 1 0.99997956
376230355.0 0.0 1796.8256020424606 0 3.7186545e-08
308529807.0 1.0 1798.8277331166153 1 0.9999956
270811822.0 0.0 1812.3885581670634 0 4.856694e-05
292853707.0 0.0 1808.8698451756563 0 2.5900579e-06
445633103.0 1.0 1793.8484723157346 1 0.9999979
63719587.0 1.0 1794.3495404586636 1 0.9999827
251518037.0 0.0 1800.1192538614594 4 7.633673e-24
320278122.0 1.0 1796.2438824856338 1 0.9999977
427648130.0 0.0 1805.200911888434 0 3.7249865e-08
265202925.0 0.0 1794.640026365787 2 9.639789e-08
26432264.0 0.0 1800.953807518471 3 2.2049016e-13
250494958.0 0.0 1812.369472783418 0 7.0212064e-07
356787798.0 1.0 1794.9071918856882 1 0.99966204
116892799.0 0.0 1812.390542695621 0 2.3177682e-07
395524782.0 1.0 1811.1387307566908 1 0.9999996
219874830.0 1.0 1811.5527989553877 1 0.9999911
265069102.0 0.0 1807.242471811872 4 5.178708e-27
368319105.0 0.0 1809.784452475531 3 2.3560925e-18
351361362.0 0.0 1808.8471450881725 0 4.15162e-06
291885470.0 1.0 1793.9741298516121 1 1.0
317470793.0 0.0 1811.4091167688468 3 1.2455539e-25
139377072.0 0.0 1809.2034824715838 0 0.0026400138
450128495.0 0.0 1808.8694951168611 0 6.013659e-05
397982428.0 1.0 1796.9308361763785 1 0.9999935
417230453.0 0.0 1794.7222926174 2 2.1960785e-10
83415135.0 1.0 1795.0975306787802 1 0.99998593
237107014.0 1.0 1796.782414257015 1 0.9999993
354258570.0 1.0 1798.8280182793287 1 0.99999857
34551634.0 0.0 1805.2663780864245 0 0.00017660279
233062102.0 0.0 1798.0104106940196 2 6.1455985e-20
94605993.0 1.0 1800.3703927538916 1 1.0
353956975.0 1.0 1799.07829016421 1 0.9999985
285167734.0 1.0 1798.8278028374787 1 0.9998073
338370730.0 1.0 1799.1382350247109 1 0.99991345
256863400.0 0.0 1805.1991718810493 0 1.0285601e-06
233741051.0 0.0 1810.6355504276803 4 2.0008589e-23
401084952.0 1.0 1798.202693458925 1 0.99996483
186595806.0 0.0 1805.0786765364699 3 2.2750798e-20
184610931.0 1.0 1793.4118102205027 1 0.9999999
12799440.0 1.0 1797.3051092473127 1 0.9999975
186595806.0 0.0 1807.4119979188727 3 1.2000944e-14
396059992.0 0.0 1798.097430303523 3 0.0015414065
229597519.0 0.0 1794.1987714421832 0 0.00016534301
385593571.0 1.0 1796.8704206910056 1 0.9999982
263930790.0 0.0 1812.7598174850546 3 3.034855e-17
85432236.0 1.0 1810.3912772152726 1 0.9995807
240892011.0 0.0 1793.3484872823176 0 0.000111684814
402813493.0 0.0 1808.9100549239968 0 0.00053446484
359135647.0 0.0 1796.9099897037597 0 0.0009052266
353488648.0 0.0 1812.5353680101198 0 5.6413757e-07
407022666.0 1.0 1797.6391359313163 1 0.99999976
449993800.0 1.0 1795.8478555998588 1 0.9999556
302390056.0 0.0 1796.8279156452338 0 1.5096471e-06
400814245.0 0.0 1805.306441550336 0 2.023408e-06
316741453.0 1.0 1798.140047029896 1 0.9999975
282881771.0 1.0 1810.1179906207337 1 0.99965745
256619309.0 0.0 1808.8447289723217 0 0.0001476235
396328727.0 1.0 1810.4724787367138 1 0.99996966
202977417.0 1.0 1794.557367947731 1 0.9999922
285181196.0 0.0 1810.1410231780415 3 3.1655113e-06
21177643.0 1.0 1794.099798189487 1 0.9999948
445133704.0 0.0 1799.0356622403594 3 0.0
63508192.0 1.0 1795.953639000807 1 0.99994165
289264100.0 1.0 1796.0555725070515 1 0.9999812
434887021.0 1.0 1795.4718651115065 1 0.99999744
52630076.0 1.0 1794.347841723061 1 0.99973303
198180702.0 0.0 1805.1976550681748 0 1.1352063e-05
264615805.0 0.0 1810.6610227983456 3 6.8962604e-06
308717558.0 1.0 1806.2028130784831 1 0.99999994
401494592.0 1.0 1811.4718721571746 1 0.9999994
245503288.0 0.0 1796.827786811635 0 1.8248912e-08
285466374.0 0.0 1805.4120304084151 0 7.5159096e-06
433414133.0 1.0 1798.4118430034903 1 0.9999956
279203993.0 1.0 1797.4725180344365 1 0.9999998
420499227.0 1.0 1795.4100027478048 1 0.99999464
376368590.0 0.0 1808.8880155045867 0 4.5537377e-06
422305222.0 1.0 1796.804037210702 1 0.9998167
357887593.0 0.0 1805.3059779058847 4 2.448625e-23
309140943.0 1.0 1806.202675680091 1 0.9999999
219884414.0 0.0 1796.9275052926441 4 1.8101974e-10
53867382.0 0.0 1805.5144746722633 0 0.002685637
284218840.0 1.0 1797.9933945501737 1 0.9999981
333870215.0 1.0 1796.4289460318275 1 0.9999783
327601818.0 0.0 1805.2030303073625 0 0.00013027135
350132837.0 0.0 1808.8460296128058 0 6.0672796e-06
302318972.0 1.0 1794.8905620963117 1 0.9999246
403436721.0 1.0 1795.8690529397672 1 0.9999995
453268916.0 0.0 1811.0356839953913 2 8.9267743e-10
101165621.0 1.0 1805.8496741415627 1 0.9999881
428551226.0 1.0 1810.2013781849066 1 0.9999999
230050758.0 0.0 1805.1986976441729 0 0.00013284798
258463711.0 0.0 1795.2204186097072 2 3.1123514e-06
186595806.0 0.0 1810.495301485706 3 8.0473117e-16
352978313.0 1.0 1794.553987813937 1 0.9999975
259293097.0 1.0 1798.59921241447 1 0.9999941
241112788.0 1.0 1800.1820391109327 1 0.99999994
241024336.0 0.0 1812.3482943752633 0 1.5243109e-05
370998869.0 1.0 1805.2860302849704 1 0.9999988
250632099.0 1.0 1795.6197935457221 1 0.9999985
129909334.0 0.0 1805.57850835967 0 3.4475062e-05
331851637.0 1.0 1793.9300267006895 1 0.9999175
139579405.0 0.0 1796.6411229043758 0 0.0012569443
65279171.0 1.0 1796.2240341272836 1 1.0
251790041.0 1.0 1796.5567357904038 1 0.99999005
269521271.0 1.0 1810.8259866743304 1 0.99995893
427809547.0 0.0 1805.2218436156772 0 3.604746e-07
332986045.0 0.0 1796.8064933502296 2 2.4767812e-22
353956367.0 0.0 1812.4117604346704 0 0.0013378087
357669546.0 1.0 1811.035663988293 1 0.9915636
233238544.0 1.0 1794.7817689815142 1 1.0
371221080.0 1.0 1796.7212081462476 1 0.999988
327570310.0 1.0 1811.411155759088 1 0.9875731
445619626.0 1.0 1798.494255665276 1 0.99980754
116888474.0 0.0 1808.8489346205629 0 7.1249547e-06
229443943.0 0.0 1805.2196869476584 0 2.1623057e-08
390734129.0 1.0 1811.4108576223473 1 0.9991739
302476679.0 0.0 1805.2446823749403 0 2.1166603e-08
12322859.0 0.0 1810.639678762891 2 0.005398437
387506791.0 0.0 1805.1996372978467 0 4.685859e-05
250471256.0 0.0 1795.0989098719326 4 2.732477e-27
387675673.0 0.0 1808.8871393924583 0 7.2330013e-09
322132773.0 1.0 1810.8875151173745 1 0.9999998
428480908.0 0.0 1805.5558628758824 0 5.961089e-07
415902768.0 1.0 1796.6616400775254 1 0.9999981
427444797.0 1.0 1811.1173394676982 1 0.99999905
348506748.0 1.0 1806.3068682221565 1 0.9996302
229676244.0 0.0 1799.386378174038 3 0.0026876915
286237833.0 0.0 1793.1412282896947 0 3.0148315e-06
235990124.0 0.0 1793.1371953796554 0 3.8614928e-10
403118244.0 0.0 1812.345246798733 0 1.8225752e-05
137907585.0 1.0 1796.745421942774 1 0.99999356
445223365.0 1.0 1794.5146274565027 1 0.9999949
229676244.0 0.0 1806.2823229335206 3 7.646555e-09
331390893.0 1.0 1798.0774652403302 1 0.9999543
198280655.0 1.0 1795.1139683063907 1 0.99999946
82621283.0 1.0 1797.8691330258384 1 0.9999934
397795577.0 0.0 1808.326309628156 4 5.613507e-19
359585100.0 0.0 1808.8645337334328 0 5.8115447e-06
235937396.0 1.0 1793.7412768264105 1 0.999294
355821215.0 1.0 1793.4110048869106 1 0.9999993
353610464.0 0.0 1812.4104525764021 0 0.00054534554
367351684.0 1.0 1811.5130429056924 1 0.99995166
445368785.0 1.0 1793.28562504836 1 0.99653155
375648373.0 0.0 1812.3461696857253 0 4.167189e-06
390049080.0 0.0 1812.5352563098484 0 5.0907784e-07
229787826.0 1.0 1798.2821786084437 1 0.9999999
250866926.0 0.0 1805.2238786373523 0 1.2818552e-07
198187777.0 1.0 1811.2183063811053 1 0.9998784
289263382.0 0.0 1812.3890340575533 0 1.0233996e-05
331552930.0 1.0 1794.4295169637046 1 0.999954
302388871.0 0.0 1798.0987523378617 2 1.251207e-13
407352723.0 0.0 1805.2432310620177 0 3.0678618e-06
415957476.0 0.0 1812.348799510119 0 5.3752003e-10
275637152.0 0.0 1794.8892432373566 4 2.2444032e-18
397920729.0 1.0 1796.4725802323433 1 0.99999887
270014030.0 1.0 1796.4512562531208 1 0.9999886
255993777.0 0.0 1799.4079144623192 3 0.00093030505
264615805.0 0.0 1794.9318531423419 3 0.00027925672
251249071.0 0.0 1796.890020420038 0 0.0014393677
286574032.0 1.0 1799.2439916029155 1 1.0
65197590.0 1.0 1796.786770791684 1 1.0
326257955.0 0.0 1808.8657835171225 0 3.698453e-07
117268197.0 1.0 1805.7656688289676 1 0.999939
353988152.0 1.0 1797.468380204605 1 0.9999955
352408429.0 1.0 1810.9080255518395 1 0.9998598
428055364.0 0.0 1806.4323885718811 4 2.3166793e-09
285175153.0 1.0 1798.8704554961744 1 0.99995196
428052072.0 1.0 1795.9739823701634 1 0.99998444
422610553.0 0.0 1805.2217660636188 0 7.658682e-06
347691008.0 1.0 1797.9942780628614 1 0.99999756
390858559.0 1.0 1811.4939815574169 1 0.999955
13454275.0 1.0 1810.681444222798 1 0.9999958
240938231.0 1.0 1795.8277241784167 1 0.9998004
258511404.0 1.0 1795.1995119501455 1 0.99999183
326815804.0 0.0 1810.6180478998917 3 8.972204e-06
312862956.0 1.0 1799.5773710566539 1 0.99999857
52038497.0 0.0 1809.222613180037 0 2.8369248e-06
367463278.0 0.0 1798.4113703708667 4 1.1738546e-24
367144411.0 0.0 1805.2005371174814 0 4.3319757e-09
284143800.0 0.0 1809.2017868493476 0 0.00017582503
259269217.0 1.0 1810.7198201779772 1 0.99944025
441727691.0 0.0 1806.1364073969523 2 2.3077136e-09
408579218.0 1.0 1797.9103416136384 1 1.0
336168332.0 1.0 1805.9292059275776 1 0.99999887
311706812.0 1.0 1797.0355439124326 1 0.9999929
352833435.0 0.0 1812.4099058505117 0 2.126809e-09
332866785.0 1.0 1793.1607223502701 1 0.9999967
403692337.0 1.0 1794.2861698520203 1 0.9999954
398158100.0 1.0 1796.8058229536318 1 0.99999183
286214847.0 1.0 1811.4731352658296 1 0.99989086
230079377.0 1.0 1797.0105179842224 1 0.999803
245374473.0 1.0 1798.1403827489428 1 0.99999803
308618724.0 0.0 1800.1402069040992 0 0.0006595354
235988533.0 1.0 1799.1581408295199 1 1.0
349353606.0 1.0 1794.8286983335922 1 0.99999046
422922286.0 0.0 1812.6616879199664 0 0.0014230941
264455816.0 0.0 1805.971019514232 4 2.2905087e-06
258831049.0 1.0 1796.4906895925856 1 0.999992
427957130.0 0.0 1798.32615128777 4 3.3128424e-09
279085922.0 0.0 1805.2224083298775 0 1.3202738e-16
415963911.0 1.0 1798.7866202408904 1 0.99999326
378737747.0 0.0 1808.8470331422607 0 6.6331144e-05
67520143.0 0.0 1812.5989918826353 0 4.4636835e-07
320044820.0 1.0 1796.4938242115197 1 0.99999654
289090826.0 1.0 1811.4930452987567 1 0.9999937
345782594.0 0.0 1793.4099809115557 0 7.923553e-11
316447896.0 0.0 1805.2029821709925 0 1.42256595e-05
279946733.0 0.0 1805.201129372256 0 0.00012625156
232641316.0 1.0 1805.2812106200315 1 1.0
368402243.0 1.0 1798.2016090917255 1 0.99998456
286240244.0 1.0 1810.93278969694 1 0.9973351
284530877.0 1.0 1806.0767729874324 1 0.99987185
387561871.0 0.0 1805.199656852757 0 1.1116021e-05
252848972.0 0.0 1809.0158292306114 0 0.0019315042
236758525.0 0.0 1808.8443621616789 0 3.936509e-08
385508077.0 1.0 1796.0580000955792 1 0.99999857
445259729.0 1.0 1810.5145002969168 1 0.9996971
423037843.0 1.0 1806.1818062547868 1 0.999999
125738730.0 1.0 1794.537112379793 1 0.99999297
399259890.0 1.0 1810.3688009037808 1 0.99999416
445338849.0 1.0 1796.5355961698137 1 0.99996614
292322983.0 1.0 1806.3697975737405 1 0.99991053
233065340.0 1.0 1799.0105524481849 1 0.99999714
252145751.0 1.0 1797.9106107714904 1 0.9999777
423745428.0 0.0 1808.9108356203628 0 4.591205e-05
10707331.0 0.0 1812.5146729725764 0 3.3421321e-09
301263593.0 0.0 1810.9113972283756 2 2.3761024e-11
320498127.0 1.0 1793.764730408797 1 0.99999547
288524366.0 1.0 1797.261840893458 1 1.0
321990479.0 1.0 1794.179367030842 1 0.99999225
331986218.0 0.0 1812.6812638645713 0 0.000360019
401494629.0 1.0 1794.9717148911177 1 0.9999895
397761814.0 1.0 1799.1180713651568 1 0.99997675
445373399.0 1.0 1793.2857332601377 1 0.9999884
387286746.0 1.0 1793.7413529013913 1 0.9999057
21023317.0 1.0 1810.9744348072977 1 0.9999529
337831656.0 1.0 1810.97126049858 1 0.9999967
255868007.0 1.0 1810.7826696483112 1 0.99986845
229476840.0 0.0 1805.2404064024743 0 4.9560868e-15
28911691.0 0.0 1805.5789926050484 0 0.0010320899
428661642.0 1.0 1799.430666082643 1 0.9999998
428378991.0 0.0 1796.9099495412459 0 0.0010110057
129910638.0 0.0 1809.2658871608653 0 3.194697e-05
258958481.0 1.0 1797.4700119876386 1 0.9999935
236997739.0 0.0 1805.2409980591417 0 1.6508471e-09
116009307.0 1.0 1798.3073840497545 1 0.9999945
417332401.0 1.0 1795.7222991325652 1 0.9999989
320493641.0 1.0 1811.389309944997 1 0.9999967
235981025.0 1.0 1806.4289667094652 1 0.99998975
331937156.0 1.0 1798.159895765579 1 0.99999857
467574373.0 0.0 1800.3496109699608 3 3.0717016e-09
333803315.0 0.0 1808.9705430539673 0 2.397865e-05
331718137.0 1.0 1811.0980985175854 1 1.0
396203936.0 1.0 1806.3890960208287 1 0.99997944
241028737.0 1.0 1795.4320423317688 1 0.9999985
268404736.0 1.0 1797.012207228909 1 0.9999996
229492454.0 1.0 1793.636560016326 1 1.0
366830281.0 0.0 1812.4712302937419 0 5.985701e-11
417643330.0 1.0 1811.137366124877 1 0.99999756
377153171.0 0.0 1805.2007399183608 0 2.3295419e-05
229500818.0 0.0 1798.261572545013 2 4.941623e-16
291959014.0 0.0 1793.140751902683 0 1.8484043e-07
118302467.0 1.0 1805.8078744508841 1 0.9999989
192684661.0 1.0 1797.265735261474 1 0.9999118
287150991.0 0.0 1799.7812073804068 4 1.15926234e-10
377900716.0 1.0 1796.5137400532528 1 0.99995357
376884204.0 1.0 1797.8240821719214 1 0.9999999
229471842.0 1.0 1793.7199195228607 1 0.99999946
331980786.0 0.0 1798.5773164285988 2 2.2228532e-08
292720939.0 0.0 1812.6406539728498 0 0.002392473
435446572.0 1.0 1799.5343822914263 1 0.9999996
406837454.0 1.0 1799.4936420656593 1 0.9999998
392571731.0 0.0 1805.1980167689153 0 2.4622864e-08
229683910.0 1.0 1797.4888987176355 1 0.9999998
445357626.0 0.0 1807.993737763707 4 5.0402683e-13
259167484.0 1.0 1795.1782281015262 1 0.9993993
245397664.0 0.0 1799.6818231689842 2 5.8078292e-11
259253300.0 0.0 1806.1824166479985 2 3.719516e-10
445611947.0 1.0 1806.223591887274 1 0.99999225
445425975.0 0.0 1812.7020022233494 0 0.00064980105
271335293.0 1.0 1795.409687903745 1 1.0
387676804.0 1.0 1795.11651816918 1 0.9999836
352673368.0 0.0 1796.2015786121613 2 1.9520646e-16
387238973.0 0.0 1797.512141140451 2 1.5586143e-13
252125143.0 1.0 1795.9105367405434 1 0.9999463
470710327.0 0.0 1794.4307261935771 3 9.028408e-27
272225153.0 0.0 1806.493007308942 4 2.8800483e-05
417764939.0 1.0 1798.7841055630297 1 0.9996535
63344672.0 0.0 1805.3909664409036 0 1.788422e-05
450130540.0 1.0 1797.4944184248227 1 0.99999934
270065787.0 0.0 1805.6412875306294 0 0.00081939826
372501667.0 1.0 1796.493521299357 1 0.99999994
233057068.0 1.0 1799.8853946946547 1 0.16665366
47518812.0 0.0 1794.4060778203632 0 0.0017888638
264612485.0 0.0 1796.8276405946472 0 6.0999546e-06
250496462.0 1.0 1811.0570437847964 1 0.9998847
229777099.0 0.0 1807.802860521377 4 2.0205776e-17
403525927.0 1.0 1794.036013696444 1 0.9999976
264726849.0 0.0 1805.223577521813 0 1.7446444e-08
395925318.0 0.0 1805.2223789583406 0 3.2180864e-07
264897135.0 0.0 1805.2004633105157 0 3.6533714e-07
269821975.0 1.0 1795.6180196168464 1 0.9998195
279269179.0 1.0 1798.8893255078647 1 0.9999996
436855249.0 0.0 1809.016291168683 0 4.4564545e-06
445256908.0 1.0 1794.7230216546511 1 0.9999999
263972356.0 0.0 1805.9289421722988 2 5.078561e-20
385042181.0 0.0 1798.411596777756 4 0.00025533172
177995000.0 0.0 1808.8494168340637 0 0.0018455172
427238126.0 0.0 1805.2624563895433 2 1.1160566e-09
377201696.0 0.0 1797.7215502815009 2 1.1047327e-06
240902506.0 1.0 1797.6611435612872 1 0.99999166
346848781.0 0.0 1796.6411375144876 0 0.001522112
368171104.0 0.0 1793.4095704624663 0 2.6997917e-05
250632099.0 1.0 1794.7239573393406 1 1.0
26535082.0 1.0 1810.4538195503114 1 1.0
54057589.0 0.0 1805.6602407528599 0 4.187689e-13
274955950.0 0.0 1796.8052878626359 0 6.3433763e-13
251817717.0 0.0 1793.327770089053 0 2.5358494e-07
293127200.0 0.0 1793.1406891111692 0 8.7684563e-13
10796501.0 0.0 1796.0354287458629 4 9.992173e-07
293066086.0 0.0 1806.0990147633222 3 2.4372122e-13
376499580.0 0.0 1812.2838257696303 3 9.864741e-23
63472430.0 0.0 1793.1412118158717 0 0.0014922
387506865.0 1.0 1796.4497502327913 1 0.99999785
363810408.0 1.0 1806.305580078597 1 0.99982435
252097197.0 1.0 1797.285505093424 1 1.0
293187690.0 0.0 1809.1825010884343 0 0.0011286916
331605323.0 0.0 1812.827058504015 0 4.615026e-12
202840977.0 1.0 1794.6616549752453 1 0.99999905
353238439.0 1.0 1810.2436030961794 1 0.9999981
71853881.0 0.0 1800.2860507124924 2 1.4446631e-11
431802820.0 1.0 1796.453378343242 1 0.999759
77222689.0 0.0 1796.6413525414725 0 0.0014583021
272532292.0 0.0 1812.3678497460633 0 8.7775646e-08
233074334.0 0.0 1798.6356910893667 4 2.1440386e-23
307635935.0 1.0 1796.994291360035 1 0.9999995
388078636.0 0.0 1812.3664953503444 0 2.9449951e-05
265299683.0 1.0 1794.2235491902575 1 0.9999928
308529167.0 0.0 1808.973444849167 0 1.9221191e-09
233501926.0 1.0 1797.219251441188 1 0.99999297
388602832.0 0.0 1796.5964440742346 3 1.2368454e-27
428458522.0 1.0 1795.9727825038879 1 0.9998737
233717408.0 1.0 1805.593989564364 1 0.99996006
285508016.0 0.0 1809.0985809056283 4 1.4529056e-23
452971988.0 0.0 1797.2229264094187 4 4.3858653e-13
427766733.0 1.0 1795.9095354590374 1 1.0
252101670.0 1.0 1806.2438270740183 1 0.99999905
94608286.0 0.0 1805.5163814574908 0 0.002183538
384842388.0 1.0 1796.265223638104 1 1.0
334800616.0 1.0 1796.5338416058626 1 0.9971818
251788762.0 1.0 1795.6608544645387 1 0.9999863
229751830.0 0.0 1808.8654832864868 0 3.863838e-09
11329543.0 1.0 1798.6603732337478 1 1.0
352979549.0 0.0 1793.2831306886667 3 0.0
369085552.0 0.0 1797.8475311953093 0 0.0014360695
259274468.0 0.0 1809.386454125732 4 5.371979e-26
403037785.0 0.0 1796.9950128482394 3 3.8673894e-25
240815660.0 0.0 1808.8482434849318 0 0.0011189101
421117994.0 0.0 1799.222615227118 4 0.0028587258
272627324.0 1.0 1811.4303623047426 1 0.99997264
427445198.0 0.0 1798.8466359952838 4 2.0430399e-16
309140428.0 0.0 1800.1402556778207 0 0.00043304512
65641116.0 0.0 1808.9119077299506 0 0.0018998736
279762589.0 1.0 1810.389949457267 1 0.99974674
229594701.0 0.0 1794.1989754997376 0 5.2408033e-08
301097326.0 1.0 1794.4529601490524 1 0.99999964
285532266.0 1.0 1795.3061209400826 1 0.99657047
264726849.0 0.0 1808.8693904139163 0 3.1573336e-13
139553692.0 0.0 1809.1410603448255 0 0.0014711799
286236415.0 0.0 1808.4535875371744 4 1.8580994e-12
396235258.0 1.0 1811.5556761780365 1 0.999975
90648458.0 1.0 1794.6620580803046 1 0.9998487
354717307.0 1.0 1793.723785702719 1 1.0
444461683.0 0.0 1805.5974985386697 0 2.455215e-07
270006368.0 1.0 1810.8495810090922 1 0.99993604
444756920.0 0.0 1809.1606348530358 0 1.3665195e-08
365732243.0 1.0 1796.3664357977125 1 0.9999997
453013469.0 1.0 1793.9731481865447 1 0.9553408
229742721.0 1.0 1795.927949521212 1 1.0
240901087.0 0.0 1796.6402925009359 0 0.00040339274
285181196.0 0.0 1798.5787303914651 3 1.0828521e-05
390040549.0 1.0 1799.3688162773049 1 0.97421235
198457457.0 0.0 1801.0305914553621 3 1.6321192e-38
47577987.0 1.0 1799.5310208351946 1 0.99966335
319716802.0 0.0 1805.5352412956975 0 6.222302e-07
82095405.0 0.0 1808.910680655667 0 0.0021908537
445421702.0 1.0 1793.5773617289933 1 0.9999941
236765030.0 0.0 1812.3859504150846 0 3.6462745e-05
230122533.0 0.0 1793.177052085347 0 1.1308379e-06
73690810.0 1.0 1798.8495996060753 1 0.9999412
202844845.0 1.0 1798.9115350378713 1 0.9998173
203093393.0 1.0 1810.6200362297377 1 0.99999684
369826305.0 0.0 1809.1600083490798 0 8.837175e-05
441724916.0 0.0 1805.2195364073975 0 1.4102605e-05
269697721.0 0.0 1800.991120216602 3 7.639966e-24
13837118.0 0.0 1805.2649085594855 0 9.2581315e-05
198354443.0 0.0 1797.884667247426 3 1.6149385e-24
61044451.0 1.0 1810.8078752075135 1 0.9999952
435745269.0 1.0 1805.5135210820354 1 0.99999994
13213572.0 1.0 1795.3052108508625 1 0.99999785
334804663.0 1.0 1798.9713033592138 1 0.999983
445312652.0 1.0 1806.3896697253954 1 0.9999996
307207934.0 0.0 1805.556512182467 0 0.0014109703
396474313.0 1.0 1798.9721581845934 1 0.99999946
241090523.0 1.0 1798.994482202657 1 0.99969435
354154130.0 1.0 1810.7442706959982 1 0.99999565
199709243.0 1.0 1796.947101271046 1 0.9999499
138117990.0 1.0 1811.1204616326606 1 0.9999892
366911606.0 0.0 1805.2212675575122 0 4.405075e-08
356894234.0 1.0 1799.0520219905036 1 0.9998849
334800701.0 1.0 1797.0129935144805 1 0.99101174
13214018.0 0.0 1805.2216908156558 0 0.0011547271
368593849.0 0.0 1805.2220533052405 0 2.001726e-07
373618248.0 1.0 1798.952358628339 1 0.99578696
251540279.0 0.0 1800.6194395509062 4 4.0940017e-07
407027561.0 0.0 1812.346959542228 0 6.6105576e-06
321983762.0 0.0 1805.9292007386107 4 2.0432166e-26
116882771.0 1.0 1798.6198586106148 1 0.9997255
410231988.0 1.0 1800.033641574649 1 0.999998
192880679.0 1.0 1796.6825921057516 1 0.9998676
346788568.0 1.0 1797.6619675921486 1 0.9999912
271240484.0 0.0 1812.3677167981223 0 1.6333027e-08
366435734.0 1.0 1805.7824977429175 1 0.99999976
319712656.0 0.0 1806.7643249191794 4 0.00027502596
184694094.0 1.0 1796.8701793599157 1 0.9999445
230116669.0 1.0 1795.885327386162 1 0.99999976
232637586.0 1.0 1798.9897204416704 1 0.99999034
285178066.0 0.0 1796.6412103720018 0 0.0020271325
73488292.0 1.0 1799.3287721506038 1 0.9995543
431897913.0 0.0 1808.8492619754015 0 0.0030534794
354831822.0 0.0 1810.2644015962571 2 8.9793495e-05
229611487.0 1.0 1795.9279982339394 1 0.9999981
435742004.0 0.0 1805.2008614347646 0 5.2075247e-11
104142729.0 0.0 1806.3072567744098 2 4.2363776e-11
219847282.0 0.0 1797.698370705272 0 1.8313315e-06
229703365.0 0.0 1811.1151371130609 2 8.318765e-25
52271545.0 1.0 1796.6811173804674 1 0.9999999
363811005.0 0.0 1800.409803942276 0 0.00013531678
422386791.0 1.0 1797.783313527546 1 0.9999999
302774308.0 0.0 1812.4102042650964 0 0.00094210426
351551902.0 1.0 1798.5140082482294 1 0.999998
357827739.0 0.0 1794.3477619012876 0 0.0032706126
285276768.0 1.0 1794.016246477959 1 0.99972796
241015032.0 1.0 1793.932049571971 1 0.99995923
379325960.0 1.0 1797.597613900826 1 0.9999724
241013635.0 1.0 1795.9112326139427 1 0.9999995
346843955.0 1.0 1794.1202651113415 1 0.9999897
407316442.0 0.0 1805.2013583612872 0 0.00011958456
256556288.0 1.0 1810.1572733625064 1 0.9999946
278855680.0 1.0 1798.972654078571 1 0.9999302
65159476.0 1.0 1793.43235000187 1 0.9998793
312862003.0 1.0 1797.5565789640043 1 0.9999933
255863592.0 1.0 1805.7204327017994 1 0.99995947
229944109.0 0.0 1812.3441908902778 0 1.13256665e-05
347690287.0 1.0 1799.285967419855 1 0.99999577
192553942.0 1.0 1805.9950751566769 1 0.9999989
12478352.0 1.0 1797.931628005269 1 0.9999955
280163079.0 0.0 1798.449267630816 2 1.6546749e-12
229711339.0 0.0 1808.8447401436947 0 1.6258902e-11
289210388.0 1.0 1797.680560284571 1 0.99997795
356699952.0 1.0 1811.010612138233 1 0.99999386
192530067.0 1.0 1798.995020700494 1 0.9999734
297773030.0 1.0 1796.8894875302433 1 0.9999959
367460770.0 0.0 1808.869734666568 0 6.612822e-05
285797410.0 0.0 1812.4522511296734 0 1.4641189e-06
317010426.0 0.0 1805.2003922537351 0 1.9142654e-07
264405384.0 0.0 1808.8876635767401 0 0.000107122956
269697721.0 0.0 1794.5328228342346 3 1.5348868e-20
178076617.0 1.0 1793.6619755324687 1 0.99999666
230019755.0 1.0 1798.448705607425 1 0.99999464
445618885.0 0.0 1812.390094459735 0 1.716254e-11
402830363.0 1.0 1805.2218394394667 1 0.99987155
415903980.0 1.0 1793.5991351595842 1 1.0
379198595.0 1.0 1799.6180697373068 1 0.9999993
284528940.0 1.0 1795.035228332907 1 0.9999997
348678813.0 1.0 1796.7653415820403 1 0.99999976
352772941.0 1.0 1798.6391311925113 1 0.99999964
233152830.0 1.0 1795.4483820745459 1 0.9999881
13219136.0 0.0 1798.3467603276356 4 9.370033e-07
400606739.0 1.0 1795.39025586963 1 0.9999996
229444187.0 0.0 1805.1988347619324 0 2.6126488e-09
130155520.0 0.0 1809.6201524475537 4 7.061837e-13
268333885.0 1.0 1794.8662473639477 1 0.99999845
229609915.0 0.0 1797.699143730562 0 8.168492e-08
255872069.0 0.0 1812.8060450768387 0 9.158818e-09
321689005.0 1.0 1793.7001432603104 1 0.99978256
302016174.0 0.0 1800.1408156853581 0 0.00064264634
186989280.0 1.0 1796.8911315372877 1 0.9999855
186746986.0 1.0 1811.2243570110659 1 0.99998057
240972989.0 0.0 1805.2233536934236 0 0.00035708112
288603421.0 1.0 1805.3035245994952 1 0.9999993
280626089.0 0.0 1793.847711151576 3 3.7364135e-12
270657059.0 1.0 1806.409549642815 1 0.99999565
233609870.0 1.0 1811.3651368625613 1 0.9999999
383646165.0 1.0 1806.0523235656715 1 0.99999946
233500987.0 1.0 1810.1364707038801 1 0.9999992
245723918.0 0.0 1793.389974071596 0 0.00013130133
23051058.0 1.0 1794.8078634466174 1 0.9999998
381781755.0 1.0 1796.7661685637013 1 0.99999654
331385890.0 0.0 1793.1398584417082 0 1.2941625e-08
230079251.0 1.0 1806.3022782984528 1 0.99995995
302076473.0 1.0 1794.8071933953454 1 0.99998504
192692806.0 1.0 1797.120113292411 1 0.9999999
431772658.0 1.0 1798.1615271405276 1 0.99996597
357823235.0 1.0 1795.764433727457 1 0.9999982
245429266.0 0.0 1795.265290404801 4 1.7714649e-17
229676244.0 0.0 1794.3029574416812 3 7.936375e-08
351777072.0 1.0 1795.2847926746465 1 0.9999866
10787260.0 1.0 1795.1395690984937 1 0.9998749
229701136.0 0.0 1808.8446848369736 0 0.00040522154
427737972.0 0.0 1812.7664599236184 0 0.0015201848
373458532.0 1.0 1810.7427762087182 1 1.0
229784075.0 1.0 1805.9278566402697 1 0.99988496
85484748.0 1.0 1806.120448695869 1 0.99999696
417416017.0 1.0 1810.1603119719812 1 0.9999649
28911657.0 1.0 1811.1622803828404 1 0.99999785
160585313.0 1.0 1796.9693872010985 1 0.9999928
353853673.0 0.0 1812.5102026288466 0 0.0011491134
249918275.0 1.0 1805.536431652243 1 0.9970857
321909827.0 1.0 1794.5126616402872 1 1.0
240817037.0 0.0 1812.9314076815524 0 4.219246e-05
417662947.0 0.0 1812.3673314603786 0 4.6038954e-12
90572367.0 1.0 1805.6205750985866 1 0.9999993
285161229.0 0.0 1804.3903428115937 3 1.5205977e-19
350133749.0 0.0 1798.5128545597524 2 3.670338e-18
357036445.0 1.0 1798.0937222834816 1 0.99999726
240947891.0 0.0 1801.7027392292896 3 8.906924e-22
129864288.0 1.0 1797.3077069641602 1 0.9999984
54459231.0 1.0 1805.972938294463 1 0.9999447
405327387.0 1.0 1797.7001906984856 1 0.99943566
178047825.0 1.0 1805.3078183930916 1 0.9999873
286304408.0 1.0 1799.4707646991899 1 0.9999992
264612485.0 1.0 1806.3068318059086 1 0.99999934
50118192.0 0.0 1812.410703346208 0 0.0001353574
373236212.0 1.0 1806.1385910818522 1 0.99999666
374222235.0 0.0 1812.4105676024944 0 0.0003771323
398160829.0 1.0 1797.9932028017095 1 0.99968684
302230381.0 1.0 1796.2030739955242 1 0.9999994
229492984.0 0.0 1800.4072474966752 0 2.970346e-07
233531036.0 1.0 1797.198580413313 1 1.0
283841421.0 0.0 1809.2017503457312 0 3.0112255e-06
331866557.0 1.0 1797.6801726875983 1 0.99431837
289358749.0 1.0 1810.2638081973002 1 0.9999994
229584634.0 1.0 1806.3655910070513 1 0.9999991
455823893.0 1.0 1805.5124806623535 1 0.99999535
445322851.0 0.0 1812.7019028448321 0 5.788163e-20
241085217.0 1.0 1793.7029543640253 1 0.9999982
408620873.0 1.0 1797.6391800585975 1 0.99982643
54526183.0 0.0 1793.1394663827716 0 1.0384488e-06
370939997.0 1.0 1798.8691514789984 1 1.0
407423533.0 1.0 1794.8468749394553 1 0.9988287
359498041.0 1.0 1799.364671138246 1 0.99991095
354474739.0 0.0 1808.8487609495032 0 0.000552226
250986432.0 1.0 1798.4323539304414 1 0.9999965
317844191.0 0.0 1795.409154641175 2 7.8381983e-16
200737304.0 0.0 1796.1202237871673 2 1.32996236e-11
356223727.0 1.0 1805.5929432975279 1 0.9999484
347502127.0 0.0 1812.495151086355 0 0.00018163012
84161715.0 1.0 1805.9100429211398 1 0.99999905
312252628.0 0.0 1809.2019409906345 0 0.00032667146
388507257.0 1.0 1797.992330353204 1 0.999976
233608021.0 1.0 1799.4483768337468 1 0.99998885
289354991.0 0.0 1808.868199548005 0 3.356749e-05
49947938.0 1.0 1796.1191185182117 1 0.9999804
137057165.0 1.0 1793.9093722554862 1 0.95629925
219880678.0 1.0 1805.2191203143884 1 0.99999666
230029160.0 0.0 1798.2404048010114 2 2.2783801e-20
317777850.0 1.0 1794.284073932157 1 0.9998742
323123815.0 1.0 1811.5125713292882 1 1.0
229973890.0 1.0 1805.9277299342698 1 1.0
445233986.0 1.0 1810.8061575747627 1 0.9999994
445666747.0 1.0 1799.1817769261575 1 0.9999995
376979041.0 1.0 1796.8440066943313 1 0.99994355
28961645.0 0.0 1809.120626864351 0 0.0019904445
400253601.0 0.0 1795.7847836136486 4 1.5828258e-18
299332103.0 0.0 1809.1606284246282 0 2.7922056e-09
396535071.0 1.0 1794.2218952684416 1 0.9999974
417767562.0 0.0 1796.805061968729 0 6.897717e-05
199688472.0 0.0 1810.4888950499048 3 3.3937182e-18
117271783.0 1.0 1795.8487597541475 1 0.9999999
65081990.0 1.0 1805.4744111011184 1 0.99999803
199571942.0 1.0 1799.509658575916 1 0.99999857
94278977.0 0.0 1805.4746357564836 0 0.00089476054
377033667.0 0.0 1799.5133153676034 2 5.629757e-21
83347119.0 0.0 1805.5349814242659 0 6.317116e-05
63508538.0 0.0 1812.7449742885399 0 0.0003715152
433140308.0 0.0 1805.3493948117916 0 0.0012961903
284060490.0 1.0 1805.4746228233025 1 0.9999432
433501356.0 1.0 1796.3077032436415 1 0.99992627
233049401.0 1.0 1799.4481869753345 1 0.9987618
186767261.0 1.0 1799.0369445576214 1 0.99999815
199664100.0 1.0 1793.3847025803548 1 0.9999953
332803008.0 1.0 1806.181594558197 1 0.999915
198388252.0 0.0 1812.5930555839084 3 6.8886824e-27
321859135.0 1.0 1799.6376189191037 1 0.9999993
54884196.0 0.0 1798.3062452202234 2 1.4221916e-05
250718579.0 1.0 1795.4321117309648 1 0.99994445
388080439.0 1.0 1794.158347934769 1 0.99997497
229497700.0 1.0 1798.7823280215107 1 1.0
116141391.0 1.0 1799.3279857149196 1 0.9999975
229487136.0 0.0 1808.8445628707166 0 9.121745e-07
240981697.0 1.0 1796.869524326209 1 1.0
207494054.0 1.0 1797.1346260826688 1 0.9999879
264615805.0 0.0 1800.9318932691467 3 2.1088238e-18
278922816.0 1.0 1795.8685808206583 1 0.99995774
343268523.0 1.0 1805.345270724257 1 0.999987
240898427.0 1.0 1795.9943615429954 1 1.0
306553760.0 1.0 1794.765044965785 1 0.99999976
389418544.0 0.0 1809.202051082939 0 2.2315207e-06
298663328.0 0.0 1794.4062284286713 0 0.00032561834
68000294.0 0.0 1812.3494142774025 0 0.0023866144
229774203.0 1.0 1794.7821917431702 1 0.9999992
240943389.0 1.0 1796.2859741694012 1 0.9999978
399271810.0 0.0 1797.9312536183402 2 3.2850498e-09
229943407.0 1.0 1794.6777718567457 1 0.99998146
270014986.0 0.0 1811.4718198627122 2 2.593548e-13
319720449.0 1.0 1796.0563115917328 1 1.0
450137038.0 1.0 1798.7651218571636 1 0.99996555
177996138.0 1.0 1795.5368592366492 1 0.9999925
293190507.0 1.0 1798.2449804413438 1 0.9999786
376192616.0 0.0 1805.2854240118893 0 4.8568435e-08
317011114.0 0.0 1799.0962984506664 2 2.189281e-15
372339636.0 0.0 1805.200352794065 0 4.1084368e-06
232681328.0 0.0 1809.2396089645624 0 4.0480882e-07
26433004.0 1.0 1793.286991685228 1 0.9999939
236969371.0 1.0 1793.8036494405017 1 0.9998933
235981025.0 0.0 1793.1371715826554 0 0.00096994743
235982422.0 1.0 1795.6163243967592 1 1.0
372218054.0 1.0 1799.9295508340088 1 0.99996305
416049559.0 1.0 1798.8075693300198 1 0.9998261
353894453.0 0.0 1805.2599382862195 0 1.5307009e-08
427949354.0 0.0 1808.5759632313434 4 3.028133e-07
388077397.0 1.0 1811.0956452413482 1 0.99999934
350135382.0 0.0 1797.7212092538455 4 0.0002691705
256749542.0 0.0 1809.8448571654835 4 6.2941952e-27
379373152.0 1.0 1796.1390727122434 1 1.0
274980088.0 0.0 1808.8677129670543 0 1.9596983e-07
388602832.0 0.0 1795.1172556627378 3 4.5826484e-24
376499580.0 0.0 1797.9090574359548 3 1.28370765e-14
366077231.0 1.0 1795.9095878093049 1 0.99993426
423745640.0 0.0 1795.7024010905268 2 9.288171e-13
357888118.0 1.0 1797.160027880011 1 0.9998017
83346024.0 1.0 1795.2018239259066 1 0.999992
326258283.0 1.0 1793.699317951247 1 0.99999857
198211012.0 1.0 1805.968537641018 1 0.99998856
186988940.0 1.0 1793.5577828206706 1 0.99999934
117614625.0 1.0 1799.8073014201389 1 0.99999243
65440875.0 1.0 1795.974124151171 1 0.9997743
279186887.0 1.0 1793.9518844000197 1 0.9996411
46677639.0 1.0 1805.516463955924 1 0.99996567
247012234.0 0.0 1812.4119594651966 0 0.002018255
433283181.0 1.0 1795.1410634757435 1 0.9999986
321852591.0 0.0 1809.4499727630714 0 5.1796094e-05
52522462.0 1.0 1797.410335918809 1 0.99999756
288600444.0 0.0 1805.2412030073008 0 1.3118046e-06
348672027.0 1.0 1811.1193376451617 1 0.99940616
137961193.0 0.0 1800.328758882512 0 2.836584e-06
452988500.0 1.0 1797.5353446150195 1 0.99999964
350134809.0 0.0 1799.5128452430415 2 5.556405e-10
13702615.0 1.0 1798.3063917848247 1 0.9999999
34750272.0 1.0 1795.6830861055428 1 0.99825853
198159870.0 0.0 1805.2185694652221 0 0.0005842146
367424517.0 0.0 1805.3462706026219 0 1.2335348e-09
54886657.0 1.0 1796.993793494615 1 0.9997772
366760239.0 0.0 1808.8462224851548 0 2.0231643e-14
445639006.0 0.0 1808.8694894233456 0 3.0012227e-08
249893633.0 0.0 1808.848797510078 0 0.014971278
104066710.0 1.0 1805.47399421274 1 0.9999998
270540027.0 0.0 1796.9097020225718 0 6.030307e-09
82392026.0 1.0 1811.3489296776747 1 0.99995315
293185651.0 0.0 1809.2865734118457 0 0.00086197467
354115138.0 0.0 1808.866857185094 0 1.4211818e-10
331613729.0 0.0 1795.327382384146 2 7.927569e-12
178173476.0 1.0 1795.474322600986 1 0.9999982
353882327.0 0.0 1805.2243107936943 0 1.638458e-05
219886471.0 0.0 1796.8439915060787 4 9.734257e-20
137206593.0 1.0 1805.8887935701546 1 0.9999983
405460528.0 1.0 1798.9122418293164 1 0.9999986
367681735.0 0.0 1794.1775362467538 3 2.1299049e-29
408731664.0 1.0 1797.9927493487583 1 0.9997429
192532107.0 0.0 1793.1406723907016 0 0.0033724685
332803421.0 1.0 1793.5566807772593 1 0.9971082
246973941.0 1.0 1793.4123257216263 1 0.99995136
251547304.0 0.0 1796.827870714765 0 2.7186574e-05
403431219.0 1.0 1795.494145810971 1 1.0
233534075.0 1.0 1796.8232292706814 1 0.9999881
347681160.0 0.0 1812.3485745838443 0 0.0006478322
117113510.0 1.0 1810.1407835321634 1 0.9999995
311820958.0 0.0 1809.1810781020372 0 0.00058400974
351553757.0 0.0 1812.3472161028978 0 0.00020526431
332152659.0 1.0 1794.244119832468 1 0.99999875
400605650.0 1.0 1796.9735555612021 1 0.99999964
315775727.0 1.0 1798.8040856329335 1 0.9999068
71929771.0 1.0 1797.2858546802513 1 0.99999356
245400258.0 1.0 1799.0567573502115 1 0.9999999
219797699.0 0.0 1805.3019634726375 0 8.324403e-06
292720178.0 1.0 1794.5783319656468 1 0.9999994
378852223.0 0.0 1806.4307230635625 4 2.2944756e-17
376372393.0 1.0 1797.638194042332 1 0.9999908
256458883.0 1.0 1797.574211151468 1 0.9999998
364118779.0 1.0 1794.7414219850796 1 1.0
434431168.0 1.0 1799.409280861663 1 0.99980885
383677123.0 1.0 1796.5525884658116 1 0.9999998
353937836.0 0.0 1794.4062572934542 0 0.0017470346
207402821.0 1.0 1794.259534671023 1 0.9999993
389962223.0 1.0 1800.0728416676932 1 0.9999999
233684697.0 1.0 1795.5729052880756 1 0.9999979
292321469.0 0.0 1798.4324414748844 4 1.3189245e-24
398306011.0 1.0 1797.5545212888458 1 0.99998915
374778630.0 0.0 1812.348496866122 0 1.847935e-06
252122286.0 1.0 1795.4938762504148 1 1.0
329246824.0 0.0 1794.093312830464 3 2.3749262e-32
219900027.0 0.0 1809.9900473233274 3 0.0
445494729.0 1.0 1798.41100486175 1 1.0
219848631.0 0.0 1806.0105153809018 4 0.024137056
256348172.0 1.0 1797.4084754170408 1 0.9999999
245669620.0 1.0 1805.2859504675243 1 0.999998
250608126.0 1.0 1795.8070192664939 1 0.9999929
354382905.0 1.0 1796.4924562208764 1 0.99999917
238654774.0 1.0 1795.5988179386732 1 0.99999976
433202461.0 0.0 1809.0576675510126 0 0.0016887657
383645680.0 0.0 1812.427174995309 0 3.328376e-06
52271424.0 0.0 1812.7018150654355 0 6.440196e-07
353565609.0 0.0 1794.993258161743 3 0.0
445287089.0 0.0 1804.3062693709803 3 3.9380343e-30
357046368.0 0.0 1794.405957647326 0 6.2198936e-08
282875714.0 0.0 1805.5347987472028 4 9.08324e-14
376891083.0 0.0 1808.9089484579724 3 2.876432e-12
348307274.0 1.0 1795.4736758042075 1 0.99999964
259295586.0 0.0 1808.9534788041638 0 0.0035263158
198537044.0 1.0 1798.1974512716197 1 0.999993
301916446.0 1.0 1796.7873160223603 1 0.9999935
255874124.0 0.0 1809.2019160246923 0 4.5216366e-06
196920546.0 0.0 1803.952794274691 3 6.568776e-31
418134658.0 1.0 1795.1806880608171 1 0.9999998
353934550.0 1.0 1799.3433462858493 1 0.9999874
12829691.0 0.0 1794.3479475221868 0 0.0010848552
230126164.0 1.0 1806.1771218626757 1 0.99989223
445133704.0 0.0 1803.5355758879127 3 4.9425143e-29
50944567.0 0.0 1812.4317232827566 0 1.239859e-05
246940651.0 0.0 1809.182810926747 0 0.0018124224
343409567.0 1.0 1810.1993381144466 1 0.9999858
237233098.0 1.0 1793.2620476307568 1 0.99988264
235905808.0 0.0 1808.6788445332386 4 5.882184e-20
270543076.0 1.0 1798.826361196407 1 0.99999666
441764472.0 1.0 1805.4697119409432 1 0.9999996
252814483.0 0.0 1812.3489593863947 0 6.283496e-07
445274459.0 1.0 1799.2022806436396 1 1.0
250553751.0 1.0 1798.4529843492605 1 0.99998415
250705493.0 0.0 1808.8695225310544 0 8.5641555e-10
129787635.0 1.0 1798.8910097440698 1 0.9999996
444142115.0 1.0 1810.3694806434528 1 0.99999785
186619984.0 1.0 1810.7036638202333 1 0.99999845
396028886.0 0.0 1796.180505718806 2 1.2129636e-13
346783960.0 0.0 1808.2660878398653 3 0.0016131235
366326592.0 0.0 1807.2419120206948 4 6.6155022e-15
117028650.0 1.0 1810.2657096307275 1 0.999998
202844240.0 1.0 1794.4948713136478 1 0.99999994
265476481.0 1.0 1796.6608433599038 1 0.9999973
331725843.0 0.0 1805.2009677500266 0 4.583025e-05
331710072.0 0.0 1805.556496852087 0 2.5068908e-10
417746712.0 0.0 1812.3673901646855 0 2.5878029e-08
348232723.0 1.0 1797.9318495613595 1 0.9999998
50451900.0 0.0 1805.264733636904 0 0.00034170347
101260541.0 1.0 1796.5370412793256 1 0.99999833
71928965.0 0.0 1805.5358431065108 0 9.405913e-05
230008335.0 0.0 1805.1985974789782 0 1.3357607e-08
238774986.0 1.0 1798.0993009721242 1 0.9994008
126098160.0 1.0 1794.870353593087 1 0.9999883
245391330.0 1.0 1805.4111529337376 1 0.9998844
315937374.0 0.0 1802.43179345321 3 3.5507833e-11
256927408.0 1.0 1799.3451219065284 1 1.0
343464512.0 0.0 1810.8659998868166 4 0.000307393
289136823.0 1.0 1796.722179280556 1 0.99999976
259167440.0 0.0 1808.8655960185065 0 1.7263185e-09
250555111.0 1.0 1810.9945735462336 1 0.9999991
104029301.0 1.0 1796.994739874325 1 0.9999552
29109961.0 1.0 1797.6830467600237 1 0.9999996
309240531.0 0.0 1796.973637020365 0 3.429412e-05
408731888.0 1.0 1805.7428715868905 1 0.99999535
279285973.0 1.0 1798.4724757391562 1 1.0
238699868.0 0.0 1805.2448450185755 0 6.469262e-05
428118911.0 1.0 1794.9115300571464 1 0.99999696
431772633.0 1.0 1805.4949842721994 1 0.9999936
245482459.0 1.0 1795.9526653542275 1 0.99999994
417853479.0 1.0 1795.764042867459 1 0.9999873
233617131.0 0.0 1808.844414780825 0 8.609315e-07
198189225.0 0.0 1812.385308109081 0 1.2034964e-05
285273628.0 1.0 1811.2660360402306 1 0.99998283
417258241.0 1.0 1799.7643396207689 1 0.9956931
445133704.0 0.0 1798.3898394515795 3 0.0
256696297.0 0.0 1805.3480665760312 0 2.3110314e-08
265276371.0 0.0 1796.86756087721 2 1.7903425e-06
292051618.0 1.0 1810.244669824529 1 1.0
436848408.0 1.0 1798.7664497345254 1 0.99997634
372508222.0 0.0 1805.5558273640725 0 1.9425165e-07
12103624.0 1.0 1797.639846079798 1 1.0
198555959.0 0.0 1798.510081246346 3 1.4413391e-25
376493164.0 1.0 1799.7214476187928 1 0.9999991
285042236.0 1.0 1805.9518776075995 1 0.99998105
68001857.0 1.0 1793.870196939022 1 0.999767
250744460.0 1.0 1798.640596863349 1 1.0
34691648.0 1.0 1797.662290105692 1 0.99993247
427956433.0 1.0 1796.4094784118079 1 0.9999987
427449552.0 1.0 1796.9299838989068 1 0.99998695
433350615.0 0.0 1812.5367627710111 0 0.0029987392
289583047.0 0.0 1800.176656529546 0 0.0007820224
410742973.0 1.0 1797.9322967761489 1 0.99999845
284924411.0 0.0 1795.5770167290154 2 6.743218e-18
283246200.0 1.0 1797.9726004426548 1 0.99999654
233495139.0 0.0 1796.4904443198125 2 5.024748e-09
428293143.0 1.0 1796.0988655088702 1 0.99994785
13620645.0 1.0 1797.9105131557678 1 0.99999857
410811678.0 1.0 1794.1611870608872 1 0.9999988
327190106.0 1.0 1799.9322586605872 1 0.99999636
396267528.0 0.0 1797.8474384751628 0 0.0014667021
331612419.0 1.0 1797.6398376053903 1 0.99999815
137993372.0 1.0 1793.3078677452204 1 0.9999855
51028863.0 1.0 1796.6605861533778 1 1.0
240922086.0 1.0 1805.4318417267723 1 0.9999972
81681261.0 1.0 1797.9939974586875 1 0.99999887
233099129.0 1.0 1797.4687886738982 1 0.99999493
432049047.0 0.0 1800.1408742672036 0 2.0933971e-06
288312457.0 1.0 1797.9074143563566 1 0.99999785
199614232.0 1.0 1805.780570405014 1 0.9999954
389771312.0 1.0 1793.4939298555996 1 0.9999734
316079899.0 0.0 1808.8871941604875 0 2.569113e-06
250636476.0 0.0 1812.390373437518 0 4.2769904e-10
412359429.0 1.0 1794.8462668559696 1 0.9999579
376107381.0 1.0 1797.7214687019057 1 1.0
191704569.0 1.0 1810.4944127564418 1 0.999997
366119832.0 1.0 1810.967905926935 1 0.999995
275639721.0 0.0 1805.326774721454 0 0.0002298595
198457457.0 0.0 1811.9263891331675 3 5.1898557e-37
320492837.0 0.0 1807.4310713337522 4 0.014963607
256375216.0 0.0 1812.3447233608415 0 9.79904e-10
327789190.0 1.0 1795.1406901010573 1 0.9999926
343269564.0 0.0 1808.8452256843707 0 0.0007721036
292524854.0 1.0 1795.0992375802837 1 0.99998266
279185212.0 1.0 1794.8893532457835 1 1.0
177708876.0 0.0 1808.9119228657162 0 0.0016710962
445182516.0 0.0 1812.7018904256604 0 0.011133983
357526213.0 1.0 1810.2389162720426 1 0.9999964
241013932.0 0.0 1809.57763799935 4 2.070812e-09
353171074.0 1.0 1810.4725686811416 1 1.0
346890573.0 1.0 1795.1616610576882 1 0.99999696
407347162.0 1.0 1797.3680674245527 1 0.99998903
67765541.0 1.0 1793.411920569132 1 0.9999968
229971023.0 1.0 1798.3447009206616 1 0.9999992
65464423.0 1.0 1810.3680627792876 1 0.9997264
403948782.0 0.0 1808.9103820124446 0 0.00079105387
259238677.0 0.0 1793.407583326144 0 3.0355174e-08
240882820.0 1.0 1805.5358481304695 1 0.99992806
331212242.0 1.0 1798.3483269601254 1 0.9998701
331513540.0 1.0 1798.056587452368 1 0.9999881
139463633.0 0.0 1812.6617579583256 0 0.00061629043
348316528.0 1.0 1805.6818155054084 1 0.99926794
420552290.0 0.0 1812.7641251786781 0 1.2199457e-06
431767736.0 1.0 1794.0990953027408 1 0.99993783
434430964.0 0.0 1795.5135473557898 2 7.697221e-11
291884210.0 0.0 1809.0573189323202 0 0.0014878156
353006160.0 0.0 1798.264210761752 2 0.00025931397
354255461.0 0.0 1796.6403994475722 0 9.2801194e-08
200939418.0 0.0 1808.849524860589 3 0.0001781442
249952332.0 1.0 1797.3487961573799 1 1.0
329172742.0 1.0 1811.1139401253677 1 1.0
301911058.0 1.0 1796.307363671208 1 0.9998121
250553781.0 0.0 1805.202949794831 0 0.00014285267
349256622.0 0.0 1805.578788318399 0 0.00047383105
229689703.0 1.0 1797.2181355008986 1 0.9999821
359129916.0 0.0 1796.909906829365 0 1.4134768e-06
52187663.0 0.0 1795.056279030539 4 0.07324269
400439102.0 1.0 1799.3274726261413 1 0.999995
412359571.0 1.0 1795.4712525565137 1 0.99999946
408094673.0 1.0 1793.9711749471644 1 0.99999076
399083043.0 1.0 1811.0773582544775 1 0.99999684
445404863.0 1.0 1798.5772144186856 1 0.9999867
241123939.0 0.0 1812.3693998445533 0 4.5992968e-07
308224074.0 1.0 1796.5153651056705 1 0.99998915
252845489.0 0.0 1805.2865661852625 2 5.0370006e-28
379165795.0 1.0 1810.1807442826653 1 0.9999888
230125546.0 0.0 1806.8022707369926 4 0.56948835
117309522.0 1.0 1796.2862545023565 1 0.9999974
445342657.0 1.0 1796.8690118012025 1 0.9999885
245711074.0 0.0 1808.8487138725952 0 0.0011909618
252186590.0 1.0 1800.3690843965978 1 0.99999726
370062153.0 0.0 1799.3900115248505 2 1.2489035e-10
373695438.0 1.0 1810.889592775202 1 0.9999967
285424819.0 0.0 1809.202838570039 0 0.00039251728
230386284.0 0.0 1808.8026802281483 3 7.219354e-21
359588373.0 1.0 1810.635122139579 1 0.9999999
259298258.0 0.0 1798.3075671655367 2 0.00014986213
29059895.0 1.0 1797.891444912728 1 0.99964774
252853767.0 1.0 1806.2240285228636 1 0.99989474
270013850.0 1.0 1799.5970491116332 1 0.9996805
65157890.0 0.0 1805.2034576086478 0 9.365565e-05
368383607.0 0.0 1812.3886205011938 0 7.954536e-06
317468012.0 1.0 1794.7840520706116 1 0.99846685
285561092.0 0.0 1796.4948518848532 4 3.354068e-06
236996733.0 1.0 1798.4285934792892 1 0.9999973
288854677.0 0.0 1809.1394138126307 0 9.0723464e-05
417419499.0 1.0 1810.4934984405377 1 0.9999974
367681735.0 0.0 1802.3860091973952 3 5.07799e-16
403827616.0 1.0 1796.9313288694652 1 1.0
50611408.0 0.0 1794.348121660268 0 0.0008053455
332680995.0 1.0 1798.7023575740873 1 0.9999968
368736057.0 1.0 1805.8888663036437 1 0.9999396
354105524.0 0.0 1796.6401169082594 0 0.0015026648
445601812.0 0.0 1799.3693667687671 2 4.7213343e-05
445182516.0 1.0 1793.8063765086094 1 0.9999653
233569063.0 0.0 1808.86511370363 0 0.00010103104
65355029.0 0.0 1812.4325775670304 0 0.0018975965
302186200.0 1.0 1793.4323656058782 1 0.9997001
251389050.0 0.0 1795.202662294605 2 1.3090547e-13
335481280.0 1.0 1806.0545371105216 1 0.9999898
20801954.0 1.0 1799.0992654098266 1 0.99999887
264545579.0 0.0 1805.6377031625432 2 4.880848e-16
229676244.0 0.0 1800.4488958984314 3 1.4760169e-11
117624488.0 0.0 1793.3279322042522 0 5.231553e-09
379634719.0 1.0 1797.910275020548 1 0.9999902
186966008.0 0.0 1812.6199113559333 0 0.0016030717
445629245.0 1.0 1796.9317595139016 1 0.99999565
411043639.0 1.0 1810.7626001411236 1 0.9998507
369141038.0 0.0 1812.3682423656537 0 9.703664e-05
403262862.0 0.0 1812.7016271502282 0 1.4121254e-06
247396657.0 1.0 1811.1204474852354 1 0.99995893
229438746.0 1.0 1799.2820622913503 1 0.99999934
408703648.0 0.0 1808.8467069165338 0 7.383681e-05
230019513.0 1.0 1794.0112700567274 1 0.99999946
431867284.0 1.0 1797.7032702204772 1 0.9999955
259463324.0 0.0 1812.474064314333 0 0.0014703255
275258021.0 0.0 1809.0762416007585 4 8.92243e-37
372340982.0 1.0 1810.7419296910432 1 0.9999925
269609504.0 0.0 1800.221967795854 3 7.9727335e-14
453224104.0 0.0 1809.1607185082237 0 0.0015277999
65446711.0 0.0 1805.2866903315844 0 0.0018860329
434717882.0 0.0 1808.8674759092517 0 0.00067130086
308225234.0 1.0 1796.4737491696117 1 0.99999946
334832291.0 0.0 1796.676780132304 0 0.0016453359
321546077.0 1.0 1798.3250410946466 1 0.99999964
410773762.0 1.0 1798.9711652851604 1 0.99999803
320603220.0 0.0 1807.4935911727982 4 7.110751e-17
177764705.0 0.0 1808.8494628066287 0 0.0016393064
272540534.0 1.0 1798.2223943059669 1 0.9999996
433287596.0 1.0 1797.1412005387053 1 0.9999999
428007077.0 0.0 1796.9093879376164 0 1.3223148e-09
428734429.0 0.0 1797.6803781535564 4 1.2347253e-25
367089929.0 1.0 1796.3463625388201 1 1.0
192593596.0 1.0 1810.6824787006378 1 0.9999232
376976038.0 0.0 1794.406682321982 0 0.0006712382
50190359.0 1.0 1810.6816697800373 1 0.9999976
11058088.0 1.0 1795.0145036357812 1 0.9999833
186664364.0 1.0 1805.3910711637182 1 0.99998105
202899628.0 1.0 1794.1198955146547 1 0.999997
319841362.0 1.0 1796.806326593808 1 1.0
202926467.0 0.0 1796.6408629744665 0 0.0011397479
332159110.0 0.0 1793.889794960134 2 1.3201654e-20
53619383.0 1.0 1806.2852468685144 1 1.0
419745366.0 1.0 1798.847627614406 1 0.9999983
372723747.0 1.0 1795.8062540034723 1 0.9999986
406518465.0 1.0 1795.8039394987493 1 0.9999976
250834403.0 0.0 1808.8696013040724 0 2.944135e-07
63559370.0 1.0 1793.2662316137614 1 0.99999326
289357318.0 1.0 1805.7222213591776 1 0.9999997
433143724.0 0.0 1793.1410991154949 0 0.001652446
367095724.0 0.0 1805.221359888743 0 8.247992e-08
84219681.0 0.0 1809.2015031387346 0 1.0137162e-05
384983188.0 1.0 1794.3283509062087 1 0.9999999
441716335.0 1.0 1794.6569023833674 1 0.9999749
250969124.0 1.0 1797.2863141783118 1 0.9999999
250558096.0 0.0 1805.3280709510802 2 1.38257605e-14
229645134.0 1.0 1806.2823582032693 1 0.99998224
251201370.0 0.0 1808.8486680539017 0 0.0001038347
370269139.0 1.0 1811.0981870665212 1 0.9999871
229508096.0 1.0 1794.303279248328 1 1.0
52269250.0 0.0 1795.4103266434217 2 7.976161e-09
348311663.0 1.0 1810.348556034433 1 0.9999902
285691112.0 0.0 1797.8481872745294 0 8.548926e-07
250476891.0 0.0 1810.1819281433554 4 1.9226351e-10
398160893.0 0.0 1808.3891180131834 4 1.8190728e-24
348527100.0 0.0 1812.348533772049 0 1.3298828e-05
250607560.0 0.0 1812.3486001888546 0 0.00026057672
200792606.0 0.0 1793.1409416752758 3 8.542181e-10
394122810.0 1.0 1795.9075895478693 1 0.999996
288628974.0 1.0 1798.9951676122378 1 0.99999505
259267111.0 0.0 1807.80310623457 4 1.1396458e-24
376295940.0 1.0 1796.034924086123 1 0.99999875
436858081.0 0.0 1796.266428631655 2 0.00036509318
235942843.0 1.0 1810.4288050456025 1 0.9999859
229676244.0 0.0 1812.094909372194 3 3.3608811e-09
308604274.0 1.0 1805.9111536610408 1 0.9999776
405668462.0 0.0 1805.2447605818604 0 1.0741941e-09
320271555.0 0.0 1806.4103110514884 2 8.582199e-12
378734900.0 0.0 1812.3470640768744 0 5.106628e-06
431959311.0 1.0 1810.7452426450834 1 0.9994919
402747357.0 0.0 1796.3890552224761 4 3.0393517e-16
229607619.0 1.0 1806.3029991078938 1 1.0
354788350.0 1.0 1810.744913851074 1 0.99987
390660986.0 1.0 1810.473360656921 1 0.9999973
241081158.0 0.0 1796.6405605481204 0 0.0007465478
410553821.0 0.0 1806.1820232745015 4 1.2525004e-18
372391762.0 0.0 1798.9712683804566 4 8.955422e-18
420114439.0 0.0 1812.3451353640787 0 0.00015192376
372500632.0 1.0 1794.701885413625 1 0.99997604
402846117.0 1.0 1798.5551165600873 1 0.99999624
192298244.0 1.0 1793.995055798693 1 0.9998745
229784430.0 0.0 1796.5529606735793 2 1.2968878e-12
237229485.0 0.0 1812.3660028914248 0 4.3641637e-07
251121180.0 1.0 1797.5777910830059 1 1.0
302543213.0 1.0 1806.2039332601307 1 0.99999213
269667140.0 0.0 1805.199312564241 0 2.1194806e-07
236995611.0 0.0 1795.1577813966883 2 8.9838295e-07
268428145.0 1.0 1793.1788309538738 1 0.99998283
65443138.0 0.0 1796.640727343892 0 0.0018894568
428662801.0 0.0 1798.868194847377 4 1.3421859e-16
389968088.0 1.0 1811.3433771463172 1 0.9999024
427473603.0 1.0 1798.3884396213355 1 0.9999998
291840278.0 1.0 1794.8907116754272 1 0.99999833
139505040.0 1.0 1799.0368498662103 1 1.0
199716496.0 0.0 1800.468176699978 3 8.4751695e-33
301570089.0 1.0 1796.3487458454633 1 0.9999994
237304997.0 1.0 1798.0746117633666 1 0.9999699
236966496.0 0.0 1793.4077620421112 0 9.072839e-09
434893323.0 0.0 1793.5552936115164 3 1.5018923e-17
236886746.0 0.0 1805.1992158039575 0 9.827721e-07
405433406.0 1.0 1811.1831090972319 1 0.9996916
240923351.0 0.0 1794.556974820551 2 1.0491667e-06
400437995.0 0.0 1793.1399310659538 0 5.815875e-08
390579628.0 0.0 1805.285557738841 0 0.00011155443
398214522.0 1.0 1798.6604342658295 1 0.9999999
445291140.0 0.0 1810.8477454816755 2 7.064993e-06
10800788.0 0.0 1797.4313561516258 2 2.985588e-13
67574799.0 1.0 1810.7244419088236 1 0.9999787
51024855.0 1.0 1798.764879129015 1 0.9983392
269609913.0 1.0 1806.1593715911863 1 0.99989146
332154212.0 0.0 1798.7648979951273 2 0.00018198516
378650885.0 0.0 1805.2429883497543 0 2.1493737e-08
403922256.0 1.0 1798.2432754118342 1 0.9922611
302228444.0 1.0 1806.1406884611679 1 0.99999595
258393554.0 1.0 1794.4490727970494 1 0.9999995
353551124.0 1.0 1811.2228600399158 1 0.9997758
81751121.0 1.0 1797.5355457164474 1 0.99976856
240911239.0 0.0 1796.015191146633 3 4.390549e-37
23054189.0 1.0 1795.3495228131442 1 0.9999998
240932625.0 1.0 1798.1610605749736 1 0.9999963
452936933.0 0.0 1805.556045801779 0 3.2647577e-07
381591824.0 1.0 1798.7451752659067 1 0.99999833
317470793.0 0.0 1800.9716796470534 3 5.08546e-36
285423993.0 0.0 1808.8903748788596 0 1.5132615e-10
445188106.0 1.0 1806.285477945196 1 0.9999969
101222967.0 0.0 1805.6204969680969 0 0.002721318
233734984.0 0.0 1808.8438857965775 0 5.2602594e-05
364132406.0 0.0 1797.8039966929516 2 5.1581312e-17
427690717.0 1.0 1806.1177176161273 1 1.0
46678383.0 0.0 1809.12065379369 0 0.002031516
354249957.0 1.0 1799.6193076931668 1 0.9999997
272231084.0 1.0 1799.201482072844 1 0.99999994
263969675.0 1.0 1797.137054649895 1 0.9999816
229443205.0 1.0 1797.0531921876475 1 0.9999893
77548002.0 1.0 1796.8287692951367 1 0.9999709
285508813.0 0.0 1795.973665689054 2 3.1549e-14
186745213.0 0.0 1809.1202707344833 0 0.0014633191
396534780.0 1.0 1799.742899676176 1 0.99999404
395942641.0 0.0 1805.2013975283548 0 7.423883e-10
356108732.0 0.0 1797.4890791599887 4 6.8909703e-19
283843960.0 1.0 1796.0977966170196 1 0.99999994
444113356.0 0.0 1805.2027127600725 0 0.00016267823
20772080.0 1.0 1795.0366173742843 1 0.99988437
334753378.0 1.0 1805.4060987517175 1 0.99999976
250964263.0 1.0 1811.4528865008413 1 0.9999989
384814516.0 1.0 1798.1609482160688 1 0.99987674
34749332.0 1.0 1795.9331256232172 1 0.9998859
233083400.0 1.0 1811.1978528398936 1 0.99995816
292318403.0 0.0 1812.7031140320003 0 0.001569443
334804279.0 1.0 1794.3255287941533 1 0.999957
235994281.0 0.0 1808.9081255937033 0 3.6257894e-05
327252722.0 1.0 1806.2850236425377 1 0.99999934
256617615.0 0.0 1794.6367478050977 2 3.9348182e-09
229445310.0 0.0 1805.1987521778372 0 1.5817315e-09
387901176.0 0.0 1798.554067025727 3 1.1794217e-14
292197254.0 1.0 1798.3906694674536 1 0.9999868
126027166.0 0.0 1809.2454800453238 0 0.0020389832
367096828.0 0.0 1794.575481496942 2 2.5342477e-16
331718019.0 1.0 1795.869162008528 1 0.9999707
445282945.0 1.0 1798.9730958961022 1 0.9999999
398182591.0 1.0 1795.7226873065588 1 1.0
357032660.0 1.0 1798.1558710863737 1 0.9999987
407500226.0 0.0 1805.2009358877729 0 8.484399e-08
353958670.0 0.0 1808.9116896303854 0 0.0016945703
302089547.0 0.0 1793.1407003651532 0 0.0016330433
366762364.0 1.0 1796.3879869306263 1 0.99998176
12831526.0 1.0 1799.3063836009987 1 1.0
317470793.0 0.0 1797.63834874803 3 4.0611073e-36
353736316.0 1.0 1797.8228451791626 1 0.9999775
264224374.0 1.0 1796.8458503932143 1 0.9999988
250868026.0 1.0 1794.057169246986 1 0.99998355
238774934.0 1.0 1795.4534348924117 1 0.9999782
278849195.0 0.0 1794.6389948468159 2 1.5861053e-10
320381762.0 0.0 1796.639499711272 0 1.3566076e-07
177797195.0 0.0 1812.3494870661718 0 0.001249084
302147728.0 0.0 1805.2659630351916 0 1.2538328e-05
358909502.0 0.0 1805.200851038343 0 5.5729735e-05
453305405.0 1.0 1794.3899532499283 1 1.0
373458182.0 1.0 1798.138606332664 1 0.99999845
406598861.0 1.0 1806.1384882556401 1 0.9999818
428421701.0 1.0 1796.972701831782 1 0.9999999
34715287.0 1.0 1796.0580701842882 1 0.9999864
370694384.0 1.0 1799.348275959794 1 0.999867
202843094.0 0.0 1805.2449099554108 0 9.706348e-05
316250867.0 0.0 1811.9530236575988 3 4.0137644e-28
420110764.0 1.0 1797.3661182564028 1 1.0
403332252.0 1.0 1794.1994808172292 1 0.999543
50266376.0 1.0 1799.035621292611 1 0.99999845
117271063.0 0.0 1805.20308129718 0 1.7414528e-08
192529825.0 0.0 1796.6408308031873 0 0.0016770054
288515404.0 1.0 1797.5952925941517 1 0.99999917
367075382.0 1.0 1799.0546299067078 1 0.99999756
192838962.0 1.0 1795.057564434556 1 0.9999848
312671977.0 1.0 1810.5353499891312 1 0.999983
245707962.0 1.0 1798.7028950076017 1 0.99977916
370951651.0 0.0 1793.1402306086425 0 2.7463017e-20
137124726.0 1.0 1798.8681495561225 1 0.99999857
387332207.0 1.0 1806.0120085700153 1 0.99997485
82620705.0 1.0 1805.5984607963653 1 0.9999993
241084238.0 1.0 1795.8488403887663 1 0.99998087
348678270.0 1.0 1806.2653465851834 1 0.9999729
323054666.0 0.0 1793.137509713524 0 0.00031714333
229584652.0 1.0 1806.094750792941 1 1.0
441722462.0 0.0 1805.1985898880332 0 1.0115659e-07
201039973.0 1.0 1797.7244006913634 1 0.99910223
20876073.0 1.0 1795.6617369524429 1 0.9999978
219100598.0 0.0 1796.8444927204876 4 1.4900487e-20
302147082.0 0.0 1812.5575844056632 0 0.0012325865
219900027.0 0.0 1797.6149854019702 3 2.6123178e-33
235713442.0 1.0 1795.344932871426 1 0.9999994
347951266.0 0.0 1807.9316668711813 4 1.8741095e-34
288300733.0 0.0 1797.532433432026 2 1.7088807e-05
331930617.0 1.0 1798.0764302429159 1 0.9999816
308712011.0 0.0 1805.2026542879964 0 9.411061e-08
301338074.0 1.0 1810.6404920209197 1 0.99999285
269609504.0 0.0 1796.4928446661631 3 2.8984375e-13
417231521.0 0.0 1793.3056586901448 0 5.13468e-10
367533791.0 0.0 1799.098878391128 4 1.932696e-16
402775873.0 0.0 1798.7642799426417 2 4.8633494e-05
378527314.0 0.0 1805.2428640596286 0 3.3822216e-06
236985082.0 0.0 1805.2618179325286 0 6.8792123e-09
338648346.0 0.0 1806.4714376638826 4 4.297864e-07
353872814.0 1.0 1806.4058671657863 1 1.0
184691423.0 1.0 1797.3285657846857 1 1.0
224599914.0 1.0 1805.7804463968696 1 0.9998116
73639510.0 0.0 1812.6410565284873 0 0.0004425782
441734144.0 0.0 1805.3656734313236 3 2.0433595e-31
445296013.0 1.0 1810.6811398304208 1 0.9999916
229674024.0 0.0 1808.8447669617328 0 6.357188e-08
235937156.0 0.0 1812.36643757217 0 7.178712e-05
233151478.0 0.0 1805.2397836624975 0 9.301753e-09
399856598.0 1.0 1810.1178837105688 1 0.9999836
331314073.0 0.0 1809.2022954941622 0 5.950502e-07
387829719.0 0.0 1812.3454354120481 0 6.1505445e-05
453011966.0 0.0 1793.1397850860624 0 0.00014976157
235902559.0 0.0 1793.4079598913859 0 3.1543004e-05
372627563.0 0.0 1795.493980890061 2 8.933307e-08
396011533.0 0.0 1812.4100742639966 0 0.00050597184
245396933.0 0.0 1812.3485109900585 0 2.0110035e-06
275695228.0 1.0 1795.9102647412835 1 0.9999514
299440228.0 1.0 1798.2237693071645 1 0.9999576
251458145.0 0.0 1808.8485301749079 0 0.00065750326
372211947.0 0.0 1808.8669212321665 0 8.373722e-09
348307567.0 1.0 1795.5986678849158 1 0.9999612
312859210.0 1.0 1805.8689967699488 1 0.9999999
229741985.0 0.0 1797.4488893824775 3 0.00011307199
274802651.0 0.0 1812.3468738073095 0 7.969905e-06
269597203.0 1.0 1795.345185502527 1 0.9999998
381583665.0 0.0 1812.5781475142724 0 0.001310974
285514892.0 0.0 1805.3489061137377 2 3.9550745e-16
252113015.0 0.0 1812.7021356183777 0 4.3260475e-06
373125211.0 1.0 1798.4508907211282 1 0.99999815
371219243.0 1.0 1793.9712085461622 1 0.99999833
421691676.0 1.0 1793.535581493716 1 0.99991226
327297211.0 0.0 1800.1405336324763 0 5.6909007e-06
192470364.0 1.0 1805.3909598039668 1 0.9997389
367836078.0 1.0 1794.4074090009574 1 0.99999034
233732688.0 0.0 1808.323421389126 4 2.2824484e-30
406890430.0 1.0 1798.618201930555 1 1.0
252149464.0 0.0 1793.2022007708802 0 9.79904e-10
285532266.0 0.0 1812.7226021752408 0 0.010823853
279441587.0 1.0 1798.2642067133577 1 0.99722093
403257802.0 0.0 1800.5976665185392 4 1.1159246e-09
444083730.0 1.0 1806.2027588268036 1 0.9999998
399925976.0 0.0 1808.8468220575796 0 0.00018393167
427641495.0 1.0 1799.6393649104375 1 0.99979895
219808337.0 1.0 1797.5937667319527 1 1.0
403253601.0 1.0 1793.4311864942174 1 0.999977
238721998.0 1.0 1797.786604735366 1 0.99676543
366486067.0 1.0 1796.5326717144906 1 0.999943
229910953.0 0.0 1796.9069434253413 0 1.04328865e-05
364131089.0 1.0 1793.783082878078 1 0.9999989
316733974.0 1.0 1796.9318519839621 1 0.99999785
376355921.0 0.0 1797.8474847628788 0 0.0013217385
229676244.0 0.0 1811.2615640852077 3 6.8903444e-10
236764496.0 1.0 1811.5525140231464 1 0.9999994
81822846.0 1.0 1810.2025717884062 1 0.9999995
428526894.0 0.0 1809.2641916931343 0 1.1773575e-06
441720520.0 1.0 1794.9280658229302 1 0.99991524
252816635.0 1.0 1796.4112097054867 1 0.99999964
292148671.0 1.0 1811.2447219029366 1 0.9999998
65694286.0 0.0 1805.224361117027 0 0.0028757162
444494162.0 0.0 1796.6394209218622 0 0.0003718589
272141342.0 0.0 1805.2012647274553 0 1.347566e-05
285331704.0 1.0 1799.139463532227 1 0.99999636
376774061.0 0.0 1805.2006801450846 0 5.595569e-08
327256725.0 1.0 1810.4111516131068 1 0.99662215
410773721.0 1.0 1795.2003967269095 1 1.0
240855620.0 1.0 1795.0569016165605 1 1.0
301566043.0 1.0 1793.4946003821299 1 0.99999684
326917265.0 1.0 1805.515514392496 1 0.9999998
13363403.0 0.0 1805.2648968836431 0 3.823881e-09
256745947.0 0.0 1798.8866970542915 2 1.1447625e-14
289269260.0 0.0 1812.430347189856 0 1.3433125e-05
12903268.0 0.0 1808.9107713470294 0 5.696297e-07
194734225.0 1.0 1811.266113252491 1 0.9999977
285042236.0 0.0 1793.1394668237515 0 0.0005367776
368441682.0 1.0 1805.9511764026556 1 0.9999796
233060062.0 1.0 1805.4480117245475 1 0.99985117
73642105.0 1.0 1797.0580376712344 1 0.9999608
385444288.0 0.0 1796.8048912726817 0 0.0021252513
292613020.0 0.0 1809.0990171451094 0 0.002052956
265470867.0 1.0 1794.410934841626 1 0.999993
117175528.0 0.0 1809.0156171621372 3 1.3898466e-22
245477282.0 0.0 1805.223460271883 0 5.8490274e-05
81825223.0 0.0 1808.848463910405 0 0.0006760777
256576876.0 0.0 1796.8253140623478 0 2.7949511e-08
10972083.0 1.0 1799.035540058813 1 0.9999689
288609799.0 0.0 1799.5743919419674 4 1.954812e-26
379084450.0 1.0 1798.9305792230728 1 0.9999928
445536653.0 1.0 1796.2443309033288 1 0.9999936
285506890.0 0.0 1812.3485441078633 0 0.000117101335
237114243.0 0.0 1808.8432486377787 0 0.001938359
233502523.0 1.0 1794.3859805599814 1 0.9999018
54716908.0 1.0 1798.4522497697737 1 0.9999664
302387257.0 1.0 1798.1613038395612 1 0.9999984
200861882.0 0.0 1812.4536798303234 0 0.002048986
229490432.0 1.0 1795.6366332502428 1 0.99999654
348678323.0 0.0 1812.3486225551765 0 2.3343844e-06
410237820.0 1.0 1797.2836779964564 1 0.9999781
308285846.0 0.0 1805.2028057866526 0 3.7428394e-09
116992397.0 1.0 1793.4114387061932 1 0.9999997
280033934.0 0.0 1805.3242872198748 3 3.385465e-35
385104615.0 0.0 1805.3075047046113 0 2.996058e-06
256925930.0 0.0 1805.2199521105547 0 2.1127535e-06
373958960.0 1.0 1810.3896206134757 1 1.0
269825862.0 1.0 1794.5579596375937 1 0.99999946
416046865.0 1.0 1793.2450626336358 1 0.9999632
292849804.0 1.0 1811.4740460209644 1 0.9999823
362965342.0 1.0 1810.117531795749 1 0.99999934
229787746.0 1.0 1797.5530208997648 1 0.9999996
327397734.0 0.0 1812.369559259783 0 9.214657e-05
373958040.0 0.0 1797.847902039321 0 3.1860262e-13
288391801.0 0.0 1804.5950432926977 3 4.7663674e-30
284925600.0 0.0 1796.3895306054021 3 3.1010445e-33
104065382.0 1.0 1810.5156955134084 1 0.99999404
201258150.0 1.0 1806.0162692417305 1 1.0
77567700.0 1.0 1794.453754257386 1 0.9999737
428011235.0 1.0 1798.6803288173196 1 1.0
302469603.0 1.0 1810.244882640664 1 0.99999005
444413484.0 0.0 1793.1392808144376 0 3.0382612e-09
269597733.0 1.0 1811.553261930381 1 0.99999964
237257293.0 1.0 1794.9495965564959 1 0.99999505
353893520.0 0.0 1805.7246469312865 2 5.998179e-08
71845845.0 1.0 1811.327383426407 1 0.99999034
323188643.0 0.0 1798.4918383631932 2 2.5553428e-08
368382699.0 0.0 1795.930474957283 2 1.6419373e-14
243335749.0 1.0 1795.0944646822718 1 0.99999976
427765930.0 0.0 1800.4094991362156 0 9.558955e-12
299439376.0 1.0 1795.0779653710706 1 0.9999999
376835878.0 0.0 1805.2215010479536 0 2.893309e-05
420025327.0 1.0 1793.6602250708697 1 0.99995947
376123285.0 1.0 1799.1186856176153 1 0.99714106
250554398.0 0.0 1808.869590971787 0 3.9684168e-05
268518486.0 1.0 1805.8676235858734 1 0.9997922
422962335.0 0.0 1805.3284432597522 0 9.568275e-08
369909702.0 0.0 1796.8899130412722 0 0.0003250628
192806056.0 1.0 1798.0158544070941 1 0.99997574
353992205.0 0.0 1795.9894605200607 4 2.0229601e-25
73637865.0 1.0 1810.9536153891895 1 0.99999523
237280112.0 1.0 1806.1370026825425 1 0.9995972
29700500.0 1.0 1793.1830125698857 1 0.99997866
284809242.0 1.0 1798.1184054098205 1 0.9999915
387508159.0 0.0 1812.366128210368 0 5.951404e-07
302390835.0 0.0 1798.1196230027065 4 1.4929752e-10
375082673.0 1.0 1796.3901060246405 1 0.99999374
279603463.0 1.0 1797.2425506847 1 0.9999987
138054017.0 1.0 1796.3287574728322 1 0.9999976
230396449.0 0.0 1797.1360482312875 2 2.9429177e-05
189679333.0 1.0 1797.9116836648018 1 1.0
50759520.0 1.0 1796.327367877025 1 0.9999879
229398552.0 1.0 1798.2822587087405 1 1.0
445229573.0 0.0 1809.03530242202 4 0.00018434672
312543164.0 0.0 1812.7019573900882 0 4.3995165e-08
292816129.0 0.0 1805.2240481385197 0 6.34645e-13
390021728.0 0.0 1795.0520852104382 3 0.0
427689883.0 1.0 1797.0136704432373 1 0.99962986
379252395.0 1.0 1797.1394063521648 1 0.99977154
367949386.0 1.0 1795.7842339005294 1 0.9999536
236967042.0 1.0 1800.595142843398 1 0.9996939
268332837.0 0.0 1796.6371338847584 0 0.00025670815
259097101.0 0.0 1812.3447306631897 0 3.7345368e-10
285181196.0 0.0 1799.162058374169 3 4.8236085e-08
349297836.0 1.0 1795.6411626129534 1 1.0
410742036.0 1.0 1798.3906696986899 1 0.99997187
199709566.0 1.0 1796.42637925835 1 0.9998719
320279640.0 1.0 1811.160185599812 1 0.999999
116890322.0 0.0 1796.0570816516713 4 3.413366e-05
230126562.0 1.0 1794.9271262629009 1 0.99999607
375908234.0 1.0 1794.0964320245027 1 0.9999596
229940491.0 0.0 1811.4276915647579 3 0.00056433544
379085094.0 1.0 1794.0347374228697 1 0.9997514
283018595.0 0.0 1812.3471465059238 0 2.1067914e-05
230023671.0 0.0 1793.4073298171227 0 2.1539434e-05
387506178.0 0.0 1812.3870389105973 0 1.0453695e-08
358901093.0 0.0 1805.221758251343 0 9.974361e-08
240900115.0 1.0 1796.3485886604997 1 0.9998926
402814151.0 1.0 1798.8057730724033 1 0.9999458
256601288.0 0.0 1808.910749791835 0 0.00055709714
301338226.0 0.0 1805.20305106121 0 0.00022953472
292722039.0 1.0 1795.3909146959418 1 1.0
308529610.0 1.0 1794.3694263999685 1 0.99999505
373458532.0 0.0 1793.3052575897543 0 7.654423e-12
372509663.0 1.0 1796.5142408772551 1 0.99999994
189592051.0 1.0 1800.2448822021865 1 0.9999996
410551435.0 0.0 1812.3486417187037 0 6.441211e-05
428046836.0 1.0 1794.2446047515737 1 0.999603
184588988.0 0.0 1796.6409913816804 0 0.0015662767
390737538.0 1.0 1797.8064835149103 1 1.0
359482562.0 0.0 1805.2813141373201 0 5.6425233e-06
263969544.0 1.0 1794.3661691659584 1 0.99999994
297778926.0 1.0 1810.2645721085364 1 0.99999833
348517784.0 0.0 1800.6195057513794 3 6.4316525e-25
65201376.0 0.0 1805.2242946631845 0 6.719347e-06
326632451.0 1.0 1796.159860976462 1 0.99982417
177804841.0 0.0 1805.2035974936764 0 0.0019657146
65358461.0 1.0 1805.3909783338818 1 0.999933
274842485.0 0.0 1805.2010764121544 0 0.00035345007
353734879.0 1.0 1805.4895062746036 1 0.999999
50509016.0 0.0 1812.452321196706 0 0.0006899537
285943261.0 1.0 1805.6198574134376 1 0.9999992
366111670.0 0.0 1809.410017270239 4 4.3737022e-13
230002702.0 0.0 1793.4071308468265 0 2.0060526e-07
104029470.0 1.0 1793.6613592249478 1 0.99999905
327508064.0 0.0 1796.6407759941462 0 0.0035708859
427682270.0 1.0 1796.430213988127 1 0.99999815
68152143.0 1.0 1796.8494067414629 1 0.9999316
115919370.0 1.0 1811.5572669846838 1 0.99985665
12644136.0 1.0 1795.6815530603344 1 0.9999868
331711087.0 0.0 1796.63995098688 0 5.9026963e-05
331792218.0 0.0 1805.2007765641226 0 8.4887586e-05
236764972.0 1.0 1799.6151238778625 1 0.9998814
389916867.0 0.0 1805.2187611899565 0 1.382896e-09
348611993.0 1.0 1806.3484347762203 1 0.9999999
245590002.0 1.0 1811.036057068008 1 0.99999356
453278013.0 0.0 1800.1401559525677 0 3.7826726e-06
366502502.0 0.0 1793.3253229901568 0 0.00028281088
301416622.0 1.0 1805.2654096373742 1 0.9994212
407415760.0 1.0 1799.7030740215446 1 1.0
129864940.0 1.0 1797.1618377599968 1 0.9999975
388509461.0 1.0 1795.7212264764837 1 0.99998516
410620748.0 0.0 1796.827949014145 0 5.6281834e-08
444758186.0 1.0 1811.4105843128875 1 0.9999995
237098712.0 1.0 1806.3442505576047 1 0.99995273
387829719.0 0.0 1805.1997369393955 0 3.6590828e-07
371002388.0 0.0 1806.9734357289663 4 5.249358e-07
241093902.0 1.0 1798.744608246426 1 1.0
301904071.0 0.0 1812.369666297706 0 3.006749e-06
280408030.0 1.0 1799.2018941041833 1 0.9999551
400744294.0 0.0 1812.4315531295208 0 4.706162e-10
229605375.0 0.0 1812.3659442891935 0 9.613573e-15
322129367.0 0.0 1811.0125316943827 3 1.915404e-12
194618143.0 1.0 1797.7660308110542 1 0.9999922
116215585.0 1.0 1796.890599950842 1 0.9999897
116209912.0 0.0 1793.3278534441806 0 1.959227e-08
396111398.0 1.0 1810.5350184953575 1 0.9999997
402813493.0 1.0 1794.993277281524 1 1.0
417517226.0 1.0 1805.4498044712261 1 0.9999926
450154562.0 0.0 1798.7236761062545 2 4.4936883e-08
388038756.0 0.0 1793.3249953472964 0 2.1366853e-09
63401072.0 1.0 1798.4953436892426 1 0.9999989
219819089.0 0.0 1806.4064065622033 2 2.04509e-13
428794825.0 0.0 1794.4093286011296 2 1.2146606e-13
387948683.0 0.0 1808.908056365083 0 6.551137e-06
117118254.0 1.0 1810.14071433303 1 0.9999957
378940213.0 1.0 1798.9933367343694 1 0.999995
307404493.0 1.0 1796.5784832630186 1 0.9992958
233233781.0 0.0 1812.4275415247282 0 0.00021290685
323300561.0 1.0 1795.1171792801156 1 0.9999895
192845509.0 0.0 1810.9741638965231 2 1.192605e-07
138053332.0 1.0 1796.9746340124145 1 1.0
245664711.0 1.0 1798.6401727384462 1 0.99999994
229751802.0 0.0 1800.0738272866226 3 3.0356647e-25
275484816.0 1.0 1796.264103406428 1 0.99997056
270005818.0 0.0 1809.3704082237211 0 0.0015803139
428325837.0 1.0 1798.9737808147415 1 0.9999918
81509186.0 1.0 1797.2440411932062 1 0.9999877
427768985.0 1.0 1805.8260543268395 1 0.99999934
396065855.0 1.0 1798.3469526342958 1 0.9999298
278929589.0 0.0 1805.2642625314757 0 0.00023009435
116842286.0 1.0 1794.3695917550122 1 0.9999996
436874443.0 0.0 1795.3081019531032 2 3.1872e-20
50850179.0 0.0 1796.910404542527 2 1.5381742e-10
246981283.0 1.0 1793.1623151096205 1 0.9999949
116762834.0 1.0 1795.6404336261987 1 0.9999972
332982936.0 1.0 1794.952408176713 1 0.99998885
315830102.0 0.0 1805.202909871201 0 9.748526e-07
73691743.0 0.0 1809.161953458953 0 0.0017610096
307115512.0 1.0 1794.806660686575 1 0.9999997
233212109.0 0.0 1808.7195449041023 4 4.9850847e-20
245547001.0 0.0 1796.827571212701 0 0.0014291717
264297536.0 1.0 1796.7208797703172 1 0.99999374
366911574.0 0.0 1793.1379013458795 0 9.29293e-11
201155735.0 0.0 1810.4953499521905 2 0.31190768
85401549.0 1.0 1795.1413302630144 1 0.9999372
240748813.0 1.0 1810.8687447905022 1 1.0
335799067.0 1.0 1805.7212251152187 1 0.99999964
327013587.0 1.0 1795.7865612026624 1 0.9999972
332813075.0 1.0 1795.7439547257484 1 0.9999996
117397630.0 0.0 1805.2032955177904 0 0.00052770245
268948167.0 0.0 1799.6594996566278 2 6.1203518e-21
219849956.0 1.0 1810.6776157030656 1 0.9999836
359588943.0 1.0 1797.2604344351967 1 0.9999997
351775455.0 1.0 1798.7222392490035 1 1.0
67570451.0 1.0 1795.3284343110472 1 0.99999934
331710072.0 0.0 1812.7021824414244 0 1.1993892e-07
232622855.0 1.0 1811.0517259351632 1 1.0
420902019.0 0.0 1805.3846248311324 0 0.00013370096
285442231.0 0.0 1807.9518029307687 4 3.1414791e-18
445189935.0 1.0 1799.5564880915745 1 0.99999946
83149710.0 0.0 1799.8056871376002 4 2.5608844e-09
427802696.0 0.0 1808.8467743316692 0 9.274363e-13
29059895.0 0.0 1812.7664325323751 0 0.0015109681
399199929.0 0.0 1805.8898465590348 2 3.95791e-17
417229335.0 1.0 1795.8264147914103 1 0.99999917
375600539.0 0.0 1810.6795318824968 2 0.0008907396
299489062.0 1.0 1797.9944527199589 1 0.9999995
139557954.0 1.0 1793.4535671470887 1 0.9999633
82493179.0 1.0 1795.8899211154135 1 0.99999845
367145487.0 1.0 1799.6797440817884 1 0.9999984
445336948.0 1.0 1794.827230996062 1 0.99986154
116219567.0 0.0 1812.41158889418 0 0.0017283708
422921699.0 1.0 1794.3700928031785 1 0.9999692
316850609.0 1.0 1798.869443746883 1 0.9999616
285679142.0 1.0 1794.7645326522006 1 0.9999073
137991091.0 1.0 1793.4537804696588 1 0.9999888
83905462.0 0.0 1807.4099864865655 3 1.5073998e-13
241037511.0 0.0 1805.7442872209015 2 0.013301301
271338291.0 0.0 1812.3469125879876 0 0.00014464636
81452482.0 1.0 1810.7856657753487 1 0.99959743
237098134.0 0.0 1808.8440049768376 0 8.874724e-10
403742835.0 0.0 1793.327649099004 0 1.9573185e-05
377251803.0 0.0 1794.1566949759422 3 4.8290653e-24
238740981.0 1.0 1793.6199302745206 1 0.99999106
219112634.0 1.0 1799.4068644145125 1 1.0
354109773.0 1.0 1794.202494711061 1 0.99986637
229454281.0 1.0 1798.0947077962217 1 0.9999999
388134305.0 0.0 1808.991474835636 0 4.3036904e-05
77272095.0 1.0 1794.6620518384693 1 0.99995977
71693616.0 0.0 1809.1608079874563 0 0.00016773319
354183230.0 0.0 1800.3905327332488 0 0.00029435623
104314284.0 1.0 1796.7238234489375 1 0.9999924
406956773.0 0.0 1796.1600836747318 4 3.1450106e-14
252154065.0 0.0 1805.6188534596884 0 2.1745273e-05
219755909.0 0.0 1805.239248750345 0 0.000114443654
264615805.0 0.0 1795.6401938237616 3 0.0017114792
229938797.0 0.0 1796.9071183622734 0 0.0066657295
264730556.0 1.0 1800.1818397032287 1 0.9999968
288524964.0 1.0 1805.2412699578008 1 0.99999714
387634137.0 0.0 1797.2414712675893 2 1.46178e-13
71693616.0 0.0 1805.5150215009587 0 4.0689843e-06
387334080.0 0.0 1807.2620497113444 4 2.9767651e-08
366197595.0 1.0 1806.2225600713118 1 0.99998283
104316853.0 1.0 1797.3489123428437 1 0.99999636
285130759.0 1.0 1793.160139364219 1 0.99999934
312252464.0 1.0 1798.3063023902923 1 0.999997
251105103.0 0.0 1808.848552735102 0 6.3787743e-06
428545533.0 1.0 1797.5144280078057 1 0.99997663
417593372.0 1.0 1805.7848351595903 1 0.9999984
444445708.0 1.0 1810.2850223952385 1 0.99999887
436883430.0 0.0 1808.974686408318 0 0.0016486078
301997445.0 1.0 1796.3488927436704 1 0.9999971
320188985.0 1.0 1806.1602313842789 1 0.9999994
428208284.0 1.0 1811.1824118572224 1 0.9999954
252864951.0 0.0 1808.8490497106518 0 2.2618751e-05
445358865.0 1.0 1811.1394820932892 1 0.99990076
240964770.0 0.0 1808.8483506108732 0 0.00019013595
356981427.0 1.0 1798.6768745064317 1 0.999998
201111651.0 0.0 1809.1829699153488 0 0.0018221941
46535780.0 1.0 1811.308092974477 1 0.9999722
256105914.0 0.0 1805.5562213839378 0 2.2866358e-07
302389258.0 1.0 1796.5778877579592 1 0.99998516
233006398.0 0.0 1808.8445186024387 0 1.3792932e-05
317839169.0 0.0 1811.7841964526365 3 0.0004722988
230389556.0 1.0 1797.552695329161 1 0.9999602
233008980.0 0.0 1808.844411631902 0 2.4790263e-05
251353168.0 1.0 1795.8486452049117 1 0.9999914
434263716.0 1.0 1799.0134840541293 1 0.9999996
468343249.0 0.0 1808.2635140203438 3 5.594114e-28
308875829.0 1.0 1810.9735419253457 1 0.9993614
50510400.0 1.0 1794.723023109568 1 0.99989253
376042276.0 1.0 1810.6379410803193 1 1.0
250827655.0 1.0 1810.223867424051 1 0.9999997
73449656.0 0.0 1793.1412786082608 0 0.00066830195
286316649.0 0.0 1812.3494043257842 0 0.0017501002
400608869.0 1.0 1806.4110994013797 1 0.99999964
301740928.0 1.0 1811.140641310813 1 0.99993503
20800880.0 1.0 1796.9741996484445 1 0.9999548
284212218.0 0.0 1795.6810273677224 4 4.7161746e-09
395925044.0 1.0 1800.493129811749 1 0.9999953
400829996.0 1.0 1799.2440342806428 1 0.99997914
368793040.0 0.0 1808.8474552546331 0 8.390342e-05
283025444.0 0.0 1795.8891486538503 4 4.272832e-05
357678363.0 1.0 1798.5561837783282 1 0.9999839
387831439.0 0.0 1796.8248810396842 0 1.6507196e-05
255878216.0 0.0 1794.847794500637 2 9.166359e-06
83142000.0 0.0 1812.3680594117723 0 1.8789704e-07
359498024.0 0.0 1810.801996609555 2 1.05446105e-08
198416591.0 0.0 1810.8015040488744 3 0.0
252841040.0 0.0 1796.9737934160269 2 3.9086995e-08
408896358.0 0.0 1796.4295073105125 2 3.3714834e-08
445309724.0 0.0 1796.6398873518694 0 0.0022661812
445276947.0 1.0 1796.4940478194053 1 0.9999956
240980634.0 0.0 1793.1404051479253 0 7.5358366e-05
292693203.0 0.0 1796.64069053191 0 5.095252e-07
50361034.0 1.0 1799.2024183527458 1 0.99999505
354743557.0 1.0 1794.5561602077735 1 0.9999963
198280388.0 0.0 1800.8640297854517 3 6.0869647e-28
385507212.0 1.0 1795.1412848017205 1 0.9999928
241022477.0 0.0 1800.1401536698975 0 1.2629758e-08
67520343.0 1.0 1795.0160323347905 1 0.9999481
250560326.0 1.0 1798.9738586198625 1 0.99998873
434813994.0 1.0 1805.7217554776857 1 0.9999955
259462821.0 1.0 1794.5365367281086 1 0.99999934
250723904.0 0.0 1809.8486567321115 4 2.7360394e-23
233518230.0 0.0 1797.113936333856 4 3.8825526e-19
368501172.0 1.0 1811.2010987172982 1 0.99999505
192295673.0 0.0 1805.2867160881628 0 0.0011284918
68157879.0 0.0 1793.141153803037 0 0.00091819844
288406340.0 0.0 1805.220229969334 0 1.1436434e-13
35114056.0 0.0 1812.6205277254367 0 0.0028046826
427868447.0 1.0 1811.0342469436212 1 0.9999734
232681904.0 0.0 1810.1979959323794 4 1.1780463e-28
283136809.0 0.0 1793.3687385903668 2 5.4867764e-19
352346997.0 1.0 1794.137308659449 1 0.999998
406267523.0 1.0 1793.9919370150762 1 0.99999845
83049624.0 0.0 1805.5349348598993 0 1.5294743e-06
22662161.0 1.0 1797.8493974763455 1 0.99992055
83727052.0 1.0 1806.1181863943734 1 0.9999998
265147767.0 1.0 1798.1374857595176 1 0.9998504
456130400.0 0.0 1812.3285563246968 3 2.6970535e-13
352797149.0 1.0 1797.9951796654689 1 0.9945444
326629304.0 0.0 1805.2431038614038 0 3.537438e-08
322225048.0 1.0 1796.0567203484939 1 0.999999
444141999.0 1.0 1810.8278067105177 1 1.0
320497478.0 0.0 1797.9681534089882 0 0.0014922312
177916564.0 1.0 1796.8077919529821 1 0.9999352
347760499.0 0.0 1805.2650281606846 0 7.1048294e-06
395944878.0 1.0 1798.6386803967748 1 0.9997618
373463601.0 1.0 1805.9719471471658 1 0.99999607
357032823.0 1.0 1799.1975378890922 1 0.9999998
235683523.0 0.0 1805.22006081203 0 3.6481697e-07
232681960.0 0.0 1808.9271950543034 4 4.1967232e-07
292465493.0 1.0 1794.7032797307386 1 0.9999997
65166734.0 1.0 1799.5158749910236 1 0.9999606
237113608.0 1.0 1799.8640727080297 1 0.99983275
403581621.0 1.0 1798.535753834033 1 0.9999955
117270306.0 0.0 1808.8489536260727 0 0.87312555
349294422.0 0.0 1806.037258111032 3 7.545925e-11
322382169.0 0.0 1812.387538849091 0 2.1029933e-09
237307579.0 1.0 1797.782982773321 1 0.9998964
237047947.0 0.0 1805.1993842717832 0 2.9221614e-10
385593497.0 1.0 1798.5162978892565 1 0.99993885
301416430.0 0.0 1812.34868651208 0 1.812087e-10
387607786.0 1.0 1796.408168218351 1 0.99997175
139375146.0 1.0 1798.3493210129923 1 0.99998903
285676351.0 0.0 1805.223999162362 0 1.5950268e-07
445604177.0 0.0 1798.9735910966822 4 2.264821e-18
240770097.0 0.0 1805.5147613753832 0 7.635424e-08
13452797.0 1.0 1795.7647096979865 1 0.99999917
407381866.0 1.0 1810.8487325096617 1 0.99999875
275142750.0 1.0 1799.8888136924613 1 0.99999607
400826901.0 0.0 1807.306714972632 4 8.48001e-28
366830370.0 1.0 1793.9503495074634 1 0.9937711
229594694.0 1.0 1796.615660110134 1 0.9999993
422369207.0 1.0 1796.8455130913926 1 0.9999998
305678748.0 1.0 1806.116339278321 1 0.99999344
54993535.0 0.0 1809.202177380654 0 3.2152573e-05
374787888.0 0.0 1795.806643445364 2 2.6166684e-09
363812485.0 1.0 1796.1598506344992 1 0.9999997
186942284.0 1.0 1811.2450256096602 1 0.9999998
418709531.0 0.0 1799.1598939919231 4 5.999559e-17
445437097.0 0.0 1809.1815700112654 0 3.3245585e-13
311937976.0 1.0 1798.973034033071 1 0.9999832
347428223.0 0.0 1812.4534237684127 0 0.0027132574
256803647.0 1.0 1798.3450693480113 1 0.9999995
77223936.0 1.0 1797.807994915659 1 0.99996024
302546370.0 0.0 1812.348794221698 0 8.5481715e-06
241099231.0 1.0 1805.9529533807463 1 0.9999999
63405045.0 1.0 1797.516145647916 1 0.99998444
444623717.0 1.0 1794.7022049031543 1 0.99999607
201356318.0 1.0 1794.0158732418422 1 0.9996075
54206670.0 1.0 1799.6604731612167 1 0.99994737
307481415.0 0.0 1808.9115761849293 0 0.0025245252
396355329.0 0.0 1809.1599614556721 0 1.7413304e-05
192647436.0 1.0 1795.0784447128633 1 0.9998213
435744889.0 1.0 1797.3466304855808 1 0.99999994
351467703.0 1.0 1805.30565238011 1 0.9991593
396471412.0 1.0 1797.3470715191947 1 0.99999124
71690564.0 1.0 1794.4941285128305 1 0.999997
252845901.0 1.0 1797.3072875435046 1 0.9999895
192295908.0 1.0 1796.7033285459386 1 0.9999109
233738106.0 1.0 1810.739986342367 1 0.998168
327363439.0 1.0 1805.847638154312 1 0.9999997
256206317.0 0.0 1805.6809319536985 0 0.00027697848
375711479.0 0.0 1810.8045383854799 2 5.1061975e-15
229443943.0 1.0 1795.2823280741322 1 0.9997217
200871515.0 1.0 1795.1827666577908 1 0.99999994
28779291.0 1.0 1795.4117542509784 1 0.99998164
368510605.0 1.0 1798.0763872267403 1 0.99999946
405327607.0 1.0 1810.76244255536 1 0.99999857
354132782.0 0.0 1812.4116322280947 0 0.0025340905
348438240.0 0.0 1808.9108766473353 0 1.784552e-13
21018135.0 1.0 1799.2182480714898 1 0.99999994
194660304.0 1.0 1794.5576939383182 1 0.9999676
354703489.0 0.0 1808.9104780436596 0 0.0003418703
422663070.0 1.0 1810.742635488267 1 0.99996525
348509982.0 0.0 1808.8485574005895 0 3.5096076e-05
468293391.0 0.0 1809.2425517414836 3 1.6803896e-34
236890613.0 1.0 1806.1991549724296 1 0.9993388
245760583.0 1.0 1811.223733211749 1 0.999966
353381540.0 0.0 1797.8475371166005 0 1.0109657e-05
321546971.0 0.0 1805.2415912135693 0 1.4868866e-05
263969784.0 0.0 1797.8662434743424 2 1.0477567e-12
376122544.0 0.0 1808.9105152667416 0 0.00017306162
198161932.0 1.0 1796.5934135104085 1 0.99999523
428733965.0 1.0 1796.3262186067018 1 0.999973
94548312.0 1.0 1798.4536217939583 1 0.99999994
398263891.0 1.0 1799.8040179333514 1 0.9998837
117619327.0 0.0 1808.9532908710398 0 0.0030994953
240873079.0 0.0 1799.0985663403524 3 1.1816214e-33
427731711.0 1.0 1806.1384424336986 1 0.99999523
352511824.0 0.0 1796.8057633852777 0 4.69256e-08
436923596.0 0.0 1805.2872662917816 0 0.0019524837
385411301.0 1.0 1805.9736899737957 1 0.9999387
259237935.0 0.0 1805.2199685963428 0 1.2603027e-05
367334334.0 1.0 1799.242148796034 1 0.9999962
444455890.0 1.0 1799.2851409891207 1 0.99998987
352693463.0 1.0 1798.637012398888 1 0.99990684
117324648.0 1.0 1795.5989633484035 1 0.99339557
374037471.0 1.0 1797.2856671722723 1 1.0
353933809.0 1.0 1810.301491546122 1 0.9993426
65445035.0 1.0 1810.870036698699 1 0.99999166
302541631.0 1.0 1796.5580249838947 1 0.9999999
53806876.0 1.0 1799.2436367301304 1 1.0
104317804.0 0.0 1805.3074049311945 0 0.0027918052
264934633.0 1.0 1810.763128995346 1 0.99999994
230079065.0 1.0 1797.8229041388431 1 0.99999
240976971.0 1.0 1796.723537588202 1 0.99999714
321592850.0 1.0 1799.512560840794 1 0.999999
241096102.0 1.0 1800.0571981240691 1 0.99999946
21120914.0 0.0 1812.9327178602216 0 0.001439827
397795305.0 1.0 1799.992980912723 1 1.0
292399533.0 1.0 1797.2866182240252 1 0.99999976
321688898.0 1.0 1798.3042607290865 1 0.9999974
116407896.0 1.0 1794.161186283771 1 1.0
427866731.0 1.0 1805.576009337697 1 0.9999998
385440974.0 1.0 1794.5361350772998 1 0.9999991
229437178.0 0.0 1808.656956473736 4 0.0009167744
445231304.0 1.0 1799.285498990682 1 0.9999992
395653555.0 1.0 1795.9096355858253 1 0.999994
417707524.0 0.0 1798.3881598293556 4 1.0465573e-29
236784540.0 1.0 1811.489592907022 1 0.9999913
308953023.0 0.0 1796.6402596078535 0 6.3894015e-07
445248598.0 1.0 1797.5979916391814 1 1.0
370602448.0 0.0 1812.3691634640527 0 2.3462297e-05
235934037.0 1.0 1810.1579391318633 1 1.0
399265493.0 0.0 1797.7645210248513 4 2.0132027e-21
396065600.0 0.0 1793.3052053259826 0 1.0072749e-10
423995974.0 0.0 1808.9108309078053 0 2.2124255e-05
403619966.0 0.0 1812.6607680277987 0 0.00013903741
363808343.0 1.0 1795.0555751587535 1 0.9999953
235686198.0 1.0 1810.865873292135 1 0.9999827
302546863.0 1.0 1811.2446209322052 1 0.9999949
250473568.0 1.0 1810.7861889551596 1 0.99999565
149999450.0 0.0 1793.1411100252587 0 0.000722343
428552149.0 1.0 1810.8888480297494 1 1.0
34553649.0 0.0 1812.3704889060111 0 0.0017792883
370347825.0 1.0 1795.202465101204 1 0.9999837
452943219.0 0.0 1796.6396323603335 0 1.3987196e-06
286118815.0 1.0 1794.4939365059495 1 0.99999034
229788135.0 1.0 1795.2613250747215 1 0.9999928
305430833.0 0.0 1796.7649379473291 0 0.0007064487
397281080.0 0.0 1796.1810235918747 2 5.3593226e-21
252865030.0 1.0 1793.557136402326 1 0.9985625
237282019.0 1.0 1796.1579765611646 1 0.99998605
285792542.0 0.0 1812.4106759407953 0 1.0951215e-09
241022632.0 1.0 1797.077690963448 1 0.99999696
5735829.0 0.0 1812.432638938718 0 0.0019199784
381780849.0 1.0 1798.099529482291 1 0.99999917
49723289.0 0.0 1797.5774468355808 2 1.6933286e-13
376925413.0 1.0 1811.3659598909262 1 0.99999195
403877251.0 0.0 1808.9316372577157 0 2.4200428e-05
367420473.0 0.0 1812.3878142745336 0 5.7624927e-10
410549960.0 0.0 1812.348585999019 0 3.6795214e-10
116883127.0 1.0 1794.5781093140795 1 0.865793
288534186.0 0.0 1805.4742513033746 0 0.00093089556
186742638.0 0.0 1808.849538428876 0 0.0021921538
229941840.0 1.0 1794.6986496328832 1 0.9999928
11246577.0 0.0 1794.3480227715809 0 0.0014433167
431968168.0 0.0 1812.3492728390918 0 0.0018582696
83351459.0 0.0 1809.2015310128247 0 0.0013288334
366517381.0 0.0 1799.0747079592911 3 8.202982e-34
285344141.0 0.0 1796.6412084954559 0 0.0018717938
403689697.0 1.0 1810.2653008110185 1 0.9999994
104060742.0 1.0 1798.140664851424 1 0.999967
264615805.0 0.0 1796.4943683620843 3 2.0047833e-05
250656206.0 0.0 1805.2653354144804 2 0.013260997
235995957.0 0.0 1800.4290428517586 4 2.9171247e-06
427737153.0 1.0 1811.2664803150867 1 0.9999873
327364701.0 0.0 1812.6599371098798 0 0.0011938115
20875355.0 0.0 1805.4951391749116 0 0.00044679124
264193027.0 1.0 1798.0333525737622 1 0.99771476
356056174.0 0.0 1805.198523004357 0 4.323776e-10
178045889.0 0.0 1800.3285289536475 0 0.0004952165
372359091.0 0.0 1808.0361923004994 4 0.00011711126
364184823.0 0.0 1808.8873603310026 0 3.6398426e-08
292845995.0 0.0 1812.3697195298641 0 6.6444977e-06
390021728.0 0.0 1805.0102474696098 3 0.0
367949619.0 1.0 1800.2425730171651 1 0.9999961
245512030.0 0.0 1798.327780565997 2 1.3168284e-16
198237139.0 0.0 1808.905825660161 0 0.0015903339
264613669.0 1.0 1796.5984908147313 1 0.9999993
196918978.0 0.0 1805.327798835449 0 4.569762e-05
13771812.0 0.0 1808.9108321482017 0 1.4126927e-05
77545160.0 0.0 1806.620453134609 3 1.6201335e-17
233079659.0 0.0 1804.34400977052 3 6.1608826e-19
292318734.0 1.0 1810.9323418483573 1 0.9999857
329246824.0 0.0 1807.0099089052665 3 3.050792e-32
331984006.0 1.0 1794.4730866351765 1 0.999992
347951190.0 0.0 1805.2650101314218 0 7.661569e-05
269663513.0 1.0 1806.3868351041274 1 0.9999913
356980598.0 0.0 1797.96865873782 0 0.00157274
401320290.0 1.0 1797.721767533887 1 0.9999999
12902989.0 0.0 1805.2649425423936 0 6.875404e-07
192739060.0 1.0 1806.3284521908995 1 1.0
387998139.0 1.0 1799.5957397483703 1 0.9999998
250776044.0 1.0 1793.5154732225792 1 0.9999995
410503622.0 0.0 1793.3069912415476 0 4.829065e-09
418700525.0 1.0 1795.8265249742094 1 1.0
219846355.0 1.0 1805.8232875927688 1 0.99998707
139374747.0 1.0 1793.8076598562106 1 0.9999427
199614185.0 0.0 1807.7181037525586 4 3.6082448e-09
317008210.0 0.0 1797.2421789679631 2 1.5856865e-23
250936633.0 0.0 1808.8698019813976 0 2.6962448e-14
467574373.0 0.0 1799.2662687802301 3 0.0005867139
309236496.0 0.0 1808.8484831656058 0 0.0001293281
436872007.0 0.0 1798.0164402082382 2 1.1345533e-09
245376951.0 0.0 1795.7444620816361 4 1.9260868e-31
230377102.0 1.0 1799.115092269598 1 0.99900013
396194942.0 0.0 1807.9719060623165 4 6.904245e-30
186745213.0 0.0 1793.1410135103333 0 0.0013353773
366830370.0 0.0 1805.2004005176552 0 5.37521e-10
21124830.0 1.0 1806.1765023497196 1 1.0
347426535.0 1.0 1796.5159212929148 1 0.9996915
116851321.0 1.0 1796.2031629623523 1 0.99999875
445445909.0 0.0 1808.8900793817966 0 5.26786e-09
352574410.0 0.0 1810.618358884599 2 1.8504427e-06
351614432.0 1.0 1795.7224313942722 1 0.9999367
235709858.0 0.0 1812.3450137685304 0 3.5933e-09
177709019.0 1.0 1810.7660814970834 1 0.9996482
387808343.0 0.0 1808.8872496895722 0 5.0764686e-09
467574373.0 0.0 1808.9537778953359 3 0.0016592441
63348577.0 1.0 1797.3286847036638 1 0.99999833
420175299.0 1.0 1797.595161466978 1 0.9971905
54993593.0 0.0 1809.2021769216549 0 7.97385e-07
408707307.0 1.0 1798.4716242609568 1 0.9997987
407573421.0 0.0 1808.5966589076313 4 0.000106802894
400735127.0 1.0 1796.6813888280155 1 0.99974823
444140186.0 1.0 1805.6611249529287 1 1.0
196845710.0 0.0 1808.890158325217 0 0.00035458946
402775546.0 0.0 1812.4101256457814 0 2.2490979e-06
390895558.0 1.0 1795.3273069101936 1 0.999992
395525114.0 0.0 1805.2011739397892 0 4.3032924e-05
445187894.0 1.0 1793.6606745134006 1 0.99999684
332814440.0 1.0 1811.3688494604685 1 0.9999996
149853850.0 1.0 1793.682728497141 1 0.99997807
251605076.0 0.0 1805.20289023988 0 1.3775581e-05
81304068.0 0.0 1797.8480395951424 0 0.003006559
396615115.0 1.0 1794.9117619635988 1 0.9999539
376891085.0 0.0 1800.346572075421 3 4.7319097e-15
331603547.0 1.0 1810.4729739767379 1 0.999987
230121095.0 1.0 1797.9066412228628 1 0.99999785
331315253.0 1.0 1797.8482779476076 1 0.99989814
235944823.0 0.0 1796.6372327935978 0 4.4511686e-05
428775428.0 0.0 1793.3049293541344 0 4.04075e-09
90568130.0 1.0 1794.2244735678144 1 0.99986684
250925666.0 1.0 1810.2863129380275 1 0.9999944
372117591.0 1.0 1805.6193983395744 1 0.99958575
139463870.0 1.0 1810.536811245802 1 0.99999964
275421642.0 0.0 1796.825034116362 0 0.00014156745
389410489.0 1.0 1797.3689072342086 1 0.99998987
373234270.0 0.0 1809.3677755307892 4 0.056763206
288391801.0 0.0 1806.1575617533795 3 0.0
406681219.0 0.0 1805.2218432686795 0 2.7214275e-10
420262766.0 0.0 1805.2621045481224 0 1.13910126e-07
241068179.0 1.0 1793.9112572537297 1 0.99998415
444769130.0 1.0 1798.1812962095398 1 1.0
346628085.0 1.0 1799.2246492858187 1 0.9999983
233099129.0 0.0 1805.2603797110773 0 2.0499044e-06
65495624.0 0.0 1796.640773274689 0 0.0028517952
256562756.0 0.0 1805.8864941189934 2 0.002513269
192466327.0 1.0 1796.0159157198011 1 0.9998851
397761814.0 0.0 1808.8680233894727 0 1.16038345e-05
427601612.0 1.0 1805.6181018211435 1 0.9948061
428751418.0 0.0 1808.84669468526 0 8.81158e-07
400252968.0 0.0 1793.4098027703842 0 2.1235366e-10
250861781.0 0.0 1805.2030848083132 0 0.00033090712
351960825.0 1.0 1794.6806814953654 1 1.0
229911686.0 0.0 1793.7820543395032 2 4.817188e-13
388036867.0 1.0 1798.1999567818923 1 0.99992913
315775727.0 0.0 1798.8040856329335 99 0.00012561581
372500632.0 0.0 1794.701885413625 99 4.0787227e-09
280566427.0 0.0 1795.9311487288392 99 3.5463554e-08
238776826.0 0.0 1798.3076417678064 99 9.239212e-09
369908768.0 0.0 1794.744106319868 99 2.6262383e-09
402780507.0 0.0 1796.7852707080258 99 4.2894724e-05
349977795.0 0.0 1797.5328783355028 99 9.015749e-06
230076103.0 0.0 1795.947766570114 99 8.883738e-09
332500724.0 0.0 1799.1190505435204 99 3.431331e-15
249919778.0 0.0 1805.848876117227 99 1.5859487e-09
200939369.0 0.0 1793.1617583424147 99 9.124049e-13
20806948.0 0.0 1799.349150365178 99 2.618398e-06
405491068.0 0.0 1796.7454954789255 99 5.222298e-05
348520238.0 0.0 1806.1403692262304 99 2.207193e-05
319714769.0 0.0 1798.4311753309155 99 4.8905147e-11
194660304.0 0.0 1794.5576939383182 99 1.7719225e-08
236786470.0 0.0 1805.760618561149 99 1.2296592e-06
250583203.0 0.0 1793.557130361261 99 8.3226766e-08
308294675.0 0.0 1811.1608380868443 99 1.9331617e-07
307111490.0 0.0 1797.3275992450574 99 2.8863328e-10
46535544.0 0.0 1796.9330132618986 99 1.355169e-08
192735590.0 0.0 1798.994934884875 99 6.9518378e-09
417264296.0 0.0 1810.1183215915407 99 2.0592614e-11
374613118.0 0.0 1805.47350487868 99 8.246308e-12
251790041.0 0.0 1796.5567357904038 99 1.098155e-08
265476481.0 0.0 1796.6608433599038 99 4.9704916e-09
299491276.0 0.0 1795.1168963165244 99 2.4730054e-14
377606709.0 0.0 1795.9094745384111 99 1.4433908e-05
229594752.0 0.0 1794.323981792033 99 0.017628966
51020234.0 0.0 1798.0358073535515 99 1.8946587e-10
236996733.0 0.0 1798.4285934792892 99 5.8008186e-12
399721565.0 0.0 1794.4507035223082 99 0.0008705889
351615184.0 0.0 1798.2641267486338 99 3.5816743e-13
351551902.0 0.0 1798.5140082482294 99 1.2834906e-09
229759631.0 0.0 1795.3029896474868 99 7.2758516e-17
354319204.0 0.0 1797.1195631196497 99 9.463849e-10
280408030.0 0.0 1799.2018941041833 99 1.0465765e-08
82171885.0 0.0 1810.5358897175029 99 6.4135713e-07
376260907.0 0.0 1799.4101098347182 99 6.237811e-05
410735111.0 0.0 1797.0572243474105 99 1.899647e-08
288535966.0 0.0 1798.6201038129414 99 6.484279e-08
84216009.0 0.0 1798.4308723451802 99 1.1869734e-13
50265437.0 0.0 1795.2647011990666 99 1.0256999e-08
400813042.0 0.0 1797.8689377449195 99 4.197122e-14
20876073.0 0.0 1795.6617369524429 99 4.8427165e-09
387448540.0 0.0 1810.5745540341504 99 1.2553236e-09
301571443.0 0.0 1798.7446462602288 99 1.1288488e-06
450153505.0 0.0 1794.7444201331932 99 3.174963e-12
407421695.0 0.0 1811.3904747375811 99 1.1565965e-14
335158350.0 0.0 1798.992168114764 99 1.3616788e-10
418417106.0 0.0 1811.3888876901822 99 4.4059155e-07
46506379.0 0.0 1793.328826356303 99 7.9493904e-05
317708298.0 0.0 1799.5131880554748 99 0.0067408443
370600743.0 0.0 1795.4526675888142 99 4.5129377e-19
233512441.0 0.0 1796.7597542608873 99 4.6559002e-08
312548989.0 0.0 1793.2229661060478 99 7.2842926e-10
348223782.0 0.0 1810.6191587191963 99 6.3709736e-13
312146302.0 0.0 1795.9106794798124 99 3.311813e-20
395921029.0 0.0 1794.7219610103234 99 4.778665e-07
250827655.0 0.0 1810.223867424051 99 3.9838595e-09
410550417.0 0.0 1805.6820824843326 99 1.06012706e-13
395524782.0 0.0 1811.1387307566908 99 2.802473e-15
407019919.0 0.0 1797.2641842438197 99 1.7142004e-10
285676351.0 0.0 1796.1196604765335 99 3.9168248e-05
255993442.0 0.0 1794.36630444643 99 4.1496486e-14
396574801.0 0.0 1795.578465838139 99 1.1393496e-10
379632635.0 0.0 1796.5560035679002 99 1.8282572e-07
286410563.0 0.0 1796.5773205295832 99 2.632216e-09
271335293.0 0.0 1795.409687903745 99 6.7487547e-13
286356542.0 0.0 1793.6204440898218 99 3.782618e-10
285943261.0 0.0 1805.6198574134376 99 2.262612e-09
229712608.0 0.0 1805.5111733401322 99 2.2615733e-08
274956433.0 0.0 1806.3053092065982 99 2.5677398e-05
388606331.0 0.0 1795.7006024622335 99 9.810659e-09
255883279.0 0.0 1810.2226014864689 99 1.6940314e-11
52271545.0 0.0 1796.6811173804674 99 3.562673e-16
286482458.0 0.0 1798.3897461438928 99 9.02834e-08
387696085.0 0.0 1794.8873565060671 99 2.3848158e-06
398308018.0 0.0 1793.3045631336597 99 0.01026711
192466212.0 0.0 1799.22428521767 99 4.605794e-06
353691613.0 0.0 1797.8891270974013 99 3.729526e-21
77354448.0 0.0 1798.4746868715683 99 6.0539936e-05
236864241.0 0.0 1796.178480909539 99 1.7577549e-11
12483442.0 0.0 1798.8065126364277 99 1.3036238e-05
375780446.0 0.0 1799.4088480210382 99 2.6920452e-05
288515404.0 0.0 1797.5952925941517 99 1.935936e-08
236876335.0 0.0 1797.7201688187909 99 2.131455e-16
326790523.0 0.0 1810.8057049755396 99 4.8853945e-08
453013469.0 0.0 1793.9731481865447 99 0.00048458987
288537609.0 0.0 1793.7449967464422 99 1.2078281e-07
198538682.0 0.0 1805.8850464204995 99 2.0699952e-05
373146721.0 0.0 1797.5549566485038 99 1.9310208e-11
68001857.0 0.0 1793.870196939022 99 6.189949e-06
348506748.0 0.0 1806.3068682221565 99 0.04528448
241068179.0 0.0 1793.9112572537297 99 1.828278e-07
233057068.0 0.0 1799.8853946946547 99 1.8340812e-05
284219415.0 0.0 1811.3057532740272 99 6.025527e-07
322129332.0 0.0 1798.366844413863 99 6.863462e-08
332050949.0 0.0 1800.2024049660843 99 7.890023e-06
379325960.0 0.0 1797.597613900826 99 1.1998372e-08
354012390.0 0.0 1794.0150035878348 99 2.2946919e-08
428168488.0 0.0 1794.9320472901923 99 5.165582e-06
400500879.0 0.0 1797.2026590891003 99 6.3511932e-18
104314284.0 0.0 1796.7238234489375 99 2.0153156e-10
71745456.0 0.0 1796.0775553691333 99 1.1219109e-09
396444503.0 0.0 1810.7846892645773 99 2.4495451e-12
68156985.0 0.0 1796.2036446540612 99 4.5669267e-08
292720178.0 0.0 1794.5783319656468 99 4.8691743e-14
219115569.0 0.0 1797.7192372994264 99 3.867628e-09
229487644.0 0.0 1806.1779876431983 99 6.54514e-08
387602720.0 0.0 1800.4705652607922 99 9.413284e-09
229480270.0 0.0 1795.594938940344 99 7.58415e-14
240946730.0 0.0 1806.1817636793144 99 9.645992e-11
194780717.0 0.0 1806.411992702822 99 3.7515045e-05
329172742.0 0.0 1811.1139401253677 99 4.8757516e-15
389968088.0 0.0 1811.3433771463172 99 0.0042505064
275420577.0 0.0 1796.3250399915255 99 7.879909e-06
332813075.0 0.0 1795.7439547257484 99 3.5536676e-12
352921296.0 0.0 1798.5560408108272 99 2.9917267e-06
270325883.0 0.0 1795.847118159766 99 8.129316e-10
301994054.0 0.0 1795.3070954123575 99 0.001436484
362965342.0 0.0 1810.117531795749 99 2.1865114e-10
235942843.0 0.0 1810.4288050456025 99 3.9456667e-11
192739900.0 0.0 1794.349180126794 99 5.630003e-10
298358846.0 0.0 1799.0551267654462 99 7.644827e-11
77420789.0 0.0 1797.0371270492535 99 1.7904539e-09
306183346.0 0.0 1795.827481763674 99 3.3451582e-11
284539228.0 0.0 1797.5767063306653 99 5.7274155e-18
445229538.0 0.0 1810.4519379777894 99 1.2996317e-08
184736890.0 0.0 1795.0367776161984 99 1.236941e-10
354285609.0 0.0 1797.1382567630258 99 4.377016e-09
271531069.0 0.0 1811.1177479150979 99 3.3042789e-09
274953163.0 0.0 1799.4304380966912 99 3.5039556e-12
332374073.0 0.0 1797.8066585070678 99 1.4745021e-16
237233098.0 0.0 1793.2620476307568 99 5.2636113e-09
71929771.0 0.0 1797.2858546802513 99 2.504002e-08
292519851.0 0.0 1796.557351637967 99 3.550827e-05
137960933.0 0.0 1797.4954034143987 99 5.559448e-17
431767736.0 0.0 1794.0990953027408 99 2.2286231e-07
410237820.0 0.0 1797.2836779964564 99 8.752834e-09
424437685.0 0.0 1800.1360203152633 99 7.728589e-10
387898662.0 0.0 1799.5749152257515 99 1.6423996e-08
229683910.0 0.0 1797.4888987176355 99 1.5851177e-12
331714577.0 0.0 1793.848397924769 99 1.6342037e-11
291955034.0 0.0 1797.2032920324277 99 1.2686213e-06
285036076.0 0.0 1799.222885485926 99 1.07397216e-10
81691480.0 0.0 1811.5150735585426 99 1.3730534e-06
368372568.0 0.0 1810.930295268098 99 9.0975243e-07
399543227.0 0.0 1799.5990803362129 99 9.991982e-06
10787683.0 0.0 1798.6187588059806 99 1.4375057e-11
275464103.0 0.0 1795.6810445060619 99 8.756977e-05
200938962.0 0.0 1797.432691567366 99 7.510939e-09
394091373.0 0.0 1805.8455122553332 99 1.7458281e-13
332803008.0 0.0 1806.181594558197 99 6.318565e-08
387897997.0 0.0 1797.699942988473 99 5.783607e-08
433414133.0 0.0 1798.4118430034903 99 7.989212e-12
408731664.0 0.0 1797.9927493487583 99 0.00053537043
370420562.0 0.0 1799.6817998298793 99 5.37305e-09
302626190.0 0.0 1798.8891544812968 99 7.8729204e-11
373788354.0 0.0 1810.5563790855676 99 3.6623038e-14
71973503.0 0.0 1811.0565361787342 99 8.184578e-10
445435901.0 0.0 1794.014943464583 99 1.2051348e-09
252853767.0 0.0 1806.2240285228636 99 3.996658e-06
259249176.0 0.0 1798.9947059197264 99 3.462795e-06
270321615.0 0.0 1799.0761815489789 99 2.9403663e-13
402204433.0 0.0 1795.3491948834603 99 3.72875e-10
286477979.0 0.0 1799.2857322054772 99 5.7220153e-09
292000184.0 0.0 1793.9949016720925 99 4.4130766e-10
264917995.0 0.0 1795.6819643647377 99 9.75379e-07
422429717.0 0.0 1794.5125472689224 99 3.5846973e-08
283019371.0 0.0 1797.7223901208959 99 1.0353373e-11
230018866.0 0.0 1799.3652943278437 99 3.395121e-08
302071014.0 0.0 1811.4740172954341 99 5.7030616e-11
367183844.0 0.0 1795.9296745062315 99 0.0029889443
235978781.0 0.0 1797.470548744032 99 1.2130441e-05
405491558.0 0.0 1810.891470105212 99 2.6788346e-08
275463340.0 0.0 1796.1185165948175 99 7.8884994e-13
252827737.0 0.0 1806.0158154156823 99 1.6524286e-09
117171082.0 0.0 1794.2236914140992 99 5.221701e-10
390522058.0 0.0 1797.327500455746 99 4.283342e-10
194732209.0 0.0 1797.0577352262465 99 1.1593486e-10
301332738.0 0.0 1795.11951253685 99 2.511357e-06
365943176.0 0.0 1795.5135543250003 99 2.1631468e-12
379165795.0 0.0 1810.1807442826653 99 2.808282e-09
373617273.0 0.0 1799.9107105917144 99 7.349757e-11
240884901.0 0.0 1805.890069091792 99 1.2939434e-07
445630886.0 0.0 1797.556802700373 99 1.5228607e-09
117617837.0 0.0 1794.3072933857413 99 3.0083067e-05
103948885.0 0.0 1810.348921252634 99 3.0270303e-07
184693785.0 0.0 1799.078516696538 99 9.254335e-11
367145336.0 0.0 1795.8464135509282 99 4.338781e-09
265195099.0 0.0 1810.7861569849 99 2.295816e-09
283025578.0 0.0 1798.1182909869085 99 4.884831e-10
73449551.0 0.0 1794.0162882862905 99 5.5342695e-09
68095491.0 0.0 1811.4536116821002 99 9.828642e-08
389915921.0 0.0 1798.4479095460024 99 1.4417124e-07
302084099.0 0.0 1796.995145691018 99 8.759398e-09
323300561.0 0.0 1795.1171792801156 99 7.021271e-11
250473568.0 0.0 1810.7861889551596 99 4.612624e-08
230001186.0 0.0 1806.1568052581363 99 7.124707e-17
236712244.0 0.0 1793.739038832427 99 3.19212e-10
327345144.0 0.0 1798.2240331464752 99 2.599641e-12
232608684.0 0.0 1805.2395000423558 99 5.0797233e-09
192252686.0 0.0 1798.7659859185526 99 3.3257164e-11
417616777.0 0.0 1794.9496554087168 99 9.0984787e-07
285273628.0 0.0 1811.2660360402306 99 3.982847e-06
65355651.0 0.0 1793.6406462184366 99 4.8353905e-07
264294981.0 0.0 1805.512616221608 99 3.7718526e-11
10972083.0 0.0 1799.035540058813 99 1.3318729e-05
229446898.0 0.0 1794.8446836193975 99 0.0010512292
284530877.0 0.0 1806.0767729874324 99 0.00019517625
350734771.0 0.0 1797.074635794035 99 9.296653e-11
219088437.0 0.0 1798.219242411565 99 0.0019280189
101000305.0 0.0 1800.0787745474183 99 2.2204088e-07
233010581.0 0.0 1795.761269198549 99 0.0036506148
240985351.0 0.0 1793.306889828787 99 1.6820936e-10
302474822.0 0.0 1797.4738564186036 99 3.4701665e-05
65694498.0 0.0 1806.3910344042552 99 5.9057993e-06
405491869.0 0.0 1793.495387804873 99 2.745868e-08
334490271.0 0.0 1796.2421482967984 99 1.6582022e-14
399585928.0 0.0 1796.6616185834996 99 1.2733811e-09
366976802.0 0.0 1799.450551039378 99 9.862891e-05
396659113.0 0.0 1805.951596335579 99 0.00051277986
252841611.0 0.0 1797.6404926303007 99 5.7677603e-06
323304373.0 0.0 1811.4294389483275 99 8.696867e-17
444592766.0 0.0 1795.4104485384096 99 1.5110397e-11
275192164.0 0.0 1795.3469876023885 99 7.292542e-07
275692962.0 0.0 1798.344433869687 99 1.7179367e-12
26534594.0 0.0 1794.1410613600133 99 3.4453218e-10
240943389.0 0.0 1796.2859741694012 99 4.1858246e-11
301478384.0 0.0 1798.640627083516 99 4.0173398e-10
203093044.0 0.0 1796.0159565526874 99 1.7012484e-08
12746179.0 0.0 1795.5145941008884 99 2.0828586e-05
240962467.0 0.0 1810.1607441969995 99 1.82172e-07
370854504.0 0.0 1794.1191597903878 99 1.7877972e-11
230070317.0 0.0 1795.4478106481595 99 1.4360979e-10
285385683.0 0.0 1793.8496497581095 99 1.1114176e-08
241092543.0 0.0 1796.2028901064446 99 1.2919443e-17
387997446.0 0.0 1793.5124847681377 99 0.010035253
387448344.0 0.0 1799.8455340289938 99 4.7184687e-09
71690564.0 0.0 1794.4941285128305 99 2.5134437e-07
34691690.0 0.0 1796.6206201267232 99 9.787856e-09
194613825.0 0.0 1796.537007601315 99 9.342087e-11
367287170.0 0.0 1810.8255403686521 99 0.00011958205
184683520.0 0.0 1794.6410997002304 99 3.0147434e-13
265147767.0 0.0 1798.1374857595176 99 7.958792e-07
298733065.0 0.0 1797.9686791835827 99 0.00037264853
13080907.0 0.0 1794.8063843548812 99 6.6189415e-13
368611906.0 0.0 1794.4097566862863 99 1.301347e-10
5722393.0 0.0 1811.203502431074 99 4.89337e-11
422748933.0 0.0 1806.0137620166704 99 1.5604897e-05
192416896.0 0.0 1798.0158829844656 99 2.2200841e-10
233006770.0 0.0 1796.6361290653645 99 1.538819e-05
410469334.0 0.0 1793.411044683248 99 7.323575e-11
279983207.0 0.0 1794.9700721254503 99 2.0823355e-11
427548884.0 0.0 1796.3675842236119 99 6.8399147e-15
250740899.0 0.0 1796.598801441452 99 1.8418438e-08
101096710.0 0.0 1796.6203168252289 99 4.9794964e-09
186808848.0 0.0 1810.2036715734112 99 3.2108287e-18
240828639.0 0.0 1805.4525236298848 99 1.108581e-07
241028737.0 0.0 1795.4320423317688 99 4.285716e-08
50937797.0 0.0 1811.2857546317223 99 3.1773994e-05
352117369.0 0.0 1805.618224888228 99 0.0004454156
298601243.0 0.0 1796.8848456376886 99 3.734733e-08
359548396.0 0.0 1799.5142068413543 99 5.7053304e-09
35013424.0 0.0 1793.2246728406892 99 1.0743342e-07
400823288.0 0.0 1810.9318082523662 99 1.6436491e-09
422520855.0 0.0 1806.22105462243 99 7.853029e-12
315929104.0 0.0 1795.4526951297476 99 6.404561e-14
302686987.0 0.0 1811.0771683725382 99 4.166187e-09
292150215.0 0.0 1794.4740062741776 99 1.867081e-07
356824114.0 0.0 1798.2609916437002 99 1.150507e-09
399270011.0 0.0 1797.1187038823277 99 2.0567562e-05
445565390.0 0.0 1811.4110041250153 99 4.0756376e-08
50686220.0 0.0 1795.5145448655578 99 6.164384e-08
251457857.0 0.0 1793.7441581502426 99 1.1755549e-05
327573921.0 0.0 1799.6199036321104 99 1.2057106e-07
376118396.0 0.0 1799.3269777117366 99 1.0681408e-06
417662947.0 0.0 1794.4715014651572 99 1.6772561e-05
385205711.0 0.0 1796.2241654689988 99 5.7357526e-12
354965858.0 0.0 1799.0978524173604 99 5.5323728e-08
83525725.0 0.0 1795.0974906868207 99 1.469921e-14
399013326.0 0.0 1796.5148767746389 99 5.2661667e-11
83621645.0 0.0 1793.7851797198232 99 4.216563e-11
427737153.0 0.0 1811.2664803150867 99 1.358023e-08
372112312.0 0.0 1811.2234459473489 99 1.0330077e-07
357526213.0 0.0 1810.2389162720426 99 0.00015773423
288623144.0 0.0 1794.7657114477647 99 2.2533413e-07
346851757.0 0.0 1798.8494088724478 99 5.5955365e-07
351545508.0 0.0 1797.1599752444595 99 6.115345e-07
285507165.0 0.0 1794.2237187779774 99 2.683753e-05
387955876.0 0.0 1810.7623236868085 99 3.7560503e-07
444140186.0 0.0 1805.6611249529287 99 2.6077008e-16
224599914.0 0.0 1805.7804463968696 99 1.037358e-06
387698431.0 0.0 1806.387178003725 99 4.5720515e-08
444556331.0 0.0 1799.9311873431927 99 0.008833245
224596414.0 0.0 1805.905567657153 99 3.0677334e-08
385204973.0 0.0 1810.9743399731556 99 4.915208e-09
235716789.0 0.0 1794.9700549336224 99 8.109251e-07
116498460.0 0.0 1794.057240533445 99 1.6155067e-11
219114561.0 0.0 1796.0527454756625 99 3.567462e-07
450137038.0 0.0 1798.7651218571636 99 5.3958723e-07
394128514.0 0.0 1806.2202934394625 99 1.6596548e-10
370950916.0 0.0 1793.9527152593803 99 9.044694e-09
240883303.0 0.0 1794.7860368508555 99 7.534783e-10
420303728.0 0.0 1795.4499343677346 99 4.7171076e-07
401007633.0 0.0 1794.1192110949555 99 3.819109e-08
272231083.0 0.0 1797.4306794782967 99 7.1711066e-12
233099129.0 0.0 1797.4687886738982 99 1.4106426e-08
427647772.0 0.0 1798.7223801225439 99 8.91061e-11
265348860.0 0.0 1797.8052382471794 99 8.980317e-09
232607261.0 0.0 1798.0308326239613 99 3.438474e-14
385259314.0 0.0 1798.4110665612804 99 1.7991368e-07
407538847.0 0.0 1798.2210887471479 99 3.710335e-09
428611573.0 0.0 1796.763776286003 99 1.914129e-05
299490516.0 0.0 1794.866858795895 99 3.0932167e-11
353725532.0 0.0 1811.3687602246794 99 2.340888e-12
398306011.0 0.0 1797.5545212888458 99 0.002395909
452968676.0 0.0 1811.3060280355276 99 2.1361968e-12
370269511.0 0.0 1795.4316795647726 99 6.1556775e-12
233152830.0 0.0 1795.4483820745459 99 6.7694734e-09
284719314.0 0.0 1810.9934662335963 99 1.5423984e-14
12103222.0 0.0 1811.4314949498382 99 5.8938267e-06
420654605.0 0.0 1805.721792547944 99 2.0363743e-06
405623715.0 0.0 1794.994808795923 99 3.2259376e-13
229651111.0 0.0 1806.3243239937294 99 1.4037973e-13
250925666.0 0.0 1810.2863129380275 99 6.376497e-07
445532978.0 0.0 1795.306922444338 99 3.6546024e-09
82621088.0 0.0 1795.2857395575813 99 1.1312242e-19
388528795.0 0.0 1794.7837459248144 99 8.913091e-11
10607698.0 0.0 1798.8273330616812 99 9.71684e-08
77272095.0 0.0 1794.6620518384693 99 4.682812e-09
229611487.0 0.0 1795.9279982339394 99 6.334237e-09
28913526.0 0.0 1797.4955650761049 99 1.1543185e-05
268428145.0 0.0 1793.1788309538738 99 8.73409e-09
396681493.0 0.0 1806.1806437045948 99 2.3496718e-13
67514724.0 0.0 1798.8910423710242 99 1.4571413e-07
238802637.0 0.0 1793.724265417934 99 1.6397131e-09
297780648.0 0.0 1797.826754580543 99 1.756391e-11
219095424.0 0.0 1796.2610427148256 99 0.0021980447
368406088.0 0.0 1797.2017054649502 99 4.2763607e-22
396471412.0 0.0 1797.3470715191947 99 1.7189128e-09
354178266.0 0.0 1793.8279975579026 99 1.1488984e-11
271833843.0 0.0 1795.4721640339374 99 3.7449152e-10
83346024.0 0.0 1795.2018239259066 99 6.3530883e-09
279700479.0 0.0 1794.909353393652 99 4.252074e-11
279441587.0 0.0 1798.2642067133577 99 1.7210502e-07
368736057.0 0.0 1805.8888663036437 99 4.7966176e-07
265195449.0 0.0 1798.473598126209 99 2.0121163e-06
29058618.0 0.0 1795.8497035294035 99 3.736405e-13
52179130.0 0.0 1799.3061163475907 99 6.8835817e-13
229781162.0 0.0 1797.42811136672 99 8.845454e-10
270014077.0 0.0 1795.6804274934436 99 1.5267351e-12
359038006.0 0.0 1799.7224275658562 99 3.876695e-10
427553234.0 0.0 1795.6384978659476 99 1.3390941e-09
316960543.0 0.0 1797.8067089888111 99 1.538565e-09
416401395.0 0.0 1805.9899318020555 99 8.991981e-07
376289876.0 0.0 1799.6381951986236 99 2.6935757e-07
305430833.0 0.0 1811.18129239484 99 3.5767613e-08
322338950.0 0.0 1798.6818467700593 99 1.5414328e-08
284012663.0 0.0 1796.578583321743 99 1.3421606e-08
397760770.0 0.0 1811.3471844954563 99 5.698661e-10
236863134.0 0.0 1797.136832556493 99 4.3504827e-16
353238439.0 0.0 1810.2436030961794 99 4.396243e-09
352928514.0 0.0 1805.9099918383552 99 4.081603e-16
94477002.0 0.0 1796.1410534763902 99 2.4147563e-17
54883317.0 0.0 1799.577061189686 99 6.3381017e-10
229938728.0 0.0 1797.4487712084456 99 8.0573465e-11
101092642.0 0.0 1794.495427843079 99 2.5795468e-06
305165331.0 0.0 1794.8247257452094 99 1.0569922e-08
369994913.0 0.0 1796.8272798499836 99 1.9754333e-08
333066555.0 0.0 1796.785766129201 99 2.980783e-11
219864007.0 0.0 1795.5525898741414 99 1.648004e-08
285905428.0 0.0 1794.8895717202727 99 1.7238936e-09
22735738.0 0.0 1797.1622709345945 99 5.0575093e-08
320279640.0 0.0 1811.160185599812 99 2.905872e-09
178043245.0 0.0 1811.1828279946449 99 3.6492843e-11
321593555.0 0.0 1811.1582276661275 99 9.535772e-08
264102908.0 0.0 1810.5542561518114 99 1.3132845e-08
292608881.0 0.0 1794.9531856868468 99 1.8586646e-14
13700814.0 0.0 1795.6396376788705 99 4.8173472e-08
452960580.0 0.0 1799.306350577984 99 4.24933e-09
434437544.0 0.0 1799.7217694853923 99 5.442063e-07
436882696.0 0.0 1797.516490058611 99 3.0210239e-09
272532614.0 0.0 1795.8681727281241 99 1.6044733e-11
427512948.0 0.0 1796.6383461658172 99 6.835635e-08
343621957.0 0.0 1796.137188081131 99 1.750137e-08
73566257.0 0.0 1794.6412340585684 99 4.4386507e-08
395692166.0 0.0 1796.0973687708654 99 1.1444552e-13
357887247.0 0.0 1799.680941104587 99 4.549176e-11
219877628.0 0.0 1797.1983473430007 99 2.0482673e-17
286118815.0 0.0 1794.4939365059495 99 2.7664726e-10
83806793.0 0.0 1811.451436935325 99 2.5417601e-09
327606993.0 0.0 1798.4740098574293 99 1.6304203e-12
289208457.0 0.0 1810.263844095569 99 2.3960872e-10
269665710.0 0.0 1811.553278466073 99 4.861663e-08
351685860.0 0.0 1798.3058140916778 99 4.5175652e-14
250718579.0 0.0 1795.4321117309648 99 6.1909753e-09
396203652.0 0.0 1798.2223276195355 99 9.1602866e-05
250519273.0 0.0 1795.9321976617116 99 1.9431192e-09
229669559.0 0.0 1794.2192256129188 99 8.259026e-12
186804244.0 0.0 1793.5160184076597 99 2.2118858e-09
352346997.0 0.0 1794.137308659449 99 2.8757885e-13
331937156.0 0.0 1798.159895765579 99 1.1693244e-10
309301037.0 0.0 1797.411248814477 99 3.798448e-06
116497858.0 0.0 1811.307390072321 99 2.4640059e-08
83813702.0 0.0 1811.0765051272372 99 1.7283843e-09
417853483.0 0.0 1805.9930819230572 99 1.2915215e-08
256112843.0 0.0 1798.1395013021465 99 2.066937e-09
354109773.0 0.0 1794.202494711061 99 7.3412906e-08
292720321.0 0.0 1795.5575066064234 99 3.8320678e-08
292610590.0 0.0 1797.2240411016078 99 1.8728746e-10
138116477.0 0.0 1805.6205306713623 99 5.6504933e-15
388563844.0 0.0 1796.221414972641 99 4.447182e-09
289354182.0 0.0 1796.659809147123 99 1.1349628e-12
240891813.0 0.0 1810.556529591691 99 6.139119e-09
65349164.0 0.0 1797.474147530968 99 1.2357991e-07
422610724.0 0.0 1797.076028495572 99 3.150737e-07
116274802.0 0.0 1795.869602466102 99 8.677686e-08
104314423.0 0.0 1797.2030058485125 99 1.3927178e-07
418260924.0 0.0 1797.6167908607904 99 1.5604556e-28
240919830.0 0.0 1798.8068850338746 99 5.041402e-07
191704569.0 0.0 1810.4944127564418 99 6.3420225e-09
288316004.0 0.0 1795.8657615061716 99 1.7969225e-10
312977863.0 0.0 1810.3895505571118 99 9.896686e-19
94331975.0 0.0 1795.432852939503 99 4.2385186e-15
366077231.0 0.0 1795.9095878093049 99 3.026295e-09
256351480.0 0.0 1810.637482782331 99 8.271308e-08
285431874.0 0.0 1810.4327144433116 99 8.844778e-14
186746448.0 0.0 1805.9535716361174 99 8.545618e-14
367863228.0 0.0 1811.4092524180367 99 1.9582934e-15
85525113.0 0.0 1810.1204887498525 99 6.524462e-08
365942505.0 0.0 1796.6385279755002 99 1.7460641e-10
415877977.0 0.0 1798.557301229457 99 7.313548e-12
236982088.0 0.0 1797.741065234148 99 1.8454942e-06
279659374.0 0.0 1795.6176822089592 99 0.0003056845
399259890.0 0.0 1810.3688009037808 99 2.0172679e-07
376085702.0 0.0 1794.9301814407197 99 4.6380683e-06
240892011.0 0.0 1798.7234362394397 99 1.4987385e-10
418374289.0 0.0 1794.4923074966132 99 6.0302496e-09
427689883.0 0.0 1797.0136704432373 99 1.2873847e-08
101216819.0 0.0 1796.0578395779023 99 3.0571556e-07
288611323.0 0.0 1799.6576748129874 99 1.1633385e-05
10510046.0 0.0 1796.806309678839 99 0.06011313
354156485.0 0.0 1797.0570423544739 99 1.4921446e-06
279186887.0 0.0 1793.9518844000197 99 0.05101134
409524356.0 0.0 1797.349133422365 99 1.4326872e-05
71926761.0 0.0 1796.890116292965 99 2.0983495e-09
272230579.0 0.0 1805.3055406336318 99 2.4177251e-09
367455701.0 0.0 1799.8046513461293 99 1.7590356e-08
268518486.0 0.0 1805.8676235858734 99 8.3979096e-08
230388080.0 0.0 1810.8860121873518 99 4.0137815e-12
178143596.0 0.0 1806.0370043695727 99 1.27058435e-08
251121180.0 0.0 1797.5777910830059 99 3.4695852e-20
417764939.0 0.0 1798.7841055630297 99 0.00012750104
265344857.0 0.0 1797.7425505177478 99 8.721089e-09
191764363.0 0.0 1798.098874007366 99 3.6310685e-06
245553367.0 0.0 1797.640231147264 99 1.8304012e-05
302386283.0 0.0 1796.5154838619571 99 2.1928159e-08
65160776.0 0.0 1796.2240437770938 99 3.7560388e-10
395652643.0 0.0 1796.8472290683771 99 3.5132658e-07
284080203.0 0.0 1811.0580119107872 99 7.55508e-12
90552859.0 0.0 1795.287087196442 99 2.829136e-13
358828514.0 0.0 1795.9926425323474 99 7.887297e-09
237115512.0 0.0 1797.9061129759828 99 2.3230555e-09
309237193.0 0.0 1794.2860908839111 99 2.917448e-07
356979949.0 0.0 1810.8019454364246 99 1.2076127e-13
366561961.0 0.0 1805.741291097691 99 0.016274154
201357261.0 0.0 1810.6203765427147 99 1.6343606e-10
322209219.0 0.0 1793.575276960108 99 2.5925752e-08
368516895.0 0.0 1805.2640735139407 99 1.6869492e-09
329246901.0 0.0 1810.3223793484287 99 1.6333246e-08
376880697.0 0.0 1805.5951408076246 99 3.6511487e-08
238702563.0 0.0 1797.0782982970204 99 7.57144e-08
288603243.0 0.0 1795.282552673183 99 3.453286e-08
390863585.0 0.0 1810.7024750434136 99 1.13918605e-11
21099573.0 0.0 1810.432789409213 99 1.17084134e-07
292153735.0 0.0 1795.7865983349495 99 5.3052005e-05
219087622.0 0.0 1797.823584532554 99 1.6242133e-06
385411301.0 0.0 1805.9736899737957 99 7.890452e-06
194665311.0 0.0 1794.3285615029856 99 2.8601522e-11
367089929.0 0.0 1796.3463625388201 99 7.8217365e-17
11058088.0 0.0 1795.0145036357812 99 5.6453685e-14
255872660.0 0.0 1805.9936539351543 99 1.0042535e-10
191773499.0 0.0 1794.3281080499553 99 5.532478e-07
245722819.0 0.0 1795.4108681749256 99 2.2930488e-25
369828750.0 0.0 1793.2436803108021 99 7.464381e-09
379375782.0 0.0 1796.4308910848388 99 5.424593e-11
202872142.0 0.0 1810.5574121427246 99 5.8442026e-07
399126842.0 0.0 1795.8898326856881 99 8.64247e-08
445191896.0 0.0 1796.7856815772955 99 5.5152094e-12
194734225.0 0.0 1811.266113252491 99 1.27876305e-08
319920081.0 0.0 1798.6604591651499 99 4.6885374e-14
233500987.0 0.0 1810.1364707038801 99 3.801593e-12
441722558.0 0.0 1794.552654696647 99 2.2770769e-06
288628974.0 0.0 1798.9951676122378 99 2.0787321e-07
236936913.0 0.0 1798.199366600512 99 1.455097e-05
348672078.0 0.0 1796.2443298913545 99 6.157927e-10
356871176.0 0.0 1810.3026207539035 99 3.3279135e-10
431875692.0 0.0 1796.3074622872914 99 2.9421196e-07
357745049.0 0.0 1811.2017657375916 99 0.00060715224
201112742.0 0.0 1797.4327692929628 99 0.0
241123671.0 0.0 1798.952888881543 99 1.1747147e-24
353989230.0 0.0 1798.7808890430015 99 4.1631386e-23
417662947.0 0.0 1794.4715014651572 99 1.2198956e-29
317468086.0 0.0 1799.0132435240089 99 4.309182e-20
264026982.0 0.0 1797.3456146096946 99 3.7253e-15
444825205.0 0.0 1798.0979684450513 99 7.1042185e-09
279262790.0 0.0 1796.4100530581695 99 1.2869296e-28
20873121.0 0.0 1795.4742322600523 99 0.0
377251905.0 0.0 1796.844137353487 99 0.0
34691690.0 0.0 1796.6206201267232 99 3.7004308e-14
316848292.0 0.0 1797.7028121308701 99 0.0
28780319.0 0.0 1810.661481820085 99 0.0
326857449.0 0.0 1797.5988613092704 99 0.0
351548004.0 0.0 1795.1599380842943 99 0.0
82982516.0 0.0 1811.118096609872 99 0.0
34749696.0 0.0 1795.1206055747607 99 2.2174925e-34
444413183.0 0.0 1796.6809265615193 99 0.0
403746196.0 0.0 1795.1817601114246 99 0.0
367836078.0 0.0 1794.4074090009574 99 0.0
63783616.0 0.0 1805.911989531398 99 0.0
365943176.0 0.0 1795.5135543250003 99 0.0
280568468.0 0.0 1811.5146501207428 99 0.0
372500632.0 0.0 1794.701885413625 99 0.0
353734879.0 0.0 1805.4895062746036 99 1.6536402e-23
384814516.0 0.0 1798.1609482160688 99 6.212219e-13
307635935.0 0.0 1796.994291360035 99 1.8155279e-19
351960825.0 0.0 1794.6806814953654 99 1.8050524e-26
85431003.0 0.0 1793.4953576835778 99 1.0332351e-17
230051023.0 0.0 1795.5738664231471 99 4.8688527e-24
269038679.0 0.0 1795.763709671738 99 0.0
51029031.0 0.0 1796.1189047602063 99 0.0
315617593.0 0.0 1796.5986878524575 99 0.0
332477246.0 0.0 1797.7809430964999 99 1.9520476e-18
410736506.0 0.0 1797.8696980002717 99 5.7329527e-12
245400258.0 0.0 1799.0567573502115 99 0.0
298360871.0 0.0 1810.5549820633908 99 1.22022135e-14
233083590.0 0.0 1810.802062602657 99 0.0
21099543.0 0.0 1796.0997369683816 99 0.0
116271546.0 0.0 1806.1614740570471 99 2.6022973e-29
367079240.0 0.0 1805.49165309122 99 6.22164e-05
229787826.0 0.0 1798.2821786084437 99 0.0
198455685.0 0.0 1810.780650629758 99 2.858826e-23
116061472.0 0.0 1810.3281652859532 99 0.0
256507966.0 0.0 1797.1169649258006 99 2.9128477e-35
252199778.0 0.0 1810.8062532004342 99 0.0
250555111.0 0.0 1810.9945735462336 99 8.4395905e-24
84216009.0 0.0 1798.4308723451802 99 0.0
241022477.0 0.0 1810.8482848697647 99 1.485642e-38
332982936.0 0.0 1794.952408176713 99 1.4866296e-14
308219912.0 0.0 1798.5151792209176 99 7.422216e-09
20875993.0 0.0 1795.140901254515 99 1.6835553e-16
233609870.0 0.0 1811.3651368625613 99 0.0
370269511.0 0.0 1795.4316795647726 99 0.0
20874581.0 0.0 1797.3701636684718 99 1.6751325e-22
196816906.0 0.0 1810.4734371816244 99 0.0
279061151.0 0.0 1796.2641823850863 99 0.0
352113030.0 0.0 1799.8472331925188 99 2.3222561e-33
250476986.0 0.0 1799.4528493778496 99 5.231968e-18
265292969.0 0.0 1810.5568570329663 99 1.6284906e-19
229480270.0 0.0 1795.594938940344 99 5.3989434e-37
289589219.0 0.0 1798.572411810544 99 3.675704e-26
101032677.0 0.0 1794.7245757918902 99 0.0
207402821.0 0.0 1794.259534671023 99 8.986594e-19
285788731.0 0.0 1799.3066204290087 99 8.975331e-17
428708961.0 0.0 1811.2427950851172 99 0.0
65647427.0 0.0 1810.620059387518 99 4.0894643e-28
390579360.0 0.0 1811.3480859506878 99 0.0
407315823.0 0.0 1806.326373802156 99 0.0
240981697.0 0.0 1796.869524326209 99 0.0
116054123.0 0.0 1810.661343102558 99 0.0
101261261.0 0.0 1795.0787072895857 99 0.0
81509186.0 0.0 1797.2440411932062 99 2.054909e-12
240964649.0 0.0 1798.5152172901549 99 3.6922478e-13
55085866.0 0.0 1795.3270186323527 99 4.8170973e-20
336543055.0 0.0 1797.6797586350947 99 1.341281e-22
327573921.0 0.0 1799.6199036321104 99 7.1929946e-35
236904806.0 0.0 1811.5115252374085 99 0.0
378464628.0 0.0 1799.7431304723307 99 0.0
245636999.0 0.0 1795.702826246455 99 5.9101585e-22
409521951.0 0.0 1811.0991003056627 99 1.8341953e-22
367360355.0 0.0 1805.6797291914183 99 3.2238884e-25
192591464.0 0.0 1797.0782818901832 99 0.0
116616937.0 0.0 1811.4324137523604 99 0.0
359548396.0 0.0 1799.5142068413543 99 0.0
292609043.0 0.0 1796.9948465738573 99 3.2906597e-18
405623715.0 0.0 1794.994808795923 99 2.8967582e-35
284316356.0 0.0 1810.3267107168454 99 0.0
256380997.0 0.0 1799.0741112072042 99 8.463954e-19
65166734.0 0.0 1799.5158749910236 99 7.600914e-27
286477979.0 0.0 1799.2857322054772 99 9.428699e-17
28909025.0 0.0 1795.6413684023016 99 2.6841018e-16
322262706.0 0.0 1793.971083855122 99 2.2713735e-23
117271783.0 0.0 1795.8487597541475 99 4.021909e-25
445236558.0 0.0 1799.2439542358375 99 0.0
426145828.0 0.0 1810.2634035007445 99 7.808421e-22
52179130.0 0.0 1799.3061163475907 99 0.0
235999054.0 0.0 1798.3039272299116 99 1.8973962e-25
233723060.0 0.0 1797.7607265933357 99 1.0093649e-26
264998273.0 0.0 1798.9735259743197 99 0.0
433206092.0 0.0 1811.09929104564 99 1.817305e-08
381806936.0 0.0 1797.7036829410852 99 0.0
402975785.0 0.0 1796.430086944234 99 1.5201547e-22
396201863.0 0.0 1805.7012621724448 99 1.5123447e-24
84215051.0 0.0 1811.0556868728202 99 0.0
427767035.0 0.0 1811.3051506360337 99 0.0
275713133.0 0.0 1796.7433983660226 99 0.0
357743677.0 0.0 1796.0557075635513 99 0.0
232601695.0 0.0 1805.8438486706914 99 5.18817e-38
251550353.0 0.0 1800.015393361377 99 4.3602723e-22
286241302.0 0.0 1798.4954566290228 99 7.426506e-13
372135799.0 0.0 1805.5753086590694 99 2.2416081e-38
445358865.0 0.0 1811.1394820932892 99 0.0
265191865.0 0.0 1793.7652849091846 99 4.054716e-09
365941059.0 0.0 1805.388535563439 99 5.9746924e-23
250529744.0 0.0 1798.7655503938227 99 3.2002157e-25
408731664.0 0.0 1797.9927493487583 99 0.0
422610724.0 0.0 1797.076028495572 99 0.0
417842279.0 0.0 1798.140938684929 99 9.752268e-12
55085515.0 0.0 1797.1395348261397 99 0.0
455960348.0 0.0 1795.7841671120154 99 0.0
117399286.0 0.0 1795.265626593159 99 0.0
401087272.0 0.0 1806.41110916592 99 0.0
21015450.0 0.0 1810.697054817567 99 4.302406e-24
436866363.0 0.0 1806.2455033572478 99 0.0
395858078.0 0.0 1805.513780961127 99 0.0
370951440.0 0.0 1805.3068726864885 99 1.3634058e-23
396065855.0 0.0 1798.3469526342958 99 1.40961e-34
347690442.0 0.0 1794.8275965863027 99 1.5808594e-17
445338849.0 0.0 1796.5355961698137 99 6.189097e-28
376971044.0 0.0 1800.2423520576524 99 3.8048622e-32
198365769.0 0.0 1798.3014893269954 99 0.0
270014077.0 0.0 1795.6804274934436 99 0.0
333803315.0 0.0 1794.762247737035 99 5.634205e-28
264721808.0 0.0 1794.0333906824408 99 1.4740429e-21
445189935.0 0.0 1799.5564880915745 99 0.0
103948885.0 0.0 1810.348921252634 99 2.0564387e-19
104308329.0 0.0 1794.7236411477186 99 2.0463466e-24
49796144.0 0.0 1797.4106860514103 99 0.0
265344857.0 0.0 1797.7425505177478 99 1.01728895e-19
236985082.0 0.0 1799.0535924337235 99 1.9427114e-24
420017091.0 0.0 1798.4520249160214 99 0.0
126098229.0 0.0 1794.9953554548795 99 5.1607083e-25
233525922.0 0.0 1800.1983810640652 99 1.3731064e-19
229402514.0 0.0 1797.6154079799944 99 0.0
379198595.0 0.0 1799.6180697373068 99 1.9721282e-19
192647436.0 0.0 1795.0784447128633 99 2.4312674e-37
184737927.0 0.0 1797.3701728360218 99 0.0
286010581.0 0.0 1811.4107330138306 99 5.3018426e-19
237238590.0 0.0 1797.845427976322 99 0.0
444667363.0 0.0 1810.8480569298824 99 0.0
353492649.0 0.0 1810.8062467098828 99 1.1393289e-12
356735454.0 0.0 1810.5107105699453 99 2.51946e-13
399084672.0 0.0 1793.4107742152528 99 4.2606095e-17
77354160.0 0.0 1806.0788163177087 99 3.5545913e-11
256803647.0 0.0 1798.3450693480113 99 0.0
348673126.0 0.0 1794.9110058675485 99 0.0
331315253.0 0.0 1797.8482779476076 99 0.0
433000652.0 0.0 1794.8701989580215 99 0.0
381655370.0 0.0 1798.5159182312275 99 0.0
13213572.0 0.0 1795.3052108508625 99 0.0
240982081.0 0.0 1795.3070227681953 99 0.0
395940851.0 0.0 1798.1597750155709 99 0.0
357821278.0 0.0 1798.4310649753163 99 0.0
235680772.0 0.0 1806.386780350134 99 0.0
229972471.0 0.0 1795.4904887860516 99 5.8210165e-22
137991883.0 0.0 1793.5996162804017 99 0.0
230387586.0 0.0 1793.6362581308067 99 8.559544e-19
292977092.0 0.0 1797.5575940602332 99 9.471444e-34
270666058.0 0.0 1799.9512632289639 99 0.0
352358226.0 0.0 1810.7850225564089 99 2.6968353e-26
441807493.0 0.0 1797.4280104173965 99 9.854874e-33
445384709.0 0.0 1795.598125333578 99 1.3625084e-35
308446111.0 0.0 1794.640484754776 99 8.3517414e-24
368607501.0 0.0 1794.4722395649337 99 0.0
367351410.0 0.0 1794.7005162985927 99 0.0
327789190.0 0.0 1795.1406901010573 99 0.0
292003360.0 0.0 1795.1825496494967 99 0.0
68156985.0 0.0 1796.2036446540612 99 8.944833e-34
198182146.0 0.0 1793.4889889331919 99 8.749161e-28
444556943.0 0.0 1806.4311491717972 99 0.0
405794529.0 0.0 1793.9086104761038 99 0.0
241130079.0 0.0 1806.4112060011178 99 2.018021e-16
260030759.0 0.0 1799.0569397776133 99 6.185022e-18
379373152.0 0.0 1796.1390727122434 99 0.0
230121095.0 0.0 1797.9066412228628 99 7.01946e-27
354924387.0 0.0 1798.055966800999 99 8.414843e-30
319920081.0 0.0 1798.6604591651499 99 0.0
417266856.0 0.0 1795.514002987612 99 2.5728944e-20
445536653.0 0.0 1796.2443309033288 99 0.0
288510378.0 0.0 1794.261695268395 99 4.643044e-22
13845630.0 0.0 1797.6396463226831 99 5.823273e-25
240875231.0 0.0 1796.3276821230893 99 0.0
83621645.0 0.0 1793.7851797198232 99 0.0
65437396.0 0.0 1806.0160801081283 99 2.891028e-13
104151375.0 0.0 1797.8280902149188 99 0.0
368515911.0 0.0 1805.5557157026174 99 0.0
250496462.0 0.0 1811.0570437847964 99 7.0948435e-14
117752754.0 0.0 1798.2656178497639 99 2.1025684e-31
390657860.0 0.0 1798.7023472051214 99 0.0
435264004.0 0.0 1805.3051168612612 99 0.0
375985983.0 0.0 1794.5755682945444 99 1.210065e-37
240823083.0 0.0 1805.3691306845876 99 0.0
287150731.0 0.0 1793.8853050134655 99 0.0
395692166.0 0.0 1796.0973687708654 99 0.0
237102413.0 0.0 1794.2184824861922 99 3.8682777e-16
293189287.0 0.0 1797.3283763865543 99 9.515662e-19
352572277.0 0.0 1798.243425196037 99 1.6437786e-38
396203936.0 0.0 1806.3890960208287 99 0.0
235681559.0 0.0 1794.8034963556863 99 2.732407e-25
433977371.0 0.0 1796.5758981610354 99 0.0
250860873.0 0.0 1798.5155782164065 99 2.7835064e-24
22900399.0 0.0 1811.1204010376061 99 2.6150132e-38
12746179.0 0.0 1795.5145941008884 99 4.556231e-13
285231238.0 0.0 1797.3478349399518 99 0.0
387994393.0 0.0 1805.9290020332578 99 1.0082245e-21
367815584.0 0.0 1796.9492143654363 99 5.7276456e-14
400339049.0 0.0 1799.6806510840615 99 0.0
178082659.0 0.0 1798.2868918829142 99 5.473598e-22
441801985.0 0.0 1794.5321274633498 99 9.422646e-27
301740928.0 0.0 1811.140641310813 99 1.7165059e-15
264404052.0 0.0 1799.4709354984486 99 1.0483141e-09
286482458.0 0.0 1798.3897461438928 99 2.318772e-15
403584089.0 0.0 1795.4108055303054 99 7.4459997e-19
288626988.0 0.0 1805.8076025577375 99 0.0
368919231.0 0.0 1797.0765986943486 99 0.0
326790523.0 0.0 1810.8057049755396 99 2.0318246e-16
389961500.0 0.0 1798.7186118379202 99 4.606656e-26
280164086.0 0.0 1799.136823539912 99 0.0
268723656.0 0.0 1806.0551018618235 99 0.0
346843955.0 0.0 1794.1202651113415 99 7.2852593e-19
252190282.0 0.0 1806.0773730246242 99 9.293982e-21
285508830.0 0.0 1797.869498954821 99 8.6072656e-38
441715063.0 0.0 1795.4902678629912 99 9.267995e-21
271749513.0 0.0 1797.9515044535813 99 0.0
269893200.0 0.0 1796.2663192595135 99 1.8837964e-38
264801594.0 0.0 1810.2860463152779 99 6.875912e-15
367334334.0 0.0 1799.242148796034 99 0.0
400543141.0 0.0 1799.1817727756043 99 5.0623173e-26
192652602.0 0.0 1798.974136857225 99 3.0569911e-16
399543227.0 0.0 1799.5990803362129 99 0.0
73689467.0 0.0 1811.266166131964 99 0.0
417263187.0 0.0 1799.4100318403075 99 7.4969165e-38
13189191.0 0.0 1799.8066488020604 99 3.368016e-32
332813075.0 0.0 1795.7439547257484 99 0.0
398182591.0 0.0 1795.7226873065588 99 0.0
256460459.0 0.0 1797.3866423093812 99 1.3037574e-24
326918763.0 0.0 1797.2655937745606 99 0.0
359435528.0 0.0 1799.0558827120544 99 0.0
319714769.0 0.0 1798.4311753309155 99 3.5641113e-25
63348754.0 0.0 1810.8700127753223 99 0.0
83720916.0 0.0 1795.889227670394 99 0.0
421691767.0 0.0 1794.5147416151042 99 0.0
194737896.0 0.0 1799.599443341523 99 0.0
367855784.0 0.0 1796.5322649399693 99 0.0
403038960.0 0.0 1793.5991351811608 99 0.0
285162485.0 0.0 1810.6193676021196 99 1.470291e-14
26621692.0 0.0 1797.6411930819588 99 0.0
418257956.0 0.0 1798.2626370409678 99 0.0
316960588.0 0.0 1798.2650520808274 99 0.0
315612971.0 0.0 1796.4527404083494 99 0.0
28692929.0 0.0 1798.0991837963134 99 0.0
365889578.0 0.0 1796.4303393735277 99 1.7244553e-21
367075382.0 0.0 1799.0546299067078 99 1.3499954e-17
12002334.0 0.0 1799.2022212830746 99 0.0
403337222.0 0.0 1794.827029103823 99 0.0
326788321.0 0.0 1793.4935152522382 99 0.0
299436180.0 0.0 1793.3697033568678 99 4.366264e-22
83048050.0 0.0 1799.6391634505212 99 0.0
251790041.0 0.0 1796.5567357904038 99 0.0
240892323.0 0.0 1805.9941328325347 99 7.240134e-25
252101670.0 0.0 1806.2438270740183 99 8.8947386e-21
284889047.0 0.0 1800.0098821220126 99 9.787993e-19
286479496.0 0.0 1794.4730886453085 99 2.335223e-13
194856864.0 0.0 1798.787018337229 99 1.4798513e-14
54721478.0 0.0 1811.2437758259698 99 5.4245365e-24
445244903.0 0.0 1793.368944519863 99 0.0
194777265.0 0.0 1797.8495319019753 99 0.0
116557796.0 0.0 1810.6406368149023 99 0.0
249920084.0 0.0 1799.244687906848 99 0.0
390333685.0 0.0 1795.077173913057 99 1.6260788e-23
428165157.0 0.0 1798.8071675502163 99 9.002743e-14
434437544.0 0.0 1799.7217694853923 99 0.0
421684975.0 0.0 1793.9522129278491 99 1.0986245e-15
129788532.0 0.0 1810.4950580902564 99 0.0
293187737.0 0.0 1799.1617758834968 99 4.039113e-18
321450425.0 0.0 1793.9500896775558 99 4.0005696e-22
410779590.0 0.0 1795.7420569985704 99 1.0701757e-20
396112205.0 0.0 1796.0557241425788 99 2.050243e-19
348611993.0 0.0 1806.3484347762203 99 1.3874927e-32
321912086.0 0.0 1800.6584658771123 99 3.2552683e-23
367949619.0 0.0 1800.2425730171651 99 5.466498e-24
198392180.0 0.0 1811.5305028286848 99 7.326674e-19
301478384.0 0.0 1798.640627083516 99 0.0
49947938.0 0.0 1796.1191185182117 99 1.2407834e-17
71980046.0 0.0 1795.2859823940926 99 5.64728e-16
177827291.0 0.0 1796.4743649849217 99 4.9822007e-14
252865030.0 0.0 1793.557136402326 99 0.0
12645158.0 0.0 1798.1607657650022 99 1.3767088e-20
279599402.0 0.0 1796.2854226019494 99 0.0
403436721.0 0.0 1795.8690529397672 99 0.0
327448564.0 0.0 1800.0560867293946 99 7.311248e-23
299491276.0 0.0 1795.1168963165244 99 0.0
285273628.0 0.0 1811.2660360402306 99 4.289334e-14
445439435.0 0.0 1794.2441916040727 99 3.5874937e-16
347691008.0 0.0 1797.9942780628614 99 5.7861044e-29
259004297.0 0.0 1793.9699192896767 99 0.0
319601211.0 0.0 1797.076975268571 99 0.0
252125143.0 0.0 1795.9105367405434 99 2.5921495e-16
255868007.0 0.0 1810.7826696483112 99 9.156095e-31
186990195.0 0.0 1810.1409252519363 99 5.834273e-12
387238000.0 0.0 1794.5746878683658 99 7.420159e-29
279526102.0 0.0 1810.3257668178153 99 0.0
399350228.0 0.0 1811.2229884612289 99 1.082567e-36
46506379.0 0.0 1793.328826356303 99 4.6462672e-30
192731997.0 0.0 1797.5366441742183 99 0.0
250865149.0 0.0 1795.6406177237216 99 1.0203393e-20
327570310.0 0.0 1811.411155759088 99 0.0018740935
354109773.0 0.0 1794.202494711061 99 0.0
279067445.0 0.0 1793.8268099704421 99 0.0
63690916.0 0.0 1811.3909644481375 99 0.0
271153607.0 0.0 1805.597119223153 99 0.0
445140895.0 0.0 1798.8063443715423 99 0.0
12479247.0 0.0 1795.514917101472 99 0.0
251008411.0 0.0 1806.3070747824397 99 0.0
83723784.0 0.0 1796.1808436755323 99 3.992728e-32
200731857.0 0.0 1798.4327595613368 99 0.0
229510522.0 0.0 1799.7824182161228 99 0.0
301332738.0 0.0 1795.11951253685 99 1.5691938e-14
35154187.0 0.0 1797.0788226012412 99 1.1669658e-12
46425981.0 0.0 1810.870637125933 99 0.0
301739819.0 0.0 1810.2656216831047 99 1.3196279e-18
138116477.0 0.0 1805.6205306713623 99 0.0
229683649.0 0.0 1798.0931229711216 99 7.3254054e-37
28913526.0 0.0 1797.4955650761049 99 6.8112924e-17
13532679.0 0.0 1796.973300638469 99 0.0
117754740.0 0.0 1799.3072356367263 99 0.0
49942082.0 0.0 1798.2857373472461 99 0.0
230018065.0 0.0 1798.698681775071 99 2.517674e-31
327446804.0 0.0 1798.2227532367383 99 0.0
354241911.0 0.0 1798.5548804033047 99 4.4446673e-26
251628129.0 0.0 1795.786080360275 99 0.0
396442496.0 0.0 1794.5128956732697 99 0.0
130059297.0 0.0 1795.8911181193366 99 0.0
240964621.0 0.0 1797.4943921526356 99 0.0
357887247.0 0.0 1799.680941104587 99 6.794689e-38
233210176.0 0.0 1794.7190226355285 99 0.0
301997445.0 0.0 1796.3488927436704 99 2.6443097e-34
320502307.0 0.0 1799.4474674769078 99 0.0
259234489.0 0.0 1810.3864067183745 99 0.0
249892509.0 0.0 1795.661227412349 99 1.7331794e-37
264052814.0 0.0 1799.220698457897 99 0.0
116215585.0 0.0 1796.890599950842 99 0.0
376870405.0 0.0 1805.7825042510499 99 3.951606e-16
338374689.0 0.0 1799.304871760349 99 2.8990015e-28
371217233.0 0.0 1795.5336703350058 99 1.4693746e-25
364185907.0 0.0 1795.2207071752268 99 4.167771e-19
256642905.0 0.0 1797.5753086488073 99 1.2349391e-37
230090786.0 0.0 1797.219015284247 99 0.0
305165331.0 0.0 1794.8247257452094 99 0.0
441722558.0 0.0 1794.552654696647 99 2.160538e-26
284080203.0 0.0 1811.0580119107872 99 0.0
192836247.0 0.0 1795.9115605944044 99 0.0
264294981.0 0.0 1805.512616221608 99 1.3072973e-33
331937156.0 0.0 1798.159895765579 99 0.0
67574799.0 0.0 1810.7244419088236 99 4.8159843e-13
268333885.0 0.0 1794.8662473639477 99 0.0
279185619.0 0.0 1798.847660499725 99 4.4267596e-21
403588925.0 0.0 1797.991796660291 99 0.0
285130759.0 0.0 1793.160139364219 99 1.1150757e-20
396534780.0 0.0 1799.742899676176 99 0.0
435745269.0 0.0 1805.5135210820354 99 0.0
353730642.0 0.0 1798.0309819236468 99 4.1436667e-23
346022245.0 0.0 1811.098513167172 99 1.3842813e-13
77354448.0 0.0 1798.4746868715683 99 2.2609132e-12
366110508.0 0.0 1795.347684558611 99 8.901799e-21
280412792.0 0.0 1799.9937814096904 99 1.2259618e-19
20705070.0 0.0 1798.9116427894587 99 5.603301e-12
229683910.0 0.0 1797.4888987176355 99 1.9407865e-23
130060132.0 0.0 1794.6410591812646 99 2.6630336e-14
199548146.0 0.0 1794.843206650159 99 0.0
184738802.0 0.0 1810.2658603764132 99 5.503755e-27
250553237.0 0.0 1798.7446294567737 99 2.0277122e-17
34715287.0 0.0 1796.0580701842882 99 1.12268336e-32
235905828.0 0.0 1798.1787492680892 99 0.0
177879138.0 0.0 1810.8494196477357 99 0.0
240900115.0 0.0 1796.3485886604997 99 1.425171e-34
275188990.0 0.0 1795.4092533039666 99 8.560561e-18
368509333.0 0.0 1811.367869548899 99 0.0
403752840.0 0.0 1800.3898683493203 99 5.149594e-19
54057589.0 0.0 1797.4727573677862 99 0.0
240946730.0 0.0 1806.1817636793144 99 0.0
81916985.0 0.0 1795.4105153168505 99 2.0203242e-16
272540534.0 0.0 1798.2223943059669 99 0.0
177913100.0 0.0 1798.9326919524653 99 0.0
403589370.0 0.0 1798.4703036307078 99 4.3135236e-35
403037892.0 0.0 1794.4116839728347 99 2.90041e-33
428114976.0 0.0 1796.8489341819416 99 4.1021585e-32
13088260.0 0.0 1799.098307413991 99 1.0848097e-17
116849668.0 0.0 1794.4531471046819 99 2.093621e-38
435446518.0 0.0 1805.2842919566215 99 0.0
405491558.0 0.0 1810.891470105212 99 7.639948e-36
20706163.0 0.0 1805.8283612091993 99 0.0
184693363.0 0.0 1794.7660686308398 99 0.0
233006770.0 0.0 1796.6361290653645 99 2.7719944e-27
323124948.0 0.0 1794.9500744753004 99 2.0645481e-10
387269721.0 0.0 1805.6375406278535 99 2.542597e-29
396028046.0 0.0 1797.7221279876337 99 0.0
284913961.0 0.0 1793.639317122721 99 3.4188414e-22
286224091.0 0.0 1796.264913648642 99 2.063585e-31
353956975.0 0.0 1799.07829016421 99 3.328054e-17
194612913.0 0.0 1810.432921482718 99 0.0
233734547.0 0.0 1798.9690518372308 99 1.7778772e-38
408731888.0 0.0 1805.7428715868905 99 0.0
445336581.0 0.0 1799.0771935402272 99 2.7532513e-31
423037843.0 0.0 1806.1818062547868 99 2.1878032e-30
436873082.0 0.0 1796.620652817856 99 0.0
359498041.0 0.0 1799.364671138246 99 3.5826524e-16
192806056.0 0.0 1798.0158544070941 99 0.0
240868409.0 0.0 1805.8900031566207 99 0.0
249884710.0 0.0 1805.4948274623357 99 0.0
352772941.0 0.0 1798.6391311925113 99 0.0
434813994.0 0.0 1805.7217554776857 99 2.2589354e-19
323300561.0 0.0 1795.1171792801156 99 1.023314e-34
264052963.0 0.0 1796.970674756016 99 2.008064e-21
251330512.0 0.0 1797.4527478622263 99 0.0
251815533.0 0.0 1805.327990879254 99 6.350502e-22
398156203.0 0.0 1798.5767559699188 99 8.441218e-20
236771139.0 0.0 1811.3862676640995 99 4.2417397e-29
428661642.0 0.0 1799.430666082643 99 0.0
445144913.0 0.0 1797.3062758530848 99 0.0
370849212.0 0.0 1805.7025990313944 99 0.0
259293097.0 0.0 1798.59921241447 99 0.0
387998139.0 0.0 1799.5957397483703 99 4.1573364e-35
415903980.0 0.0 1793.5991351595842 99 0.0
292152018.0 0.0 1796.4740108202327 99 5.27862e-32
445378752.0 0.0 1810.7021561286049 99 3.8382057e-15
302084099.0 0.0 1796.995145691018 99 0.0
101216819.0 0.0 1796.0578395779023 99 3.2895044e-26
73487019.0 0.0 1798.7245364947444 99 0.0
287081013.0 0.0 1805.488975893469 99 0.0
284915325.0 0.0 1811.3267020075352 99 3.5572573e-22
284609328.0 0.0 1806.014310112377 99 3.3432691e-19
251514597.0 0.0 1796.7858885127837 99 5.1216115e-14
230377102.0 0.0 1799.115092269598 99 2.528416e-23
427654632.0 0.0 1811.3049680775828 99 5.7301764e-23
139355123.0 0.0 1795.6828386184784 99 0.0
241117789.0 0.0 1795.6614182482526 99 2.438892e-16
346628085.0 0.0 1799.2246492858187 99 9.801531e-24
139374747.0 0.0 1793.8076598562106 99 2.9775552e-15
247012234.0 0.0 1796.933143318675 99 0.0
116016135.0 0.0 1798.0572281152315 99 0.0
67660025.0 0.0 1794.6618845248854 99 1.3031607e-24
12901320.0 0.0 1794.9106646654104 99 5.0517628e-27
422386791.0 0.0 1797.783313527546 99 0.0
403688991.0 0.0 1810.8486126688142 99 3.2823937e-28
444144683.0 0.0 1810.5570398707714 99 0.0
116762834.0 0.0 1795.6404336261987 99 3.400571e-27
441814153.0 0.0 1797.6782732913737 99 1.798365e-26
200734451.0 0.0 1796.4536449458137 99 1.6140196e-18
186970340.0 0.0 1810.7034224587467 99 0.0
348133402.0 0.0 1811.056894032022 99 3.9191678e-22
396714371.0 0.0 1810.8890789128611 99 0.0
346781468.0 0.0 1794.0994261590604 99 5.463382e-20
359629316.0 0.0 1805.968792789837 99 1.6575355e-32
116009307.0 0.0 1798.3073840497545 99 1.1027025e-28
81755546.0 0.0 1811.3481889117 99 0.0
397234039.0 0.0 1797.7433008956773 99 0.0
368406088.0 0.0 1797.2017054649502 99 0.0
256476305.0 0.0 1796.7227062527375 99 8.754255e-16
245621333.0 0.0 1806.1193105147677 99 0.0
373126975.0 0.0 1799.1593267714884 99 0.0
381652131.0 0.0 1798.5159106375552 99 1.5010453e-16
354319204.0 0.0 1797.1195631196497 99 0.0
394031081.0 0.0 1799.4703943041957 99 0.0
219738983.0 0.0 1794.1137904839734 99 0.0
250553209.0 0.0 1798.3904626414844 99 0.0
399441295.0 0.0 1799.2438719636905 99 0.0
22739134.0 0.0 1811.432816355665 99 0.0
377099523.0 0.0 1806.385530370658 99 1.7565765e-36
311829828.0 0.0 1795.3271048866125 99 2.665462e-22
387329606.0 0.0 1805.7829404916392 99 6.000522e-24
379084450.0 0.0 1798.9305792230728 99 2.4783197e-16
256579589.0 0.0 1795.679510243844 99 2.8625573e-31
292150215.0 0.0 1794.4740062741776 99 7.016601e-14
279849549.0 0.0 1795.3482213109608 99 1.2648684e-19
417662736.0 0.0 1805.304857935765 99 0.0
441718248.0 0.0 1795.8027595039425 99 5.8893886e-21
34754039.0 0.0 1797.287322990774 99 3.790658e-28
397926071.0 0.0 1796.2644010195502 99 1.2509592e-24
270815973.0 0.0 1799.4305484344259 99 0.0
241064755.0 0.0 1799.6819812905599 99 0.0
299432200.0 0.0 1794.744583293935 99 0.0
405612354.0 0.0 1797.161619174672 99 0.0
285431874.0 0.0 1810.4327144433116 99 0.0
312147538.0 0.0 1794.4523479743657 99 0.0
378585324.0 0.0 1795.4303790061356 99 0.0
333112922.0 0.0 1794.4109661532116 99 3.7440993e-26
184736890.0 0.0 1795.0367776161984 99 0.0
