tic gt tpeak labels pred_s0125
347687318.0 1.0 1798.2651998994518 1 0.99893975
34819390.0 1.0 1797.4956198590608 1 0.9999776
327001139.0 1.0 1799.535158366624 1 0.99946046
331814268.0 0.0 1812.3470710223448 0 7.855613e-06
189674221.0 0.0 1805.3490051747926 0 0.00566836
350132371.0 0.0 1805.1794268423168 3 9.336754e-31
177800448.0 1.0 1794.474434772517 1 0.99960166
241027976.0 0.0 1808.8693298210053 0 0.0019679095
424572302.0 1.0 1799.0774208866153 1 0.9986405
63468121.0 1.0 1797.7662116275528 1 0.99998003
428795527.0 0.0 1809.5761974631555 3 7.7387445e-12
35225770.0 0.0 1809.2664765792665 0 0.00033067752
348607534.0 1.0 1798.3276725263902 1 0.99786884
387833904.0 0.0 1793.324929735936 0 0.0008706893
402372446.0 1.0 1796.3912079510453 1 0.99983627
233079659.0 0.0 1807.489832016091 3 6.260769e-26
387448360.0 1.0 1796.8039058420025 1 0.9999873
237104365.0 0.0 1794.6354309449382 2 2.7493294e-10
336540239.0 1.0 1797.263106844898 1 0.9997024
274949415.0 0.0 1812.3469955169905 0 3.2073424e-24
427475064.0 1.0 1805.3466842764933 1 0.9999702
67568294.0 1.0 1793.8285898178003 1 0.99976903
322208884.0 1.0 1806.366772196192 1 0.9937899
240815660.0 1.0 1794.5360417309596 1 0.9997749
54116017.0 1.0 1794.764437754356 1 0.9946317
21178009.0 1.0 1805.5162952184278 1 0.9994687
376499580.0 0.0 1797.9090574359548 3 0.0
453223094.0 0.0 1809.1815271740065 0 4.6305448e-07
130061105.0 1.0 1798.7451738909801 1 0.99976724
251100825.0 1.0 1794.8066384078652 1 0.9997628
305435383.0 0.0 1809.2022421214233 0 5.1035386e-05
320504104.0 1.0 1805.968439214151 1 0.9999062
94372467.0 1.0 1796.0369542722476 1 0.9996749
219879302.0 1.0 1797.5940410291037 1 0.9999329
84168650.0 0.0 1794.555933768745 2 7.0789004e-12
378854472.0 1.0 1795.4306998219624 1 0.99978274
278850732.0 1.0 1799.9307973009834 1 0.99988264
366470628.0 1.0 1795.2003276992189 1 0.99837625
399207947.0 1.0 1795.22300247188 1 0.9970503
289723181.0 1.0 1800.3641615792783 1 0.9998104
372114438.0 1.0 1794.5567493151852 1 0.9994456
352033634.0 1.0 1810.5766822567732 1 0.9995005
250610534.0 1.0 1794.6820158404287 1 0.99971503
326968938.0 1.0 1794.2240355838414 1 0.99996996
317402981.0 1.0 1806.2423442729953 1 0.99992067
321734164.0 1.0 1796.6792803390604 1 0.9999874
407928263.0 0.0 1812.7664685611232 0 8.6799173e-07
415902272.0 0.0 1809.1406131262854 0 0.00021658908
279522672.0 1.0 1810.5341212602937 1 0.99863935
284889047.0 1.0 1800.0098821220126 1 0.9995913
51029712.0 0.0 1808.9106998821312 0 7.82362e-05
449997889.0 0.0 1812.7017891424925 0 1.6783223e-06
445593043.0 1.0 1797.7650017321023 1 0.99990726
241067505.0 1.0 1799.7028997142506 1 0.99982595
252826739.0 1.0 1810.744969094242 1 0.99988616
232615019.0 1.0 1798.5100373518617 1 0.9998578
445536653.0 1.0 1796.2443309033288 1 0.9998826
198388252.0 0.0 1802.2805482048393 3 0.0
50187642.0 1.0 1796.5982887994999 1 0.99977833
356820646.0 0.0 1811.2822039041805 3 0.0
307207934.0 1.0 1796.9316523728342 1 0.9285581
399799675.0 1.0 1795.700731388304 1 0.99963343
308223707.0 0.0 1796.1611824133934 2 3.105619e-07
12481463.0 1.0 1799.2648945139051 1 0.99991226
251811476.0 1.0 1798.3486362595297 1 0.9990695
429031045.0 1.0 1805.804353412148 1 0.9999946
389545459.0 1.0 1798.806475932158 1 0.99992573
403307131.0 0.0 1796.639561887138 0 0.005294093
54049295.0 1.0 1795.8686508805315 1 0.9998254
202839485.0 0.0 1806.8491695905172 3 5.309918e-08
192472815.0 1.0 1793.9740771457373 1 0.99971867
445223944.0 0.0 1809.2019222978736 0 4.4368357e-05
12647445.0 1.0 1794.598255649266 1 0.9997058
327258368.0 0.0 1812.3693924856577 0 2.6693172e-08
352954787.0 0.0 1800.3039101720126 3 0.0
194673158.0 0.0 1793.141016751653 0 0.00019543809
399740559.0 0.0 1808.8469058639287 0 1.3443611e-06
326914202.0 0.0 1805.8279418794098 2 1.5008221e-16
408703119.0 0.0 1799.3049869105225 2 3.034314e-30
441736971.0 1.0 1810.3448799788443 1 0.999642
269039656.0 1.0 1798.7219962101904 1 0.99999636
307038586.0 0.0 1793.556698756502 2 1.4509678e-22
406267557.0 1.0 1797.7002251148933 1 0.99966264
265349418.0 1.0 1810.9301660826316 1 0.9999959
444140186.0 0.0 1812.7860844195557 0 1.337412e-09
233079659.0 0.0 1812.8231476788853 3 1.0815587e-23
10602308.0 1.0 1811.535545217716 1 0.99999905
177992394.0 1.0 1811.1828116137967 1 0.99996567
65357008.0 1.0 1810.12013265197 1 0.9989195
301162104.0 1.0 1794.8072443681508 1 0.9998306
385443544.0 0.0 1808.8468344727894 0 1.4482758e-13
403525927.0 0.0 1808.869263878576 0 9.662072e-06
117662217.0 0.0 1812.3699182990667 0 1.1776764e-06
389631988.0 1.0 1799.8897522204934 1 0.999616
445381452.0 1.0 1806.2647175579823 1 0.99998707
104148789.0 1.0 1795.432129071083 1 0.99988997
366784073.0 0.0 1798.2838262169234 2 8.577301e-17
366637868.0 0.0 1808.9086690313907 0 1.1830136e-13
229770438.0 0.0 1805.2196851306783 0 0.0010366051
428958057.0 0.0 1812.388113886956 0 3.2695577e-14
375657170.0 0.0 1805.61712200009 2 5.4966767e-11
445443651.0 1.0 1806.1192384881801 1 0.9999993
103952689.0 1.0 1796.6198553320048 1 0.99997854
289357650.0 1.0 1799.3263018353696 1 0.9999242
418134659.0 1.0 1794.9306878798268 1 0.9999316
245512147.0 1.0 1793.9735539891344 1 0.9991132
229945319.0 1.0 1795.8237237666315 1 0.9999562
428549685.0 0.0 1805.6810581955979 0 6.053743e-06
73693973.0 1.0 1795.2871437010394 1 0.9980909
449937545.0 1.0 1810.5782814386628 1 0.999756
428795527.0 0.0 1798.5760044840617 3 8.952453e-10
362218331.0 1.0 1793.4702567841543 1 0.99900734
264153890.0 1.0 1805.4708434896272 1 0.9994999
278856459.0 1.0 1796.8893309683672 1 0.9998395
401286142.0 0.0 1806.1180749617524 2 0.0
240832085.0 0.0 1805.5149113565894 0 1.1527933e-17
404113711.0 1.0 1798.1584800661797 1 0.99986684
431837541.0 1.0 1806.182662010579 1 0.999991
367681735.0 0.0 1798.2817730483648 3 0.0
264294812.0 0.0 1808.9918036412362 0 2.422724e-13
284809168.0 0.0 1809.2016429327161 0 4.3145127e-07
82554765.0 1.0 1796.4105812669404 1 0.9994065
353878590.0 1.0 1797.474296907152 1 0.9996896
388439836.0 1.0 1806.054785774672 1 0.999668
445189105.0 0.0 1796.6398438705953 0 4.240388e-06
255970097.0 0.0 1805.743437777276 0 1.5140006e-10
374563067.0 1.0 1810.8483813456285 1 0.99982584
453154029.0 0.0 1796.1397565725426 2 6.704615e-33
404654596.0 1.0 1795.6377001649112 1 0.99951005
229586108.0 1.0 1797.5530576424526 1 0.99998814
233679313.0 1.0 1795.7809245827218 1 0.99947643
77543937.0 0.0 1810.1204482184103 2 7.583943e-19
219849958.0 0.0 1794.9274513206167 2 4.537648e-12
401495049.0 1.0 1796.9925382004417 1 0.99980694
418257102.0 0.0 1806.7209220345078 3 0.0
279266421.0 1.0 1799.1598955514835 1 0.9999989
392571860.0 1.0 1798.5939618701025 1 0.99994147
285905317.0 1.0 1798.8896226054367 1 0.99877
245462642.0 1.0 1794.2443965986279 1 0.9999891
279566917.0 0.0 1793.409272041075 0 5.684999e-23
186746813.0 1.0 1810.6827023735825 1 0.9987386
279284536.0 1.0 1795.4933325388272 1 0.9999328
400819374.0 1.0 1796.202106459433 1 0.9999986
272420313.0 1.0 1805.5137662405991 1 0.9967781
67765649.0 1.0 1805.3494699481278 1 0.9990553
50934824.0 1.0 1810.1190225598834 1 0.9975457
431968168.0 1.0 1798.8282476830657 1 0.9986911
256506463.0 1.0 1811.1792834491762 1 0.999818
298356329.0 1.0 1799.1801896798202 1 0.9946317
200731418.0 1.0 1797.5160606385139 1 0.99882597
20767856.0 1.0 1796.0783073880027 1 0.9984345
301100564.0 0.0 1808.8488514774594 0 0.0002514077
233525922.0 1.0 1800.1983810640652 1 0.9988671
445366885.0 0.0 1798.4522203975378 2 1.5779004e-18
230074997.0 0.0 1796.906445790182 2 2.9177786e-32
101258958.0 1.0 1795.703775030265 1 0.9998336
275370398.0 1.0 1798.2219079734386 1 0.9999997
270335224.0 1.0 1799.2846681117903 1 0.998927
431768693.0 0.0 1795.0365872156524 2 5.207999e-12
432070155.0 1.0 1794.890726808707 1 0.99976563
400251883.0 0.0 1805.722188969861 2 1.0375745e-12
68153389.0 1.0 1798.3285268895916 1 0.9993263
271338321.0 0.0 1798.2846941008845 2 4.0985783e-16
401009243.0 1.0 1805.5153551456713 1 0.9991979
35023339.0 1.0 1797.4956121338803 1 0.9993799
250861781.0 1.0 1793.6614196271762 1 0.9996195
356701798.0 0.0 1810.5526271174247 3 0.0
263930898.0 1.0 1797.4059296957112 1 0.99929667
390168532.0 0.0 1809.202256987811 0 1.6075444e-06
321450937.0 1.0 1794.4500909105182 1 0.999153
389961846.0 1.0 1806.2393641967537 1 1.0
376301901.0 1.0 1797.160352425946 1 0.99911577
265307600.0 1.0 1810.4500662913192 1 0.999404
230083123.0 0.0 1793.177227812593 0 7.591938e-10
265427465.0 0.0 1812.3675327811736 0 7.622223e-09
240873079.0 0.0 1804.7442822773273 3 0.0
11151802.0 1.0 1798.098122245552 1 0.9999711
104062459.0 0.0 1812.3490692731868 0 9.710132e-07
229953415.0 1.0 1798.7820597153539 1 0.9999016
366099730.0 0.0 1812.4723026373122 0 2.4955017e-07
138021649.0 1.0 1795.6203924714966 1 0.99849373
288624796.0 1.0 1810.11999814725 1 0.99993455
374308432.0 1.0 1811.4316347576244 1 0.99773085
319716340.0 0.0 1810.2434498853322 2 1.93758e-19
427737930.0 1.0 1793.30783992042 1 0.99996406
177916290.0 1.0 1798.5786382802048 1 0.9994493
138048716.0 1.0 1811.0371116170315 1 0.9998766
346844080.0 1.0 1798.2453251714844 1 0.999755
349294422.0 0.0 1795.1829794037546 3 4.503958e-20
308219626.0 0.0 1793.140183254845 0 3.881567e-12
418032156.0 0.0 1805.3700859137955 0 3.170051e-05
348678244.0 0.0 1794.1611342571 2 8.790358e-17
372112312.0 0.0 1793.327516831101 0 0.0009792132
224604943.0 0.0 1806.3848808612302 2 3.2154988e-18
229773924.0 1.0 1810.7195983811084 1 0.9999524
284080402.0 0.0 1809.1205145521064 0 0.00017352792
406891026.0 1.0 1797.9307114352189 1 0.99991935
400668024.0 1.0 1796.6191941587474 1 0.9998077
396059992.0 0.0 1807.2017179572738 3 0.00095472584
410500645.0 0.0 1794.869609197297 2 6.593853e-17
256647044.0 0.0 1797.6378283531071 2 2.2403145e-18
356892546.0 1.0 1798.6768787295528 1 0.999834
427579590.0 0.0 1805.5373098862017 0 0.0002153133
237236072.0 1.0 1795.9911028833737 1 0.9961701
326969027.0 1.0 1797.0990022814 1 0.99985015
29020970.0 1.0 1795.4330566144129 1 0.9994982
229598099.0 1.0 1799.0530598695136 1 0.9995277
184684876.0 1.0 1798.7660626543684 1 0.99953866
312471759.0 1.0 1797.1606102342982 1 0.9996946
101036391.0 1.0 1794.4327966460207 1 0.99957454
317836353.0 0.0 1811.5341349850703 2 2.2162719e-29
285181196.0 0.0 1811.0993295803348 3 8.003388e-06
229676244.0 0.0 1811.7824048878347 3 6.2747835e-25
367754564.0 0.0 1808.907854446761 0 4.8758367e-05
332477475.0 1.0 1805.9058549291285 1 0.9998263
229407392.0 0.0 1811.5112056929743 2 1.6586932e-17
334679038.0 0.0 1808.84489600382 0 4.0287287e-05
400674996.0 1.0 1797.243796052704 1 0.9999021
331612419.0 1.0 1797.6398376053903 1 0.99992055
94455316.0 0.0 1793.1410072931294 0 0.00045938036
21190190.0 1.0 1797.9476418649433 1 0.99982315
311821411.0 1.0 1796.8896155117382 1 0.9999613
291887568.0 0.0 1805.2239358336192 0 1.1706733e-12
376088257.0 1.0 1796.0966618563039 1 0.99969894
249884710.0 0.0 1809.1197996031697 0 3.325544e-08
229610965.0 1.0 1798.6156069590745 1 0.999992
198416591.0 0.0 1811.4681711748651 3 0.0
332497602.0 1.0 1810.6188545614689 1 0.99966186
202839485.0 0.0 1806.0158469189798 3 3.7999897e-09
456130400.0 0.0 1810.5785611006092 3 0.0
308712908.0 1.0 1810.5359101465876 1 0.99964505
229703412.0 1.0 1797.031860422304 1 0.9999485
284148066.0 1.0 1798.3478006096593 1 0.99962527
329083941.0 1.0 1796.3250160954292 1 0.999585
365947827.0 0.0 1809.2427577198548 0 6.9853035e-32
71698199.0 1.0 1796.3902127541662 1 0.9998554
233569928.0 0.0 1793.4069497314704 0 1.433734e-06
229676244.0 0.0 1811.574068538551 3 1.63426e-26
258874878.0 0.0 1805.1990886113792 0 1.6966045e-05
65205803.0 1.0 1796.1823206950112 1 0.99902827
235989720.0 1.0 1799.1580708197396 1 0.9999954
230122533.0 0.0 1793.177052085347 0 1.1829946e-11
416049559.0 1.0 1798.8075693300198 1 0.9988792
126063387.0 0.0 1793.8912336491946 2 0.07010126
11431521.0 1.0 1799.410661190213 1 0.9997344
117490267.0 0.0 1796.8279270464734 0 0.00016468752
445336151.0 0.0 1793.2438870367305 0 1.0318838e-10
137962981.0 1.0 1798.4537901922463 1 0.99807954
312672257.0 1.0 1806.2646054235686 1 0.9996928
237117553.0 0.0 1799.7391002599122 2 1.0739882e-18
118389968.0 0.0 1812.453577126554 0 0.0020950453
332983286.0 0.0 1793.1398949205443 0 5.7597184e-08
387260984.0 1.0 1810.6579200887538 1 0.9998339
308618427.0 1.0 1796.3069065198226 1 0.9998733
379530164.0 1.0 1797.472607338043 1 0.99980706
50509016.0 1.0 1799.077228638291 1 0.9995878
285510317.0 0.0 1793.4736058433366 2 0.00088058447
241087623.0 1.0 1805.3278125187985 1 0.999852
302385823.0 0.0 1799.0780279076166 2 9.661034e-15
268394120.0 0.0 1796.6371723952868 0 1.2170645e-07
219900027.0 0.0 1797.1149829863002 3 0.0
326815804.0 0.0 1808.5139336344093 3 0.004828697
207402821.0 1.0 1794.259534671023 1 0.9999382
350697003.0 0.0 1812.3665265447646 0 5.047088e-10
445288111.0 1.0 1793.7646911260872 1 0.9999729
219741444.0 1.0 1796.4263163201572 1 0.9992257
427767103.0 0.0 1805.2010878098415 0 3.141738e-21
354258570.0 1.0 1798.8280182793287 1 0.99978936
34716032.0 1.0 1799.766451248404 1 0.9999286
230001477.0 1.0 1798.8236289731656 1 0.99995315
285181196.0 0.0 1797.2454067958706 3 1.0456059e-17
346627403.0 0.0 1805.5788314444712 3 0.0
394121889.0 0.0 1808.8449855753013 0 1.6882655e-06
104058673.0 1.0 1794.8072040842806 1 0.9982431
331516361.0 1.0 1794.9940376676934 1 0.9995264
301909087.0 0.0 1800.599028649401 3 7.7985654e-15
307117358.0 1.0 1799.8274992343524 1 0.99983823
245469137.0 0.0 1793.3275662310812 0 1.5543712e-14
441765083.0 1.0 1806.240750213488 1 0.9996912
311934395.0 1.0 1797.0148193093744 1 0.9999702
280033934.0 0.0 1805.8867828072716 3 0.0
368892974.0 1.0 1805.555671822787 1 0.99990964
269697721.0 0.0 1806.3452460283174 3 0.0
238660312.0 1.0 1798.0780430537618 1 0.9996406
400441468.0 1.0 1798.0567038944303 1 0.9997246
402894184.0 1.0 1810.3450795051256 1 0.99999493
445483993.0 0.0 1799.3901529774598 2 3.9120587e-29
418257102.0 0.0 1797.0751438336092 3 0.0
285238128.0 1.0 1797.0778667675397 1 0.99975365
12006387.0 1.0 1796.2231217501533 1 0.9996492
302393787.0 0.0 1799.3280657834905 2 2.7045783e-29
117501993.0 1.0 1797.4323464009644 1 0.9999116
13033579.0 1.0 1810.450695674716 1 0.9999908
229510389.0 1.0 1796.0116496349367 1 0.9999043
129686075.0 0.0 1798.9951773463645 2 2.0017146e-07
186667279.0 1.0 1810.2244468316067 1 0.99844503
429001380.0 1.0 1799.783878008672 1 0.99985945
192471870.0 0.0 1808.9534034984424 0 0.00013692938
421334653.0 1.0 1798.615113097842 1 0.9999901
186720659.0 1.0 1810.2245236575677 1 0.9994845
288510263.0 1.0 1806.1784850687081 1 0.9999999
331814763.0 1.0 1798.5138060018385 1 0.9999246
241079003.0 0.0 1793.1404595516144 0 4.1864197e-09
353989378.0 1.0 1810.1349190484157 1 0.9996869
177828016.0 1.0 1810.8077356094552 1 0.99717385
326633766.0 1.0 1798.0348299599677 1 0.9999794
397282402.0 1.0 1795.035251629634 1 0.99998444
10353856.0 1.0 1797.1812295188388 1 0.9946317
259934757.0 1.0 1811.2650332136177 1 0.9999853
331605323.0 1.0 1794.5980937344657 1 0.9999928
367816432.0 1.0 1806.2423544192209 1 0.99996287
265090830.0 0.0 1799.2860462290141 2 3.8577414e-16
428257299.0 0.0 1812.24485888121 3 0.0
333956519.0 0.0 1810.4706678814534 2 8.992848e-16
423948197.0 1.0 1810.4917959170025 1 0.99947745
293064149.0 1.0 1793.8490774196482 1 0.9999743
390021728.0 0.0 1797.7812035120426 3 0.0
399788405.0 0.0 1794.8438463381121 3 0.0
445346861.0 0.0 1793.139976152265 0 3.3508838e-16
396615018.0 0.0 1806.5367579692875 3 4.2239308e-21
137082911.0 0.0 1793.3055706344032 0 1.0098661e-10
370691294.0 0.0 1796.0565701698881 2 5.881795e-15
379378830.0 1.0 1795.1809990108989 1 0.9999495
116273644.0 1.0 1811.1822456016114 1 0.9997735
264615805.0 0.0 1798.8902183280952 3 1.0312395e-08
427515476.0 1.0 1798.3049414542336 1 0.99998844
445515145.0 1.0 1793.4526056809893 1 0.99994093
192468117.0 1.0 1810.7451903197687 1 0.9991528
456130400.0 0.0 1793.3491805484066 3 0.0
34786329.0 0.0 1805.3706334330213 0 0.0008317933
372217648.0 1.0 1799.283724560988 1 0.9946317
82392612.0 1.0 1794.2867272500232 1 0.99978334
54715950.0 0.0 1805.5563556169889 0 2.9628713e-11
219851909.0 1.0 1795.4896100299798 1 0.9997412
230386284.0 0.0 1806.4277091858264 3 0.0
250821007.0 1.0 1796.5362370458492 1 0.99956894
378287918.0 1.0 1797.9515347196173 1 0.99997795
368240927.0 0.0 1812.3677548557914 0 6.58124e-24
403883514.0 0.0 1796.827467558588 0 0.00020191699
229443205.0 1.0 1797.0531921876475 1 0.99979883
249954147.0 0.0 1798.9320829149144 2 2.1197053e-05
434972915.0 1.0 1795.1178129991224 1 0.99939746
384816045.0 1.0 1794.4109147015845 1 0.999258
372630691.0 0.0 1796.6397676027968 0 5.283863e-07
415962763.0 1.0 1796.2865933082949 1 0.9994593
320043149.0 1.0 1811.4518432452344 1 0.9998275
445245263.0 0.0 1805.5562777564262 0 3.8631525e-09
12733815.0 1.0 1799.1399075506301 1 0.99994713
428121854.0 0.0 1812.3906423549938 0 6.8980395e-13
235952599.0 0.0 1795.4704652220848 2 1.5096471e-06
376199712.0 1.0 1810.181167608174 1 0.9997449
387411425.0 1.0 1798.908106616739 1 0.9997431
311233370.0 1.0 1805.8234358889993 1 0.99969107
61000856.0 1.0 1805.6413301343575 1 0.99958086
445425975.0 0.0 1805.55631703544 0 4.1967014e-05
399788405.0 0.0 1806.9061560959371 3 0.0
280408301.0 1.0 1794.8476350524816 1 0.9993555
321600323.0 1.0 1798.1365131391344 1 0.9998548
468343249.0 0.0 1806.7635061240323 3 0.0
428381519.0 1.0 1799.1599724382786 1 0.9999251
357672824.0 0.0 1798.3898761392268 2 7.509772e-22
332377663.0 1.0 1800.2857187166182 1 0.99984175
12834319.0 1.0 1798.973105416311 1 0.99961334
323124948.0 1.0 1794.9500744753004 1 0.99941003
34691690.0 1.0 1796.6206201267232 1 0.99969786
272782935.0 1.0 1810.1564157226326 1 0.9989395
233524766.0 0.0 1812.3859546765157 0 1.5421443e-23
334490271.0 0.0 1805.2003304808275 0 6.8896173e-15
285236231.0 0.0 1809.2019284566563 0 6.728857e-05
445555125.0 1.0 1810.8067062674454 1 0.9997722
13100138.0 1.0 1811.179862850443 1 0.9998997
366517381.0 0.0 1809.4080577570846 3 0.0
302390302.0 0.0 1805.2029871496616 0 6.8145427e-09
280321964.0 0.0 1797.0767014726935 3 0.0
389963202.0 1.0 1811.531156236172 1 0.99979055
416195512.0 1.0 1811.1355818009697 1 0.9999923
316623754.0 1.0 1811.036294547745 1 0.99861133
359546833.0 1.0 1798.9308959233426 1 0.99997425
11996922.0 1.0 1795.1812096190458 1 0.9999994
256507852.0 1.0 1797.033634395029 1 0.9999879
65202284.0 0.0 1812.3493019537245 0 0.0013827098
420114772.0 0.0 1811.407681769993 3 2.2933836e-38
265188671.0 1.0 1810.1176453599019 1 0.9940308
49942082.0 1.0 1798.2857373472461 1 0.9999756
149979036.0 1.0 1795.3079027869035 1 0.9997627
377984842.0 1.0 1798.826230698732 1 0.9999868
373456922.0 1.0 1810.5135639412097 1 0.9997183
249893819.0 1.0 1796.3487843483729 1 0.99999434
130084489.0 0.0 1794.7660700985725 2 3.1387324e-09
396206067.0 0.0 1808.8472845677957 0 7.234036e-09
259148497.0 0.0 1798.6822283170798 2 1.1383046e-14
67391250.0 0.0 1809.2032507956912 0 2.431984e-09
94279774.0 0.0 1805.6204960205325 0 0.00027045517
229769044.0 0.0 1808.8863869207223 0 5.8247396e-10
233075787.0 1.0 1805.9689415101889 1 0.9999943
264916477.0 0.0 1805.2029167926742 0 1.1890736e-10
118341388.0 1.0 1795.1622596312563 1 0.999413
280626089.0 0.0 1810.681366590923 3 7.665416e-18
280033934.0 0.0 1808.678426337626 3 0.0
292725056.0 1.0 1797.6199365287557 1 0.9995751
435820383.0 0.0 1808.8468011017344 0 1.020216e-05
288391801.0 0.0 1794.8449140824187 3 0.0
297647356.0 0.0 1799.4517049278295 3 4.6848736e-10
241033083.0 1.0 1799.4526519485546 1 0.99989486
396339551.0 0.0 1807.9725834293818 3 2.3016307e-08
233659371.0 0.0 1794.8019233940374 2 0.0
35118298.0 1.0 1797.8497411392934 1 0.9994743
230005211.0 1.0 1798.219739377683 1 0.9999517
240735918.0 0.0 1812.7019787743889 0 9.776606e-07
367452800.0 0.0 1806.1379253722082 2 3.2564192e-18
12105480.0 0.0 1812.4315241291774 0 2.4567887e-19
359553226.0 1.0 1797.3021013563364 1 0.99954844
376042183.0 1.0 1799.3047709535288 1 0.9985291
422389865.0 1.0 1799.5749931365447 1 0.9999182
116053815.0 1.0 1796.8904313033036 1 0.9998111
299433775.0 1.0 1805.3903891747239 1 0.9999053
229741985.0 0.0 1807.8863948280057 3 5.9814356e-05
338647367.0 1.0 1797.388280878593 1 0.9997105
219802551.0 1.0 1810.4477114791036 1 0.9997657
421110675.0 0.0 1807.6809551397685 3 0.0
368801396.0 1.0 1793.618429347229 1 0.9999338
436873913.0 0.0 1794.7872931402833 3 1.675022e-06
387948683.0 0.0 1796.8249289114226 0 1.1354954e-06
286025926.0 1.0 1810.9531671931368 1 0.9999503
279723138.0 0.0 1798.5566309533128 2 4.183884e-15
385443181.0 1.0 1795.117506334775 1 0.99994916
372500632.0 1.0 1794.701885413625 1 0.9998464
35154187.0 0.0 1805.6206224984783 0 0.0013599196
10697108.0 0.0 1808.9106858644627 0 8.91003e-19
431802078.0 1.0 1805.4952341141072 1 0.9998355
187037456.0 1.0 1797.7660784487703 1 0.99997866
302084500.0 1.0 1796.182638843546 1 0.99938893
268378931.0 0.0 1808.8665961600764 0 4.6517678e-05
53971841.0 1.0 1799.6396129959637 1 0.99973464
348234153.0 0.0 1805.2027367920728 0 5.2083323e-25
194736844.0 0.0 1794.7868119063894 3 0.00024876106
291955034.0 0.0 1809.0572888463914 0 0.00041467886
229616660.0 0.0 1796.1989515047585 2 3.9971015e-17
333706339.0 0.0 1797.2205143842152 2 1.207101e-10
255970097.0 1.0 1793.6601283832376 1 0.99979645
184739277.0 0.0 1810.1825523408693 3 0.0
67467358.0 1.0 1794.3077329637902 1 0.9999858
367095724.0 1.0 1795.8046999092971 1 0.9993191
367280190.0 0.0 1798.346433870838 2 2.1862868e-28
445258233.0 1.0 1794.1188904588653 1 0.9997023
403746970.0 1.0 1805.4111234011943 1 0.9999273
241125924.0 1.0 1794.3486297010775 1 0.99922794
394119895.0 1.0 1797.9909528145079 1 0.9999985
396208531.0 1.0 1795.9511677239102 1 0.9999682
186595806.0 0.0 1808.5578219988129 3 2.106144e-28
415960247.0 1.0 1796.9739604824156 1 0.9998112
259167484.0 1.0 1795.1782281015262 1 0.9995206
322054600.0 0.0 1798.9709948451123 2 3.5970396e-19
445612139.0 1.0 1799.5777463162894 1 0.9999405
332872308.0 0.0 1809.202394976159 0 5.4393593e-14
192467947.0 0.0 1808.974376711348 0 0.00043442773
230383405.0 0.0 1805.198343160357 0 5.5573986e-22
284044554.0 0.0 1793.1392393897265 0 3.0297184e-10
229940743.0 0.0 1805.2194188715816 0 3.632789e-23
68155874.0 1.0 1795.8702523254583 1 0.99892557
445366279.0 1.0 1795.9105601088809 1 0.999778
418221375.0 0.0 1797.8459365414824 2 1.3891797e-13
178047504.0 1.0 1810.5577994096584 1 0.99914575
367098380.0 1.0 1795.6582714284118 1 0.9999614
320603979.0 1.0 1793.5563068212407 1 0.9999874
12745517.0 1.0 1794.4104260408192 1 0.9998464
307986689.0 0.0 1808.8436878844673 0 3.828638e-06
396486931.0 0.0 1799.4090521832188 3 0.0
450009079.0 0.0 1795.618928143027 2 2.2809012e-28
308121688.0 1.0 1798.2235655353204 1 0.9997874
444449012.0 1.0 1796.5769311729825 1 0.99792683
200877900.0 1.0 1795.307572205675 1 0.999503
375782393.0 0.0 1808.8462619826914 0 4.5398215e-07
258393109.0 1.0 1798.844843822068 1 0.9999822
198281154.0 1.0 1797.7183208303395 1 0.9997888
117750330.0 1.0 1805.4949362045627 1 0.9995055
200731353.0 1.0 1794.0368097431665 1 0.99781305
372723747.0 1.0 1795.8062540034723 1 0.99982923
233048233.0 1.0 1810.343821758263 1 0.9998559
376896502.0 0.0 1812.3464067426876 0 2.0082578e-07
284439068.0 0.0 1798.7228087193164 2 1.5663343e-15
470710327.0 0.0 1804.3680783738057 3 0.0
116374184.0 0.0 1804.0574356697514 3 4.1364585e-11
51031423.0 1.0 1795.556329066401 1 0.9994559
312856774.0 1.0 1805.9731044792256 1 0.9998903
422608295.0 1.0 1806.1383835772294 1 0.9999797
229461186.0 0.0 1803.5529162833473 3 0.0
356820646.0 0.0 1795.3862663350696 3 0.0
404001140.0 1.0 1795.555922794742 1 0.9997377
238720684.0 1.0 1805.7864605263337 1 0.99999547
311188690.0 1.0 1794.8441814583803 1 0.99990845
264296106.0 0.0 1798.3250736152024 2 8.8128356e-21
403429160.0 1.0 1795.1400404478088 1 0.9996204
331606863.0 0.0 1806.4104792427543 2 1.0552723e-11
5738204.0 1.0 1793.6621904421086 1 0.9991205
428958057.0 1.0 1799.534004957763 1 2.6087163e-08
283845173.0 1.0 1793.5770054419627 1 0.9995576
269697721.0 0.0 1798.2411373750363 3 0.0
435822412.0 0.0 1799.7426230339213 2 3.214715e-10
370511668.0 1.0 1797.1191979280602 1 0.99969274
177993560.0 0.0 1808.9119427160413 0 0.00024200615
252843510.0 1.0 1810.1615377340634 1 0.999815
358906560.0 1.0 1799.3676281573273 1 0.9999724
420129036.0 1.0 1794.6160610246704 1 0.9999721
237081125.0 0.0 1797.4078681962249 2 9.096509e-09
331385890.0 0.0 1793.1398584417082 0 1.8924491e-13
356871641.0 1.0 1811.010914589492 1 0.060250998
139460937.0 0.0 1807.2035006203544 3 1.5094935e-14
200738352.0 1.0 1797.182709474349 1 0.9992071
376682461.0 0.0 1810.5130492409244 2 3.491852e-20
256665863.0 1.0 1798.8241430671735 1 0.9995642
306183336.0 0.0 1805.5564679808438 0 8.901319e-22
82402411.0 1.0 1794.8897138615953 1 0.99974054
433354775.0 1.0 1810.2660741956574 1 0.9994479
246980397.0 1.0 1799.0997695988624 1 0.9996371
252132971.0 1.0 1794.5982403076805 1 0.9989789
272831479.0 1.0 1810.9304521894696 1 0.9999418
229609565.0 1.0 1798.0742011557572 1 0.9999666
372073838.0 0.0 1798.2212421050137 2 2.0415093e-12
326885582.0 1.0 1810.9723923801778 1 0.9957225
299440040.0 1.0 1796.9737794219072 1 0.99998826
417549683.0 0.0 1797.4101300782293 2 7.465286e-33
256200897.0 0.0 1793.139411888124 0 3.4695236e-10
441734144.0 0.0 1801.4697855976367 3 0.0
385401741.0 0.0 1796.8900778618383 0 6.882805e-10
238702093.0 1.0 1794.015839644348 1 0.9993722
279846262.0 1.0 1795.2232291286332 1 0.99987143
178106889.0 1.0 1795.4536071392556 1 0.99989885
359588051.0 1.0 1797.6353446653818 1 0.9999819
349294422.0 0.0 1796.4121689098254 3 3.2587505e-21
387877670.0 1.0 1806.428959944979 1 0.9999904
265276170.0 1.0 1805.9925936034865 1 0.9991225
347840674.0 1.0 1793.9318579329683 1 0.9970613
284304587.0 1.0 1796.2850113266384 1 0.9999895
468293391.0 0.0 1799.4091398567177 3 0.0
269107060.0 1.0 1798.9303741548556 1 0.9998078
53714098.0 0.0 1812.8270130889564 0 3.0332839e-15
237219972.0 1.0 1805.7411365764558 1 0.9995216
256640561.0 0.0 1807.8043687437444 3 2.6964613e-36
138117990.0 1.0 1811.1204616326606 1 0.9993127
237239185.0 0.0 1808.9704565535078 0 5.3230993e-05
353733301.0 1.0 1797.7604933394155 1 0.9998116
279509403.0 0.0 1800.6603342006977 3 3.2852222e-22
117039312.0 0.0 1805.2031084221844 0 8.2503844e-23
82160790.0 1.0 1794.4105649676192 1 0.9999821
354380484.0 0.0 1808.888193802073 0 9.20099e-22
368460012.0 1.0 1810.4097329069566 1 0.99950314
237099046.0 0.0 1808.844158212056 0 9.459346e-12
433283480.0 1.0 1793.7660689177314 1 0.99990493
251306946.0 0.0 1797.5358622528072 2 5.6806324e-26
329172512.0 1.0 1798.3847982295938 1 0.99990404
232634196.0 0.0 1810.1557269809568 3 0.0
26391975.0 0.0 1798.8496482984722 2 4.6731362e-05
376122544.0 1.0 1797.7020303644424 1 0.99999845
129864288.0 0.0 1812.5574964920997 0 0.0022864759
288513991.0 1.0 1800.512091658676 1 0.99901074
12733668.0 1.0 1796.9732254475812 1 0.9999216
230005561.0 0.0 1811.4279131755209 2 1.5183545e-19
302690254.0 1.0 1795.8061462678536 1 0.9997457
400385986.0 1.0 1806.1181467559795 1 0.99996465
333068559.0 0.0 1797.5774850674327 2 0.0
399133359.0 1.0 1795.3483349180972 1 0.99973863
308446598.0 1.0 1793.9321669140113 1 0.9992834
34820374.0 1.0 1805.7039722929885 1 0.9987658
309126202.0 1.0 1798.2446461446016 1 0.9996711
241017755.0 0.0 1810.8066519202084 2 3.4258499e-12
444079955.0 1.0 1805.6611899272361 1 0.9995234
327441658.0 1.0 1799.3697529598933 1 0.9994981
369093117.0 1.0 1797.2848300554942 1 0.99995214
83341634.0 1.0 1796.2642742406542 1 0.9998322
269521288.0 0.0 1812.3467816761395 0 7.0104565e-05
370354966.0 1.0 1798.4109706041725 1 0.99972534
203095395.0 1.0 1793.6200176233933 1 0.99963593
200939418.0 0.0 1811.1828631078865 3 4.9599903e-06
21099190.0 1.0 1798.2872006826665 1 0.99950695
130088399.0 0.0 1809.1618172008612 0 0.0060648476
13615331.0 0.0 1796.0772900375252 2 2.4527196e-38
264727290.0 0.0 1796.452709854986 2 7.235944e-08
256415038.0 0.0 1797.1396061091766 2 1.0435223e-09
357097802.0 1.0 1798.0517967296137 1 0.99997145
229676244.0 0.0 1801.0739063003145 3 8.5305674e-26
302073635.0 1.0 1811.2239821471542 1 0.9998379
279081935.0 0.0 1805.8059209878766 3 3.7059825e-05
269697721.0 0.0 1804.2827629518813 3 0.0
284479874.0 1.0 1797.552820277147 1 0.99994326
252809234.0 0.0 1799.5781727158972 2 2.9282185e-30
317473241.0 1.0 1799.7633757266567 1 0.99953127
137260807.0 1.0 1796.2014624726914 1 0.9999975
11437325.0 0.0 1805.1399322974066 3 0.0
455893540.0 0.0 1805.2214850608386 0 5.170279e-06
416191404.0 0.0 1812.3653171807205 0 3.704085e-16
52947067.0 0.0 1793.5145293173312 2 4.2064564e-19
285429087.0 1.0 1794.4329668411126 1 0.9996882
192422597.0 1.0 1796.578271896088 1 0.9996776
198188619.0 1.0 1796.572628366503 1 0.99968076
5674169.0 0.0 1804.18287924505 3 2.9137795e-10
219810835.0 0.0 1810.1353423053818 2 0.0
376111907.0 1.0 1806.2004917370036 1 0.9652012
389914002.0 0.0 1808.8433466506463 0 2.671554e-07
256719848.0 1.0 1798.5337000575857 1 0.9999997
219900027.0 0.0 1799.6774958225271 3 0.0
445356709.0 0.0 1812.6603087361832 0 1.5272079e-07
408358548.0 1.0 1794.7211665191483 1 0.9997492
369821282.0 0.0 1805.5350528546455 0 1.5526787e-07
444591798.0 1.0 1794.0354262933 1 0.9982378
229488713.0 1.0 1796.886546530998 1 0.9989507
184611444.0 0.0 1812.6406618886674 0 5.479456e-05
200861882.0 0.0 1808.953677898143 0 0.00066673436
370602743.0 1.0 1795.8484492628277 1 0.99628115
372132547.0 1.0 1798.8670355665176 1 0.9999347
356788410.0 1.0 1799.5529497975915 1 0.9999984
54056658.0 1.0 1795.4727252179382 1 0.9984674
308287975.0 1.0 1806.1402695395207 1 0.9989973
332476437.0 1.0 1799.260055229712 1 0.9999775
83970704.0 1.0 1810.722256016159 1 0.9998976
252809641.0 1.0 1799.2239865339625 1 0.9801063
299443090.0 0.0 1799.6612060675095 3 6.588447e-17
264615805.0 0.0 1797.9318791859596 3 4.913317e-07
297648040.0 0.0 1812.4519177724096 0 0.0004079335
292323343.0 0.0 1793.557350250666 2 6.9810833e-09
177797304.0 1.0 1795.6619596281005 1 0.9986572
270066455.0 1.0 1796.4120621692634 1 0.99645215
13776165.0 0.0 1795.2648122609332 2 9.3920476e-17
357745373.0 0.0 1805.305927929585 0 9.991095e-20
250773561.0 1.0 1811.2236756325608 1 0.9998337
329246901.0 0.0 1797.9682718089082 0 1.0874127e-15
444403357.0 1.0 1810.2014693431172 1 0.9993283
399857092.0 1.0 1795.200945956865 1 0.9999391
269665710.0 1.0 1811.553278466073 1 0.99991846
260034780.0 1.0 1796.9528659802859 1 0.99960023
396615018.0 0.0 1795.1200922487972 3 1.00261444e-19
421111304.0 1.0 1800.1392402216122 1 0.999999
230386284.0 0.0 1808.4901840461066 3 0.0
240860073.0 0.0 1808.8691066843483 0 0.001259113
72078392.0 1.0 1795.7441994675717 1 0.99991125
219743911.0 1.0 1799.7598059305535 1 0.9998985
396201681.0 0.0 1804.9929334136314 3 0.0
400506011.0 1.0 1796.7441599800798 1 0.9999111
316328592.0 1.0 1796.8274975663426 1 0.9998319
433140550.0 1.0 1793.3078369355728 1 0.9998226
320268279.0 0.0 1807.931057998587 3 0.0
428383194.0 1.0 1797.8266738439804 1 0.9999986
455960348.0 1.0 1795.7841671120154 1 0.98933166
353020190.0 1.0 1796.3060271025308 1 0.9999996
138019199.0 1.0 1799.37054958276 1 0.99980223
428772568.0 0.0 1805.2009187404553 0 1.1775016e-15
259249564.0 1.0 1805.6823078431742 1 0.9999695
101092826.0 1.0 1796.432968424935 1 0.99901503
46536205.0 1.0 1795.7663144550413 1 0.9993493
315937374.0 0.0 1796.9941795640598 3 0.0
285561333.0 1.0 1799.5782259516454 1 0.9997426
370595729.0 0.0 1805.2234917019914 0 4.3899692e-07
200777559.0 0.0 1797.5370049129024 2 0.001072435
12987231.0 1.0 1794.8690800605336 1 0.99999607
355821069.0 1.0 1793.9943579872252 1 0.9999365
302314973.0 1.0 1811.3907158871045 1 0.9895055
258354794.0 1.0 1795.032539336742 1 0.9946317
293066086.0 0.0 1804.244864124646 3 0.0
354926863.0 0.0 1807.2437152888829 3 6.6203595e-27
428795527.0 0.0 1806.8469925392883 3 5.2750412e-08
137886126.0 1.0 1810.6205523846963 1 0.9994294
286004911.0 0.0 1805.2648070432515 0 2.4177733e-11
365947827.0 0.0 1796.9303728322184 0 4.520529e-37
130062493.0 0.0 1805.3492924752095 0 0.00038279776
278933172.0 0.0 1793.30565084772 0 0.0069430787
366109288.0 1.0 1794.285173119541 1 0.9999174
332046053.0 1.0 1798.2439752176113 1 0.99994355
284809818.0 0.0 1798.660057120171 2 1.9692264e-19
65286918.0 1.0 1797.245066154965 1 0.9994967
200739444.0 0.0 1808.8494815158558 0 0.00031917804
21017577.0 1.0 1810.2869500268291 1 0.99926245
312060302.0 0.0 1809.3268905439086 3 0.0
445133704.0 0.0 1798.0565111464598 3 0.0
357737232.0 1.0 1797.7018934541695 1 0.9994264
427949309.0 1.0 1794.7843798097156 1 0.99996686
369730003.0 1.0 1794.7227784222496 1 0.9998927
316739463.0 1.0 1810.9527336721012 1 0.9999985
433140578.0 1.0 1798.0786834541896 1 0.99981534
408703648.0 1.0 1794.0339963081087 1 0.9998783
52435076.0 1.0 1794.3062745434106 1 0.99935097
292816129.0 1.0 1797.182429114765 1 0.999828
52942173.0 1.0 1806.1812323688036 1 0.9997613
63563668.0 0.0 1808.9118448730305 0 3.9206254e-05
354542410.0 1.0 1806.3069836956358 1 0.9999868
400253601.0 1.0 1797.2222735008952 1 0.99996394
284137266.0 1.0 1798.2435156855115 1 0.9999956
269597815.0 1.0 1805.4075222401182 1 0.9991706
265060498.0 0.0 1808.8457053806237 0 0.0009131574
63348577.0 1.0 1797.3286847036638 1 0.99991417
331365684.0 1.0 1806.2840430387375 1 0.99980026
249887658.0 1.0 1805.7863842203403 1 0.9998637
240958964.0 0.0 1805.244202669603 0 2.7314587e-25
53807560.0 0.0 1805.6602621508835 0 1.3150279e-21
390333233.0 1.0 1796.1605048074507 1 0.99999875
249860155.0 0.0 1799.05707099808 2 4.6943063e-19
354285315.0 0.0 1799.4924110022835 2 4.654456e-18
400951517.0 1.0 1797.994943598353 1 0.99980575
323122801.0 0.0 1810.1167397775555 2 0.026944453
272135862.0 1.0 1800.3679585858126 1 0.99968
368373338.0 1.0 1796.597109731334 1 0.9999998
61045741.0 1.0 1796.7664892806927 1 0.9994508
375072586.0 1.0 1797.6194096995985 1 0.99896514
370947698.0 1.0 1796.9526479066171 1 0.9998595
116138966.0 0.0 1811.4531033260873 2 1.0165541e-07
118297745.0 1.0 1810.8910291353477 1 0.99992216
272781956.0 0.0 1811.8648961644171 3 0.0
63673727.0 1.0 1798.4328797399614 1 0.999466
321912075.0 1.0 1799.2626446521188 1 0.9998646
397798076.0 1.0 1796.8055825511851 1 0.9999616
416052380.0 1.0 1805.4325444338278 1 0.99936676
272324340.0 0.0 1810.7428870883161 3 0.0
335795763.0 0.0 1795.783911599046 2 2.8558842e-22
101257302.0 1.0 1794.3288363439776 1 0.9988318
356820646.0 0.0 1808.9071909017875 3 0.0
368598073.0 1.0 1797.9303311697176 1 0.9999971
235684629.0 0.0 1805.3661144807074 2 3.4406538e-13
235991503.0 0.0 1809.2000039149625 0 2.9535997e-06
374926086.0 0.0 1808.9525082889757 0 0.0
428166456.0 0.0 1796.6821015415567 2 1.6028939e-35
320498088.0 1.0 1799.8688105143804 1 0.99999905
445579215.0 1.0 1799.223297680264 1 0.99960506
301569101.0 0.0 1795.3695348124268 2 1.5776862e-11
233495004.0 0.0 1795.4904858362322 2 0.0
280251798.0 0.0 1809.1392909346405 0 6.104513e-08
94448601.0 1.0 1798.453762495035 1 0.9999914
397926054.0 0.0 1805.389424202921 0 1.0860726e-17
327584184.0 1.0 1806.2225856943214 1 0.999146
372197986.0 0.0 1805.2026850985383 0 0.0024709809
35087539.0 1.0 1810.7664076378337 1 0.9873678
369824992.0 0.0 1793.9935984654614 2 1.930812e-21
317470793.0 0.0 1798.471682322594 3 0.0
229710948.0 1.0 1798.115502778163 1 0.9999987
372640507.0 0.0 1812.6159983331386 0 4.2262423e-06
372640394.0 1.0 1793.5330616841222 1 0.99981517
358939997.0 1.0 1797.388359047125 1 0.9999987
351467703.0 1.0 1805.30565238011 1 0.996314
407425077.0 1.0 1810.971968907664 1 0.99984217
396574801.0 1.0 1795.578465838139 1 0.99971557
245422824.0 1.0 1795.890144147942 1 0.99953413
256352113.0 0.0 1801.5959355311877 3 0.0
54721476.0 0.0 1796.8897199456721 0 2.9148896e-07
286024276.0 0.0 1808.8490259951711 0 6.573983e-05
238717278.0 1.0 1806.1405711929638 1 0.99987954
251361825.0 1.0 1806.1402398323908 1 0.9994377
198457457.0 0.0 1810.3013919216032 3 0.0
255993777.0 0.0 1801.2620564417766 3 0.00027516237
219800917.0 1.0 1794.323099213907 1 0.9999976
233608490.0 0.0 1798.1151148919098 2 8.362332e-15
237277760.0 0.0 1811.3244568885434 3 0.0
441734144.0 0.0 1807.011528884532 3 0.0
250742140.0 1.0 1800.3696828929003 1 0.99745166
346627004.0 1.0 1810.2454550498205 1 0.99936193
68097989.0 1.0 1811.245300222746 1 0.9991186
252181174.0 1.0 1796.0773237325534 1 0.99987775
370946106.0 1.0 1796.7026081612532 1 0.9999848
407017121.0 1.0 1795.7850795992786 1 0.99988186
229775786.0 1.0 1797.4905851133246 1 0.99993956
288633162.0 0.0 1813.0538027987232 0 0.00020361523
327583823.0 0.0 1796.8477503382278 3 0.0
444722592.0 0.0 1797.1394621302745 2 0.0
116412425.0 0.0 1808.8697791893917 0 7.107718e-12
378374218.0 1.0 1805.8055829271495 1 0.9999823
275705307.0 0.0 1805.3479387505877 0 1.0136162e-09
116849798.0 1.0 1797.0156981155146 1 0.99841183
403438475.0 1.0 1799.2024407950585 1 0.9992636
316846761.0 1.0 1796.5778269798898 1 0.99977314
359588615.0 0.0 1798.6353822204633 3 2.2350169e-07
184731325.0 0.0 1805.3492434096481 0 0.00018766908
268055290.0 1.0 1805.5948293401525 1 0.99955416
420545835.0 0.0 1809.1599953378643 0 6.85131e-05
302317838.0 1.0 1795.2864403248825 1 0.9996352
67570629.0 1.0 1800.3908742244228 1 0.99991363
279872508.0 1.0 1797.888704749078 1 0.99948496
73571779.0 1.0 1811.3078305367035 1 0.9985012
116849668.0 0.0 1812.3907697307673 0 0.00013498067
230052393.0 1.0 1798.886417564474 1 0.9999933
372209149.0 1.0 1797.9504340888177 1 0.9999741
319915099.0 1.0 1795.993740155046 1 0.99993527
312342254.0 0.0 1812.6603739456484 0 0.00016703381
321916217.0 1.0 1794.7627038443193 1 0.99932814
445279509.0 1.0 1806.3897019200742 1 0.9998704
83729128.0 0.0 1805.222344404392 0 1.3586481e-07
389701415.0 0.0 1796.6396093127357 0 5.461766e-06
129792010.0 1.0 1795.1202369883865 1 0.9997608
436883430.0 0.0 1812.4746097584145 0 0.00029227266
284925600.0 0.0 1805.1186114824516 3 0.0
256485103.0 0.0 1808.9315062021637 0 4.9310976e-05
326785892.0 1.0 1797.2642834873661 1 0.99936754
12479247.0 1.0 1795.514917101472 1 0.99998176
399832249.0 0.0 1805.2636463654608 2 1.102713e-17
279840730.0 1.0 1795.8272501873978 1 0.99982876
373322787.0 1.0 1798.326036479752 1 0.9999991
315757230.0 0.0 1812.491657008615 0 0.0001663218
279670446.0 0.0 1808.8678203731079 0 0.000217527
192320887.0 1.0 1805.432499024189 1 0.9992118
427585571.0 1.0 1805.429930867778 1 0.9996359
332986008.0 1.0 1794.8689951936396 1 0.9997972
352424791.0 1.0 1810.9725044665536 1 0.99986285
116722635.0 1.0 1810.3907037519966 1 0.9997882
249892632.0 1.0 1805.8904480097597 1 0.99983215
370505821.0 0.0 1796.0357362263524 2 1.9480456e-33
139553692.0 1.0 1795.7661370625685 1 0.9998313
331552874.0 0.0 1805.241959020965 0 1.0513625e-30
322129850.0 1.0 1797.5335154491415 1 0.9999577
348677199.0 1.0 1810.244458527912 1 0.99920017
12833774.0 1.0 1811.3897872913444 1 0.99999356
445314500.0 1.0 1810.6812114766428 1 0.9999497
258777137.0 0.0 1798.657423179675 3 7.05004e-30
250657621.0 0.0 1798.9112252425373 2 1.141854e-28
251147493.0 0.0 1795.0777332168861 2 0.0
13456257.0 0.0 1797.847987311037 0 3.5453897e-05
233208885.0 0.0 1801.4901108354284 3 0.0
428170921.0 1.0 1796.494648333469 1 0.9993938
21151579.0 1.0 1805.5932380301747 1 0.9998855
116141144.0 0.0 1812.7863702760574 0 2.46515e-14
418981411.0 1.0 1810.4099142039693 1 0.9998042
229676244.0 0.0 1807.5531757467984 3 3.363768e-31
309137189.0 1.0 1805.8694171254035 1 0.9998302
453185328.0 0.0 1809.2023120905346 0 6.584514e-10
82344570.0 0.0 1797.5565252192548 2 1.7523983e-23
202957300.0 1.0 1795.661636259829 1 0.999962
388602832.0 0.0 1809.9090695689506 3 0.0
319601211.0 1.0 1797.076975268571 1 0.99999434
263968694.0 0.0 1809.9703711692684 3 5.9137726e-35
202840977.0 0.0 1805.515798282615 0 0.0014600353
184679932.0 0.0 1797.93262716355 3 0.0023668387
224601458.0 1.0 1798.697251745461 1 0.99980813
354717307.0 1.0 1793.723785702719 1 0.99998266
251722098.0 0.0 1812.3486606517733 0 4.969265e-14
245701169.0 1.0 1805.5152802863413 1 0.9999933
327583823.0 0.0 1811.347462996126 3 0.0
71745412.0 0.0 1797.0983894016601 2 3.9108647e-05
307115630.0 1.0 1798.8482878866985 1 0.9995847
255925189.0 1.0 1796.699588840297 1 0.9997389
332809791.0 0.0 1796.639846323872 0 0.00024966634
388636790.0 0.0 1811.117388671456 2 2.447612e-19
417267059.0 0.0 1812.3473757896475 0 1.8093326e-12
11430249.0 1.0 1799.410638737674 1 0.9998373
235938870.0 0.0 1805.1996566905752 0 8.354021e-09
233533858.0 1.0 1797.260745408923 1 0.9999558
377733327.0 0.0 1798.5136303192885 2 1.3915956e-17
83142000.0 0.0 1808.8681367545437 0 1.1535079e-10
343465961.0 1.0 1805.886989077286 1 0.9990022
116269543.0 1.0 1794.682252156197 1 0.99938154
22871953.0 1.0 1797.3289124376897 1 0.99997437
202839485.0 0.0 1812.2240752238165 3 1.480887e-11
390580411.0 0.0 1797.514639374147 2 9.6696894e-32
233121609.0 0.0 1798.5524001450267 2 4.94127e-14
233578304.0 1.0 1795.2609328609353 1 0.9998489
54989899.0 1.0 1800.0771921484134 1 0.99909174
327349858.0 1.0 1794.6197948919403 1 0.99999785
65641116.0 1.0 1795.7033641421456 1 0.99964553
427976465.0 1.0 1796.8678728342986 1 0.999835
299443090.0 0.0 1804.3486597981725 3 1.316523e-22
101347969.0 1.0 1794.5371323647066 1 0.99997383
301909087.0 0.0 1811.7448168550393 3 1.761798e-09
435590704.0 1.0 1795.1590755622176 1 0.999819
399587190.0 0.0 1812.3698590438385 3 1.9279274e-05
117113742.0 1.0 1805.4116186221656 1 0.99972403
118297614.0 0.0 1805.287018607876 0 0.00065898686
232621439.0 0.0 1805.3850466708097 0 1.025645e-06
435593818.0 1.0 1797.430137118824 1 0.9998951
85593353.0 1.0 1798.5580289118411 1 0.9996977
385593497.0 1.0 1798.5162978892565 1 0.99957967
10242532.0 1.0 1798.6604379745736 1 0.99962324
235945948.0 1.0 1798.4704853384467 1 0.9993028
251201080.0 0.0 1796.8902282218394 0 8.469322e-10
118389230.0 0.0 1803.7246213598244 3 8.543905e-22
420017095.0 1.0 1798.1395255573175 1 0.9999836
68038052.0 1.0 1794.4534873232599 1 0.9985546
232602742.0 0.0 1805.4060373428795 0 0.0007381078
194736550.0 0.0 1793.1409282031714 0 0.00040543833
269420198.0 0.0 1805.2011312034927 0 0.00018009583
379164948.0 0.0 1796.8057838106495 0 1.8671182e-06
385105755.0 0.0 1799.5783075290285 3 0.0
301421405.0 1.0 1799.2446832826658 1 0.9994078
452960580.0 1.0 1799.306350577984 1 0.9998437
322207212.0 0.0 1808.8667124320555 0 6.276253e-22
50769806.0 0.0 1797.8482387076235 0 3.2860262e-05
52178399.0 1.0 1794.0144359328406 1 0.99998367
312146548.0 0.0 1805.5563369671336 0 0.0007466538
285431684.0 0.0 1793.1412284692365 0 0.00035818643
264912872.0 1.0 1795.6819866060798 1 0.99988747
356700022.0 1.0 1806.2189198145213 1 0.99994886
275151247.0 0.0 1794.5343701933741 2 3.4096637e-27
428529282.0 1.0 1810.430872719298 1 0.9999594
333869028.0 1.0 1799.491408032807 1 0.9999699
378730202.0 0.0 1796.909797418837 0 1.6007279e-16
258064502.0 1.0 1796.0996247169846 1 0.9994987
434437489.0 0.0 1812.0548716290539 3 0.0
230001302.0 0.0 1805.427663123122 2 7.338134e-10
327140909.0 0.0 1809.0777904626602 0 9.084241e-05
289723525.0 0.0 1800.2808110201129 2 6.313518e-07
326815804.0 0.0 1809.5555748947568 3 0.00032753372
13466218.0 1.0 1796.409324584087 1 0.9981861
389984460.0 0.0 1812.764606105459 0 0.00015737774
394118963.0 0.0 1794.2826923690557 2 0.00024247685
201376175.0 0.0 1805.224443823015 0 0.001015686
63395860.0 1.0 1794.2870376527076 1 0.99987566
387953782.0 0.0 1808.991483333533 0 0.00083819503
90763415.0 1.0 1811.2871346004163 1 0.9997808
237238149.0 1.0 1805.9704141720579 1 0.9993287
427589964.0 0.0 1806.1800042112131 2 3.62364e-12
402981829.0 1.0 1797.3255482957404 1 0.99995893
229506350.0 0.0 1794.6990347585584 2 1.9893694e-13
285444688.0 0.0 1798.0560915613112 2 0.0
149904096.0 0.0 1805.5372449051952 0 0.00035093355
329153633.0 1.0 1800.2615839914974 1 0.9993455
416049179.0 0.0 1812.453470659134 0 0.0006731979
383675803.0 1.0 1798.1357462256428 1 0.99967104
367753822.0 1.0 1811.1784869185165 1 0.99995565
376994854.0 1.0 1799.2607808011028 1 0.99810135
424461577.0 0.0 1797.0107133266579 3 0.0
279523704.0 0.0 1808.867476458575 0 2.8781621e-11
365942256.0 1.0 1799.221849142266 1 0.99990237
199682999.0 0.0 1798.1763367146457 2 2.0595596e-15
387879000.0 1.0 1806.1997644374403 1 0.9999997
385045501.0 1.0 1798.9117242194413 1 0.999593
200739316.0 0.0 1800.141066367924 0 1.4415749e-05
397802293.0 0.0 1805.2015092652953 0 2.2397464e-06
377251803.0 0.0 1811.864652294712 3 0.0
184695625.0 1.0 1811.0157279522348 1 0.9990565
366917987.0 1.0 1795.0755051053402 1 0.9999729
321592850.0 1.0 1799.512560840794 1 0.99992555
428068513.0 1.0 1797.7031246038143 1 0.9996398
308956593.0 1.0 1806.286111097348 1 0.9999991
256640207.0 0.0 1810.6793193993115 3 0.0
12633223.0 1.0 1795.1384184868625 1 0.99977136
288391801.0 0.0 1803.490863227354 3 0.0
139404880.0 0.0 1812.7033764471107 0 0.000193661
396339551.0 0.0 1807.4725785015182 3 2.1286732e-07
269697721.0 0.0 1806.1994139628894 3 0.0
258954643.0 0.0 1812.3654712043851 0 1.012793e-20
245622846.0 1.0 1798.8484598931586 1 0.9990229
54531427.0 0.0 1805.6187388257638 0 5.733665e-19
415961002.0 1.0 1796.5781674155824 1 0.99990326
354129904.0 0.0 1805.2032068736264 0 1.7984319e-13
354714473.0 0.0 1805.244786364964 0 2.2462943e-12
245760863.0 1.0 1796.3070233002293 1 0.9998925
35225770.0 1.0 1793.4328816538666 1 0.99967897
201111823.0 1.0 1794.0368808237774 1 0.99998754
192549473.0 0.0 1793.8908897976505 2 0.00090219395
160617954.0 1.0 1796.5942243900327 1 0.9999997
279192862.0 1.0 1798.9310926373423 1 0.9996225
356862553.0 0.0 1796.9068247744117 0 3.1985949e-06
279509403.0 0.0 1807.6187269003144 3 0.008069694
288516589.0 0.0 1810.7203241831821 2 1.8594698e-25
367836078.0 1.0 1797.699106796541 1 0.99994904
346014568.0 0.0 1812.4107578923497 0 0.0002770672
376767400.0 0.0 1805.2006411143777 0 8.1642096e-19
407416709.0 1.0 1796.3281466477529 1 0.99931383
375779881.0 1.0 1805.4087978198786 1 0.9999881
53619313.0 0.0 1805.5560857853336 0 1.5703419e-16
22876522.0 1.0 1805.891315598474 1 0.9989952
81450691.0 1.0 1796.5355428818182 1 0.9997913
445133704.0 0.0 1810.7020549393455 3 0.0
246971898.0 1.0 1795.6831305150106 1 0.99951535
368919231.0 1.0 1797.0765986943486 1 0.99984694
366380245.0 0.0 1812.4710736225775 0 2.6576133e-06
427955700.0 1.0 1797.6594532334125 1 0.998687
272142126.0 0.0 1805.2221113861822 0 9.21239e-05
279187055.0 1.0 1797.8268575613306 1 0.9999774
452998092.0 0.0 1805.5562101707867 0 0.000102149745
415880847.0 0.0 1796.6406598778012 0 8.5630695e-08
250575960.0 1.0 1797.9737261733912 1 0.9998561
326999425.0 1.0 1796.3477424394998 1 0.9998975
357101320.0 0.0 1810.3228372363012 2 9.0528946e-27
192739060.0 1.0 1806.3284521908995 1 0.99991685
452972519.0 0.0 1797.7437407774964 2 5.614874e-13
284052327.0 1.0 1806.3475121269703 1 0.9998801
337551849.0 1.0 1796.4923988518992 1 0.9996444
354397412.0 1.0 1795.7029414542374 1 0.9994773
230386284.0 0.0 1805.7402174532194 3 0.0
219851698.0 1.0 1805.8230785641788 1 0.9992275
396198189.0 1.0 1799.722054402545 1 0.9980661
291960505.0 0.0 1793.1406714770167 0 5.394437e-10
354928111.0 0.0 1794.7227670425075 2 2.3686765e-07
13350647.0 0.0 1797.5148422593559 2 1.1473938e-15
229676244.0 0.0 1808.4906899284572 3 6.375133e-16
65650616.0 0.0 1796.6407105607464 0 0.00021280252
236780192.0 0.0 1794.4064655366974 0 0.00051170617
264178274.0 1.0 1796.4708217602426 1 0.99954545
199688472.0 0.0 1797.5096689135023 3 0.0
305165331.0 1.0 1794.8247257452094 1 0.9998397
383622633.0 1.0 1810.8224132372409 1 0.9999779
450128755.0 1.0 1799.3486427197413 1 0.99999815
269697721.0 0.0 1806.886907976685 3 0.0
200792606.0 0.0 1809.7245203447055 3 7.2713326e-16
350696123.0 0.0 1797.4703610554843 2 1.0559306e-07
249892153.0 1.0 1796.1403874276411 1 0.9999402
63788948.0 0.0 1808.9952376825393 0 4.0464815e-12
402894571.0 1.0 1795.3661540754097 1 0.9999766
398071993.0 0.0 1794.472577622582 2 1.4987054e-05
198517221.0 1.0 1795.9055302486818 1 0.99935997
286327060.0 1.0 1799.0565093568991 1 0.99978787
251307055.0 1.0 1799.6608997830594 1 0.9994412
68153354.0 0.0 1812.411826296028 0 0.0053310925
219096077.0 1.0 1805.469570174555 1 0.99967843
385045501.0 0.0 1808.9326446337186 0 0.00080886093
445363169.0 0.0 1797.3688266804725 2 2.3103694e-20
352775340.0 0.0 1805.2223875959735 0 1.8628323e-13
249886116.0 1.0 1810.4322353664384 1 0.9999761
301909936.0 1.0 1794.6615090974851 1 0.9996263
229408771.0 0.0 1812.3652237759936 0 4.07559e-12
445663911.0 1.0 1810.8693370153046 1 0.9979072
54213390.0 0.0 1794.7228275057887 2 0.0
255993777.0 0.0 1806.8036413785355 3 0.002022956
186714826.0 1.0 1795.7452275692988 1 0.9998803
279878348.0 0.0 1793.4093840154183 0 2.0978391e-11
279266822.0 0.0 1812.3682610446544 0 1.299954e-23
366517337.0 0.0 1799.9497088722756 3 0.0
453254771.0 1.0 1796.056509924915 1 0.99996537
444452053.0 1.0 1797.1602159246354 1 0.9990304
428210451.0 0.0 1808.849132290588 0 0.00015310885
71932148.0 1.0 1805.9940925052547 1 0.9999743
420295558.0 1.0 1811.1183326580212 1 0.9996301
368738288.0 0.0 1812.3473293675984 0 4.763701e-09
366782088.0 0.0 1793.32545030463 0 1.448824e-19
302071120.0 1.0 1797.7657128245867 1 0.99909455
252106610.0 0.0 1795.1607325269777 2 1.8424451e-07
377192659.0 0.0 1806.4064414457528 3 0.0
177995472.0 0.0 1809.2661002646917 3 0.00029847675
263930790.0 0.0 1811.6348370346607 3 0.0
372060791.0 0.0 1793.3254055011282 0 5.5703696e-21
13198814.0 1.0 1797.2438808434779 1 0.9999744
252164466.0 0.0 1793.1400105778205 0 9.955864e-09
186944085.0 1.0 1794.8702604652915 1 0.999965
20801601.0 0.0 1812.3491801980877 0 0.0031626776
366676693.0 0.0 1808.846196000856 0 1.6883713e-25
241120119.0 1.0 1810.640390633166 1 0.9997549
235978781.0 1.0 1797.470548744032 1 0.99726635
433143724.0 1.0 1811.182692391305 1 0.99960417
399127774.0 0.0 1812.702221831536 0 1.742436e-12
359676320.0 0.0 1811.7187551550298 3 5.5653737e-15
375599392.0 0.0 1804.3462829775126 3 0.0
352410653.0 0.0 1808.845601673598 0 0.0007060152
250454268.0 1.0 1811.4944792066217 1 0.99999434
354117049.0 1.0 1798.2419170584199 1 0.99985075
192690692.0 0.0 1796.640947495857 0 0.0002395603
83338703.0 1.0 1793.5767610300625 1 0.9995717
370999422.0 0.0 1799.7652110362915 2 0.0
229769498.0 1.0 1805.969805040498 1 0.99998754
219753577.0 1.0 1810.2396727539108 1 0.9985382
250921683.0 1.0 1798.3903864258564 1 0.99994123
397241626.0 1.0 1811.347877070327 1 0.999971
198280388.0 0.0 1793.5306479936316 3 0.0
265273133.0 0.0 1812.3468106263526 0 9.967635e-06
251151172.0 0.0 1808.890450944597 0 2.1554987e-12
377255243.0 0.0 1794.406727609353 0 4.5020958e-08
403589370.0 1.0 1798.4703036307078 1 0.9999454
356896048.0 1.0 1800.0100957577342 1 0.9988062
436873841.0 1.0 1810.3288204792555 1 0.99973625
28909094.0 1.0 1797.4538954306488 1 0.9996813
194777614.0 1.0 1799.3703761130766 1 0.9999783
445608162.0 0.0 1805.2236750141365 0 1.0067588e-24
53803071.0 1.0 1810.3894585199014 1 0.99975806
250472919.0 1.0 1805.3071246285108 1 0.99997854
82245832.0 0.0 1808.9107737477273 0 2.862697e-10
177826386.0 1.0 1810.4952981987772 1 0.9991899
322267867.0 1.0 1793.8044560918488 1 0.999999
240847512.0 0.0 1800.1399947912912 0 3.9855018e-16
317836431.0 0.0 1812.4507959720793 0 7.1399267e-29
203034972.0 0.0 1812.5574389735657 0 0.0016198511
198457457.0 0.0 1799.0097689217127 3 0.0
390737957.0 1.0 1794.88974790766 1 0.9999652
245499542.0 0.0 1797.056869250988 2 1.5473777e-11
256716627.0 1.0 1810.8459999622728 1 0.9997235
250825963.0 0.0 1808.8488386718395 0 9.638899e-10
284214790.0 0.0 1800.139294691408 0 1.1356498e-07
255993777.0 0.0 1798.7829224198279 3 0.002860605
230114042.0 0.0 1810.1773477934823 2 9.25799e-37
445196229.0 1.0 1796.8689153967216 1 0.99998915
73565936.0 1.0 1794.1203804355994 1 0.99988425
11437325.0 0.0 1795.9732442098514 3 0.0
415975425.0 0.0 1812.8698652842295 0 5.040727e-05
233496887.0 1.0 1810.677930685666 1 0.9997259
375075140.0 1.0 1805.9736344168173 1 0.99992317
279597885.0 1.0 1798.409990098982 1 0.99999744
396208925.0 0.0 1810.1181144164811 2 0.0
50265754.0 1.0 1810.3481911936833 1 0.9996491
367817978.0 1.0 1793.2838062921812 1 0.9996622
229751802.0 0.0 1806.2821496361116 3 0.0
192529148.0 1.0 1799.1200604766948 1 0.9994316
327006143.0 0.0 1796.7018745733392 2 2.5064596e-33
317596624.0 1.0 1798.0548752066707 1 0.9999269
116723709.0 0.0 1808.8490705278755 0 7.350325e-09
65436239.0 1.0 1805.6410451928832 1 0.9997272
373146721.0 1.0 1797.5549566485038 1 0.9999955
372390508.0 0.0 1808.846138892625 0 6.340703e-13
288266366.0 0.0 1797.6990481450982 0 1.5539334e-05
259040812.0 0.0 1795.3241229582363 2 2.294346e-08
118391572.0 1.0 1806.0162973875665 1 0.99972093
302470991.0 1.0 1797.5364899360654 1 0.99984
434893323.0 0.0 1805.846747822751 3 0.0
293186737.0 1.0 1811.0365863050754 1 0.99967015
219429140.0 0.0 1805.30178407806 0 1.332242e-19
348670894.0 1.0 1793.8484417150069 1 0.999978
149858556.0 0.0 1796.6412671893065 0 0.0006669474
104308566.0 0.0 1812.3489299999449 0 6.920784e-05
203039113.0 0.0 1799.515749336924 2 1.3622933e-08
435679839.0 1.0 1798.5552650536904 1 0.99999356
319719472.0 0.0 1798.2229300911079 2 1.00503e-13
265296856.0 1.0 1805.9944391366225 1 0.9988612
353079913.0 1.0 1795.743313263298 1 0.99999446
236999323.0 0.0 1808.8659362319054 0 4.612247e-06
390579240.0 1.0 1795.8062221558191 1 0.99975145
369283121.0 0.0 1812.4310465655158 0 1.6164997e-05
35087539.0 0.0 1793.1413673579102 0 0.0010728039
333072716.0 1.0 1799.452600512193 1 0.9999934
233496887.0 0.0 1794.1984987712556 0 6.5163903e-12
269697721.0 0.0 1811.8243607760394 3 0.0
117803621.0 0.0 1796.3072002462998 2 9.188652e-20
229712901.0 0.0 1805.2402887445144 0 9.156486e-22
376365580.0 1.0 1798.971443164075 1 0.99969095
359035174.0 0.0 1796.3475013941961 2 1.5399292e-29
67418975.0 1.0 1794.911901082754 1 0.99995154
354792954.0 1.0 1794.9947739411402 1 0.99988264
236901571.0 1.0 1811.3866869766593 1 0.99977225
35023383.0 1.0 1800.245627897765 1 0.99969375
445231304.0 0.0 1805.5562352048225 0 9.155361e-05
20772755.0 0.0 1796.6408367076951 0 0.00013031781
50848156.0 1.0 1796.8896450534692 1 0.9998881
116989897.0 1.0 1793.6197821860637 1 0.9995933
372113117.0 0.0 1805.2026428019012 0 1.6212886e-07
350697296.0 1.0 1810.637027214503 1 0.9999792
338650529.0 1.0 1800.4715390499168 1 0.99995464
368596977.0 1.0 1795.9720256159844 1 0.9991307
71847068.0 0.0 1793.348338135833 3 1.4926073e-22
271444121.0 0.0 1805.492987048292 2 4.100162e-14
229741985.0 0.0 1795.3655526820596 3 0.00048465314
241139024.0 0.0 1808.8903354049903 0 1.2778389e-08
270015117.0 0.0 1793.4096327283746 0 5.0422773e-17
275367846.0 0.0 1805.2221002598849 0 4.4185883e-31
327795075.0 1.0 1794.4949030280923 1 0.9999871
400605150.0 1.0 1806.3693330145206 1 0.99983966
428007141.0 0.0 1805.201015908708 0 2.295943e-09
241061382.0 0.0 1808.9733610555008 0 3.189563e-33
399739308.0 1.0 1810.888259544627 1 0.99932086
237115994.0 0.0 1812.510118108666 0 9.552116e-05
256640207.0 0.0 1808.26268322368 3 0.0
269321890.0 1.0 1795.347069377791 1 0.99978995
441726010.0 1.0 1796.8444373330826 1 0.99995863
387237428.0 1.0 1799.8038302061207 1 0.99953026
347397508.0 0.0 1800.3276968216446 0 6.531868e-09
67418484.0 1.0 1793.6202096924335 1 0.9997322
139378835.0 0.0 1812.141008205315 3 2.50915e-09
445384709.0 1.0 1795.598125333578 1 0.9999046
238770492.0 0.0 1812.4532909835045 0 0.00018602824
415882263.0 1.0 1799.3490441133638 1 0.99992853
379534002.0 1.0 1798.5560999826923 1 0.939771
284913939.0 1.0 1798.4518149790317 1 0.9994604
186811892.0 1.0 1796.9743420356683 1 0.99986285
381807163.0 0.0 1805.3494875772358 0 0.0032279491
255993777.0 0.0 1794.4704737012057 3 0.0040262607
264252568.0 0.0 1808.8450049679384 0 3.00841e-08
52029930.0 0.0 1793.1395391080605 0 1.2440878e-38
311235091.0 1.0 1805.656355682419 1 0.9999645
285386267.0 0.0 1812.3493765145183 0 0.0017046463
285796620.0 0.0 1810.868944717443 2 0.0
332503596.0 0.0 1797.968303663853 0 1.3921721e-06
403684483.0 1.0 1796.3693123717808 1 0.9999813
424461577.0 0.0 1801.4898200451278 3 0.0
269041537.0 0.0 1796.7636639800746 2 2.613034e-19
11153481.0 1.0 1800.285663391636 1 0.9994533
445287089.0 0.0 1794.1188792626995 3 0.0
186595806.0 0.0 1805.4536753997907 3 0.0
315816069.0 1.0 1811.2028843276569 1 0.9999165
251547304.0 1.0 1806.0779742845698 1 0.99987733
252106595.0 1.0 1810.1813388902963 1 0.99988693
177825946.0 1.0 1798.9744573238725 1 0.99985135
377154735.0 1.0 1794.7425030883153 1 0.99921733
65643666.0 1.0 1810.3910071467876 1 0.9997141
331978614.0 1.0 1793.9315458162307 1 0.9998102
26432264.0 0.0 1806.1830416657526 3 0.0040427884
268516426.0 0.0 1800.4093719587006 0 1.357194e-06
370696018.0 1.0 1794.3066208607684 1 0.9998751
259129583.0 0.0 1796.9073686596482 0 4.3884235e-14
264178791.0 1.0 1795.2208014523349 1 0.9999532
275137273.0 0.0 1793.90940371971 2 7.226446e-18
422963897.0 0.0 1812.3491445909142 0 0.0011212106
54992644.0 1.0 1794.2439041723214 1 0.99999976
369246686.0 1.0 1799.4101898897097 1 0.9878979
250703530.0 1.0 1797.223677577625 1 0.99989736
398371489.0 1.0 1794.0124205744098 1 0.9998495
192877594.0 0.0 1812.4742588083611 0 0.0003145951
352693463.0 1.0 1798.637012398888 1 0.99962777
352576117.0 1.0 1797.8682881006305 1 0.99985313
378734900.0 1.0 1798.2221578169426 1 0.998626
232602742.0 1.0 1798.4893458472454 1 0.99968076
453306348.0 0.0 1794.0357636685533 2 8.1055304e-26
387505561.0 1.0 1795.1581181318543 1 0.9999208
373906194.0 1.0 1810.472993150041 1 0.99768674
50615084.0 0.0 1794.8480461856093 2 6.8531945e-19
364186053.0 1.0 1794.4082090352802 1 0.9990651
327011327.0 1.0 1794.0572832096223 1 0.99971676
270127418.0 0.0 1812.3468258323712 0 2.510983e-05
428418890.0 0.0 1805.5142031201153 0 0.0011077911
351608268.0 1.0 1805.722224902668 1 0.99559057
224597631.0 0.0 1805.1972283944801 0 1.299385e-10
241030146.0 0.0 1805.2443350675144 0 8.875993e-10
322321400.0 1.0 1799.3043936428746 1 0.9999732
373789223.0 1.0 1794.8688957572 1 0.99996614
229461186.0 0.0 1799.532164114015 3 0.0
396242679.0 1.0 1796.951389353578 1 0.9979333
368679344.0 1.0 1805.9932642055644 1 0.99995303
317473563.0 1.0 1794.5341906069382 1 0.99991494
315933339.0 0.0 1810.9944477868526 2 0.27467927
219895512.0 0.0 1805.3648243210164 0 1.1533681e-12
327005888.0 1.0 1797.8893536488067 1 0.99985844
192740281.0 1.0 1795.8700583096395 1 0.99919945
445593178.0 1.0 1797.6608384573851 1 0.99953854
366200164.0 1.0 1798.180953493944 1 0.99949515
453223094.0 0.0 1812.6814674184457 0 1.4226347e-07
422663383.0 0.0 1808.8468345117594 0 9.008711e-06
198187903.0 0.0 1812.343371204179 0 6.353515e-07
331794703.0 0.0 1808.846828428634 0 2.1430456e-07
436929253.0 1.0 1795.5372582193575 1 0.99940616
417831350.0 1.0 1794.8287004758688 1 0.9999415
406966826.0 0.0 1809.201609968392 0 6.9465044e-05
396032107.0 1.0 1806.430788108612 1 0.99999726
354156315.0 1.0 1806.1610652664706 1 0.9998842
245701625.0 1.0 1810.4736140731254 1 0.9996743
316246858.0 1.0 1796.6402144906099 1 0.9998675
385241357.0 0.0 1808.870103560896 0 0.0008852181
332682397.0 1.0 1797.889827990573 1 0.9995569
298734307.0 0.0 1808.8436540770897 3 0.0
83519105.0 1.0 1810.9513806691486 1 0.99987113
450144143.0 1.0 1796.890062196728 1 0.99922097
229741985.0 0.0 1805.8030619392102 3 6.0480044e-05
338159479.0 0.0 1794.6174431186507 3 0.0
116723709.0 1.0 1798.4948358951287 1 0.99982
403683276.0 1.0 1794.1192518253802 1 0.997936
388601256.0 1.0 1795.3673912427475 1 0.99966437
395407537.0 1.0 1797.9513671829543 1 0.9993874
372498972.0 1.0 1799.847692145022 1 0.9999698
359257257.0 0.0 1810.9930987294745 2 2.4728072e-29
219109908.0 0.0 1804.0110926151026 3 0.0
389974554.0 1.0 1794.0564381618224 1 0.9999812
53867382.0 1.0 1797.1395045656861 1 0.9999977
129763338.0 1.0 1797.6410373006258 1 0.99959165
445637206.0 1.0 1810.640269341648 1 0.99952716
359334319.0 0.0 1811.0139119185744 2 3.552614e-10
301830522.0 1.0 1795.5364150809487 1 0.999867
229676244.0 0.0 1798.428028670939 3 3.3493002e-23
230069067.0 1.0 1794.1564429823486 1 0.9997617
373515841.0 0.0 1805.2011377136387 0 1.19482756e-14
427515306.0 0.0 1793.4091189039525 0 4.3119959e-19
230386284.0 0.0 1809.511004834337 3 0.0
434973232.0 0.0 1798.4301987842018 2 4.461471e-17
238655860.0 1.0 1798.4113434147366 1 0.999674
320269111.0 1.0 1795.2021434155597 1 0.9999273
286237833.0 0.0 1793.1412282896947 0 1.3728695e-05
249943198.0 0.0 1798.8489592527762 3 0.0
5674169.0 0.0 1795.5996977864083 3 1.8255709e-05
323298971.0 1.0 1811.3461111726824 1 0.99791455
235687238.0 0.0 1798.4285741060794 2 5.0303968e-20
445616870.0 0.0 1812.3484667271414 0 3.1122478e-23
315915227.0 1.0 1797.762361810494 1 0.9994369
377190161.0 0.0 1800.6149599891348 3 0.0
399125898.0 1.0 1795.9731894381434 1 0.9999597
255868754.0 0.0 1808.9493980155773 0 1.2283509e-09
229583582.0 0.0 1812.345075032295 0 1.136907e-37
315816069.0 0.0 1793.3900939751056 0 3.223497e-06
219900027.0 0.0 1809.9900473233274 3 0.0
256107818.0 1.0 1796.3896047820522 1 0.9999656
139534336.0 0.0 1809.2660348409506 0 0.00032489645
137961193.0 0.0 1800.328758882512 0 1.3119457e-07
392536382.0 1.0 1805.9480065925816 1 0.99998885
52625026.0 1.0 1797.1810791823268 1 0.99971855
396339551.0 0.0 1804.1808722295573 3 1.8288009e-15
288391801.0 0.0 1810.8451127980618 3 0.0
50944567.0 0.0 1812.4317232827566 0 5.5199774e-08
198354443.0 0.0 1812.4471932178562 3 0.0
90688352.0 1.0 1811.2246309408515 1 0.9993206
323306240.0 1.0 1794.0547158298102 1 0.9946317
279383529.0 0.0 1794.6387391168255 2 1.3509717e-13
352673368.0 0.0 1796.2015786121613 2 3.2043175e-19
358906083.0 0.0 1797.784312425713 2 7.0024364e-12
322394542.0 1.0 1800.6169046151315 1 0.99998504
399718581.0 0.0 1805.8049869834197 2 2.6947392e-17
403431248.0 1.0 1797.8691494406157 1 0.999958
207493891.0 1.0 1805.2597720659403 1 0.9999935
271232494.0 1.0 1799.638881663721 1 0.9992552
286566392.0 0.0 1809.1815079087053 3 0.0
378851958.0 1.0 1795.8474296839927 1 0.99988395
235687126.0 0.0 1808.8661428652044 0 1.3357596e-17
81681261.0 1.0 1797.9939974586875 1 0.99993175
240911239.0 0.0 1793.9527093934764 3 0.0
422260475.0 0.0 1795.556254129699 2 9.278215e-14
28778281.0 1.0 1798.4741588034028 1 0.997475
428737982.0 1.0 1795.221850756994 1 0.9946317
376196655.0 1.0 1795.3057838622312 1 0.999714
359498024.0 0.0 1810.801996609555 2 3.8576118e-11
229673957.0 1.0 1805.573907058347 1 0.99966794
403750431.0 0.0 1805.2026817734006 0 0.0
387567226.0 1.0 1793.9290093190377 1 0.9993155
149926534.0 0.0 1812.6206287021253 0 9.426663e-05
265345292.0 1.0 1796.5967338645662 1 0.99976176
50850179.0 0.0 1796.910404542527 2 1.1190071e-23
233546032.0 0.0 1812.5939403168204 0 3.6754654e-26
400672148.0 1.0 1795.4311946027005 1 0.999237
229609915.0 1.0 1805.407548384244 1 0.9981559
46479459.0 1.0 1810.6414468489152 1 0.99996805
305642658.0 1.0 1796.4498798765267 1 0.99969846
34977849.0 0.0 1809.1830726720143 0 0.00020919382
49852860.0 1.0 1811.1605588917544 1 0.9998671
301333136.0 0.0 1796.4945329955865 2 2.3079599e-24
229956001.0 1.0 1795.802933728579 1 0.99999714
219791737.0 1.0 1795.3647651271199 1 0.9999413
12320313.0 1.0 1796.868853822448 1 0.9999932
255974337.0 1.0 1793.2226893360926 1 0.99895567
186618759.0 1.0 1811.4953309206255 1 0.9999685
233201781.0 0.0 1805.198210311287 0 8.7638713e-10
12740603.0 0.0 1812.4106095014927 0 0.00012588201
407430974.0 0.0 1812.3468846751018 0 2.1404174e-09
256105914.0 0.0 1805.5562213839378 0 2.20384e-11
241094044.0 0.0 1798.369617833848 2 4.6071867e-32
424117382.0 1.0 1794.411689428194 1 0.9991136
54124771.0 1.0 1797.0146356476776 1 0.99954027
301742358.0 1.0 1798.2032236171315 1 0.99985135
137159489.0 1.0 1805.5763633567308 1 0.9985423
287151976.0 0.0 1798.4267356873006 3 2.2729244e-05
372274808.0 0.0 1805.2028348327688 0 0.0004220862
129912361.0 1.0 1794.8701685559977 1 0.99967116
406681219.0 1.0 1796.138498523633 1 0.9996243
240986393.0 0.0 1812.3482097793074 0 1.6285308e-23
366124483.0 1.0 1799.2808214377753 1 0.9994508
312053774.0 1.0 1793.9104625339385 1 0.99987876
252860786.0 1.0 1798.5571190730311 1 0.9999272
192777538.0 1.0 1796.0991340729647 1 0.99959946
453175969.0 1.0 1797.5355921841551 1 0.99901545
372685857.0 0.0 1810.5330402407246 2 8.1676975e-05
270005818.0 0.0 1805.7246056329247 0 0.0002817207
251199878.0 0.0 1793.3901330476342 0 1.6978448e-19
323304257.0 1.0 1805.4920685557615 1 0.9999585
229441036.0 0.0 1798.761372202143 2 2.3599424e-18
377159927.0 0.0 1810.9687972725778 2 7.803919e-12
385253969.0 0.0 1805.2027444872438 0 1.0907509e-05
233747337.0 1.0 1798.656505476495 1 0.99864066
441801042.0 0.0 1808.8445204608872 0 1.5202771e-10
53620394.0 1.0 1798.035303039778 1 0.9999444
428050483.0 1.0 1811.2656273355972 1 0.99985296
375720697.0 0.0 1812.7836863990508 0 3.205714e-25
279375974.0 1.0 1805.8876520864544 1 0.99879795
265343830.0 0.0 1808.8466780271897 0 5.113408e-12
316322253.0 0.0 1796.8901781793184 0 1.5041459e-06
301829346.0 0.0 1798.6406556005275 2 9.847536e-20
351686387.0 1.0 1794.95164791033 1 0.9999851
126024478.0 1.0 1793.5370958696644 1 0.9994235
250473901.0 1.0 1798.9112990519093 1 0.9999689
468293391.0 0.0 1800.992490818368 3 0.0
292004169.0 1.0 1797.2658259817135 1 0.9992981
198457457.0 0.0 1797.405611634165 3 0.0
285909464.0 0.0 1797.8479098620885 0 1.332252e-19
245461142.0 0.0 1796.5569630770324 2 2.8179744e-15
420302086.0 0.0 1812.4084921640124 0 9.567191e-21
237254566.0 0.0 1812.34525243648 0 4.2765404e-22
453183154.0 0.0 1799.6190926673473 2 2.627669e-26
396339551.0 0.0 1797.659927899379 3 2.221763e-09
67465915.0 1.0 1797.3909457150219 1 0.99986625
177823340.0 0.0 1794.0578308347622 3 1.2540246e-12
367093938.0 0.0 1798.3672636170172 2 8.099567e-18
453251282.0 1.0 1799.5774310735344 1 0.9996218
366975840.0 0.0 1812.3462763330672 0 3.637945e-17
373511009.0 1.0 1793.992494812706 1 0.9999887
46632748.0 1.0 1805.7456452433075 1 0.9988324
366192468.0 1.0 1806.014282418776 1 0.9998499
250558504.0 1.0 1795.4531006000354 1 0.9999989
302774308.0 1.0 1799.20171296891 1 0.99967486
436878522.0 1.0 1805.8914072424636 1 0.999696
456130400.0 0.0 1805.307712197524 3 0.0
396359096.0 1.0 1797.1393187615358 1 0.99994147
389636912.0 0.0 1794.410479300914 2 3.5244215e-22
240977190.0 0.0 1805.2234207631143 0 4.329672e-12
219900583.0 1.0 1805.6985437386097 1 0.99985087
444758186.0 1.0 1811.4105843128875 1 0.99984884
247006585.0 1.0 1795.0789641546567 1 0.999674
378366908.0 0.0 1808.8472123393367 0 1.9449726e-05
396577008.0 0.0 1796.682539337564 0 0.00014891429
233720276.0 0.0 1805.2398518250811 3 0.0
49853206.0 1.0 1799.327126686497 1 0.9999817
252168478.0 1.0 1794.09823026908 1 0.99993324
14041818.0 1.0 1797.9940291332703 1 0.9999286
292818871.0 0.0 1795.8908915364643 2 5.8951646e-06
445288344.0 1.0 1795.910509380457 1 0.9998127
186623509.0 0.0 1812.370178294814 0 0.00012078617
434979598.0 1.0 1797.7010944518083 1 0.9999743
236714759.0 0.0 1796.4266465030478 2 2.411645e-32
186594578.0 1.0 1811.0160796851433 1 0.9998326
250538889.0 1.0 1793.9737187528192 1 0.9985531
118301840.0 0.0 1810.3493903656308 2 6.658284e-24
308960472.0 1.0 1805.577878805719 1 0.99998707
353958670.0 0.0 1808.9116896303854 0 0.00029576474
427444797.0 1.0 1811.1173394676982 1 0.99998665
255993777.0 0.0 1804.9703363634123 3 0.00025622768
200924954.0 1.0 1795.8701797519122 1 0.9997499
389768025.0 1.0 1799.4523037325114 1 0.99979174
285046853.0 1.0 1793.201876446585 1 0.99997896
285865452.0 1.0 1805.453126386869 1 0.99999386
359493787.0 0.0 1796.8229396202255 2 7.2861267e-10
219897213.0 1.0 1796.0318051811653 1 0.9997663
312145776.0 0.0 1812.6811105604806 0 1.2387502e-09
396063010.0 0.0 1806.0556994735236 2 3.2250838e-16
317470793.0 0.0 1795.5550126051862 3 0.0
408896872.0 1.0 1798.158635801799 1 0.99999446
229476155.0 0.0 1797.7821928665626 2 1.4794204e-09
403692337.0 1.0 1794.2861698520203 1 0.999806
116991977.0 0.0 1808.9532728378008 3 3.821477e-08
364120476.0 0.0 1800.4080566439618 2 1.1221064e-15
396681001.0 1.0 1796.1596632269989 1 0.9999386
269516542.0 1.0 1810.7635112129144 1 0.999937
284565098.0 1.0 1796.0111790022456 1 0.99968445
347839949.0 0.0 1812.348487431039 0 1.10327065e-13
184739277.0 0.0 1812.4324878677323 3 0.0
229608237.0 1.0 1796.7822411395314 1 0.9989339
22900833.0 1.0 1796.0789532011547 1 0.99886084
395772043.0 1.0 1795.8885450914966 1 0.9999733
327011327.0 0.0 1808.8486924594017 0 2.215561e-05
397235932.0 1.0 1798.8059363937498 1 0.99914604
395925044.0 1.0 1800.493129811749 1 0.99985
137080326.0 1.0 1796.7639339031225 1 0.9999042
308122849.0 0.0 1805.244356017501 0 1.0503144e-11
83343204.0 1.0 1811.2431844923672 1 0.9999156
326919607.0 1.0 1794.2655791191034 1 0.99996555
264615805.0 0.0 1802.411062626345 3 7.5993535e-33
362257073.0 0.0 1795.5950774357436 2 1.818861e-13
229741985.0 0.0 1799.3655585204992 3 0.0010978611
229741985.0 0.0 1798.8447245665504 3 1.0583443e-05
441806671.0 0.0 1808.8867056329277 0 2.299948e-21
245664583.0 1.0 1797.223489883243 1 0.999597
374701021.0 0.0 1797.306697080872 2 8.705181e-21
192735487.0 0.0 1793.890670259805 2 6.7174036e-14
249886194.0 1.0 1806.1614360418325 1 0.9999881
348765912.0 1.0 1794.4328483868555 1 0.99982685
317139492.0 1.0 1797.890232481059 1 0.99989784
357746262.0 0.0 1805.410138425625 0 7.3802014e-10
407021492.0 1.0 1798.7016462668737 1 0.9999975
198280388.0 0.0 1808.6765981518126 3 0.0
374392135.0 0.0 1812.4523739065194 0 5.22486e-13
233006271.0 0.0 1794.1983924885428 0 2.633418e-19
353937836.0 0.0 1794.4062572934542 0 0.00015466246
374391716.0 1.0 1795.7648385457474 1 0.9993784
229958602.0 0.0 1796.073588027238 2 1.138865e-29
366073361.0 1.0 1796.055330944411 1 0.999756
52950869.0 1.0 1795.7227896432132 1 0.99944955
436869712.0 0.0 1806.3288772644635 3 4.2431813e-05
283018595.0 1.0 1795.6807284972147 1 0.99885154
82629486.0 1.0 1797.618962454734 1 0.9999641
265463349.0 0.0 1796.9097052614447 0 2.3075746e-11
240989742.0 1.0 1794.869349851263 1 0.9999099
418258973.0 0.0 1805.7209531798599 2 1.79983e-15
77543148.0 0.0 1808.932945429155 0 0.00013601093
202839485.0 0.0 1806.43250859626 3 6.913161e-09
356894234.0 1.0 1799.0520219905036 1 0.9993308
354744964.0 1.0 1794.5144682710024 1 1.0
301417572.0 1.0 1798.7862099681563 1 0.99996394
430327641.0 1.0 1811.098934666405 1 0.99954504
351366878.0 1.0 1805.701496109069 1 0.99996364
84161396.0 1.0 1810.2432817534702 1 0.9999784
192736246.0 0.0 1793.1406822096442 0 0.003305294
20771909.0 0.0 1812.411597317018 0 0.00014790332
129866835.0 1.0 1810.5783517045024 1 0.9998412
388602496.0 1.0 1795.2006242750492 1 0.9999573
77354467.0 1.0 1797.6413519392397 1 0.9995913
240930239.0 0.0 1805.244180242709 0 4.863732e-07
409531698.0 1.0 1797.995073640572 1 0.99970925
436860165.0 1.0 1805.7038620639519 1 0.99911356
130085965.0 1.0 1795.7034840060383 1 0.9998767
302230381.0 1.0 1796.2030739955242 1 0.9999758
230010850.0 1.0 1805.7402330147547 1 0.9996719
369904634.0 0.0 1795.473378551606 2 1.3103232e-25
331324611.0 1.0 1798.5980565149941 1 0.9999733
352579758.0 1.0 1798.2014622019728 1 0.99997014
279008024.0 1.0 1797.056117361913 1 0.9996113
34753451.0 1.0 1805.9539566516544 1 0.9993992
378527735.0 1.0 1796.5970807591564 1 0.99996907
333868181.0 0.0 1809.3871740926156 3 0.0
269913100.0 1.0 1811.5162820860073 1 0.99959356
63563165.0 1.0 1810.536798778976 1 0.99822384
321852498.0 1.0 1800.1584323400316 1 0.99929726
347581893.0 0.0 1812.369231265656 0 2.1203244e-09
389970188.0 0.0 1808.9687193686973 0 8.902216e-05
230118328.0 1.0 1798.4066293724532 1 0.9997404
289087967.0 1.0 1797.847279954506 1 0.999782
428395248.0 1.0 1794.4112112264531 1 0.99986696
73625562.0 1.0 1796.6621317763002 1 0.9996941
288312840.0 0.0 1809.9076356876203 3 3.3854392e-35
229446898.0 0.0 1812.3651573685727 0 3.7690852e-14
351537785.0 1.0 1797.139098707243 1 0.9999703
275458486.0 1.0 1805.3260663997492 1 0.99992764
240861443.0 1.0 1794.95265551553 1 0.9993241
431964306.0 0.0 1812.4952046344463 0 0.0004504094
417485408.0 1.0 1799.326839197671 1 0.99986655
399739234.0 0.0 1797.7838888537406 2 0.0
352515466.0 0.0 1805.2850846889307 0 7.4528465e-12
407213856.0 1.0 1799.76377384435 1 0.99990606
249916820.0 1.0 1797.1823018920184 1 0.9999382
354471156.0 0.0 1810.827774591503 2 2.0239122e-07
299443090.0 0.0 1793.786221268884 3 2.0981918e-18
399016229.0 0.0 1809.2023136968655 0 2.6459213e-10
201108289.0 1.0 1806.037004518426 1 0.9995052
259379928.0 1.0 1805.3282866768945 1 0.99922746
308878987.0 1.0 1810.7859544985365 1 0.999741
417456401.0 1.0 1797.9310286448829 1 0.999748
63587103.0 0.0 1793.1413015324688 0 1.0989366e-05
375853985.0 0.0 1794.6172434268958 3 0.0
264845137.0 0.0 1793.1378411963017 0 3.185308e-10
308618724.0 1.0 1810.4525511472534 1 0.9998672
444670678.0 0.0 1796.806396676924 2 1.0091175e-13
26502738.0 1.0 1795.4328070887675 1 0.9999988
396343734.0 0.0 1812.3473394024406 0 3.0549407e-07
338929826.0 0.0 1799.1174915785484 2 1.0773714e-37
236873930.0 1.0 1796.1576824503843 1 0.9994405
343621038.0 0.0 1799.7829360429726 2 4.1384378e-23
367681735.0 0.0 1800.0943038858277 3 0.0
381784985.0 1.0 1810.7035166829571 1 0.9995894
368022804.0 0.0 1793.4094636314308 0 8.049e-16
279662725.0 1.0 1797.2219178944085 1 0.9996387
186969690.0 0.0 1812.5783437778045 0 0.0030653968
94546443.0 1.0 1800.2037169141431 1 0.9999636
366471232.0 1.0 1794.5336721731153 1 0.9997475
377165246.0 1.0 1797.5524566281958 1 0.9999875
379376585.0 0.0 1809.0351855185738 3 6.8036622e-12
302230381.0 0.0 1812.3905855910334 0 2.4633347e-15
312544144.0 1.0 1793.4730807061412 1 0.99993646
238776669.0 0.0 1805.3285077903288 0 3.233464e-14
390950483.0 0.0 1812.5332087731774 0 0.00013802582
316491563.0 0.0 1810.1345773550884 2 4.1760013e-06
194783674.0 0.0 1793.1408991191154 0 0.0017965775
378653515.0 1.0 1797.409772375447 1 0.9999824
241093362.0 1.0 1796.9737568672433 1 0.9995923
403256619.0 1.0 1797.3269095971202 1 0.9999903
229772765.0 0.0 1805.2194660660036 0 1.4747073e-20
229741985.0 0.0 1800.2197261043384 3 7.012581e-27
390660465.0 1.0 1798.6815749759544 1 0.9997117
301884101.0 1.0 1811.224571477542 1 0.9997006
230113967.0 1.0 1794.447947786261 1 0.9999095
400440192.0 1.0 1798.4316702106623 1 0.9999937
233720276.0 0.0 1809.635650049205 3 0.0
289090826.0 1.0 1811.4930452987567 1 0.99958456
385204712.0 1.0 1797.5575635471678 1 0.99931324
28874439.0 1.0 1805.724771623081 1 0.9986228
279606294.0 0.0 1805.2216052739723 0 2.2276689e-17
94725358.0 0.0 1805.5580484347108 0 0.006846598
367737917.0 1.0 1794.678223079301 1 0.9998653
192496880.0 1.0 1795.4534074662363 1 0.99986523
444139263.0 1.0 1796.0152107815638 1 0.99986583
12644136.0 0.0 1808.910765557635 0 7.16885e-07
184612384.0 1.0 1795.536763949132 1 0.9999487
178109331.0 1.0 1794.3701346809407 1 0.9987486
219817359.0 0.0 1808.8437627607798 0 3.706322e-05
321852992.0 1.0 1806.3041960899627 1 0.9999997
238723023.0 0.0 1793.140845210257 0 0.0005544537
81820148.0 1.0 1794.452252746217 1 0.9999594
352979549.0 0.0 1795.6164583524792 3 0.0
427643087.0 0.0 1794.3475809622623 0 0.00012454239
1981434198.0 0.0 1807.6998311367984 3 0.0
241049173.0 0.0 1808.8485082730685 0 6.076453e-10
271763434.0 1.0 1799.0972332647095 1 0.99841595
233131228.0 1.0 1798.5313005322153 1 0.9994774
377292876.0 1.0 1794.4068175596678 1 0.99987596
418134085.0 0.0 1808.847222693017 0 2.1994884e-12
381652131.0 1.0 1798.5159106375552 1 0.999255
433283484.0 1.0 1797.0577629415154 1 0.9999013
445311096.0 0.0 1809.1812996278225 0 2.6135828e-07
240878989.0 0.0 1806.389888428413 2 2.1778443e-07
82496351.0 1.0 1805.5151168541463 1 0.9994869
192880679.0 0.0 1805.3493617361587 0 4.0220493e-05
241140375.0 1.0 1799.2028708734088 1 0.9995208
14045089.0 0.0 1808.9107006442898 0 0.0036609196
374965171.0 0.0 1805.3066887765121 0 3.8002387e-15
427471138.0 1.0 1795.7634277496343 1 0.99997824
417852503.0 1.0 1798.805706658664 1 0.9997737
453308338.0 1.0 1796.8690579834301 1 0.9999955
428463677.0 0.0 1812.5574625112806 0 6.7951056e-05
264615805.0 0.0 1811.0151856262478 3 4.6745953e-08
198414763.0 1.0 1811.426258232376 1 6.2696565e-27
83340134.0 1.0 1811.5139857451688 1 0.9999138
307038476.0 0.0 1805.5356733555031 0 3.524487e-08
301837361.0 1.0 1799.6820950810234 1 0.2520238
83897099.0 1.0 1799.3683931720907 1 0.9996619
279374603.0 1.0 1798.0126862829618 1 0.9999769
233688045.0 1.0 1797.906393478396 1 0.9998419
445276947.0 1.0 1796.4940478194053 1 0.9999585
347484337.0 0.0 1808.8484562058259 0 6.1418237e-13
192418828.0 0.0 1808.9325269970193 0 0.00030291217
285329040.0 0.0 1795.910368753709 2 2.148468e-23
279190312.0 1.0 1795.7644213423785 1 0.9997945
61000534.0 1.0 1810.120378560129 1 0.99984425
235982927.0 0.0 1804.4080947918374 3 8.8366695e-21
366638446.0 1.0 1797.3878285788649 1 0.99923784
235902559.0 1.0 1805.6164824334214 1 0.99963254
10796796.0 1.0 1810.4104635112983 1 0.9995102
426082782.0 1.0 1799.034395495619 1 0.9999795
317155340.0 1.0 1797.471081115391 1 0.9999868
353561105.0 1.0 1795.2849920857254 1 0.99975216
415975425.0 1.0 1797.4742389401536 1 0.9998515
284215241.0 0.0 1805.9725612939312 2 3.5568567e-26
137959629.0 1.0 1806.3080247179817 1 0.99977857
381687387.0 1.0 1810.1826805132519 1 0.9999844
321681351.0 0.0 1805.2208092485569 0 5.5909684e-24
279270312.0 1.0 1810.3266438424705 1 0.9999578
240897659.0 1.0 1796.3068315567689 1 0.9999331
286324944.0 1.0 1798.8898984326124 1 0.9999691
288610944.0 0.0 1806.1164187305176 2 9.335372e-22
240979790.0 0.0 1808.8900865976912 0 9.289864e-11
259948028.0 0.0 1805.223525621353 0 8.649939e-12
279768163.0 1.0 1798.2844013731212 1 0.998964
387329606.0 1.0 1805.7829404916392 1 0.9974802
10432390.0 1.0 1810.722963958955 1 0.9999978
348308612.0 1.0 1797.0778174196696 1 0.9999789
232624945.0 1.0 1798.28069396485 1 0.9999889
229435185.0 0.0 1808.865464470492 0 8.3144874e-07
284145059.0 1.0 1794.2019997287275 1 0.99999225
230395786.0 0.0 1796.5944490809106 2 2.5418242e-12
67461612.0 1.0 1796.6618695739762 1 0.9999925
365596592.0 0.0 1810.2619814553468 2 2.1976059e-23
101407303.0 0.0 1793.1412612512702 0 0.0003917965
251354626.0 1.0 1798.077812966807 1 0.9999828
232672899.0 0.0 1798.427252074898 2 1.1373529e-31
116492734.0 0.0 1812.3698845950787 0 9.643404e-10
275766362.0 0.0 1811.1604711041618 2 1.4819882e-27
54618494.0 1.0 1796.3063656801187 1 0.9998109
354250797.0 1.0 1800.1193919661043 1 0.9998307
390737538.0 1.0 1797.8064835149103 1 0.99995494
275603383.0 1.0 1798.1375280117545 1 0.9995441
381461128.0 1.0 1805.2662818481242 1 0.9995645
240950052.0 0.0 1793.1403537148803 0 0.00045216625
192687253.0 0.0 1796.474144669751 2 4.110407e-35
229952574.0 1.0 1797.5320115830182 1 0.99982125
445434937.0 0.0 1799.1399373855152 2 4.469866e-26
367329365.0 1.0 1811.2211407723507 1 0.99947566
104214822.0 0.0 1794.661196461178 2 2.0569351e-17
71746759.0 1.0 1794.5150057951976 1 0.99997675
441767294.0 1.0 1799.1985768310299 1 0.99996954
129982687.0 1.0 1793.5576202642078 1 0.999917
265348860.0 1.0 1797.8052382471794 1 0.9990593
104065450.0 0.0 1799.2031680666717 2 4.4898364e-14
367003787.0 1.0 1805.2213154786107 1 0.99985856
101352391.0 1.0 1794.6203399237625 1 0.9998787
327571477.0 1.0 1796.0781418310335 1 0.9998827
417860124.0 0.0 1812.3680010663447 0 2.8498116e-22
139402637.0 0.0 1793.1411643430238 0 0.0059429025
353381493.0 0.0 1805.3059366440991 0 7.573135e-18
256617828.0 0.0 1793.4075874213784 0 0.00020320638
308783036.0 0.0 1793.1402378820235 0 1.1761079e-11
202929625.0 1.0 1798.932414443823 1 0.998789
395943254.0 1.0 1793.9094594800881 1 0.9998356
250503118.0 1.0 1810.3070140786015 1 0.9993156
357828616.0 1.0 1797.9311213829508 1 0.9998742
396238721.0 1.0 1793.9306107203868 1 0.99994105
321548549.0 1.0 1796.4084165351774 1 0.9981475
468293391.0 0.0 1809.8675541331968 3 0.0
5674169.0 0.0 1803.8703868065454 3 3.4038146e-20
423996177.0 1.0 1796.1814631552572 1 0.9998353
396339551.0 0.0 1812.514283716805 3 2.1018198e-07
250558036.0 1.0 1805.765567853678 1 0.99950427
202930998.0 0.0 1810.7656517197238 2 1.2846724e-07
329349894.0 1.0 1811.36370782275 1 0.99958557
49716613.0 0.0 1805.2648588676298 0 4.998155e-05
271529113.0 0.0 1796.0138481616377 3 0.0
445667833.0 0.0 1798.2650801830341 2 1.0458592e-21
321857254.0 1.0 1811.1582398969679 1 0.9998975
427647872.0 1.0 1798.7015399816676 1 0.99451303
285430698.0 1.0 1793.9536929951596 1 0.9999376
240858439.0 1.0 1796.452771880668 1 0.99999374
292322983.0 1.0 1806.3697975737405 1 0.99931175
13774230.0 1.0 1799.4940758292369 1 0.9997367
331928059.0 1.0 1806.3888338299648 1 0.99994224
229676244.0 0.0 1803.5114458779262 3 1.6710632e-19
264468462.0 1.0 1805.512692818256 1 0.99992996
250557707.0 1.0 1798.7864679643596 1 0.99942327
389842621.0 1.0 1797.9938040029556 1 0.9999937
385241357.0 1.0 1796.7032935820243 1 0.9997219
301480359.0 0.0 1808.8488906260038 0 1.2243935e-06
370761841.0 1.0 1793.911067863893 1 0.99970025
251007909.0 1.0 1795.4320447161672 1 0.9998835
301909265.0 0.0 1805.2032047593877 0 1.8176364e-17
245629676.0 1.0 1805.8486495447505 1 0.9999459
198280388.0 0.0 1794.9889898191693 3 0.0
399587190.0 0.0 1796.5782309431993 3 4.5549998e-05
199682938.0 1.0 1810.6555945550303 1 0.9997351
196920546.0 0.0 1800.8695231032218 3 0.0
82236941.0 1.0 1795.702243949042 1 0.9999895
269807963.0 1.0 1796.7013247113275 1 0.99993736
26620393.0 1.0 1797.849576688219 1 0.9999012
387561871.0 1.0 1795.8456197065793 1 0.999122
252126746.0 1.0 1795.8272444998106 1 0.9999557
432015131.0 1.0 1811.1619176021852 1 0.99958897
268377304.0 0.0 1794.0328866902485 2 7.464009e-17
282879174.0 1.0 1811.4304874089519 1 0.99996656
292153303.0 0.0 1797.3907386884857 2 0.0
94370813.0 0.0 1805.4746008931106 0 2.1992892e-06
235991281.0 0.0 1808.90829688876 0 0.0008412492
399788405.0 0.0 1804.7395222200053 3 0.0
378380377.0 1.0 1805.2639043009058 1 0.9998214
286409527.0 1.0 1797.6398119597777 1 0.99988383
237229642.0 1.0 1794.5952301290802 1 0.9997269
322205419.0 1.0 1797.450239014021 1 0.9999742
245589110.0 1.0 1798.681875509283 1 0.9999995
334798380.0 1.0 1799.6346669204868 1 0.9988009
192530033.0 1.0 1796.703323403086 1 0.9997882
408194432.0 1.0 1806.2247518362042 1 0.9996615
428258542.0 1.0 1796.2863090788724 1 0.99987805
243316942.0 0.0 1808.844125683872 0 7.0638207e-06
229494283.0 0.0 1793.407323238563 0 0.0014918391
20771698.0 0.0 1793.140738969497 0 0.00014786384
63589110.0 1.0 1810.7450774258546 1 0.9999847
450005818.0 1.0 1806.2854170398691 1 0.9999864
241059838.0 1.0 1810.973278352036 1 0.9999526
13462999.0 0.0 1812.3465223811306 0 9.95478e-05
270726904.0 1.0 1810.3885657364515 1 0.9999329
362216315.0 1.0 1811.5513516761625 1 0.9993807
368335896.0 0.0 1797.7013935578566 2 1.13748656e-10
312140866.0 0.0 1793.1397279572031 0 1.4572615e-25
291838547.0 1.0 1798.8281050338335 1 0.9999541
192933930.0 0.0 1812.3492457254338 0 0.003220526
104063161.0 1.0 1796.2865322452542 1 0.9997676
196778038.0 1.0 1806.306836488602 1 0.9999151
428071624.0 0.0 1805.2030698000885 0 4.0611903e-11
405414590.0 1.0 1793.4121994283992 1 0.99908364
427767269.0 0.0 1799.5969927897688 3 8.405486e-35
251816520.0 1.0 1798.3279038262467 1 0.99994403
381584248.0 0.0 1794.1826796738874 2 1.7887144e-15
354798745.0 1.0 1796.2446988674603 1 0.9999417
452945409.0 1.0 1811.4518610676346 1 0.99971133
322437547.0 1.0 1797.0127713769039 1 0.9999904
367532344.0 0.0 1809.1196120410214 0 5.1625654e-15
385251418.0 1.0 1797.494245085461 1 0.9999871
67635471.0 1.0 1793.2659633761716 1 0.9995469
388078636.0 1.0 1799.7208018967626 1 0.96420646
309138041.0 1.0 1793.369498483546 1 0.99953085
367334334.0 1.0 1799.242148796034 1 0.99919647
377278259.0 0.0 1806.2840710440862 3 3.7019502e-17
320051246.0 0.0 1793.1395745125078 0 3.9440372e-13
256205283.0 0.0 1810.264244311923 2 1.2046376e-10
77352946.0 0.0 1812.4328383736447 0 0.0031329263
376676648.0 1.0 1798.4299436805034 1 0.99997425
229512467.0 1.0 1798.8448262286936 1 0.9997053
329174586.0 1.0 1800.155840845159 1 0.99997926
20875355.0 1.0 1796.4951169982778 1 0.9997395
116054123.0 1.0 1810.661343102558 1 0.9997683
241120346.0 1.0 1793.5571884659412 1 0.99986994
191704473.0 1.0 1794.6405808257614 1 0.9998805
65749395.0 0.0 1812.4325436200863 0 0.00016248322
408733027.0 0.0 1808.846952446126 0 9.884968e-08
297653673.0 0.0 1794.5561701099414 2 9.01556e-22
22952424.0 1.0 1798.1413017226796 1 0.99965835
289722957.0 0.0 1806.9890079054305 3 0.0
84166798.0 1.0 1811.368203572393 1 0.9999767
428118368.0 1.0 1795.9740384196002 1 0.9993584
367947120.0 1.0 1799.9509906093683 1 0.9994802
305831987.0 1.0 1798.72331087956 1 0.99998665
77259822.0 1.0 1794.2036986437874 1 0.9999641
229444187.0 1.0 1793.7823347496742 1 0.9997421
320186525.0 0.0 1812.6808759402115 0 4.6199233e-07
230007539.0 1.0 1797.1779462252712 1 0.9998748
289380104.0 0.0 1795.9927118178234 2 7.941247e-24
235685605.0 1.0 1798.199278739364 1 0.99998856
280326335.0 1.0 1796.4725821853563 1 0.99980474
21149817.0 0.0 1797.968287922425 0 0.00019661034
377978347.0 0.0 1805.2010922541992 0 1.4619748e-10
240780577.0 1.0 1796.4107706511913 1 0.9999449
368319105.0 0.0 1801.4720357335593 3 2.0976342e-38
357034919.0 0.0 1797.968649759457 0 0.0006485525
423460844.0 1.0 1796.2647423660283 1 0.99990255
252112676.0 0.0 1799.3274141141849 2 4.0186784e-15
83144877.0 1.0 1796.4307806669078 1 0.9990265
264915759.0 0.0 1805.2237650431532 0 1.0303694e-10
34785312.0 1.0 1797.3081563409721 1 0.99913484
177968181.0 1.0 1810.9744758372785 1 0.99993783
453299744.0 0.0 1812.38994339672 0 1.0194849e-17
256579869.0 1.0 1794.3045192140435 1 0.9998415
259945770.0 1.0 1799.9526486280038 1 0.99856937
367681735.0 0.0 1799.5734616297116 3 0.0
410474261.0 1.0 1799.5153150028457 1 0.99985385
256352113.0 0.0 1811.4708193351696 3 0.0
418222726.0 0.0 1796.8251141972294 0 0.0025302677
387764556.0 0.0 1805.199757002722 0 2.6585158e-06
61010410.0 1.0 1795.266469384812 1 0.9991006
229998685.0 1.0 1796.5112787216065 1 0.9993776
417704716.0 0.0 1797.1798454445598 2 8.5702345e-10
301641453.0 1.0 1805.9948767793087 1 0.99966466
445236014.0 0.0 1793.452334959177 2 5.755559e-26
275853812.0 1.0 1811.243863511513 1 0.9953981
264052288.0 1.0 1797.3248253099289 1 0.99988675
279920844.0 1.0 1800.200830392073 1 0.99769634
241027976.0 1.0 1794.890418170603 1 0.99997437
366504045.0 0.0 1805.2003166990362 0 2.7973142e-06
71975603.0 1.0 1799.181682488839 1 0.9995758
285936139.0 1.0 1798.0156625315262 1 0.99958295
116062134.0 1.0 1799.4739826152334 1 0.9987074
445342657.0 1.0 1796.8690118012025 1 0.9996845
256433142.0 1.0 1805.9709128449265 1 0.99997
431836271.0 1.0 1798.8283348572882 1 0.9995138
247008991.0 0.0 1805.2038339126113 0 0.0012222641
269234325.0 1.0 1799.1387718028714 1 0.9999958
219115831.0 1.0 1811.2400048474806 1 0.99956787
410779545.0 0.0 1810.616752611344 2 0.0
198414763.0 0.0 1794.4054799707496 0 9.370237e-05
343409467.0 0.0 1812.3451194755712 0 2.5785614e-05
160583165.0 1.0 1810.6568916256895 1 0.9997576
68154886.0 1.0 1797.9952280979728 1 0.9997728
237279939.0 1.0 1795.366171055467 1 0.9999884
312552149.0 1.0 1811.2437524735544 1 0.08507793
431857490.0 1.0 1796.6616405816194 1 0.99975044
332503596.0 1.0 1810.4056995696728 1 0.9991308
370759945.0 1.0 1798.2026977899231 1 0.99991745
397798163.0 1.0 1810.222209703715 1 0.9998031
65350258.0 1.0 1794.7865405792281 1 0.9992718
292688492.0 1.0 1810.3907315870733 1 0.99899286
353878210.0 0.0 1797.822613535937 2 2.3077931e-16
198206706.0 1.0 1794.1558775656893 1 0.99989027
21001553.0 1.0 1796.8497046673376 1 0.9995322
308295216.0 1.0 1798.1818834050637 1 0.9946317
332476739.0 1.0 1805.614256708805 1 0.9997142
292322941.0 1.0 1796.9532084208647 1 0.9965004
229751802.0 0.0 1794.407165267782 3 0.0
428735490.0 1.0 1811.0761677582852 1 0.99905884
407515221.0 1.0 1794.7422132807962 1 0.99934024
444497375.0 1.0 1799.368631850275 1 0.9994495
46616986.0 0.0 1800.1414185141628 0 6.494022e-11
403117863.0 0.0 1805.199362520205 0 2.194477e-08
403340700.0 1.0 1793.8894628493556 1 0.98703355
308290702.0 1.0 1799.3902665071278 1 0.999442
406960606.0 0.0 1812.7015872885697 0 1.1269712e-11
198209214.0 0.0 1798.010021796245 2 4.9318067e-18
428518844.0 1.0 1794.722488571941 1 0.99924725
357667795.0 1.0 1797.3064100256897 1 0.99999267
240991290.0 0.0 1798.4735492140135 2 6.137194e-18
373063252.0 1.0 1796.4509010480813 1 0.9999191
346849974.0 1.0 1796.4952592838938 1 0.9998757
374029463.0 1.0 1810.7855196186692 1 0.9998076
82376852.0 0.0 1809.0782413390125 0 0.0044074217
240966282.0 1.0 1806.056812135692 1 0.9997047
420136842.0 1.0 1796.7618451358253 1 0.99633265
436870928.0 0.0 1812.4120522708579 0 0.00022121657
366517381.0 0.0 1801.7830500012656 3 0.0
321445815.0 1.0 1794.7000722186042 1 0.99983674
321688056.0 1.0 1805.3250096928302 1 0.99982816
445133704.0 0.0 1811.6603586681001 3 0.0
395736802.0 1.0 1797.8264727461262 1 0.99981976
250800464.0 0.0 1808.8696010158546 0 5.6832747e-08
341839327.0 1.0 1799.3225816023794 1 0.99927276
353783180.0 1.0 1810.9685062415072 1 0.99848324
417831560.0 1.0 1793.8078557446947 1 0.99977684
245392252.0 1.0 1798.0152623537217 1 0.99999994
83417770.0 0.0 1793.4100111761322 0 2.3349302e-12
230386284.0 0.0 1806.0943799657819 3 0.0
50041754.0 1.0 1797.3690371712528 1 0.9999736
28913526.0 0.0 1805.4747742732204 0 0.00090503163
322209219.0 1.0 1793.575276960108 1 0.99966234
52031533.0 1.0 1793.4936667727677 1 0.9998988
387810926.0 1.0 1798.116559001889 1 0.9999983
272221252.0 1.0 1799.618113820811 1 0.9998645
376351234.0 1.0 1810.118808888764 1 0.9999665
50760369.0 1.0 1811.0150076505718 1 0.9996648
229412041.0 1.0 1796.0321948989042 1 0.99996465
236815198.0 0.0 1812.6147429507514 0 9.502757e-06
198457457.0 0.0 1794.5722969547974 3 0.0
319917593.0 0.0 1793.1396529945398 0 1.4269339e-11
275853812.0 0.0 1794.3477343275297 0 2.4383027e-07
237306098.0 0.0 1805.199695532472 0 2.1039483e-05
450145946.0 1.0 1810.9110412965126 1 0.9996742
424566272.0 1.0 1795.6605813006365 1 0.9999688
279722552.0 1.0 1796.0149151833452 1 0.9999932
53799292.0 1.0 1796.827129526816 1 0.9999938
251246937.0 0.0 1799.7859191232392 2 1.4496547e-17
192380205.0 1.0 1795.9534410246692 1 0.11402091
372638786.0 0.0 1805.2620458800184 0 1.0133061e-14
416046064.0 1.0 1793.7242480486411 1 0.99982774
327585721.0 1.0 1795.4310641688912 1 0.9999644
422922286.0 1.0 1798.849314313613 1 0.99963576
353238522.0 0.0 1809.0561002830482 0 0.0009094211
192253237.0 0.0 1812.4326506369807 0 0.005373725
445231476.0 0.0 1811.243613297634 2 2.233972e-12
196748740.0 0.0 1811.1816859383468 2 0.0
390336999.0 1.0 1796.3689155486913 1 0.9999973
199709723.0 1.0 1797.6764265042214 1 0.9999936
410238053.0 1.0 1797.4086713803538 1 0.9999071
83967037.0 0.0 1805.2223864877578 0 8.5939917e-07
346542599.0 1.0 1794.3913105319402 1 0.99911577
367069851.0 0.0 1798.6172553316599 2 0.19315295
347576125.0 1.0 1799.5358176549107 1 0.9824498
378589986.0 1.0 1805.7428333544815 1 0.9998961
258628143.0 1.0 1795.0121405245804 1 0.9999335
259112884.0 0.0 1805.2449200314966 0 0.00017347599
384989742.0 1.0 1798.036657546349 1 0.99966526
269516739.0 0.0 1812.3884647870955 0 3.6054464e-27
288313472.0 0.0 1805.2409957043765 0 1.4189402e-16
327121928.0 0.0 1805.1392589749755 3 0.0
349294422.0 0.0 1798.9122069888451 3 2.054304e-21
235950428.0 1.0 1806.1788930765272 1 0.9999949
192317597.0 1.0 1797.9324719134154 1 0.9999871
286221085.0 0.0 1810.6608266562573 2 1.8454763e-08
406707397.0 0.0 1796.2853134223867 2 1.7825957e-17
280627136.0 1.0 1811.4522548155383 1 0.9992309
370271012.0 0.0 1812.6814510806769 0 5.140318e-05
308221746.0 1.0 1796.3485996693375 1 0.9998623
235935385.0 1.0 1795.0121402093823 1 0.9999166
230001393.0 0.0 1805.2193395120526 0 1.9999209e-07
385554497.0 1.0 1795.3287820687387 1 0.9998044
381733616.0 0.0 1809.078531822213 0 0.004449024
292981879.0 0.0 1794.6407054639853 2 1.890827e-19
199682624.0 0.0 1805.3223401717235 0 1.2104334e-16
26621342.0 1.0 1805.9955165342103 1 0.9997625
243316942.0 1.0 1797.4276982707397 1 0.99996096
186595806.0 0.0 1812.0369471907716 3 3.5938302e-34
194609095.0 1.0 1798.2243855575434 1 0.99964494
358907018.0 0.0 1796.7843026066116 2 2.7065628e-12
285181196.0 0.0 1796.078746194392 3 1.3691402e-10
245622887.0 1.0 1799.0359627381579 1 0.99932206
301338074.0 1.0 1810.6404920209197 1 0.99962336
431837250.0 1.0 1799.328373687951 1 0.9601606
468343249.0 0.0 1794.8675459256633 3 0.0
346452259.0 0.0 1799.3266043252336 2 2.22514e-15
366577761.0 0.0 1795.866356840331 2 3.780119e-05
417644776.0 1.0 1796.9290379709312 1 0.99999684
327259175.0 0.0 1811.1819489665531 3 1.8155177e-15
71982142.0 1.0 1795.1193819640948 1 0.99996036
101094594.0 1.0 1793.8911612763875 1 0.9850422
264615805.0 0.0 1801.0568936111706 3 0.0
270666490.0 0.0 1812.3885176998313 0 3.0833704e-05
293184665.0 1.0 1794.5157680759958 1 0.9999642
334489941.0 1.0 1793.8255053712246 1 0.9999937
402978556.0 0.0 1808.8465647906353 0 1.2360789e-06
453299744.0 0.0 1805.244228943688 0 1.332386e-09
353688578.0 0.0 1808.9518501534528 0 0.00019284287
192298077.0 1.0 1810.7034535358946 1 0.9998121
356868588.0 0.0 1805.1986957013637 0 1.5662173e-12
192378128.0 0.0 1808.9950922383132 0 0.0016995044
368020837.0 0.0 1808.8676876323652 0 8.612823e-14
412887381.0 1.0 1793.8254932371499 1 0.99959433
404646951.0 1.0 1810.9707051652515 1 0.9998482
351692998.0 0.0 1805.5141717646386 0 0.0008266565
410551435.0 0.0 1805.2029605697908 0 8.864537e-18
264730556.0 1.0 1800.1818397032287 1 0.999969
353934550.0 1.0 1799.3433462858493 1 0.9999394
302477419.0 1.0 1805.4738289692823 1 0.9999439
302628369.0 0.0 1797.3891628133647 2 0.0
436869712.0 0.0 1812.3079223351044 3 0.00010455934
408707646.0 1.0 1810.4925858804615 1 0.9999122
252828738.0 1.0 1797.5573387524748 1 0.9994334
293066086.0 0.0 1794.47403062808 3 0.0
376848788.0 0.0 1808.885942533833 0 1.7444875e-16
381545723.0 1.0 1796.8909369921523 1 0.9993064
29015143.0 0.0 1805.5789682152365 0 0.00095737376
385045501.0 0.0 1812.432637565399 0 0.000270284
428249910.0 1.0 1810.7865000752297 1 0.99864155
230016516.0 0.0 1808.8444509835358 0 1.4837475e-12
369439063.0 1.0 1796.6603315538073 1 0.99998313
387506865.0 0.0 1808.8454044593052 0 1.548776e-06
333785546.0 0.0 1798.2414383171645 2 1.4126694e-24
377153246.0 1.0 1799.471651553169 1 0.9999811
229615654.0 1.0 1796.0323026171832 1 0.9998227
400438131.0 0.0 1809.1607059178982 0 5.4767276e-12
5674169.0 0.0 1797.8288366826355 3 2.821572e-05
279081935.0 0.0 1811.514245738599 3 1.9763169e-05
468343249.0 0.0 1808.9926837815296 3 0.0
229674725.0 0.0 1794.9068090346223 2 1.41663795e-36
434626036.0 1.0 1810.8257753822115 1 0.999826
186911536.0 1.0 1795.9119793187153 1 0.99559945
256694232.0 1.0 1796.6396975812 1 0.99928725
245391330.0 1.0 1805.4111529337376 1 0.99970895
236878035.0 0.0 1793.4076977217899 0 8.656869e-09
68092901.0 0.0 1805.3702215615167 0 1.7302591e-15
312862566.0 1.0 1794.9315865375113 1 0.99985266
372335737.0 0.0 1808.8669483064364 0 4.4065953e-12
350132371.0 0.0 1801.033647735225 3 0.0
351883459.0 1.0 1799.4932965263165 1 0.99965596
13769508.0 1.0 1800.3066873155542 1 0.9996954
73626719.0 0.0 1812.495303071388 0 2.5822277e-05
308366236.0 0.0 1808.8484877712176 0 5.2036405e-08
52637292.0 1.0 1794.4313136646044 1 1.0
191765861.0 0.0 1812.3693085387438 0 2.6228169e-22
395693664.0 1.0 1798.9931767057822 1 0.9909851
373701453.0 0.0 1809.1395154484658 0 0.00012065862
407423533.0 1.0 1794.8468749394553 1 0.99771595
468343249.0 0.0 1805.6384990444988 3 0.0
177914599.0 1.0 1795.5160135941044 1 0.9996008
238740657.0 0.0 1805.2450408233865 0 4.6742774e-05
348019467.0 1.0 1799.390096820236 1 0.9989375
422259529.0 1.0 1795.0147190077664 1 0.9997573
139535572.0 0.0 1805.4953187359151 0 9.029813e-05
50350463.0 1.0 1811.1399845646736 1 0.9997587
436860179.0 0.0 1805.3705349016554 0 0.005260216
352114901.0 0.0 1800.0556311138255 2 3.080227e-31
192377859.0 1.0 1810.140907308343 1 0.9994334
46479350.0 0.0 1809.1831237579295 0 0.00042649402
71742290.0 1.0 1798.6609872057443 1 0.9996643
388077369.0 0.0 1812.9706137925011 0 1.3784227e-19
237228300.0 0.0 1808.8453102224528 0 2.0579186e-11
354382958.0 1.0 1800.6382888441628 1 0.9999978
428071634.0 1.0 1795.0779813355234 1 0.99823034
323448225.0 0.0 1793.5964188729195 2 5.643501e-27
198237745.0 1.0 1798.8851174811161 1 0.99953663
302315617.0 1.0 1796.6615390036836 1 0.9993012
272331853.0 1.0 1795.4930976221892 1 0.03380039
237236072.0 0.0 1793.8661050197484 2 1.7118251e-10
312555342.0 0.0 1806.2854868154875 2 1.167667e-20
117321693.0 1.0 1811.3907283431433 1 0.99998397
399085736.0 0.0 1797.3274203463532 2 0.0
68001591.0 0.0 1805.2036020278651 0 0.0037237264
288513991.0 0.0 1808.8872230967888 0 1.8987736e-05
445133704.0 0.0 1807.139655771627 3 0.0
444527225.0 1.0 1793.1813108453548 1 0.99985754
367332426.0 0.0 1794.9297136292262 2 3.7271334e-15
219759300.0 0.0 1799.4892981420517 2 4.1778894e-06
412353535.0 1.0 1799.7836866391378 1 0.9998463
366327738.0 0.0 1793.3252898094538 0 6.4238956e-20
229676244.0 0.0 1797.26134215736 3 4.584574e-23
84222439.0 1.0 1797.9724413943802 1 0.9998695
264468462.0 0.0 1800.1376352131133 0 2.0296266e-14
259003334.0 0.0 1812.344701100585 0 5.663705e-21
83529554.0 1.0 1796.1183653199655 1 0.9993661
351691094.0 0.0 1809.201671384107 0 1.4393087e-14
436840066.0 1.0 1797.474773623868 1 0.99890953
326259625.0 1.0 1796.9910293689752 1 0.9999918
384660138.0 1.0 1794.4526089847716 1 0.9998803
229769044.0 0.0 1805.2405609228088 0 1.1230397e-08
116986989.0 1.0 1796.2030903274429 1 0.9998322
445196931.0 1.0 1794.473084048188 1 0.99999994
308285846.0 0.0 1812.3484575515035 0 1.6174301e-08
315937374.0 0.0 1797.6191947027023 3 0.0
354744093.0 0.0 1796.639461367291 0 4.5810673e-05
348668302.0 0.0 1798.9734330802494 2 0.0
354109094.0 1.0 1798.9524616551103 1 0.9998823
427643387.0 0.0 1799.2017908641342 2 1.9822576e-19
319712910.0 0.0 1811.1183887958532 2 4.2258918e-12
192804146.0 1.0 1798.0575624592725 1 0.9997102
352774529.0 1.0 1811.5349133418754 1 0.99958503
366911606.0 0.0 1805.2212675575122 0 2.195745e-16
348525618.0 1.0 1796.5360950126817 1 0.99673194
292725387.0 1.0 1796.2032541228707 1 0.9998536
130086309.0 0.0 1809.0783842730086 0 8.984805e-05
250506407.0 1.0 1796.5778363606091 1 0.9999659
160619246.0 0.0 1797.0113719170272 2 2.0338063e-12
453160746.0 0.0 1796.1396048829927 2 4.573989e-15
354799429.0 0.0 1794.4737996329204 2 1.2479014e-13
377251803.0 0.0 1799.3024180797843 3 0.0
335794492.0 1.0 1798.867186474606 1 0.9990897
367245376.0 0.0 1798.6171521188564 2 1.7554524e-27
286174355.0 1.0 1793.6829024980134 1 0.99945873
399075008.0 0.0 1805.556627891953 0 8.199481e-11
445594352.0 0.0 1810.3066671233494 2 1.7703556e-11
373239639.0 0.0 1797.159262080224 2 1.346511e-13
34885040.0 1.0 1811.1414036078177 1 0.9999807
308443186.0 0.0 1805.2444084249894 0 4.24134e-08
233084151.0 1.0 1806.0105185658454 1 0.9996749
348140525.0 1.0 1797.9942614118763 1 0.9997752
292153303.0 1.0 1811.2238838620597 1 0.99999833
395408858.0 0.0 1805.201516718597 0 3.3096956e-10
230386284.0 0.0 1798.9069645397074 3 0.0
407163612.0 0.0 1796.909875442957 0 1.7034916e-05
264331531.0 1.0 1795.15840450501 1 0.9997949
251599364.0 1.0 1799.431864886751 1 0.9996719
359135923.0 0.0 1811.3264159406299 2 8.019776e-20
286217231.0 0.0 1805.2648529212386 0 5.9624256e-10
63468874.0 1.0 1810.4534449532161 1 0.9996119
399925798.0 1.0 1806.3676544750133 1 0.99925935
353989515.0 0.0 1812.343250582874 0 0.0045986604
316131319.0 1.0 1805.9111360558277 1 0.99987143
298783660.0 1.0 1805.3851176860044 1 0.9977359
192416924.0 1.0 1810.5992516189392 1 0.9995682
418709743.0 1.0 1798.3265404727788 1 0.9992163
322338950.0 0.0 1805.2443727069092 0 5.0273067e-13
21124830.0 1.0 1806.1765023497196 1 0.9999513
329173773.0 0.0 1810.7183395206926 2 1.0055868e-19
422778838.0 0.0 1805.660377196398 0 7.494124e-13
376112832.0 1.0 1811.5129396833338 1 0.99999297
293066086.0 0.0 1811.2239442468406 3 0.0
35082867.0 1.0 1795.183063783523 1 0.9996876
288508201.0 1.0 1798.699537047711 1 0.99988925
370211258.0 1.0 1797.723333056966 1 0.99993044
279754247.0 1.0 1797.0563195434797 1 0.9997026
259001008.0 1.0 1799.2822920694414 1 0.99855775
431777441.0 0.0 1796.6408182280957 0 0.00036511893
72088388.0 0.0 1812.6607415052633 0 7.4371535e-05
410437804.0 1.0 1810.1193108920475 1 0.9991979
198388252.0 0.0 1799.551385366527 3 0.0
302686226.0 1.0 1811.0771354084156 1 0.98741055
322438770.0 0.0 1794.1585982789054 2 2.3454816e-20
375985983.0 1.0 1794.5755682945444 1 0.9946317
409530925.0 1.0 1793.8283552641792 1 0.9972031
186665508.0 1.0 1795.370165316949 1 0.99885684
403576874.0 1.0 1793.4524676093213 1 0.99999183
390858559.0 1.0 1811.4939815574169 1 0.99932694
450008513.0 0.0 1806.3270710273914 2 6.107452e-06
284083936.0 0.0 1809.120460504009 0 0.00024832643
83964493.0 0.0 1805.2432521682342 0 2.502771e-07
229773974.0 1.0 1798.490484441291 1 0.99998164
284721446.0 0.0 1805.722709928634 0 1.3688753e-19
229594685.0 1.0 1805.4490652294955 1 0.9999824
198237904.0 1.0 1793.822631807999 1 0.99998975
436869712.0 0.0 1800.3497713152885 3 6.7940424e-15
428249301.0 0.0 1796.3904415183856 3 0.0
199682504.0 1.0 1796.259806121729 1 0.9996221
416543860.0 1.0 1793.4101172935477 1 0.9993707
292057323.0 1.0 1797.93253693759 1 0.999818
417735580.0 1.0 1795.9701362537473 1 0.9998766
422533281.0 1.0 1796.6397777209622 1 0.9998793
422540162.0 1.0 1793.3481212401605 1 0.99927795
387259626.0 0.0 1812.199361221667 3 2.2470805e-14
346890573.0 0.0 1808.9119383871357 0 0.00049216236
424384833.0 0.0 1812.365621764571 0 2.5091498e-05
384808035.0 0.0 1808.8485893617649 0 0.0002913784
279711204.0 1.0 1796.9926972392138 1 0.9999155
283133497.0 1.0 1793.2854600569704 1 0.99999064
138017750.0 0.0 1804.7455203614795 3 9.189206e-29
240901555.0 1.0 1793.286182302801 1 0.9998902
416098108.0 1.0 1795.2450830971773 1 0.9999007
251678412.0 1.0 1794.1193600097015 1 0.9999266
279765124.0 1.0 1797.242662923007 1 0.99979967
285181196.0 0.0 1811.8701401493374 3 1.0438691e-06
359388299.0 1.0 1796.9893045761432 1 0.99945825
280257684.0 1.0 1797.639490914331 1 0.9997921
383646537.0 1.0 1797.7816274487054 1 0.99990284
117867823.0 1.0 1810.6198726972793 1 0.9995369
353605798.0 0.0 1794.347715475092 0 1.4540177e-05
201382711.0 0.0 1805.578752074551 0 3.952859e-05
237078705.0 0.0 1795.5328419448929 2 0.0
82557937.0 0.0 1798.5980140316365 2 3.59555e-31
268516426.0 1.0 1805.8884428186939 1 0.99981135
321819483.0 0.0 1808.887486486495 0 5.5007353e-11
233208885.0 0.0 1799.5317688752932 3 0.0
192290461.0 1.0 1810.5991895774598 1 0.9972165
315728513.0 1.0 1810.5360934278174 1 0.99963737
271140982.0 1.0 1806.3053984774738 1 0.998809
362104422.0 0.0 1805.1984497151282 0 2.9665774e-17
259169227.0 1.0 1794.7407197195525 1 0.99711
238660312.0 0.0 1805.2028954822729 0 1.966802e-11
73568673.0 0.0 1795.5370347570984 2 0.012344905
256796832.0 1.0 1798.5116459451042 1 0.9999338
349294422.0 0.0 1806.974758388431 3 1.1960175e-22
241022477.0 0.0 1800.1401536698975 0 4.120907e-14
83800874.0 1.0 1795.9307167508389 1 0.9993982
240922958.0 0.0 1808.8483750334078 0 5.6845056e-06
230087876.0 1.0 1794.3856261650337 1 0.99998647
420545581.0 0.0 1794.0143173318604 2 1.2447674e-22
455897511.0 0.0 1808.8672516465492 0 1.04343755e-07
249948775.0 1.0 1796.9947609154167 1 0.99994266
269414794.0 1.0 1797.32623283249 1 0.9998349
229478698.0 1.0 1794.3240388966622 1 0.99954253
280033934.0 0.0 1811.449234524019 3 0.0
186668498.0 1.0 1798.2245075983546 1 0.99954855
199548893.0 1.0 1795.3221246113335 1 0.9998382
410471884.0 1.0 1797.9735755910876 1 0.9998423
422339909.0 0.0 1812.366201288352 0 4.2631355e-06
441734144.0 0.0 1809.2823916742382 3 0.0
307479373.0 0.0 1797.7241772801945 2 3.4201023e-17
292464514.0 1.0 1795.3282494253574 1 0.9996765
229950969.0 1.0 1810.6774836038169 1 0.9993861
377281799.0 1.0 1794.9925865593134 1 0.9998849
400818833.0 1.0 1796.3062877211432 1 0.99955726
326920516.0 1.0 1810.3485789483816 1 0.99985635
11055693.0 1.0 1797.0562427123086 1 0.9999993
285273517.0 0.0 1812.4118355680441 0 0.004451415
408703881.0 1.0 1810.284186680814 1 0.9995238
28910232.0 1.0 1795.1830798376682 1 0.9995774
12743937.0 1.0 1798.868854099364 1 0.9992733
400739091.0 1.0 1798.3064932302725 1 0.9997645
368023395.0 1.0 1795.0344826554335 1 0.9999975
250576814.0 1.0 1798.2653663094832 1 0.9992702
427440292.0 0.0 1805.200811151494 0 8.7929806e-08
279345941.0 1.0 1799.5350332906019 1 0.99996156
284432363.0 1.0 1806.2434991256564 1 0.9999575
258829991.0 1.0 1796.6989142742266 1 0.99984425
306554426.0 1.0 1810.3688727973533 1 0.9999993
436847958.0 1.0 1797.412307928426 1 0.9973914
385444672.0 0.0 1797.2214982014798 2 9.0969124e-38
468343249.0 0.0 1800.4301194270163 3 0.0
327011577.0 0.0 1795.0572884467176 2 1.4931193e-15
347943876.0 1.0 1810.452631641617 1 0.9999622
398286958.0 1.0 1805.3047244166485 1 0.99999744
199526571.0 0.0 1797.6143077268848 2 3.357126e-17
370996301.0 1.0 1795.9319291794277 1 0.999499
445353925.0 1.0 1799.2022709443397 1 0.9998962
283028516.0 0.0 1808.8473048534972 0 3.2207015e-05
353820067.0 0.0 1797.7603157068231 2 0.0
372341806.0 0.0 1812.3877430864293 0 3.2069743e-17
326815804.0 0.0 1798.097462430735 3 0.0008122835
388507792.0 1.0 1796.5131006436739 1 0.9986492
358901093.0 1.0 1797.8676944333704 1 0.9999857
422518813.0 0.0 1799.2003333976181 2 1.0346384e-11
398263917.0 1.0 1797.6998314713635 1 0.99978226
307601586.0 1.0 1796.2442784609777 1 0.9999519
422613887.0 1.0 1796.992745833812 1 0.9999983
335036101.0 0.0 1805.221194663444 0 3.1299162e-08
428395071.0 0.0 1805.2447974660151 0 1.2843363e-19
34555155.0 1.0 1805.537231317445 1 0.9996785
444112903.0 1.0 1799.2026976671777 1 0.9999574
187030256.0 0.0 1805.3492981452453 0 0.0011619532
65687856.0 1.0 1798.4741329273586 1 0.99958456
199617322.0 0.0 1812.4473900028718 0 1.451152e-06
251275040.0 0.0 1808.8487692573447 0 7.410266e-07
278929672.0 0.0 1812.430912035056 0 6.3178057e-12
229399917.0 1.0 1811.3444446735746 1 0.99999446
65159437.0 1.0 1798.9533155392671 1 0.999546
444756920.0 0.0 1809.1606348530358 0 8.412501e-15
250496462.0 1.0 1811.0570437847964 1 0.9990141
315757718.0 0.0 1799.0957624743357 2 1.1813134e-28
229741985.0 0.0 1809.0947275726148 3 0.00029826397
219794085.0 0.0 1811.5518113984415 2 1.6875538e-17
198280388.0 0.0 1798.4056784133568 3 0.0
230000484.0 0.0 1808.9067729854112 0 1.9944731e-23
271437773.0 0.0 1795.2223283227129 2 5.3127724e-35
272043015.0 1.0 1799.618134460149 1 0.9999738
237235121.0 0.0 1793.40777845626 0 1.29976155e-14
399832124.0 1.0 1799.2844014632149 1 0.99982095
354470651.0 1.0 1810.9944229987307 1 0.999984
240972445.0 0.0 1797.1609888345222 2 3.945897e-31
327392160.0 1.0 1796.8905801260337 1 0.999966
421110379.0 1.0 1810.160120513295 1 0.99965715
436839307.0 0.0 1805.2038844412382 0 0.000214333
192294190.0 0.0 1793.1406970539763 0 0.0001927278
348514639.0 1.0 1810.640262827715 1 0.9999154
352035677.0 1.0 1794.9100698714838 1 0.9998421
256429161.0 0.0 1797.0752087361618 2 3.4415886e-19
423745424.0 1.0 1795.410786352433 1 0.9999744
412359280.0 0.0 1805.2419306757174 0 3.4570292e-23
286567037.0 1.0 1796.8896453922655 1 0.99933934
184691852.0 1.0 1811.4116697954373 1 0.99957293
251622978.0 0.0 1799.1404307998812 2 0.003986986
192739188.0 0.0 1808.8701240519256 0 0.0026936182
362105169.0 1.0 1799.1777526558326 1 0.9994973
269697721.0 0.0 1812.0951913614856 3 0.0
5674169.0 0.0 1793.0372189434588 3 5.199727e-05
256926659.0 1.0 1810.5115577861714 1 0.99998945
352422973.0 1.0 1797.6184022101095 1 0.9996455
280033934.0 0.0 1805.3242872198748 3 0.0
306188097.0 1.0 1810.3480375038264 1 0.99993664
229741985.0 0.0 1809.6155604552293 3 0.00023231287
353565609.0 0.0 1811.7434487227906 3 0.0
353605798.0 1.0 1811.3478751117775 1 0.99971807
259100944.0 1.0 1795.3866385864217 1 0.99952596
184589180.0 0.0 1809.0574526716516 0 0.003916719
23051870.0 0.0 1805.474750048583 0 0.0006239714
385105039.0 1.0 1798.8491026337967 1 0.9998819
359312949.0 1.0 1796.8432206475193 1 0.9996299
321443552.0 0.0 1812.3872809562383 0 4.4792633e-22
272135392.0 1.0 1795.0971800121006 1 0.999985
387681619.0 1.0 1796.7623498071735 1 0.9998593
177881461.0 0.0 1805.2870245085508 0 0.0018255406
410742133.0 1.0 1794.0155619390446 1 0.99964345
312675561.0 0.0 1800.1396338216184 0 1.2816633e-09
428163192.0 1.0 1795.6196884337617 1 0.99965847
301740176.0 0.0 1805.5156616450097 2 1.6880182e-16
240748813.0 1.0 1810.8687447905022 1 0.9999971
100999346.0 0.0 1805.537131987921 0 0.00013843548
219900027.0 0.0 1806.906698764171 3 0.0
453229743.0 1.0 1797.4943053169845 1 0.99937725
396442479.0 0.0 1795.1795733117744 2 5.679961e-26
13351941.0 0.0 1809.3066005290689 3 0.0
385591488.0 1.0 1794.4329132949729 1 0.9994142
302391058.0 0.0 1812.369650432569 0 2.2418865e-07
49712375.0 1.0 1799.0771824412693 1 0.99989545
104150440.0 0.0 1796.8280424070767 0 6.8027667e-12
453225036.0 0.0 1796.6400013623331 0 0.001154869
357669546.0 1.0 1811.035663988293 1 0.9927954
317589926.0 1.0 1797.7009071769307 1 0.99971765
81913717.0 0.0 1805.264730297406 0 2.355953e-06
368516895.0 1.0 1805.2640735139407 1 0.99997324
229581777.0 0.0 1805.7196702007484 2 0.0
241037511.0 0.0 1805.7442872209015 2 7.557414e-07
67767538.0 0.0 1796.6410211228197 0 0.0005701931
251324483.0 1.0 1811.161057630966 1 0.99862295
417257911.0 1.0 1798.6185123483954 1 0.9995587
444797901.0 0.0 1808.9936744502265 0 0.00038293714
272324340.0 0.0 1806.847150472914 3 0.0
376288684.0 1.0 1795.9924044119398 1 0.9995659
292847360.0 0.0 1796.4116058837853 2 1.1967559e-16
299443090.0 0.0 1797.3070512912682 3 1.1704504e-19
398181867.0 0.0 1812.4518727572681 0 0.00015684082
417573303.0 0.0 1800.1371180375827 0 6.856487e-05
275258737.0 1.0 1810.1595416158816 1 0.99997085
46629578.0 1.0 1810.4123003100535 1 0.9514044
292613411.0 0.0 1809.182364536146 0 0.0007693099
219092595.0 1.0 1810.9693206824513 1 0.99990934
421110675.0 0.0 1796.8268869569572 3 0.0
94336979.0 1.0 1797.1619776272112 1 0.99989814
346843561.0 0.0 1809.1598800596093 0 0.00025078576
192253254.0 1.0 1794.2242877952776 1 0.9993155
378761239.0 0.0 1808.8470972523662 0 1.4280165e-20
186620867.0 1.0 1799.120325955662 1 0.99933064
184736598.0 1.0 1811.557382556683 1 0.9997377
292609316.0 0.0 1793.5573249135962 2 0.0
366676700.0 0.0 1794.1171113236467 2 4.9997276e-21
302077929.0 0.0 1808.8488772707517 0 8.7120345e-05
401003492.0 1.0 1805.3276609027566 1 0.99999976
348670281.0 1.0 1795.2234449969433 1 0.99999464
445354294.0 1.0 1794.7439657374762 1 0.9970975
390950483.0 1.0 1796.054167028456 1 0.9998191
256457534.0 1.0 1798.095001580623 1 0.9999759
376870509.0 0.0 1812.3658271819863 0 2.982752e-14
116404265.0 1.0 1797.1613537481162 1 0.99991137
251807924.0 1.0 1799.3693863976885 1 0.99547476
308216332.0 0.0 1805.3276822448677 0 9.0349454e-14
379598769.0 1.0 1811.4937243922864 1 0.9989636
292725652.0 1.0 1811.098936364436 1 0.9998578
372393777.0 0.0 1796.8879752124074 2 3.2656402e-16
194673250.0 1.0 1794.4118840835574 1 0.9998734
467574373.0 0.0 1810.037102509572 3 0.0046641044
346893597.0 0.0 1805.3286179665188 0 0.0014852547
395414063.0 1.0 1796.9096025306583 1 0.99996704
366914405.0 0.0 1796.0755211911737 2 5.2251514e-16
377075568.0 1.0 1798.3674373820133 1 0.99998397
289992867.0 1.0 1805.2840123730778 1 0.9996934
298781232.0 0.0 1811.3019756929662 2 1.836414e-15
241041295.0 1.0 1796.1818083005155 1 0.9998515
264464710.0 0.0 1793.137570887523 0 0.000120018776
117759728.0 1.0 1810.8489032155278 1 0.99998695
250834615.0 1.0 1811.5362273339513 1 0.99989796
279840549.0 1.0 1795.827245090819 1 0.9999999
384806782.0 0.0 1805.2027677827255 0 3.4087147e-08
252123804.0 0.0 1794.7855098702119 2 3.5853541e-19
308779324.0 0.0 1794.7236315445132 2 3.6537415e-11
368925759.0 0.0 1810.3059195602068 2 2.0353352e-12
285168064.0 1.0 1811.0360008498797 1 0.99954236
377807773.0 1.0 1805.7426657886429 1 0.999945
264615805.0 0.0 1796.7235368775473 3 1.03925466e-07
450139087.0 1.0 1793.5775092424392 1 0.99961454
406841154.0 0.0 1812.6807938015431 0 4.9640683e-05
396339551.0 0.0 1805.7017252439173 3 8.570043e-09
250559856.0 1.0 1810.6195933591127 1 0.99991274
403685063.0 1.0 1798.5151834928959 1 0.9999996
320524371.0 1.0 1811.4262586652494 1 0.99945605
370689898.0 0.0 1809.160722468593 0 1.4695106e-08
428741266.0 1.0 1797.5341292192404 1 0.9999727
269889563.0 1.0 1797.0163208026102 1 0.9998763
378861516.0 1.0 1810.138801886716 1 0.99997854
54997270.0 0.0 1805.5563683239254 0 6.3774693e-12
49718546.0 1.0 1796.1398152740278 1 0.9998778
431778580.0 1.0 1795.140818557151 1 0.999828
129870604.0 1.0 1810.1617940259912 1 0.9998989
441734144.0 0.0 1807.9698747978587 3 0.0
403589503.0 0.0 1810.4702001930823 2 7.16128e-23
409446950.0 0.0 1798.8253015883543 2 0.18262525
347760499.0 1.0 1799.4316817140552 1 0.99903584
49731618.0 1.0 1811.3067167633706 1 0.9999604
235982927.0 0.0 1809.4914540516054 3 1.9242223e-15
280021968.0 0.0 1808.848468076252 0 0.00014695695
192739181.0 1.0 1797.8700476966308 1 0.9996005
315937374.0 0.0 1812.1402332299972 3 0.0
419524812.0 1.0 1794.7434269323883 1 0.9998547
445549786.0 1.0 1810.6816119016455 1 0.9998405
272781956.0 1.0 1797.1979320879768 1 1.0
431802078.0 0.0 1793.1408073806138 0 0.0056788344
191726615.0 1.0 1797.8905004669577 1 0.9999997
389767846.0 0.0 1796.8689659914933 2 9.43559e-13
275420653.0 0.0 1805.199877207673 0 6.9363675e-09
383675087.0 1.0 1797.3648437807012 1 0.9998248
229461186.0 0.0 1809.59445691119 3 0.0
427444885.0 0.0 1805.2215875979796 0 1.6990667e-07
280183701.0 1.0 1797.0769149317814 1 0.9995105
258459247.0 0.0 1812.344926099749 0 1.4884198e-18
366241770.0 1.0 1794.8684085229456 1 0.99999636
372392503.0 1.0 1796.4296294424078 1 0.99996024
50769806.0 1.0 1811.119169573421 1 0.9991142
285091583.0 0.0 1796.6405603552855 0 5.517448e-06
308289643.0 0.0 1806.2860351347103 2 9.996828e-32
308958329.0 1.0 1797.5154532397592 1 0.9997474
396714371.0 1.0 1810.8890789128611 1 0.9999448
160550823.0 0.0 1805.1986881370162 0 1.3444458e-16
13266774.0 1.0 1794.8271906091304 1 0.9999424
198390031.0 1.0 1806.1138240226646 1 0.99982065
370000773.0 1.0 1810.452247203431 1 0.99996465
287087736.0 1.0 1797.0099821025224 1 0.9999896
20875993.0 1.0 1795.140901254515 1 0.99928284
347113041.0 1.0 1811.2014720955353 1 0.9983652
353376331.0 0.0 1797.3477479565115 2 3.386054e-08
28673030.0 1.0 1798.807478293658 1 0.9995922
269609504.0 0.0 1798.3469912098915 3 7.0237106e-29
356915106.0 1.0 1798.0725472018048 1 0.999151
250476228.0 0.0 1796.1195401474263 2 3.0018328e-17
399827917.0 1.0 1799.99241696384 1 0.99899995
90645609.0 1.0 1795.9120135616904 1 0.99945676
317840566.0 1.0 1798.700971666929 1 0.9992132
359540080.0 0.0 1811.1807706266027 2 1.8284962e-09
305679026.0 0.0 1800.0331308334933 2 7.582392e-16
250919377.0 0.0 1794.2862353990138 2 2.4100005e-38
65200579.0 0.0 1808.4951770845796 3 4.3490985e-05
275190266.0 1.0 1810.2011158861058 1 0.9661885
331981940.0 1.0 1799.389786624812 1 0.9999412
331787298.0 0.0 1805.5563773016986 0 2.7516462e-15
376891083.0 0.0 1805.200675248281 0 6.374848e-29
117175528.0 0.0 1804.5155949404977 3 0.0
274802651.0 1.0 1797.5759817837054 1 0.9993453
264737623.0 0.0 1812.410845577078 0 5.9455215e-07
308294275.0 0.0 1808.8900433425267 0 2.8441865e-14
321447046.0 0.0 1808.9915894418268 0 3.5898364e-07
291890676.0 0.0 1805.2447938451503 0 2.5962272e-08
264913049.0 0.0 1796.5153358799644 2 2.201858e-25
14039615.0 0.0 1797.8482326004123 0 0.00606567
433977629.0 0.0 1806.1382317993164 3 0.0
229800570.0 0.0 1805.2195256167636 0 5.663054e-22
372433150.0 1.0 1800.4318052973229 1 0.9998956
255923863.0 1.0 1795.5746382823702 1 0.9997824
229741985.0 0.0 1808.0530614619026 3 0.00013463103
370947639.0 1.0 1805.5984553203505 1 0.99981666
258510183.0 1.0 1811.553427758224 1 0.9998343
238793257.0 1.0 1794.7866178136107 1 0.9995545
83960401.0 0.0 1805.534961477305 0 6.3477164e-06
199709566.0 1.0 1796.42637925835 1 0.99822116
259237610.0 0.0 1812.365709102912 0 3.5831915e-09
390021728.0 0.0 1805.9268991099843 3 0.0
201104005.0 1.0 1811.349480461407 1 0.9996215
54210732.0 0.0 1809.2853173134652 0 0.00012285826
335478236.0 0.0 1793.325575164422 0 1.0734703e-14
241136743.0 1.0 1805.7029632651886 1 0.9999916
359676404.0 1.0 1810.989615561892 1 0.99972904
249919744.0 1.0 1794.244654000001 1 0.99952745
12868115.0 0.0 1805.409115720285 2 8.2338883e-13
219761155.0 1.0 1799.3437985442345 1 0.9993905
250991748.0 1.0 1800.01555281649 1 0.9997909
230001021.0 1.0 1794.698678833981 1 0.9996407
332492712.0 1.0 1793.723127013171 1 0.99994445
436860165.0 0.0 1793.1414206684171 0 0.00021395773
284539228.0 0.0 1809.2016143900062 0 0.00031077696
13351941.0 0.0 1810.8899280021915 3 0.0
428784674.0 0.0 1798.5550223106545 3 9.1717024e-20
83800829.0 1.0 1796.847376140044 1 0.99993974
444834762.0 0.0 1809.1606109753513 0 4.1308303e-06
245534262.0 1.0 1793.6401701681189 1 0.9993226
312344648.0 1.0 1810.1604140077643 1 0.99997085
21097612.0 1.0 1810.9744226898833 1 0.9990751
405623817.0 0.0 1812.348723076466 0 6.132077e-08
35114534.0 1.0 1797.7663971759666 1 0.99945986
441797142.0 1.0 1796.4902915455755 1 0.99999833
292052265.0 1.0 1794.5364605857833 1 0.9997655
235714559.0 0.0 1805.4700071249601 2 9.649081e-19
406965293.0 1.0 1798.7851251319075 1 0.99981636
354623752.0 1.0 1796.619576287493 1 0.9997776
285683056.0 1.0 1794.7021341601787 1 0.9989952
235682901.0 0.0 1812.3451705851858 0 2.3477355e-14
369238838.0 1.0 1794.8476266554055 1 0.99975294
280321964.0 0.0 1799.2434101078836 3 0.0
285181196.0 0.0 1799.162058374169 3 3.923655e-11
375843849.0 0.0 1796.2214621743751 2 2.1122729e-30
250499307.0 1.0 1795.1406225911824 1 0.9999309
417608828.0 0.0 1810.9080782263322 2 5.8901522e-36
390854527.0 1.0 1810.3900729189165 1 0.99705225
331791199.0 1.0 1800.1175439810609 1 0.998708
445234958.0 1.0 1798.3689234969638 1 0.9999605
245502642.0 0.0 1794.7652442369647 2 0.0
238345875.0 1.0 1799.1414712946112 1 0.9995618
269820061.0 0.0 1809.013578224272 0 1.9532813e-06
398284092.0 1.0 1810.6379720916989 1 0.9999684
441741529.0 0.0 1796.594645188005 2 2.5479343e-24
400250310.0 1.0 1805.8472077356907 1 0.9998327
272833124.0 0.0 1805.2014203189815 0 3.372512e-12
292058043.0 1.0 1799.3491643846442 1 0.99983287
332257870.0 0.0 1800.1398024138944 0 5.4781353e-06
348235541.0 1.0 1799.765268421447 1 0.9999946
288855753.0 0.0 1812.4310365959477 0 3.3572278e-25
369144882.0 1.0 1797.8058917330143 1 0.9996749
373458532.0 0.0 1793.3052575897543 0 3.416806e-23
282785712.0 1.0 1805.8890682922477 1 0.99999017
422424701.0 0.0 1808.9290690037603 0 0.004221451
368169571.0 0.0 1805.9928110288067 2 1.0039739e-10
427930656.0 0.0 1805.2219445917692 0 1.0362908e-16
329246824.0 0.0 1799.3849452093966 3 0.0
252854084.0 0.0 1805.2448426247793 0 2.9225236e-10
331605179.0 1.0 1797.8272560483686 1 0.9999476
347427161.0 1.0 1795.6825524496717 1 0.9982422
421110675.0 0.0 1810.8684022364562 3 0.0
428784368.0 1.0 1796.325854961701 1 0.9998038
376867499.0 0.0 1808.844409499423 0 7.582954e-13
327292106.0 0.0 1805.2030652334615 0 2.2615386e-05
367188489.0 0.0 1808.8672178522697 0 9.714967e-20
279779079.0 0.0 1805.2011823281412 0 4.517092e-25
285331383.0 1.0 1795.6811529190743 1 0.9995436
302016174.0 1.0 1806.3074757131737 1 0.99963266
436844847.0 0.0 1810.2454142241077 2 6.5422316e-12
83140060.0 1.0 1796.9308353132542 1 0.99990076
275580805.0 1.0 1795.3683883629615 1 0.99988925
68002143.0 1.0 1798.036894581713 1 0.99991524
251333542.0 1.0 1811.3487422209132 1 0.9993741
203033783.0 1.0 1810.3491841211653 1 0.99971205
423952295.0 0.0 1793.3253498464494 0 1.7292063e-08
293067496.0 1.0 1797.1199375754204 1 0.9999125
405789247.0 1.0 1795.8044043378532 1 0.9988547
288312457.0 1.0 1797.9074143563566 1 0.99998325
265195046.0 0.0 1805.2028272011444 0 2.03149e-06
256433240.0 0.0 1805.2000909361002 0 4.6969907e-20
26433178.0 1.0 1798.3496256988442 1 0.99963367
269238622.0 0.0 1805.909426613778 3 0.0
302186200.0 1.0 1793.4323656058782 1 0.9990131
263930790.0 0.0 1812.7598174850546 3 0.0
367944612.0 1.0 1799.2426165949953 1 0.99843264
264615805.0 0.0 1808.6193745166738 3 0.00024367086
264153624.0 0.0 1795.199961187006 2 7.6417746e-07
230378763.0 1.0 1799.2401516689192 1 0.99262226
370350272.0 0.0 1796.8691898419322 2 0.0
359249299.0 0.0 1809.4515374742978 0 1.2148466e-06
83051368.0 1.0 1805.9307745196127 1 0.99986804
312774962.0 1.0 1794.9730355103918 1 0.99646884
423996365.0 1.0 1799.0562922428066 1 0.99962777
327508064.0 1.0 1811.3279540153628 1 0.9999961
229683919.0 0.0 1805.1971845664546 0 3.7835954e-12
137084084.0 1.0 1798.4930775256244 1 0.9998399
233573290.0 1.0 1798.1774768952887 1 0.9991637
235929644.0 0.0 1794.8038523631699 2 7.9293506e-24
256649141.0 1.0 1806.0960850359163 1 0.9996001
402980539.0 0.0 1796.3674292224239 2 9.680203e-18
77226324.0 1.0 1797.7454031109614 1 0.99968606
14037881.0 1.0 1810.639993724583 1 0.99990296
366191508.0 1.0 1798.0769142227225 1 0.9987969
55001583.0 0.0 1799.077156421633 2 2.0137778e-37
392124871.0 1.0 1795.7652105510706 1 0.9999537
28998182.0 1.0 1798.891471655213 1 0.9995792
401008091.0 1.0 1794.6817487397261 1 0.99979275
272049136.0 0.0 1796.909775209058 0 7.240717e-06
269104192.0 0.0 1796.9095432165104 0 1.4234104e-08
229914096.0 1.0 1793.7820825609615 1 0.9998834
201099203.0 1.0 1810.5371240219947 1 0.999783
453011533.0 0.0 1810.8477611341164 2 4.013058e-14
417303984.0 1.0 1798.618376168127 1 0.99975413
389767650.0 1.0 1796.5772989491109 1 0.9999242
400951648.0 1.0 1805.7241354025477 1 0.9997724
230023809.0 0.0 1797.407276705663 2 6.9405636e-20
229799968.0 0.0 1805.2195975661077 0 7.918627e-11
444584299.0 1.0 1810.5143961066879 1 0.9999835
250520042.0 0.0 1812.3487160986494 0 2.2830834e-08
1981434198.0 0.0 1795.7624379824733 3 0.0
288381315.0 1.0 1811.4285295136985 1 0.999992
308125835.0 1.0 1799.452918416933 1 0.9995384
321865922.0 0.0 1805.2417299274475 0 2.2362801e-14
272833124.0 1.0 1795.9932519256313 1 0.9946317
428053550.0 1.0 1797.9532270846344 1 0.99999183
250558800.0 1.0 1799.2447522715092 1 0.9998252
250743313.0 0.0 1794.2030395597533 2 1.0468922e-15
129911791.0 0.0 1796.640977890922 0 0.00031279173
316250867.0 0.0 1810.5780189581174 3 0.0
229712938.0 1.0 1796.5319780649377 1 0.9999504
285344141.0 1.0 1811.2034885504609 1 0.99949646
415977699.0 0.0 1797.9532921981468 2 3.775723e-12
240940049.0 1.0 1805.9733308419973 1 0.9997225
233072454.0 1.0 1798.1353920986596 1 0.99980986
12109538.0 0.0 1809.139647152928 0 1.4332585e-16
50610083.0 0.0 1808.952473629547 0 9.302593e-05
326532827.0 0.0 1810.1805526013259 2 6.6608093e-21
333061870.0 0.0 1805.5564322318428 0 9.926228e-09
403999744.0 1.0 1811.1602809013023 1 0.9998499
366717545.0 1.0 1797.8046330938198 1 0.996999
389631736.0 1.0 1795.7647522267623 1 0.99995345
251270856.0 1.0 1797.9110874421392 1 0.9997159
417735556.0 0.0 1793.532660353399 0 1.866521e-16
315774811.0 1.0 1794.2415755382178 1 0.99997526
309140602.0 0.0 1805.2443647253947 0 5.447241e-17
416093379.0 1.0 1797.0366209728788 1 0.99965006
346787618.0 1.0 1805.807812124535 1 0.9994231
450008897.0 1.0 1793.6814534419652 1 0.99965316
21099718.0 0.0 1795.1205850987915 2 0.0
233525703.0 0.0 1797.6775995832063 2 4.834993e-12
302078629.0 1.0 1795.7237988226493 1 0.9999977
432148594.0 1.0 1793.4115704143703 1 0.9994954
240824997.0 1.0 1797.681852686714 1 0.9998935
5734166.0 0.0 1808.8494184741182 0 0.005568816
312060302.0 0.0 1807.368600109282 3 0.0
433500900.0 0.0 1808.8495508487817 0 0.0023110183
250936633.0 1.0 1793.536480680296 1 0.9946317
331517660.0 1.0 1811.3896441378988 1 0.99978644
428551226.0 0.0 1811.4930226884678 2 7.8866994e-23
90766316.0 1.0 1794.1620442740493 1 0.9998384
13081670.0 0.0 1797.8481139705427 0 2.6941206e-11
285798854.0 0.0 1812.5980583219841 0 0.00013597382
256802026.0 1.0 1810.407265616012 1 0.99984246
101097682.0 0.0 1809.2663415775403 0 0.00034169565
116500586.0 1.0 1795.390530651501 1 0.999842
21031335.0 0.0 1794.4057500929628 0 0.00031283646
81450691.0 0.0 1808.9315552347368 0 6.472234e-06
351366878.0 0.0 1809.326462852425 0 1.2332188e-05
374960751.0 1.0 1798.3274549599569 1 1.0
250656206.0 0.0 1805.2653354144804 2 9.982847e-07
352358226.0 1.0 1810.7850225564089 1 0.9998961
396339551.0 0.0 1806.7225704293646 3 1.7939245e-08
445516436.0 1.0 1798.7026620679947 1 0.99998707
101348176.0 1.0 1796.808011136311 1 0.9996297
65352609.0 1.0 1797.2031925667789 1 0.99997747
256666535.0 1.0 1810.8655255814194 1 0.9994486
252096958.0 0.0 1794.9730056263338 3 0.0
240911239.0 0.0 1809.639930537 3 0.0
272781956.0 0.0 1803.6147268172354 3 6.508849e-35
271651238.0 1.0 1805.5346051841677 1 0.99976945
367839215.0 1.0 1806.1157826226865 1 0.9999626
331365131.0 1.0 1810.3464439745842 1 0.99996704
316552132.0 0.0 1793.32546304206 0 1.005596e-16
338646504.0 1.0 1797.8882786543857 1 0.9999649
272622914.0 0.0 1799.6806459613983 3 0.0
422561112.0 0.0 1812.367347661856 0 1.01313065e-17
410866817.0 1.0 1796.0155967063542 1 0.9995275
264615805.0 0.0 1793.5985045564858 3 1.4231702e-10
376038929.0 1.0 1793.5964253309498 1 0.9999968
349382069.0 1.0 1810.6621192536657 1 0.9977296
322202599.0 1.0 1795.8044036040767 1 0.99999076
400535342.0 1.0 1796.8273703455752 1 0.9997437
229591436.0 1.0 1810.8243173446292 1 0.9999456
298649709.0 1.0 1811.0303491727725 1 0.999144
235985790.0 0.0 1795.0955567791661 2 1.85186e-10
389916767.0 1.0 1797.198037780306 1 0.99996394
202839485.0 0.0 1796.9325604655915 3 3.899749e-07
410644567.0 1.0 1794.9323407284658 1 0.9995191
396208925.0 0.0 1812.3889672894834 0 1.1684903e-14
288497879.0 0.0 1812.7241526877528 0 0.0017717902
326730047.0 0.0 1799.5556823900858 2 5.2478507e-21
77223936.0 1.0 1797.807994915659 1 0.99981755
233499659.0 1.0 1797.1568523478697 1 0.9999336
428680774.0 0.0 1811.07676058352 2 5.073053e-06
264552077.0 0.0 1808.8692753782798 0 1.2538298e-10
354600017.0 0.0 1812.7016690828286 0 3.309708e-05
116887235.0 1.0 1799.4530646614337 1 0.99947166
278924624.0 1.0 1797.9935511183742 1 0.9997455
387507677.0 1.0 1794.0539407827803 1 0.9999107
200871515.0 0.0 1809.1204498878574 0 0.00020494983
307276176.0 1.0 1805.9941238690155 1 0.9990862
269697721.0 0.0 1800.7202886222544 3 0.0
67422158.0 1.0 1798.682501428369 1 0.99933845
450154232.0 0.0 1793.890256598533 2 2.737213e-20
63508544.0 0.0 1794.2453383590882 2 1.6727966e-13
468293391.0 0.0 1794.0132320776906 3 0.0
68098870.0 1.0 1811.2244318736002 1 0.99969894
252197115.0 1.0 1795.160672461494 1 0.9997182
399788405.0 0.0 1812.5102409094761 3 0.0
251170424.0 1.0 1793.619330697577 1 0.99985343
233200039.0 0.0 1805.4069714716893 2 3.2586802e-26
65278804.0 1.0 1793.6822875193313 1 0.9976918
34576161.0 1.0 1798.0163979209083 1 0.99936765
198415175.0 0.0 1805.1972098712288 0 1.2911793e-19
445228585.0 0.0 1810.2852596038372 2 4.8945087e-26
269697721.0 0.0 1796.7411454948185 3 0.0
192558373.0 1.0 1797.8909870068246 1 0.9996425
284809242.0 1.0 1798.1184054098205 1 0.9998056
422985007.0 0.0 1805.2028808385408 0 1.5180005e-20
427596446.0 0.0 1793.4093338974833 0 1.02772385e-17
233065340.0 0.0 1805.3230248996547 0 1.5102603e-13
385105755.0 0.0 1797.8699433988509 3 0.0
1981434198.0 0.0 1804.3457015106312 3 0.0
116890331.0 0.0 1811.20305073853 3 2.7834413e-10
422353035.0 0.0 1805.2204439339077 0 0.00012996192
138016765.0 0.0 1800.141280029912 0 3.6009633e-06
334491083.0 0.0 1808.8460816716713 0 2.0488243e-07
259166390.0 0.0 1796.9074601239245 0 3.9351357e-07
370763787.0 0.0 1798.3069109599796 2 6.597854e-17
81509327.0 1.0 1810.285873694526 1 0.9999428
233544425.0 1.0 1795.3026732769 1 0.9999885
250515809.0 1.0 1806.3279112752919 1 0.99994403
405614141.0 1.0 1798.5781813650167 1 0.99999624
317713910.0 0.0 1805.784248342119 2 3.6115068e-25
292149765.0 1.0 1797.703194175348 1 0.9999732
406958575.0 1.0 1806.0349391542031 1 0.9999873
399787877.0 1.0 1797.6147171842713 1 0.99867976
359630463.0 1.0 1806.0522008597377 1 0.99988514
373626245.0 1.0 1798.181379904086 1 0.9999461
194657940.0 1.0 1810.80777213409 1 0.99972814
358826784.0 1.0 1806.1591798593051 1 0.999995
116498460.0 1.0 1794.057240533445 1 0.99996436
177710159.0 1.0 1797.6619320915936 1 0.99066275
327183309.0 1.0 1793.6197037716602 1 0.99989337
186600548.0 0.0 1812.3910406453997 0 0.00011542652
49714663.0 0.0 1805.2856436832633 0 3.2581762e-15
279603463.0 1.0 1797.2425506847 1 0.99989575
401499859.0 1.0 1811.1177442384337 1 0.99987054
53710811.0 1.0 1795.4313494800524 1 0.9998738
444764488.0 0.0 1809.2021837940085 0 1.43737425e-05
116611548.0 1.0 1806.2032078524524 1 0.9999837
245664558.0 1.0 1793.7026021330505 1 0.99995184
198354443.0 0.0 1807.3846758758466 3 0.0
450131149.0 1.0 1796.0568870345523 1 0.99975216
312346840.0 1.0 1800.0147380945757 1 0.9999732
365945520.0 1.0 1797.930300964196 1 0.9998499
302079024.0 1.0 1797.8904783038543 1 0.9946317
374034693.0 0.0 1797.8481159055868 0 7.380226e-11
359252453.0 0.0 1812.7014411857444 0 0.0022703013
428555385.0 1.0 1805.4096890620876 1 0.9997884
285181196.0 0.0 1809.9535281752956 3 4.481611e-07
390021728.0 0.0 1805.0102474696098 3 0.0
309299903.0 0.0 1812.3901495451694 0 7.054914e-14
241013578.0 0.0 1796.6403874870225 0 1.2298586e-06
13529474.0 1.0 1797.056551296899 1 0.9999127
259263205.0 0.0 1793.1407479392226 0 0.0006040993
198354443.0 0.0 1802.3638340783648 3 0.0
77357818.0 1.0 1793.2870850500394 1 0.99951005
229403092.0 1.0 1799.7195651083916 1 0.9999645
186765819.0 0.0 1809.0786795529445 0 0.006617471
320382480.0 0.0 1798.1186399601804 2 1.3319427e-33
354630005.0 0.0 1812.369498134375 0 2.054927e-06
405415257.0 1.0 1793.6830120402192 1 0.99997824
374390935.0 1.0 1810.5774118630036 1 0.9999675
90552859.0 1.0 1795.287087196442 1 0.9999308
417342241.0 0.0 1808.9518463778757 0 0.005519245
201244429.0 0.0 1793.1408613839228 0 0.00020792353
270811822.0 0.0 1812.3885581670634 0 0.00011799366
252173759.0 1.0 1805.8271615351734 1 0.9998038
77454066.0 1.0 1797.9538217951554 1 0.99971515
353895287.0 1.0 1797.3435159738242 1 0.9999278
302141157.0 1.0 1799.2032632888577 1 0.9998576
275189451.0 0.0 1795.200958488146 2 2.2244273e-15
116209912.0 0.0 1796.827920909262 0 4.039334e-08
129990283.0 1.0 1797.036794878595 1 0.9996233
21189379.0 0.0 1812.4680834015703 0 0.00512589
252833791.0 0.0 1812.3906855941345 0 2.548094e-13
11157751.0 1.0 1798.0357286573385 1 0.9999999
199571336.0 1.0 1797.9265658172724 1 0.9999967
365885995.0 1.0 1798.388755707189 1 0.9999979
270441187.0 0.0 1808.8677584998798 0 2.1110876e-16
235937657.0 0.0 1809.345656629339 0 2.553713e-10
129981619.0 0.0 1798.4743419575111 2 0.0003728276
396339551.0 0.0 1794.889034489626 3 1.6562226e-05
236759538.0 1.0 1797.4900197594652 1 0.99923414
431776690.0 1.0 1806.2242852360862 1 0.9993361
348670544.0 0.0 1794.5567762201335 3 1.2627065e-11
441805642.0 1.0 1796.0113202034474 1 0.99982303
251381815.0 1.0 1800.410926437955 1 0.99985105
299439137.0 1.0 1805.5778786120786 1 0.99950856
406637306.0 1.0 1811.0968605630396 1 0.9999777
305294281.0 1.0 1805.699549847312 1 0.999936
353319015.0 1.0 1798.8685363767047 1 0.9930791
348675180.0 1.0 1811.1610706074289 1 0.9998299
49847125.0 0.0 1798.660631116098 2 1.0030189e-21
230386284.0 0.0 1796.865321008896 3 0.0
428964062.0 1.0 1797.26317345521 1 0.9999097
240911239.0 0.0 1800.5567979252044 3 0.0
367095517.0 0.0 1812.3879873002297 0 1.6276265e-20
65572200.0 1.0 1794.7865061575146 1 0.99963593
129686740.0 1.0 1796.391056921562 1 0.9998339
415961316.0 1.0 1795.8698535345052 1 0.9997058
5613228.0 1.0 1794.2454819886243 1 0.9998388
410498550.0 0.0 1812.3694320083462 0 0.00033519606
235982927.0 0.0 1806.9497758790806 3 1.3617724e-10
378366908.0 1.0 1798.2640864158486 1 0.9999723
384986656.0 1.0 1796.1409012023953 1 0.9996559
354693951.0 0.0 1796.3270595771921 2 1.0305497e-11
269045189.0 0.0 1796.9094491069188 0 5.3074617e-14
229452426.0 0.0 1798.3239932259703 2 1.3267608e-17
177824144.0 0.0 1796.641178341163 0 0.00035024405
326149070.0 0.0 1800.7424972524384 3 4.2654819e-35
444636785.0 0.0 1811.285222122577 2 2.9105277e-06
396116177.0 0.0 1805.4931078427533 2 5.463329e-24
293066086.0 0.0 1809.3489746559676 3 0.0
256601288.0 1.0 1797.0981603538542 1 0.9992334
351876969.0 1.0 1794.1809189469166 1 0.9997411
288391801.0 0.0 1801.0949997501061 3 0.0
308619582.0 1.0 1797.702693926095 1 0.9999853
347577400.0 1.0 1810.660831601925 1 0.99983126
192293019.0 0.0 1812.3699256236653 0 0.0055435807
272324340.0 0.0 1806.4096606012572 3 0.0
129983974.0 0.0 1797.5368717062333 2 1.1145721e-06
427585109.0 1.0 1796.2841626662575 1 0.99996763
390407159.0 1.0 1798.9315394634866 1 0.99860126
427751281.0 1.0 1796.0968680609433 1 0.99999374
272622914.0 0.0 1800.99312411658 3 0.0
34623448.0 1.0 1794.18305145155 1 0.999807
230132253.0 0.0 1805.2605386960588 0 2.5582121e-14
385199932.0 1.0 1793.5157980009874 1 0.999754
229937458.0 1.0 1793.9695383535682 1 1.0
275581140.0 0.0 1798.1393102988845 2 1.1436756e-14
219814601.0 0.0 1798.6147313580839 2 9.928828e-19
436849325.0 1.0 1798.6622411618457 1 0.9990998
322341921.0 1.0 1797.994413666694 1 0.9999497
250453538.0 0.0 1794.9320796130153 3 1.4750489e-07
292941615.0 1.0 1811.057280660259 1 0.9997751
288637274.0 1.0 1796.3036222756532 1 0.9998645
1981434198.0 0.0 1811.3872844898256 3 0.0
260030371.0 1.0 1805.6611146925704 1 0.9999187
219091675.0 1.0 1810.1362096854514 1 0.99999106
321916644.0 0.0 1810.5124299867339 2 4.784477e-14
264615805.0 0.0 1796.8485378448052 3 5.482424e-07
256642304.0 1.0 1798.971118755507 1 0.9946317
240816017.0 1.0 1798.4526399925137 1 0.99999475
269888580.0 1.0 1810.5371217703603 1 0.99982727
406762707.0 1.0 1797.7853568331711 1 0.99996185
289139323.0 1.0 1806.3473773445 1 0.99994475
20871003.0 1.0 1798.8699908259498 1 0.99938446
272785131.0 1.0 1798.3226966391258 1 0.9999994
50934407.0 1.0 1798.264733202219 1 0.9998252
237277760.0 0.0 1794.4911589402543 3 0.0
265379820.0 1.0 1796.86955810032 1 0.99979216
240940111.0 0.0 1793.1401568081158 0 2.699034e-10
233120505.0 1.0 1810.8854814461824 1 0.99981886
403336243.0 1.0 1810.764226961674 1 0.99999464
292845371.0 0.0 1799.8698402158977 2 7.46103e-22
232634196.0 0.0 1798.9058436730404 3 0.0
445618904.0 1.0 1799.619279085439 1 0.9999242
308294275.0 1.0 1798.577681568668 1 1.0
50850448.0 0.0 1805.26469833707 0 0.0005892588
275361605.0 1.0 1805.7011742901389 1 0.9920819
400946968.0 0.0 1805.3701725591702 0 3.5888683e-13
341817206.0 1.0 1810.6766673874022 1 0.9986616
219900027.0 0.0 1803.8025165916085 3 0.0
444749895.0 1.0 1799.6397286110696 1 0.99996823
316491478.0 0.0 1809.0721073221016 0 2.8422225e-11
81751236.0 0.0 1797.5355410936704 2 1.7807351e-30
63676031.0 1.0 1794.4954161344742 1 0.999808
264456995.0 0.0 1805.2210094768973 0 0.0
178106481.0 0.0 1805.2037333305987 0 0.005604158
372192668.0 1.0 1800.20278824084 1 0.999629
285441223.0 1.0 1795.9102069880462 1 0.99809885
264615805.0 0.0 1794.6818505384726 3 1.0001333e-08
200878679.0 0.0 1809.016116271843 0 0.0005494527
348678323.0 0.0 1812.3486225551765 0 5.7979448e-15
270546862.0 0.0 1799.0972263460806 2 3.3442656e-33
327183309.0 0.0 1812.3485519239764 0 4.5929493e-12
65350906.0 1.0 1795.7657132480251 1 0.9995038
65167801.0 1.0 1810.1618536243388 1 0.9994835
12000757.0 0.0 1805.3688752463443 0 7.5095716e-22
264157795.0 1.0 1805.5125557315955 1 0.99949193
453011701.0 0.0 1793.139773118635 0 1.5692466e-38
377334685.0 1.0 1810.7214631018778 1 0.9998655
233079659.0 0.0 1796.3648727312918 3 1.6866443e-27
456130400.0 0.0 1808.1202259200406 3 0.0
65690328.0 1.0 1810.286870864294 1 0.99913025
407380852.0 1.0 1810.3070410245546 1 0.9999456
427727571.0 1.0 1799.3260053352344 1 0.9990088
73624393.0 0.0 1805.537018638985 0 0.00028557266
305395401.0 1.0 1805.8246184714042 1 0.99968064
372134379.0 1.0 1794.95041874185 1 0.99982136
389959930.0 0.0 1797.80183249537 2 2.802284e-09
285676093.0 0.0 1806.4323399859798 2 0.0005060153
424097780.0 1.0 1794.6616992170743 1 0.99905556
139406919.0 1.0 1794.3285465440713 1 0.99969286
198457457.0 0.0 1809.093061353279 3 0.0
233657197.0 1.0 1798.0311836458952 1 0.99988306
375713672.0 1.0 1811.0962031836405 1 0.99982643
301911058.0 0.0 1808.8490443099847 0 1.9902753e-05
201356721.0 1.0 1795.0784212945082 1 0.99947685
251325954.0 0.0 1812.619414539463 0 4.1536845e-05
230023671.0 0.0 1793.4073298171227 0 1.567365e-08
232614486.0 0.0 1794.7393349493748 2 1.6874304e-07
264306747.0 0.0 1793.3458719200028 2 0.0
453011104.0 0.0 1805.5353905462737 0 2.4594572e-06
264220342.0 0.0 1808.8449137472626 0 3.2355496e-10
307276485.0 1.0 1797.4734770894606 1 0.9993739
149852368.0 0.0 1812.5160371274922 0 0.00033347297
390737887.0 0.0 1808.9316020707909 0 5.494557e-08
432150130.0 0.0 1808.911934989344 0 0.0004227998
116273526.0 0.0 1808.8489207624013 0 1.8548974e-13
279594697.0 1.0 1798.1185103416005 1 0.9996665
245396933.0 0.0 1808.8485309086575 0 1.4300414e-09
241053869.0 1.0 1799.3276612692766 1 0.9997721
408100890.0 0.0 1797.4711181296725 2 2.725652e-24
368887984.0 1.0 1795.7015575857886 1 0.9999892
28778281.0 0.0 1809.2031043102388 0 0.00014342541
283028516.0 1.0 1797.2016772051131 1 0.9981658
376774313.0 1.0 1810.4505819704593 1 0.9997839
396388563.0 1.0 1811.305969418469 1 0.9993264
395862665.0 0.0 1793.4514572242806 0 1.6713763e-18
229676244.0 0.0 1805.948984452205 3 4.292909e-11
46616986.0 1.0 1810.5997912048824 1 0.98091656
392226535.0 1.0 1795.9528063946332 1 0.9996235
387675673.0 0.0 1808.8871393924583 0 3.0075946e-12
366104924.0 1.0 1796.6600915491713 1 0.9999571
256616215.0 1.0 1810.8032271573295 1 0.99981755
251169213.0 1.0 1796.3069133799759 1 0.9999565
346730890.0 1.0 1799.7017529374132 1 0.9999062
418257102.0 0.0 1796.6584783321136 3 0.0
67571969.0 1.0 1810.1618272823557 1 0.99991316
456130400.0 0.0 1807.0577221533729 3 0.0
258874878.0 1.0 1797.1991063302655 1 0.99999136
249889812.0 1.0 1798.2029550000286 1 0.99998987
434437489.0 0.0 1808.3674561993514 3 0.0
327121759.0 0.0 1806.3058968594125 3 6.942292e-33
275150367.0 1.0 1796.2219281818218 1 0.999846
320268279.0 0.0 1807.472736373769 3 0.0
403584839.0 0.0 1796.366826174933 2 5.4264635e-12
240762893.0 1.0 1805.910580771494 1 0.99999744
71929855.0 1.0 1795.2650151533014 1 0.97440946
359126726.0 1.0 1805.2639309531953 1 0.9997978
198388252.0 0.0 1797.9680555828245 3 0.0
50694186.0 1.0 1798.8065142763535 1 0.9999921
104032340.0 0.0 1795.807342085263 2 1.0206828e-11
333804930.0 0.0 1812.3871293871523 0 2.5684049e-06
245589652.0 1.0 1795.473488507547 1 0.9994796
315611638.0 0.0 1808.8487255817536 0 0.0004701114
264992538.0 1.0 1798.6800905980892 1 0.9999878
13951199.0 1.0 1799.5774085415899 1 0.99998784
356701798.0 0.0 1808.4276032847272 3 0.0
410867405.0 1.0 1799.3906888007616 1 0.9991251
11437325.0 0.0 1794.2440618964185 3 0.0
418306839.0 1.0 1810.6168183382047 1 0.9992753
285940626.0 1.0 1800.0781457164828 1 0.8703363
370594119.0 0.0 1808.8484103221308 0 5.1646993e-09
428751351.0 1.0 1799.3049222648397 1 0.9999911
368727477.0 1.0 1794.7849833173311 1 0.9946317
26505494.0 1.0 1797.2453200381676 1 0.9999296
284013155.0 1.0 1798.76608971445 1 0.9999833
326815708.0 1.0 1810.597209971287 1 0.9996939
116754534.0 1.0 1794.6823263821475 1 0.9996718
395846187.0 0.0 1812.3471326894403 0 4.324958e-09
400605818.0 0.0 1796.6402272689788 0 7.992907e-33
316491685.0 0.0 1805.197101386414 0 1.564404e-17
184733749.0 0.0 1811.078361173487 2 2.2272446e-24
417643330.0 1.0 1811.137366124877 1 0.99973875
65573652.0 1.0 1794.4532163483452 1 0.99967986
275150367.0 0.0 1805.2011551373 0 8.333864e-06
415838822.0 1.0 1795.807480684514 1 0.996436
364176784.0 1.0 1805.3665650308626 1 0.9996018
422563390.0 1.0 1797.6384094740692 1 0.999901
468293391.0 0.0 1803.5341818996092 3 0.0
245426946.0 1.0 1794.7443926094047 1 0.999411
13697650.0 1.0 1798.5562552314766 1 0.9999977
219428801.0 1.0 1810.3436111221313 1 0.99996245
54617860.0 1.0 1810.2437528035973 1 0.99996233
240751928.0 1.0 1794.2441142652422 1 0.9999966
398266747.0 1.0 1811.4920577277724 1 0.99971455
312670265.0 0.0 1795.3272883768557 2 2.4144597e-07
278855601.0 1.0 1798.7434831651979 1 0.999811
378369971.0 1.0 1799.4307182178181 1 0.999826
366475367.0 0.0 1805.2836285891465 2 4.2844903e-07
219091083.0 1.0 1805.802797186092 1 0.9999004
279723571.0 0.0 1793.8898277648977 2 4.272969e-22
376367045.0 1.0 1806.2838672469377 1 0.99975395
317845833.0 0.0 1812.3465959444432 0 7.904538e-21
366021095.0 0.0 1812.3681177117066 0 0.0
353782281.0 1.0 1798.135262799529 1 0.99987835
184656128.0 1.0 1793.3702539932688 1 0.9999429
268944966.0 0.0 1809.2009802480625 3 6.040531e-16
434263702.0 1.0 1805.3675355580424 1 0.99951553
363762845.0 0.0 1800.4096625670543 0 3.212174e-12
334487981.0 1.0 1793.6171936493602 1 0.9995253
428611573.0 1.0 1796.763776286003 1 0.99918294
366197526.0 1.0 1799.826810669418 1 0.9997927
428385852.0 1.0 1795.6197227345813 1 0.9991684
305722326.0 0.0 1812.4912789187047 0 1.4852874e-06
418034412.0 0.0 1808.9535281146398 0 0.00048700106
394091364.0 1.0 1798.9912561106696 1 0.9992398
207500004.0 1.0 1810.3430734949457 1 0.9999492
265254247.0 1.0 1793.9708857165533 1 0.9997076
367423172.0 1.0 1805.8462586143369 1 0.99978906
269043855.0 1.0 1797.1594668163546 1 0.9988715
264738932.0 1.0 1798.5358302167901 1 0.99998623
288629228.0 1.0 1810.2243208327295 1 0.9991106
229474843.0 1.0 1793.490614967445 1 0.9995828
251651770.0 1.0 1796.8067211902257 1 0.9999686
407383039.0 1.0 1794.8907093538505 1 0.9999693
233659603.0 0.0 1793.2394827120613 2 3.3214747e-15
54124640.0 0.0 1797.993801337568 2 2.4466104e-10
178044452.0 1.0 1795.8701908892908 1 0.99972177
317779648.0 0.0 1794.0339851012448 2 0.0
285909464.0 1.0 1810.222957232618 1 0.9999795
445490678.0 0.0 1799.6194368081856 2 9.5178134e-17
250866926.0 1.0 1795.7447199377862 1 0.9986253
85431098.0 1.0 1797.0370763774752 1 0.99985725
279209448.0 1.0 1798.160216997927 1 0.99999857
12905250.0 0.0 1798.5566301443296 2 0.0
249916590.0 1.0 1810.244786970721 1 0.9990596
419745119.0 0.0 1805.5351125374038 0 5.5447856e-08
233088505.0 1.0 1799.218766638643 1 0.99995995
298358846.0 0.0 1808.867542502219 0 1.1135336e-11
420497818.0 1.0 1797.389113316383 1 0.99987626
245465143.0 0.0 1793.3276570527723 0 8.830082e-05
348311202.0 0.0 1794.1193834311123 2 2.2053758e-29
198458701.0 1.0 1796.8846837086671 1 0.9993061
13104681.0 1.0 1794.6594007356136 1 0.99990505
46502622.0 1.0 1810.5789751470304 1 0.99913055
312472253.0 0.0 1805.556311947449 0 0.0003690418
389984460.0 1.0 1799.3688650230238 1 0.9999285
116057769.0 1.0 1810.9947265574208 1 0.999645
265459402.0 1.0 1811.2428220504012 1 0.99957854
229676244.0 0.0 1802.1364237128378 3 3.7121563e-34
445133704.0 0.0 1811.9936814172847 3 0.0
367145825.0 1.0 1794.033923342065 1 0.99941885
317470793.0 0.0 1811.8257791054164 3 0.0
283238372.0 1.0 1795.7227224672897 1 0.9999696
284145424.0 1.0 1796.722817137552 1 0.9999893
347491782.0 1.0 1797.932511004072 1 0.9991575
445402441.0 1.0 1797.0771735431792 1 0.999981
198457457.0 0.0 1807.8847311400152 3 0.0
445496340.0 0.0 1796.6401237029118 0 9.29569e-12
256197521.0 1.0 1798.3686497780964 1 0.95405596
82978060.0 1.0 1811.243058634141 1 0.99998397
367184787.0 0.0 1797.7004698563971 2 0.0
316250867.0 0.0 1794.14025347853 3 0.0
368684270.0 0.0 1797.2434015875967 2 5.1493503e-22
420262766.0 1.0 1795.1579824587452 1 0.9988165
418205133.0 1.0 1796.347245222906 1 0.99774027
428112325.0 1.0 1793.9321336786893 1 0.9999278
378856603.0 0.0 1805.8056337221944 2 3.5619927e-09
256349356.0 1.0 1805.5541900360188 1 0.9996999
389960546.0 1.0 1799.6559985575714 1 0.99983984
428207929.0 0.0 1812.3490565048003 0 0.00022527992
422827667.0 0.0 1812.3451288312458 0 7.550304e-14
233572209.0 0.0 1811.2398094178836 2 1.0120852e-22
433202107.0 1.0 1798.3286686117333 1 0.9995397
264469090.0 0.0 1808.9085360686477 0 2.8020804e-13
302147728.0 1.0 1793.890905070541 1 0.9990646
332865327.0 1.0 1810.493890200233 1 0.99963826
196892875.0 0.0 1795.1820961191245 2 2.4512038e-16
252096958.0 0.0 1805.4520886937494 3 0.0
35023082.0 0.0 1796.0372735413212 2 0.00026278596
333784173.0 1.0 1795.5955644570965 1 0.9999938
270326987.0 0.0 1805.2219767958882 0 1.8486157e-15
46677685.0 1.0 1796.578857610515 1 0.999478
270929379.0 1.0 1806.2011592994893 1 0.9994806
376837028.0 1.0 1798.492410135904 1 0.99857026
251683296.0 1.0 1810.411319132196 1 0.9995182
375081930.0 1.0 1795.7234528628717 1 0.99991626
252854352.0 1.0 1810.2032023574097 1 0.99972796
311832748.0 0.0 1793.8271807338015 2 6.8352734e-37
375849652.0 1.0 1798.5547721227902 1 0.9999955
441720520.0 0.0 1805.1990709516067 0 1.5175728e-19
420451590.0 0.0 1812.3681042532614 0 2.2854465e-06
334490309.0 1.0 1798.5129526861258 1 0.9999707
23051058.0 1.0 1794.8078634466174 1 0.999944
271237862.0 1.0 1805.805384906914 1 0.99993825
264194165.0 1.0 1806.40842023363 1 0.9991746
229676244.0 0.0 1805.323974654578 3 0.0
192473556.0 0.0 1796.640764010889 0 0.0038308601
94278854.0 1.0 1796.0369412105126 1 0.9995873
359042902.0 0.0 1808.847230714684 0 3.9065387e-07
399925836.0 1.0 1795.1174188010734 1 0.99877167
424283926.0 0.0 1796.223144199616 2 1.723975e-21
238747382.0 1.0 1797.265867596986 1 0.99993885
416049443.0 0.0 1809.057642397693 0 7.88236e-05
420018203.0 1.0 1798.5769090933727 1 0.9999092
317841495.0 1.0 1794.8676055043945 1 0.9994663
424572623.0 0.0 1798.848228369271 2 1.2862946e-31
352912180.0 0.0 1793.3248412819905 0 1.0680264e-20
81449434.0 0.0 1797.8481173197429 0 9.058912e-05
90648458.0 1.0 1794.6620580803046 1 0.99888265
354308924.0 1.0 1796.5779994074373 1 0.9999696
237115411.0 0.0 1797.9685979342783 0 0.0019069903
270815160.0 1.0 1810.1178013186427 1 0.9994154
237279039.0 1.0 1805.261941876151 1 0.9997802
428046623.0 0.0 1805.2447001687183 0 1.0160183e-09
357101501.0 1.0 1800.072565177432 1 0.9999825
21178341.0 1.0 1795.953923460654 1 0.99978703
456130400.0 0.0 1794.7450484570772 3 0.0
63508192.0 0.0 1812.5574696877432 0 0.0016986164
373705833.0 0.0 1808.9104368438188 0 0.006286455
426090237.0 1.0 1797.3054196620258 1 0.99962425
374558064.0 0.0 1808.9107929798467 0 5.7642845e-25
202959060.0 0.0 1794.9324053966575 2 3.202962e-26
72149122.0 1.0 1811.5359129342341 1 0.9946317
399738195.0 1.0 1805.659242075754 1 0.9992677
374692353.0 1.0 1796.8486135038872 1 0.99998087
255993777.0 0.0 1797.241275026988 3 0.00424313
433075966.0 1.0 1810.7659242106122 1 0.9991591
445407735.0 1.0 1810.1812462257785 1 0.9999355
268321917.0 1.0 1798.9913009458894 1 0.9946317
433202107.0 0.0 1805.4953058183578 0 0.0004930579
50268710.0 1.0 1797.5356576111499 1 0.9994248
139378834.0 0.0 1794.641193203592 3 1.348873e-10
292609660.0 0.0 1799.453162426321 2 6.5357394e-14
256719750.0 1.0 1795.4503941138 1 0.9946317
375852634.0 1.0 1810.6587408285707 1 0.9998988
366557556.0 0.0 1794.0753949858079 3 0.0
252178122.0 0.0 1793.1397491400685 0 1.8735026e-11
332053527.0 1.0 1810.5356339192024 1 0.99967235
399788405.0 0.0 1799.5729363733622 3 0.0
237234109.0 1.0 1811.1578323855513 1 0.99994296
284046169.0 1.0 1796.2016875992088 1 0.9999675
94452232.0 1.0 1798.828691247901 1 0.9997342
400744994.0 1.0 1799.681585021095 1 0.99987674
241013310.0 0.0 1808.681807576758 3 0.0
354744762.0 0.0 1809.1808991493854 0 0.0016041405
269612329.0 1.0 1810.9509481360062 1 0.99967694
368110961.0 1.0 1797.8261222038009 1 0.9999677
445229311.0 0.0 1794.5354995830908 2 0.0
445334311.0 1.0 1799.7229823532873 1 0.99970853
178139320.0 1.0 1795.891086425903 1 0.99955636
104060742.0 1.0 1798.140664851424 1 0.9992516
85591467.0 1.0 1795.4120717524324 1 0.999259
233006527.0 1.0 1811.4279546063517 1 0.99999815
376200886.0 1.0 1799.7019462559342 1 0.9999999
201112742.0 0.0 1809.182934435295 0 0.00018994676
219092998.0 0.0 1798.0942071954548 2 5.970087e-24
419752040.0 1.0 1798.2433061842803 1 0.9997153
434724040.0 1.0 1795.8052282829558 1 0.9999986
219738018.0 0.0 1793.1765849151327 0 5.1936577e-11
283019241.0 1.0 1798.2015498819085 1 0.99977183
240884458.0 0.0 1805.2442374050845 0 6.4671845e-08
376112177.0 0.0 1808.8463057671704 0 1.241529e-21
251753645.0 0.0 1793.8902340113564 2 6.321871e-11
198354443.0 0.0 1803.8638357555492 3 0.0
177804060.0 1.0 1794.6826217634411 1 0.99945897
367754564.0 1.0 1798.9701735304186 1 0.9996123
285279587.0 1.0 1793.599607028377 1 0.9976278
192298244.0 0.0 1808.9534729626646 0 0.00020295077
233005405.0 1.0 1795.6355150875484 1 0.9999927
379605120.0 1.0 1795.7643142622933 1 0.9993179
270127418.0 1.0 1797.3680051092579 1 0.9997731
65486972.0 1.0 1794.2865519229351 1 0.9996328
327735377.0 1.0 1799.1823527060426 1 0.9994719
251387790.0 1.0 1805.6402711511432 1 0.99994516
285669283.0 1.0 1799.223787536014 1 0.99996006
229614957.0 0.0 1808.8449895427505 0 9.791426e-08
275484816.0 1.0 1796.264103406428 1 0.9996595
445351659.0 1.0 1794.2856985451012 1 0.9999521
428662070.0 0.0 1793.4098340043213 0 8.115569e-15
10607010.0 1.0 1795.7231387647678 1 0.9998477
356981516.0 1.0 1800.2601704510564 1 0.99972916
331364868.0 1.0 1810.9922581940964 1 0.99997777
269697721.0 0.0 1804.6994262279688 3 0.0
104146528.0 1.0 1797.3695814222215 1 0.999931
50361542.0 0.0 1805.2649664734024 0 0.0018027056
241084052.0 1.0 1810.3487004063772 1 0.9997369
54624637.0 0.0 1809.410252772613 0 4.0309582e-09
367360067.0 0.0 1808.908897025622 0 5.0763246e-16
186595861.0 0.0 1809.0994849533683 0 0.0026270857
368503644.0 1.0 1805.8053759488428 1 0.9998369
408197402.0 1.0 1811.3288337756437 1 0.9999995
200939418.0 0.0 1811.766196264312 3 3.0553417e-06
308778838.0 1.0 1797.7028066470336 1 0.99999607
378761239.0 1.0 1796.3679737161847 1 0.99999815
431891777.0 1.0 1793.557312502914 1 0.9994428
354115138.0 0.0 1808.866857185094 0 1.7552158e-22
354044210.0 0.0 1797.3460691177902 2 2.1929168e-15
467574373.0 0.0 1811.0995920621592 3 0.0026382164
359676320.0 0.0 1799.281449529594 3 8.689593e-12
233208885.0 0.0 1795.0734154816419 3 0.0
293066086.0 0.0 1809.8489668949014 3 0.0
396615018.0 0.0 1804.9117703439372 3 6.621385e-30
118390626.0 0.0 1812.4535905451185 0 8.051561e-05
376978573.0 1.0 1798.3023499704232 1 0.9997309
427591305.0 0.0 1793.721313986254 2 7.8740353e-10
177913636.0 1.0 1793.953442038146 1 0.9997354
366759175.0 1.0 1798.3670536494114 1 0.9999751
370763322.0 1.0 1799.390254895661 1 0.952711
468293391.0 0.0 1805.4508636669811 3 0.0
428249301.0 0.0 1801.786399928457 3 0.0
353238851.0 0.0 1794.4935012205037 2 0.0053179506
395731538.0 0.0 1812.3473121411678 0 8.241683e-09
293066086.0 0.0 1801.4532119062362 3 0.0
308877502.0 1.0 1798.7028620855062 1 0.99939716
348440696.0 0.0 1808.8692627040105 0 1.8826618e-07
323194250.0 0.0 1796.8254561334427 0 1.6660445e-15
367429972.0 1.0 1798.929714219647 1 0.99999887
258829795.0 1.0 1800.2613660429329 1 0.99990535
250891951.0 1.0 1805.661297080866 1 0.99944896
366327258.0 1.0 1795.2836093179678 1 0.99984384
186990195.0 1.0 1810.1409252519363 1 0.99964935
321447827.0 1.0 1798.4500468505141 1 0.9993682
403525927.0 1.0 1794.036013696444 1 0.99976474
366677623.0 1.0 1810.7003456056455 1 0.99996144
370756231.0 1.0 1794.3275924915008 1 0.99966925
396012426.0 1.0 1805.8891398661092 1 0.99970263
390516952.0 1.0 1796.098219598844 1 0.99937475
366517381.0 0.0 1797.970536802888 3 0.0
264615805.0 0.0 1811.2651829905158 3 1.4854324e-08
129909190.0 1.0 1796.9535814050982 1 0.99973696
359039530.0 1.0 1799.6599122023486 1 0.9994289
264464740.0 0.0 1805.8876882864781 2 3.2548735e-14
258510805.0 0.0 1808.886770386111 0 1.6974407e-07
444762975.0 0.0 1797.88974794608 2 4.4439645e-37
252118886.0 1.0 1795.2647913997746 1 0.99988955
421388870.0 0.0 1793.1393758339007 0 2.0896893e-10
138049179.0 1.0 1797.4537308286835 1 0.9998946
52261415.0 0.0 1805.5562327795817 0 2.9854727e-14
331785004.0 1.0 1793.8480676862373 1 0.99949515
1981434198.0 0.0 1795.4499399118372 3 0.0
332985234.0 1.0 1794.327343644211 1 0.9997252
353018022.0 1.0 1799.4310259980393 1 0.9999827
50115636.0 0.0 1810.598142685535 2 3.9814942e-29
229960907.0 1.0 1810.552698662751 1 0.99999356
435362316.0 1.0 1799.5969373280377 1 0.99950415
230122533.0 1.0 1805.8438660415422 1 0.9999263
230018866.0 0.0 1805.2193440464232 0 2.9356719e-12
229782694.0 1.0 1805.4070461234883 1 0.9462808
415959842.0 1.0 1811.3904059497715 1 0.99995875
118444191.0 0.0 1793.1414463252554 0 0.00019913053
373126975.0 0.0 1812.4509755129452 0 2.0634943e-20
345915846.0 1.0 1799.6400149718756 1 0.9996619
397234871.0 1.0 1799.9517204000663 1 0.9995859
441716335.0 1.0 1794.6569023833674 1 0.99956596
359483336.0 1.0 1797.0313421254089 1 0.99884075
441734144.0 0.0 1799.8447620220109 3 0.0
198354443.0 0.0 1797.884667247426 3 0.0
376838130.0 0.0 1805.2214826203299 0 5.7323255e-06
82398035.0 1.0 1798.5354525307284 1 0.9992438
367460770.0 1.0 1798.1406308486883 1 0.9997954
332367911.0 0.0 1809.3065162213975 0 3.422054e-06
377276042.0 1.0 1795.1591919326877 1 0.9992963
219812449.0 0.0 1808.9269931643944 0 0.00015452862
307111164.0 0.0 1810.6397945886345 2 4.2736406e-13
240873079.0 0.0 1796.6611039227819 3 0.0
367361207.0 1.0 1797.4296690744172 1 0.99949867
256502109.0 0.0 1795.6794674374953 2 6.657209e-19
250458788.0 1.0 1805.8280401400873 1 0.9999898
233198485.0 0.0 1808.8857083856153 0 1.5455856e-28
374303249.0 1.0 1798.452342242171 1 0.9998681
65436914.0 1.0 1795.0367086602812 1 0.9997025
427869035.0 1.0 1799.8468219630481 1 0.99954075
196919646.0 1.0 1798.7237395266184 1 0.99999243
452961054.0 0.0 1809.16029766171 0 0.00013258198
255879260.0 1.0 1810.618484131649 1 0.9998592
396449567.0 1.0 1810.6184570300109 1 0.9999995
177800120.0 0.0 1796.974489654677 2 4.9145763e-29
317470793.0 0.0 1809.3258027025693 3 0.0
251438046.0 1.0 1795.2025507434664 1 0.9997658
229776076.0 0.0 1801.3030398092483 3 0.0
240911239.0 0.0 1805.0775446017458 3 0.0
46629059.0 1.0 1811.0998084930345 1 0.9990808
301915974.0 1.0 1794.245624535025 1 0.9997194
34977849.0 1.0 1798.0372552859208 1 0.9608505
52178333.0 0.0 1809.3685222215042 0 9.655067e-11
359040380.0 0.0 1796.9099302289455 0 2.937953e-07
445233065.0 1.0 1805.8895950344377 1 0.9999839
139507941.0 1.0 1798.6619694484953 1 0.9999177
427277109.0 0.0 1797.283453217205 2 3.3020847e-10
256623973.0 0.0 1806.219807176319 2 4.7929463e-32
270241552.0 1.0 1810.5134854597807 1 0.9999685
441807493.0 1.0 1797.4280104173965 1 0.9999988
236877576.0 0.0 1796.9076484868124 0 3.5778804e-08
406839053.0 1.0 1796.3478236083888 1 0.999959
452972908.0 1.0 1794.2646039190508 1 0.99986476
251145401.0 1.0 1810.4111358671041 1 0.99993205
354119199.0 1.0 1811.0543361189993 1 0.9998506
307040154.0 0.0 1795.9525622674792 3 3.6938106e-06
352954787.0 0.0 1807.699600749065 3 0.0
396385069.0 1.0 1810.5348767674661 1 0.9999534
34750737.0 1.0 1810.995507718821 1 0.9995342
21162454.0 1.0 1811.4056399124242 1 0.9995518
420850695.0 0.0 1805.5144065511736 0 6.38917e-12
271760298.0 0.0 1808.8470551823618 0 5.121283e-09
283243380.0 0.0 1793.1393176772447 0 1.0983146e-07
269697721.0 0.0 1807.4285698761632 3 0.0
241132335.0 1.0 1798.3488509534895 1 0.9999963
264545579.0 0.0 1805.6377031625432 2 1.5795751e-25
403688433.0 0.0 1808.973614506453 0 5.5756955e-05
444742482.0 1.0 1794.910393520006 1 0.9999765
317146115.0 0.0 1805.2026865929279 0 1.9745075e-11
178108742.0 1.0 1810.4744662590108 1 0.99926615
308533786.0 1.0 1799.6402326955122 1 0.9996688
337642995.0 0.0 1796.9090583876216 0 5.195186e-10
326630342.0 0.0 1798.680693865291 3 0.0
184733513.0 1.0 1798.911940407934 1 0.9997906
65281295.0 1.0 1796.5366186953736 1 0.9996039
288299705.0 0.0 1797.4908918960898 2 1.5212803e-14
13351941.0 0.0 1807.7232697068334 3 0.0
235686753.0 0.0 1812.3657856964546 0 2.6299538e-12
347395173.0 1.0 1806.0568030920424 1 0.999981
367855504.0 1.0 1798.7614006045596 1 0.999712
288469777.0 0.0 1810.86609080809 2 1.4244843e-14
346717973.0 1.0 1793.8285873780248 1 0.99944836
428773302.0 1.0 1810.7216980250832 1 0.998678
427611406.0 1.0 1796.7434321929409 1 0.99999076
219794282.0 1.0 1810.9685179361852 1 0.99962056
396265357.0 0.0 1805.2432580199206 0 2.212693e-19
333957646.0 1.0 1794.929637297262 1 0.9999409
434626115.0 0.0 1793.4094420645615 0 9.043109e-12
441738034.0 1.0 1796.2404509821663 1 0.99996537
139534336.0 1.0 1794.9119356912718 1 0.99942416
265383833.0 0.0 1808.848696522087 0 4.5376487e-07
370998392.0 0.0 1812.3484430400088 0 9.886413e-21
258777137.0 0.0 1794.574090137849 2 5.470919e-32
229676244.0 0.0 1804.9906361214425 3 0.0
292056732.0 1.0 1810.2239731335746 1 0.99972
280409874.0 1.0 1798.6811522799487 1 0.9999161
366517287.0 1.0 1805.6580663911523 1 0.9997248
320500801.0 1.0 1798.7438548683924 1 0.9999991
259248433.0 0.0 1805.2239406518838 0 3.6188681e-19
270056075.0 1.0 1799.8288148833817 1 0.99999577
20802417.0 1.0 1811.5158911348767 1 0.99974173
445506244.0 1.0 1796.8274336799857 1 0.9999604
298663019.0 0.0 1794.4061967355067 0 2.8459376e-19
28913134.0 1.0 1795.8705599238817 1 0.9983082
52178333.0 1.0 1796.951939044457 1 0.9998172
366118640.0 1.0 1799.9266084045896 1 0.99985594
441726292.0 0.0 1796.365351163541 2 1.5129451e-16
279606076.0 0.0 1793.409154208082 0 4.876023e-33
372749088.0 1.0 1799.199834695476 1 0.9999994
445419168.0 0.0 1797.1815612783012 2 8.402724e-10
406965391.0 0.0 1796.6393065265233 0 2.8985223e-08
238799688.0 1.0 1793.890806255309 1 0.9994918
445320345.0 1.0 1811.3061143430812 1 0.99929374
332984914.0 1.0 1794.2648518700191 1 0.99986684
453253153.0 1.0 1796.9940518853718 1 0.9994567
427683464.0 1.0 1795.784410783854 1 0.99982035
270441187.0 1.0 1795.3263110788757 1 0.9999863
237011192.0 1.0 1798.9702622753707 1 0.9999702
81687866.0 0.0 1798.9942104080803 2 6.6908153e-19
73488843.0 0.0 1795.120478465006 2 1.4042664e-06
270238334.0 1.0 1806.3052600810943 1 0.99995375
251175882.0 1.0 1797.4109299518132 1 0.99997824
251521810.0 0.0 1805.202724141409 0 7.4700333e-06
405668961.0 0.0 1797.8073214851115 2 7.2706116e-16
408896537.0 0.0 1798.3878029803955 2 5.4154854e-11
50759520.0 0.0 1812.4524880907086 0 9.188176e-05
83148011.0 1.0 1795.076581877624 1 0.99969596
431969154.0 1.0 1794.9531147113005 1 0.9997201
230010080.0 1.0 1800.6569391352482 1 0.9987119
126097648.0 1.0 1798.6829696092573 1 0.9996697
264614323.0 1.0 1796.4110016019652 1 0.9999882
418220541.0 1.0 1798.9917733857983 1 0.99999934
279201903.0 1.0 1795.5140477742918 1 0.99999297
445224816.0 1.0 1794.3062625114 1 0.9999995
63560370.0 1.0 1794.9328232523185 1 0.9998982
270919139.0 1.0 1796.53475551494 1 0.9945301
198416591.0 0.0 1798.5931841174536 3 0.0
316439223.0 0.0 1808.848701619713 0 1.445881e-08
470710327.0 0.0 1811.0137602589832 3 0.0
366868814.0 1.0 1805.992132039905 1 0.999559
312253968.0 0.0 1799.3687621494066 2 9.155539e-38
199526211.0 1.0 1795.8432979563217 1 0.99994045
256665863.0 0.0 1812.3446961115844 0 6.9533785e-06
387877670.0 0.0 1796.8249087340307 0 0.0041591064
348133278.0 0.0 1794.4527387907506 2 0.0
292272018.0 0.0 1794.5157547492263 2 1.0426938e-18
233629196.0 0.0 1808.8859110074977 0 7.6355214e-13
317713444.0 1.0 1795.0134192581324 1 0.99960864
407319154.0 0.0 1793.305444925718 0 2.4339858e-15
65159528.0 1.0 1795.7032410557658 1 0.9996722
235927708.0 1.0 1795.8869805641184 1 0.99950445
376838039.0 1.0 1811.4922168907406 1 0.9999417
233569063.0 1.0 1794.7402368691105 1 0.9997177
12318702.0 1.0 1796.9730593766253 1 0.99804556
354258570.0 0.0 1808.8695294527408 0 2.1239754e-20
11432232.0 1.0 1799.9315091751553 1 0.99958223
201376249.0 0.0 1793.140824100429 0 0.00050208374
184564607.0 1.0 1796.7867937601263 1 0.9993163
308609691.0 1.0 1811.4735045122927 1 0.99901074
301269489.0 0.0 1795.1612395158224 2 0.0
245481970.0 0.0 1808.8485577446918 0 3.7579812e-06
235678225.0 0.0 1805.199206632816 0 1.9243213e-19
352929692.0 1.0 1810.743269111043 1 0.999452
54993593.0 1.0 1794.3480918737846 1 0.9999852
445354473.0 1.0 1797.493943264022 1 0.99976283
305678104.0 0.0 1808.9079669607422 0 4.131779e-09
377509676.0 0.0 1808.867561612362 0 2.883141e-14
444143080.0 1.0 1799.3486766069136 1 0.99851793
198354443.0 0.0 1801.8638337638565 3 0.0
375721950.0 0.0 1812.387857857217 0 2.9803735e-15
229676244.0 0.0 1794.3029574416812 3 1.5811007e-17
445302812.0 1.0 1795.36899626166 1 0.9998454
279265624.0 0.0 1799.0974392763235 2 8.67482e-07
203094295.0 1.0 1796.3284217767875 1 0.99970424
427852234.0 0.0 1808.867687886763 0 2.8450763e-14
395605126.0 0.0 1805.2431026091494 0 5.2355063e-06
237197609.0 1.0 1795.740957127629 1 0.9946317
445272392.0 1.0 1795.0772751180534 1 0.99991643
237113608.0 1.0 1799.8640727080297 1 0.99878186
229676244.0 0.0 1800.657232684529 3 1.4727007e-27
445221603.0 1.0 1811.1394094252994 1 0.9999298
317840959.0 0.0 1798.4092978327378 2 0.0
332045851.0 1.0 1793.2231444295396 1 0.999683
165553977.0 0.0 1811.3222638038585 2 2.3167343e-26
71695764.0 0.0 1808.8692006452286 0 5.5014672e-05
245374992.0 0.0 1798.0987019920424 2 4.188252e-26
250520042.0 1.0 1805.223834614336 1 0.99991316
388038756.0 0.0 1793.3249953472964 0 2.0759563e-17
249943198.0 0.0 1798.0364541239842 3 0.0
399587190.0 0.0 1793.1823569228943 3 2.3047267e-05
233732719.0 1.0 1795.0109989195855 1 0.99930984
219877787.0 1.0 1796.3858854491427 1 0.9999444
235982927.0 0.0 1801.033071245674 3 1.1101329e-17
444722602.0 0.0 1794.9519443222573 2 2.4054902e-16
348522947.0 0.0 1805.2028386351249 0 1.6513683e-11
422456301.0 1.0 1797.3875226492432 1 0.9999089
230380918.0 0.0 1808.844467868497 0 1.4623002e-11
192528133.0 1.0 1810.4534632177417 1 0.9988974
288508794.0 1.0 1796.4700705951554 1 0.99997234
422517498.0 0.0 1805.2002466710983 0 1.1819626e-13
403520127.0 0.0 1812.369150156863 0 8.5289014e-07
301565475.0 0.0 1808.848850950391 0 6.7974936e-14
82013473.0 1.0 1795.6606933234361 1 0.99998206
377338476.0 0.0 1796.909155940116 0 9.717674e-05
366108257.0 1.0 1796.9726447640992 1 0.9995045
67634988.0 0.0 1808.8493552239545 0 0.00039198704
305296425.0 0.0 1798.0956445416418 2 8.440651e-17
326809006.0 1.0 1795.1613549606157 1 0.99999845
245704264.0 1.0 1794.4735826916074 1 0.99987525
308445921.0 0.0 1812.390160758651 0 7.1171483e-19
292398977.0 1.0 1805.3906889236637 1 0.9999552
385041088.0 0.0 1796.6406866624034 0 0.00035696977
395696619.0 0.0 1812.3472521918807 0 6.5706496e-05
165528727.0 0.0 1799.051546555335 2 7.776641e-30
280414812.0 1.0 1794.6393919167517 1 0.99934024
279440865.0 1.0 1794.8058639574654 1 0.99996483
237015403.0 0.0 1798.491091303788 2 3.68314e-20
258461145.0 1.0 1805.9076020512928 1 1.0
14039615.0 1.0 1810.2024639875171 1 0.99999845
235673225.0 0.0 1805.2201180723764 0 2.2414586e-19
327140903.0 1.0 1800.3071271221047 1 0.9998292
317470793.0 0.0 1803.4925055145375 3 0.0
354791642.0 0.0 1800.1406903790285 0 1.3551962e-10
410549209.0 1.0 1793.8071404683944 1 0.9993872
82567393.0 1.0 1795.1188704847173 1 0.99941725
397282584.0 1.0 1794.8477559427636 1 0.99999964
346850482.0 1.0 1811.3703703400074 1 0.9997359
279565723.0 1.0 1796.1592331661195 1 0.99999416
338071673.0 0.0 1805.5130928994788 3 0.0
387332343.0 1.0 1799.1996278499898 1 0.9997774
13100462.0 0.0 1812.3673256128168 0 6.2643255e-07
104034595.0 1.0 1796.3279280347135 1 0.9999211
428390815.0 1.0 1795.2446833143308 1 0.99773216
308288288.0 1.0 1798.5362120883337 1 0.99988884
251405039.0 0.0 1796.8902435514076 0 5.2234573e-06
436879227.0 0.0 1796.641437435176 0 2.6849819e-05
367407955.0 0.0 1798.515310543297 2 0.81467354
129901574.0 1.0 1810.9117316392703 1 0.99659795
428119363.0 1.0 1796.9532091128785 1 0.9998973
445534524.0 0.0 1805.2027025837026 0 1.5973857e-08
272622914.0 0.0 1802.2847677968234 3 0.0
101130685.0 1.0 1811.0996913781864 1 0.99982804
270325883.0 1.0 1795.847118159766 1 0.9997104
52364483.0 1.0 1799.5353558024033 1 0.9998368
395392811.0 0.0 1797.4094076348995 2 2.446686e-13
396339551.0 0.0 1804.7017125808527 3 4.4569066e-12
285426820.0 0.0 1805.391178525839 0 0.00035992466
269696430.0 0.0 1793.4911028639876 2 0.0
235928615.0 1.0 1794.387056881339 1 0.99998754
245668764.0 0.0 1799.244256921507 2 2.5007352e-21
385145227.0 0.0 1796.1201175382835 2 1.5851526e-10
356820347.0 1.0 1805.7195981747245 1 0.99999475
85432268.0 0.0 1805.7663186540676 0 0.0004143785
198213459.0 1.0 1797.0932846236235 1 0.9999223
252822077.0 1.0 1797.411370563471 1 0.9999195
285507649.0 1.0 1811.1818823269089 1 0.99746776
368021107.0 0.0 1793.4094093085903 0 1.1135063e-14
279257392.0 0.0 1812.4519117395153 0 0.0052884505
401325284.0 1.0 1795.4716651141298 1 0.9995252
445483401.0 0.0 1805.2026224570066 0 1.3600037e-15
117757362.0 1.0 1805.8905688393083 1 0.9998086
271651238.0 0.0 1793.4097906231575 0 7.904475e-14
376020871.0 0.0 1799.0748945855353 2 2.7833866e-07
251300790.0 0.0 1795.660948607558 2 2.2718393e-25
289267065.0 1.0 1794.1803529093709 1 0.9999845
351468959.0 1.0 1798.8057051957085 1 0.9993526
219878140.0 0.0 1805.2194143865502 0 4.093442e-14
331312861.0 0.0 1805.5565619107667 0 1.9445427e-09
352954787.0 0.0 1806.2204645623428 3 0.0
245560145.0 1.0 1805.9112644931076 1 0.9997775
5674169.0 0.0 1809.2660653098642 3 6.108355e-05
375787430.0 1.0 1799.9922381358513 1 0.9998052
240986393.0 0.0 1805.2025451124746 0 2.5986838e-16
407430974.0 1.0 1797.80519177632 1 0.99975955
250800464.0 0.0 1812.3695487758453 0 1.042278e-11
320278122.0 1.0 1796.2438824856338 1 0.9999568
311929784.0 1.0 1799.5563394460116 1 0.99917424
388580179.0 1.0 1810.596553881213 1 0.9995798
326732337.0 0.0 1793.4099344456745 0 4.0657347e-17
428775758.0 0.0 1800.0966871880835 2 9.262087e-11
379629573.0 1.0 1799.180880777829 1 0.9991625
395838628.0 0.0 1812.3474510034812 0 6.70714e-09
259127073.0 1.0 1795.1990683819124 1 0.9999643
94672101.0 1.0 1795.099491145766 1 0.99971014
392536812.0 0.0 1805.5729561113665 3 0.0
264615805.0 0.0 1807.6610478464706 3 3.7488673e-10
269697721.0 0.0 1804.4077619355298 3 0.0
259251778.0 1.0 1796.078053381448 1 0.9999058
230386284.0 0.0 1810.177663391139 3 0.0
12491397.0 1.0 1811.0564354814767 1 0.9997659
256197394.0 0.0 1810.4102021994067 2 5.2007834e-07
288379925.0 0.0 1805.2410129363145 0 1.6208742e-26
307986689.0 0.0 1805.1978337622418 0 8.2654355e-17
82494674.0 1.0 1797.640002047394 1 0.9998635
13523448.0 0.0 1812.4106427717602 0 6.6631537e-06
400745295.0 1.0 1797.473232132447 1 0.9999236
232607992.0 0.0 1805.197643189254 0 6.819018e-07
275421642.0 1.0 1810.324781397711 1 0.99997216
403619966.0 0.0 1805.515023059234 0 4.416997e-08
389535695.0 0.0 1805.5562881951578 0 0.0011072635
418410759.0 0.0 1796.076610805444 2 5.0858246e-30
22844899.0 1.0 1798.1414464545696 1 0.99935645
250454834.0 1.0 1810.4320161923192 1 0.9991255
423995974.0 1.0 1795.9940265874843 1 0.99989694
314591391.0 0.0 1796.824606663407 0 3.0849467e-05
264405384.0 1.0 1793.5334235565729 1 0.9996136
431989925.0 0.0 1800.1408427189408 0 4.8434403e-15
358907018.0 1.0 1805.6800445630608 1 0.99999124
65161111.0 1.0 1810.7033895613458 1 0.99796915
21019354.0 0.0 1810.3429712989275 2 1.2017161e-29
302233801.0 0.0 1794.4529301682 2 1.9618929e-12
288391976.0 1.0 1797.365825136615 1 0.99956363
265191295.0 1.0 1806.3260951517095 1 0.9999864
196921585.0 0.0 1805.2444743442063 0 2.14147e-05
203036823.0 1.0 1796.9116496942308 1 0.999414
255993777.0 0.0 1795.6996264624418 3 0.0013263905
307594213.0 1.0 1811.1197164511489 1 0.9999371
252864374.0 0.0 1812.3698744203236 0 1.0531755e-10
241114434.0 1.0 1793.890430414866 1 0.99999964
104063583.0 1.0 1795.7448593642694 1 0.9999257
381848109.0 0.0 1808.8911179957192 0 0.0006881249
374298294.0 1.0 1810.4314422486245 1 0.9999916
403589585.0 0.0 1808.845260507285 0 0.00305034
264026843.0 1.0 1797.2207082339407 1 0.99999624
264406486.0 1.0 1793.7208965279297 1 0.9985793
368597162.0 0.0 1808.8677901977353 0 1.6454552e-10
240794356.0 1.0 1800.2232232654044 1 0.99964035
359676320.0 0.0 1800.781425367386 3 1.1709476e-09
245502480.0 1.0 1798.8069559299984 1 0.97564894
417831403.0 1.0 1795.7870571427063 1 0.99978817
229706410.0 0.0 1810.4071773489256 2 3.0893823e-31
445140600.0 1.0 1798.1813549031592 1 0.9988751
186742935.0 1.0 1810.7036759560058 1 0.9998
280031189.0 0.0 1812.3449551589385 0 1.2836404e-12
264805538.0 1.0 1805.8902956599895 1 0.99987584
422339759.0 0.0 1795.9290343970442 2 5.721378e-14
241128049.0 1.0 1810.7860792383242 1 0.9998951
237283383.0 1.0 1806.1787303978463 1 0.99992234
241135505.0 0.0 1805.932173815875 2 1.4067942e-09
297647356.0 0.0 1795.9099633554085 3 1.4701511e-10
373897045.0 1.0 1810.9939612254873 1 0.99999195
301642782.0 1.0 1810.2031355497775 1 0.99999446
229461186.0 0.0 1795.11558368407 3 0.0
286410896.0 1.0 1797.9315240777032 1 0.99974483
184680151.0 1.0 1794.578457295748 1 0.9999998
198207488.0 0.0 1808.9686080734712 0 1.7501578e-07
233079895.0 1.0 1811.239875266335 1 0.9999073
357049557.0 1.0 1811.2186573478184 1 0.99931484
263970541.0 1.0 1797.928880370079 1 0.9997465
312852988.0 0.0 1805.6396920227646 0 4.104951e-06
403037785.0 0.0 1795.6408550473222 3 0.0
230396449.0 0.0 1797.1360482312875 2 2.9590656e-05
82098328.0 0.0 1795.472936984922 2 0.006128065
302232063.0 0.0 1793.7029777010282 2 3.473078e-22
396609776.0 1.0 1794.4323855049279 1 0.998987
399445814.0 0.0 1811.0562538032068 2 2.4194404e-17
334485253.0 0.0 1797.700473645781 2 3.521428e-20
399347352.0 0.0 1805.3063044715893 0 0.00035371433
427279383.0 1.0 1796.2001405846324 1 0.9993578
352424791.0 0.0 1797.847511641934 0 7.053266e-07
250457379.0 1.0 1799.0572393432267 1 0.99995106
229706100.0 0.0 1808.8655660410236 0 0.004067597
322325511.0 0.0 1805.2418468334733 0 1.0200983e-12
352775340.0 1.0 1796.8473360982102 1 0.9999295
279202263.0 0.0 1796.4307433141028 2 2.4128228e-32
400248487.0 0.0 1805.2013988727645 0 4.4250687e-06
302467549.0 0.0 1808.8907073912999 0 1.6915584e-07
250750880.0 0.0 1793.6404750659804 2 3.1255046e-10
427689082.0 1.0 1798.201172571042 1 0.9989786
468293391.0 0.0 1804.1591871251533 3 0.0
367333600.0 1.0 1794.7838586072228 1 0.9999898
279726148.0 1.0 1794.7439428447105 1 0.99996996
445367333.0 0.0 1793.2022579427814 0 4.361942e-19
252831127.0 1.0 1810.8490928519766 1 0.8585071
291884210.0 1.0 1793.78668328171 1 0.99978226
252824777.0 0.0 1795.3697423692042 2 1.0303385e-24
264248108.0 1.0 1796.3241922266325 1 0.9999794
332490404.0 0.0 1793.4315141107872 2 8.6248473e-16
400435272.0 1.0 1810.5564622375666 1 0.9998528
233074697.0 1.0 1798.073261055797 1 0.9999602
117759728.0 0.0 1796.827908270627 0 9.307618e-11
334800701.0 1.0 1797.0129935144805 1 0.9673122
116217056.0 1.0 1796.5989761553512 1 0.9999847
264922703.0 1.0 1798.1610553827845 1 0.99959147
202977876.0 0.0 1812.3489784988933 0 5.2376457e-08
387448344.0 1.0 1799.8455340289938 1 0.9999583
375787301.0 0.0 1808.8462670045876 0 1.4786605e-14
229766854.0 1.0 1795.156985059653 1 0.9985835
367095972.0 1.0 1793.9088536207114 1 0.99980646
233211441.0 1.0 1811.261032758715 1 0.99990857
455823355.0 1.0 1794.0960159945041 1 0.99997926
312549913.0 1.0 1798.7857347501802 1 0.9999822
230379564.0 1.0 1798.0735761555086 1 0.99999255
293066086.0 0.0 1804.7031939615456 3 0.0
279872031.0 1.0 1810.326054026488 1 0.99987787
302157746.0 0.0 1808.8698095305206 0 2.8757877e-10
420267425.0 1.0 1794.2415274460739 1 0.9998462
117031971.0 1.0 1796.2863109000461 1 0.9999878
302089547.0 0.0 1793.1407003651532 0 0.00023373346
352110251.0 0.0 1798.28484681142 3 3.3961864e-36
366557556.0 0.0 1803.9711834059303 3 0.0
417609927.0 1.0 1795.949983561155 1 0.9999865
410506199.0 0.0 1812.390053762781 0 9.836215e-09
116845132.0 1.0 1796.2447195854206 1 0.99998564
26618543.0 1.0 1794.9536945213697 1 0.99999404
200791980.0 0.0 1812.4328697540082 0 0.001141383
428071828.0 1.0 1793.4112795194326 1 0.9999948
259129583.0 1.0 1806.1781184783026 1 0.9999442
410738746.0 0.0 1793.8903590415116 2 1.6366489e-34
368234072.0 1.0 1797.6388507130016 1 0.9993851
377192675.0 0.0 1797.3649629005904 3 1.223385e-06
367350931.0 1.0 1805.5130346424091 1 0.9998055
396195920.0 1.0 1796.784475922978 1 0.9998699
394120578.0 1.0 1795.0533857721323 1 0.99966365
241111222.0 0.0 1805.2236205455147 0 2.513326e-05
77567925.0 0.0 1805.2871102688352 0 0.00043355688
366678663.0 0.0 1808.8878528394926 0 5.5548747e-15
250834313.0 1.0 1796.0363088955685 1 0.9999229
322266694.0 1.0 1810.7625606587792 1 0.9999985
186762155.0 1.0 1810.4327922327113 1 0.9996991
117615934.0 1.0 1794.2864069139032 1 0.9735823
445297794.0 1.0 1799.639689947682 1 0.99997455
347583014.0 1.0 1794.20259845156 1 0.99960786
332874961.0 0.0 1805.327529047555 0 5.724954e-07
101221317.0 1.0 1793.724547062317 1 0.99795544
51952457.0 1.0 1811.535158523776 1 0.99899393
354694730.0 0.0 1805.5560507410562 0 1.244446e-06
233720276.0 0.0 1796.448256915905 3 0.0
322135864.0 0.0 1812.3457658478465 0 9.2966176e-11
259126645.0 0.0 1806.2615305623765 3 0.0
194856864.0 1.0 1798.787018337229 1 0.99944955
264996606.0 1.0 1805.9925527447708 1 0.99990433
235976698.0 1.0 1798.2414111126125 1 0.9997617
240999935.0 1.0 1794.161024814091 1 0.99997896
445634917.0 0.0 1805.2235824051445 0 2.5332186e-12
388566542.0 1.0 1795.4298128062314 1 0.99981195
408358723.0 1.0 1805.2626482262574 1 0.9999318
219113492.0 0.0 1805.1987163621918 0 8.752886e-16
272785627.0 0.0 1805.1980218411318 0 3.6988955e-20
252162295.0 1.0 1793.6191765546969 1 0.9990334
126026800.0 1.0 1799.308030845077 1 0.9987054
445231304.0 1.0 1799.285498990682 1 0.9999827
117314464.0 1.0 1810.286473949273 1 0.99992675
283145011.0 1.0 1799.01440997296 1 0.9999604
245547001.0 1.0 1811.3068039988284 1 0.99979764
427607121.0 0.0 1799.951639678525 2 0.0
445139857.0 1.0 1810.1811392115287 1 0.99993736
421110675.0 0.0 1798.1185485929025 3 0.0
353243566.0 0.0 1794.3474408727216 0 7.15523e-07
159539998.0 1.0 1797.928190647943 1 0.9989589
199688472.0 0.0 1811.9264052687788 3 0.0
288535158.0 1.0 1793.8701159205486 1 0.9993954
316387020.0 0.0 1806.2830743966251 2 1.0799264e-15
233732770.0 1.0 1797.6151413763737 1 0.99986774
240998748.0 1.0 1810.1608193180448 1 0.9998061
264469090.0 1.0 1798.6585090859671 1 0.9999152
117868583.0 0.0 1812.9115152842514 0 1.9391831e-13
240969171.0 1.0 1797.2444619030305 1 0.99947864
49792372.0 1.0 1797.6816113030716 1 0.9999184
264293712.0 1.0 1810.6792722714722 1 0.9995904
348316528.0 1.0 1805.6818155054084 1 0.9980984
235903532.0 1.0 1794.6161756459824 1 0.99981886
251360274.0 1.0 1805.4319344523683 1 0.9998078
428388030.0 1.0 1797.661489385513 1 0.9998556
445246199.0 0.0 1794.4105732246417 2 3.9461397e-15
376891085.0 0.0 1796.0549469985122 3 4.1791796e-37
396339551.0 0.0 1798.6599476993526 3 1.7329854e-06
406598195.0 1.0 1799.0760742650582 1 0.99990886
285273517.0 1.0 1795.0996481920217 1 0.9994046
252865746.0 0.0 1812.3907466333237 0 6.811937e-11
200925883.0 0.0 1796.6410015715476 0 0.0029128941
331791672.0 0.0 1805.5758977725955 2 1.4153475e-09
385444249.0 1.0 1797.3257416442987 1 0.9999889
365890232.0 0.0 1812.346841218647 0 1.1382753e-05
353565609.0 0.0 1807.9309309494274 3 0.0
229676244.0 0.0 1795.46964449512 3 5.0565145e-31
390049765.0 0.0 1808.951967028579 0 2.4169894e-11
229674711.0 0.0 1797.6985263789538 0 2.2659911e-07
229790888.0 1.0 1793.6780594550999 1 0.99997354
256316947.0 1.0 1796.7229158921564 1 0.99994963
383675284.0 1.0 1805.9689200462692 1 0.9989001
186938347.0 0.0 1796.6410135403019 0 1.7126622e-05
250556056.0 0.0 1812.369578525628 0 1.0906221e-26
269240011.0 0.0 1793.4096315659515 0 3.3311116e-19
49939398.0 0.0 1797.2231566292112 2 7.261727e-20
417607351.0 0.0 1796.8250198295693 0 0.00011846084
367360176.0 0.0 1808.8880664124267 0 5.658306e-21
116616937.0 1.0 1811.4324137523604 1 0.9999641
428170660.0 1.0 1806.0780475559409 1 0.9999561
445495082.0 1.0 1797.7651608239553 1 0.9996747
139378835.0 0.0 1809.0369106095297 3 5.6643765e-09
410807677.0 0.0 1796.8280527388897 0 9.745777e-08
427759460.0 1.0 1798.5136253057872 1 0.99999654
285181196.0 0.0 1812.2659616400272 3 4.4056634e-07
327439228.0 0.0 1808.8696658154624 0 0.00019210218
269950014.0 0.0 1809.1203984748443 0 0.0010561711
289722957.0 0.0 1809.1973053889847 3 0.0
241036606.0 0.0 1797.244372341266 2 1.2527022e-09
198354443.0 0.0 1793.4263404745363 3 0.0
20869155.0 1.0 1797.369894460647 1 0.9993301
341840202.0 0.0 1794.405818140821 0 7.743517e-15
388434752.0 0.0 1796.8048272577137 0 7.2904806e-13
202953580.0 1.0 1798.265950216183 1 0.99991953
251275040.0 1.0 1795.890325888549 1 0.9996322
292522054.0 1.0 1795.6824447116392 1 0.9999474
354470695.0 1.0 1795.9737442693586 1 0.99938637
292976211.0 0.0 1796.6408783780084 0 0.0008543269
236779479.0 1.0 1797.218971238993 1 0.9984245
229674517.0 0.0 1808.8654103542028 0 2.5809268e-19
63690302.0 1.0 1796.057969500155 1 0.99944985
312862941.0 0.0 1810.847988098493 3 0.004648511
366758263.0 1.0 1799.3461927095232 1 0.999611
346022245.0 0.0 1796.8899727783473 0 0.00079715304
258679267.0 1.0 1805.4307385894147 1 0.99999934
117867310.0 1.0 1799.6406259351118 1 0.9900162
184685168.0 1.0 1793.4535668022213 1 0.99979675
400535914.0 1.0 1799.2856899189755 1 0.9999149
81602148.0 1.0 1798.9522109806558 1 0.9995919
65282366.0 1.0 1798.0991904769044 1 0.9996875
285533949.0 1.0 1797.9519753776055 1 0.99987453
280411756.0 0.0 1808.9730830418105 0 0.00017276616
367863228.0 1.0 1811.4092524180367 1 0.99999833
270020239.0 1.0 1796.4096592272876 1 0.99979866
21162415.0 0.0 1805.530750883663 2 5.0105657e-16
322442826.0 1.0 1797.1378341923094 1 0.99938184
237114243.0 0.0 1808.8432486377787 0 0.00034176602
269238622.0 0.0 1801.0136958730009 3 0.0
433000531.0 1.0 1793.995251176624 1 0.99957144
352511824.0 0.0 1796.8057633852777 0 1.0304893e-10
326914032.0 0.0 1794.2447931667843 2 1.9913758e-11
288500479.0 0.0 1805.7033132245815 0 3.9776237e-06
229458247.0 1.0 1796.1364433647323 1 0.9998327
101405451.0 0.0 1809.2038671879059 0 0.0014917211
192378128.0 1.0 1794.057485729517 1 0.9996507
117752371.0 1.0 1794.015539936822 1 0.999901
229476840.0 1.0 1796.969738358385 1 0.9995106
359584236.0 1.0 1797.1773202933955 1 0.99929804
73523692.0 0.0 1808.9745071932743 0 6.687315e-05
445636447.0 1.0 1811.3902461477242 1 0.9999296
258511314.0 1.0 1799.2827849300168 1 0.99997073
331856444.0 1.0 1798.3899326036112 1 0.99998677
230002684.0 1.0 1797.719558667845 1 0.99999934
364180130.0 0.0 1793.3248492960968 0 6.3367776e-07
445373500.0 0.0 1809.1813348140363 0 6.178916e-05
54057589.0 0.0 1805.6602407528599 0 1.4094709e-18
263968694.0 0.0 1796.1786067944001 3 9.2441045e-33
279204281.0 0.0 1806.5559176496088 3 0.0
350132371.0 0.0 1795.8878670832248 3 4.63196e-11
235982927.0 0.0 1806.116438156677 3 3.463673e-13
400252751.0 1.0 1806.0555094362073 1 0.99992347
445133704.0 0.0 1812.6394939880324 3 0.0
285668908.0 1.0 1810.7030087944672 1 0.9994387
219104494.0 1.0 1811.1153602522 1 0.99993706
235938689.0 0.0 1805.1996461835595 0 9.677027e-18
272825553.0 1.0 1805.7430505659727 1 0.99985504
390740976.0 1.0 1797.9522271842359 1 0.9991496
398018377.0 0.0 1796.5350392632563 2 1.1133898e-25
356701798.0 0.0 1798.7608265349797 3 0.0
264615805.0 0.0 1809.7026987613083 3 5.173965e-10
376114509.0 1.0 1797.92999821052 1 0.99975395
271343047.0 1.0 1799.6180562135455 1 0.99923724
72082905.0 0.0 1812.66066628211 0 2.9062401e-15
137057165.0 1.0 1793.9093722554862 1 0.91985697
326859016.0 1.0 1805.7028394646898 1 0.99977785
233093871.0 0.0 1805.2812226170445 0 5.2301825e-14
237277760.0 0.0 1799.5328256854207 3 0.0
83901271.0 0.0 1799.2226143278035 2 1.0366556e-14
321820968.0 0.0 1797.054292965069 2 0.0
354788350.0 1.0 1810.744913851074 1 0.99955547
323301918.0 0.0 1803.992068320256 3 5.802406e-05
350695632.0 1.0 1797.3661316642551 1 0.99964404
249954317.0 1.0 1794.1403550191824 1 0.99907875
251430659.0 1.0 1798.431943672998 1 0.99955463
408896537.0 1.0 1810.47087474087 1 0.99943507
436869712.0 0.0 1797.3706121305481 3 9.007246e-05
376288537.0 1.0 1798.950701994664 1 0.99888444
67571745.0 1.0 1795.8701679555159 1 0.9998562
402204433.0 1.0 1795.3491948834603 1 0.9998713
441734144.0 0.0 1798.5322425554714 3 0.0
407028083.0 0.0 1800.4095613675886 0 1.8871826e-17
396339551.0 0.0 1811.4934447553908 3 1.954334e-08
252101699.0 0.0 1809.1604399432679 0 2.1792613e-07
458842028.0 0.0 1798.5145994194017 3 3.4046005e-16
10351734.0 0.0 1810.889614541817 2 0.0
372339636.0 1.0 1797.3462864845335 1 0.99995786
264615805.0 0.0 1800.6818926512042 3 1.4708685e-22
104144400.0 1.0 1798.5154783006615 1 0.99993134
26432264.0 1.0 1795.3495182497998 1 0.9998048
445254295.0 1.0 1806.160338540618 1 0.9999987
326914534.0 1.0 1796.4739614531068 1 0.99991316
198212008.0 1.0 1797.926725529082 1 0.99877566
77547034.0 1.0 1797.7453917171636 1 0.999953
229482423.0 1.0 1810.3862765790475 1 0.99988824
346728774.0 0.0 1798.3267393837298 2 4.4859744e-11
264248397.0 1.0 1806.4074117179675 1 0.999793
354465328.0 1.0 1806.3902512405825 1 0.9999873
279845407.0 1.0 1795.9315604135445 1 0.9999948
130088399.0 1.0 1794.1202487450646 1 0.9990207
233060505.0 1.0 1797.1563057804058 1 0.99943197
356340346.0 0.0 1799.3013459594167 3 0.0
396486931.0 0.0 1798.388198971236 3 0.0
399925976.0 0.0 1812.3468667092325 0 9.717617e-07
232629077.0 0.0 1797.6766627770933 3 0.0
422541014.0 1.0 1794.4105524168745 1 0.9981925
349294422.0 0.0 1806.34975858412 3 2.4101213e-22
362258905.0 1.0 1797.9701564975117 1 0.9999999
118418982.0 1.0 1806.2246086279097 1 0.9997939
274804128.0 1.0 1794.7010560607337 1 0.9998884
292466276.0 1.0 1798.1199806734735 1 0.9988392
366033349.0 0.0 1812.367684514095 0 1.4873535e-17
272231084.0 1.0 1799.201482072844 1 0.99999416
251459587.0 1.0 1794.7025523609748 1 0.9998817
407020691.0 0.0 1810.2848458161675 2 1.312341e-11
377783489.0 1.0 1811.13644934791 1 0.99990976
265288769.0 1.0 1806.390108644654 1 0.99986553
191722813.0 1.0 1793.8489366237834 1 0.9995045
268842033.0 0.0 1808.867575012964 0 8.1585997e-13
250479710.0 0.0 1796.6403532761065 0 1.9830523e-11
377292876.0 0.0 1805.1982880697099 0 5.8954737e-07
194813094.0 1.0 1795.1201659064352 1 0.99873275
251387081.0 1.0 1798.0568361928724 1 0.9999823
445278771.0 1.0 1799.473188382453 1 0.99982274
375853985.0 0.0 1803.9296705566157 3 0.0
354014375.0 1.0 1797.7025264027384 1 0.9999741
194814044.0 1.0 1794.4742824383893 1 0.9988628
400734823.0 1.0 1810.9730633154165 1 0.9998119
329170577.0 0.0 1794.198823450149 0 2.0989586e-12
177804841.0 0.0 1808.8494264993976 0 0.0001743715
445550119.0 1.0 1798.0774887510945 1 0.9999967
63466196.0 0.0 1812.6824371758412 0 0.0013996629
422659847.0 0.0 1797.7634160620905 2 6.5295893e-35
116055835.0 1.0 1810.7446759119007 1 0.9997484
347304991.0 0.0 1809.2015751982951 0 2.1709363e-06
431990620.0 0.0 1805.2451223902012 0 0.00020063961
452990089.0 1.0 1794.4311910370693 1 0.99986094
348672078.0 0.0 1805.2443710397015 0 4.302681e-06
77268414.0 1.0 1798.3496834959735 1 0.9996489
83418863.0 0.0 1797.4516386863152 2 3.396604e-27
291839937.0 0.0 1812.3696277851482 0 3.1437733e-07
13844534.0 1.0 1799.514702200142 1 0.9999563
284720496.0 0.0 1809.201822151915 0 5.7961513e-12
269517888.0 1.0 1796.0138255789027 1 0.9991058
82094101.0 1.0 1795.6396732565922 1 0.9999947
52782496.0 1.0 1797.0561366173372 1 0.3466252
445362697.0 1.0 1794.8063254386543 1 0.99999386
354541797.0 1.0 1810.9735860395806 1 0.9991186
265275932.0 0.0 1812.3675665498795 0 7.189113e-24
247003756.0 1.0 1811.0786504386358 1 0.999655
13608268.0 1.0 1796.306623300522 1 0.9999976
117267276.0 0.0 1805.515693054456 2 5.0783287e-20
410477422.0 1.0 1796.4529592984618 1 0.99999756
275705307.0 1.0 1798.6811500872539 1 0.999776
394121889.0 0.0 1812.3449738156773 0 2.8835188e-06
268320718.0 0.0 1805.1997513683625 0 2.1767905e-06
337286503.0 1.0 1794.9923394829818 1 0.99958414
327398586.0 1.0 1795.4324468774728 1 0.9999033
67635034.0 0.0 1808.953518015623 0 0.00019476876
103949646.0 1.0 1793.536342186727 1 0.99999034
309054541.0 1.0 1810.660897730516 1 0.99998957
224605072.0 0.0 1810.8848489851482 3 0.0
240873079.0 0.0 1806.3484080776527 3 0.0
241094543.0 1.0 1799.1613010702304 1 0.9999281
251817717.0 0.0 1796.827847035835 0 1.8142271e-05
264916477.0 0.0 1808.8487476648897 0 2.7965568e-06
178105783.0 1.0 1810.182920773971 1 0.99984473
370074990.0 0.0 1809.2023637136263 0 5.0776246e-15
264615805.0 0.0 1808.36937642295 3 6.093917e-11
293128261.0 1.0 1794.9532058316142 1 0.9997388
230116393.0 0.0 1793.5519646197063 2 0.0
104066414.0 0.0 1808.849001692465 0 1.2481585e-13
434437454.0 0.0 1800.4092852731646 0 5.2943014e-06
389968088.0 1.0 1811.3433771463172 1 0.9997744
320384373.0 0.0 1809.2017769958204 0 1.3331289e-08
428258441.0 0.0 1798.328025818442 2 8.487704e-11
289269714.0 0.0 1793.305165534845 0 2.3192886e-12
407415975.0 0.0 1793.2656147155722 0 1.08001176e-17
285424819.0 0.0 1812.702760412063 0 1.5896222e-06
405479774.0 1.0 1797.1622102461424 1 0.9984714
397984607.0 0.0 1805.2432795546513 0 2.8704988e-14
331207347.0 0.0 1805.5147805620632 0 6.339062e-12
341816900.0 0.0 1799.905852434635 2 2.0330504e-08
83813702.0 1.0 1811.0765051272372 1 0.9995374
445318327.0 1.0 1796.5355315177192 1 0.99998426
372393589.0 0.0 1808.8461349837917 0 1.6179526e-18
405668127.0 1.0 1795.119879605801 1 0.998048
49723289.0 0.0 1797.5774468355808 2 6.8392746e-19
279209662.0 1.0 1798.764394320438 1 0.99954855
427388381.0 1.0 1805.3674683962695 1 0.9985805
327511918.0 0.0 1811.4320083350187 2 7.272218e-05
366871747.0 0.0 1798.2837300123706 2 0.0
392569857.0 1.0 1805.4686240447272 1 0.99992025
418134085.0 0.0 1805.2014597875204 0 1.6004576e-18
84161764.0 0.0 1810.1182758083444 2 1.416568e-13
240981884.0 1.0 1793.9737121699854 1 0.99967337
232604113.0 1.0 1798.635090665848 1 0.9999452
104029899.0 0.0 1796.5780899781078 2 1.9163965e-10
240966941.0 1.0 1811.2650220114701 1 0.9999828
12476048.0 0.0 1805.264940013141 0 9.3846296e-18
129685192.0 1.0 1793.286797780674 1 0.9997111
252140076.0 1.0 1799.348233972922 1 0.9994988
199550402.0 0.0 1805.1976307582738 0 3.8914273e-15
376085503.0 1.0 1811.3260514055155 1 0.9999594
311704577.0 1.0 1796.4731025870256 1 0.9997705
286566392.0 0.0 1804.8481349249873 3 0.0
376042183.0 0.0 1812.3670706155779 0 1.5955902e-14
327003852.0 0.0 1798.4309615534671 2 0.00075669284
377607369.0 0.0 1799.8885954143148 2 2.981622e-09
403527307.0 1.0 1798.2651487481855 1 0.99933904
178082630.0 1.0 1794.0784793023024 1 0.99934566
378856963.0 1.0 1798.4723037200329 1 0.9992559
54263663.0 1.0 1799.368546720498 1 0.9999923
230007539.0 0.0 1812.344368666764 0 1.367717e-07
302074432.0 1.0 1797.223959589176 1 0.99998367
288383370.0 0.0 1811.0953321842433 2 3.23938e-20
396339551.0 0.0 1803.4725289801834 3 2.5754429e-16
308872468.0 0.0 1797.7446072819755 2 9.087478e-08
265460678.0 1.0 1797.5138067478722 1 0.99976254
388528434.0 1.0 1798.3463519014542 1 0.999998
346594521.0 0.0 1793.1412568534074 0 0.004489448
373784572.0 0.0 1805.2855137720685 0 1.5873212e-07
356701798.0 0.0 1806.2817457459034 3 0.0
233499510.0 1.0 1797.3026330989096 1 0.99989307
334170524.0 1.0 1793.7630157491476 1 0.99999946
444365129.0 1.0 1795.3266628444264 1 0.9999602
258749904.0 0.0 1795.2846481644558 2 1.0350626e-15
12711861.0 0.0 1808.8465521441137 0 2.7607916e-09
354045867.0 1.0 1811.4501385013673 1 0.9991798
359584236.0 0.0 1808.843818473499 0 5.605193e-07
229910746.0 0.0 1800.2193815487249 3 0.0
417748796.0 1.0 1796.68002027497 1 0.99967
387527438.0 1.0 1795.6789865623373 1 0.9998426
13194487.0 1.0 1798.9731734322993 1 0.99967164
289540625.0 0.0 1795.426736987701 2 0.0
255922229.0 0.0 1794.512177723342 2 1.5642221e-13
299443090.0 0.0 1802.0153531445783 3 0.0
432053734.0 1.0 1796.8491832665334 1 0.9992853
192290822.0 1.0 1795.8491165490218 1 0.9995477
359585725.0 1.0 1806.38532322385 1 0.9999848
250519273.0 1.0 1795.9321976617116 1 0.9999485
410474209.0 0.0 1812.3901075473248 0 5.695735e-26
410470983.0 0.0 1805.3275367541705 0 3.102587e-08
264730832.0 1.0 1805.3276767286243 1 0.9994457
265292969.0 1.0 1810.5568570329663 1 0.9998781
316053491.0 1.0 1795.03608722003 1 0.9998901
441723615.0 1.0 1797.8863795651378 1 0.9999892
404393926.0 1.0 1806.30414253123 1 0.999428
369731587.0 1.0 1795.3269058684211 1 0.99990964
422613311.0 1.0 1797.1594043646112 1 0.99998415
399445087.0 1.0 1799.639623540082 1 0.9996823
332049827.0 1.0 1796.1815736691683 1 0.9774816
354641620.0 0.0 1805.2032004906027 0 2.3719094e-11
428169511.0 1.0 1793.4945544197285 1 0.9999381
264612485.0 0.0 1793.3276016718462 0 1.2488612e-24
284900223.0 1.0 1805.5723348048548 1 0.9999769
317508292.0 1.0 1793.9506559924107 1 0.99966353
311937588.0 0.0 1794.9105954396323 2 0.0
418257102.0 0.0 1800.4292971908515 3 0.0
359632086.0 0.0 1805.1978349743708 0 4.839046e-22
353565609.0 0.0 1798.4308207936292 3 0.0
403037785.0 0.0 1802.3907839392893 3 2.7655876e-24
387679023.0 1.0 1795.3248703528811 1 0.99991894
381683151.0 1.0 1797.4743677509084 1 0.9999541
138017750.0 0.0 1797.3496203985533 3 0.0053404714
366069438.0 1.0 1795.9510354085032 1 0.9997459
407514969.0 0.0 1796.804775146919 0 2.3888631e-05
83809264.0 1.0 1797.7016677966285 1 0.99989283
270812636.0 1.0 1805.4512315733552 1 0.9946317
240957744.0 0.0 1811.0565956617038 2 2.4776788e-22
398337224.0 0.0 1812.3667595445709 0 4.087887e-06
384601642.0 1.0 1796.1818513857793 1 0.99999076
149858796.0 1.0 1805.8914330299392 1 0.9998995
351610703.0 0.0 1805.222316658131 0 1.8767704e-12
368965706.0 0.0 1799.513954472535 2 0.0
250834615.0 0.0 1793.1404420441056 0 1.6787972e-05
444356631.0 1.0 1796.680964420139 1 0.99896497
292153735.0 1.0 1795.7865983349495 1 0.9982096
219797992.0 1.0 1811.2185435396655 1 0.99973917
453162411.0 0.0 1812.9101272284722 0 1.7649693e-17
251459295.0 0.0 1796.8900897226329 0 1.5442125e-05
53870458.0 1.0 1798.9937347210625 1 0.9998603
264028672.0 0.0 1793.1372866763952 0 0.004065515
357885862.0 1.0 1795.8684512010175 1 0.9997278
367681652.0 1.0 1800.1359484890977 1 0.9977119
376373526.0 1.0 1799.4090182916043 1 0.9998937
367081033.0 1.0 1798.8874478796185 1 0.9998989
376978658.0 0.0 1799.198156810507 2 3.9155692e-28
291959014.0 0.0 1809.0572583274743 0 3.9058187e-10
250798686.0 1.0 1793.2030176464477 1 0.99975914
11999540.0 1.0 1798.6813167316855 1 0.88676035
415975420.0 1.0 1811.2657379383488 1 0.99997383
192419996.0 1.0 1795.61988902143 1 0.9995306
26533207.0 0.0 1798.807902238954 3 0.014901667
352763802.0 1.0 1795.3245904770836 1 0.9998512
129913926.0 1.0 1793.9327526458267 1 0.9997932
404001661.0 1.0 1798.9517761171314 1 0.9426509
385401741.0 1.0 1810.1402593258656 1 0.986336
372508222.0 0.0 1809.2015971396754 0 3.0266933e-09
229585356.0 0.0 1806.719621993811 3 0.0
368168910.0 0.0 1795.597012160886 2 1.7196148e-20
288379925.0 0.0 1808.8868951932895 0 1.34465e-10
184693363.0 1.0 1794.7660686308398 1 0.9995822
406762510.0 1.0 1793.7645708038056 1 0.9999945
424439575.0 1.0 1797.7191130137778 1 0.99997985
292275397.0 1.0 1795.4115260749506 1 0.999264
264454096.0 1.0 1805.7418356942264 1 0.99992657
237116530.0 1.0 1798.5726325297187 1 0.99971396
139378834.0 0.0 1812.1410082456725 3 2.50915e-09
129816859.0 1.0 1797.2451469042146 1 0.99956167
420843228.0 0.0 1794.74369570641 2 4.7288725e-25
354177359.0 0.0 1808.8491239350149 0 0.0052009583
20876588.0 0.0 1811.2242019299226 3 4.4436126e-09
336119492.0 0.0 1809.0957770170435 0 1.3257017e-05
129758596.0 1.0 1810.22419553739 1 0.9982719
82095970.0 1.0 1811.035671354278 1 0.9997646
192496425.0 1.0 1795.1409207675324 1 0.9987653
359334262.0 1.0 1796.1808124606803 1 0.99991596
26533207.0 0.0 1807.620532464501 3 0.01175548
21017577.0 0.0 1796.6414235537359 0 0.00018586018
381804997.0 1.0 1797.9536565096648 1 0.99997884
233079659.0 0.0 1811.3648190491365 3 1.152257e-32
362219768.0 1.0 1794.5743737035427 1 0.9999376
422517498.0 1.0 1793.9712121958992 1 0.99990153
219863986.0 0.0 1797.6984540294543 0 1.2207354e-11
233158676.0 1.0 1811.1982990287968 1 0.9994934
299443090.0 0.0 1794.973721983255 3 1.0090418e-18
321593112.0 0.0 1809.1166001252852 0 9.748212e-08
349294422.0 0.0 1808.8497544660418 3 2.2472252e-15
285685738.0 1.0 1810.6397510942104 1 0.99997604
308959166.0 0.0 1796.6404942652612 0 4.1170267e-10
445579215.0 0.0 1805.2858007533516 0 1.02896795e-16
362219454.0 1.0 1794.8662671507414 1 0.999778
252839146.0 1.0 1799.6196214949773 1 0.99579865
52426624.0 1.0 1799.9104369748957 1 0.9999452
292469923.0 1.0 1799.932458277477 1 0.99924433
219857956.0 0.0 1806.2399043721261 2 9.373221e-17
198388252.0 0.0 1805.093046792599 3 0.0
390857560.0 0.0 1805.2855607233932 0 0.0006017249
432048882.0 1.0 1796.3491063493684 1 0.9990548
353505793.0 1.0 1806.0335063096647 1 0.9999688
350132837.0 1.0 1795.1795419838272 1 0.9540354
12415594.0 1.0 1795.8689899300405 1 0.9988289
230382818.0 1.0 1799.594324321956 1 0.9999062
445305294.0 0.0 1812.9312030154397 0 1.1571479e-22
367092233.0 1.0 1806.3672134817205 1 0.9991051
335798015.0 1.0 1793.5547908681267 1 0.99999917
320497478.0 1.0 1806.1139278773865 1 0.999515
298735259.0 1.0 1798.2189321144579 1 0.9999443
28780319.0 1.0 1810.661481820085 1 0.99997264
278997002.0 1.0 1797.8056927874043 1 0.99979365
250801736.0 1.0 1810.4320465953774 1 0.9996207
427518693.0 0.0 1812.34651702252 0 2.2587033e-11
375605159.0 1.0 1811.4086723441987 1 0.9998939
116129895.0 0.0 1808.8490446014641 0 5.5153966e-09
362966746.0 1.0 1797.3259513596101 1 0.999756
5674169.0 0.0 1808.641085666266 3 4.4106466e-05
229792315.0 0.0 1812.3864874203664 0 5.678015e-06
354381885.0 1.0 1795.7424287759986 1 0.99956733
351958775.0 0.0 1795.8264411982684 2 0.0
285439844.0 1.0 1799.6185038679234 1 0.9997874
129817466.0 1.0 1795.0784442007916 1 0.99926907
445297794.0 0.0 1809.306194004712 0 1.227741e-05
50686628.0 1.0 1797.4312669402136 1 0.9999573
354129904.0 1.0 1797.098906233134 1 0.999957
236878145.0 1.0 1795.720146638679 1 0.9999996
129911839.0 0.0 1794.0576389419589 2 5.494929e-10
321443552.0 1.0 1795.3667412582 1 0.9999975
5674169.0 0.0 1794.6413737163714 3 2.8317829e-05
256720439.0 1.0 1793.5754020393188 1 0.99972236
308285846.0 1.0 1799.8278962938384 1 0.9999676
194857064.0 1.0 1799.7245408292547 1 0.9991722
359249364.0 0.0 1805.5974558250964 0 8.920824e-16
255922200.0 0.0 1812.3870234039812 0 0.00011308914
240998575.0 1.0 1795.4944072628123 1 0.99981093
366195369.0 0.0 1793.1393850942798 0 0.00023421935
433351349.0 1.0 1811.3077665641965 1 0.9990249
233720276.0 0.0 1794.260775102654 3 0.0
272928738.0 1.0 1797.4098208892676 1 0.9999365
91400386.0 1.0 1794.0164884750345 1 0.9996871
12707938.0 1.0 1806.2007706631866 1 0.99896944
192690338.0 1.0 1793.9950527699425 1 0.9997334
229676244.0 0.0 1807.6573440072823 3 1.2729869e-25
165551354.0 1.0 1810.8642014557777 1 0.99978733
389916867.0 1.0 1797.5313521593848 1 0.9998073
83426957.0 1.0 1811.4096855622902 1 0.99977005
284532199.0 1.0 1811.2850019385949 1 0.9999651
28875006.0 0.0 1812.683032450095 0 0.0012331147
444140965.0 0.0 1812.369438818227 0 7.1403022e-12
198280388.0 0.0 1811.1141230363928 3 0.0
280164550.0 1.0 1796.8452001604342 1 0.9953867
235933200.0 0.0 1799.4913421768633 2 1.0146058e-14
410440661.0 1.0 1799.7027580486165 1 0.99987036
317470793.0 0.0 1793.888341212595 3 0.0
418698378.0 1.0 1810.2430718131186 1 0.9998279
241078868.0 0.0 1809.661164216502 3 0.0
63589145.0 1.0 1798.3911672847269 1 0.99927974
51029031.0 0.0 1808.9107163068359 0 2.3876194e-06
356701798.0 0.0 1804.1358880659998 3 0.0
392536812.0 0.0 1806.156280104893 3 0.0
229461186.0 0.0 1812.0110721719732 3 0.0
22872830.0 1.0 1810.4953555650484 1 0.9993162
283251110.0 1.0 1794.9101826429076 1 0.9999929
410736221.0 1.0 1805.6406668369616 1 0.9995177
357822012.0 1.0 1796.4310663621072 1 0.99963593
293062484.0 1.0 1795.5158264488532 1 0.99969953
368735398.0 1.0 1805.409729516183 1 0.9999161
302309480.0 0.0 1811.1197161258358 2 7.660033e-19
50122168.0 1.0 1811.2024659272033 1 0.99956924
384842902.0 0.0 1795.9527009549192 2 7.333315e-23
299443090.0 0.0 1806.7027916945533 3 1.4641687e-28
366517381.0 0.0 1795.8038598362732 3 0.0
445486200.0 1.0 1798.7860370850174 1 0.99965006
250713220.0 0.0 1805.223941512006 0 2.2903004e-13
431874993.0 0.0 1808.8702021804918 0 0.00016469786
433699236.0 0.0 1808.8464889881939 0 4.1668754e-06
301338393.0 0.0 1805.6405544013974 2 5.594914e-06
407422055.0 1.0 1805.534349316655 1 0.9998354
28779248.0 0.0 1797.9950550290466 2 3.867837e-15
285788057.0 1.0 1795.6190743593504 1 0.99990016
10605393.0 1.0 1810.3064333875743 1 0.9998705
436883430.0 0.0 1808.974686408318 0 0.000289427
77451620.0 1.0 1805.5371272739815 1 0.9989785
377306452.0 1.0 1811.1355812906731 1 0.99982035
352955893.0 1.0 1795.7623551098986 1 0.99999756
354602800.0 0.0 1805.5352324974797 0 3.5644648e-10
186592797.0 0.0 1805.3493729374977 0 8.362266e-08
73448768.0 1.0 1794.3496671414298 1 0.98952895
219091027.0 0.0 1810.2194645503141 2 4.114512e-30
192797375.0 1.0 1810.3702093680306 1 0.9997082
372269200.0 0.0 1808.848550541342 0 1.9036324e-05
255993777.0 0.0 1811.1369032287978 3 0.0018835652
21189379.0 0.0 1805.3223858270514 0 1.0775065e-06
400613911.0 1.0 1805.9526319906663 1 0.9992066
67714659.0 0.0 1800.141063132643 0 5.4229226e-06
450134143.0 0.0 1797.9943417551178 2 1.1783437e-12
373900397.0 1.0 1798.8272786480836 1 0.9999235
270323569.0 0.0 1805.305285677835 2 5.075635e-28
357675863.0 1.0 1794.8482460539622 1 0.9998411
238653412.0 1.0 1799.4945939988984 1 0.9999961
452941403.0 0.0 1812.7017718270654 0 0.00014704582
280322140.0 0.0 1808.9101908255318 0 1.234494e-07
445379425.0 1.0 1806.1605876035644 1 0.99999976
321732923.0 0.0 1797.8459434370104 2 2.5672244e-30
101223529.0 1.0 1794.661985877558 1 0.99970394
265004788.0 1.0 1796.6400114571202 1 0.9997019
236815701.0 1.0 1796.92744990488 1 0.9998044
71697381.0 1.0 1794.077683930537 1 0.99955136
230027382.0 1.0 1798.3445376648729 1 0.99978083
288497796.0 1.0 1810.4741933869493 1 0.9993573
101219416.0 0.0 1793.1411003458827 0 0.00018125039
385557679.0 0.0 1812.724811068207 0 0.00020197012
256306757.0 1.0 1795.576893181921 1 0.99999404
286217231.0 0.0 1808.9107144564002 0 6.3443395e-06
327121759.0 0.0 1794.347776054994 3 1.4240638e-32
299443090.0 0.0 1810.2235590946327 3 2.7688523e-22
184690200.0 1.0 1795.2451552374914 1 0.99934757
232673247.0 1.0 1810.6770668271315 1 0.9946317
450136832.0 1.0 1810.4318223659898 1 0.9999848
453253005.0 1.0 1797.306553209449 1 0.9999767
385105755.0 0.0 1798.7241260228877 3 0.0
337465539.0 1.0 1806.3880166999331 1 0.99979234
317065894.0 1.0 1794.9295237187966 1 0.9946317
34750272.0 1.0 1795.6830861055428 1 0.9916018
401084204.0 1.0 1794.640121359231 1 0.99998873
353730394.0 1.0 1806.25997480209 1 0.99986213
410698991.0 0.0 1796.8903722030695 0 2.519976e-08
418257102.0 0.0 1799.1793029018418 3 0.0
285232880.0 0.0 1793.2437097495942 2 2.0924042e-26
275141419.0 1.0 1795.4929324326467 1 0.99933696
308711972.0 1.0 1805.4943163777336 1 0.99993277
450003259.0 1.0 1794.1605791705783 1 0.9944188
265470867.0 1.0 1794.410934841626 1 0.99977756
297778089.0 1.0 1810.202116497272 1 0.9997037
354424466.0 0.0 1808.846564208004 0 8.905352e-09
203091945.0 1.0 1793.7867221207396 1 0.999907
445367374.0 1.0 1799.3480580384328 1 0.9999461
192587088.0 0.0 1800.2034911228147 3 1.0365765e-14
405321539.0 1.0 1796.5335505162384 1 0.9997326
101354250.0 1.0 1805.7455202417573 1 0.9999703
334258576.0 1.0 1810.7210100958102 1 0.9999765
428257299.0 0.0 1810.328181583951 3 0.0
359586060.0 1.0 1805.5519645459224 1 0.9644097
81908388.0 1.0 1795.0772268908381 1 0.9999832
50052128.0 1.0 1794.5353779518546 1 0.9997188
346783822.0 1.0 1796.7035349763241 1 0.99998355
387998423.0 1.0 1805.6789699532198 1 0.99997
229583582.0 1.0 1797.949102003957 1 0.9946317
366760089.0 0.0 1805.2004110352927 0 2.2354343e-23
329246824.0 0.0 1811.7182275204923 3 0.0
139532660.0 1.0 1794.5576549596235 1 0.99942374
362104646.0 0.0 1812.344357819657 0 0.0009528283
251306584.0 1.0 1806.2026230682577 1 0.99971944
72028676.0 1.0 1799.6402312103935 1 0.9999313
149921857.0 1.0 1795.703752416645 1 0.99887913
372057967.0 0.0 1808.8669040004636 0 2.510284e-05
347581893.0 1.0 1793.9317349980083 1 0.99999464
366189548.0 1.0 1796.6602824682884 1 0.9998957
229782278.0 1.0 1798.969633990187 1 0.9997621
406837454.0 1.0 1799.4936420656593 1 0.9999994
202839485.0 0.0 1794.8700534170384 3 1.1547021e-08
279509403.0 0.0 1797.1811174972693 3 0.008132394
34715957.0 1.0 1811.2455193390597 1 0.99974126
229401086.0 1.0 1799.1778996333421 1 0.99779123
229741985.0 0.0 1800.4072262311076 3 1.4519895e-33
83812531.0 0.0 1799.076701615077 3 3.642472e-17
279704777.0 1.0 1811.3051036085708 1 0.9999903
346594286.0 1.0 1796.47467863795 1 0.9968586
245424467.0 1.0 1798.8068834185594 1 0.99996096
196748984.0 1.0 1793.7445550629764 1 0.999157
192253565.0 1.0 1794.1201110474854 1 0.99993795
264615805.0 0.0 1808.4943755036948 3 8.822645e-09
138016765.0 0.0 1796.6412309841016 0 0.00087974
301831915.0 1.0 1796.8280486086185 1 0.9997731
72029696.0 1.0 1797.1402043256946 1 0.99991316
368166671.0 1.0 1805.5760841341914 1 0.99936485
315809565.0 1.0 1793.5124199965462 1 0.9997829
434717527.0 0.0 1805.200923604092 0 3.756385e-09
388435585.0 1.0 1805.9715093044879 1 0.9997668
115919370.0 1.0 1811.5572669846838 1 0.9986892
388602832.0 0.0 1808.429895378249 3 0.0
373953568.0 1.0 1797.827055738274 1 0.9992624
264304927.0 1.0 1811.345997094234 1 0.99992776
237291130.0 1.0 1811.2202720914177 1 0.9999067
52630300.0 1.0 1793.8270115422497 1 0.99966073
129980679.0 1.0 1793.3077167493936 1 0.99987495
421691437.0 0.0 1800.13947698642 0 2.3778354e-10
368312092.0 1.0 1796.5552887606673 1 0.999999
256480739.0 0.0 1798.3687994532002 2 7.769082e-11
379164948.0 1.0 1805.7016247912861 1 0.9998666
280033934.0 0.0 1801.9284782293441 3 0.0
229980118.0 1.0 1796.782251579993 1 0.99999195
71932148.0 0.0 1793.327434295323 0 3.791623e-30
139378834.0 0.0 1810.0785558705109 3 3.2542546e-09
230380918.0 1.0 1796.219583649238 1 0.9999142
436882477.0 1.0 1810.703828532008 1 0.9986074
198517828.0 0.0 1809.4473988685857 0 0.00018853789
378992100.0 0.0 1808.868097517527 0 5.857525e-22
317013036.0 0.0 1794.3463218851534 2 0.0
260028116.0 0.0 1795.2026718093748 2 1.2980848e-17
192466212.0 0.0 1812.4951191014954 0 0.00017678189
230011931.0 1.0 1797.4071087999605 1 0.99983
286328028.0 0.0 1808.973258700656 0 6.016407e-16
396615018.0 0.0 1808.1825742364063 3 2.0234053e-20
270930675.0 1.0 1800.0970744512745 1 0.9999136
117801360.0 1.0 1811.4531284144382 1 0.9999974
272323346.0 0.0 1805.2221935782065 0 7.3510045e-11
247400166.0 1.0 1810.2454757268617 1 0.99970233
229676244.0 0.0 1808.6990264024826 3 1.921699e-15
311830172.0 1.0 1795.3896134522201 1 0.99995524
354399081.0 1.0 1799.1196655034496 1 0.9999911
348444259.0 0.0 1812.3693067213208 0 1.3249502e-17
377279511.0 1.0 1794.6383883817464 1 0.9996735
399718322.0 1.0 1805.5341876954212 1 0.99992967
247008899.0 1.0 1793.5581718098604 1 0.99865264
77260066.0 1.0 1795.1203873755883 1 0.9997371
237208852.0 1.0 1795.9285830185036 1 0.9999483
385402078.0 0.0 1793.7649915657898 2 1.792873e-17
372217400.0 0.0 1805.7836574756743 2 9.051804e-07
240873079.0 0.0 1805.5359292419848 3 0.0
441738440.0 0.0 1805.2196045377277 2 0.0
431776481.0 1.0 1798.6616642373 1 0.99981177
129763447.0 1.0 1810.9116886064842 1 0.99959195
375600883.0 0.0 1808.8462304495145 0 3.0966698e-11
230007539.0 0.0 1805.1986535777137 0 1.9149675e-14
470710327.0 0.0 1800.5139803414106 3 0.0
284357742.0 0.0 1810.4690966727644 2 1.02100716e-16
326819671.0 1.0 1797.6391765790177 1 0.9996115
52945191.0 1.0 1811.2852818413544 1 0.9998786
280071241.0 1.0 1810.6367823496187 1 0.9999312
117260298.0 0.0 1805.2449070634395 0 9.043452e-06
233208885.0 0.0 1794.5942465005394 3 0.0
415836214.0 1.0 1794.869845108005 1 0.9999649
445300077.0 1.0 1798.3480810507576 1 0.99983495
301470022.0 1.0 1805.6613782833842 1 0.99995834
389909640.0 1.0 1796.056325494277 1 0.999998
378585919.0 0.0 1799.3053612742367 2 1.24538975e-14
335480540.0 1.0 1795.4713971982499 1 0.99999964
81917019.0 1.0 1797.4522302566809 1 0.9999235
229751802.0 0.0 1809.386308528755 3 0.0
245422412.0 1.0 1794.1817763575693 1 0.9998741
219772326.0 0.0 1797.9685021853873 0 5.3310636e-09
341840183.0 1.0 1798.989097475936 1 0.99992126
444465045.0 0.0 1810.764032086808 2 3.068126e-07
245399303.0 1.0 1799.1401142924924 1 0.9999998
444492163.0 1.0 1793.3477130197832 1 0.9999848
387877452.0 1.0 1793.6166111433079 1 0.9999991
396602795.0 1.0 1796.9302611055666 1 0.9998403
420844059.0 1.0 1797.4727863305293 1 0.99983746
178109914.0 1.0 1805.8702542766696 1 0.99982625
83812531.0 0.0 1806.9724168156522 3 4.8837747e-15
116987954.0 1.0 1797.6198148436588 1 0.9998301
452915157.0 1.0 1799.181272837573 1 0.9997424
378588553.0 1.0 1798.4719780899352 1 0.9998021
292521707.0 1.0 1793.8907741710777 1 0.9999796
81451527.0 1.0 1796.0771653608413 1 0.99704504
289357318.0 1.0 1805.7222213591776 1 0.99991983
73446163.0 1.0 1794.5995652520855 1 0.9996037
321721023.0 1.0 1793.616811023178 1 0.9999785
49942621.0 0.0 1811.3066487734143 2 5.760652e-08
326815804.0 0.0 1805.3890035377058 3 0.000109695255
82620725.0 1.0 1795.869099914867 1 0.9992263
366830370.0 1.0 1793.9503495074634 1 0.98451054
286013049.0 1.0 1794.9524090637979 1 0.9999409
302389677.0 1.0 1811.286286723129 1 0.99957865
445189295.0 1.0 1797.6815007828018 1 0.99998504
117266204.0 1.0 1795.8697660210541 1 0.99961233
229761994.0 0.0 1805.2402989356674 0 4.5710644e-09
249953542.0 1.0 1806.1612911087025 1 0.9999711
453182308.0 1.0 1811.3480277538224 1 0.9998361
428412764.0 0.0 1812.7014969342472 0 0.0013290764
367453933.0 1.0 1793.5755497088307 1 0.9999517
410473112.0 1.0 1797.7861164054896 1 0.99997413
354542776.0 1.0 1794.5570349538025 1 0.9998268
12984854.0 1.0 1811.119080013868 1 0.99965614
427933343.0 1.0 1797.7636148189376 1 0.9995679
256509726.0 1.0 1810.9696371625064 1 0.9977542
275761795.0 1.0 1811.1393682553128 1 0.999855
233501141.0 1.0 1796.573683846852 1 0.9999725
387757211.0 1.0 1799.9915440178786 1 0.99878716
445258408.0 0.0 1798.7646896700023 2 1.2298674e-13
317714210.0 1.0 1794.6384403120803 1 0.99966073
315937374.0 0.0 1793.9732667852397 3 0.0
357129008.0 1.0 1805.968646163428 1 0.99981666
237285803.0 1.0 1793.5953425639761 1 0.99997103
72148043.0 1.0 1798.077676678408 1 0.9993595
399829373.0 1.0 1811.5136670167014 1 0.99989724
428750898.0 1.0 1794.6590675028576 1 0.99977267
333063055.0 1.0 1796.4731742380272 1 0.9997288
387410857.0 0.0 1793.3247953532018 0 1.01307776e-07
398016107.0 0.0 1798.7224552892767 2 6.695874e-33
369728298.0 0.0 1809.2016881606958 0 1.6321682e-06
198158554.0 0.0 1808.8431943801381 0 4.330021e-05
299332103.0 1.0 1798.8691711744902 1 0.9993249
240897491.0 1.0 1794.7651724050816 1 0.99968934
117806874.0 1.0 1805.682424703904 1 0.9999988
395651443.0 1.0 1795.5972863824152 1 0.99956936
104150224.0 1.0 1805.973945515089 1 0.99996996
327250458.0 0.0 1809.180818374647 0 7.231859e-05
354798745.0 0.0 1808.8490764665157 0 3.226542e-05
408890640.0 0.0 1796.8253295350191 0 1.6959435e-06
428740800.0 1.0 1810.138441017983 1 0.99995905
236771428.0 1.0 1799.0529675349014 1 0.9999589
259096259.0 0.0 1793.4074458234873 0 8.3672016e-18
377983165.0 1.0 1796.930410998593 1 0.9988368
259387215.0 0.0 1805.2034614895338 0 0.00025820377
319916989.0 0.0 1809.1601843865385 0 1.8876058e-07
353565609.0 0.0 1805.6600798199574 3 0.0
301331679.0 0.0 1796.8278968914558 0 3.6433137e-09
85526810.0 1.0 1795.4955079602144 1 0.99747634
399262667.0 0.0 1805.3062742404652 0 2.8213117e-13
326532943.0 0.0 1808.847257761393 0 2.1583646e-05
271529113.0 0.0 1793.68053448719 3 0.0
301639841.0 1.0 1811.390658562957 1 0.9999787
289092343.0 0.0 1810.6804513990187 2 1.1957627e-21
352406822.0 0.0 1805.241375977585 0 4.966031e-19
400248487.0 1.0 1795.597356781426 1 0.9998565
420900038.0 1.0 1800.364116404507 1 0.99989015
379084220.0 0.0 1805.2014224885995 0 1.6708908e-08
400940488.0 0.0 1804.847484476776 3 0.915126
396064878.0 0.0 1793.3052939360537 0 5.165355e-18
177804235.0 0.0 1796.6409967184359 0 0.00010829381
407061894.0 1.0 1796.1390038136049 1 0.9997111
252841977.0 0.0 1812.3698293251196 0 0.00015338621
50695261.0 1.0 1798.285696677544 1 0.9999322
203037041.0 0.0 1809.119924070913 0 2.5652385e-05
230074678.0 1.0 1806.4067544537522 1 0.9998956
434533224.0 1.0 1797.617705208965 1 0.9999275
202839835.0 1.0 1797.70338127713 1 0.99957097
280031408.0 0.0 1798.928444510125 2 0.0
233050322.0 1.0 1810.406302218218 1 0.9999998
73728595.0 1.0 1798.703810527027 1 0.9996847
387262737.0 0.0 1805.3666520759796 0 2.558087e-09
198354443.0 0.0 1794.6555045994307 3 0.0
240957246.0 1.0 1806.1192419616232 1 0.69605577
322391933.0 1.0 1796.9502933874955 1 0.99999475
252852200.0 1.0 1799.4114825306933 1 0.9997676
54364874.0 1.0 1796.7021049385417 1 0.99982065
299331839.0 1.0 1799.5774968403457 1 0.99874496
272426464.0 0.0 1808.8470814870257 0 0.00015872926
252864392.0 0.0 1811.3907085168498 2 1.3780785e-15
398069666.0 1.0 1796.8268389104387 1 0.9997383
293125627.0 0.0 1809.0782002774765 0 0.00014360767
240701337.0 1.0 1798.7439764219478 1 0.99910206
116212469.0 0.0 1793.7446128687193 2 1.6512616e-18
418030334.0 1.0 1798.6824882892881 1 0.9992615
362219768.0 0.0 1812.3453377558847 0 1.2661557e-14
200792924.0 1.0 1810.9536790173763 1 0.99997616
444499978.0 0.0 1809.1810667261525 0 3.5263966e-08
323139966.0 0.0 1796.6167617482843 2 2.3099593e-09
357046213.0 0.0 1799.8850425205048 2 6.596953e-23
237290140.0 1.0 1805.220377118863 1 0.9996758
255802749.0 0.0 1812.597750333227 3 0.0
366714555.0 0.0 1808.8670320190688 0 2.4965712e-20
410737792.0 1.0 1811.2448223456554 1 0.99972534
427440292.0 1.0 1796.0134222984852 1 0.9996051
428259011.0 1.0 1793.5362438592988 1 0.9993836
34786930.0 1.0 1798.203971876074 1 0.99965733
250803626.0 0.0 1808.848686795673 0 1.1230685e-10
396573191.0 0.0 1805.5158828216968 3 1.1859358e-30
256312697.0 1.0 1794.2020048111456 1 0.99868536
395695392.0 1.0 1806.2848122315152 1 0.9997898
52181396.0 0.0 1797.6603278722957 2 5.5171902e-11
403434609.0 1.0 1794.4940503338262 1 0.9999972
139373516.0 1.0 1796.7035846595575 1 0.9993291
251707475.0 1.0 1794.0776026415203 1 0.9999217
265383570.0 1.0 1796.2444503058355 1 0.99996006
250832855.0 1.0 1798.5363688600673 1 0.9999152
26533207.0 0.0 1811.1622143308266 3 0.013591391
250799836.0 0.0 1805.2446551012624 0 7.962574e-12
312675561.0 0.0 1799.118810392362 2 9.029375e-34
236971449.0 1.0 1796.5952624515692 1 0.9999867
395579121.0 0.0 1796.2220544721674 2 9.572555e-14
428795527.0 0.0 1810.9512141789103 3 3.206486e-09
441737953.0 1.0 1798.8863439753175 1 0.99748564
432015131.0 0.0 1800.1409360827968 0 1.1669927e-08
400407608.0 1.0 1793.803187455551 1 0.99994326
256640207.0 0.0 1807.1376962140869 3 0.0
269104192.0 1.0 1810.2217798099887 1 0.99999756
198354443.0 0.0 1793.8846728814033 3 0.0
421117884.0 1.0 1796.0351553547234 1 0.9998796
370938403.0 1.0 1793.2440843978623 1 0.9986063
270542698.0 0.0 1805.2220719909328 0 3.1226264e-05
370209274.0 1.0 1811.098133312492 1 0.9998706
407517568.0 1.0 1796.4715242228567 1 0.9999898
369275335.0 0.0 1796.6603550829145 2 2.450613e-10
327259175.0 0.0 1800.3071819402467 3 2.6002957e-27
374923231.0 1.0 1795.6817418650553 1 0.9998974
265004082.0 0.0 1812.3484515653827 0 1.0269937e-06
317470793.0 0.0 1800.555013787501 3 0.0
410503622.0 1.0 1810.2859969663202 1 0.99953073
369279350.0 1.0 1798.7853072189007 1 0.99896395
395943632.0 1.0 1794.5969312021396 1 0.9958314
52940035.0 1.0 1796.243829859206 1 0.9998319
269326491.0 0.0 1805.2010415666211 0 1.7039095e-10
256112843.0 1.0 1798.1395013021465 1 0.9997435
289264036.0 1.0 1799.972290712272 1 0.9970182
265193530.0 0.0 1798.3069776657142 2 1.7762373e-11
252103833.0 1.0 1798.01480879342 1 0.99964947
367145711.0 1.0 1796.7839210700035 1 0.9999679
264730832.0 0.0 1808.9526598808443 0 1.8282362e-11
186987168.0 1.0 1797.0160048262996 1 0.9997248
434973203.0 1.0 1799.7635137954524 1 0.99997973
192555038.0 0.0 1793.1408020491265 0 0.0021037383
445577880.0 1.0 1798.7649887782077 1 0.99098516
264175806.0 1.0 1810.2823958881004 1 0.9999497
420500461.0 0.0 1805.3268316402105 3 1.1029227e-18
49656844.0 0.0 1811.535525819925 2 2.218304e-27
177826793.0 0.0 1811.0577775966726 2 2.4560057e-05
410704161.0 0.0 1812.3490599054694 0 4.2889764e-13
238802411.0 1.0 1805.536840666741 1 0.9994618
235935188.0 0.0 1793.1370891050071 0 2.6376758e-15
116613570.0 0.0 1808.8699309447043 0 1.9667455e-15
279275608.0 0.0 1805.5558516600504 0 5.512565e-25
279923822.0 1.0 1805.450950279348 1 0.99968433
377204994.0 1.0 1799.4924165406742 1 0.9998138
317317635.0 1.0 1794.8879060679526 1 0.99922556
237068799.0 0.0 1805.2826639745324 0 6.303329e-11
198392180.0 1.0 1811.5305028286848 1 0.9999276
428067638.0 1.0 1811.099001623669 1 0.99997056
392536812.0 0.0 1795.5314576125033 3 0.0
421692092.0 1.0 1796.868852297208 1 0.9999497
83424220.0 1.0 1796.2849086540882 1 0.99962866
198354443.0 0.0 1808.363845220389 3 0.0
236871714.0 0.0 1793.5535040629675 2 7.162229e-25
229676244.0 0.0 1796.6363313716756 3 5.902917e-25
117401886.0 1.0 1796.3072436036425 1 0.99915665
445608678.0 0.0 1812.3486092107476 0 1.5715717e-22
420295248.0 1.0 1797.5769276104938 1 0.9946317
308875829.0 1.0 1810.9735419253457 1 0.9987234
302617877.0 1.0 1797.3061556698804 1 0.99697864
322261825.0 0.0 1805.2209659381385 0 5.26315e-06
292469458.0 1.0 1795.3074963201943 1 0.9996235
405668961.0 1.0 1797.6406558792505 1 0.9996238
435167469.0 0.0 1812.3466078679164 0 1.9505078e-06
275636326.0 1.0 1797.8685410328017 1 0.9997482
236768822.0 1.0 1794.6984213229337 1 0.9998514
203008425.0 1.0 1796.349059898106 1 0.99972725
357099943.0 1.0 1805.7601695219848 1 0.9969933
279610102.0 0.0 1812.3465999820296 0 5.7869006e-06
258547695.0 1.0 1806.1160371692113 1 0.99996006
293189507.0 1.0 1795.2241912917953 1 0.99965525
264615805.0 0.0 1806.098556031911 3 2.1558449e-07
229401568.0 1.0 1810.573473295935 1 0.99999845
366557556.0 0.0 1811.1377794523862 3 0.0
312544937.0 1.0 1798.4730273412533 1 0.999889
49854515.0 1.0 1810.639716680654 1 0.99966
250964658.0 0.0 1798.286242027915 2 4.09861e-31
71698199.0 0.0 1812.3900289026055 0 9.888851e-07
200697851.0 1.0 1794.974263011744 1 0.9998804
376965007.0 1.0 1806.3673356108409 1 0.9991621
370947125.0 1.0 1810.1400572798177 1 0.99974316
240897594.0 0.0 1808.8482659857277 0 0.00011679076
320179989.0 0.0 1812.6808599637789 0 0.00052753196
192379313.0 1.0 1793.8283680013756 1 0.99914354
46479770.0 1.0 1794.1621380012389 1 0.99968153
373514445.0 0.0 1808.8469212542586 0 9.109291e-12
5674169.0 0.0 1794.9747037921652 3 1.3459542e-05
117118030.0 0.0 1808.849053649151 0 4.1034298e-07
367143265.0 1.0 1810.8254904431833 1 0.99961466
316468859.0 1.0 1797.3668513870505 1 0.99984926
353853850.0 0.0 1798.5727785590266 2 0.00042222344
302470040.0 0.0 1794.2448143715892 2 6.457871e-14
423455690.0 1.0 1797.8688966459226 1 0.99999875
410865445.0 0.0 1805.244907713454 0 4.4859775e-17
292195734.0 1.0 1799.4115727528133 1 0.9986582
368375792.0 0.0 1808.888698738477 0 1.2689227e-12
252168457.0 1.0 1794.973228788834 1 0.99986106
247006412.0 0.0 1808.8495568415526 0 0.00050198997
192778416.0 0.0 1793.5573838130622 2 2.1985883e-05
12550101.0 0.0 1809.0147397632547 0 0.00015233937
312460816.0 1.0 1795.598055743783 1 0.9999975
219853888.0 1.0 1794.6150489935007 1 0.99993986
224605072.0 0.0 1794.9264717165947 3 0.0
449936752.0 1.0 1806.3282428585649 1 0.9991964
256509568.0 0.0 1805.2197675549362 0 2.4157803e-16
445287089.0 0.0 1811.9519412194484 3 0.0
436860165.0 0.0 1809.3287956561724 0 0.00020093941
445370379.0 1.0 1797.2023030029038 1 0.9980253
379160838.0 0.0 1794.222559045315 2 0.0
230025052.0 1.0 1805.2820655555577 1 0.99998295
82689230.0 0.0 1808.9524085813555 0 5.024777e-09
377054078.0 0.0 1811.239773644011 2 3.8261406e-25
338652915.0 1.0 1799.6799049830627 1 0.99930143
275854772.0 1.0 1811.4313164267785 1 0.9999676
245393879.0 1.0 1793.7860010609709 1 0.9994644
349294422.0 0.0 1799.8288851128889 3 5.0425172e-21
232605278.0 0.0 1810.4896510820704 2 8.939883e-20
422612577.0 0.0 1805.5134501521713 2 1.0343353e-17
285339891.0 1.0 1794.0976590616494 1 0.99964875
10964753.0 1.0 1799.827338576411 1 0.99992293
284807429.0 1.0 1795.9934419916103 1 0.9996523
366471687.0 0.0 1798.9086665401735 2 3.849452e-15
251103507.0 0.0 1808.848517763429 0 0.0001735862
233746837.0 0.0 1797.1357450382902 2 0.0
445663911.0 0.0 1793.327607735412 0 7.152311e-27
186595806.0 0.0 1807.4119979188727 3 2.439437e-34
229942307.0 0.0 1805.1984376858832 0 7.0868564e-06
293066086.0 0.0 1793.5573566788319 3 0.0
65643891.0 0.0 1793.1407009502466 0 0.0021265948
285181196.0 0.0 1801.0787039280813 3 5.591781e-12
420454160.0 1.0 1799.4515679789752 1 0.9999308
436864646.0 0.0 1806.0163517555256 2 4.7664896e-17
219107801.0 1.0 1799.5317799905354 1 0.9999904
350134739.0 0.0 1798.0753601571862 2 1.2894437e-16
357716723.0 0.0 1811.3223830758382 2 1.714482e-17
322443520.0 1.0 1799.9711341554485 1 0.9999031
354112857.0 0.0 1798.9943707002926 2 1.3504057e-27
241111570.0 1.0 1793.6403188442778 1 0.999802
272426187.0 1.0 1805.409655369567 1 0.9999083
245721512.0 1.0 1795.4317317996436 1 0.9995197
250451391.0 0.0 1796.6403383864251 0 7.5827925e-06
332813784.0 0.0 1812.7021466431947 0 9.304657e-14
50192248.0 1.0 1797.0981996019661 1 0.99958646
418182095.0 1.0 1794.7218938346327 1 0.9993054
72088388.0 1.0 1794.68166952198 1 0.9997458
431761788.0 1.0 1795.8283256795114 1 0.9994587
198407968.0 1.0 1810.9266298467217 1 0.99987036
251435981.0 1.0 1798.8068309829196 1 0.9997919
445536159.0 1.0 1793.7859946980016 1 0.9999295
49938487.0 1.0 1796.3481152182883 1 0.9994405
264797541.0 0.0 1797.827556236616 2 9.370916e-13
327440316.0 0.0 1811.3695545364194 2 5.1753994e-16
219853736.0 1.0 1798.7401441429884 1 0.99995744
275482818.0 1.0 1796.1600838369068 1 0.9998071
288313472.0 1.0 1799.699243365859 1 0.99927104
116374184.0 0.0 1805.8282747760652 3 1.7452743e-07
249892880.0 0.0 1799.5154435152797 2 0.0
200877923.0 1.0 1795.9117520009895 1 0.9994923
34787896.0 1.0 1798.6414562160287 1 0.9999
331859125.0 1.0 1810.6606318918884 1 0.9999052
381733616.0 1.0 1797.0785777873166 1 0.99977344
367911059.0 1.0 1795.9716202376396 1 0.9996692
229614158.0 1.0 1799.7200916403945 1 0.9999984
83055897.0 0.0 1799.8475747894392 2 0.0
35087539.0 0.0 1796.6414177398915 0 0.0010685108
354837672.0 1.0 1798.4520544749248 1 0.99999934
445319458.0 0.0 1810.2436467811458 2 2.4033072e-16
374132843.0 0.0 1808.9314365926864 0 1.975503e-06
289094230.0 0.0 1805.2011534460426 0 8.741399e-18
178139182.0 1.0 1806.4328534179797 1 0.99934256
385240485.0 1.0 1806.1409410140886 1 0.99959344
72079125.0 1.0 1798.723355791635 1 0.999979
402372496.0 0.0 1812.6825778700825 0 0.0022832868
410705101.0 1.0 1798.8489498797555 1 0.99953395
445276947.0 0.0 1796.4940478194053 99 3.0818795e-19
351608268.0 0.0 1805.722224902668 99 0.119605176
332984914.0 0.0 1794.2648518700191 99 3.332997e-09
445334311.0 0.0 1799.7229823532873 99 7.660555e-09
252854352.0 0.0 1810.2032023574097 99 1.6946857e-06
284565098.0 0.0 1796.0111790022456 99 2.08665e-06
410474261.0 0.0 1799.5153150028457 99 3.0992548e-13
250558036.0 0.0 1805.765567853678 99 0.00028235046
291838547.0 0.0 1798.8281050338335 99 1.0390477e-20
317596624.0 0.0 1798.0548752066707 99 4.377251e-12
347113041.0 0.0 1811.2014720955353 99 1.4725691e-05
397798163.0 0.0 1810.222209703715 99 3.435839e-10
77357818.0 0.0 1793.2870850500394 99 9.48785e-10
322341921.0 0.0 1797.994413666694 99 2.2156823e-12
321857254.0 0.0 1811.1582398969679 99 8.422065e-16
354788350.0 0.0 1810.744913851074 99 0.000209512
229476840.0 0.0 1796.969738358385 99 6.2126787e-10
368679344.0 0.0 1805.9932642055644 99 1.256675e-16
309138041.0 0.0 1793.369498483546 99 1.8988469e-07
305294281.0 0.0 1805.699549847312 99 1.8493159e-13
308618427.0 0.0 1796.3069065198226 99 1.6986792e-13
387998423.0 0.0 1805.6789699532198 99 5.150736e-18
83148011.0 0.0 1795.076581877624 99 3.1569345e-14
264194165.0 0.0 1806.40842023363 99 2.04798e-05
229775786.0 0.0 1797.4905851133246 99 3.1225602e-14
412353535.0 0.0 1799.7836866391378 99 7.543614e-17
219096077.0 0.0 1805.469570174555 99 5.869651e-10
65643666.0 0.0 1810.3910071467876 99 2.7917206e-13
387810926.0 0.0 1798.116559001889 99 9.55489e-38
51952457.0 0.0 1811.535158523776 99 9.4882234e-05
315774811.0 0.0 1794.2415755382178 99 9.442893e-22
444527225.0 0.0 1793.1813108453548 99 2.9428865e-16
316468859.0 0.0 1797.3668513870505 99 5.63068e-10
292398977.0 0.0 1805.3906889236637 99 9.27676e-15
311188690.0 0.0 1794.8441814583803 99 2.3783337e-18
444112903.0 0.0 1799.2026976671777 99 3.7195453e-17
379598769.0 0.0 1811.4937243922864 99 0.0016575711
396195920.0 0.0 1796.784475922978 99 2.1849452e-20
13697650.0 0.0 1798.5562552314766 99 5.0547785e-31
184564607.0 0.0 1796.7867937601263 99 1.3696241e-09
260034780.0 0.0 1796.9528659802859 99 0.01402535
198407968.0 0.0 1810.9266298467217 99 1.0784613e-14
65572200.0 0.0 1794.7865061575146 99 3.3966266e-10
353505793.0 0.0 1806.0335063096647 99 8.498015e-28
434533224.0 0.0 1797.617705208965 99 1.4953344e-18
400951648.0 0.0 1805.7241354025477 99 2.6607793e-14
321688056.0 0.0 1805.3250096928302 99 4.005149e-15
268055290.0 0.0 1805.5948293401525 99 2.290151e-10
272331853.0 0.0 1795.4930976221892 99 0.9958855
405321539.0 0.0 1796.5335505162384 99 1.9507434e-12
192468117.0 0.0 1810.7451903197687 99 1.0503304e-07
229474843.0 0.0 1793.490614967445 99 2.1620624e-08
445370379.0 0.0 1797.2023030029038 99 0.00015003084
50192248.0 0.0 1797.0981996019661 99 3.898423e-09
394120578.0 0.0 1795.0533857721323 99 3.4863914e-11
53870458.0 0.0 1798.9937347210625 99 3.5007037e-15
116723709.0 0.0 1798.4948358951287 99 4.3627188e-14
14039615.0 0.0 1810.2024639875171 99 3.1401173e-38
317317635.0 0.0 1794.8879060679526 99 3.752864e-05
402204433.0 0.0 1795.3491948834603 99 3.0397357e-15
356820347.0 0.0 1805.7195981747245 99 1.3893649e-21
186665508.0 0.0 1795.370165316949 99 8.4264075e-06
445515145.0 0.0 1793.4526056809893 99 1.8290712e-17
403999744.0 0.0 1811.1602809013023 99 1.7634424e-16
396385069.0 0.0 1810.5348767674661 99 3.1344796e-16
250473901.0 0.0 1798.9112990519093 99 8.208482e-10
67422158.0 0.0 1798.682501428369 99 9.9620024e-08
327795075.0 0.0 1794.4949030280923 99 2.9694338e-30
13266774.0 0.0 1794.8271906091304 99 1.097464e-23
272420313.0 0.0 1805.5137662405991 99 5.3055344e-05
279840730.0 0.0 1795.8272501873978 99 1.9682531e-16
308288288.0 0.0 1798.5362120883337 99 3.5674347e-15
265292969.0 0.0 1810.5568570329663 99 3.0693437e-15
327585721.0 0.0 1795.4310641688912 99 3.7877757e-16
232673247.0 0.0 1810.6770668271315 99 6.2996144e-15
279345941.0 0.0 1799.5350332906019 99 4.2923514e-19
389768025.0 0.0 1799.4523037325114 99 1.16452106e-14
255879260.0 0.0 1810.618484131649 99 9.996524e-17
192690338.0 0.0 1793.9950527699425 99 8.689443e-16
338647367.0 0.0 1797.388280878593 99 7.0536875e-11
196778038.0 0.0 1806.306836488602 99 2.6673276e-19
101347969.0 0.0 1794.5371323647066 99 2.6596586e-25
422517498.0 0.0 1793.9712121958992 99 8.709636e-20
390858559.0 0.0 1811.4939815574169 99 5.537313e-07
332497602.0 0.0 1810.6188545614689 99 1.0615714e-10
241120346.0 0.0 1793.5571884659412 99 4.6868566e-14
11153481.0 0.0 1800.285663391636 99 0.00032102127
331978614.0 0.0 1793.9315458162307 99 1.9957762e-10
332476739.0 0.0 1805.614256708805 99 7.663821e-11
68153389.0 0.0 1798.3285268895916 99 2.6072014e-10
256802026.0 0.0 1810.407265616012 99 3.5710917e-18
251599364.0 0.0 1799.431864886751 99 7.432883e-13
403525927.0 0.0 1794.036013696444 99 6.097917e-11
270066455.0 0.0 1796.4120621692634 99 2.6958267e-06
366517287.0 0.0 1805.6580663911523 99 5.9383586e-07
279603463.0 0.0 1797.2425506847 99 2.6829285e-13
368598073.0 0.0 1797.9303311697176 99 4.483473e-20
394119895.0 0.0 1797.9909528145079 99 2.4240411e-32
417485408.0 0.0 1799.326839197671 99 4.3101726e-18
289992867.0 0.0 1805.2840123730778 99 9.0813925e-09
73565936.0 0.0 1794.1203804355994 99 3.3384612e-21
35087539.0 0.0 1810.7664076378337 99 0.106269404
358901093.0 0.0 1797.8676944333704 99 2.1571944e-26
445189295.0 0.0 1797.6815007828018 99 1.4249685e-21
317065894.0 0.0 1794.9295237187966 99 5.759213e-08
94448601.0 0.0 1798.453762495035 99 5.0820623e-30
12320313.0 0.0 1796.868853822448 99 8.957533e-27
377204994.0 0.0 1799.4924165406742 99 7.2151646e-11
240897659.0 0.0 1796.3068315567689 99 8.7826915e-15
219428801.0 0.0 1810.3436111221313 99 3.6415965e-17
104146528.0 0.0 1797.3695814222215 99 2.7456327e-19
219092595.0 0.0 1810.9693206824513 99 1.7460557e-12
381461128.0 0.0 1805.2662818481242 99 9.2396814e-14
279662725.0 0.0 1797.2219178944085 99 1.6517031e-10
274804128.0 0.0 1794.7010560607337 99 8.844811e-18
441723615.0 0.0 1797.8863795651378 99 3.6930295e-13
376196655.0 0.0 1795.3057838622312 99 6.4048853e-12
368166671.0 0.0 1805.5760841341914 99 9.460695e-24
309054541.0 0.0 1810.660897730516 99 8.49702e-18
441797142.0 0.0 1796.4902915455755 99 1.8097614e-26
12743937.0 0.0 1798.868854099364 99 1.6163423e-05
83800874.0 0.0 1795.9307167508389 99 7.314428e-08
194673250.0 0.0 1794.4118840835574 99 9.660818e-14
285669283.0 0.0 1799.223787536014 99 1.6764089e-17
433140550.0 0.0 1793.3078369355728 99 3.0466314e-15
366868814.0 0.0 1805.992132039905 99 2.3982625e-07
256666535.0 0.0 1810.8655255814194 99 2.1047148e-09
312549913.0 0.0 1798.7857347501802 99 3.6869617e-21
72028676.0 0.0 1799.6402312103935 99 3.6264382e-06
178082630.0 0.0 1794.0784793023024 99 1.881369e-08
34753451.0 0.0 1805.9539566516544 99 0.00010184823
186811892.0 0.0 1796.9743420356683 99 6.0220985e-17
368887984.0 0.0 1795.7015575857886 99 6.287444e-22
428735490.0 0.0 1811.0761677582852 99 0.0024017743
450144143.0 0.0 1796.890062196728 99 2.9563052e-08
354119199.0 0.0 1811.0543361189993 99 4.9805546e-15
445234958.0 0.0 1798.3689234969638 99 1.0374676e-12
366241770.0 0.0 1794.8684085229456 99 1.2752041e-31
403336243.0 0.0 1810.764226961674 99 3.2282477e-12
441765083.0 0.0 1806.240750213488 99 3.1022697e-14
238793257.0 0.0 1794.7866178136107 99 8.306445e-10
275603383.0 0.0 1798.1375280117545 99 6.364504e-07
256509726.0 0.0 1810.9696371625064 99 0.004301367
130061105.0 0.0 1798.7451738909801 99 2.5907172e-15
372392503.0 0.0 1796.4296294424078 99 1.1782754e-21
299331839.0 0.0 1799.5774968403457 99 1.4736675e-08
101348176.0 0.0 1796.808011136311 99 8.536122e-10
104058673.0 0.0 1794.8072040842806 99 4.825311e-07
34691690.0 0.0 1796.6206201267232 99 1.8865623e-11
241033083.0 0.0 1799.4526519485546 99 3.8634887e-14
137084084.0 0.0 1798.4930775256244 99 2.1255765e-16
251707475.0 0.0 1794.0776026415203 99 3.1533127e-21
284913939.0 0.0 1798.4518149790317 99 2.578175e-09
250798686.0 0.0 1793.2030176464477 99 1.8516242e-13
406598195.0 0.0 1799.0760742650582 99 4.1922195e-17
420136842.0 0.0 1796.7618451358253 99 0.00011742168
334487981.0 0.0 1793.6171936493602 99 1.583886e-14
251387790.0 0.0 1805.6402711511432 99 5.3208936e-17
389842621.0 0.0 1797.9938040029556 99 4.392879e-29
423455690.0 0.0 1797.8688966459226 99 5.561612e-32
72088388.0 0.0 1794.68166952198 99 2.6473925e-12
285273517.0 0.0 1795.0996481920217 99 3.09288e-11
275150367.0 0.0 1796.2219281818218 99 1.3699556e-13
63468121.0 0.0 1797.7662116275528 99 4.479974e-25
427440292.0 0.0 1796.0134222984852 99 1.1703089e-05
240901555.0 0.0 1793.286182302801 99 1.5676032e-13
367092233.0 0.0 1806.3672134817205 99 2.7112688e-09
312774962.0 0.0 1794.9730355103918 99 0.042046703
194657940.0 0.0 1810.80777213409 99 2.0747877e-14
270919139.0 0.0 1796.53475551494 99 1.196011e-10
116217056.0 0.0 1796.5989761553512 99 2.3129096e-12
331516361.0 0.0 1794.9940376676934 99 1.9118475e-10
20871003.0 0.0 1798.8699908259498 99 1.9623814e-10
279754247.0 0.0 1797.0563195434797 99 3.9393877e-11
428169511.0 0.0 1793.4945544197285 99 1.0746882e-12
94372467.0 0.0 1796.0369542722476 99 1.6821593e-12
129909190.0 0.0 1796.9535814050982 99 5.529384e-13
12647445.0 0.0 1794.598255649266 99 2.5098127e-11
377292876.0 0.0 1794.4068175596678 99 1.7951486e-13
235902559.0 0.0 1805.6164824334214 99 2.9011051e-12
321592850.0 0.0 1799.512560840794 99 1.3124431e-08
83970704.0 0.0 1810.722256016159 99 5.7346388e-15
387507677.0 0.0 1794.0539407827803 99 3.502856e-14
444356631.0 0.0 1796.680964420139 99 0.0069819614
184612384.0 0.0 1795.536763949132 99 4.7817027e-22
235989720.0 0.0 1799.1580708197396 99 1.4671207e-28
72148043.0 0.0 1798.077676678408 99 1.5516877e-10
237197609.0 0.0 1795.740957127629 99 1.7273157e-25
415975420.0 0.0 1811.2657379383488 99 3.8032778e-26
241087623.0 0.0 1805.3278125187985 99 2.1020657e-10
441807493.0 0.0 1797.4280104173965 99 1.7572457e-22
420262766.0 0.0 1795.1579824587452 99 6.7185e-07
399799675.0 0.0 1795.700731388304 99 1.2215892e-09
384601642.0 0.0 1796.1818513857793 99 4.6194445e-13
359039530.0 0.0 1799.6599122023486 99 1.5196109e-06
250936633.0 0.0 1793.536480680296 99 2.5224795e-17
378287918.0 0.0 1797.9515347196173 99 1.9439671e-21
289723181.0 0.0 1800.3641615792783 99 9.774712e-11
186944085.0 0.0 1794.8702604652915 99 3.7898165e-22
117314464.0 0.0 1810.286473949273 99 1.0178306e-15
229956001.0 0.0 1795.802933728579 99 8.2436685e-19
396242679.0 0.0 1796.951389353578 99 2.9037462e-06
126097648.0 0.0 1798.6829696092573 99 1.6794992e-11
265460678.0 0.0 1797.5138067478722 99 1.11648815e-10
331605323.0 0.0 1794.5980937344657 99 4.338678e-18
219794282.0 0.0 1810.9685179361852 99 1.4570845e-06
63589145.0 0.0 1798.3911672847269 99 6.083173e-08
334798380.0 0.0 1799.6346669204868 99 9.684287e-10
341817206.0 0.0 1810.6766673874022 99 4.1864887e-06
201356721.0 0.0 1795.0784212945082 99 2.1206032e-09
194814044.0 0.0 1794.4742824383893 99 0.0011841191
198206706.0 0.0 1794.1558775656893 99 3.8778132e-28
270812636.0 0.0 1805.4512315733552 99 1.1913235e-21
63468874.0 0.0 1810.4534449532161 99 1.685921e-08
230087876.0 0.0 1794.3856261650337 99 1.6774106e-20
50694186.0 0.0 1798.8065142763535 99 0.0
331364868.0 0.0 1810.9922581940964 99 2.1256501e-23
377279511.0 0.0 1794.6383883817464 99 3.803238e-09
408896537.0 0.0 1810.47087474087 99 1.9467763e-05
312856774.0 0.0 1805.9731044792256 99 1.9429248e-18
327183309.0 0.0 1793.6197037716602 99 1.3801166e-12
83897099.0 0.0 1799.3683931720907 99 4.5356994e-09
34885040.0 0.0 1811.1414036078177 99 1.4449384e-19
83809264.0 0.0 1797.7016677966285 99 2.8888218e-14
321721023.0 0.0 1793.616811023178 99 2.0164586e-24
427955700.0 0.0 1797.6594532334125 99 3.1939298e-13
233079895.0 0.0 1811.239875266335 99 2.6048014e-13
320497478.0 0.0 1806.1139278773865 99 3.8034216e-08
397282402.0 0.0 1795.035251629634 99 5.107496e-25
333072716.0 0.0 1799.452600512193 99 2.22835e-16
270241552.0 0.0 1810.5134854597807 99 7.129784e-19
73693973.0 0.0 1795.2871437010394 99 1.03936564e-07
288513991.0 0.0 1800.512091658676 99 2.6696533e-08
368596977.0 0.0 1795.9720256159844 99 1.23092565e-17
272781956.0 0.0 1797.1979320879768 99 1.351167e-14
279522672.0 0.0 1810.5341212602937 99 4.1896878e-05
311704577.0 0.0 1796.4731025870256 99 1.5899298e-11
129686740.0 0.0 1796.391056921562 99 6.553058e-16
351686387.0 0.0 1794.95164791033 99 2.2389389e-18
245721512.0 0.0 1795.4317317996436 99 7.911611e-10
316131319.0 0.0 1805.9111360558277 99 1.3259873e-16
392571860.0 0.0 1798.5939618701025 99 1.4483756e-20
320269111.0 0.0 1795.2021434155597 99 5.552356e-29
203091945.0 0.0 1793.7867221207396 99 2.4730807e-14
229960907.0 0.0 1810.552698662751 99 2.0389053e-24
269039656.0 0.0 1798.7219962101904 99 1.6680761e-19
247003756.0 0.0 1811.0786504386358 99 1.5503341e-12
395651443.0 0.0 1795.5972863824152 99 1.7574435e-07
63676031.0 0.0 1794.4954161344742 99 4.216405e-17
265296856.0 0.0 1805.9944391366225 99 4.0120712e-10
229403092.0 0.0 1799.7195651083916 99 0.0
10602308.0 0.0 1811.535545217716 99 0.0
427751281.0 0.0 1796.0968680609433 99 0.0
233544425.0 0.0 1795.3026732769 99 0.0
280326335.0 0.0 1796.4725821853563 99 0.0
424097780.0 0.0 1794.6616992170743 99 0.0
22872830.0 0.0 1810.4953555650484 99 0.0
279840549.0 0.0 1795.827245090819 99 0.0
198414763.0 0.0 1811.426258232376 99 0.0
219853736.0 0.0 1798.7401441429884 99 0.0
417643330.0 0.0 1811.137366124877 99 0.0
21178341.0 0.0 1795.953923460654 99 0.0
268055290.0 0.0 1805.5948293401525 99 0.0
177826386.0 0.0 1810.4952981987772 99 0.0
101221317.0 0.0 1793.724547062317 99 0.0
13100138.0 0.0 1811.179862850443 99 0.0
250801736.0 0.0 1810.4320465953774 99 0.0
139507941.0 0.0 1798.6619694484953 99 0.0
233499659.0 0.0 1797.1568523478697 99 0.0
433354775.0 0.0 1810.2660741956574 99 0.0
35118298.0 0.0 1797.8497411392934 99 0.0
14037881.0 0.0 1810.639993724583 99 0.0
264805538.0 0.0 1805.8902956599895 99 0.0
177800448.0 0.0 1794.474434772517 99 0.0
415961002.0 0.0 1796.5781674155824 99 0.0
298783660.0 0.0 1805.3851176860044 99 0.0
396238721.0 0.0 1793.9306107203868 99 0.0
427585571.0 0.0 1805.429930867778 99 0.0
392571860.0 0.0 1798.5939618701025 99 0.0
129901574.0 0.0 1810.9117316392703 99 0.0
422259529.0 0.0 1795.0147190077664 99 0.0
192253565.0 0.0 1794.1201110474854 99 0.0
241067505.0 0.0 1799.7028997142506 99 0.0
347943876.0 0.0 1810.452631641617 99 0.0
401325284.0 0.0 1795.4716651141298 99 0.0
52942173.0 0.0 1806.1812323688036 99 0.0
14041818.0 0.0 1797.9940291332703 99 0.0
377279511.0 0.0 1794.6383883817464 99 0.0
374303249.0 0.0 1798.452342242171 99 0.0
236873930.0 0.0 1796.1576824503843 99 0.0
200731353.0 0.0 1794.0368097431665 99 0.0
284565098.0 0.0 1796.0111790022456 99 0.0
389909640.0 0.0 1796.056325494277 99 0.0
129763447.0 0.0 1810.9116886064842 99 0.0
376038929.0 0.0 1793.5964253309498 99 0.0
258510183.0 0.0 1811.553427758224 99 0.0
20869155.0 0.0 1797.369894460647 99 0.0
418182095.0 0.0 1794.7218938346327 99 0.0
378380377.0 0.0 1805.2639043009058 99 0.0
138021649.0 0.0 1795.6203924714966 99 0.0
407017121.0 0.0 1795.7850795992786 99 0.0
444527225.0 0.0 1793.1813108453548 99 0.0
12987231.0 0.0 1794.8690800605336 99 0.0
71975603.0 0.0 1799.181682488839 99 0.0
293189507.0 0.0 1795.2241912917953 99 0.0
63560370.0 0.0 1794.9328232523185 99 0.0
200877923.0 0.0 1795.9117520009895 99 0.0
251360274.0 0.0 1805.4319344523683 99 0.0
357675863.0 0.0 1794.8482460539622 99 0.0
199682938.0 0.0 1810.6555945550303 99 0.0
401009243.0 0.0 1805.5153551456713 99 0.0
311235091.0 0.0 1805.656355682419 99 0.0
348019467.0 0.0 1799.390096820236 99 0.0
362219768.0 0.0 1794.5743737035427 99 0.0
320269111.0 0.0 1795.2021434155597 99 0.0
289723181.0 0.0 1800.3641615792783 99 0.0
444591798.0 0.0 1794.0354262933 99 0.0
322267867.0 0.0 1793.8044560918488 99 0.0
334800701.0 0.0 1797.0129935144805 99 0.0
249919744.0 0.0 1794.244654000001 99 0.0
200697851.0 0.0 1794.974263011744 99 0.0
269889563.0 0.0 1797.0163208026102 99 0.0
428385852.0 0.0 1795.6197227345813 99 0.0
283251110.0 0.0 1794.9101826429076 99 0.0
250936633.0 0.0 1793.536480680296 99 0.0
367429972.0 0.0 1798.929714219647 99 0.0
279597885.0 0.0 1798.409990098982 99 0.0
326819671.0 0.0 1797.6391765790177 99 0.0
333784173.0 0.0 1795.5955644570965 99 0.0
422563390.0 0.0 1797.6384094740692 99 0.0
434533224.0 0.0 1797.617705208965 99 0.0
407380852.0 0.0 1810.3070410245546 99 0.0
283019241.0 0.0 1798.2015498819085 99 0.0
352775340.0 0.0 1796.8473360982102 99 0.0
233679313.0 0.0 1795.7809245827218 99 0.0
265345292.0 0.0 1796.5967338645662 99 0.0
385401741.0 0.0 1810.1402593258656 99 0.0
405415257.0 0.0 1793.6830120402192 99 0.0
352929692.0 0.0 1810.743269111043 99 0.0
366189548.0 0.0 1796.6602824682884 99 0.0
203095395.0 0.0 1793.6200176233933 99 0.0
327441658.0 0.0 1799.3697529598933 99 0.0
279522672.0 0.0 1810.5341212602937 99 0.0
450008897.0 0.0 1793.6814534419652 99 0.0
359483336.0 0.0 1797.0313421254089 99 0.0
238655860.0 0.0 1798.4113434147366 99 0.0
445334311.0 0.0 1799.7229823532873 99 0.0
400407608.0 0.0 1793.803187455551 99 0.0
286324944.0 0.0 1798.8898984326124 99 0.0
317065894.0 0.0 1794.9295237187966 99 0.0
445379425.0 0.0 1806.1605876035644 99 0.0
434979598.0 0.0 1797.7010944518083 99 0.0
347687318.0 0.0 1798.2651998994518 99 0.0
116987954.0 0.0 1797.6198148436588 99 0.0
368373338.0 0.0 1796.597109731334 99 0.0
83341634.0 0.0 1796.2642742406542 99 0.0
13697650.0 0.0 1798.5562552314766 99 0.0
238802411.0 0.0 1805.536840666741 99 0.0
230001477.0 0.0 1798.8236289731656 99 0.0
322209219.0 0.0 1793.575276960108 99 0.0
347113041.0 0.0 1811.2014720955353 99 0.0
387260984.0 0.0 1810.6579200887538 99 0.0
177710159.0 0.0 1797.6619320915936 99 0.0
445536653.0 0.0 1796.2443309033288 99 0.0
347427161.0 0.0 1795.6825524496717 99 0.0
53620394.0 0.0 1798.035303039778 99 0.0
229790888.0 0.0 1793.6780594550999 99 0.0
327349858.0 0.0 1794.6197948919403 99 0.0
332053527.0 0.0 1810.5356339192024 99 0.0
229583582.0 0.0 1797.949102003957 99 0.0
230118328.0 0.0 1798.4066293724532 99 0.0
383675284.0 0.0 1805.9689200462692 99 0.0
433075966.0 0.0 1810.7659242106122 99 0.0
20875355.0 0.0 1796.4951169982778 99 0.0
368735398.0 0.0 1805.409729516183 99 0.0
229476840.0 0.0 1796.969738358385 99 0.0
356894234.0 0.0 1799.0520219905036 99 0.0
233048233.0 0.0 1810.343821758263 99 0.0
233088505.0 0.0 1799.218766638643 99 0.0
240957246.0 0.0 1806.1192419616232 99 0.0
427759460.0 0.0 1798.5136253057872 99 0.0
94278854.0 0.0 1796.0369412105126 99 0.0
72149122.0 0.0 1811.5359129342341 99 0.0
353605798.0 0.0 1811.3478751117775 99 0.0
264248397.0 0.0 1806.4074117179675 99 0.0
341817206.0 0.0 1810.6766673874022 99 0.0
352033634.0 0.0 1810.5766822567732 99 0.0
233732719.0 0.0 1795.0109989195855 99 0.0
116611548.0 0.0 1806.2032078524524 99 0.0
450144143.0 0.0 1796.890062196728 99 0.0
232624945.0 0.0 1798.28069396485 99 0.0
251324483.0 0.0 1811.161057630966 99 0.0
308875829.0 0.0 1810.9735419253457 99 0.0
400745295.0 0.0 1797.473232132447 99 0.0
396609776.0 0.0 1794.4323855049279 99 0.0
337551849.0 0.0 1796.4923988518992 99 0.0
301338074.0 0.0 1810.6404920209197 99 0.0
269104192.0 0.0 1810.2217798099887 99 0.0
370211258.0 0.0 1797.723333056966 99 0.0
192422597.0 0.0 1796.578271896088 99 0.0
428388030.0 0.0 1797.661489385513 99 0.0
422533281.0 0.0 1796.6397777209622 99 0.0
430327641.0 0.0 1811.098934666405 99 0.0
52940035.0 0.0 1796.243829859206 99 0.0
259945770.0 0.0 1799.9526486280038 99 0.0
288510263.0 0.0 1806.1784850687081 99 0.0
184685168.0 0.0 1793.4535668022213 99 0.0
245391330.0 0.0 1805.4111529337376 99 0.0
403527307.0 0.0 1798.2651487481855 99 0.0
364186053.0 0.0 1794.4082090352802 99 0.0
116269543.0 0.0 1794.682252156197 99 0.0
356896048.0 0.0 1800.0100957577342 99 0.0
445300077.0 0.0 1798.3480810507576 99 0.0
338652915.0 0.0 1799.6799049830627 99 0.0
381545723.0 0.0 1796.8909369921523 99 0.0
285561333.0 0.0 1799.5782259516454 99 0.0
245664583.0 0.0 1797.223489883243 99 0.0
202839835.0 0.0 1797.70338127713 99 0.0
415959842.0 0.0 1811.3904059497715 99 0.0
354381885.0 0.0 1795.7424287759986 99 0.0
230379564.0 0.0 1798.0735761555086 99 0.0
34820374.0 0.0 1805.7039722929885 99 0.0
219104494.0 0.0 1811.1153602522 99 0.0
77454066.0 0.0 1797.9538217951554 99 0.0
240998575.0 0.0 1795.4944072628123 99 0.0
366069438.0 0.0 1795.9510354085032 99 0.0
219428801.0 0.0 1810.3436111221313 99 0.0
264738932.0 0.0 1798.5358302167901 99 0.0
354397412.0 0.0 1795.7029414542374 99 0.0
270726904.0 0.0 1810.3885657364515 99 0.0
264304927.0 0.0 1811.345997094234 99 0.0
85526810.0 0.0 1795.4955079602144 99 0.0
326259625.0 0.0 1796.9910293689752 99 0.0
258461145.0 0.0 1805.9076020512928 99 0.0
441716335.0 0.0 1794.6569023833674 99 0.0
397798163.0 0.0 1810.222209703715 99 0.0
307115630.0 0.0 1798.8482878866985 99 0.0
389974554.0 0.0 1794.0564381618224 99 0.0
178047504.0 0.0 1810.5577994096584 99 0.0
50694186.0 0.0 1798.8065142763535 99 0.0
233525922.0 0.0 1800.1983810640652 99 0.0
54364874.0 0.0 1796.7021049385417 99 0.0
224601458.0 0.0 1798.697251745461 99 0.0
241120346.0 0.0 1793.5571884659412 99 0.0
229598099.0 0.0 1799.0530598695136 99 0.0
186990195.0 0.0 1810.1409252519363 99 0.0
245399303.0 0.0 1799.1401142924924 99 0.0
284046169.0 0.0 1796.2016875992088 99 0.0
229512467.0 0.0 1798.8448262286936 99 0.0
245589110.0 0.0 1798.681875509283 99 0.0
396198189.0 0.0 1799.722054402545 99 0.0
354744964.0 0.0 1794.5144682710024 99 0.0
353895287.0 0.0 1797.3435159738242 99 0.0
129816859.0 0.0 1797.2451469042146 99 0.0
288629228.0 0.0 1810.2243208327295 99 0.0
229980118.0 0.0 1796.782251579993 99 0.0
245393879.0 0.0 1793.7860010609709 99 0.0
82236941.0 0.0 1795.702243949042 99 0.0
373900397.0 0.0 1798.8272786480836 99 0.0
272831479.0 0.0 1810.9304521894696 99 0.0
417852503.0 0.0 1798.805706658664 99 0.0
14039615.0 0.0 1810.2024639875171 99 0.0
251361825.0 0.0 1806.1402398323908 99 0.0
117757362.0 0.0 1805.8905688393083 99 0.0
251707475.0 0.0 1794.0776026415203 99 0.0
436929253.0 0.0 1795.5372582193575 99 0.0
377075568.0 0.0 1798.3674373820133 99 0.0
280414812.0 0.0 1794.6393919167517 99 0.0
387679023.0 0.0 1795.3248703528811 99 0.0
308619582.0 0.0 1797.702693926095 99 0.0
395695392.0 0.0 1806.2848122315152 99 0.0
256719750.0 0.0 1795.4503941138 99 0.0
250576814.0 0.0 1798.2653663094832 99 0.0
186911536.0 0.0 1795.9119793187153 99 0.0
301470022.0 0.0 1805.6613782833842 99 0.0
54618494.0 0.0 1796.3063656801187 99 0.0
331978614.0 0.0 1793.9315458162307 99 0.0
184736598.0 0.0 1811.557382556683 99 0.0
72148043.0 0.0 1798.077676678408 99 0.0
256719848.0 0.0 1798.5337000575857 99 0.0
229950969.0 0.0 1810.6774836038169 99 0.0
417485408.0 0.0 1799.326839197671 99 0.0
241111570.0 0.0 1793.6403188442778 99 0.0
406681219.0 0.0 1796.138498523633 99 0.0
398263917.0 0.0 1797.6998314713635 99 0.0
455823355.0 0.0 1794.0960159945041 99 0.0
421110379.0 0.0 1810.160120513295 99 0.0
13529474.0 0.0 1797.056551296899 99 0.0
250538889.0 0.0 1793.9737187528192 99 0.0
387877670.0 0.0 1806.428959944979 99 0.0
250558800.0 0.0 1799.2447522715092 99 0.0
235935385.0 0.0 1795.0121402093823 99 0.0
71932148.0 0.0 1805.9940925052547 99 0.0
434626036.0 0.0 1810.8257753822115 99 0.0
315728513.0 0.0 1810.5360934278174 99 0.0
368516895.0 0.0 1805.2640735139407 99 0.0
264922703.0 0.0 1798.1610553827845 99 0.0
399799675.0 0.0 1795.700731388304 99 0.0
94372467.0 0.0 1796.0369542722476 99 0.0
72028676.0 0.0 1799.6402312103935 99 0.0
