tic gt tpeak labels pred_s0101
229944109.0 0 1808.844250306577 0 2.3479151e-05
445410746.0 0 1805.5563970684336 0 3.8321227e-06
331780550.0 0 1809.1813578567921 0 1.1603208e-12
347768506.0 0 1805.2442930988377 0 5.3773586e-08
233629196.0 0 1812.385866191936 0 6.55511e-08
229748836.0 0 1812.386148366143 0 5.620226e-11
427766763.0 0 1797.0553628876457 0 1.5408148e-05
130083516.0 1 1795.1827995757753 1 1.0
390170776.0 1 1797.139776137706 1 1.0
233079895.0 1 1811.239875266335 1 1.0
275146861.0 1 1799.0970435376244 1 1.0
139553692.0 0 1809.1410603448255 0 0.00019657757
267882450.0 0 1805.1985978979587 0 1.3355078e-07
26439243.0 1 1805.5579826466449 1 1.0
347581893.0 1 1793.9317349980083 1 1.0
302468363.0 1 1810.3698906091354 1 1.0
235709858.0 0 1812.3450137685304 0 5.6104498e-14
377507360.0 1 1795.2842205617364 1 1.0
385245132.0 1 1797.7865767193418 1 1.0
94448601.0 1 1798.453762495035 1 1.0
299332103.0 0 1809.1606284246282 0 4.5829496e-11
316629077.0 1 1798.4320356029018 1 1.0
417746712.0 0 1812.3673901646855 0 1.2052513e-10
219800917.0 1 1794.323099213907 1 1.0
405414542.0 1 1797.4956025957513 1 0.99999994
372389105.0 0 1805.2420174422061 0 3.484716e-11
367089929.0 1 1796.3463625388201 1 1.0
258627737.0 0 1805.2829308461585 0 7.88265e-07
321819483.0 0 1808.887486486495 0 3.7141675e-08
139532737.0 1 1797.495178420349 1 1.0
233080784.0 1 1810.323165863295 1 1.0
428606311.0 1 1797.472200722201 1 0.9998738
422533069.0 1 1799.1397987660507 1 0.9999958
192320564.0 1 1810.9533068626629 1 1.0
332870266.0 0 1809.2023477820762 0 4.589316e-08
245470004.0 1 1795.9525867046425 1 1.0
436861165.0 0 1796.6414726933483 0 0.0007189669
327189417.0 1 1797.015668106432 1 0.99999994
250560831.0 0 1808.8695912534563 0 8.908011e-06
359432099.0 0 1796.9100025866217 0 3.6236887e-08
233724202.0 0 1797.9689058450863 0 6.980364e-05
377672342.0 1 1797.6386860482012 1 1.0
322310532.0 1 1795.3044477421474 1 1.0
259266180.0 0 1812.365631423346 0 6.7259236e-12
269414794.0 1 1797.32623283249 1 1.0
416046064.0 1 1793.7242480486411 1 1.0
194779555.0 1 1811.4536995418362 1 0.99999815
283840173.0 1 1806.285123735164 1 0.9999999
396006762.0 0 1812.3472591346356 0 6.882719e-07
271754473.0 0 1808.8679112428883 0 1.6199068e-07
104316130.0 0 1808.8490844944956 0 7.060008e-05
283933555.0 1 1797.576937585975 1 1.0
356340576.0 1 1798.1139023296853 1 0.9999907
422533317.0 1 1795.5772776013891 1 0.9999996
378861516.0 0 1800.3054818335218 0 1.029371e-11
251172551.0 0 1793.3901038138363 0 0.0003060572
229497700.0 1 1798.7823280215107 1 1.0
385401741.0 1 1810.1402593258656 1 1.0
241049137.0 0 1805.2027647659788 0 5.8381756e-06
241005693.0 0 1805.2443037777311 0 1.1052903e-17
279002856.0 0 1805.326834921049 0 4.523789e-06
390521483.0 0 1805.2026109910491 0 1.8936378e-05
407416720.0 0 1805.2238762630568 0 1.1323236e-05
431960980.0 1 1796.5783939886092 1 1.0
321720499.0 1 1796.887600766284 1 1.0
346787412.0 1 1797.3702547125827 1 1.0
256482129.0 1 1799.0355193511327 1 1.0
241024734.0 0 1812.3899751211118 0 5.1027404e-05
396267528.0 0 1797.8474384751628 0 0.00019806405
403832971.0 1 1810.1812115790133 1 1.0
264918797.0 0 1812.3486784602446 0 1.1600526e-09
245701169.0 1 1805.5152802863413 1 1.0
233527009.0 0 1797.9691133526132 0 2.9713847e-06
259130225.0 1 1794.9490967432173 1 1.0
270015117.0 0 1796.9095936576848 0 3.4469404e-06
34821228.0 1 1798.0373031952952 1 1.0
452995303.0 1 1795.0146504101767 1 0.99999815
400336887.0 1 1796.9514868664533 1 1.0
436883430.0 1 1796.4747905612962 1 1.0
54204641.0 1 1794.4730150248067 1 1.0
178143596.0 1 1806.0370043695727 1 0.9999994
250473966.0 0 1808.8695396572718 0 3.8812673e-06
249898079.0 0 1796.8281217371855 0 0.00016202033
245707562.0 0 1805.2029190715734 0 2.3382107e-08
441807965.0 0 1805.1988117228434 0 7.35779e-08
284971496.0 0 1805.217950977784 0 5.7268084e-09
256347735.0 0 1805.2416799031575 0 9.538169e-13
284535029.0 0 1812.7016102886041 0 0.00018937133
252103748.0 0 1809.285470384023 0 0.00017339924
367241683.0 1 1798.7214437660605 1 1.0
436860179.0 0 1809.016302914273 0 0.0009996941
354798248.0 1 1793.9321480755395 1 0.99999
378589986.0 1 1805.7428333544815 1 1.0
418134290.0 0 1805.2222836044218 0 3.4402703e-06
229944109.0 0 1812.3441908902778 0 4.1499393e-07
229788338.0 1 1798.2612857133051 1 1.0
285384380.0 1 1796.7870677780345 1 1.0
12550101.0 1 1796.5771773647668 1 1.0
219109953.0 1 1798.5319088423794 1 1.0
219779428.0 0 1808.8438042408002 0 4.2039115e-05
94455316.0 0 1793.1410072931294 0 0.00014055998
307115630.0 0 1805.514835695504 0 7.0326704e-09
250866967.0 1 1805.8488754997572 1 0.99999994
385444288.0 0 1796.8048912726817 0 0.004071899
49942082.0 1 1798.2857373472461 1 1.0
286482458.0 1 1798.3897461438928 1 1.0
441797422.0 1 1805.9278410797492 1 1.0
359134285.0 1 1810.2430946271631 1 1.0
250475148.0 0 1808.869500384763 0 1.8564186e-10
403626895.0 0 1812.3484266492453 0 1.6226422e-05
229800570.0 0 1808.8653270850516 0 1.6833711e-10
268850495.0 0 1812.7841669707782 0 0.00050698133
354013125.0 1 1794.4733567421417 1 1.0
441802006.0 1 1794.6154643914558 1 1.0
402953332.0 1 1811.0335679454286 1 1.0
94335288.0 0 1809.1204809546555 0 0.00022809484
279565723.0 0 1808.8675056792088 0 2.0853561e-07
326210045.0 1 1805.6571997675262 1 0.9999999
407118556.0 1 1798.3679482324594 1 1.0
438262949.0 0 1808.9330959971892 0 1.3604982e-05
219772326.0 0 1797.9685021853873 0 8.57015e-07
256108894.0 0 1805.5561815364863 0 1.08719776e-10
245399809.0 0 1793.3275221369374 0 8.325268e-05
351686387.0 1 1794.95164791033 1 1.0
376997143.0 0 1805.1980805316202 0 8.039903e-08
332984339.0 1 1794.1190358907202 1 1.0
28778281.0 1 1798.4741588034028 1 0.9999849
5639198.0 0 1808.9118724808854 0 0.0008597976
368452048.0 1 1798.5557264395134 1 1.0
238721667.0 1 1811.494709793601 1 1.0
219900578.0 0 1808.844395754463 0 2.8396885e-06
270137767.0 0 1808.8677692212486 0 0.00013473199
316552547.0 1 1799.8045918626929 1 1.0
138122553.0 0 1809.1204556295888 0 9.458719e-05
327508381.0 1 1799.6407344430888 1 1.0
192471870.0 1 1794.057452704866 1 0.99999887
265010455.0 0 1805.202702063244 0 6.420789e-05
284714811.0 0 1809.3893204002886 0 1.0584362e-05
94671657.0 0 1812.891441747161 0 7.130585e-05
34753451.0 0 1796.6414736549564 0 0.00089673215
315520526.0 1 1797.1191853211772 1 1.0
307276485.0 0 1805.2441529852624 0 1.63139e-06
84161760.0 1 1806.3683624355617 1 0.9999993
301480359.0 1 1796.2238687657975 1 1.0
356978759.0 1 1799.260307497522 1 1.0
229512467.0 0 1805.198872038654 0 7.509495e-08
445378752.0 1 1810.7021561286049 1 1.0
288314361.0 0 1794.1992594305643 0 4.8553524e-08
373701453.0 1 1795.493633957156 1 0.999897
327703444.0 1 1797.1199402151442 1 0.99958754
21018135.0 1 1799.2182480714898 1 1.0
139464423.0 1 1793.6202690517223 1 0.99999255
444445708.0 1 1810.2850223952385 1 1.0
352408429.0 0 1793.324782064193 0 0.00033256083
320493641.0 1 1811.389309944997 1 1.0
279285973.0 1 1798.4724757391562 1 1.0
250455085.0 0 1805.2237708718865 0 0.0028965855
65165362.0 0 1812.453444140659 0 0.0010322757
395769456.0 1 1805.3889580197429 1 0.9889819
302313993.0 1 1800.328212600081 1 1.0
395944886.0 0 1800.3053800860284 0 1.3521866e-06
238771755.0 1 1793.682435091067 1 1.0
229401156.0 0 1812.3443133551957 0 7.762967e-14
332568616.0 0 1812.7022468397724 0 3.8399747e-13
65351247.0 0 1808.9117450509934 0 0.0006468777
321682751.0 0 1805.2416649100778 0 6.3226495e-09
408703881.0 0 1800.3049032223294 0 1.1452987e-06
370212062.0 1 1800.0775084073662 1 0.9999959
420850745.0 0 1796.6394826193546 0 0.0009874979
390040549.0 1 1799.3688162773049 1 0.99993396
184588451.0 0 1800.140994416189 0 1.5197751e-05
26432739.0 1 1796.6204041757853 1 1.0
240897927.0 1 1798.015153412634 1 1.0
252116309.0 1 1810.2854761481208 1 0.99566734
285280982.0 0 1809.2035132714122 0 3.5527915e-05
264612637.0 1 1798.2443212007531 1 1.0
240993834.0 0 1805.2027006586402 0 5.627033e-05
85486829.0 0 1809.1830032338057 0 0.0008708406
250709705.0 0 1796.640541061268 0 9.659175e-05
367003633.0 1 1798.7004989639197 1 1.0
406845242.0 0 1812.3679666295445 0 5.010553e-10
417699430.0 0 1808.866061217476 0 1.4495923e-08
417607351.0 0 1796.8250198295693 0 8.814456e-06
444413797.0 0 1793.139287942388 0 4.1105907e-11
326257345.0 1 1797.470063884671 1 1.0
301259781.0 1 1799.8697504831473 1 1.0
203035428.0 1 1810.578290100334 1 0.9999999
376964669.0 1 1798.1591026354122 1 0.9999976
353083186.0 0 1808.8473867734008 0 9.050958e-09
251817717.0 1 1805.7446332260938 1 1.0
345915530.0 1 1796.8482967664113 1 0.99999976
250454268.0 0 1796.76544745723 0 4.1690342e-05
237014073.0 1 1796.886989509427 1 1.0
285578995.0 1 1794.0769312093873 1 1.0
250923701.0 1 1799.8279573547634 1 1.0
374211362.0 0 1808.9313526862238 0 1.0048553e-05
302476679.0 0 1805.2446823749403 0 4.8236274e-07
375985267.0 1 1798.0339051061278 1 1.0
373626245.0 1 1798.181379904086 1 1.0
26435247.0 0 1809.1205593751336 0 5.5874745e-05
397803860.0 1 1810.3889869468615 1 1.0
445303963.0 0 1809.2021190359073 0 2.6079408e-05
240764205.0 0 1809.2021210348034 0 4.380124e-05
385048098.0 0 1805.2035590981038 0 0.00010338882
289581773.0 0 1812.4896424175952 0 0.00012707332
358909502.0 0 1805.200851038343 0 9.188843e-06
389962223.0 0 1808.843544533326 0 6.778553e-10
63466196.0 0 1812.6824371758412 0 8.0435784e-05
291959014.0 0 1793.140751902683 0 6.1461836e-09
377201663.0 1 1805.658999163114 1 1.0
403744320.0 1 1811.390438926593 1 0.999999
233719821.0 1 1796.7190287875187 1 0.99998724
116218714.0 1 1794.557331518086 1 1.0
366635780.0 1 1795.7212105676017 1 0.9999997
352406822.0 0 1805.241375977585 0 1.5881491e-13
417749569.0 1 1795.430161659577 1 1.0
353002246.0 1 1796.6599602427675 1 1.0
367862410.0 1 1799.28429920648 1 1.0
378585324.0 1 1795.4303790061356 1 1.0
378366908.0 0 1805.2014628042434 0 5.2220225e-06
13456596.0 0 1808.9105576043685 0 2.5554646e-05
407462577.0 1 1795.492816743814 1 1.0
184587091.0 0 1805.4951268719697 0 0.00037640962
395586623.0 0 1812.34732838522 0 9.2390974e-07
285936441.0 1 1810.2866676436493 1 0.9999997
270005883.0 0 1809.3704121541225 0 0.00032724967
445293991.0 0 1805.681205693859 0 4.0153555e-10
368508592.0 1 1799.2846886437321 1 1.0
445259470.0 1 1798.4938829526786 1 1.0
379528619.0 1 1798.222537581978 1 0.99430084
256695842.0 0 1808.9105945914107 0 5.5720955e-07
419745366.0 1 1798.847627614406 1 1.0
83425443.0 0 1805.2431395869576 0 1.1728009e-06
256642325.0 1 1810.7626392711657 1 1.0
373394521.0 0 1808.8885210089086 0 1.8859193e-06
52426624.0 0 1812.7019355847253 0 2.3496943e-07
259107632.0 1 1798.2030004738456 1 1.0
289355048.0 1 1796.6597668034126 1 1.0
104317112.0 0 1796.8905753515517 0 0.00018809222
396355329.0 0 1809.1599614556721 0 9.312332e-06
104059935.0 0 1805.2031833416 0 7.1094945e-08
279378661.0 1 1798.6177924745634 1 1.0
34691690.0 0 1812.3913356817177 0 0.0004857051
292324789.0 1 1796.2448387439347 1 1.0
372356717.0 1 1810.1404283409354 1 1.0
250776044.0 0 1812.348721760793 0 4.489844e-05
268842033.0 0 1812.36749037713 0 4.160994e-16
94279774.0 1 1796.3078128140978 1 1.0
279606294.0 1 1796.5549821761479 1 1.0
435167321.0 0 1812.367430483355 0 5.3655043e-07
258801567.0 0 1812.3445427980457 0 1.3915759e-11
250560326.0 1 1798.9738586198625 1 1.0
377165286.0 0 1812.3646585731121 0 9.633877e-07
370059938.0 0 1812.7022791800925 0 0.000113000104
137991091.0 1 1793.4537804696588 1 1.0
63559370.0 1 1793.2662316137614 1 0.9999999
283133292.0 1 1806.0765886089428 1 0.9999462
395652803.0 1 1795.5971935520847 1 1.0
71853056.0 0 1809.0359342334239 0 4.5806757e-07
390521861.0 1 1794.6816211196012 1 1.0
381733616.0 0 1809.078531822213 0 0.0010304861
292725056.0 0 1812.3697612553146 0 8.37707e-07
229910664.0 1 1798.0110751971406 1 1.0
283244040.0 0 1805.6184374058014 0 0.00013884582
77420789.0 1 1797.0371270492535 1 1.0
327010874.0 1 1793.390592197561 1 1.0
333801983.0 1 1794.92894657737 1 1.0
199572965.0 0 1812.364476913887 0 1.4233988e-09
229491564.0 0 1805.2197563007 0 3.6311934e-13
445189935.0 1 1799.5564880915745 1 1.0
407163612.0 1 1810.243100820511 1 1.0
422533925.0 0 1796.6397275281247 0 0.13139164
407381866.0 1 1810.8487325096617 1 1.0
286240747.0 0 1812.4952294657296 0 0.00049639214
436848926.0 0 1796.6414343713811 0 0.001026971
26619955.0 1 1793.516140532302 1 1.0
251298307.0 1 1797.640209354701 1 1.0
353604021.0 0 1805.2852860546823 0 1.2387437e-08
85489202.0 1 1796.2038129997393 1 1.0
424438254.0 1 1797.3234505017508 1 1.0
237079307.0 1 1795.7411805386291 1 0.99999976
347769273.0 1 1810.4942799758853 1 1.0
305099994.0 1 1810.3452991807937 1 1.0
390019727.0 0 1797.9685795762505 0 2.7398073e-10
236966496.0 0 1793.4077620421112 0 3.3280624e-12
283841421.0 0 1805.5559844997483 0 2.6027084e-07
198457602.0 0 1805.1972090606846 0 2.0648515e-06
377027389.0 1 1794.6591431338784 1 0.99999976
373695206.0 0 1808.9521113125384 0 0.00034069427
381687627.0 1 1810.224355250804 1 1.0
405623715.0 1 1794.994808795923 1 1.0
251653385.0 0 1800.39007951186 0 3.098501e-07
445490752.0 1 1795.9735989330595 1 1.0
230021635.0 1 1798.8029812133095 1 0.99999964
165550566.0 1 1810.760075233669 1 1.0
184734764.0 0 1812.7657641796977 0 2.1233653e-05
445350626.0 1 1793.4107332899432 1 1.0
73637730.0 0 1796.6412716033176 0 0.00017335099
381687387.0 0 1800.1410887668856 0 3.1134624e-07
68092901.0 0 1812.5159934454605 0 0.00074208307
422562711.0 0 1796.909224899627 0 5.822081e-11
117615813.0 0 1805.2240703965806 0 1.2066358e-06
198457602.0 0 1808.8430297757757 0 0.000369894
368892341.0 1 1797.034769068425 1 1.0
327508064.0 0 1796.6407759941462 0 0.0011046554
322338839.0 1 1796.8276609504123 1 1.0
418698185.0 1 1810.4305664269034 1 1.0
299436180.0 0 1812.3486128836364 0 4.46456e-10
428955419.0 1 1799.4297226842427 1 1.0
366070209.0 1 1797.9093978554224 1 1.0
219877284.0 1 1796.510730884753 1 1.0
385104615.0 0 1808.95335713778 0 0.0008715035
381685255.0 0 1809.2032184070579 0 5.1439283e-12
264404726.0 0 1808.8668690977677 0 0.00016105932
259097836.0 1 1796.8448115991137 1 1.0
359556000.0 1 1798.7603812970017 1 1.0
202838286.0 1 1797.8284451787194 1 1.0
416043293.0 1 1810.4115077677272 1 0.99999994
312555694.0 1 1795.2856294362327 1 1.0
116849668.0 0 1808.8907841480282 0 0.0001482063
353782215.0 0 1794.4061598299995 0 9.849294e-14
77173994.0 0 1809.1411408772915 0 0.0002006224
400819374.0 1 1796.202106459433 1 1.0
357819964.0 1 1797.7851700263625 1 0.9999992
250767169.0 1 1798.1404558318832 1 0.9999999
331325154.0 1 1797.3480507935928 1 1.0
54202529.0 0 1812.7020568415367 0 1.7025657e-05
251230924.0 1 1811.369401180203 1 1.0
444487133.0 1 1799.1184463197537 1 1.0
291886727.0 1 1797.807387247531 1 1.0
256206548.0 1 1797.7642990183854 1 1.0
269597733.0 0 1793.4076845046625 0 1.801961e-10
50348977.0 1 1795.1398206839226 1 0.99999994
259003334.0 0 1812.344701100585 0 4.9125315e-11
316330990.0 0 1793.3899824612936 0 8.840259e-05
392571731.0 0 1805.1980167689153 0 1.1018318e-10
288242861.0 1 1798.3035200117943 1 1.0
374395706.0 1 1810.3064864944165 1 0.99923414
418175781.0 1 1805.9931471203297 1 1.0
63505904.0 1 1805.786917490044 1 1.0
376835878.0 0 1805.2215010479536 0 3.54104e-06
408196356.0 1 1797.5370501912935 1 0.99999547
94608286.0 0 1805.5163814574908 0 0.00072103285
186743440.0 1 1794.7244547728803 1 1.0
455954904.0 1 1796.3258772787574 1 1.0
287151566.0 1 1798.1560085347576 1 1.0
259001008.0 1 1799.2822920694414 1 0.9999997
420654334.0 0 1808.846839491135 0 9.576667e-06
201244584.0 1 1793.5367140974524 1 1.0
367429972.0 1 1798.929714219647 1 1.0
191726462.0 0 1796.6405097652214 0 2.5061508e-06
279270131.0 0 1809.1600038718964 0 2.2160026e-05
302074041.0 0 1812.3697902172169 0 2.0097649e-10
224605215.0 0 1805.197272641757 0 9.39863e-08
229794951.0 1 1795.6154044047162 1 1.0
67635275.0 0 1812.4534602210672 0 0.0001551221
229744228.0 0 1808.886015778098 0 1.8295617e-07
77423868.0 0 1812.432834163189 0 0.00086123374
396615115.0 1 1794.9117619635988 1 1.0
201382737.0 1 1805.9120902371994 1 0.9999999
427551335.0 1 1805.3258473744531 1 0.99999994
139377072.0 0 1809.2034824715838 0 0.0010627396
236968622.0 0 1812.3658009859112 0 3.6783188e-06
229585958.0 0 1805.198912037609 0 3.920921e-09
264078912.0 1 1796.4498851708568 1 1.0
348308612.0 1 1797.0778174196696 1 1.0
308712908.0 1 1810.5359101465876 1 1.0
362221920.0 0 1812.5120137529823 0 1.1419797e-14
436846978.0 0 1808.9537999329702 0 0.000109501794
116409684.0 1 1795.84874902462 1 1.0
177805493.0 1 1793.4743274628838 1 1.0
194813094.0 1 1795.1201659064352 1 0.99999857
241005693.0 1 1799.473567133645 1 1.0
272538760.0 0 1812.3678749524954 0 1.6540633e-05
354844793.0 0 1805.2645081124983 0 3.8909485e-07
385041366.0 1 1796.89070355442 1 1.0
326860407.0 0 1805.2029147086073 0 2.970233e-05
241132335.0 0 1812.369508536913 0 1.5172601e-08
85400410.0 0 1796.6413593283216 0 7.395521e-06
177825946.0 0 1805.224495875515 0 1.5065482e-05
240823702.0 1 1799.265105630748 1 1.0
351364107.0 0 1800.409776360906 0 9.249525e-06
272538760.0 1 1794.8890914763583 1 1.0
250803739.0 0 1812.348638644903 0 2.4816401e-05
387955876.0 1 1810.7623236868085 1 0.9999931
308369594.0 1 1798.3696270676273 1 1.0
311939866.0 0 1805.5562084830156 0 2.0239645e-13
371470493.0 0 1812.3496413945131 0 0.0010240234
230075794.0 0 1808.8438033461057 0 0.0001324993
351545508.0 1 1797.1599752444595 1 0.9999998
240912683.0 1 1806.3691433917932 1 0.99999994
388440365.0 0 1805.2005594847049 0 1.3864418e-06
322055307.0 0 1805.241747584455 0 1.7716994e-08
265198364.0 1 1794.4942971349778 1 1.0
13842660.0 1 1795.3063555325757 1 1.0
115918132.0 0 1812.348894680216 0 1.0388752e-09
229444113.0 1 1794.4073382159418 1 1.0
232621338.0 0 1797.9684276422163 0 0.0008356789
372199588.0 1 1805.681819990075 1 1.0
388635005.0 0 1808.8466634690922 0 0.0007324286
101304091.0 1 1797.7037973776403 1 0.9999928
399858557.0 1 1797.6174715719078 1 1.0
275460266.0 1 1797.3266784348875 1 1.0
271760298.0 0 1808.8470551823618 0 1.6618094e-06
233238631.0 0 1808.9276723353269 0 0.00036805187
372060884.0 1 1795.6795508327893 1 1.0
403401901.0 1 1810.8066467480696 1 1.0
428516141.0 1 1794.8280128197746 1 0.99999785
35023339.0 1 1797.4956121338803 1 0.9999998
348223782.0 1 1810.6191587191963 1 1.0
352113276.0 0 1812.347212015307 0 0.0004776339
235937156.0 0 1812.36643757217 0 7.646122e-06
255924170.0 1 1805.366176285802 1 1.0
359247721.0 0 1805.5557778570305 0 2.6967426e-05
198187013.0 0 1808.8433435633735 0 0.0012491876
433079908.0 1 1795.3077103618923 1 1.0
229703476.0 0 1808.9692932892328 0 5.5054062e-11
312344648.0 1 1810.1604140077643 1 1.0
332152659.0 1 1794.244119832468 1 1.0
94365784.0 1 1796.182887406639 1 0.99999994
187029874.0 0 1805.5159800298281 0 8.522418e-06
292850091.0 0 1796.6409067498603 0 7.1364004e-05
256476907.0 0 1809.2226297480358 0 2.0387533e-05
426141801.0 0 1812.3468340267561 0 3.1370806e-09
302159302.0 0 1812.348989727838 0 5.455019e-06
331711087.0 0 1796.63995098688 0 0.00015334846
63584575.0 0 1805.5160156664942 0 3.869655e-05
359679715.0 1 1805.3435973981848 1 0.9986915
368603344.0 1 1796.6182368801842 1 0.99999106
83149066.0 1 1805.8056305622974 1 1.0
288854677.0 0 1812.6394226850434 0 6.63119e-07
118295878.0 0 1808.911947130433 0 0.00018235965
116761333.0 0 1808.84894524349 0 1.9782826e-07
54051137.0 1 1799.5769530518571 1 1.0
104196403.0 0 1812.3491879305843 0 0.00016961021
298315900.0 1 1800.4093858864455 1 1.0
331727723.0 0 1805.2011533348696 0 4.797496e-07
354470651.0 1 1810.9944229987307 1 1.0
5724371.0 1 1795.3705521001352 1 0.9999959
251170140.0 1 1806.390324887531 1 1.0
178138752.0 0 1793.1410026655678 0 0.0007237424
321443552.0 0 1812.3872809562383 0 1.0826038e-14
418034300.0 1 1810.9951829148304 1 1.0
329350530.0 0 1808.9680074600851 0 4.07341e-14
347427410.0 1 1798.6825889092156 1 0.9999999
245720110.0 0 1805.202691994994 0 0.00066958717
245621333.0 1 1806.1193105147677 1 1.0
77632054.0 0 1793.1413548788216 0 0.00045585507
316464758.0 1 1810.824891269809 1 0.9999998
83723784.0 0 1812.347262661577 0 6.535288e-11
241121187.0 1 1794.4529824161068 1 1.0
400435225.0 0 1812.6814276675289 0 2.7095646e-06
357097766.0 0 1812.3849070968251 0 1.8578901e-12
139408806.0 1 1798.3495161798478 1 1.0
286410310.0 1 1797.2231597931218 1 1.0
410743006.0 1 1793.807194040802 1 1.0
82556366.0 0 1805.2648689753573 0 2.9127044e-08
301910192.0 1 1797.2240450982406 1 1.0
21023589.0 1 1798.3080759355305 1 1.0
420303412.0 1 1794.5332495028565 1 0.9999994
453223094.0 0 1812.6814674184457 0 2.5117088e-05
165499818.0 0 1812.3429709989082 0 4.888169e-05
256479484.0 0 1808.9730171054252 0 5.676589e-16
251619693.0 0 1805.2029229616307 0 2.4970848e-07
229437475.0 0 1793.4072223877902 0 7.142529e-07
336294668.0 0 1808.84618953797 0 3.486082e-06
90770012.0 1 1806.4121729197273 1 1.0
117658865.0 1 1798.3488677432676 1 1.0
431769742.0 0 1805.224241308703 0 5.86268e-07
13702883.0 0 1805.2647951120746 0 1.2448866e-10
445322851.0 0 1812.7019028448321 0 2.971048e-19
302393832.0 1 1799.1613997953746 1 1.0
399018929.0 1 1799.1816889568038 1 1.0
375605159.0 0 1800.3255481741262 0 3.694568e-07
94725941.0 0 1805.5372237238914 0 0.0012245902
68038052.0 0 1808.8910262545442 0 1.6618454e-08
399207947.0 1 1795.22300247188 1 0.9991104
410811678.0 1 1794.1611870608872 1 1.0
252099924.0 1 1795.68140472381 1 1.0
422563048.0 0 1805.2216815999927 0 1.2071918e-06
291958823.0 0 1805.2240081661253 0 7.185445e-11
275857387.0 1 1810.951989541547 1 1.0
235953370.0 0 1793.137152250197 0 5.2838643e-11
436848526.0 1 1794.0997847167848 1 1.0
129907117.0 1 1798.391147533476 1 1.0
233535135.0 0 1808.9898522000367 0 9.56448e-08
285506890.0 1 1794.3695629550107 1 1.0
265470867.0 1 1794.410934841626 1 0.99999994
265091431.0 0 1808.848611694192 0 2.5455151e-06
321681351.0 1 1795.3251142110055 1 1.0
368023334.0 1 1805.784435227802 1 1.0
198537044.0 1 1798.1974512716197 1 1.0
286318509.0 1 1794.9537205177141 1 1.0
245374473.0 0 1805.2029097260076 0 5.106304e-07
395584718.0 0 1812.3682500911639 0 2.853874e-19
12417513.0 1 1797.5357175963327 1 1.0
370073677.0 0 1809.2023877669544 0 3.646145e-08
387829719.0 0 1812.3454354120481 0 3.4379984e-05
428517150.0 0 1805.2241061590455 0 1.4510285e-05
395525198.0 0 1812.367910040383 0 1.30644885e-05
280414812.0 1 1794.6393919167517 1 1.0
137908045.0 1 1794.7245337397687 1 0.99999964
406535523.0 1 1797.6582507182982 1 1.0
453305405.0 0 1809.202375357984 0 3.7423214e-11
381808575.0 1 1810.9118596848284 1 0.99999976
288508794.0 1 1796.4700705951554 1 0.99999946
396566592.0 1 1796.576548327125 1 1.0
357669546.0 1 1811.035663988293 1 0.99984497
428204663.0 0 1793.3905445507564 0 9.859067e-06
116985098.0 1 1794.9321724838924 1 1.0
285046835.0 0 1805.6601445408342 0 4.2486065e-10
301566719.0 1 1799.9113153595447 1 1.0
353897321.0 1 1797.4894046526804 1 1.0
353989515.0 0 1805.197505185165 0 1.6612535e-07
53803650.0 1 1793.5770325268381 1 1.0
419246815.0 0 1793.2435729814822 0 3.915572e-08
422708676.0 0 1808.8677356586843 0 1.1810956e-06
251331850.0 0 1805.2028643910471 0 7.0819254e-07
308615088.0 1 1793.5153372361783 1 1.0
116057769.0 0 1793.3279104483843 0 2.4101474e-12
427585756.0 1 1795.888312075247 1 1.0
357827739.0 0 1794.3477619012876 0 0.007212939
117326282.0 0 1793.1405811914487 0 0.00015211468
241046345.0 1 1794.7445404672599 1 1.0
50941668.0 0 1808.910827262892 0 4.508117e-05
412113665.0 1 1795.3462805978645 1 0.99999785
292001899.0 0 1812.557207619997 0 0.0010086419
327124311.0 1 1797.2852871340317 1 1.0
444463996.0 0 1805.2224573111216 0 2.7416688e-06
327249607.0 1 1795.7644365501214 1 0.9999999
245503288.0 0 1796.827786811635 0 1.6706286e-09
192528136.0 1 1796.4950671617692 1 1.0
317596624.0 1 1798.0548752066707 1 1.0
219846355.0 0 1793.177327385378 0 1.6000107e-05
256112843.0 1 1798.1395013021465 1 1.0
177763189.0 0 1805.2661986767496 0 7.3354044e-05
381652131.0 1 1798.5159106375552 1 0.9999998
256601288.0 1 1797.0981603538542 1 0.9999998
323189838.0 1 1810.345936026369 1 1.0
186984424.0 1 1795.1202021514262 1 1.0
26619266.0 1 1795.8078970302124 1 1.0
139505001.0 1 1795.7243402710365 1 1.0
53799079.0 1 1798.5979652188457 1 1.0
390804313.0 1 1797.764632550481 1 1.0
240933714.0 1 1811.4524639951032 1 1.0
235941004.0 1 1799.9079525498405 1 1.0
366197595.0 0 1796.70183676699 0 1.8035857e-08
49721563.0 0 1808.9108116215007 0 3.205974e-05
202867375.0 0 1809.1407751845825 0 0.00018688908
385197850.0 1 1793.4948894200156 1 1.0
285938556.0 1 1797.8281495606009 1 1.0
285280909.0 0 1805.349429002677 0 0.00039531794
81381397.0 1 1796.1189850809192 1 0.9999985
329249778.0 1 1810.1765004202234 1 1.0
72080973.0 1 1810.3690746457291 1 1.0
90569440.0 1 1795.8911920168086 1 1.0
256615590.0 0 1808.8657265560266 0 1.4246634e-06
235938997.0 0 1805.199669552465 0 5.4256516e-10
233518095.0 1 1806.363755949448 1 0.99999976
285685590.0 1 1798.5772345372773 1 1.0
285686830.0 0 1812.4105914973763 0 9.00323e-09
320272215.0 0 1805.5353400885315 0 0.00078390335
265344857.0 1 1797.7425505177478 1 1.0
441806671.0 1 1797.6365696960497 1 1.0
362217321.0 1 1810.2806744497802 1 1.0
272823545.0 0 1808.8679592195617 0 0.00033408523
264028468.0 1 1798.6373490851179 1 0.99999994
396446258.0 0 1808.8890151164996 0 0.00011390299
372390508.0 1 1794.5337838371622 1 1.0
284539228.0 1 1797.5767063306653 1 1.0
302471073.0 1 1794.161441862839 1 1.0
186943162.0 0 1812.6200254631763 0 0.00018065167
445302812.0 0 1805.5563494419446 0 8.728011e-09
275856923.0 0 1805.2852825012753 0 2.545385e-05
22815944.0 1 1796.0789559333166 1 0.99999964
352928514.0 0 1796.8057800705233 0 8.039489e-08
322209219.0 0 1808.8875708935786 0 4.0304494e-07
352279989.0 1 1798.3891181282427 1 1.0
441797142.0 0 1808.8445634017924 0 5.34055e-05
272426187.0 0 1796.9097892485258 0 0.00040399886
428472783.0 0 1805.6809658483498 0 1.6851589e-05
219821367.0 0 1805.2811777243037 0 8.298614e-08
359586929.0 1 1796.9062162429875 1 1.0
428299068.0 1 1794.7863817952118 1 1.0
332048480.0 0 1805.5356267039633 0 1.6399953e-12
250802701.0 1 1806.1612358903255 1 1.0
284044554.0 1 1805.951664813178 1 0.99999803
270011530.0 0 1793.4095853416798 0 2.2306219e-15
184564285.0 1 1794.8076146480905 1 1.0
251812214.0 1 1796.3277832955846 1 1.0
436844413.0 0 1793.1414374619415 0 0.00016564819
319918612.0 1 1799.202090506255 1 1.0
116011953.0 1 1811.2448963972697 1 1.0
250767874.0 0 1812.3695006367977 0 2.9131029e-09
178076631.0 1 1793.3911371339575 1 1.0
444113356.0 0 1805.2027127600725 0 0.00019214836
94668322.0 1 1810.912191227423 1 1.0
77353547.0 0 1800.1413633513728 0 1.2933996e-31
354472298.0 0 1805.2237417616961 0 4.9108057e-06
444116234.0 0 1808.8484749921593 0 3.5654136e-08
184680608.0 1 1796.4534226242477 1 0.9999999
274805576.0 0 1796.8053231766437 0 1.1993058e-09
65495624.0 0 1796.640773274689 0 0.0009606568
264332168.0 1 1810.220988393079 1 1.0
371423396.0 1 1793.9123313168457 1 1.0
117521729.0 1 1796.348878478288 1 1.0
53864341.0 1 1794.7644289694676 1 1.0
270127418.0 0 1808.8469240884438 0 0.00037190414
117028747.0 1 1796.7239273716589 1 1.0
13258369.0 1 1794.8687620409034 1 0.99985945
63505893.0 1 1794.1829496343794 1 0.9999989
407460551.0 1 1796.451061361938 1 1.0
50450585.0 0 1805.306440218762 0 5.2952437e-05
272330700.0 0 1808.8678939953104 0 6.078783e-07
327136798.0 1 1805.6822176567503 1 1.0
229948350.0 0 1805.2194442005073 0 5.0031372e-12
403521340.0 0 1808.869240209929 0 1.0978724e-05
301739819.0 1 1810.2656216831047 1 1.0
94610224.0 1 1810.8705780346143 1 1.0
390021469.0 0 1805.2185392032425 0 1.2922632e-08
376366791.0 1 1811.3046419580246 1 1.0
354382905.0 0 1808.8465599223207 0 5.253662e-06
370766649.0 1 1794.2234953294123 1 1.0
256642304.0 0 1812.3876088847421 0 2.0431068e-08
444720882.0 0 1805.306163382561 0 2.6931136e-07
286118364.0 0 1805.2648518423207 0 6.2649114e-08
390579628.0 0 1812.4314349111842 0 0.0003460914
279715687.0 0 1805.2858435883097 0 3.8666526e-06
368603344.0 0 1805.2015629817686 0 2.6835995e-05
280414997.0 0 1805.2854421834045 0 1.978695e-05
50192248.0 1 1797.0981996019661 1 1.0
347500892.0 1 1794.0158034795782 1 0.9999647
94369870.0 1 1805.8704589582558 1 1.0
233501129.0 1 1796.4486864242697 1 1.0
372335737.0 1 1794.4505190302789 1 0.9999987
250834403.0 0 1808.8696013040724 0 1.7479922e-06
356310937.0 1 1810.3637473629267 1 0.99998015
372497842.0 1 1795.4102594053072 1 1.0
28760973.0 0 1809.0573339611017 0 0.00017245149
84160930.0 1 1810.222455164016 1 1.0
249886811.0 1 1799.7864137652412 1 1.0
356892980.0 1 1806.364351569875 1 1.0
289263382.0 0 1812.3890340575533 0 1.0157044e-09
229641835.0 1 1795.1783376660633 1 1.0
353171074.0 0 1794.3475137480477 0 0.0006628029
348305610.0 0 1812.3694229811063 0 8.3636646e-13
279355033.0 1 1810.472962381794 1 1.0
401084952.0 1 1798.202693458925 1 0.9999968
63404060.0 1 1798.3286048001014 1 1.0
232681328.0 0 1809.2396089645624 0 2.5106913e-06
327257774.0 0 1805.2237397241638 0 6.686378e-11
320504104.0 1 1805.968439214151 1 0.99999714
431965436.0 0 1805.2659458559426 0 0.0001973338
301570089.0 1 1796.3487458454633 1 1.0
245705581.0 0 1805.2028765372004 0 3.061147e-11
259234905.0 1 1795.407370750224 1 0.999997
252181839.0 1 1796.1815039268815 1 1.0
375648373.0 0 1812.3461696857253 0 2.4559704e-05
399200958.0 0 1812.6814184617313 0 0.00014027531
50850448.0 0 1805.26469833707 0 0.0021256064
177913636.0 0 1808.9119086641638 0 0.00038797106
139426979.0 1 1795.4744322158149 1 1.0
259297927.0 0 1805.2659359569989 0 6.401054e-05
258829991.0 0 1805.219686917742 0 7.129608e-15
333068970.0 0 1805.53576189593 0 0.0001523077
236971368.0 1 1799.2827173580336 1 1.0
65485425.0 0 1796.6407257574353 0 0.00026399235
229685749.0 0 1808.9263724311688 0 0.0010568989
387357975.0 0 1812.3869170460907 0 2.5288668e-10
259237610.0 0 1812.365709102912 0 3.4856898e-06
431955916.0 0 1808.911805774716 0 0.0007231633
377734862.0 1 1798.0761185371869 1 1.0
270725122.0 0 1808.8469212372304 0 1.9100873e-06
50942363.0 1 1795.9523747829257 1 0.99999976
10343822.0 1 1798.9522794875838 1 0.9999867
94542928.0 0 1796.6412132278178 0 0.00066892355
229598099.0 1 1799.0530598695136 1 1.0
233124721.0 1 1810.7395878697846 1 0.9999998
410622822.0 0 1805.203031525856 0 3.9489485e-05
366587892.0 1 1810.7836317436966 1 1.0
377978347.0 0 1812.3467860554324 0 3.63681e-08
138021514.0 0 1805.5788337919844 0 0.00014951044
322057079.0 1 1793.7210641503145 1 0.99999887
375715297.0 1 1799.4714087524324 1 1.0
422977211.0 0 1812.4324031071174 0 2.6987127e-06
352775725.0 0 1809.1598759552287 0 2.2959314e-07
387561871.0 0 1805.199656852757 0 8.162789e-06
117271063.0 0 1805.20308129718 0 1.38481555e-08
331508183.0 0 1809.1815044763528 0 1.3217869e-05
405666081.0 0 1796.640813002957 0 0.00077505154
432070155.0 0 1808.9118411119862 0 0.0001871432
232636428.0 1 1799.4896016789978 1 1.0
419751436.0 1 1799.7643275075584 1 1.0
270065787.0 0 1812.787043487543 0 0.00053439813
427591563.0 0 1812.367254083297 0 0.00013273528
441729288.0 0 1808.865418578022 0 3.553452e-07
422558821.0 1 1795.5758756370801 1 1.0
203088943.0 0 1809.3282333197224 0 0.00093945954
375913362.0 1 1796.1589884308953 1 1.0
372135581.0 1 1793.8462781141993 1 1.0
268516134.0 1 1797.9510721034644 1 1.0
444142359.0 0 1812.369466627044 0 7.851434e-06
229444113.0 0 1812.3445663197128 0 1.5782236e-06
354538713.0 1 1806.1196028644024 1 1.0
333112922.0 0 1805.3275362452505 0 0.000103562284
403827847.0 0 1797.8479961878716 0 4.693856e-09
229958869.0 0 1805.2401098272594 0 1.0329214e-14
299436219.0 0 1796.6405289802838 0 5.8595165e-06
321911339.0 1 1805.9500751504092 1 1.0
241023899.0 1 1799.1610532590717 1 1.0
445257457.0 1 1799.9729850496312 1 1.0
420112174.0 0 1808.845136981724 0 2.4564124e-09
389968212.0 0 1808.843432643785 0 1.0614838e-07
288408695.0 1 1796.5952940182272 1 1.0
245396933.0 0 1812.3485109900585 0 5.096165e-08
289139601.0 1 1799.2014929440654 1 1.0
194730782.0 0 1805.2662181582841 0 0.000549485
286240486.0 1 1806.245393806327 1 1.0
279498483.0 0 1805.2643303344391 0 8.400293e-09
229711339.0 0 1808.8447401436947 0 2.1303668e-15
251441472.0 1 1795.9941541702444 1 0.9999976
50937987.0 0 1808.9107540481875 0 0.00031635305
117802168.0 1 1797.390509828537 1 1.0
420288206.0 0 1809.3684367816502 0 1.1561571e-07
269911786.0 0 1808.9329612864212 0 0.00078935584
346121512.0 0 1808.848524848803 0 5.4848892e-06
327365295.0 1 1793.3061454669594 1 0.99999946
431778580.0 0 1808.9118641161567 0 0.00013722452
104028697.0 1 1805.7864514564271 1 1.0
118418150.0 0 1805.2870986656521 0 0.00011348798
332987130.0 1 1810.6396891004842 1 1.0
219806085.0 0 1812.3437579386075 0 0.00016539598
389962223.0 1 1800.0728416676932 1 1.0
192838962.0 1 1795.057564434556 1 0.99999887
427605489.0 0 1796.805736491358 0 1.623197e-08
137125232.0 1 1797.3055955531602 1 1.0
390804313.0 0 1808.9106085420788 0 3.4893849e-06
322267413.0 1 1810.2208923285361 1 1.0
353935927.0 1 1799.8018769978557 1 0.9999943
264612485.0 0 1796.8276405946472 0 0.0001786138
422385876.0 0 1793.3250448162485 0 7.17502e-08
383674728.0 0 1808.9688595683724 0 4.187767e-10
245395537.0 0 1793.3276188025332 0 6.074384e-05
192842270.0 1 1795.8074566661614 1 0.99999887
129870771.0 1 1795.786952607732 1 1.0
377065893.0 1 1797.4716323027774 1 0.99999374
321592850.0 1 1799.512560840794 1 1.0
351882649.0 0 1796.9099655718421 0 2.9364674e-08
323059832.0 0 1812.4083184798433 0 1.204595e-06
417767562.0 0 1796.805061968729 0 2.091276e-06
302394399.0 0 1808.8697710835536 0 1.0403783e-09
354250797.0 1 1800.1193919661043 1 1.0
284310633.0 1 1810.7433068848256 1 1.0
381656536.0 1 1794.2868132236172 1 0.9999949
251356078.0 1 1810.4320344046564 1 0.999998
230391000.0 1 1793.9276965500412 1 1.0
256695655.0 1 1797.0563272602622 1 1.0
394120946.0 1 1805.5950316995813 1 1.0
252133898.0 0 1809.410551420926 0 5.5404134e-14
353237896.0 1 1795.181046072829 1 0.9999999
81301757.0 0 1794.3478595543245 0 2.610315e-07
352349228.0 0 1812.3871698073392 0 0.00017275679
21018496.0 0 1797.9682533141154 0 3.596442e-05
334810832.0 0 1808.8669254821427 0 2.390475e-08
453234100.0 0 1808.8483423565103 0 1.8631338e-06
249856791.0 1 1799.0571954161064 1 1.0
354869862.0 0 1805.203071093097 0 7.228391e-07
279067445.0 0 1805.535033841993 0 3.6471025e-05
54202529.0 1 1793.4938890881913 1 1.0
292006341.0 1 1798.8073893860637 1 0.99999994
192558373.0 1 1797.8909870068246 1 0.99999976
444756920.0 0 1812.6605851732145 0 4.1740376e-09
21177643.0 0 1805.307975422139 0 0.0002117684
308442061.0 1 1810.285935399232 1 1.0
259941442.0 0 1812.348425005818 0 0.022970121
104206630.0 1 1799.4947654247865 1 1.0
250519273.0 1 1795.9321976617116 1 0.99999994
245398600.0 1 1793.7025572058255 1 1.0
370273679.0 0 1809.1606407230756 0 1.1351815e-06
424097378.0 1 1810.4953403356953 1 0.9999999
255828282.0 0 1812.5120415846536 0 6.523798e-06
385240776.0 1 1798.8908474007835 1 1.0
177972767.0 1 1795.3285584547775 1 1.0
327392518.0 0 1805.223778005268 0 6.358226e-05
428739935.0 0 1808.8467978819358 0 1.3586617e-10
427335936.0 0 1805.2216501212972 0 3.2284367e-13
259948028.0 1 1796.577645586502 1 1.0
232983794.0 1 1810.5525065561274 1 0.99999976
50194798.0 0 1808.9107419322368 0 4.9795246e-05
275465084.0 0 1805.2854408557653 0 3.0320307e-10
433143724.0 0 1793.1410991154949 0 0.0005230179
229510813.0 0 1812.3655258547578 0 1.3719405e-07
403118244.0 1 1798.2828558297138 1 1.0
81827615.0 0 1805.2026060180353 0 9.2636424e-07
279765124.0 1 1797.242662923007 1 1.0
233719572.0 1 1811.0313533861245 1 1.0
301991922.0 1 1794.1820229566558 1 1.0
428734994.0 1 1794.0553287287241 1 1.0
319599315.0 0 1805.5351495153504 0 4.4184274e-09
403581621.0 1 1798.535753834033 1 0.9999996
375072586.0 1 1797.6194096995985 1 1.0
237299382.0 1 1797.574614307331 1 0.9999976
441802173.0 1 1810.2823356605156 1 1.0
359592195.0 1 1805.722371024119 1 1.0
265472792.0 0 1805.2026870777377 0 9.508548e-05
82160623.0 1 1795.1189107526354 1 0.99999976
387286746.0 0 1805.2203526174744 0 0.0010649723
387329606.0 1 1805.7829404916392 1 1.0
368020837.0 0 1808.8676876323652 0 5.8129062e-05
241029211.0 1 1793.3487011186064 1 0.99997294
377292876.0 0 1805.1982880697099 0 9.3357016e-07
240968626.0 0 1812.494141585143 0 2.9870947e-05
387601052.0 1 1798.9081185884206 1 1.0
198555348.0 0 1808.8435503353794 0 0.0011159504
374925208.0 0 1794.3483399074819 0 1.5395573e-06
420538276.0 0 1809.0978687819309 0 0.00024800678
423946500.0 1 1800.116221426689 1 0.9999999
104314704.0 1 1797.5155217321205 1 1.0
279375962.0 1 1793.596004598364 1 1.0
50692559.0 1 1798.973146934475 1 1.0
320186525.0 0 1805.5352155465387 0 2.3432333e-08
372796235.0 0 1797.8479615733415 0 0.001468561
445421702.0 0 1812.702062267065 0 2.2242364e-05
125737097.0 1 1794.6203861874037 1 1.0
264293712.0 1 1810.6792722714722 1 1.0
275762183.0 0 1805.5142817851515 0 1.5494837e-07
67635471.0 1 1793.2659633761716 1 0.9999998
359542220.0 1 1793.8268505682054 1 1.0
291958823.0 1 1798.599083893401 1 0.99999994
240751928.0 1 1794.2441142652422 1 1.0
292937697.0 1 1794.1199286728956 1 0.9999819
283018595.0 0 1812.3471465059238 0 9.018097e-06
308712174.0 1 1798.5360609263394 1 1.0
240898427.0 1 1795.9943615429954 1 1.0
230027601.0 0 1805.1985541886147 0 4.8900578e-11
308715091.0 1 1793.3903521688298 1 1.0
444454334.0 0 1793.1393640511449 0 8.865123e-08
387628952.0 0 1805.5539304992076 0 1.0046462e-10
233503779.0 1 1795.9487897837816 1 0.99999976
305678104.0 1 1795.8665594343638 1 0.99999994
407431893.0 1 1795.849027682639 1 1.0
376978573.0 1 1798.3023499704232 1 0.99999994
349918057.0 0 1812.3451450846355 0 9.818688e-13
455894899.0 1 1798.7632687727926 1 0.9999947
285425945.0 1 1794.5571043901396 1 0.9999998
68157879.0 0 1793.141153803037 0 0.000402577
301173087.0 1 1794.9946661401443 1 1.0
230086115.0 0 1808.844039143736 0 2.4497202e-05
428322685.0 1 1798.702922222837 1 0.99999946
331792218.0 0 1805.2007765641226 0 3.072747e-05
83216201.0 0 1808.888891500023 0 0.0009460687
428749676.0 1 1806.2634962500265 1 1.0
400409117.0 0 1808.8655811588505 0 6.3457156e-12
407389216.0 0 1805.2220174629522 0 7.2959547e-06
417662736.0 1 1805.304857935765 1 0.9999999
430328310.0 0 1812.578088935548 0 0.0009605126
240899568.0 0 1805.2234122501256 0 5.348398e-09
302547240.0 0 1812.3682835066793 0 1.9322249e-08
34620499.0 1 1810.2455438500115 1 0.999998
427611698.0 1 1799.5142786117772 1 1.0
271239538.0 0 1805.2220488507642 0 4.3138752e-07
420108995.0 1 1810.3032631346305 1 1.0
332154083.0 1 1796.3690819496903 1 1.0
444524034.0 1 1798.7020736687023 1 1.0
189679333.0 1 1797.9116836648018 1 1.0
450144875.0 1 1799.0567787652558 1 1.0
445142001.0 0 1805.5562177326788 0 5.097661e-06
233724202.0 1 1811.1354245035932 1 1.0
219791737.0 1 1795.3647651271199 1 1.0
406598861.0 1 1806.1384882556401 1 1.0
83059902.0 1 1810.347336998736 1 1.0
251360274.0 1 1805.4319344523683 1 1.0
186990258.0 1 1810.9534032676045 1 1.0
308218238.0 0 1805.2442779709966 0 2.4093212e-11
321909827.0 1 1794.5126616402872 1 1.0
332367733.0 0 1800.6608226992657 0 1.3334819e-05
137124726.0 1 1798.8681495561225 1 1.0
186670567.0 1 1795.3286573493315 1 0.99999076
229713082.0 1 1797.7819534181635 1 1.0
186713109.0 0 1796.6411531346032 0 8.268932e-14
399449430.0 0 1812.4103379152095 0 5.8455185e-10
395409158.0 0 1796.8056159128114 0 6.702172e-11
251547304.0 0 1796.827870714765 0 5.2554657e-05
402371867.0 0 1805.4952237942337 0 1.1982775e-05
395942641.0 0 1805.2013975283548 0 9.008872e-11
359247721.0 1 1794.9726075863114 1 1.0
186601097.0 1 1793.286814840783 1 1.0
117114207.0 0 1808.9116384639647 0 0.00016826452
264300167.0 1 1805.844977470631 1 0.9999998
12733815.0 0 1805.2649312083413 0 1.6590258e-07
376193302.0 1 1810.6812680659705 1 1.0
264699419.0 1 1796.9500990848417 1 1.0
264915759.0 0 1805.2237650431532 0 2.4534128e-07
387632643.0 1 1800.24142653239 1 1.0
289137531.0 0 1812.3473098417094 0 8.588734e-08
116374908.0 0 1812.5782345297005 0 7.9949285e-12
301338074.0 1 1810.6404920209197 1 1.0
240910761.0 1 1793.8068981140989 1 0.9999939
186717969.0 1 1798.5577402601023 1 1.0
251465199.0 0 1808.8486711460619 0 0.0002180241
388076858.0 0 1805.4498824534237 0 2.780566e-17
316322598.0 1 1796.681827026355 1 1.0
390021758.0 1 1798.8020166540348 1 1.0
387506178.0 0 1812.3870389105973 0 9.954577e-12
378043919.0 1 1794.6180086174675 1 1.0
256102034.0 0 1796.6396050740539 0 7.955941e-12
428052096.0 1 1797.5781696429085 1 0.99999994
302088188.0 0 1808.9324673523272 0 0.00012396325
418222756.0 1 1799.658450204704 1 0.99998754
198408880.0 0 1812.3847748525136 0 4.728688e-08
332266624.0 0 1805.556503439985 0 3.7694244e-05
412353519.0 0 1805.22109938726 0 1.101001e-06
184691423.0 1 1797.3285657846857 1 1.0
229682917.0 1 1810.6766230268584 1 0.99984336
83218083.0 0 1793.4099077561118 0 1.7738937e-12
428170179.0 0 1805.2238666571736 0 6.5630536e-07
354786452.0 1 1794.6599153733366 1 0.9999999
376355921.0 0 1797.8474847628788 0 0.00045809863
352033634.0 1 1810.5766822567732 1 0.99999994
373126975.0 1 1794.7426340613565 1 0.9999998
20999728.0 0 1796.641378001115 0 0.00022719757
434533224.0 1 1797.617705208965 1 1.0
283018612.0 1 1811.388837092 1 0.99955523
403038542.0 0 1796.640800380657 0 0.0010199769
427473603.0 0 1808.8466043689941 0 3.2618073e-07
245583260.0 0 1796.8278241044966 0 0.00017279615
192320467.0 0 1812.4741263187598 0 0.0005113045
275465944.0 1 1796.972832053216 1 0.999995
52183436.0 1 1798.8061939273953 1 0.999989
367856665.0 1 1798.511580725861 1 1.0
249920086.0 0 1808.848848306032 0 3.6499134e-07
368516895.0 1 1805.2640735139407 1 0.9999993
308120144.0 0 1812.494101763862 0 9.542334e-06
250861644.0 0 1812.3488167823496 0 7.677403e-05
421684975.0 1 1793.9522129278491 1 0.99999994
270324877.0 0 1805.2219669157969 0 0.00016874187
403831420.0 1 1796.0145583417168 1 1.0
376295940.0 1 1796.034924086123 1 1.0
52945191.0 0 1793.1395671238931 0 8.675837e-05
13837118.0 0 1805.2649085594855 0 0.00014153264
455898357.0 0 1808.846420290228 0 2.3305183e-06
232624262.0 0 1805.3431496856283 0 2.9259775e-09
177762383.0 1 1797.724525286555 1 0.99999976
177824144.0 1 1805.3495716011475 1 1.0
279521778.0 0 1805.200890857783 0 8.5881743e-07
427842531.0 0 1800.409395509201 0 3.1526629e-10
403038960.0 1 1793.5991351811608 1 0.9828551
332568616.0 1 1795.3899777013662 1 1.0
52624378.0 1 1795.6185606588201 1 1.0
373061469.0 0 1808.8885018291421 0 2.1828306e-07
23051058.0 1 1794.8078634466174 1 1.0
249879393.0 0 1808.890543299989 0 2.225328e-06
450009373.0 1 1796.2022430146656 1 1.0
192794239.0 1 1793.7866359144653 1 0.99998355
284892452.0 1 1798.4682990592585 1 1.0
250911080.0 1 1811.4114067219818 1 1.0
219851935.0 0 1812.3438988949583 0 6.9169037e-10
348509982.0 0 1808.8485574005895 0 1.0463295e-05
245664758.0 1 1810.119384038555 1 0.99999684
434893628.0 1 1806.117534920254 1 0.99999636
435742094.0 0 1812.3467229641317 0 0.00010259919
362258492.0 0 1805.1994182609776 0 4.010728e-06
199614232.0 1 1805.780570405014 1 1.0
237239465.0 1 1810.970419286913 1 1.0
198413518.0 1 1805.9263089582516 1 1.0
367145336.0 1 1795.8464135509282 1 0.9999996
346594521.0 0 1793.1412568534074 0 0.0006899879
138049355.0 1 1794.8703585931416 1 1.0
270007793.0 0 1812.3496104979363 0 0.0008809591
138017683.0 1 1796.8287763492258 1 0.9999997
421111304.0 0 1809.1599960130459 0 9.967712e-07
130060453.0 1 1795.2660407881212 1 1.0
104194295.0 0 1808.8490999821554 0 0.00075708877
410614931.0 0 1805.2236455685847 0 1.153733e-09
235686753.0 1 1793.8033138923804 1 1.0
301884525.0 1 1805.5163594824658 1 0.9999996
288381465.0 1 1799.7409157818124 1 1.0
192471665.0 1 1793.2241111966398 1 1.0
139559534.0 0 1812.5577046919298 0 2.3977357e-08
192795719.0 1 1805.76600509548 1 0.9999997
331710072.0 0 1812.7021824414244 0 4.6183196e-08
338162462.0 1 1798.3049072412582 1 1.0
283139717.0 0 1805.5561030105641 0 0.0010995446
317320211.0 0 1805.2006985604676 0 7.453969e-12
418035265.0 1 1797.953461692298 1 1.0
343269511.0 1 1794.7621458832216 1 1.0
417234885.0 0 1793.3057804481032 0 5.1235666e-10
367944612.0 0 1808.8467537244726 0 1.2957964e-10
117501993.0 0 1805.203273465593 0 3.74511e-09
368681767.0 1 1806.4099916200153 1 1.0
258701778.0 0 1808.8447934547967 0 2.3154113e-05
422706950.0 0 1793.4094863593284 0 6.278366e-09
279600257.0 0 1797.848001985723 0 3.971116e-05
256099225.0 1 1798.972875576999 1 0.9999939
383677123.0 1 1796.5525884658116 1 1.0
331202927.0 0 1796.6397741705002 0 0.00014295163
94368942.0 0 1805.5371499484743 0 0.00010217721
279437019.0 1 1796.4102595851523 1 1.0
433205608.0 0 1805.5576701250009 0 7.249037e-05
377906251.0 0 1812.3466961707118 0 1.9545427e-08
233541199.0 0 1812.3856365303948 0 7.2847756e-11
395925318.0 0 1805.2223789583406 0 0.00048236214
320597807.0 1 1810.6394062411719 1 0.9999997
284141104.0 1 1797.6185783130604 1 1.0
192883327.0 0 1808.8493661561922 0 6.570393e-05
373958040.0 0 1797.847902039321 0 3.2583527e-21
116051521.0 0 1812.3489017184754 0 3.834539e-08
259238217.0 1 1794.3033832880835 1 1.0
21162454.0 1 1811.4056399124242 1 1.0
12903003.0 1 1798.827414226198 1 1.0
264077998.0 1 1794.0331637695056 1 1.0
186627799.0 0 1812.4328078823762 0 0.00095148076
65199347.0 1 1805.7035310171932 1 0.99999946
403434609.0 0 1812.7022783765765 0 2.3712614e-12
356785763.0 0 1808.8448070933948 0 1.0224305e-11
407354446.0 1 1810.6807078956908 1 0.99999976
279375991.0 0 1812.3876062010086 0 6.306886e-08
165552414.0 0 1812.4681158915917 0 0.00075712375
322437547.0 1 1797.0127713769039 1 1.0
229980400.0 0 1796.9072269624457 0 5.272316e-07
252187980.0 0 1793.1400126884757 0 3.347162e-11
384816045.0 1 1794.4109147015845 1 0.999999
192652602.0 0 1812.432520031227 0 0.0009995564
283024823.0 0 1808.8681042199892 0 1.23989725e-08
258546796.0 1 1793.8245683117639 1 1.0
331713257.0 0 1809.1606594636648 0 3.907962e-07
252197115.0 0 1805.5564056745786 0 2.535095e-07
427472557.0 1 1799.700913254533 1 0.9999908
352926197.0 0 1812.430890760988 0 1.52516e-07
372500632.0 1 1794.701885413625 1 0.99999994
402951575.0 0 1808.8668639669847 0 4.1412977e-11
434437133.0 1 1798.2843709809158 1 1.0
116016135.0 1 1796.4947051969348 1 1.0
374917952.0 1 1799.556905545188 1 1.0
200771162.0 1 1798.0159707588334 1 1.0
349977780.0 0 1796.8245542460022 0 5.718525e-05
256721289.0 0 1809.0752245034246 0 0.99999994
387948683.0 0 1808.908056365083 0 4.630364e-05
240897599.0 1 1806.0983302444429 1 1.0
264295185.0 1 1794.9083413319242 1 0.99999964
232623982.0 1 1805.3848718284412 1 1.0
385253969.0 1 1794.4317153513266 1 1.0
22844577.0 0 1808.9329445783515 0 0.00015918488
160600097.0 1 1810.4073578767566 1 0.9999996
84216009.0 1 1798.4308723451802 1 1.0
398327107.0 1 1810.450503209444 1 1.0
400821431.0 0 1812.4520951092134 0 5.206828e-07
385553813.0 1 1794.9329608470805 1 0.99999976
81596781.0 0 1808.9107220940875 0 1.0167305e-07
350697003.0 0 1812.3665265447646 0 1.0266357e-07
259941442.0 0 1805.2026213096037 0 7.392072e-05
417616933.0 1 1794.3871529987828 1 1.0
449983897.0 1 1796.0771206439106 1 1.0
229402514.0 1 1797.6154079799944 1 1.0
436840066.0 0 1808.8496224902988 0 0.00015171111
192835526.0 0 1796.6407686598275 0 0.0009765774
28913612.0 1 1793.2454936464826 1 1.0
274980088.0 0 1808.8677129670543 0 4.0712766e-09
129761727.0 1 1798.224455404695 1 0.99999917
288392957.0 0 1805.3453750619594 0 0.0005255555
12905830.0 0 1812.4107988978008 0 2.4453027e-07
420682215.0 1 1810.5760207515184 1 1.0
184687209.0 0 1809.3282532068665 0 0.0008347375
250454834.0 0 1796.640470578191 0 0.00013274541
445536159.0 1 1793.7859946980016 1 0.9999999
12867182.0 1 1797.0342341637563 1 1.0
264699894.0 0 1796.6375614115366 0 0.0080530625
240980634.0 0 1793.1404051479253 0 5.5187e-06
72028676.0 1 1799.6402312103935 1 1.0
403681809.0 0 1805.244305835083 0 1.575643e-07
366436126.0 1 1794.5534859885295 1 0.9999948
374028888.0 0 1809.0355168117574 0 1.1556406e-06
312343214.0 1 1795.6815476393303 1 1.0
268944634.0 1 1795.1179429548931 1 1.0
417645419.0 1 1798.304075980512 1 1.0
395651443.0 0 1812.3474542854517 0 3.036915e-05
427476631.0 0 1796.909273574559 0 2.842747e-05
373704783.0 1 1811.535402402051 1 1.0
252186590.0 1 1800.3690843965978 1 1.0
81509186.0 1 1797.2440411932062 1 1.0
77322543.0 1 1811.4537026510588 1 0.9999996
192739190.0 1 1797.6825454283514 1 1.0
67716224.0 1 1795.3911057108646 1 0.9999964
285792542.0 0 1812.4106759407953 0 1.454167e-08
252814483.0 1 1797.5988034704983 1 1.0
90648458.0 1 1794.6620580803046 1 0.9999974
201039571.0 1 1794.6618088284092 1 1.0
331751703.0 0 1796.8047104553834 0 1.4439388e-05
302147082.0 1 1797.95348001924 1 1.0
21129787.0 0 1805.2037553073308 0 0.00012261656
417667304.0 0 1805.2216341310182 0 5.082212e-07
373329826.0 1 1798.9092090414847 1 1.0
12743893.0 1 1796.1396576673244 1 1.0
389693567.0 0 1805.3269374628771 0 1.1467981e-05
251252845.0 0 1808.8485503973116 0 2.6389787e-05
283939546.0 1 1793.743532705605 1 1.0
28872596.0 0 1809.1831353425246 0 0.04628947
26502738.0 1 1795.4328070887675 1 1.0
285273628.0 1 1811.2660360402306 1 1.0
376039083.0 0 1805.221347827157 0 3.2931012e-11
104066414.0 1 1798.2239530046234 1 1.0
252829817.0 0 1805.2032502900656 0 0.00086658314
420545370.0 1 1797.9726891952114 1 1.0
292721975.0 1 1797.8700793928435 1 1.0
422614706.0 1 1799.7635758323 1 0.9999885
230077679.0 1 1798.6981673624362 1 0.9999923
83148011.0 1 1795.076581877624 1 1.0
279257633.0 1 1794.8893833103066 1 1.0
53969220.0 0 1805.5354492858262 0 1.495613e-08
359482562.0 0 1808.9270962824858 0 1.6311398e-05
384653267.0 1 1810.9318878166935 1 0.9999999
347577498.0 1 1797.6608354236116 1 1.0
288532331.0 1 1811.2032724965304 1 1.0
353691613.0 1 1797.8891270974013 1 1.0
305641906.0 1 1795.2624088333528 1 1.0
200791980.0 0 1812.4328697540082 0 0.0009185012
235989189.0 0 1800.1788849662144 0 0.000352092
395944878.0 1 1798.6386803967748 1 0.9999998
453255825.0 0 1812.6814089573281 0 8.5494466e-11
12829691.0 0 1794.3479475221868 0 6.799773e-05
251100825.0 1 1794.8066384078652 1 1.0
202897195.0 0 1808.8490291228452 0 6.29398e-08
388434752.0 1 1805.7423914686883 1 1.0
29017767.0 1 1798.1206090855087 1 1.0
400440603.0 1 1811.3482197798735 1 1.0
285517354.0 1 1798.932264737747 1 1.0
82095405.0 0 1808.910680655667 0 0.0005697572
245418888.0 1 1795.7442214201649 1 1.0
77494370.0 0 1796.6412913747904 0 0.00088721426
377982815.0 0 1812.3676349561968 0 3.5635284e-09
184689724.0 1 1794.6617858078453 1 0.99999994
241097195.0 0 1793.1405959124777 0 4.9190375e-15
288497879.0 1 1794.724264984222 1 1.0
398237621.0 0 1805.304055153971 0 2.1302111e-09
302774308.0 0 1812.4102042650964 0 0.00033098285
388507257.0 1 1797.992330353204 1 1.0
63624912.0 0 1809.0576200119376 0 0.0010108935
343269564.0 0 1812.3451513309283 0 0.0003831223
285668713.0 0 1812.3488378324341 0 5.82495e-06
67418975.0 0 1812.5989942927906 0 0.00049163686
418082911.0 0 1805.3076140920452 0 4.0634317e-05
50050546.0 0 1808.931396941837 0 1.6237924e-05
71928965.0 0 1805.5358431065108 0 6.250196e-05
445483401.0 0 1808.8484216915278 0 8.974627e-10
229407537.0 1 1796.9280818032923 1 0.99999815
67519745.0 0 1793.1410021134934 0 0.0012749097
46428036.0 1 1796.8288930819492 1 1.0
201112408.0 1 1797.0577731726958 1 1.0
192532362.0 0 1808.9116543126297 0 0.00030477656
229761994.0 1 1794.38618907603 1 1.0
441742116.0 1 1798.4486624921544 1 0.99999994
240885637.0 1 1811.160770620736 1 1.0
270931638.0 0 1808.8469246950817 0 5.049587e-07
407456259.0 0 1808.8468497776648 0 4.3511392e-08
202354046.0 0 1805.1974986991418 0 1.4989078e-07
285905264.0 1 1795.7437551395146 1 1.0
383677166.0 0 1805.198359467216 0 4.9731413e-11
370274722.0 0 1809.2022885046897 0 1.6967052e-08
367242405.0 0 1805.2005713994072 0 4.7335766e-09
275603383.0 0 1805.1998986968858 0 2.0516711e-07
348676276.0 0 1812.3485831921535 0 1.376456e-10
354315124.0 1 1798.8277593604512 1 1.0
398021209.0 0 1808.9518364960356 0 1.3752783e-09
387448344.0 0 1812.366174589716 0 2.2001851e-08
77351883.0 1 1810.3703365783176 1 0.99999994
352116923.0 0 1808.847368392907 0 0.00010127363
422429615.0 1 1794.3458854090482 1 1.0
389842621.0 0 1805.514625962536 0 4.240968e-07
431927528.0 0 1793.1407831306117 0 0.0010325069
192536159.0 1 1798.2241799709884 1 0.9999558
236780192.0 1 1805.7187289732892 1 0.99999875
67570451.0 1 1795.3284343110472 1 1.0
428614032.0 0 1812.3471464814234 0 4.113529e-06
417419499.0 1 1810.4934984405377 1 1.0
279666773.0 0 1793.4095131279448 0 0.00013014769
101169160.0 0 1805.4747000243246 0 7.0329814e-05
326964352.0 0 1808.8486531105734 0 1.718805e-05
200799609.0 0 1796.6410787351244 0 0.0006550103
415875125.0 1 1798.0782734247896 1 1.0
285532266.0 1 1795.3061209400826 1 0.99999666
10423067.0 0 1812.4522587439071 0 1.1523317e-17
283738003.0 0 1809.159950031765 0 7.2754374e-06
13214018.0 0 1808.8674368550394 0 0.00021278448
219740187.0 0 1800.176910928403 0 7.607847e-05
265343830.0 0 1805.2008423636184 0 3.215029e-09
453223521.0 0 1812.68147590971 0 4.155046e-06
229967781.0 1 1799.6986042267656 1 0.9998842
229597834.0 0 1808.844725947435 0 0.0002388107
233497465.0 0 1794.1987197475942 0 7.6318696e-07
279085391.0 1 1798.3890365093046 1 1.0
229438746.0 0 1812.3651179682388 0 7.9509783e-07
445372883.0 1 1797.9523528678649 1 1.0
233623696.0 1 1797.3236703797706 1 1.0
68092901.0 0 1805.3702215615167 0 1.8484945e-09
453150220.0 0 1796.639859068584 0 7.4609964e-08
67461271.0 1 1798.9951930583609 1 1.0
370998869.0 1 1805.2860302849704 1 1.0
312678281.0 1 1811.2646375654956 1 1.0
21021749.0 1 1796.9121812026092 1 0.99999887
323060389.0 1 1795.700068741272 1 1.0
186627799.0 1 1793.2869627051916 1 0.9999999
326785892.0 1 1797.2642834873661 1 0.9999867
385149969.0 1 1796.0366076865982 1 0.9999992
368592012.0 0 1812.388652695077 0 1.782156e-22
269713861.0 0 1805.2011487375296 0 6.7371134e-06
10972836.0 0 1809.0355348596556 0 6.493299e-05
245476001.0 1 1811.5359287320491 1 1.0
116989469.0 0 1808.9532659156207 0 0.00014875647
233501988.0 1 1795.4692043499117 1 1.0
219878140.0 1 1797.969346121296 1 1.0
427731711.0 1 1806.1384424336986 1 1.0
408896648.0 1 1793.5545324685686 1 1.0
264157795.0 1 1805.5125557315955 1 0.9999991
367330067.0 1 1805.3462561058266 1 1.0
256375216.0 0 1812.3447233608415 0 1.2232881e-10
449985007.0 0 1812.7017275417516 0 5.6240173e-09
420135110.0 1 1796.2619511119983 1 1.0
316521687.0 1 1798.4316871740307 1 1.0
184612384.0 0 1805.390828855828 0 9.227469e-08
326209833.0 1 1805.2821101859265 1 0.99999976
445273980.0 1 1810.7020375498669 1 1.0
286408579.0 0 1808.910758388274 0 4.338746e-07
346782253.0 1 1796.5160969495735 1 1.0
401326744.0 0 1805.2217690310765 0 2.4067697e-13
321853793.0 0 1805.3042210147394 0 0.000102755555
250560868.0 1 1795.7446691060306 1 1.0
445496494.0 0 1812.3691992462336 0 5.342344e-12
192295908.0 1 1796.7033285459386 1 0.99999505
327394173.0 0 1808.8486987619906 0 6.7998604e-07
397279639.0 1 1798.4934616647731 1 0.99999964
117110659.0 1 1798.1197969735551 1 1.0
138016137.0 1 1796.3703629880536 1 1.0
191725102.0 0 1812.369284640679 0 0.0001589195
321984127.0 1 1799.908469495848 1 0.9999997
292694387.0 1 1811.2863866545379 1 1.0
265348946.0 1 1798.70107098201 1 1.0
403692337.0 1 1794.2861698520203 1 1.0
331551927.0 1 1806.012782934872 1 1.0
405612280.0 1 1797.744950333156 1 0.99999976
201185068.0 0 1812.3912386581026 0 0.00015617897
83800829.0 0 1805.243138061564 0 6.223302e-11
233236346.0 0 1797.6983975015835 0 0.00062240165
245505921.0 0 1793.327800738012 0 8.2518034e-11
402779051.0 1 1798.3060681153606 1 0.99999595
407206498.0 0 1796.9098128098399 0 6.431671e-08
398306925.0 1 1795.5338340687301 1 1.0
452998092.0 1 1795.1188861873984 1 1.0
445256908.0 1 1794.7230216546511 1 1.0
354251900.0 1 1796.3902730937587 1 1.0
46480453.0 1 1798.3497018546507 1 0.9999998
396659113.0 0 1793.3054968631745 0 1.9896038e-10
400199647.0 0 1796.9099147484783 0 9.3056435e-05
258632561.0 0 1796.9078522419377 0 1.8630113e-05
338718387.0 0 1812.367136624086 0 8.091008e-08
129912361.0 0 1805.578451577343 0 0.0001501416
233743035.0 0 1797.9691044220572 0 0.000114719434
184659255.0 0 1809.182413289613 0 0.0009843006
378197423.0 0 1808.8885594002486 0 2.4359047e-06
354962851.0 0 1794.347813181396 0 1.9125955e-06
359253700.0 1 1806.0349186655155 1 1.0
284169037.0 1 1805.7181367976475 1 0.9999986
82500760.0 1 1795.7439616822599 1 1.0
445228077.0 0 1812.7018651518706 0 3.0427694e-07
116209912.0 0 1793.3278534441806 0 2.7992881e-12
404393926.0 0 1793.3252273105948 0 1.4459714e-05
240924874.0 1 1810.348270492403 1 1.0
116848602.0 1 1806.0366023553506 1 1.0
320185670.0 1 1794.077025819796 1 1.0
184590700.0 1 1797.6200737642107 1 1.0
372501667.0 1 1796.493521299357 1 1.0
269888243.0 1 1797.9330573055756 1 0.99999785
286405890.0 1 1798.5563712698363 1 1.0
366558772.0 1 1794.929568518172 1 1.0
235981025.0 0 1793.1371715826554 0 0.0002598607
417830496.0 1 1795.078656653908 1 1.0
331207311.0 1 1805.9522765102488 1 0.99999994
431778273.0 1 1810.682694451474 1 0.9999897
219898902.0 1 1796.9065042999168 1 1.0
301911058.0 0 1808.8490443099847 0 3.1429263e-05
320497858.0 1 1796.264697777357 1 0.9999999
379528619.0 0 1808.9517854706432 0 0.0006937016
237293755.0 1 1810.2829716851552 1 0.9999969
259006009.0 0 1796.9074695110453 0 1.3701286e-06
54459231.0 1 1805.972938294463 1 0.9999998
326969027.0 0 1805.2446776580048 0 5.0177036e-11
249862386.0 1 1805.890476241539 1 1.0
235937156.0 1 1799.1371627057415 1 0.9999995
372195923.0 1 1798.2651935739684 1 1.0
378924841.0 1 1799.0556418942801 1 0.9999997
406678050.0 0 1800.3050034322048 0 5.799441e-14
370947467.0 0 1808.8900822369162 0 8.340716e-06
331385890.0 1 1811.3063227719515 1 1.0
428118911.0 0 1808.890758420976 0 0.00014138034
250577024.0 1 1797.5986921502474 1 1.0
449988211.0 1 1810.9517354973545 1 0.9999752
67631564.0 1 1797.0162139158435 1 1.0
229458191.0 0 1805.1987882147357 0 1.986004e-08
219428801.0 0 1793.1768301979607 0 8.407589e-08
82242979.0 0 1805.2856169178237 0 3.068202e-07
417643330.0 1 1811.137366124877 1 1.0
431891777.0 1 1793.557312502914 1 0.99999994
264726849.0 0 1808.8693904139163 0 3.2271343e-19
236784418.0 0 1797.9689978717804 0 4.3441846e-06
377165051.0 1 1805.843934141395 1 0.99999976
20768756.0 0 1796.6407688057807 0 0.0004965849
431802820.0 1 1796.453378343242 1 1.0
362219768.0 0 1812.3453377558847 0 1.881325e-09
433080059.0 0 1805.3700356566928 0 0.0006205773
374391190.0 0 1812.4107295019217 0 0.00023303075
251716018.0 0 1808.8485290472092 0 4.6453002e-07
407021492.0 0 1812.3472912395735 0 3.8226488e-05
245391213.0 1 1805.9944882875925 1 0.9999999
327189822.0 0 1813.0986196531546 0 2.8923847e-05
403431248.0 0 1809.16073720425 0 1.7181907e-10
245705643.0 0 1796.8278170219253 0 0.00072360254
292722039.0 1 1795.3909146959418 1 1.0
406535088.0 0 1796.6373998270392 0 3.053217e-11
301173023.0 1 1795.3488327068358 1 1.0
356785627.0 1 1805.5530832210588 1 1.0
315937034.0 0 1812.3485604645114 0 2.483548e-06
229476915.0 0 1796.9072503715588 0 2.7132108e-07
321724494.0 1 1797.6792736529478 1 1.0
372060884.0 0 1808.8669114296176 0 1.0149317e-09
230384685.0 0 1800.4067741462522 0 1.462439e-12
433497105.0 0 1808.8494932429358 0 0.0001484524
431801658.0 1 1795.4950693218373 1 1.0
445234574.0 0 1805.5354633782442 0 1.0353957e-09
359388299.0 0 1805.301739090872 0 1.8560443e-09
82500760.0 0 1808.9108659625651 0 0.00024900664
368101245.0 1 1798.4513278901663 1 1.0
418374805.0 1 1810.5758382266292 1 0.99999994
315917180.0 0 1812.34540632606 0 4.5871225e-14
427511029.0 0 1805.2008008229363 0 5.3667685e-07
200937431.0 0 1812.4328042948016 0 0.00014095941
269107060.0 1 1798.9303741548556 1 1.0
10344074.0 0 1808.9314251277488 0 2.028904e-05
389979213.0 0 1812.7021789837622 0 3.175986e-06
359585725.0 0 1797.968805641682 0 6.507072e-05
301417546.0 1 1810.2236828806685 1 1.0
94473350.0 0 1800.1412639708303 0 9.870874e-16
326555997.0 1 1794.8268902860614 1 0.9999308
445430159.0 0 1800.139646480951 0 2.2656723e-06
306564418.0 1 1797.9108253640338 1 1.0
117265799.0 0 1812.3490748470383 0 0.00012245183
259967322.0 1 1794.783367148263 1 1.0
378527314.0 0 1805.2428640596286 0 3.580611e-08
12707627.0 0 1796.909260590517 0 8.7825214e-08
385241357.0 1 1796.7032935820243 1 1.0
377334685.0 0 1793.409077408372 0 2.0945517e-08
65746968.0 0 1808.91176509937 0 0.00013385405
379375782.0 1 1796.4308910848388 1 1.0
331928059.0 1 1806.3888338299648 1 1.0
400500239.0 0 1812.3691630738497 0 9.871933e-05
427548884.0 1 1796.3675842236119 1 1.0
368593849.0 0 1812.367791213556 0 1.801145e-08
423745367.0 1 1797.1607047197904 1 1.0
418083239.0 0 1805.3700986683036 0 7.856849e-06
377785772.0 0 1805.198901578825 0 4.6566824e-06
28910232.0 1 1795.1830798376682 1 0.999999
21119455.0 1 1798.7039047933326 1 0.9999998
279925142.0 0 1793.3051066325763 0 2.196097e-12
285510909.0 0 1793.140253492895 0 2.5867932e-14
322208121.0 0 1812.345819558462 0 2.352426e-06
418029110.0 1 1806.1824582789136 1 1.0
366581371.0 1 1798.7829988637861 1 1.0
381592391.0 1 1811.1615955429809 1 1.0
192295673.0 0 1805.2867160881628 0 0.00020417434
433496867.0 1 1798.4952392547493 1 1.0
432148578.0 1 1794.4532706534774 1 0.9999999
192558960.0 1 1795.9326011919466 1 1.0
200795756.0 0 1805.2035884845598 0 9.148327e-05
71696581.0 0 1812.3899878160914 0 1.6511787e-08
326535837.0 0 1805.2014810272285 0 3.4888046e-08
274985708.0 1 1811.4095465489138 1 1.0
317474626.0 0 1793.4091494525067 0 3.1945816e-13
65687856.0 0 1808.8492874333053 0 0.00022444228
445302944.0 1 1794.431509656165 1 1.0
252854757.0 1 1799.5780751400328 1 0.9999952
129685635.0 0 1805.5784193940742 0 4.8016343e-05
397234375.0 0 1808.9517543993584 0 1.3411006e-05
390579360.0 1 1811.3480859506878 1 1.0
270137853.0 1 1794.909729911555 1 0.9997123
445633848.0 1 1794.348496208406 1 1.0
250556682.0 0 1808.8488303792637 0 6.971543e-05
403921171.0 1 1796.3683317290338 1 1.0
377906251.0 1 1796.5345131399456 1 0.9999998
272226485.0 0 1808.8679596023376 0 2.5332985e-05
72148529.0 0 1812.3692151011355 0 3.3501806e-06
378648975.0 1 1799.2013339341954 1 1.0
129790498.0 0 1812.7033999430134 0 2.2805458e-05
264391632.0 1 1811.2616499513422 1 1.0
235715965.0 1 1805.8450010626375 1 1.0
177804915.0 0 1805.2036000538458 0 0.00014486806
353488648.0 0 1812.5353680101198 0 2.1053486e-07
403438475.0 1 1799.2024407950585 1 0.99998516
416097930.0 1 1797.8909580588052 1 0.9999997
410651000.0 1 1793.4321006902442 1 1.0
370939271.0 0 1805.5149587896508 0 3.1343532e-09
287150450.0 0 1808.8436620036468 0 0.0001527513
293192866.0 1 1795.2448691709808 1 1.0
388508051.0 0 1808.8465289190747 0 3.1590705e-08
230052512.0 0 1805.2196746348927 0 4.658747e-10
326814571.0 1 1798.4932770296741 1 1.0
240985115.0 1 1795.2652233768051 1 0.9999991
369280155.0 1 1796.6602327838475 1 1.0
331848311.0 1 1811.4719905292332 1 0.9999989
352112720.0 1 1796.9513968220522 1 0.9992268
428526894.0 0 1809.2641916931343 0 4.539908e-05
139430610.0 0 1809.2034905315938 0 0.0010584076
370351107.0 0 1805.5358036201378 0 1.1519743e-08
229744487.0 1 1799.1568941837738 1 1.0
219866098.0 1 1811.260693105932 1 1.0
376773631.0 1 1799.1591149064268 1 0.99999917
401320107.0 1 1796.8051033183467 1 1.0
250936633.0 0 1808.8698019813976 0 4.360721e-22
418256655.0 0 1809.1167217466239 0 2.3079028e-09
285124298.0 0 1809.16004203859 0 0.0009928553
21131390.0 1 1797.5997707989336 1 1.0
12986516.0 0 1812.410771465891 0 1.13738615e-07
428458355.0 0 1805.514327568423 0 1.1599596e-07
363756038.0 1 1794.6811028644636 1 1.0
428378991.0 0 1796.9099495412459 0 0.00081581913
367915022.0 0 1812.3883272970147 0 4.7914086e-14
233632143.0 1 1796.9694052569746 1 0.9999978
139556415.0 1 1810.9742516344315 1 0.9999838
395506519.0 1 1811.263992593924 1 0.9999991
302239138.0 0 1805.2030386434037 0 1.377104e-07
194736550.0 1 1806.0994608643275 1 1.0
375843942.0 1 1805.3254957393574 1 1.0
256206317.0 1 1800.0976225671086 1 1.0
338925619.0 0 1796.9091125104874 0 5.0002334e-05
268728170.0 1 1797.5969186426992 1 0.99999595
410742036.0 1 1798.3906696986899 1 1.0
286216188.0 1 1797.7230357051956 1 1.0
285567910.0 0 1812.3697738175185 0 4.9795155e-09
12830328.0 1 1796.66049639516 1 1.0
101097458.0 1 1795.0161442075296 1 1.0
312682043.0 0 1812.702034241854 0 8.770056e-07
224601763.0 0 1796.676334201707 0 0.00020694413
118270850.0 0 1812.5368028926916 0 0.00030690103
399260561.0 0 1812.4520997375068 0 7.049749e-07
279874917.0 1 1795.9928177120617 1 0.9999991
285512509.0 0 1812.3488289051015 0 9.821903e-07
302148465.0 1 1795.9950638723178 1 1.0
233682617.0 1 1794.0726791660147 1 1.0
410477422.0 0 1808.869456996975 0 1.3962222e-06
400677803.0 1 1811.4105477895691 1 1.0
312779538.0 0 1809.2229201674616 0 1.1354001e-05
309125699.0 0 1805.2028720819162 0 1.4371578e-06
420579244.0 1 1810.159570155906 1 1.0
403877913.0 1 1799.4106733426008 1 1.0
357034919.0 0 1797.968649759457 0 0.00012388185
348672078.0 1 1796.2443298913545 1 1.0
270811822.0 1 1795.1597376172815 1 1.0
297818602.0 1 1810.26438126855 1 1.0
229494089.0 1 1805.2612639578922 1 0.99999946
331388241.0 0 1805.514808480846 0 7.9845364e-08
235954162.0 0 1805.1998956194557 0 4.833362e-07
256348172.0 1 1797.4084754170408 1 1.0
251703686.0 0 1805.2028567846132 0 0.00044475202
71926571.0 1 1797.4942886329427 1 1.0
178045889.0 0 1800.3285289536475 0 6.988877e-09
280132950.0 1 1799.181085405769 1 1.0
387959719.0 1 1793.470811507291 1 1.0
400606739.0 1 1795.39025586963 1 1.0
372117591.0 1 1805.6193983395744 1 0.99995303
346014568.0 0 1812.4107578923497 0 0.00021198599
370269511.0 0 1809.202384710296 0 3.0203282e-05
420454310.0 0 1805.222347929172 0 1.7288921e-05
302077481.0 1 1810.53637670424 1 1.0
405668462.0 0 1805.2447605818604 0 4.795972e-10
326914072.0 1 1810.1403127137028 1 0.9999999
272785728.0 1 1795.510379864308 1 1.0
270526373.0 1 1795.4075329558168 1 1.0
445410590.0 0 1800.1398132595502 0 8.243497e-15
245512147.0 0 1812.3486231477752 0 1.2177536e-08
82390118.0 0 1805.3491890820696 0 0.00044060056
53710811.0 0 1809.472899107564 0 0.00017391454
400344508.0 1 1799.7640229210392 1 0.9999999
192289069.0 1 1805.724263803458 1 1.0
415961316.0 0 1808.8488581734318 0 0.0001294984
116849668.0 1 1794.4531471046819 1 0.99999857
319911870.0 0 1796.6395079674178 0 4.0105942e-06
379317065.0 1 1794.5144129149332 1 1.0
384602727.0 1 1796.973498862113 1 1.0
279195015.0 1 1811.3475189574033 1 1.0
334485891.0 0 1793.3255461252288 0 3.5178746e-10
241028343.0 0 1805.2235734841088 0 2.0719892e-09
387508159.0 0 1812.366128210368 0 1.392332e-08
354539097.0 0 1812.369464164647 0 1.1361566e-15
104150966.0 1 1810.2031301929296 1 1.0
263931085.0 1 1797.2392453198647 1 0.9998844
256696297.0 0 1808.9939159318144 0 8.338059e-05
365944803.0 1 1795.513612121935 1 0.9999993
12005022.0 1 1799.514783072664 1 1.0
259129583.0 0 1796.9073686596482 0 2.9714528e-10
434717882.0 0 1808.8674759092517 0 2.2736876e-05
372392680.0 0 1812.38773211253 0 8.470722e-15
327246099.0 0 1805.5559598629177 0 9.2131097e-10
256509568.0 0 1808.8655230112754 0 6.611529e-05
219865448.0 1 1796.8022067336562 1 1.0
327392642.0 0 1808.8695269362868 0 4.0714334e-05
274982633.0 0 1793.3051347201097 0 1.0044616e-15
308618724.0 0 1800.1402069040992 0 7.7458215e-05
270553130.0 1 1798.4513992198058 1 1.0
236816554.0 1 1799.302326729635 1 1.0
292976044.0 1 1810.2657318149481 1 1.0
397765205.0 1 1796.9512544162912 1 1.0
284606209.0 1 1798.597664351374 1 1.0
230080458.0 0 1808.8441347966261 0 3.5899866e-08
385240485.0 1 1806.1409410140886 1 1.0
241079003.0 1 1806.3070592655833 1 0.999954
372976059.0 1 1805.88755176206 1 1.0
271839625.0 0 1808.8470054700158 0 1.319365e-05
230090786.0 1 1797.219015284247 1 1.0
264915221.0 1 1794.8903554049266 1 1.0
403398796.0 1 1810.1817324367687 1 1.0
347427161.0 1 1795.6825524496717 1 0.9999872
219112822.0 1 1794.6985541071904 1 0.99999994
13279533.0 0 1812.346512702821 0 5.3432093e-05
407319154.0 0 1800.3054911751492 0 3.1727236e-08
200877900.0 1 1795.307572205675 1 1.0
320187565.0 0 1793.2645661804497 0 2.225807e-11
250505667.0 1 1798.1195331737213 1 1.0
278858569.0 0 1812.4935450837233 0 0.0010654514
284314464.0 0 1812.7016416700255 0 1.2294154e-06
403257785.0 1 1795.0144114899945 1 1.0
192377859.0 0 1793.1407900076165 0 8.786229e-05
331868822.0 0 1808.846678585272 0 7.0843903e-06
258514303.0 1 1799.4495663258795 1 0.99999434
410237933.0 1 1799.9919649890987 1 1.0
28912459.0 0 1812.7872415876363 0 0.00072271173
389636332.0 0 1809.2021222052958 0 3.7046926e-16
353377658.0 0 1805.3060947045585 0 2.0028407e-08
403941367.0 0 1809.0352431327747 0 0.00057105493
264194097.0 1 1796.345843589387 1 1.0
251408385.0 1 1793.4110904839704 1 1.0
267543049.0 1 1805.324313348565 1 1.0
201239488.0 1 1796.1618069847332 1 1.0
407028353.0 1 1797.3470729451178 1 0.9999814
279763747.0 1 1811.1383672406434 1 1.0
293065676.0 0 1808.8698003370016 0 3.2894815e-05
250834313.0 0 1808.8696053159665 0 3.106786e-07
311822551.0 1 1796.0979364303164 1 0.99999994
186742638.0 0 1808.849538428876 0 0.0009383847
292822594.0 0 1808.8906790845758 0 9.008401e-06
432096389.0 1 1795.5574707343208 1 1.0
353779523.0 1 1805.2393254133958 1 0.9999998
235933764.0 0 1812.366590363728 0 1.2756181e-08
419745119.0 1 1794.0560208415757 1 1.0
354786581.0 0 1808.9309649616896 0 5.569053e-06
90552859.0 0 1805.4747138632424 0 0.00072632905
423036802.0 0 1808.8484895641525 0 1.5376109e-10
240890658.0 0 1808.8482741076045 0 0.00028891643
126026800.0 1 1799.308030845077 1 0.9999997
378538179.0 1 1810.8262411315056 1 1.0
356894234.0 1 1799.0520219905036 1 0.9999981
332869735.0 1 1795.5149694630827 1 1.0
378734910.0 1 1811.263747359207 1 1.0
410232396.0 1 1795.0753899179495 1 1.0
422385635.0 0 1808.8664488105935 0 2.559336e-07
126023725.0 0 1809.2037541113204 0 0.00016879724
385200736.0 1 1810.3285300509995 1 1.0
379525328.0 1 1810.5142220016055 1 1.0
279191380.0 1 1811.3266763917766 1 0.99999934
427578829.0 0 1809.245631037348 0 0.0008098644
428297327.0 1 1797.473994986295 1 1.0
334491923.0 1 1794.1588609132116 1 0.9999998
374391716.0 0 1805.2649063899305 0 1.03757865e-08
101354250.0 1 1805.7455202417573 1 1.0
307117697.0 1 1797.1817133161308 1 1.0
21124393.0 1 1800.3016815790415 1 1.0
433202107.0 0 1809.1410919006755 0 0.0008133693
368919419.0 1 1806.0141210681797 1 1.0
399133359.0 0 1809.1815675211647 0 2.4526878e-07
54790509.0 1 1806.306268850002 1 1.0
236878480.0 1 1806.4282543432216 1 0.9996325
284807014.0 1 1811.222475902511 1 1.0
65571459.0 1 1797.3698845017088 1 1.0
312680867.0 1 1810.5146111148224 1 1.0
407515876.0 0 1808.86731105787 0 6.569235e-10
28961660.0 1 1796.7039353152802 1 1.0
90667435.0 0 1793.1411749903589 0 0.00022163647
407387075.0 1 1811.5571204323319 1 1.0
275712942.0 1 1796.2433919423697 1 1.0
307041476.0 0 1812.3897265417006 0 3.7566124e-06
317836705.0 0 1812.3674752075246 0 1.9176554e-05
377503705.0 0 1808.8465012085564 0 4.9217533e-06
445372883.0 0 1809.2021557494859 0 2.6062116e-14
420454088.0 1 1798.8682436688405 1 0.99999744
82377199.0 1 1794.370224530644 1 1.0
366762412.0 0 1796.8254767111753 0 2.506317e-10
238740657.0 0 1805.2450408233865 0 3.8382674e-07
117749081.0 0 1796.6406892594778 0 0.0009812182
410549960.0 0 1812.348585999019 0 2.1575865e-10
352424791.0 1 1810.9725044665536 1 1.0
312675993.0 1 1796.5354864695669 1 1.0
368516895.0 0 1812.389006306451 0 4.672073e-07
12984854.0 1 1811.119080013868 1 1.0
444559308.0 1 1799.3477932891913 1 1.0
436924819.0 1 1796.4747623113526 1 1.0
286576659.0 0 1794.3481313503185 0 7.0871065e-06
245400997.0 0 1805.2026128516363 0 3.2132032e-06
367287906.0 1 1810.3880246797082 1 0.9999999
326259962.0 0 1812.3659339680496 0 4.112392e-12
219114041.0 1 1797.386185752643 1 1.0
82376456.0 1 1810.4323422692626 1 1.0
264404726.0 1 1794.4291843220512 1 1.0
264990086.0 0 1808.8466103737887 0 1.3974187e-12
410807017.0 1 1796.8280753630766 1 0.99999976
400734823.0 0 1794.3480222455466 0 2.9757132e-07
286237833.0 0 1793.1412282896947 0 1.6709505e-09
269662631.0 0 1805.1994178913635 0 3.128606e-10
68156985.0 1 1796.2036446540612 1 0.9999995
269419535.0 0 1793.4096677405603 0 1.0717571e-08
390812753.0 0 1808.9108451590776 0 0.0010529762
198178704.0 0 1805.197336444636 0 9.040485e-09
191773672.0 1 1793.307273009558 1 0.99999994
398182391.0 0 1805.4935776460352 0 1.9442976e-05
256206317.0 0 1805.6809319536985 0 1.9981371e-05
428053550.0 1 1797.9532270846344 1 1.0
202902861.0 0 1809.1199610047727 0 0.00040569832
377338476.0 1 1806.284058570478 1 1.0
192320467.0 1 1796.9532461431247 1 0.99999666
354542410.0 1 1806.3069836956358 1 1.0
233608021.0 1 1799.4483768337468 1 1.0
399018039.0 0 1800.139984385766 0 0.0005127137
388505285.0 1 1797.4088518568697 1 1.0
354308924.0 0 1808.8903561665359 0 5.536368e-10
399079021.0 1 1810.4733014457065 1 1.0
61045741.0 0 1808.9954305111787 0 9.121632e-06
256696984.0 1 1797.7646272156214 1 1.0
306183346.0 1 1795.827481763674 1 1.0
445108124.0 0 1812.7018233209553 0 5.1971556e-11
252848972.0 0 1809.0158292306114 0 0.0006399573
117529773.0 1 1799.8905435583986 1 1.0
11156887.0 1 1811.2856801395815 1 1.0
372209149.0 0 1808.8460781422436 0 1.1810705e-09
376260525.0 1 1796.222570508335 1 1.0
286475902.0 0 1797.8482654633829 0 4.669198e-05
270325883.0 1 1795.847118159766 1 1.0
251816411.0 1 1796.0778645880077 1 0.9999995
285507494.0 0 1805.2028178433513 0 1.0638868e-05
374613118.0 1 1805.47350487868 1 1.0
251658487.0 1 1811.1610935430901 1 1.0
229800613.0 1 1793.7612859568958 1 0.99987614
73728595.0 0 1808.953699966587 0 0.0005535545
305564076.0 1 1796.8040257993237 1 0.99999994
327346800.0 1 1797.828166036927 1 1.0
279085391.0 0 1808.8682661532698 0 7.939861e-11
431874993.0 1 1797.1200073466787 1 1.0
359498291.0 0 1794.4064448490242 0 1.1148729e-06
65445035.0 0 1796.6406627155488 0 0.0010517511
65643666.0 0 1793.1407062203714 0 0.0007582484
301572524.0 0 1805.244702881619 0 0.000119544085
63345593.0 0 1805.3492980754716 0 1.2913324e-07
289571943.0 1 1811.1977101491593 1 1.0
444497375.0 1 1799.368631850275 1 0.99999946
245714191.0 1 1797.5569257303848 1 0.9999995
233051580.0 0 1812.4477033559574 0 7.616005e-05
398015474.0 1 1798.5974241181755 1 0.99999946
285738504.0 0 1800.1406854678987 0 4.0894896e-12
192597317.0 1 1796.5158469551388 1 0.99999243
302385579.0 0 1800.3905465306939 0 1.901398e-08
249920086.0 1 1795.0779832119129 1 1.0
50850412.0 0 1805.2646970671174 0 1.9885962e-05
420497818.0 1 1797.389113316383 1 1.0
445132208.0 1 1798.993948796661 1 1.0
116759542.0 1 1796.2447142602211 1 0.9999932
403262379.0 1 1799.0352605365952 1 1.0
326918763.0 0 1808.8695201979478 0 7.298516e-06
398327078.0 1 1793.5961223458505 1 1.0
374787265.0 1 1798.4733462679378 1 1.0
292609933.0 0 1812.3696805706386 0 9.96258e-07
398265577.0 1 1797.2837009991576 1 1.0
409525877.0 1 1797.9532428458178 1 1.0
236905036.0 0 1812.3448260280668 0 1.6665528e-08
284143800.0 1 1797.7227895564079 1 1.0
396200112.0 0 1812.34697401225 0 2.3659545e-06
420114439.0 0 1812.3451353640787 0 8.8012436e-10
5735606.0 0 1793.141380636402 0 0.0005359774
375779530.0 1 1795.3880543053276 1 1.0
312338309.0 1 1794.285632822985 1 1.0
359483261.0 0 1794.4063980470498 0 6.4296975e-05
396387220.0 1 1805.9099949349045 1 1.0
117321693.0 0 1793.3280324034047 0 3.2494222e-17
332367537.0 1 1811.4522941796758 1 1.0
13771812.0 0 1808.9108321482017 0 2.586585e-06
323306240.0 0 1812.38776223141 0 3.3215567e-08
264293640.0 1 1796.8458849545973 1 1.0
129914931.0 0 1793.1411464582607 0 3.48054e-05
348315037.0 0 1796.8276511091904 0 4.491604e-09
250891951.0 1 1805.661297080866 1 0.9999997
373704964.0 1 1798.3479110890903 1 0.999947
250922234.0 1 1798.557070670297 1 1.0
353735167.0 1 1811.4060776246672 1 1.0
366104924.0 0 1812.6807088626317 0 3.6819338e-07
245718848.0 1 1799.119339462737 1 1.0
198158730.0 1 1796.8846492828272 1 0.99999964
406518730.0 1 1798.095706568583 1 1.0
52424565.0 1 1798.9937388513204 1 0.9999999
249834950.0 1 1810.348879018588 1 1.0
130059549.0 1 1797.3077709982447 1 0.99999374
321595539.0 0 1805.2416247166234 0 2.0540757e-11
367866882.0 1 1798.7841853203918 1 1.0
376838130.0 0 1805.2214826203299 0 7.4094717e-09
292466626.0 0 1793.1408337647126 0 3.6792793e-05
396574921.0 1 1795.1618034435592 1 1.0
269667140.0 0 1805.199312564241 0 2.1598345e-10
230087876.0 1 1794.3856261650337 1 1.0
376085702.0 0 1808.8468869623448 0 2.1081206e-10
233658981.0 1 1798.280984393248 1 0.9999578
399449058.0 1 1797.6603573919092 1 1.0
251718420.0 0 1812.411088080838 0 0.00032726311
84059267.0 0 1805.2015488874424 0 5.682169e-08
117399022.0 0 1793.1405871796305 0 0.00050410023
445536159.0 0 1812.3484163981163 0 1.0551106e-12
358909502.0 0 1808.8466390311773 0 0.00032829962
194609095.0 0 1808.849468761881 0 0.0009788588
418032156.0 1 1799.0992399473016 1 1.0
445297310.0 0 1805.6604242609728 0 7.2750034e-10
403258444.0 0 1809.201646033691 0 3.2898297e-05
251707475.0 1 1794.0776026415203 1 1.0
377503705.0 1 1794.9925978048877 1 0.99999994
331790583.0 1 1796.1800445612316 1 0.9999999
65439076.0 1 1796.66170130409 1 1.0
219801998.0 1 1798.364535718718 1 1.0
317713444.0 1 1795.0134192581324 1 1.0
354869471.0 1 1805.8280898475266 1 0.99999887
65571459.0 0 1808.8908993330701 0 0.0010123118
435594199.0 0 1805.262542632381 0 7.287446e-07
400127135.0 0 1805.2219601554884 0 3.3397876e-06
445647231.0 0 1812.390196326192 0 3.1216036e-09
192646201.0 1 1798.0159681468451 1 1.0
373280365.0 0 1812.3467771617914 0 2.805305e-13
351546522.0 1 1795.159959936474 1 1.0
116888474.0 0 1808.8489346205629 0 3.2670718e-07
428531053.0 0 1805.203297510422 0 0.00045078373
35027041.0 1 1793.162262931021 1 1.0
407349073.0 1 1795.9514708627942 1 0.99999344
178109331.0 1 1794.3701346809407 1 0.9999999
428208125.0 0 1805.2032677624186 0 2.4674526e-05
427689082.0 0 1808.8468522292721 0 0.00038539383
192735590.0 1 1798.994934884875 1 1.0
357100479.0 0 1794.406234050811 0 2.3486251e-05
201002282.0 0 1812.4328568963708 0 0.00020286604
422356318.0 1 1798.4495227308475 1 1.0
279878476.0 1 1810.7842803305111 1 1.0
428121854.0 1 1798.2031378517186 1 1.0
83055357.0 0 1812.6598049669535 0 4.7486716e-07
367460770.0 1 1798.1406308486883 1 1.0
289210388.0 1 1797.680560284571 1 1.0
229785418.0 1 1794.594732764045 1 1.0
431955353.0 0 1805.2034139977693 0 0.00020180074
331388241.0 0 1809.16057397263 0 0.0002899565
229997695.0 0 1812.3861248636813 0 7.976688e-14
418417655.0 0 1805.201511618118 0 3.933145e-09
444743857.0 0 1808.9520894700777 0 9.548291e-05
137082590.0 1 1798.493174675161 1 1.0
445555922.0 0 1812.3900344059496 0 9.585485e-05
305430992.0 0 1793.1399509644107 0 0.00069374754
279288205.0 0 1812.3675348245945 0 8.01888e-11
420850781.0 1 1806.368558576932 1 1.0
186985167.0 0 1812.6824226099982 0 0.00082809577
237015972.0 1 1795.0119822527283 1 1.0
12478352.0 1 1797.931628005269 1 1.0
177708876.0 0 1812.4118958907159 0 0.00013692075
251203875.0 0 1805.202885039277 0 0.000114805225
177991199.0 0 1805.2245419913593 0 0.0010923846
376994656.0 1 1798.4066143226212 1 0.999676
298730341.0 0 1808.96855535567 0 1.2468833e-09
347943876.0 1 1810.452631641617 1 1.0
280465934.0 1 1811.347844961088 1 1.0
250561884.0 1 1794.4737911200943 1 1.0
229458009.0 0 1805.2196337633604 0 3.8435723e-13
192740281.0 0 1812.453477765354 0 0.00078344403
445488145.0 0 1808.8693473823687 0 1.6665979e-07
90648961.0 0 1812.7247101329542 0 0.0006404259
149978934.0 1 1805.9331156674696 1 0.999431
406267557.0 1 1797.7002251148933 1 0.99999976
312677422.0 0 1793.452133009876 0 1.3750194e-08
423952295.0 1 1805.8252283538964 1 1.0
420537127.0 1 1795.9102429213133 1 1.0
406855717.0 1 1799.2611342055825 1 1.0
420110245.0 0 1808.887508596659 0 6.743786e-05
390464391.0 0 1808.9107065862215 0 2.4330395e-06
307479729.0 1 1795.5158063848066 1 0.99999994
416098303.0 0 1793.1408779031906 0 0.00089547195
420268169.0 1 1795.2623972750885 1 0.99999624
130155097.0 0 1805.4952410274875 0 0.00037593517
311821411.0 1 1796.8896155117382 1 1.0
250605587.0 0 1808.8487121238313 0 2.2848776e-06
72148529.0 0 1805.2234859593339 0 0.00026676338
332677471.0 1 1793.2857838278246 1 1.0
381686314.0 0 1812.640926688315 0 0.00023986062
407352723.0 0 1805.2432310620177 0 6.826059e-05
81908388.0 0 1808.9107846229215 0 4.1315572e-05
236767649.0 0 1808.844448305814 0 5.9341633e-06
431994502.0 0 1812.6827839643672 0 1.5490905e-05
356199311.0 1 1798.6764043862945 1 1.0
201377542.0 0 1809.0786079726604 0 0.001025022
348316528.0 0 1796.8276151496143 0 5.067223e-08
332272396.0 0 1793.1400117972498 0 2.9779237e-08
235685605.0 0 1812.3867975116675 0 3.0213124e-20
117614888.0 1 1795.2655581339777 1 1.0
50610083.0 1 1798.8482261020915 1 1.0
104150440.0 0 1796.8280424070767 0 1.2907676e-06
116062134.0 1 1799.4739826152334 1 0.9999825
399717223.0 1 1798.9717295865312 1 1.0
422895464.0 1 1797.8490703588468 1 1.0
250711787.0 0 1805.22391653306 0 2.15402e-07
354788350.0 0 1793.3904629696362 0 9.66022e-08
445608664.0 0 1793.3277693452321 0 1.9506324e-19
46678383.0 0 1809.12065379369 0 0.0007132959
251200709.0 1 1797.223557963638 1 1.0
237115411.0 0 1797.9685979342783 0 0.026649434
428162244.0 1 1795.3697154219517 1 1.0
77222689.0 1 1810.9120225810886 1 0.99999964
353726056.0 1 1797.7436488500064 1 1.0
327397734.0 0 1812.369559259783 0 5.9681934e-06
230019755.0 1 1798.448705607425 1 1.0
420267547.0 0 1805.2000306351213 0 0.00041716066
279704777.0 1 1811.3051036085708 1 1.0
321987520.0 1 1798.616828880703 1 1.0
272930528.0 1 1810.9095532196957 1 0.99999416
301639635.0 0 1812.3489730300735 0 1.0527909e-06
401079326.0 0 1812.3489118119076 0 2.5567088e-11
256433907.0 1 1797.0336395809138 1 1.0
250746947.0 0 1812.3696621751637 0 6.1984873e-10
29108129.0 0 1793.1413729197589 0 0.00064192835
230074876.0 1 1794.8022994019866 1 0.9999985
272787246.0 1 1810.51061546114 1 0.999999
238776669.0 0 1805.3285077903288 0 1.602922e-08
250494958.0 0 1812.369472783418 0 1.671089e-11
283134835.0 0 1809.2019394424265 0 0.0001195279
389839603.0 0 1796.639663009661 0 0.0015543345
238655860.0 1 1798.4113434147366 1 1.0
353489254.0 1 1797.1603127208357 1 1.0
264614790.0 0 1808.8693537746708 0 4.8406594e-07
268729392.0 0 1793.4094784279075 0 1.4077707e-10
378383081.0 1 1795.5765213237405 1 1.0
241036953.0 0 1800.1401910349075 0 6.391222e-05
444527030.0 0 1809.3061506814101 0 1.8521959e-06
292725807.0 1 1794.1615588562474 1 1.0
410439084.0 1 1805.952706136416 1 0.99999976
264174508.0 0 1812.3450233781848 0 1.1760782e-06
288408131.0 1 1795.5534651230282 1 1.0
241119694.0 1 1811.369552009396 1 1.0
378650885.0 0 1805.2429883497543 0 1.3749727e-11
51961039.0 1 1806.41035454363 1 1.0
202929625.0 0 1808.8698595591231 0 1.44158525e-08
77633175.0 1 1810.9537481257726 1 1.0
201355636.0 1 1795.932572927718 1 1.0
373785642.0 1 1797.639681518371 1 1.0
240735918.0 1 1799.1606513172214 1 1.0
332865327.0 1 1810.493890200233 1 1.0
251103507.0 0 1796.890078808198 0 0.00055315177
52179130.0 1 1799.3061163475907 1 1.0
376407837.0 1 1799.7631900080041 1 0.9999217
406536209.0 0 1805.2000056593652 0 7.177014e-05
81597042.0 1 1798.7022385795603 1 1.0
348615115.0 1 1810.3275174410649 1 0.9999988
229403199.0 0 1812.9693232395273 0 7.355928e-05
139532660.0 0 1805.3701566910756 0 2.7059292e-07
418085296.0 0 1805.265845859464 0 8.136209e-07
286315939.0 0 1805.2037598394195 0 0.0001525935
338161462.0 1 1800.3673668422591 1 1.0
340905225.0 0 1812.4702254963743 0 0.00011411228
49937439.0 1 1798.7647925545855 1 1.0
63403914.0 0 1812.7866024707691 0 6.735418e-05
321447827.0 1 1798.4500468505141 1 0.99999946
321600884.0 1 1795.9905131116461 1 1.0
252848527.0 0 1809.0158306149387 0 0.0004978366
352358226.0 1 1810.7850225564089 1 1.0
250828300.0 0 1812.36967992837 0 1.3673999e-05
186629856.0 0 1812.516132651306 0 0.00012313164
316845444.0 0 1812.3488952438174 0 2.7968874e-06
137961193.0 0 1800.328758882512 0 9.12174e-08
370947698.0 0 1808.8900847624645 0 7.317536e-09
309133946.0 1 1796.0570698468212 1 1.0
65205803.0 0 1812.3491914627098 0 0.0010722681
73626790.0 0 1812.3494745238513 0 0.0007104442
279384366.0 1 1805.576067507644 1 1.0
83528970.0 0 1793.410044340116 0 4.651432e-13
426419025.0 1 1806.016375966032 1 1.0
20770479.0 1 1806.0365934565582 1 1.0
396111546.0 1 1798.5348858115717 1 1.0
387602720.0 1 1800.4705652607922 1 1.0
198554899.0 0 1812.4267628379125 0 0.00011255445
419524702.0 1 1806.035035512733 1 1.0
82493179.0 1 1795.8899211154135 1 1.0
26435015.0 0 1805.5372093172373 0 0.0023496032
399358798.0 0 1812.7022779621661 0 1.7738821e-05
240979790.0 1 1805.2651795617621 1 1.0
316447896.0 0 1805.2029821709925 0 4.8192774e-06
219877628.0 1 1797.1983473430007 1 1.0
387996029.0 1 1810.4080558868227 1 1.0
400506011.0 0 1809.1607432139053 0 2.5362851e-06
264247035.0 0 1808.8450071579095 0 2.3708022e-10
372630691.0 0 1800.13977765629 0 6.540211e-08
117037903.0 1 1796.6196241403657 1 1.0
259460349.0 0 1805.2658855908062 0 0.00020619194
308219626.0 0 1793.140183254845 0 4.9441455e-14
285569113.0 0 1796.8905232516756 0 4.389729e-05
21124393.0 0 1805.2390929703731 0 3.2443473e-15
292613411.0 0 1809.182364536146 0 2.320814e-05
403431219.0 0 1812.681511810312 0 5.8549885e-26
424093566.0 1 1810.9121321058133 1 1.0
229484366.0 0 1808.8653395914641 0 3.55004e-10
285331232.0 0 1812.8892849393337 0 2.2664139e-05
436866363.0 1 1806.2455033572478 1 1.0
81303965.0 0 1805.285652742872 0 5.3563715e-05
315940355.0 1 1795.3900553006763 1 1.0
219794529.0 0 1812.3852448927723 0 1.2990573e-07
252812191.0 1 1810.9740191088094 1 1.0
321824026.0 0 1796.8251404075277 0 1.9502064e-05
229787746.0 1 1797.5530208997648 1 1.0
312856774.0 0 1800.1398683992356 0 0.00037430556
178175702.0 0 1805.2037069059695 0 0.003060746
419745107.0 1 1810.7642056806867 1 0.9999999
334678928.0 0 1794.1987275501094 0 3.3313704e-06
399203662.0 1 1793.8897651488583 1 1.0
445278656.0 0 1812.6603798714748 0 0.000106773165
11063082.0 0 1812.4104348768976 0 0.0004145595
236779479.0 0 1812.3645127253003 0 6.093569e-11
331863833.0 0 1796.640015307678 0 0.00091605145
370695361.0 1 1797.7857935082939 1 1.0
302390056.0 0 1796.8279156452338 0 1.0038247e-05
196948284.0 1 1793.3279707040929 1 1.0
308288258.0 1 1797.265392528706 1 0.9999997
73488347.0 0 1796.6412835699439 0 0.00017028043
250636476.0 1 1795.9113323592676 1 0.9999992
307640555.0 0 1812.3485718834413 0 0.00023990682
403944798.0 0 1808.9937096762046 0 8.8607936e-05
327570157.0 1 1799.8905425040498 1 1.0
229610772.0 0 1794.1989449477987 0 0.00010154159
252862134.0 0 1812.3698095214027 0 7.3346955e-09
396010549.0 1 1795.2431668778404 1 0.9999993
376111907.0 1 1806.2004917370036 1 1.0
376230355.0 0 1796.8256020424606 0 1.3946637e-07
284539300.0 1 1805.8474861665097 1 1.0
445643360.0 0 1793.3902579733115 0 1.540681e-06
251328660.0 0 1796.890197962903 0 7.359685e-08
387508159.0 1 1799.1371977902647 1 1.0
21099543.0 1 1796.0997369683816 1 0.9999999
390168532.0 0 1809.202256987811 0 1.3968141e-05
201246217.0 1 1806.1620350900946 1 1.0
275855120.0 0 1808.93127428059 0 0.000519368
399084016.0 0 1812.7856358816825 0 0.0008028009
34713020.0 1 1793.9331036501883 1 0.99985415
71844721.0 1 1799.3691191582514 1 1.0
265343830.0 0 1812.3466706571398 0 3.5683942e-07
368737937.0 1 1797.972324781959 1 1.0
445221603.0 0 1793.1396697713803 0 1.0806906e-08
381848109.0 1 1795.6617859913688 1 0.9999999
444112191.0 1 1798.1818733079979 1 1.0
444139884.0 0 1808.848605163847 0 7.960887e-07
219848566.0 0 1793.1770990700797 0 6.445315e-05
83729128.0 0 1808.868118436585 0 5.8099734e-09
372391590.0 0 1805.2420251660633 0 6.733414e-05
186594028.0 1 1810.641059424047 1 1.0
184683802.0 1 1794.3911199096062 1 1.0
73690810.0 1 1798.8495996060753 1 0.9999998
359249364.0 1 1796.9726051663122 1 0.9999967
381779577.0 1 1793.8911879683521 1 1.0
397803860.0 0 1793.409909714044 0 8.239006e-10
240984691.0 0 1805.2234330003516 0 3.1268892e-09
13456257.0 1 1810.7230666542755 1 0.99999946
236765030.0 0 1812.3859504150846 0 3.5329453e-09
149904096.0 1 1796.245395111552 1 1.0
377253743.0 1 1794.36516188774 1 0.999999
417735434.0 1 1810.5532922067139 1 1.0
385445155.0 0 1800.304788843493 0 3.1658336e-05
237098134.0 0 1808.8440049768376 0 1.225308e-10
289352104.0 0 1808.868163361431 0 7.078962e-10
306182652.0 0 1805.5148687791868 0 1.6661164e-09
279501959.0 0 1812.4103544481989 0 0.00049203716
343409567.0 0 1800.3245487989182 0 8.122013e-05
410467298.0 1 1796.1402785717382 1 1.0
396455299.0 1 1793.5127103723898 1 1.0
245581679.0 1 1797.744540056613 1 0.99999964
285906063.0 1 1798.8062681668287 1 1.0
428605069.0 0 1808.9741636415322 0 4.4120603e-05
285238128.0 0 1808.8485793329376 0 1.8676509e-07
453153922.0 0 1812.6810875379736 0 1.7300711e-11
250829566.0 1 1798.765652777131 1 1.0
332571096.0 1 1810.3065184706995 1 1.0
399443433.0 0 1812.5562773506344 0 1.8776478e-05
291885128.0 0 1793.1407965177805 0 9.879221e-05
403118244.0 0 1812.345246798733 0 7.3882084e-08
308712011.0 0 1805.2026542879964 0 1.17043946e-07
302385579.0 0 1812.5780323150877 0 2.7113897e-06
434893544.0 0 1812.3465749588258 0 1.0050987e-05
233072454.0 1 1798.1353920986596 1 1.0
357101501.0 0 1805.1974735800525 0 3.4705427e-10
129905237.0 0 1809.2659146259764 0 0.00073499896
229605268.0 1 1811.1992351449974 1 1.0
71693616.0 0 1809.1608079874563 0 0.00014050101
177820510.0 0 1808.8703006863766 0 0.00072494627
245533304.0 1 1799.4527677850406 1 0.99999994
10344074.0 1 1796.8897653918502 1 0.99999994
285181325.0 0 1809.1202139297172 0 0.00017367856
94547394.0 1 1806.0787968678048 1 0.9999964
270667006.0 1 1795.8262947917863 1 1.0
251430659.0 0 1812.3486951718744 0 0.00018827828
399135065.0 1 1795.785886265445 1 1.0
431763114.0 1 1793.4324789925952 1 1.0
389415385.0 0 1812.7020534606243 0 0.00051156234
387448750.0 1 1797.2414091632716 1 1.0
269597733.0 1 1811.553261930381 1 1.0
410737350.0 1 1810.5156675491419 1 1.0
353881162.0 0 1793.1407932743064 0 0.00019673581
68000294.0 0 1812.3494142774025 0 0.00094927003
201258150.0 1 1806.0162692417305 1 1.0
67390878.0 1 1796.703484442351 1 1.0
256375216.0 1 1795.4700090955303 1 1.0
403877251.0 1 1794.4521849397497 1 1.0
323054666.0 0 1793.137509713524 0 9.025845e-05
250686151.0 1 1805.9320577997391 1 1.0
283251110.0 1 1794.9101826429076 1 1.0
445515145.0 1 1793.4526056809893 1 1.0
137260061.0 0 1800.3056407322108 0 7.679666e-06
280315636.0 0 1805.2646678189803 0 9.8e-07
285435004.0 0 1812.7016224404317 0 4.2957006e-07
434626140.0 0 1808.8466531800864 0 2.5779565e-05
10965765.0 0 1812.410609941042 0 4.807559e-13
241041614.0 0 1808.8691559949027 0 2.5422219e-08
26530036.0 1 1796.8495653275838 1 1.0
241000835.0 0 1812.3481994645804 0 2.5507177e-07
200797446.0 1 1805.641144932099 1 0.9999997
279008024.0 0 1809.1394639743464 0 1.1104112e-05
264336056.0 1 1810.8251900381388 1 1.0
241022477.0 1 1810.8482848697647 1 0.99992204
301478384.0 0 1805.2448061929654 0 6.052112e-05
378042730.0 0 1805.242823489578 0 1.5646447e-07
353241692.0 0 1805.3059813238553 0 1.7855675e-05
407316644.0 0 1808.8471664480844 0 4.6270143e-06
376680397.0 1 1795.388270633827 1 1.0
286121361.0 0 1805.389783380824 0 5.8993965e-09
26530386.0 1 1797.3495898651115 1 0.99999344
236712642.0 1 1799.9264626848922 1 0.99999875
348444259.0 1 1794.7026283394803 1 1.0
198538313.0 0 1812.3433527018972 0 0.00050010317
229751795.0 0 1793.40716694789 0 0.00040010596
376113790.0 0 1808.8463179361584 0 3.069565e-06
256557483.0 1 1806.0947827213045 1 1.0
385445253.0 0 1808.8465675264968 0 7.2755624e-09
275149358.0 0 1808.867846324156 0 1.3460183e-09
20875355.0 0 1805.4951391749116 0 8.130368e-06
410651000.0 0 1812.3487634884364 0 4.1093588e-07
50269558.0 0 1808.9107758627904 0 0.00040202794
26534393.0 0 1812.7663435591219 0 0.00032637353
219870762.0 0 1805.1984640954063 0 1.1275953e-10
326962793.0 0 1805.2028820219364 0 5.429528e-07
352573876.0 0 1808.910048895352 0 5.7235702e-11
409713105.0 1 1798.4503179117198 1 1.0
229476774.0 1 1794.2822851510023 1 1.0
192290822.0 0 1812.3699966039733 0 0.00091309386
71748745.0 0 1805.5149282863747 0 2.1303299e-08
308374326.0 0 1812.3900234705209 0 4.7878336e-07
198556409.0 1 1811.0934564917636 1 0.9999999
229489998.0 1 1797.3032795286113 1 1.0
444113390.0 0 1805.2027107924905 0 8.019974e-05
65487030.0 0 1808.911805676093 0 0.0008798548
67635530.0 1 1793.307627910848 1 0.99999607
452944756.0 0 1809.1810819862217 0 1.0051345e-07
26396354.0 1 1797.8494816417879 1 1.0
219899510.0 0 1805.239871981312 0 5.3553465e-14
245392223.0 0 1808.8902918856868 0 2.4582766e-10
353024137.0 1 1799.243574682347 1 1.0
272924777.0 1 1795.284886136309 1 1.0
409530625.0 0 1812.6615199255593 0 0.00056644337
251325923.0 0 1805.2027351941244 0 9.802236e-05
351468959.0 1 1798.8057051957085 1 1.0
376497215.0 0 1808.9922175823435 0 7.344477e-10
370345974.0 0 1805.5148690580293 0 6.1952365e-10
77547034.0 1 1797.7453917171636 1 1.0
326816881.0 1 1805.451508360026 1 0.9999999
306183477.0 1 1810.2021760032117 1 1.0
302076473.0 1 1794.8071933953454 1 1.0
192246961.0 1 1810.4532730648186 1 0.9999997
375787555.0 1 1796.2631151775183 1 1.0
159455573.0 1 1806.365766691383 1 1.0
452945261.0 1 1795.6188551971804 1 1.0
331868822.0 0 1805.2007847399486 0 1.6960257e-08
394122320.0 0 1794.1992058770097 0 1.3170654e-07
240875231.0 1 1796.3276821230893 1 1.0
410506199.0 0 1805.244344249077 0 0.0026250102
250858590.0 1 1794.8071444716888 1 1.0
241028159.0 0 1812.369218897042 0 1.9263592e-08
184564324.0 1 1797.2867733375283 1 1.0
387331780.0 1 1795.2830108845696 1 1.0
229774203.0 1 1794.7821917431702 1 1.0
12903268.0 0 1808.9107713470294 0 2.3159575e-06
94372127.0 0 1805.578809875575 0 0.00017760707
321853793.0 0 1808.9500070841614 0 6.8832815e-05
320498088.0 0 1809.1810932554424 0 4.5640837e-07
256486409.0 0 1812.4106941661094 0 5.4470038e-05
200798478.0 0 1796.6410385296904 0 0.00012106926
258957263.0 0 1809.3031355918695 0 0.00013148213
65355029.0 0 1812.4325775670304 0 0.00032529284
452941702.0 0 1800.1812204783319 0 8.893013e-07
332478393.0 1 1798.2598860829094 1 1.0
235991061.0 1 1810.4916116100335 1 1.0
275059964.0 0 1812.3469359907958 0 3.4556033e-05
329290321.0 1 1798.23891546673 1 0.9999999
229782694.0 1 1805.4070461234883 1 0.99999994
22711623.0 1 1793.495263953127 1 1.0
186623509.0 0 1812.370178294814 0 9.577481e-05
265307425.0 1 1799.5542239962626 1 0.9999997
366835587.0 1 1798.3254613695863 1 1.0
420107276.0 0 1812.3660456302268 0 3.556985e-07
201104005.0 1 1811.349480461407 1 1.0
219776118.0 0 1797.968587626201 0 0.000102532584
423952295.0 0 1812.9501176395565 0 4.452151e-11
229511521.0 0 1808.8447025924727 0 0.0006646129
366561246.0 1 1805.699578864538 1 0.9999998
415963300.0 1 1794.4324609533132 1 0.9999996
364186408.0 1 1796.429030276879 1 1.0
354241879.0 0 1796.9090459216557 0 2.679415e-17
351361362.0 0 1808.8471450881725 0 1.246028e-08
395409868.0 1 1795.5973012839952 1 1.0
322338879.0 1 1797.4526673346315 1 1.0
368165075.0 1 1799.596898889616 1 1.0
240701337.0 1 1798.7439764219478 1 0.9999931
202870694.0 1 1795.8909086587953 1 0.9999999
184732477.0 0 1809.057558603625 0 1.5518778e-09
275458486.0 0 1796.805156214765 0 8.606429e-06
428256292.0 0 1812.4323323630747 0 8.883046e-06
370073713.0 1 1799.369175591559 1 1.0
83417835.0 0 1793.4100092776384 0 2.9822649e-09
275361605.0 1 1805.7011742901389 1 0.99999654
65438359.0 0 1805.2660407951194 0 0.0011574636
85524349.0 0 1793.1412453747687 0 0.0001589748
230023671.0 0 1793.4073298171227 0 1.985123e-05
235687126.0 1 1799.3660992028838 1 1.0
301415506.0 1 1794.9112474008566 1 1.0
284148066.0 0 1809.3059668363478 0 9.11462e-05
192420860.0 0 1805.2241255981187 0 4.6428156e-07
139507011.0 0 1809.1409989345166 0 0.0008551299
233612467.0 0 1808.864966695263 0 2.940388e-10
428733965.0 1 1796.3262186067018 1 1.0
264155741.0 0 1812.4084457163501 0 2.087125e-13
10707331.0 1 1795.8896758908313 1 1.0
383646165.0 1 1806.0523235656715 1 1.0
302318972.0 1 1794.8905620963117 1 0.9999994
359039683.0 0 1812.3888502254154 0 4.7563493e-08
247407601.0 1 1810.5163196699857 1 1.0
427475064.0 0 1812.4715411030274 0 4.677378e-12
403521659.0 0 1808.8484125187383 0 1.8217527e-06
192653365.0 1 1796.1823982693202 1 1.0
289095239.0 1 1799.763684666298 1 1.0
428383514.0 0 1793.4100313746442 0 3.6722245e-09
366865150.0 1 1805.825452752829 1 1.0
433693135.0 0 1805.2215743805639 0 0.00016700322
278923875.0 0 1812.6602185021309 0 9.109211e-06
354841244.0 0 1797.8478210215453 0 2.1492324e-05
117266204.0 1 1795.8697660210541 1 0.99999994
201179295.0 1 1797.7243066044118 1 0.9999997
271916638.0 1 1811.4720156483295 1 0.99999964
240783236.0 0 1805.5564222092426 0 8.975166e-12
256459777.0 1 1798.9283212487467 1 1.0
236995753.0 0 1808.8450150593035 0 1.2177778e-05
292051524.0 1 1796.640666162371 1 1.0
434724040.0 1 1795.8052282829558 1 1.0
279521486.0 0 1793.4093683267088 0 4.70147e-10
83527909.0 0 1805.2015725715041 0 5.9000524e-08
365945775.0 0 1793.4094828135599 0 1.1538261e-19
407385394.0 0 1809.2239027860808 0 0.0009861244
369359946.0 1 1795.368673597257 1 0.99999624
398210583.0 1 1794.9935021942379 1 0.99999964
229590708.0 1 1796.761501800664 1 1.0
422540290.0 1 1811.5563385806063 1 1.0
445643908.0 0 1812.34859859745 0 4.630027e-14
435680812.0 0 1793.3047178312665 0 1.2594969e-06
264224536.0 0 1805.3250959983197 0 1.9629472e-06
353782215.0 0 1797.9685936328046 0 3.936631e-11
400193642.0 0 1805.2015072766114 0 6.241951e-08
351883459.0 0 1805.2432859782841 0 4.971032e-05
275768701.0 1 1796.6603555047452 1 0.9999999
428392420.0 1 1805.3698749494447 1 0.99999577
269321890.0 0 1808.8468353269002 0 1.2766079e-05
237306098.0 1 1795.0746600895607 1 1.0
65288358.0 0 1812.4118534611607 0 4.2603286e-05
51952457.0 1 1811.535158523776 1 0.99999845
12000757.0 1 1795.3063110545856 1 1.0
10602946.0 0 1812.452212797246 0 1.15852035e-05
418140826.0 1 1799.3890404197637 1 0.99999875
301736993.0 1 1797.3905284252737 1 1.0
317845833.0 0 1812.3465959444432 0 4.720663e-10
302389258.0 1 1796.5778877579592 1 0.99999994
252170321.0 1 1798.2231592586022 1 1.0
229938797.0 0 1796.9071183622734 0 0.015885737
307276813.0 0 1808.9107272413717 0 0.0001369103
240924388.0 0 1808.8899934106125 0 4.1149403e-13
288470551.0 0 1808.9704550179888 0 0.0001904026
28757422.0 1 1798.1200476217386 1 1.0
357827646.0 1 1797.2228057070727 1 1.0
417663305.0 1 1805.8673688385438 1 1.0
139502796.0 1 1797.057825390156 1 1.0
194731674.0 0 1805.2661878797744 0 1.7093322e-05
384833748.0 0 1808.848781215684 0 1.4988283e-05
327011327.0 0 1808.8486924594017 0 5.598654e-05
245590002.0 1 1811.036057068008 1 1.0
264726710.0 0 1796.8277263740713 0 1.8093349e-06
367288168.0 0 1808.8880231978053 0 8.678753e-10
250505348.0 0 1793.1403558494949 0 1.4917238e-16
265186608.0 0 1812.3467474794613 0 0.00043622128
302778742.0 1 1810.2646493266639 1 0.99999946
186713109.0 1 1806.0786900108242 1 0.9999959
84222439.0 0 1812.3680773415897 0 3.8953766e-12
129817128.0 0 1809.1408448730995 0 0.00016219931
441805251.0 1 1797.0945768483225 1 1.0
322264780.0 0 1808.991781240532 0 2.418617e-07
288316004.0 0 1808.9492833996162 0 2.5755957e-08
194736550.0 0 1793.1409282031714 0 0.0007556616
186985308.0 0 1809.2033299132527 0 0.00015627475
288610611.0 1 1795.7203255755487 1 0.99999976
63583905.0 1 1794.4328765141256 1 1.0
316136055.0 0 1812.3485536677197 0 7.012496e-05
365732243.0 1 1796.3664357977125 1 1.0
376364806.0 1 1794.5964813095661 1 1.0
385556396.0 0 1805.4747706866094 0 0.00071151543
117495405.0 1 1797.848859693285 1 1.0
286327867.0 1 1796.535604732339 1 1.0
398358143.0 1 1798.3041577393449 1 1.0
233608478.0 1 1806.0733386111172 1 1.0
52073229.0 0 1800.1393909518868 0 0.00040460515
52713606.0 0 1809.1811114187963 0 0.0017716974
200800648.0 1 1795.4119255113146 1 1.0
65647263.0 0 1805.2658504821861 0 0.00017090292
315723563.0 1 1805.7237047634599 1 1.0
308527098.0 0 1812.3484184861127 0 0.0001677714
428798145.0 0 1793.305097824959 0 2.036641e-05
407395720.0 1 1805.8468136657123 1 1.0
250458788.0 0 1796.640607207608 0 9.241912e-08
308711003.0 0 1812.3899935063032 0 5.2865606e-05
427846146.0 0 1793.4095312712107 0 3.9676912e-13
389848430.0 1 1795.0561603466065 1 0.9999755
445233986.0 1 1810.8061575747627 1 1.0
149905154.0 1 1806.141445668061 1 0.9999952
407312229.0 0 1805.2223027853265 0 3.3691794e-07
387270996.0 0 1812.3666774921155 0 0.0010290169
192377212.0 0 1805.2033947410773 0 0.00011972411
270013850.0 1 1799.5970491116332 1 0.99997705
293187737.0 0 1809.0783390205306 0 1.329893e-06
279722552.0 0 1805.2026073039988 0 1.017281e-06
293067496.0 0 1809.1823585479265 0 0.0006803303
301740928.0 1 1811.140641310813 1 0.9999999
256457534.0 0 1808.8448243820358 0 4.221705e-11
355820555.0 1 1798.0153183558264 1 1.0
52941152.0 1 1797.4104756111376 1 1.0
292002880.0 0 1805.3490848286046 0 3.929219e-05
264552077.0 0 1805.2234570741603 0 1.2183814e-11
63583905.0 0 1805.34938860143 0 4.4360444e-05
28998249.0 0 1793.1413950624992 0 0.00085595495
249918677.0 0 1805.2030855052792 0 8.55747e-08
403436721.0 1 1795.8690529397672 1 1.0
230396131.0 0 1812.3858533208534 0 1.0863225e-11
445141659.0 0 1812.6810530556968 0 2.4694555e-06
192687418.0 1 1797.536668371553 1 1.0
417339069.0 0 1809.2434391796487 0 1.3147137e-07
279085922.0 0 1805.2224083298775 0 9.534748e-17
241107939.0 0 1812.3693930861068 0 7.2744726e-05
354871888.0 0 1805.2030128141837 0 1.325775e-05
407382233.0 0 1793.2865005703482 0 8.7382795e-11
436844413.0 0 1809.2662836161255 0 0.00018892028
264180515.0 1 1795.9708283116818 1 1.0
420114439.0 0 1808.8451409680752 0 3.2136264e-12
444450192.0 1 1800.0560463011961 1 1.0
327297211.0 0 1800.1405336324763 0 1.8212927e-07
49937439.0 0 1808.9107030155478 0 1.2322418e-05
230025052.0 0 1796.907190654963 0 7.111882e-08
250859182.0 0 1796.6405102585175 0 0.00038256575
65694286.0 0 1805.224361117027 0 0.00093518756
201186407.0 0 1809.1204399956207 0 9.93837e-05
285908697.0 0 1805.3896036616904 0 6.390589e-14
376296101.0 0 1805.3684270068368 0 5.4784996e-05
316442745.0 0 1796.8277682442322 0 1.6289137e-05
272426717.0 0 1808.8470851351333 0 0.0004219637
101130685.0 0 1793.1411228397114 0 3.1935303e-07
427755261.0 1 1811.3259287717635 1 1.0
403338682.0 0 1812.6808047246736 0 0.28862175
284904031.0 0 1805.3012786321406 0 1.4770389e-19
186745213.0 0 1809.1202707344833 0 0.00032914768
403877209.0 1 1796.9314170504936 1 1.0
347564997.0 1 1796.661676548342 1 0.9999974
129867987.0 1 1798.3702286376865 1 1.0
385100596.0 1 1806.411771155487 1 0.99999946
275137021.0 1 1810.8469748371886 1 1.0
229673427.0 1 1798.5738960306694 1 1.0
26619684.0 0 1805.6205640121684 0 0.00133687
250798686.0 1 1793.2030176464477 1 1.0
370073677.0 1 1799.1191780330496 1 1.0
265196030.0 0 1812.6194606081217 0 1.1002199e-12
194737902.0 1 1796.2452166924688 1 0.9999973
229968704.0 0 1796.9070441501087 0 0.00027863574
336291443.0 1 1793.5548294005246 1 1.0
405667011.0 0 1796.7032726498785 0 1.0805236e-06
354316193.0 1 1797.2236231828256 1 1.0
389538123.0 0 1805.5563320213455 0 1.0882897e-09
68095491.0 1 1811.4536116821002 1 1.0
77268684.0 0 1805.412146868949 0 0.00076539436
372335090.0 1 1810.9502285949443 1 0.9999938
388583953.0 1 1797.4922491133027 1 1.0
434539833.0 1 1805.534228597495 1 0.9999987
285046853.0 0 1812.701705796825 0 1.1810147e-08
138054017.0 1 1796.3287574728322 1 1.0
83417770.0 0 1796.9099889440743 0 1.52939e-05
85591467.0 1 1795.4120717524324 1 1.0
264052273.0 1 1793.7622888531534 1 1.0
428526514.0 0 1809.2016913919 0 1.8096343e-05
441805642.0 0 1808.8447791236076 0 9.512967e-06
229740698.0 0 1812.4695567837332 0 7.0825934e-14
194663265.0 0 1812.6620878364088 0 0.0007095423
348135223.0 0 1805.2027283110485 0 2.4206526e-11
249916249.0 0 1805.2240073205799 0 1.3342144e-09
199571960.0 0 1805.19723692275 0 0.0003951299
402809727.0 0 1808.9727127481383 0 0.00060466444
117808557.0 0 1793.1406084634991 0 0.0006404094
403338682.0 1 1799.1394430807343 1 1.0
12869279.0 1 1806.2424436053639 1 1.0
369141038.0 0 1812.3682423656537 0 4.7261587e-06
256927408.0 1 1799.3451219065284 1 1.0
331856982.0 1 1796.848292161202 1 1.0
352113030.0 1 1799.8472331925188 1 1.0
367424517.0 0 1805.3462706026219 0 2.4577979e-14
270666058.0 0 1812.346855901904 0 2.6352364e-08
285506758.0 0 1800.1403881704573 0 0.00028306688
186745213.0 0 1793.1410135103333 0 0.00021515078
415875125.0 0 1809.0572387421694 0 0.00012913537
165528504.0 0 1794.4057239652986 0 4.2875174e-05
389545459.0 0 1805.5356083357983 0 2.837864e-17
85486318.0 0 1805.537181006178 0 2.4114683e-05
346675119.0 1 1793.4746373348412 1 0.9999997
286316649.0 0 1812.3494043257842 0 0.00016995163
368683747.0 1 1795.7434024880613 1 1.0
445644731.0 0 1812.3485831494586 0 0.0005747536
354599985.0 1 1793.2645509550196 1 1.0
441810984.0 1 1797.178119024692 1 1.0
352810984.0 1 1811.4537820158591 1 0.9999998
445563048.0 0 1805.2235969361234 0 4.466058e-05
312339154.0 1 1797.5147840600082 1 1.0
49941084.0 0 1808.9107895413313 0 1.8506655e-05
240902506.0 1 1797.6611435612872 1 0.99999994
444410082.0 1 1799.1808713429205 1 1.0
428383173.0 1 1798.9516637833688 1 0.9996772
327441682.0 1 1799.5572505547764 1 1.0
394127971.0 1 1796.9702461646925 1 1.0
245512147.0 1 1793.9735539891344 1 0.99999994
240976971.0 0 1805.244245262528 0 1.7215405e-13
383676077.0 1 1799.0524427206908 1 0.9999998
366110508.0 1 1795.347684558611 1 1.0
411576289.0 1 1811.366746623907 1 1.0
385556749.0 0 1805.6206143850864 0 0.0001663072
297692703.0 0 1812.4101747510174 0 0.000101169295
13280154.0 1 1811.1590450078581 1 0.9999998
387566207.0 1 1797.8873285964285 1 0.9999997
252809986.0 0 1808.8490792608177 0 1.2185561e-06
428207929.0 1 1793.6615004243195 1 1.0
236886008.0 1 1796.9493341292114 1 0.9999999
326858407.0 1 1811.2235314953048 1 1.0
288531391.0 1 1796.869972573921 1 1.0
418257050.0 0 1812.595857022918 0 2.8653117e-15
288428722.0 0 1812.3451692509939 0 1.3137975e-09
138116477.0 1 1805.6205306713623 1 1.0
369728583.0 0 1812.6599168176494 0 2.693519e-06
376366791.0 0 1796.8255947017037 0 2.9024559e-08
233680651.0 0 1812.3853366771805 0 7.445682e-13
103952689.0 1 1796.6198553320048 1 1.0
387879324.0 0 1805.2206049724282 0 1.0968079e-10
104196730.0 1 1796.6197998544988 1 1.0
331981453.0 1 1799.618963849287 1 1.0
12644136.0 0 1812.410741099667 0 3.7426344e-07
194853002.0 0 1805.2661217963907 0 1.5744099e-06
390581221.0 1 1796.7229881484495 1 1.0
377192025.0 0 1808.8439590307237 0 9.227131e-06
388431117.0 0 1805.2007307531178 0 1.2439595e-12
407315823.0 1 1806.326373802156 1 0.99999607
232631089.0 1 1811.1557113839535 1 0.9999999
236937071.0 0 1812.386587594276 0 5.8778176e-07
240823702.0 0 1808.8690537208313 0 7.80171e-06
292614592.0 1 1797.682562130852 1 0.99999344
52261415.0 0 1809.2020113366732 0 1.2465919e-11
138114716.0 1 1795.7871463324598 1 1.0
426147441.0 1 1805.9508174651155 1 1.0
407518484.0 0 1796.8047578624016 0 1.3260658e-06
347946105.0 0 1805.2234510309236 0 6.050469e-09
376976038.0 0 1794.406682321982 0 0.00017740077
250458788.0 1 1805.8280401400873 1 1.0
186714186.0 0 1812.4952602278927 0 0.000116295
279262790.0 1 1796.4100530581695 1 0.9999
347403391.0 1 1799.4528331667848 1 1.0
251007909.0 0 1808.848737948974 0 4.0192066e-07
444365309.0 0 1796.9099854336 0 1.935949e-06
377972715.0 0 1808.867595399719 0 2.3714053e-06
241048110.0 1 1800.1195678794893 1 1.0
219895512.0 0 1805.3648243210164 0 1.9635179e-08
322134641.0 1 1811.4916359980677 1 1.0
256977889.0 1 1810.1157214170116 1 1.0
353381493.0 1 1799.5767256288484 1 1.0
265432302.0 1 1796.6387392909628 1 0.9999996
22739134.0 1 1811.432816355665 1 1.0
321825581.0 0 1796.8251438940347 0 0.0005073715
229444187.0 0 1805.1988347619324 0 3.7240279e-19
21097612.0 1 1810.9744226898833 1 0.99999994
256607858.0 0 1812.431697784221 0 3.412427e-06
308716455.0 0 1812.3484646724025 0 2.5077224e-14
12485365.0 1 1795.9522813938177 1 0.9999999
321688898.0 1 1798.3042607290865 1 1.0
298356285.0 1 1794.971881615336 1 0.9999999
334486683.0 0 1805.2419836932422 0 4.4315238e-10
229594701.0 0 1794.1989754997376 0 3.0676432e-07
275145921.0 0 1808.8679133736812 0 3.519774e-10
388038756.0 0 1793.3249953472964 0 2.0816831e-12
230050565.0 1 1799.6571138486127 1 0.99973613
219801675.0 0 1794.4062842630294 0 0.00093850406
90572951.0 1 1794.0787250416881 1 0.99995685
302546433.0 1 1794.0987047286114 1 1.0
366911574.0 0 1793.1379013458795 0 1.2007855e-11
184590042.0 0 1805.5783167027616 0 4.0172807e-09
240995020.0 0 1805.2235715658037 0 1.046103e-09
331605323.0 0 1812.827058504015 0 9.236356e-13
52358497.0 1 1794.5769563019057 1 1.0
444524949.0 0 1793.1396081990176 0 2.4299688e-15
292853707.0 0 1808.8698451756563 0 3.4146684e-05
423035053.0 1 1798.0776762131625 1 1.0
385153973.0 1 1796.9948933760827 1 1.0
82979741.0 0 1812.388873846688 0 9.6568115e-08
363811005.0 0 1800.409803942276 0 3.2482832e-05
71693616.0 0 1805.5150215009587 0 3.1458963e-08
377159410.0 1 1798.198270510404 1 0.99995476
408621438.0 0 1805.3684411438496 0 1.7813653e-06
319911472.0 0 1812.680857676997 0 3.0530805e-09
233006770.0 1 1796.6361290653645 1 0.9999998
390118003.0 1 1798.556320741574 1 1.0
428381104.0 1 1799.3891369373061 1 1.0
233744262.0 0 1808.8858549099052 0 0.0001947565
207493891.0 1 1805.2597720659403 1 1.0
322388345.0 1 1799.9294055803143 1 1.0
237199243.0 1 1810.116173409331 1 1.0
398160829.0 0 1808.8682805741046 0 2.9416174e-07
445564020.0 0 1812.369343917913 0 4.0247454e-07
387332343.0 1 1799.1996278499898 1 0.9999991
353483103.0 1 1797.03506198095 1 1.0
63467989.0 0 1796.6412182730755 0 0.00042650255
28911691.0 0 1809.2248014453237 0 0.00015833307
259384968.0 0 1793.1409089613444 0 1.6418255e-05
65749412.0 0 1809.1616938883262 0 0.0009845988
406267226.0 1 1795.2002759000789 1 1.0
321983526.0 0 1808.866648492172 0 1.7125267e-07
374041654.0 0 1797.8482584391697 0 4.3047677e-10
445336151.0 0 1793.2438870367305 0 1.13737535e-11
352406822.0 0 1812.3871481278495 0 1.3443301e-05
436840961.0 0 1812.599499639806 0 0.0008407371
372863935.0 1 1805.8689903964498 1 1.0
237080213.0 0 1796.9078518843103 0 0.00012782974
241133018.0 1 1794.390547543456 1 1.0
423745428.0 1 1794.514935582967 1 0.9996304
271029879.0 0 1808.8678378791633 0 3.956936e-06
272532292.0 0 1812.3678497460633 0 1.6410484e-10
137260807.0 1 1796.2014624726914 1 1.0
430327641.0 0 1793.1409058527674 0 0.0005180548
427473603.0 1 1798.3884396213355 1 1.0
219897213.0 1 1796.0318051811653 1 1.0
245554309.0 1 1805.7236354252416 1 1.0
12902989.0 0 1805.2649425423936 0 1.8277024e-06
272625420.0 1 1805.7638449707651 1 1.0
243279280.0 1 1796.073470141069 1 1.0
270919139.0 0 1812.3469135825321 0 0.1263608
406965293.0 0 1809.180795911005 0 2.4081155e-09
387697639.0 1 1797.4706433217427 1 1.0
354744762.0 0 1812.6808082553214 0 1.3993366e-05
410731150.0 1 1793.5155749274131 1 0.972705
312544144.0 1 1793.4730807061412 1 1.0
279608953.0 1 1806.1175021860763 1 1.0
67465915.0 0 1812.6614484832498 0 7.0638125e-05
370850223.0 0 1805.2442493960834 0 3.285309e-07
298729586.0 1 1805.4895421160716 1 1.0
322265512.0 1 1797.9710611059363 1 1.0
269239512.0 1 1796.6804280634913 1 1.0
245426946.0 0 1805.2444707929005 0 8.3054505e-13
265198364.0 0 1812.3485759552732 0 6.7951355e-06
270127418.0 0 1805.2011821817925 0 3.6830184e-05
427800065.0 0 1805.2010336485923 0 3.2234111e-16
184730439.0 1 1797.7034414865425 1 1.0
230005098.0 0 1793.4072830899343 0 0.0005546689
279840730.0 1 1795.8272501873978 1 1.0
94336594.0 0 1796.6411165499567 0 0.00033937718
284145319.0 1 1798.493637790044 1 1.0
400606031.0 0 1805.244371323353 0 0.0010485662
240889961.0 0 1796.640201855812 0 4.22691e-11
233071926.0 0 1805.281155676458 0 3.9628804e-07
264721727.0 0 1808.8669451255112 0 1.4073584e-05
250553211.0 0 1796.7237951077313 0 1.509362e-06
34821762.0 0 1812.4330197836787 0 7.4870644e-05
404113234.0 1 1793.3877151738038 1 0.9999996
198187903.0 0 1812.343371204179 0 4.630215e-06
422660772.0 0 1808.8674812856968 0 1.0273689e-10
286221625.0 1 1795.3064915170398 1 1.0
292467716.0 1 1796.932560330072 1 0.9999998
279352847.0 1 1795.0352450784046 1 1.0
230381450.0 1 1806.0110850824651 1 1.0
236876182.0 0 1805.2200545516623 0 6.82347e-15
83149868.0 0 1793.4098870570651 0 3.2527214e-13
420302086.0 1 1797.0541190814677 1 1.0
272728914.0 0 1808.847069587035 0 8.282497e-09
81681261.0 0 1805.264946963255 0 1.0651314e-05
301478384.0 1 1798.640627083516 1 1.0
395944886.0 0 1793.3052322646342 0 4.4475525e-14
378990638.0 1 1800.4098186859994 1 0.9052044
240881939.0 1 1798.4109456338824 1 1.0
444756920.0 0 1809.1606348530358 0 7.7539613e-07
186766107.0 0 1808.849503036519 0 0.0006305874
177881146.0 0 1793.1410453760373 0 0.00023145814
189630428.0 0 1805.5156483476585 0 0.00030569467
192529825.0 1 1811.1825635313912 1 0.9999999
445293146.0 0 1812.6810528145293 0 0.00016694685
272040335.0 1 1795.38906091354 1 1.0
194658685.0 0 1796.641013293526 0 0.00095593085
67635471.0 0 1812.4534542918896 0 0.00013951285
327789293.0 0 1808.8696391203741 0 2.3133322e-05
396202094.0 1 1795.9930007420496 1 0.9999967
192496880.0 1 1795.4534074662363 1 1.0
258803068.0 0 1805.3031275391859 0 2.048751e-14
420902019.0 0 1805.3846248311324 0 2.0110137e-07
327575969.0 1 1796.2032623572009 1 1.0
229594694.0 1 1796.615660110134 1 1.0
72077975.0 1 1796.015045750262 1 0.99999875
229614265.0 1 1798.3867237643367 1 1.0
379165795.0 1 1810.1807442826653 1 1.0
445105009.0 1 1795.3895525803723 1 1.0
269707889.0 1 1794.8679415955096 1 1.0
428705952.0 1 1796.200879314799 1 1.0
236762131.0 1 1795.5737422783964 1 0.99999994
198390247.0 1 1810.3430649279285 1 0.99999976
271752432.0 0 1805.2013363186725 0 7.1215055e-08
250476986.0 0 1805.2028198433027 0 9.503092e-05
420454310.0 0 1808.8681308923292 0 6.9239926e-05
287081097.0 0 1808.9265016410836 0 1.3485579e-08
357888190.0 1 1810.9726379242727 1 0.99999946
381781755.0 1 1796.7661685637013 1 1.0
256562158.0 0 1812.3863261733864 0 1.0279805e-10
270005818.0 0 1809.3704082237211 0 0.00046108384
403589370.0 1 1798.4703036307078 1 1.0
130058767.0 1 1794.8911467681035 1 1.0
389962222.0 0 1805.1977620948692 0 1.6209222e-09
233733156.0 0 1793.4067817920316 0 1.4385771e-06
385336673.0 1 1798.5778711685346 1 0.9999996
327570310.0 1 1811.411155759088 1 0.99840474
251548965.0 1 1793.8903188542802 1 1.0
348764696.0 1 1797.8288122549272 1 1.0
399433294.0 1 1797.13986148033 1 1.0
348607686.0 1 1798.1818370711428 1 1.0
50116665.0 0 1808.9523339051796 0 6.596547e-05
271838045.0 0 1793.5555138890322 0 1.4623803e-16
184681084.0 1 1794.474262737081 1 1.0
10346566.0 0 1812.4938552471513 0 2.708968e-05
283736464.0 0 1805.2224652898851 0 1.7064944e-07
81825223.0 0 1808.848463910405 0 8.9975634e-05
10868459.0 0 1805.2856209741149 0 8.684734e-13
412359278.0 1 1810.179318799522 1 1.0
264180453.0 1 1798.1583514559334 1 0.99999994
403525927.0 1 1794.036013696444 1 1.0
377339554.0 0 1805.242413334083 0 6.285028e-06
84167720.0 0 1812.680662674669 0 2.1807093e-05
196919077.0 1 1795.786308910753 1 1.0
445235410.0 1 1806.389623607325 1 1.0
250969095.0 1 1799.0988261038565 1 1.0
381806049.0 0 1812.6202424260919 0 0.0001354079
284600641.0 0 1812.6599125789294 0 0.00093078916
397918716.0 0 1805.3058839592425 0 2.2036037e-08
269821975.0 0 1805.2220044928902 0 1.5327869e-08
407018663.0 1 1795.451722643881 1 1.0
285429087.0 1 1794.4329668411126 1 1.0
250860873.0 1 1798.5155782164065 1 1.0
354424466.0 1 1797.846604522738 1 1.0
289581126.0 1 1797.0725940209118 1 1.0
65159437.0 0 1812.4326090727993 0 0.00093383685
288267701.0 0 1796.636958241166 0 4.2252253e-05
235938689.0 1 1793.1995474510363 1 0.99978864
129688290.0 1 1810.6825964599993 1 1.0
360020372.0 1 1805.2410205561944 1 1.0
353551702.0 1 1796.514416891221 1 1.0
405433405.0 0 1793.1413210668304 0 0.00014390184
65282366.0 1 1798.0991904769044 1 1.0
407415290.0 0 1796.7655710783738 0 1.3644066e-05
348766679.0 0 1812.7247912524458 0 0.00011289832
283837124.0 0 1809.180861139211 0 1.3571553e-06
283251438.0 1 1793.4310230245355 1 0.9999993
387696625.0 1 1799.1164571817726 1 1.0
400606498.0 1 1806.265207509435 1 1.0
307206821.0 0 1796.6400111854718 0 8.583945e-06
332868986.0 0 1793.1399507820447 0 5.3608675e-13
241068188.0 0 1812.3692623237725 0 6.682252e-13
12492766.0 0 1808.9105991737913 0 0.00038328744
315724612.0 1 1794.973472519185 1 0.99999994
449936752.0 0 1796.8905692578767 0 9.6566644e-08
402775546.0 0 1812.4101256457814 0 1.4017868e-07
230122533.0 0 1793.177052085347 0 1.4022454e-09
240956901.0 0 1808.8900182738305 0 7.215268e-06
137124994.0 0 1793.3055403519322 0 2.5076046e-09
200774699.0 0 1800.1411229913583 0 0.00016461247
375981890.0 1 1794.9089744541814 1 1.0
63470895.0 0 1809.1409048209352 0 0.00024137684
320049623.0 0 1793.1396074024979 0 7.3407097e-10
377337529.0 0 1812.3881196803604 0 2.1557395e-10
309232490.0 1 1805.3278350324833 1 1.0
83049624.0 0 1805.5349348598993 0 1.6079753e-07
230381879.0 1 1795.7403091973183 1 1.0
420899839.0 1 1797.8849591181997 1 0.99999994
348678323.0 0 1812.3486225551765 0 3.8230957e-07
292693203.0 0 1796.64069053191 0 8.423418e-05
353989037.0 1 1798.7600262653557 1 0.9999915
367360355.0 1 1805.6797291914183 1 1.0
368444244.0 0 1793.4094880975254 0 2.913083e-07
354174615.0 1 1810.5366588403556 1 1.0
406839755.0 0 1805.5559921937831 0 0.00024188412
389984460.0 1 1799.3688650230238 1 1.0
441763244.0 0 1812.3653994823492 0 0.0003307983
405480955.0 0 1805.4747654878554 0 0.00073086756
240997801.0 0 1805.24430072468 0 6.583892e-08
445515448.0 0 1808.8692583235702 0 8.773771e-14
354969420.0 1 1798.4726424996004 1 0.9698077
258958363.0 1 1810.9491281277274 1 0.9999196
445560431.0 0 1812.3484515515604 0 7.337425e-05
5735456.0 1 1798.787148431397 1 0.99999994
85431003.0 0 1809.224580460064 0 0.0007304616
245760583.0 1 1811.223733211749 1 1.0
236776931.0 1 1805.3230885403445 1 1.0
11237412.0 1 1796.6606472377969 1 1.0
229445310.0 0 1805.1987521778372 0 7.0563144e-10
285042236.0 0 1793.1394668237515 0 6.714e-05
251408385.0 0 1812.348754510563 0 9.3862186e-15
245426282.0 1 1810.6402749270342 1 1.0
359135647.0 0 1796.9099897037597 0 0.0029360016
293062767.0 0 1812.5573211304334 0 0.00012547385
71849965.0 0 1808.8900210348195 0 3.820267e-08
139353786.0 0 1796.6410865689545 0 0.0005420966
237209325.0 0 1805.199486056062 0 2.0324762e-12
13610498.0 0 1812.410799256846 0 0.0005691091
349918057.0 1 1799.7619799694432 1 1.0
116367144.0 0 1808.8906287838656 0 1.959173e-06
240982081.0 0 1805.2026934439914 0 1.4088916e-06
331818664.0 1 1805.5759088343027 1 0.9999969
369242172.0 1 1794.659932586674 1 0.9999989
54465943.0 1 1798.5561700129538 1 1.0
367075604.0 1 1793.8462818747823 1 0.9999938
292001961.0 1 1794.765808775135 1 0.9999989
192298077.0 0 1793.1408660025013 0 0.0004817388
178105698.0 0 1809.1204310777377 0 0.00014063506
250709403.0 0 1800.1405339089154 0 1.1723201e-06
186944085.0 1 1794.8702604652915 1 1.0
390857560.0 1 1798.4312879354857 1 1.0
235990124.0 0 1793.1371953796554 0 5.97088e-14
219893598.0 0 1805.198512760172 0 1.543707e-08
285874358.0 1 1811.18235717885 1 0.99999964
407390548.0 1 1805.9928088966092 1 1.0
63472118.0 1 1796.4328370519331 1 0.9999999
327392518.0 1 1795.5155729631958 1 1.0
68037944.0 1 1794.2034785625895 1 0.9999999
348234805.0 0 1805.202754200399 0 2.5548847e-08
322056447.0 1 1793.5127382555856 1 0.999999
10871935.0 1 1796.1814860795369 1 1.0
241134818.0 1 1798.9114353580405 1 1.0
200937294.0 0 1796.6409477038753 0 0.0005416726
427146378.0 1 1805.4916156682305 1 0.9999986
409522915.0 0 1809.0991002985236 0 0.00018264366
332048456.0 0 1805.5147909430295 0 6.4603887e-09
372261202.0 1 1810.9502475465563 1 0.999872
427805690.0 0 1812.5133577428005 0 9.774518e-07
354132782.0 0 1812.4116322280947 0 0.00091772655
351877621.0 1 1796.7434127490753 1 1.0
12643216.0 1 1794.3898487293018 1 1.0
203036823.0 1 1796.9116496942308 1 1.0
410779897.0 0 1812.3459038374851 0 6.2407245e-12
399084016.0 0 1805.6399143341741 0 0.00012627924
376896502.0 0 1805.2007212512813 0 1.7304338e-08
407115748.0 0 1793.4097141285006 0 1.438154e-13
282874128.0 0 1793.4099572219338 0 6.379801e-17
407316442.0 0 1805.2013583612872 0 0.00011946842
12648082.0 1 1795.827424489896 1 1.0
200861882.0 0 1812.4536798303234 0 0.00075733627
237290140.0 0 1793.3245476652346 0 1.5093634e-07
402894602.0 1 1806.1993932752832 1 0.9999996
10163538.0 0 1805.410564847555 0 3.618288e-08
94371127.0 0 1800.1411819824302 0 2.195027e-06
13350523.0 0 1805.2648993091711 0 4.028491e-09
407155918.0 1 1798.5972840005527 1 1.0
264249642.0 1 1810.88642968647 1 1.0
235714772.0 1 1798.5324501639054 1 1.0
403744320.0 0 1793.3900990713437 0 6.9097628e-06
336168332.0 1 1805.9292059275776 1 1.0
336390873.0 1 1811.5127872538214 1 0.99999636
250684105.0 0 1805.2029579847447 0 0.00021997685
186598107.0 1 1794.4536490777386 1 1.0
240976971.0 1 1796.723537588202 1 1.0
444116234.0 0 1812.348453781948 0 1.5826127e-09
256619170.0 0 1808.8447398453661 0 4.704884e-06
54624637.0 0 1812.9102125872028 0 1.561168e-08
417616933.0 0 1805.24150923093 0 5.527927e-10
284439764.0 1 1794.0769934248503 1 1.0
348438240.0 0 1808.9108766473353 0 1.5352631e-18
196946286.0 1 1798.7862912489538 1 1.0
247017338.0 0 1812.4536609687407 0 0.00092903565
116498460.0 1 1794.057240533445 1 1.0
378588925.0 1 1797.7428265482797 1 1.0
308446775.0 1 1811.3902026034727 1 1.0
327706187.0 0 1800.1405989537886 0 2.328931e-07
347502127.0 0 1812.495151086355 0 0.000103654944
186988331.0 0 1812.8283186170788 0 0.00014401179
376676771.0 0 1808.8880977640908 0 1.0244308e-06
251651770.0 1 1796.8067211902257 1 1.0
422305222.0 1 1796.804037210702 1 0.9999995
433350686.0 0 1809.161943771037 0 0.0010012412
184736138.0 1 1796.703449396343 1 0.99996674
237237907.0 0 1805.345389586424 0 1.1962608e-06
375908419.0 0 1812.3878910238798 0 2.0332567e-11
84220093.0 0 1808.8890038476582 0 3.8248116e-18
427335936.0 1 1798.2425889015692 1 1.0
390854538.0 0 1808.91090330645 0 8.18794e-06
305048005.0 0 1809.2021706427915 0 3.6720076e-09
418709743.0 0 1805.2222808883312 0 4.9433284e-09
400439167.0 1 1805.827432869425 1 1.0
230002702.0 0 1793.4071308468265 0 2.2220563e-08
418409824.0 1 1810.8055701852545 1 1.0
401494831.0 1 1799.6592628032301 1 1.0
233060935.0 1 1810.1769951796298 1 1.0
307207934.0 0 1809.2022585081234 0 0.00045756166
240972989.0 0 1805.2233536934236 0 0.0022407796
249862238.0 1 1797.952952575069 1 1.0
408890999.0 0 1812.3874929262638 0 2.8291297e-10
229711350.0 0 1794.1988769749894 0 0.00048131763
320188390.0 1 1810.8684413482938 1 1.0
245465143.0 0 1793.3276570527723 0 6.144706e-05
73693030.0 0 1812.5160878900322 0 0.0004376307
285544398.0 1 1794.1395523632143 1 1.0
435161010.0 1 1798.5135553732255 1 0.9999883
372347173.0 0 1805.2029108702998 0 0.00018690548
264170681.0 1 1805.5114775148866 1 1.0
51960998.0 0 1809.201970241362 0 3.095805e-09
354474739.0 0 1808.8487609495032 0 0.00013516021
390574978.0 0 1808.9107100305491 0 4.8600223e-06
251381815.0 0 1805.202645920669 0 0.00012785314
271021609.0 0 1796.9096329920383 0 2.468253e-05
400405706.0 0 1808.8444888348138 0 8.891292e-06
379322275.0 1 1795.1602164919882 1 1.0
309132457.0 1 1795.848763218422 1 1.0
401494474.0 0 1805.2010193777255 0 4.9681803e-06
63563165.0 0 1793.1413073597546 0 0.0011744609
312679604.0 1 1797.5148885280892 1 1.0
235944823.0 0 1796.6372327935978 0 5.8177313e-05
137959883.0 1 1796.5371081524095 1 1.0
399797101.0 1 1811.4300364051276 1 0.9999999
301741759.0 0 1805.2032129375411 0 1.0042368e-09
455893540.0 0 1812.3671658952358 0 1.6917618e-07
241027303.0 1 1810.4526147682711 1 1.0
269707580.0 0 1796.9095747416113 0 4.432173e-06
285940626.0 0 1812.3699501969884 0 0.00021204443
201380599.0 1 1793.9950813306632 1 1.0
311704789.0 1 1793.6814613413 1 1.0
427802651.0 1 1797.1593704268432 1 1.0
329440598.0 0 1794.4056500559357 0 0.00014640672
192464394.0 0 1808.8492482379527 0 6.192747e-05
186810509.0 0 1812.349418499974 0 4.3346535e-09
246973941.0 1 1793.4123257216263 1 0.9999952
284891619.0 0 1805.2805679045277 0 2.6127805e-07
349920226.0 0 1805.2202074235624 0 2.3048273e-07
367144411.0 0 1805.2005371174814 0 8.6746474e-14
353989758.0 1 1800.135114663256 1 0.9999998
299436194.0 0 1808.8487020192458 0 2.9169833e-13
412113747.0 1 1796.2420910176177 1 0.9999962
82620725.0 0 1808.848497095786 0 2.1791543e-06
367092770.0 1 1810.471347819254 1 1.0
368512025.0 0 1805.201290077203 0 5.4723186e-09
287196085.0 1 1795.9904139805112 1 1.0
138117599.0 0 1796.6412248186436 0 0.00015217515
284719314.0 1 1810.9934662335963 1 1.0
410232617.0 1 1793.8670614809007 1 1.0
264612485.0 1 1806.3068318059086 1 1.0
331716412.0 1 1793.4317134844366 1 0.99999774
415837366.0 0 1793.140751362624 0 8.71483e-14
301906843.0 1 1793.5780455066556 1 1.0
137960933.0 1 1797.4954034143987 1 1.0
403258511.0 1 1793.2019115528014 1 1.0
199715780.0 0 1793.176278569697 0 8.810238e-06
387836053.0 0 1812.7206139539428 0 1.233387e-12
405482715.0 1 1794.974647561133 1 0.99988645
322444219.0 0 1796.8253423799565 0 1.0382359e-08
453232562.0 1 1794.9318390834383 1 1.0
385593497.0 1 1798.5162978892565 1 1.0
315758001.0 0 1793.1373536598803 0 4.1621977e-05
309125960.0 1 1793.4113306060506 1 1.0
400737514.0 1 1798.0356205011403 1 1.0
191728260.0 1 1797.1614307968327 1 0.99999976
285539582.0 0 1809.201933669721 0 1.1907112e-08
283026336.0 1 1797.7641391099608 1 0.9999986
317393518.0 0 1805.2008005999244 0 2.5184193e-08
445181630.0 0 1812.7018824299867 0 2.2254834e-08
34850354.0 0 1805.474735777938 0 9.3075076e-05
358947971.0 0 1796.639258930189 0 5.62272e-05
245633586.0 1 1795.2653230701662 1 0.9999999
370594543.0 0 1793.1401619887556 0 6.9442694e-13
402442892.0 0 1793.407634508607 0 4.9642445e-06
200792112.0 1 1805.349514803207 1 1.0
275768382.0 1 1796.3686664366728 1 0.9999963
316515420.0 0 1805.2028548408412 0 8.474903e-07
351608447.0 0 1796.805534401934 0 2.0884636e-05
311929784.0 1 1799.5563394460116 1 0.9999578
53014825.0 0 1809.3059937844916 0 1.4618234e-07
436870583.0 1 1797.9330715294332 1 1.0
377150632.0 1 1796.0550553734056 1 0.99999934
288299418.0 1 1799.2199989390574 1 0.99999994
418034412.0 1 1796.7659861739153 1 1.0
232636875.0 1 1798.9479929145937 1 0.99990934
83141432.0 0 1805.2223745859367 0 5.493653e-09
245503288.0 1 1806.0153387792764 1 0.99999577
356862553.0 1 1810.3859481614343 1 0.999988
317714340.0 0 1808.8884045742318 0 2.5264595e-07
354468365.0 0 1796.6403282154881 0 9.209689e-06
251116926.0 1 1798.0360170406418 1 1.0
199572965.0 1 1799.3225848665 1 1.0
417559438.0 1 1796.19994842404 1 1.0
279847952.0 0 1805.2026419331614 0 4.3463703e-07
177992116.0 1 1806.1203375209946 1 0.99999905
272831301.0 0 1805.2014381889942 0 5.4328225e-08
72031664.0 1 1799.2443080994217 1 1.0
322325511.0 0 1812.3875976269574 0 4.5886506e-07
400745295.0 0 1805.2649162602188 0 1.2092601e-06
291998735.0 0 1812.390448475294 0 1.8322071e-13
396484827.0 1 1797.013485521082 1 1.0
186600825.0 1 1796.641042607149 1 1.0
428298321.0 1 1796.911458881289 1 1.0
232675613.0 1 1797.948171203029 1 1.0
390045150.0 0 1805.3062089327707 0 2.5170215e-12
198392180.0 1 1811.5305028286848 1 1.0
229487136.0 0 1808.8445628707166 0 3.0801667e-07
251296491.0 0 1812.348672722044 0 0.00037733978
256433240.0 1 1798.3043776326947 1 0.99998486
139509192.0 1 1798.412030770316 1 0.9999992
292469923.0 1 1799.932458277477 1 0.99999017
292465644.0 0 1809.0781546298365 0 0.00073202496
269701889.0 1 1805.7843866597063 1 1.0
322224442.0 0 1805.2234355422058 0 1.6158709e-05
200858018.0 1 1799.8077088927282 1 1.0
327337815.0 1 1798.4322974724337 1 1.0
308216332.0 0 1805.3276822448677 0 6.3441e-10
418708766.0 0 1805.2223513934862 0 0.0011380564
233534075.0 1 1796.8232292706814 1 1.0
65642073.0 0 1812.3493905893063 0 4.877734e-05
376288980.0 0 1796.9090760232612 0 4.8713653e-05
389641227.0 1 1798.7645744600748 1 1.0
291955034.0 1 1797.2032920324277 1 1.0
301904071.0 0 1812.369666297706 0 3.6302094e-07
308445921.0 0 1800.140425688445 0 1.1188349e-18
436860165.0 0 1793.1414206684171 0 0.00017391122
367283166.0 1 1798.0756732435148 1 1.0
233210830.0 1 1810.7192049329224 1 1.0
312549913.0 1 1798.7857347501802 1 1.0
406261792.0 0 1793.3252806338335 0 4.370651e-06
52364483.0 0 1809.2227649217286 0 0.00020455121
452991627.0 1 1796.7853744823892 1 1.0
22842245.0 1 1793.891366397539 1 1.0
251195002.0 0 1805.2026793021585 0 1.5270363e-05
20894098.0 0 1812.4116247175425 0 0.00011551395
249898079.0 1 1811.2655889561966 1 1.0
53865269.0 0 1809.2643976807353 0 0.0003748846
323058312.0 1 1799.4083687691998 1 0.9990499
252168478.0 1 1794.09823026908 1 1.0
331320467.0 0 1796.639821660869 0 3.1235137e-05
390803914.0 1 1810.7647722577758 1 0.9999999
245581701.0 0 1796.8278625666646 0 3.8122243e-07
264405683.0 0 1805.220992900339 0 7.5295675e-10
63472430.0 0 1793.1412118158717 0 0.00018573563
203032941.0 1 1810.8908418067185 1 1.0
366821603.0 0 1805.2004612769208 0 0.0004911773
284917511.0 1 1795.3685518224504 1 0.9999999
348232466.0 1 1798.6193500828283 1 1.0
309052604.0 1 1796.0569278711446 1 1.0
388133217.0 1 1795.1166718354648 1 1.0
230393741.0 1 1798.8862168910578 1 1.0
376843726.0 0 1805.2006398247797 0 1.0717268e-11
326257955.0 0 1808.8657835171225 0 4.9408845e-06
354255041.0 0 1796.6403813965876 0 6.2771235e-08
285237671.0 1 1810.7852170223584 1 0.99999666
407349073.0 0 1812.3680814407558 0 1.7036988e-13
117398218.0 1 1794.8073196771832 1 1.0
341839327.0 0 1808.9266774834073 0 0.016079094
417750006.0 1 1797.9718192467706 1 1.0
427111667.0 0 1812.3456077833443 0 5.9058322e-05
427345964.0 0 1793.4090854038943 0 7.578957e-11
379378830.0 0 1812.4310859370923 0 0.00018766908
428322685.0 0 1805.2030501557874 0 1.352421e-09
251459295.0 0 1800.3901475151572 0 6.2716185e-07
20707145.0 0 1796.6408904124858 0 0.00044896352
279375974.0 1 1805.8876520864544 1 0.99999744
424437726.0 1 1810.9067790366494 1 1.0
186970106.0 0 1805.495201142783 0 1.5609544e-07
374475282.0 0 1809.1608001412565 0 0.0007140617
139533844.0 0 1812.6409471640973 0 0.00060260826
311939072.0 1 1806.1187085198512 1 1.0
353684207.0 1 1795.5768169593207 1 1.0
20771909.0 0 1808.911636700309 0 0.00017170394
370595795.0 1 1810.1192563985464 1 1.0
177886801.0 0 1805.2244638988004 0 7.928602e-05
186769524.0 1 1798.1410138626395 1 1.0
370949218.0 1 1798.3485199859465 1 1.0
332260437.0 1 1794.2856810637454 1 1.0
381807163.0 1 1795.8078252980372 1 1.0
224604943.0 1 1798.218189857367 1 0.9999999
251249526.0 1 1797.869213732868 1 0.9999985
445370620.0 0 1809.306280295391 0 0.0015996296
52265831.0 0 1812.7018926384085 0 0.00028146568
389408952.0 0 1809.1813613208972 0 3.2287677e-05
335696480.0 1 1799.9504965544231 1 0.9998798
378290764.0 0 1796.9099155851577 0 2.0749278e-09
452940508.0 0 1809.201853610441 0 6.499959e-05
436855249.0 0 1809.016291168683 0 1.6560176e-07
125735589.0 0 1796.6413276099752 0 0.00016757811
400676475.0 0 1812.4521789956523 0 4.3040004e-07
54204641.0 0 1812.7020278801467 0 0.00021997937
264051652.0 1 1796.4914613168328 1 1.0
104064704.0 1 1797.099003822475 1 1.0
237238595.0 1 1811.1371420134215 1 1.0
117306552.0 0 1812.3696966040295 0 6.805576e-07
332684363.0 0 1800.1397723653808 0 2.1156327e-06
285909383.0 0 1808.9521270897292 0 1.9040054e-06
229580770.0 0 1812.3448412868868 0 8.8823754e-07
237101514.0 0 1808.8441631916867 0 6.498999e-05
367947120.0 0 1805.2009756782109 0 5.988531e-07
428053623.0 0 1808.8907474577254 0 0.00057952775
192468117.0 1 1810.7451903197687 1 1.0
230129388.0 1 1794.0728318643755 1 0.9999999
331710452.0 0 1809.181437418382 0 3.2788146e-05
400895472.0 1 1795.9521225887397 1 1.0
317708873.0 0 1808.8465765993722 0 1.0999447e-09
417853286.0 0 1812.3471373571297 0 1.4863039e-10
374036037.0 1 1797.639810347306 1 0.99999994
137078349.0 1 1798.0763015904133 1 0.99999744
252201292.0 1 1811.1187211392219 1 1.0
192877702.0 1 1793.4115749091138 1 0.9999988
387271308.0 1 1806.0750048078478 1 1.0
286327999.0 0 1808.9107609799098 0 9.346692e-06
186986122.0 0 1793.1409343517903 0 0.00013351064
229510522.0 1 1799.7824182161228 1 1.0
320606986.0 0 1812.6809053693453 0 0.00028567886
302157740.0 0 1796.8906142799724 0 7.53667e-09
268722615.0 1 1805.450957219668 1 1.0
250825174.0 0 1812.3487633508487 0 1.6530008e-07
403259861.0 0 1812.7015903747745 0 2.378844e-06
431893317.0 1 1805.5367030465761 1 0.9999951
240982081.0 0 1812.3483278523524 0 2.3684112e-05
302686987.0 0 1797.8478603854155 0 0.00060768833
52861961.0 0 1809.160399680471 0 0.00010301486
81604363.0 0 1794.3480273031303 0 1.7267895e-07
13703489.0 0 1808.9106511230946 0 0.00068726175
374917304.0 1 1796.806914859641 1 1.0
259255376.0 0 1808.9533029470779 0 0.00076167315
249856862.0 0 1808.8488441123802 0 4.1984163e-07
445423597.0 0 1805.5146899565984 0 1.7150124e-09
252814483.0 0 1812.3489593863947 0 2.7767264e-06
426141606.0 1 1806.242721668515 1 1.0
334802172.0 1 1805.679496861896 1 1.0
249893633.0 0 1808.848797510078 0 0.02247703
400949386.0 1 1795.8491904145753 1 0.99999905
73691743.0 0 1809.161953458953 0 0.0005393647
129916255.0 1 1797.5577974089972 1 0.99999887
435742004.0 0 1805.2008614347646 0 9.560833e-12
418710087.0 0 1800.4098262806249 0 1.6963295e-05
331324439.0 1 1795.723068479481 1 1.0
186939338.0 0 1793.1409494514965 0 0.00091707055
200873044.0 0 1796.6411097823263 0 3.4961286e-05
189685363.0 0 1805.3907037747142 0 7.1577695e-08
302069283.0 0 1812.348952126834 0 1.4528827e-07
235946111.0 1 1796.0538060574384 1 1.0
379632635.0 1 1796.5560035679002 1 1.0
406679025.0 0 1805.242580780037 0 2.650118e-05
390049080.0 0 1812.5352563098484 0 3.452118e-07
333733223.0 0 1805.199535846483 0 1.2796346e-07
321546971.0 0 1805.2415912135693 0 4.417854e-09
293065676.0 1 1794.4948441912939 1 1.0
326149115.0 1 1800.0133277899445 1 1.0
400388934.0 1 1810.9305388075513 1 1.0
366502502.0 0 1793.3253229901568 0 5.556279e-06
250922655.0 0 1808.890403821437 0 6.767582e-11
233071614.0 0 1794.4062979378766 0 3.3214525e-07
81458165.0 1 1795.7647229773402 1 1.0
423952435.0 1 1797.4711593775094 1 1.0
400250310.0 1 1805.8472077356907 1 1.0
233544425.0 1 1795.3026732769 1 1.0
292152018.0 0 1812.5779734004445 0 4.068286e-10
308618372.0 0 1808.8900950584095 0 4.6375726e-06
321601554.0 1 1794.3445189584693 1 0.9999991
347116617.0 1 1811.4514989185382 1 1.0
390927619.0 1 1798.431379401966 1 1.0
219872762.0 1 1794.218868148159 1 1.0
203091094.0 1 1795.3283612061161 1 1.0
405413202.0 0 1800.141472779854 0 9.463526e-06
255865742.0 1 1797.0329243685148 1 0.9987104
317028902.0 0 1812.3487480085378 0 0.18708117
373456920.0 0 1812.4927164265562 0 1.0403585e-09
452963896.0 0 1809.1603250804412 0 1.1386617e-05
288381315.0 0 1797.699178128951 0 1.8675773e-10
286117516.0 0 1805.2648687730969 0 2.570679e-06
445639006.0 0 1808.8694894233456 0 2.466273e-07
387696625.0 0 1812.3453954162962 0 1.422357e-05
289536658.0 1 1794.6140558798584 1 1.0
434724444.0 0 1805.2217088916314 0 2.738698e-07
284801652.0 1 1805.2203437300648 1 0.9432644
286013049.0 1 1794.9524090637979 1 1.0
219797699.0 0 1805.3019634726375 0 1.1069372e-07
118421268.0 1 1794.058083247663 1 1.0
396267528.0 0 1794.3473631053682 0 0.00015981207
241081158.0 0 1796.6405605481204 0 0.000121423385
423455690.0 0 1808.931454762128 0 5.881115e-05
63506391.0 1 1794.9745773090451 1 1.0
256977179.0 1 1810.4281690619566 1 1.0
366782962.0 0 1805.20044044827 0 5.1480214e-08
405491316.0 1 1805.9539603697103 1 1.0
285344141.0 0 1796.6412084954559 0 0.00072026916
233514389.0 0 1797.9680928242933 0 0.0008335714
366563358.0 0 1793.1371873293692 0 4.0095208e-07
317596370.0 0 1805.2423847782304 0 3.608192e-07
275062328.0 0 1809.1801926393216 0 4.1900157e-06
269703842.0 1 1794.6595538867025 1 1.0
337550536.0 1 1794.5549419116821 1 0.9999878
201185915.0 0 1809.1204227553558 0 0.00070686993
20703587.0 1 1794.4323789821094 1 1.0
229442981.0 0 1793.4074076155373 0 4.827682e-17
237227917.0 1 1793.2828189966597 1 0.99508667
20805366.0 1 1810.8075214040066 1 1.0
308962533.0 1 1795.994570769858 1 1.0
285533267.0 1 1794.8894695698991 1 1.0
233576783.0 0 1808.8651273031862 0 6.8166523e-06
237217548.0 1 1811.5535389607344 1 0.9999993
445533207.0 1 1811.4318243734137 1 1.0
396061742.0 1 1797.4098296567831 1 0.9999989
368611425.0 1 1795.055575054239 1 1.0
368168198.0 0 1796.9094955942837 0 4.2933514e-11
332577163.0 0 1805.514908270529 0 1.8686683e-07
428170921.0 1 1796.494648333469 1 1.0
400246637.0 0 1812.3679296389191 0 2.7136134e-12
444754389.0 1 1797.5773090817006 1 1.0
354250098.0 0 1812.348245510028 0 1.2607975e-08
238716646.0 1 1798.3281913755534 1 1.0
403259861.0 1 1796.1394094067473 1 1.0
445370379.0 1 1797.2023030029038 1 0.9999092
46479770.0 1 1794.1621380012389 1 1.0
230137150.0 0 1805.2817119002646 0 6.6087213e-10
250496363.0 1 1794.5155012380785 1 0.9999954
317836431.0 1 1797.7633129728263 1 1.0
453234100.0 1 1799.6192803261997 1 0.99995637
417340054.0 1 1797.3476289029782 1 1.0
453278013.0 0 1800.1401559525677 0 8.912136e-08
198159870.0 1 1795.0309154668494 1 0.99999225
50520093.0 0 1812.4108670313751 0 0.00072691834
284214790.0 0 1800.139294691408 0 1.2911859e-09
196947078.0 0 1796.6404533718735 0 3.1956566e-05
418981815.0 1 1805.4516171696137 1 1.0
71928965.0 1 1794.1192027005195 1 1.0
101407303.0 0 1793.1412612512702 0 0.00074603007
444138949.0 0 1808.8485861631466 0 1.6340401e-06
366116219.0 0 1812.3885962211543 0 2.8808078e-12
403685735.0 1 1806.140226464739 1 1.0
379324008.0 0 1809.1602524692296 0 0.0008395979
50519916.0 0 1808.9317008539824 0 3.099816e-05
326817214.0 0 1808.8472688781756 0 0.00011688545
445383420.0 0 1805.5146990861422 0 7.887026e-09
322345879.0 0 1812.3486489571812 0 7.245749e-07
54458365.0 0 1809.327076229328 0 4.3213742e-05
256577928.0 0 1805.2210181634562 0 2.4721534e-09
259237935.0 0 1805.2199685963428 0 6.309924e-07
422533317.0 0 1805.5564097519302 0 3.6562897e-09
450004241.0 1 1794.1189376415107 1 1.0
245721512.0 1 1795.4317317996436 1 1.0
279566917.0 1 1810.57584032051 1 0.9999999
21283108.0 0 1797.9684713167671 0 5.2100662e-05
230084082.0 0 1805.1978891876238 0 7.771035e-06
117270306.0 1 1793.5987523058357 1 1.0
398337224.0 0 1812.3667595445709 0 2.1098755e-05
422252745.0 1 1797.410410563147 1 1.0
268948084.0 1 1794.5762433668074 1 1.0
201002282.0 1 1795.9534910102734 1 1.0
21124830.0 1 1806.1765023497196 1 1.0
302470991.0 0 1812.348987399642 0 1.2405606e-06
240982932.0 1 1798.619448115236 1 0.99999654
420295248.0 1 1797.5769276104938 1 0.9999998
407028353.0 0 1812.3886463101878 0 9.2559947e-07
194808696.0 0 1809.1829365309598 0 0.00056138245
229458009.0 1 1796.4697847229154 1 0.9999999
192736246.0 0 1796.6407544052638 0 0.00016531369
237232295.0 1 1798.1578987405924 1 1.0
315613916.0 1 1805.2237498700126 1 0.99999946
54269985.0 0 1793.1394769521132 0 4.5484123e-11
233533858.0 0 1808.864753293053 0 6.9614336e-12
10353856.0 0 1805.3062613920163 0 2.7038604e-07
441742141.0 1 1796.2402997369081 1 0.9999999
67517753.0 0 1809.1406670701167 0 0.0003667126
219095076.0 1 1798.6151546658164 1 1.0
331363487.0 1 1798.4300185985976 1 1.0
417748796.0 0 1808.8466245239108 0 0.00012939409
372723747.0 1 1795.8062540034723 1 1.0
83048837.0 0 1805.514091140618 0 0.0006067771
201360067.0 1 1811.0579712767785 1 1.0
370212311.0 1 1794.4525345128422 1 1.0
410472267.0 0 1796.6402578117375 0 8.295362e-10
238660312.0 1 1798.0780430537618 1 1.0
73625562.0 0 1812.4535979557827 0 8.699432e-05
387998687.0 0 1808.8455794726437 0 1.1742871e-06
357678363.0 1 1798.5561837783282 1 0.99999964
428414457.0 1 1798.618408674386 1 1.0
373236148.0 0 1808.8885816543154 0 1.5458403e-08
229456600.0 0 1812.3863028280896 0 5.713028e-13
312459904.0 1 1810.243675074685 1 1.0
453230738.0 0 1812.389964308287 0 3.0296068e-11
20767198.0 0 1796.6408441143637 0 0.00041300498
237098134.0 0 1805.198100915639 0 2.9279217e-08
367737917.0 1 1794.678223079301 1 1.0
402775546.0 1 1798.4934282998695 1 0.9999851
229782870.0 0 1812.3444747727287 0 6.021333e-08
410865841.0 0 1808.890782521073 0 0.0005822745
428209530.0 0 1793.140515766769 0 0.0010345078
285676351.0 1 1796.1196604765335 1 1.0
251815533.0 0 1793.3903040797325 0 0.017302535
354316349.0 0 1796.640296154639 0 3.761416e-06
445367333.0 0 1793.2022579427814 0 4.461634e-09
230133460.0 1 1794.9272624322969 1 1.0
49853206.0 1 1799.327126686497 1 1.0
198538353.0 1 1796.5305629757993 1 1.0
433350615.0 0 1812.5367627710111 0 0.0010185888
420106840.0 0 1808.8452930897952 0 1.09138844e-10
358824770.0 0 1808.8466139426298 0 1.5018182e-06
118441967.0 1 1794.1413863781838 1 0.9999999
289094785.0 0 1805.2012102210483 0 2.0003057e-08
395505258.0 0 1808.8472387457432 0 2.6130294e-05
400127098.0 1 1797.8051503172926 1 1.0
264157430.0 0 1797.1374893796965 0 0.00021009272
232640371.0 1 1798.4064307414883 1 1.0
405459712.0 1 1794.7038059457286 1 0.99999994
422977211.0 1 1798.4949372200863 1 1.0
327137540.0 1 1793.578205117797 1 1.0
354798248.0 0 1808.8490885558401 0 6.3963795e-05
288611623.0 1 1798.9702128195722 1 1.0
347586508.0 0 1805.2443895744123 0 1.1208308e-09
418982014.0 0 1796.9098043563192 0 2.6484736e-08
367185621.0 1 1793.2421144428006 1 0.99999994
198390031.0 0 1797.9680046277995 0 0.00015328547
396242679.0 1 1796.951389353578 1 0.99995154
268320718.0 1 1793.9286930588876 1 1.0
246973941.0 0 1805.20380053992 0 0.00037732074
65641116.0 0 1808.9119077299506 0 0.0005429387
240829983.0 0 1808.9732201952563 0 0.0057198266
118421181.0 0 1805.287128727414 0 0.00044673932
233008980.0 0 1808.844411631902 0 2.0068685e-05
332377663.0 1 1800.2857187166182 1 1.0
250722413.0 0 1812.3485898142826 0 9.047696e-09
441718331.0 1 1794.3027113984542 1 1.0
101130984.0 1 1795.5578386840557 1 1.0
346852957.0 0 1805.203619163484 0 3.690046e-05
52260830.0 1 1798.035474179319 1 1.0
441791928.0 0 1808.8449824283339 0 0.027563207
406267319.0 0 1805.2209251714696 0 2.0934192e-06
265000874.0 0 1796.890103494966 0 0.0005945514
250720272.0 1 1798.0362388646047 1 1.0
258680455.0 1 1810.9931632054254 1 0.99982584
293188044.0 0 1805.3492304316421 0 2.4793073e-06
373232181.0 0 1812.3468626924302 0 1.0190756e-08
449997222.0 1 1810.2226817750723 1 0.99999917
22845012.0 0 1805.370513598152 0 0.0010418161
356087112.0 1 1797.634893076783 1 1.0
436934619.0 0 1808.9538330670246 0 0.00015938477
194805333.0 0 1808.8494949134854 0 0.00015028815
388134305.0 0 1808.991474835636 0 5.288483e-06
245509612.0 1 1796.9944907820154 1 1.0
279375962.0 0 1812.3876083098794 0 7.889011e-13
77324915.0 0 1805.3495399907038 0 0.0006493828
251199878.0 0 1793.3901330476342 0 1.4096568e-10
373456920.0 1 1805.36774054583 1 1.0
453303485.0 1 1806.0982945801663 1 1.0
348607534.0 0 1805.2026933844813 0 1.8085227e-07
354841987.0 0 1808.931255957445 0 2.181263e-10
351610703.0 1 1796.5764692660136 1 0.9999994
250660751.0 1 1798.5988327174603 1 1.0
428773302.0 1 1810.7216980250832 1 0.9999998
403037892.0 0 1809.1406337359124 0 9.167513e-05
428606661.0 1 1795.4930227005048 1 1.0
255879260.0 0 1796.6394398435134 0 0.0001456498
373959997.0 1 1810.9729716177433 1 1.0
354694730.0 0 1805.5560507410562 0 3.4405723e-06
52038497.0 1 1798.4101942946031 1 1.0
366972822.0 0 1796.6379193527268 0 3.284698e-07
356978150.0 1 1805.6559658275555 1 0.9999853
409522234.0 1 1810.390767022293 1 1.0
436846978.0 0 1812.453710609489 0 0.00010743518
394121705.0 1 1797.09498588931 1 1.0
83142000.0 0 1812.3680594117723 0 3.2445885e-07
444140186.0 0 1812.7860844195557 0 7.648996e-06
348672128.0 1 1797.3485082692184 1 1.0
186985837.0 0 1812.7032250705715 0 0.00015511707
256416606.0 0 1812.7018988251255 0 2.1263262e-09
192740281.0 0 1805.3076604988487 0 2.5934467e-05
374222981.0 0 1809.035596493923 0 1.586047e-07
407415975.0 0 1796.7656053094177 0 0.26624444
400344508.0 0 1805.2222692685216 0 1.24640645e-11
351538646.0 0 1812.368155408564 0 7.969319e-07
230079118.0 1 1798.0104252183266 1 1.0
333865930.0 1 1810.4498220988053 1 1.0
71696581.0 0 1805.2442713038063 0 4.0913686e-09
288853174.0 1 1796.451848276372 1 1.0
292324789.0 0 1805.2447859160477 0 9.204344e-14
321450937.0 0 1808.9915798797306 0 2.0335506e-08
160618155.0 1 1805.8652889191846 1 1.0
137126056.0 0 1805.2014736303688 0 1.2207429e-06
445402441.0 1 1797.0771735431792 1 1.0
422389585.0 1 1798.3249958919457 1 1.0
433283165.0 0 1812.7659966658864 0 0.0010379218
302476679.0 1 1797.0987895982396 1 1.0
65159558.0 0 1805.2242396927898 0 5.0237588e-05
177709925.0 0 1812.5785980081941 0 1.8570334e-05
192529825.0 0 1796.6408308031873 0 0.00015305981
285280982.0 1 1793.8911816960547 1 1.0
445592469.0 1 1799.014995720305 1 0.9999997
370857442.0 1 1794.0357624465767 1 1.0
229683910.0 1 1797.4888987176355 1 1.0
250661165.0 0 1812.3487158215432 0 1.8177741e-05
116992839.0 0 1808.8699321658403 0 6.625703e-07
117868677.0 1 1795.578000004423 1 1.0
445546957.0 0 1812.4107250229235 0 7.981384e-12
445564070.0 1 1794.0361083483172 1 1.0
77451620.0 1 1805.5371272739815 1 1.0
387269721.0 0 1812.7834279190542 0 1.5546959e-12
230001021.0 0 1808.8859014449624 0 4.534084e-08
198159870.0 0 1805.2185694652221 0 2.2641649e-05
364184823.0 0 1808.8873603310026 0 9.777337e-12
219860187.0 0 1812.5110904273308 0 2.8212096e-07
77322543.0 0 1793.141329122945 0 8.9332054e-05
298734683.0 1 1798.6146851851347 1 1.0
445315985.0 0 1809.202055259027 0 3.4998223e-07
245400997.0 0 1808.8484464014111 0 8.571436e-08
49712862.0 1 1799.4938702333775 1 0.99926364
375787430.0 0 1812.5753585424197 0 7.156386e-17
367949619.0 1 1800.2425730171651 1 1.0
194783674.0 1 1805.8494375933005 1 1.0
299493136.0 0 1808.8877131569989 0 2.8708114e-10
241035265.0 1 1805.6192125357736 1 1.0
403746970.0 0 1793.390010406819 0 5.9850303e-05
420268169.0 0 1812.3668426342708 0 1.05573135e-05
366782088.0 1 1805.4295996255848 1 1.0
427647772.0 1 1798.7223801225439 1 1.0
250934637.0 0 1805.2240141455902 0 2.5032076e-13
288854677.0 0 1809.1394138126307 0 8.489363e-06
427555786.0 1 1794.5134868066543 1 1.0
385101074.0 0 1796.6407924700554 0 0.000892784
415959499.0 0 1805.4948730743513 0 4.7949347e-06
229639831.0 1 1797.1989374254285 1 1.0
410474261.0 1 1799.5153150028457 1 1.0
381807163.0 0 1812.5577190873325 0 0.00028215966
201187252.0 1 1796.6619464022738 1 1.0
28914297.0 1 1798.1205544747754 1 1.0
284207676.0 0 1793.1394420459433 0 4.5466776e-11
289354991.0 0 1808.868199548005 0 1.8057497e-07
375905662.0 0 1805.2004794282952 0 2.6204188e-07
370763683.0 1 1805.2443736104071 1 1.0
441812532.0 1 1798.5945291960084 1 1.0
432015131.0 1 1811.1619176021852 1 1.0
431775050.0 1 1793.8073266329313 1 1.0
259384433.0 1 1805.9951294481052 1 1.0
229442981.0 1 1805.3031018736108 1 1.0
376994854.0 1 1799.2607808011028 1 1.0
256661026.0 1 1794.282581642058 1 1.0
301642812.0 0 1812.3489418626245 0 1.5047048e-10
13277778.0 1 1798.5967814697267 1 1.0
65351340.0 1 1795.7240311155692 1 1.0
265291150.0 1 1805.5359783613187 1 0.9999999
240808670.0 1 1795.285808611309 1 1.0
81688370.0 0 1805.2026220652263 0 1.0207319e-10
309137526.0 1 1797.3694999414715 1 0.99999994
250454963.0 0 1812.3486524581708 0 0.00044016485
292720939.0 0 1812.6406539728498 0 0.0008120543
405625413.0 0 1812.3904535845054 0 6.1047385e-06
247404039.0 0 1812.5787542452479 0 0.00036164434
250897228.0 1 1797.4948155127056 1 1.0
427956433.0 1 1796.4094784118079 1 1.0
441717793.0 1 1794.8028817966704 1 1.0
229448888.0 0 1796.9072038352085 0 2.422402e-08
423461498.0 1 1799.3479213574008 1 1.0
250962119.0 1 1794.0571188809354 1 0.99999875
289208457.0 1 1810.263844095569 1 1.0
299492187.0 0 1808.8668868765683 0 1.9281117e-09
353733033.0 1 1798.9479554390796 1 1.0
292607265.0 0 1805.2240403654632 0 1.0235632e-09
264305111.0 0 1812.3876773588922 0 0.0016772035
315757230.0 0 1812.491657008615 0 0.00034361304
104150354.0 0 1793.3279780363634 0 1.7018168e-11
381806049.0 0 1805.4745185652748 0 0.0014478154
82094777.0 1 1796.3688321156062 1 1.0
415959842.0 1 1811.3904059497715 1 1.0
258628565.0 1 1798.3662795786536 1 1.0
427689755.0 1 1805.3885668243886 1 1.0
359584949.0 0 1808.8437235391737 0 9.482226e-06
347688587.0 0 1812.3484532270204 0 1.1273292e-09
178139182.0 0 1793.1410222404172 0 0.00011295356
418223087.0 1 1805.6792720031797 1 1.0
422612121.0 0 1805.2217871683072 0 3.548742e-09
452943219.0 0 1796.6396323603335 0 1.7229272e-07
449987928.0 1 1810.9309124745178 1 1.0
245398036.0 0 1808.84850828775 0 3.8108337e-05
259143396.0 1 1794.8281212315012 1 1.0
230384124.0 1 1796.3026292410764 1 1.0
431992623.0 1 1795.328294811779 1 1.0
73448829.0 1 1797.4329934827686 1 0.9999995
28913670.0 1 1795.7455343864613 1 1.0
264730191.0 1 1811.4109764699983 1 1.0
22735738.0 0 1805.287158903997 0 0.0007700925
375985983.0 1 1794.5755682945444 1 1.0
196788556.0 1 1795.0987620623748 1 0.999999
329084479.0 0 1805.1998540026968 0 1.533341e-10
400194383.0 0 1812.347150478118 0 9.454388e-06
445231304.0 1 1799.285498990682 1 1.0
202954152.0 0 1809.0992000423364 0 0.0009392327
230003870.0 0 1793.4071965375026 0 0.00029400704
34820374.0 0 1793.1414512565689 0 0.00017999986
284207578.0 1 1797.1394245237839 1 1.0
396343734.0 0 1812.3473394024406 0 2.5130053e-06
233129338.0 1 1806.1773291844568 1 0.9999991
116850886.0 0 1808.9324505939442 0 0.00010667007
320499425.0 1 1810.2596099403734 1 0.9979286
269820061.0 0 1812.5134784888908 0 6.1395906e-07
203094809.0 0 1796.6409011670378 0 0.00020791384
256581455.0 1 1795.9711618848617 1 0.9999999
301835445.0 1 1798.6612842378715 1 1.0
230011847.0 0 1805.2194800997956 0 1.6648019e-12
346723607.0 0 1805.5372477218039 0 0.00038583347
406899460.0 0 1812.3680422023194 0 2.892939e-06
189598287.0 0 1805.6197751407751 0 9.227457e-06
241022632.0 0 1812.3899158535326 0 7.730644e-07
279765760.0 0 1808.846747124027 0 8.2744434e-13
376546667.0 0 1805.221459174389 0 3.0868745e-07
73565824.0 0 1809.161934809481 0 1.101852e-05
270441804.0 1 1799.3887681991228 1 1.0
20872863.0 0 1805.4117580953568 0 1.0493452e-07
264309188.0 1 1793.8458940760331 1 1.0
11246577.0 0 1794.3480227715809 0 0.00038346543
270230875.0 0 1805.2011709451826 0 7.886493e-07
12110841.0 0 1809.1605071742085 0 0.00081922376
389636332.0 1 1795.2229962794893 1 1.0
250586032.0 1 1793.9739097183617 1 1.0
331314073.0 0 1809.2022954941622 0 6.058537e-06
285181188.0 1 1797.4329069402377 1 1.0
372114999.0 1 1794.140088706542 1 1.0
357820669.0 1 1796.264343846751 1 1.0
416098108.0 0 1805.2660414403606 0 4.839394e-05
377204994.0 0 1808.8464855618552 0 0.00026589594
400506361.0 0 1805.5357800870077 0 7.49135e-06
420850137.0 1 1811.389321002144 1 1.0
249830559.0 1 1810.973735583756 1 1.0
396388563.0 1 1811.305969418469 1 0.99998814
410651644.0 1 1797.390451956685 1 1.0
308717191.0 1 1797.848750049469 1 1.0
240933918.0 0 1805.2026446744037 0 1.287485e-06
323301167.0 1 1796.2213470968493 1 0.9999981
372197986.0 0 1805.2026850985383 0 0.0011667701
233621863.0 0 1812.3441032483129 0 0.00095932407
251838877.0 1 1798.4525537270079 1 1.0
376976038.0 1 1805.5106527010025 1 1.0
94371007.0 0 1805.474607093284 0 0.0010692634
282784786.0 1 1794.7642698924838 1 1.0
373018350.0 0 1805.2008570090952 0 9.470153e-06
240808670.0 0 1809.2021852983805 0 3.1057232e-09
433977596.0 0 1808.8673374609102 0 0.00012904168
302627980.0 1 1797.3266255288645 1 0.9999999
68000621.0 1 1797.59946472576 1 1.0
229502273.0 0 1805.1988683682314 0 5.3630902e-08
83812940.0 1 1810.4306847164253 1 0.9999646
449937974.0 0 1805.2865795295438 0 0.00086712715
421381550.0 0 1809.2434357682832 0 0.00023004215
387239641.0 1 1794.8871499549816 1 1.0
90667435.0 0 1796.6412547519626 0 0.00021566075
322055601.0 1 1794.0127255145915 1 1.0
177886618.0 1 1799.5786008096193 1 0.99989
196918940.0 1 1799.2654312105853 1 1.0
265007029.0 0 1805.2026294617765 0 6.653399e-07
264224989.0 1 1805.2834406580987 1 1.0
431989510.0 0 1812.4326582432975 0 0.00092225877
415901876.0 1 1797.2449840859667 1 1.0
71849965.0 1 1799.5984395945445 1 1.0
192489455.0 1 1794.3907060746144 1 1.0
13456596.0 1 1795.1187689245453 1 1.0
299330938.0 1 1795.327579850984 1 0.99999994
240891813.0 1 1810.556529591691 1 0.99999976
229674024.0 0 1808.8447669617328 0 9.084644e-10
372112312.0 1 1811.2234459473489 1 0.99999857
219741444.0 1 1796.4263163201572 1 0.9999986
229769044.0 1 1794.96973538087 1 1.0
353956367.0 1 1796.9324318327199 1 0.99999505
20872572.0 0 1793.1408383432758 0 0.00018172384
139408139.0 1 1811.1409960264957 1 1.0
366582053.0 0 1793.1371864230741 0 5.361931e-13
377146412.0 0 1808.846499772676 0 5.003772e-10
229512750.0 1 1796.7406900037802 1 1.0
354382330.0 1 1810.554874946113 1 0.9999994
230112337.0 1 1795.0731228278082 1 0.9999998
366637868.0 1 1797.4919816142292 1 1.0
426082998.0 1 1810.3259878562128 1 1.0
368028401.0 0 1805.2011839578424 0 9.5831725e-05
379481591.0 1 1811.431004052171 1 1.0
230127811.0 1 1795.4899923549222 1 1.0
352674335.0 0 1805.2224877696 0 4.693791e-07
230018535.0 1 1810.2817702530083 1 1.0
252148311.0 0 1812.702003779187 0 7.730193e-11
396062171.0 0 1808.8682790363289 0 6.930763e-06
299335635.0 1 1796.2653121012622 1 1.0
118300110.0 1 1810.1619136553325 1 1.0
417662947.0 1 1794.4715014651572 1 0.99999917
327120572.0 0 1805.535067013776 0 1.8922681e-06
286409037.0 0 1805.264910555366 0 6.9849743e-06
278855680.0 1 1798.972654078571 1 0.9999975
85486856.0 1 1794.4746509771662 1 1.0
101259135.0 1 1796.1621070588085 1 1.0
235942843.0 1 1810.4288050456025 1 1.0
322055289.0 1 1806.1792358153702 1 1.0
326810027.0 1 1793.786423189355 1 1.0
192552870.0 1 1794.5782446445464 1 0.999998
396208925.0 1 1795.1178640206606 1 1.0
354404238.0 0 1808.8486453705602 0 5.38209e-05
279521486.0 1 1811.2216064803886 1 1.0
280412792.0 1 1799.9937814096904 1 1.0
359548396.0 1 1799.5142068413543 1 1.0
417456401.0 0 1805.2644405901394 0 0.00016032325
331389565.0 0 1809.2022697718814 0 9.054325e-06
149979036.0 0 1805.474779337213 0 2.0710577e-05
444135376.0 1 1793.7650779960286 1 0.9918584
367463682.0 0 1812.3487604918637 0 0.00022288914
405415022.0 1 1799.3706102006447 1 1.0
65749412.0 1 1805.5366564068206 1 1.0
292613411.0 1 1796.120000571395 1 0.9831209
292469923.0 0 1812.7864170975931 0 0.001022378
419751930.0 0 1796.6392428557463 0 9.611233e-06
177804060.0 0 1805.307733003283 0 0.00017600684
444588743.0 0 1793.1395179979438 0 0.000748388
396198189.0 1 1799.722054402545 1 0.9999989
53961649.0 0 1809.3895435005982 0 3.9562644e-07
252183064.0 0 1809.2021938622456 0 0.0005062416
20703587.0 0 1805.203273559032 0 4.7830054e-06
20801285.0 0 1793.1408423603743 0 0.00019000364
233209941.0 0 1812.364881180496 0 1.3142598e-07
103946306.0 1 1799.6196285112921 1 1.0
241092480.0 0 1812.3693977650846 0 0.0138573265
374695963.0 0 1805.2026628157016 0 7.0580216e-05
428775428.0 0 1793.3049293541344 0 1.0796872e-06
302235453.0 1 1793.577861735946 1 1.0
352902799.0 0 1812.3494316777162 0 0.000114690876
445402441.0 0 1805.5562516056948 0 2.0846421e-07
265189652.0 1 1795.7637900546706 1 1.0
359588051.0 0 1812.3850474451774 0 9.501749e-08
219855237.0 0 1808.8438938405857 0 9.436888e-09
270929379.0 1 1806.2011592994893 1 1.0
436924709.0 0 1793.1414133680555 0 1.1355622e-09
354600017.0 0 1812.7016690828286 0 2.6680914e-06
249881771.0 0 1808.8489607475199 0 0.0009348393
104029331.0 0 1812.3489460755354 0 1.00187485e-07
251224729.0 0 1808.8487002024824 0 2.01027e-11
333067722.0 1 1793.223298987023 1 1.0
200777759.0 1 1796.599477386428 1 1.0
250746187.0 0 1793.1406489596948 0 1.808964e-15
399763482.0 1 1798.88846728759 1 1.0
28690469.0 0 1793.1409245991783 0 6.436747e-05
374129736.0 1 1810.9939728451648 1 0.9999987
29018316.0 1 1797.1622456222335 1 0.99999946
445224414.0 0 1812.7018365649456 0 2.048773e-05
192593596.0 1 1810.6824787006378 1 0.9999993
338718387.0 0 1808.8672246302901 0 1.3100995e-05
403336243.0 1 1810.764226961674 1 1.0
371000432.0 1 1795.765178560913 1 1.0
288633162.0 1 1805.9078966087766 1 1.0
436879848.0 1 1806.2871903357734 1 1.0
272831301.0 1 1794.6807946362467 1 1.0
417843052.0 1 1799.328470558887 1 1.0
321688478.0 1 1796.0334485469155 1 1.0
445324142.0 0 1805.5562264612643 0 5.3990663e-11
333112922.0 1 1794.4109661532116 1 1.0
366470628.0 0 1812.3669000272068 0 2.2493707e-10
63677963.0 1 1797.9744983102576 1 1.0
279753804.0 0 1805.2648452493665 0 1.9212263e-07
308785248.0 1 1810.9109460522504 1 1.0
237011192.0 1 1798.9702622753707 1 1.0
250456709.0 0 1812.3903705278137 0 1.1078145e-05
421307285.0 0 1812.344064080848 0 8.379661e-10
251123022.0 0 1796.827829651922 0 1.1428806e-05
21120914.0 0 1812.9327178602216 0 0.00058972486
194670356.0 1 1798.4326937477367 1 0.99999994
336819422.0 0 1793.3256792013044 0 6.3850916e-06
368611685.0 1 1799.3681072756958 1 0.9999997
449991108.0 1 1793.410324391635 1 1.0
403622718.0 1 1793.369265760363 1 1.0
219112671.0 1 1794.2401975595742 1 1.0
403746452.0 0 1805.2028068124469 0 2.1267773e-08
288636282.0 1 1810.4286063628113 1 0.999984
251626846.0 1 1797.056969346477 1 1.0
316138176.0 1 1795.7441745068386 1 1.0
236776528.0 1 1805.5313749853528 1 0.9999999
315775727.0 1 1798.8040856329335 1 1.0
445372883.0 0 1805.5564030058388 0 2.415563e-13
398069666.0 0 1805.2643712636893 0 1.1039274e-13
186629856.0 1 1793.578619997332 1 0.99999934
65196007.0 0 1796.6408777814 0 0.0008319879
230384546.0 1 1806.2191705377945 1 0.9999998
309235278.0 0 1805.244411185987 0 8.4459826e-13
319847776.0 1 1794.5978933101267 1 1.0
398306011.0 1 1797.5545212888458 1 1.0
63471618.0 1 1797.1827967370702 1 1.0
435355210.0 1 1798.6385779991117 1 0.99999994
192297712.0 1 1797.0367443570422 1 1.0
427588201.0 0 1796.9091813062707 0 7.231415e-09
312467981.0 1 1810.535436713321 1 1.0
279568639.0 0 1808.8675561061107 0 4.0255045e-06
292322983.0 1 1806.3697975737405 1 0.9999998
270014616.0 0 1796.9095929832115 0 4.8930433e-05
396574801.0 1 1795.578465838139 1 1.0
288945163.0 1 1795.5768187725425 1 1.0
285083594.0 1 1796.2027612095194 1 1.0
256645287.0 0 1808.8668129939037 0 2.3513952e-08
326788321.0 0 1805.5558236156824 0 3.9099992e-05
34750272.0 1 1795.6830861055428 1 0.999968
129864940.0 1 1797.1618377599968 1 1.0
436843124.0 1 1795.8498004434634 1 1.0
400951601.0 1 1799.1407835788048 1 1.0
249916590.0 1 1810.244786970721 1 0.9999972
28961645.0 0 1809.120626864351 0 0.0006996648
453184239.0 1 1795.764991009043 1 1.0
292001899.0 1 1794.3908062826506 1 1.0
269893200.0 0 1808.9121135419844 0 1.950662e-05
412353000.0 0 1805.2419228515794 0 6.390523e-07
400254698.0 1 1805.3679935298524 1 1.0
229597519.0 0 1794.1987714421832 0 0.00018524713
83806793.0 1 1811.451436935325 1 1.0
396662379.0 0 1796.8054171129916 0 4.2005818e-06
428705952.0 0 1812.3468038103358 0 2.6403064e-09
417843137.0 1 1794.8910337446057 1 1.0
233514389.0 0 1794.4056591129083 0 0.00084058015
229499393.0 1 1811.4697348517052 1 1.0
252192240.0 1 1797.0566137221126 1 1.0
431760686.0 0 1808.9743062042342 0 0.00071038265
381585159.0 1 1796.5993831652765 1 1.0
428054344.0 1 1805.307422855566 1 1.0
308289231.0 0 1793.140366598354 0 1.4021838e-13
370212288.0 1 1811.4940142431958 1 1.0
395925044.0 1 1800.493129811749 1 1.0
129762002.0 0 1805.5993587377031 0 2.1287889e-07
192536159.0 0 1805.3075716773203 0 1.7775228e-05
22814039.0 0 1796.6413699104548 0 0.00013337166
377416971.0 1 1805.9507592789628 1 1.0
229445310.0 1 1795.094758547793 1 1.0
237290140.0 1 1805.220377118863 1 0.99998814
352807799.0 1 1811.203687330605 1 1.0
366975840.0 0 1812.3462763330672 0 8.4907255e-09
441722462.0 0 1805.1985898880332 0 8.033891e-09
395658146.0 1 1796.3262940993418 1 1.0
250554398.0 0 1808.869590971787 0 1.5543988e-05
450157798.0 1 1793.80691355735 1 1.0
327245482.0 1 1794.181174570288 1 1.0
85524349.0 0 1800.1413243549393 0 1.0291511e-07
101037444.0 0 1809.1205331357894 0 0.00016897758
323304257.0 1 1805.4920685557615 1 1.0
417310592.0 1 1793.5559716866626 1 1.0
268516426.0 0 1796.9094199629671 0 6.899591e-05
198184398.0 1 1795.426390050497 1 1.0
178106889.0 1 1795.4536071392556 1 1.0
395696619.0 1 1794.8886924818332 1 1.0
258958811.0 0 1812.3657565715737 0 3.2446303e-06
398024704.0 0 1805.3477584736675 0 4.2652964e-08
288734931.0 1 1811.011977235763 1 1.0
374303249.0 1 1798.452342242171 1 1.0
245421634.0 0 1812.3485055911449 0 0.0003028637
270553187.0 0 1805.2220966502373 0 1.1437668e-07
405482889.0 1 1811.391487450578 1 1.0
12986516.0 1 1797.5565961858636 1 0.9999996
252817841.0 1 1798.4946032125968 1 0.99992055
77543001.0 1 1793.2246530743494 1 0.99999946
65165362.0 1 1796.8074365880839 1 0.99999994
289723597.0 0 1797.968343826358 0 5.039166e-12
34620321.0 1 1795.7248030576511 1 1.0
445450149.0 1 1796.7652023116036 1 0.99999994
322060987.0 0 1808.8875333627677 0 8.139656e-12
233132351.0 1 1799.6356180204543 1 1.0
307640507.0 1 1795.5358305159468 1 1.0
116214066.0 0 1812.3906225154774 0 1.894924e-05
445235922.0 0 1796.6398010127496 0 8.474248e-07
116760547.0 1 1797.4322015702744 1 0.99999946
316322253.0 0 1796.8901781793184 0 0.000114494724
284807429.0 1 1795.9934419916103 1 0.99999946
377978347.0 1 1795.9512080542456 1 1.0
407391200.0 0 1805.2011089442792 0 1.7951094e-11
192467947.0 0 1808.974376711348 0 0.0008402458
370596684.0 0 1808.8484595913515 0 3.8465564e-06
428067663.0 1 1796.786477368823 1 1.0
289093425.0 0 1808.8470229863503 0 0.00040753157
378280451.0 0 1812.367876899941 0 1.0013667e-07
312862956.0 1 1799.5773710566539 1 1.0
229966242.0 0 1812.3858567580457 0 7.9578155e-10
415837750.0 0 1805.2031415002264 0 4.1869708e-09
139579405.0 0 1796.6411229043758 0 0.00019721812
286025926.0 1 1810.9531671931368 1 1.0
288406303.0 0 1805.2410529498193 0 2.1731894e-22
235683276.0 1 1806.17843731549 1 1.0
403948749.0 1 1799.5769960406205 1 0.99999946
252866189.0 1 1794.5155310281168 1 1.0
444594142.0 1 1798.4938137275974 1 0.9999999
264454096.0 0 1809.3876815222977 0 5.9536633e-06
316491478.0 0 1809.0721073221016 0 9.90649e-11
372269137.0 1 1797.4525457466666 1 1.0
434263751.0 1 1795.4926921799674 1 0.9999998
444497412.0 0 1796.6394729631866 0 4.2673666e-05
192652602.0 0 1808.9325341232475 0 0.0009802507
298358846.0 0 1812.3674940452959 0 1.332546e-07
177993784.0 1 1795.4743268484588 1 1.0
415961061.0 0 1805.2239170970047 0 1.7861153e-07
444356097.0 1 1793.80599469147 1 0.99977255
453272088.0 0 1809.1607914048375 0 3.6073736e-06
423948197.0 1 1810.4917959170025 1 1.0
177992848.0 0 1793.1409908599749 0 0.00069493434
422922286.0 0 1812.6616879199664 0 0.0004612166
52437210.0 0 1812.8060697012054 0 0.0049525658
251325954.0 1 1805.4944041779029 1 1.0
450142397.0 1 1798.3692111125001 1 1.0
410615958.0 0 1808.8693888477246 0 9.826458e-06
306183336.0 0 1812.7020983040336 0 3.440831e-13
192693142.0 1 1794.870060515116 1 0.99999917
312339132.0 1 1794.4314850277249 1 1.0
369825016.0 0 1796.9102318843566 0 0.58374554
403877251.0 0 1808.9316372577157 0 6.027909e-05
327581427.0 1 1795.9936397242477 1 1.0
420176421.0 0 1808.8869531865757 0 2.998182e-05
292465093.0 0 1812.3489114637734 0 0.00025744125
139533981.0 1 1794.1202392725925 1 1.0
302148491.0 1 1805.4950982847893 1 0.999997
398325962.0 0 1808.867237829372 0 6.3640976e-10
319920120.0 1 1798.243803386095 1 1.0
259097101.0 1 1796.4073697202507 1 1.0
403742835.0 1 1805.9112648519579 1 1.0
353779523.0 0 1797.9686136659734 0 1.2047347e-07
347494001.0 1 1795.0573940385011 1 1.0
402658915.0 1 1797.115775345498 1 1.0
422353035.0 1 1794.2621666729333 1 1.0
285237181.0 0 1796.6395854577283 0 0.0007291238
65287349.0 0 1793.1407764222872 0 0.00091466686
117621693.0 1 1810.5990739950641 1 1.0
270065714.0 0 1809.3079273540768 0 0.00088404014
194783674.0 0 1793.1408991191154 0 0.00064561603
332869735.0 0 1809.1815009912457 0 1.2574386e-06
245392252.0 1 1798.0152623537217 1 1.0
65749395.0 1 1797.994848471465 1 1.0
428472302.0 1 1795.5352599043765 1 1.0
177968181.0 1 1810.9744758372785 1 1.0
308959220.0 0 1793.3696773353392 0 1.3246049e-12
268332837.0 0 1796.6371338847584 0 5.991683e-05
22746976.0 1 1810.3078835388244 1 1.0
198237420.0 1 1805.8642369648435 1 1.0
433283420.0 0 1793.1410685661615 0 0.00015213079
322338839.0 0 1805.2443724267303 0 2.5595817e-12
192651412.0 0 1793.140740386895 0 4.3914453e-05
177821128.0 1 1811.286974596251 1 0.9999999
160586222.0 0 1805.1984887661338 0 3.2731717e-07
191773391.0 1 1796.1405967345627 1 0.9988844
367241905.0 0 1805.2422507450488 0 1.605051e-05
279195613.0 1 1795.4102511395 1 1.0
417607351.0 1 1811.1788739382218 1 1.0
354548262.0 1 1797.9736905276586 1 1.0
373058009.0 0 1812.3677046587138 0 6.5141045e-08
357046368.0 0 1794.405957647326 0 1.529764e-08
376368590.0 0 1808.8880155045867 0 2.3297041e-07
229597834.0 0 1812.3447372244245 0 1.0763914e-05
268428072.0 1 1796.678896960921 1 1.0
186597420.0 1 1798.3703899102054 1 1.0
264298907.0 1 1794.0326409907311 1 1.0
399013326.0 0 1809.202252898174 0 4.4772515e-09
199525869.0 1 1806.259980550621 1 1.0
311833578.0 1 1796.1605086280513 1 0.99998844
230027382.0 0 1812.3650963474963 0 4.437592e-12
312250970.0 0 1793.1397155372824 0 5.4644106e-10
51029031.0 1 1796.1189047602063 1 0.8462489
412359232.0 0 1808.8668466128743 0 7.558353e-08
229611301.0 0 1812.3447580789846 0 0.00030975384
240770097.0 0 1805.5147613753832 0 1.4133997e-09
230086115.0 1 1800.4897455976186 1 1.0
292058043.0 1 1799.3491643846442 1 1.0
346627004.0 1 1810.2454550498205 1 1.0
13363403.0 0 1805.2648968836431 0 1.07787206e-16
309126202.0 1 1798.2446461446016 1 1.0
264252568.0 0 1808.8450049679384 0 8.271621e-07
10868208.0 0 1808.9106004503508 0 3.7459517e-07
54265677.0 1 1799.9310725940572 1 0.9999975
445361290.0 0 1812.8060827133231 0 3.3633924e-06
264897135.0 0 1805.2004633105157 0 2.5934692e-09
359312949.0 0 1805.4681219230467 0 8.3596774e-13
367532344.0 1 1805.4946453328823 1 0.9999999
321598171.0 1 1795.5126156473918 1 1.0
240882665.0 1 1805.619170841448 1 0.99999994
321684196.0 0 1808.991630337613 0 1.7929016e-08
63782213.0 1 1797.4120406995773 1 1.0
201111651.0 1 1795.1827564237838 1 1.0
224596196.0 1 1795.6763235352375 1 0.99996215
348025858.0 0 1812.3485162021618 0 5.5404932e-08
341816088.0 1 1806.0306427028863 1 1.0
353937836.0 0 1794.4062572934542 0 0.00015629949
219099780.0 1 1810.4486027179025 1 1.0
219092927.0 1 1810.323411334179 1 0.9999997
249945361.0 1 1799.4323833927222 1 1.0
366587671.0 1 1810.5544726570056 1 1.0
289263532.0 0 1808.8681987772934 0 4.712472e-08
245700119.0 0 1805.202756759015 0 1.6997993e-07
399588188.0 1 1810.3893586741972 1 0.99999976
259100944.0 0 1808.8449011767063 0 0.00026365503
251201370.0 0 1808.8486680539017 0 9.9894874e-05
71930893.0 1 1794.3899767886317 1 1.0
159539998.0 0 1812.3867875890778 0 3.0639146e-06
301566719.0 0 1808.8488165168494 0 7.354743e-05
322261825.0 0 1805.2209659381385 0 9.544288e-08
177995000.0 0 1808.8494168340637 0 0.0006305577
192690272.0 1 1796.4742622044137 1 0.99999994
81451527.0 1 1796.0771653608413 1 1.0
348311663.0 1 1810.348556034433 1 1.0
65356037.0 0 1808.8909299268457 0 0.001027016
67518987.0 1 1794.5784404559204 1 1.0
396527515.0 0 1805.2015556173994 0 1.1185173e-10
389913634.0 1 1805.8016777647783 1 0.9999143
423948083.0 1 1799.137833726592 1 0.99995816
445633103.0 1 1793.8484723157346 1 1.0
240892011.0 0 1793.3484872823176 0 3.288456e-05
219428871.0 1 1794.3018099931255 1 1.0
236760882.0 1 1797.1360516003633 1 1.0
240903642.0 0 1812.3482436084223 0 3.9111008e-08
22842245.0 0 1805.3079529055085 0 1.6929217e-06
292610590.0 0 1808.8489423004287 0 8.6790464e-11
34622929.0 1 1796.308060083973 1 0.99999964
289043754.0 1 1805.7430394171206 1 1.0
316249661.0 0 1812.3904956754805 0 2.0744456e-12
390579628.0 0 1805.285557738841 0 6.400541e-05
10702178.0 1 1794.8272572386024 1 1.0
338718899.0 1 1797.1382938717552 1 0.99999845
46616986.0 1 1810.5997912048824 1 0.99355817
368727477.0 0 1808.8891092396725 0 1.3642609e-09
316623566.0 0 1796.8277407324501 0 6.7839665e-08
403742640.0 0 1808.869638648235 0 1.3686398e-20
372349959.0 0 1808.8488371384374 0 3.846586e-06
255995855.0 0 1812.4495008802453 0 6.862611e-06
237011192.0 0 1812.3449945364346 0 8.7265245e-10
366556362.0 0 1808.8878095728692 0 5.522231e-08
428388736.0 0 1805.2032846900613 0 0.0008964331
230084677.0 0 1812.3440626176714 0 8.927447e-05
229948115.0 0 1805.2194714743025 0 8.708854e-09
452883240.0 1 1795.347724978543 1 1.0
427649941.0 1 1805.4300409741702 1 0.9999998
73486963.0 1 1796.8287014444725 1 1.0
160520703.0 0 1794.1982000208757 0 9.391412e-06
427950161.0 1 1796.4926772061615 1 1.0
368738288.0 1 1797.0139989065 1 1.0
435362507.0 1 1811.0758181642188 1 1.0
453250707.0 0 1809.160694608739 0 3.6007557e-05
256696297.0 1 1800.0980154859396 1 1.0
384983276.0 1 1810.1618535499144 1 0.999998
428605931.0 0 1808.8679697950963 0 5.2356257e-09
201116684.0 1 1796.0576036007346 1 1.0
249940864.0 1 1805.5780500867393 1 1.0
348025785.0 0 1793.327690299408 0 5.6841323e-15
235954162.0 0 1812.3666369423092 0 3.3791185e-08
327789293.0 0 1805.223888783178 0 2.8612068e-10
354466165.0 0 1808.8693567868706 0 8.747731e-08
367423172.0 1 1805.8462586143369 1 1.0
229497381.0 0 1812.344550333564 0 4.766981e-13
272784070.0 1 1793.3022425213771 1 1.0
395521835.0 1 1810.3472954998872 1 1.0
67634988.0 0 1808.8493552239545 0 0.00011969967
219897695.0 1 1797.6360183598092 1 1.0
422451468.0 0 1808.8874134990522 0 9.544891e-06
444078430.0 0 1796.8278648011428 0 0.00062499905
279288205.0 0 1808.8676085783059 0 4.8752764e-07
249830333.0 0 1812.348714159969 0 1.2820205e-06
345782594.0 1 1805.61808853697 1 1.0
137205513.0 1 1794.1385318699654 1 1.0
401494592.0 1 1811.4718721571746 1 1.0
235686198.0 1 1810.865873292135 1 0.99996156
264172903.0 1 1797.178391345999 1 1.0
129903219.0 0 1809.1200315632611 0 0.00015651603
291890860.0 0 1796.786551919504 0 0.00019972761
285681305.0 0 1805.3688369722336 0 5.2602115e-08
249921263.0 1 1806.1613207231694 1 1.0
68002143.0 1 1798.036894581713 1 0.99999964
237293455.0 1 1796.0120937207416 1 0.9999998
241125585.0 0 1808.8694098877238 0 0.012909324
192317597.0 0 1812.4949946799588 0 0.00014837513
269667140.0 1 1799.1160479933037 1 1.0
424438076.0 0 1812.552529848119 0 8.0007895e-15
229474843.0 0 1805.2195465785946 0 5.7013274e-09
245390572.0 1 1811.2236420038835 1 1.0
368738288.0 0 1808.8473502639392 0 2.3513942e-06
445368635.0 0 1805.5146629793833 0 1.4825997e-07
250867463.0 1 1794.1405224430393 1 1.0
83343204.0 1 1811.2431844923672 1 1.0
219810107.0 1 1805.7813627539756 1 0.9999993
376994775.0 0 1805.1981637233494 0 2.4574069e-08
428747635.0 1 1798.0757406555094 1 1.0
283344958.0 0 1812.8685332551122 0 2.4487695e-12
418256655.0 0 1805.4709232720475 0 4.0758602e-13
436848526.0 0 1805.3705414882031 0 1.4686496e-09
450009479.0 0 1805.535409306388 0 1.5766952e-09
235713902.0 1 1805.720300759498 1 0.9999998
433140578.0 0 1805.4953173170088 0 5.9931304e-10
28693825.0 1 1810.1197856049407 1 1.0
101407235.0 1 1794.6621254782451 1 0.9999999
201181969.0 1 1795.5992437550963 1 1.0
331607710.0 1 1806.3063292782365 1 1.0
316047081.0 0 1808.84879051636 0 5.3883724e-09
376408914.0 1 1811.2838371716414 1 1.0
417339069.0 1 1795.3684171140608 1 1.0
237210250.0 1 1793.9703407291984 1 0.9999963
275362451.0 1 1795.180316086632 1 0.9999999
322346243.0 0 1812.3486599876426 0 2.0304895e-05
116141144.0 0 1809.2863843104772 0 2.9773728e-08
264728694.0 1 1798.7651944934507 1 1.0
354109094.0 0 1812.7021415981808 0 7.2477224e-06
233571443.0 1 1799.2817157184852 1 0.99999523
265204271.0 0 1805.2026206609041 0 0.048831027
351553757.0 0 1812.3472161028978 0 1.1885682e-05
389970188.0 0 1805.3229320693272 0 4.9440146e-06
286177742.0 1 1794.9121207369587 1 1.0
322390336.0 0 1796.825301933777 0 6.215118e-06
192590256.0 1 1798.1408428871873 1 0.99998915
422384169.0 0 1805.241189657446 0 6.439775e-06
347688471.0 0 1793.3901273424158 0 4.1689304e-06
302160540.0 1 1798.5990677730306 1 1.0
321600484.0 1 1799.5739815751954 1 0.99999994
192558373.0 0 1812.3493477464774 0 0.00011075567
398156989.0 0 1805.3475952392866 0 1.6300053e-10
356056062.0 1 1810.8860454185894 1 1.0
387528535.0 1 1810.9288037401855 1 0.9999848
418372588.0 1 1797.388480070186 1 1.0
284889425.0 1 1797.0098108462705 1 0.9999954
82618423.0 1 1795.3690835583277 1 1.0
453185259.0 0 1809.3064724547064 0 6.9823307e-07
264077432.0 1 1797.7831841162251 1 1.0
402810602.0 1 1795.8476042080117 1 1.0
373695206.0 1 1799.1187836136257 1 0.9276569
35082807.0 1 1796.1414114928434 1 1.0
71741380.0 0 1793.1401818927127 0 6.234353e-14
235978781.0 1 1797.470548744032 1 0.9999895
357678363.0 0 1808.9729001142532 0 0.0001384949
452961054.0 1 1798.4313759595912 1 1.0
354288232.0 0 1812.346500543567 0 5.675817e-06
347946105.0 1 1799.452608968592 1 0.99999595
359339341.0 0 1812.3888441839788 0 7.7442436e-18
73623909.0 1 1794.0786996738505 1 0.99999356
369352998.0 1 1798.930812286843 1 1.0
278855364.0 0 1805.2851677040535 0 8.634536e-10
362219454.0 0 1808.8873074495718 0 3.4693333e-06
283251929.0 1 1794.6185308610097 1 0.9999949
201300054.0 1 1797.2660862833388 1 1.0
301994288.0 0 1809.140496968857 0 1.6460004e-05
377255243.0 0 1794.406727609353 0 5.2140754e-06
198159522.0 1 1795.3432730471045 1 1.0
207402722.0 1 1794.176249480459 1 0.9999998
35200562.0 1 1797.6413482525443 1 0.9998571
445410590.0 0 1793.1398711361971 0 4.0620915e-07
63626295.0 0 1809.0368464938795 0 0.0007569222
65159476.0 1 1793.43235000187 1 0.9999993
230131062.0 0 1808.844350307758 0 5.7815946e-06
252124251.0 0 1812.7019747296517 0 9.4051185e-09
192647436.0 1 1795.0784447128633 1 0.99999017
71688124.0 0 1805.5357137617284 0 4.7673643e-09
252143445.0 0 1812.6812478360962 0 1.9031963e-13
434717882.0 1 1798.5968336559122 1 0.99999994
250601664.0 0 1796.640590185348 0 3.2061077e-06
407517568.0 1 1796.4715242228567 1 1.0
359256653.0 1 1796.6600096094382 1 1.0
272415400.0 0 1812.3677596269367 0 2.5812406e-05
398308220.0 1 1799.1379465124282 1 1.0
264917481.0 0 1805.2028928659743 0 6.521466e-06
34753451.0 1 1805.9539566516544 1 0.99999994
191773499.0 1 1794.3281080499553 1 1.0
403117926.0 1 1800.053601206956 1 1.0
12708463.0 1 1810.8881563738414 1 1.0
270015117.0 0 1793.4096327283746 0 8.171381e-14
420295661.0 1 1793.8477144186372 1 1.0
374479027.0 0 1793.14006912381 0 1.2295431e-14
241049173.0 1 1794.6404081080236 1 1.0
94548312.0 1 1798.4536217939583 1 1.0
407389500.0 1 1799.6595076872343 1 0.9999999
184590042.0 0 1812.7239784251258 0 0.0008426467
445300077.0 1 1798.3480810507576 1 1.0
229650991.0 0 1812.532657360543 0 0.0037291863
251702778.0 1 1794.161041291486 1 1.0
402442745.0 0 1808.8449876927034 0 1.9150539e-08
351958171.0 1 1811.0555969066772 1 1.0
250531946.0 0 1805.2029311399715 0 2.0350192e-06
319599158.0 1 1811.3266858249315 1 1.0
436870404.0 1 1796.495578419242 1 0.9999995
198413518.0 0 1797.9679992756546 0 0.00035112232
420295645.0 1 1810.1600107102988 1 1.0
264801594.0 1 1810.2860463152779 1 0.9999991
331714637.0 0 1809.1606869934624 0 1.0697723e-05
396344576.0 1 1796.6178265539993 1 1.0
353505793.0 0 1796.637650852345 0 0.0009698047
301266153.0 1 1798.7030498595327 1 1.0
201356318.0 1 1794.0158732418422 1 0.99990267
396028046.0 1 1797.7221279876337 1 0.99998873
118334690.0 0 1793.141385042446 0 8.319046e-05
418218507.0 0 1808.9708923091619 0 0.0002393247
422354492.0 0 1805.1995102597994 0 7.178853e-08
423034236.0 1 1796.0151758707782 1 1.0
381583700.0 1 1794.8493070800066 1 1.0
275858205.0 0 1805.3268590250354 0 0.00030365703
407390845.0 1 1799.3052857882815 1 1.0
354541797.0 0 1796.6404026501957 0 2.7858856e-05
229496251.0 1 1794.1573403790874 1 1.0
431925339.0 1 1796.3699718589128 1 1.0
12415594.0 1 1795.8689899300405 1 0.9998294
403335736.0 0 1812.7016754162914 0 1.05667404e-07
259144034.0 0 1805.2241002249339 0 3.5822237e-07
279711204.0 0 1805.2009643404208 0 0.00042471394
331603658.0 0 1812.7437514605372 0 5.329235e-05
117619327.0 0 1808.9532908710398 0 0.000740186
444492163.0 1 1793.3477130197832 1 0.99999994
436930306.0 0 1793.141373223944 0 0.0015576392
357746262.0 1 1797.1808851014111 1 0.99999154
444500656.0 0 1809.3269070638091 0 0.0003065659
279926110.0 1 1796.5356145697356 1 1.0
286315939.0 1 1793.8496918064664 1 0.99999934
235678217.0 0 1805.2200382019764 0 1.2865765e-09
302089547.0 1 1806.0782672143634 1 1.0
229443411.0 1 1797.9698299080194 1 0.99999285
395653848.0 0 1808.868115201762 0 9.743294e-07
47518812.0 0 1794.4060778203632 0 0.00039639432
427866488.0 0 1808.8884754555781 0 1.098642e-10
452963866.0 1 1797.618923846111 1 0.99999994
251459295.0 0 1793.3900163694523 0 0.00016581651
312682246.0 0 1812.6811964368549 0 4.160549e-09
370602955.0 1 1805.2442480184816 1 1.0
54721478.0 1 1811.2437758259698 1 0.9999989
243297793.0 1 1794.0319420145738 1 1.0
390165432.0 1 1796.6606370185843 1 1.0
326258980.0 0 1805.345082432527 0 3.6663064e-07
346781234.0 0 1805.2036934470311 0 0.0005550264
326632451.0 0 1805.2222426785152 0 1.7846485e-08
420552290.0 1 1796.1184471835427 1 1.0
284145168.0 0 1812.660056020607 0 5.1034607e-07
363810550.0 0 1812.3680071008573 0 7.636083e-11
410773762.0 1 1798.9711652851604 1 1.0
65358511.0 1 1810.120179575625 1 1.0
252841611.0 0 1805.2447807030312 0 7.6103e-06
327364701.0 0 1812.6599371098798 0 0.0008371059
116611892.0 0 1808.8490515011092 0 4.2092387e-09
35014268.0 1 1810.5163889256744 1 1.0
270324183.0 0 1796.9095799717863 0 2.4221972e-05
241027976.0 1 1794.890418170603 1 1.0
192466803.0 1 1794.2034042510734 1 1.0
137159262.0 0 1805.2013328800224 0 0.0003791595
387675673.0 0 1808.8871393924583 0 3.9473754e-11
311820958.0 0 1809.1810781020372 0 0.00011254264
427867897.0 1 1810.7634303482 1 1.0
71691701.0 0 1796.6400022431467 0 2.0528942e-05
427519378.0 1 1798.1383584760874 1 1.0
285178066.0 1 1811.1826379413021 1 1.0
445356907.0 0 1812.701977170218 0 5.214843e-10
138122604.0 1 1794.0161352304983 1 1.0
301331679.0 0 1796.8278968914558 0 6.190079e-06
251430659.0 1 1798.431943672998 1 1.0
366068119.0 0 1808.846849924475 0 1.1212802e-12
316953722.0 1 1794.3275886370354 1 1.0
250720272.0 0 1805.2237253014769 0 2.0131998e-05
201112646.0 0 1805.537078690405 0 0.00052114925
305678997.0 0 1812.3453531802666 0 2.3989765e-05
241022632.0 1 1797.077690963448 1 1.0
334804299.0 0 1812.7835118565354 0 1.7020638e-07
240940049.0 0 1813.098149139567 0 2.918975e-10
233233781.0 1 1796.4691717325559 1 1.0
359982726.0 1 1799.720145099496 1 1.0
275055370.0 1 1796.0554495591568 1 1.0
230380918.0 1 1796.219583649238 1 1.0
307117358.0 0 1809.18145914384 0 1.104463e-08
240962467.0 1 1810.1607441969995 1 1.0
35117954.0 1 1797.5164205185292 1 1.0
46502622.0 0 1793.1413331334193 0 0.0002533614
85400817.0 0 1808.8496476091323 0 0.00023128118
333803315.0 0 1808.9705430539673 0 0.00027967876
289622680.0 1 1794.343648531259 1 1.0
353173655.0 0 1808.9101491991396 0 0.00043672492
353929217.0 1 1794.8704633362065 1 0.9999285
279726148.0 0 1808.910890433923 0 0.00017465906
368599330.0 0 1812.3468768678965 0 1.3205902e-10
186719960.0 0 1805.2245265755537 0 3.903033e-05
441812532.0 0 1805.1987414586126 0 4.5092432e-13
385555160.0 0 1805.5581003957702 0 0.000574413
444439472.0 0 1809.201657464396 0 8.483544e-06
230014869.0 0 1808.844596491313 0 5.2233777e-06
445558560.0 1 1793.931819143246 1 1.0
286409527.0 0 1808.9316203870205 0 4.3542776e-05
117327185.0 1 1795.0781398930114 1 1.0
427383588.0 0 1805.2007539934887 0 1.3654891e-10
52260867.0 0 1809.20202157667 0 4.1770858e-07
305430833.0 0 1796.7649379473291 0 0.0003622083
370430421.0 1 1794.1190667387446 1 1.0
14038149.0 0 1808.952493209236 0 1.4763263e-05
233501988.0 0 1805.219348499938 0 2.0490338e-09
375719362.0 1 1794.096466277906 1 1.0
445311096.0 0 1809.1812996278225 0 9.903819e-07
305047853.0 1 1795.4941391488187 1 1.0
184588451.0 0 1796.641028592577 0 0.00049705425
237293896.0 1 1797.5329660030354 1 0.9973143
421683849.0 0 1809.2018829353556 0 1.3624102e-08
279670446.0 0 1808.8678203731079 0 4.4685847e-05
289723597.0 1 1805.6140388865747 1 1.0
312142585.0 1 1796.2647419349273 1 1.0
400814245.0 0 1805.306441550336 0 1.9616088e-08
264897914.0 0 1793.137800674176 0 2.4535992e-12
264915759.0 1 1795.348681134689 1 1.0
432046871.0 0 1805.3075783693498 0 0.00048580163
444495288.0 0 1812.8267821334416 0 4.820286e-09
184659682.0 1 1795.4742548415004 1 0.99999976
229510813.0 0 1808.8655870076504 0 1.0501724e-05
229605375.0 0 1812.3659442891935 0 1.1474317e-10
285506890.0 0 1812.3485441078633 0 1.9319252e-05
357048961.0 1 1805.65611773546 1 0.99999344
235685605.0 1 1798.199278739364 1 1.0
370269511.0 1 1795.4316795647726 1 1.0
11158635.0 0 1797.8482412007604 0 2.504216e-09
445632761.0 1 1797.1401707018151 1 1.0
308529167.0 0 1812.4733631041038 0 2.8867855e-05
402977148.0 0 1808.8467587322523 0 3.516854e-05
237209648.0 0 1812.387030184983 0 1.1712189e-05
417843514.0 0 1793.1410760691151 0 0.00054670597
347681653.0 0 1805.2028292138689 0 3.163942e-06
326856571.0 0 1808.8903329130146 0 3.7495654e-05
435355173.0 1 1798.61775535469 1 0.9999998
284316014.0 0 1809.2017300724362 0 1.1899524e-09
252101423.0 1 1799.9939082155552 1 1.0
116849798.0 0 1812.3907739737292 0 0.0002870954
312466656.0 0 1809.1813337099898 0 3.0866132e-09
22739283.0 0 1809.0162195626558 0 9.1822556e-05
198279732.0 0 1808.9060180666631 0 0.0003918608
299492988.0 0 1808.8877183345564 0 3.428268e-16
354160716.0 0 1812.3899398176789 0 4.2858496e-06
444113917.0 0 1808.8901922718978 0 5.7860106e-16
52341315.0 0 1796.6393738723007 0 0.00030727402
46428036.0 0 1805.578972804701 0 0.0010344081
332802700.0 1 1795.4942004960233 1 1.0
72084719.0 1 1796.619078464063 1 1.0
396533038.0 1 1799.2014134990152 1 1.0
251650602.0 0 1808.8485560054273 0 2.766812e-05
387563791.0 1 1798.3456249112314 1 1.0
422827667.0 1 1798.5324823138353 1 1.0
265188499.0 0 1796.9095975778687 0 1.1362428e-05
275186724.0 1 1810.7219498485981 1 1.0
351606357.0 1 1796.8263606428707 1 0.9999253
354046724.0 1 1797.1377202676367 1 1.0
445245390.0 0 1809.2020277832623 0 1.7898981e-05
292274351.0 1 1798.0573041484656 1 1.0
203037041.0 1 1797.515810255277 1 1.0
327606180.0 0 1805.2030341162224 0 7.021842e-06
387675673.0 0 1805.2413682784438 0 1.1823278e-05
200935514.0 0 1793.140857361707 0 0.00041819687
376298461.0 1 1800.1185365235378 1 1.0
444334200.0 1 1793.8894022378788 1 0.9999999
403751764.0 0 1796.639881864451 0 1.8201155e-05
428208284.0 1 1811.1824118572224 1 1.0
403691682.0 1 1794.6819875764209 1 0.9999999
268378643.0 1 1805.7414725117358 1 1.0
368889209.0 0 1797.1598506230528 0 2.0718677e-05
116218054.0 1 1794.3489718992653 1 0.99999994
364179456.0 0 1805.2623231184732 0 7.335412e-07
403117926.0 0 1808.8451623367382 0 3.7874736e-07
445560130.0 1 1796.3485405448234 1 1.0
50607892.0 1 1795.7232221781512 1 1.0
332872308.0 1 1797.535871825525 1 1.0
118389968.0 0 1812.453577126554 0 9.9916884e-05
354253718.0 1 1796.8070014963373 1 1.0
452913014.0 0 1793.139720410383 0 7.2741737e-13
83142000.0 0 1808.8681367545437 0 1.3295699e-10
236759538.0 1 1797.4900197594652 1 0.99999887
116374908.0 0 1809.07825266187 0 6.852905e-07
387763343.0 1 1797.0331879989014 1 1.0
309235372.0 0 1812.3901055692636 0 1.4044059e-16
252860768.0 1 1799.0154613117672 1 0.9999998
265390268.0 0 1808.8456578659282 0 5.46989e-08
327396263.0 1 1797.8698209505317 1 0.999999
82560838.0 1 1797.1604561416725 1 1.0
285424819.0 0 1809.202838570039 0 5.8535472e-05
229446898.0 1 1794.8446836193975 1 1.0
192252686.0 1 1798.7659859185526 1 1.0
238802411.0 0 1793.140909947331 0 0.00021095123
229977698.0 1 1795.2196074185551 1 1.0
452882061.0 0 1805.514199998922 0 2.8281911e-05
289139323.0 0 1800.3056750257995 0 2.0907735e-06
28875006.0 1 1798.5163858636536 1 1.0
445308298.0 0 1809.1813475819283 0 3.330999e-05
245499939.0 0 1805.2027680512908 0 1.5249041e-05
362260536.0 1 1810.115814303329 1 1.0
376843726.0 1 1799.3881899289324 1 1.0
337001974.0 1 1794.117354503171 1 1.0
433283420.0 0 1796.641102694711 0 0.00014455509
250866926.0 0 1805.2238786373523 0 6.734749e-07
232984664.0 1 1795.1143569485755 1 1.0
238793257.0 1 1794.7866178136107 1 1.0
81681682.0 1 1795.5564580350301 1 1.0
399202034.0 1 1795.2023091458302 1 1.0
219791854.0 0 1805.1981382827419 0 2.448824e-13
375081930.0 0 1812.3484100635098 0 2.7206292e-07
49718546.0 1 1796.1398152740278 1 1.0
196739142.0 1 1795.327865266938 1 1.0
139374736.0 1 1798.1826781628947 1 1.0
279441950.0 0 1812.5559761606 0 0.00013560236
256925930.0 0 1805.2199521105547 0 5.2289415e-08
331325154.0 0 1809.3270943046186 0 0.00032288872
230380918.0 0 1808.844467868497 0 3.5074345e-06
445488829.0 1 1799.4319294589238 1 1.0
139463633.0 1 1796.807736916916 1 1.0
351538646.0 0 1808.8682031626383 0 1.2880505e-05
245723918.0 1 1810.431786037172 1 0.99999976
400505163.0 0 1796.6400219813333 0 0.00035432843
258954643.0 0 1805.2197059811958 0 8.296646e-17
333783724.0 1 1797.3872131255105 1 1.0
293127200.0 1 1811.5156127696491 1 1.0
139431605.0 0 1805.4952648696649 0 0.00014513628
399197082.0 0 1812.473259043681 0 0.00682074
53800027.0 0 1805.6812296864673 0 1.1113159e-05
233738083.0 0 1812.3441402022495 0 1.441942e-09
332814610.0 1 1795.4106555065684 1 1.0
287151482.0 1 1796.0310200392366 1 1.0
272415400.0 1 1796.8054930479786 1 1.0
252109307.0 1 1793.931647499042 1 1.0
312252628.0 0 1809.2019409906345 0 0.00027466853
445563048.0 0 1808.869390549511 0 2.5468638e-05
377068335.0 0 1793.4091058748525 0 5.582568e-14
240995323.0 0 1808.8484653980927 0 4.1326723e-07
117028823.0 0 1805.2031931116148 0 2.8615963e-16
368730227.0 0 1796.9099064959935 0 0.00026849486
184680906.0 1 1810.1407267439515 1 1.0
291888805.0 1 1810.20296081761 1 0.9999999
381732587.0 1 1797.6826950564114 1 0.99995273
71980557.0 0 1805.2026209722007 0 8.493418e-08
428460631.0 0 1805.2866424168824 0 0.00011934021
138117383.0 1 1796.2870621940701 1 1.0
283251783.0 1 1793.7018627186003 1 1.0
65202284.0 1 1798.2866582266104 1 1.0
327361569.0 1 1795.514537230111 1 1.0
233612242.0 0 1812.3441181012063 0 0.00038065057
332152659.0 0 1812.6605475905685 0 1.9646177e-06
203105437.0 1 1793.4950811582353 1 0.9999996
235938869.0 0 1812.3663593595495 0 4.772209e-05
289583047.0 0 1800.176656529546 0 0.00016520274
445666747.0 1 1799.1817769261575 1 1.0
372189172.0 1 1798.8278631115722 1 1.0
367079240.0 1 1805.49165309122 1 0.99980783
331793189.0 1 1795.034280362686 1 1.0
233193894.0 0 1794.1982961153446 0 2.3707693e-07
377159956.0 1 1805.635568503442 1 1.0
431768929.0 0 1805.2659360595205 0 6.1879564e-07
293127200.0 0 1793.1406891111692 0 8.215203e-17
353853561.0 1 1811.0519043826723 1 1.0
94542690.0 0 1812.766432232144 0 0.00013394916
270811822.0 0 1812.3885581670634 0 9.34639e-06
292695766.0 1 1806.036526297113 1 1.0
326972582.0 0 1812.3903166332095 0 3.8002925e-06
240957101.0 0 1808.89000949449 0 1.8614734e-05
408891476.0 1 1798.2211329583383 1 1.0
370950181.0 0 1805.2235130357171 0 3.5770754e-05
271749807.0 0 1805.2430183628983 0 2.981707e-13
245391330.0 1 1805.4111529337376 1 0.9999955
83723784.0 0 1808.8473382042891 0 3.914564e-07
14045089.0 0 1808.9107006442898 0 0.0003718501
441734844.0 1 1796.3653268398293 1 1.0
399762535.0 0 1812.34705557428 0 9.7272064e-08
450128755.0 1 1799.3486427197413 1 1.0
271912478.0 1 1797.1389429174665 1 1.0
377973762.0 1 1799.3469221331181 1 1.0
289269714.0 1 1810.3262185045126 1 0.99999994
367838290.0 0 1808.8447856196947 0 5.8436482e-09
395769189.0 1 1810.909860613884 1 1.0
354117541.0 1 1797.2419191507113 1 0.9999998
269708304.0 1 1795.0762752984265 1 1.0
288633162.0 0 1813.0538027987232 0 1.6808863e-05
10867335.0 0 1812.431389730308 0 1.7090903e-11
252145274.0 0 1809.202134335787 0 0.00012229838
316246858.0 1 1796.6402144906099 1 1.0
264546305.0 1 1794.6792075307417 1 1.0
402204433.0 1 1795.3491948834603 1 1.0
270065787.0 0 1805.6412875306294 0 8.6014676e-05
354643553.0 0 1796.8905244495406 0 5.270396e-15
359034933.0 0 1793.4100322414301 0 9.01404e-12
445513724.0 0 1793.1400701061343 0 1.5619586e-14
390660986.0 1 1810.473360656921 1 1.0
230011156.0 0 1812.3859655609338 0 1.1742201e-08
279191045.0 1 1799.076902095606 1 1.0
240964770.0 0 1808.8483506108732 0 2.5804113e-05
292058320.0 1 1810.4947946900409 1 1.0
82981337.0 0 1812.6805484627453 0 4.377688e-06
396606311.0 1 1810.3891891258495 1 0.99999946
331718137.0 1 1811.0980985175854 1 1.0
301639841.0 1 1811.390658562957 1 1.0
232601695.0 1 1805.8438486706914 1 1.0
271344174.0 0 1793.40982328291 0 1.7575749e-10
366077287.0 1 1796.451254507949 1 1.0
65488320.0 0 1805.265983852783 0 0.0009348397
427846146.0 0 1796.909511669442 0 8.939696e-06
63791013.0 1 1797.0161598470827 1 0.99999994
302236716.0 0 1812.3487750146533 0 2.4881283e-06
319841362.0 1 1796.806326593808 1 1.0
403627005.0 0 1812.3900929778488 0 3.508189e-05
420108114.0 1 1810.3450688881169 1 1.0
348136441.0 1 1795.577666168915 1 1.0
288497796.0 1 1810.4741933869493 1 1.0
126023935.0 1 1796.9537708422502 1 0.999972
268849947.0 0 1812.3675138498402 0 2.045139e-22
321821691.0 0 1808.845772668918 0 0.00015574189
400333648.0 0 1808.8471165576839 0 4.399132e-06
364186291.0 0 1812.4914144560014 0 0.00038569904
406518264.0 1 1805.9499264655403 1 1.0
279762020.0 1 1795.6604921219705 1 0.99999994
353882327.0 0 1805.2243107936943 0 1.1795428e-07
34977849.0 0 1809.1830726720143 0 0.00016593735
348506671.0 1 1794.9734873500738 1 1.0
269662631.0 1 1799.2202929186633 1 1.0
233617131.0 0 1808.844414780825 0 3.8495744e-09
68152527.0 1 1810.1618872816548 1 1.0
365942256.0 0 1805.2218293771793 0 1.2303661e-11
379609130.0 1 1795.639090851684 1 0.9999995
407429103.0 0 1800.3053113734054 0 1.4967007e-11
332377663.0 0 1812.7021949314992 0 0.99996513
337286503.0 0 1808.8670939388956 0 6.91112e-07
117401886.0 0 1805.22403028352 0 2.2914122e-07
375653671.0 1 1796.3255090091268 1 0.99999785
410773652.0 0 1805.2210417271895 0 1.8630224e-11
403256913.0 1 1795.4102586996175 1 0.99999994
405491068.0 1 1796.7454954789255 1 0.99998605
353381540.0 0 1797.8475371166005 0 2.2248357e-06
384811988.0 0 1808.8485231424995 0 1.9951383e-05
245556881.0 0 1805.202858528187 0 2.034942e-05
251387790.0 1 1805.6402711511432 1 1.0
320280832.0 1 1800.2437669252568 1 0.9999982
316629077.0 0 1812.3905486624992 0 3.0250153e-06
353808537.0 1 1811.4473157287478 1 0.99998224
422386791.0 1 1797.783313527546 1 1.0
301994288.0 1 1805.5155074755403 1 1.0
308287122.0 1 1799.4112520614412 1 0.9999733
230377874.0 1 1798.552572540826 1 0.9999995
401326744.0 1 1798.325929634045 1 1.0
199714030.0 0 1812.343007979591 0 9.201816e-14
28677372.0 0 1809.1198088522522 0 0.0001725421
320387028.0 0 1796.6811955036737 0 0.00010299551
385445253.0 1 1794.2004615320516 1 1.0
250861781.0 0 1805.2030848083132 0 0.00034105632
364074339.0 1 1811.449772885075 1 1.0
12223216.0 0 1805.264958682718 0 1.9441608e-09
312779937.0 0 1809.2020916663212 0 3.7889902e-05
428118911.0 1 1794.9115300571464 1 1.0
368893419.0 0 1805.2223566634912 0 9.0153475e-12
359554876.0 1 1797.6977911450795 1 0.99999976
240701287.0 0 1793.1398875260643 0 4.187942e-06
279067445.0 1 1793.8268099704421 1 0.9999843
240943389.0 1 1796.2859741694012 1 1.0
264077911.0 1 1793.9289923269266 1 0.9999959
389772196.0 1 1795.1605909639031 1 1.0
374481448.0 1 1811.1817380947257 1 1.0
233629196.0 0 1805.2401239404337 0 6.525411e-11
275603017.0 0 1805.1999002493626 0 8.9330825e-07
229618363.0 0 1805.1993249122063 0 6.884767e-06
331782770.0 0 1812.7020885291488 0 7.5750853e-07
191704569.0 1 1810.4944127564418 1 1.0
250607560.0 0 1812.3486001888546 0 0.00015248267
423928432.0 1 1811.2619397257008 1 1.0
424438076.0 0 1805.4067521895586 0 6.388277e-13
364075691.0 0 1808.8871598093401 0 8.1250175e-05
403689697.0 1 1810.2653008110185 1 0.99999994
65281295.0 1 1796.5366186953736 1 0.9999994
250586032.0 0 1812.3695939307127 0 1.4642154e-14
194854202.0 0 1805.2661631709818 0 9.732715e-05
65287866.0 0 1812.41186900043 0 0.0002677875
353604021.0 1 1796.8476851923886 1 1.0
178040892.0 1 1795.4953455126424 1 1.0
396554866.0 0 1812.6199811391302 0 5.498625e-05
390399845.0 0 1808.8484483986433 0 0.00070791785
251231553.0 0 1808.8485554629017 0 8.9379675e-05
256583918.0 0 1805.2418778479134 0 5.792809e-07
275420983.0 0 1793.325090454353 0 3.4307195e-13
374605557.0 0 1805.285803242205 0 4.2318997e-09
397283958.0 1 1800.222939611699 1 1.0
387809787.0 1 1793.5957522527726 1 0.99999994
241082413.0 0 1808.8904496625516 0 4.608569e-12
229606711.0 0 1808.844858108603 0 8.013867e-06
345915846.0 1 1799.6400149718756 1 1.0
396265575.0 1 1794.2430705155778 1 0.9999997
406680218.0 1 1796.346786004596 1 1.0
256384489.0 1 1795.2824440291722 1 0.9999994
332687102.0 0 1809.3065734233082 0 3.162991e-05
372389869.0 1 1793.637947910628 1 1.0
378588478.0 1 1797.9719722900131 1 1.0
379604231.0 0 1794.3476600356319 0 0.0007865458
130156535.0 0 1809.1409438314206 0 0.0005466968
374475282.0 1 1797.8483361147782 1 1.0
13214018.0 0 1805.2216908156558 0 0.0040671527
289385086.0 1 1798.0141033546338 1 0.99999046
453205176.0 1 1796.5774280851504 1 1.0
368515150.0 1 1794.8681991346928 1 1.0
21228448.0 1 1798.3434886570462 1 1.0
347492507.0 1 1797.1824769055265 1 0.999998
21124393.0 0 1812.3848095290534 0 5.85246e-09
116891017.0 0 1812.3488642216628 0 4.0085473e-09
258628143.0 0 1808.8870417433275 0 3.4923698e-05
408682037.0 1 1798.9926009143867 1 1.0
52034693.0 0 1805.5352169254577 0 1.6911248e-16
259882992.0 0 1808.8455623462758 0 4.767915e-05
201239488.0 0 1805.2869872207434 0 0.0007411244
406679046.0 0 1805.2425851056669 0 2.2715257e-07
308618427.0 1 1796.3069065198226 1 1.0
192464679.0 1 1796.8491947921043 1 1.0
192423066.0 0 1805.390867049838 0 1.8677485e-05
436881455.0 0 1809.0996716976128 0 0.00085486274
445350626.0 0 1809.2021607126703 0 1.3514856e-08
284083936.0 1 1797.3078688420876 1 1.0
445228074.0 1 1796.1604665801287 1 1.0
50050546.0 1 1795.5770845804714 1 1.0
354152498.0 1 1810.2859014775522 1 1.0
434723934.0 0 1812.3465709075836 0 6.3171916e-07
139532804.0 0 1805.4743309373707 0 2.667333e-07
259269325.0 1 1811.2198288486886 1 1.0
376197050.0 1 1799.4100038471079 1 1.0
359441382.0 0 1812.6807066803476 0 0.00023503766
255993442.0 0 1805.1994897644222 0 8.314937e-06
408896648.0 0 1808.8875700067613 0 2.8653218e-08
77321254.0 1 1795.3080030808549 1 1.0
431870216.0 0 1793.1407334780522 0 0.0010487125
265201832.0 1 1797.2025957503774 1 1.0
378283890.0 0 1805.2013875310652 0 5.216716e-09
445641309.0 0 1805.2028731812347 0 6.7981614e-07
417764939.0 1 1798.7841055630297 1 0.9999956
444754389.0 0 1809.202258121336 0 6.0465827e-06
201363790.0 1 1805.724484250266 1 0.9999996
422426616.0 1 1799.1999806692313 1 1.0
354833741.0 1 1796.3060120640012 1 1.0
230133460.0 0 1805.1982152658284 0 6.0200417e-10
312680360.0 0 1812.6812247187233 0 0.00025167392
250722413.0 1 1793.890315236815 1 1.0
395944878.0 0 1805.2012893923593 0 1.6420353e-06
90645490.0 1 1796.1411898189267 1 1.0
319716802.0 1 1795.3479180517816 1 1.0
357678363.0 0 1812.4728891157847 0 9.41599e-05
20805612.0 0 1808.9533613124086 0 0.00028662255
431770990.0 0 1808.8700634598358 0 0.0008408341
230083123.0 0 1796.6772821839995 0 4.5374279e-07
65574779.0 0 1812.3701824280106 0 0.00066447735
302077929.0 0 1808.8488772707517 0 0.0002522072
186937670.0 0 1805.557624544398 0 0.00016728307
259248402.0 0 1808.8697994047827 0 0.00019995168
441738038.0 0 1808.8447816220196 0 4.180576e-06
77262080.0 0 1808.9120828802402 0 5.593867e-05
431767523.0 0 1793.140743926561 0 0.000786861
302141157.0 1 1799.2032632888577 1 1.0
219099780.0 0 1794.1985512230556 0 1.4956572e-10
284599257.0 1 1794.3475401758512 1 1.0
359312949.0 1 1796.8432206475193 1 0.99999994
200772795.0 1 1805.5161331207164 1 0.99999994
379164948.0 1 1805.7016247912861 1 1.0
63466196.0 0 1809.1825476185036 0 0.00045797552
249834355.0 0 1808.8697086852544 0 9.350707e-09
288533608.0 0 1809.1200190301586 0 0.0010048494
237232810.0 1 1794.1787425789828 1 1.0
288318622.0 0 1808.8663650672604 0 0.00024497818
347690442.0 1 1794.8275965863027 1 1.0
283027755.0 0 1812.3680499135926 0 2.0157044e-07
50118192.0 0 1812.410703346208 0 8.727348e-06
377973597.0 0 1812.3675099328173 0 1.0464896e-06
194854749.0 1 1810.5370271401384 1 1.0
285466374.0 0 1805.4120304084151 0 2.13454e-07
264614791.0 1 1797.4318518812252 1 1.0
258775864.0 1 1797.7822892781544 1 1.0
410736506.0 1 1797.8696980002717 1 1.0
396471469.0 1 1798.9095984762641 1 1.0
427930656.0 1 1795.7845350882321 1 1.0
445248036.0 1 1799.410484424085 1 1.0
94371127.0 0 1796.6410942592338 0 0.00088485127
445608162.0 0 1808.8694878261363 0 9.380013e-14
400894508.0 1 1794.5771337364258 1 0.99999994
368591185.0 1 1796.5138346821977 1 1.0
201377730.0 1 1797.2242332147957 1 1.0
385341834.0 0 1812.348786046941 0 1.2695253e-06
400612609.0 1 1795.8068150416266 1 1.0
269412448.0 1 1811.3884441118098 1 1.0
288672953.0 1 1805.4494953473304 1 1.0
327450977.0 1 1793.4104044257233 1 1.0
379483266.0 1 1798.4933558249977 1 1.0
201303091.0 0 1796.640955502362 0 1.5124834e-05
301416430.0 0 1805.2029162394426 0 8.995997e-14
139535266.0 1 1797.9120095738597 1 1.0
251714102.0 0 1796.8275105486666 0 6.4645326e-05
331516361.0 1 1794.9940376676934 1 0.9999989
418140600.0 1 1799.305727005506 1 0.99999565
331866906.0 0 1808.9719897377815 0 5.6329854e-06
237102372.0 0 1800.364434787073 0 7.0175442e-06
160618937.0 1 1798.9904476281529 1 1.0
198361834.0 0 1793.176475325053 0 1.9155332e-05
283144397.0 0 1812.7017584145124 0 0.0037613343
272330171.0 0 1793.409807789995 0 4.1154758e-12
288600444.0 0 1805.2412030073008 0 3.4934373e-09
326630427.0 0 1812.3471149643249 0 1.3146384e-07
126027166.0 0 1809.2454800453238 0 0.00069271366
367463317.0 1 1797.1613647926465 1 1.0
49941084.0 1 1796.8273601190301 1 0.9999996
265389051.0 0 1796.8276544108428 0 9.861475e-06
320272629.0 1 1796.3480274090732 1 1.0
370697248.0 0 1805.514983661605 0 2.0103656e-07
390019727.0 0 1794.406150006868 0 4.168716e-12
312257532.0 1 1796.5770464299926 1 0.99999994
403394718.0 1 1796.8895914916388 1 1.0
288624453.0 1 1798.5783100716021 1 1.0
199549440.0 0 1800.1766097445657 0 0.00072684104
137886126.0 0 1800.1413952428782 0 2.4048678e-11
436849953.0 1 1806.2663065922236 1 1.0
279266421.0 0 1805.222441573931 0 6.334894e-15
250661165.0 1 1795.7446746387973 1 1.0
297819072.0 0 1808.9101611874605 0 0.0005507156
405430735.0 1 1793.9330372377572 1 1.0
90694177.0 1 1794.1411614249787 1 1.0
117314464.0 1 1810.286473949273 1 1.0
13844534.0 0 1812.4314288820287 0 1.887221e-11
250969124.0 1 1797.2863141783118 1 1.0
444355382.0 1 1796.055992964554 1 1.0
348234290.0 1 1795.3902014241908 1 1.0
288611323.0 1 1799.6576748129874 1 1.0
445630982.0 0 1793.3275854833398 0 9.108873e-12
187030106.0 1 1798.2452150236559 1 1.0
83046167.0 1 1811.3889278095196 1 0.99999815
401088630.0 1 1810.2444484013868 1 0.9999949
278923875.0 1 1798.4727389501345 1 1.0
427473464.0 0 1812.3881975512763 0 5.5167355e-08
139404880.0 1 1795.8076902662438 1 1.0
251278457.0 1 1805.8071211436193 1 1.0
252865941.0 0 1812.390751551133 0 0.00032623383
249886811.0 0 1808.890559573568 0 1.1587457e-24
202927849.0 1 1793.8282814737076 1 0.9999986
241046656.0 1 1806.1818854317994 1 1.0
427444797.0 1 1811.1173394676982 1 1.0
94668322.0 0 1793.1409988612916 0 0.00044305585
241059614.0 0 1793.1401683136064 0 7.902365e-14
405430735.0 0 1805.4748207600562 0 0.0007001898
353020190.0 0 1812.493505070302 0 0.00034708015
21227979.0 1 1797.3434489883246 1 0.9999997
34750272.0 0 1808.8705548777077 0 0.00011333246
336543055.0 0 1805.2004634045725 0 2.5679217e-10
83218083.0 1 1811.4722024662424 1 0.9999997
255879260.0 0 1793.1394369994182 0 8.2665156e-15
302073435.0 1 1805.7031907369962 1 1.0
250603022.0 1 1799.4530363884562 1 1.0
13214018.0 1 1796.5135231431761 1 0.99999976
272228578.0 1 1798.4306904279454 1 0.9999999
275762966.0 1 1796.5766667478433 1 1.0
311934601.0 1 1794.8898469303701 1 1.0
237238823.0 1 1793.449586895105 1 1.0
54993535.0 0 1809.202177380654 0 2.3431416e-05
396162820.0 1 1805.2639361018378 1 1.0
268518486.0 1 1805.8676235858734 1 0.9999998
101304091.0 0 1812.7454583858512 0 8.203995e-05
285541718.0 0 1812.7018629143552 0 8.745851e-07
433500994.0 0 1812.5370360006066 0 0.00026336184
28830046.0 0 1809.182268316092 0 0.000120738034
250799418.0 0 1808.890464218675 0 0.00011499816
388506340.0 0 1812.367227350688 0 7.494936e-05
407493498.0 0 1805.2012128820907 0 3.2778498e-06
452995303.0 0 1809.1810726411227 0 4.8102e-05
311831093.0 1 1795.0979640592866 1 1.0
94605993.0 1 1800.3703927538916 1 1.0
377900716.0 1 1796.5137400532528 1 1.0
198360670.0 1 1797.3222246891664 1 1.0
402659092.0 0 1793.4077795532974 0 2.6384586e-07
418221469.0 1 1806.3042916284426 1 0.9999999
308120970.0 0 1812.3482990192044 0 1.5616975e-07
21132776.0 0 1808.953673390084 0 0.000498234
362104664.0 1 1810.323521780199 1 1.0
250580072.0 0 1808.8694831936684 0 5.314282e-06
139463870.0 1 1810.536811245802 1 1.0
302078137.0 1 1794.2237928352943 1 1.0
265379820.0 1 1796.86955810032 1 1.0
196921585.0 0 1805.2444743442063 0 5.1623477e-08
321720499.0 0 1805.2208006236406 0 1.4608968e-07
301575691.0 1 1811.0364262241026 1 1.0
240969171.0 0 1805.202656078474 0 0.0001026957
306188097.0 0 1793.1400498919443 0 1.5220353e-10
237114243.0 0 1808.8432486377787 0 0.000674294
292721975.0 0 1805.5158388896014 0 0.0001368354
415961545.0 0 1808.869699824708 0 2.7227154e-05
366382499.0 0 1796.8253009630687 0 1.0556166e-05
308956522.0 0 1812.3693098362503 0 2.97297e-15
355824233.0 1 1798.244384081334 1 0.9999911
432046871.0 0 1808.9534556762776 0 0.00048780692
198413518.0 0 1794.405516865302 0 0.0014326519
240815660.0 0 1808.8482434849318 0 0.00015649843
372510824.0 1 1797.410056084034 1 1.0
199526211.0 0 1812.4477576403945 0 2.2842455e-09
284045395.0 0 1809.1599437776263 0 1.1805465e-05
285467081.0 1 1798.974650802942 1 0.9999999
445236558.0 1 1799.2439542358375 1 1.0
359593072.0 0 1808.88897458906 0 7.007602e-05
338370730.0 1 1799.1382350247109 1 0.9999983
177912351.0 0 1808.932767005339 0 0.00012516839
252159372.0 0 1805.535632012515 0 8.114534e-05
390464852.0 1 1797.9105945701203 1 1.0
387998687.0 1 1796.0332910651377 1 1.0
308877060.0 0 1805.2236297376442 0 1.2964354e-08
101216724.0 1 1796.9953647497296 1 0.999999
308716542.0 0 1812.3693010474226 0 1.2763753e-05
229688549.0 0 1794.405932598462 0 0.0008321227
229701227.0 1 1811.2405427555211 1 0.99995875
389538863.0 0 1812.764592336639 0 0.026529929
445342657.0 0 1812.7020449283907 0 1.3233673e-06
445555125.0 1 1810.8067062674454 1 1.0
291882540.0 0 1793.140808316234 0 0.0009896802
240990984.0 0 1805.2025990288132 0 5.8336536e-05
343562954.0 0 1805.1995308843495 0 1.0274126e-09
250494958.0 1 1798.1612878480034 1 1.0
116410271.0 0 1805.2030460025783 0 7.85601e-12
50360587.0 0 1808.9108286574408 0 4.3505046e-05
378764744.0 1 1795.1389084391271 1 1.0
94543883.0 0 1793.1410947374375 0 0.0008002704
199617093.0 0 1805.2597700126514 0 5.843913e-07
28693825.0 0 1793.1409586525913 0 0.00019599065
455898357.0 1 1797.4091546280404 1 1.0
129685192.0 1 1793.286797780674 1 1.0
77543001.0 0 1796.7038453765117 0 0.00037410937
327296784.0 1 1794.6197276340122 1 1.0
13454275.0 1 1810.681444222798 1 1.0
28909637.0 0 1800.1414438299998 0 1.9632675e-07
321546971.0 1 1800.137513162298 1 1.0
366830370.0 1 1793.9503495074634 1 0.9999955
374917633.0 0 1812.3484953856837 0 7.8983476e-07
415957476.0 0 1812.348799510119 0 2.9940614e-10
101128203.0 1 1795.641264971843 1 0.9999979
374219745.0 0 1808.9521953629242 0 0.0001750048
421306911.0 1 1799.0526922025465 1 1.0
52178333.0 0 1809.3685222215042 0 1.7607633e-09
327446804.0 1 1798.2227532367383 1 1.0
331984288.0 0 1805.556352078103 0 3.3462417e-08
453161937.0 1 1796.556238039942 1 1.0
415974904.0 1 1793.557596866356 1 0.99999976
366717545.0 1 1797.8046330938198 1 0.99997985
421684975.0 0 1805.5146904519033 0 2.7072844e-07
229511624.0 0 1805.1989270463791 0 7.993417e-09
177886801.0 0 1808.870293745171 0 0.0007483855
417667585.0 0 1805.2008081453112 0 3.228686e-07
366759941.0 1 1810.7003741000185 1 1.0
372339636.0 1 1797.3462864845335 1 1.0
373458532.0 0 1793.3052575897543 0 2.8447167e-15
445422322.0 0 1793.1398458808665 0 6.443163e-08
186968146.0 1 1798.9951734252177 1 1.0
299437154.0 1 1797.2238375398965 1 1.0
256198836.0 1 1794.0352909658334 1 0.999824
366073361.0 0 1808.8469102497668 0 6.720185e-07
384842388.0 1 1796.265223638104 1 1.0
292727416.0 1 1811.098888508551 1 0.9999992
138124840.0 1 1795.5371077113675 1 1.0
289090826.0 0 1793.3053823035787 0 6.9600864e-10
229672218.0 1 1805.511050857173 1 1.0
346720823.0 0 1809.1205537200756 0 7.002346e-05
250858403.0 0 1808.9321115179207 0 0.00016948298
367768136.0 1 1806.0338651898956 1 1.0
203035294.0 0 1809.1616525012982 0 0.00063415116
345782594.0 0 1793.4099809115557 0 6.4135e-13
235710948.0 1 1796.1992504658588 1 1.0
400677415.0 0 1809.0980514922242 0 0.0003731393
240832899.0 1 1799.0358328584493 1 1.0
229676619.0 1 1797.0517097396153 1 1.0
284534077.0 1 1796.4934681833097 1 1.0
229943407.0 0 1808.8441865290565 0 1.0820952e-06
350131938.0 1 1798.01283876896 1 1.0
264922559.0 0 1808.848618464083 0 0.00012780355
237216182.0 1 1806.4287028166293 1 0.9999989
26533207.0 1 1795.786994753639 1 1.0
250499075.0 0 1805.2447364171167 0 1.2942853e-09
381804997.0 1 1797.9536565096648 1 1.0
252860786.0 1 1798.5571190730311 1 1.0
396012717.0 0 1793.3055795732785 0 5.114502e-15
444797593.0 0 1812.5144729010897 0 0.00030299881
431874093.0 0 1808.9118950037557 0 0.000389421
396557391.0 0 1805.5783900524816 0 1.2730899e-06
435074220.0 1 1796.9927834244986 1 0.99992853
255872513.0 1 1796.3270728107302 1 1.0
259238677.0 0 1793.407583326144 0 1.890917e-08
445320591.0 1 1794.2438298288178 1 1.0
354798745.0 0 1808.8490764665157 0 0.00013293771
427867729.0 1 1797.034377260399 1 1.0
372192668.0 1 1800.20278824084 1 1.0
298733065.0 1 1797.9686791835827 1 0.99996173
35114056.0 0 1812.6205277254367 0 0.0009172021
259945770.0 0 1812.3692990770965 0 7.1310606e-05
194734225.0 0 1793.1409077396427 0 0.0007684906
377065893.0 0 1808.8673152309052 0 1.2153167e-09
20768880.0 1 1810.4740900991244 1 1.0
428740772.0 1 1810.763443656995 1 1.0
367283228.0 1 1796.9090138879578 1 1.0
302079289.0 0 1812.3696432850156 0 1.813177e-09
63781713.0 0 1805.3702325865245 0 0.00042067468
29017767.0 0 1812.8289211515182 0 0.0004436511
264619741.0 1 1795.8069642649477 1 1.0
28874439.0 0 1796.6413899708114 0 0.00084386003
347569897.0 0 1793.1406153430007 0 0.0004052042
288600444.0 1 1795.9077344880602 1 1.0
271021609.0 1 1811.0969010103267 1 1.0
265349418.0 1 1810.9301660826316 1 1.0
233617131.0 0 1812.344383149434 0 8.001344e-10
433501482.0 0 1812.4328429834782 0 0.0002568705
137084975.0 1 1797.263822399073 1 0.9999723
83729128.0 0 1812.368049638294 0 2.7046855e-07
219772418.0 1 1799.1351410210425 1 1.0
400535190.0 0 1809.2023137648387 0 1.8540061e-07
126027254.0 1 1795.620478882756 1 1.0
385105618.0 0 1793.1406648474772 0 0.0006238626
445195302.0 0 1805.5562964800117 0 1.0518617e-06
77566604.0 0 1800.1412387276464 0 1.3346267e-09
73691743.0 1 1798.6203853566078 1 1.0
241092543.0 1 1805.8695051413204 1 1.0
233528701.0 0 1805.198188593161 0 4.0704458e-09
407208818.0 0 1793.4097362094678 0 3.394282e-10
316620896.0 1 1795.390127046073 1 1.0
219899123.0 1 1811.5106609795987 1 0.9999982
104146382.0 0 1805.202985388793 0 3.7494394e-10
452941403.0 0 1812.7017718270654 0 0.020154428
400940947.0 1 1796.5141511429551 1 0.99986196
286010389.0 1 1794.3898694156499 1 1.0
404001140.0 1 1795.555922794742 1 1.0
441762659.0 1 1796.5112202361956 1 1.0
417229861.0 1 1797.8056253365758 1 0.9999974
240900846.0 1 1793.3694853228953 1 1.0
455898107.0 1 1805.5964966699398 1 0.99998724
403825746.0 1 1810.2438551918792 1 1.0
436871428.0 0 1808.9329782071236 0 0.00025722143
338992133.0 0 1805.2215614758902 0 7.954852e-05
26623000.0 0 1809.1204910321728 0 0.05082413
418698082.0 1 1798.930791599604 1 1.0
251199885.0 0 1805.20279024531 0 3.7983394e-08
12000757.0 0 1805.3688752463443 0 2.5373446e-11
240824997.0 0 1805.2025300492612 0 2.5664197e-09
373704783.0 0 1797.8479040723578 0 3.6081427e-05
245552416.0 1 1805.536094745437 1 1.0
417229335.0 1 1795.8264147914103 1 1.0
275767819.0 1 1797.7020041105018 1 0.9999989
233569063.0 0 1808.86511370363 0 9.512749e-06
250747748.0 0 1793.1405856203583 0 2.4520366e-12
403341982.0 1 1799.5768729107092 1 1.0
327002250.0 1 1796.951842297792 1 1.0
389977486.0 1 1798.4106582708207 1 1.0
101093971.0 0 1805.4747122890194 0 0.000837159
321684196.0 1 1794.63760761997 1 1.0
302227871.0 1 1794.1823053787432 1 1.0
390734129.0 1 1811.4108576223473 1 0.99999076
319918348.0 0 1796.6396255594095 0 0.000545055
184684700.0 0 1809.0575585088654 0 0.0005336399
316629404.0 0 1812.348872391017 0 1.9156192e-09
320270508.0 0 1805.5144804398965 0 4.3049345e-06
428458355.0 1 1796.5561133634362 1 1.0
306553760.0 0 1812.6604801480285 0 2.482229e-06
407206498.0 0 1793.409807115184 0 1.0954442e-11
186912006.0 1 1793.4952855697154 1 0.99999976
366759175.0 0 1812.5128572704916 0 1.1841278e-11
29059895.0 1 1797.891444912728 1 0.99999374
94608286.0 0 1809.1622514471935 0 0.0004800835
407383381.0 1 1810.223812520383 1 0.9999985
354381881.0 1 1798.409093167213 1 1.0
312973583.0 1 1795.764841653127 1 1.0
373901030.0 0 1797.8480999886606 0 0.0009318584
322266557.0 1 1796.8877444080188 1 1.0
390408582.0 0 1805.2649159506739 0 9.625238e-08
387445084.0 1 1793.6997571976638 1 1.0
256197521.0 1 1798.3686497780964 1 0.99116415
268330571.0 0 1808.9082366105283 0 1.1307225e-06
241024734.0 1 1793.4528047961578 1 1.0
376122544.0 0 1808.9105152667416 0 0.00011152657
301884046.0 1 1811.1829023149435 1 0.9999944
10974183.0 1 1810.5563390277728 1 1.0
396490980.0 1 1796.7450381379067 1 1.0
178043173.0 1 1805.3286779946134 1 1.0
252101699.0 1 1796.4522729199948 1 1.0
186912619.0 0 1805.4743017491337 0 0.00094366685
240818476.0 1 1795.6817340649702 1 0.9999932
233201264.0 1 1805.948348819277 1 0.9999939
279374603.0 1 1798.0126862829618 1 1.0
327366723.0 1 1798.9518818958597 1 0.9999988
428751418.0 0 1808.84669468526 0 1.6355465e-07
417700830.0 0 1808.8450949109235 0 3.3699547e-11
229749398.0 1 1805.8235984317362 1 1.0
378287918.0 1 1797.9515347196173 1 1.0
272418829.0 1 1799.8263276313573 1 0.99999994
126064149.0 0 1809.203737558167 0 0.0006792526
367241683.0 0 1805.2422546981797 0 1.1279556e-06
186622908.0 0 1796.6410411447375 0 0.00013198433
229790559.0 1 1797.51134567292 1 1.0
83813702.0 1 1811.0765051272372 1 1.0
240950642.0 0 1808.8900499007177 0 1.833408e-05
353020190.0 1 1796.3060271025308 1 1.0
320179989.0 0 1805.5351995513865 0 3.5478417e-05
381584330.0 1 1796.3910035961085 1 1.0
264619741.0 0 1805.2028185755896 0 9.311445e-09
316523968.0 1 1794.0358085108883 1 1.0
264988967.0 0 1812.3882072469946 0 3.7550865e-06
452988805.0 0 1809.201815280242 0 9.047351e-07
259000554.0 0 1812.3655708782658 0 6.3686446e-07
354465329.0 1 1799.3903069205635 1 1.0
323298973.0 1 1797.262977832976 1 0.9999999
302547752.0 0 1812.3474768222331 0 4.0330163e-14
445227290.0 0 1809.306099269132 0 6.1127575e-17
444628469.0 0 1812.6603295785787 0 3.341852e-05
292194484.0 0 1809.1406484048457 0 0.000725334
284084579.0 1 1810.6204844465951 1 1.0
326629304.0 1 1799.2848636994706 1 0.9999999
376768797.0 1 1805.6589724420394 1 0.99999994
77258274.0 1 1795.787144545515 1 1.0
321544207.0 0 1812.3873455826265 0 6.90556e-12
292517099.0 1 1793.4949119262099 1 1.0
352580584.0 1 1799.972329623534 1 1.0
378528078.0 1 1799.5137540609771 1 0.99999994
301734237.0 0 1812.3487775463664 0 1.8944944e-06
219864233.0 1 1795.1566827236559 1 1.0
390050991.0 1 1800.0978417899817 1 1.0
431964306.0 0 1812.4952046344463 0 0.0008926845
302684625.0 1 1811.1603927963595 1 1.0
82343498.0 1 1810.3484112197834 1 0.9999941
352808034.0 1 1796.4327151503237 1 1.0
235931223.0 0 1812.4081560020752 0 5.4124055e-05
282885769.0 0 1808.8888410410907 0 1.8760858e-07
455823832.0 1 1796.804311487589 1 1.0
238702563.0 1 1797.0782982970204 1 0.9999992
83143741.0 0 1812.388880749716 0 0.0010350095
232624945.0 1 1798.28069396485 1 1.0
445643360.0 0 1800.390320830588 0 1.7382154e-10
353175133.0 1 1811.5143314033728 1 1.0
229943407.0 1 1794.6777718567457 1 1.0
378589875.0 0 1805.2011682825694 0 7.8569855e-08
256507075.0 1 1799.7627621837453 1 1.0
367413485.0 1 1799.0570731104126 1 1.0
149978934.0 0 1793.1411664090037 0 0.0003316841
219428871.0 0 1812.4477660555117 0 0.0008170533
427318175.0 1 1797.742396849105 1 1.0
417766930.0 0 1805.2217218701112 0 1.7579228e-07
189674221.0 0 1805.3490051747926 0 0.0011067173
192553942.0 1 1805.9950751566769 1 1.0
233202047.0 1 1794.7189787303657 1 1.0
404104771.0 1 1797.6793225276135 1 1.0
232608223.0 1 1793.885178236704 1 1.0
229937398.0 0 1812.3442671781559 0 5.2881533e-05
390018994.0 0 1812.3434080083039 0 3.9681666e-10
445513724.0 1 1811.1400329170165 1 1.0
308778838.0 1 1797.7028066470336 1 1.0
397368311.0 1 1793.287255687557 1 1.0
233009424.0 0 1805.1986755783098 0 1.1094923e-08
418085899.0 1 1810.1199818532991 1 0.99999946
65647263.0 0 1812.411735753402 0 0.00017267163
235686753.0 0 1812.3657856964546 0 2.2961328e-07
354381885.0 0 1812.388179800565 0 3.1030647e-09
279210810.0 1 1798.2852572400602 1 0.99998665
240928116.0 0 1809.3065301715608 0 2.730391e-10
233732719.0 0 1808.8859270436847 0 1.533153e-07
287081097.0 1 1793.4054661924429 1 1.0
399722259.0 0 1808.8466494099548 0 7.587976e-09
245477282.0 0 1805.223460271883 0 1.1725364e-05
356870192.0 1 1794.40690747951 1 1.0
192684721.0 0 1808.8491658985627 0 0.00036770344
388074219.0 1 1810.5955641213884 1 1.0
139463078.0 0 1809.1201322936536 0 0.00020479748
184589180.0 0 1809.0574526716516 0 0.00034721752
65693455.0 1 1805.3702220687233 1 1.0
427768985.0 1 1805.8260543268395 1 1.0
305295004.0 0 1808.8453421629877 0 1.06423895e-05
116611548.0 1 1806.2032078524524 1 1.0
255866485.0 0 1808.84523571207 0 6.819874e-09
270023069.0 0 1793.409726800034 0 2.0077135e-08
229409037.0 1 1797.136318339524 1 1.0
321820098.0 0 1808.9708046535902 0 6.380916e-06
229609915.0 0 1812.5325997864838 0 2.9100956e-11
255865349.0 0 1793.3246340487437 0 6.5758345e-12
387829719.0 0 1808.8455040774843 0 2.1164007e-05
381686314.0 1 1796.1201843339197 1 1.0
241136221.0 1 1797.9738768100958 1 0.9999999
29109245.0 0 1809.1831149409616 0 9.56608e-05
258771780.0 0 1805.2614638595596 0 3.8836043e-07
192249306.0 1 1797.953323777988 1 1.0
428748285.0 1 1794.242268390631 1 1.0
252106595.0 1 1810.1813388902963 1 1.0
286313019.0 0 1805.4952928586972 0 6.780448e-06
403742835.0 0 1793.327649099004 0 8.849158e-08
370074844.0 1 1793.6816600448117 1 1.0
298730256.0 1 1798.9687302874552 1 1.0
441791928.0 1 1794.88646367643 1 1.0
84055288.0 0 1808.8472712962198 0 0.00058697624
11057188.0 0 1805.306255181624 0 3.7351598e-12
394048824.0 0 1794.199352198555 0 8.472032e-11
201115644.0 1 1797.9118498454923 1 1.0
230133595.0 1 1797.4065110615677 1 0.9999998
327093958.0 0 1812.3485675495754 0 7.4132215e-05
387288160.0 1 1811.0328341163408 1 1.0
252838174.0 0 1805.2238538376491 0 3.928218e-07
444332679.0 1 1811.409971722735 1 1.0
245510544.0 1 1797.4528070592683 1 1.0
81382470.0 1 1796.2023541485185 1 0.9999977
367351684.0 1 1811.5130429056924 1 1.0
10869447.0 1 1797.2856168268504 1 1.0
184689868.0 0 1812.7448669297617 0 0.00078220194
400669401.0 0 1794.3483015488914 0 1.2166809e-06
50768405.0 1 1795.494063073148 1 1.0
201112742.0 0 1812.6829394893182 0 0.00011197509
67712917.0 0 1805.2868924670026 0 0.0007440251
236786470.0 1 1805.760618561149 1 1.0
395730765.0 1 1800.6179548810558 1 0.99999994
308374326.0 0 1805.2443442179417 0 1.4596628e-09
259000034.0 0 1793.4074174266452 0 1.0404537e-09
259000689.0 0 1793.4073639937787 0 0.0004811943
322339309.0 0 1812.3693454338584 0 3.4720342e-09
407423533.0 0 1812.3677401319733 0 1.0672665e-13
403572572.0 0 1812.389979497934 0 1.933165e-08
201182476.0 1 1805.516123597063 1 0.9999955
178141302.0 1 1806.3079419232165 1 1.0
417704740.0 1 1795.7631691369945 1 0.9999998
435742422.0 0 1796.8047061517389 0 8.052957e-05
240981938.0 1 1805.9110153548625 1 1.0
256320703.0 0 1805.5145714067078 0 9.1142965e-08
308444845.0 1 1793.6404298285538 1 1.0
233630253.0 1 1796.886169777809 1 0.9999999
369999875.0 0 1809.1605895345388 0 4.884826e-08
323300561.0 0 1808.8669800244704 0 3.2877638e-09
52522362.0 1 1805.9311266926006 1 1.0
237230628.0 0 1808.9285818022697 0 1.0291053e-16
376839554.0 0 1808.8464218465492 0 8.3625686e-08
67765541.0 1 1793.411920569132 1 1.0
374300622.0 0 1797.8481104108844 0 3.445452e-05
241087313.0 0 1812.3693777355224 0 2.7180093e-05
396234904.0 1 1795.2643277982645 1 1.0
252107303.0 1 1796.119077547552 1 1.0
426141862.0 0 1808.8468704009679 0 5.0066305e-06
366197595.0 1 1806.2225600713118 1 0.9999999
241068188.0 1 1798.494554574154 1 1.0
292466276.0 0 1812.5780973263995 0 0.00011417082
184731934.0 0 1805.4951080779288 0 3.585196e-12
348517267.0 0 1812.3486032597755 0 3.0158065e-10
415975425.0 1 1797.4742389401536 1 1.0
410551842.0 1 1810.6403360979975 1 1.0
252159739.0 1 1796.3065897882266 1 1.0
309239263.0 1 1795.702761668215 1 1.0
285280909.0 1 1798.0786781118268 1 1.0
370849212.0 0 1796.640125471687 0 1.03189705e-11
13845301.0 1 1798.3271667786858 1 0.99999994
251702667.0 0 1808.8487305752867 0 0.000109503984
366758238.0 1 1797.137843542251 1 1.0
236904409.0 0 1808.844942207008 0 1.4475527e-06
394121889.0 0 1808.8449855753013 0 1.0917039e-06
420176421.0 0 1812.3869541362326 0 9.329009e-09
357825368.0 1 1797.1811879236259 1 0.9999999
378292347.0 1 1797.5557563827874 1 1.0
200773031.0 1 1795.9951539724552 1 1.0
367331713.0 1 1810.5336654062269 1 1.0
348435439.0 0 1805.2650478195214 0 6.9818022e-09
369994518.0 1 1793.3272823346529 1 1.0
406683158.0 0 1793.4093968498235 0 1.14200685e-20
353853673.0 1 1799.4686421407816 1 1.0
117624488.0 0 1793.3279322042522 0 4.1300782e-12
12746179.0 1 1795.5145941008884 1 0.99999994
424439575.0 1 1797.7191130137778 1 1.0
292322994.0 1 1799.3281985835815 1 1.0
265427465.0 0 1805.221710181213 0 1.3826494e-07
400435272.0 1 1810.5564622375666 1 1.0
81452605.0 1 1795.8687818747605 1 0.99997985
51954528.0 1 1806.0561098662024 1 1.0
252114410.0 1 1794.5357463908178 1 1.0
353505333.0 1 1799.2418323892125 1 1.0
376373526.0 1 1799.4090182916043 1 0.99999934
367838656.0 0 1812.3657023339606 0 5.0263413e-12
396208476.0 1 1796.1803329742736 1 0.9999997
371008358.0 0 1812.6607525628474 0 0.0005218128
308960472.0 1 1805.577878805719 1 1.0
101262272.0 1 1797.4537886885116 1 1.0
293124916.0 1 1798.3699841256575 1 1.0
46505710.0 1 1811.141451985117 1 1.0
256697252.0 1 1797.2437770008735 1 1.0
333866833.0 1 1795.678940972352 1 1.0
83347119.0 0 1805.5349814242659 0 8.9871025e-07
387763343.0 0 1805.2205607385076 0 9.154303e-06
332864971.0 0 1796.6398433515456 0 1.3135099e-05
444413484.0 0 1809.1599417699083 0 0.0007419251
177708876.0 0 1808.9119228657162 0 8.441536e-05
251203875.0 1 1799.2236661331997 1 1.0
390018754.0 0 1812.3434426572908 0 6.62338e-05
428414343.0 0 1812.7015156617001 0 5.1362276e-10
50509016.0 0 1812.452321196706 0 0.00016009761
415963236.0 1 1810.2238987288656 1 1.0
445309724.0 0 1796.6398873518694 0 0.00076655764
433139697.0 0 1812.6409777161691 0 0.00062246155
312545949.0 1 1794.348034702284 1 1.0
385198417.0 0 1805.2034401662838 0 0.00014509076
331814268.0 0 1808.8471022787096 0 2.4586905e-06
67390198.0 1 1796.0992772391476 1 1.0
233129271.0 1 1797.0107329190498 1 1.0
250560249.0 1 1805.619653246761 1 1.0
427635111.0 1 1796.95102689793 1 0.99999994
354643717.0 0 1808.849039740141 0 4.4970475e-05
54128263.0 0 1812.7020345429169 0 2.8159062e-07
233151478.0 0 1805.2397836624975 0 1.8594272e-10
355824233.0 0 1808.848738815702 0 8.2389925e-05
395408858.0 0 1805.201516718597 0 1.6104435e-05
289355620.0 0 1796.8055699250233 0 2.6861766e-08
354314386.0 0 1805.2235721455656 0 2.4698883e-07
285176229.0 1 1795.9329073676397 1 1.0
68095368.0 0 1812.5577578000812 0 0.00020775985
353175462.0 1 1811.4935057701284 1 0.99999976
352684915.0 0 1808.9101637219549 0 0.0007854852
199709723.0 0 1808.8431432281911 0 7.350227e-05
272825522.0 0 1812.367884083404 0 9.888529e-09
201104965.0 1 1796.1200689206546 1 0.7482245
292052265.0 0 1805.2030644625675 0 3.0494908e-12
194673250.0 1 1794.4118840835574 1 0.99999976
159465927.0 0 1805.3032861894892 0 1.8017934e-09
378988247.0 0 1808.847382669833 0 0.00014379855
116497006.0 0 1808.8699235707943 0 7.6841914e-08
265099046.0 1 1795.5778602040753 1 1.0
219807827.0 1 1799.6769798720068 1 1.0
149926534.0 1 1795.578710652248 1 1.0
232649480.0 0 1805.1978792467178 0 3.8152335e-09
335952082.0 0 1808.8428906353015 0 0.001650014
363759314.0 0 1796.7851721745171 0 9.522776e-05
301647374.0 1 1805.8488607589572 1 1.0
422305222.0 0 1808.8454893901196 0 1.5631146e-06
12906712.0 1 1810.4104824296621 1 1.0
365947827.0 0 1809.2427577198548 0 5.768334e-13
396533243.0 1 1811.0974106335034 1 0.9999998
286314572.0 0 1796.6412840760518 0 0.0009431456
229976071.0 1 1799.386098892048 1 1.0
229510522.0 0 1805.1990026165008 0 2.6261833e-09
230050758.0 1 1797.7613194556598 1 1.0
354690272.0 1 1798.1396064355988 1 1.0
186600172.0 1 1798.3910917303635 1 1.0
240985115.0 0 1805.2025880920926 0 5.452999e-10
327088598.0 0 1805.2863900658217 0 8.796134e-08
271338810.0 0 1808.8678415057843 0 2.220144e-17
282877324.0 0 1793.4099148090197 0 1.10679365e-11
85400103.0 0 1808.9537030022357 0 0.00012177146
251786433.0 1 1797.494197953755 1 1.0
332477246.0 1 1797.7809430964999 1 1.0
428614032.0 0 1808.8471785316829 0 3.1729828e-06
237210806.0 1 1811.4286731983927 1 1.0
452883240.0 0 1812.701523326256 0 8.9662666e-05
301105242.0 0 1805.2030942805936 0 5.845747e-06
229398552.0 1 1798.2822587087405 1 1.0
367427051.0 0 1812.9711119165806 0 1.731949e-12
233011228.0 1 1796.1777030535436 1 1.0
403525927.0 0 1812.369202143935 0 5.1701904e-06
117265334.0 1 1795.4114520336884 1 1.0
63561453.0 1 1795.2036835363645 1 1.0
260030920.0 0 1805.223627780741 0 6.293881e-09
347949540.0 1 1811.4108475605208 1 1.0
320599604.0 1 1799.2438228043643 1 1.0
186966008.0 0 1812.6199113559333 0 0.0009303157
116754534.0 1 1794.6823263821475 1 1.0
301644721.0 0 1805.2031070584146 0 6.29066e-05
77222689.0 0 1796.6413525414725 0 0.0001926591
370065062.0 1 1797.1817352613173 1 0.99999744
416400914.0 0 1796.9068153004475 0 0.00029839485
117754740.0 1 1799.3072356367263 1 1.0
233089591.0 0 1812.3855227366919 0 2.3041174e-15
420025256.0 1 1811.555888556658 1 0.9999438
230136137.0 1 1797.6354401255576 1 0.99999833
327190106.0 1 1799.9322586605872 1 0.9999998
278849474.0 1 1794.4931741087773 1 1.0
264546812.0 0 1812.410817346891 0 4.2117867e-07
434626115.0 1 1810.367451843215 1 0.9999979
317836693.0 0 1812.3883079401696 0 0.0001021026
233738106.0 1 1810.739986342367 1 0.99999976
445349361.0 0 1805.5356012964796 0 0.00054185046
229439935.0 1 1798.0946596906545 1 0.9999997
34754039.0 1 1797.287322990774 1 1.0
312143908.0 0 1805.5146142515496 0 0.000118200194
320606769.0 0 1809.201837164036 0 0.00015345262
396388563.0 0 1797.8474500971674 0 0.0001781758
10963444.0 0 1808.9106758077132 0 4.2997603e-06
399787877.0 1 1797.6147171842713 1 0.9999894
420267425.0 0 1808.8667362733825 0 4.147328e-05
256747530.0 0 1808.844928820644 0 0.00020712888
230131062.0 0 1805.1984682835612 0 1.550267e-07
117324648.0 0 1805.2240921643793 0 4.0842642e-07
250711787.0 1 1799.036453520294 1 0.9999998
353878210.0 0 1797.9684450135992 0 0.000188633
250563009.0 0 1812.3694688626285 0 8.8930466e-07
83971277.0 0 1805.3264998948007 0 3.3126464e-09
219812409.0 0 1808.9269834288557 0 0.00100199
352511824.0 0 1796.8057633852777 0 3.0481113e-09
272627433.0 1 1797.0556398917247 1 1.0
427646714.0 1 1798.4932779109563 1 1.0
229583094.0 0 1812.3450599740627 0 4.5836603e-07
184608281.0 0 1809.0575274801936 0 0.0009299474
312056017.0 1 1794.306239419687 1 1.0
291887568.0 1 1797.1198450068773 1 0.9999995
233501129.0 0 1805.198832960036 0 5.36917e-08
407417249.0 1 1793.4531866734953 1 1.0
85400893.0 1 1794.9746958977842 1 0.9999981
452998092.0 0 1805.5562101707867 0 1.5429792e-07
256607524.0 1 1794.91076289939 1 1.0
377099523.0 1 1806.385530370658 1 1.0
354791642.0 1 1811.0991403490893 1 1.0
271155172.0 1 1811.326122855861 1 1.0
387412215.0 1 1798.9914137261464 1 1.0
289352450.0 1 1811.2640131642654 1 0.99999994
240983691.0 0 1812.348282806623 0 1.33677505e-08
271331502.0 1 1799.7220799912882 1 1.0
250703688.0 0 1793.1403186181897 0 1.7332444e-12
385508077.0 0 1812.68314526229 0 0.0010013612
368515911.0 0 1793.409877476888 0 7.505643e-12
422514153.0 0 1808.8456484992878 0 5.75574e-09
389693567.0 0 1812.4727225749111 0 0.00015033114
377202392.0 1 1799.6173556619183 1 1.0
275367941.0 0 1808.8470909648245 0 5.3499014e-07
327140909.0 0 1809.0777904626602 0 6.7527317e-06
352836311.0 1 1810.5975272105961 1 0.99999815
233524952.0 1 1797.3235326224976 1 0.9988409
264543810.0 1 1793.9501375324403 1 1.0
416098303.0 0 1796.6409509487355 0 0.0010180009
